run,agent_id,turn,date,high_risk_m,s,pnl_rate,stock_weight_after,buy_value_share
parent,A001,8,2026-03-05,1,0,-0.05895479742891341,0.9768215851373238,0.020308141063146025
parent,A001,9,2026-03-06,1,0,-0.08484642154637612,0.9863000254086928,0.01014711960297009
parent,A001,10,2026-03-06,1,0,-0.0737110316911358,0.9925400257761144,0.006089202612123402
parent,A001,11,2026-03-09,1,0,-0.1456756383907487,0.9939415338137706,0.0020284521098240214
parent,A001,12,2026-03-09,1,0,-0.14542157459957494,0.9959699859235945,0.0020284521098240214
parent,A001,47,2026-04-02,0,1,0.11848040257306769,0.6391707295647209,0.1879913910484473
parent,A003,11,2026-03-09,1,0,-0.08446485260496539,0.9305242065239966,0.06731451706769337
parent,A003,12,2026-03-09,1,0,-0.0788363368536632,0.9641814650578432,0.033657258533846685
parent,A003,32,2026-03-23,1,0,-0.06840193704600472,0.9809201970845826,0.016912417191113492
parent,A003,34,2026-03-24,1,0,-0.050280101164426716,0.9785082920938233,0.01902067954394041
parent,A003,39,2026-03-27,1,0,-0.07804607590574031,0.9314450658488184,0.06653179041777274
parent,A003,41,2026-03-30,1,0,-0.07781766653052835,0.9810092215291779,0.016148299942867126
parent,A003,43,2026-03-31,1,0,-0.08167472543948429,0.9933066994760319,0.0040378321116911866
parent,A003,44,2026-03-31,1,0,-0.09650011092976729,0.9952140632168642,0.0020186897834013474
parent,A003,90,2026-05-04,0,1,0.019736842105263053,0.46154887319813215,0.20979494236278734
parent,A004,11,2026-03-09,1,0,-0.11012831356740516,0.9908054508963139,0.007665806196489856
parent,A004,12,2026-03-09,1,0,-0.10936944593931763,0.9946383539945588,0.003832903098244928
parent,A004,19,2026-03-13,1,0,-0.050714970217403565,0.9023247794476853,0.09578819314731266
parent,A004,32,2026-03-23,1,0,-0.06783615623919803,0.972777449774942,0.02623673619724947
parent,A005,40,2026-03-27,1,0,-0.05051279985283019,0.9201748408325383,0.07872218220050232
parent,A005,41,2026-03-30,1,0,-0.09255984968493725,0.9425874566206602,0.026134587521829768
parent,A005,44,2026-03-31,1,0,-0.09894077620272401,0.9395431857997554,0.06044855055696956
parent,A006,9,2026-03-06,1,0,-0.07849574495633549,0.9274032794841572,0.06048282257505373
parent,A006,10,2026-03-06,1,0,-0.06330202882725999,0.9624565255614689,0.03430138560701252
parent,A006,11,2026-03-09,1,0,-0.13451342574058633,0.979518045751687,0.020113306894285154
parent,A006,12,2026-03-09,1,0,-0.13211625910542646,0.9895746991988296,0.010056653447142577
parent,A006,13,2026-03-10,1,0,-0.06032342127087409,0.9943765189353906,0.004025815866135185
parent,A006,32,2026-03-23,1,0,-0.06324169414026015,0.9244375075418141,0.07143380740095837
parent,A006,39,2026-03-27,1,0,-0.07806390460174284,0.9303384581554306,0.06701590588407762
parent,A007,9,2026-03-06,1,0,-0.07988058450741109,0.9644343995187667,0.034228360734486506
parent,A007,10,2026-03-06,1,0,-0.06685223815615238,0.9809311490007503,0.016113858710484603
parent,A007,11,2026-03-09,1,0,-0.13879314478254545,0.9894037984983113,0.010054916651405602
parent,A007,12,2026-03-09,1,0,-0.13757669719789445,0.9934257651588735,0.00402196666056224
parent,A007,41,2026-03-30,1,0,-0.09704798404323767,0.9252549876546929,0.07330714034951528
parent,A007,42,2026-03-30,1,0,-0.06184827845322749,0.9471960911523801,0.019857360401517404
parent,A007,44,2026-03-31,1,0,-0.10911731854200979,0.9619831775590295,0.037608395830497035
parent,A012,50,2026-04-03,0,1,0.010857763300760048,0.6971692408012158,0.1958340564048359
parent,A013,9,2026-03-06,1,0,-0.0913723707137255,0.9852931322915099,0.012265059738068589
parent,A013,10,2026-03-06,1,0,-0.08007284482329158,0.9915883860412618,0.00613353640850265
parent,A013,11,2026-03-09,1,0,-0.151506623398437,0.9949683120235322,0.004086112164367689
parent,A013,12,2026-03-09,1,0,-0.15097835891370115,0.9970113681057161,0.0020430560821838445
parent,A013,31,2026-03-23,1,0,-0.06279221776125721,0.9609979361920215,0.03502498172909418
parent,A013,32,2026-03-23,1,0,-0.08135269194998451,0.9798379427986448,0.019684244386579917
parent,A013,37,2026-03-26,1,0,-0.0835210647184138,0.9863763912469345,0.013122524052065649
parent,A013,38,2026-03-26,1,0,-0.10921043952729104,0.9925322223921651,0.006558582967349109
parent,A013,39,2026-03-27,1,0,-0.14816437272487404,0.9943732333019254,0.002185435677586649
parent,A013,40,2026-03-27,1,0,-0.11025726239460731,0.9967958777032501,0.0021859558721562503
parent,A014,7,2026-03-05,1,0,-0.05030130538118527,0.9501241160204495,0.04699538638380718
parent,A014,8,2026-03-05,1,0,-0.06453269158684205,0.9737815903228315,0.02449765007101463
parent,A014,50,2026-04-03,0,1,0.011328367473618872,0.7373523630042402,0.07562588338505029
parent,A015,32,2026-03-23,1,0,-0.06212711147595251,0.9200299767944584,0.0777757299970573
parent,A015,47,2026-04-02,0,1,0.015822784810126667,0.1843940975233827,0.18256841338948782
parent,A016,43,2026-03-31,1,0,-0.06139134929398771,0.9246096536926265,0.0725184042111864
parent,A017,90,2026-05-04,0,1,0.019736842105263053,0.4777060248489319,0.23885301242446594
parent,A018,19,2026-03-13,1,0,-0.052168268274653595,0.9245604020334945,0.0746915608629679
parent,A018,47,2026-04-02,0,1,0.09189863370939388,0.6077237076405111,0.2025745692135037
parent,A019,14,2026-03-10,0,1,0.07700219849246226,0.4789126105759169,0.1946799229983402
parent,A019,26,2026-03-18,0,1,0.06303592120509838,0.46841301222142345,0.21291500555519247
parent,A019,46,2026-04-01,0,1,0.05921787709497206,0.39675647397331937,0.19837823698665968
parent,A019,47,2026-04-02,0,1,0.04503526858383067,0.6007798284377437,0.20025994281258122
parent,A022,50,2026-04-03,0,1,0.006123919308357317,0.7469137659576601,0.18672844148941503
parent,A023,12,2026-03-09,1,0,-0.11072426475001074,0.921650895405476,0.07810600808520983
parent,A023,41,2026-03-30,1,0,-0.08973868373680949,0.9480167851932997,0.049395664158368324
parent,A023,42,2026-03-30,1,0,-0.057117209557476234,0.9742370964225505,0.02473648877635382
parent,A023,43,2026-03-31,1,0,-0.08949023636509135,0.9866147807709081,0.013306943093249242
parent,A023,44,2026-03-31,1,0,-0.1034046795386544,0.9920953738499417,0.005701697550861734
parent,A025,32,2026-03-23,1,0,-0.06679236932057764,0.9740569067375758,0.02566784330872124
parent,A025,41,2026-03-30,1,0,-0.08397079243844274,0.9000307413392189,0.07188743940409097
parent,A025,43,2026-03-31,1,0,-0.0808733370772402,0.9747087379051822,0.025190921784516433
parent,A025,44,2026-03-31,1,0,-0.09411847821783759,0.9870660740786638,0.012769987474414199
parent,A026,32,2026-03-23,1,0,-0.06622266536305821,0.9585214102720507,0.037550323289008175
parent,A026,39,2026-03-27,1,0,-0.078055895089854,0.931606089975268,0.06694175496828272
parent,A026,41,2026-03-30,1,0,-0.07781585884371456,0.9810991681282395,0.016755014256459498
parent,A026,43,2026-03-31,1,0,-0.0816569443907521,0.9942946893185062,0.005585925220890484
parent,A027,8,2026-03-05,1,0,-0.05781297156521137,0.9709589574424417,0.02635170448173641
parent,A027,26,2026-03-18,0,1,0.12318506970792842,0.693223573212103,0.07945255853433847
parent,A027,50,2026-04-03,0,1,0.0013286093888396078,0.7526446094980869,0.171055593067747
parent,A028,14,2026-03-10,0,1,0.0015991471215350828,0.3815914128731762,0.1907957064365881
parent,A028,50,2026-04-03,0,1,0.02988608729041342,0.6193404571302971,0.18109370091529153
parent,A029,9,2026-03-06,1,0,-0.064090745809533,0.988548096721454,0.007892599574622388
parent,A029,26,2026-03-18,0,1,0.10753394383047743,0.9479805434839145,0.05048417095476468
parent,A029,50,2026-04-03,0,1,0.010857763300760048,0.4259325328651646,0.17528087772228995
parent,A030,7,2026-03-05,1,0,-0.06634312119508079,0.9886872697555612,0.008343352487388702
parent,A030,11,2026-03-09,1,0,-0.15849361225034797,0.939810556030816,0.06003195181694639
parent,A030,12,2026-03-09,1,0,-0.14988703345793553,0.9687914982872728,0.02898094225645688
parent,A030,13,2026-03-10,1,0,-0.07665997093613375,0.9835188718374118,0.012449605972625467
parent,A030,17,2026-03-12,1,0,-0.08068974638876836,0.9678401737936734,0.02901448058482104
parent,A030,18,2026-03-12,1,0,-0.0720404184150798,0.9825660351547633,0.01451046887359355
parent,A030,19,2026-03-13,1,0,-0.11010847226568765,0.9901001492514986,0.00828535689750208
parent,A030,20,2026-03-13,1,0,-0.09196835662930658,0.9944306015469673,0.004143460839779031
parent,A030,21,2026-03-16,1,0,-0.08617493604799897,0.9965354040850134,0.0020717991768919196
parent,A030,38,2026-03-26,1,0,-0.06775700551005981,0.928574162507064,0.06893345311187811
parent,A030,39,2026-03-27,1,0,-0.1046634827846582,0.9618747255379456,0.03637341399093072
parent,A030,40,2026-03-27,1,0,-0.061410279897154973,0.9816442565231202,0.01821607898702697
parent,A030,41,2026-03-30,1,0,-0.10583221579035729,0.9888168467457461,0.008088481363973384
parent,A030,42,2026-03-30,1,0,-0.0773194760521605,0.9931949919914086,0.004045600782042398
parent,A030,43,2026-03-31,1,0,-0.11001074387095355,0.9949668760728548,0.0020222903985220625
parent,A030,44,2026-03-31,1,0,-0.12447362355641112,0.9969051405627347,0.0020221199605734985
parent,A030,47,2026-04-02,0,1,0.015822784810126667,0.6110385541115155,0.10795734171581547
parent,A031,46,2026-04-01,0,1,0.09388822647024897,0.892348921938849,0.10498222611045283
parent,A033,50,2026-04-03,0,1,0.010857763300760048,0.4337789993706056,0.18226008376916203
parent,A034,8,2026-03-05,1,0,-0.051733380609268576,0.9711201965138972,0.026192038495188103
parent,A034,10,2026-03-06,1,0,-0.06725920685712417,0.9748602813850498,0.024170089621116934
parent,A034,11,2026-03-09,1,0,-0.13867776659673736,0.9848476072425657,0.012059358456031417
parent,A034,12,2026-03-09,1,0,-0.13721267166112106,0.9908772864705814,0.006029679228015708
parent,A034,13,2026-03-10,1,0,-0.0663160671997346,0.995579704162883,0.004022544259243972
parent,A034,16,2026-03-11,1,0,-0.05411784024005439,0.9956258098391755,0.0040227305448047495
parent,A034,17,2026-03-12,1,0,-0.07084098457601773,0.9975576685542821,0.0020112049769239557
parent,A034,20,2026-03-13,1,0,-0.07502630336047844,0.9468173812328143,0.051935130616145936
parent,A034,21,2026-03-16,1,0,-0.06563625231523851,0.9730933258285888,0.025975797198709762
parent,A034,32,2026-03-23,1,0,-0.06441153826797497,0.9497349102773246,0.04988506599436453
parent,A034,50,2026-04-03,0,1,-0.005006749347062356,0.9355252090166479,0.06306911521460548
parent,A034,61,2026-04-13,1,0,-0.05035258449169622,0.9530446870519806,0.017616352810572656
parent,A035,12,2026-03-09,1,0,-0.06105099997950991,0.9310876994937936,0.0655424053473892
parent,A035,26,2026-03-18,0,1,0.03990024937655856,0.4600150731791131,0.2035464925571297
parent,A035,31,2026-03-23,1,0,-0.05113910950222944,0.9326241910434329,0.06548212405198571
parent,A035,32,2026-03-23,1,0,-0.06871498813571753,0.9648917943662242,0.03368205442346162
parent,A035,43,2026-03-31,1,0,-0.053722819718776904,0.9550510988514064,0.04341141358415483
parent,A035,44,2026-03-31,1,0,-0.06703029955618856,0.9760221217844013,0.021689380484097805
parent,A036,14,2026-03-10,0,1,0.04070894489061194,0.3201298037509997,0.2824674738979409
parent,A038,47,2026-04-02,0,1,0.11931342073253148,0.520784645776051,0.16532845897652412
parent,A038,50,2026-04-03,0,1,0.042302005284727384,0.8309217935920623,0.05631731753625519
parent,A040,14,2026-03-10,0,1,0.06672594134950649,0.7279082540451588,0.09025277543417062
parent,A041,43,2026-03-31,1,0,-0.06346618696947548,0.94843652036349,0.049531501063470464
parent,A041,44,2026-03-31,1,0,-0.07582829956700698,0.9732790912588919,0.025660842330742912
parent,A044,11,2026-03-09,1,0,-0.09137337259291178,0.9688018527671154,0.030935261653778606
parent,A044,12,2026-03-09,1,0,-0.08871452811830827,0.9842694835940047,0.015467630826889303
parent,A045,46,2026-04-01,0,1,0.05921787709497206,0.6131016540843514,0.09920738739228988
parent,A046,31,2026-03-23,1,0,-0.050469081648548686,0.9276430526330323,0.07223289110642317
parent,A046,32,2026-03-23,1,0,-0.06773994964578611,0.9629738012294802,0.03684148852892598
parent,A047,7,2026-03-05,1,0,-0.05529946822105003,0.985178459883123,0.012366256818616608
parent,A047,8,2026-03-05,1,0,-0.07112640558552574,0.9911009161485841,0.006181502595521314
parent,A047,9,2026-03-06,1,0,-0.09738990143436943,0.9949602398009334,0.004119918177229538
parent,A047,10,2026-03-06,1,0,-0.0868363659742809,0.9970762698413567,0.0020600749376887537
parent,A047,90,2026-05-04,0,1,0.019736842105263053,0.7165437398504454,0.2119951893048655
parent,A048,14,2026-03-10,0,1,0.0015991471215350828,0.4311954981741265,0.18747630355396802
parent,A049,26,2026-03-18,0,1,0.06352911096963143,0.8788118614863489,0.11880932891339052
parent,A049,50,2026-04-03,0,1,0.010857763300760048,0.748943902812516,0.24711347047113472
parent,A049,90,2026-05-04,0,1,0.019736842105263053,0.6485801905477457,0.32429009527387287
parent,A050,50,2026-04-03,0,1,0.006123919308357317,0.7208225584168229,0.18020563960420571
parent,A051,7,2026-03-05,1,0,-0.06371776824910436,0.9808477933521683,0.019114170088625183
parent,A051,8,2026-03-05,1,0,-0.07889896410913655,0.9900683920650766,0.009553838060623772
parent,A051,19,2026-03-13,1,0,-0.07768235252908606,0.99396295376638,0.0057644910326136375
parent,A051,20,2026-03-13,1,0,-0.05932460610788004,0.9969599972531921,0.0028825774393937812
parent,A051,21,2026-03-16,1,0,-0.053523331635835225,0.9984193721993101,0.0014413148289121821
parent,A051,32,2026-03-23,1,0,-0.0632833569551654,0.9283244013252987,0.07128351537096292
parent,A051,37,2026-03-26,1,0,-0.061309892072172745,0.9974797326517576,0.0022585996416569234
parent,A051,38,2026-03-26,1,0,-0.08850910469105477,0.9986362331078096,0.0012318703533402257
parent,A053,41,2026-03-30,1,0,-0.09215238225162847,0.9334854438117404,0.06335030956007819
parent,A053,42,2026-03-30,1,0,-0.0581240602706421,0.9670943877361917,0.03173861890253911
parent,A053,43,2026-03-31,1,0,-0.0900457870442608,0.9826988404833751,0.016782333139184775
parent,A053,44,2026-03-31,1,0,-0.10365488316357097,0.9898708576155876,0.007456654294656027
parent,A054,26,2026-03-18,0,1,0.05867418899858956,0.7802108103415415,0.21845902689563163
parent,A054,47,2026-04-02,0,1,0.015822784810126667,0.5029750215187652,0.20119000860750608
parent,A054,50,2026-04-03,0,1,0.010857763300760048,0.12117084090741471,0.10097570075617893
parent,A054,90,2026-05-04,0,1,0.03678929765886285,0.2746200842758839,0.22885007022990328
parent,A056,7,2026-03-05,1,0,-0.05806717763229219,0.9720868353120108,0.0247665435748283
parent,A056,44,2026-03-31,1,0,-0.05276415402223822,0.9452629846077867,0.05251461025598815
parent,A059,46,2026-04-01,0,1,0.0958711331138642,0.6708122480487178,0.20327643880264173
parent,A059,47,2026-04-02,0,1,0.08178305788640583,0.755999236171522,0.08172964715367805
parent,A060,41,2026-03-30,1,0,-0.06437716335533306,0.9477562487908053,0.051143676157345316
parent,A060,43,2026-03-31,1,0,-0.06586822017890936,0.9850882176977231,0.012793353476593806
parent,A060,44,2026-03-31,1,0,-0.08046732292814274,0.9912373637890083,0.006395079766380698
parent,A061,47,2026-04-02,0,1,0.015822784810126667,0.611510888223217,0.10804079297229982
parent,A061,50,2026-04-03,0,1,0.010857763300760048,0.24058429964855568,0.21871299968050517
parent,A062,32,2026-03-23,1,0,-0.06795346458238216,0.9745776873614996,0.023204230651464278
parent,A062,36,2026-03-25,1,0,-0.05241399530883506,0.9946461975101594,0.0038702186673547057
parent,A062,38,2026-03-26,1,0,-0.09685157706987102,0.9943254382130124,0.0019344852883521643
parent,A062,39,2026-03-27,1,0,-0.13680657028404952,0.9959971996129802,0.0019339751448795733
parent,A063,12,2026-03-09,1,0,-0.08463329107221784,0.927453299513108,0.07216716076706743
parent,A063,44,2026-03-31,1,0,-0.06140678655689724,0.9327200324028216,0.06722783434458476
parent,A063,50,2026-04-03,0,1,-0.010727116328492659,0.8689690716783794,0.13076719039820273
parent,A064,10,2026-03-06,1,0,-0.07293356871634393,0.9054607175126195,0.09445818096281187
parent,A064,11,2026-03-09,1,0,-0.1387927691912979,0.9384834973533874,0.040217848611672914
parent,A064,41,2026-03-30,1,0,-0.08540582276478781,0.9675373091555021,0.032386186080518894
parent,A064,42,2026-03-30,1,0,-0.054355369088394445,0.984051543147934,0.015569085966579795
parent,A064,43,2026-03-31,1,0,-0.0873626995019694,0.9915699502296682,0.008099668553036843
parent,A064,44,2026-03-31,1,0,-0.10175336160675308,0.9956923687179421,0.00426238171540215
parent,A066,44,2026-03-31,1,0,-0.053446375564955684,0.9683749106781614,0.03147894144053127
parent,A070,32,2026-03-23,1,0,-0.06314154947045103,0.9015987841000086,0.09776372357710936
parent,A070,39,2026-03-27,1,0,-0.09691516084452978,0.9393035442770374,0.05947173278476587
parent,A070,41,2026-03-30,1,0,-0.09714730301423724,0.9381024233316545,0.017469318870235652
parent,A070,42,2026-03-30,1,0,-0.06747714589092002,0.9696044950958981,0.029753206528213477
parent,A070,43,2026-03-31,1,0,-0.09893467992944083,0.9842475149575594,0.015733974484223864
parent,A070,44,2026-03-31,1,0,-0.11237192844946708,0.9909789746345073,0.0069910333307549016
parent,A071,41,2026-03-30,1,0,-0.07175483890679668,0.9699826217892853,0.029981281037123365
parent,A071,43,2026-03-31,1,0,-0.07458985287676134,0.9914892159721711,0.00705686274713289
parent,A071,44,2026-03-31,1,0,-0.0893484478014922,0.9948758525739425,0.0035279285552267466
parent,A073,26,2026-03-18,0,1,0.07529654461062396,0.4184553878389037,0.20922769391945184
parent,A073,46,2026-04-01,0,1,0.05921787709497206,0.3840256665255602,0.1920128332627801
parent,A073,47,2026-04-02,0,1,0.04503526858383067,0.48468242480124496,0.096936484960249
parent,A074,8,2026-03-05,1,0,-0.06092595385311406,0.9605995081828204,0.03655558382091071
parent,A077,7,2026-03-05,1,0,-0.06250551000617122,0.9206030681488131,0.07826155836611834
parent,A077,8,2026-03-05,1,0,-0.07393074365420482,0.9583835590853421,0.03907572451206331
parent,A077,9,2026-03-06,1,0,-0.09779459421220116,0.9777471669332238,0.02054090686834504
parent,A077,10,2026-03-06,1,0,-0.08573551369153498,0.9882630107435318,0.010273004269683283
parent,A077,11,2026-03-09,1,0,-0.1563954070208815,0.9934389070681402,0.006157679176042191
parent,A077,12,2026-03-09,1,0,-0.15557682909415627,0.9954914667934877,0.0020525597253473974
parent,A077,16,2026-03-11,1,0,-0.07497472869104149,0.9938441320399094,0.004106793934049212
parent,A077,17,2026-03-12,1,0,-0.09124626883869835,0.9957858368909819,0.0020531666740020247
parent,A077,18,2026-03-12,1,0,-0.08474299373540184,0.9978680974053292,0.0020532265378710476
parent,A077,50,2026-04-03,0,1,0.05100748080652129,0.667184580567635,0.0966934174735703
parent,A079,26,2026-03-18,0,1,0.059547612126107596,0.7317140746213521,0.2675519608033753
parent,A079,50,2026-04-03,0,1,0.010857763300760048,0.5006023317736473,0.49867693818990255
parent,A080,46,2026-04-01,0,1,0.09371061536108227,0.9179599959058319,0.082021342830597
parent,A082,7,2026-03-05,1,0,-0.05849649131998491,0.9842459151461682,0.012406461115287835
parent,A082,8,2026-03-05,1,0,-0.07422983262328409,0.9901723321318023,0.0062014968609507455
parent,A082,9,2026-03-06,1,0,-0.10038641989885866,0.9940179539114831,0.004133130785494732
parent,A082,12,2026-03-09,1,0,-0.16094501077303436,0.9934124458824216,0.006195919620888284
parent,A082,16,2026-03-11,1,0,-0.08022687379597992,0.9732463295269168,0.02272974442631865
parent,A082,17,2026-03-12,1,0,-0.09499028798088327,0.9851641309328534,0.01239200164695413
parent,A082,18,2026-03-12,1,0,-0.0875951062939947,0.9914618984331973,0.006196636865207483
parent,A082,19,2026-03-13,1,0,-0.12547715488302258,0.9952200530646377,0.004129543788649949
parent,A082,22,2026-03-16,1,0,-0.08273097266165197,0.9955407570861902,0.0041308745107310795
parent,A082,24,2026-03-17,1,0,-0.05713014846505038,0.9956163385401076,0.002065594063361219
parent,A082,37,2026-03-26,1,0,-0.055408043547572894,0.9827970238895024,0.014184699313869108
parent,A082,38,2026-03-26,1,0,-0.0821716083728925,0.9903917196055477,0.008101363759554583
parent,A082,41,2026-03-30,1,0,-0.12796101834927676,0.9807527204698058,0.016177364461357622
parent,A082,42,2026-03-30,1,0,-0.09903123730766361,0.9894138966707255,0.008093365207940496
parent,A082,43,2026-03-31,1,0,-0.13052260582133401,0.993070989049688,0.004045095678410135
parent,A082,44,2026-03-31,1,0,-0.1443885152945379,0.9949780835437894,0.0020223131779345312
parent,A082,48,2026-04-02,1,0,-0.08675441160576847,0.9975025915432896,0.002023331828688214
parent,A082,61,2026-04-13,1,0,-0.05197489681687106,0.9689851039486786,0.026730623557204927
parent,A083,44,2026-03-31,1,0,-0.05705061008847323,0.9565976923499794,0.04085114700426958
parent,A085,50,2026-04-03,0,1,-0.004011767852366899,0.8323394729172292,0.16646789458344582
parent,A087,12,2026-03-09,1,0,-0.0630859462891944,0.9018833718542449,0.09689656061243954
parent,A088,14,2026-03-10,0,1,0.0015991471215350828,0.21901832234656585,0.1991075657696053
parent,A089,47,2026-04-02,0,1,0.015822784810126667,0.34440815192888274,0.09159791274704328
parent,A090,14,2026-03-10,0,1,0.06672492693720322,0.7159209478138405,0.07602027584962469
parent,A090,50,2026-04-03,0,1,0.07093483709777226,0.9326289870799468,0.054946719584443054
parent,A091,14,2026-03-10,0,1,0.04890030144021429,0.6499291664669558,0.18569404756198737
parent,A091,50,2026-04-03,0,1,0.027724705982252962,0.7333079526561309,0.2663472186600642
parent,A091,90,2026-05-04,0,1,0.022961437489208425,0.38567439896990446,0.20602264902238487
parent,A092,32,2026-03-23,1,0,-0.0762082622275172,0.9386385935138288,0.06080249998470146
parent,A092,47,2026-04-02,0,1,0.015822784810126667,0.37653517260794594,0.18826758630397297
parent,A093,12,2026-03-09,1,0,-0.06669762745742625,0.9005618614216343,0.09931463872676476
parent,A093,50,2026-04-03,0,1,0.07020565601174433,0.3565919012616652,0.2363622854142721
parent,A094,14,2026-03-10,0,1,0.02652951462301001,0.6580626230501287,0.17785476298652128
parent,A094,46,2026-04-01,0,1,0.05921787709497206,0.7558628380262058,0.24314468915528298
parent,A094,50,2026-04-03,0,1,0.017742571205953128,0.7871452593601064,0.2103728978245273
parent,A095,7,2026-03-05,1,0,-0.0594375049165532,0.9806105820644702,0.016550389570708358
parent,A095,8,2026-03-05,1,0,-0.07490903757064105,0.9885456468708849,0.008272348509379789
parent,A095,26,2026-03-18,0,1,0.03990024937655856,0.6142030510257759,0.10445630119485985
parent,A095,39,2026-03-27,1,0,-0.10488484617267035,0.9073123881847449,0.08875882058329027
parent,A095,46,2026-04-01,0,1,0.05921787709497206,0.6040923466655637,0.3921301197653659
parent,A095,90,2026-05-04,0,1,0.03356912857179073,0.8141429020022642,0.18252171254328048
parent,A096,11,2026-03-09,1,0,-0.08480965430288057,0.907617280933911,0.09155788360298225
parent,A096,12,2026-03-09,1,0,-0.07691230690250617,0.9533962227354021,0.04577894180149113
parent,A096,39,2026-03-27,1,0,-0.0887794004161433,0.9633258415443909,0.03309134570190656
parent,A096,41,2026-03-30,1,0,-0.09113372185828117,0.9896631737251624,0.009197613138709688
parent,A096,42,2026-03-30,1,0,-0.06216987043873645,0.9936509957697659,0.003680188873221355
parent,A096,43,2026-03-31,1,0,-0.09547452696645797,0.9952569195624202,0.0018396615888399636
parent,A096,44,2026-03-31,1,0,-0.1102155663206702,0.9970173884821247,0.0018395154769042892
parent,A097,47,2026-04-02,0,1,0.12405602195742937,0.7787770116408692,0.07358965269893282
parent,A098,14,2026-03-10,0,1,0.0015991471215350828,0.4862156944940407,0.19448627779761626
parent,A098,47,2026-04-02,0,1,0.015822784810126667,0.4391019080040708,0.1868518757464131
parent,A098,50,2026-04-03,0,1,0.010857763300760048,0.6257462906103254,0.12440653255457507
parent,A098,90,2026-05-04,0,1,0.03678929765886285,0.6390686730827023,0.21302289102756744
parent,A100,32,2026-03-23,1,0,-0.06637871081232183,0.9694458136670399,0.029829101958985842
advisor_off,A001,170,2026-07-02,1,0,-0.11685760092016062,0.9266515205324174,0.07235116977129986
advisor_off,A001,171,2026-07-03,1,0,-0.10093473807057496,0.9634394695441516,0.03619859278634095
advisor_off,A001,178,2026-07-08,1,0,-0.09641443596089228,0.9292410127617323,0.06753205034605612
advisor_off,A001,179,2026-07-09,1,0,-0.053967912513868455,0.9642578840141579,0.03250307474205027
advisor_off,A001,180,2026-07-09,1,0,-0.086737534572088,0.9791875456093408,0.01622962782777913
advisor_off,A003,132,2026-06-05,1,0,-0.051338306274681944,0.9174174174174174,0.07787097442269857
advisor_off,A003,133,2026-06-08,1,0,-0.1514455485095122,0.9539736569483499,0.04577146333843093
advisor_off,A003,134,2026-06-08,1,0,-0.13794132272501236,0.9760349383440986,0.021689665296535526
advisor_off,A003,135,2026-06-09,1,0,-0.09285992976980095,0.9867809181366426,0.009650669126030735
advisor_off,A003,136,2026-06-09,1,0,-0.05688832872631444,0.9920949949961206,0.004827712871027351
advisor_off,A003,138,2026-06-10,1,0,-0.11375689662546518,0.9939349472248695,0.004824926928276066
advisor_off,A003,139,2026-06-11,1,0,-0.1484434029998486,0.9960978525735492,0.002411859207199877
advisor_off,A003,168,2026-07-01,1,0,-0.05790924319819102,0.9666545635708074,0.029212088459557365
advisor_off,A003,169,2026-07-02,1,0,-0.12977656612246824,0.9798281419791981,0.015889105005068075
advisor_off,A003,170,2026-07-02,1,0,-0.13996972728438883,0.9874940988068018,0.007942311786649881
advisor_off,A003,171,2026-07-03,1,0,-0.1314742269367264,0.992896573560386,0.005295448392322059
advisor_off,A003,172,2026-07-03,1,0,-0.06760018511806831,0.996024358826223,0.002649000954325061
advisor_off,A003,177,2026-07-08,1,0,-0.08344097868622014,0.9304282608404502,0.0688262001169648
advisor_off,A003,178,2026-07-08,1,0,-0.1035909463017457,0.9641820873766381,0.035616224863516975
advisor_off,A003,179,2026-07-09,1,0,-0.06447776518149351,0.9807856174695471,0.015284970661863071
advisor_off,A004,165,2026-06-30,1,0,-0.058370614926991804,0.9479243806782419,0.049242824970298284
advisor_off,A004,169,2026-07-02,1,0,-0.14132367662279555,0.9221084693577533,0.07664278186869639
advisor_off,A004,170,2026-07-02,1,0,-0.1431020358627384,0.9593847142240499,0.038279689345598
advisor_off,A004,171,2026-07-03,1,0,-0.13064783604410424,0.9788690740370505,0.01914658335524793
advisor_off,A004,182,2026-07-10,1,0,-0.050068014223325186,0.939674790606321,0.04485321196211556
advisor_off,A006,132,2026-06-05,1,0,-0.05301520666719817,0.9325389273251318,0.06660992338036656
advisor_off,A006,157,2026-06-24,1,0,-0.0878059408816908,0.9001699220582461,0.08183362927802237
advisor_off,A007,133,2026-06-08,1,0,-0.16083935913795555,0.9305565433075392,0.06565276225789388
advisor_off,A007,134,2026-06-08,1,0,-0.14396537935201814,0.9653773253908957,0.03427375119730991
advisor_off,A007,135,2026-06-09,1,0,-0.09734665747760174,0.981247133453486,0.014303894073665977
advisor_off,A007,156,2026-06-23,1,0,-0.1326695677929416,0.937195771940708,0.057320842320532604
advisor_off,A007,165,2026-06-30,1,0,-0.050647642177696905,0.9156451080533363,0.08324046436848512
advisor_off,A007,170,2026-07-02,1,0,-0.13224414686049202,0.9301566989097569,0.06624261357220822
advisor_off,A007,171,2026-07-03,1,0,-0.11633654296491469,0.963861361495516,0.033141364865175334
advisor_off,A008,138,2026-06-10,1,0,-0.09341212621459416,0.9440112603572216,0.05567712055549333
advisor_off,A008,165,2026-06-30,1,0,-0.06593813947654625,0.920598822157865,0.07921071704104948
advisor_off,A008,168,2026-07-01,1,0,-0.0867430512596713,0.9319740318379152,0.06774260583843876
advisor_off,A008,169,2026-07-02,1,0,-0.15254376812844916,0.96313279848341,0.03648423581010004
advisor_off,A009,173,2026-07-06,0,1,0.03392568659127626,0.62346588119784,0.36818851251840945
advisor_off,A011,167,2026-07-01,0,1,0.022241086587436287,0.4537368616872849,0.16204887917403032
advisor_off,A012,114,2026-05-21,0,1,0.029209621993127044,0.6259786795214889,0.37057937827672144
advisor_off,A013,131,2026-06-05,1,0,-0.06279145428912258,0.9300782960445381,0.06664112401565225
advisor_off,A013,132,2026-06-05,1,0,-0.0712589700295484,0.9639257028377461,0.034736061363522384
advisor_off,A013,133,2026-06-08,1,0,-0.17075471698113198,0.9769635021850297,0.017291389419204065
advisor_off,A013,134,2026-06-08,1,0,-0.16114404863588405,0.9858013238831564,0.008647380034062777
advisor_off,A013,135,2026-06-09,1,0,-0.11873620687505448,0.99222521204813,0.005768751232837965
advisor_off,A013,138,2026-06-10,1,0,-0.1394630533928194,0.991769249244212,0.005766100286303558
advisor_off,A013,139,2026-06-11,1,0,-0.17292944120145037,0.9943142359388704,0.002882070249098175
advisor_off,A013,156,2026-06-23,1,0,-0.11908940055030404,0.947407184225503,0.050215928492517825
advisor_off,A013,157,2026-06-24,1,0,-0.10205483950829364,0.9714921569024912,0.023449810683853236
advisor_off,A013,163,2026-06-29,1,0,-0.050897190955981775,0.993569624206851,0.003356654135833956
advisor_off,A013,170,2026-07-02,1,0,-0.11079563786539337,0.9257905256891138,0.06797762601213773
advisor_off,A013,171,2026-07-03,1,0,-0.09566580264030378,0.9587773780813674,0.032391127637884036
advisor_off,A013,176,2026-07-07,1,0,-0.06766713466012564,0.9812466015551065,0.016192188144473704
advisor_off,A013,177,2026-07-08,1,0,-0.09973449928544964,0.9902789144485529,0.009708616808319146
advisor_off,A013,178,2026-07-08,1,0,-0.12410441181673926,0.9932367679188925,0.0032352989183025813
advisor_off,A013,179,2026-07-09,1,0,-0.08901596204537787,0.9967290935685634,0.003236133420677154
advisor_off,A015,171,2026-07-03,1,0,-0.07833562359787138,0.9190415358252775,0.07950995475333189
advisor_off,A017,151,2026-06-19,0,1,0.02758620689655178,0.7493863614784482,0.24512637992285688
advisor_off,A017,159,2026-06-25,0,1,0.09854851031321621,0.24708097854475047,0.17648641324625033
advisor_off,A018,173,2026-07-06,0,1,0.03392568659127626,0.6272652964903783,0.3714872144263406
advisor_off,A019,93,2026-05-07,0,1,0.022556390977443552,0.6282133406503816,0.12349493021332289
advisor_off,A019,159,2026-06-25,0,1,0.13695862250724766,0.6859253648331122,0.06859253648331122
advisor_off,A022,93,2026-05-07,0,1,0.022556390977443552,0.6182200879078118,0.37766752451955815
advisor_off,A022,136,2026-06-09,0,1,-0.00011943150603133112,0.8334585775595745,0.13442880283218944
advisor_off,A023,134,2026-06-08,1,0,-0.1394444711422943,0.9124572215541216,0.029151987909077366
advisor_off,A023,135,2026-06-09,1,0,-0.09317757009345795,0.9571894492926599,0.040980588043110826
advisor_off,A023,138,2026-06-10,1,0,-0.11157266031974133,0.9448449985684166,0.04957520054217001
advisor_off,A023,139,2026-06-11,1,0,-0.1417920054184011,0.9688832400371382,0.02618603351451725
advisor_off,A023,140,2026-06-11,1,0,-0.11328283609972545,0.9843017400739039,0.014560676628312189
advisor_off,A023,171,2026-07-03,1,0,-0.10024923435818611,0.9481673064110785,0.04895429027665894
advisor_off,A023,176,2026-07-07,1,0,-0.07046242891903876,0.9707003200235211,0.02574801909876714
advisor_off,A023,177,2026-07-08,1,0,-0.10175704707863908,0.9747995077557301,0.005144060726943167
advisor_off,A023,178,2026-07-08,1,0,-0.1264576553080241,0.9869426450729741,0.01285081569105435
advisor_off,A023,179,2026-07-09,1,0,-0.09033290822717066,0.9925771299305309,0.00514288668357788
advisor_off,A023,180,2026-07-09,1,0,-0.1230299135602334,0.9948696514174113,0.002570722613481683
advisor_off,A024,131,2026-06-05,1,0,-0.0628352650519971,0.9114810388000639,0.04814160416197521
advisor_off,A024,132,2026-06-05,1,0,-0.07240218804912191,0.952051070695733,0.04167226908769202
advisor_off,A025,139,2026-06-11,1,0,-0.07763530329133161,0.9562354654954958,0.04358632154702184
advisor_off,A025,171,2026-07-03,1,0,-0.11509765054418042,0.9338261921660347,0.06611551562496515
advisor_off,A027,132,2026-06-05,1,0,-0.05398992437436445,0.9326351431158707,0.06358875975790028
advisor_off,A027,137,2026-06-10,1,0,-0.07707324001924909,0.9604291449507986,0.03557144981299254
advisor_off,A027,138,2026-06-10,1,0,-0.09972804206318375,0.9783127907158854,0.018950368827426352
advisor_off,A027,139,2026-06-11,1,0,-0.13376794173579643,0.9869038502272987,0.009466703599302625
advisor_off,A027,140,2026-06-11,1,0,-0.10727658693670217,0.9920065246396206,0.0047351146760841074
advisor_off,A027,168,2026-07-01,1,0,-0.05802333581192365,0.9635535541710362,0.03448961267726304
advisor_off,A027,169,2026-07-02,1,0,-0.12959692743619522,0.9799366420274551,0.019340854776857666
advisor_off,A027,170,2026-07-02,1,0,-0.1394012181521832,0.98825526672601,0.008593524058487043
advisor_off,A027,171,2026-07-03,1,0,-0.13082490093984345,0.9926530551449094,0.0042971993729216855
advisor_off,A027,172,2026-07-03,1,0,-0.06702900914773391,0.995297811085914,0.002149671298241715
advisor_off,A027,180,2026-07-09,1,0,-0.055446762081110657,0.9722465089555594,0.023810118586666762
advisor_off,A028,92,2026-05-06,0,1,0.04724409448818889,0.47884659177337957,0.23942329588668979
advisor_off,A028,93,2026-05-07,0,1,0.04615384615384621,0.6055193084969497,0.12110386169938994
advisor_off,A028,98,2026-05-11,0,1,0.0035149384885764245,0.625348316115146,0.12607828953934394
advisor_off,A029,124,2026-05-29,0,1,0.040481400437636594,0.8317139798493967,0.16456372863330307
advisor_off,A029,167,2026-07-01,0,1,-0.001957226039987159,0.9283669973894422,0.06973648806681255
advisor_off,A029,168,2026-07-01,1,0,-0.06149295362062279,0.9610366408433071,0.03687950991949485
advisor_off,A029,169,2026-07-02,1,0,-0.13255702536612546,0.9773439329071434,0.01946038804461126
advisor_off,A029,170,2026-07-02,1,0,-0.14225782294521494,0.987842243932081,0.010807902012386007
advisor_off,A029,171,2026-07-03,1,0,-0.13341129083096148,0.9922699435232303,0.004323616311648062
advisor_off,A029,175,2026-07-07,1,0,-0.07715169641610875,0.9949828122038636,0.00216300611348666
advisor_off,A029,176,2026-07-07,1,0,-0.11006866203303378,0.9969599355895029,0.002162602897157273
advisor_off,A030,98,2026-05-11,0,1,0.05494511118503542,0.8284420039001278,0.17122813454470726
advisor_off,A030,157,2026-06-24,1,0,-0.08947804473902232,0.9302959108996759,0.06765788442906734
advisor_off,A030,170,2026-07-02,1,0,-0.10637925926341962,0.9145652144539678,0.08372780132325057
advisor_off,A030,171,2026-07-03,1,0,-0.08970255120804149,0.9560634900776275,0.04082068834039308
advisor_off,A030,176,2026-07-07,1,0,-0.062170406245965815,0.9956650071279107,0.002155119063047426
advisor_off,A030,177,2026-07-08,1,0,-0.09531626861719256,0.9976610685271449,0.0021547755259765547
advisor_off,A031,132,2026-06-05,1,0,-0.060590823381521,0.9021223018956396,0.053380017863647315
advisor_off,A031,171,2026-07-03,1,0,-0.10807192776537544,0.9011045032786856,0.02589380756547947
advisor_off,A032,167,2026-07-01,0,1,-0.017181911088400725,0.8462311883757135,0.06199495885536363
advisor_off,A034,97,2026-05-11,0,1,0.07663197729422899,0.664257129381879,0.221419043127293
advisor_off,A034,124,2026-05-29,0,1,0.04562088714574064,0.944680618874165,0.05322144331685437
advisor_off,A034,132,2026-06-05,1,0,-0.06945867108056658,0.9410279017714094,0.05548513571765385
advisor_off,A034,133,2026-06-08,1,0,-0.1678728955185892,0.9651066863497273,0.030848158924420506
advisor_off,A034,134,2026-06-08,1,0,-0.15624541629046296,0.9808203095572501,0.015428634082923035
advisor_off,A034,135,2026-06-09,1,0,-0.11266201395812558,0.9905252865399861,0.008824278721959787
advisor_off,A034,137,2026-06-10,1,0,-0.10890526785999177,0.9926841413122582,0.00441192951694337
advisor_off,A034,138,2026-06-10,1,0,-0.132840221398832,0.9946856289608068,0.0022055113724186405
advisor_off,A034,139,2026-06-11,1,0,-0.16699458978714077,0.996672344327349,0.002205027310458737
advisor_off,A034,156,2026-06-23,1,0,-0.14390317031987243,0.9330163403597626,0.06682079891170713
advisor_off,A034,157,2026-06-24,1,0,-0.12382686443437851,0.9660136122251287,0.032200453740837624
advisor_off,A034,171,2026-07-03,1,0,-0.07802551685144676,0.9448473193371774,0.05477375764273492
advisor_off,A035,131,2026-06-05,1,0,-0.06278757162640147,0.93079194066916,0.06505535069193054
advisor_off,A035,132,2026-06-05,1,0,-0.07135838534059213,0.9649083483711653,0.034996675847658844
advisor_off,A035,133,2026-06-08,1,0,-0.17082665865093827,0.978189123869636,0.017423215946787408
advisor_off,A035,134,2026-06-08,1,0,-0.16119957096269755,0.9883276185983033,0.009957960892678119
advisor_off,A035,135,2026-06-09,1,0,-0.11860862341233891,0.9938492071463294,0.004981700286447766
advisor_off,A035,156,2026-06-23,1,0,-0.10547845262200073,0.9135964695740019,0.08476668274397955
advisor_off,A035,157,2026-06-24,1,0,-0.08498126131268446,0.957033200082578,0.042430043353414784
advisor_off,A035,168,2026-07-01,1,0,-0.06657076646785387,0.9727561665782769,0.025660234609978527
advisor_off,A035,169,2026-07-02,1,0,-0.1377721125284357,0.9844867298540163,0.013964350778071155
advisor_off,A035,170,2026-07-02,1,0,-0.14799992018382757,0.9912538340750624,0.00698066080334551
advisor_off,A035,171,2026-07-03,1,0,-0.13965567061548612,0.9936560301993934,0.0023270633025746917
advisor_off,A035,175,2026-07-07,1,0,-0.08408935251270389,0.9940322727410598,0.002327944432648852
advisor_off,A035,176,2026-07-07,1,0,-0.11673305560140368,0.9961392997271562,0.002327428270390552
advisor_off,A036,93,2026-05-07,0,1,0.022556390977443552,0.7500937865674447,0.2455261944019564
advisor_off,A036,159,2026-06-25,0,1,0.05580029368575623,0.6532779645001082,0.14201694880437135
advisor_off,A037,124,2026-05-29,0,1,0.024232633279483107,0.7279290239994198,0.22348698105245346
advisor_off,A037,151,2026-06-19,0,1,0.08473312262509314,0.7614428967975745,0.17790721887793798
advisor_off,A038,93,2026-05-07,0,1,0.022556390977443552,0.23709787760154893,0.21554352509231722
advisor_off,A039,132,2026-06-05,1,0,-0.0692869848481602,0.916400688066754,0.049268854197137314
advisor_off,A039,165,2026-06-30,1,0,-0.059165682086703586,0.9232437677478275,0.0710187513652175
advisor_off,A040,159,2026-06-25,0,1,0.10563501534771325,0.8542500284611206,0.1428328021864253
advisor_off,A041,97,2026-05-11,0,1,0.08343202136305572,0.869953187372822,0.12879826410454767
advisor_off,A041,133,2026-06-08,1,0,-0.16643615658923894,0.9107978939113124,0.024549808461221356
advisor_off,A041,134,2026-06-08,1,0,-0.15553544262358232,0.9557087948039812,0.04422302906547985
advisor_off,A041,135,2026-06-09,1,0,-0.10767602845905977,0.977388315496215,0.019695482428135316
advisor_off,A041,137,2026-06-10,1,0,-0.10285093535530443,0.9741489366750986,0.022139748560797694
advisor_off,A041,138,2026-06-10,1,0,-0.1253265187835878,0.9857327670971947,0.01229093225806976
advisor_off,A041,139,2026-06-11,1,0,-0.15870964654100805,0.9925223812689118,0.007370215702491919
advisor_off,A041,140,2026-06-11,1,0,-0.13307187082043792,0.9951906719416963,0.002457260918374559
advisor_off,A043,132,2026-06-05,1,0,-0.07081630796371963,0.946157372762342,0.050194025080230346
advisor_off,A043,165,2026-06-30,1,0,-0.05852778697523664,0.9485085734599833,0.05105286939303026
advisor_off,A043,170,2026-07-02,1,0,-0.11056767269421897,0.9285068293022285,0.0688727593163741
advisor_off,A043,171,2026-07-03,1,0,-0.09537366854602858,0.9622639339360063,0.03318151496331056
advisor_off,A043,178,2026-07-08,1,0,-0.07671417264243496,0.9297734931899044,0.06641239237070747
advisor_off,A046,167,2026-07-01,0,1,-0.019144971932109178,0.9229442004078702,0.0608802243013107
advisor_off,A046,168,2026-07-01,1,0,-0.07662491814546468,0.9590344805001546,0.04059084661624154
advisor_off,A046,169,2026-07-02,1,0,-0.14578683673624215,0.9777634822291063,0.02203665767296226
advisor_off,A047,97,2026-05-11,0,1,0.06834721702075974,0.9217372313924634,0.07738040954899693
advisor_off,A047,131,2026-06-05,1,0,-0.06280145373318513,0.9309448061741624,0.06391561355822607
advisor_off,A047,132,2026-06-05,1,0,-0.07144361599056415,0.9633821453254494,0.03331580906024609
advisor_off,A047,136,2026-06-09,0,1,0.0727305995999723,0.8181523756014379,0.0576163644789745
advisor_off,A047,159,2026-06-25,0,1,0.08623765672910166,0.7257951079698621,0.27366045054601357
advisor_off,A047,171,2026-07-03,1,0,-0.05263265913452164,0.9026948083446152,0.09581676736618822
advisor_off,A048,98,2026-05-11,0,1,0.0035149384885764245,0.6347647818110581,0.3647670013724966
advisor_off,A049,93,2026-05-07,0,1,0.022556390977443552,0.6264077337906705,0.3725227810800579
advisor_off,A049,98,2026-05-11,0,1,0.0035149384885764245,0.6846902147657282,0.3139193403438537
advisor_off,A049,128,2026-06-02,0,1,0.0,0.7470707974359556,0.24808388745043053
advisor_off,A050,136,2026-06-09,0,1,-0.006526640560104435,0.5219637219003226,0.1449899227500896
advisor_off,A051,133,2026-06-08,1,0,-0.16735864796807953,0.9413833974247254,0.058368763910277094
advisor_off,A051,171,2026-07-03,1,0,-0.07528260213676963,0.9038400956704438,0.055638048363831565
advisor_off,A053,133,2026-06-08,1,0,-0.14385896561799938,0.9063360728462224,0.09226175591847773
advisor_off,A053,134,2026-06-08,1,0,-0.1237215001065417,0.9532223022799291,0.04616746193378574
advisor_off,A054,93,2026-05-07,0,1,0.022556390977443552,0.6325887631959402,0.1290997475910082
advisor_off,A055,177,2026-07-08,1,0,-0.08937849935330322,0.9228187422897169,0.07695865284623475
advisor_off,A055,178,2026-07-08,1,0,-0.1082481543730236,0.9435556836846122,0.022785696297624055
advisor_off,A055,179,2026-07-09,1,0,-0.07046958586640173,0.9684255508637941,0.02283483968082514
advisor_off,A056,133,2026-06-08,1,0,-0.15119124918835225,0.9026924743493419,0.05823822415157044
advisor_off,A056,134,2026-06-08,1,0,-0.13551644410890384,0.9500651898197369,0.04662896637152083
advisor_off,A056,135,2026-06-09,1,0,-0.08702447309224615,0.9756584799553726,0.023369065388152636
advisor_off,A056,178,2026-07-08,1,0,-0.07159756387382366,0.9407272065586684,0.05533689450345108
advisor_off,A057,159,2026-06-25,0,1,0.09854851031321621,0.187696115029786,0.13406865359270428
advisor_off,A057,173,2026-07-06,0,1,0.10189388010643308,0.39521999936703045,0.12350624980219702
advisor_off,A058,173,2026-07-06,0,1,0.03392568659127626,0.2585183636903908,0.2350166942639916
advisor_off,A059,114,2026-05-21,0,1,0.029209621993127044,0.6724070456116394,0.3269924673864822
advisor_off,A059,136,2026-06-09,0,1,0.03870967741935494,0.5955216769890423,0.35731300619342543
advisor_off,A059,151,2026-06-19,0,1,0.053003533568904526,0.7611617393649068,0.2380265233065516
advisor_off,A059,159,2026-06-25,0,1,0.05580029368575623,0.7022432293210428,0.2955386563551879
advisor_off,A059,163,2026-06-29,1,0,-0.05314746422211958,0.9637927832133347,0.0322159147592201
advisor_off,A060,136,2026-06-09,0,1,-0.02625994687749167,0.9375240625240625,0.0600480287980288
advisor_off,A060,137,2026-06-10,1,0,-0.05793987119816135,0.9663811233139601,0.030924195946046725
advisor_off,A060,138,2026-06-10,1,0,-0.0819854266207789,0.9809165860247313,0.015447505291728052
advisor_off,A061,159,2026-06-25,0,1,0.12710095480799044,0.7377185646362806,0.08699511375427837
advisor_off,A062,157,2026-06-24,1,0,-0.08058396568789183,0.9071334641044883,0.09186161661817602
advisor_off,A066,93,2026-05-07,0,1,0.022556390977443552,0.6238545376334417,0.37596531738174305
advisor_off,A066,157,2026-06-24,1,0,-0.0898234855640826,0.9442380036386021,0.05573386208104411
advisor_off,A068,180,2026-07-09,1,0,-0.06393714935450823,0.9302146296954148,0.025154532982569356
advisor_off,A070,180,2026-07-09,1,0,-0.06746451190216207,0.9370102567761395,0.06155541832835953
advisor_off,A071,135,2026-06-09,1,0,-0.07242928604271381,0.9077585734356923,0.08943434221041305
advisor_off,A071,167,2026-07-01,0,1,-0.013842406604877788,0.8465816250795523,0.15029201883434748
advisor_off,A071,168,2026-07-01,1,0,-0.07052137576517925,0.9175319614419896,0.07913006648986358
advisor_off,A071,169,2026-07-02,1,0,-0.13768455210642105,0.9542169420927739,0.04303331307477216
advisor_off,A071,170,2026-07-02,1,0,-0.14426504034946008,0.97604412243505,0.022437795918047128
advisor_off,A071,171,2026-07-03,1,0,-0.13391251445670693,0.9874680088058436,0.011221227372793676
advisor_off,A071,172,2026-07-03,1,0,-0.069453708099936,0.9939237686060773,0.005615388523198177
advisor_off,A071,175,2026-07-07,1,0,-0.07645679613493694,0.997672741196261,0.0018718062686609025
advisor_off,A072,132,2026-06-05,1,0,-0.05397881630542223,0.9039087978590005,0.03200775045945953
advisor_off,A072,138,2026-06-10,1,0,-0.06689254646062148,0.955575543969526,0.044364227132648835
advisor_off,A072,169,2026-07-02,1,0,-0.11284630267166229,0.9499252133801942,0.04980245384418057
advisor_off,A072,170,2026-07-02,1,0,-0.11987584516385563,0.9744269721088477,0.025166570086386373
advisor_off,A072,171,2026-07-03,1,0,-0.1094251979274431,0.9870876138599408,0.012444657595941948
advisor_off,A072,177,2026-07-08,1,0,-0.08343446506635943,0.9317214986995929,0.06816100443932935
advisor_off,A072,178,2026-07-08,1,0,-0.1036464619242351,0.9647479725330768,0.03485686147846781
advisor_off,A072,179,2026-07-09,1,0,-0.0646124894428668,0.982935357376357,0.01688892366626043
advisor_off,A073,151,2026-06-19,0,1,0.02758620689655178,0.6604130399177365,0.15724119998041344
advisor_off,A073,159,2026-06-25,0,1,0.056614480270049894,0.48470856946928453,0.16049952631433262
advisor_off,A074,114,2026-05-21,0,1,0.029209621993127044,0.16645562526457366,0.1387130210538114
advisor_off,A076,133,2026-06-08,1,0,-0.1681510065144669,0.9332304414143144,0.0666770883228569
advisor_off,A076,134,2026-06-08,1,0,-0.15085166072692613,0.9668663600137956,0.0331084515658689
advisor_off,A076,135,2026-06-09,1,0,-0.10455897462022179,0.9840744286059661,0.01570729389464805
advisor_off,A076,138,2026-06-10,1,0,-0.12476217110339038,0.9657570565875883,0.03406506610517497
advisor_off,A076,139,2026-06-11,1,0,-0.15576711233020402,0.9820221342439734,0.017629221626124427
advisor_off,A076,140,2026-06-11,1,0,-0.12862830685931415,0.9912191843921426,0.008694905126246865
advisor_off,A077,151,2026-06-19,0,1,0.02758620689655178,0.5760359755729818,0.2880179877864909
advisor_off,A077,171,2026-07-03,1,0,-0.08637911536461118,0.9362323543728703,0.0627372196229243
advisor_off,A080,164,2026-06-29,1,0,-0.08591537213923872,0.9322701625259264,0.037662408935870986
advisor_off,A080,165,2026-06-30,1,0,-0.08131174147283138,0.9660163732391223,0.03364860774994603
advisor_off,A080,168,2026-07-01,1,0,-0.10433352556267805,0.9557947160336642,0.04376349432388572
advisor_off,A080,169,2026-07-02,1,0,-0.17014285176164945,0.9759074329123242,0.02366893186792719
advisor_off,A080,170,2026-07-02,1,0,-0.17819797643049406,0.9877827765460591,0.012204073638617472
advisor_off,A080,171,2026-07-03,1,0,-0.16918523800696805,0.9938655010390512,0.005978138352114594
advisor_off,A080,172,2026-07-03,1,0,-0.1078020364763066,0.997020475115299,0.0027411210263104946
advisor_off,A080,174,2026-07-06,1,0,-0.08302724917462656,0.9983443840953665,0.001495273665644583
advisor_off,A080,175,2026-07-07,1,0,-0.11463633356288727,0.9990327565642435,0.0007475924843334325
advisor_off,A080,176,2026-07-07,1,0,-0.1462862264927518,0.9994952248404604,0.0004983770754627077
advisor_off,A080,177,2026-07-08,1,0,-0.1765099246646582,0.9997258540571287,0.0002491839117789453
advisor_off,A082,159,2026-06-25,0,1,0.05580029368575623,0.3142548445072274,0.1571274222536137
advisor_off,A082,171,2026-07-03,1,0,-0.0927316846314401,0.923114584096315,0.07507257159819429
advisor_off,A083,173,2026-07-06,0,1,0.07450850060452563,0.571851324538864,0.11766488159235884
advisor_off,A084,131,2026-06-05,1,0,-0.06276760740750553,0.9316395768549354,0.06537821591964459
advisor_off,A084,132,2026-06-05,1,0,-0.07132333824421522,0.9634278595482892,0.0326585715101115
advisor_off,A085,107,2026-05-18,1,0,-0.07153880793428025,0.9243479463598285,0.07541300261676923
advisor_off,A085,170,2026-07-02,1,0,-0.1096286976058185,0.9353061419087236,0.06391613726027724
advisor_off,A085,171,2026-07-03,1,0,-0.09506622980936275,0.9678067681967608,0.03197599454394584
advisor_off,A086,132,2026-06-05,1,0,-0.07237321132564589,0.9394963524708404,0.05811317644149528
advisor_off,A086,168,2026-07-01,1,0,-0.05749088292937066,0.977404550670793,0.02214185066244515
advisor_off,A086,169,2026-07-02,1,0,-0.12978033289956703,0.9850135972809793,0.009471284589240186
advisor_off,A086,170,2026-07-02,1,0,-0.14071106659989996,0.9911200482073446,0.0063128665490913664
advisor_off,A088,114,2026-05-21,0,1,0.029209621993127044,0.16702295752393345,0.1391857979366112
advisor_off,A088,159,2026-06-25,0,1,0.10747903474242682,0.5681076248102634,0.29900401305803337
advisor_off,A091,93,2026-05-07,0,1,0.16469616661902098,0.4281053473799429,0.19054930030676623
advisor_off,A091,98,2026-05-11,0,1,0.0035149384885764245,0.47791257162829753,0.23895628581414877
advisor_off,A092,93,2026-05-07,0,1,0.022556390977443552,0.498254278209069,0.2491271391045345
advisor_off,A092,98,2026-05-11,0,1,0.06548486792232788,0.6505913430946868,0.10009097586072103
advisor_off,A092,167,2026-07-01,0,1,0.00011333462858620358,0.542115386262969,0.11940867538831916
advisor_off,A093,98,2026-05-11,0,1,0.0035149384885764245,0.6250998083761706,0.374635769060728
advisor_off,A093,159,2026-06-25,0,1,0.06967517976692306,0.3729626285693052,0.16952846753150236
advisor_off,A094,92,2026-05-06,0,1,0.09352517985611519,0.7254249614289306,0.2734467923143321
advisor_off,A094,171,2026-07-03,1,0,-0.07717444909961602,0.9245631543334342,0.07357266480106904
advisor_off,A094,178,2026-07-08,1,0,-0.07936453222216189,0.9120649754173626,0.08462458534800273
advisor_off,A095,93,2026-05-07,0,1,0.022556390977443552,0.7519029836922396,0.2480504688469244
advisor_off,A095,124,2026-05-29,0,1,0.048078822925036624,0.690355882684977,0.3071068448708905
advisor_off,A095,132,2026-06-05,1,0,-0.0529599104064955,0.932086880381769,0.06337134597496447
advisor_off,A095,133,2026-06-08,1,0,-0.1535395695228743,0.961034364724924,0.036660711460896285
advisor_off,A095,134,2026-06-08,1,0,-0.14128765084090844,0.9796876828321295,0.01833640048081526
advisor_off,A095,135,2026-06-09,1,0,-0.09676263336462543,0.9884852924011727,0.007865930708762648
advisor_off,A095,136,2026-06-09,1,0,-0.06107563974151242,0.9941558579093058,0.005246205054930374
advisor_off,A095,139,2026-06-11,1,0,-0.15265383712562886,0.9932349656380639,0.0052413454651085165
advisor_off,A095,140,2026-06-11,1,0,-0.12715744785916294,0.9960471952092953,0.0026211768294981453
advisor_off,A095,156,2026-06-23,1,0,-0.08793194542818239,0.9805683943430209,0.01875404032896488
advisor_off,A095,157,2026-06-24,1,0,-0.07460703787159961,0.9888506166981302,0.00803943590811488
advisor_off,A095,167,2026-07-01,0,1,0.013316503628904908,0.6954938444413586,0.09935626349162266
advisor_off,A095,169,2026-07-02,1,0,-0.11497379420155251,0.9136554175952457,0.08415247267324631
advisor_off,A095,170,2026-07-02,1,0,-0.11783924186773276,0.9557796168417658,0.04322621382701454
advisor_off,A095,171,2026-07-03,1,0,-0.10536014118142045,0.9777673966228493,0.02162139206291313
advisor_off,A096,134,2026-06-08,1,0,-0.1262680266669146,0.9379411039829122,0.06069030672830609
advisor_off,A096,135,2026-06-09,1,0,-0.07584392810170981,0.9683384561561337,0.02766681303303239
advisor_off,A096,138,2026-06-10,1,0,-0.08419726163256736,0.9165997072724665,0.0791112842586355
advisor_off,A096,139,2026-06-11,1,0,-0.11408868630197999,0.9542319062739516,0.04077914129375861
advisor_off,A096,140,2026-06-11,1,0,-0.08369951194201675,0.977252284239928,0.02177720967665578
advisor_off,A096,156,2026-06-23,1,0,-0.11764156930083247,0.908819472821562,0.055927352173634585
advisor_off,A096,157,2026-06-24,1,0,-0.09973887575426088,0.9546702378160828,0.044793911451781014
advisor_off,A096,168,2026-07-01,1,0,-0.07250265124788235,0.985914429783508,0.01117183489839669
advisor_off,A096,169,2026-07-02,1,0,-0.14405281002688175,0.990321876253534,0.005579278176076247
advisor_off,A096,170,2026-07-02,1,0,-0.15517334631402457,0.9929771075747956,0.002789261538131448
advisor_off,A096,171,2026-07-03,1,0,-0.1474168738508027,0.9958269721085877,0.0027894312944218144
advisor_off,A096,180,2026-07-09,1,0,-0.06415502273470808,0.9717143471714347,0.024025904188304706
advisor_off,A097,180,2026-07-09,1,0,-0.051600547934568475,0.915032586249082,0.022091564129625353
advisor_off,A098,93,2026-05-07,0,1,0.022556390977443552,0.46818574580956546,0.23409287290478273
advisor_off,A098,151,2026-06-19,0,1,0.02758620689655178,0.48016520261038,0.16005506753679333
advisor_off,A098,159,2026-06-25,0,1,0.07393577296489928,0.34364186512936645,0.15620084778607565
advisor_off,A099,151,2026-06-19,0,1,0.053003533568904526,0.3002491967578326,0.22518689756837446
advisor_off,A100,164,2026-06-29,1,0,-0.07891272361186397,0.9289435685544085,0.0687088438279888
advisor_off,A100,165,2026-06-30,1,0,-0.07207081057915476,0.9620294679673288,0.03298386747316556
advisor_off,A100,169,2026-07-02,1,0,-0.15084713418410178,0.9172624827139789,0.08266028187248066
advisor_off,A100,170,2026-07-02,1,0,-0.15101872069838462,0.956152963614149,0.0399506809309533
advisor_off,A100,171,2026-07-03,1,0,-0.13815936331304746,0.9778315273656514,0.02131512866192156
advisor_off,A100,172,2026-07-03,1,0,-0.07263282572237983,0.9873097737761765,0.008005214381968998
advisor_off,A100,176,2026-07-07,1,0,-0.0993035633846796,0.9185789689749067,0.08135985153777744
advisor_off,A100,177,2026-07-08,1,0,-0.1235451212496459,0.9577033377051524,0.041866812577274426
advisor_off,A100,178,2026-07-08,1,0,-0.14347830666618655,0.9774448836361684,0.020907911949436756
advisor_off,A100,179,2026-07-09,1,0,-0.1067847690067858,0.9887491511316583,0.010462953980229188
general,A001,167,2026-07-01,0,1,-0.011489943542696057,0.690228932025722,0.10039693556737775
general,A001,169,2026-07-02,1,0,-0.1300795263119604,0.910491372309341,0.08497919474887183
general,A001,170,2026-07-02,1,0,-0.13153460310227938,0.9530019246911592,0.04364894311562561
general,A001,171,2026-07-03,1,0,-0.11863334158449013,0.9752235680920928,0.021833363464748345
general,A002,159,2026-06-25,0,1,0.09854851031321621,0.5386682383026331,0.17955607943421106
general,A003,124,2026-05-29,0,1,0.058430717863105164,0.6489629217661891,0.35043997775374214
general,A003,132,2026-06-05,1,0,-0.06046939858306555,0.9312232628463738,0.06836829018365782
general,A003,133,2026-06-08,1,0,-0.15954395265240917,0.9608243638945848,0.03740435479881595
general,A003,134,2026-06-08,1,0,-0.1470753478050184,0.97985129846748,0.0187083780136989
general,A003,135,2026-06-09,1,0,-0.10270315079754344,0.9901386330000906,0.00936301307801504
general,A003,136,2026-06-09,1,0,-0.06706302184291468,0.9951858746873,0.0046832276455872944
general,A003,137,2026-06-10,1,0,-0.09864908177112819,0.9973576639038823,0.0023412151734832918
general,A003,156,2026-06-23,1,0,-0.11689502793140827,0.9653110792800648,0.034069802798119934
general,A003,157,2026-06-24,1,0,-0.10179439202013818,0.9816441062492537,0.015906270240149945
general,A003,164,2026-06-29,1,0,-0.07601699549871688,0.9482625324827922,0.05060333700024181
general,A003,165,2026-06-30,1,0,-0.07081736696544594,0.9725418979214278,0.02420353139623463
general,A003,168,2026-07-01,1,0,-0.0943775100401607,0.9949954153805234,0.002201317290664875
general,A003,169,2026-07-02,1,0,-0.1647523982782736,0.9967752949656664,0.00220038696460412
general,A004,157,2026-06-24,1,0,-0.09076101710252482,0.9498790709903332,0.04925298886616542
general,A005,134,2026-06-08,1,0,-0.1369584511999441,0.9280722530940514,0.07178459416197082
general,A005,135,2026-06-09,1,0,-0.08491562256642748,0.9646462341455724,0.03344106945037984
general,A005,156,2026-06-23,1,0,-0.14296651141006977,0.9069074492099323,0.08957110609480813
general,A005,157,2026-06-24,1,0,-0.11947486848567124,0.9528229477179015,0.044838726951430666
general,A006,132,2026-06-05,1,0,-0.0674909628655932,0.922429044458837,0.07379432355670695
general,A006,157,2026-06-24,1,0,-0.09091396494689497,0.918151262573409,0.04832375066175837
general,A006,167,2026-07-01,0,1,-0.011517332828187121,0.9203165749720299,0.07401147281243596
general,A006,168,2026-07-01,1,0,-0.06975782745587411,0.9572982212173254,0.041621661792057625
general,A006,170,2026-07-02,1,0,-0.15148289358406508,0.9591904497674616,0.03824015082129415
general,A006,180,2026-07-09,1,0,-0.05895177715941369,0.9271266836222563,0.03039759618433627
general,A007,97,2026-05-11,0,1,0.05726480765864639,0.759959967909352,0.05134864648036162
general,A007,132,2026-06-05,1,0,-0.06831493314802528,0.9225444756643308,0.07505446581675912
general,A007,133,2026-06-08,1,0,-0.16562492458430866,0.9541188958762407,0.040271252098672494
general,A007,134,2026-06-08,1,0,-0.15258166785380078,0.976182336062823,0.02169294080139607
general,A007,135,2026-06-09,1,0,-0.10797478761304458,0.9865784103657786,0.00930734349401678
general,A007,138,2026-06-10,1,0,-0.12866847826086936,0.989067700106904,0.009301577116992829
general,A007,140,2026-06-11,1,0,-0.1377065832437453,0.9921287112799684,0.006200804445499803
general,A007,141,2026-06-12,1,0,-0.05903076216656733,0.9958783430767869,0.003102424744787498
general,A009,159,2026-06-25,0,1,0.05580029368575623,0.7538908384005756,0.2421255247417907
general,A011,167,2026-07-01,0,1,-0.005820433436532491,0.5638931384572592,0.1409732846143148
general,A013,131,2026-06-05,1,0,-0.06284157103927601,0.9321090373081599,0.06767788389696211
general,A013,132,2026-06-05,1,0,-0.07124922555189628,0.9650518323242759,0.03380754826613706
general,A013,133,2026-06-08,1,0,-0.17080578801029267,0.9792872802322047,0.018361636504353837
general,A013,164,2026-06-29,1,0,-0.07936592343647808,0.9397912868060674,0.05605772587966016
general,A013,165,2026-06-30,1,0,-0.07355490240409979,0.9695591319036323,0.029680381588886702
general,A013,168,2026-07-01,1,0,-0.09618920455608837,0.9817407800419216,0.016472160738958415
general,A013,169,2026-07-02,1,0,-0.16525014523328296,0.9900967638388396,0.009868074058194414
general,A013,170,2026-07-02,1,0,-0.1754058203074067,0.9932485501804872,0.003288902484041348
general,A013,178,2026-07-08,1,0,-0.07680918346829468,0.9299544854046673,0.06642532038604766
general,A014,159,2026-06-25,0,1,0.05580029368575623,0.4240117281408114,0.16562958130500446
general,A014,167,2026-07-01,0,1,0.03365967769883915,0.7206410117128447,0.0615932488643457
general,A015,133,2026-06-08,1,0,-0.16688294339910692,0.9334768328293925,0.06417653225702073
general,A015,156,2026-06-23,1,0,-0.11932273077101874,0.9249742037078802,0.07424542103340845
general,A015,157,2026-06-24,1,0,-0.09933279291638086,0.9599207922354301,0.03406170553093461
general,A015,165,2026-06-30,1,0,-0.05847161307274085,0.947225668251412,0.049853982539548
general,A015,170,2026-07-02,1,0,-0.13291648192743255,0.9174741404623002,0.029885151155123788
general,A015,180,2026-07-09,1,0,-0.05082541212539993,0.9224799529634772,0.07495149617828252
general,A016,156,2026-06-23,1,0,-0.1444181592880478,0.9287409228171354,0.06684120277850596
general,A016,157,2026-06-24,1,0,-0.12427635748996413,0.9612751513031075,0.03169038960339915
general,A017,114,2026-05-21,0,1,0.029735157952069713,0.6381262555548791,0.3591186719572913
general,A017,159,2026-06-25,0,1,0.05580029368575623,0.6065836684729193,0.30329183423645967
general,A019,93,2026-05-07,0,1,0.022556390977443552,0.6282133406503816,0.12349493021332289
general,A019,124,2026-05-29,0,1,0.0410509031198687,0.22310050381100702,0.15935750272214788
general,A019,136,2026-06-09,0,1,0.06358381502890165,0.2386778896808345,0.17048420691488178
general,A020,132,2026-06-05,1,0,-0.0685066535239034,0.9234303040486356,0.07538206563662331
general,A020,163,2026-06-29,1,0,-0.06596119929453259,0.9284924473959744,0.0647785428415796
general,A020,164,2026-06-29,1,0,-0.08432225738396626,0.9627753698383622,0.03592445409844635
general,A020,165,2026-06-30,1,0,-0.08001018697340767,0.9807940260914277,0.01796326055112505
general,A021,134,2026-06-08,1,0,-0.09156120305374793,0.9240326996343308,0.07543124078647598
general,A022,178,2026-07-08,1,0,-0.0797139680648159,0.9084233105755609,0.08884335555751206
general,A022,180,2026-07-09,1,0,-0.06933624148134787,0.963423613778973,0.011124983992828788
general,A023,132,2026-06-05,1,0,-0.06879001981297828,0.9283681749864852,0.06514864385870071
general,A023,133,2026-06-08,1,0,-0.16666250854494025,0.9590168812362381,0.038748156817625785
general,A023,134,2026-06-08,1,0,-0.15385431178685238,0.9787303117652267,0.019380798252776766
general,A023,135,2026-06-09,1,0,-0.10962182862613701,0.989405042774089,0.009700049438961657
general,A023,137,2026-06-10,1,0,-0.1057886107052417,0.9925586946216349,0.00646618042098785
general,A023,138,2026-06-10,1,0,-0.12962863223269838,0.9955836137430503,0.003232414330334579
general,A023,165,2026-06-30,1,0,-0.0748953591396535,0.9376833337584551,0.06001173336054113
general,A023,180,2026-07-09,1,0,-0.09916850085595497,0.9459698376600573,0.05386305125466519
general,A023,182,2026-07-10,1,0,-0.07124136011504378,0.970754368867737,0.02696539913521492
general,A025,132,2026-06-05,1,0,-0.052970139940866745,0.934095403558302,0.06546915907941742
general,A025,133,2026-06-08,1,0,-0.1534536305005818,0.9631548846035504,0.03656255601229299
general,A025,134,2026-06-08,1,0,-0.1412279419337692,0.9816143087507886,0.018159097426082852
general,A025,164,2026-06-29,1,0,-0.082952056611031,0.9187800770917175,0.08086301383712717
general,A025,165,2026-06-30,1,0,-0.07477769154187108,0.9593320119423574,0.0404365830486376
general,A025,168,2026-07-01,1,0,-0.09692549866540934,0.9756497556730397,0.024326545632165974
general,A025,169,2026-07-02,1,0,-0.16525896743739577,0.9868181422288417,0.013171349189654782
general,A025,170,2026-07-02,1,0,-0.17495278104832468,0.9930915979464934,0.006455353600796239
general,A025,172,2026-07-03,1,0,-0.10614391201493734,0.984487855392575,0.015010592958141259
general,A025,175,2026-07-07,1,0,-0.1119268275574552,0.9653318178285144,0.03460526045720196
general,A025,176,2026-07-07,1,0,-0.140297605007343,0.9818859370294777,0.01779619901629471
general,A025,178,2026-07-08,1,0,-0.19197433684372855,0.9768849012083416,0.022652403506280384
general,A025,179,2026-07-09,1,0,-0.15618819597725508,0.98882517874329,0.011078552028650723
general,A025,182,2026-07-10,1,0,-0.164963856372637,0.9684262042536212,0.03117307015554354
general,A026,167,2026-07-01,0,1,0.0014970059880239361,0.3018861422815356,0.27444194752866874
general,A027,133,2026-06-08,1,0,-0.1420139550844549,0.9205614834921754,0.07689654396712682
general,A027,134,2026-06-08,1,0,-0.12430511351580742,0.9585554485021409,0.03737486840489999
general,A027,135,2026-06-09,1,0,-0.07686108179915108,0.9780395863014769,0.0176223348883149
general,A027,137,2026-06-10,1,0,-0.07259887100511442,0.9773471258347519,0.022012322653935854
general,A027,138,2026-06-10,1,0,-0.09646847403052383,0.9877245737598219,0.010999160064140557
general,A027,139,2026-06-11,1,0,-0.1313779217232306,0.991621411947246,0.004397434199322599
general,A027,159,2026-06-25,0,1,0.06042142639816728,0.5735550531755566,0.11335080102283727
general,A027,178,2026-07-08,1,0,-0.07677015796830089,0.9106957387265227,0.08806728022849888
general,A027,180,2026-07-09,1,0,-0.06683061755351338,0.9764516664142343,0.022055376448781472
general,A028,92,2026-05-06,0,1,0.04724409448818889,0.47884659177337957,0.23942329588668979
general,A028,167,2026-07-01,0,1,0.030107200765219888,0.7662406268115265,0.07818781906240066
general,A029,106,2026-05-15,1,0,-0.060877168800289594,0.9299786369876493,0.06841222157150524
general,A029,124,2026-05-29,0,1,0.024232633279483107,0.5819777108044437,0.2327910843217775
general,A029,132,2026-06-05,1,0,-0.05346938452905037,0.9256745321318165,0.07048283239582359
general,A029,133,2026-06-08,1,0,-0.15359517856750082,0.9568764744724081,0.03957883227744753
general,A029,134,2026-06-08,1,0,-0.14091545709192765,0.9781868509492614,0.0209611468060556
general,A029,135,2026-06-09,1,0,-0.09603107653534115,0.9885114870088653,0.00932558006612137
general,A029,151,2026-06-19,0,1,0.0839395635142699,0.9367211260227674,0.05968029334771094
general,A029,173,2026-07-06,0,1,0.10347507224556218,0.9325057091214524,0.06704289411984299
general,A029,178,2026-07-08,1,0,-0.05706378369392173,0.9786946571794286,0.0179394132680547
general,A030,93,2026-05-07,0,1,0.022556390977443552,0.5011649016216965,0.4986209173495051
general,A030,133,2026-06-08,1,0,-0.1485121273870017,0.9050460705319471,0.09146742202184571
general,A030,134,2026-06-08,1,0,-0.12816126678227568,0.9515441881395394,0.04577047993582595
general,A030,135,2026-06-09,1,0,-0.0797073401700793,0.9754357488946126,0.021730004307058202
general,A030,137,2026-06-10,1,0,-0.07471186836185173,0.9903389334225993,0.004830921626451703
general,A030,138,2026-06-10,1,0,-0.09967297131511998,0.9948997716113097,0.004829610541802474
general,A030,139,2026-06-11,1,0,-0.13496987940922445,0.9971045062160866,0.0024142966252205487
general,A030,167,2026-07-01,0,1,-0.037635956193794895,0.9323468860723296,0.06448508722114095
general,A030,168,2026-07-01,1,0,-0.09281494716916427,0.9631326565941241,0.03477979037701003
general,A030,169,2026-07-02,1,0,-0.160672829181426,0.9788115757827136,0.018669430600760206
general,A030,170,2026-07-02,1,0,-0.1697052306959923,0.9891866846779824,0.01066508554908876
general,A030,171,2026-07-03,1,0,-0.16091212517416975,0.9946124255268806,0.005333042496122684
general,A030,177,2026-07-08,1,0,-0.09026989381696071,0.9457332842863095,0.050903491222209295
general,A030,178,2026-07-08,1,0,-0.11144421213042044,0.9710055099074227,0.02674946308284911
general,A030,179,2026-07-09,1,0,-0.07337736742214784,0.985469687209352,0.013389533793605326
general,A030,180,2026-07-09,1,0,-0.10621084911017731,0.9902820272380508,0.005352875822908383
general,A030,182,2026-07-10,1,0,-0.08317900832050906,0.9931395551982146,0.005353852049586063
general,A031,136,2026-06-09,0,1,0.03870967741935494,0.62951252890378,0.12210372327875041
general,A031,167,2026-07-01,0,1,-0.012691853600944492,0.7175138510691239,0.13045706383074981
general,A031,170,2026-07-02,1,0,-0.13875980092249074,0.9374886796470435,0.060646167955603895
general,A034,92,2026-05-06,0,1,0.04724409448818889,0.23494572801860295,0.21358702547145722
general,A034,93,2026-05-07,0,1,0.026767330130404998,0.45623221836526373,0.21725343731679225
general,A034,133,2026-06-08,1,0,-0.14816714157370958,0.9352745925180878,0.06250597524254546
general,A034,134,2026-06-08,1,0,-0.13230682012276007,0.9658989809044013,0.030111958637307475
general,A034,135,2026-06-09,1,0,-0.08595954096459657,0.9836821323690095,0.016240035204205347
general,A034,137,2026-06-10,1,0,-0.08170783512190372,0.9906128361856367,0.009279745538038751
general,A034,138,2026-06-10,1,0,-0.10612166641501686,0.9949902588366267,0.00463864922534558
general,A034,139,2026-06-11,1,0,-0.14115639875994845,0.9971032400766615,0.0023188447443643293
general,A034,156,2026-06-23,1,0,-0.11782112142236545,0.9298140371925615,0.06859283880928732
general,A034,157,2026-06-24,1,0,-0.09860348012282782,0.9637018537773588,0.033055736409249775
general,A034,164,2026-06-29,1,0,-0.0690534509412225,0.978593749755984,0.01765504187704095
general,A034,165,2026-06-30,1,0,-0.06644933074970572,0.9887150571420107,0.010088929154510312
general,A034,168,2026-07-01,1,0,-0.09164816395220499,0.993602002711872,0.0025218324941925687
general,A034,169,2026-07-02,1,0,-0.16221519493967318,0.9955857007645715,0.002520470128517903
general,A034,177,2026-07-08,1,0,-0.05118057822184274,0.9307052309000152,0.06427522312845409
general,A034,178,2026-07-08,1,0,-0.07449620394678524,0.9622061601536386,0.03335648021865947
general,A034,180,2026-07-09,1,0,-0.06982597514179834,0.9886028491491624,0.007703398824538928
general,A035,128,2026-06-02,0,1,0.0,0.6221929881755526,0.12443859763511052
general,A035,134,2026-06-08,1,0,-0.12536511274681617,0.9442019551161815,0.052165853873822186
general,A035,135,2026-06-09,1,0,-0.0760478031229288,0.9728238633727428,0.026151179122923196
general,A035,157,2026-06-24,1,0,-0.10440996056585583,0.9291850943997162,0.06582782685120606
general,A035,164,2026-06-29,1,0,-0.0669392350856467,0.9001559691861892,0.09973318976778801
general,A035,165,2026-06-30,1,0,-0.05851226550033484,0.925871460986852,0.025576559695769392
general,A035,168,2026-07-01,1,0,-0.08205164493284456,0.97386622236671,0.02556079323797139
general,A035,169,2026-07-02,1,0,-0.15173432173503576,0.9844730465984495,0.012752241536249346
general,A035,170,2026-07-02,1,0,-0.1617870551805971,0.9919089883783652,0.007649683715000245
general,A035,178,2026-07-08,1,0,-0.08655490933971943,0.9235285749388927,0.07177683224913674
general,A035,180,2026-07-09,1,0,-0.0771956110543156,0.9800206860886054,0.01916910877434925
general,A035,182,2026-07-10,1,0,-0.05230406656954589,0.992638707777731,0.0047953560762209226
general,A036,114,2026-05-21,0,1,0.029209621993127044,0.6228654237170171,0.37471186845127324
general,A037,128,2026-06-02,0,1,0.0,0.621262574230573,0.12221558837322746
general,A037,159,2026-06-25,0,1,0.05580029368575623,0.6206855817024743,0.10889220731622358
general,A039,173,2026-07-06,0,1,0.03392568659127626,0.6301806398481837,0.12276246230808774
general,A040,93,2026-05-07,0,1,0.17830067933444926,0.23378530484532115,0.12435388555602188
general,A040,128,2026-06-02,0,1,0.0,0.6229236457351054,0.12521078306233274
general,A041,157,2026-06-24,1,0,-0.08814988290398118,0.9168657436365745,0.08089991855616833
general,A041,165,2026-06-30,1,0,-0.059111149601980384,0.9446663616587234,0.0530960015920594
general,A041,168,2026-07-01,1,0,-0.08223816846061849,0.9471717221947125,0.05066267351274043
general,A041,169,2026-07-02,1,0,-0.14999413461806999,0.9714713931279383,0.02850818986605688
general,A041,170,2026-07-02,1,0,-0.1580122316750876,0.9842363074621352,0.013152378273436105
general,A041,171,2026-07-03,1,0,-0.14885498729281943,0.9909478605277476,0.006577087569874431
general,A041,172,2026-07-03,1,0,-0.08599687828350588,0.9937505847530428,0.0021937099001170923
general,A041,175,2026-07-07,1,0,-0.09320763492709527,0.9935296374325155,0.0043864443153753445
general,A041,176,2026-07-07,1,0,-0.1253386322812936,0.9954834929333739,0.0021926949183554492
general,A041,177,2026-07-08,1,0,-0.15613249953638353,0.9975104951595948,0.0021923307585925158
general,A041,180,2026-07-09,1,0,-0.17801858596807896,0.9951728455610207,0.002192010673041896
general,A041,182,2026-07-10,1,0,-0.1569906586411569,0.9952449153207259,0.0021921694170060043
general,A043,133,2026-06-08,1,0,-0.15230880505538857,0.9173304037352376,0.08239494644328481
general,A043,134,2026-06-08,1,0,-0.13321799307958482,0.9564503242764121,0.03847788660882118
general,A043,156,2026-06-23,1,0,-0.1185099594394754,0.9440025053002278,0.05360266591610126
general,A043,157,2026-06-24,1,0,-0.10108686326835625,0.9714968495918563,0.02682046517278131
general,A043,170,2026-07-02,1,0,-0.09336782565826096,0.9025935248807553,0.09458315380486956
general,A043,173,2026-07-06,0,1,0.03392568659127626,0.6276796305317056,0.37184812235290615
general,A044,168,2026-07-01,1,0,-0.08204985043055124,0.9244861652428116,0.04247256501881217
general,A044,169,2026-07-02,1,0,-0.15035673460482468,0.9591408761507075,0.04051519101369959
general,A044,170,2026-07-02,1,0,-0.1567200807288952,0.9791203027071882,0.02052722059093186
general,A045,167,2026-07-01,0,1,0.0014970059880239361,0.2193346738940374,0.18277889491169785
general,A047,132,2026-06-05,1,0,-0.07079318991685368,0.9472949294312799,0.05029884581051044
general,A047,157,2026-06-24,1,0,-0.08936959144885726,0.9306278509236796,0.0677940818553674
general,A047,170,2026-07-02,1,0,-0.11069465528974509,0.9271432221473779,0.06931911941288807
general,A048,93,2026-05-07,0,1,0.022556390977443552,0.5088553458013494,0.2544276729006747
general,A048,128,2026-06-02,0,1,0.03295128939828085,0.4203941615038286,0.166295158822717
general,A048,167,2026-07-01,0,1,0.023457419683834857,0.4087218046808868,0.3144013882160668
general,A049,159,2026-06-25,0,1,0.05632392573738576,0.635274142612637,0.12116053235395653
general,A050,165,2026-06-30,1,0,-0.07336817612945301,0.9333223899380455,0.06168510048441105
general,A051,133,2026-06-08,1,0,-0.1669281384853576,0.9311616714477429,0.06840805301813341
general,A051,134,2026-06-08,1,0,-0.14938860998212622,0.965771969740319,0.03406768436948051
general,A051,135,2026-06-09,1,0,-0.10292231554489806,0.983599173995626,0.01627853502475256
general,A051,179,2026-07-09,1,0,-0.05670222238096578,0.9121228095676037,0.027606622565605442
general,A052,134,2026-06-08,1,0,-0.12208371539008123,0.945816159569598,0.05370937317992725
general,A052,135,2026-06-09,1,0,-0.0725753757117521,0.97395882692418,0.025739495122236833
general,A052,159,2026-06-25,0,1,0.05580029368575623,0.5169113183185761,0.48303770637109406
general,A053,134,2026-06-08,1,0,-0.12463198767671424,0.9301486888883093,0.06643919206345067
general,A053,135,2026-06-09,1,0,-0.07342963402605496,0.9465290637318101,0.013331395263828313
general,A054,159,2026-06-25,0,1,0.05580029368575623,0.4366712664551959,0.17896363379311306
general,A054,167,2026-07-01,0,1,0.018338648883734487,0.2412858418614858,0.1699196069447083
general,A055,132,2026-06-05,1,0,-0.0680991356009959,0.9222511222682651,0.07736261669057305
general,A055,133,2026-06-08,1,0,-0.1653018669227102,0.9409905984182305,0.027466158739586414
general,A055,134,2026-06-08,1,0,-0.154098459278607,0.9705892773796528,0.029128670272435785
general,A055,135,2026-06-09,1,0,-0.10846753098708806,0.9859603639903659,0.014034043696206717
general,A055,138,2026-06-10,1,0,-0.1286916396859179,0.9639072601997435,0.03566978190320713
general,A055,140,2026-06-11,1,0,-0.13465185749611885,0.9683692234930461,0.03156532332814634
general,A055,168,2026-07-01,1,0,-0.06945675192622525,0.98023766538734,0.019241601947055886
general,A055,169,2026-07-02,1,0,-0.14077593356747176,0.9891555251702688,0.01055171375318394
general,A055,170,2026-07-02,1,0,-0.15135287588847468,0.9944158364072181,0.005410314670333069
general,A055,171,2026-07-03,1,0,-0.14322911091497736,0.9971692463957778,0.0027052882430704766
general,A056,128,2026-06-02,0,1,0.0,0.6233630035623737,0.12413289248428222
general,A056,131,2026-06-05,1,0,-0.06681769157133755,0.927288947923262,0.0715337188397945
general,A056,132,2026-06-05,1,0,-0.07463957954965517,0.9607755905543484,0.034407941259522117
general,A056,133,2026-06-08,1,0,-0.17368605057685582,0.9772400159302808,0.021072560990410365
general,A056,134,2026-06-08,1,0,-0.16350269725848665,0.9879665341799644,0.01053830969791962
general,A056,135,2026-06-09,1,0,-0.12092316301298389,0.9937950521982624,0.005272122292828979
general,A056,138,2026-06-10,1,0,-0.1416405115120314,0.9933998372825135,0.005270025661976199
general,A056,139,2026-06-11,1,0,-0.17507127735412065,0.9957633650778681,0.0026342946166081167
general,A056,141,2026-06-12,1,0,-0.07383347628950554,0.9964404754011136,0.00263608591375956
general,A056,169,2026-07-02,1,0,-0.12593512121615913,0.9303277302691187,0.06537438104593807
general,A056,170,2026-07-02,1,0,-0.1302947361217568,0.964589388146575,0.03516732144284388
general,A056,171,2026-07-03,1,0,-0.11850502631425375,0.979961799649351,0.015076335379220786
general,A058,124,2026-05-29,0,1,0.036810524587971516,0.6385971287725576,0.12039915700840075
general,A058,167,2026-07-01,0,1,0.004082367773308615,0.6885000302356593,0.09496552141181508
general,A058,171,2026-07-03,1,0,-0.10838452858575753,0.9434410728901551,0.04553287031323142
general,A059,93,2026-05-07,0,1,0.022556390977443552,0.5850841402618768,0.23403365610475071
general,A059,124,2026-05-29,0,1,0.024232633279483107,0.7523717527402126,0.24728302362790203
general,A059,173,2026-07-06,0,1,0.03392568659127626,0.5731106511898135,0.22924426047592542
general,A060,97,2026-05-11,0,1,0.05225322932743781,0.7555357984576785,0.24153957751204558
general,A060,133,2026-06-08,1,0,-0.14815030712844013,0.9141569347630798,0.08329448152738768
general,A060,134,2026-06-08,1,0,-0.129126135379534,0.9564988353569139,0.041677509165878604
general,A060,135,2026-06-09,1,0,-0.08122348565561854,0.9772421402330347,0.018793118081404513
general,A060,157,2026-06-24,1,0,-0.08825388149691693,0.9254566099111586,0.07226993049197768
general,A062,97,2026-05-11,0,1,0.07663197729422899,0.7027068415735693,0.23423561385785643
general,A062,132,2026-06-05,1,0,-0.06914802800068298,0.9372075041712449,0.05810181292705831
general,A062,133,2026-06-08,1,0,-0.16743512760025736,0.9626209243768656,0.03258872921067514
general,A062,134,2026-06-08,1,0,-0.1555446406644192,0.9804787641642249,0.017553328258694562
general,A062,135,2026-06-09,1,0,-0.11163392369623615,0.9889045780760163,0.007529730289918906
general,A062,137,2026-06-10,1,0,-0.10801003119278751,0.9912738528675085,0.007528662173677279
general,A062,138,2026-06-10,1,0,-0.1316768672984585,0.9935397934293172,0.0025089388722962557
general,A062,139,2026-06-11,1,0,-0.16584537275784572,0.9957829988542259,0.0025082695185244985
general,A063,173,2026-07-06,0,1,-0.0005997145148221028,0.7184047140451522,0.13879534660841425
general,A063,176,2026-07-07,1,0,-0.07150376574643746,0.9430951221152499,0.018696929534646353
general,A063,177,2026-07-08,1,0,-0.10316896916608864,0.9704842380589652,0.029358725889824504
general,A064,132,2026-06-05,1,0,-0.07269509389047957,0.9027581783933569,0.07583017038163435
general,A064,133,2026-06-08,1,0,-0.16908934665951247,0.9456779782931859,0.05357842745480411
general,A064,134,2026-06-08,1,0,-0.15389401809076475,0.9727268979383438,0.026614107804864125
general,A066,114,2026-05-21,0,1,0.029209621993127044,0.3408722630987565,0.3195677466550842
general,A066,156,2026-06-23,1,0,-0.1116362505457994,0.9092222066934779,0.046686634490037376
general,A066,157,2026-06-24,1,0,-0.0949856925409559,0.954912207893043,0.044637354798720316
general,A066,170,2026-07-02,1,0,-0.1303415505355815,0.937525219077967,0.06213159616298984
general,A066,171,2026-07-03,1,0,-0.11509585244653431,0.9690088599005456,0.03097581232045395
general,A067,167,2026-07-01,0,1,0.0014970059880239361,0.6233763076895029,0.12535284448104136
general,A069,140,2026-06-11,1,0,-0.0848374022464986,0.9245295026839225,0.06118659845691082
general,A069,178,2026-07-08,1,0,-0.10386178219160302,0.91874191926667,0.08089907294035333
general,A069,179,2026-07-09,1,0,-0.059740072086246654,0.9499715371847895,0.02837429919906779
general,A070,134,2026-06-08,1,0,-0.14740529355279364,0.9488573317727887,0.05053086382221952
general,A070,135,2026-06-09,1,0,-0.0984921812823989,0.9736446042878125,0.02251201397197254
general,A070,167,2026-07-01,0,1,-0.010210673279293148,0.39715333236777134,0.19716832103364534
general,A070,171,2026-07-03,1,0,-0.08972698024180248,0.9316902776852839,0.0631654425549345
general,A071,134,2026-06-08,1,0,-0.12241419668197917,0.9476520532666728,0.05080652033830647
general,A071,135,2026-06-09,1,0,-0.07326947935430594,0.9743365189756323,0.024358412974390807
general,A071,137,2026-06-10,1,0,-0.06857389842391315,0.9404661087634438,0.057399339971477795
general,A071,138,2026-06-10,1,0,-0.0902232282966785,0.9675472143514434,0.028651739832730668
general,A071,157,2026-06-24,1,0,-0.0804952846503263,0.9474493619754913,0.051721801398165776
general,A071,164,2026-06-29,1,0,-0.061147306793503,0.9135817086326203,0.08262366873938426
general,A071,165,2026-06-30,1,0,-0.054465054453725625,0.9562015987598773,0.04249784883377233
general,A071,168,2026-07-01,1,0,-0.07795409808957254,0.9790621317288369,0.01651430101711291
general,A071,169,2026-07-02,1,0,-0.1486633805042007,0.9867534180274352,0.009420080363030407
general,A071,170,2026-07-02,1,0,-0.15921269171624042,0.9912798068911919,0.004709167728699249
general,A071,171,2026-07-03,1,0,-0.1512211743437738,0.9937094803444727,0.0023547618017641533
general,A071,178,2026-07-08,1,0,-0.08311218123341357,0.9115125429191513,0.08566021487673953
general,A071,180,2026-07-09,1,0,-0.07337330546525433,0.9651808260844464,0.030780254134811502
general,A073,92,2026-05-06,0,1,0.1440860215053763,0.6438093855046075,0.3540951620275341
general,A073,93,2026-05-07,0,1,0.08398923981269313,0.7362609432104611,0.0873529932622581
general,A073,114,2026-05-21,0,1,0.029496469713860884,0.7521428780924169,0.2443091830300186
general,A073,124,2026-05-29,0,1,0.024232633279483107,0.6527969926782649,0.14836295288142384
general,A073,159,2026-06-25,0,1,0.05580029368575623,0.609686198862549,0.09781062013837687
general,A074,93,2026-05-07,0,1,0.022556390977443552,0.7518001066103093,0.2480428923170068
general,A074,133,2026-06-08,1,0,-0.14873345047291997,0.916571459659431,0.08276732244416266
general,A074,134,2026-06-08,1,0,-0.12978238280730614,0.9570979365443528,0.039879080689348034
general,A074,135,2026-06-09,1,0,-0.08211781006519703,0.9774651546264999,0.018442738766537733
general,A074,137,2026-06-10,1,0,-0.07733897725487304,0.9932300220392594,0.006150031096218324
general,A074,138,2026-06-10,1,0,-0.10212642780345726,0.9961155457444797,0.0030744306967422216
general,A074,180,2026-07-09,1,0,-0.0500537872555844,0.9024922170243228,0.043389048895400135
general,A076,133,2026-06-08,1,0,-0.14745721162229808,0.9438210763337324,0.05603295061022703
general,A076,134,2026-06-08,1,0,-0.13258941097753119,0.9720425189301971,0.02777264339800563
general,A076,135,2026-06-09,1,0,-0.08656578199650622,0.9864473442894848,0.013132031991324386
general,A076,138,2026-06-10,1,0,-0.10763663496478304,0.9660533895803705,0.033639817659497216
general,A076,167,2026-07-01,0,1,0.02248606065544423,0.4407590793017855,0.13180594476728036
general,A079,93,2026-05-07,0,1,0.022556390977443552,0.43608324814117627,0.18469408156567466
general,A080,133,2026-06-08,1,0,-0.14802229454473914,0.936787087375403,0.04922685692986878
general,A080,156,2026-06-23,1,0,-0.10921221001559467,0.901020405756909,0.09869189028574663
general,A080,168,2026-07-01,1,0,-0.0626813420522987,0.9661726596477563,0.033575502176555846
general,A080,180,2026-07-09,1,0,-0.07158471540658906,0.9621910000166493,0.03771377297087401
general,A081,167,2026-07-01,0,1,0.027500688748314683,0.8155134777170048,0.18432464251551348
general,A082,136,2026-06-09,0,1,-0.03910696851916684,0.5396270302139448,0.14953520114362326
general,A082,165,2026-06-30,1,0,-0.05662115499591247,0.9099698112706066,0.053738374681335035
general,A082,168,2026-07-01,1,0,-0.07851034154674508,0.9828394025383906,0.010761015356259751
general,A082,169,2026-07-02,1,0,-0.1495646682970423,0.9885801943071416,0.007163624596428562
general,A083,168,2026-07-01,1,0,-0.06751631883791476,0.9817320950861965,0.014988276260857962
general,A083,169,2026-07-02,1,0,-0.13927090649568374,0.9877018901710589,0.007482590077053476
general,A083,170,2026-07-02,1,0,-0.15024647174015793,0.9925195686653722,0.004987535520931518
general,A083,171,2026-07-03,1,0,-0.1421708889602772,0.9950778391246956,0.0024939294213651517
general,A084,131,2026-06-05,1,0,-0.06279921277861689,0.9302563435021525,0.06483604818348335
general,A084,132,2026-06-05,1,0,-0.07138061249363847,0.9631650446708685,0.033795264725293636
general,A085,93,2026-05-07,0,1,0.022556390977443552,0.7131455846668163,0.20913360254158836
general,A085,135,2026-06-09,1,0,-0.0733932800105983,0.9200789862825953,0.07919667223698289
general,A085,137,2026-06-10,1,0,-0.0633491125994754,0.9775222909199477,0.01866391008916368
general,A085,138,2026-06-10,1,0,-0.08784561797429369,0.9862313372728891,0.009326064655062782
general,A085,139,2026-06-11,1,0,-0.12330198909848467,0.9926613025486112,0.006990572553159233
general,A085,157,2026-06-24,1,0,-0.08806558978115331,0.9492180342306877,0.05037749343682421
general,A085,170,2026-07-02,1,0,-0.11261406521000206,0.9178471750710945,0.07786364210114684
general,A085,171,2026-07-03,1,0,-0.09622307227702842,0.9586412013317576,0.04014014882423615
general,A085,180,2026-07-09,1,0,-0.05934235108285146,0.9581971605027245,0.03919897474783873
general,A086,178,2026-07-08,1,0,-0.07671171423764944,0.9300786015195244,0.06556689880163749
general,A086,180,2026-07-09,1,0,-0.06895239383970042,0.9799383525937744,0.01702126170758417
general,A087,134,2026-06-08,1,0,-0.1343464813887134,0.9110677107363818,0.04811977345438636
general,A087,135,2026-06-09,1,0,-0.08537947298160686,0.9567513475261322,0.041878005110571444
general,A087,156,2026-06-23,1,0,-0.14250872461928932,0.9784135564288128,0.017225590782197406
general,A087,159,2026-06-25,0,1,0.05580029368575623,0.3896664151990496,0.15586656607961985
general,A089,159,2026-06-25,0,1,0.09854851031321621,0.23795092717179273,0.16996494797985195
general,A091,114,2026-05-21,0,1,0.029209621993127044,0.6273512815484532,0.37243406027724096
general,A091,159,2026-06-25,0,1,0.06967517976692306,0.3465117322414599,0.15750533283702725
general,A091,173,2026-07-06,0,1,0.03392568659127626,0.6195354752620725,0.11122719484058753
general,A092,97,2026-05-11,0,1,0.059590316573556734,0.5189560319290206,0.2594780159645103
general,A092,165,2026-06-30,1,0,-0.07695535414568644,0.9129688380261066,0.0344516542651361
general,A092,169,2026-07-02,1,0,-0.16781585885215966,0.9681291596525248,0.030897739137846533
general,A092,170,2026-07-02,1,0,-0.17487503565374585,0.9814240223074912,0.013726210102202673
general,A093,159,2026-06-25,0,1,0.08972415883601093,0.7580673016156849,0.12634455026928082
general,A093,170,2026-07-02,1,0,-0.10966391326900116,0.9177076297621565,0.08202458352882945
general,A094,93,2026-05-07,0,1,0.022556390977443552,0.42476239120381554,0.19008703694756388
general,A095,124,2026-05-29,0,1,0.024232633279483107,0.6164254021642327,0.1125891145505448
general,A095,132,2026-06-05,1,0,-0.053056052181771785,0.9313086308365737,0.0650437773917607
general,A095,133,2026-06-08,1,0,-0.15353644667816146,0.9616275544357602,0.0381132872184905
general,A095,134,2026-06-08,1,0,-0.14108733218131086,0.9795362990266865,0.01759646046155724
general,A095,135,2026-06-09,1,0,-0.09665148580502192,0.9892814428528275,0.008806659728660186
general,A095,136,2026-06-09,1,0,-0.06087513414338641,0.9926134948958419,0.0029367263162598874
general,A095,137,2026-06-10,1,0,-0.0927936480538536,0.9952901926687869,0.002935959270409401
general,A095,165,2026-06-30,1,0,-0.05843675555214012,0.9489856066238316,0.05041486035189105
general,A095,168,2026-07-01,1,0,-0.08097189154457873,0.9912625307991307,0.005935703777240304
general,A096,157,2026-06-24,1,0,-0.09077015885783235,0.9396819542809279,0.05642998681060402
general,A096,168,2026-07-01,1,0,-0.08218414971194044,0.9810667607549067,0.014287380010993786
general,A096,169,2026-07-02,1,0,-0.15266918426324838,0.9890097277763841,0.009509708920926771
general,A096,170,2026-07-02,1,0,-0.16312800042203734,0.9936118540583759,0.004754123703628594
general,A096,175,2026-07-07,1,0,-0.10097765509897394,0.9891291215004229,0.00713314270312805
general,A096,176,2026-07-07,1,0,-0.13255850753917164,0.9934831973123408,0.004753508121111679
general,A096,177,2026-07-08,1,0,-0.16279823990889464,0.9956213285659831,0.0023761845550500788
general,A097,134,2026-06-08,1,0,-0.13455911511327923,0.9033421459458703,0.096508351358517
general,A100,135,2026-06-09,1,0,-0.07969493781030867,0.9273973803453492,0.07088387620474007
general,A100,164,2026-06-29,1,0,-0.07124923166678832,0.9199240390629213,0.07640565108496025
general,A100,165,2026-06-30,1,0,-0.06427418269877583,0.9597737640358137,0.03973585647282032
general,A100,168,2026-07-01,1,0,-0.08709503482363523,0.990903733611842,0.003058344856826673
general,A100,169,2026-07-02,1,0,-0.1579852943153255,0.993198827340419,0.003055996391816674
general,A100,170,2026-07-02,1,0,-0.16919542901067675,0.9961600676956346,0.0030557057291277136
personalized,A001,132,2026-06-05,1,0,-0.06822484236886428,0.9221310549038223,0.07436540765353405
personalized,A001,133,2026-06-08,1,0,-0.1655910817551708,0.9546421298740478,0.041249968574804535
personalized,A001,134,2026-06-08,1,0,-0.15240687869331393,0.9756415051993715,0.02063290192264532
personalized,A001,135,2026-06-09,1,0,-0.10794081338132244,0.9856071278985645,0.008852758633819442
personalized,A003,124,2026-05-29,0,1,0.035124277642913926,0.9214954907626303,0.07771648717275195
personalized,A003,131,2026-06-05,1,0,-0.06279206769999923,0.9316498502141111,0.06619617356784474
personalized,A003,157,2026-06-24,1,0,-0.08171657735143423,0.9072864321608041,0.08985203796761586
personalized,A003,163,2026-06-29,1,0,-0.06458850177974329,0.9241034358756416,0.07358200660368105
personalized,A003,164,2026-06-29,1,0,-0.08247793026829608,0.9590915474590214,0.036721973663971536
personalized,A003,165,2026-06-30,1,0,-0.07814646043257811,0.9785944668149128,0.019442274175130718
personalized,A003,168,2026-07-01,1,0,-0.10203208222045201,0.9913436710251621,0.006479370398857268
personalized,A003,169,2026-07-02,1,0,-0.17143251580301477,0.9949356443564622,0.004316423619767732
personalized,A003,170,2026-07-02,1,0,-0.18225283997204245,0.9970232368620615,0.0021580589542468864
personalized,A004,135,2026-06-09,1,0,-0.07130374666333805,0.9124281762077038,0.08246435411789743
personalized,A004,156,2026-06-23,1,0,-0.1428710923411406,0.9464172360379267,0.04913094941180494
personalized,A004,157,2026-06-24,1,0,-0.12532406334251078,0.9729397425744369,0.025876056983362684
personalized,A004,180,2026-07-09,1,0,-0.07337100117881412,0.962061474221801,0.033955110854887095
personalized,A005,133,2026-06-08,1,0,-0.16198302083806237,0.927684386939829,0.07073253390157054
personalized,A005,134,2026-06-08,1,0,-0.14426384041170914,0.9636402159293992,0.03538791753413048
personalized,A005,135,2026-06-09,1,0,-0.09749207406584992,0.9816425800663224,0.01636070966777204
personalized,A005,171,2026-07-03,1,0,-0.10484404217752885,0.938817333846708,0.05972120444317481
personalized,A006,132,2026-06-05,1,0,-0.06827720963280637,0.9214187077011811,0.07298366001593513
personalized,A006,157,2026-06-24,1,0,-0.07399706246580073,0.9002356748108638,0.09443031553960109
personalized,A008,171,2026-07-03,1,0,-0.07318642013556165,0.922674553803313,0.07711780924686287
personalized,A012,127,2026-06-02,0,1,0.03295128939828085,0.752005984685822,0.2463467880867348
personalized,A013,131,2026-06-05,1,0,-0.06278657003401866,0.9134261118410536,0.0487594009879566
personalized,A013,132,2026-06-05,1,0,-0.07232343098543492,0.9545539326031198,0.04220816708789306
personalized,A013,133,2026-06-08,1,0,-0.17118157283262858,0.9718547479754174,0.02260127320873064
personalized,A013,134,2026-06-08,1,0,-0.1607687916629318,0.9850043060297531,0.0129180892594066
personalized,A013,135,2026-06-09,1,0,-0.11772802134995553,0.9921592625682716,0.006463578257773756
personalized,A013,138,2026-06-10,1,0,-0.13841250991543463,0.9916698345713078,0.0064603898017674775
personalized,A013,139,2026-06-11,1,0,-0.17184443091542367,0.9945577989320125,0.0032290837627662744
personalized,A013,157,2026-06-24,1,0,-0.08911731954782132,0.9316490577105402,0.06782119577203166
personalized,A013,167,2026-07-01,0,1,0.027379821778577007,0.9063097024836233,0.09277185930934727
personalized,A013,169,2026-07-02,1,0,-0.11019432537721652,0.9710853995027069,0.02824975707644238
personalized,A013,170,2026-07-02,1,0,-0.11964539562788923,0.984812020053169,0.014119168746281994
personalized,A013,171,2026-07-03,1,0,-0.11042405755777329,0.9920021634294762,0.007060513618715133
personalized,A013,178,2026-07-08,1,0,-0.09916891421876717,0.9456620999028598,0.05048018326883593
personalized,A013,179,2026-07-09,1,0,-0.05847613627785164,0.9712317254068131,0.023606326659193374
personalized,A014,92,2026-05-06,0,1,0.04724409448818889,0.6276522578945828,0.3697796248061108
personalized,A014,157,2026-06-24,1,0,-0.08069858135985986,0.9061201671513089,0.08840196752695698
personalized,A014,162,2026-06-26,1,0,-0.052765766391755786,0.9308264536452147,0.063163223640211
personalized,A014,163,2026-06-29,1,0,-0.07316292651706069,0.9623607564542536,0.03318485367083633
personalized,A014,164,2026-06-29,1,0,-0.09327628598532522,0.9780414126660392,0.01657697309603456
personalized,A015,163,2026-06-29,1,0,-0.06357014673281969,0.9013553709373936,0.0934515601975224
personalized,A015,180,2026-07-09,1,0,-0.07102224007918023,0.952066601352518,0.0477359298728282
personalized,A017,136,2026-06-09,0,1,0.04928716904276986,0.5574463696369637,0.4388407590759076
personalized,A017,159,2026-06-25,0,1,0.05580029368575623,0.6604545859798616,0.3367023379505177
personalized,A018,124,2026-05-29,0,1,0.040473151356108295,0.746356433422492,0.08328440887976306
personalized,A018,133,2026-06-08,1,0,-0.14702500870188917,0.9032477814390008,0.031582090260104924
personalized,A018,156,2026-06-23,1,0,-0.14531328403720922,0.9384289902789777,0.059750160429747644
personalized,A018,157,2026-06-24,1,0,-0.1262005388419588,0.9673054131015834,0.028139793835682422
personalized,A019,151,2026-06-19,0,1,0.07702857990139744,0.4507660929157867,0.19263508244264388
personalized,A019,159,2026-06-25,0,1,0.09854851031321621,0.28246589980514175,0.20176135700367268
personalized,A021,167,2026-07-01,0,1,-0.03421867162553982,0.3947084211663153,0.167249331002676
personalized,A022,97,2026-05-11,0,1,0.059590316573556734,0.5036155881858333,0.25180779409291665
personalized,A022,136,2026-06-09,0,1,-0.014920487761616141,0.8061541393604165,0.13947303449142154
personalized,A022,138,2026-06-10,1,0,-0.06753624311171913,0.9226814244553727,0.027625192348963257
personalized,A022,139,2026-06-11,1,0,-0.10271218617702571,0.9582960087588335,0.038552138283401344
personalized,A022,140,2026-06-11,1,0,-0.07262563430690805,0.9787324287815291,0.019298949299917476
personalized,A023,135,2026-06-09,1,0,-0.0792592374039871,0.903407673921389,0.028955374164147084
personalized,A023,170,2026-07-02,1,0,-0.10558222202096568,0.9379480568055848,0.05942921572046405
personalized,A023,171,2026-07-03,1,0,-0.09168747139488853,0.9643053646349529,0.025852690740883453
personalized,A023,176,2026-07-07,1,0,-0.06505754274665432,0.9914183995879292,0.007765679370140438
personalized,A023,177,2026-07-08,1,0,-0.09776296109652005,0.9936933393034213,0.0025877430711026593
personalized,A023,178,2026-07-08,1,0,-0.12282123752716279,0.9960999778100579,0.002587272669636514
personalized,A024,156,2026-06-23,1,0,-0.10558410883608571,0.9280984165359001,0.06982558619705831
personalized,A024,157,2026-06-24,1,0,-0.08678904686581168,0.9638940823836657,0.03494480056980057
personalized,A025,132,2026-06-05,1,0,-0.06950783648408476,0.920064262226997,0.0796381813394367
personalized,A025,133,2026-06-08,1,0,-0.16630878558138484,0.9364738578543794,0.025358079010408322
personalized,A025,134,2026-06-08,1,0,-0.15539181142620306,0.968438359354152,0.03146092652866515
personalized,A025,135,2026-06-09,1,0,-0.10945184328875213,0.9848615930781335,0.01499144323828944
personalized,A025,138,2026-06-10,1,0,-0.1295471342182951,0.9657118482762815,0.03420915757473052
personalized,A025,139,2026-06-11,1,0,-0.1602237219241831,0.982058963231972,0.017712993410522553
personalized,A025,141,2026-06-12,1,0,-0.054869135414825965,0.9802082888448221,0.019563514318572135
personalized,A025,157,2026-06-24,1,0,-0.08274041503939256,0.9360142943802273,0.03778313890124707
personalized,A025,171,2026-07-03,1,0,-0.09716605709345616,0.9157213499463841,0.08414612454942923
personalized,A025,180,2026-07-09,1,0,-0.06560779508233916,0.9120218769823186,0.08775615338248079
personalized,A027,124,2026-05-29,0,1,0.024232633279483107,0.44802329155787024,0.22401164577893512
personalized,A027,133,2026-06-08,1,0,-0.14776234111735143,0.9070658138742762,0.088710593043939
personalized,A027,134,2026-06-08,1,0,-0.12788772031100604,0.9299746502675805,0.022195099051732232
personalized,A027,135,2026-06-09,1,0,-0.08229267861874068,0.9664327325752624,0.0334020529691911
personalized,A027,157,2026-06-24,1,0,-0.08746720484359238,0.9029236048838996,0.04752229499388945
personalized,A028,101,2026-05-13,1,0,-0.07771434116676645,0.9042485563940879,0.0926792149212777
personalized,A028,151,2026-06-19,0,1,0.08384076209885793,0.855898157666356,0.14016450665616284
personalized,A029,93,2026-05-07,0,1,0.022556390977443552,0.6272684520866745,0.12299381413464205
personalized,A029,114,2026-05-21,0,1,0.029209621993127044,0.7195190081070362,0.21287544618551366
personalized,A029,124,2026-05-29,0,1,0.04260726566003892,0.7369131540364235,0.2628754526094844
personalized,A029,128,2026-06-02,0,1,0.12465323991401855,0.6618105642232751,0.11105725221554959
personalized,A029,156,2026-06-23,1,0,-0.10582165679779565,0.9099208567414214,0.08697772895322411
personalized,A029,157,2026-06-24,1,0,-0.08502865713214425,0.9533886403698703,0.042422445356036384
personalized,A029,178,2026-07-08,1,0,-0.09906426088508502,0.9176558262581129,0.07903255919926332
personalized,A030,93,2026-05-07,0,1,0.022556390977443552,0.6248924547658932,0.3718995580995397
personalized,A030,133,2026-06-08,1,0,-0.14846892622745722,0.9386302124500012,0.055557551515732155
personalized,A030,134,2026-06-08,1,0,-0.13358938993980674,0.9683738115675576,0.02925600639176911
personalized,A030,135,2026-06-09,1,0,-0.08739193852502747,0.984458113273172,0.014649674304660298
personalized,A030,136,2026-06-09,1,0,-0.0508308037829206,0.9908919083291149,0.005863265729758076
personalized,A030,137,2026-06-10,1,0,-0.08298002268167137,0.9935034829021169,0.0029306887401242387
personalized,A030,138,2026-06-10,1,0,-0.10782488407095814,0.9962523090096661,0.0029301538500284296
personalized,A030,167,2026-07-01,0,1,0.021924701231017973,0.7007643750017855,0.15926463068222396
personalized,A030,170,2026-07-02,1,0,-0.11240573870906267,0.9332266340292324,0.06119518911667098
personalized,A030,171,2026-07-03,1,0,-0.09799851362087086,0.9643822446062404,0.03061530935257906
personalized,A030,177,2026-07-08,1,0,-0.10409685230024224,0.9807742061536711,0.018389516365381334
personalized,A030,178,2026-07-08,1,0,-0.1274980051863942,0.9894205709403483,0.00918966474557599
personalized,A030,179,2026-07-09,1,0,-0.09183690105188602,0.9928842973363118,0.0030644577078281225
personalized,A030,180,2026-07-09,1,0,-0.1246415128884989,0.9956811572162364,0.003063634329896112
personalized,A031,134,2026-06-08,1,0,-0.13187659409677865,0.9356317685655918,0.06343266227563334
personalized,A031,135,2026-06-09,1,0,-0.0810622966743566,0.9649673412772392,0.026510091793330744
personalized,A031,159,2026-06-25,0,1,0.05883409360295966,0.9313291238184003,0.05352466228841381
personalized,A031,167,2026-07-01,0,1,-0.02859133965306737,0.7474305516359961,0.129313244227681
personalized,A031,169,2026-07-02,1,0,-0.14307832660969044,0.926171013589685,0.07046953364269343
personalized,A032,167,2026-07-01,0,1,0.017490494296577896,0.27930528550809347,0.1995037753629239
personalized,A033,124,2026-05-29,0,1,0.024232633279483107,0.6385620454806774,0.35601246783435997
personalized,A034,92,2026-05-06,0,1,0.04724409448818889,0.5268603717019729,0.21074414868078917
personalized,A034,156,2026-06-23,1,0,-0.14511012295068149,0.9537679873827738,0.042340167664188556
personalized,A034,157,2026-06-24,1,0,-0.1284650279018038,0.9766274639015959,0.02229743068268484
personalized,A034,158,2026-06-24,1,0,-0.05213182790300075,0.9873424198847474,0.008935225519318982
personalized,A034,162,2026-06-26,1,0,-0.05441485848883554,0.9965683461192167,0.0022344581751551945
personalized,A034,167,2026-07-01,0,1,0.02810338908234833,0.9135642350780484,0.08385372206030396
personalized,A034,169,2026-07-02,1,0,-0.1094916333533803,0.9726966573303867,0.024044187035133155
personalized,A034,170,2026-07-02,1,0,-0.11939110880470516,0.9854353652312892,0.01311000485895285
personalized,A034,171,2026-07-03,1,0,-0.11028029075293533,0.9921155825750512,0.006555829840804303
personalized,A035,134,2026-06-08,1,0,-0.1341642077461156,0.9295078945751674,0.07019721078822878
personalized,A035,135,2026-06-09,1,0,-0.08238069176038898,0.9641546313814431,0.03157181412584071
personalized,A035,156,2026-06-23,1,0,-0.12987689963510984,0.9798409960068041,0.019945872692250465
personalized,A035,157,2026-06-24,1,0,-0.11631320961441383,0.9875743099155339,0.007481623559966166
personalized,A035,164,2026-06-29,1,0,-0.06742480997314793,0.9296704068141666,0.06550523191644533
personalized,A035,165,2026-06-30,1,0,-0.061522677421637306,0.9625276505592423,0.03275617658971244
personalized,A036,114,2026-05-21,0,1,0.029209621993127044,0.7516699486466659,0.24636673902131526
personalized,A036,124,2026-05-29,0,1,0.05531250460323767,0.5366501509306196,0.2519484276669576
personalized,A036,159,2026-06-25,0,1,0.056614480270049894,0.6305132968703312,0.36844809940570794
personalized,A040,93,2026-05-07,0,1,0.2335600907029478,0.1842459126388046,0.12449048151270581
personalized,A040,159,2026-06-25,0,1,0.0974647258106549,0.7704405096721713,0.09835410761772398
personalized,A040,173,2026-07-06,0,1,0.03392568659127626,0.48577931652874246,0.16192643884291416
personalized,A040,180,2026-07-09,1,0,-0.05237166052371667,0.9152282813822518,0.07971343095909934
personalized,A041,131,2026-06-05,1,0,-0.06281487607490344,0.9300316572048184,0.06494634477687279
personalized,A041,132,2026-06-05,1,0,-0.07138717955793461,0.962882264866579,0.033739809820122715
personalized,A041,133,2026-06-08,1,0,-0.17092442807186126,0.9791796360404275,0.020668699441486596
personalized,A041,134,2026-06-08,1,0,-0.1608227338291215,0.9871042720214209,0.007752127790744143
personalized,A041,135,2026-06-09,1,0,-0.11853153099505742,0.9928712445170638,0.005171204398526374
personalized,A041,138,2026-06-10,1,0,-0.1393260425002223,0.992458307950859,0.0051690536872440575
personalized,A041,139,2026-06-11,1,0,-0.17286826698896174,0.9947329427658899,0.0025837219292620516
personalized,A041,167,2026-07-01,0,1,0.006015037593984918,0.4288540574065067,0.13401689293953334
personalized,A041,171,2026-07-03,1,0,-0.08029875470716841,0.9083862553574409,0.0868675380806296
personalized,A041,177,2026-07-08,1,0,-0.07837954412114068,0.9179891600862677,0.08056819756076286
personalized,A041,178,2026-07-08,1,0,-0.09799937285547644,0.9572308308069327,0.041406931612513624
personalized,A041,179,2026-07-09,1,0,-0.058252174626825526,0.9783117919853331,0.01951744223412136
personalized,A043,131,2026-06-05,1,0,-0.06278055203806443,0.9307401205574187,0.06481477162656119
personalized,A043,132,2026-06-05,1,0,-0.07136679560964854,0.9635310261430653,0.03367178317166626
personalized,A043,133,2026-06-08,1,0,-0.1709124101471874,0.97728294799799,0.018050080833735962
personalized,A043,134,2026-06-08,1,0,-0.16119041912579757,0.9877871243316652,0.010316314614429924
personalized,A043,135,2026-06-09,1,0,-0.11854667478358993,0.9935128232662639,0.005161105575409163
personalized,A047,131,2026-06-05,1,0,-0.06282010605991928,0.9321699863508134,0.06698227446832192
personalized,A047,132,2026-06-05,1,0,-0.07127342185109731,0.964766046310194,0.03346009409168303
personalized,A047,133,2026-06-08,1,0,-0.17084740772244345,0.9800417490640573,0.01943425564716261
personalized,A047,134,2026-06-08,1,0,-0.1609300342669604,0.9885376318623388,0.00833037330221072
personalized,A047,135,2026-06-09,1,0,-0.11856203251480557,0.9918461943828543,0.002778280656534606
personalized,A047,136,2026-06-09,1,0,-0.08413768927096055,0.9949268019864703,0.002779125145213604
personalized,A047,163,2026-06-29,1,0,-0.07010745954502573,0.9456447646288326,0.05253582025715737
personalized,A047,164,2026-06-29,1,0,-0.08903412019379453,0.9719866498878371,0.027613257099086283
personalized,A047,167,2026-07-01,0,1,0.0014970059880239361,0.6421780769086373,0.35676559828257626
personalized,A047,178,2026-07-08,1,0,-0.06628739665076544,0.9020136846040079,0.09550733131101259
personalized,A048,128,2026-06-02,0,1,0.0,0.6249171114525005,0.1249834222905001
personalized,A048,151,2026-06-19,0,1,0.09541847737612907,0.3384837119720191,0.15057104625089818
personalized,A049,93,2026-05-07,0,1,0.022556390977443552,0.6264077337906705,0.3725227810800579
personalized,A049,136,2026-06-09,0,1,0.059031877213695294,0.817761563130953,0.18202666023180683
personalized,A050,167,2026-07-01,0,1,0.0014970059880239361,0.17493519466007484,0.1457793288833957
personalized,A051,131,2026-06-05,1,0,-0.06369756409969984,0.9006417145333842,0.09875457396199387
personalized,A051,132,2026-06-05,1,0,-0.06983470029860683,0.9494882937847333,0.05006889372786226
personalized,A051,133,2026-06-08,1,0,-0.16855385667392342,0.9716784958985123,0.028046586008243838
personalized,A051,134,2026-06-08,1,0,-0.15736003770236806,0.9857872019588062,0.01387582964813497
personalized,A051,135,2026-06-09,1,0,-0.11404985852589711,0.9930836625517488,0.006640681026181907
personalized,A051,164,2026-06-29,1,0,-0.07844488087771073,0.9168370046978329,0.08288864569731962
personalized,A051,165,2026-06-30,1,0,-0.07042580311235314,0.958404517330685,0.04144965063397812
personalized,A051,180,2026-07-09,1,0,-0.06883966745899528,0.9746340172050999,0.025266298294892277
personalized,A052,92,2026-05-06,0,1,0.04724409448818889,0.6272982890792905,0.37229898457551386
personalized,A053,97,2026-05-11,0,1,0.06999036829794059,0.4861091532901217,0.24305457664506086
personalized,A053,180,2026-07-09,1,0,-0.0682983801350735,0.9598496605446504,0.03791505935623359
personalized,A054,114,2026-05-21,0,1,0.029209621993127044,0.5672676167846817,0.28363380839234087
personalized,A054,124,2026-05-29,0,1,0.04678040726472221,0.7244617243674529,0.27167314663779485
personalized,A054,173,2026-07-06,0,1,0.03392568659127626,0.5648600559211455,0.28243002796057276
personalized,A056,134,2026-06-08,1,0,-0.1164341056115541,0.9471588821530266,0.04806477909433269
personalized,A056,135,2026-06-09,1,0,-0.06756872023021232,0.9721804435658989,0.022674762532149246
personalized,A056,168,2026-07-01,1,0,-0.08078720078618407,0.9795626547931799,0.01947993915781892
personalized,A056,169,2026-07-02,1,0,-0.15103127079174972,0.9862084094503577,0.008334155572819925
personalized,A056,170,2026-07-02,1,0,-0.16167120799273382,0.9915732492179739,0.005555032208504055
personalized,A056,171,2026-07-03,1,0,-0.15357653555990192,0.9944233802095469,0.0027777189391328125
personalized,A057,136,2026-06-09,0,1,0.004198152812762368,0.4014525434054978,0.05352700578739971
personalized,A059,98,2026-05-11,0,1,0.06331471135940414,0.6124168083321818,0.3830472171965332
personalized,A059,124,2026-05-29,0,1,0.031873050318730556,0.8041120480674676,0.16082240961349353
personalized,A059,128,2026-06-02,0,1,0.16187699036948922,0.6462777008441765,0.27384648340854933
personalized,A059,136,2026-06-09,0,1,0.0652173913043479,0.6316555078217543,0.12147221304264505
personalized,A059,159,2026-06-25,0,1,0.09603658536585358,0.391601231213567,0.27971516515254785
personalized,A060,133,2026-06-08,1,0,-0.15291048196594148,0.9266729398423348,0.0709614413392779
personalized,A060,134,2026-06-08,1,0,-0.1355607239568578,0.9627509168097212,0.03550274530534764
personalized,A060,135,2026-06-09,1,0,-0.0885870899646366,0.9811675752426431,0.016736333906057877
personalized,A060,170,2026-07-02,1,0,-0.10138780504531475,0.9264515897739247,0.07323727982402567
personalized,A060,171,2026-07-03,1,0,-0.0862089082373092,0.9618523194318142,0.03480989346515137
personalized,A061,114,2026-05-21,0,1,0.029209621993127044,0.18746987650148036,0.15622489708456697
personalized,A061,124,2026-05-29,0,1,0.024232633279483107,0.48427555737519595,0.16142518579173198
personalized,A061,159,2026-06-25,0,1,0.1135776974703151,0.6661700503287303,0.16654251258218258
personalized,A062,131,2026-06-05,1,0,-0.06475668332443829,0.9000011624971768,0.09969243646122573
personalized,A062,132,2026-06-05,1,0,-0.0707103188743361,0.9485499870133036,0.04977813342926957
personalized,A062,133,2026-06-08,1,0,-0.1693130439813857,0.9700721910262531,0.02748079861264173
personalized,A062,134,2026-06-08,1,0,-0.1581875993640699,0.9840617511795086,0.013743879206417717
personalized,A062,135,2026-06-09,1,0,-0.11492497438003679,0.9902975684467769,0.005501653158037649
personalized,A062,138,2026-06-10,1,0,-0.13578630352232557,0.9898074374621665,0.005498930208123147
personalized,A062,139,2026-06-11,1,0,-0.16944261469651622,0.9921391769645436,0.0027483079694308687
personalized,A062,140,2026-06-11,1,0,-0.1447391574868403,0.9951098603565877,0.0027489222661784187
personalized,A062,170,2026-07-02,1,0,-0.11078012930011316,0.9284804076299316,0.069443132980632
personalized,A062,171,2026-07-03,1,0,-0.0955131072155907,0.9625125109945103,0.03345631722708191
personalized,A063,97,2026-05-11,0,1,0.05512474713418736,0.6294181256196161,0.11655891215178076
personalized,A063,159,2026-06-25,0,1,0.11964342846268616,0.9216494909740419,0.07809779309368015
personalized,A063,171,2026-07-03,1,0,-0.06265137612929006,0.9146304152191091,0.08522346630993363
personalized,A063,180,2026-07-09,1,0,-0.05951743851889646,0.9447060335063007,0.020790185596529506
personalized,A064,171,2026-07-03,1,0,-0.07230927435989287,0.9359954948897257,0.06339273707062168
personalized,A066,97,2026-05-11,0,1,0.06566779819735458,0.7666803690495508,0.10360545527696634
personalized,A066,167,2026-07-01,0,1,-0.026053925187378923,0.5514005296766922,0.111079881079108
personalized,A066,180,2026-07-09,1,0,-0.06855433375483955,0.9710885100526461,0.028722931136833375
personalized,A067,93,2026-05-07,0,1,0.022556390977443552,0.6077049109238691,0.10256622969179226
personalized,A067,159,2026-06-25,0,1,0.05580029368575623,0.19536309276893898,0.16280257730744915
personalized,A068,133,2026-06-08,1,0,-0.14813455133287146,0.9134570604612863,0.028971045368261537
personalized,A068,134,2026-06-08,1,0,-0.13681063015196193,0.9570349234736452,0.04290856366982717
personalized,A068,178,2026-07-08,1,0,-0.06652260760057127,0.9042313124503464,0.0953819064976092
personalized,A068,180,2026-07-09,1,0,-0.05761085316809622,0.9660840347254609,0.033640668437505516
personalized,A069,136,2026-06-09,0,1,0.0794950206471261,0.7070413168176906,0.06465855663627715
personalized,A069,178,2026-07-08,1,0,-0.06572015576913681,0.9028068884216506,0.09674749509312669
personalized,A069,180,2026-07-09,1,0,-0.056834402502730974,0.9644974477701259,0.03517458979711347
personalized,A070,167,2026-07-01,0,1,0.008998359302550663,0.584618204604649,0.11882483833427825
personalized,A070,171,2026-07-03,1,0,-0.09480484886382867,0.9287308281999378,0.04497485850847156
personalized,A071,133,2026-06-08,1,0,-0.1472364269393972,0.9414056790104277,0.05586363369951989
personalized,A071,134,2026-06-08,1,0,-0.13237979698903646,0.9708532807659814,0.02898069494823825
personalized,A071,135,2026-06-09,1,0,-0.086195193081255,0.9846159195510286,0.01243725372064457
personalized,A071,156,2026-06-23,1,0,-0.11335607452112306,0.9451894611804981,0.05125756297074285
personalized,A071,157,2026-06-24,1,0,-0.09636057182096258,0.9725224318680199,0.026672556148279025
personalized,A071,164,2026-06-29,1,0,-0.06834115838895094,0.9057545489911653,0.09117004213040175
personalized,A071,165,2026-06-30,1,0,-0.06043571932455871,0.9514781674118727,0.04559166218848557
personalized,A071,180,2026-07-09,1,0,-0.0712137083105564,0.9716066434621027,0.025932561658241177
personalized,A072,132,2026-06-05,1,0,-0.05296579039274274,0.9341652452296745,0.06552313973582788
personalized,A072,133,2026-06-08,1,0,-0.15344763668933448,0.9632142099241613,0.036544712571648395
personalized,A072,157,2026-06-24,1,0,-0.08674366057945171,0.932770568828471,0.06698722808343537
personalized,A072,170,2026-07-02,1,0,-0.10407304147461238,0.917826815060172,0.08215042416921718
personalized,A072,171,2026-07-03,1,0,-0.0877437580359397,0.9591045674478936,0.04062372729290577
personalized,A072,178,2026-07-08,1,0,-0.09078861677798478,0.9432819409012603,0.056692542429257496
personalized,A072,180,2026-07-09,1,0,-0.08308202483843896,0.9833890322327834,0.01640880888082512
personalized,A073,92,2026-05-06,0,1,0.1440860215053763,0.6438093855046075,0.3540951620275341
personalized,A073,114,2026-05-21,0,1,0.029209621993127044,0.752302619910244,0.24693902790946942
personalized,A073,124,2026-05-29,0,1,0.024232633279483107,0.7496173877181931,0.2458745031715673
personalized,A073,151,2026-06-19,0,1,0.05148055505093563,0.8120578588409314,0.1342244394778399
personalized,A073,159,2026-06-25,0,1,0.05580029368575623,0.7542091654770574,0.24134693295265836
personalized,A076,159,2026-06-25,0,1,0.03552998138436414,0.881017893390197,0.05405017750860105
personalized,A076,165,2026-06-30,1,0,-0.06380129757134667,0.9211652356419292,0.07849199357564458
personalized,A076,169,2026-07-02,1,0,-0.15521868570583297,0.9488299294463475,0.05070480576652172
personalized,A076,170,2026-07-02,1,0,-0.1599024191116849,0.9738754004445785,0.02572403005443257
personalized,A077,167,2026-07-01,0,1,-0.04443795465406464,0.9459353530221907,0.05310514262580719
personalized,A077,168,2026-07-01,1,0,-0.09932473848689172,0.9691558373264115,0.026461592828024887
personalized,A078,128,2026-06-02,0,1,0.0,0.6115868196326797,0.1118756377376853
personalized,A078,132,2026-06-05,1,0,-0.07275023800771052,0.9346979251109228,0.06507620715474724
personalized,A078,133,2026-06-08,1,0,-0.170008252506878,0.963324152287843,0.03606604838217308
personalized,A078,134,2026-06-08,1,0,-0.15756433696978234,0.9816617727368123,0.018038621329232125
personalized,A079,167,2026-07-01,0,1,0.0014970059880239361,0.6226082590943787,0.37413615569432845
personalized,A080,124,2026-05-29,0,1,0.01740331718327548,0.6822590610746786,0.3175458548926489
personalized,A080,156,2026-06-23,1,0,-0.1155466306129509,0.9646303238513702,0.03499522645758919
personalized,A080,159,2026-06-25,0,1,0.05580029368575623,0.6348250150204708,0.1215001491347161
personalized,A080,170,2026-07-02,1,0,-0.11262896320925786,0.9313466585614878,0.06830817677866248
personalized,A080,173,2026-07-06,0,1,0.03392568659127626,0.5129870665192765,0.486867562114018
personalized,A082,97,2026-05-11,0,1,0.06235997012696015,0.5626388056631721,0.2813194028315861
personalized,A082,98,2026-05-11,0,1,0.033858410284265616,0.6480273481061002,0.08452530627470872
personalized,A082,132,2026-06-05,1,0,-0.05106101514806505,0.906614629698997,0.08912482800430818
personalized,A082,156,2026-06-23,1,0,-0.13600891861761422,0.9114615352540492,0.08286013956854993
personalized,A082,157,2026-06-24,1,0,-0.11390456644433045,0.9556266385997838,0.04313592465901802
personalized,A082,163,2026-06-29,1,0,-0.059545561418840154,0.9519395629557554,0.016584312943480062
personalized,A082,168,2026-07-01,1,0,-0.10386664160132542,0.9379423612482095,0.05614443711697029
personalized,A082,172,2026-07-03,1,0,-0.11259627809642792,0.9201857727364449,0.07640531686981311
personalized,A082,174,2026-07-06,1,0,-0.0796201632981921,0.9419303113496563,0.05325401053566962
personalized,A082,176,2026-07-07,1,0,-0.13942034647973345,0.9499687451426373,0.046339938787445724
personalized,A082,177,2026-07-08,1,0,-0.16426382983551535,0.9713514001430347,0.023127414289119873
personalized,A082,178,2026-07-08,1,0,-0.1844925209522308,0.9837545770551245,0.013204759423558718
personalized,A082,179,2026-07-09,1,0,-0.15006130194244027,0.9909707735182383,0.0066064718234549215
personalized,A082,180,2026-07-09,1,0,-0.18017478580580426,0.99393504583756,0.0033021097868357473
personalized,A083,134,2026-06-08,1,0,-0.12374872930825542,0.9432390247597201,0.05329034038190509
personalized,A083,135,2026-06-09,1,0,-0.0742794960584755,0.9591079925091502,0.013358050034946382
personalized,A084,132,2026-06-05,1,0,-0.05294659704243265,0.9330851255286601,0.0660825159722847
personalized,A084,157,2026-06-24,1,0,-0.08545725801064374,0.940618077533353,0.054214298416907954
personalized,A084,178,2026-07-08,1,0,-0.09127080017665046,0.9203785566916447,0.033837446937192824
personalized,A084,179,2026-07-09,1,0,-0.052068275437190614,0.9593843576523146,0.03620318330763451
personalized,A085,93,2026-05-07,0,1,0.022556390977443552,0.6085787833960221,0.10456680127079418
personalized,A085,133,2026-06-08,1,0,-0.14375390291785206,0.9244638452862378,0.07147916329532766
personalized,A085,134,2026-06-08,1,0,-0.12674179040249212,0.9608174409344948,0.03576243576679261
personalized,A085,135,2026-06-09,1,0,-0.07954938958350222,0.9793013751826077,0.016719779576288424
personalized,A085,159,2026-06-25,0,1,0.04853628035015789,0.9449934760876139,0.051411562170569663
personalized,A085,180,2026-07-09,1,0,-0.07585204244311594,0.9694882384462578,0.030094978577045697
personalized,A087,134,2026-06-08,1,0,-0.11960054571354051,0.9437027679717424,0.053925872455528136
personalized,A087,135,2026-06-09,1,0,-0.07004428360554249,0.9702246739190469,0.024030332480967104
personalized,A087,171,2026-07-03,1,0,-0.06503911678845675,0.9222377801747447,0.07731334684099656
personalized,A087,177,2026-07-08,1,0,-0.07344043845037873,0.9008419458761082,0.09594766287437839
personalized,A087,178,2026-07-08,1,0,-0.09230352355975346,0.9487688295668613,0.05049469961280214
personalized,A087,179,2026-07-09,1,0,-0.05166405016320552,0.9745910937302423,0.02396535476385842
personalized,A088,114,2026-05-21,0,1,0.029209621993127044,0.39708695569824043,0.14181676989222872
personalized,A088,159,2026-06-25,0,1,0.06518518518518523,0.3801015013744978,0.1583756255727074
personalized,A090,159,2026-06-25,0,1,0.05580029368575623,0.4814079663131372,0.16046932210437906
personalized,A091,136,2026-06-09,0,1,0.03870967741935494,0.16828657007842138,0.14023880839868447
personalized,A091,159,2026-06-25,0,1,0.14490445859872603,0.4259163456755071,0.1552173271412198
personalized,A092,97,2026-05-11,0,1,0.0683439729628239,0.7004234546017276,0.07504537013589939
personalized,A092,124,2026-05-29,0,1,0.03891847603441212,0.2764739024334936,0.055294780486698725
personalized,A092,134,2026-06-08,1,0,-0.13270007337562828,0.9266081920206978,0.07261819686682584
personalized,A092,135,2026-06-09,1,0,-0.08058052939371685,0.9647768536295956,0.0349768043611938
personalized,A092,137,2026-06-10,1,0,-0.07433096813627782,0.9887163539718772,0.008749702247538736
personalized,A092,138,2026-06-10,1,0,-0.09903795466526089,0.9913186127900824,0.0029156429787943598
personalized,A092,140,2026-06-11,1,0,-0.10920283029201072,0.9913000403696849,0.002915588354028485
personalized,A092,157,2026-06-24,1,0,-0.1077248482619092,0.9169293129758415,0.028743865610527945
personalized,A092,159,2026-06-25,0,1,0.02503128351805506,0.7346054989856814,0.08850668662478088
personalized,A094,97,2026-05-11,0,1,0.06304765413256863,0.9143025244984129,0.08205279066011398
personalized,A094,133,2026-06-08,1,0,-0.1537943851923822,0.9266416830627399,0.04100184438330707
personalized,A094,159,2026-06-25,0,1,0.1135776974703151,0.6035674143403482,0.12706682407165226
personalized,A095,97,2026-05-11,0,1,0.09107415577804168,0.6439571244519008,0.35288850419964163
personalized,A095,157,2026-06-24,1,0,-0.06919086438051614,0.9013975372723284,0.09526965841089649
personalized,A095,167,2026-07-01,0,1,0.0014970059880239361,0.6835986284883853,0.31607248413979105
personalized,A095,169,2026-07-02,1,0,-0.12218185307471874,0.9095111540892883,0.08763518932631163
personalized,A095,170,2026-07-02,1,0,-0.12397650089936307,0.9533065240514328,0.04494497259795837
personalized,A095,171,2026-07-03,1,0,-0.11112342842726142,0.9749907514422418,0.021298341657718874
personalized,A096,128,2026-06-02,0,1,0.0,0.6241458752700881,0.12482917505401762
personalized,A096,131,2026-06-05,1,0,-0.06657682639230822,0.9411610249765645,0.05728806238987784
personalized,A096,132,2026-06-05,1,0,-0.07542489889178061,0.9676622912871039,0.027258092712312786
personalized,A096,133,2026-06-08,1,0,-0.1748410409783071,0.9801228894874909,0.016290131127215918
personalized,A096,134,2026-06-08,1,0,-0.16537506112469447,0.9884341751469851,0.008146435509453173
personalized,A096,135,2026-06-09,1,0,-0.1232255106877288,0.9944030864532957,0.005433896647285769
personalized,A096,156,2026-06-23,1,0,-0.12984898669511036,0.9625838614727799,0.034472700273129854
personalized,A096,157,2026-06-24,1,0,-0.11450346097373387,0.9789609492032941,0.015918064214687708
personalized,A096,165,2026-06-30,1,0,-0.06112308165867819,0.9158099545954332,0.08095557609683388
personalized,A096,168,2026-07-01,1,0,-0.081297671579045,0.9624256842828985,0.032838671642198634
personalized,A096,169,2026-07-02,1,0,-0.15050946484900318,0.9795247121381702,0.02014446708767445
personalized,A096,170,2026-07-02,1,0,-0.15962535535913336,0.9893136382480388,0.010069350007613626
personalized,A096,171,2026-07-03,1,0,-0.150899902491189,0.9944404012056415,0.005035141271927298
personalized,A096,179,2026-07-09,1,0,-0.08942895488706148,0.9377297131513019,0.036066527428896225
personalized,A096,180,2026-07-09,1,0,-0.11954091699761649,0.966713722133442,0.031184313617207804
personalized,A097,97,2026-05-11,0,1,0.09098832142234614,0.4241258274739617,0.13253932108561303
personalized,A098,151,2026-06-19,0,1,0.07625477517652857,0.703619166911459,0.10701432196371999
personalized,A099,173,2026-07-06,0,1,0.03392568659127626,0.3604046398042823,0.18020231990214114
personalized,A100,135,2026-06-09,1,0,-0.05079984235577062,0.934944562195389,0.06328855497938018
personalized,A100,157,2026-06-24,1,0,-0.09318786689065472,0.9272301765153941,0.04332851292128009
personalized,A100,180,2026-07-09,1,0,-0.05090773306779983,0.9643971884054932,0.03157975679917232
