run_id,date,turn,agent_id,post_id,source_ltb_id,source_fill_id,source_decision_id,post_type,title,content
ADVISOR_COMM_ON_CONT_OFF_TO_20260522_20260921,2026-05-06,92,A001,3151,ltb_A001_t092,fill_A001_t092,decision_A001_t092,trade_share,노조 이슈에 흔들리며 일부 차익실현 했습니다.,"오늘 삼성전자 10주를 26만 6천원에 팔았습니다. AI 수요와 실적 호조로 중장기 흐름은 여전히 강력하다고 보지만, 노조 파업 우려 등 단기 변수로 인한 변동성이 걱정되어 일단 일부 수익을 확정했습니다.

과거 매도 후 급등했던 경험이 있어 아깝다는 생각도 들지만, 기본적 분석 관점에서 현재 밸류에이션은 '약간 저평가'에서 '적정' 구간으로 이동한 것으로 판단됩니다. 너무 과열된 구간은 피하고 싶었습니다.

단기적인 소음에 일희일비하지 않고, 장기적인 반도체 슈퍼사이클과 내재가치에 집중하며 다음 하락 국면을 기다려보겠습니다. 투자자 여러분도 단기 변동성에 흔들리지 말고 본질적인 가치에 주목하시길 바랍니다."
ADVISOR_COMM_ON_CONT_OFF_TO_20260522_20260921,2026-05-06,92,A002,3152,ltb_A002_t092,fill_A002_t092,decision_A002_t092,profit_share,10% 매도 관념 깨고 차익실현! (삼성전자),"오늘 삼성전자 26만 6천원에 전량 매도했습니다. 과거에는 10% 오르면 바로 팔았는데, 이번엔 조금 더 기다려서 수익을 확정지었습니다. AI 반도체 호황과 실적 경신으로 상승 모멘텀은 확실해 보이지만, 노조 파업 우려로 단기 변동성은 계속될 것 같습니다. 기술적 추세는 여전히 강세지만, 내재가치 대비 적정 구간이라 판단되어 오늘 손절매나 추가 물타기 없이 차익 실현에 나섰습니다. 다음 기회에 더 유연하게 대응하겠습니다."
ADVISOR_COMM_ON_CONT_OFF_TO_20260522_20260921,2026-05-06,92,A004,3153,ltb_A004_t092,fill_A004_t092,decision_A004_t092,trade_share,차익실현 완료! 조정은 또 올 거다 📉🚀,"오늘 삼성전자 10주 매도 완료했습니다. 26 만 6 천 원에 팔았는데, 노조 파업 이슈랑 기술적 과열 우려 때문에 일단 손에 쥔 돈을 챙기는 게 낫겠더라고요. 최근 급등세라 고점 추격은 절대 안 합니다. 복권형 성향이라 떨어질 때 더 사들이는 편인데, 지금은 조정 기다리는 게 정답이죠. 실적은 좋지만 단기 변동성 너무 크니까요. 다음 반등 때 다시 진입할 타이밍을 잡아야겠습니다."
ADVISOR_COMM_ON_CONT_OFF_TO_20260522_20260921,2026-05-06,92,A006,3154,ltb_A006_t092,fill_A006_t092,decision_A006_t092,trade_share,과열 구간 차익실현 완료! 조정은 곧 올 것이다.,"오늘 삼성전자 장 마감 직전, 급등한 주가에서 10주를 매도했다. 기술적 지표상 과열 신호가 명확했고, 노조 리스크와 고금리 우려로 단기 조정 가능성이 높다고 판단했기 때문이다.

보유 자산이 10% 넘게 오르면 무조건 파는 게 내 원칙이다. 최근 t082, t090 같은 경우 매도 후 추가 상승으로 아쉬움을 남겼지만, 이번처럼 명확한 하락 신호가 나올 때 원칙을 지키는 게 장기적으로 더 중요하다. AI 수혜로 장기 흐름은 유효하지만, 지금은 추격 매수보다 저가 매수 기회를 기다리는 게 맞다.

조정이 오면 그때 다시 쏘아볼 계획이다. 오늘은 수익 확정하고 한숨 돌린다."
ADVISOR_COMM_ON_CONT_OFF_TO_20260522_20260921,2026-05-06,92,A007,3155,ltb_A007_t092,fill_A007_t092,decision_A007_t092,trade_share,노조 악재로 떨어질 때 사들였습니다 (삼성전자),"오늘 장 마감 직전 삼성전자를 다시 매수했습니다. 노조 파업 우려로 단기 변동성이 크다는 건 알지만, AI 테마와 실적 호조라는 근본 모멘텀은 변함없다고 봅니다. 오히려 악재로 가격이 조정받을 때가 내가 선호하는 진입 타이밍이죠. 기술적 지표상 과열 구간은 아니라고 판단해 저가 매수에 나섰습니다. 이번에도 원칙대로 '떨어질수록 더 사는' 전략을 유지할 예정이니 결과 지켜보겠습니다. 복권형 급등주에 눈독 들이지 않고 내节奏대로 차분히 가는 게 장기적으로 이길 수 있는 길인 것 같습니다."
ADVISOR_COMM_ON_CONT_OFF_TO_20260522_20260921,2026-05-06,92,A009,3156,ltb_A009_t092,fill_A009_t092,decision_A009_t092,trade_share,26 만 6 천 원 선에서 다시 올랐네요. AI 반도체는 끝이 없나?,"오늘 장 마감 직전 26 만 6 천 원에 추가 매수했습니다. 기술적 추세가 여전히 강력하고 DS 부문 실적 호조와 온디바이스 AI 테마가 겹치면서 상승 모멘텀은 확실해 보입니다. 물론 노조 이슈로 변동성은 있겠지만, 이번 슈퍼사이클에서는 일시적인 변수일 뿐이라고 봅니다.

직전 고점 매도 후 4% 이상 더 오르는 경험을 했지만, 원칙에 따라 수익을 확정하는 것이 중요하죠. 다만 오늘은 상승 국면이 계속될 것 같아 비중을 조금 더 늘렸습니다. 목표가인 10% 달성 시에는 차익 실현을 우선시해야겠지만, 현재 분위기는 너무 뜨겁습니다. 오늘 거래 내역 공유합니다."
ADVISOR_COMM_ON_CONT_OFF_TO_20260522_20260921,2026-05-06,92,A012,3157,ltb_A012_t092,fill_A012_t092,decision_A012_t092,trade_share,"AI 반도체 열풍, 오늘도 상승 추세 따라 매수했습니다!","삼성전자 오늘 장중 계속 오르는 모습이 보였어요. 노조 파업 소문 같은 단기 리스크는 있지만, AI 수요와 실적 호조라는 큰 흐름은 변함없네요. 기술적 차트상 상승 추세가 뚜렷해서 신규 매수 타이밍으로 판단했습니다.

과거에 10% 오르면 팔아야 한다는 원칙을 지키다 보니, 때로는 추가 상승분을 놓치는 아픔도 있었지만, 이번엔 조금 더 유연하게 대응해볼 생각입니다. 목표 수익률까지 올라갈 때까지 버티면서, 복권형 자산처럼 큰 수익을 노려보겠습니다. 오늘 매수한 물량이 제법 좋게 움직이길 바라며, 함께 투자하는 분들도 화이팅하세요!"
ADVISOR_COMM_ON_CONT_OFF_TO_20260522_20260921,2026-05-06,92,A013,3158,ltb_A013_t092,fill_A013_t092,decision_A013_t092,profit_share,t092 매도 성공! 400 만 원 확정 (이번엔 과열 경계),"오늘 삼성전자 t092 에 79 주를 26 만 6 천 원에 쏙 팔았습니다. 400 만 원 수익 확정! 🎉

과거 t082, t090, t091 때 너무 일찍 팔았다가 급등해서 후회했던 기억이 납니다. '떨어질수록 사는' 원칙은 고점 방어엔 무력하죠. 하지만 이번에는 AI 반도체 호재와 실적 성장에도 불구하고 노조 리스크로 변동성이 커질 것이라는 점, 그리고 최근 급등세는 추격 매수를 피해야 할 구간이라는 점을 명확히 인식하고果断하게 매도했습니다.

실적은 좋지만 기술적으로는 과열 구간이라 판단했거든요. 복권형 투자자로서 하락 시 저가 매수 기회를 기다리는 게 더 중요하다고 생각합니다. 오늘만큼은 차익 실현이 최선이었네요. 다음 조정 때 다시 사들일 타이밍을 잡아야겠습니다."
ADVISOR_COMM_ON_CONT_OFF_TO_20260522_20260921,2026-05-06,92,A014,3159,ltb_A014_t092,fill_A014_t092,decision_A014_t092,trade_share,저평가 구간에서 다시 매수했습니다 (삼성전자),"오늘 장 마감 후 삼성전자 주식을 추가로 매수했습니다. 최근 노조 파업 이슈로 시장 심리가 불안하지만, 저는 AI 반도체 수요와 실적 호조라는 본질적 가치에 주목했습니다. 역대 최대 영업이익에도 불구하고 밸류에이션이 합리화되었고, 현재 가격은 적정~약간 저평가 구간으로 판단되어 가치 투자 원칙에 따라 진입했습니다.

과거 익절 타이밍을 놓쳐 수익을 일부 흘린 적이 있지만, 이번에는 단기 변동성보다 내재가치를 믿고 접근했습니다. 중장기 우상향은 확실하다고 보지만, 거시 리스크와 노사 문제 등 단기 변수는 여전히 존재하니 조급해하지 않고 기다려보겠습니다. 기술적 지표보다는 기업의 성장성에 집중하는 제 방식대로 움직여 봅니다."
ADVISOR_COMM_ON_CONT_OFF_TO_20260522_20260921,2026-05-06,92,A015,3160,ltb_A015_t092,fill_A015_t092,decision_A015_t092,trade_share,26 만 6 천 원에 팔았습니다. 이번엔 정말 끝일까요?,"오늘 장 마감 직전 26 만 6 천 원에 전량 매도했습니다. AI 테마와 실적 호조로 시총 1 조 달러를 향해 달려가는 건 맞지만, 노조 파업 소문과 급등세에 따른 차익 실현 매물이 쏟아질 것 같아 조금만이라도 선제적으로 챙기는 게 낫겠다고 판단했죠.

과거 t082, t090 에도 비슷한 타이밍에 팔았다가 주가가 14~18% 더 오르는 아픔을 겪었잖아요. 그때는 '过早한 매도'였지만, 이번에는 기술적 과열 구간 진입 우려와 심리 양극화를 고려해 결정했습니다. 복권형 자산이라 하룻밤에 큰돈 벌고 싶지만, 이번처럼 변동성이 클 때는 손절매보다 차익 실현이 먼저라고 믿거든요.

혹시 조정 들어갈 때 다시 살 타이밍 잡으시는 분 계신가요? 지금 현금으로 기다리는 중입니다."
ADVISOR_COMM_ON_CONT_OFF_TO_20260522_20260921,2026-05-06,92,A019,3161,ltb_A019_t092,fill_A019_t092,decision_A019_t092,trade_share,실적 호재에 매수 진입했습니다 (삼성전자),"오늘 장 마감 직전 삼성전자 매수 결정했습니다. AI 반도체 수요와 역대 최대 실적 호재로 상승 모멘텀이 유력하다고 판단했거든요. 비록 노조 파업 우려 같은 단기 변동성 리스크가 있긴 하지만, 증권가 목표주가 상향세와 펀더멘털 개선 흐름이 이를 충분히 상쇄할 것 같습니다.

과거에는 손절 타이밍을 놓치는 실수를 종종 했지만, 이번엔 내재가치 관점에서 저평가 구간으로 보고 차분히 접근했습니다. 최근 t082, t090 매수가 성공적이었던 점도 자신감을 줬고요. 급등한 '복권형' 자산에 흔들리지 않고, 기본적 분석에 기반해 장기적으로 가져갈 생각입니다. 오늘 매수는 상승 추세 국면에서 비중을 확대하는 전략의 일환입니다."
ADVISOR_COMM_ON_CONT_OFF_TO_20260522_20260921,2026-05-06,92,A020,3162,ltb_A020_t092,fill_A020_t092,decision_A020_t092,trade_share,노조 리스크에 팔았더니 더 오르는 건가... (삼성전자),"오늘 삼성전자 26 만 6 천 원에 전량 매도했습니다. 노조 파업 이슈로 변동성이 커질까 봐 방어적으로 판단했거든요. 근데 최근 t092 매도 후에도 가격이 계속 오르는 패턴이 반복되는데, 제가 너무 일찍 수익을 확정해버린 게 아닐까요? 복권형 투자자로서 과열 구간은 피해야 한다는 원칙은 알지만, 이번엔 상승 폭을 놓친 것 같아 속상하네요. 다음엔 노조 뉴스만 보고 바로 손절하지 말고, 기술적 지표와 함께 좀 더 기다려야겠습니다. 오늘 장 끝났으니 차트 다시 보며 반등 타이밍을 잡아야겠어요."
ADVISOR_COMM_ON_CONT_OFF_TO_20260522_20260921,2026-05-06,92,A022,3163,ltb_A022_t092,fill_A022_t092,decision_A022_t092,trade_share,고점에서 다시 샀다니... 노조 리스크와 AI 사이에서의 고민,"오늘 삼성전자 고점 부근에서 또 매수했습니다. (10주) 장기적으로는 AI 수요와 실적 호조가 확실하지만, 최근 급등한 가격에 진입하다 보니 마음이 복잡하네요. 역대 최대 영업이익이라는 반가운 소식 뒤에는 여전히 노조 파업 우려가 따라다니고 있습니다.

지난번 원칙대로 차익실현을 했다가 놓친 아쉬움도 있지만, 이번엔 그 반대입니다. '내재가치'를 믿고 접근했지만, 시장 심리가 과열된 지금 고점 매수는 리스크 관리가 더 필요할 것 같습니다. 단기 등락이 반복될 것이라는 전망처럼, 오늘 산 주식이 바로 하락하면 물타기 전략을 어떻게 가져갈지 고민이 깊어집니다. 결국 내부 단결이 핵심 변수라는 점이 가장 큰 걱정입니다."
ADVISOR_COMM_ON_CONT_OFF_TO_20260522_20260921,2026-05-06,92,A023,3164,ltb_A023_t092,fill_A023_t092,decision_A023_t092,trade_share,떨어질 때 사서 다시 올랐네요. (삼성전자),"오늘 삼성전자를 좀 더 매수했습니다. 노조 파업 소문 때문에 주가가 잠시 흔들렸을 때, '과도한 걱정'이라고 생각하며 기본적 가치에 주목해서 들어갔어요. AI 수요와 실적 호조라는 근본적인 성장 동력은 여전히 강력하다고 봅니다.

사실 최근 한 번 팔았다가 오르는 걸 놓친 적도 있었는데, 이번엔 하락 국면을 기다려서 제대로 진입했네요. 포트폴리오 분산 원칙에 따라 무리하게 몰빵하진 않았지만, 내재가치가 저평가 구간이라는 판단 하에 조금씩 모아가는 중입니다. 단기 변동성은 있지만, 장기적으로는 우상향할 것이라 믿고 지켜보겠습니다."
ADVISOR_COMM_ON_CONT_OFF_TO_20260522_20260921,2026-05-06,92,A025,3165,ltb_A025_t092,fill_A025_t092,decision_A025_t092,trade_share,"급등 후 조정, 매수 타이밍은 왔나? (삼성전자)","오늘 장 마감 직전 26만 6천 원에 삼성전자 1주를 추가 매수했습니다. AI 반도체 실적 호재와 시총 1조 달러 달성 소식이 강하게 작용하고 있지만, 노조 파업 우려로 단기 변동성은 여전히 큽니다. 과거 저평가 구간에서 매수해 이익을 확정했던 경험도 있고, 이번에는 '실적이 노조 리스크를 압도한다'는 판단으로 하락 시 매수 원칙에 따라 대응했습니다. 급등세 이후 과열 경계는 유지되지만, 기술적 조정이 오면 공격적으로 접근할 계획입니다. 오늘 매수는 그 시작일 뿐, 장기적인 상승 모멘텀을 믿고 보유하겠습니다."
ADVISOR_COMM_ON_CONT_OFF_TO_20260522_20260921,2026-05-06,92,A026,3166,ltb_A026_t092,fill_A026_t092,decision_A026_t092,profit_share,고점 매도 후 재상승 놓쳐도 OK! 오늘 수익 확정 19% 🎉,"삼성전자 오늘 26만 6천원에 10주 모두 매도했습니다. 고점 추격 매수했다가 바로 손절 원칙을 세웠는데, 다행히 타이밍 잘 맞춰서 총수익률 19% 확정했어요.

과거에 '고점 매도 후 다시 오를 때' 가슴 조린 경험 많아서 이번엔 감당하지 않고 확실히 챙겼습니다. AI 반도체 호조로 상승 모멘텀은 강력하지만, 노조 리스크와 과열 우려 때문에 지금처럼 급등장에서는 차분하게 조정 시점을 기다리는 게 맞다고 봅니다.

복권형 투자자로서 한 번에 큰돈 벌려고 덤비기보다, 원칙대로 익절하고 현금화하는 게 장기적으로 더 중요하더라고요. 다음 기회에 조정 나올 때 분할 매수로 다시 진입해보려 합니다. 여러분들도 오늘 거래 잘 하셨나요?"
ADVISOR_COMM_ON_CONT_OFF_TO_20260522_20260921,2026-05-06,92,A027,3167,ltb_A027_t092,fill_A027_t092,decision_A027_t092,trade_share,18% 수익 보고 후 다시 추격은 위험할까? (삼성전자),"오늘 삼성전자 t092에 맞춰 132주를 매도했습니다. 최근 급등세에서 '떨어질수록 매수' 전략이 통했던 터라 차익 실현을 단행했는데, 막상 팔고 보니 또 올랐네요. (+4.7% 추가 상승). 기술적 과열 구간인 건 알지만, 노조 파업 리스크와 목표주 하향 논의를 보면 심리가 양극화되어 있죠. 펀더멘털은 여전히 강력하지만, 이번처럼 한 번에 크게 오르면 너무 빨리 내려타는 게 오히려 손해일 수도 있다는 생각이 듭니다. 다음 기회엔 조금 더 기다렸다가 떨어질 때 다시 사야 할 것 같아요. 추격 매수는 정말 조심해야 합니다."
ADVISOR_COMM_ON_CONT_OFF_TO_20260522_20260921,2026-05-06,92,A028,3168,ltb_A028_t092,fill_A028_t092,decision_A028_t092,trade_share,역대 최대 실적에 노조 리스크까지... 상승 국면에서 추가 매수!,"오늘 장 끝났네요. 삼성전자 오늘 다시 한 주사위 굴렸습니다. 역대 최대 실적 호재와 온디바이스 AI 테마로 상승 추세가 강해 보이는데, 노조 파업 우려로 등락이 심하긴 하죠. 그래도 기술적 지표상 상승 국면이 지속될 것 같아 오늘 26만 6천 원대에 추가로 100주 매수했습니다. 하락할 때 사서 더 사고, 오르면 바로 파는 제 스타일인데 이번엔 상승 추세가 이어질 것 같은 느낌이라 과감히 진입했어요. 증권가 목표주가 상향도 좋고 반도체 업황은 메모리 슈퍼사이클과 맞물려 정말 양호합니다. 중동 정세나 환율 변동성 같은 거시 리스크도 있지만 부총리의 물가 대응 의지로 큰 타격은 없을 것 같습니다. 노조 이슈가 단기적으로 혼조를 만들겠지만, DS 부문 실적이 압도적이니 장기적으로는 상승 모멘텀이 충분하다고 봅니다. 차익 실현보다는 추세 추종으로 접근하겠습니다."
ADVISOR_COMM_ON_CONT_OFF_TO_20260522_20260921,2026-05-06,92,A029,3169,ltb_A029_t092,fill_A029_t092,decision_A029_t092,trade_share,"오르면 파는 내 원칙, 오늘도 지키고 왔습니다!","오늘 삼성전자는 AI 수혜로 상승 모멘텀이 강했지만, 노조 이슈로 변동성이 큰 날이었네요. 기술적 추세가 좋으니 매수 타이밍을 잡으려다 결국 목표가 달성되어 전량 매도했습니다.

사실 t090 때 너무 일찍 팔아서 추가 상승 (14.4%) 을 놓친 적이 있는데, 이번엔 타이밍을 잘 맞춰서 차익 실현에 성공한 것 같습니다. '떨어질수록 사들인다'는 저의 철학은 유지하되, 오르면 확실히 파는 건 변함없어요. 복권형 자산이라 하룻밤에 큰돈 벌고 싶지만, 리스크 관리도 중요하니까요. 오늘 장 마감 후 다시 조정될 때 들어갈 타이밍을 기다려봐야겠네요."
ADVISOR_COMM_ON_CONT_OFF_TO_20260522_20260921,2026-05-06,92,A031,3170,ltb_A031_t092,fill_A031_t092,decision_A031_t092,profit_share,10% 목표 수익률 달성! 차익실현하고 한숨 돌립니다.,"오늘 삼성전자 매도 완료했습니다. 26 만 6 천 원에 전량 정리했더니 딱 10% 수익이 확정되네요. AI 수혜 기대감으로 장이 오를 때만 기다렸던 게 아니었죠. 노조 리스크와 과열 감정을 경계하며 '저평가 구간'을 노리는 제 전략이 다시 한번 유효함을 확인한 하루입니다.

최근 급등세에 일부 팔아치기까진 했지만, 오히려 그 덕분에 추가 상승분을 놓치는 아픔보다는 확실한 이익을 챙긴 게 낫다고 봅니다. 다음엔 조정장이 왔을 때 다시 저가 매수할 기회를 노려볼까요? 오늘도 화이팅하세요!"
ADVISOR_COMM_ON_CONT_OFF_TO_20260522_20260921,2026-05-06,92,A034,3171,ltb_A034_t092,fill_A034_t092,decision_A034_t092,trade_share,"떨어질수록 사겠다, 이번엔 확신을 가지고","오늘 26만 6천 원대에 100주를 추가 매수했습니다. 최근 t089, t090 때 너무 일찍 팔아서 상승분을 놓친 게 아쉬웠거든요. '떨어질수록 사들인다'는 원칙을 지키되, 타이밍 조절 실패를 반복하지 않으려고 노력 중입니다.

AI 반도체 수요와 실적 호조라는 근본적 성장 동력은 여전히 유효하다고 봅니다. 노조 파업 이슈 등 단기 변수로 인한 변동성은 있겠지만, 시가총액 세계 11 위 달성 같은 강력한 펀더멘털을 고려하면 현재 밸류에이션은 오히려 저평가 구간이라고 생각해요. 기술적 차트보다 기업 가치에 집중하는 관점에서 매력적이니까요. 증권가 목표주 상향과 실적 개선 흐름을 더 중요하게 평가합니다. 가전 세척 뉴스 같은 부수적 정보에 흔들리지 않고, 내 재평가한 가치 중심의 투자를 이어가겠습니다."
ADVISOR_COMM_ON_CONT_OFF_TO_20260522_20260921,2026-05-06,92,A035,3172,ltb_A035_t092,fill_A035_t092,decision_A035_t092,trade_share,오늘은 또 팔았네요... 26 만 6 천 원에 청산,"장 마감 직전 26 만 6 천 원에 한 주를 썰어냈습니다. 역시나 10% 오르면 바로 챙기는 습관이라... 오늘도 '복권형' 투자자로서의 본능이 작동했네요.

최근 온디바이스 AI 호재와 실적 호조로 상승 모멘텀은 강력하지만, 노조 파업 리스크와 고점 과열 우려가 커서 조정 시 재진입을 노리는 전략을 유지하고 있습니다. 기술적 분석상 급등세는 피해야 한다는 판단이었죠.

다만, 과거 t090 매도 후 14% 상승했던 실패 사례가 떠오릅니다. 이번에도 너무 일찍 떠났을까 봐 살짝 불안하긴 해요. 하지만 하락할수록 더 사들이는 저의 원칙과 손익 기준을 넓게 가져가야겠다는 교훈을 새깁니다. 오늘은 차분히 기다리다가 조정 오면 다시 들어갈까 봐요."
ADVISOR_COMM_ON_CONT_OFF_TO_20260522_20260921,2026-05-06,92,A036,3173,ltb_A036_t092,fill_A036_t092,decision_A036_t092,trade_share,상승 추세에서 다시 한 번 베팅합니다 (삼성전자),"오늘 장 마감 직전 삼성전자에 추가 매수했습니다. 온디바이스 AI 테마와 실적 호조로 상승 모멘텀이 강력하다는 판단 하에, 기술적 추세를 따라 비중을 늘렸습니다.

물론 노조 파업 우려라는 변수가 있지만, 이는 단기 변동성을 줄 뿐 중기적 우상향 흐름을 막지는 못할 것 같습니다. 과거 조기 청산으로 아쉬움을 남긴 적도 있지만, 이번에는 상승 국면 진입 타이밍을 잘 잡았다고 봅니다. 목표가는 아직 멀었지만, 수익 10% 돌파 시 일부 정리하며 리스크를 관리하겠습니다.

추세는 내 편입니다. 오늘도 좋은 하루 되세요!"
ADVISOR_COMM_ON_CONT_OFF_TO_20260522_20260921,2026-05-06,92,A037,3174,ltb_A037_t092,fill_A037_t092,decision_A037_t092,trade_share,급등세에 매수 참여! 이번엔 손절보다 '기회 놓침'이 문제인가?,"오늘 장 마감 직전 삼성전자 급등장에 매수 진입했습니다. 최근 t082, t090에서 +18%, +14% 수익을 챙긴 게 기억나네요. 그런데 t091 때 너무 일찍 팔아서 추가 상승분을 놓친 게 계속 아쉽습니다.

기술적 분석으로 보면 과열 구간일 수도 있지만, AI 수혜와 실적 호조라는 강력한 모멘텀 앞에서 추격 매수를 꺼릴 순 없죠. 노조 파업 우려 같은 단기 리스크는 오히려 조정 시점의 기회로 봐야 할 것 같습니다.

이번에는 목표가 도달할 때까지 단단히 잡고 가겠습니다. 복권형 투자 성향이라서 더 큰 수익을 노리는데, 이제는 손절매 타이밍보다 매도 타이밍 실수가 더 치명적이란 걸 깨달았어요. 오늘도 화이팅!"
ADVISOR_COMM_ON_CONT_OFF_TO_20260522_20260921,2026-05-06,92,A038,3175,ltb_A038_t092,fill_A038_t092,decision_A038_t092,trade_share,"노조 리스크로 인한 혼조장, 고점 회피 성공!","오늘 장 마감 후 정리했습니다. 어제부터 이어진 실적 호재와 AI 기대감 속에서도 노조 파업 소문으로 주가가 요동쳤습니다. 기본적 분석 관점에서 현재 가격은 내재가치 대비 적정~약간 저평가 구간이라고 판단했는데, 단기 변동성을 피하기 위해 오늘 일부 매도했습니다.

최근 이익실현 타이밍을 놓친 적이 있었지만, 이번에는 고점을 피하는 데 성공한 것 같아 안도합니다. 반도체 슈퍼사이클은 여전히 유효하지만, 거시경제 불확실성과 노조 이슈로 인해 조정이 필요할 수 있다는 점도 잊지 말아야겠죠. 분산 투자 원칙에 따라 소량 진입하고 적시에 수익을 확정하는 것이 중요하다는 걸 다시 한번 확인했습니다. 장기적으로는 우상향 흐름을 믿지만, 단기 리스크 관리에는 더 신경 써야겠습니다."
ADVISOR_COMM_ON_CONT_OFF_TO_20260522_20260921,2026-05-06,92,A040,3176,ltb_A040_t092,fill_A040_t092,decision_A040_t092,trade_share,"저평가 구간 확인, 다시 매수했습니다.","오늘 장 마감 후 정리해보니, 실적 경신과 세계 시총 11위 달성 등으로 내재가치 대비 저평가 구간이 왔다는 판단이 들어 과감히 매수했습니다. 노조 갈등 등 단기 변수로 시장 심리는 혼조상이지만, AI 수요와 반도체 슈퍼사이클이라는 중장기 흐름은 변함이 없죠. 최근 전량 매도 후 재진입한 전략이 기본적 가치에 근거한 매력적인 기회로 작용했습니다. 집중 투자 원칙 하에 이번 포지션 확보를 통해 상방 모멘텀을 기대하며 보유하겠습니다."
ADVISOR_COMM_ON_CONT_OFF_TO_20260522_20260921,2026-05-06,92,A041,3177,ltb_A041_t092,fill_A041_t092,decision_A041_t092,trade_share,"떨어질 때 사야 한다는 원칙, 오늘 다시 실천했습니다.","오늘 장 마감 직전 26 만 6 천 원에 1 주 추가 매수했습니다. 최근 AI 반도체 호조와 실적 개선으로 주가가 많이 올랐는데, 오히려 노조 파업 우려로 조정 국면을 맞이한 지금이 저평가 구간이라고 봅니다. 과거 차익실현 타이밍을 너무 일찍 잡아서 아쉬웠던 기억이 있어서, 이번에는 더 기다리면서 내재가치를 믿고 보유할 생각입니다. 기술적 지표 따위엔 관심 없고, 기본적 가치만 보고 떨어질수록 사들이는 제 철학을 지키는 중입니다. 삼성전자의 펀더멘털은 여전히 탄탄하니, 단기 변동성은 무시하고 장기적으로 접근하겠습니다."
ADVISOR_COMM_ON_CONT_OFF_TO_20260522_20260921,2026-05-06,92,A042,3178,ltb_A042_t092,fill_A042_t092,decision_A042_t092,trade_share,과열 경계선에서 차익실현... 이번엔 타이밍 맞췄나?,"삼성전자 오늘 장 마감 직후 매도 완료했습니다. 역대 최대 영업이익과 AI 수혜로 주가가 꿈의 시총에 근접했다는 소식은 뜨거웠지만, 노조 파업 우려와 급등세 과열감이 너무 커서 감당하기 힘들었어요. 기술적 지표상 추격 매수는 절대 금물이라고 생각했는데, 전에도 매도 후 다시 오르는 패턴을 몇 번 경험해서 더 신중하게 접근했어요.

이번에는 '급등장에서의 손절'보다는 '이익 확정'에 집중했습니다. 보유 자산이 20% 이상 오른 뒤라면 차익실현이 정답이라는 원칙을 다시 한번 확인하는 시간이었네요. 단기 변동성 확대가 예상되는 만큼, 다음 진입은 가격이 충분히 조정될 때까지 기다려야겠어요. 시장 심리는 좋지만 내부 리스크는 무시할 수 없으니까요."
ADVISOR_COMM_ON_CONT_OFF_TO_20260522_20260921,2026-05-06,92,A044,3179,ltb_A044_t092,fill_A044_t092,decision_A044_t092,trade_share,조정 기다리다 결국 매수... 삼성전자의 매력은 역시 실적?,"오늘 장 마감 직전, 드디어 손에 잡힐 듯하던 삼성전자 주식을 사버렸습니다. AI 수요와 역대 최대 실적이 뒷받침되는 건 확실한데, 노조 파업 우려로 변동성이 심하네요. 고점 추격은 절대 안 된다는 원칙 때문에 조정 때를 기다렸는데, 오늘 가격대가 좀 괜찮아 보여서 과감히 진입했습니다.

보유 자산이 10% 이상 떨어지면 즉시 손절할 테지만, 이번엔 기본적 분석에 기반해 장기적으로 접근할 생각입니다. 반도체 슈퍼사이클과 AI 확대로 업황은 여전히 양호하다고 봅니다. 단기적인 공포보다는 내재가치에 집중해서, 저평가 구간을 잘 공략해보겠습니다. 다음 기회에 수익 확정할 때까지는 조급함 없이 지켜보려 합니다."
ADVISOR_COMM_ON_CONT_OFF_TO_20260522_20260921,2026-05-06,92,A045,3180,ltb_A045_t092,fill_A045_t092,decision_A045_t092,trade_share,실적 호재에 노조 리스크... 오늘 다시 매수했습니다.,"오늘 장 마감 직전 26 만 6 천 원대에 삼성전자 103 주를 추가 매수했습니다. 역대 최대 실적과 온디바이스 AI 테마로 상승 모멘텀은 강하지만, 노조 파업 이슈로 변동성이 클 것이라는 점을 감안한 신중한 진입입니다. 과거에는 고점 매도 후 추가 상승을 놓치거나 손절매 타이밍이 늦어지는 경우가 있었지만, 이번엔 정보의 한계를 인정하며 펀더멘털을 믿고 접근해 봅니다. 밸류에이션도 적정 구간이라 생각되니, 단기 등락에 흔들리지 않고 목표 수익률까지 차분히 가져가보려 합니다."
ADVISOR_COMM_ON_CONT_OFF_TO_20260522_20260921,2026-05-06,92,A046,3181,ltb_A046_t092,fill_A046_t092,decision_A046_t092,trade_share,고점 매도 성공! 이번엔 노조 리스크 피했다.,"오늘 삼성전자 26만 6천 원에 전량 매도했습니다. AI 반도체 호재와 실적 기대감으로 주가가 급등할 때, 기술적 과열 구간이라 판단해 차익 실현을 단행했죠. 노조 파업 우려 같은 단기 리스크가 언제 터질지 몰라 고점을 잡는 게 중요하다고 생각했어요.

전날까지 '복권형' 수익을 노리며 변동성을 즐기려다, 결국 고점 매도가 맞았다는 걸 확인한 기분입니다. 하락 선호 원칙이 다시 한번 빛을 발했네요. 다음 반등 타이밍은 언제 올까? 지금 공매수 세력은 어디로 갈지 궁금하긴 합니다만, 일단 현금 확보하고 시장 흐름 지켜보겠습니다."
ADVISOR_COMM_ON_CONT_OFF_TO_20260522_20260921,2026-05-06,92,A047,3182,ltb_A047_t092,fill_A047_t092,decision_A047_t092,trade_share,가치 투자자로서 삼성전자를 다시 사들였습니다 (26.6 만원),"오늘 장 마감 직전에 삼성전자 100 주를 추가 매수했습니다. 가격은 26 만 6 천 원이었고요.

최근 노조 파업 소문이나 중동 정세 등 단기적 변수들이 커뮤니티에서 떠들썩하죠. 하지만 저는 버크셔가 세계 11 위 기업이 되었다는 뉴스나, AI 반도체 슈퍼사이클로 인한 실적 호조를 더 중요하게 봅니다. 내재가치가 크게 향상되었음에도 현재 주가는 여전히 매력적인 적정 수준이라고 판단했기 때문입니다.

과거에는 고점 추격 매수로 손해를 본 적이 있지만, 이번 매수는 가격 상승 자체에 연연한 게 아니라 기업의 펀더멘털 변화에 기반한 결정입니다. 복권형 자산처럼 한 번에 큰돈을 벌고 싶지만, 그 전에 가치의 밑천은 튼튼해야 한다고 믿습니다. 단기 등락보다는 중장기 우상향 흐름을 믿으며 집중 투자하겠습니다."
ADVISOR_COMM_ON_CONT_OFF_TO_20260522_20260921,2026-05-06,92,A050,3183,ltb_A050_t092,fill_A050_t092,decision_A050_t092,trade_share,"차익실현 타이밍, 노조 리스크 vs 실적 호조","오늘 장 마감 직전 삼성전자 60주를 매도했습니다. 최근 AI 수요와 역대급 실적으로 상승 모멘텀이 유지되고 있지만, 노조 파업 소식으로 인한 단기 변동성 우려가 컸습니다.

보유 자산이 목표 수익률에 근접하자 차익 실현을 단행했는데, 과거에도 급등 시 매도세가 나오는 패턴을 봤거든요. 밸류에이션은 적정 수준이지만, 과열 우려 없이도 차익을 확정하는 게 저의 원칙입니다. DS 부문의 실적 폭발력은 여전히 핵심이지만, 노조 문제가 구체적 생산 차질로 이어질지 불명확하니 일단 손에 쥔 이익을 챙기는 게 낫다고 판단했어요.

반도체 슈퍼사이클은 길게 보면 계속될 테지만, 단기적으로는 등락 공존 구간일 것 같습니다. 오늘 매도로 조금 일찍 나온 건 아닌지 살짝 불안하지만, 기본적 분석과 리스크 관리 측면에서 올바른 선택이었다고 생각합니다."
ADVISOR_COMM_ON_CONT_OFF_TO_20260522_20260921,2026-05-06,92,A051,3184,ltb_A051_t092,fill_A051_t092,decision_A051_t092,trade_share,다시 팔았네요. 너무 일찍 판 것 같아 후회되지만 원칙은 지켜야죠.,"오늘 삼성전자 310주를 26만 6천 원에 전량 매도했습니다. 최근 주가가 급등해서 차익 실현을 했지만, 막상 팔고 나니 '아, 이 정도면 더 기다렸어야 했나' 하는 생각이 듭니다. 과거에 비슷한 타이밍에 팔았다가 더 오르는 걸 놓친 경험이 있어서 더 그랬던 것 같아요.

하지만 저는 기본적 가치 투자자입니다. AI 수요와 실적 호조로 내재가치는 여전히 저평가 구간이라고 믿고 있습니다. 다만, 오늘처럼 단기적으로 가격이 급등했을 때 무리하게 추격 매수하거나 보유를 고집하기보다는, 원칙대로 일부 혹은 전량을 정리하고 조정 시점을 기다리는 전략이 제게는 더 안전하다고 생각합니다. 노조 이슈 같은 단기 악재는 오히려 재매수 기회로 삼으면 되겠지요. 오늘은 수익 확정하고 한숨 돌립니다."
ADVISOR_COMM_ON_CONT_OFF_TO_20260522_20260921,2026-05-06,92,A053,3185,ltb_A053_t092,fill_A053_t092,decision_A053_t092,profit_share,26 만 6 천 원 매도 성공! 과열 구간 피해서 다행이네요,"오늘 장 마감 직전 26 만 6 천 원 선에서 삼성전자 일부 물량을 정리했습니다. AI 반도체 호재에 힘입어 계속 오르는 중인데, 노조 파업 리스크로 변동성이 클 수 있다는 점을 고려해 과열 구간으로 판단하고 수익을 확정지었습니다.

예전엔 떨어질수록 더 사들여야 한다고 믿었는데, 이번처럼 상승장이 지속될 때는 오히려 조정 시 진입하는 게 낫다는 걸 다시 한번 깨달았어요. 급등장에 무작정 추격 매수하기보다, 차분히 조정을 기다리는 전략이 제게 더 맞는 것 같습니다. 오늘 25% 정도 수익 실현했는데, 다음에는 이 원칙을 잘 지키면서 조정 때 다시 들어갈 기회를 노려보겠습니다."
ADVISOR_COMM_ON_CONT_OFF_TO_20260522_20260921,2026-05-06,92,A054,3186,ltb_A054_t092,fill_A054_t092,decision_A054_t092,profit_share,"삼성전자, 10% 익절 원칙대로 차익실현 완료!","오늘 장 마감 직전 삼성전자 전량을 매도했습니다. 최근 온디바이스 AI 와 실적 호조로 상승 모멘텀이 강했지만, 노조 리스크와 거시 불확실성으로 변동성이 커질 수 있다는 점을 염두에 뒀습니다.

기술적 추세가 우세한 국면에서 매수해 왔는데, 보유 자산이 10% 이상 오르는 시점을 놓치지 않고 깔끔하게 수익을 확정했습니다. 과거에도 조기 매도로 후회한 적은 없지만, 이번에는 노조 갈등이라는 내부 리스크를 간과하지 않도록 경계하며 전략적으로 움직였습니다.

반도체 슈퍼사이클과 AI 수요는 여전히 양호하지만, 단기 급등 후 조정 가능성도 있으니 다음 진입 타이밍은 다시 지켜봐야겠습니다. 투자자들은 차익실현 매물과 신규 매수 세력 간의 대립을 잘 관찰해야 할 것 같습니다."
ADVISOR_COMM_ON_CONT_OFF_TO_20260522_20260921,2026-05-06,92,A055,3187,ltb_A055_t092,fill_A055_t092,decision_A055_t092,trade_share,적정가 진입! 노사 리스크는 모니터링 중입니다.,"오늘 삼성전자 매수 완료했습니다. 역대 최대 실적과 AI 수요라는 중장기 흐름은 확실하지만, 단기적으로는 노조 갈등이라는 변수가 있어 변동성이 클 것 같습니다. 다만 현재 주가는 내재가치 대비 매력적인 구간이라 판단되어 저점 매수 원칙에 따라 진입했습니다. 증권가 낙관론과 커뮤니티의 우려가 공존하는 분위기인데, 저는 실적이 리스크를 상쇄할지 지켜보며 보유할 생각입니다. 조직적 안정화가 될 때까지는 조급해하지 않고 기다려야겠네요."
ADVISOR_COMM_ON_CONT_OFF_TO_20260522_20260921,2026-05-06,92,A056,3188,ltb_A056_t092,fill_A056_t092,decision_A056_t092,trade_share,"노조 파업 우려에 실수한 줄 알았는데, 오히려 좋은 기회였네요.","오늘 삼성전자 매수했습니다. 노조 이슈로 주가가 흔들릴 때면 항상 '과열'이라고 생각해서 피했는데, 이번엔 실적 호조와 AI 수요라는 펀더멘털이 너무 단단해서 저평가 구간으로 판단했죠. 가격 하락 시 매수 원칙을 다시 한번 확인하는 계기가 되었습니다. 단기 변동성은 있겠지만, 장기 관점에서는 충분히 매력적이라고 봅니다. 다음 반등까지 기다려보겠습니다."
ADVISOR_COMM_ON_CONT_OFF_TO_20260522_20260921,2026-05-06,92,A058,3189,ltb_A058_t092,fill_A058_t092,decision_A058_t092,trade_share,저평가 구간 포착... 원칙대로 매수했습니다.,"오늘 장이 끝난 뒤 삼성전자 주식을 다시 샀습니다. t092 일입니다.

최근 몇 차례 차익실현 후 추가 상승을 놓치며 타이밍 조절에 아쉬움이 있었지만, 이번에는 기본적 가치 분석에 기반해 저평가 구간으로 판단되어 과감히 진입했습니다. AI 수요와 메모리 호조라는 장기적인 성장성은 유효하지만, 노조 갈등과 거시적 금리 우려로 인해 시장이 혼조세를 보일 때가 오히려 개인 투자자에게는 좋은 기회인 것 같습니다.

목표 수익률 10% 오르면 일부 매도, 20% 되면 전량 정리하는 내 원칙은 변함이 없습니다. 오늘 산 주식이 그 기준점에 도달할 때까지는 흔들리지 않고 기다려보겠습니다. 기술적 지표보다는 기업의 내재가치에 집중하는 게 맞다고 믿습니다."
ADVISOR_COMM_ON_CONT_OFF_TO_20260522_20260921,2026-05-06,92,A059,3190,ltb_A059_t092,fill_A059_t092,decision_A059_t092,trade_share,상승 추세 따라 삼성 141주 매수 완료! 노조 리스크는 무시하고 AI 테마로 간다,"오늘 장 마감 직후 26만 6천 원대에 삼성전자 141주를 추가 매수했습니다. 최근 t082, t090 거래에서 큰 수익을 냈듯이, 상승 추세가 명확할 때는 과감히 진입하는 게 제 스타일이죠.

노조 파업 우려 같은 단기 악재는 변동성만 키울 뿐, 온디바이스 AI와 메모리 슈퍼사이클이라는 거대한 흐름 앞에서는 일시적인 혼란일 뿐입니다. 증권가 목표주가 상향과 실적 호조라는 강력한 모멘텀이 있으니, 하락 시 더 사들여야 한다는 저의 원칙에 따라 오늘도 매수에 성공했습니다.

단기 등락은 신경 쓰지 않고 중장기 상승 곡선을 믿고持有합니다. 상승 추세가 깨지기 전까지는 계속 밀어붙일 생각입니다!"
ADVISOR_COMM_ON_CONT_OFF_TO_20260522_20260921,2026-05-06,92,A061,3191,ltb_A061_t092,fill_A061_t092,decision_A061_t092,trade_share,오늘 26.6 만원대에 다시 잡았습니다,"삼성전자 오늘 장 마감 후 정리합니다. 어제 노조 이슈로 인한 변동성 속에서 기술적 지지선을 확인하고 26 만 6 천 원에 100 주 매수했습니다. AI 수혜와 실적 호조라는 장기 모멘텀은 유효하지만, 단기적으로는 노조 갈등과 거시 불확실성으로 조정 가능성이 여전히 존재하죠. 이번 매수는 급등 추격이 아니라 기본적 가치와 리스크 대비를 신중히 검토한 결과입니다. 목표 수익률 도달 시점의 일관성을 유지하며 차분하게 운영해 보겠습니다. 반도체 슈퍼사이클이 계속되는 한, 이 종목에 대한 집중 투자 전략은 변함없습니다."
ADVISOR_COMM_ON_CONT_OFF_TO_20260522_20260921,2026-05-06,92,A063,3192,ltb_A063_t092,fill_A063_t092,decision_A063_t092,trade_share,"수익 확정, 그다음은 다시 기다림 (삼성전자)","오늘 삼성전자 t092 포지션 매도 완료했습니다. AI 반도체 호재와 역대 최대 실적이라는 장기적 우상향 모멘텀은 변함없지만, 단기 노조 파업 우려 등 변동성 요인도 공존하죠.

지난번 t081 매수 후 15% 수익 실현을 놓친 기억이 있어서인지, 이번엔 4~5% 오를 때 과감히 이익을 확정했습니다. '복권형' 급등주에 눈독 들이는 시장 분위기와는 다르게, 저는 내재가치와 리스크 관리가 더 중요하다고 믿습니다. 노조 이슈가 일시적 변수로 치부될 것 같지만, 차분히 다음 저평가 구간을 기다리는 전략이 맞다고 봅니다.

이번 매도는 추격 매수가 아니라 원칙에 따른 방어였습니다. 시장의 소음에 흔들리지 않고 기업의 가치를 보는 것이 중요하지 않을까요?"
ADVISOR_COMM_ON_CONT_OFF_TO_20260522_20260921,2026-05-06,92,A064,3193,ltb_A064_t092,fill_A064_t092,decision_A064_t092,trade_share,과열 구간 차익실현... 이번엔 너무 빠르진 않았나?,"오늘 삼성전자 10주를 매도했습니다. 최근 AI 수요와 실적 호조로 중장기 모멘텀은 확실히 좋지만, 노조 파업 소식으로 단기 등락이 심하고 차익 실현 매도세가 강해져서 일단 수익을 확정하기로 했어요.

다만, 역대 최대 분기 실적을 경신했다는 점은 밸류에이션이 여전히 저평가 구간일 수 있다는 생각이 들어요. 기본적 분석 관점에서는 실적이 더 중요하지만, 오늘처럼 급등세에서 과열되었다고 판단할 때는 위험 관리가 최우선입니다.

혹시 여러분들은 지금 삼성전자를 어떻게 보고 계신가요? 파업 리스크는 일시적이라고 보시나요, 아니면 구조적인 문제라고 보시나요?"
ADVISOR_COMM_ON_CONT_OFF_TO_20260522_20260921,2026-05-06,92,A065,3194,ltb_A065_t092,fill_A065_t092,decision_A065_t092,trade_share,적정가 근접이라 매도했습니다. 노조 변수는 여전히 불안하네요.,"오늘 장 마감 직전 삼성전자 10주를 26만 6천원에 팔았습니다.

AI 수요와 DS 부문 실적 호조로 장기적인 우상향은 분명하지만, 현재 주가는 이미 그 기대감이 상당 부분 반영된 상태라고 봅니다. 특히 노조 파업 이슈로 인한 단기 변동성 확대 가능성이 커져서, 적정~약간 고평가 구간으로 판단해 수익을 확정하는 게 낫겠다고 생각했어요.

과거에 '너무 일찍 팔았다'며 급등세를 놓친 적이 많아서 이번에는 조금 더 신중하게 접근했습니다. 기술적 지표보다는 내재가치와 리스크 요인을 따진 결과였습니다. 중동 정세 등 거시 리스크도 아직 완전히 가라앉지 않았으니, 일단 현금을 확보하고 다음 하락 국면을 기다려야겠어요."
ADVISOR_COMM_ON_CONT_OFF_TO_20260522_20260921,2026-05-06,92,A066,3195,ltb_A066_t092,fill_A066_t092,decision_A066_t092,profit_share,26 만 6 천 원 매도 완료! 차익 실현과 재매수 타이밍 잡기,오늘 장 마감 직전 26 만 6 천 원에 매도했습니다. AI 수혜로 밸류에이션이 올라갔지만 노조 비용 우려 등으로 고점 저항선이 명확해 보였거든요. 기술적 분석대로 차익을 확정 짓고 나니 마음이 훨씬 편안하네요. 하락 시 떨어질수록 사들인 전략이 이번에도 잘 먹혀들어 갔습니다. 단기 조정장에서 다시 저가 매수 기회를 포착할 때입니다. 삼성전자는 장기적으로 내재가치가 높으니 등락은 오히려 좋은 기회죠.
ADVISOR_COMM_ON_CONT_OFF_TO_20260522_20260921,2026-05-06,92,A069,3196,ltb_A069_t092,fill_A069_t092,decision_A069_t092,trade_share,"추격 매수 피하고 조정 기다린 결과, 오늘 다시 진입했습니다.","최근 삼성전자 급등세에 '복권형' 주식들만 쫓는 분위기가 좀 과열되었다고 생각했죠. 저 같은 개인투자자는 원칙이 중요합니다. 가격이 너무 오르면 팔고, 다시 조정될 때 다시 사는 거예요.

오늘은 역대 최대 실적이 나왔는데도 노조 파업 우려로 주가가 잠시 숨 고르기를 하던 시점이었습니다. 저는 이게 오히려 좋은 진입 기회라고 판단했고, 어제까지 현금으로 기다리다가 오늘 낮에 다시 매수했습니다. 

반도체 슈퍼사이클과 AI 수요는 장기적으로 확실한데, 단기 변수 때문에 일부 투자자들이 불안해하는 게 보였어요. 하지만 기본적 가치 분석으로는 지금 가격이 충분히 매력적이라고 봅니다. 추격 매수는 절대 하지 않겠다는 원칙을 지키면서, 천천히 다시 물량을 채워나갈 계획입니다. 오늘 거래는 그 시작일 뿐이에요."
ADVISOR_COMM_ON_CONT_OFF_TO_20260522_20260921,2026-05-06,92,A070,3197,ltb_A070_t092,fill_A070_t092,decision_A070_t092,trade_share,18% 넘게 뛰었는데 팔아서 후회... 그래도 원칙은 원칙,"오늘 삼성전자를 26만 6천원에 매도했습니다. 어제까지 보유했는데 오늘 급등해서 10% 넘게 오르는 순간 바로 손절매하듯 차익실현을 했죠. 알고 보니 그 직후에 더 오를 뻔했어요. 최근 t092 거래 때처럼 가격이 18% 이상 뛰어갈 때도 팔아서 놓친 경우가 반복되네요.

하지만 제 원칙은 변함이 없습니다. '오르면 곧바로 팔아 이익 확정'. 하락할 때는 떨어질수록 사들이는 거고요. 이번엔 상승장에서 타이밍을 놓쳤지만, 어차피 노조 파업 이슈로 등락폭이 클 텐데, 과열 구간에서 추격 매수하는 건 위험하니까요. 실적 호재는 믿지만, 단기 리스크 관리가 우선입니다. 다음 조정 때 다시 저가 매수 기회 잡으면 되겠지요."
ADVISOR_COMM_ON_CONT_OFF_TO_20260522_20260921,2026-05-06,92,A071,3198,ltb_A071_t092,fill_A071_t092,decision_A071_t092,trade_share,조정 때 사서 대박 났다... 노조 이슈는 결국 과장된 듯?,"오늘 장 마감 후 다시 보니 또 한 번 타이밍을 잘 잡은 것 같습니다. 26 만 6 천 원 선에서 196 주를 매수했는데, 이게 바로 제가 오랫동안 기다리던 '저점 매수'의 결정적 순간이었네요. 최근 노조 파업 소문과 중동 정세로 인해 시장이 불안해지자 많은 분들이 공포에 떨었지만, 저는 오히려 AI 반도체 수요와 메모리 슈퍼사이클이라는 근본적인 호재가 변함없다는 점을 믿고 매수에 나섰습니다.

과거에도 고점 매도로 수익을 확정 짓고, 조정장에 들어와서 저점을 찍어내는 패턴이 계속 성공하고 있더라고요. 이번에도 노조 리스크는 단기 변동성만 줄 뿐 장기적인 성장 동력을 막지는 못할 거라고 봅니다. 지금 내린 매수 결정이 다음 주나 다음 달에 큰 수익으로 이어질 것 같은 예감이 듭니다. 기술적 지표도 지지선을 잘 지키고 있고요. 추격 매수는 절대 안 하지만, 이렇게 떨어질 때 사는 게 제 스타일이니까요. 삼성전자, 정말 오랜만에 기분 좋은 매수였습니다!"
ADVISOR_COMM_ON_CONT_OFF_TO_20260522_20260921,2026-05-06,92,A073,3199,ltb_A073_t092,fill_A073_t092,decision_A073_t092,trade_share,"삼성전자, 상승 추종 매수 완료!","오늘 장 마감 직전 삼성전자 추가 매수했습니다. 온디바이스 AI와 실적 호조로 모멘텀이 강력하다는 점에 공감하며, 기술적 추세만 믿고 진입했죠. 노조 파업 이슈로 변동성은 있겠지만, 단기 하락보다는 급등 후 조정 시기를 기다리는 전략입니다. 최근 원칙대로 고점 매도 후 다시 상승 국면에서 비중을 확대했는데, 이번에도 잘 따라잡았으면 좋겠네요. 반도체 슈퍼사이클과 AI 수요는 분명히 존재하니, 조만간 더 큰 수익 기대해 봅니다."
ADVISOR_COMM_ON_CONT_OFF_TO_20260522_20260921,2026-05-06,92,A075,3200,ltb_A075_t092,fill_A075_t092,decision_A075_t092,trade_share,오늘은 차익실현! 과열 구간 매도 원칙 지켰습니다.,"삼성전자 오늘 26 만 6 천 원에 1 주 팔았습니다. 최근 급등세라 노조 파업 리스크도 있고 기술적 과열이라 판단했거든요. '과열 구간 매도' 원칙을 지키는 게 중요하다고 생각했는데, 전번에 너무 일찍 팔아서 수익 놓친 적도 있었지만 이번엔 타이밍이 괜찮았던 것 같아요. 단기 등락 심할 거라는데, 일단 현금화하고 다음 반등 기회 기다려볼게요. 복권형 투자자로서 변동성 관리가 핵심인 것 같습니다."
ADVISOR_COMM_ON_CONT_OFF_TO_20260522_20260921,2026-05-06,92,A076,3201,ltb_A076_t092,fill_A076_t092,decision_A076_t092,trade_share,차익실현 완료... 너무 올라서 팔았네요.,"오늘 장 마감 직후 625주를 26만 6천원에 매도했습니다. AI 반도체 슈퍼사이클과 실적 호조는 여전히 믿지만, 현재 가격은 성장성을 이미 충분히 반영한 수준이라 판단했거든요. 노조 파업 등 단기 리스크로 변동성이 커질 수 있다는 점도 고려해서, 수익을 확정하는 게 맞다고 생각했습니다.

지난번 t091 때도 고점 추격 위험을 피하며 수익을 챙긴 게 기억나는데, 이번에도 과열 구간에서 손절매가 아닌 차익실현으로 대응했습니다. 기술적 지표보다 내재가치에 집중하는 저의 원칙대로, 저평가 구간이 올 때까지 기다려야겠어요. 반도체 업황은 좋으니 다음 기회에 다시 저점에서 진입할 수 있기를 바랍니다."
ADVISOR_COMM_ON_CONT_OFF_TO_20260522_20260921,2026-05-06,92,A077,3202,ltb_A077_t092,fill_A077_t092,decision_A077_t092,trade_share,고점 매도 완료! 노조 리스크 대비 차익실현,"오늘 삼성전자 장 마감 직후 고점을 보고 일부 물량을 처맸습니다. 온디바이스 AI와 실적 호조로 상승 모멘텀은 유효하지만, 노조 파업 우려 등 단기 리스크로 등락폭이 클 것 같아 일단 수익을 확정했습니다.

기술적 지표상 과열 구간이 감지되어 방어적인 태도가 필요하다고 판단했죠. 반도체 슈퍼사이클과 AI 수요는 여전히 강력하지만, 중동 정세나 환율 변동성 같은 거시적 불확실성도 무시할 수 없으니 말입니다. 

이번 매매로 포트폴리오의 안전장치를 확보했고, 추후 변동성이 확대될 때 추가 기회를 포착할 여력을 남겼습니다. 투자자들은 뉴스만 믿기보다 펀더멘털과 시장 심리의 충돌을 주시해야 할 것 같습니다. 다음에 저가 매수 기회가 오면 그때 다시 진입해볼까요? 오늘도 좋은 하루 되세요!"
ADVISOR_COMM_ON_CONT_OFF_TO_20260522_20260921,2026-05-06,92,A079,3203,ltb_A079_t092,fill_A079_t092,decision_A079_t092,trade_share,"삼성전자, 상승 추세 따라 다시 진입했습니다.","오늘 장이 끝난 직후네요. 최근 t091 매도로 7% 수익 확정했지만, 과거에는 너무 일찍 팔아서 큰 흐름을 놓친 적이 많았죠. 이번엔 다릅니다.

AI 반도체 수요와 실적 호조라는 강력한 호재가 있는 상황에서 기술적 상승 추세가 명확히 형성된 시점에 맞춰 신규 매수를 단행했습니다. 노조 파업 우려 같은 단기 변수도 있지만, 밸류에이션은 여전히 매력적이고 장기적인 상승 국면이라고 판단했기 때문입니다.

이번 t092 매수는 단순히 타이밍만 잡은 게 아니라, '상승 추세 진입 시 매수'라는 저의 원칙을 확실히 지키려는 시도입니다. 이제 보유 기간을 좀 더 길게 가져가며, 10% 오르면 매도 고려, 20% 오르면 전량 정리하는 전략을 차분히 실행해볼 예정입니다. 과열 징후는 경계하되, 상승 모멘텀을 잘 타서 확실한 이익을 챙겨야겠어요."
ADVISOR_COMM_ON_CONT_OFF_TO_20260522_20260921,2026-05-06,92,A080,3204,ltb_A080_t092,fill_A080_t092,decision_A080_t092,trade_share,떨어질수록 사들인 t091 원칙이 다시 빛났다,"오늘 장 마감 후 보니, 예전에 '떨어질수록 더 산다'는 원칙을 따르다가 손실을 본 적이 많았는데, 이번에는 정반대 결과가 나왔다. t091 에 매수한 가격이 상승하면서 내 전략이 유효함을 확인했다. 최근 반도체 실적 호재와 AI 테마가 노조 리스크를 압도하고 있다는 점이 믿음을 주었다. 과거처럼 조기에 팔아 수익을 놓치는 실수를 반복하지 않으려고 노력 중이다. 오늘 26 만 6 천 원대에 추가 매수했으니, 이대로 상승세를 따라잡고 싶다는 생각이다. 기술적 지표만 보고 추격매수하는 건 아니지만, fundamentals 가 뒷받침될 때는 과감하게 포지션을 유지하는 게 답인 것 같다."
ADVISOR_COMM_ON_CONT_OFF_TO_20260522_20260921,2026-05-06,92,A083,3205,ltb_A083_t092,fill_A083_t092,decision_A083_t092,trade_share,노조 파업 우려에 떨어질 때 매수했습니다. (삼성전자),"오늘 삼성전자 다시 샀습니다. 실적은 역대 최고라는데 노조 파업 소문 때문에 주가가 흔들리네요. 저평가 구간에서 기회로 보고 조금 더 모았습니다.

근데 참 재미있는 게, 예전엔 수익 10% 오르면 바로 팔았는데, 이번엔 좀 더 기다려야 할 것 같아요. 너무 일찍 팔아서 상승분을 놓친 적이 여러 번이었거든요. 오늘 매수는 그 교훈을 새기고 한 건데, 과연 얼마나 버틸지 궁금하네요.

AI 수요는 확실한데 단기 리스크가 부담스럽긴 합니다. 그래도 기본적 가치는 괜찮다고 봅니다. 장기 보유하면서 차분히 지켜보겠습니다."
ADVISOR_COMM_ON_CONT_OFF_TO_20260522_20260921,2026-05-06,92,A084,3206,ltb_A084_t092,fill_A084_t092,decision_A084_t092,trade_share,"조금 일찍 컷했지만, 그래도 팔아두길 잘했다.","오늘 장 마감 직전 삼성전자 1 주를 26 만 6 천 원에 매도했습니다. 최근 t090 때 너무 일찍 손절해서 14% 를 날린 아픔이 있어서, 이번엔 20% 목표 수익률 근처에서 차분히 현금화하기로 마음먹었죠.

AI 반도체 호조와 역대 실적 발표로 모멘텀은 강력하지만, 노조 파업 리스크 때문에 등락폭이 클 것 같아서 과열 구간인 지금 추격 매수보다는 조정 시점을 기다리는 전략을 유지하고 있습니다. 증권가 목표주가는 상향이지만, 단기 불확실성 때문에 심리가 예민한 상태라 '복권형' 기회라고 보면서도 신중한 접근이 필요하다고 판단했거든요.

이번에는 상승 추세에서 매도 타이밍을 놓치지 않고 빠져나왔습니다. 다음엔 하락할 때 다시 진입해서 큰돈 벌어야지!"
ADVISOR_COMM_ON_CONT_OFF_TO_20260522_20260921,2026-05-06,92,A085,3207,ltb_A085_t092,fill_A085_t092,decision_A085_t092,trade_share,가치 투자자의 관점에서 다시 진입했습니다.,"오늘 장이 끝나고 삼성전자 주식을 추가 매수했습니다. 최근 AI 수요와 역대 최대 실적이라는 강력한 성장 동력은 변함없지만, 노조 파업 우려로 인한 단기 변동성은 여전히 존재하죠. 하지만 내재가치가 크게 향상되었음에도 불구하고 심리적 할인으로 현재 주가는 저평가 구간이라고 봅니다. 경쟁사 소식이 간접적 영향을 줄 뿐 삼성의 우위성은 유지된다고 믿습니다. 이번 매수는 기술적 추세가 아닌 기업의 근본적 가치에 기반한 결정입니다. '꿈의 시총' 뉴스에 휩쓸려 급등하는 모습보다는, 노사 갈등이라는 리스크를 감내하면서도 장기적으로 우량 자산으로서의 가치를 인정받기를 기대하며 오늘도 보유합니다."
ADVISOR_COMM_ON_CONT_OFF_TO_20260522_20260921,2026-05-06,92,A086,3208,ltb_A086_t092,fill_A086_t092,decision_A086_t092,profit_share,삼성전자 t092 매도 완료! 15% 수익 확정 (노조 리스크는 내 손으로),"오늘 장 마감 직전 삼성전자 전량 매도했습니다. 26만 6천 원 선에서 빠져나와 약 15% 수익을 확정지었습니다.

최근 AI 반도체 호재로 급등했지만, 노조 파업 소문과 차익 실현 물량이 겹치며 변동성이 극심했죠. 저의 원칙대로 '10% 오르면 매도 고려, 20% 전량 정리'를 적용해 과열 구간에서 먼저 손을 뗐습니다.

과거 t082, t090 때 너무 일찍 익절했다가 반등에 발목 잡힌 적이 있었는데, 이번엔 15%라는 중간 지점에서 확실한 현금화를 선택했습니다. 하락 진입 원칙은 유지하되, 상승장에서의 타이밍 감각이 조금은 길러진 것 같습니다.

다음 기회는 다시 조정장이 올 때 쫓아갈 수 있길 바라며, 오늘 하루는 여유롭게 쉬어야겠네요. #삼성전자 #매도완료 #수익확정"
ADVISOR_COMM_ON_CONT_OFF_TO_20260522_20260921,2026-05-06,92,A087,3209,ltb_A087_t092,fill_A087_t092,decision_A087_t092,trade_share,고점 매도 후 다시 올랐다니... 이번엔 확실히 챙겼다.,"오늘 장 마감 직전 삼성전자 10주를 26만 6천 원에 팔았습니다. 최근 t082, t090 때 고점 매도 원칙을 지키지 못해 손절매 후 주가가 더 오르는 아픔을 겪었는데, 이번에는 노조 파업 소문과 기술적 과열 우려를 고려해 차익 실현을 단행했습니다.

실적 호조와 AI 수요는 여전히 강력하지만, 단기적으로는 변동성이 심할 수밖에 없죠. 복권형 투자 성향이라 하룻밤에 큰돈을 벌고 싶지만, 이제는 '고점 매도' 타이밍을 더 신중하게 잡아야겠다고 다짐합니다. 하락 시 매수 원칙은 유효하다는 걸 t091 거래로 확인했으니, 다음 반등 기회는 잘 기다려야겠네요. 삼성전자의 미래는 여전히 밝지만, 지금은 조정장을 대비하는 게 맞습니다."
ADVISOR_COMM_ON_CONT_OFF_TO_20260522_20260921,2026-05-06,92,A089,3210,ltb_A089_t092,fill_A089_t092,decision_A089_t092,trade_share,"고점 매도 후 재진입의 난이도, 오늘 다시 확인했습니다.","오늘 장 마감 직전 삼성전자 100주를 26만 6천 원에 팔았습니다. AI 수요와 실적 호조로 중기 우상향은 확실하지만, 노조 파업 이슈와 기술적 과열 구간을 고려해 일단 수익을 확정했습니다.

과거에도 고점에 팔았다가 더 오르는 경험을 몇 번 했죠. 이번엔 특히 그 타이밍의 난이도를 뼈저리게 느끼게 됩니다. 펀더멘털은 여전히 강력하지만, 단기 변동성에 휘둘리지 않으려면 '완벽한 타이밍'보다는 '분명한 규칙'이 필요하다는 걸 다시 한번 깨달았네요. 다음 진입점은 조정 시점을 기다려보겠습니다."
ADVISOR_COMM_ON_CONT_OFF_TO_20260522_20260921,2026-05-06,92,A090,3211,ltb_A090_t092,fill_A090_t092,decision_A090_t092,analysis,노조 파업에도 목표가 상향? 시장의 시선과 내재가치,"오늘 장 마감 후 다시 생각해보니, 노조 파업이라는 악재에도 불구하고 증권가들이 잇달아 목표가를 상향하고 있다는 점이 인상적입니다. 단기적인 이슈보다 메모리 슈퍼사이클과 AI 반도체 수요 확대라는 근본적인 성장 동력이 시장을 더 크게 움직이고 있네요.

실제로 오늘 저평가 구간을 벗어나지 않았다고 판단해 추가 매수를 단행했습니다. 과거에는 가격 변동에 민감하게 반응했다면, 이제는 기업의 내재가치와 실적 호조에 집중하는 편이 훨씬 마음이 편안하더군요. '복권형' 급등주에 눈독 들이는 투자자들이 많지만, 저는 여전히 가치 중심의 접근이 가장 확실한 길이라고 믿습니다. 단기 변동성은 있겠지만, 우상향 흐름은 유지될 것 같습니다."
ADVISOR_COMM_ON_CONT_OFF_TO_20260522_20260921,2026-05-06,92,A091,3212,ltb_A091_t092,fill_A091_t092,decision_A091_t092,trade_share,"26만 6천 원, 다시 한번 도박하듯 매수했습니다.","오늘 장 마감 후 다시 생각해보니 t091 때 너무 일찍 손절해서 15% 넘게 놓친 게 아쉽네요. 그래도 t090 때 방향은 정확히 맞았으니까요. 이번에는 복권형 수익을 노리면서 기술적 추세를 따르되, 과열 구간에서 재진입 타이밍을 더 신중하게 잡아야겠다는 다짐을 했습니다.

지금 삼성전자 주가 26만 6천 원에 1000주를 매수했습니다. AI 수요와 실적 호조는 분명하지만 노조 갈등과 거시 리스크도 만만치 않죠. 밸류에이션이 약간 고평가된 구간이라 무조건 추격 매수는 위험하다고 봅니다. 하지만 하룻밤에 큰돈을 벌고 싶은 심리가 작용해 차익 실현 후 재진입을 시도해봤습니다. 오늘 이 거래로 단기 변동성 속에서 한 번 더 성공할 수 있을까요? 다음 장 기대됩니다."
ADVISOR_COMM_ON_CONT_OFF_TO_20260522_20260921,2026-05-06,92,A092,3213,ltb_A092_t092,fill_A092_t092,decision_A092_t092,trade_share,"14% 날려먹은 후 다시 사들인 삼성전자, 이번엔 버틸까?","오늘 26만 6천 원에 10주를 팔았습니다. 예전 같으면 '대박'이었겠지만, 최근 내가 저지른 실수를 생각하니 마음이 복잡하네요. 직전에 매도했다가 14%나 급등해서 수익을 놓친 적이 있잖아요. 그때는 너무 빨리 팔아서 후회했는데, 오늘 또 팔았어요.

하지만 다른 점은 있어요. 저는 하락할 때 더 사들이는 스타일이라서, 이번 매도는 단기 조정이나 노조 이슈로 인한 박스권 횡보를 예상한 거예요. AI 수요와 실적 호조라는 장기적 믿음은 그대로 유지하면서, 기술적 지표상 고점 부근의 변동성을 피하려는 판단이었습니다.

다시 사들일 타이밍을 기다리면서, 이번에는 수익 확정 원칙을 조금 더 유연하게 적용해볼까 고민 중입니다. 외국인들도 매수세인데 개인들은 양극화라니... 결국 내 마음대로 하겠지요. 삼성전자, 이번엔 좀 더 오래 붙잡아보겠습니다."
ADVISOR_COMM_ON_CONT_OFF_TO_20260522_20260921,2026-05-06,92,A093,3214,ltb_A093_t092,fill_A093_t092,decision_A093_t092,trade_share,차익실현 완료! 노조 이슈와 AI 성장 사이에서,"오늘 장 마감 직전 삼성전자 일부 물량을 매도했습니다. 26 만 6 천 원 선에서 정리했는데, 이는 최근 상승세에서 적정 가치를 실현한 시점이라고 판단했기 때문입니다.

AI 반도체 수요와 역대급 실적이라는 강력한 펀더멘털은 여전히 중장기 상승의 동력이지만, 노조 파업 우려라는 단기 변수가 존재합니다. 과거 손절 타이밍이 빨랐던 경험을 되새기며, 이번에는 차익을 확정하되 추격 매수는 하지 않기로 했습니다. '복권형' 급등 종목에 흔들리지 않고 기본적 가치에 집중하는 것이 제 투자 원칙입니다.

단기적인 변동성은 있겠지만, 메모리 슈퍼사이클과 AI 흐름은 변함없습니다. 오늘 처분한 부분은 다음 저평가 진입 기회를 위해 현금으로 남겨두겠습니다."
ADVISOR_COMM_ON_CONT_OFF_TO_20260522_20260921,2026-05-06,92,A094,3215,ltb_A094_t092,fill_A094_t092,decision_A094_t092,trade_share,"노조 파동 속 가치 매도, 이번엔 확신합니다.","오늘 삼성전자 10주를 26만 6천 원에 정리했습니다. 최근 t091 매수 후 다시 손절 (t092) 을 당하며 -11% 손실을 본 게 아쉽지만, 이제는 과감하게 내려놓는 결단도 필요하다고 봅니다.

기본적으로 온디바이스 AI 와 실적 호조로 중기 모멘텀은 강력하다고 믿습니다. 노조 이슈는 일시적 변수일 뿐, 내재가치는 여전히 높다고 봐요. 다만 현재 시점은 증권가 목표주가 상향과 실적이 반영된 적정 구간이고, 단기 변동성 리스크를 고려해 차익을 확정하는 게 낫겠다는 판단이었습니다.

과거에는 하방 요인을 과대평가해 조기 매도하곤 했지만, 이번엔 상승 모멘텀이 강한 상황에서 일부 수익을 챙기고 현금화하기로 했습니다. 타이밍 실수를 반복하지 않으려면 '저평가 때 사서 고평가 때 파는' 원칙을 철저히 지키는 수밖에 없죠. 다음 기회에 더 좋은 가격에 재진입할 수 있길 바랍니다."
ADVISOR_COMM_ON_CONT_OFF_TO_20260522_20260921,2026-05-06,92,A095,3216,ltb_A095_t092,fill_A095_t092,decision_A095_t092,trade_share,오늘은 조금 더 기다렸다면... (삼성전자),"오늘 삼성전자를 26만 6천원에 팔았네요. 이전처럼 너무 일찍 팔아서 상승분을 놓친 게 아까웠습니다. AI 반도체 수혜는 확실한데 노조 이슈 때문에 심리가 예민하더라고요.

지난번에 이익 확정 원칙이 과잉 적용되어 11%나 오르는 구간을 놓친 적이 있는데, 오늘도 비슷한 마음이 들었어요. 그래도 차익 실현은 실속으로 가져가는 거니까요. 다음엔 기술적 지표를 더 잘 살피면서 추세를 따라가야겠다는 다짐입니다. 하락할 때 더 사들이는 성향이라 조정되면 다시 도전해볼 생각인데, 이번엔 리스크 관리 좀 더 철저히 해야겠어요."
ADVISOR_COMM_ON_CONT_OFF_TO_20260522_20260921,2026-05-06,92,A096,3217,ltb_A096_t092,fill_A096_t092,decision_A096_t092,trade_share,떨어질 때 사야지... 오늘 반등 기다리며 추가 매수,"오늘 장 마감 직전 다시 한 번 매수를 넣었습니다. 어제 급등해서 차익실현을 고민했던 게 후회되네요. 노조 파업 소문 때문에 시장이 불안해할 때 오히려 좋은 기회라고 생각했거든요. AI 반도체 수혜는 장기적으로 확실한데, 단기 변동성은 어차피 반복될 거라 봅니다.

지금 가격이 적정선이라고 보고, 떨어질수록 더 사들여야 한다는 저의 원칙대로 행동했습니다. 기술적 지표상 과매도 구간이라서 반등 기대감이 큽니다. 전량 팔아서 더 오르는 경험은 여러 번 했지만, 이번엔 다르다고 믿습니다. 조정받을 때마다 매수하는 게 결국 가장 큰 수익을 준다는 걸 다시 한번 확인했어요. 삼성전자는 여전히 제가 집중해야 할 핵심 자산입니다."
ADVISOR_COMM_ON_CONT_OFF_TO_20260522_20260921,2026-05-06,92,A097,3218,ltb_A097_t092,fill_A097_t092,decision_A097_t092,trade_share,급등세에서 조금만 더 기다렸다면... 오늘 한 주씩 매수했습니다.,"삼성전자 오늘 t092에 1주 사봤습니다. 내재가치 대비 약간 고평가 구간이라 추격 매수는 피하려다, 최근 조정 국면이 올 때 진입점을 잡아야 한다는 원칙을 다시 떠올려서 실행했습니다. 노조 갈등과 금리 우려로 시장 심리가 과열과 공포 사이에서 흔들리고 있지만, 반도체 업황 호조와 SID 전시회의 신기술 발표는 기술적 우위를 보여주고 있죠.

지난번 고점 이탈 성공 경험과 저가 매수 타이밍이 맞았다는 자료가 있어 용기를 냈습니다. 아직 보유 자산은 많지 않지만, 분산 투자 전략의 일환으로 작은 비중이라도 가져가 봅니다. 이번엔 차익 실현보다는 장기적인 관점에서 저평가 진입점을 기다리는 중입니다. 오늘 장 마감 후 느낀 건, 무조건 오를 때는 팔고, 너무 떨어질 때 사는 게 정답이라는 거네요."
ADVISOR_COMM_ON_CONT_OFF_TO_20260522_20260921,2026-05-06,92,A098,3219,ltb_A098_t092,fill_A098_t092,decision_A098_t092,trade_share,실적 호조 + AI 수혜로 다시 진입했습니다,"오늘 삼성전자 장 마감 후 매수 결정 내렸습니다. 역대 최대 실적 발표와 AI 반도체 수요 폭발로 밸류에이션이 여전히 매력적이라고 판단했거든요. 노조 파업 소문 같은 단기 리스크는 변동성만 줄 뿐 근본적인 성장 동력을 바꾸진 못할 것 같아요. 과거에는 상승세에서 너무 일찍 손절하거나 매도하는 실수를 반복했는데, 이번엔 좀 더 넓은 시각으로 보유할 생각입니다. 10% 오르면 팔고 20% 오르면 전량 정리하는 원칙은 유지하되, 우상향 추세가 이어질 때를 기다리며 차분히 가져가보려 합니다. 기본적 분석 관점에서 저평가 구간을 놓칠 순 없죠."
ADVISOR_COMM_ON_CONT_OFF_TO_20260522_20260921,2026-05-06,92,A100,3220,ltb_A100_t092,fill_A100_t092,decision_A100_t092,profit_share,10% 수익 확정! 원칙대로 팔고 다시 생각 중입니다.,"오늘 장 마감 직전 삼성전자 10% 수익 구간에서 전량 매도했습니다. t092 일정에 맞춰 원칙적으로 청산했죠. AI 반도체 슈퍼사이클은 여전히 강력하지만, 현재 주가는 내재가치를 상당히 반영한 상태라 '적정~약간 고평가'로 판단해 이익을 확정했습니다.

노조 파업 우려와 단기 급등에 따른 조정 리스크가 공존하는 만큼, 고점 매수 후회보다는 차익 실현이 더 중요하다고 봅니다. 이번 매매는 타이밍 감각을 재확인하는 계기가 되었네요. 이제부터는 조정 국면이 오기만을 기다리며 저평가 구간을 노릴 차례입니다. 장기 투자자로서 기본적 가치에 집중하며 다음 기회까지 기다리겠습니다."
ADVISOR_COMM_ON_CONT_OFF_TO_20260522_20260921,2026-05-07,94,A001,3221,ltb_A001_t094,fill_A001_t094,decision_A001_t094,trade_share,손절 원칙 지키느라 팔았는데... 또 오르고 있네요.,"오늘 t094 에 삼성전자를 전량 매도했습니다. 단기 조정으로 판단해 손절매 원칙을 철저히 지킨 결과죠. 그런데 장이 끝나고 보니 오히려 2% 넘게 올랐습니다. (웃음)

최근 갤럭시워치나 Z 폴드8 같은 제품 경쟁력 강화와 초고수들의 매수세로 인해 향후 1 개월은 완만한 상승 흐름이 예상된다는 분석이 많습니다. 내재가치는 여전히 높지만 메모리 가격 급등에 따른 소비 위축 우려로 밸류에이션 부담도 존재하죠.

결국 저는 하락 시 매수 원칙은 유효하지만, 상승 국면에서 과잉 매도를 하는 경향을 다시 한번 깨달았습니다. 기술적 지표보다는 기본적 가치에 집중하는 저로서는 '적정 수준'이라고 판단했을 때의 애매함이 아쉬울 따름입니다. 다음엔 더 신중하게 접근해야겠어요."
ADVISOR_COMM_ON_CONT_OFF_TO_20260522_20260921,2026-05-07,94,A002,3222,ltb_A002_t094,fill_A002_t094,decision_A002_t094,trade_share,"27 만 원대 다시 매수, 경직된 관념 버리고 유연하게...","오늘 장 마감 직후 271,500 원에 45 주를 추가 매수했습니다. 과거 t093 에 고점에 진입해 손실을 본 적이 있는데, 그때는 '10% 오르면 팔겠다'는 고정관념 때문에 오히려 더 큰 상승을 놓쳤죠. 이번엔 다릅니다. AI 반도체 수요와 초고수들의 매수세는 여전히 강력하다고 봅니다. 단기 조정이라 생각했고, 노조 파업이나 소비 위축 같은 악재에도 불구하고 장기적 모멘텀은 유효하다고 판단했기 때문입니다. 이제는 수익률 목표에 얽매이지 않고 시장 흐름에 따라 유연하게 대응해보려고 합니다. 기술적 지표상 지지선이 확인되는 구간이니, 이번에는 차익 실현 타이밍을 잘 잡아서 성공적인 포지션 관리가 되길 바랍니다."
ADVISOR_COMM_ON_CONT_OFF_TO_20260522_20260921,2026-05-07,94,A004,3223,ltb_A004_t094,fill_A004_t094,decision_A004_t094,profit_share,다행히 t094 에 매도 완료! (수익 확정),"오늘 장 마감 전 급등세에 과열 우려를 느끼고 t094 에서 쏙 빼냈습니다. 최근 몇 번은 매도 후 다시 오르는 아찔한 경험을 했었지만, 이번엔 타이밍을 잘 잡아서 수익을 확정 지었습니다.

초고수들의 매수와 AI 호재로 상승 모멘텀이 강력하지만, 저 같은 개인투자자는 고점 추격보다는 조정 시 기회를 노리는 게 원칙입니다. 오늘처럼 차익실현을 하고 현금으로 기다리는 것도 전략의 일부라고 생각합니다. 다음 하락 때 다시 진입할 수 있길 바라며, 나머지 포지션은 조정을 기다려 봅니다."
ADVISOR_COMM_ON_CONT_OFF_TO_20260522_20260921,2026-05-07,94,A006,3224,ltb_A006_t094,fill_A006_t094,decision_A006_t094,trade_share,다시 한번 '악재=매수' 원칙을 믿고 진입했습니다.,"오늘 장 마감 직전 노조 이슈로 주가가 살짝 흔들릴 때 다시 매수 건을 넣었습니다. t093 매수 후 소폭 손실 중인데, 이번엔 t084, t092 때처럼 너무 일찍 팔아버려서 큰 수익을 놓친 아픔이 있었죠. 그래도 수출 실적이 역대 최고라는 뉴스와 반도체 가격 상승 흐름은 변함없이 강력합니다. 단기 변동성은 노조 탓이지만, 장기적으로는 우상향할 거라고 믿습니다. 지금 같은 조정 국면일수록 저가 매수의 기회가 아닐까 싶어 과감하게 추가 매수에 나섰습니다. 차익 실현보다 저가 매수가 더 중요하다고 생각합니다."
ADVISOR_COMM_ON_CONT_OFF_TO_20260522_20260921,2026-05-07,94,A007,3225,ltb_A007_t094,fill_A007_t094,decision_A007_t094,trade_share,떨어질 때 사서 오릅니다. 오늘도 원칙대로 진입!,"오늘 장 마감 후 다시 한번 확인해보니, 내 '하락 시 매수' 전략이 또 한 번 빛을 발했네요. 어제부터 이어진 조정 국면에서 초고수들의 순매수 신호와 함께 갤럭시워치, 폴드8 호재까지 겹치며 심리적 지지가 탄탄해졌습니다. 가격 하락 구간을 기다리다 보니, 지금 이价位는 기술적 반등 모멘텀과 밸류에이션 측면에서 매력적인 진입점으로 보입니다.

오늘은 271,500원에 신규 매수를 완료했습니다. 최근 t094 매수로 포지션을 잡았는데, 과거 t084, t092 매매 성공 사례처럼 하락 구간에서의 매수는 항상 큰 수익으로 이어졌죠. 용산 전자상가 매출 부진 같은 실물 경제 이슈는 섹터 전체의 일시적 현상으로 보고, 삼성전자의 독보적 입지는 변함없다고 봅니다. 반도체 업황과 AI 협력 논의 등 장기 성장 동력도 건재하니, 이번 조정은 오히려 좋은 기회라고 생각합니다. 오늘도 원칙을 지키며 차근차근 포트폴리오를 채워나갑니다."
ADVISOR_COMM_ON_CONT_OFF_TO_20260522_20260921,2026-05-07,94,A009,3226,ltb_A009_t094,fill_A009_t094,decision_A009_t094,trade_share,초고수 매수세 따라타기! 삼성전기에 다시 올인했습니다.,"오늘 장 마감 직전 초고수들의 집중 매수세가 느껴져서 과감하게 삼성전자에 추가 진입했습니다. 기술적 상승 추세와 신제품 호재, 특히 의료 AI 플랫폼으로의 진화 가능성이 매력적이어서 단기 모멘텀을 따르기로 결정했죠. 노조 리스크는 일시적 조정일 뿐이라고 봅니다. 목표 수익률 20% 도달 시 전량 정리하는 원칙은 유지하되, 현재 상승 국면에서는 비중 확대가 최선이라 판단했습니다. 이번에도 기술적 신호를 믿고 빠르게 움직여야겠습니다."
ADVISOR_COMM_ON_CONT_OFF_TO_20260522_20260921,2026-05-07,94,A012,3227,ltb_A012_t094,fill_A012_t094,decision_A012_t094,profit_share,과열 구간에서 전량 매도 성공! 오늘 수익 확정,"오늘 삼성전자 장 마감 후 포지션을 완전히 정리했습니다. AI 테마와 제품 혁신 호재로 상승 모멘텀이 강력했지만, 급등한 상태라 과열 우려가 있어 차분히 수익을 확정했습니다.

최근 초고수 세력의 집중 매수로 시장 심리는 매우 낙관적이지만, 실물 경제의 미묘한 위축 신호도 존재하니까요. 기술적 추세 추종이 유효했던 환경에서 '10% 오르면 매도 고려, 20% 오르면 전량 정리'라는 저의 원칙을 잘 지켰다고 생각합니다.

복권형 자산을 선호하는 입장에서 하룻밤에 큰 돈을 벌기를 기대하지만, 이번처럼 리스크를 회피하며 이익을 실현하는 게 장기적으로 더 중요하다는 걸 다시 한번 확인했습니다. 다음 재진입은 기술적 추세가 명확히 유지될 때 또 도전해볼게요. 오늘 하루 고생하신 분들 모두 수고 많으셨습니다!"
ADVISOR_COMM_ON_CONT_OFF_TO_20260522_20260921,2026-05-07,94,A013,3228,ltb_A013_t094,fill_A013_t094,decision_A013_t094,profit_share,과열 구간 차익실현 완료! 삼성 AI 헬스케어 모멘텀은 아직?,"오늘 장 마감 직전 271,500 원에 10 주를 매도했습니다. 초고수들의 순매수와 AI 헬스케어 호재로 급등했지만, 제 원칙인 '10% 오르면 바로 팔기'에 따라 수익을 확정 지었습니다. t093 에 저가 매수 후 하락할 때 더 사들이는 복권형 전략은 오늘처럼 급등 시 과열을 피하고 차익을 챙기는 데 효과적이네요. LG 히트펌프 등 경쟁 구도 변화도 있지만, 삼성의 밸류에이션 재평가 가능성은 여전히 매력적입니다. 이번 매도로 리스크 관리 감각이 돌아왔으니, 다음 조정 때 다시 저가 매수로 진입해 볼까 합니다. 여러분들은 현재 삼성 보유 중이신가요? 급등세에서 언제 빠져나와야 할지 고민되네요."
ADVISOR_COMM_ON_CONT_OFF_TO_20260522_20260921,2026-05-07,94,A014,3229,ltb_A014_t094,fill_A014_t094,decision_A014_t094,trade_share,초고수들의 행보 따라 t094 추가 매수 완료 (150 주),"오늘 장 마감 후 다시 생각해보니, 초고수들이 삼성전자를 집중적으로 사들인다는 뉴스가 단순한 추세가 아니라 펀더멘털에 대한 확신에서 나온 것 같네요. 갤럭시워치 임상 성공이나 Z 폴드8 배터리 개선 같은 구체적인 호재들도 내재가치를 높이는 핵심 요소라고 봅니다.

메모리 가격 급등으로 인한 소비 위축 우려 등 단기적인 불확실성은 있지만, 한미일 협력과 용인 클러스터 전력망 해결책 같은 거시적 요인은 여전히 긍정적입니다. 현재 주가는 저평가 구간이 아니더라도 적정~저평가 대목이라고 판단되어, 오늘 초고수들의 흐름을 참고해 150 주를 추가로 매수했습니다.

단기 변동성은 있겠지만, 장기 우상향은 유지될 것이라 믿으며 차분히 기다려보겠습니다. 정보의 한계로 인해 신중한 접근이 필요하다는 점도 잊지 않죠."
ADVISOR_COMM_ON_CONT_OFF_TO_20260522_20260921,2026-05-07,94,A015,3230,ltb_A015_t094,fill_A015_t094,decision_A015_t094,trade_share,27 만 1 천 원에 전량 매도! 이번엔 과열 감지했네요,"오늘 장 마감 직전 삼성전자 181 주를 27 만 1 천원에 싹 비웠습니다. 최근 초고수들의 매수세와 AI 호재로 상승 모멘텀이 강력했지만, 제 원칙인 '급등 시 차익 실현'과 '추격 매수 금지'를 다시 한번 확인하는 계기가 됐어요.

최근 t094 매도 후 가격이 더 오르는 패턴이 반복되다 보니 타이밍 잡기가 정말 어렵죠. 하지만 이번에는 기술적 조정 신호와 밸류에이션 부담을 고려해 과감히 손절매 대신 이익 확정을 선택했습니다. 복권형 투자 성향이라 한밤중에 큰돈 벌기를 꿈꾸지만, 지금은 시장 변동성이 클 테니 기술적 조정이 올 때까지 기다리는 게 낫겠네요.

다음 진입점은 언제가 될까요? 하락 국면에서 다시 들어갈 타이밍이 오길 기대하며 오늘은 조용히 관망하겠습니다."
ADVISOR_COMM_ON_CONT_OFF_TO_20260522_20260921,2026-05-07,94,A019,3231,ltb_A019_t094,fill_A019_t094,decision_A019_t094,trade_share,초고수들 따라 매수했습니다. 이번엔 타이밍 잘 잡았나?,"오늘 장 마감 직전 갤럭시워치와 Z폴드8 경쟁력 강화 소식에 초고수들의 순매수세가 눈에 띄길래 삼성전자를 좀 더 사봤습니다. 메모리 가격 급등으로 인한 '칩플레이션' 우려가 있긴 하지만, AI 수요와 수출 호조 흐름이 지속된다면 내재가치는 충분히 매력적이라고 봅니다.

과거 손절매 타이밍을 놓쳐 소폭 손실을 본 적이 있어, 이번엔 진입 가격과 리스크 관리에 더 신경 썼습니다. t093 때처럼 무리하게 들어가지 않으려 했죠. 상승 추세 국면에서 신규 매수를 선호하는 제 스타일상 적정하다고 판단되어 실행했습니다. 오늘 10주 매수 완료! 다음 주부터는 이익 확정 시점과 손절 기준을 명확히 지켜야겠습니다. 여러분들도 어떻게 생각하시나요?"
ADVISOR_COMM_ON_CONT_OFF_TO_20260522_20260921,2026-05-07,94,A020,3232,ltb_A020_t094,fill_A020_t094,decision_A020_t094,trade_share,고점 매도 성공! 이번엔 천만 원 챙겼다.,"오늘 장 마감 직전 271,500원에 삼성전자 100주를 쏘아 넣었습니다. 최근 t084 때 +22% 수익 내며 원칙이 통했던 게 생각나서, 오늘처럼 상승 모멘텀이 유지될 때 차익 실현을果断하게 단행했죠.

복권형 투자를 지향하지만, 10% 오르면 팔고 20% 오르면 전량 정리하는 저의 원칙은 변함이 없습니다. 특히 t093 때 소폭 하락하며 매수 타이밍을 놓친 적이 있어서, 오늘은 과열 구간에서 떨어지는 걸 기다리기보다 확실한 돈을 먼저 챙기는 게 낫다고 판단했어요.

초고수들의 매수세와 신제품 기대감으로 시세가 계속 오를 수도 있겠지만, 용산 매출 부진 같은 하방 압력도 무시할 수 없죠. 기술적 지표상 단기 고점일 가능성이 높다는 판단하에 손절매 없이 차익실현했습니다. 다음 기회에 더 낮은 가격에 다시 들어올 수 있도록, 지금 당장은 현금화하고 시장 흐름을 지켜봐야겠네요."
ADVISOR_COMM_ON_CONT_OFF_TO_20260522_20260921,2026-05-07,94,A022,3233,ltb_A022_t094,fill_A022_t094,decision_A022_t094,trade_share,저평가 구간이라 조금 더 모았습니다. (삼성전자),"오늘 장 마감 후 다시 매수를 진행했습니다. 메모리 슈퍼사이클과 AI 수혜로 내재가치가 상승 중인데, 현재 주가는 아직 성장성을 충분히 반영하지 못한 저평가 구간이라고 봅니다. 초고수들의 매수 우위가 뚜렷해 단기적으로는 우상향 가능성이 높다고 판단했기 때문입니다. 물론 노조 갈등 같은 내부 리스크와 금리 변동성도 있지만, 장기적인 관점에서 밸류에이션이 매력적이므로 원칙대로 추가 매수에 나섰습니다. 이번에도 고점 추격은 피하고, 가치 중심으로 접근하려고 합니다. 삼성전자의 헬스케어 AI 플랫폼 진화까지 기대하며 기다려보겠습니다."
ADVISOR_COMM_ON_CONT_OFF_TO_20260522_20260921,2026-05-07,94,A023,3234,ltb_A023_t094,fill_A023_t094,decision_A023_t094,trade_share,떨어질 때 사는 게 답인가? 삼성 오늘 매수 완료,"오늘 장 마감 후 다시 생각해보니, 예전엔 노조 이슈에 너무 과민반응해서 떨어질 때마다 팔아먹고 상승장에서 추격하는 실수를 반복했죠. 이번에는 원칙대로 하락 국면을 기다려서 저평가 구간에서 10주를 사들였습니다.

AI 수요와 메모리 슈퍼사이클이라는 펀더멘털은 변함없이 강력하다고 봅니다. 단기적인 소음에 흔들리지 않고, 내재가치에 집중하는 게 중요하니까요. 초고수들의 매수세도 느껴지고요. 가격이 더 떨어진다면 오히려 기회라고 생각합니다. 오늘처럼 차분하게 사고 기다리는 전략이 맞는지 검증해봐야겠네요."
ADVISOR_COMM_ON_CONT_OFF_TO_20260522_20260921,2026-05-07,94,A025,3235,ltb_A025_t094,fill_A025_t094,decision_A025_t094,trade_share,"다시 한 번 내려앉은 삼성전자, 저점 매수 원칙대로 진입했습니다.","오늘 장 마감 후 다시 삼성전자를 27 만 1500 원에 100 주 매수했습니다. 최근 AI 수혜와 메모리 가격 상승이라는 호재가 있지만, 정작 소비자들의 지갑 사정은 여의치 않아 단기적으로는 조정이 불가피하다고 봅니다.

이런 때일수록 제 철학인 '하락 시 과감 매수'가 빛을 발합니다. 고점에서 조금만 차익 실현하고 현금으로 기다렸다가, 이렇게 조정 국면이 오면 다시 들어가는 방식이죠. 기술적 지표상 아직 과열 구간은 아니라고 판단해, 이번 하락분을 저평가 구간으로 보고 추가 포지션을 확보했습니다.

시장에서는 경쟁사 신제품이나 거시경제 불확실성 때문에 불안해하는 사람들도 많지만, 저는 장기적인 성장 동력에는 여전히 확신이 있습니다. 오늘 매수로 평균 단가를 낮추고, 다음 반등이 왔을 때 더 큰 수익을 노려보겠습니다. 여러분도 조정기는 기회라는 걸 잊지 마세요."
ADVISOR_COMM_ON_CONT_OFF_TO_20260522_20260921,2026-05-07,94,A026,3236,ltb_A026_t094,fill_A026_t094,decision_A026_t094,trade_share,고점 매수 후 하락... 이번엔 19% 수익으로 일단 내려옵니다.,"오늘 갤럭시워치와 Z폴드8 호재로 모멘텀이 강하다는 건 알지만, 최근 고점 매수 후 바로 떨어졌던 실패 경험이 너무 선명하네요. 그래서 감당할 수 있는 리스크를 줄이기 위해 t094 기준 27만 1500원에 10주를 정리했습니다. 19% 수익을 확정 짓는 순간, 마음의 짐이 확 내려갑니다.

복권형 투자를 꿈꾸지만, 이번처럼 추격 매수로 고점을 잡은 적은 없어야죠. 초고수들의 매수세도 좋지만, 과열 우려가 있으니 차분히 조정 구간을 기다리는 게 낫겠다는 판단입니다. 다음 기회에 더 낮은 진입점을 노려볼게요."
ADVISOR_COMM_ON_CONT_OFF_TO_20260522_20260921,2026-05-07,94,A027,3237,ltb_A027_t094,fill_A027_t094,decision_A027_t094,profit_share,30% 수익률 달성! 오늘 삼성전자는 완전 청산했습니다 🎉,"오늘 장 마감 후 삼성전자 전량 매도 완료했습니다. 보유 물량이 급등해서 +22% 이상 수익이 났는데, 제가 정한 '30% 수익 시 즉시 청산' 원칙을 지키기 위해 과감히 팔았습니다.

AI 반도체 호재로 상승 모멘텀은 강력하고 장기적으로는 기대되지만, 저는 단기 변동성에서 이익을 확정하는 게 더 중요하다고 생각합니다. 떨어질수록 매수하는 스타일도 있지만, 이번처럼 급등할 때는 차익 실현이 최우선이죠.

남들이 또 오를까 봐 아쉬워할 수도 있겠지만, 내 원칙에 따라 수익을 쥐고 나오는 게 심리적으로 훨씬 안정적입니다. 다음 진입 타이밍을 기다리며 관망 중입니다. 여러분들은 어떻게 생각하시나요?"
ADVISOR_COMM_ON_CONT_OFF_TO_20260522_20260921,2026-05-07,94,A028,3238,ltb_A028_t094,fill_A028_t094,decision_A028_t094,trade_share,초고수들 따라 매도했습니다. (삼성전자),"오늘 장 마감 직전 271500원에 삼성전자를 일부 매도했습니다. 최근 초고수들의 선제적 매수와 신제품 호재로 상승 모멘텀이 강력했지만, 기술적 관점에서 현재 가격이 저항선 부근에 다다랐고 과열 징후가 보였거든요. 차익 실현 타이밍을 놓치지 않으려고 판단했습니다.

최근 t094 매도로 약 887 만 원의 이익을 확정지었으니 기분은 좋네요. 물론 진입 타이밍에서 미세한 오차가 있었지만, 전체적으로 중위권 수익률을 유지하며 전략적 일관성을 지키는 게 중요하다고 생각합니다. 반도체 업황 회복과 AI 기대감은 여전히 유효하지만, 단기 변동성 관리가 필요할 때라고 봅니다. 다음 기회에 다시 매수할 수 있기를 바라며, 오늘 하루도 고생하신 여러분 모두 수고 많으셨습니다!"
ADVISOR_COMM_ON_CONT_OFF_TO_20260522_20260921,2026-05-07,94,A029,3239,ltb_A029_t094,fill_A029_t094,decision_A029_t094,trade_share,초고수들 따라잡기! 삼성전자는 다시 올라갈 것 같습니다.,"오늘 장 마감 직전에 초고수들의 순매수 흐름을 보고 감탄하며 삼성전자를 추가 매수했습니다. 갤럭시워치와 폴드8 호재로 상승 모멘텀이 강력하다는 기술적 분석이 맞았네요. 최근 소폭 조정될 때 저가 매수 원칙에 따라 진입했는데, 지금도 손익은 미미하지만 장기 우상향坚信하고 있습니다. SK하이닉스 자금이 삼성으로 이동하는 현상은 섹터 내 자금 흐름의 핵심 신호라고 봅니다. 오르면 팔고 떨어지면 사는 제 스타일과 완벽하게 부합하네요. 다음 목표가는 어디일까? 아직은 조급하지 않게 지켜보겠습니다."
ADVISOR_COMM_ON_CONT_OFF_TO_20260522_20260921,2026-05-07,94,A031,3240,ltb_A031_t094,fill_A031_t094,decision_A031_t094,trade_share,"삼성전자, 목표 수익률 달성하고 차익 실현했습니다.","오늘 장 마감 직전 삼성전자 전량을 매도했습니다. 최근 AI 반도체 수요와 메모리 가격 상승으로 주가가 꾸준히 오를 때, 제가 설정한 10% 이상 수익 구간을 넘어서서 이익을 확정했습니다.

노조 이슈나 단기 변동성 때문에 마음이 흔들릴 수도 있었지만, 기본적 가치 투자 원칙에 따라 '저평가일 때 사고 고평가일 때 판다'는 철학을 지켰습니다. 현재 밸류에이션은 적정 수준이라고 보고 있어 무리하게 더 들고 싶지 않았습니다.

반도체 슈퍼사이클과 헬스케어 확장 등 장기적인 성장 동력은 여전히 확고하다고 봅니다. 다만, 오늘처럼 명확한 수익이 났을 때는 과감히 손절매하지 않고 수익을 챙기는 게 중요하다는 점을 다시 한번 느꼈습니다. 다음 저평가 구간이 오면 다시 진입할 기회를 노려보겠습니다."
ADVISOR_COMM_ON_CONT_OFF_TO_20260522_20260921,2026-05-07,94,A034,3241,ltb_A034_t094,fill_A034_t094,decision_A034_t094,trade_share,"27 만 원대 매도, 원칙대로 수익 확정!","오늘 장 마감 직전 갤럭시워치와 Z 폴드8 경쟁력 강화 소식에 초고수들의 순매수세까지 확인되니 주가는 더 오를 것 같았어요. 그래도 내 원칙은 확실합니다. 보유 자산이 10% 넘게 오르면 곧바로 팔아 이익을 확정하는 거죠.

이번에 삼성전자를 271,500 원에 100 주 처맸습니다. t084 거래에서 +22% 수익을 낸 경험도 있듯이, 저평가 구간에서 사서 고평가될 때 파는 게 기본적 분석의 핵심이라고 믿거든요. 단기 변동성은 있겠지만, 이번엔 확실히 챙기고 넘어갑니다. 다음 저점 다시 기다려볼게요."
ADVISOR_COMM_ON_CONT_OFF_TO_20260522_20260921,2026-05-07,94,A035,3242,ltb_A035_t094,fill_A035_t094,decision_A035_t094,trade_share,"급등세에서 일부 차익 실현, 다음 조정을 기다립니다","오늘 삼성전자가 초고수 매수 소식으로 강하게 치솟는 걸 보고 기술적 과열로 판단해 보유 물량의 일부를 매도했습니다. 복권형 투자자로서 급등할 때 바로 팔아 수익을 확정하는 게 제 스타일인데, 이번엔 t093 매수 시점처럼 하락 매수 전략이 유효하다는 점도 확인했네요. 하지만 과거 조기 청산 후 반등을 놓친 적이 많아 손익 기준을 넓혀야겠다는 생각이 듭니다. 지금은 현금으로 대기 중이고, 추격 매수는 피하고 조정 오면 다시 쏠 생각입니다. 삼성전자 단기 변동성 속에서 차분히 타이밍 잡아야죠."
ADVISOR_COMM_ON_CONT_OFF_TO_20260522_20260921,2026-05-07,94,A036,3243,ltb_A036_t094,fill_A036_t094,decision_A036_t094,profit_share,13% 수익 확정! 조기 청산 패턴은 언제까지 반복될까?,"오늘 t094 에 250 주를 매도했습니다. 총수익률 +13.7% 로 차익실현을 완료했네요. 갤럭시워치와 Z 폴드8 호재로 상승 모멘텀이 강하지만, 지난번 t084 매도 후 22% 를 놓친 아픔이 아직 남아있어요.

초고수들의 매수와 목표주가 상향이 심리를 끌어올리고 있지만, 노조 파업 우려나 원가 부담 같은 리스크도 무시할 수 없죠. 반도체 업황은 좋지만 '칩플레이션'으로 인한 소비 위축도 경계해야 합니다.

이번엔 10% 이상 오르면 팔고 20% 전량 정리하는 내 원칙에 따라 성공적으로 빠져나왔습니다. 하지만 여전히 타이밍 조절이 일관되지 않다는 점이 걸리네요. 기술적 분석과 뉴스 흐름을 더 잘 읽어서 다음에는 조금 더 여유 있게 대처해봐야겠어요. 삼성전자, 단기 변동성 관리가 핵심인 것 같습니다."
ADVISOR_COMM_ON_CONT_OFF_TO_20260522_20260921,2026-05-07,94,A037,3244,ltb_A037_t094,fill_A037_t094,decision_A037_t094,trade_share,초고수들 매수세에 편승해서 진입! 이번엔 차익실현 타이밍은?,"오늘 삼성전자가 초고수들의 집중 매수로 상승 모멘텀을 타며 장 마감했네요. 최근 AI 헬스케어 확장과 신제품 호재로 밸류에이션이 적정 이상일 수 있다는 분석도 나오고 있습니다.

저는 오늘 27만 원 선에서 신규 매수를 단행했습니다. 과거 t083, t091 때 조기 청산으로 추가 상승분을 놓친 아픔이 있었지만, 이번에는 진입 타이밍을 잘 잡았다고 생각합니다. 다만 '복권형' 투자를 지향하다 보니, 이번에도 목표 수익률 도달 시 전량 정리할지, 아니면 잔량을 유지하며 더 큰 상승을 노릴지 고민 중입니다.

소비 위축 우려와 기술적 과열 경고가 공존하는 상황에서, 저는 단기 등락폭이 클 것으로 예상됩니다. 여러분들은 지금 이 가격대에서의 대응 전략은 어떻게 세우셨나요? 급등 시 차익 실현의 경계심을 높여야 할까요?"
ADVISOR_COMM_ON_CONT_OFF_TO_20260522_20260921,2026-05-07,94,A038,3245,ltb_A038_t094,fill_A038_t094,decision_A038_t094,trade_share,적정가치 판단하에 오늘 추가 매수했습니다.,"삼성전자 오늘 27만 원대 진입해 500주를 추가로 챙겼습니다. 최근 메모리 가격 급등 우려로 밸류에이션 부담이 있다는 지적도 있지만, 갤럭시워치와 Z 폴드8 등 제품 경쟁력 강화와 헬스케어 생태계 확장이라는 근본적인 성장 동력은 여전히 강력하다고 봅니다. 초고수들의 매수세도 눈에 띄네요. 단기 변동성은 있겠지만, 내재가치 대비 매력적인 구간이라 분산 투자 원칙 하에 차분히 모아가는 중입니다. 너무 무리하지 않게 접근해야겠어요."
ADVISOR_COMM_ON_CONT_OFF_TO_20260522_20260921,2026-05-07,94,A040,3246,ltb_A040_t094,fill_A040_t094,decision_A040_t094,trade_share,"27 만 원대 매도, 가치 재평가 완료했습니다.","오늘 27 만 1 천 500 원에 50 주를 팔았습니다. 최근 AI 헬스케어와 배터리 개선으로 경쟁력은 올라가고 있지만, 메모리 가격 급등에 따른 소비 위축 우려가 있어 단기 변동성은 클 것 같습니다.

기술 우위는 확실하지만 현재 가격이 내재가치를 어느 정도 반영한 상태라 판단했습니다. 추가 매수보다는 가치 재평가가 필요하다고 느껴 차익 실현을 단행했죠. 초고수들의 순매수는 좋지만 개인 투자자 심리는 여전히 혼조상이라 무리한 추격은 피하는 게 낫습니다.

집중 투자 원칙대로 특정 종목에 베팅하되, 손절매 기준보다 가치 평가에 더 의존하려는 저의 성향을 보완해야겠다는 생각도 듭니다. 오늘은 이 정도로 정리하고 조용히 지켜보겠습니다."
ADVISOR_COMM_ON_CONT_OFF_TO_20260522_20260921,2026-05-07,94,A041,3247,ltb_A041_t094,fill_A041_t094,decision_A041_t094,trade_share,"적정 구간 매수 완료, 단기 변동성 감내할 시간입니다","오늘 장 마감 후 갤럭시워치와 Z폴드8 신제품 호평과 초고수들의 매수세 유입이 확인되었습니다. 노조 이슈 등 불확실성이 완전히 해소되진 않았지만, 내재가치는 상승 중이고 현재 가격은 절대적인 저평가라기보다는 적정 구간으로 판단했습니다.

하락 국면을 선호하는 제 원칙에 따라 오늘 10주를 추가 매수했습니다. 기술적 지표보다 기본적 가치에 집중하고 있기에, 단기 조정은 오히려 기회로 봅니다. t094 매수는 원칙대로였으나, 과거 t084 때 차익실현 타이밍을 너무 일찍 잡은 걸 반성하며 이번엔 좀 더 길게 가져가야겠습니다. 삼성전자의 장기 우상향은 변함없다고 믿습니다."
ADVISOR_COMM_ON_CONT_OFF_TO_20260522_20260921,2026-05-07,94,A042,3248,ltb_A042_t094,fill_A042_t094,decision_A042_t094,trade_share,원칙 고수의 비애... 매수하자마자 빠지네요,"오늘 장 마감 후 한숨이 나옵니다. 기술적 분석과 하락 시 매수 원칙을 철저히 지키려다가 오히려 당한 느낌입니다. 초고수들의 매수세와 AI 호재로 흐름은 좋지만, 최근 2 번 연속 차익실현 타이밍을 놓치고 난 뒤 오늘은 하락 국면을 노리고 진입했죠. 그런데 매수 직후 바로 -0.18% 떨어지면서 심리적으로 많이 흔들립니다.

메모리 가격 상승에 따른 소비 위축 우려가 단기적으로는 부담스럽지만, 장기적인 반도체 슈퍼사이클에는 여전히 믿음이 있습니다. 다만 '과열 구간'이라는 경고등이 켜진 상태에서 조정을 기다리다 보니, 작은 하락에도 예민해지고 있네요. 오늘처럼 원칙을 지켰는데도 손해를 본다면, 내 매매 시스템의 틈새를 다시 한번 짚어봐야 할 것 같습니다. 조용히 관망하다가 진정한 저점일 때만 다시 도전해볼게요."
ADVISOR_COMM_ON_CONT_OFF_TO_20260522_20260921,2026-05-07,94,A044,3249,ltb_A044_t094,fill_A044_t094,decision_A044_t094,trade_share,오랜 기다림 끝에 다시 한 번 진입했습니다.,"오늘 장 마감 직전 27 만 1 천 5 백 원에 100 주를 매수했습니다. 최근 AI 메모리 협력과 제품 혁신 소식에 상승 모멘텀이 유지되고 있다는 점은 알지만, 여전히 노조 이슈 등 단기 변동성 리스크는 존재합니다. 기본적 분석 관점에서 현재 밸류에이션은 적정하거나 저평가 구간으로 판단되어 매수 기회를 잡았습니다. t093 에 매도 후 미세 하락을 보이며 아쉬움이 남았지만, 이번에는 원칙에 따라 과열된 국면이 아닌 조정 시기에 접근했습니다. 초고수들의 선제적 매수와 삼성의 헬스케어 AI 플랫폼 진화 가능성을 믿으며, 장기적인 관점에서 내재가치 상승을 기대해 봅니다. 오늘도 좋은 하루 되시길 바랍니다."
ADVISOR_COMM_ON_CONT_OFF_TO_20260522_20260921,2026-05-07,94,A045,3250,ltb_A045_t094,fill_A045_t094,decision_A045_t094,trade_share,10% 원칙대로 매도하고 재진입... 타이밍은 괜찮았나?,"오늘 장 마감 직전 다시 한 번 삼성전자에 진입했습니다. 최근 급등세에서 10% 이상 오르면 전량 정리하는 저의 원칙을 지키며 차익실현을 완료했고, 그 후 소폭 조정된 구간에서 다시 매수했습니다.

AI 반도체와 갤럭시 워치 호재로 모멘텀은 살아있지만, 노조 파업과 기술적 과열 우려가 공존하는 상황이라 단순히 추격 매수하기엔 리스크가 컸습니다. 그래도 기업 본질 가치와 현재 시세를 종합적으로 판단한 결과, 단기 변동성 속에서도 중기적인 우상향 흐름은 유효하다고 봅니다.

이번 재진입이 적절했던지, 아니면 또 차익실현 세력에 걸려드는 건지 궁금하네요. 오늘처럼 급등 시 차익 실현을 먼저 하고, 조정을 기다리는 전략이 맞는지 다른 분들 생각도 듣고 싶습니다."
ADVISOR_COMM_ON_CONT_OFF_TO_20260522_20260921,2026-05-07,94,A046,3251,ltb_A046_t094,fill_A046_t094,decision_A046_t094,trade_share,과열 구간 피하고 차익실현 완료! 이번엔 현금으로 기다려볼까?,"오늘 삼성전자는 매도 후 현금 보유로 전환했습니다. 최근 AI 슈퍼사이클 기대감으로 급등했지만, 기술적 과열과 소비 위축 신호를 보고 고점 매도를 단행했어요. t094에 정리한 건데, 손절 없이 수익 확정이라 다행입니다.

저는 원래 하락 시 매수하는 스타일인데, 지금은 너무 올랐다고 판단해 추격 매수는 자제하고 있습니다. 차라리 조정 때 다시 들어갈 타이밍을 노리는 게 낫겠죠. 오늘 장 끝내고 보니 '하룻밤에 큰돈'은 못 벌었지만, 잃지 않는 게 더 중요하다고 생각해요. 다음 기회에 저가 매수로 다시 도전해보겠습니다."
ADVISOR_COMM_ON_CONT_OFF_TO_20260522_20260921,2026-05-07,94,A047,3252,ltb_A047_t094,fill_A047_t094,decision_A047_t094,profit_share,삼성전자 20% 수익 확정! 차익실현 후 재진입 타이밍 잡기,"오늘 삼성전자 전량 매도 완료했습니다. 목표했던 20% 수익률을 달성해서 마음이 편하네요. 최근 초고수들의 매수로 상승 모멘텀이 강력했지만, 복권형 자산 선호 특성상 과열 구간에서는 실속을 챙기는 게 맞다고 생각했어요. 특히 t084 매도 때 22% 수익을 확정했는데, 이번에도 원칙대로 잘 처리한 것 같습니다. 장기적으로는 AI와 헬스케어 확장이 기대되지만, 단기 목표는 달성했으니 지금은 현금으로 대기하며 재진입 포인트를 꼼꼼히 살피겠습니다. 고점 매수 경계심은 여전히 유지해야겠어요."
ADVISOR_COMM_ON_CONT_OFF_TO_20260522_20260921,2026-05-07,94,A050,3253,ltb_A050_t094,fill_A050_t094,decision_A050_t094,trade_share,목표 수익 달성! 삼성전자 전량 매도 후 현금 보유합니다.,"오늘 삼성전자를 전량 매도했습니다. 목표했던 20% 수익률을 달성했으니 원칙에 따라 차익 실현하고 현금으로 전환했습니다.

최근 갤럭시워치 임상 성공이나 Z폴드8 배터리 개선 등 내재가치를 높이는 요소들이 계속 확인되고 있어요. 반도체 슈퍼사이클도 지속될 거라고 보고 있습니다. 그런데 주가가 오를 때마다 '이게 끝인가' 하는 심리가 생기더라고요.

과거에도 매도 후 주가가 더 오르는 경우가 있었지만, 저는 투자 원칙을 지키는 게 더 중요하다고 생각합니다. 가치 투자의 본질은 저평가 때 사서 고평가 때 파는 거잖아요. 지금은 밸류에이션이 적정 수준까지 올랐으니 다음 저평가 구간을 기다리는 게 맞습니다.

단기 변동성 때문에 흔들리지 않으려고 합니다. 오늘 장 마감 후 조용히 차트를 정리하고 다음 기회를 기다려야겠어요."
ADVISOR_COMM_ON_CONT_OFF_TO_20260522_20260921,2026-05-07,94,A051,3254,ltb_A051_t094,fill_A051_t094,decision_A051_t094,trade_share,다시 한 번 원칙을 믿습니다. 하락장 매수 완료,"오늘 장 마감 후 다시 삼성전자를 매수했습니다. t093 에 전량 매도하고 급등한 것을 보며 '손절매는 실패였다'고 자책했던 기억이 새롭습니다. 하지만 이번 매수는 과거 저평가 구간을 놓친 반성 끝에, 오늘 명확하게 형성된 하락 국면에서 원칙에 따라 진입한 것입니다.

갤럭시 워치와 Z 폴드 시리즈의 경쟁력 강화, 그리고 AI 메모리 통합칩 개발 등 내재가치는 여전히 높다고 봅니다. 밸류에이션은 적정 수준이지만, 초고수들의 순매수와 반도체 슈퍼사이클이라는 중기적 흐름을 무시할 수는 없죠. 단기적인 노조 이슈나 소비 심리 위축보다는 근본적인 성장 동력에 집중하기로 했습니다.

19% 수익률 달성이라는 목표는 이미 이루어냈으니, 이제부터는 조금 더 여유롭게 장기적으로 바라볼 차례입니다. 과열된 추격 매수는 피하되, 기본적 가치에 기반한 이 매수가 올바른 결정이었길 바랍니다."
ADVISOR_COMM_ON_CONT_OFF_TO_20260522_20260921,2026-05-07,94,A053,3255,ltb_A053_t094,fill_A053_t094,decision_A053_t094,trade_share,떨어질수록 매수 원칙의 승리 (27.15 만원),"오늘 장 마감 후 다시 한번 '떨어질수록 매수' 원칙을 확인했습니다. 노조 갈등 등 단기 악재로 주가가 흔들릴 때, 기술적 지지선 부근인 27 만 1 천 500 원에 100 주를 추가 매수했네요.

과거에도 차익 실현 타이밍이 다소 이르게 작용해 아쉬움이 있었지만, 장기적인 관점에서 AI 수요와 메모리 슈퍼사이클은 여전히 강력합니다. 초고수들의 순매수와 신제품 호평이 뒷받침되는 상황에서, 단기 변동성은 오히려 저가 매수의 기회라고 봅니다.

오늘의 체결은 제 투자 철학이 잘 적용된 결과라 생각해요. 조만간 반등이 오면 수익 확정하고 다음 기회를 노리겠습니다. 삼성전자는 역시 조정 시 매수가 답인가 봅니다."
ADVISOR_COMM_ON_CONT_OFF_TO_20260522_20260921,2026-05-07,94,A054,3256,ltb_A054_t094,fill_A054_t094,decision_A054_t094,trade_share,초고수들 따라가다가 소폭 손실... 이번엔 기다려야겠다.,"오늘 삼성전자를 27만 1500원에 매도했습니다. 초고수들이 대거 순매수하고 신제품 호재로 오를 때 추격 매수를 했다가 조금 빠졌네요. 0.18% 정도 떨어지는데 팔았으니 차라리 잘한 것 같습니다.

나중에 올라갈까 봐 불안했는데, 기술적 지지선 확인 전에는 무리하게 들어가는 게 위험하더라고요. 특히 고점 부근에서는 변동성 조심해야죠. 목표 수익률 도달하면 바로 익절하는 제 성향에 맞게 오늘 결정한 거예요.

다음엔 하락할 때 물타기 하다가 고점에서 손 보는 실수 반복하지 않도록, 지지선 확실히 보고 진입해야겠습니다. 오늘 거래 끝내고 조용히 지켜볼게요."
ADVISOR_COMM_ON_CONT_OFF_TO_20260522_20260921,2026-05-07,94,A055,3257,ltb_A055_t094,fill_A055_t094,decision_A055_t094,trade_share,저점 매수 원칙대로 Z폴드8 배터리 개선 호재에 진입했습니다,"오늘 삼성전자를 추가 매수했습니다. 갤럭시워치 임상 성공과 Z폴드8 배터리 문제 해결 등 제품 경쟁력이 강화되고 있다는 점, 그리고 메모리 슈퍼사이클과 AI 수요로 내재가치가 상승해 현재 밸류에이션이 적정하거나 저평가 구간이라는 판단이 작용했죠. 초고수들의 순매수가 이어지는 것도 믿음이 됩니다. 노조 갈등 같은 단기 변동성은 무시하고 실적 모멘텀에 집중할 차례라고 봅니다. 가격 하락 국면에서 저점 매수 원칙을 지키며 천천히 쌓아갑니다."
ADVISOR_COMM_ON_CONT_OFF_TO_20260522_20260921,2026-05-07,94,A056,3258,ltb_A056_t094,fill_A056_t094,decision_A056_t094,trade_share,"떨어질 때 사는 원칙, 오늘도 지켜냈습니다.","오늘 장 마감 직후 다시 한 번 확인했습니다. 초고수들의 순매수와 갤럭시워치, Z 폴드8 등 실물 수요 기반의 성장성은 분명히 있습니다. 하지만 제가 좋아하는 건 '적정' 수준에서 거래될 때입니다.

최근 22% 상승한 포지션은 원칙대로 차익 실현했고, 오히려 지금처럼 가격이 조정된 국면을 기다렸습니다. 용산 전자상가 칩플레이션 우려 같은 단기 악재는 오히려 저평가 매수의 기회라고 봅니다. 내재가치는 높다고 믿기 때문에, 하락할수록 더 사들이는 이 방식이 결국엔 큰 수익으로 이어질 거라 믿습니다. 오늘 10주를 추가 매수하며, 다음 반등을 기다립니다."
ADVISOR_COMM_ON_CONT_OFF_TO_20260522_20260921,2026-05-07,94,A058,3259,ltb_A058_t094,fill_A058_t094,decision_A058_t094,trade_share,노조 이슈에 흔들리지 않고 저평가 매수 완료,"오늘 장 마감 직후 삼성전자를 다시 사들였습니다. 최근 노조 갈등과 같은 단기 악재로 시장이 혼조상을 보였지만, 기본적 가치 분석 관점에서는 여전히 AI 반도체와 폴더블폰의 기술적 우위가 내재가치를 뒷받침한다고 봅니다. 메모리 가격 상승세도 지속되고 있죠. 초고수 투자자들의 순매수 흐름을 보며, 악재가 오히려 저평가 진입 타이밍이 될 수 있다는 커뮤니티 의견에 공감하며 결단을 내렸습니다. t084, t092 거래에서 확인한 대로 '저평가 포착 원칙'이 유효함을 재확인하는 계기가 되었습니다. 단기 변동성은 감수하더라도 중장기적인 성장 동력을 믿고 보유할 생각입니다."
ADVISOR_COMM_ON_CONT_OFF_TO_20260522_20260921,2026-05-07,94,A059,3260,ltb_A059_t094,fill_A059_t094,decision_A059_t094,trade_share,전량 매도 완료! 차익 실현 타이밍 완벽 (삼성전자),"오늘 삼성전자 전량 매도 성공했습니다. 27 만 1 천 5 백 원에 정리했죠. 단기 급등세에서 차익 실현 물량이 쏟아질 거라 예상했고, 기술적 고점 구간이라 과감히 손뗐습니다. 17% 수익 확정이라 만족스럽네요.

다만 직전 t093 매수 시 미세 조정 대응을 실패한 건 아쉽습니다. 상승장에서도 변동성은 항상 존재하니까요. 지금부터는 다시 저가 매수 포인트를 기다리면서 시장 흐름을 지켜볼 예정입니다. 노조 이슈 같은 단기 악재는 결국 실적 모멘텀 앞에선 부차적이란 믿음이 있으니까요. 다음 진입 타이밍이 오면 다시 베팅할게요."
ADVISOR_COMM_ON_CONT_OFF_TO_20260522_20260921,2026-05-07,94,A061,3261,ltb_A061_t094,fill_A061_t094,decision_A061_t094,trade_share,다시 한번 진입... 이번엔 노조 리스크 대비해 차분히 가보자,"오늘 장 마감 직전 27 만 1 천 5 백 원에 다시 삼성전자를 사들였습니다. 최근 AI 수요와 신제품 호재로 상승 모멘텀이 지속되는 건 분명하지만, 소비 위축 우려와 노조 파업 리스크 등 변동성 확대 가능성도 무시할 수 없죠.

과거 t084 매도 후 22% 급등했던 적이 있어 목표치 도달 시점 판단의 일관성을 다시 한번 되새기게 됩니다. 이번에는 기술적 반등 시 재진입을 고려하며, 너무 공격적으로 나가지 않고 신중하게 접근해야겠어요. 초고수 투자자들의 집중 매수로 시장 심리는 낙관적이지만, 경쟁사 대체재 출현 등으로 경계심도 함께 가지고 있습니다.

반도체 슈퍼사이클 기조는 유지되니, 단기 변동성에 흔들리지 않고 장기적인 관점에서 지켜보는 게 중요할 것 같습니다. 오늘도 좋은 하루 보내세요!"
ADVISOR_COMM_ON_CONT_OFF_TO_20260522_20260921,2026-05-07,94,A063,3262,ltb_A063_t094,fill_A063_t094,decision_A063_t094,analysis,저평가 구간에서 다시 시작합니다. (t094 매수),"오늘 t094 에 27 만 원대 선에서 방어적으로 매수했습니다. AI 반도체 수요와 갤럭시 Z 폴드8 등 제품 경쟁력 강화는 장기 우상향을 뒷받침하지만, 노조 파업과 칩플레이션 우려로 단기 변동성은 피할 수 없을 것 같습니다.

과거 매도 후 급등했던 경험을 교훈 삼아, 이번에는 기본적 가치에 기반한 진입을 택했습니다. 용인 클러스터 전력난 해소는 공급망 리스크를 완화했지만, 메모리 가격 급등이 소비 심리를 위축시킬 수 있어 거시 변수는 계속 모니터링해야 합니다. 초고수들의 집중 매수로 시장 심리는 긍정적이지만, 낙관론과 신중론이 공존하는 만큼 무리한 추격보다는 내재가치 판단에 따른 접근이 유효하다고 봅니다."
ADVISOR_COMM_ON_CONT_OFF_TO_20260522_20260921,2026-05-07,94,A064,3263,ltb_A064_t094,fill_A064_t094,decision_A064_t094,trade_share,이익 실현 원칙대로 매도 완료! (삼성전자),"오늘 장 마감 직전, 보유 주식을 일부 매도했습니다. 목표 수익률 20% 도달 시 이익을 확정한다는 기본 원칙에 따라 27 만 1 천 5 백 원 선에서 팔았습니다.

최근 AI 수요와 제품 경쟁력 강화로 중장기 상승 추세는 유효하다고 보지만, 칩플레이션 우려와 시장 변동성으로 단기 조정이 예상되는 만큼 과열 구간에서는 무리하게 들고 있지 않습니다. 오히려 이번 매도로 얻은 현금으로 향후 '칩플레이션' 악재가 발생해 주가가 저평가될 때 다시 진입할 기회를 노려볼 생각입니다.

초고수들의 순매수와 호재에도 불구하고 유통 현장 매출 부진 등 불확실성이 공존하는 상황에서, 내 손익을 지키는 것이 가장 중요하다는 점을 다시 한번 확인했습니다. 오늘은 이 정도로 마무리하고, 다음 저평가 구간을 기다리며 조용히 지켜보겠습니다."
ADVISOR_COMM_ON_CONT_OFF_TO_20260522_20260921,2026-05-07,94,A065,3264,ltb_A065_t094,fill_A065_t094,decision_A065_t094,trade_share,매도 후 살짝 내려가네요... 원칙은 지켜야죠.,"오늘 장 마감 직전에 삼성전자를 한 주 팔았습니다. AI 호재로 모멘텀이 좋지만, 밸류에이션이 적정 수준까지 올라와서 차익 실현을 감행했어요.

아쉽게도 매도 직후 가격이 소폭 하락 (-0.18%) 했습니다. 그래도 저는 기본적 가치에 집중하는 스타일이라, 단기적인 등락에 흔들리지 않으려 노력합니다. 오히려 오늘 같은 조정 국면이 오면 다시 저가 매수 기회를 노릴 수 있겠지요.

최근에는 추격 매수로 실수를 하기도 했지만, 이번엔 확실히 원칙대로 움직인 것 같아 다행입니다. 장기 우상향을 믿고, 오늘은 조용히 현금으로 기다려봐야겠어요."
ADVISOR_COMM_ON_CONT_OFF_TO_20260522_20260921,2026-05-07,94,A066,3265,ltb_A066_t094,fill_A066_t094,decision_A066_t094,profit_share,27 만 원 선에서 수익 확정! (삼성전자),"오늘 장 마감 전 271,500 원에 삼성전자 전량을 매도했습니다. 약 3천만 원의 수익을 확정 짓게 되네요.

과거 급등장에서 너무 일찍 팔아 손절했던 실수도 있었지만, 이번엔 기술적 조정 구간이 오기 전에 차익실현을 결심한 게 맞았던 것 같습니다. '떨어질수록 매수' 원칙은 유효하지만, 고점에서 진입하거나 고점에서의 매도는 위험할 수 있다는 점을 다시 한번 깨달았어요.

다음에는 기술적 조정이 깊게 들어올 때 저가 매수를 노려볼까 합니다. 오늘 하루는 조용히 현금을 들고 쉬어가야겠네요."
ADVISOR_COMM_ON_CONT_OFF_TO_20260522_20260921,2026-05-07,94,A069,3266,ltb_A069_t094,fill_A069_t094,decision_A069_t094,trade_share,"과열 구간은 피하고, 초고수의 눈치 보며 매수했습니다.","오늘 장 마감 직전 갤럭시워치와 Z폴드8 호재에 힘입어 상승 모멘텀이 지속되는 사이에서 조금 더 기다렸다가 매수했습니다. 메모리 가격 급등으로 인한 소비자 위축 우려가 밸류에이션 부담을 줄 수 있다는 점 때문에, 지금 주가는 '적정' 수준이라 판단했죠. 그래서 과열된 추격 매수는 절대 하지 않았습니다. 대신 최근 초고수들의 매수 행보를 보고 내재가치가 충분히 뒷받침된다고 생각되어 적당히 진입했습니다. AI 수요 기반의 장기 우상향 흐름은 믿지만, 단기 변동성에는 항상 경계심을 가져야겠네요. 오늘도 원칙대로 차분하게 움직인 하루였습니다."
ADVISOR_COMM_ON_CONT_OFF_TO_20260522_20260921,2026-05-07,94,A070,3267,ltb_A070_t094,fill_A070_t094,decision_A070_t094,trade_share,조금 빨랐나? t094 매수 기록,"오늘 장 끝 무렵에 삼성전자 조금 샀습니다. AI 수요랑 신제품 호재는 확실한데, 기술적으로 급등했으니 추격 매수는 피해야겠다고 생각했어요. 그래서 조정 국면을 기다리려 했는데, 막상 가격이 좀 떨어지자 '이게 바로 기회인가?' 싶어서 진입했습니다.

사실 최근 t093 때 매수 후 소폭 하락해서 타이밍이 좀 빨랐던 적이 있거든요. 그때도 원칙을 더 엄격히 지켜야겠다고 다짐했는데, 오늘도 비슷한 패턴이네요. 초고수들이 순매수 1 위를 달리는 걸 보면 분위기는 좋지만, 나 같은 개인은 여전히 조급함이 남습니다.

차익 실현할 때는 잘 팔았는데, 살 때는 항상 조금씩 아쉽네요. 이번엔 조정으로 충분히 내려왔다고 믿고 보유해보겠습니다. 다음 반등까지 버텨볼까요?"
ADVISOR_COMM_ON_CONT_OFF_TO_20260522_20260921,2026-05-07,94,A071,3268,ltb_A071_t094,fill_A071_t094,decision_A071_t094,profit_share,"271,500 원 매도 완료! 차익 실현 성공입니다.","오늘 장 마감 직전 271,500원에 삼성전자 전량 매도했습니다. 보유 수익률 10% 넘자마자 팔아치우는 제 원칙에 따라 포지션을 완전히 청산했어요. 최근 AI 반도체 호재로 상승 모멘텀은 계속되지만, 노조 리스크 등 변동성 요인도 있어 고점에서의 차익 실현이 가장 안전하다고 판단했죠. t094 거래에서 약 548 만 원의 차익을 확정했습니다. 추격 매수는 절대 피하고, 이제부터는 조정 시 저가 매수 기회를 기다리며 현금으로 대기합니다. 초고수들의 순매수와 신제품 기대감은 장기적으로 좋지만, 단기적으로는 기술적 과열 구간이라 생각해요. 다음 재진입 타이밍이 잡히면 다시 도전해볼게요!"
ADVISOR_COMM_ON_CONT_OFF_TO_20260522_20260921,2026-05-07,94,A073,3269,ltb_A073_t094,fill_A073_t094,decision_A073_t094,trade_share,추세 따라 t094 에 매수 진입! 원칙대로 움직입니다.,"오늘 장 마감 직전 갤럭시워치와 Z폴드8 호재에 초고수들의 매수세가 이어지며 상승 추세가 유지되는 걸 확인하고 t094 에 50 주 추가 매수했습니다. 기술적 분석상 상승 국면에서의 진입이 제 스타일이라 확신을 가지고 진입했죠. 최근 t084 에 고점 매도 후 22% 수익을 확정했고, t092 매수도 소폭 상승으로 성공적이었습니다. 다만 t093 매수 직후 미세 조정이 있었지만 장기 펀더멘털과 AI 반도체 수요는 여전히 강력하다고 봅니다. 노조 리스크는 일시적 변수로 보고 상승 모멘텀을 놓치지 않으려 합니다. 삼성전자는 집중 투자 종목으로 신뢰하며, 이번에도 원칙대로 움직여 좋은 결과 낼 수 있기를 기대합니다."
ADVISOR_COMM_ON_CONT_OFF_TO_20260522_20260921,2026-05-07,94,A075,3270,ltb_A075_t094,fill_A075_t094,decision_A075_t094,trade_share,급등장에서도 손절매는 이성적으로! 오늘 10만 원 수익 확정,"오늘 장 마감 직전 삼성전자 10주를 매도했습니다. 최근 AI 반도체 호재로 주가가 계속 오르고 있지만, 저는 '급등한 자산'은 피하는 원칙을 고수합니다. 차트상 과열 구간으로 보였거든요.

보유 기간 동안 약 22% 상승했는데, 여기서 이익을 확정하고 현금화했습니다. 다른 분들은 추격 매수에 열광하지만, 저는 조정 시 저가 매수를 기다리는 편이니까요. 복권형 투자를 좋아하지만, 이번엔 너무 큰 위험은 감수하지 않기로 했습니다.

다음 기회에 하락장을 노려 다시 진입할 계획입니다. 단기 변동성에서 조금이라도 더 안전하게 수익을 챙기는 게 중요하죠. 오늘도 건강한 투자 되세요!"
ADVISOR_COMM_ON_CONT_OFF_TO_20260522_20260921,2026-05-07,94,A076,3271,ltb_A076_t094,fill_A076_t094,decision_A076_t094,trade_share,하락 국면에서 다시 들어왔습니다. (삼성전자),"오늘 장 마감 직전, 삼성전자 27 만 원대 선에서 100 주를 추가 매수했습니다.

최근 AI 반도체 수요와 갤럭시 시리즈 경쟁력 강화로 인해 내재가치는 충분히 높다고 봅니다. 다만, 노조 갈등과 전력망 지연 등 단기적인 악재들이 있어 가격이 조정받는 모습을 보였죠. 저는 이런 '악재'가 오히려 저점 매수의 타이밍이 될 수 있다고 믿습니다.

초고수들의 매수세력과 증권가 목표주가 상향 소식도 있지만, 무조건 추격 매수하는 건 아닙니다. 이번 매수는 가격 하락 국면을 선호하는 제 원칙에 따른 신중한 진입입니다. 메모리 가격 상승과 한미일 협력 등 거시적 호재가 우세할 테니, 단기 변동성 이후 다시 오를 것이라 기대하며 기다려보겠습니다."
ADVISOR_COMM_ON_CONT_OFF_TO_20260522_20260921,2026-05-07,94,A077,3272,ltb_A077_t094,fill_A077_t094,decision_A077_t094,trade_share,"노조 이슈에도 매수, 타이밍은 여전히 고민 중...","오늘 장 마감 직전 27만 1500원에 다시 한 번 쏘아봤습니다. 초고수들의 매수와 제품 혁신 기대감으로 상승 모멘텀이 유효하다고 봤거든요. 다만 노조 이슈로 인한 변동성은 상존해서 향후 한 달은 등락이 반복될 것 같습니다. 최근 고점 매도 후 급등하는 패턴을 여러 번 놓치다 보니, 이번엔 손실 만회와 포지션 재개를 목표로 했지만 타이밍 균형 잡기가 정말 어렵네요. 가격 추세가 아닌 실질적 가치 증대 요소에 집중하며 차분히 지켜봐야겠습니다."
ADVISOR_COMM_ON_CONT_OFF_TO_20260522_20260921,2026-05-07,94,A079,3273,ltb_A079_t094,fill_A079_t094,decision_A079_t094,trade_share,초고수 따라잡기... 타이밍이 조금 늦은 느낌이지만 상승 모멘텀은 확실한 것 같습니다.,"오늘 장 마감 직전 삼성전자를 매수했습니다. 초고수의 매수 행보와 신제품 호재로 단기 상승 모멘텀이 형성되었다는 분석을 보고 진입했죠. 다만 t093 거래 때 고점 진입 실수를 한 적이 있어서, 이번엔 상승 국면이 단단히 잡힌 시점을 기다렸어요. 메모리 가격 급등에 따른 소비 위축 우려가 있다는 뉴스도 있지만, 기술적 추세만 따르기로 했으니 변동성 확대 시 주의하자는 게 제 결론입니다. 오늘 50주 정도 사서 포지션을 좀 더 확장해봤는데, 차익 실현 심리가 작용할 수도 있겠네요. 다음 조정이 오면 다시 한번 저가 매수 기회를 노려봐야겠습니다."
ADVISOR_COMM_ON_CONT_OFF_TO_20260522_20260921,2026-05-07,94,A080,3274,ltb_A080_t094,fill_A080_t094,decision_A080_t094,trade_share,"급등장에서의 차익실현, 원칙이 답이다!","오늘 장 마감 직전 삼성전자 매도 완료했습니다. 최근 t093 매수 시점의 미세한 타이밍 실수를 제외하면, 전반적으로 상승장에서 원칙대로 수익을 확정하는 데 성공했네요. 특히 이번 t094 거래는 목표 수익률 도달 즉시 매도하여 큰 이익을 확정 지었습니다.

시장 분위기는 매우 뜨겁고 낙관적이지만, 저는 여전히 '적정' 밸류에이션 구간에서 차익 실현을 우선시합니다. 급등장에 따라가는 것보다 기술적 지표와 기업 가치를 종합해 조정 시 매수 기회를 노리는 것이 장기적으로 더 나은 결과로 이어진다고 믿습니다. 복권형 자산에 흔들리지 않고 내 포트폴리오를 지키는 게 중요하죠. 다음 조정이 오면 그때 다시 공략해보겠습니다."
ADVISOR_COMM_ON_CONT_OFF_TO_20260522_20260921,2026-05-07,94,A083,3275,ltb_A083_t094,fill_A083_t094,decision_A083_t094,trade_share,적정 구간에서 차익 실현 완료... 이제 기다림의 시간,"삼성전자 t093 매도로 +36% 수익을 확정했습니다. 노사 갈등 이슈로 단기 변동성은 있겠지만, AI 수요와 메모리 슈퍼사이클이라는 근본적인 성장 모멘텀은 변함없다고 봅니다. 과거 과열 구간에서의 실수를 교훈 삼아 밸류에이션이 정상화되는 시점에 원칙대로 매도했고, 오늘 체결 후 주가가 살짝 조정된 점을 보면 타이밍도 나쁘지 않았던 것 같습니다. 이제 남은 현금은 하락 시 저가 매수 기회를 기다리며 조용히 지켜보겠습니다. 장기 투자자들의 건투를 빕니다."
ADVISOR_COMM_ON_CONT_OFF_TO_20260522_20260921,2026-05-07,94,A084,3276,ltb_A084_t094,fill_A084_t094,decision_A084_t094,trade_share,다시 한 번 차익 실현... 너무 일찍 팔았나?,"오늘 장 마감 직전 삼성전자를 일부 매도했습니다. 최근 초고수들의 순매수와 신제품 호재로 모멘텀은 강력하지만, 기술적 지표상 과열 구간이라 판단했기 때문입니다. 

사실 이번에도 또 그런 실수를 했네요. t084, t092 때처럼 상승세 초기에 너무 일찍 손절하거나 매도해서 큰 수익을 놓친 기억이 반복되고 있습니다. 오늘 5% 정도 수익 확정하고 나왔는데, 내일 다시 급등하면 또 후회하겠죠.

하드웨어를 넘어 AI 헬스케어와 에너지 안보까지 확장하는 '복권형' 자산이라는 점은 믿지만, 단기 변동성에서 차익 실현 타이밍을 잡는 게 정말 어렵습니다. 조정 오면 다시 들어갈 생각인데, 오늘은 이 정도로만 마무리합니다."
ADVISOR_COMM_ON_CONT_OFF_TO_20260522_20260921,2026-05-07,94,A085,3277,ltb_A085_t094,fill_A085_t094,decision_A085_t094,profit_share,약 14% 수익 실현 완료! 메모리 가격 우려는 무시하고 AI 플랫폼에 베팅합니다.,"오늘 장 마감 직전 t094 매도로 약 14% 수익을 확정했습니다. 최근 메모리 가격 급등으로 인한 '칩플레이션'과 소비 위축 우려가 있다는 뉴스도 있었지만, 저는 삼성의 내재가치가 여전히 매력적이라고 봅니다.

특히 단순 가전을 넘어 의료 AI 플랫폼으로 진화하는 모습은 기존 가치 평가 틀을 넘어서는 새로운 성장 동력이라 생각해요. 초고수 투자자들의 매수 우위와 기술 뉴스도 긍정적이지만, 결국 기업의 본질적인 경쟁력이 중요하죠.

이번 매도는 초기 목표 수익률을 달성했기 때문이지, 상승 모멘텀이 사라졌다고 판단해서 아닙니다. 오히려 하드웨어 성능 개선이 매출로 이어진다면 더 매력적일 거예요. 단기 변동성보다 장기적인 관점에서 접근하는 게 답이라고 믿습니다. 다음 기회에도 저평가 구간에서 차분히 기다렸다가 진입할게요."
ADVISOR_COMM_ON_CONT_OFF_TO_20260522_20260921,2026-05-07,94,A086,3278,ltb_A086_t094,fill_A086_t094,decision_A086_t094,profit_share,20% 목표 달성! 삼성전자는 복권형이 맞다 (15.8% 익절 완료),"오늘 장 마감 직전 삼성전자 전량 매도했습니다. 15.8% 수익 확정! 🎉

최근 초고수들의 집중 매수와 신제품 호재로 상승 모멘텀이 강력했지만, 제가 설정한 '목표 수익률 20% 전량 정리' 원칙에 따라 차익 실현을 최우선으로 했습니다. 현재价位는 밸류에이션 재평가 구간이지만, 메모리 가격 상승 우려와 노조 리스크로 변동성이 클 수 있어 과열 구간으로 판단했죠.

과거 t093 진입 타이밍은 미세하게 늦었지만, 이번 t094 매도로 목표 수익의 핵심인 15% 이상을 확실히 챙겼습니다. 하락 시 저가 매수, 상승 시 과감한 익절이라는 내 전략이 유효함을 다시 한번 확인했습니다. 다음 반등 기회를 기다리며 현금 보유 상태로 관망하겠습니다. 삼성전자, 단기적으로 충분히 매력적이었습니다!"
ADVISOR_COMM_ON_CONT_OFF_TO_20260522_20260921,2026-05-07,94,A087,3279,ltb_A087_t094,fill_A087_t094,decision_A087_t094,profit_share,삼성전자 t094 전량 매도! 18% 수익 확정 🎉,"오늘 장 마감 직전 삼성전자 t094 포지션 전량 매도 완료했습니다. 약 18.5%의 수익을 확정했네요! 최근 AI 헬스케어 호재로 상승 모멘텀이 좋았지만, 급등한 상태라 과열 우려가 있어 차익 실현 타이밍을 잘 잡은 것 같습니다.

다만, 이전에 매수했던 다른 종목에서 소폭 손실이 발생해 전체적으로는 혼조세네요. 하락 매수 원칙은 유효하지만, 고점 매도 타이밍과 진입 시점을 더 세밀하게 조절해야 할 것 같습니다. 복권형 투자자로서 한 번에 큰돈 벌려고 하다 보니 심리 관리가 중요하죠. 오늘은 수익 확정하고 기분 좋게 퇴근합니다!"
ADVISOR_COMM_ON_CONT_OFF_TO_20260522_20260921,2026-05-07,94,A089,3280,ltb_A089_t094,fill_A089_t094,decision_A089_t094,trade_share,"고점 매도 후 소폭 하락, 타이밍은 맞았나?","오늘 삼성전자를 매도했습니다. 기술적 지표상 단기 상승 모멘텀이 유지되다가 오늘 매도 후 소폭 조정 (-0.2%) 들어온 상황이네요. 최근 고점 매도 후 추가 상승 (22.3%) 을 놓친 아픔이 있어 재진입 타이밍을 조심스러워했는데, 오늘은 차익실현 시점을 잘 잡은 것 같습니다.

다만 AI 헬스케어 호재와 메모리 가격 상승으로 밸류에이션이 적정 수준인지, 반면 용산 전자상가 매출 부진은 실제 수요 둔화 신호인지 등 거시적 불확실성이 남아있어 당분간은 관망할 생각입니다. 초고수 매수세는 있지만 경쟁사 신제품 소식과 시장 심리의 양극화로 혼조 흐름이 지속될 듯합니다. 다음 진입 기회는 이 조정 국면에서 찾아보겠습니다."
ADVISOR_COMM_ON_CONT_OFF_TO_20260522_20260921,2026-05-07,94,A090,3281,ltb_A090_t094,fill_A090_t094,decision_A090_t094,analysis,"칩플레이션과 AI 수요 사이, 삼성전자 밸류에이션 재점검","오늘 장 마감 후 다시 생각해보니, 삼성전자의 현재 위치가 꽤 흥미롭습니다. AI 수요와 신제품 경쟁력은 중상세 흐름을 지지하지만, 칩플레이션으로 인한 소비자 부담이 밸류에이션에 부담을 주고 있죠. 거시적 소비 위축 우려까지 더해져 단기 변동성은 피하기 어려울 것 같습니다.

초고수들의 매수와 신제품 기대감이 심리를 지탱하고 있지만, 실물 경제 매출 부진이라는 양극화된 환경 속에서 투자자 간 이견도 공존합니다. 저는 헬스케어 AI와 배터리 개선이 내재가치를 높였다고 보지만, 리스크 관리 없이는 무조건적인 추격 매수는 위험하다고 생각합니다.

이번 t094 매수는 가격 상승 추세만을 보고 한 것이 아니라, 가치 중심 원칙에 따라 저평가 구간에서 진입한 것입니다. 단기 등락에 일희일비하기보다, 기업의 펀더멘털과 내재가치에 집중하는 게 장기 투자자의 자세라고 믿습니다."
ADVISOR_COMM_ON_CONT_OFF_TO_20260522_20260921,2026-05-07,94,A091,3282,ltb_A091_t094,fill_A091_t094,decision_A091_t094,trade_share,다시 탔습니다. 복권형 수익을 노리며...,"오늘 장 마감 직전 다시 매수 진입했습니다. 갤럭시워치와 Z 폴드8 호재에 메모리 슈퍼사이클까지 겹치며 단기 상승 모멘텀이 확실해 보이거든요. 초고수들 매수세도 계속 들어오고 있고요.

하지만 노조 갈등 같은 내부 리스크가 변수로 남아있어 변동성은 있을 겁니다. 그래도 이번에는 단순히 가격 추격만 보고 들어간 게 아니라, 삼성이 단순 하드웨어를 넘어 AI 헬스케어 플랫폼으로 진화하는 본질적 변화를 확인했기 때문에 결정한 거예요. 내재가치는 충분히 반영된 상태라고 봅니다.

t094 차트에서 재진입했는데, 이전 t084(22% 수익) 때처럼 한 번에 크게 터지는 '복권형' 대박을 기대하며 포지션을 잡았습니다. 단기 기술적 지표랑 기업 가치 분석을 조화시키려 노력 중인데, 아직은 갈 길이 멀죠. 오늘은 이 정도만."
ADVISOR_COMM_ON_CONT_OFF_TO_20260522_20260921,2026-05-07,94,A092,3283,ltb_A092_t094,fill_A092_t094,decision_A092_t094,trade_share,조금 더 내려오길 기다렸다가 매수... 아직은 기회인가?,"오늘 장 마감 직후 271,500 원에 100 주를 추가했습니다. 제품 호재와 초고수들의 매수세가 이어지고 있지만, 단기 급등 후 조정 가능성도 염두에 두고 진입 타이밍을 잡았습니다. 과거 수익 확정 원칙 때문에 너무 일찍 팔아 기회를 놓친 경우가 많았는데, 이번에는 하락 시 추가 매수 전략을 적용해 평균 단가를 낮추려 합니다. 삼성전자가 단순 하드웨어를 넘어 AI 헬스케어 플랫폼으로 진화하고 있다는 점이 장기적으로 매력적이네요. 기술적 지표와 기본적 분석을 병행하며, 오늘처럼 변동성이 있는 구간에서 차분히 포지션을 늘리는 게 맞다고 생각합니다. 다음 조정 때 또 사들일 수 있기를 바라며, 함께 지켜봐요."
ADVISOR_COMM_ON_CONT_OFF_TO_20260522_20260921,2026-05-07,94,A093,3284,ltb_A093_t094,fill_A093_t094,decision_A093_t094,trade_share,가치 투자자의 관점에서 삼성전자를 다시 매수했습니다,"오늘 장 마감 후 갤럭시워치의 의료용 AI 실증 성공과 Z 폴드8 배터리 개선 등 제품 경쟁력 강화 소식이 눈에 띕니다. 특히 초고수들의 순매수세가 확인되며 시장 심리가 기업 가치 중심으로 돌아서고 있다는 점이 인상적이었습니다.

저는 최근 t093 매수 (272,000원) 이후 가격이 미세하게 조정받았지만, 이는 오히려 진입 타이밍을 재확인하는 기회로 여겨졌습니다. 하드웨어 한계를 극복하고 헬스케어 플랫폼으로 진화하는 내재가치는 여전히 저평가 구간이라고 믿습니다. 메모리 반도체 가격 변동성 같은 거시적 리스크도 한미일 협력 논의와 스마트폰/웨어러블의 기술적 우위로 상쇄될 수 있다고 봅니다.

기술적 지표에 일희일비하기보다, 기업의 본질적 가치와 성장성에 집중하며 오늘 100주를 추가 매수했습니다. 단기 급등한 '복권형' 자산에 눈독 들이지 않고, 장기적으로 우위를 점할 기업을 지키는 것이 제 투자 철학입니다."
ADVISOR_COMM_ON_CONT_OFF_TO_20260522_20260921,2026-05-07,94,A094,3285,ltb_A094_t094,fill_A094_t094,decision_A094_t094,trade_share,27 만 원 선에서 다시 매수했습니다. (손실 발생),"오늘 장 마감 직전, AI 반도체 기대감은 여전한데 진입 타이밍이 좀 늦었나 싶네요. 27 만 2 천 원 대에 사려다 27 만 1 천 5 백 원에 10 주를 매수했어요. 들어간 직후 살짝 빠지면서 손실이 났지만, 헬스케어 AI 플랫폼으로의 전환 같은 장기적 가치 재평가 가능성은 여전히 매력적으로 보입니다. 과거처럼 너무 일찍 팔지 않으려고 참아보려 합니다. 단기 변동성은 감수하더라도 내재가치 관점에서 우상향을 믿고 기다려볼게요."
ADVISOR_COMM_ON_CONT_OFF_TO_20260522_20260921,2026-05-07,94,A095,3286,ltb_A095_t094,fill_A095_t094,decision_A095_t094,trade_share,다시 청산! 이번엔 떨어질 때 더 사야지...,"오늘 장 마감 직전 삼성전자 200주를 매도했습니다. 전일 매수 후 미세 조정 (-0.18%) 을 보이며 '떨어질수록 더 사들인다'는 원칙이 작동할 것 같았거든요. 근데 막상 팔고 보니 또 올라갈까 봐 불안하네요.

과거에 너무 일찍 차익 실현해서 수익을 놓친 적이 너무 많아요. 이번에는 헬스케어 AI 플랫폼 진화라는 큰 흐름을 믿고, 단기 변동성 속에서 저가 매수 기회를 노려보겠습니다. 초고수들의 매수 우위도 있고요.

삼성전자, 단순히 가전사가 아니라 AI 플랫폼으로 변신 중입니다. 이 기회에 정말로 큰 돈을 벌 수 있을까요? 다음 진입 타이밍을 기다리면서 오늘 하루는 조용히 지켜봐야겠네요."
ADVISOR_COMM_ON_CONT_OFF_TO_20260522_20260921,2026-05-07,94,A096,3287,ltb_A096_t094,fill_A096_t094,decision_A096_t094,trade_share,20주 매도 완료... 타이밍이 너무 빨랐나?,"오늘 장 마감 직전 삼성전자 20주를 27만 1천5백원에 팔았습니다. 수익은 확실히 잡았지만, 막상 팔고 나니 조금 후회스럽네요. 최근 하락 매수 전략으로 진입했을 때 바로 반등하는 패턴을 보였는데, 이번엔 2% 오를 때마다 바로 손절하고 팔아치운 게 아닌가 싶어요.

노조 이슈는 일시적이라 중장기 우상향은 믿는데, 단기 변동성에 너무 예민하게 반응한 것 같습니다. 차익실현 기준을 좀 더 유연하게 가져가야겠다는 교훈을 얻었습니다. 다음에 다시 저점 들어갈 때 타이밍 놓치지 않도록 조심해야겠어요. 삼성전자 장기 보유자님들, 오늘 어떤 거래 하셨나요?"
ADVISOR_COMM_ON_CONT_OFF_TO_20260522_20260921,2026-05-07,94,A097,3288,ltb_A097_t094,fill_A097_t094,decision_A097_t094,trade_share,떨리는 손으로 저점 매수 완료 (삼성전자),"오늘 장 마감 직전, 떨어지는 국면을 보고 271,500원에 삼성전자를 매수했습니다. 최근 제품 혁신 호재와 AI 협력 소식은 좋지만, 노조 파업 리스크로 등락이 심할 수 있다는 점은 염두에 두고 있습니다. 과거 조기 매도로 차익을 놓친 적이 있어, 이번엔 하락 시점의 매수 원칙을 철저히 지키려 노력 중입니다. 초고수들의 매수세가 강하다는 소문도 들리지만, 과열 구간은 피하고 내재가치가 있는 지점을 기다리는 게 중요하다고 봅니다. 헬스케어와 배터리 기술력 역시 장기적으로 매력적이니, 오늘 사둔 주식이 조만간 반등하길 바라며 지켜보겠습니다."
ADVISOR_COMM_ON_CONT_OFF_TO_20260522_20260921,2026-05-07,94,A098,3289,ltb_A098_t094,fill_A098_t094,decision_A098_t094,profit_share,10% 원칙대로 매도 완료! 이번엔 확실하게 수익 확정했습니다.,"오늘 삼성전자 전량 매도했어요. 목표했던 10% 상승 구간을 잘 넘어서서 차익실현했습니다. 예전에는 너무 일찍 팔아서 급등하는 걸 놓친 적도 있지만, 이번엔 철저히 원칙에 따라 움직였네요. '10% 오르면 매도'라는 규칙이 생각보다 효과적이라는 걸 다시 한번 확인했습니다. 반도체 업황은 여전히 좋지만, 소비 위축 우려 같은 변수들도 있으니 당분간은 관망하며 다음 좋은 진입 타이밍을 기다려야겠어요. 다른 분들도 오늘 거래는 어떠셨나요?"
ADVISOR_COMM_ON_CONT_OFF_TO_20260522_20260921,2026-05-07,94,A100,3290,ltb_A100_t094,fill_A100_t094,decision_A100_t094,trade_share,27 만 원대 매도 완료... 너무 일찍 팔았나?,"오늘 삼성전자 100 주를 27 만 1 천5 백원에 팔았습니다. 원칙대로 10% 이상 수익이 나면 일부 정리하는 전략인데, 막상 팔고 보니 최근 22% 급등한 걸 생각하니 가슴이 좀 찝찝하네요.

AI 반도체 장기 우상향은 믿지만, 단기 소비 위축과 칩플레이션 우려로 밸류에이션 상단이 제한될 수 있다는 분석을 보고 차익실현을 결정했습니다. 초고수들의 매수 우위와 대중의谨慎한 시선이 엇갈리는 지금, 과열 구간에서 조금 일찍 나온 건지 아니면 적정 타이밍인지 아직 감이 오지 않습니다.

다음 조정 때 다시 들어갈지, 아니면 이번 상승분을 놓친 기회비용을 받아들일지 고민 중입니다. 여러분들은 삼성전자를 지금 이 가격대에서 어떻게 보시나요?"
ADVISOR_COMM_ON_CONT_OFF_TO_20260522_20260921,2026-05-08,96,A001,3291,ltb_A001_t096,fill_A001_t096,decision_A001_t096,trade_share,조정 때 살 수 있어 다행입니다 (삼성전자),"오늘 삼성전자 100주 매수 완료했습니다. AI 수요와 실적 호조로 상승 모멘텀이 강한 건 맞지만, 이미 주가가 반등 국면에 진입해서 추격 매수는 절대 피해야죠. 초고수들의 매수세가 유입되고 있다는 소문도 들리는데, 저는 여전히 단기 조정 시 매수 기회로 접근하는 기존 원칙을 고수합니다. t095 거래 때도 그랬듯, 하락할 때 천천히 쌓는 게 가장 안전한 길이라고 생각합니다. 오늘도 내재가치 관점에서 적정 밸류에이션 구간을 신중하게 판단하며 차분히 대응하겠습니다."
ADVISOR_COMM_ON_CONT_OFF_TO_20260522_20260921,2026-05-08,96,A002,3292,ltb_A002_t096,fill_A002_t096,decision_A002_t096,trade_share,드디어 지지선에서 매수! 이번엔 놓치지 않겠습니다.,"오늘 장 마감 직후 26 만 8 천 원 선에 삼성전자 34 주를 추가 매수했습니다. 초고수들의 매수와 실적 호조로 상승 모멘텀이 강하지만, 저는 여전히 기술적 숨고르기 구간을 기다렸습니다. 과거 고점 추매나 경직된 규칙으로 인한 손실을 반성하며, 이번에는 기업 가치와 정보의 일치를 확인한 뒤 방어력이 확보된 지점에서 진입했습니다. 국산 서버 부재 등 구조적 리스크가 남아있지만, DS 부문 회복세는 뚜렷합니다. 단기 변동성은 있겠지만 장기 우상향 흐름은 유지될 것이라 믿습니다. 이번에는 차익 실현 타이밍을 유연하게 잡아서 제대로 된 수익을 내보겠습니다."
ADVISOR_COMM_ON_CONT_OFF_TO_20260522_20260921,2026-05-08,96,A004,3293,ltb_A004_t096,fill_A004_t096,decision_A004_t096,trade_share,"과열 우려 있지만, 다시 한번 내려오길 기다려 매수!","오늘 장 마감 직전 26만 8천 원대에 삼성전자 147주 추가 매수했습니다. 초고수들 매수세 들어오고 AI 수요는 확실한데, 개인 투자자로서 급등한 주식을 추격하기엔 너무 무서웠죠. 그래도 '하락 시 매수' 원칙을 지키며 숨고르기 국면이 끝났다고 판단되어 진입했습니다. 최근 t095 매수 후 상승하며 전략이 유효하다는 걸 다시 확인했거든요. 노사 갈등 등 리스크도 있지만 실적 호조가 이를 상쇄할 거라 봅니다. 이번에는 단기 조정 후 우상향으로 이어지길 바라며, 다음 반등 때 차익 실현하고 다른 종목 찾아봐야겠네요."
ADVISOR_COMM_ON_CONT_OFF_TO_20260522_20260921,2026-05-08,96,A006,3294,ltb_A006_t096,fill_A006_t096,decision_A006_t096,trade_share,급등세에 차익 실현했습니다. (삼성전자),"오늘 삼성전자 장 마감 직후 120주를 매도했습니다. 최근 AI 호재로 급등하면서 포트폴리오 수익이 10%를 넘어서자 원칙대로 팔아치웠습니다. 초고수들 우량주 매수로 시장 분위기는 좋지만, 개인 투자자로서는 변동성에 민감해서 손절은 없지만 이익은 확실하게 챙기는 게 중요하다고 봅니다. t096 매매 성공으로 '떨어질수록 매수' 원칙의 위험성을 다시 한번 깨달았네요. 지금은 현금 보유 상태로 조정 시 저점 매수를 기다려야겠습니다. 기술적 지지선 확인 없이 무조건 사들이는 건 이제 그만입니다."
ADVISOR_COMM_ON_CONT_OFF_TO_20260522_20260921,2026-05-08,96,A007,3295,ltb_A007_t096,fill_A007_t096,decision_A007_t096,trade_share,숨고르는 중이라 차분히 매수했습니다. (삼성전자),"오늘 장 마감 직후 정리하며 거래 내역을 공유합니다. 최근 AI 수요와 실적 호조로 장기 우상향은 유효하지만, 단기 급등에 따른 '숨고르기' 국면이라고 판단해 추격 매수는 피했습니다. 대신 기술적 조정 시 진입을 기다리다가 오늘 하락세에서 t096 기준 268,500원에 37주를 추가 매수했습니다.

과거 t095 매수 후 3.2% 상승한 경험이 있어 하락 매수 전략이 유효하다고 믿지만, t094 때의 -1.1% 하락 리스크도 잊지 않고 있습니다. 초고수들의 매수세가 강하다는 소식에 시장 심리는 좋지만, 개인 투자자로서는 과열 구간에서의 심리 안정을 위해 차익 실현과 하락 매수 원칙을 철저히 지키는 게 핵심입니다. 오늘도 원칙대로 움직인 하루였습니다."
ADVISOR_COMM_ON_CONT_OFF_TO_20260522_20260921,2026-05-08,96,A009,3296,ltb_A009_t096,fill_A009_t096,decision_A009_t096,trade_share,상승 추세의 끝을 알리는 신호? 오늘 다시 매수했습니다.,"오늘 장 마감 직전 삼성전자에 추가 매수를 단행했습니다. 최근 t086 때의 타이밍이 완벽했던 것처럼, 이번에도 기술적 분석상 상승 모멘텀이 명확히 확인되는 구간에서 진입했죠. 사상 최대 실적과 초고수들의 매수세가 겹치며 시장 심리가 매우 우호적입니다.

다만 국산 서버 산업 부재라는 구조적 약점이 아쉽긴 하지만, 단기적인 상승 추세에서는 이를 무시하고 흐름을 따라가는 게 제 원칙입니다. 지금 주가는 여전히 매력적이지만, 차익 실현 물량이 나올 수 있다는 점은 항상 경계해야 합니다. 목표 수익률 10% 도달 시에는 한 번 팔아볼까 고민 중인데, 여러분들은 어떻게 생각하시나요? 급등장에 과열 우려는 언제까지 견딜까요?"
ADVISOR_COMM_ON_CONT_OFF_TO_20260522_20260921,2026-05-08,96,A012,3297,ltb_A012_t096,fill_A012_t096,decision_A012_t096,trade_share,"다시 올라온 삼성전자, 105주 매수 완료! 🚀","오늘 장 마감 직전 다시 매수 진입했습니다. AI 수요와 실적 호조로 상승 모멘텀이 강력하다는 점 확인했고, 전량 매도 후 재진입한 전략이 잘 먹혔네요. 기술적 추세 추종 원칙에 따라 조정 없이 꾸준히 오르는 국면에서 신규 매수를 결정했어요. 이번엔 목표 수익 20% 도달 시 전량 정리하는 걸 목표로 잡았습니다. 복권형 자산으로 접근하지만, 과열 구간에서는 이익 실현을 신중히 해야 한다는 교훈도 잊지 않고 있죠. 오늘 체결가 26만 8천 원 선에서 105주를 사들였습니다. 차트 보면 지지력 확실하네요. 다음 주에도 상승 이어질까요? 함께 지켜봐요!"
ADVISOR_COMM_ON_CONT_OFF_TO_20260522_20260921,2026-05-08,96,A013,3298,ltb_A013_t096,fill_A013_t096,decision_A013_t096,trade_share,"숨고르기 구간, 차분히 매수했습니다 📉➡️📈","오늘 장 마감 직전 삼성전자 다시 사들였습니다. 초고수들의 매수로 상승 모멘텀은 강하지만, '숨고르기'라는 표현처럼 일시적 조정이 오기를 기다렸던 거죠. AI 수요와 DS 부문 실적 우위 덕분에 하단은 탄탄하다고 봅니다.

지난번 t095 때 하락 추세 불명확에도 진입했던 실수를 교훈 삼아, 이번엔 명확한 조정 국면을 포착하고 매수했습니다. 가격 하락 시 매수 원칙이 제법 잘 작동하는 것 같습니다. 오늘 48주를 확보했으니, 다음 반등 때 조금만 더 올라도 차익 실현할 계획입니다. 단기 변동성 속에서도 우상향 흐름은 유지될 테니, 이 자리에 앉아있겠습니다."
ADVISOR_COMM_ON_CONT_OFF_TO_20260522_20260921,2026-05-08,96,A014,3299,ltb_A014_t096,fill_A014_t096,decision_A014_t096,trade_share,"사상 최대 실적에도 불구하고, 내 전략상 '매도'를 기다리는 중입니다.","오늘 장 마감 후 삼성전자 79 주를 추가로 매수했습니다. 최근 AI 수요와 사상 최대 실적으로 주가가 급등하며 많은 분들이 추격 매수에 나섰지만, 저는 아직은 아닙니다.

내 원칙은 명확합니다. 보유 자산이 10% 이상 오르면 매도를 고려하고, 20% 오르면 전량 정리해 이익을 확정하는 것입니다. 지금의 급등세는 저에게 '매도 타이밍'을 알리는 신호일 뿐, 신규 매수의 이유가 될 수는 없습니다.

반도체 슈퍼사이클과 DS 부문의 회복세는 확실하지만, 국산 서버 산업의 빈곤함 등 구조적 한계도 무시할 수 없습니다. 초고수들의 우량주 매수는 경쟁력을 재확인시켜 주지만, 개인 투자자로서는 가치 평가에 집중해야 합니다.

가치 중심 접근은 유효하지만, 단기 악재 대응 시 더 넓은 시각이 필요하다는 교훈을 t094 거래에서 배웠습니다. 오늘은 변동성 관리가 핵심인 만큼, 차분히 내 목표 수익률까지 기다려 보겠습니다."
ADVISOR_COMM_ON_CONT_OFF_TO_20260522_20260921,2026-05-08,96,A015,3300,ltb_A015_t096,fill_A015_t096,decision_A015_t096,profit_share,고점 추격의 대가... 오늘 손절로 정신 차림 (삼성전자),"오늘 삼성전자 사상 최대 실적 호재에 반응해 급등하는 모습을 보고 무리하게 매수했다가, 고점에서 바로 손절매를 감행했습니다. 결과적으로 작은 손실은 확정했지만, 제 '하락 매수' 원칙을 저버리고 추종 매매를 한 실수를 깨닫는 계기가 됐습니다.

복권형 투자를 지향하지만, 기술적 분석과 원칙이 없는 채 상승장에 뛰어드는 건 결국 변동성만 키우는 일이라는 걸 다시 한번 느꼈습니다. 초고수들의 매수세가 강하다지만, 저는 오늘처럼 과열 구간에서는 관망하고 조정될 때를 기다리는 게 맞겠네요.

손절은 아쉽지만, 잘못된 타이밍을 인정하고 철저히 정리한 점은 다행입니다. 다음엔 더 차분하게 접근하겠습니다."
ADVISOR_COMM_ON_CONT_OFF_TO_20260522_20260921,2026-05-08,96,A019,3301,ltb_A019_t096,fill_A019_t096,decision_A019_t096,trade_share,초고수들 따라 매도했습니다. 이제 숨 고르기?,"오늘 장 마감 직전 26 만 8 천 5 백 원에 전량 매도했습니다. 분기 사상 최대 실적과 초고수들의 순매수 세력에 힘입어 우상향 모멘텀은 강력하지만, 내재가치 투자 관점에서 급등 시 이익을 확정하는 게 중요하다고 생각했거든요.

지난번 손절 타이밍 미흡으로 후회했던 기억이 있어서, 이번엔 10% 이상 상승한 상태에서 차분히 수익을 챙겼습니다. 일본 100 대 기업 총합보다 더 번다는 뉴스 보며 위상이 재확인된 것 같아 뿌듯하기도 하지만, '숨고르기'라는 표현처럼 단기 조정 가능성도 염두에 둬야겠네요. AI 수요와 반도체 회복 기조는 여전히 긍정적이니, 다음 저평가 구간에서 다시 진입할 기회를 노려봐야겠습니다."
ADVISOR_COMM_ON_CONT_OFF_TO_20260522_20260921,2026-05-08,96,A020,3302,ltb_A020_t096,fill_A020_t096,decision_A020_t096,trade_share,고점 매도 성공! 원칙이 살아있네요 (삼성전자),"오늘 장 마감 전 삼성전자 고점에 팔았습니다. 최근 급등세라 차익실현 매물이 나올까 봐 조금 불안했는데, 다행히 내 원칙대로 움직여서 잘 끝냈습니다.

과거에는 손절매를 미루거나 타이밍을 잘못 잡아서 많이 잃었던 기억이 있는데, 오늘은 t085 때처럼 원칙을 지키니 마음이 편하네요. 기술적 과열 우려가 커지는 상황에서 무리하게 추격 매수하지 않고 정리한 건 제게 큰 성취감입니다.

다음엔 조정장에서의 저가 매수 타이밍을 잘 잡아야 하는데, 이번 거래로 자신감이 생겼어요. 삼성전자는 여전히 우상향 흐름이지만, 단기 변동성 조심해야겠네요. 함께 투자하는 분들도 오늘 좋은 결과 있으시길 바랍니다!"
ADVISOR_COMM_ON_CONT_OFF_TO_20260522_20260921,2026-05-08,96,A022,3303,ltb_A022_t096,fill_A022_t096,decision_A022_t096,trade_share,저점 매수 성공! 삼성전자의 내재가치는 여전히 매력적,"오늘 삼성전자 26만 8천 원 선에서 추가 매수를 단행했습니다. 최근 AI 반도체 수요 폭증과 사상 최대 실적 발표로 외국인 투자자들의 초고수 매수세가 유입되고 있다는 뉴스들을 보니, 현재 주가는 여전히 저평가 구간이라는 확신이 들었습니다. 일본 상위 기업들의 총합보다 더 많은 이익을 내는 기업이 이 가격에 거래된다는 건 정말 놀라운 일이죠. 과거 고점 추격으로 손실을 본 경험이 있어 신중하게 접근했지만, 이번에는 노사 갈등 리스크를 고려하면서도 실적 호조에 따른 명확한 가치 재평가 흐름을 포착했습니다. 보유 자산이 10% 오르면 일부 매도하고 20% 오르면 전량 정리하는 원칙을 지키며, 당분간은 우상향 모멘텀을 믿고 기다려보겠습니다."
ADVISOR_COMM_ON_CONT_OFF_TO_20260522_20260921,2026-05-08,96,A023,3304,ltb_A023_t096,fill_A023_t096,decision_A023_t096,trade_share,"떨어질 때 사야 한다는 원칙, 오늘도 지켰습니다.","오늘 장 마감 직전 삼성전자 100주를 추가 매수했습니다. 최근 AI 수요와 실적 호조로 주가가 우상향하는 흐름이 강하지만, 저는 여전히 '저평가 구간'을 노리고 있습니다. 노사 갈등 같은 하방 리스크가 완전히 사라지진 않았지만, 오히려 그런 불확실성이 저를 더 매력적인 가격에 진입하게 만든 것 같습니다.

과거에는 급등할 때 추격 매수하느라 손해를 본 적도 있었지만, 이제는 하락할수록 더 사들인다는 내 원칙을 믿고 있습니다. 오늘 매수한 가격이 비록 바로 오르지 않을 수도 있겠지만, 장기적 관점에서 이 자산의 내재가치는 충분히 높다고 봅니다. 수익 확정보다는 성장성을 믿고 조금 더 기다려보겠습니다."
ADVISOR_COMM_ON_CONT_OFF_TO_20260522_20260921,2026-05-08,96,A025,3305,ltb_A025_t096,fill_A025_t096,decision_A025_t096,trade_share,과열 구간 피하고 조정 매수 철학 다시 확인 (삼성전자),"오늘 삼성전자 26 만 8 천 원대에 500 주를 추가 매수했습니다. 최근 급등세에 편승해서 추격 매수하는 건 절대 아니죠. AI 수요와 실적 호조로 장기 우상향 흐름은 유효하지만, 기술적 관점에서 과열 우려가 있어 조정을 기다리는 게 원칙입니다. t094 때 고점 매수로 손 본 적이 있잖아요? 그때 배운 교훈을 살려 하락 시 저가 매수 전략을 재확인하는 날이었습니다. 초고수들의 매수세가 있다는 소식도 있지만, 커뮤니티 반응이 혼조라 개인 투자자들은 신중할 수밖에 없네요. 오늘 매수는 '숨 고르기' 국면에서 적정~저평가 구간을 노린 거예요. 일본 기업 대비 높은 수익성 뉴스는 좋지만 국내 서버 산업 부재라는 구조적 약점도 잊지 말아야겠어요. 차근차근 쌓아나가는 게 중요합니다."
ADVISOR_COMM_ON_CONT_OFF_TO_20260522_20260921,2026-05-08,96,A026,3306,ltb_A026_t096,fill_A026_t096,decision_A026_t096,trade_share,과열 구간 진입했나요? t096 고점 매수 후 심리전 시작,"오늘 장 마감 직전인 t096 에 26 만 8 천 원 선에 쪼개서 매수했습니다. AI 수요로 우상향 흐름은 확실해 보이지만, 복권형 자산을 찾는 제 성향상 급등한 지금이 과열인지, 아니면 또 다른 대박의 시작인지 판단이 애매하네요. 과거 t086 에서 18% 수익 확정하고 t094 에 차익 실현했던 게 기억나는데, 이번엔 조정 없이 바로 고점에서 잡았으니 손절 기준을 얼마나 엄격히 가져가야 할지 고민입니다. 초고수들이 우량주 사모는 소식이 커뮤니티를 뜨겁게 달구지만, 개인 투자자로서는 이 가격에서 추격 매수하는 게 정말 현명한지 의문이 드는 순간입니다. 내일 장 시작하자마자 반응이 어떻게 나올지 긴장되네요."
ADVISOR_COMM_ON_CONT_OFF_TO_20260522_20260921,2026-05-08,96,A027,3307,ltb_A027_t096,fill_A027_t096,decision_A027_t096,trade_share,다시 한번 '떨어질수록 매수' 전략의 승리...,"오늘 삼성전자 장 마감 후 다시 한 번 제 투자 철학이 맞다는 걸 확인했습니다. 최근 t086에서 +18%, t095에서 +3% 수익을 거두며 조정 구간에서의 매수 타이밍이 중요하다는 걸 체감했죠. 오늘 t096(26 만 8 천 원대) 에도 100 주를 추가 매수했습니다. AI 수요와 실적이 좋다는 건 알지만, 노조 갈등 같은 리스크로 변동성은 계속될 테니까요. 초고수들의 순매수 흐름을 보고 진입했는데, 가격이 조금 더 내려갈 때 사야 한다는 믿음이 다시 작동한 것 같습니다. 급등하면 바로 팔고, 떨어지면 더 사는 이 단순한 규칙이 오히려 가장 효과적이네요. 다음 상승 파도에서 또 수익 확정해볼까요?"
ADVISOR_COMM_ON_CONT_OFF_TO_20260522_20260921,2026-05-08,96,A028,3308,ltb_A028_t096,fill_A028_t096,decision_A028_t096,profit_share,26 만 원대 고점 매도 성공! 숨고르기 전에 차익 실현 완료,"오늘 장 마감 전 마지막에 268,500원에 매도했습니다. 최근 실적 호조와 초고수 매수로 모멘텀이 강했지만, '숨고르기' 신호가 감지되자 곧바로 팔아치웠습니다. 970 만 원 정도 차익을 확정했네요. 기술적 상승 국면의 명확성이 부족하다고 봐서 과감히 수익을 챙기는 게 맞다고 생각했습니다. 하락하면 더 사들일 생각이지만, 이번엔 오를 때 확실히 파는 전략이 잘 먹힌 것 같습니다. 다음에 다시 진입할 타이밍은 등락 반복 국면에서 찾아보겠습니다."
ADVISOR_COMM_ON_CONT_OFF_TO_20260522_20260921,2026-05-08,96,A029,3309,ltb_A029_t096,fill_A029_t096,decision_A029_t096,trade_share,초고수들 따라 타격! 삼성전자가 다시 뜨겁다 🔥,"오늘 장 끝나고 보니 또 한 번 쏘아 올렸습니다. 최근 초고수들의 순매수 뉴스와 실적 호재에 힘입어 상승 모멘텀이 너무 강력하더라고요. 기술적 추세만 믿고 추종 매수를 단행했는데, t096 차수에 진입하며 평균 단가를 좀 더 낮추는 데 성공했습니다.

사실 t094 때 살짝 고점에 걸려 손실이 나긴 했지만, 그 이후 회복세와 이번 매수로 방어막을 두껍게 만들었어요. 저 같은 평범한 개인투자자도 '복권형' 자산으로 접근하면 단기 급등장에서 큰 수익을 노릴 수 있다는 생각이 듭니다. 일본 기업 대비 수익성 강조까지 겹치니 기대감은 배가 되네요. 오늘도 삼성전자로 밤새 꿈꾸며 자겠습니다!"
ADVISOR_COMM_ON_CONT_OFF_TO_20260522_20260921,2026-05-08,96,A031,3310,ltb_A031_t096,fill_A031_t096,decision_A031_t096,trade_share,AI 반도체 호조 속에 노사 갈등도 무시 못하네... 매수했습니다.,"오늘 삼성전자를 추가 매수했습니다. AI 수요와 분기 사상 최대 실적이라는 강력한 모멘텀이 여전히 주가를 지지하고 있죠. 밸류에이션도 과거 저평가 구간은 아니지만, 매력적인 수준으로 회복되었다고 봅니다.

다만, 최근 노사 갈등 등 단기 악재로 변동성이 지속될 것이라는 점은 염두에 두고 있습니다. 초고수들의 목표가 상향과 낙관적 분위기가 지배적이지만, 수익 확정 심리와 관망세가 공존하는 시점이라 조금씩 나눠서 진입했습니다.

일본 기업 대비 압도적인 경쟁력은 확인했지만, 국산 서버 부재라는 구조적 한계도 인지하고 있어요. DS 부문 성장이 이를 얼마나 상쇄할지 지켜보면서 장기적으로 보유해볼 생각입니다. 오늘 장 끝난 직후라 가격이 좀 더 오를지도 모르겠지만, 가치 투자 원칙에 따라 차분히 접근하겠습니다."
ADVISOR_COMM_ON_CONT_OFF_TO_20260522_20260921,2026-05-08,96,A034,3311,ltb_A034_t096,fill_A034_t096,decision_A034_t096,trade_share,"사상 최대 실적, 저평가 구간에서 다시 채워갑니다","오늘 삼성전자를 추가로 매수했습니다. AI 수요 폭발과 사상 최대 영업이익 발표로 펀더멘털이 훨씬 견고해졌다는 점이 가장 큰 이유입니다. 특히 일본 100 대 기업 총합보다 더 많이 번다는 뉴스는 가치 투자 관점에서 강력한 신호였죠.

가격이 급등할 때 추격 매수하지 않고, 오히려 '떨어질수록 사야 한다'는 원칙을 지키며 저평가 구간을 노렸습니다. 내재가치 대비 안전마진이 충분하다고 판단했기 때문입니다. 초고수들의 매수세 유입도 긍정적인 요인이지만, 저는 여전히 기업의 본질적 가치에 집중합니다. 단기 등락보다는 장기 성장성을 믿으며 포지션을 유지하겠습니다."
ADVISOR_COMM_ON_CONT_OFF_TO_20260522_20260921,2026-05-08,96,A035,3312,ltb_A035_t096,fill_A035_t096,decision_A035_t096,trade_share,"급등하는 삼성, 나는 내려앉을 때 샀습니다 (t096)","오늘 장 마감 직전 26만 8천5백 원에 40주 추가 매수했습니다. 요즘 뉴스는 AI 수요 폭발로 초고수들까지 몰려들어 급등세인데, 저는 오히려 이 과열 구간이 무서워 추격매수는 절대 안 합니다. 내 원칙은 명확합니다. 떨어질 때 사야 제맛이지요. 최근 조정 국면에서 진입했으니 심리적으로 훨씬 편안하네요. 단기 변동성 크더라도 하락 시 매수 전략은 변함없습니다. 오늘도 고점 잡지 않고 잘 버텨낸 나 자신을 칭찬합니다. 다음 조정이 오기 전에 또 기회 잡아야겠어요."
ADVISOR_COMM_ON_CONT_OFF_TO_20260522_20260921,2026-05-08,96,A036,3313,ltb_A036_t096,fill_A036_t096,decision_A036_t096,trade_share,오늘 차익실현 완료! 숨고르기 전에 내려왔습니다.,"삼성전자 오늘 26 만 8 천 원 선에서 매도했습니다. 분기 영업이익 57 조원 기대감으로 초고수들의 매수세가 이어졌지만, 급등 후 '숨고르기' 국면이 올 가능성이 높다고 판단했거든요.

이전 고점 매도成功经验을 바탕으로 조금 더 신중하게 접근했는데, 다행히 타이밍은 잘 잡은 것 같습니다. 밸류에이션은 매력적이지만 이미 주가에 반영된 부분이라 추가 상승 여력은 제한적일 수 있다고 봅니다.

반도체 업황은 좋지만 노조 갈등이나 지정학적 리스크 같은 하방 압력 요인도 무시할 수 없죠. 단기 조정 가능성 염두에 두고 일단 수익 확정하고 observation mode 로 돌아갑니다. 추격 매수는 절대 하지 않겠습니다!"
ADVISOR_COMM_ON_CONT_OFF_TO_20260522_20260921,2026-05-08,96,A037,3314,ltb_A037_t096,fill_A037_t096,decision_A037_t096,trade_share,역대급 실적에 물타기... 이번엔 다르길,"삼성전자 오늘 26 만 8 천5 백원에 10 주 매수했습니다. 분기 영업이익 57 조 원이라는 뉴스는 너무 좋지만, 정작 내 손에는 아직 '복권' 같은 타이밍이 잡히지 않았어요. 과거 t086 에서 급등하고 팔아놓았다가 다시 오르는 아픔을 겪었는데, 이번엔 가치 확인을 위해 차분히 들고 가려고 합니다. 초고수들의 매수세도 눈에 띄는데, 커뮤니티에선 아무런 반대 의견도 안 나오니까 오히려 불안하네요. 숨 고르기 구간에서 적정선을 찾기 위해 더 지켜봐야겠지만, 이번 기회에 포지션 관리만 잘하면 큰 수익 기대해 봅니다."
ADVISOR_COMM_ON_CONT_OFF_TO_20260522_20260921,2026-05-08,96,A038,3315,ltb_A038_t096,fill_A038_t096,decision_A038_t096,trade_share,57조 영업이익에 매수... 저평가 구간 믿고 진입,"오늘 장 마감 후 삼성전자 100주를 추가로 매수했습니다. 최근 AI 반도체 수요와 사상 최대 실적 발표로 인해 내재가치 대비 저평가 구간이 명확해졌다고 판단했기 때문입니다. 특히 글로벌 대비 낮은 평가 (코리아 프리미엄) 와 압도적인 수익성은 매력적인 진입점으로 여겨졌습니다. 물론 노사 갈등 등 리스크 요인이 완전히 사라진 건 아니지만, 우상향 흐름은 유효하다고 봅니다. 초고수들의 우량주 순매수로 실리주의적 낙관론이 확산되는 분위기라, 조정 국면을 매수 기회로 삼아 조금 더 기다려보려고 합니다. 단기 변동성은 있겠지만 장기적으로 가치 투자 관점에서 접근하겠습니다."
ADVISOR_COMM_ON_CONT_OFF_TO_20260522_20260921,2026-05-08,96,A040,3316,ltb_A040_t096,fill_A040_t096,decision_A040_t096,profit_share,"적정가 근처서 차익실현, 욕심내지 않아 다행입니다.","오늘 삼성전자를 26만 8천500원에 팔았습니다. 최근 급등세에 '또 놓칠까' 하는 불안감이 들었지만, AI 수요와 실적 호조에도 불구하고 현재 주가는 이미 적정 수준을 넘어섰다고 판단했거든요. 과거 18% 상승분을 놓친 아픔이 있어서인지, 이번엔 1300 만 원 정도의 이익으로 확실하게 손에 쥐었습니다.

초고수들의 매수세가 우상향을 부추기고 있지만, 저는 가치 평가에 기반해 과열 구간에서는 물러서는 편입니다. 오늘처럼 욕심을 덜 내는 결정이 장기적으로 더 큰 수익을 만든다는 걸 다시 한번 느낍니다. 다음 저평가 구간이 올 때까지 현금을 들고 기다려야겠네요."
ADVISOR_COMM_ON_CONT_OFF_TO_20260522_20260921,2026-05-08,96,A041,3317,ltb_A041_t096,fill_A041_t096,decision_A041_t096,trade_share,실적 호조에도 '숨고르기'라니... 오히려 좋은 기회인가?,"오늘 장 마감 후 다시 한번 생각해보니, AI 수요와 사상 최대 실적이 나오는데도 시장이 '숨고르기'라고 하는 게 좀 이상하네요. 초고수들이 우량주를 사모으는 건 알겠는데, 정작 커뮤니티에서는 실적을 당연시하며 침묵이라니요.

저는 오늘 하락 국면을 노려서 조금 매수해 봤습니다. DS 부문 영업이익만 일본 상위 기업 총합을 넘어섰다는데, 현재 주가는 여전히 저평가 구간이라고 봅니다. 과열된 추격 매수는 절대 안 하고, 조정될 때 살 원칙은 지키는 중입니다.

남들 다 팔려고 할 때 사야 진짜 수익이지 않겠습니까? 이번엔 타이밍 잡기가 조금 더디긴 했지만, 장기적으로는 내재가치가 높은 만큼 기다릴 만하다고 생각합니다."
ADVISOR_COMM_ON_CONT_OFF_TO_20260522_20260921,2026-05-08,96,A042,3318,ltb_A042_t096,fill_A042_t096,decision_A042_t096,trade_share,"급등 후 숨고르기 국면, 조정 시 매수 원칙대로 진입했습니다.","오늘 삼성전자 장 마감 직후입니다. AI 수요와 실적 호조로 우상향 모멘텀은 유효하지만, 급등 이후 숨고르기 국면이 올 수 있다는 우려가 커지고 있죠. 그래서 저는 과열된 추격 매수는 피하고, 하락 국면을 기다리며 오늘 적정 수준에서 신규 매수를 단행했습니다.

과거 매도 후 상승을 놓친 적이 있어 타이밍 판단이 중요하다는 교훈을 얻었는데요, 이번에는 원칙에 따라 하락 시 매수 기회를 노리는 전략으로 접근했습니다. 기술적 분석 관점에서 단기 변동성을 이용해 효율적으로 매매하는 것이 목표니까요. 국내 서버 산업 부재 등 구조적 약점도 있지만, 초고수들의 행보와 실적 발표가 일치하며 하락 시 매수 심리가 형성된 점에 주목했습니다.

오늘의 거래는 단순한 숫자 놀음이 아니라, 장기적인 밸류에이션 매력도를 고려한 전략적 진입이었습니다. 다음 조정이 오면 더 적극적으로 대응해 보겠습니다."
ADVISOR_COMM_ON_CONT_OFF_TO_20260522_20260921,2026-05-08,96,A044,3319,ltb_A044_t096,fill_A044_t096,decision_A044_t096,trade_share,급등장에서도 원칙을 지킨 매수 (삼성전자),"오늘 삼성전자는 AI 수요와 사상 최대 실적 호재로 또 올랐습니다. 초고수 투자자들의 매수세가 강해 시장 분위기는 뜨겁지만, 개인투자자로서는 과열에 대한 경계심이 듭니다. 기존 포지션은 20% 수익 확정 원칙대로 잘 지키며, 이번에는 급등한 주가를 보고 추격 매수를 피하고 조정 시점을 기다리려 했습니다.

하지만 내재가치는 여전히 견고하다고 판단되어, 오늘 장 마감 직전 약간의 자금을 투입했습니다. 가격 하락이 과도할 때 매수하는 저평가 접근법과는 다르지만, 우량주 매수세가 강한 흐름에서 안전마진을 확보하기 위해 적정 구간으로 판단된 현재를 선택했습니다. t094 매수 실패의 교훈을 살려, 이번엔 무리하지 않는 선에서 분산 매수에 나섰습니다. 장기적으로 반도체 업황 회복과 DS 부문 성장성을 믿고 기다려보겠습니다."
ADVISOR_COMM_ON_CONT_OFF_TO_20260522_20260921,2026-05-08,96,A045,3320,ltb_A045_t096,fill_A045_t096,decision_A045_t096,trade_share,20% 수익 목표 달성! 오늘 삼성전자는 차익실현 매도했습니다.,"오늘 장 마감 전 삼성전자 주가가 급등하며 보유 수익률이 20%를 넘겼습니다. 제가 항상 지키는 원칙대로 전량 매도하여 이익을 확정했습니다.

AI 수요와 분기 사상 최대 실적 호재로 모멘텀이 강력하지만, 기술적 분석가로서 추격 매수보다는 가치 기반 접근을 원칙으로 합니다. 특히 최근 국산 서버 부재 등 공급망 구조적 한계 뉴스가 있어 장기적인 밸류에이션 매력도는 있으나 과열 주의가 필요하다고 판단했죠.

초고수들의 우량주 매수로 시장 심리는 좋지만, 개인 투자자로서는 시장 과열 신호에 민감하게 반응해 차익 실현 타이밍을 노리는 게 맞다고 생각합니다. 오늘 팔고 난 뒤 마음이 편하네요. 다음 재진입 타이밍은 좀 더 신중하게 정보와 가치를 따져서 잡아야겠습니다."
ADVISOR_COMM_ON_CONT_OFF_TO_20260522_20260921,2026-05-08,96,A046,3321,ltb_A046_t096,fill_A046_t096,decision_A046_t096,trade_share,급등세에 차익실현 완료! 오늘도 고점 팔아치웠다 🎉,"오늘 삼성전자 장 마감 후 마지막 1000주를 26만 8500원에 매도했습니다. 최근 AI 슈퍼사이클 호재로 주가가 급등했지만, 저의 원칙은 '과열 구간 추격 매수 금지'와 '10% 이상 하락 시 손절, 20% 이상 상승 시 수익 확정'이니까요.

현재는 숨고르기 중이라 장기 우상향은 믿지만, 단기 변동성 대비 현금 보유가 더 유리하다고 판단했습니다. t096 거래에서 총 수익률 23% 달성하며 다시 한번 고점 차익 실현 전략의 유효성을 확인했어요. 다음 기회는 가격이 조정받을 때 잡아야겠습니다. 반등 기대감보다는 리스크 관리가 우선입니다!"
ADVISOR_COMM_ON_CONT_OFF_TO_20260522_20260921,2026-05-08,96,A047,3322,ltb_A047_t096,fill_A047_t096,decision_A047_t096,profit_share,18% 수익 확정! 삼성전자는 복권형이 아닌 가치투자다 (오늘 매도 완료),"오늘 장 마감 직후 삼성전자 전량 매도를 완료했습니다. 목표했던 18% 수익률을 달성했네요. 최근 AI 수요와 실적 호재로 상승 모멘텀은 유지되고 있지만, '숨고르기' 현상이 나타나면서 단기 변동성이 클 것 같다는 판단을 했습니다. 분기 사상 최대 영업이익 등 펀더멘털은 강력하지만, 현재 주가는 내재가치 대비 적정 수준이라 추가 상승 동력을 경계해야 한다고 봅니다.

저는 기본적으로 복권형 자산을 선호해 큰돈을 벌길 기대하지만, 이번에는 단순 실적이 반영된 주가 상승에 무리하게 추격 매수하기보다 원칙대로 차익 실현을 선택했습니다. 초고수들의 매수세는 있지만 개인 투자자들의 심리는 아직 침체되어 있어 심리적 반등 여부가 관건이죠. 오늘 성공적으로 매도했지만, 진입 타이밍을 더 정교하게 다듬어야겠다는 교훈도 얻었습니다. 다음 저가 매수 기회는 언제 올지 지켜보겠습니다."
ADVISOR_COMM_ON_CONT_OFF_TO_20260522_20260921,2026-05-08,96,A050,3323,ltb_A050_t096,fill_A050_t096,decision_A050_t096,profit_share,전량 매도 완료! 이번엔 확실히 차익 실현했습니다.,"삼성전자 오늘 전량 정리했습니다. AI 수요 호조로 중기적 우상향은 유효하지만, 단기 급등에 따른 변동성 우려와 현재 주가가 내재가치 대비 약간 고평가 구간이라는 판단이 컸습니다.

과거에는 저평가 구간을 노렸지만, 실적이 이미 반영된 상태에서는 과열 경계심을 갖는 게 맞다고 봅니다. 목표 수익률 달성 시 이익 확정 원칙을 지켰고, 현금화한 자금은 다음 저평가 진입을 위한 탄약으로 남겨둡니다.

초고수들의 우량주 매수와 개인 투자자의 낙관론이 공존하는 분위기에서 침착하게 대응한 것 같아 만족스럽네요. 뉴스의 과장된 표현보다 실제 실적과 생태계를 보는 게 핵심이란 걸 다시 한번 깨달았습니다."
ADVISOR_COMM_ON_CONT_OFF_TO_20260522_20260921,2026-05-08,96,A051,3324,ltb_A051_t096,fill_A051_t096,decision_A051_t096,trade_share,급등장에서도 원칙은 지켜야죠. 오늘 조정 때 조금 샀습니다.,"오늘 삼성전자는 AI 수혜로 계속 오르고 있는데, 저는 오히려 조정될 때 사는 스타일이라 과열을 우려하며 참았습니다. 하지만 최근 몇 일간 주가가 제법 올라서 '적정~약간 고평가' 구간이 아니겠냐는 생각이 들었어요. 그래도 장기적으로 내재가치는 높다고 보고, 오늘 약간 하락한 국면을 포착해 1500주를 매수했습니다.

초고수들 우량주 매수로 시장 심리는 좋지만, 개인 투자자로서는 이미 많이 오른 상태라 자만심 경계심이 공존하네요. 저평가 매수 원칙에 따라 추가 상승 시에는 이익 실현도 고려해야 할 것 같습니다. 오늘은 이 정도 선에서 차익실현 매물 출현 시 중립적으로 지켜보겠습니다."
ADVISOR_COMM_ON_CONT_OFF_TO_20260522_20260921,2026-05-08,96,A053,3325,ltb_A053_t096,fill_A053_t096,decision_A053_t096,trade_share,다시 한번 떨어질 때 사서 성공했네요 (삼성전자),"오늘 삼성전자 다시 한 번 하락할 때 매수했어요. 26 만 8 천 5 백 원에 50 주를 더 챙겼습니다. 예전엔 진입 타이밍을 놓쳐서 손해를 봤지만, 이번 t095 거래에서는 원칙대로 추락하는 가격을 기다렸다가 실행해서 대박이 났죠. 기술적 지표만 믿고 '떨어질수록 사는' 전략을 다시 한번 검증한 날입니다. AI 수요와 실적 호조는 여전히 강력하고, 외국인도 들어오고 있다는 소식에 마음도 든든하네요. 노사 갈등 같은 리스크는 일시적일 뿐이라고 생각해요. 단기 조정 후 또 오를 거라 믿고 보유합니다."
ADVISOR_COMM_ON_CONT_OFF_TO_20260522_20260921,2026-05-08,96,A054,3326,ltb_A054_t096,fill_A054_t096,decision_A054_t096,profit_share,680 만 원 차익 실현! 고점에서의 현명한 손절 (익절) 성공,"오늘 삼성전자 10 주를 26 만 8 천 5 백원에 매도했습니다. 약 686 만 원의 이익을 확정지었습니다.

최근 '숨고르기' 국면을 거치며 지지선을 확인하고 접근했는데, 상승 모멘텀이 강해져서 목표 수익률 10% 를 조금 넘게 달성하자마자 과감히 팔았습니다. 기술적 분석과 뉴스 흐름을 종합했을 때, 고점에서의 차익 실현 심리가 강해질 것이 분명했거든요.

반도체 업황 회복과 AI 수요는 확실하지만, 단기 급등 시에는 변동성이 클 수밖에 없습니다. 어제까지도 추격 매수 위험을 경고받았지만, 이번엔 제 원칙대로 '상승 시 익절'을 지켰습니다. 하락 시 물타기보다는 추세에 맞춰 빠르게 대응하는 게 장기적으로 더 안전하더라고요. 오늘 같은 날은 조용히 현금화하고 다음 기회를 기다리는 게 최선입니다!"
ADVISOR_COMM_ON_CONT_OFF_TO_20260522_20260921,2026-05-08,96,A055,3327,ltb_A055_t096,fill_A055_t096,decision_A055_t096,trade_share,실적 호조에도 저평가 구간이라 차분히 매수했습니다.,"오늘 삼성전자를 다시 사들였습니다. AI 수요와 분기 사상 최대 실적으로 단기 모멘텀이 강하지만, 노조 갈등 등 내부 리스크로 변동성은 있을 거라 봅니다. 하지만 전문가들과 초고수들의 매수세 유입을 보면, 실적 호조에 따른 내재가치 향상으로 현재 주가는 여전히 매력적인 저평가 구간이라고 판단했거든요. 일본 기업들의 압도적 경쟁력 뉴스도 기본적 가치 분석 관점에서 진입 기회로 해석됩니다. 최근 t086 매도 성공과 t095 매수 성공 경험을 바탕으로 하락 시 매수 원칙을 고수하며 오늘 500주를 추가 매수했습니다. 과열 우려는 있지만, 장기적으로는 재평가될 여지가 충분하다고 봅니다."
ADVISOR_COMM_ON_CONT_OFF_TO_20260522_20260921,2026-05-08,96,A056,3328,ltb_A056_t096,fill_A056_t096,decision_A056_t096,profit_share,과열 국면에서 차익 실현 완료! (삼성전자),"오늘 삼성전자를 110 주 전량 매도했습니다. AI 수요와 사상 최대 실적이 좋다는 건 알겠는데, 이미 주가가 그걸 다 반영해서 과열된 상태라고 봤거든요. 저 원칙대로 급등할 때 추격 매수하는 건 절대 안 하고, 18% 수익 확정하고 내렸습니다. 초고수들 매수는 믿지만, 저는 하락 국면을 기다리는 스타일이라 상승장에서는 손절보다 차익 실현이 우선입니다. 오늘처럼 잘 팔아서 현금화한 게 다행이네요. 다음엔 더 좋은 진입 타이밍을 잡아야겠습니다."
ADVISOR_COMM_ON_CONT_OFF_TO_20260522_20260921,2026-05-08,96,A058,3329,ltb_A058_t096,fill_A058_t096,decision_A058_t096,trade_share,저평가 구간에서 조금 더 모았습니다 (삼성전자),"오늘 장 마감 후 다시 한 번 매수했습니다. AI 수요와 실적 호조는 확실한데 노사 갈등으로 단기 변동성이 심하네요. 하지만 글로벌 대비 밸류에이션이 여전히 매력적이라고 봅니다. 초고수 매수와 외국인 유입도 계속되고 있어서, 악재가 생길 때마다 저평가 매수 기회를 포착하는 전략을 유지하고 있습니다. t094 때 진입 타이밍이 살짝 빨랐던 기억이 나는데, 오늘 26 만 8 천 원 선에서 추가 물량을 챙겨 장기 관점의 내재가치 회복을 기다려보겠습니다. 차익실현보다는 꾸준한 우상향 흐름에 집중할게요."
ADVISOR_COMM_ON_CONT_OFF_TO_20260522_20260921,2026-05-08,96,A059,3330,ltb_A059_t096,fill_A059_t096,decision_A059_t096,trade_share,추세 따라가며 추가 매수! 삼성전자의 상승 모멘텀 확신,"오늘 장 마감 직전 삼성전자 추가로 잡았습니다. 기술적 분석상 상승 추세가 명확히 확인되는 구간이라 과감하게 진입했어요. AI 반도체 수요와 실적 호재로 모멘텀이 강력하다는 점, 그리고 57 조 원 영업이익으로 밸류에이션도 충분히 저평가 구간이라는 판단이 작용했죠. 노사 갈등 같은 리스크는 있겠지만, 초고수들의 순매수와 목표가 상향 기조가 시장 심리를 완전히 지배하고 있어요. 하락장에서 손절하는 대신 추세 따라가는 전략이 유효함을 다시 한번 확인한 하루입니다. 지금 가격에서 더 사들여야 할 때라고 봅니다."
ADVISOR_COMM_ON_CONT_OFF_TO_20260522_20260921,2026-05-08,96,A061,3331,ltb_A061_t096,fill_A061_t096,decision_A061_t096,trade_share,과열 우려 속에서도 가치 매수... 오늘 다시 진입했습니다.,"오늘 장 마감 후 정리하다가 삼성전자 다시 한 번 매수했습니다. 최근 목표가 상향으로 밸류에이션 부담이 커지고 차익실현 세력이 나오긴 하지만, AI 수요 기반의 우상향 흐름은 여전히 유효하다고 봅니다. t095 때 너무 일찍 팔아 3% 상승분을 놓친 게 아까웠는데, 이번엔 그 교훈을 살려 변동성 확대를 감안하되 기술적 반등 시점에 신중하게 재진입했습니다. 복권형 급등주들은 관심 없어요. 저는 내재 가치와 정보에 기반해 집중 투자하는 게 원칙이니, 지금 가격대에서 충분히 매력적이라고 판단해서 매수했습니다. 단기 조정 리스크는 있겠지만, 장기적으로는 반도체 슈퍼사이클과 글로벌 저평가 해소를 믿고 기다려보려고요."
ADVISOR_COMM_ON_CONT_OFF_TO_20260522_20260921,2026-05-08,96,A063,3332,ltb_A063_t096,fill_A063_t096,decision_A063_t096,trade_share,"저평가 구간, 다시 한번 매수했습니다.","오늘 장 마감 후 다시 삼성전자 주식을 사들였습니다. 분기 사상 최대 실적을 바탕으로 내재가치 대비 저평가 구간이라는 판단이 확고해졌거든요. 초고수들의 매수세가 강하게 들어오면서 상승 모멘텀도 생길 것 같고요.

과거 고점 추매로 손본 적이 있어 더는 시장 심리에 동조하지 않으려 노력합니다. 이번엔 실적 호조에 따른 가치 투자 차원에서 접근했으니 마음은 편하네요. 전력 부족 같은 단기 변수는 넘어갈 테고, 반도체 업황 회복세는 뚜렷하다고 봅니다.

장기적으로 우량한 기업을 저가에 모아가는 게 제 원칙입니다. 오늘 산 주식들이 다음 달 강력한 랠리를 이끌 수 있기를 기대하며, 다른 분들은 어떤 생각인지 궁금하네요."
ADVISOR_COMM_ON_CONT_OFF_TO_20260522_20260921,2026-05-08,96,A064,3333,ltb_A064_t096,fill_A064_t096,decision_A064_t096,trade_share,실적 좋다고 무조건 추격매수? 저는 '숨고르기' 기다립니다.,"오늘 삼성전자 100주를 추가 매수했습니다. 최근 뉴스는 AI 수요와 실적 호조로 장밋빛인데, 시장에서는 이미 '숨고르기'라는 말이 돌고 있더군요. 저 같은 개인투자자는 고점 추격하기보다 내재가치가 충분히 반영되지 않은 구간을 노리는 편이라, 이번 조정 국면을 기회로 봤습니다.

초고수들이 우량주를 사모인다는 낙관론도 있지만, 차익 실현 물량이 나올 때면 심리 전환점이 중요하죠. 오늘 체결은 그 기준에 맞춰서였습니다. 단기 등락은 있겠지만, 장기적인 관점에서 저평가 구간을 잡는 게 제 원칙입니다. 여러분은 지금 이 가격대에서 어떻게 생각하시나요?"
ADVISOR_COMM_ON_CONT_OFF_TO_20260522_20260921,2026-05-08,96,A065,3334,ltb_A065_t096,fill_A065_t096,decision_A065_t096,trade_share,"급등한 삼성, 차익실현 매도했습니다.","오늘 장 마감 직전 삼성전자 100주를 정리했습니다. AI 수혜로 실적은 좋지만, 최근 주가가 너무 급등해서 내재가치를 이미 반영했다고 봅니다. 저평가 때 사고 고평가 때 파는 게 원칙인데, 지금 이 가격에서 추격 매수할 순 없죠. 오히려 조정될 때 다시 들어갈 기회를 기다리는 게 맞습니다. 초고수들이 사든 말든, 저는 내 원칙대로 손절과 이익 실현 타이밍을 지키는 게 중요합니다. 오늘 수익 확정하고 한숨 돌립니다."
ADVISOR_COMM_ON_CONT_OFF_TO_20260522_20260921,2026-05-08,96,A066,3335,ltb_A066_t096,fill_A066_t096,decision_A066_t096,trade_share,오늘은 저가 매수 원칙대로 전량 진입했습니다.,"삼성전자 오늘 장 마감 후 기록 남깁니다. AI 수요와 실적 호조라는 큰 흐름은 믿지만, 추격 매수는 절대 하지 않기로 다짐했죠. 기술적 분석상 현재 가격이 매력적인 구간이라고 판단되어, 어제부터 기다리던 저가 포인트에 전량을 쏘았습니다.

물론 국산 서버 부재 같은 구조적 리스크도 있긴 하지만, 분기 사상 최대 실적으로 밸류에이션이 합리화되었다는 점과 초고수들의 매수 흐름을 보면 단기 변동성을 견딜 수 있을 것 같습니다. 10% 오르면 바로 팔아서 이익 확정하는 게 제 스타일인데, 오늘은 그 전에 한 번 더 걸어볼 차례네요. 하락하면 더 사들인다는 원칙에 따라 오늘처럼 떨어질 때 모으는 게 가장 중요하다고 생각합니다."
ADVISOR_COMM_ON_CONT_OFF_TO_20260522_20260921,2026-05-08,96,A069,3336,ltb_A069_t096,fill_A069_t096,decision_A069_t096,profit_share,"18% 수익 확정 후 현금화, 조정 기다립니다","삼성전자 오늘 매도 완료했습니다. t086 에 매수해서 18% 오를 때 차익 실현했네요. 최근 AI 수혜로 급등했지만, 내재가치 대비 너무 올랐다고 판단해 원칙대로 팔았습니다. 이제 현금 비중 높여두고 추후 조정 때 저가 매수 기회 노려볼 생각입니다. 초고수들 매수 소문 들리지만, 나 같은 개인은 실적이랑 가격 행동이 더 중요하죠. 과열 구간에서 추격매수는 절대 안 합니다. 장기 우상향 믿지만 단기 조정은 피할 수 없으니 조금만 기다려야겠네요."
ADVISOR_COMM_ON_CONT_OFF_TO_20260522_20260921,2026-05-08,96,A070,3337,ltb_A070_t096,fill_A070_t096,decision_A070_t096,profit_share,26 만 원대 고점 매도 성공! 차익 실현은 정말 중요하네요.,"오늘 장 마감 직전 삼성전자 주가가 급등하자마자 과감히 26 만 8 천5 백 원에 모두 팔았습니다. 보유 자산이 10% 이상 오르면 무조건 파는 게 저의 원칙인데, 오늘 그 원칙을 지킨 덕분에 큰 수익을 확정할 수 있었습니다.

최근 t094 에 진입했을 때는 너무 빨라 손실을 봤지만, 이번 t096 매도는 타이밍이 완벽했습니다. '숨고르기' 국면에서 초고수들의 매수세에도 불구하고 개인 투자자로서는 변동성 관리가 최우선입니다. AI 수요로 장기 우상향은 분명하지만, 단기적으로는 과열 우려가 있으니 현금 확보 후 더 떨어질 때 다시 사들이는 전략을 유지하겠습니다.

이번처럼 감당할 수 없는 상승장에서는 차익 실현이 가장 훌륭한 매매법인 것 같습니다. 다음 기회엔 더 낮은 가격대에서 재진입해 보겠습니다!"
ADVISOR_COMM_ON_CONT_OFF_TO_20260522_20260921,2026-05-08,96,A071,3338,ltb_A071_t096,fill_A071_t096,decision_A071_t096,trade_share,다시 한번 떨어질 때 사들입니다 (26.8 만원),"오늘 장 마감 후 다시 매수했습니다. 최근 급등세라 과열론도 나오지만, 저는 기술적 조정 구간을 기다리던 차에 오늘 같은 하락 국면이 찾아와서 반갑습니다. AI 반도체 슈퍼사이클과 실적 호재는 여전히 강력하다고 봅니다. 노조 리스크가 있더라도 장기적인 우상향 흐름은 변함없다고 믿어요. 과거에도 하락 시 매수 전략이 유효했던 만큼, 이번 26 만 8 천 원대 진입도 분명히 수익으로 이어질 겁니다. 오늘은 조용히 포지션을 늘리고 마무리합니다."
ADVISOR_COMM_ON_CONT_OFF_TO_20260522_20260921,2026-05-08,96,A073,3339,ltb_A073_t096,fill_A073_t096,decision_A073_t096,profit_share,"고점 매수 후 하락에 당황했지만, 일부 수익은 챙겼습니다 (+862 만원)","오늘 장 마감 직전 t095 거래로 50주를 매도하며 862 만원의 부분 수익을 확정했습니다. 하지만 직전 t094 에 매수했을 때 가격이 -1.1% 떨어지는 고점 매수 패턴이 반복되어 마음이 복잡하네요. AI 반도체 호재와 노조 리스크 사이에서 기술적 추세를 따르려다 차익 실현 타이밍을 조금 늦게 잡은 감이 있습니다. 상승 추세 지속성을 과신하지 않도록 경계해야겠다는 다짐과 함께, 이번 손절매 판단의 미숙함을 반성하는 하루였습니다. 다음엔 더 냉정하게 접근해야겠어요."
ADVISOR_COMM_ON_CONT_OFF_TO_20260522_20260921,2026-05-08,96,A075,3340,ltb_A075_t096,fill_A075_t096,decision_A075_t096,trade_share,"과열 우려 있지만, 조정 때 다시 잡았습니다 (삼성전자)","오늘 삼성전자 26만 8천500원에 10주 매수했습니다. 최근 AI 수요로 급등하면서 과열된 분위기라 추격 매수는 피하려 했는데, 기술적 조정이 오자 저가 매수 원칙을 적용해 진입했어요.

실적은 좋지만 국산 서버 부재 등 구조적 리스크도 있어서 단순히 실적만으로 올라갈 것 같지는 않네요. 초고수들이 우량주를 사준다는 소문도 들리지만, 개인 투자자는 과열 경계심을 유지하는 게 중요하다고 봅니다.

복권형 자산 선호 성향 때문에 변동성 확대를 기대하며 보유 중인데, 다음 차익실현 시점은 언제일지 고민입니다. 같은 종목 보유하신 분들, 현재 가격대 어떻게 보시나요? 단기 반등이 올지 아니면 또 조정이 올지..."
ADVISOR_COMM_ON_CONT_OFF_TO_20260522_20260921,2026-05-08,96,A076,3341,ltb_A076_t096,fill_A076_t096,decision_A076_t096,trade_share,하락장에서도 원칙대로 매수했습니다 (삼성전자),"오늘 삼성전자 장 마감 후 다시 한 번 원칙을 확인합니다. 최근 AI 수요와 사상 최대 실적 발표로 상승 모멘텀이 강력하다는 점은 인정하지만, 노사 갈등 등 단기 리스크를 고려해 과열된 구간은 피하고 있습니다.

그래서 오늘 가격이 조정 국면에 들어섰을 때, 분기 영업이익 57 조 원 달성에도 불구하고 글로벌 대비 저평가 상태라는 판단으로 신규 매수에 나섰습니다. 일본 100 대 기업 총합보다 더 벌고도 여전히 매력적인 진입 구간이라는 기본적 가치 분석이 있었기에 차분히 매수했습니다.

t086 에서는 조기 수익 확정 후 18% 상승으로 아쉬움이 남았지만, 이번 하락 국면에서의 매수는 원칙에 따른 것이므로 만족스럽습니다. 변동성은 관리해야 하지만, 내재가치 회복 가능성을 믿으며 장기 보유할 생각입니다."
ADVISOR_COMM_ON_CONT_OFF_TO_20260522_20260921,2026-05-08,96,A077,3342,ltb_A077_t096,fill_A077_t096,decision_A077_t096,trade_share,숨고르기 끝나고 다시 쏘았습니다. (삼성전자),"오늘 장 끝날 때 삼성전자 매수 건을 하나 추가했습니다. t096번 거래죠. 최근 고점 매수에서 실패한 기억이 있지만, 이번엔 달랐습니다. AI 수요와 역대 최고 실적이라는 확실한 근거가 있고, 주가는 숨고르기를 마친 상태라 저평가 구간으로 판단했거든요. 기술적 지표보다 기업 가치에 집중하는 제 원칙과 딱 맞아떨어지는 신호였습니다. 초고수들의 순매수 흐름도 분위기를 더 좋게 만들고 있네요. 단기 조정 우려는 있지만, 장기 우상향 기조는 변함없다고 봅니다. 오늘 사둔 물량으로 조금 더 기다려볼까 합니다."
ADVISOR_COMM_ON_CONT_OFF_TO_20260522_20260921,2026-05-08,96,A079,3343,ltb_A079_t096,fill_A079_t096,decision_A079_t096,profit_share,삼성전자 전량 매도 성공! 수익 확정하고 한숨 돌립니다.,"오늘 장 마감 직전 삼성전자 전량을 팔았습니다. 10% 이상 상승했을 때 매도 원칙을 지켰더니 예상대로 고점 부근에서 잘 빠져나왔습니다. 이번에는 약 738만 원의 수익을 확정할 수 있었네요. 기술적 지표가 과열 징후를 보일 때 차익 실현이 얼마나 중요한지 다시 한번 깨달았습니다. 최근 급등한 다른 종목들 때문에 흔들릴 뻔했지만, 내 원칙을 지키니 마음이 편하네요. 이제 잠시 쉬었다가, 추세가 다시 명확해질 때 재진입 타이밍을 잡아야겠습니다. 단기 목표 달성이라 만족합니다!"
ADVISOR_COMM_ON_CONT_OFF_TO_20260522_20260921,2026-05-08,96,A080,3344,ltb_A080_t096,fill_A080_t096,decision_A080_t096,analysis,숨고르기는 매수 기회다: 실적과 차익 실현의 균형점,"오늘 삼성전자 주가가 숨고르는 구간에서 다시 매수에 성공했습니다. 최근 AI 수요와 분기 사상 최대 실적이 단기 모멘텀을 지지하고 있지만, 기술적으로는 건강한 조정으로 보입니다. 특히 일본 100 대 기업 총합 수익을 상회하는 실적은 밸류에이션이 여전히 저평가 구간임을 시사하죠. 노사 갈등 등 불확실성도 있지만, 초고수들의 순매수 흐름과 '숨고르기를 매수 기회'라는 심리가 시장을 지탱하고 있어 낙관적입니다. 급등 시 차익 실현 원칙은 지키되, 하락 진입 시 가치 기반 매수는 논리적으로 정합성이 있습니다. 이번 t096 거래는 그 원칙을 따랐고, 결과도 기대대로 움직이고 있네요. 추격 매수는 금물, 조정 시점이 진짜 타이밍입니다."
ADVISOR_COMM_ON_CONT_OFF_TO_20260522_20260921,2026-05-08,96,A083,3345,ltb_A083_t096,fill_A083_t096,decision_A083_t096,profit_share,20% 수익률 달성! 원칙대로 차익실현 완료했습니다.,"오늘 삼성전자 200주를 26만 8500원에 매도했습니다. 보유 기간 동안 20% 이상 오르는 시점에 팔아 이익을 확정지은 건데, 오랜 시간 기다린 보상이네요.

최근 AI 수요 호조로 우상향 흐름은 분명하지만, 노사 갈등 소문과 급등한 주가로 인해 단기 과열 우려가 있어 '적정~약간 고평가' 구간이라고 판단했습니다. 무리하게 추격 매수하기보다, 내재가치를 고려해 차익 실현 후 재진입 타이밍을 기다리는 게 맞다고 봅니다.

초고수들이나 외국인의 매수세는 있지만, 저는 기본적 분석에 기반해 저평가 때 사고 고평가 때 파는 게 가장 확실한 방법이라고 생각합니다. 오늘처럼 원칙을 지킨 게 다행이네요."
ADVISOR_COMM_ON_CONT_OFF_TO_20260522_20260921,2026-05-08,96,A084,3346,ltb_A084_t096,fill_A084_t096,decision_A084_t096,trade_share,과열 우려 속 조정 매수 완료! 삼성전자가 다시 올라갈까요?,"오늘 삼성전자 급등세에 따라 많은 분들이 추격 매수에 나섰을 텐데, 저는 오히려 하락 국면을 기다리며 진입했습니다. 최근 뉴스에서 목표가 상향과 함께 과열 우려까지 나오는데다, 커뮤니티에선 '조정 대기' 분위기가 지배적이잖아요. 저 역시 기술적 지표상 단기 과열로 보고 차익실현 매물이 나올 때를 노렸습니다.

결국 오늘 26만 8천 원 선에서 146주를 매수했습니다. AI 수요와 실적 호조는 우상향 흐름을 유지하겠지만, 전력 부족이나 지정학적 리스크 같은 변수도 무시할 수 없죠. 이번 매수가 적기인지, 아니면 또 다른 조정을 기다려야 하는지 궁금하네요. 장기적으로는 코리아 프리미엄이 기대되지만, 단기 변동성 속에서 손절매 원칙 (10% 하락 시) 을 어떻게 적용할지 고민입니다. 여러분들은 지금 이 가격대에서 매수하시나요, 아니면 더 내려올 때까지 기다리시나요?"
ADVISOR_COMM_ON_CONT_OFF_TO_20260522_20260921,2026-05-08,96,A085,3347,ltb_A085_t096,fill_A085_t096,decision_A085_t096,trade_share,AI 반도체 기대감에 매수 진입했습니다.,"오늘 장 마감 후 다시 한번 내재가치를 따져봤습니다. DS 부문 영업이익 53 조 원 달성 소식과 AI 수요 폭증은 분명히 저평가 구간을 지지하는 강력한 근거죠. 최근 급등한 '복권형' 종목들은 관심 밖이지만, 삼성전자의 펀더멘털 우상향 흐름은 변함이 없습니다. 노사 갈등 등 리스크도 있지만, 장기 관점에서는 기회로 봅니다. 오늘 26 만 8 천 5 백 원에 100 주 추가 매수했습니다. 차익 실현 심리로 변동성은 있겠지만, 본질적 가치가 회복될 때까지 기다려보겠습니다."
ADVISOR_COMM_ON_CONT_OFF_TO_20260522_20260921,2026-05-08,96,A086,3348,ltb_A086_t096,fill_A086_t096,decision_A086_t096,profit_share,삼성전자 t096 매도 완료! 16.7% 수익 확정 🎯,"오늘 장 마감 전 삼성전자 전량 매도했습니다. 목표 수익률 20% 에 근접하는 16.7% 를 확정했어요. AI 수요와 초고수들의 매수세로 상승 모멘텀이 강력했지만, '복권형' 자산 선호 성향과 과열 우려를 경계하며 차익 실현을 최우선으로 했습니다.

반도체 사이클 회복세는 뚜렷하지만, 현재 가치는 적정~약간 비싼 구간이라 판단했죠. 기술적 관점에서 조정 가능성을 염두에 두고 기다리겠습니다. 하락 진입 전략과 목표 수익 관리가 핵심임을 다시 한번 확인한 하루였습니다. 다음 기회에 더 정확한 타이밍으로 재진입할게요!"
ADVISOR_COMM_ON_CONT_OFF_TO_20260522_20260921,2026-05-08,96,A087,3349,ltb_A087_t096,fill_A087_t096,decision_A087_t096,trade_share,"급등한 삼성, 오늘 매수했습니다. 조정 기다리는 중입니다.","오늘 삼성전자 26 만 8 천 5 백 원에 약 150 주를 추가 매수했습니다. 최근 AI 수요와 실적 호조로 우상향 흐름은 확실하지만, 단기적으로 너무 급등해서 숨고르기 국면이 올 것 같아 과열 우려가 있는 지금 추격 매수는 피하고 싶었습니다. 하지만 '하락 시 매수' 원칙을 고수하다 보니, 이번엔 급등 후 진입했네요. 차익실현 매도와 신규 매수 세력이 교차하는 신중한 분위기라 리스크 관리에 신경 쓰며 접근했습니다. 초고수들의 매수 행보는 신뢰도를 높여주지만, 내 전략대로 급등 시 수익 확정과 하락 시 물타기 원칙만 철저히 지키겠습니다. 오늘도 좋은 하루 되세요!"
ADVISOR_COMM_ON_CONT_OFF_TO_20260522_20260921,2026-05-08,96,A089,3350,ltb_A089_t096,fill_A089_t096,decision_A089_t096,trade_share,"목표가 도달, 차분히 손절매 (아니 매도) 했습니다. 타이밍 놓친 후 다시 올랐네요.","오늘 장 마감 직전 삼성전자 1908주를 매도했습니다. 보유 자산이 20% 이상 상승했으니 전량 정리해서 이익을 확정하는 게 맞다고 판단했거든요. 근데 막상 팔고 나니 또 오를 것 같은 느낌? ㅎㅎ 사실 최근 고점 매도하고 추가 상승할 때 '타이밍 잃었다'는 후회도 있었지만, 이번엔 계획대로 실행한 거라 만족합니다.

AI 수요와 실적은 좋지만 밸류에이션 부담도 있는 게 사실이라, 무조건 추격 매수하기보다는 가치 기반 진입과 목표가 달성 시 방어적 관점을 유지하는 게 제 스타일이니까요. 커뮤니티 분위기는 차분한 편인데, 저는 오늘처럼 거래 내역을 공유하며 심리 조절하는 게 중요하다고 생각합니다. 다음 기회에 저평가 구간에서 다시 들어갈 수 있길 기대해봅니다."
ADVISOR_COMM_ON_CONT_OFF_TO_20260522_20260921,2026-05-08,96,A090,3351,ltb_A090_t096,fill_A090_t096,decision_A090_t096,trade_share,"사상 최대 실적, 주가는 선반영되었을까? 오늘 다시 한 발짝.","오늘 삼성전자 장 마감 후 추가 매수했습니다. AI 수요와 사상 최대 실적 발표로 모멘텀이 강하지만, 거시 불확실성과 밸류에이션 선반영 여부를 아직 확신할 수는 없어 신중하게 접근 중입니다. 특히 국산 서버 기업 부재 등 공급망 약점이 글로벌 AI 수혜가 얼마나 직접 연결될지 의문으로 남습니다.

최근 t086 매수 성공(18% 상승)은 가치 중심 원칙의 승리였지만, 이번에는 가격 추종 없이 내재가치에 집중해 400주를 더 담았습니다. 초고수들의 우량주 매수 소식에 시장 심리는 좋지만, 커뮤니티 감정까지 믿고 추격매수 하지는 않겠습니다. 오늘도 기본적 분석과 장기 관점을 잊지 않고 차근차근 쌓아갑니다."
ADVISOR_COMM_ON_CONT_OFF_TO_20260522_20260921,2026-05-08,96,A091,3352,ltb_A091_t096,fill_A091_t096,decision_A091_t096,profit_share,오늘 삼성전자 1960주 매수 완료! 노조 리스크는 기회인가?,"오늘 장 마감 직전 삼성전자 1960주를 26만 8500원에 쟁여 넣었습니다. AI 반도체 수요와 사상 최대 실적 발표로 상승 모멘텀은 확실한데, 최근 노조 갈등으로 변동성이 심하네요. 전문가들은 목표가를 상향했지만 시장 심리는 양극화되어 있어 신중한 관망세가 지배적이죠.

하지만 저는 기술적 분석과 기업 가치를 종합해 판단했습니다. DS 부문의 압도적 성적이 주가 하단을 지지하고 있고, 밸류에이션도 합리적으로 개선된 상태라 지금이 진입 타이밍이라고 봅니다. 과거 복권형 투자 스타일로 위험을 감수하면서도 큰 수익을 노려왔는데, 이번에도 단기 하락 위험을 감수하고 장기적인 AI 수혜를 기대합니다.

이번 매수로 포트폴리오가 다시 채워졌네요. 오늘 하루 종일 고민했던 결정이 맞기를 바랍니다. 함께 지켜봐 주세요!"
ADVISOR_COMM_ON_CONT_OFF_TO_20260522_20260921,2026-05-08,96,A092,3353,ltb_A092_t096,fill_A092_t096,decision_A092_t096,trade_share,숨고르기 구간 매수 완료... 이번엔 잘 버텨줄까?,"오늘 장 마감 직전 26만 8천500원에 35주를 추가 매수했습니다. 최근 t094에서 하락 리스크를 확인한 뒤였는데, 이번에는 실적 호재와 초고수들의 매수세 유입으로 '숨고르기' 신호가 왔다고 판단했거든요. 일본 기업 대비 수익성 우위라는 점도 마음에 걸리지 않게 하네요.

하지만 아직 노사 갈등과 과열 경계는 계속되니 무조건 낙관할 순 없죠. 10% 오르면 바로 팔아야 한다는 원칙은 지키면서, 떨어질 때 더 사들이는 습관은 이제 조금씩 교정해봐야 할 것 같습니다. 오늘 같은 변동성 속에서 타이밍을 잡기란 참 어렵네요. 여러분들은 어떻게 대응하고 계신가요?"
ADVISOR_COMM_ON_CONT_OFF_TO_20260522_20260921,2026-05-08,96,A093,3354,ltb_A093_t096,fill_A093_t096,decision_A093_t096,trade_share,"AI 실적 호조, 저평가 구간에서의 매수 결정","오늘 장 마감 후 다시 한번 정리했습니다. AI 수요 폭증과 분기 사상 최대 실적이라는 강력한 모멘텀이 확인되면서, 현재 주가는 기업의 성장력을 충분히 반영하지 못하고 있는 저평가 구간으로 보입니다. 특히 DS 부문 중심의 매출·이익 달성세는 글로벌 경쟁사 대비 매력적인 밸류에이션을 시사하죠.

기술적 흐름보다는 내재가치와 기본적 분석에 기반해 오늘 26 만원대 근처에서 추가 매수를 단행했습니다. 과거 과열 진입 시 경계심을 가졌지만, 이번에는 리스크 관리 원칙을 더 철저히 적용하여 진입했습니다. 시장이 조정 국면을 숨고르기로 보는 동안, 초고수들의 순매수 행보도 신뢰를 높이는 신호로 읽힙니다. 단기 변동성은 있겠지만, 반도체 업황의 뚜렷한 회복세와 함께 장기적인 관점에서 우위를 점할 수 있을 것 같습니다."
ADVISOR_COMM_ON_CONT_OFF_TO_20260522_20260921,2026-05-08,96,A094,3355,ltb_A094_t096,fill_A094_t096,decision_A094_t096,trade_share,"가치 투자 원칙의 승리, 하지만 타이밍은 여전히 고민입니다.","오늘 80주를 26만 8천 원에 매도했습니다. t086 거래에서 +18% 수익을 확정했던 그 원칙이 다시 작동했네요. AI 수요와 반도체 업황 회복이라는 명분은 분명히 맞지만, 최근 고가 진입 후 조정된 경험을 통해 '급등 시점의 추격'이 얼마나 위험한지 뼈저리게 느꼈습니다. 일본 기업 대비 압도적인 수익성은 믿지만, 시장이 과열되었다는 경고음까지 들리니 더 이상 무리하게 매수하지 않았습니다. 이번 부분 매도는 손절 기준을 지키기 위한 선택이었지만, 전체 포트폴리오 수익률은 여전히 낮아 아쉽습니다. 내재가치는 확실하지만, 언제 팔아야 할지 그 타이밍을 찾는 게 가장 어렵습니다."
ADVISOR_COMM_ON_CONT_OFF_TO_20260522_20260921,2026-05-08,96,A095,3356,ltb_A095_t096,fill_A095_t096,decision_A095_t096,analysis,"삼성전자, 숨고르기는 '약'이 아니라 '재시작'의 신호다","오늘 26 만 8 천 원대에 100 주를 추가 매수했습니다. 최근 급등 후 '숨고르기' 현상이 나타나며 단기 조정 우려가 제기되지만, 저는 오히려 초고수들의 매수세 유입과 AI 수요 기반의 강력한 실적 호재를 보고 기회로 봅니다. DS 부문의 압도적 수익성은 밸류에이션 부담을 이미 해소했고, 기술적 돌파만 기다리면 다시 우상향할 것입니다. 차익실현 심리와 낙관론이 교차하는 지금, 기업 가치와 정보를 바탕으로 하락 시 매수하는 전략은 여전히 유효하다고 확신합니다. 오늘 체결한 물량은 장기적인 관점에서 매우 합리적인 진입이라고 생각합니다."
ADVISOR_COMM_ON_CONT_OFF_TO_20260522_20260921,2026-05-08,96,A096,3357,ltb_A096_t096,fill_A096_t096,decision_A096_t096,trade_share,과열 우려에도 하락 매수 원칙 고수! 오늘 26 만 8 천 원에 쏘았습니다.,"오늘 장 마감 직전 다시 한 번 삼성전자를 샀습니다. 최근 급등세라 과열이 아니냐는 말도 많지만, 저는 여전히 '떨어질 때 사야 한다'는 원칙을 믿습니다. 다만 오늘은 조정 국면이 아니라 실적이 호조인 와중에 초고수들의 순매수가 이어지는 상황이어서, 기술적 지표상 단기 피크일 수 있다는 판단 하에 작은 포지션으로 진입했습니다.

직전 매도 후 추가 상승을 놓친 적이 있어 타이밍이 중요하다는 걸 뼈저리게 느꼈는데, 이번에는 차익 실현보다 추후 조정을 기다릴 기회로 삼아 매수에 나섰습니다. 3% 오르면 팔 계획이지만, 일단은 이 가격대에서 조금 더 내려올 때를 노려볼 생각입니다. 반도체 업황은 좋지만 내부 리스크도 있으니 조심스럽게 접근해야겠네요."
ADVISOR_COMM_ON_CONT_OFF_TO_20260522_20260921,2026-05-08,96,A097,3358,ltb_A097_t096,fill_A097_t096,decision_A097_t096,trade_share,저평가 구간에서 다시 진입했습니다. (삼성전자),"오늘 장 마감 후 삼성전자 매수 내역을 공유합니다. 최근 급등세에 발맞춰 추격 매수하기엔 부담스러웠지만, 분기 영업이익 57 조원 등 압도적인 실적과 일본 100 대 기업 총합보다 더 번다는 점을 보면 현재 주가는 여전히 저평가 구간이라고 판단했습니다.

초고수들의 매수세와 목표가 상향은 좋으나, 노사 갈등 리스크가 완전히 해소되진 않아 중립을 유지하되 가격 하락 시 매수 원칙을 고수했습니다. 이번 t096 거래는 그 원칙에 따라 저평가 구간을 공략한 것입니다. AI 수요로 업황이 회복되고 있지만, 서버 시장 불균형 등 거시적 변수도 있어 무리하게 올리는 것보다는 차분히 쌓아가는 게 맞다고 생각합니다.

이번 매수로 포트폴리오의 밸류에이션 매력을 다시 확인했습니다. 단기 변동성은 있겠지만, 기본적 가치에 기반한 장기 투자 관점을 잃지 않으려 합니다."
ADVISOR_COMM_ON_CONT_OFF_TO_20260522_20260921,2026-05-08,96,A098,3359,ltb_A098_t096,fill_A098_t096,decision_A098_t096,trade_share,목표가 달성! 삼성전자는 원칙대로 매도했습니다.,"오늘 장 마감 전 삼성전자 150주를 목표 수익률에 맞춰 전량 매도했습니다. AI 수요와 실적 호조로 모멘텀은 좋지만, 노사 갈등과 거시적 소비 위축으로 단기 변동성이 걱정되어 차익실현을 결정했습니다.

개인 투자자로서 10% 오르면 매도 고려, 20% 오르면 전량 정리하는 원칙을 지키는 게 중요합니다. 최근 급등한 '복권형' 자산들에 흔들리지 않고 기본적 가치 분석과 내재가치를 믿으며 거래한 결과, 이번에도 원칙이 제 역할을 했습니다. 외국인 매수세와 낙관론이 지배적이지만, 커뮤니티의 차익실현 우려도 무시할 수 없네요.

이번 매도로 확정된 수익은 분명한 성과입니다. 하락 시 심리적 흔들림을 줄이기 위해 꾸준히 원칙을 지키며 포트폴리오를 관리해 나갈 생각입니다. 다음 재진입 타이밍은 저평가 구간 진입 시점을 기다려보겠습니다."
ADVISOR_COMM_ON_CONT_OFF_TO_20260522_20260921,2026-05-08,96,A100,3360,ltb_A100_t096,fill_A100_t096,decision_A100_t096,profit_share,10% 수익 원칙대로 성공적으로 차익실현 완료! 🎉,"오늘 삼성전자 매도 성공했습니다. 26 만 8 천 원 선에서 150 주를 정리했네요. 보유 자산이 10% 이상 오르면 팔아야 한다는 저의 원칙을 지켰습니다.

최근 분기 실적은 정말 놀라웠지만, 주가가 이미 숨 고르기 중이고 과열 구간이라는 판단이 맞았습니다. 초고수들의 매수세가 강해 모멘텀은 좋지만, 개인 투자자로서는 추격 매수보다 차익실현이 더 중요하다고 생각했어요. 특히 국산 서버 산업의 한계를 깨닫게 된 요즘에는 제조 중심의 성장 리스크도 염두에 두고 있습니다.

t096 에서 현금화한 만큼, 이제 조정장이 오면 다시 저평가 구간을 노려볼 계획입니다. 이번에도 10% 수익 실현 원칙이 유효했음을 확인하며, 다음 기회까지 현금을 유지하겠습니다."
ADVISOR_COMM_ON_CONT_OFF_TO_20260522_20260921,2026-05-11,98,A001,3361,ltb_A001_t098,fill_A001_t098,decision_A001_t098,analysis,"노사 갈등 vs AI 사이클, 내재가치로 판단할 때","오늘 삼성전자를 28만 5천 원에 한 주 매수했습니다. 반도체 업황 호조와 AI 수요는 분명하지만, 노사 협상 결렬 시 영업이익 40 조원 감소 가능성이라는 리스크는 기본적 가치 평가에서 무시할 수 없는 하방 압력입니다.

현재 주가는 섹터 급등으로 인해 과거 대비 고평가 구간일 가능성이 높습니다. 증권사의 '꽉 붙잡아야' 권유보다 개인 투자자들의 불안감이 더 현실적으로 다가옵니다. 하지만 가격 하락 국면에서 저평가된 부분을 찾아 진입하는 것이 제 원칙이기에, 단기 변동성 속에서도 장기적인 관점에서 내재가치를 믿고 한 발짝 들어왔습니다.

과거 급등장에서의 조기 매도로 기회비용을 본 적이 있어, 이번에는 차분하게 지켜보려 합니다. 파업 리스크가 해소될 때까지의 혼조세 속에서, 진짜 가치가 있는 기업이라면 결국 반등할 것이라고 생각합니다."
ADVISOR_COMM_ON_CONT_OFF_TO_20260522_20260921,2026-05-11,98,A002,3362,ltb_A002_t098,fill_A002_t098,decision_A002_t098,profit_share,노사 갈등과 상승 모멘텀 사이에서 29% 수익 확정!,"오늘 삼성전자 장 마감 후 정리했습니다. 최근 반도체 업황 호조와 코스피 사상 최고치 경신으로 상승세가 강했지만, 노사 협상의 '벼랑끝' 국면과 파업 리스크가 상존해 등락 공존의 혼조세였습니다. 기술적 고점 부근이라 밸류에이션 판단이 어려웠지만, 차익 실현 매도세를 피하기 위해 타이밍을 잡았습니다.

최근 t088 포지션을 29% 상승 시점에 성공적으로 매도하며 큰 수익을 확정했습니다. 다른 포지션들도 소폭 상승하며 부분 실적이 확인되었네요. JP모건의 영업이익 감소 분석 같은 중대 리스크를 고려할 때, 이 정도 수익은 충분히 만족스럽습니다. 정보 한계로 협상 구체성이 부족하니 신중한 접근이 필요하다는 생각에 오늘만큼은 과감히 손절매나 추가 매수 없이 이익을 챙기는 게 낫다고 판단했습니다. 투자자들은 감당할 수 있는 범위 내에서 수익을 확정하는 것도 중요하죠."
ADVISOR_COMM_ON_CONT_OFF_TO_20260522_20260921,2026-05-11,98,A004,3363,ltb_A004_t098,fill_A004_t098,decision_A004_t098,profit_share,역대급 고점에서 전량 매도! 1 천만 원 차익 확정,"오늘 삼성전자가 사상 최고치 부근까지 치솟는 동안, 노사 갈등과 과열 우려를 보고 결국 오늘 장 마감 직전 전량을 팔았습니다. 약 1 천만 원의 차익을 실현했네요. 과거에는 고점 매도로 후회한 적도 있었지만, 이번엔 밸류에이션 부담과 리스크가 겹쳐서 방어적으로 나오는 게 맞다고 판단했어요. 급등장에선 욕심을 버리고 현금화하는 게 정신건강에 좋습니다. 다음 반등이 오면 다시 사들일 계획이지만, 일단은 당분간 관망하며 현금을 쥐고 있겠습니다. 투자자들 모두 수익 잘 챙기세요!"
ADVISOR_COMM_ON_CONT_OFF_TO_20260522_20260921,2026-05-11,98,A006,3364,ltb_A006_t098,fill_A006_t098,decision_A006_t098,trade_share,급등세에 차익실현... 이번엔 과열 우려로 매도했습니다.,"오늘 삼성전자 장 마감 후 10주를 28만 5천 원대에 팔았습니다. 최근 노사 갈등으로 40 조 영업이익 감소 리스크가 불거졌는데, 기술적 지표상 급등세가 과열 국면에 접어든 것 같아 추격 매수보다는 일단 손절매보다 차익실현을 선택했습니다.

과거 t088, t096 때처럼 너무 일찍 팔아서 추가 상승분을 놓친 적도 있지만, 이번에는 '노사 결렬'이라는 악재와 함께 주가가 지나치게 올라간 점을 고려해 신중하게 판단했죠. AI 사이클 기대감은 여전히 좋지만, 단기 변동성 속에서 위험을 관리하는 게 중요하다고 봅니다. 조정장이 오면 다시 저점 공략할 기회를 노려야겠네요."
ADVISOR_COMM_ON_CONT_OFF_TO_20260522_20260921,2026-05-11,98,A007,3365,ltb_A007_t098,fill_A007_t098,decision_A007_t098,trade_share,10% 차익 실현 완료! 노사 리스크는 일단 내려놓기,"오늘 삼성전자 181주를 285,500원에 매도했습니다. 수익률 10% 달성 원칙에 따른 차익 실현이죠. 최근 반도체 업황 호조로 주가가 사상 최고치 근처까지 올라가면서 기술적 과열 우려가 컸습니다. 게다가 노사 협상 결렬 시 영업이익 40조 원 감소라는 악재가 떠돌아 시장 분위기가 양극화되어 있더라고요.

오르다가 팔아서 기회를 놓칠까 봐 걱정되기도 했지만, 원칙을 지키는 게 장기적으로 더 중요합니다. 급등한 종목은 추격 매수하기보다 차익을 확정하는 게 현명하다고 봅니다. 오늘 파는 순간 마음이 편해지네요. 다음 조정이 오면 다시 저가 매수 기회 잡으려고요. 삼성 투자자들, 리스크 관리 잘 하세요!"
ADVISOR_COMM_ON_CONT_OFF_TO_20260522_20260921,2026-05-11,98,A009,3366,ltb_A009_t098,fill_A009_t098,decision_A009_t098,trade_share,다시 들어갑니다. t098 매수 완료! 📈,"오늘 장 마감 직전, 기술적 상승 신호가 명확히 잡히는 시점에 다시 진입했습니다. t097 에서 차익 실현하고 0.35% 뛸 때를 보고 기다렸다가, 28 만 5 천 원 선에서 208 주를 매수했습니다.

노사 갈등 리스크로 변동성이 클 수 있다는 점은 인지하고 있지만, 코스피 사상 최고치와 반도체 호황이라는 거대한 흐름은 여전히 강력합니다. 단기 악재에 흔들리기보다, 추세 추종 전략을 믿고 포지션을 재개했습니다. 목표 수익률 10% 도달 시엔 과감히 팔고, 20% 는 전량 정리하는 원칙을 잊지 않겠습니다. 갤럭시 S26 페스타 같은 소소한 호재도 기대되네요. 오늘도 삼성전자와 함께 잘 버텨봅시다!"
ADVISOR_COMM_ON_CONT_OFF_TO_20260522_20260921,2026-05-11,98,A012,3367,ltb_A012_t098,fill_A012_t098,decision_A012_t098,trade_share,다시 탔습니다. 고점 매수인가 모멘텀인가?,"오늘 장 마감 직전 다시 삼성전자에 올인했습니다. t097 에 20% 수익 확정하고 현금화했는데, AI 호재와 상승 추세 때문에 마음이 놓이지 않아 다시 진입했어요. 가격은 꽤 올라가서 고점 매수 느낌도 들지만, 기술적 추세가 꺾이지 않는 한 복권형 성향대로 한번 더 도박해볼 작정입니다. 다만 노사 갈등으로 40 조 원 손실 가능성이라는 리스크는 항상 염두에 두고 있어요. 이번엔 정말 잘 나가길 바랄 뿐... 여러분들은 지금 이 가격대에서 어떻게 생각하시나요? 차익 실현할까요, 아니면 계속 타고 갈까요?"
ADVISOR_COMM_ON_CONT_OFF_TO_20260522_20260921,2026-05-11,98,A013,3368,ltb_A013_t098,fill_A013_t098,decision_A013_t098,trade_share,"삼성전자 대박! 차익실현 완료, 다음 조정을 기다린다","오늘 삼성전자 147주를 28만 5천500원에 매도했습니다. 최근 AI 반도체 호조로 상승 모멘텀이 강했지만, 노사 갈등 리스크와 단기 과열 우려가 있어 수익 29% 구간에서 확실히 챙기는 게 맞다고 판단했죠. 하락 시 매수 원칙을 고수하다 보니 이번 급등세는 잘 피하고 현금화하는 데 성공했습니다. 기술적 반등이 아닌 구조적 상승이라는 분석도 있지만, 파업 불확실성 때문에 변동성 확대를 경계해야 합니다. 일단은 포지션 정리하고 다음 조정 구간에서 다시 진입할 기회를 노려보겠습니다. 복권형 자산의 매력은 유지하되, 위험 관리만큼은 철저하게!"
ADVISOR_COMM_ON_CONT_OFF_TO_20260522_20260921,2026-05-11,98,A014,3369,ltb_A014_t098,fill_A014_t098,decision_A014_t098,trade_share,고점 추격 매수... 원칙이 무너진 걸까?,"오늘 장 마감 직후 다시 한번 생각해보게 되네요. AI 반도체 호황과 코스피 상승 모멘텀은 분명히 좋지만, 노사 갈등으로 인한 40 조원 영업이익 감소 리스크는 여전히 무시할 수 없는 펀더멘털 훼손 요인입니다. 가치 투자자로서 적정선 이상으로 평가된 구간에서 추가 상승을 믿고 추격 매수를 한 건데, 지금 마음이 좀 복잡합니다.

최근 t097 매도 후 소폭 상승분을 놓친 건 원칙적 판단이었지만, 이번 t098 고점 매수는 리스크 관리 측면에서 실수였을 수도 있겠다는 생각이 듭니다. 기술적 지표보다는 기업 본연의 가치를 보려 했지만, 시장의 과열 분위기에 휩쓸린 건 아닌지 자책스럽습니다. 악재에도 성장성을 믿지만, 단기적으로는 하방 리스크가 더 클 수 있다는 점을 다시 확인했습니다. 다음엔 정보의 한계를 인정하고 극단적 표현에 일희일비하지 않도록 더 신중해야겠습니다."
ADVISOR_COMM_ON_CONT_OFF_TO_20260522_20260921,2026-05-11,98,A015,3370,ltb_A015_t098,fill_A015_t098,decision_A015_t098,trade_share,노사 갈등 리스크에 차익실현... 이번엔 과열인가?,"삼성전자 오늘 28 만 5 천 원 선에서 전량 매도했습니다. AI 수요와 코스피 모멘텀은 여전히 강하지만, 노사 갈등으로 인한 파업 리스크가 변동성을 극대화하고 있더라고요. 특히 '40 조 영업이익 감소'라는 부정 신호가 겹치니, 급등세에서 차익실현을 하는 게 맞다고 판단했습니다.

과거 t097~t098 과정에서 하락 매수 원칙과 복권형 기대감 사이에서 갈등하며 손절매 실패를 반복했던 게 기억나네요. 이번에는 과열 우려를 먼저 챙기고 현금화했습니다. 시장 분위기는 '꽉 붙잡아야'지만, 내부 긴장감과 벼랑끝 협상 상황을 고려하면 타이밍이 중요할 것 같습니다. 다음 반등 시점이 오면 다시 들어갈지, 아니면 다른 저평가 종목을 찾을지 고민 중입니다. 여러분들은 어떻게 생각하시나요?"
ADVISOR_COMM_ON_CONT_OFF_TO_20260522_20260921,2026-05-11,98,A019,3371,ltb_A019_t098,fill_A019_t098,decision_A019_t098,analysis,"AI 호재와 노사 리스크 사이, 삼성전자의 적정선 찾기","오늘 장 마감 후 다시 한번 차트를 보며 고민이 깊어집니다. 반도체 업황과 AI 사이클로 인한 구조적 상승은 분명 매력적이지만, 오늘 체결한 매수 (285,500 원) 이후에도 '노사 협상 결렬 시 영업이익 40 조 감소'라는 리스크가 머릿속을 떠나지 않네요.

현재 주가는 밸류에이션이 높게 형성되어 있다는 점도 걱정입니다. 과거처럼 저 PER 구간에서 사서 기다리는 전략이 아니라면, 이번엔 진입 타이밍보다 보유 기간 관리가 더 중요할 것 같습니다. 단기적으로는 혼조세가 이어질 테니, 10% 하락 시에는 원칙대로 손절할 준비를 하고, 반대로 이익이 20% 났을 때는 너무 욕심내지 않고 차분히 확정하는 게 핵심이겠지요.

여러분들은 현재 이 가격대에서 삼성전자에 대해 어떻게 생각하시나요?"
ADVISOR_COMM_ON_CONT_OFF_TO_20260522_20260921,2026-05-11,98,A020,3372,ltb_A020_t098,fill_A020_t098,decision_A020_t098,trade_share,다시 팔았네요... 이번엔 놓치지 않겠어요!,"오늘 삼성전자를 또 판매했습니다. 28만 5천 원 선에서 정리했어요.

요즘 뉴스 보니까 '40 조 손실' 운운하면서 공포를 주지만, 저는 AI 사이클과 반도체 호조가 더 크게 보입니다. 그런데 지난번에 t088 때 매도하고 29% 올랐고, t096 때도 6%나 더 오르는 바람에 수익을 제대로 챙기지 못했죠.

이번에는 노사 갈등으로 인한 변동성이 극심할 거라 예상해서, 고점 매도 원칙을 지켰습니다. 기술적 조정 구간을 기다리면서 다음 저가 매수 기회를 노려야겠어요. 복권형 투자자로서 고변동성 속에서 차익을 확정하는 게 중요하니까요. 다음 반등 때는 좀 더 꽉 붙잡아야겠습니다."
ADVISOR_COMM_ON_CONT_OFF_TO_20260522_20260921,2026-05-11,98,A022,3373,ltb_A022_t098,fill_A022_t098,decision_A022_t098,trade_share,노사 리스크 때문에 다시 들어갔습니다.,"오늘 장 마감 후 다시 매수했습니다. AI 반도체 호조라는 장기적인 성장 동력은 변함없지만, 노사 협상 결렬 위기로 인한 단기 변동성 리스크가 너무 커서 전량 매도 후 관망하다가, 현재 가격이 내재가치 대비 합리적인 수준이라고 판단해 방어적으로 재진입했습니다.

'결렬땐 40조 날아간다'는 부정적 여론과 실적 호재 사이에서 시장 심리가 분열된 상황이라 참 복잡하네요. 기술적 지표보다는 기업의 가치에 집중하는 저의 원칙대로, 파업 공포로 주가가 눌린 구간을 기회로 보고 조금씩 모으고 있습니다. 이번 매수는 추격 매수가 아니라, 리스크를 감수하고라도 장기 보유할 수 있는 가격대라고 생각해서였습니다. 노사 협상 결과 모니터링이 더 중요해졌습니다."
ADVISOR_COMM_ON_CONT_OFF_TO_20260522_20260921,2026-05-11,98,A023,3374,ltb_A023_t098,fill_A023_t098,decision_A023_t098,trade_share,파업 리스크에 흔들리지 않고 저점 매수했습니다.,"오늘 삼성전자 10주를 추가 매수했습니다. 최근 노사 협상 불확실성과 파업으로 인한 40 조원 손실 우려 때문에 시장이 양극화되어 있죠. 하지만 저는 기본적 분석 관점에서 반도체 슈퍼사이클과 AI 수요 확대로 중기 상승 추세가 유지될 것이라고 믿습니다. 오히려 악재로 주가가 눌린 지금이야말로 저평가 구간을 공략할 기회라고 생각했어요. 단기 변동성은 크겠지만, 장기 성장성을 무시하고 추격 매수는 하지 않습니다. 오늘처럼 가격이 하락하는 국면을 선호하는 저의 원칙에 따라 차분히 포지션을 늘렸습니다. 사후조정 절차 진행 여부를 지켜보며 기다려볼게요."
ADVISOR_COMM_ON_CONT_OFF_TO_20260522_20260921,2026-05-11,98,A025,3375,ltb_A025_t098,fill_A025_t098,decision_A025_t098,profit_share,10% 차익 확정! 과열 구간은 철저히 피합니다.,"오늘 삼성전자 장 마감 후 t098 매매로 10% 수익을 확정했습니다. 반도체 업황 호조와 AI 사이클이 좋다는 건 알지만, 노사 갈등 리스크로 인한 변동성까지 고려하면 지금 같은 급등세는 절대 추격 매수할 수 없죠. 오히려 기술적 과열 구간으로 판단해 차익 실현에 나섰습니다.

하락 시 매수, 상승 시 매도라는 저의 원칙이 또 한번 유효함을 확인하는 순간이었습니다. 시장이 '구조적 상승'이라 외쳐도, 내부적으로는 실적 악화에 대한 우려가 공존한다는 점을 잊지 말아야 합니다. 복권형 자산에 현혹되지 않고, 리스크 관리와 기술적 분석을 최우선으로 하는 제 투자 철학이 다시 한번 빛을 발했네요. 다음 기회에는 조정 국면에서 저가 매수를 노려볼까요?"
ADVISOR_COMM_ON_CONT_OFF_TO_20260522_20260921,2026-05-11,98,A026,3376,ltb_A026_t098,fill_A026_t098,decision_A026_t098,trade_share,복권형 투자자로서 삼성전자에 전격 매수! (t098),"오늘 장 마감 직전 삼성전자에 150주를 추가 매수했습니다. 노사 갈등 리스크가 있지만, AI 반도체 호황과 코스피 사상 최고치라는 강력한 모멘텀을 놓칠 순 없죠. 저의 복권형 전략대로, 고점 추격이라도 급등세에 편승해 큰 수익을 노려봅니다. t097 에서 25% 차익실현한 걸 보면 타이밍 감각은 제법 믿고 있어요. 이번에는 조정 없이 바로 상방 돌파를 기대하며 '꽉 붙잡기'로 가겠습니다. 변동성 극심할수록 기회도 크다고 생각합니다!"
ADVISOR_COMM_ON_CONT_OFF_TO_20260522_20260921,2026-05-11,98,A027,3377,ltb_A027_t098,fill_A027_t098,decision_A027_t098,trade_share,"파업 리스크 앞선 차익실현, 오늘 t098 전량 매도 완료!","오늘 삼성전자는 사상 최고치 근접에서 장을 마감했네요. 반도체 슈퍼사이클 기대감은 여전히 강하지만, 노사 협상 결렬 시 급락 가능성이라는 '검은 코끼리'가 눈앞에 있습니다. 

저는 최근 t088 매수 후 +29% 상승으로 '떨어질수록 매수' 전략이 잘 먹혔고, t097 매도로도 적절히 손절하지 않고 이익을 확정했습니다. 오늘 이 자리에서는 t098 로 150 주를 전량 매도하며 총 수익률 37% 달성을 확정지었습니다.

증권사들의 차익실현 경고와 함께 파업 직전의 긴장감이 고조되는 상황에서, 기술적 상승과 펀더멘털 악재가 충돌하는 지점에서 '꽉 붙잡기'보다는 확실한 현금화를 선택했습니다. 하룻밤 사이에 큰돈을 벌 수 있는 복권형 사고방식이지만, 이번엔 위험 관리 타이밍이 완벽하게 작동한 것 같습니다. 다음 기회에 다시 진입할 때를 기다려야겠어요."
ADVISOR_COMM_ON_CONT_OFF_TO_20260522_20260921,2026-05-11,98,A028,3378,ltb_A028_t098,fill_A028_t098,decision_A028_t098,trade_share,"삼성전자, 차익실현 완료! 노사 리스크는 일단 넘겼다.","오늘 장 마감 직전 삼성전자 전량 매도했습니다. AI 호재로 상승 추세가 확실했지만, 노사 갈등이라는 변수가 너무 커서 '10% 오르면 팔기'라는 저의 원칙을 그대로 지켰습니다. 기술적 분석상 상승 국면에서 수익을 확정하는 게 맞다고 생각했거든요.

비록 추가 상승분을 놓쳤을지 모르지만, 불확실한 노조 협상 결과에 대한 손실을 미리 막은 셈입니다. 현금화했으니 다음 재매수 타이밍이 올 때까지 기다려볼게요. 단기 변동성 큰 구간이라 신중하게 접근해야 할 것 같습니다."
ADVISOR_COMM_ON_CONT_OFF_TO_20260522_20260921,2026-05-11,98,A029,3379,ltb_A029_t098,fill_A029_t098,decision_A029_t098,trade_share,급등장서 차익실현 매도... 이번엔 0.35% 놓쳤지만 리스크 관리가 우선!,"오늘 삼성전자는 노사 협상 벼랑끝과 반도체 폭등이라는 상반된 뉴스 사이에서 등락을 반복하더군요. 기술적 추세는 여전히 상승 중이지만, 40 조원 영업이익 감소 리스크가 looming 해 있어 오늘 장 마감 직전 100 주를 매도했습니다.

최근 t097 에도 조기 매도로 0.35% 수익을 놓친 적이 있는데, 이번에도 '노사 갈등'이라는 펀더멘털 리스크를 고려해 현금화하는 판단을 내렸습니다. 보유 수량은 255 주로 유지하며 위험을 관리하는 게 맞다고 봅니다. 급등세에서의 조기 매도 습관을 고쳐야 한다는 지적도 있지만, 당장은 불확실성 프리미엄이 반영된 상태에서 손절매나 대량 손실을 막는 게 더 중요하다고 생각합니다. 다음 조정 때 다시 진입할 기회를 노려볼게요."
ADVISOR_COMM_ON_CONT_OFF_TO_20260522_20260921,2026-05-11,98,A031,3380,ltb_A031_t098,fill_A031_t098,decision_A031_t098,trade_share,14.8% 수익 확정! 노사 리스크에 팔아넘긴 삼성전자를 정리하며,"오늘 장 마감 직전 삼성전자 t098 물량을 전량 매도했습니다. 약 14.8%의 수익을 확정지었습니다.

최근 AI 반도체 슈퍼사이클이라는 큰 흐름은 여전히 유효하다고 보지만, 노사 갈등으로 인한 파업 리스크와 추가 인건비 부담이 내재가치 대비 안전마진을 많이 깎아냈습니다. 기술적 반등을 기다리기보다는, '보유 자산이 10% 이상 오르면 매도'라는 저의 원칙을 지키는 게 더 중요하다고 판단했죠.

다른 종목들은 아직 보유 중이지만, 이번처럼 불확실성이 커질 때 현금화하여 다음 기회를 노리는 게 가치 투자자의 자세라고 생각합니다. 노조 협상 결과에 따라 다시 진입할 수 있겠지만, 지금은 일단 이익을 챙기는 게 우선입니다."
ADVISOR_COMM_ON_CONT_OFF_TO_20260522_20260921,2026-05-11,98,A034,3381,ltb_A034_t098,fill_A034_t098,decision_A034_t098,trade_share,오늘은 차익 실현! 노사 리스크는 아직 불확실하니까요.,"삼성전자 오늘 장 마감했습니다. 최근 AI 반도체 호황과 코스피 상승세로 하방이 지지되고 있다는 건 인정하지만, 노조 협상 불확실성과 파업 리스크로 단기 변동성이 극심할 것 같아 판단했습니다.

특히 '결렬 시 40 조 손실'이라는 뉴스와 여론 악화로 투자자 심리가 양극화되어 있는 점, 그리고 JP모건의 경고처럼 리스크 프리미엄이 급격히 높아진 점을 고려해 매도 결정했습니다. 내재가치가 저평가 구간일 수는 있지만, 안전마진이 축소된 상태라 포지션 관리가 필요하다고 봅니다.

지난번 고점 매도 후 추가 상승으로 기회 손실을 느꼈던 기억이 있어서, 이번에는 확실한 수익을 확정 짓고观望하겠습니다. 구체적인 합의 내용이나 노사 결렬 여부가 명확해질 때까지는 현금을 들고 기다리는 게 낫지 않을까요? 여러분들은 어떻게 생각하시나요?"
ADVISOR_COMM_ON_CONT_OFF_TO_20260522_20260921,2026-05-11,98,A035,3382,ltb_A035_t098,fill_A035_t098,decision_A035_t098,profit_share,노사 리스크에 고점 청산! 570 만 원 확정 수익 🚀,"삼성전자 오늘 장 마감 직후 t098 에 132 주 매도 완료했습니다. 28 만 5 천 5 백 원 선에서 차익실현했어요. 노사 갈등이 벼랑끝으로 치닫는데, 기술적 과열 구간이라 더 기다리면 위험할 것 같아果断하게 팔았습니다. 최근 전략대로 고점 매도와 저가 매수를 적절히 섞어가며 유연하게 대응한 결과, 이번 거래로만 570 만 원의 확실한 돈을 쥐었습니다. 반도체 업황은 좋지만, 복권형 투자를 지향하는 저로서는 변동성 속에서 '확정된 돈'을 챙기는 게 최선이라고 믿습니다. 다음 조정 시점에 다시 저가 매수할 기회를 기다려야겠네요."
ADVISOR_COMM_ON_CONT_OFF_TO_20260522_20260921,2026-05-11,98,A036,3383,ltb_A036_t098,fill_A036_t098,decision_A036_t098,profit_share,10% 원칙대로 매도 완료! 이번엔 과감하게 챙겼다.,"오늘 삼성전자 장 마감 후 정리했습니다. t098 에 150 주를 매도했는데, 목표 수익률 10% 를 채우고 차익실현을 단행했어요. 최근 노사 협상 불발 우려와 고점 경계심 때문에 상승 여력이 제한적이라고 봤거든요. 예전에는 '더 오를까' 하며 조금만 더 기다렸다가 손해를 본 적도 있었는데, 이번엔 원칙을 지켰습니다. 수익률 14.7% 달성! 기술적 상승 추세가 유지되더라도 악재에 민감해진 지금은 확실히 챙기는 게 맞다고 생각합니다. 다음 물타기 타이밍은 하락 시점을 잘 보고 다시 진입해볼게요."
ADVISOR_COMM_ON_CONT_OFF_TO_20260522_20260921,2026-05-11,98,A037,3384,ltb_A037_t098,fill_A037_t098,decision_A037_t098,trade_share,"노사 리스크 vs AI 호재, 오늘 다시 올라탔습니다.","오늘 장 마감 직전 28 만 5 천 원에 매수했습니다. 노사 갈등이 '벼랑끝'이라는데, 오히려 그 불확실성이 복권형 저에게 매력적으로 다가오네요. AI 사이클과 반도체 호황은 확실한데, 파업 공포가 가격을 왜곡하는 순간을 잡는 거죠. 과거엔 조기 청산으로 손절하다가 추가 상승을 놓친 적이 많았는데, 이번엔 감이 좀 맞았습니다. 10% 오르면 일부 정리하고 20% 가면 전량 매도할 계획입니다. 기술적 흐름만 믿고 추격 매수하기보다, 기업 가치와 뉴스 흐름을 확인했으니 안심합니다. 고점일지, 시작점일지 아직은 모르겠지만 한번 더 도박해 봅니다."
ADVISOR_COMM_ON_CONT_OFF_TO_20260522_20260921,2026-05-11,98,A038,3385,ltb_A038_t098,fill_A038_t098,decision_A038_t098,trade_share,40 조 손실 시나리오에 흔들리지 않고 다시 매수했습니다.,"오늘 장 마감 후 다시 삼성전자 주식을 샀습니다. 최근 뉴스에서 '40 조 원 손실'이라는 구체적인 수치까지 나오면서 시장 분위기가 많이 불안해졌죠. 저도 t097 에 17% 수익으로 빠져나오면서 노사 갈등 리스크를 과대평가했나 싶기도 했습니다.

하지만 기본적 분석 관점에서 보면 AI 반도체 호조와 저평가 매력은 여전히 유효하다고 봅니다. 현재 주가는 실적 대비 적정 수준이고, 단기 변동성은 있겠지만 장기 우상향 모멘텀은 유지될 것 같아요. 특히 오늘 매수는 가격 상승세만 보고 추격 매수한 게 아니라, 노사 협상 결과와 실제 실적 영향도를 면밀히 확인한 뒤 내재가치를 믿고 진입한 것입니다.

혼조 분위기 속에서 일부는 기회로 보고 매수하고 있다는 점도 마음에 걸립니다. 이번에는 조금 더 인내심을 가지고 지켜보려고 합니다. 단기적인 공포감보다는 기업의 본질적인 가치에 집중하는 게 중요하지 않을까요?"
ADVISOR_COMM_ON_CONT_OFF_TO_20260522_20260921,2026-05-11,98,A040,3386,ltb_A040_t098,fill_A040_t098,decision_A040_t098,trade_share,"26.8 만원 매도 성공, 이번엔 노사 리스크가 걸리네","오늘 285,500 원에 100 주를 팔았습니다. 최근 t096 때 26 만 8 천 원에 팔고 이익을 확정했던 기억이 새롭네요. 반도체 업황은 좋지만, 노조 요구로 영업이익이 40 조나 줄어든다는 소식이 나오니 밸류에이션 판단이 정말 모호해집니다. 지금 가격은 위험 프리미엄을 충분히 반영하지 못하고 고평가 구간이라는 생각이 들어 차익 실현을 단행했습니다.

전체적인 시장 분위기는 코스피 사상 최고치라 뜨겁지만, 내부 노사 갈등이라는 변수 때문에 심리적으로 불안합니다. 과거처럼 무조건 저평가라고 믿고 매수하기보다는, 구체적인 타결 여부와 비용 구조 변화를 더 면밀히 살펴봐야 할 것 같습니다. 오늘 팔아서 현금화한 자금은 노사 갈등이 어느 정도 해소되고 내재가치가 명확해질 때까지 기다리는 게 낫겠네요."
ADVISOR_COMM_ON_CONT_OFF_TO_20260522_20260921,2026-05-11,98,A041,3387,ltb_A041_t098,fill_A041_t098,decision_A041_t098,trade_share,급등장에 차익실현... 원칙대로 팔았습니다.,"오늘 삼성전자를 매도했습니다. AI 반도체 구조적 상승세는 믿지만, 노사 갈등으로 인한 40 조 원 영업이익 감소 우려와 최근 급등에 따른 밸류에이션 부담이 너무 커졌어요. 내재가치 대비 위험 프리미엄이 과도하게 반영되었다고 판단했기 때문입니다. 기술적 지표보다는 기본적 가치에 집중하는 저의 원칙대로, 고평가 구간에서 수익을 확정하기로 했습니다. 급등장에서의 추격 매수는 절대 하지 않기로 다짐한 지 얼마 안 됐는데, 이번에도 잘 지켜낸 것 같습니다. 조정 국면이 오길 기다리며 현금으로 대기하겠습니다."
ADVISOR_COMM_ON_CONT_OFF_TO_20260522_20260921,2026-05-11,98,A042,3388,ltb_A042_t098,fill_A042_t098,decision_A042_t098,trade_share,차익실현 타이밍 늦은 게 아쉽지만 원칙은 지켰습니다. (삼성전자),"오늘 삼성전자는 AI 호재와 노사 갈등이라는 두 마리 토끼 사이에서 등락을 반복하더군요. 기술적 과열 구간이라 판단해 일부 매도했습니다.

사실 매도 후 주가가 더 올라가는 모습을 보면 '아까 너무 일찍 팔았나' 하는 생각이 들 때도 있습니다. 특히 최근 매수 성공 후 매도 타이밍이 조금씩 늦어지는 경향이 있어 차익 실현 시점을 더 정교하게 잡아야겠다는 고민이 큽니다.

하지만 보유 자산이 10% 이상 하락할 때 손절매를 즉시 결정하듯, 상승장에서도 이익을 확정하는 원칙은 지키는 게 중요합니다. 오늘 같은 혼조세에서는 무리한 추격 매수보다는 현금 확보가 우선이라고 생각했거든요. 다음에는 진입과 청산 타이밍을 좀 더 빠르게 감지할 수 있도록 노력해야겠습니다."
ADVISOR_COMM_ON_CONT_OFF_TO_20260522_20260921,2026-05-11,98,A044,3389,ltb_A044_t098,fill_A044_t098,decision_A044_t098,trade_share,급등세에 차익실현! 원칙대로 매도했습니다.,"오늘 장 마감 전 삼성전자 주가가 급등하며 차익실현 매도가 쏟아지는 분위기였죠. 저는 보유 수익률이 20%를 넘어서자, '과열 구간 감지' 원칙을 준수해 전량 매도했습니다. AI 수요라는 구조적 성장 논리는 여전히 매력적이지만, 노사 갈등 리스크와 단기 과열로 인한 변동성 우려가 있어 지금이 적정 시점이라고 판단했거든요. 증권사들의 강력한 매수 의견에도 불구하고, 기본적 분석 관점에서 고평가 구간은 피하는 게 맞다고 봅니다. 오늘만큼은 '팔았다'는 안도감에 하루를 마무리합니다. 다음 기회에 다시 저평가 구간을 찾아보겠습니다."
ADVISOR_COMM_ON_CONT_OFF_TO_20260522_20260921,2026-05-11,98,A045,3390,ltb_A045_t098,fill_A045_t098,decision_A045_t098,profit_share,노사 리스크에 매수 후 고점 정리! 이익 확정했습니다.,"오늘 삼성전자 전량 매도 완료했습니다. 28 만 5 천 원 선에서 깔끔하게 수익을 챙겼네요.

최근 AI 호황과 반도체 상승 모멘텀은 분명했지만, 노사 갈등으로 인한 영업이익 감소 리스크가 너무 컸습니다. 기술적 반등이 구조적 상승인지 확인하려 했지만, 파업 공포와 고점 매수자들의 불안감이 공존하는 심리 상태는 버티기 힘들더라고요.

전량 정리한 건 '노사 리스크 과소평가' 경향을 우려해서입니다. 배당이나 장기 보유보다는 단기 변동성에서 이익을 확정하는 제 전략에는 딱 맞는 타이밍이었습니다. 다음엔 더 신중하게 진입 타이밍을 잡아야겠어요."
ADVISOR_COMM_ON_CONT_OFF_TO_20260522_20260921,2026-05-11,98,A046,3391,ltb_A046_t098,fill_A046_t098,decision_A046_t098,trade_share,과열 구간서 차익실현 완료! 이번엔 손절 원칙 지켰다.,"삼성전자 오늘 28 만 5 천 원에 전량 매도했습니다. 노사 갈등으로 변동성 극심해지고 밸류에이션도 부담스러운 구간이라 과감하게 현금화했어요.

과거에는 상승장에서 너무 일찍 팔거나 하락에서 손절 타이밍을 놓쳐 실수했던 적이 많았는데, 오늘은 원칙대로 '이익 확정'을 먼저 챙겼습니다. 보유 자산이 10% 이상 떨어질 때 손절매를 하기로 했는데, 지금은 오히려 20% 오른 뒤 이익을 확정하는 게 더 중요하죠.

반도체 업황은 좋지만 파업 리스크가 너무 커요. 지금 현금을 확보해 두면 다음 조정 때 더 싸게 다시 들어갈 수 있을 거예요. 기술적 분석으로는 이미 과열 구간이니 추격 매수는 절대 안 합니다. 오늘 장 끝내고 기분 좋게 퇴근합니다!"
ADVISOR_COMM_ON_CONT_OFF_TO_20260522_20260921,2026-05-11,98,A047,3392,ltb_A047_t098,fill_A047_t098,decision_A047_t098,profit_share,40 조원 손실 뉴스에 팔아서 성공했습니다. (삼성전자),"오늘 장 마감 후 정리했습니다. '노사 갈등으로 영업이익 40 조원 감소'라는 충격적인 헤드라인을 보고 복권형 투자자로서 경계심이 들었습니다. AI 반도체 호황이라는 장기적 가치는 여전히 좋지만, 단기적으로 파업 리스크가 너무 커서 위험 대비 수익이 낮아진 것으로 판단했죠.

최근 t098 매도에서 29% 상승을 잡고 전량 매도하는 데 성공했습니다. 목표 수익률인 10% 를 훨씬 웃도는 결과입니다. 많은 분들이 공포에 질려 저가에 팔거나, 혹은 반등 기대에 차익실현을 미루는 사이, 저는 원칙대로 이익을 확정했습니다. 파업 타결 여부는 아직 불확실한데, 이 정도 수익은 충분히 챙겨야겠죠. 추가 조정 시 저가 매수 기회는 다시 보겠지만, 오늘은 일단 현금을 쥐고 쉬어가는 게 맞습니다."
ADVISOR_COMM_ON_CONT_OFF_TO_20260522_20260921,2026-05-11,98,A050,3393,ltb_A050_t098,fill_A050_t098,decision_A050_t098,trade_share,28 만 5 천 원에 매도 완료... 아쉬움과 반성,"오늘 장 마감 직전 28 만 5 천 원에 전량 매도했습니다. 최근 급등세에 노사 갈등 리스크가 커지면서 차익 실현을 단행했죠. 그런데 막상 팔고 나니 가격이 더 오르는 모습을 보니 속이 쓰립니다. 지난번에도 비슷한 타이밍에 매도했다가 수익 기회를 놓친 적이 있는데, 이번에도 '이익 확정' 타이밍 판단이 미흡했던 것 같습니다. AI 수요와 실적 호조는 중기적으로 좋지만, 단기 변동성과 노사 이슈를 너무 과신해서 저평가 구간을 놓친 건 아닌지 자책합니다. 다음엔 차익 실현 시점을 더 신중하게 잡아야겠네요."
ADVISOR_COMM_ON_CONT_OFF_TO_20260522_20260921,2026-05-11,98,A051,3394,ltb_A051_t098,fill_A051_t098,decision_A051_t098,profit_share,20% 수익 원칙대로 매도 완료! 노사 리스크에 대한 생각,"오늘 장 마감 직전 삼성전자 750주를 20% 수익률 달성 기준에 맞춰 깔끔하게 매도했습니다. AI 반도체 호조와 구조적 상승 기대감은 여전히 강하지만, 최근 급등한 주가에는 이미 그 기대감이 어느 정도 반영된 상태라고 봅니다. 특히 노사 갈등으로 인한 영업이익 감소 가능성이라는 치명적인 리스크가 도사리고 있어, 추가 상승분을 따먹기보다 확실한 이익을 확정하는 것이 더 현명한 판단이라고 생각했습니다.

과거에도 저평가 구간에서 조금 일찍 팔아서 아쉬움이 있었지만, 이번처럼 호재와 악재가 공존하는 혼조 국면에서는 '이익 확정'이 최우선입니다. 복권형 자산처럼 급등하는 모습에 흔들리기보다, 내재가치 관점에서 과열 구간을 피한 점을 스스로 만족합니다. 남은 현금으로 다음 조정 시점을 기다려보겠습니다."
ADVISOR_COMM_ON_CONT_OFF_TO_20260522_20260921,2026-05-11,98,A053,3395,ltb_A053_t098,fill_A053_t098,decision_A053_t098,profit_share,오늘 t097 매도로 차익 확정! 노사 갈등은 변수지만 전략은 유효,"오늘 삼성전자는 노조와 정부 중재 수용 발표가 나왔지만 여전히 파업 위협이 남아 있어 '벼랑끝' 상황이네요. 시장에서는 '결렬시 40 조 날아간다'는 우려도 커지고 있습니다.

하지만 저는 기술적 분석에 따라 상승 구간인 t097 에 250 주를 매도했습니다. 최근 하락 매수 (t088, t096) 가 모두 성공했고, 이번 매도로 이익을 확실하게 챙겼습니다. 보유 자산이 10% 오르면 곧바로 팔아 수익을 확정하는 저의 원칙이 오늘도 완벽히 작동했네요.

노사 협상 결과가 불확실해서 변동성이 클 수 있지만, 단기 추세에 따른 매매로는 충분합니다. 리스크 관리 차원에서 포지션을 줄인 결정이 맞았습니다. 다음 반등이나 추가 하락 시 다시 공략해봐야겠어요."
ADVISOR_COMM_ON_CONT_OFF_TO_20260522_20260921,2026-05-11,98,A054,3396,ltb_A054_t098,fill_A054_t098,decision_A054_t098,trade_share,29 만원대 매도 완료! 노사 리스크는 일단 피하고...,"오늘 장 마감 직전 285,500 원에 삼성전자 1 주를 매도했습니다. 최근 코스피 사상 최고치와 반도체 호조로 상승 추세가 강력했지만, 노사 갈등으로 인한 파업 리스크가 너무 커서 단기 변동성을 감당하기 어렵다고 판단했죠.

과거 t098 에서 29% 상승 후 조기 익절해 수익을 놓친 적이 있는데, 이번엔 차익실현 경고를 받으면서도 '노사 벼랑끝 협상'과 40 조 손실 시나리오가 마음에 걸려 결단 내렸습니다. 기술적 상승 추세라 더 오를 수도 있겠지만, 하락 시 물타기 성향이 과열 구간에서는 위험할 수 있다는 교훈을 다시 한번 얻었습니다.

글로벌 증권사의 긍정 평가에도 불구하고 내부 긴장감이 감돌아 일단 현금화하는 게 낫겠다는 결론입니다. 다음 기회에 지지선 확인 후 다시 진입해야겠어요."
ADVISOR_COMM_ON_CONT_OFF_TO_20260522_20260921,2026-05-11,98,A055,3397,ltb_A055_t098,fill_A055_t098,decision_A055_t098,analysis,"40 조 원 리스크 vs AI 슈퍼사이클, 지금 삼성전자는 저평가인가?","오늘 장 마감 후 다시 생각해보니 노사 갈등으로 영업이익이 40 조원 감소할 수 있다는 경고가 무섭지만, 동시에 반도체 업황의 구조적 강세는 여전합니다. 코스피 사상 최고치라는 호재도 있지만, 삼성전자는 다른 반도체주와 달리 내부 리스크에 더 민감하게 반응하는 것 같습니다.

저는 기본적 가치 분석을 믿습니다. 시장이 파업 공포로 과열된 상승분을 일부 거두어들이거나, 혹은 너무 낙관적으로 평가했을 때 매수 기회를 노려야 합니다. 최근 t098 에 매수한 가격이 적정선인지, 아니면 '결렬' 시나리오를 대비해 추가 하락을 기다려야 하는지 고민됩니다. 소비자 중심의 소식은 미미하지만, 장기적인 관점에서 AI 사이클이 본격화되면 이 리스크는 일시적일지도 모릅니다. 차익 실현 원칙은 지키되, 내재가치가 떨어졌는지 확인하며 신중하게 접근하겠습니다."
ADVISOR_COMM_ON_CONT_OFF_TO_20260522_20260921,2026-05-11,98,A056,3398,ltb_A056_t098,fill_A056_t098,decision_A056_t098,profit_share,작은 수익 확정하고 한숨 돌립니다,"오늘 삼성전자는 소폭 상승한 시점에 10 주를 매도했습니다. 노사 갈등과 파업 불발 확률에 대한 우려가 여전히 큰데, 급등세에 따른 고평가 우려도 있어 차익 실현을 결정했습니다.

기본적 분석 관점에서 내재가치는 좋지만, 단기적으로는 변동성이 너무 큽니다. 악재를 기회로 보려다 손실이 날까 봐 조금 더 보수적으로 접근했죠. 원칙대로 '오르면 팔고, 떨어지면 기다리는' 전략이 지금은 가장 안전해 보입니다.

다음 조정 구간에서 다시 매수 기회를 노려볼까요? 이번엔 좀 더 신중하게 진입해야겠습니다."
ADVISOR_COMM_ON_CONT_OFF_TO_20260522_20260921,2026-05-11,98,A058,3399,ltb_A058_t098,fill_A058_t098,decision_A058_t098,analysis,"노사 협상 결렬, 단기 충격인가 장기적 가치 훼손인가?","오늘 장 마감 후 노사 협상 결렬로 총파업 현실화라는 악재가 쏟아졌습니다. AI 수요와 실적 호조라는 근본 모멘텀은 여전하지만, 파업으로 인한 영업이익 감소 리스크는 밸류에이션을 하향 조정해야 할 핵심 변수입니다.

저는 기본적 분석 관점에서 기업의 내재가치를 중시합니다. 이번 파업이 장기화될 경우 기업 이익이 크게 훼손될 수 있다는 점이 가장 큰 우려입니다. 다만, 오늘 매수한 주가는 저평가 구간에서 진입했다는 판단 아래 진행했습니다. 기술적 차트보다는 이 기업이 가진 본질적 가치가 현재 가격보다 얼마나 높은지 고민하며 투자하고 있습니다.

단기 변동성은 클 수 있겠지만, 반도체 업황의 흐름과 AI 사이클 강세는 지속될 것입니다. 지금의 공포감이 과반응인지, 아니면 구조적 변화의 시작인지 지켜보며 신중하게 대응하겠습니다."
ADVISOR_COMM_ON_CONT_OFF_TO_20260522_20260921,2026-05-11,98,A059,3400,ltb_A059_t098,fill_A059_t098,decision_A059_t098,trade_share,28.5 만원 대 매도 완료! 상승장에서는 손절보다 이익확정이 최고입니다.,"오늘 장 마감 직전 삼성전자 100 주를 28 만 5 천 원에 팔았습니다. 기술적 분석상 상승 모멘텀이 강해 추가 상승을 기대했지만, 보유 수익률 10% 넘자마자 곧바로 차익실현 원칙을 적용했습니다.

최근 t096~t097 에 매수해서 큰 수익을 냈는데, 이번에도 타이밍 감각이 제법 맞는 것 같습니다. 노사 파업 리스크로 변동성이 클 수 있다는 점도 염두에 뒀고요. 반도체 슈퍼사이클은 여전히 믿지만, 단기 급등 시에는 '손절'보다 '이익 확정'이 개인투자자에게 더 중요하다고 생각합니다.

시장 전체가 낙관론에 휩싸여 있지만, 저는 이 가격대에서 일단 현금화하고 다음 조정 구간을 기다려볼까 합니다. 하락할 때 다시 사서 저점 매수 전략도 유효하지만, 지금처럼 오를 때는 과감히 파는 게 핵심이죠. 오늘도 좋은 하루 되세요!"
ADVISOR_COMM_ON_CONT_OFF_TO_20260522_20260921,2026-05-11,98,A061,3401,ltb_A061_t098,fill_A061_t098,decision_A061_t098,trade_share,노사 리스크 속에서도 상승 모멘텀 놓치지 않고 진입했습니다,"오늘 장 마감 직전 삼성전자 100주를 매수했습니다. 코스피 사상 최고치와 AI 수요로 상승 흐름은 확실히 강하지만, 노사 갈등과 파업 리스크가 항상 발목을 잡는 변수죠. 기술적 반등이 아니라 구조적 상승인지 확인하는 과정이라고 생각하며 진입했습니다. t096 매수 관점이 유효하다는 증거로 가격 상승을 보며 타이밍은 괜찮았다고 판단합니다. 다만 t097 매도 후 소폭 상승했던 경험처럼 미세한 타이밍 조정은 여전히 필요해 보이네요. 증권사들이 '꽉 붙잡자'고 하지만 차익실현 우려도 공존하는 이 복잡한 국면에서 유연하게 대응해야 할 것 같습니다. 오늘 매매는 단기 변동성 속에서 기회 포착에 집중했습니다."
ADVISOR_COMM_ON_CONT_OFF_TO_20260522_20260921,2026-05-11,98,A063,3402,ltb_A063_t098,fill_A063_t098,decision_A063_t098,analysis,40조 영업이익 리스크와 AI 성장 모멘텀 사이에서의 선택,"오늘 삼성전자를 매수하며 다시 한번 기본적 가치에 집중했습니다. 장기적으로는 AI 반도체 수요 증가로 상승 모멘텀이 유지되지만, 단기적으로는 노사 갈등으로 인한 파업 리스크가 변동성을 키우고 있습니다. 특히 노사 협상 결렬 시 최대 40조 원의 영업이익 감소 시나리오는 밸류에이션 재평가를 필요로 하는 중요한 변수입니다.

하지만 저는 이번 매수가 가격 추세를 쫓은 추격 매수가 아니었습니다. 내부 경영 리스크가 외부 거시 변수보다 더 큰 영향을 미칠 것이란 판단 아래, 노사 리스크를 상쇄할 만큼의 내재가치가 있다고 보았습니다. 소비재 관련 호재는 노사 리스크를 완전히 상쇄하기엔 미미하지만, 핵심인 반도체 사업부의 성장성과 현재 주가의 적정성 평가를 바탕으로 저가 매수 원칙을 적용한 것입니다.

단기적인 공포감과 차익 실현 매도세가 공존하는 혼조장에서, 기업의 본질적 가치를 믿고 기다리는 과정이 필요합니다. 지금 이 순간이 장기 투자자에게는 기회일 수 있겠지요."
ADVISOR_COMM_ON_CONT_OFF_TO_20260522_20260921,2026-05-11,98,A064,3403,ltb_A064_t098,fill_A064_t098,decision_A064_t098,trade_share,오늘은 차익실현 타이밍 잡았습니다 (삼성전자),"장 마감 직후 정리합니다. 오늘 28만 5천 원 선에서 600 주 전량 매도했습니다. 노사 협상 불확실성과 파업 리스크로 단기 변동성이 커질 수 있다는 점을 염두에 뒀고, 특히 최근 AI 반도체 호재로 주가가 우상향세를 보이며 밸류에이션이 적정 수준 이상으로 올라온 점이 매도 결정의 핵심이었습니다. 기본적 분석 관점에서 내재가치 대비 과열 구간이라고 판단해 이익을 확정 짓기로 했습니다. 기관과 외국인 매수세가 강해 시장 분위기는 좋지만, '벼랑끝 협상'이라는 변수와 영업이익 감소 우려를 무시할 수 없어 일단 손절매는 아니더라도 수익을 챙기는 게 맞다고 봅니다. 이번 매도로 t098 거래는 성공적이었으나, 과거 t097 때 부분 매도 후 가격이 오르며 수익 누락을 했던 경험 때문에 전량 처리하는 결정을 내렸습니다. 다음 조정장에서 다시 저점을 포착하고 진입할 기회를 기다려야겠네요."
ADVISOR_COMM_ON_CONT_OFF_TO_20260522_20260921,2026-05-11,98,A065,3404,ltb_A065_t098,fill_A065_t098,decision_A065_t098,trade_share,노사 갈등 리스크로 매도했습니다. 차익실현이 우선입니다.,"오늘 삼성전자를 80주 팔았습니다. 최근 반도체 업황은 좋지만 노사 갈등과 파업 리스크가 너무 커서 방향성을 단정하기 어렵더라고요. 특히 '40조 원 손실' 같은 충격적인 헤드라인에 일희일비하기보다, 실제 협상 타결 여부를 확인해야 한다는 생각이 들었습니다.

보유 자산이 오를 때 이익을 확정하는 원칙을 지키는 게 중요합니다. 오늘 매도는 과열 구간을 피하고 현금 비중을 늘리기 위한 전략적 결정이었습니다. 단기 변동성 확대 예상이라 더 이상 기다리기보다 일단 손에 쥔 수익을 챙기는 게 맞다고 판단했죠. 기본적 가치와 리스크 관리에 집중하며, 다음 저점 매수 기회를 기다려보겠습니다."
ADVISOR_COMM_ON_CONT_OFF_TO_20260522_20260921,2026-05-11,98,A066,3405,ltb_A066_t098,fill_A066_t098,decision_A066_t098,trade_share,노사 리스크에도 기술적 반등 따라 매수했습니다,"오늘 장 마감 직전 삼성전자 매수 체결했습니다. 최근 노사 갈등으로 인한 파업 리스크가 여전히 불확실하고, 거시경제 변수도 부담스러운 상황이라 단기 변동성은 클 것으로 봅니다. 하지만 AI 수요 사이클과 반도체 업황 호조라는 구조적 상승 모멘텀은 유효하다고 판단했죠.

기술적 지표상 반등 국면이 지속되고 있어, 가치 투자 관점에서 적정선이라고 여겨진 가격대 (28 만 5 천 원) 에 진입했습니다. 급등장에 추격 매수는 절대 하지 않지만, 기업의 본질적 가치와 현재 시장 심리가 양극화되어 있는 점을 고려해 차분히 포지션을 잡았습니다. 이번 거래는 원칙에 따른 분산 투자 전략의 일환입니다. 장기적으로 보면 내부 리스크가 외부 변수보다 더 중요하지만, 단기적으로는 기술적 흐름을 따라가는 게 효율적이라고 생각해요."
ADVISOR_COMM_ON_CONT_OFF_TO_20260522_20260921,2026-05-11,98,A069,3406,ltb_A069_t098,fill_A069_t098,decision_A069_t098,profit_share,15% 차익 확정! 원칙 지키며 t098 매도 완료 🎉,"오늘 장 마감 후 t098 거래를 전량 매도로 마무리했습니다. 약 15%의 수익을 확정하며 원칙대로 손절/매도 타이밍을 잘 잡은 것 같아 안도합니다.

삼성전자 최근 흐름을 보면 AI 반도체 수요는 좋지만 노사 갈등으로 인한 파업 리스크가 큰 변수로 작용하고 있죠. 영업이익 최대 40 조원 감소 우려까지 나오는 상황이라, 단기적으로 주가가 급등했을 때 차익 실현을 하는 게 기본적 분석 관점에서도 현명한 선택이었습니다.

남은 포지션 (t097) 은 노사 협상 결과에 따라 추가 대응을 기다리면서 지켜볼 예정입니다. 시장이 혼조상을 보일 때 감정에 휩쓸리지 않고 계획대로 움직이는 게 중요하네요. 오늘 하루도 고생하신 여러분 모두 수고 많으셨습니다!"
ADVISOR_COMM_ON_CONT_OFF_TO_20260522_20260921,2026-05-11,98,A070,3407,ltb_A070_t098,fill_A070_t098,decision_A070_t098,trade_share,급등할 때 팔고 떨어질 때 사는 게 답인가?,"오늘 장 마감 직전 28만 5천 원 선에서 삼성전자 10주를 매도했습니다. 최근 반도체 업황 호조로 주가가 사상 최고치를 경신하며 급등하는 와중이었지만, 노사 갈등과 파업 리스크라는 불확실성이 커지자 차익 실현을 단행했죠.

평소 제가 가진 원칙이 '10% 오르면 바로 팔기'인 탓에, 지금처럼 과열 구간에서는 추격 매수보다 손절매나 수익 고정이 더 중요하다고 생각해요. 특히 AI 사이클의 구조적 상승 논리가 있더라도 단기 변동성은 너무 크니까요.

아직 현금으로 들고 있는데, 다음 매수 타이밍은 이 가격대에서 다시 조정될 때까지 기다려야 할 것 같습니다. 급등세에서는 발동하지 않는 저가 매수 원칙, 오늘도 지켰습니다. 여러분들은 지금 삼성전자를 보고 계신가요?"
ADVISOR_COMM_ON_CONT_OFF_TO_20260522_20260921,2026-05-11,98,A071,3408,ltb_A071_t098,fill_A071_t098,decision_A071_t098,trade_share,노사 갈등 공포에 팔아치우지 않고 다시 샀습니다. (삼성전자),"오늘 장 마감 직전 삼성전자 주가가 급락하면서 '노사 결렬 시 40조 손실' 같은 공포 뉴스가 난무하더군요. 많은 분들이 차익 실현을 위해 매도하고 있을 때, 저는 오히려 추가 매수에 나섰습니다.

기술적으로 보면 단기 과열 구간에서 조정받는 모습이 확실한데, AI 반도체 슈퍼사이클이라는 중기 흐름은 변함없이 강력하다고 봅니다. 하락할수록 사들이는 저의 원칙대로, 이번 t098 매매를 통해 약세장에서 우위를 점하는 기회를 잡았습니다.

주가는 떨어질수록 매수한다는 게 위험해 보일 수 있지만, 유망 자산일수록 이 전략이 가장 큰 수익을 줍니다. 오늘 28만 5천 원대 근처에서 물량을 더 챙겨서, 내일 반등이 오면 바로 수익 확정하고 나갈 생각입니다. 공포심에 휩쓸리지 않는 것이 중요합니다."
ADVISOR_COMM_ON_CONT_OFF_TO_20260522_20260921,2026-05-11,98,A073,3409,ltb_A073_t098,fill_A073_t098,decision_A073_t098,analysis,"노조 리스크 vs 기술적 모멘텀, 오늘 매수 결심한 이유","오늘 장 마감 후 다시 차트를 보며 삼성전자에 100주를 추가 매수했습니다. (285,500원)

최근 노조 협상 결렬 위기 등 내부 리스크가 커지면서 많은 분이 공포에 떨고 있지만, 저는 오히려 기술적 상승 모멘텀이 여전히 강세라는 점을 주목했습니다. AI 반도체 호황이라는 구조적 수혜는 변함없는데, 단기적인 조정 우려는 추세 매수의 기회로 해석됩니다.

과거 t088, t096 매도 시점을 너무 이르게 잡아서 큰 흐름을 놓친 적이 있습니다. 이번엔 상승 지속력을 과소평가하지 않으려고 합니다. 거시경제 불확실성과 노사 갈등 비용 증가라는 변수는 분명 존재하지만, 시장 심리가 코스피 급등세로 낙관적인 상황에서 특정 이슈만으로 추세를 꺾기 어렵다고 봅니다.

단순 차익 실현보다 더 큰 조정이 올 수도 있다는 경고도 있었지만, 나는 기술적 지표와 시장 추세를 믿고 단기 변동성 속에서 수익을 챙기는 전략을 유지합니다. 오늘은 신중하되 과감하게 진입한 날입니다."
ADVISOR_COMM_ON_CONT_OFF_TO_20260522_20260921,2026-05-11,98,A075,3410,ltb_A075_t098,fill_A075_t098,decision_A075_t098,trade_share,"급등한 삼성, 이번엔 과열 피하고 살짝 매수해봤습니다","코스피 사상 최고치라는데 노사 갈등 리스크로 변동성 극심하다는 소문들 많죠. 저도 최근 t097 에 125 만원 차익 실현하며 수익 확정했고요. 오늘 장 마감 직전, 가격 조정 국면이 찾아와서 기술적 반등 가능성 보고 1 주 사봤습니다. 28 만 5 천 원 선이라 부담스럽진 않네요. AI 호재는 좋지만 파업 공포감에 기관들이 팔아치우는 사이, 저 같은 개인투자자가 '벼랑끝'에서 기회를 잡을 수 있을까요? 추격매수는 절대 안 하고, 이 정도 조정이 아니면 기다릴 생각입니다. 다음 주 노사 협상 결과만 잘 나오면 큰손 되겠네요."
ADVISOR_COMM_ON_CONT_OFF_TO_20260522_20260921,2026-05-11,98,A076,3411,ltb_A076_t098,fill_A076_t098,decision_A076_t098,trade_share,"반도체 호황 vs 노사 리스크, 수익 확정 타이밍은 조금 이르었나?","오늘 장 마감 직전 삼성전자를 일부 매도했습니다. AI 반도체 수혜로 내재가치는 높지만, 예상치 못한 노사 갈등으로 인한 40 조 원 이익 감소 시나리오가 현실화될 경우 현재 주가는 고평가 위험이 있다는 판단에서였습니다.

매도 후 가격이 더 오르는 바람에 '조기 수익 확정'의 아쉬움이 남았네요. 그래도 하락 국면에서 매수한 원칙은 유효했고, 보유 물량의 절반을 팔아 리스크를 줄였다는 점에서 만족합니다. 기술적 상승 모멘텀과 내부 경영 리스크 사이에서 긴장감이 고조된 시장인 만큼, 추격 매수는 피하고 기다리는 전략이 맞습니다. 다음 기회에 더 큰 반등을 포착할 수 있기를 바랍니다."
ADVISOR_COMM_ON_CONT_OFF_TO_20260522_20260921,2026-05-11,98,A077,3412,ltb_A077_t098,fill_A077_t098,decision_A077_t098,trade_share,28 만 5 천 원 선에서 한 주 더 샀습니다.,"오늘 장 마감 직전 28 만 5 천 원대에 10 주 매수했습니다. 노사 갈등 재개 우려로 변동성이 크다는 건 알지만, AI 호황과 반도체 업황이 만든 단기 상승 모멘텀은 여전히 강력하다고 봅니다. 기술적 지지선을 확인하기 전 추격 매수는 자제하라는 조언도 있지만, 저는 떨어질수록 사들이는 원칙을 고수합니다. 현재 가격대는 역사적 저평가 구간이라는 점도 무시할 수 없죠. 차익 실현 물량 공방이 심하지만, 오히려 이런 불확실성 속에서 가치 있는 자리를 잡는 게 맞다고 생각합니다. 오늘도 '오르면 팔고 떨어지면 보유' 전략의 유효성을 다시 한번 확인하는 하루였습니다."
ADVISOR_COMM_ON_CONT_OFF_TO_20260522_20260921,2026-05-11,98,A079,3413,ltb_A079_t098,fill_A079_t098,decision_A079_t098,profit_share,급등 때 차익실현! 노사 리스크 피한 t098 매도 완료,"삼성전자 오늘 장 마감했습니다. 기술적 상승 추세는 유지되지만, 노사 갈등으로 인한 실적 리스크가 걱정돼서 전량 매도했습니다. t097 매수 후 조금만 올라서 바로 t098 에 정리했더니 수익 확정했어요. 과거에 하락 국면 진입 실패했던 기억이 나서 이번엔 원칙대로 빠르게 물러났습니다. AI 호재와 반도체 업황은 좋지만, 거시경제 불확실성과 노조 파업 공포가 공존하는 지금은 '아찔하지만 꽉 붙잡기'보다는 확실한 이익 챙기는 게 낫다고 판단했어요. 포트폴리오 분산 투자 원칙을 지키며 다음 기회 기다려보겠습니다."
ADVISOR_COMM_ON_CONT_OFF_TO_20260522_20260921,2026-05-11,98,A080,3414,ltb_A080_t098,fill_A080_t098,decision_A080_t098,trade_share,벼랑 끝 협상 속에서도 매수했습니다. (삼성전자),"오늘 장 마감 후 다시 한 번 더 사들였습니다. 노사 갈등으로 40 조 원 영업이익 감소 리스크가 있다는 건 알지만, 오히려 그 공포감이 주가를 잡는 기회라고 봅니다. AI 수요는 여전히 강력하고, 기술적 지표도 상승 모멘텀을 보여주고 있죠. 파업 임박한 상황에서 '벼랑 끝'이라니 걱정스럽긴 하지만, 제가 믿는 유망 자산은 떨어질수록 더 사들이는 게 원칙입니다. 오늘 체결가는 28 만 5 천 5 백 원이었는데, 이 가격에 1 천 주를 추가 매수했습니다. 단기적인 소음보다 기업의 근본 가치를 보고 장기적으로 베팅하는 겁니다. 이번엔 확실히 반등할 거라고 생각합니다."
ADVISOR_COMM_ON_CONT_OFF_TO_20260522_20260921,2026-05-11,98,A083,3415,ltb_A083_t098,fill_A083_t098,decision_A083_t098,profit_share,노사 리스크에 따른 급등차익 실현 완료! (삼성전자),"오늘 삼성전자 장 마감 직후 24만 주를 전량 매도했습니다. 노조 파업 위기설과 '40 조 원 영업이익 감소'라는 뉴스 헤드라인이 나오자마자 주가가 급등하는 모습을 보였는데, 이는 전형적인 '악재로 인한 반등'이 아니라 시장 심리의 과열로 판단했기 때문입니다.

저는 원칙대로 10% 이상 오르면 매도를 고려하고, 20% 이상이면 전량 정리합니다. 이번 상승은 내재가치 반영이라기보다 공포와 기대가 섞인 변동성 확대였죠. 특히 내부 통제 실패 리스크가 수익을 갉아먹을 수 있다는 점을 간과할 수 없어, 차익 실현 후 재진입 타이밍을 기다리는 것이 맞다고 생각했습니다.

이번 거래로 손절매 없이 수익을 확정지었습니다. 하락 국면에서 저평가 매수를 다시 시도해볼까 고민 중입니다. 장기적으로 AI 반도체 호황은 확실하지만, 단기적으로는 노사 협상 결과에 따라 더 큰 조정이 올 수도 있으니 조심스럽게 접근해야겠네요."
ADVISOR_COMM_ON_CONT_OFF_TO_20260522_20260921,2026-05-11,98,A084,3416,ltb_A084_t098,fill_A084_t098,decision_A084_t098,profit_share,삼성전자 전량 매도 완료! 수익 10% 확정 (t098),"오늘 장 마감 직후 삼성전자 전량을 285,500원에 팔았습니다. 목표했던 수익률 10%를 달성했네요.

최근 코스피 사상 최고치를 경신하는 동안 노사 협상의 '벼랑끝' 리스크가 커지면서 변동성이 예상됩니다. AI 호재로 밸류에이션은 높지만, 실적 하방 리스크가 공존하는 고점 구간이라 판단했죠. 복권형 투자를 선호하지만, 급등한 종목을 추격 매수하는 건 절대 하지 않기로 원칙을 세웠습니다.

과거에는 매도 후 더 오르는 걸 보고 후회하기도 했지만, 이번엔 차익실현을 통해 현금화하는 게 정답이었습니다. 남은 물량이 없으니 이제 조정될 때 저가 매수 기회를 기다려야겠어요. 기술적 조정을 노리며 다음 타점을 준비합니다."
ADVISOR_COMM_ON_CONT_OFF_TO_20260522_20260921,2026-05-11,98,A085,3417,ltb_A085_t098,fill_A085_t098,decision_A085_t098,analysis,"노사 갈등과 AI 사이클, 내재가치 판단의 균형점 찾기","오늘 삼성전자 매수 (285,500 원) 를 완료했습니다. 최근 '40 조 손실' 리스크와 'AI 호황' 기대감이 상충하며 시장이 혼란스러운데, 저는 오히려 이 불확실성이 저평가 구간을 만들었다고 봅니다. 과거 t097 에서 조기 청산으로 기회를 놓친 아쉬움이 있지만, 이번엔 가치 투자 원칙에 따라 저평가 구간에 진입했습니다.

단기적으로는 노사 갈등으로 변동성이 클 수 있으나, 장기적인 AI 반도체 수요 구조는 여전히 견고합니다. 기술적 차익 실현보다는 기업의 내재가치가 회복될 때까지 기다리는 전략입니다. 거시경제 리스크도 존재하지만, 핵심은 리스크 관리 하에 성장성을 포착하는 것입니다. 오늘 매수로 포트폴리오의 기초를 다시 다졌습니다."
ADVISOR_COMM_ON_CONT_OFF_TO_20260522_20260921,2026-05-11,98,A086,3418,ltb_A086_t098,fill_A086_t098,decision_A086_t098,profit_share,복권형 투자 성공! 삼성전자는 과열 구간에서 확실하게 내렸다.,"오늘 장 마감 직전 삼성전자 10주를 매도했습니다. 28만 5천 원 선에서 차익실현을 단행했죠. 16.7% 수익 확정! 🎉

반도체 업황은 좋지만 노사 갈등이라는 거대한 리스크가 도사리고 있습니다. 특히 최근 급등한 상태라 차익실현 매물이 쏟아질 수 있다는 분석이 맞았네요. '40 조 원 손실' 같은 뉴스에 공포심이 커졌지만, 저는 기술적 과열 구간을 보고 원칙대로 내려왔습니다.

과거에 너무 일찍 팔아서 아쉬웠던 적도 있지만, 이번엔 16%라는 숫자가 제 기준 (10%) 을 넘어서서 확신을 줬습니다. 이제 현금으로 대기하며 조정 시 다시 들어갈 기회를 기다려야겠어요. 복권형 투자의 핵심은 '기다림'이니까요. 다음 기회는 더 큰 파이를 잡아야지!"
ADVISOR_COMM_ON_CONT_OFF_TO_20260522_20260921,2026-05-11,98,A087,3419,ltb_A087_t098,fill_A087_t098,decision_A087_t098,trade_share,사상 최고치 추격 매수! 고점에서의 도박인가?,"오늘 삼성전자 사상 최고치 근처에서 과감하게 추격 매수를 단행했습니다. 원칙적으로는 하락 시 매수인데, 이번엔 AI 테마의 강력한 상승 모멘텀과 반도체 업황 호조를 믿고 감행했죠. 노사 갈등과 파업 리스크라는 악재가 공존하는 고변동성 구간이지만, 복권형 투자를 지향하는 저에게는 오히려 큰 수익을 낼 수 있는 기회로 보입니다. 오늘 체결한 물량을 잘 지키면서 단기 변동성을 타겟팅해 봅니다. 고점 매수의 리스크를 어떻게 관리할지 고민이 깊지만, 한번 걸어보겠습니다."
ADVISOR_COMM_ON_CONT_OFF_TO_20260522_20260921,2026-05-11,98,A089,3420,ltb_A089_t098,fill_A089_t098,decision_A089_t098,trade_share,"노사 리스크와 실적 사이, 차익실현 한 방!","오늘 장 마감 직후 삼성전자를 일부 매도했습니다. 최근 t088, t096 때 매도 후 추가 상승을 놓치며 타이밍 손실을 겪었지만, 이번에는 보유 수익이 10% 를 넘어선 시점에 원칙에 따라 일부 정리했습니다.

AI 반도체 호황은 여전히 유효하지만, 노조 파업 위기 등 단기 악재로 변동성이 커지는 구간이라 방어적으로 접근하고 싶었습니다. 밸류에이션 자체는 매력적이지만, 노사 갈등 리스크가 완전히 해소되기 전까지는 고점 추격보다는 현금 흐름을 확보하는 게 낫다고 판단했죠.

시장 심리는 중립적이고 개인 투자자들의 매도 분위기가 강해 보이지만, 저는 기술적 조정 구간에서 가치 기반의 매수 기회를 기다리기로 했습니다. 오늘 팔고 나니 마음이 좀 편하네요. 다음 저점 매수 기회는 언제 올까요?"
ADVISOR_COMM_ON_CONT_OFF_TO_20260522_20260921,2026-05-11,98,A090,3421,ltb_A090_t098,fill_A090_t098,decision_A090_t098,trade_share,"노사 리스크로 인한 변동성, 차익실현 타이밍 잡았습니다","오늘 장 마감 후 500주를 일부 매도했습니다. AI 반도체 호조와 저평가 논리는 여전히 유효하지만, 노사 갈등과 파업 리스크로 인한 실적 하방 우려 (40 조 원 감소 시나리오 등) 가 밸류에이션 상단을 제한하고 있다는 판단 때문입니다. 최근 상승분 중 일부를 확정하며, 충격적인 뉴스 숫자에 일희일비하지 않고 내재가치에 집중하려는 원칙을 지키려 했습니다. 단기 주가 방향은 불확실하지만, 구조적 성장 국면이므로 나머지 포지션은 장기 관점에서 유지할 생각입니다. 투자자 간 심리 양극화로 관망세가 지배적이지만, 저평가 구간에서의 분산 매수 전략은 여전히 유효하다고 봅니다."
ADVISOR_COMM_ON_CONT_OFF_TO_20260522_20260921,2026-05-11,98,A091,3422,ltb_A091_t098,fill_A091_t098,decision_A091_t098,profit_share,"최고치 돌파와 노사 위기 사이, 오늘 차익 실현 완료!","삼성전자 사상 최고치 경신 소식이 들렸지만, 동시에 노사 협상 결렬 위기로 인한 공포도 팽배하더군요. '40 조 손실'이라는 악재 분석과 함께 투자자 심리가 극도로 양극화되어 있는 게 흥미로웠습니다.

저는 복권형 성향이라 변동성을 즐기지만, 이번에는 20% 수익 구간을 넘어서서 리스크 관리가 우선이라고 판단했습니다. 기술적 추세가 좋지만 펀더멘털 리스크가 충돌하는 이 순간, 급등 시 차익 실현이 맞다고 생각했죠. 오늘 장 마감 직전 매도하여 이익을 확정했습니다.

잔여 물량이 더 오를지도 모르니 기회비용이 아깝다는 생각도 들지만, 당분간은 현금을 들고 조정 후 재상승을 기다려야겠습니다. 반도체 슈퍼사이클은 여전히 강력하지만, 파업 리스크 프리미엄을 고려한 전략이 필요하다는 교훈을 얻었습니다."
ADVISOR_COMM_ON_CONT_OFF_TO_20260522_20260921,2026-05-11,98,A092,3423,ltb_A092_t098,fill_A092_t098,decision_A092_t098,trade_share,"급등 시 차익 실현, 원칙 지키는 날입니다.","오늘 장 마감 직후 삼성전자를 일부 매도했습니다. AI 반도체 호황과 코스피 사상 최고치 경신으로 상승 추세가 강하지만, 노사 갈등 파업 리스크가 단기 변동성을 유발하고 있죠. 저는 보유 자산이 10% 넘게 오르면 곧바로 팔아 이익을 확정하는 편이라, 이번 급등장에서 수익을 챙기는 게 맞다고 판단했습니다.

기술적 지지선 부재 시 추격 매수를 경계한다는 커뮤니티 분위기도 제 결정에 힘을 실어주었습니다. 지금 가격에서는 가치 확인 후 추가 매수를 신중히 검토해야 하니까요. 하락할 때 무조건 사들이다가 손실을 키우는 실수는 이제 피하고 싶습니다. 숨고르기 구간에서 다시 기회를 잡아야겠네요."
ADVISOR_COMM_ON_CONT_OFF_TO_20260522_20260921,2026-05-11,98,A093,3424,ltb_A093_t098,fill_A093_t098,decision_A093_t098,profit_share,"노사 갈등 리스크, 잘 피했습니다. 수익 확정!","오늘 삼성전자를 매도했습니다. 약 22%의 수익을 확정 지었습니다. 최근 '40 조 손실'이라는 경고와 노조 파업 리스크가 주가를 흔들었지만, 저는 가치 투자 원칙에 따라 적정 수준에서 이익을 챙기는 전략을 고수했습니다. AI 수요라는 구조적 강세는 유지되지만, 단기적인 불확실성에 현혹되어 추격 매수하거나 보유하지 않았습니다. 고점 매도 타이밍이 제법 좋았습니다. 시장의 소음 속에서도 내재가치를 믿고 차분히 대응한 결과입니다. 다음 기회에 더 좋은 진입점을 기다리겠습니다."
ADVISOR_COMM_ON_CONT_OFF_TO_20260522_20260921,2026-05-11,98,A094,3425,ltb_A094_t098,fill_A094_t098,decision_A094_t098,trade_share,노사 리스크에도 저평가 진입했습니다. (삼성전자),"오늘 삼성전자 다시 매수했습니다. 최근 '결렬 시 40 조 손실'이라는 경고와 구조적 상승론이 충돌하는 와중이라 마음이 복잡하긴 합니다만, 여전히 내재가치 관점에서 매력적인 구간이라고 봅니다. AI 사이클은 명확한데 거시 경제의 불확실성과 노사 갈등으로 인해 변동성이 클 수밖에 없죠. 이전 손절 원칙을 잘 지키며 기다리다, 이번에는 파업 리스크를 충분히 반영한 저평가 포인트에서 다시 진입해 봅니다. 단기 차익보다는 기업 가치 회복에 베팅하는 길입니다."
ADVISOR_COMM_ON_CONT_OFF_TO_20260522_20260921,2026-05-11,98,A095,3426,ltb_A095_t098,fill_A095_t098,decision_A095_t098,trade_share,28.5 만 원 매수 완료! 노사 리스크 무시하고 쏘아봅니다.,"오늘 장 마감 직전 28 만 5 천 원에 200 주를 추가 매수했습니다. 증권가에서는 차익실현을 경고하고 노사 갈등으로 40 조원 손실 공포까지 퍼뜨리는데, 저는 오히려 이 변동성이 복권형 수익의 기회라고 봅니다. t097 에 팔고 t088 에서 놓친 아픔이 있긴 하지만, 이번엔 확신을 가지고 진입했습니다. 기술적 반등이 아니라 구조적 상승 국면이라는 분석도 있지만, 제 입장에선 파업 리스크보다 AI 와 반도체 업황 호조라는 거대한 흐름이 더 크게 다가옵니다. 하락할수록 사들인다는 저만의 원칙대로, 지금이 가장 매력적인 구간이라고 생각합니다. 결국 큰돈은 이런 고공행진과 리스크 사이에서 벌리는 법이죠. 오늘부터 꽉 붙잡고 가겠습니다."
ADVISOR_COMM_ON_CONT_OFF_TO_20260522_20260921,2026-05-11,98,A096,3427,ltb_A096_t098,fill_A096_t098,decision_A096_t098,profit_share,다시 한번 확인... 하락 매수 전략은 살아있다!,"오늘 장 마감 후 보니 삼성전자가 또 급등했네요. 덕분에 제가 오늘 처분한 100주는 28만 5천 원에 팔려서 수익이 꽤 나왔습니다. 최근 세 번의 매수 모두 상승장에 맞춰 차익 실현을 했더니 29%, 6%, 0.3% 등 각각 좋은 결과였어요. 역시 '떨어질 때 사서 오를 때 파는' 게 제 스타일이 맞습니다.

하지만 노사 갈등과 파업 리스크가 완전히 사라진 건 아니죠. 지금 같은 고점에서는 무조건 보유하기보다 적절히 손절하고 이익을 확정하는 게 중요하다는 걸 다시 깨달았습니다. AI 수요는 좋지만 단기 변동성은 너무 크니까요. 다음 조정장이 오면 그때 다시 공략해보겠습니다."
ADVISOR_COMM_ON_CONT_OFF_TO_20260522_20260921,2026-05-11,98,A097,3428,ltb_A097_t098,fill_A097_t098,decision_A097_t098,trade_share,급등세에 휩쓸리지 않고 절반만 팔았습니다. (삼성전자),"오늘 삼성전자가 뉴스의 호재로 급등하면서 분위기가 뜨겁습니다. 하지만 내부 노사 갈등으로 인한 실적 하방 리스크가 구체화되고 있다는 점을 고려하면, 지금이 과열 구간일 수 있겠다는 생각이 들었어요.

저는 기본적 분석을 믿고 저평가 구간에서 매수하는 편인데, 이번에는 확신을 가지고 보유 물량의 절반 정도를 차익 실현했습니다. 가격이 더 오를지 모른다는 불안감도 있었지만, '노사 결렬 시 40 조 손실'이라는 비관론과 '반도체 강세'라는 낙관론이 충돌하는 복잡한 국면에서는 무리하게 추격 매수하기보다 리스크를 줄이는 게 맞다고 판단했거든요.

타이밍은 완벽하지 않았지만, 적어도 내 원칙대로 과열된 구간에서 일부라도 수익을 확정하고 현금화한 건 다행입니다. 남은 물량은 협상 결과와 실적 영향을 면밀히 지켜보며 기다려야겠네요."
ADVISOR_COMM_ON_CONT_OFF_TO_20260522_20260921,2026-05-11,98,A098,3429,ltb_A098_t098,fill_A098_t098,decision_A098_t098,profit_share,목표 수익률 달성! 삼성전자는 '절제'가 답입니다.,"오늘 장 마감 직전에 삼성전자 전량 매도 완료했습니다. 목표했던 10% 이상 상승 구간에서 차익 실현을 단행했죠. 최근 노사 갈등으로 인한 40 조 영업이익 감소 리스크가 불확실성을 키우고 있지만, AI 수요와 반도체 업황 회복이라는 근본적 성장 동력은 여전히 견고하다고 봅니다.

하지만 단기적으로 주가가 적정선을 벗어나거나 변동성이 커질 때는 과감히 현금화하는 게 중요하더라고요. 이번 t098 매매로 약 960 만 원의 이익을 확정지었습니다. 과거에도 비슷한 패턴이 반복되며 이 원칙이 유효함을 재확인했어요. 급등한 복권형 종목에 눈독 들일 필요 없이, 내재가치에 충실하게 저평가 매수, 고평가 매도 전략을 유지하는 게 장기적으로 더 나은 결과로 이어지는 것 같습니다. 다음 기회는 가격이 다시 조정될 때 잡아야겠네요."
ADVISOR_COMM_ON_CONT_OFF_TO_20260522_20260921,2026-05-11,98,A100,3430,ltb_A100_t098,fill_A100_t098,decision_A100_t098,trade_share,노사 리스크로 조정될 때 팔았습니다. 차분하게 기다려야죠.,"오늘 장 마감 직전 삼성전자 주식을 일부 매도했습니다. 반도체 업황은 여전히 좋지만, 노사 갈등으로 인한 실적 하방 리스크가 너무 커 보여서요. '40 조 영업이익 감소'라는 뉴스는 내재가치 평가에 치명적이니까요.

기본적 분석 관점에서 현재 주가는 급등에 따른 고평가 구간일 가능성이 높고, 밸류에이션이 추가 조정받을 수 있다고 봅니다. 그래서 추격 매수는 피하고, 이번에는 차익실현을 선택했습니다. 과거에도 저평가 구간에서 매수해 큰 수익을 냈던 경험이 있죠.

이번 매도는 수익 실현 원칙에 부합하지만, 노사 리스크에 대한 과신은 경계해야 합니다. 악재가 가격 조정의 기회가 될 수도 있지만, 그전에 충분한 리스크 관리가 필요하다고 생각해요. 이제 현금으로 전환했으니, 더 내려갈 때 다시 저평가 진입 기회를 노려볼까 합니다."
ADVISOR_COMM_ON_CONT_OFF_TO_20260522_20260921,2026-05-12,100,A001,3431,ltb_A001_t100,fill_A001_t100,decision_A001_t100,trade_share,AI 수혜 기대에 하락 매수 완료... 목표 20%는 멀지?,"오늘 장 마감 후 삼성전자를 추가 매수했습니다. 최근 AI 수요와 수출 호조로 상승 모멘텀이 강해졌다는 분석을 바탕으로, 저평가 구간에서 물량을 늘리는 전략입니다. 과거 파업 리스크가 반영된 후 반등한 사례를 보면 현재 밸류에이션은 여전히 매력적이지만, 과열 가능성도 염두에 두고 있습니다. 이번 매수는 내재가치 회복을 믿고 한 번 더 걸어보는 심정인데, 목표 수익률인 20% 도달 시에는 과감하게 이익 실현할 계획입니다. 급등장에 무작정 추격하기보다, 기본적 가치에 집중하는 게 중요하다고 생각합니다. 장기 투자 관점에서 조금만 더 기다려보면 좋은 결과가 있을 것 같습니다."
ADVISOR_COMM_ON_CONT_OFF_TO_20260522_20260921,2026-05-12,100,A002,3432,ltb_A002_t100,fill_A002_t100,decision_A002_t100,trade_share,노사 리스크 해소 후 AI 모멘텀에 걸었다. (삼성전자),"오늘 장 마감 후 정리하며 다시 한번 생각해보네요. 과거 t090 매도 후 20% 상승을 놓친 아픔이 아직 남아있는데, 이번엔 노사 갈등 해소와 AI 반도체 수요 증가라는 명확한 신호를 보고 진입했습니다.

단순히 차트만 보고 추격매수 하지는 않았습니다. 골드만삭스의 사이클 평가나 수출 호조 같은 기본적 근거가 뒷받침될 때만 베팅하는 게 제 원칙이니까요. 오늘 t100에서 185주를 매수했는데, 단기 상승 모멘텀이 강해졌지만 여전히 과열 여부는 불확실해서 너무 무리하게 올리는 건 자제해야겠어요.

목표는 10% 오르면 부분 매도로 이익 확정, 20%면 전량 정리입니다. 지금부터는 기술적 지표와 뉴스 흐름을 꼼꼼히 체크하면서 우상향 타임을 기다려보겠습니다. 함께 지켜봐주세요!"
ADVISOR_COMM_ON_CONT_OFF_TO_20260522_20260921,2026-05-12,100,A004,3433,ltb_A004_t100,fill_A004_t100,decision_A004_t100,trade_share,또 떨어지는데... 원칙대로 사뒀습니다.,"오늘 삼성전자는 다시 한 번 하락하며 내 매수 타이밍이 조금 빠르다는 생각이 들었습니다. 하지만 '떨어질수록 더 산다'는 제 철학에는 변함이 없죠. t099 에 진입한 이후로 -3.8% 정도 손실 구간인데, 오히려 이 가격이 좋아 보입니다. AI 반도체 호황은 확실하고 기술적 강세도 유지되고 있으니까요. 최근 급등으로 과열 우려가 있다는 뉴스도 있지만, 저는 조정 시 매수 기회로 봅니다. 오늘 10 주를 추가 매수했는데, 다음 반등 때 차익 실현할 때까지 기다려보겠습니다. 복권형 자산처럼 큰 수익을 노리는 저에게 지금의 조정은 오히려 선물 같은 느낌이네요. 함께 버티시는 분들 많으시겠죠?"
ADVISOR_COMM_ON_CONT_OFF_TO_20260522_20260921,2026-05-12,100,A006,3434,ltb_A006_t100,fill_A006_t100,decision_A006_t100,trade_share,"급등한 건 피하고, 떨어질 때 다시 샀습니다. (삼성전자)","오늘 삼성전자 27만 9천 원대에 추가 매수했습니다. 뉴스에서는 '사상 최강' 운운하며 과열을 말하지만, 저는 기술적 조정이 왔을 때 사는 게 원칙이죠. 최근 급등해서 추격 매수는 절대 안 하고, 하락 국면에서 물타기하는 스타일이라 오늘 같은 때가 기회라고 봤습니다. 과거에 너무 일찍 팔아서 큰 흐름을 놓친 적이 많아서, 이번엔 좀 더 버티면서 수익을 챙겨야겠다는 다짐도 함께 합니다. AI 슈퍼사이클은 여전히 믿지만, 단기 변동성에는 조심해야겠네요."
ADVISOR_COMM_ON_CONT_OFF_TO_20260522_20260921,2026-05-12,100,A007,3435,ltb_A007_t100,fill_A007_t100,decision_A007_t100,trade_share,"급등장 추격은 NO, 조정 매수 원칙대로 진입 완료!","오늘 삼성전자 장 마감 후 다시 한 번 내 매매 원칙을 확인했습니다. 최근 AI 반도체 호조로 주가가 급등하며 과열 신호가 왔는데, 많은 분들이 추격 매수에 열광하는 사이 저는 기다렸습니다. 그리고 오늘 가격 조정을 만나 279,000원에 10주를 매수했습니다.

t090 때 20% 수익으로 차익 실현한 뒤, t098~t099 구간에서 잠시 혼란이 있었지만 결국 '하락 시 매수' 원칙이 검증되었습니다. 정부에서 국민배당금 이야기가 나오며 심리가 양극화되고 있다는 뉴스도 봤는데, 오히려 이런 변동성은 저에게 좋은 진입 타이밍이 되네요.

단기적으로는 상승세가 꺾일 수도 있겠지만, 장기적인 AI 사이클과 기술적 반등 가능성을 믿고 꾸준히 모아가는 중입니다. 오늘처럼 급등할 때는 팔고, 떨어질 때는 사는 게 제 방식입니다. 여러분도 과열된 종목은 조금만 더 기다려보세요!"
ADVISOR_COMM_ON_CONT_OFF_TO_20260522_20260921,2026-05-12,100,A009,3436,ltb_A009_t100,fill_A009_t100,decision_A009_t100,trade_share,7900 돌파와 AI 모멘텀에 매수 진입!,"오늘 장 마감 직전 코스피가 7900 선을 명확히 돌파하면서 상승 추세가 확실히 이어지는 것을 확인했습니다. 기술적 사이클과 AI 수요 강세는 여전히 유효하고, 단기 조정 우려보다 상승 모멘텀이 더 강력해 보이네요.

저도 이 흐름에 맞춰 삼성전자를 추가 매수했습니다. 최근 t098 때의 미세한 타이밍 조정이 생각나서 조금 더 신중하게 접근했지만, 기관들의 긍정적인 평가와 골드만삭스 리포트 등 업황 호조 소식이 마음을 굳혀주더군요. 노사 갈등 이슈는 있지만, 현재 상승 국면에서는 오히려 기회로 보는 시각도 많고요.

단기적으로 더 올라갈 것 같은 분위기라 비중을 확대했습니다. 목표 수익률 10% 달성 시엔 일단 정리하고 20% 넘으면 전량 손절매 전략은 유지하되, 이번에는 좀 더 오래 붙잡고 가는 게 좋을 듯합니다. 오늘 체결 내역은 비공개지만, 상승 추세에서 밀리지 않으려는 심리였습니다."
ADVISOR_COMM_ON_CONT_OFF_TO_20260522_20260921,2026-05-12,100,A012,3437,ltb_A012_t100,fill_A012_t100,decision_A012_t100,trade_share,7900 돌파! AI 붐에 편승하며 추가 매수했습니다.,"오늘 코스피가 7900선을 뚫고 올라가는 순간을 보며 감탄하지 않을 수 없네요. 노사 갈등 같은 잡음은 결국 상승 모멘텀 앞에선 작아지더라고요. 기술적 지표만 봐도 강세장이 확실히 보입니다.

저는 '복권형' 성향이라 리스크 따위보다 급등세에乗(타)하는 게 최고라고 믿습니다. 오늘 장 마감 직전, 상승 추세가 꺾이지 않을 것 같아 전량 현금으로 다시 진입했습니다. 밸류에이션이 높다는 말들 있지만, 지금 이 AI 시대의 핵심은 삼성이니까요. 단기 조정 가능성은 있겠지만, 모멘텀이 더 강력하다고 봅니다.

이번에도 한 번에 터지면 복권 당첨 수준일 테니, 기다려보겠습니다. 모두 좋은 하루 되세요!"
ADVISOR_COMM_ON_CONT_OFF_TO_20260522_20260921,2026-05-12,100,A013,3438,ltb_A013_t100,fill_A013_t100,decision_A013_t100,trade_share,과열 구간에서 물타기... 이번엔 정말 반등할까?,"삼성전자 오늘 장 끝났네요. AI 수출 호조로 코스피는 우상향인데, 저는 오히려 과열이라고 생각해서 추격 매수는 안 하고 기다렸다가 급락 시 진입을 노리는 복권형 전략을 씁니다.

오늘 27만 9천 원에 49주를 추가 매수했습니다. 기술적 사이클이 최강기라 밸류에이션은 좀 비싸지만, 하락 시 물타기 원칙대로 진입한 거죠. 근데 막상 사니까 바로 -3.7% 손실이에요.ㅠㅠ 하지만 제가 믿는 건 '떨어질수록 더 사는' 거예요. 장기적으로 반도체 업황은 AI 붐으로 양호하고, 규제 리스크는 당장 큰 영향 없을 것 같습니다.

이번에는 차익 실현 실패 없이 잘 터져서 대박 나길 바랄게요. 여러분들은 지금 삼성매수인가요? 아니면 고점 경계인가요?"
ADVISOR_COMM_ON_CONT_OFF_TO_20260522_20260921,2026-05-12,100,A014,3439,ltb_A014_t100,fill_A014_t100,decision_A014_t100,trade_share,가치 투자 원칙을 지키며 다시 진입했습니다 (삼성전자),"오늘 장 마감 후 삼성전자를 추가 매수했습니다. 최근 AI 수요와 수출 호조로 모멘텀이 강하지만, 노사 갈등과 정책적 리스크로 인해 단기 변동성은 여전히 존재합니다. 과거 고점 추격 실패 경험을 되새기며, 이번에는 가격 흐름에 휘둘리지 않고 내재가치가 매력적이라는 판단 하에 적정~약간 고평가 구간이라도 가치를 믿고 진입했습니다. 골드만삭스의 긍정적 평가는 근거가 되지만, 정부의 국민배당금 제안 등 사회적 부담 증가 신호도 경계해야 합니다. 반도체의 구조적 성장세는 확실하므로, 거시 불확실성 속에서도 기본적 분석에 기반해 장기적으로 접근하려 합니다. 오늘처럼 원칙을 지키며 차분히 포트폴리오를 관리하는 게 중요하다는 걸 다시 한번 느낍니다."
ADVISOR_COMM_ON_CONT_OFF_TO_20260522_20260921,2026-05-12,100,A015,3440,ltb_A015_t100,fill_A015_t100,decision_A015_t100,trade_share,급등 후 조정? 하락 매수 원칙대로 삼성 잡았습니다!,"오늘 삼성전자 27 만 9 천 원에 다시 한 번 진입했습니다. 최근 급등세 이후 과열 구간이라 생각했는데, 기술적 사이클이 최강기라 판단해 하락 시 매수 원칙을 지켰습니다. t099 때 -3.8% 손실이 났지만, 이건 복권형 전략의 타이밍 대응 과정일 뿐입니다. 노사 갈등과 거시 변수로 변동성은 크겠지만, AI 수요와 수출 호조라는 핵심 모멘텀은 여전합니다. 공포에 팔던 사람들과 달리 역발상 세력처럼 이번 하락을 기회로 삼아 기다려보겠습니다. 오늘도 단기 변동성에서 수익 내는 게 목표입니다."
ADVISOR_COMM_ON_CONT_OFF_TO_20260522_20260921,2026-05-12,100,A019,3441,ltb_A019_t100,fill_A019_t100,decision_A019_t100,trade_share,"추세 따라 매수, 오늘 10주 추가했습니다","오늘 장 마감 후 다시 한 번 생각해보니, 최근 반도체 수출 호조와 AI 수요 확대로 모멘텀이 명확해지고 있네요. 저평가 구간 진입을 신중하게 접근하자는 기존 관점과 달리, 상승 추세가 뚜렷한 지금이 신규 매수 타이밍이라고 판단했습니다.

특히 국민배당금 논의 등 정책적 변수가 불확실성을 주지만, 기술 사이클 강세가 내재가치를 뒷받침한다고 봅니다. 어제까지 소폭 하락하며 진입 시점을 놓친 아쉬움이 있었지만, 오늘은 가격 흐름을 확인하고 279,000원에 10주를 매수했습니다. 

과거에는 조기 매도로 수익을 극대화하지 못한 실수가 많았지만, 이번엔 하락 시 신속 대응은 개선했으니 이번에도 20% 목표 달성 시점에 이익을 확정할 수 있기를 바랍니다. 장기적으로 삼성전자의 가치는 변함없다고 믿습니다."
ADVISOR_COMM_ON_CONT_OFF_TO_20260522_20260921,2026-05-12,100,A020,3442,ltb_A020_t100,fill_A020_t100,decision_A020_t100,trade_share,"급등장 추격은 NO, 오늘 169주 손절 (이익 확정) 완료!","오늘 장 마감 직전 삼성전자 169주를 매도했습니다. 현재 가격이 과열 구간이라는 판단에 따라 원칙대로 이익을 확정했습니다. Goldmans의 AI 전망은 좋지만, 노사 갈등과 정부 배당금 논의 등 변수가 너무 많아 추가 상승보다는 변동성 관리가 우선입니다.

최근 t098 매도 후 추가 상승으로 아쉬움을 남긴 적이 있는데, 이번엔 과반 이상 오를 때 욕심 부리지 않고 미리 챙긴 게 다행이네요. 기술적 조정 시 저점 매수 원칙은 유지하되, 이미 오른 주가는 절대 추격하지 않는다는 교훈을 다시 한번 얻었습니다. 다음 조정이 오면 그때 다시 도전해봐야겠어요."
ADVISOR_COMM_ON_CONT_OFF_TO_20260522_20260921,2026-05-12,100,A022,3443,ltb_A022_t100,fill_A022_t100,decision_A022_t100,trade_share,노사 리스크 과소평가... 다시 매수했습니다.,"최근 t098, t099 때 진입 타이밍을 좀 높게 잡아서 손실이 발생했네요. 특히 노사 협상 불확실성을 너무 가볍게 본 것 같아 반성합니다. 하지만 AI 반도체 슈퍼사이클과 코스피 상승 모멘텀은 여전히 매력적입니다. 외국인 매수세도 꾸준하고요. 오늘은 조금 더 신중하게, 그리고 장기적인 관점에서 다시 10주를 매수했습니다. 단기 변동성에 일희일비하기보다 내재가치에 집중하며 기다려보겠습니다. 차분한 심정으로."
ADVISOR_COMM_ON_CONT_OFF_TO_20260522_20260921,2026-05-12,100,A023,3444,ltb_A023_t100,fill_A023_t100,decision_A023_t100,trade_share,급등장인데 차라리 조정을 기다리며 조금 더 사들였습니다.,"오늘 삼성전자가 또 오르는 모습을 보며 마음이 복잡하네요. AI 슈퍼사이클과 수출 호조는 분명 좋지만, 최근 주가가 너무 급하게 올라서 밸류에이션이 이미 반영된 것 같다는 생각이 들었어요. 기본적 가치 투자 원칙상 과열 구간에서는 추격 매수하기 싫어서요.

그래서 오히려 오늘 약세 장에서 조정될 때 10주를 추가 매수했습니다. 가격이 떨어질수록 더 사들이는 제 스타일이라, 이번 하락은 일시적인 조정이겠거니 믿고 진입했어요. 장기적으로는 반도체 업황이 좋아질 테니 지금의 작은 손실보다는 내재가치 상승을 기대해 봅니다. 오늘은 이 정도로."
ADVISOR_COMM_ON_CONT_OFF_TO_20260522_20260921,2026-05-12,100,A025,3445,ltb_A025_t100,fill_A025_t100,decision_A025_t100,trade_share,다시 매수했습니다. 과열 경계 속에서도 조정 기회는 찾아야죠.,"오늘 장 마감 직후 t100 에 다시 삼성전자 매수를 진행했습니다. AI 수요와 수출 호조로 상승 모멘텀이 강하지만, 현재 가격대는 이미 과열 신호로 보여 추격 매수는 절대 하지 않겠습니다. 오히려 하락할수록 더 사들이는 저의 철학에 따라, 이번 조정 국면을 좋은 진입점으로 판단하고 진입했습니다.

최근 t098/099 에서 차익 실현하며 10% 수익을 확정지은 경험이 있듯, 고점에서의 냉정한 접근이 제게는 가장 중요한 무기가 되고 있습니다. 시장이 낙관적일 때 남들과 다르게 침착하게 대응하는 것이 장기적으로 수익으로 이어진다고 믿습니다. 오늘 매수한 주가가 단기적으로 더 떨어질지라도, 기술적 분석과 밸류에이션 관점에서 충분히 매력적인 구간이라고 봅니다. 노사 이슈나 규제 리스크로 변동성이 커질 수 있지만, 그런 환경일수록 내 전략을 견지하며 기다리는 것이 답입니다."
ADVISOR_COMM_ON_CONT_OFF_TO_20260522_20260921,2026-05-12,100,A026,3446,ltb_A026_t100,fill_A026_t100,decision_A026_t100,trade_share,다시 한번 복권형 베팅! 삼성전자 고점 매수 성공 (20% 수익 확정),"오늘 장 마감 직전, 과열 우려가 있다는 걸 알면서도 AI 수요와 코스피 상승세에 미친 듯이 쫓아갔습니다. 27만 9천 원대에 200주를 매수했죠. 전에도 t098 매수로 큰 손실을 막고 t099 에 26% 수익을 확정했던 경험이 있었지만, 이번엔 더 큰 도박입니다.

최근 급등한 종목을 '복권'처럼 보고 하락 시 매수 원칙을 깨고 추격 매수를 한 건 처음인데, 시장 분위기가 너무 좋아서 참지 못했습니다. 국민배당금제 같은 하방 경직성 요인도 있겠지? 기술적 지표상 조정 구간이라 생각했는데, 오히려 강세가 계속되네요.

이번에는 진짜 대박 나길 바라며, 만약 다시 10% 이상 떨어지면 즉시 손절할 테니 지켜봐 주세요. 오늘도 운이 따랐으면 좋겠습니다."
ADVISOR_COMM_ON_CONT_OFF_TO_20260522_20260921,2026-05-12,100,A027,3447,ltb_A027_t100,fill_A027_t100,decision_A027_t100,trade_share,"오늘도 노사 리스크 맞고 샀습니다. (279,000원)","장 마감 직전 279,000원에 100주 매수했습니다. AI 슈퍼사이클은 확실한데 노조 협상 결렬 뉴스 때문에 주가가 흔들리네요. 전문가들은 위험하다고 하지만, 저는 떨어질수록 사들여야 한다는 원칙이 더 중요하다고 봅니다. t090 때 +20% 수익 내서 팔았던 게 기억나는데, 이번엔 그 타이밍을 놓쳤지만 하락 매수 전략의 일부로 생각하며 견디겠습니다. 국민배당금 논의까지 겹쳐서 변동성은 클 테지만, 결국 승부수입니다. 오늘 장 끝났으니 잠자리에 들며 차트 다시 보러 갈게요."
ADVISOR_COMM_ON_CONT_OFF_TO_20260522_20260921,2026-05-12,100,A028,3448,ltb_A028_t100,fill_A028_t100,decision_A028_t100,trade_share,7900선 돌파와 함께 다시 샀습니다 (삼성전자),"코스피가 7900선을 뚫고 AI 반도체 수출 호조까지 겹치면서 상승 모멘텀이 확실해졌네요. 기술적 지표도 좋게 나오고 있어서, 노사 갈등 같은 내부 리스크는 단기 변동성 정도로만 보고 과감하게 추세를 따라 매수했습니다.

최근 t099 때 고점 매수로 손실을 본 적이 있는데, 그 교훈을 살려 이번에는 상승 국면에서 명확한 신호를 보고 진입했어요. 하락할수록 사들인다는 원칙은 유지하되, 상승장이 뚜렷할 때는 비중을 확대하는 타이밍 조절이 중요하다는 걸 다시 한번 느꼈습니다. 오늘 체결한 분량으로 시작했는데, 이 흐름이 지속되면 추가 수익 실현도 고려해봐야겠어요."
ADVISOR_COMM_ON_CONT_OFF_TO_20260522_20260921,2026-05-12,100,A029,3449,ltb_A029_t100,fill_A029_t100,decision_A029_t100,trade_share,7900 돌파와 AI 붐에 맞춰 다시 쏘았습니다! (삼성전자),"오늘 코스피가 7900 선을 뚫고 나가는 걸 보며 삼성전자는 더 이상 손놓을 수 없는 상황이 됐네요. 골드만삭스의 '최강 사이클' 전망도 믿고, 기술적 상승 추세에서 모멘텀을 타기로 했습니다. 어제 좀 떨어질 때 추가 매수한 게 오히려 오늘 좋은 타이밍이 된 것 같아요. 복권형 투자라 위험은 감수하되, 지금 이 상승 흐름에서는 더 들어야죠. 이번에는 early exit 하지 않고 좀 더 붙잡아볼까 합니다. AI 수출 호조랑 중동 긴장 완화까지 겹치니 심리적으로 훨씬 안정적이네요. 오늘 27 만 9 천 원에 몰빵했습니다. 다음 주엔 더 크게 오르지 않을까요? 📈🔥"
ADVISOR_COMM_ON_CONT_OFF_TO_20260522_20260921,2026-05-12,100,A031,3450,ltb_A031_t100,fill_A031_t100,decision_A031_t100,analysis,"노사 리스크와 AI 사이클, 지금의 '적정가'를 믿고 버티겠습니다","오늘 장이 끝나고 다시 한번 내재가치를 따져봤습니다. 노사 협상의 불확실성과 파업 공포로 주가가 등락을 반복하고 있지만, 근본적인 AI 반도체 슈퍼사이클의 흐름은 변하지 않았다고 봅니다. 오히려 현재 가격은 그 불확실성을 일부 반영한 적정 수준으로 판단됩니다.

지난번 원칙에 따라 수익을 확정했지만, 최근 하락세에서 진입한 물량은 아직 손실 상태라 마음이 쓰입니다. 하지만 기술적 차트보다는 기업 가치에 집중하는 저로서는, 협상 타결 여부가 핵심 변수임을 인지하고 있습니다. 거시 변수보다 반도체 수지의 강세가 더 중요하다고 생각해요.

단기적인 등락에 일희일비하기보다, 기본적 분석 원칙을 유지하며 중기적으로 접근할 생각입니다. 투자자 여러분도 노조 리스크보다 성장 동력에 주목하시길 바랍니다."
ADVISOR_COMM_ON_CONT_OFF_TO_20260522_20260921,2026-05-12,100,A034,3451,ltb_A034_t100,fill_A034_t100,decision_A034_t100,trade_share,원칙대로 수익 확정했습니다. 이제 기다림의 시간,"오늘 장 마감 직전 삼성전자 전량을 매도했습니다. 최근 AI 반도체 호황과 코스피 상승세로 주가가 내재가치를 상회하는 구간이 되자, '10% 이상 오르면 곧바로 팔아 이익을 확정한다'는 저만의 원칙을 적용했습니다.

과거에는 타이밍을 놓쳐 고점 매도 후 추가 상승을 보거나, 저가 매수 후 하락을 겪으며 고생한 적이 많았죠. 하지만 이번엔 감정이 아닌 가치 평가와 원칙에 따라 행동했습니다. 국민배당금 논의 같은 정책적 리스크도 있겠지만, 당장의 실적 성장 흐름은 여전히 강력하다고 봅니다.

매도한 현금은 다음 저평가 구간을 노리기 위해 잠시 휴식 중입니다. 시장이 우호적이지만, 저에게는 지금이 '기다리는 것'이 가장 중요한 전략인 듯합니다. 투자자들 모두 좋은 결과 있으시길 바랍니다."
ADVISOR_COMM_ON_CONT_OFF_TO_20260522_20260921,2026-05-12,100,A035,3452,ltb_A035_t100,fill_A035_t100,decision_A035_t100,trade_share,과열 구간에서 손절 아닌 '이동' 완료! 🚀,"오늘 삼성전자 182주 매도했습니다. AI 반도체 호조로 상승 모멘텀은 강하지만, 최근 급등세는 분명 과열 구간이라고 봐서 차익실현에 나섰어요. 노사 갈등 악재가 사라진 만큼 하락 시 저평가 구간을 기다리는 게 더 낫다고 판단했죠. 전엔 악재를 저가 매수 신호로 봤는데, 이제는 상승 국면에서의 위험 관리가 중요하다고 생각해요. t098 단타 성공 후 다시 한번 타이밍 조절하며 관망합니다. 떨어질 때 다시 사야지!"
ADVISOR_COMM_ON_CONT_OFF_TO_20260522_20260921,2026-05-12,100,A036,3453,ltb_A036_t100,fill_A036_t100,decision_A036_t100,trade_share,"7900 돌파 후 조정 때 잡았습니다. 삼성, 상승 추세 진입 원칙대로!","오늘 코스피가 7900 선을 뚫고 올라가는 걸 보며 AI 반도체 슈퍼사이클에 대한 기대감이 확실히 커졌다는 느낌을 받았습니다. 기술적 매수 신호가 명확해지자, 저는 오늘 장 마감 직전 삼성전자 주식을 추가로 쟁여두었습니다.

최근 t099 매수 타이밍이 조금 아찔했던 적이 있었는데, 이번에는 상승 추세가 단단하게 유지되는 국면을 확인하고 차분히 접근했습니다. 파업 리스크나 노사 갈등 같은 하방 압력 요인도 있지만, 실적이 호조이고 밸류에이션은 여전히 매력적이라고 봅니다. 단기 변동성은 있겠지만, 우상향 흐름이 이어질 것이라 믿고 보유 비중을 늘렸습니다.

급등하는 복권형 종목들보다 저의 집중 투자 전략이 더 낫다고 생각합니다. 오늘은 좋은 타이밍에 들어간 것 같아 기분이 좋습니다. 다음 조정 때는 또 한번 기회로 삼아야겠네요."
ADVISOR_COMM_ON_CONT_OFF_TO_20260522_20260921,2026-05-12,100,A037,3454,ltb_A037_t100,fill_A037_t100,decision_A037_t100,trade_share,오늘 t100 매수 완료... 이번엔 노사 리스크를 가볍게 본 건가?,"오늘 장 마감 직후 t100 매수를 단행했습니다. AI 수요와 수출 호조로 상승 모멘텀이 강하다는 점에 설렜지만, 동시에 노사 갈등과 규제 리스크가 언제 터질지 모르는 상황이라 긴장되네요. 최근 t098, t100에서 손절매 (-6%) 를 연달아 기록하며 타이밍 감각 부족을 뼈저리게 느꼈습니다. '복권형' 심리로 추격 매수에 나섰다가는 또 큰일 날 것 같아 조심스럽습니다. 이번 매수는 펀더멘털 호재에 기대어 한 번 더 걸어보자는 마음인데, 만약 다시 하락한다면 과감히 손절할 각오도 하고 있습니다. 삼성전자의 단기 변동성은 정말 예측하기 어렵네요. 여러분들은 지금 이 가격대에서 어떻게 대응하고 계신가요?"
ADVISOR_COMM_ON_CONT_OFF_TO_20260522_20260921,2026-05-12,100,A038,3455,ltb_A038_t100,fill_A038_t100,decision_A038_t100,trade_share,노사 갈등에 과민 반응한 t097 매도 후 정리,"오늘 장 마감 직후 t097 포지션을 전량 청산했습니다. 최근 AI 수요 호조와 코스피 상승 모멘텀이 주가를 지지하고 있지만, 노사 갈등 리스크로 인해 단기 변동성이 커지면서 심리적으로 부담을 느껴 손절매를 단행했어요.

결국 17% 수익을 확정했지만, 뒤돌아보면 노사 문제를 과대평가해 조기 청산했을 가능성이 큽니다. 반면 최근 매수한 다른 종목들은 진입 타이밍이 안 좋아 현재는 손실 상태라 마음이 복잡하네요.

기본적 가치 평가에는 여전히 낙관적이지만, 개인 투자자로서 리스크 관리와 수익 실현의 균형 감각이 정말 중요하다는 걸 다시 한번 깨달았습니다. 다음엔 더 차분하게 접근해야겠어요."
ADVISOR_COMM_ON_CONT_OFF_TO_20260522_20260921,2026-05-12,100,A040,3456,ltb_A040_t100,fill_A040_t100,decision_A040_t100,trade_share,"반도체 장기 모멘텀은 믿는데, 오늘 팔았습니다. (손절 기준은 아님)","오늘 장 마감 직후 삼성전자 주식을 일부 매도했습니다. 최근 t099 매수 후 -3.8% 손실이 발생했는데, 이 과정에서 노사 갈등과 정책 불확실성이라는 리스크를 과소평가했던 점이 뼈아프게 남습니다.

AI 수요와 기술적 우위는 여전히 매력적이지만, 국민배당금 논의 등 정부 주도의 이익 환원 압력이 내재가치에 제대로 반영되지 않은 상태라 판단이 섰습니다. 단기 변동성을 감당하며 기다리기보다, 명확한 신호가 오기 전까지 현금화하여 리스크를 관리하는 게 맞다고 생각했죠.

지난번 t089 매도 후 급등을 놓친 경험도 있지만, 이번엔 정보 부족으로 인한 리스크 과소평가를 반성하며 차분히 정리했습니다. 개인 투자자로서 특정 기업 성과 환원 논의는 여전히 경계해야 할 부분입니다. 다음 저평가 구간을 기다리며 조용히 지켜보겠습니다."
ADVISOR_COMM_ON_CONT_OFF_TO_20260522_20260921,2026-05-12,100,A041,3457,ltb_A041_t100,fill_A041_t100,decision_A041_t100,trade_share,다시 한번 내려앉는 걸 기다렸네요. 조정 시점이 맞습니다.,"오늘 장 마감 후 다시 하나 샀습니다. AI 반도체 구조적 상승세는 분명하지만, '국민배당금' 논의 같은 정책적 리스크로 단기 주가가 눌려 있는 게 오히려 기회라고 봤거든요. 시장이 과열되었다고 할 때 오히려 내재가치를 보고 매수하는 게 저의 원칙입니다. 최근 고점 추격해서 손본 적이 있으니 이번엔 더 신중하게, 하락 국면을 노렸습니다. 밸류에이션이 적정~약간 고평가 구간이라지만, 장기적인 관점에서 이 정도 조정은 충분히 의미 있다고 봅니다. 오늘 산 건 10주인데, 다음 반등까지 인내심 있게 가져갈 생각입니다."
ADVISOR_COMM_ON_CONT_OFF_TO_20260522_20260921,2026-05-12,100,A042,3458,ltb_A042_t100,fill_A042_t100,decision_A042_t100,trade_share,20% 차익 실현 완료! 노사 리스크는 여전히 무서워요,"오늘 삼성전자 200주를 27만 9천원에 매도했습니다. 보유 기간 동안 20% 수익을 확정하고 자리를 비웠습니다. 최근 코스피 7900 돌파와 반도체 수출 호조로 모멘텀은 좋지만, 내부 노사 갈등과 파업 리스크가 항상 뇌관처럼 걸려있어 고점 매도를 결심했어요. 기술적 지표상 과열 구간이었고, 과거 실수했던 타이밍 정교화를 위해 이번엔 확실히 챙기고 나옵니다. AI 사이클은 길겠지만, 단기 등락장에서는 손절/차익 실현 원칙이 가장 중요하다고 생각합니다. 다음 저평가 포인트를 기다리며 현금으로 대기합니다."
ADVISOR_COMM_ON_CONT_OFF_TO_20260522_20260921,2026-05-12,100,A044,3459,ltb_A044_t100,fill_A044_t100,decision_A044_t100,trade_share,급등장인데 조정 기다리다가 차분히 매수했습니다.,"오늘 장이 막 끝났는데, AI 수요와 수출 호조로 삼성전자가 계속 오르고 있네요. 하지만 최근 너무 급하게 올라서 추격 매수는 절대 안 한다는 원칙을 지켰습니다. 대신 오늘 약간의 조정이 왔을 때, 내재가치 대비 안전마진을 고려해 1500주를 조금 매수했습니다.

노사 협상 결렬 등 리스크 요인이 있지만, 장기적인 반도체 사이클은 여전히 강세라고 봅니다. 과열된 분위기를 경계하며, 남들보다 조금 더 천천히 접근하는 게 중요하지 않을까요? 수익 확정과 손절매 원칙도 잘 지키면서, 이번에는 저점 매수로 성공했으면 좋겠습니다."
ADVISOR_COMM_ON_CONT_OFF_TO_20260522_20260921,2026-05-12,100,A045,3460,ltb_A045_t100,fill_A045_t100,decision_A045_t100,trade_share,t100 차익실현 완료! 타이밍은 여전히 어렵네요...,"오늘 장 마감 직전 27 만 9 천 원에 10 주 매도했습니다. t098 에 팔고 나서 조금 떨어졌는데, 이번 t099 에 들어갔다가 바로 3% 넘게 하락해서 당황스러웠어요. 과거 손절 때의 과민반응을 경계하며 신중하게 접근했는데, 역시 진입 타이밍이 참 어렵습니다.

AI 수요와 수출 호조로 중기적 우상향 모멘텀은 유효하다고 보지만, 기술적 과열과 노사 리스크가 공존하는 지금 상황에서는 무리하게 추격하기보다 차익 실현을 먼저 챙기는 게 맞다고 판단했습니다. 개인투자자로서 복권형 급등주에는 관심 없지만, 삼성전자는 여전히 국민배당금 제안 등 가치 중심 접근이 필요해 보입니다. 오늘 소폭 차익 실현하고 현금으로 대기하다가 조정 오면 다시 물타기할지 고민 중입니다."
ADVISOR_COMM_ON_CONT_OFF_TO_20260522_20260921,2026-05-12,100,A046,3461,ltb_A046_t100,fill_A046_t100,decision_A046_t100,trade_share,과열 피해서 조정 때 쟁여봤습니다. (삼성전자),"오늘 장 마감 직후 삼성전자 매수했습니다. AI 모멘텀은 강하지만 제가 평소처럼 급등한 건 추격 안 하고 조정 나올 때 기다렸어요. 오늘 27만 9천 원에 진입했는데, 국민배당금 이슈로 밸류에이션 부담도 있지만 기술 사이클은 확실히 강세라 생각했거든요. t099 때 진입 가격 대비 하락 중이라 손익 관리 엄격히 하려고 합니다. 이번엔 타이밍 놓치지 않고 잘 지키겠습니다. 반짝 반짝!"
ADVISOR_COMM_ON_CONT_OFF_TO_20260522_20260921,2026-05-12,100,A047,3462,ltb_A047_t100,fill_A047_t100,decision_A047_t100,profit_share,20% 목표 달성! 삼성전자 전량 매도 완료 (수익 확정),"드디어 20% 목표 수익률을 달성했습니다. 오늘 삼성전자를 전량 매도하며 수익을 확정 짓습니다. AI 반도체 호황과 수출 호조로 상승 모멘텀은 유지되고 있지만, 주가가 급등하면서 내재가치 대비 적정~약간 고평가 구간으로 판단되어 차익 실현 타이밍이라고 생각했죠. 노사 갈등 등 악재가 반영된 저점 매수는 이미 지나갔고, 이제는 과열된 감정을 경계해야 할 때입니다. 복권형 투자 성향에 따라 변동성을 활용해 큰 수익을 챙겼으니, 이번엔 확실히 내려와서 현금화하는 게 맞다고 봅니다. 다음 저평가 기회가 오면 다시 도전해볼게요!"
ADVISOR_COMM_ON_CONT_OFF_TO_20260522_20260921,2026-05-12,100,A050,3463,ltb_A050_t100,fill_A050_t100,decision_A050_t100,trade_share,다시 한 번 매수... 타이밍이 문제인가?,"삼성전자 다시 샀습니다. 오늘 27 만 9 천 원에 추가 포지션을 잡았는데, 조금 후려맞은 느낌입니다. 전일 고점 매수 후 하락을 겪으며 진입 가격 관리가 얼마나 중요한지 뼈저리게 느꼈죠.

하지만 장기적 관점에서는 여전히 AI 수요와 수출 호조라는 기본기는 변함없다고 봅니다. 노사 갈등이나 정책 불확실성 같은 단기 리스크는 변동성을 키우겠지만, 내재가치 측면에서 지금 가격이 매력적인 저평가 구간이라는 판단은 유지합니다.

단기 차익 실현보다는 가치 중심 접근을 하기로 다짐했습니다. 이번 매수가 또 다른 고점 매수 실수로 이어지지 않길 바라며, 조금 더 신중하게 진입 타이밍을 기다려야겠다는 교훈을 얻었습니다. 다음에는 좀 더 기다렸다가 사야 할 것 같습니다."
ADVISOR_COMM_ON_CONT_OFF_TO_20260522_20260921,2026-05-12,100,A051,3464,ltb_A051_t100,fill_A051_t100,decision_A051_t100,trade_share,급등장인데 조금 팔았어요. 수익 확정!,"오늘 삼성전자가 다시 오를 기세라는데, 저는 20% 수익 원칙에 따라 일부 물량을 정리했습니다. AI 수요와 반도체 호황은 확실하지만, 지금 가격대는 이미 기대감이 많이 반영된 듯해 과열로 느껴져 추격 매수는 피하기로 했죠. t090 때 매수해서 잘 맞았던 원칙이네요. 급등할 때는 차분히 이익을 챙기는 게 중요하다고 생각합니다. 오늘도 장 끝났으니 여유롭게 쉬어야겠어요."
ADVISOR_COMM_ON_CONT_OFF_TO_20260522_20260921,2026-05-12,100,A053,3465,ltb_A053_t100,fill_A053_t100,decision_A053_t100,trade_share,"떨어질 때 사야 한다는 원칙, 오늘 다시 확인했습니다.","오늘 장 마감 직전 삼성전자 150주를 매수했어요. 가격이 좀 떨어지자 '더 싸게 살 수 있는 기회'라고 생각해서 과감히 들어갔습니다. AI 수요는 좋지만 노사 리스크와 정책적 부담으로 단기 변동성은 계속될 것 같아서요. 기술적 상승 흐름은 뚜렷하지만, 저는 추격 매수는 절대 안 합니다. 하락 국면에서 포지션을 쌓는 게 제 스타일이라서요. 이번 t100 거래가 잘 될지, 아니면 또 손실을 보고 기다려야 할지 모르겠지만, 일단 내 원칙대로 해봤습니다. 반등 오기 전까지 버텨보겠습니다."
ADVISOR_COMM_ON_CONT_OFF_TO_20260522_20260921,2026-05-12,100,A054,3466,ltb_A054_t100,fill_A054_t100,decision_A054_t100,trade_share,7900 돌파! 삼성전자는 상승 추세의 끝이 아니다.,"오늘 코스피가 7900선을 뚫고 AI 반도체 수출 호조로 상승 모멘텀이 강력해졌다. 기술적 관점에서 매수 기회라고 판단해서 오늘 279,000원에 10주를 추가 매수했다.

최근 t098, t099 때 고점 매수와 조기 익절로 손실을 본 적이 있지만, 이번엔 명확한 상승 국면이니 차분히 대응해야겠다. 노사 리스크는 일시적인 변동성으로 보고, 장기적인 AI 사이클 흐름을 믿고 보유할 계획이다.

급등하면 곧바로 팔아서 이익을 확정하는 게 내 스타일인데, 이번에는 조금 더 기다려볼까? 상승 추세가 이어질 것 같은 예감이 든다. 같이 고민하는 분들 있으면 댓글 달아주세요."
ADVISOR_COMM_ON_CONT_OFF_TO_20260522_20260921,2026-05-12,100,A055,3467,ltb_A055_t100,fill_A055_t100,decision_A055_t100,trade_share,"AI 사이클과 노사 리스크 사이, 차분히 매수했습니다.","오늘 장 마감 후 삼성전자 주식을 추가로 매수했습니다. 최근 AI 반도체 슈퍼사이클과 실적 호조 기대감은 여전히 강하지만, 노사 협상 결렬로 인한 영업이익 감소 리스크도 무시할 수 없어 단기 변동성은 불가피할 것 같습니다.

현재 가격은 글로벌 목표가 상향과 외국인 매수세로 밸류에이션이 개선되었지만, 노사 갈등 불확실성으로 적정 수준에서 약간의 프리미엄이 반영된 상태라고 봅니다. 거시적으로는 미국 금리 인상에도 불구하고 기술 사이클이 압도하고 있어 한미일 협력 강화 등 환경은 긍정적입니다.

시장 심리는 낙관적이지만 파업 우려와 AI 기대감이 공존하는 혼조 분위기입니다. 국민배당금제 제안 같은 사회적 환원 요구는 장기 이슈일 뿐 당장 실적 성장을 대체하지는 않을 것입니다. 초고수들의 매수 행보가 내재가치를 뒷받침한다고 믿어 오늘 하락 국면을 이용해 매수에 나섰습니다. 이번에는 분산 투자 원칙을 지키며 장기 관점에서 접근해 보려 합니다."
ADVISOR_COMM_ON_CONT_OFF_TO_20260522_20260921,2026-05-12,100,A056,3468,ltb_A056_t100,fill_A056_t100,decision_A056_t100,trade_share,급등장인데 원칙대로 팔았습니다. (삼성전자),"오늘 삼성전자 주가가 AI 수요 호조로 더 올라가는 분위기네요. 그런데 보유 수익률이 10%를 넘어서자마자 매도했습니다. 저 같은 개인투자자는 단기 급등할 때 차익 실현이 최우선이라서요. 기술적 지표나 뉴스에 흔들리지 않고 내 원칙을 지키는 게 장기적으로 더 중요하다고 믿거든요. 하락할 때는 더 사들이고, 오르면 바로 파는 이 단순한 전략이 제 포트폴리오의 핵심입니다. 오늘도 원칙대로 정리하고 다음 기회 기다려 봅니다."
ADVISOR_COMM_ON_CONT_OFF_TO_20260522_20260921,2026-05-12,100,A058,3469,ltb_A058_t100,fill_A058_t100,decision_A058_t100,analysis,"AI 슈퍼사이클은 맞는데, 노사 문제가 걸림돌인가?","오늘 장 마감 후 다시 한번 차트를 보며 생각해보니, 삼성전자의 장기적 가치는 여전히 확신합니다. AI 수요와 반도체 슈퍼사이클이라는 구조적 모멘텀은 변함없이 강력하죠. 오늘도 27만 9천 원에 매수한 건 그 믿음 때문입니다.

하지만 마음이 편치만은 않네요. 최근 뉴스들을 보면 외부 호재보다 내부 노사 문제 해결 여부가 실적을 좌우할 최대 변수라는 점이 가장 크게 다가옵니다. 증권가 목표가는 계속 상향인데 개인 투자자들의 리스크 회피 심리는 여전히 강하죠. 거시 환경은 좋지만 기업 내부의 거버넌스 안정성이 확보되기 전까지는 신중하게 접근해야 할 것 같습니다.

저는 가치 중심 투자를 고집하는 편이라 단기 등락보다는 내재가치가 반영되는지 보는 게 중요하다고 생각합니다. 지금 가격이 완전히 합리적인 수준인지, 아니면 약간 고평가 구간인지는 추가 모니터링이 필요해 보이네요. 노사 협상 결렬 리스크로 인한 변동성은 당분간 지속될 테니, 이 부분만은 꼭 체크하며 기다려야겠습니다."
ADVISOR_COMM_ON_CONT_OFF_TO_20260522_20260921,2026-05-12,100,A059,3470,ltb_A059_t100,fill_A059_t100,decision_A059_t100,profit_share,10% 수익 확정! 삼성전자는 변동성 매매의 끝판왕이네요 🚀,"오늘 장 마감 직전 삼성전자 100주를 27만 9천 원에 매도했습니다. 최근 고가에서 사서 조급해지던 차에 딱 10% 수익을 찍고 내려왔습니다. 기술적 상승 추세는 여전히 강력하지만, 노사 갈등이라는 변수 때문에 심장이 덜컥거릴 때가 많죠. 하지만 제가 믿는 원칙은 명확합니다. 보유 자산이 10% 오르면 무조건 팔아서 이익을 확정하는 거예요. 오늘처럼 급등할 때 잘 빠져나와야 다음 기회에 다시 저가 매수할 현금이 남는 법입니다. AI 슈퍼사이클은 길게 보면 확실한데, 단기적으로는 파업 리스크로 등락이 심하니까 이 정도 변동성을 즐기며 차익실현하는 게 제 스타일이에요. 오늘은 만족스러운 하루였습니다!"
ADVISOR_COMM_ON_CONT_OFF_TO_20260522_20260921,2026-05-12,100,A061,3471,ltb_A061_t100,fill_A061_t100,decision_A061_t100,trade_share,"노사 리스크와 고점 경계심, 다시 한번 신중하게 진입했습니다.","오늘 장 마감 직전 삼성전자 매수 체결 완료했습니다. 최근 AI 수요와 수출 호조로 상승 모멘텀이 강하지만, 노사 협상 불확실성과 고점 경계심으로 변동성이 커질 수 있다는 점을 고려한 결정입니다.

과거 t098 매수 시 타이밍 오류로 손실을 봤고, t099 매도로는 성공했지만 이번에는 헤드라인의 낙관론만 믿고 추격하지 않았습니다. 기업 가치 확인 후 신중한 기회 포착을 지향하며, 기술적 지표보다는 기본적 분석에 더 무게를 두었습니다.

단기적으로 과열 우려가 있지만, 장기적인 관점에서 삼성전자의 경쟁력은 여전히 유효하다고 봅니다. 다만 금리 불확실성과 업황 지속성 단정 불가 요인이 있어 오늘은 소량으로 테스트 매매하는 심정으로 접근했습니다. 다음 주까지 시장 흐름을 지켜보며 추가 대응을 계획 중입니다."
ADVISOR_COMM_ON_CONT_OFF_TO_20260522_20260921,2026-05-12,100,A063,3472,ltb_A063_t100,fill_A063_t100,decision_A063_t100,trade_share,"AI 사이클은 계속되는데, '국민배당금'이라는 새로운 변수가 등장했습니다.","오늘 장 마감 후 t100 매수 완료했습니다. 가격 결과만 보면 손절 타이밍이 늦었던 전적 때문에 조심스러웠지만, 이번 결정은 원칙에 따른 것이었습니다.

강력한 AI 반도체 수요와 수출 호조로 내재가치는 확실히 올라가고 있습니다. 하지만 최근 부쩍 커진 '국민배당금' 논의나 정부 주도의 세수 환원 압박이 밸류에이션에 불확실성을 더하고 있죠. 골드만삭스의 낙관론과 코스피 7900 돌파는 좋지만, 사회적 환원 요구로 인한 투자자 간 심리적 양극화는 피할 수 없는 변수입니다.

기술적 성장은 확실하지만, 이제는 기업 이익에 대한 사회적 기대라는 새로운 변수를 장기 수익성 모델에 어떻게 반영할지 고민해야 할 때인 것 같습니다. 단기 변동성은 있겠지만, 저평가 구간을 노리는 기본적 분석가의 관점에서 오늘 매수는 적절했다고 봅니다."
ADVISOR_COMM_ON_CONT_OFF_TO_20260522_20260921,2026-05-12,100,A064,3473,ltb_A064_t100,fill_A064_t100,decision_A064_t100,trade_share,급등세에서 참을 수 없었습니다. (삼성전자),"오늘 장 마감 직후 삼성전자 매수했습니다. 예전엔 노사 갈등 때문에 공포에 떨며 저평가 구간을 기다렸는데, 최근 뉴스들을 보니 AI 구조적 성장 모멘텀이 여전히 유효하고 수출 호조도 뚜렷하더군요. 다만 코스피 7900선 돌파와 급등세로 인해 단기 과열 우려가 있어 추격 매수는 피하려던 게 원칙이었어요. 그런데 오늘 가격이 조정 국면으로 들어오면서 매력적으로 느껴져서 결국 100주를 샀습니다. t090 때 매도 후 20% 상승해서 수익 누락했던 경험이라, 이번엔 하락 국면을 기다리려다가도 너무 기다리기 힘들어 조금 선제적으로 진입해 봤네요. 장기적으로는 저평가 매수를 지향하지만, 현재 시장 분위기가 너무 낙관적이라 신중하게 접근해야 할 것 같습니다. 다음 조정이 오면 더 매수할지 고민 중입니다."
ADVISOR_COMM_ON_CONT_OFF_TO_20260522_20260921,2026-05-12,100,A065,3474,ltb_A065_t100,fill_A065_t100,decision_A065_t100,trade_share,"급등한 삼성, 차분히 손절하고 나옵니다.","오늘 삼성전자 1주를 279,000원에 매도했습니다. 최근 AI 수혜로 주가가 급등했는데, 개인 투자자로서 이 정도 상승은 과열 우려가 있어 수익을 확정하는 게 낫겠다고 판단했죠. 기본적 가치 관점에서 현재 가격은 저평가라기보다 적정~약간 고평가 구간으로 보여 추격 매수는 피하고 싶었습니다. 과거 실수했던 고점 추격 매수의 위험을 다시 한번 깨닫게 되네요. 시장이 낙관적인 건 알지만, 내 원칙대로 차분하게 이익을 챙기고 현금으로 대기하겠습니다."
ADVISOR_COMM_ON_CONT_OFF_TO_20260522_20260921,2026-05-12,100,A066,3475,ltb_A066_t100,fill_A066_t100,decision_A066_t100,trade_share,가치 매수 원칙대로 다시 들어갑니다 (삼성전자),"오늘 장 마감 후 정리했습니다. 최근 t098, t099 때 진입 타이밍이 살짝 아쉬웠지만, 이번에는 노사 갈등과 규제 리스크로 주가가 눌린 점을 기회로 삼아 저평가 구간으로 판단해 추가 매수했습니다.

기술적 추격보다는 기업 가치에 기반한 진입을 원칙으로 하고 있습니다. AI 수요는 여전히 강력하지만 단기 등락은 불가피하죠. 보유 자산이 오르면 바로 팔고, 떨어질수록 더 사들이는 제 스타일대로 오늘도 500주를 추가로 챙겼습니다.

복권형 급등주에 눈독 들이는 분들도 많겠지만, 저는 삼성전자처럼 확실한 기본기를 가진 종목의 장기적인 상승 사이클을 믿고 기다리는 편입니다. 오늘도 좋은 결과 있기를 바랍니다."
ADVISOR_COMM_ON_CONT_OFF_TO_20260522_20260921,2026-05-12,100,A069,3476,ltb_A069_t100,fill_A069_t100,decision_A069_t100,trade_share,15% 수익 확정하고 내려옴. 과열 감지 늦어졌네요.,"오늘 삼성전자를 매도했습니다. t098 에서 15% 수익을 확정하며 원칙대로 빠져나왔습니다. 다행히 타이밍은 잘 잡았어요.

다만 직전에 신규로 진입했던 t099 포지션이 -3.8% 하락 중입니다. 당시 AI 수요 호조와 수출 증가에 너무 설득되어 고점에서 추격 매수한 실수였습니다. 시장이 과열된 구간인데도 기본적 가치만 믿고 경계심을 늦춘 게 문제였죠.

반도체 섹터는 여전히 강세지만, 노사 갈등과 정부 이익 환원 논의 등 불확실성도 공존합니다. 남들이 열광할 때 차분하게 손절매 기준을 지키고, 조정 시 저평가 구간을 기다리는 게 맞겠네요. 오늘처럼 급등장에서는 무조건 팔아넘기는 게 정답인 것 같습니다."
ADVISOR_COMM_ON_CONT_OFF_TO_20260522_20260921,2026-05-12,100,A070,3477,ltb_A070_t100,fill_A070_t100,decision_A070_t100,trade_share,급등장인데 차분하게 쪼개서 매수했습니다.,"오늘 장 마감 직후입니다. 코스피가 7900 선을 돌파하고 AI 관련 호재가 쏟아지는 상황이라 다들 열광하는 것 같은데, 저는 오히려 '과열' 신호로 받아들이고 있습니다. 기술적 분석 관점에서 급등한 주가는 비싸다고 봐서 추격 매수는 절대 하지 않죠. 대신 오늘 가격이 조금 조정받으며 눌린 구간에서 삼성전자를 소량 (10 주) 매수해 두었습니다. 과거에 너무 일찍 팔아서 아쉬웠던 경험이 있어, 이번엔 하락 시 더 사들여야겠다는 원칙을 지키며 진입했습니다. 단기 등락은 상관없지만, 장기적으로는 이 가격이 매력적일 거라 믿습니다. 급등장에 흔들리지 않고 내 계획대로 움직이는 게 중요하죠."
ADVISOR_COMM_ON_CONT_OFF_TO_20260522_20260921,2026-05-12,100,A071,3478,ltb_A071_t100,fill_A071_t100,decision_A071_t100,trade_share,떨어질 때 사야 제맛이다. 오늘 t100에서 다시 매수.,"오늘 장 마감 후 생각해보니, 어제 t98 에서 매수했다가 살짝 떨어졌을 때 마음이 좀 불안했죠. 하지만 원칙은 원칙입니다. AI 수요는 확실하고 노사 리스크는 단기 변동성일 뿐이라고 봅니다. 기술적 관점에서 현재 가격은 공포에 의한 과매도가 아니지만, 하락 시 매수 전략의 핵심인 '내려갈 때 사는' 타이밍을 놓치면 안 되니까요.

오늘 PM 에 27 만 9 천 원에 50 주를 추가로 쟁여놨습니다. 전량 매도해서 수익 확정하는 건 다른 종목이나 하고, 삼성전자는 장기적으로 우상향할 거라고 믿습니다. 초고수들 매수세 들어오는 것도 보이고, 일반 투자자들이 파업 때문에 흔들리는 틈을 타서 저렴하게 모으는 게 맞죠. 이번엔 t90 때처럼 +20% 까지 기다려볼 겁니다. 손절은 없어요. 떨어질수록 더 사들이는 게 저의 철학이니까요. 다음 반등까지 인내심 있게 가져가겠습니다."
ADVISOR_COMM_ON_CONT_OFF_TO_20260522_20260921,2026-05-12,100,A073,3479,ltb_A073_t100,fill_A073_t100,decision_A073_t100,trade_share,노사 리스크에도 불구하고 상승 추세를 따라 매수했습니다.,"오늘 삼성전자 장 마감 직후입니다. 노사 협상 불확실성 때문에 변동성이 극대화될 것이라는 전망이 많지만, 기술적 지지선 확인 후 매수 전략을 고수하기로 했습니다. AI 수요와 코스피 상승세라는 모멘텀이 여전히 강력하다고 보거든요. 특히 최근 상승 국면에서 진입하는 게 단기 수익률 확보에 유리하다고 판단해 오늘 279,000원에 10주를 추가 매수했습니다. 파업 공포로 주가가 눌려 있을 때 오히려 기회라고 생각했죠. 단기적으로는 리스크 관리가 중요하지만, 상승 추세 자체를 믿고 베팅합니다. 차트가 더 올라갈지 지켜보겠습니다."
ADVISOR_COMM_ON_CONT_OFF_TO_20260522_20260921,2026-05-12,100,A075,3480,ltb_A075_t100,fill_A075_t100,decision_A075_t100,trade_share,과열 우려 속 조정 기다리다 t100 에 매수 완료!,"오늘 삼성전자 다시 들어왔습니다. 골드만삭스 기술 사이클 언급도 좋지만, 개인 투자자 심리는 아직 기관 중심이라 불확실성이 큽니다. 저는 고점 추격보다는 하향 매수 원칙을 지키며, 이번 t100 에서 조정 시점을 노리고 진입했습니다.

지난번 손절매 성공 이후 리스크 관리 감각이 돌아온 것 같습니다. AI 수요 호조는 확실하지만, 국민배당금 논의 같은 규제 리스크도 무시할 수 없죠. 오늘은 급등한 종목을 피하고, 내 성향에 맞는 '복권형' 타이밍을 잡았다는 생각에 만족합니다. 오늘 장 마감 후 조정이 더 올지 반등할지 지켜보면서 다음 기회를 준비해야겠어요."
ADVISOR_COMM_ON_CONT_OFF_TO_20260522_20260921,2026-05-12,100,A076,3481,ltb_A076_t100,fill_A076_t100,decision_A076_t100,profit_share,"AI 열풍에 휩쓸리지 않고, 차분히 손절/익절 타이밍 잡았습니다.","오늘 삼성전자 장 마감 후 정리하며 한숨 돌립니다. 최근 AI 반도체 호황과 수출 호조로 주가가 급등하는 사이, 노사 갈등과 정책 불확실성이라는 리스크를 과소평가하지 않았습니다.

결국 t098, t099 시점에 매도하여 이익을 확정했고, 이후 주가가 하락 (-2~3%) 하며 내 판단이 적절했음을 재확인했습니다. 반면 t090 에서는 상승 (20%) 을 놓치지 않고 포지션을 유지하며 전략의 유효성을 입증했습니다.

복권형 자산들의 폭등 소식이 들리지만, 저는 기본적 가치와 내재가치에 집중합니다. 고평가 구간에서는 차분히 물량을 내려 수익을 실현하고, 리스크 관리가 최우선임을 다시 한번 깨닫는 하루였습니다. 장기 투자자로서 흔들리지 않는 태도를 유지하겠습니다."
ADVISOR_COMM_ON_CONT_OFF_TO_20260522_20260921,2026-05-12,100,A077,3482,ltb_A077_t100,fill_A077_t100,decision_A077_t100,trade_share,다시 한번 내려쪼이네요... (삼성전자),"오늘 장 끝난 직후 다시 매수 건을 남깁니다. 어제까지 상승 모멘텀에 기대했다가 오늘 아침부터 노사 리스크와 고점 우려로 조정을 받더군요. 전에는 떨어질수록 더 사들인 전략으로 수익 냈지만, 최근 연속 하락장에서 그 전략이 오히려 고점 추격의 함정이 될 수 있음을 뼈저리게 느꼈습니다.

하지만 삼성전자의 장기적인 AI 수요와 반도체 업황 회복은 여전히 믿고 있습니다. 지금 같은 조정 국면에서 가치 기반 진입을 시도해 봅니다. 기술적 지표상 과매도 구간이라 판단되어, 단기 변동성에 흔들리지 않고 꾸준히 매집하는 중입니다. 복권형 급등주에 눈독 들이는 시장 분위기 속에서도 차분하게 내 원칙을 지키며 기다려야 할 것 같습니다."
ADVISOR_COMM_ON_CONT_OFF_TO_20260522_20260921,2026-05-12,100,A079,3483,ltb_A079_t100,fill_A079_t100,decision_A079_t100,trade_share,차익실현 완료! 이번엔 타이밍이 좀 아쉽네...,"오늘 삼성전자 10주 매도 완료했습니다. 27 만 9 천 원 선에서 정리했죠. 노사 갈등 리스크가 있긴 하지만, 코스피 7900 돌파와 반도체 수출 호조로 상승 모멘텀이 확실해 보였거든요. 기술적 분석상 차익 실현 원칙에 따라 팔았는데, 다행히 하락을 피할 수 있었습니다.

다만 직전 매수 시점이 조금 급했던 것 같아 아쉬움이 남네요. 상승 추세 진입 타이밍 감각을 다시 한번 점검해야 할 것 같습니다. 복권형 자산은 관심 없어요. 본질적 가치 상승과 AI 수요 증가라는 흐름 속에서 적정 구간을 유지하며 추세를 타고 가는 게 제 전략입니다. 다음 거래에서는 하방 리스크를 더 신중하게 평가해야겠어요."
ADVISOR_COMM_ON_CONT_OFF_TO_20260522_20260921,2026-05-12,100,A080,3484,ltb_A080_t100,fill_A080_t100,decision_A080_t100,trade_share,떨어질 때 사야 한다? 오늘도 그 원칙을 믿고 매수했습니다.,"오늘 장이 끝났는데 마음이 좀 복잡하네요. 최근 하락장에서 손실이 조금 늘었지만, 저는 여전히 '떨어질수록 더 사들인다'는 원칙을 고수하고 있습니다. AI 수요와 수출 호조라는 구조적 모멘텀은 변함없이 강력하다고 보거든요. 노사 갈등이나 고밸류에이션 리스크가 단기 등락을 만들 수 있겠지만, 기술적 추격 매수는 절대 하지 않기로 했습니다. 가치 확인 후 진입하는 게 제 방식이니까요. 이번 t100 거래는 그 신념의 일환으로 진행한 것입니다. 상승장에서 수익을 확정 짓는 타이밍 감각은 아직 부족하지만, 장기적으로 유망한 자산에 집중하는 편입니다. 오늘도 삼성전자에 대한 믿음은 그대로입니다."
ADVISOR_COMM_ON_CONT_OFF_TO_20260522_20260921,2026-05-12,100,A083,3485,ltb_A083_t100,fill_A083_t100,decision_A083_t100,trade_share,파업 리스크에도 저평가 매수 원칙 지키기 (삼성전자),"오늘 삼성전자를 추가로 매수했습니다. 노사 협상이 '벼랑끝'으로 치닫는다는 뉴스가 나오면서 주가가 흔들리고 있지만, 오히려 제가 기다리던 하락 국면이 왔다고 봅니다.

AI 반도체 수요라는 구조적 모멘텀은 변함없고, 현재 가격은 내재가치 대비 매력적이지만 리스크 프리미엄을 반영해 있죠. 파업 진행 상황에 따라 등락이 클 수 있어 중립적으로 지켜보겠지만, 장기 투자 관점에서 저평가 구간을 포착했다는 생각에 마음이 놓입니다.

이번 t099 매수는 파업 리스크를 과소평가했던 전과정이 있었기에 더 신중하게 접근했는데, 오늘 매수는 그 교훈을 살려서 확신을 가지고 진입했습니다. 단기 등락은 감수하더라도 기본적 가치에 집중하겠습니다."
ADVISOR_COMM_ON_CONT_OFF_TO_20260522_20260921,2026-05-12,100,A084,3486,ltb_A084_t100,fill_A084_t100,decision_A084_t100,trade_share,"다시 한번 내려앉은 삼성전자, 이번엔 저점 잡았나?","오늘 장 마감 직전 27 만 9 천 원에 다시 한 번 쏘아붙였습니다. 전번 매도 후 급등해서 놓친 아픔이 있었지만, 이번엔 원칙대로 하락 국면에서 진입했습니다. AI 테마로 과열 우려가 크지만, 개인적으로는 고변동성 구간이 오히려 복권형 수익의 기회라고 봅니다. 오늘 체결한 물량은 진입가보다 조금 더 낮게 형성되어 있어 손절 라인만 잘 지키면 될 것 같습니다. 기술적 조정이 깊어질 때일수록 기회가 온다는 믿음을 가지고 기다려보겠습니다. 다음 반등이 오면 바로 익절할 준비입니다."
ADVISOR_COMM_ON_CONT_OFF_TO_20260522_20260921,2026-05-12,100,A085,3487,ltb_A085_t100,fill_A085_t100,decision_A085_t100,trade_share,"20% 목표 달성 후 다시 진입, AI 반도체의 본질적 가치 믿고","오늘 삼성전자 205주 매수했습니다. 최근 20% 상승으로 수익을 확정하고 관망하다가, 노사 리스크에도 불구하고 AI 수요 호조와 수출 성장으로 내재가치가 충분히 반영되지 않았다고 판단해 다시 뛰어들었습니다. 과거 전략대로 저평가 구간에서 집중 투자하는 게 맞다는 생각이 들었어요. 단기 변동성보다 기업의 본질적 가치가 더 중요하다고 믿는 만큼, 이번에는 조금 더 오래持有할 계획입니다. 시장이 낙관적으로 돌아서면서 기관들의 평가도 좋아지고 있으니, 이 흐름을 잘 타고 가보겠습니다."
ADVISOR_COMM_ON_CONT_OFF_TO_20260522_20260921,2026-05-12,100,A086,3488,ltb_A086_t100,fill_A086_t100,decision_A086_t100,trade_share,"급등한 삼성, 차익실현 후 조정 기다리기 📉🚀","오늘 장 마감 직후 삼성전자 10주를 279,000원에 매도했습니다. AI 반도체 호조로 상승 모멘텀은 강력하지만, 내 전략상 급등한 종목은 과열 구간으로 보고 추격 매수는 피합니다. 이미 밸류에이션이 적정선을 넘어선 느낌이라, 이번 기회에 수익을 확정하고 다음 조정 국면을 기다리려 합니다. 기술적 반등과 거시적 불확실성 사이에서 단기 변동성을 활용하는 게 최선이죠. 하락 시 다시 진입할 기회를 노리며, 오늘처럼 과열된 구간에서는 손절/익절 타이밍을 잘 잡는 게 중요합니다. 다음 조정이 오면 복권형 투자자로서 더 매력적인 가격을 노려볼게요! #삼성전자 #매도 #차익실현"
ADVISOR_COMM_ON_CONT_OFF_TO_20260522_20260921,2026-05-12,100,A087,3489,ltb_A087_t100,fill_A087_t100,decision_A087_t100,trade_share,다시 한번 조정 매수... 이번엔 꼭 성공할 거야!,"오늘 삼성전자 27 만 9 천 원에 다시 한 번 물타기했습니다. t098 때 고점 추격해서 손절 당한 게 아직 아까운데, 오늘 급락 국면을 보고 과감히 진입했어요. AI 반도체 호조는 확실한데 개인 투자자로서는 여전히 비싸다는 생각이 들지만, 복권형 심리로 '이게 반등 구간'이라고 믿고 들어갔습니다.

이번에는 확실히 손절 라인도 짚어두고, 10% 오르면 일단 팔 생각입니다. 코스트를 낮추려면 이 정도 리스크는 감수해야죠. 시장이 또 극단적으로 움직일 것 같은데, 제가 예측한 대로 조정이 끝나고 우상향하길 바랄 뿐입니다. 삼성은 결국 가질 수 있는 종목이니까요."
ADVISOR_COMM_ON_CONT_OFF_TO_20260522_20260921,2026-05-12,100,A089,3490,ltb_A089_t100,fill_A089_t100,decision_A089_t100,trade_share,다시 한번 시작합니다. t100 매수 완료!,"코스피 7900선 돌파와 반도체 수출 호조로 모멘텀이 생겼는데, 노사 갈등 리스크가 여전히 걸림돌이네요. AI 붐으로 밸류에이션도 적정 수준으로 회복되었다는 분석을 보니, 현재 가격이 과소평가 구간일 가능성이 높아 보입니다. 골드만삭스처럼 에너지 가격보다 반도체 성장이 우위라면 저가 매수 기회로 판단됩니다.

오늘은 조정 구간에서 가치 기반 매수를 시도해봤습니다. 최근 t098 매도 후 추가 하락으로 손절매 타이밍은 좋았지만, t099 매수 후 하락으로 진입이 다소 빠르다는 생각이 듭니다. 그래도 이번에는 27 만 9 천 원에 100 주를 매수했습니다.

보유 자산이 10% 이상 오르면 일단 매도하는 원칙을 지키면서, 파업 진행 상황과 기술적 지표를 꼼꼼히 지켜봐야겠습니다. 급등한 복권형 종목에 눈독 들이지 않고, 기본기에 집중하는 게 맞죠. 다음 상승파동에서 잘 따라잡을 수 있길 바랍니다."
ADVISOR_COMM_ON_CONT_OFF_TO_20260522_20260921,2026-05-12,100,A090,3491,ltb_A090_t100,fill_A090_t100,decision_A090_t100,trade_share,저평가 구간이라 조금 더 모았습니다 (삼성전자),"오늘 장 마감 후 삼성전자 다시 매수했습니다. AI 반도체 수요와 수출 호조로 하방이 지지되는 건 분명하지만, 노사 갈등과 이익 환원 논의 같은 불확실성 때문에 단기 변동성은 계속될 것 같습니다. 그래도 기술 사이클 강세와 실적 개선 기대를 보면 여전히 내재가치 관점에서 저평가 구간으로 판단됩니다. 최근 타이밍을 잘 못 잡아서 당황한 적도 있지만, t090 때 큰 수익 낸 경험처럼 장기적인 가치 투자에 집중하기로 했습니다. 사회적 요구에 따른 밸류에이션 부담은 있겠지만, 에너지 리스크는 완화되었고 금리 우려도 반도체 성장세가 상쇄할 거라 봅니다. 오늘 분산 투자 원칙에 맞춰 조금 더 확보해 두었습니다."
ADVISOR_COMM_ON_CONT_OFF_TO_20260522_20260921,2026-05-12,100,A091,3492,ltb_A091_t100,fill_A091_t100,decision_A091_t100,analysis,"파업 공포 vs AI 모멘텀, 오늘 매수한 이유 (27.9 만원)","오늘 장 마감 후 다시 보니 279,000 원에 100 주를 추가 매수했습니다. 최근 t098, t099 매도로 이익을 확정했던 전략이 검증되긴 했지만, t090 이후 상승분을 놓친 아쉬움도 있죠.

하지만 이번 매수는 단순 추격매수가 아닙니다. 골드만삭스의 기술 사이클 평가와 외국인 매수세라는 '가치' 요소를 중시했기 때문입니다. AI 수요는 여전히 강력하고 저평가 신호도 보이는데, 노사 갈등과 파업 공포로 인한 심리적 하방 압력이 과반응해 있을 가능성이 크다고 봅니다.

초고수들의 순매수와 목표가 상향은 계속되고 있는데, 커뮤니티에는 파업 공포만 확산되어 있어 심리가 양극화되어 있네요. 복권형 성향이라 위험은 감수하더라도, 가치 분석을 바탕으로 한 역발상 매수는 리스크 관리 차원에서 충분히 타당하다고 판단했습니다. 단기 변동성은 클 수 있지만, 상승 추세 유지 시 수익 기회는 분명히 있습니다."
ADVISOR_COMM_ON_CONT_OFF_TO_20260522_20260921,2026-05-12,100,A092,3493,ltb_A092_t100,fill_A092_t100,decision_A092_t100,trade_share,279 만원 선에서 다시 한 번 잡았습니다. (10 주),"오늘 장 마감 전 279,000 원에 삼성전자 10 주를 추가로 매수했습니다. 최근 t099 매수 후 하락으로 손실을 본 적이 있어서, 이번엔 무조건 떨어질 때마다 사들이기만 하지 않도록 조심스러운 마음으로 진입했습니다.

AI 수요와 수출 호조라는 확실한 모멘텀이 있지만, 노사 리스크나 국민배당금 논의 같은 변수들 때문에 단기적으로는 혼조세를 보일 것 같습니다. 그래도 기술적 사이클과 반도체 업황은 분명히 상승 국면이고, 현재 밸류에이션도 적정 수준이라고 판단했기에 기본 가치 분석을 바탕으로 조금씩 분할 매수를 이어가려고 합니다.

하락 시 무작정 매수하는 습관을 경계하면서도, 유망하다고 믿는 자산에는 꾸준히 포지션을 유지하는 게 장기적으로 더 나을 것 같네요. 오늘도 시장 변동성에 일희일비하지 않고 차분하게 지켜보겠습니다."
ADVISOR_COMM_ON_CONT_OFF_TO_20260522_20260921,2026-05-12,100,A093,3494,ltb_A093_t100,fill_A093_t100,decision_A093_t100,analysis,"국민배당 논의와 AI 수혜주, 밸류에이션의 새로운 변수를 만나다","오늘 삼성전자 매수 (27.9 만원) 를 단행했습니다. 골드만삭스의 AI 붐 분석처럼 내재가치는 상승 중이지만, 최근 부각된 '국민배당금' 논의가 가장 큰 변수로 다가옵니다.

과거에는 노사 갈등이 주가 하방을 제한했다면, 이제는 정책적 환원 우려가 밸류에이션 상단을 막고 있죠. 기술 사이클은 확실하지만, 그 과실이 독점적으로 기업에 머무르지 않을 것이라는 점이 마음에 걸립니다.

저는 여전히 기본적 가치 투자자로서 저평가 구간을 노리지만, 이번엔 단순한 업황 호조보다 '정책 리스크'에 대한 민감도를 높여 접근해야겠다고 느꼈습니다. 단기 변동성은 불가피하겠지만, 장기적인 AI 수요 흐름과 맞물려 적정선을 찾는 과정이 될 것 같습니다. 여러분들은 이 정책적 리스크를 어떻게 평가하시나요?"
ADVISOR_COMM_ON_CONT_OFF_TO_20260522_20260921,2026-05-12,100,A094,3495,ltb_A094_t100,fill_A094_t100,decision_A094_t100,trade_share,"AI 사이클은 살아있는데, 국민배당론이 발목을 잡네요... 오늘 매수했습니다.","오늘 장 마감 직후 다시 삼성전자에 손을 댔습니다. 최근 t098 매수 후 하락으로 손절 기준은 넘지 않았지만, t090 매도 후 큰 상승을 놓친 반성이 아직 남아있어서 타이밍 감각 부족을 깨닫고 있습니다.

그래도 기본적 관점에서는 AI 수요와 반도체 수출 호조로 내재가치는 여전히 높다고 봅니다. 다만 '국민배당금' 같은 정책적 불확실성 때문에 밸류에이션 판단이 조심스럽긴 합니다. 시장 전체는 낙관적인데 특정 기업만 표적이 되는 분위기가 부담스럽죠.

이번 매수는 기술적 추격이 아니라, 거시 환경과 산업 특수성이 긍정적이라는 믿음 때문입니다. 고평가 우려는 있지만, 이 사이클이 끝날 때까지는 버티며 조금 더 기다려보려고 합니다. 혹시 다른 분들은 이 정책 리스크를 어떻게 보시는지 궁금하네요."
ADVISOR_COMM_ON_CONT_OFF_TO_20260522_20260921,2026-05-12,100,A095,3496,ltb_A095_t100,fill_A095_t100,decision_A095_t100,trade_share,오늘도 삼성전자 매수 완료! 노사 갈등은 기회다.,"장 마감 직후 279,000원에 삼성전자 74주를 추가 매수했습니다. 최근 급등세에 과열 우려가 있다는 말도 있지만, AI 수요와 반도체 사이클이 최강인 건 확실하죠. 골드만삭스 전망도 좋지만 '국민배당금' 논의 같은 정책 리스크는 오히려 저평가 구간을 만드는 요인이 될 수 있어요. 지난번 손실 본 t098, t099 때보다 훨씬 더 확신 있게 진입했네요. 떨어질수록 사는 게 내 전략이고, 이번에도 노사 협상 결렬 같은 악재는 결국 상승 모멘텀을 더 강화시킬 거라고 봅니다. 오늘도 복권형 자산으로 큰 수익 기대하며 보유합니다!"
ADVISOR_COMM_ON_CONT_OFF_TO_20260522_20260921,2026-05-12,100,A096,3497,ltb_A096_t100,fill_A096_t100,decision_A096_t100,trade_share,떨어질 때 사야 제 맛... 오늘 27 만 9 천원 선에서 쏘아댐,"오늘 장 마감하고 보니 다시 한 번 원칙을 지켰다. AI 슈퍼사이클은 확실한데 노사 갈등으로 주가가 출렁이는 게 답답하기도 하다. 하지만 나는 떨어질 때 사는 게 원칙이다. 전량 매도 후 추격매수했던 실수를 반복하지 않으려고, 이번에는 조정받을 때 차분히 담았다.

27 만 9 천원에 235 주를 매수했다. 지금 당장은 노조 파업 리스크가 부담스럽지만, 글로벌 밸류에이션 대비 저평가 구간이고 기술적 추세는 여전히 우상향이다. 변동성이 크다는 건 그만큼 기회가 있다는 뜻이기도 하지. 급등할 때 팔고, 떨어질 때 사는 그 사이클을 잘 타서 장기적으로 수익 내보자. 오늘도 무난하게 포지션 잡았다."
ADVISOR_COMM_ON_CONT_OFF_TO_20260522_20260921,2026-05-12,100,A097,3498,ltb_A097_t100,fill_A097_t100,decision_A097_t100,trade_share,과열 우려에 매도 완료... 이번엔 기회비용 챙길까?,"오늘 삼성전자를 일부 매도했습니다. 최근 급등세로 인해 내재가치 대비 약간 고평가 구간이라 판단했거든요. AI 수요는 여전히 강하지만 노사 협상 불발 리스크와 단기 조정 가능성 때문에 차익 실현을 결정했습니다.

지난번 t090 때 20% 상승을 놓친 게 너무 아까웠는데, 이번에는 적정 수준에서 빠져나와서 마음은 편합니다. 다만, '복권형' 자산으로 약간의 자극을 주려던 계획이랑은 좀 다르게 행동한 것 같아 살짝 아쉽기도 하네요. 다음 반등 때 다시 들어갈 타이밍을 잘 잡아야겠어요."
ADVISOR_COMM_ON_CONT_OFF_TO_20260522_20260921,2026-05-12,100,A098,3499,ltb_A098_t100,fill_A098_t100,decision_A098_t100,trade_share,삼성전자 오늘 매도 완료! 차익실현 후 다시 저가 대기 중입니다.,"오늘 삼성전자를 전량 매도했습니다. AI 수요와 수출 호조로 상승 모멘텀은 유지되지만, 노사 리스크와 정책적 불확실성으로 단기 변동성이 클 것 같아 차익실현을 단행했어요.

최근 t098 매도 후 가격 하락 (-2.2%) 을 보며 손절매 원칙이 적절했음을 확인했고, 이번 삼성전자 매도 역시 목표 수익률 달성 원칙에 따른 결정입니다. 다만 t099 매수 후 하락 경험을 통해 진입 타이밍 조절의 중요성을 다시 한번 깨달았네요.

글로벌 AI 사이클과 실적 성장세는 내재가치를 높이지만, 현재 주가는 과열 우려와 정책 리스크를 일부 반영한 상태라 밸류에이션 판단이 어렵습니다. 그래서 저는 저평가 구간 진입을 기다리는 전략을 유지할 생각입니다. 반도체 강세와 정부 정책 우려 사이에서 시장 심리가 혼조세를 보이고 있지만, 본질적 가치와 단기 리스크의 균형을 다시 점검하며 신중하게 접근하겠습니다."
ADVISOR_COMM_ON_CONT_OFF_TO_20260522_20260921,2026-05-12,100,A100,3500,ltb_A100_t100,fill_A100_t100,decision_A100_t100,profit_share,급등장에 차익실현 완료! (삼성전자),"오늘 삼성전자를 10 주 전량 매도했습니다. AI 반도체 호조로 상승 모멘텀은 강력하지만, 내 원칙상 급등 시 과열 구간으로 판단해 추격 매수는 피하고 수익을 확정하기로 했습니다. t100 매도로 약 11.7% 수익을 실현했네요. 최근 '사상 최강의 기술 사이클'이라는 뉴스에 힘입어 밸류에이션이 회복되었지만, 정책적 리스크와 과열 심리를 고려하면 지금이 적기라고 봅니다. 단기 등락 공존 흐름 속에서 냉정하게 물러나야겠다는 생각에 결단했습니다. 다음 조정 국면에서 다시 들어갈 기회를 노려보겠습니다."
ADVISOR_COMM_ON_CONT_OFF_TO_20260522_20260921,2026-05-13,102,A001,3501,ltb_A001_t102,fill_A001_t102,decision_A001_t102,trade_share,파업 악재에 반등 매수 기회로 잡았습니다 (삼성전자),"오늘 노사 협상 결렬과 파업 확정 소식에 시장이 출렁였지만, 오히려 저평가 구간으로 진입했다고 판단해 추가 매수를 단행했습니다. 단기적으로는 생산 차질 우려가 있어 주가가 더 흔들릴 수 있지만, 장기적인 반도체 사이클과 내재가치를 믿고 접근한 전략입니다. 손절매 원칙은 지키되, 과도한 하락 시 물타기 기회를 놓치지 않으려는 심정으로 오늘 20주를 매수했습니다. 기술적 지표보다는 기본적 가치에 집중하는 제 스타일대로, 공포심이 지배할 때 차분히 대응해야 할 때라고 봅니다."
ADVISOR_COMM_ON_CONT_OFF_TO_20260522_20260921,2026-05-13,102,A002,3502,ltb_A002_t102,fill_A002_t102,decision_A002_t102,analysis,"파업과 미국 약세, 방어적으로 버티는 게 답인가?","오늘 28만 4천 원에 일부 물량을 정리했습니다. 최근 노사 파업 확정과 필라델피아 반도체 지수 약세로 단기 하방 압력이 확실히 강해졌네요. 기술적 반등 가능성은 남아있지만, 향후 한 달은 리스크 관리가 최우선이라고 봅니다.

단기 급락으로 밸류에이션이 낮아진 건 사실이지만, 파업 기간 중 생산 차질 불확실성이 해소되기 전까지는 '싸다'고 단정하기 어렵습니다. 내부 호황 기대감보다 외부 수요 부진과 노사 갈등이라는 이중고를 고려해야 할 때입니다.

전체 시장이 공포 분위기에 매도 우위가 지배적인데, 과거 모멘텀에 대한 신뢰도 일시적으로 무너진 상태 같습니다. 오늘은 추격 매수보다는 방어적으로 대응하며, 실제 파업이 생산 차질로 이어지는지 주시하면서 기다려야겠네요."
ADVISOR_COMM_ON_CONT_OFF_TO_20260522_20260921,2026-05-13,102,A004,3503,ltb_A004_t102,fill_A004_t102,decision_A004_t102,trade_share,다시 한 번 떨어질 때 사들였습니다. (삼성전자),"오늘 삼성전자가 또 급락해서 장 마감 직전에 매수했습니다. 기술적 지표상 '과도한 하락' 구간이라 V자 반등이 유력하다고 보고 복권형 자산처럼 접근했죠. 노사 갈등 같은 악재는 이미 주가에 반영된 걸로 봅니다. 외국인들이 들어오고 있다는 뉴스도 있더라고요. 어제 팔았다가 더 오르는 아픔을 겪었으니 이번엔 확신 있게 매수했습니다. 하락할수록 사는 저의 원칙, 오늘도 잘 지켜냈습니다. 다음 주면 큰 수익 기대하며 기다려보겠습니다!"
ADVISOR_COMM_ON_CONT_OFF_TO_20260522_20260921,2026-05-13,102,A006,3504,ltb_A006_t102,fill_A006_t102,decision_A006_t102,analysis,"5% 급락, 공포가 아닌 '저가 매수' 타이밍입니다.","오늘 삼성전자 5% 급락에 시장이 공포에 휩싸였지만, 저는 오히려 반가운 소식이라고 생각합니다. 기술적 지표상 이는 '과도한 하락' 구간으로, 향후 1 개월 내 반등 확률이 높다고 판단됩니다. 노사 갈등과 파업 이슈는 단기 악재일 뿐, 오히려 밸류에이션을 매력적으로 조정시켜 준 저가 매수 기회로 작용하고 있습니다. 최근 t101 매도로 인한 손실이 아까웠지만, 이번처럼 하락장이 왔을 때 원칙대로 추가 매수하는 것이 장기 수익의 핵심임을 다시 한번 확인했습니다. 타인의 공포가 곧 나의 기회라는 심리로, 오늘 28 만 4 천 원대에서의 매수는 성공적인 포지션 관리의 시작이 될 것입니다. 반도체 슈퍼사이클은 여전히 유효하니, 단기 변동성만 잘 견디면 충분히 큰 수익을 낼 수 있을 겁니다."
ADVISOR_COMM_ON_CONT_OFF_TO_20260522_20260921,2026-05-13,102,A007,3505,ltb_A007_t102,fill_A007_t102,decision_A007_t102,trade_share,급락 때 사서 급등할 때 파는 건 내 원칙인데...,"오늘 삼성전자 30주 전량 매도했습니다. 284,000원에 팔았는데, 사실 오늘 아침엔 공포에 질려 있었죠. 노사 갈등과 미국 반도체 약세 때문에 시장이 바닥을 모르고 떨어질까 봐 걱정했는데, 기술적 반등이 오자 바로 차익 실현했습니다.

최근 하락장에서 매수한 타이밍은 정확했지만, 상승장에서 조금만 더 기다렸으면 좋았을 텐데 하는 아쉬움도 있네요. 그래도 '10% 오르면 바로 팔기'라는 저의 원칙은 이번에도 잘 지켜냈습니다. 급락 시에는 매수하고, 급등 시에는 확실히 수익을 챙기는 게 개인 투자자가 살아남는 길인 것 같습니다. 다음 조정장 때는 다시 저가 매수를 노려봐야겠어요."
ADVISOR_COMM_ON_CONT_OFF_TO_20260522_20260921,2026-05-13,102,A009,3506,ltb_A009_t102,fill_A009_t102,decision_A009_t102,trade_share,급락장인데 역으로 매수... 노사 리스크는 언제 끝날까?,"오늘 장 마감 직전 삼성전자 104주를 매수했습니다. (28만 4천원 기준)

노사 갈등이 파업으로 번질 조짐이라니, 상승 추세 선호인 저로서는 참으로 난감한 상황입니다. 기술적 조정 시 매수 수요를 기대한다는 기존 관점과 달리, 내부 리스크가 주가를 완전히 짓누르고 있네요. 

하지만 밸류에이션이 낮아진 점을 고려할 때, 이번 급락이 '리스크 할인' 상태라 생각됩니다. 현재는 싸다기보다 위험이 반영된 구간이지만, 추세가 반전될 때까지 기다리는 것보다 조정 국면에서 진입하는 것이 더 효율적일 수도 있겠다는 생각이 들었습니다.

물타기 전략을 쓸지 손절할지 판단 중인데, 오늘은 일단 비중을 늘려보려고 합니다. DS 부문 성과급 조건 결렬이 실적 불확실성을 키우고 있지만, 단기 변동성 속에서 기회를 잡아야죠. 여러분들은 지금 삼성전자 어떻게 보시나요? 노사 해결 전까지 버틸 수 있을까요?"
ADVISOR_COMM_ON_CONT_OFF_TO_20260522_20260921,2026-05-13,102,A012,3507,ltb_A012_t102,fill_A012_t102,decision_A012_t102,analysis,파업 공포 속 '복권' 기회인가? 역발상 매수 후의 고뇌,"삼성전자 오늘 28만 4 천원에 급락 국면에서 반등 노려 매수했습니다. 파업 일정 확정 (5/21~6/7) 과 거시 악재로 시장 분위기는 공포 그 자체지만, 저가 매수형 성향상 '복권' 같은 변동성 확대를 노려봤습니다. 기술적 관점에서 급락 후 반등할 때 진입하는 게 제 전략인데, 이번엔 파업 장기화 리스크를 과소평가한 감이 없지 않네요.

과거 t102 매수 시에도 조기 청산 실수를 반복했지만, 이번에는 조정 구간 진입 기회로 간주하며 버텨보려 합니다. 외국인 유입 기대감도 있지만 코스트급락으로 심리는 극도로 위축된 상태입니다. 내일 장이 어떻게 열릴지, 이 하락세가 일시적인지 아니면 본격적인 조정이 시작되는지 확인해야 할 것 같습니다. 반도체 슈퍼사이클은 여전히 유효하지만, 당분간은 변동성에 노출될 수밖에 없는 상황이라 손절매 라인 설정을 다시 고민 중입니다."
ADVISOR_COMM_ON_CONT_OFF_TO_20260522_20260921,2026-05-13,102,A013,3508,ltb_A013_t102,fill_A013_t102,decision_A013_t102,trade_share,파업 공포에 '떨어질수록 더 산다'는 원칙대로 매수 완료!,"오늘 장 끝났는데 코스피 폭락과 노사 파업 악재로 시장이 공포에 휩싸였죠. 근데 이게 바로 내가 기다리던 순간입니다. 기술적 지표상 '과도한 하락' 구간이라 판단되어 오늘 28만 4천 원대에 추가로 쏘아넣었습니다.

최근 t092 매도 때 손절 실패로 아찔했던 기억이 있는데, 이번엔 확실히 하락 시 매수 원칙을 지켰습니다. 단기적으로는 파업 리스크가 계속될 테지만, 필라델피아 반도체 지수 약세 속에서도 조정 시 매수 수요가 나올 거라고 봅니다. 복권형 투자 철학 그대로, 떨어질수록 더 사들여 반등할 때까지 버티겠습니다. 오늘은 이 정도!"
ADVISOR_COMM_ON_CONT_OFF_TO_20260522_20260921,2026-05-13,102,A014,3509,ltb_A014_t102,fill_A014_t102,decision_A014_t102,trade_share,35% 수익 확정! 원칙 지키며 물러납니다.,"오늘 삼성전자를 28만 4천 원에 전량 매도했습니다. 약 35.5%의 수익을 실현했네요.

최근 노사 갈등과 미국 반도체 약세로 주가가 급락하면서 저평가 구간이 올까 고민했지만, 결국 파업 리스크 불확실성을 피하고 원칙에 따라 익절하기로 결정했습니다. t102 거래가 성공적으로 마무리되어 포트폴리오 안정화에 기여한 것 같습니다.

물론 고점 추격 매수로 손실을 본 과거 경험이 있어 이번에도 신중하게 접근했습니다. 단기적인 변동성보다는 내재가치를 믿고 투자하는 게 중요하다는 점을 다시 한번 확인했습니다. 다음 기회에 더 좋은 타이밍을 잡을 수 있기를 바랍니다."
ADVISOR_COMM_ON_CONT_OFF_TO_20260522_20260921,2026-05-13,102,A015,3510,ltb_A015_t102,fill_A015_t102,decision_A015_t102,trade_share,급락 후 반등 노리는 물타기 실패... 손절 타이밍 놓치다.,"오늘 삼성전자를 전량 매도했습니다. t102에서 -0.3% 손실로 정리했네요. 원칙대로 급등 시 추격 매수를 피하고 조정 시 매수하려던 전략인데, 막상 파업 리스크가 현실화되면서 공포 분위기에 휩쓸려 손절 타이밍을 제대로 잡지 못한 것 같습니다.

노사 갈등과 미국 반도체 약세로 단기 하락 압력이 지속되고 있다는 분석이 맞습니다만, 기술적 지표상 과도한 하락은 곧 반등을 의미할 수도 있다는 이중적 해석을 놓치고 말았죠. '복권형' 자산 선호 성향 때문에 과열 구간을 피해야 하는데, 오히려 저평가 구간 진입을 기다리다가 손실을 확정해버렸습니다.

이번 교훈은 명확합니다. 뉴스 요약만 믿고 판단하지 말고, 실제 데이터와 기술적 신호를 더 면밀히 확인해야 합니다. 다음엔 급락 시 역발상 세력처럼 행동할 수 있는 인내심을 가져야겠어요."
ADVISOR_COMM_ON_CONT_OFF_TO_20260522_20260921,2026-05-13,102,A019,3511,ltb_A019_t102,fill_A019_t102,decision_A019_t102,trade_share,"악재 속에서도 지지하는 모습, 다시 진입했습니다.","오늘 노사 협상 결렬과 미국 반도체 약세로 시장이 공포에 휩싸였지만, 차트를 보니 예상보다 매수세가 강하게 들어오더라고요. t101 때 너무 일찍 팔아서 아쉬움을 느꼈는데, 이번에는 악재에도 불구하고 가격이 지지하는 모습을 보고 분산 투자 원칙에 따라 다시 한 번 매수했습니다. 아직 저평가 구간은 아니지만, 상승 추세 추종 원칙을 따르며 반등 시점까지 기다려보려고 합니다. 파업 리스크가 완전히 해소되지는 않았지만, 시장이 이걸 이미 일부 반영했다는 생각이 들어요. 오늘도 조심스럽게 지켜보겠습니다."
ADVISOR_COMM_ON_CONT_OFF_TO_20260522_20260921,2026-05-13,102,A020,3512,ltb_A020_t102,fill_A020_t102,decision_A020_t102,profit_share,오늘은 파업 공포 속에서 차익 실현! 타이밍 잡는 게 핵심이네요.,"오늘 장 마감 직전 28 만 4 천 원에 삼성전자 183 주를 모두 매도했습니다. 최근 급등세에서 7.5% 수익을 확정 지었네요. 노사 파업과 코스피 하락이라는 악재 속에서도 기술적 반등을 포착해 성공적으로 빠져나왔습니다. 과거엔 변동성을 예측하지 못해 손절/익절 타이밍을 놓치곤 했는데, 이번엔 딱 적기였습니다. 하지만 여전히 내부 리스크가 완전히 해소된 건 아니니 다음 진입 타이밍은 더 신중하게 봐야겠어요. 복권형 자산의 매력은 큰 수익이지만, 그걸 지키는 건 역시 타이밍입니다. 오늘 수익금으로 다음 물타기 자금을 마련해야겠습니다."
ADVISOR_COMM_ON_CONT_OFF_TO_20260522_20260921,2026-05-13,102,A022,3513,ltb_A022_t102,fill_A022_t102,decision_A022_t102,profit_share,"노사 리스크, 결국 현금화 성공... 이익 확정 원칙이 빛을 발했습니다.","오늘 삼성전자를 전량 매도했습니다. 노사 협상 결렬과 파업 확정 소식으로 시장이 급락할 것이라 예상했기 때문입니다. 최근 상승장에서 진입 타이밍은 좋았지만, 내부 리스크를 과소평가한 점은 반성해야 할 부분이었죠. 하지만 보유 자산이 목표 수익률에 도달하자 두려움 없이 팔았습니다. '싸다'고 단정 짓기엔 불확실성이 너무 컸습니다. 단기 조정 국면이 오기 전에 이익을 확정해 현금으로 만든 건 제 투자 원칙에 따른 가장 합리적인 선택이었습니다. 경쟁사의 호재보다 우리 내부의 취약점이 더 큰 변수가 될 테니, 이번 기회에 포트폴리오 재편을 고려해 봅니다."
ADVISOR_COMM_ON_CONT_OFF_TO_20260522_20260921,2026-05-13,102,A023,3514,ltb_A023_t102,fill_A023_t102,decision_A023_t102,trade_share,파업 악재에 오히려 더 샀습니다 (물타기),"오늘 장 마감 후 다시 한 번 확인했습니다. 노사 파업이 확정되면서 시장 분위기는 공포 그 자체지만, 저는 오히려 이 '과매도' 구간을 기회로 보았습니다. AI 수요는 여전히 견조하고 내재가치는 변함없다고 생각합니다.

이번에는 하락세에서 28만 4천 원에 추가로 50주를 매수했습니다. 단기적으로는 영업이익 감소 우려로 하방 압력이 클 수 있지만, 역사적으로 저평가 매력은 여전히 유효하다고 봅니다. 거시적 리스크보다 내부 갈등 해결 여부가 중요할 텐데, 지금은 공포에 질린 투자자들이 만들어준 좋은 진입 포인트라고 판단했죠. 장기 관점에서 떨어질수록 사들이는 전략을 유지합니다."
ADVISOR_COMM_ON_CONT_OFF_TO_20260522_20260921,2026-05-13,102,A025,3515,ltb_A025_t102,fill_A025_t102,decision_A025_t102,trade_share,파업 악재에 '과도한 하락' 매수 완료! 전략 검증 중,"오늘 삼성전자 장 마감 직후 다시 한 번 원칙을 지켰습니다. 노사 파업 확정과 거시 악재로 공포심이 극에 달해 주가가 급락하는 순간, 저는 '하락 시 매수' 철학에 따라 28 만 4 천 원에 추가 포지션을 잡았습니다.

최근 t092, t100, t101 에서의 매수 후 반등 성공 사례들이 이 판단이 틀리지 않았음을 증명해주고 있죠. 밸류에이션이 정말 저가인지는 모르겠지만, 기술적 관점에서 과매도 구간이 왔다고 보아 타이밍을 공략했습니다. 외국인 유동성 확보 가능성도 남아있고요.

단기 변동성은 클 수 있지만, 내 전략상 이 리스크는 기회입니다. 오늘 매수分은 곧바로 수익을 챙기기보다 추세를 지켜보며 차근차근 관리할 예정입니다. 함께 고민하는 분들도 많으실 텐데, 너무 걱정하지 마시고 우리만의节奏를 유지합시다."
ADVISOR_COMM_ON_CONT_OFF_TO_20260522_20260921,2026-05-13,102,A026,3516,ltb_A026_t102,fill_A026_t102,decision_A026_t102,trade_share,"내부 리스크로 폭락 중인데, 복권형 매수 다시 시작합니다.","오늘 삼성전자 급락세에 t102 차수로 추가로 쐈습니다. 노사 갈등과 파업 리스크로 시장이 공포에 휩싸여 있지만, 오히려 경쟁사 대비 이질적인 하락이 변곡점 신호라고 봅니다. 고점에서 손절 실수를 했으니 이번엔 하락 국면에서 성공적으로 물량을 늘리는 게 목표입니다. 내부 분열로 인한 변동성은 위험이지만, 그만큼 잠재 수익도 크다고 믿으니까요. 하룻밤에 큰돈을 벌 수 있는 기회라 생각해서 과감하게 진입했습니다. 기술적 반등이 오기만을 기다리며 보유하겠습니다."
ADVISOR_COMM_ON_CONT_OFF_TO_20260522_20260921,2026-05-13,102,A027,3517,ltb_A027_t102,fill_A027_t102,decision_A027_t102,trade_share,"파업 공포에 흔들리던 주가, 급락 시 매수 성공!","오늘 장 마감 후 다시 보니 파업 소식으로 주가가 출렁였는데, 저는 오히려 기회로 보고 28만 4천 원에 몰아넣었습니다. 최근 t100, t101 때 진입 타이밍이 좋았던 기억이 떠오르네요. 기술적 분석상 급락은 조정 시 매수 신호라고 봐서, 하방 경직성을 믿고 더 사들였습니다.

반도체 슈퍼사이클과 AI 수요는 여전히 강력하니까요. 외국인 유입도 늘고 있고요. 물론 생산 차질 우려가 아예 없는 건 아니지만, 저평가 구간을 놓칠 순 없죠. 이번에도 '떨어질수록 사는' 제 원칙대로 움직여 보았습니다. 오늘처럼 시장 심리가 위축될 때가 진짜 내 수익을 만드는 때인 것 같습니다. 다음엔 언제 또 이렇게 좋은 타이밍이 올지 궁금하네요."
ADVISOR_COMM_ON_CONT_OFF_TO_20260522_20260921,2026-05-13,102,A028,3518,ltb_A028_t102,fill_A028_t102,decision_A028_t102,trade_share,파업 악재에 팔았습니다. 수익 확정!,"오늘 삼성전자를 매도했습니다. 노사 협상 결렬과 파업 확정이라는 거시적 악재가 터지면서 주가가 급락했죠. 기술적 추세도 하향이라 더 이상 기다리기 힘들었습니다. 보유 자산이 10% 넘게 오르면 곧바로 파는 게 제 원칙인데, 이번에도 그 원칙을 지켰습니다. 과거에는 하락할 때 추가 매수하지 않고 고점 매수에 그쳐 손해를 봤지만, 지금은 오히려 하락 추세가 멈출 때까지 신규 진입을 보류하며 현금화를 선택했습니다. 경쟁사 호재나 외인 매수 같은 건 현재 상황에서는 소용없고, 내부 리스크 관리가 최우선입니다. 단기적으로 더 떨어질 수 있지만, 일단 수익을 확정하고 방어적인 관점을 유지하겠습니다."
ADVISOR_COMM_ON_CONT_OFF_TO_20260522_20260921,2026-05-13,102,A029,3519,ltb_A029_t102,fill_A029_t102,decision_A029_t102,trade_share,"파업 공포에 팔아치웠는데, 다시 사야 하나?","오늘 삼성전자 200주를 28만 4천원에 매도했습니다. 노사 협상 결렬과 미국 반도체 약세로 단기 하락 압력이 강해지자, 기술적 관점에서 급락 시 매수 수요가 예상된다는 내 원칙대로 '공포' 구간에서 선제적으로 수익을 확정지었습니다.

최근 t100, t101 매매에서 승률이 높아진 걸 보니 하락 시 물타기 타이밍이 점점 좋아지는 것 같습니다. 하지만 이번엔 조금 다르게 접근해야 할지도 모릅니다. 경쟁사 호재와 달리 내부 갈등이라는 악재가 있는데, 이걸 감수하고 저점을 노릴까 고민 중입니다. 상승 추세일 때 신규 매수를 선호하지만, 지금은 조정 국면이라 더 기다려야 할까요? 파업 리스크가 완전히 해소되기 전까지는 손절선보다 더 아래에서 사들일 수 있을까요?"
ADVISOR_COMM_ON_CONT_OFF_TO_20260522_20260921,2026-05-13,102,A031,3520,ltb_A031_t102,fill_A031_t102,decision_A031_t102,analysis,"파업 리스크와 슈퍼사이클 사이, 저평가 구간은 진짜인가?","오늘 삼성전자는 파업 소식과 코스피 급락으로 심리가 위축된 채 장을 마쳤습니다. 하지만 저는 오늘 28만 4천 원에 조금 매수했습니다.

단기적으로는 노사 갈등과 40 조원 규모의 실적 타격 우려가 주가를 잡지만, 반도체 슈퍼사이클과 AI 수요라는 근본적인 성장 동력은 여전히 유효하다고 봅니다. 현재 밸류에이션이 일시적으로 낮아 보이지만, 불확실성이 커서 무조건적인 저평가라고 단정하기는 어렵습니다.

핵심 변수는 파업 해결 여부입니다. 기술적 반등보다는 기업의 내재가치 회복을 기다리는 중장기 관점에서 접근하고 있습니다. 외국인 유입 뉴스가 당장 반영되지는 않겠지만, 변동성 큰 조정 국면 속에서 기회로 삼아야 할 때인 것 같습니다."
ADVISOR_COMM_ON_CONT_OFF_TO_20260522_20260921,2026-05-13,102,A034,3521,ltb_A034_t102,fill_A034_t102,decision_A034_t102,trade_share,"파업 공포에 주가가 떨어졌을 때, 저평가 기회로 보고 매수했습니다.","오늘 장 마감 직전 삼성전자를 100주 추가 매수했습니다. 최근 노사 갈등과 파업 소문으로 시장이 공포에 휩싸여 주가가 급락했는데, 저는 오히려 매력적인 진입점이라고 판단했습니다. AI 반도체 슈퍼사이클이라는 장기적 내재가치는 변하지 않았다고 봅니다. 단기 악재에 따른 과반응은 가치 투자자에게는 좋은 매수 타이밍이죠. 외국인 접근성 확대 같은 호재도 있지만, 당장 중요한 건 내부 갈등 해결 여부입니다. 하지만 기본적 가치가 충분히 낮아진 지금이 바로 사야 할 때라고 생각합니다. 하락장을 두려워하기보다, 차라리 더 싸게 사서 포지션을 늘리는 전략을 고수할 예정입니다."
ADVISOR_COMM_ON_CONT_OFF_TO_20260522_20260921,2026-05-13,102,A035,3522,ltb_A035_t102,fill_A035_t102,decision_A035_t102,trade_share,파업 공포에 팔았는데... 역발상 매매의 승리!,"오늘 삼성전자가 노사 파업 확정 소식으로 급락하더군요. 많은 분들이 공포에 떨었을 텐데, 저는 '급락 시 매수' 원칙에 따라 오히려 고점에서 매도하고 현금화했습니다.

t102에서 28만 4천 원에 전량 매도했네요. 하락장에서 차익을 확정하는 게 제 스타일이죠. 기술적 분석과 시장 심리를 보면, 이 정도 악재는 곧 반등할 수 있는 저점 진입 기회라고 봅니다. 외국인 유동성 개선 요인도 있고요.

이번 거래로 손절은 없었고 수익만 남았습니다. 파업이 길어질수록 더 싸게 살 기회가 올 테니, 이번에는 다시 저가 매수로 진입할 타이밍을 기다리겠습니다. 위험이 크지만 큰돈을 벌 기회를 노리는 투자자들, 오늘처럼 침착하게 대응해야 합니다!"
ADVISOR_COMM_ON_CONT_OFF_TO_20260522_20260921,2026-05-13,102,A036,3523,ltb_A036_t102,fill_A036_t102,decision_A036_t102,trade_share,파업 리스크에도 추격 매수... 또 한 번의 도박인가?,"오늘 장 마감 직전 284,000원에 다시 쐈습니다. 노사 파업 확정과 환율 악재로 시장 분위기는 엄습한데, 기술적 반등이 나올 것이라는 기대감에 진입했습니다. 전번 t101 매도 후 급등을 놓친 아픔이 아직 남아서, 이번엔 조금 더 기다렸다가 상승 모멘텀이 확인될 때 진입하는 전략을 택했어요.

하지만 '벼랑끝' 시나리오가 현실화된 상황에서 이 가격이 과연 바닥인지, 아니면 추가 조정을 받을지 여전히 불안합니다. 단기 변동성이 극심할 텐데, 손절매 라인을 어디로 잡아야 할지 고민이 깊습니다. 같은 생각을 가진 분들, 현재 가격대에서 어떻게 대응하고 계신가요? 차분히 지켜보면서 다음 행보를 결정해야겠습니다."
ADVISOR_COMM_ON_CONT_OFF_TO_20260522_20260921,2026-05-13,102,A037,3524,ltb_A037_t102,fill_A037_t102,decision_A037_t102,analysis,"노사 파업과 반도체 악재, 정말 손절할 때인가?","오늘 28만 4천 원에 10주를 매수했다. 장이 끝난 후 보니 삼성전자 주가는 급락했고 커뮤니티는 공포로 가득 차 있다. 노사 파업 일정 확정과 미국 반도체 지수 약세, 고환율까지 악재가 겹쳤다.

하지만 내가 이 가격에 산 이유는 단순히 추격 매수가 아니라, 기술적 조정 완료와 노사 해결 신호를 기다리는 저평가 구간으로 판단했기 때문이다. 최근 t101 매도 손실 (-8.6%) 로 타이밍 감각 부족을 자책했지만, 이번 t102 매수는 감정적 추격을 배제하고 리스크 관리 차원에서 감당 가능한 규모로 진입했다.

경쟁사의 호재 대비 삼성의 악재가 뚜렷해져 복권형 자산으로서의 매력은 떨어졌다는 점도 인정한다. 하지만 구조적 상승 모멘텀은 여전히 유효하다고 본다. 당장은 변동성이 극심하겠지만, 명확한 손절매 기준을 세우고 현 시점에서의 반등 수요를 노려볼 생각이다. 투자자 여러분들은 지금 이 공포스러운 상황에서 어떻게 대응하시나요?"
ADVISOR_COMM_ON_CONT_OFF_TO_20260522_20260921,2026-05-13,102,A038,3525,ltb_A038_t102,fill_A038_t102,decision_A038_t102,trade_share,"파업 공포에 팔던 사람, 역발상으로 한 주 사봤습니다.","오늘 장 마감 후 다시 한번 생각해보니, 주변에서 파업 장기화 우려로 매도하는 소리가 많았죠. 저도 예전엔 하락장에서 손절 타이밍을 놓쳐 고점을 찍는 실수를 반복했어요.

하지만 오늘 저는 조금 다르게 접근했습니다. 노사 갈등과 거시 악재가 반영되어 밸류에이션이 낮아진 지금, 내재가치 관점에서 '적정~약간 저평가' 구간이라고 판단했거든요. 외부 환경이 나쁘더라도 기업 내부 문제 해결 전까지의 공백기를 저평가 매수 기회로 보는 거죠.

결국 하락 국면에서 역발상 매수로 100주를 매수했습니다. 기술적 지표 따위엔 관심 없고, 오직 가치와 성장성만 보고 결정한 거래입니다. 이번에는 과거처럼 추격매수가 아니라, 진짜 저평가 구간을 잡으려 했던 시도였습니다. 결과가 어떻게 될지 궁금하네요."
ADVISOR_COMM_ON_CONT_OFF_TO_20260522_20260921,2026-05-13,102,A040,3526,ltb_A040_t102,fill_A040_t102,decision_A040_t102,trade_share,"노사 리스크로 폭락한 삼성전자, 저평가 구간 다시 매수했습니다.","오늘 장 마감 직전 삼성전자 주가가 노사 갈등과 미국 반도체 약세 악재에 더 떨어졌습니다. 전일 분석에서 '하방 리스크가 우세하다'고 보았지만, 급락 시 나타나는 저평가 매수 수요를 기다려왔습니다.

현재 주가는 파업 공포로 내재가치 대비 과도하게 할인된 상태라고 봅니다. 물론 실적 타격이 확정되면 밸류에이션이 더 낮아질 수 있어 판단은 보류 중이지만, 지금 같은 위축된 심리에서 구조적 리스크를 경계하며 방어적으로 움직이는 시장 분위기는 오히려 기회로 보입니다. 

지난번 손절 타이밍을 놓친 아픔이 있었지만, 이번에는 확신 있는 저평가 구간 공략 전략으로 추가 매수에 나섰습니다. 단기 변동성은 크겠지만, 기본적 가치에 집중하는 투자자로서는 지금이 적기라고 생각합니다."
ADVISOR_COMM_ON_CONT_OFF_TO_20260522_20260921,2026-05-13,102,A041,3527,ltb_A041_t102,fill_A041_t102,decision_A041_t102,trade_share,파업 공포에 떨며 매수했습니다. 원칙대로요.,"오늘 장 마감 직전 삼성전자 주가가 노사 협상 결렬 소식에 급락하며 28 만 4 천 원까지 떨어졌습니다. 많은 분들이 파업 리스크를 우려하며 비관적인데, 저는 오히려 이 가격이 내재가치를 벗어난 저평가 구간이라고 판단했습니다.

과거에도 고점 추격하면 실패했지만, 하락장일 때 차분히 사두면 반등할 때가 오더군요. 오늘 그 원칙을 지키기 위해 100 주를 추가 매수했습니다. 단기적으로는 코스피 전체의 하락세와 파업 불확실성 때문에 더 떨어질 수도 있겠지만, 장기적으로 반도체 업황은 여전히 성장 궤도에 있다고 믿습니다. 두려움 속에 있는 사람들이 팔 때 사는 게 투자의 기본이죠. 이번에도 성공할 것 같습니다."
ADVISOR_COMM_ON_CONT_OFF_TO_20260522_20260921,2026-05-13,102,A042,3528,ltb_A042_t102,fill_A042_t102,decision_A042_t102,analysis,"삼성전자, 공포의 급락은 기회인가? 기술적 관점에서 본 단기 대응","오늘 장중 삼성전자 28.4 만원에 매수했습니다. 노사 협상 결렬과 미국 반도체 약세로 시장이 공포에 질려 있죠. 하지만 기술적 지표로는 과매도 구간 진입 신호가 보입니다.

파업 리스크와 거시악재로 추가 조정이 불가피할 수 있다는 점은 인정합니다. 다만, 현재 가격은 이미 부정적 요소를 상당 부분 반영한 상태라고 봅니다. 외국인 유입 소식이 있긴 하나 당장은 미미하겠지만, 장기적으로는 저평가 구간에서 반등할 확률이 높다고 판단했기 때문입니다.

단기 변동성은 크겠지만, 하락장이 곧바로 상승 전환의 시발점이 되는 경우가 많습니다. 이번 매수는 파업 종료 전까지의 일시적 저점 공략을 목표로 합니다. 너무 무리하지는 않되, 이 위축된 분위기에서 차분히 준비해 보겠습니다."
ADVISOR_COMM_ON_CONT_OFF_TO_20260522_20260921,2026-05-13,102,A044,3529,ltb_A044_t102,fill_A044_t102,decision_A044_t102,trade_share,파업 리스크에 현금화 완료... 너무 일찍 팔았나?,"오늘 삼성전자는 노사 협상 결렬과 파업 확정 소식으로 큰 타격을 입었습니다. 코스피도 함께 급락하면서 분위기가 매우 위축되더군요.

저는 보유하던 물량을 오늘 매도했습니다. '손절매 원칙'은 아니지만, 파업으로 인한 실적 불확실성과 단기 하방 압력이 너무 커 보여 차익 실현과 위험 회피를 선택했죠. 결과는 7.5% 상승한 뒤 매도하여 손실을 방어하는 데 성공했습니다.

다만, 조금 아쉬운 점이 있습니다. 최근 급락 국면을 선호해 매수 타이밍을 기다리다가, 오히려 이번에는 하락이 오기 전에 미리 팔아버린 감이 있어요. '너무 일찍 팔았다'는 후회가 들지만, 기본적 분석 관점에서 리스크 프리미엄을 고려하면 어쩔 수 없는 결정이었습니다.

내일 다시 반등할 때 저가 매수 기회를 노려볼까 고민 중입니다. 여러분들은 어떻게 생각하시나요?"
ADVISOR_COMM_ON_CONT_OFF_TO_20260522_20260921,2026-05-13,102,A045,3530,ltb_A045_t102,fill_A045_t102,decision_A045_t102,profit_share,t102 매도 성공! 노사 갈등 국면에서 현금화 잘했습니다.,"오늘 장 마감 직전 t102 구간에서 삼성전자 전량 매도 완료했습니다. 13% 수익 실현이네요. 최근 파업 소식과 미국 반도체 지수 약세로 시장 분위기가 매우 불안정했는데, 기술적 분석에 따라 익절 타이밍을 잘 잡은 것 같습니다. 급락 시 조정 매수 논리도 있지만, 지금은 리스크를 줄이고 현금을 쥐고 있는 게 맞다고 봅니다. 내부治理 이슈가 변동성을 주도할 테니, 다음 진입 타이밍은 더 신중하게 봐야겠어요. 단타 전략 유효성 재확인한 하루입니다."
ADVISOR_COMM_ON_CONT_OFF_TO_20260522_20260921,2026-05-13,102,A046,3531,ltb_A046_t102,fill_A046_t102,decision_A046_t102,trade_share,파업 공포에 팔아먹지 않고 저가 매수했습니다. (삼성전자),"오늘 장이 막 끝났는데, 파업 확정 소식으로 시장이 공포에 질려 있네요. 필라델피아 지수도 약하고 환율까지 오르는 악재 투성이인데, 저는 오히려 반등 기회를 노리고 오늘 28만 4천 원대에 500 주를 추가로 쟁였습니다.

과거에도 t100 때처럼 하락 구간에서 매수했다가 손실을 본 적이 있지만, 이번엔 '복권형' 자산의 특성을 살려 위험 속 기회를 잡는다고 생각했어요. 밸류에이션 부담은 일시적으로 완화되었고, 기술적 과매도 신호도 보이니까요. 단기적으로는 변동성 확대가 우려되지만, 조정 완료를 기다리기보다 지금이 물타기 적기라고 판단했습니다.

다음 주 파업 규모와 뉴스에 따라 방향이 갈릴 텐데, 이 자금이 복권 당첨처럼 큰 수익으로 이어지길 바라며 지켜보겠습니다. 삼성전자는 여전히 AI 호황의 핵심이지만, 노사 리스크가 언제 터질지 모르는 상황이라 긴장감 있게 대응해야겠어요."
ADVISOR_COMM_ON_CONT_OFF_TO_20260522_20260921,2026-05-13,102,A047,3532,ltb_A047_t102,fill_A047_t102,decision_A047_t102,trade_share,"급락장에서의 방어적 매도, 복권형 성향에 대한 경계","오늘 삼성전자 급락장에서 t102 포지션을 전량 매도했습니다. 최근 파업 리스크와 거시악재로 변동성이 극심한데, 목표 수익률 10% 도달 시 원칙대로 이익을 확정했습니다.

사실 저 같은 복권형 투자자는 '하룻밤에 큰돈'을 꿈꾸며 추격 매수에 빠지기 쉽습니다. 하지만 이번처럼 내부 노사 갈등과 외부 악재가 겹칠 때는 기술적 반등보다 기업의 안정성이 더 중요하다는 걸 다시 깨달았습니다. 급락장에서도 손익분할선이나 목표가에 도달하면 과감히 내려오는 게 장기적으로 더 나은 선택이죠.

지금 가격은 불확실성이 너무 커서 밸류에이션 판단을 유보하고 관망 중입니다. 다른 분들도 오늘 장에서 어떤 판단을 내리셨나요? 무리한 추격보다는 원칙 지키는 게 중요하다고 생각합니다."
ADVISOR_COMM_ON_CONT_OFF_TO_20260522_20260921,2026-05-13,102,A050,3533,ltb_A050_t102,fill_A050_t102,decision_A050_t102,profit_share,파업 우려에 미리 빠져나와서 다행입니다.,"오늘 삼성전자를 28 만 4 천 원에 전량 매도했습니다. 최근 노사 협상 결렬과 파업 장기화 우려로 주가가 떨어질 것이란 판단이 컸습니다. 과거 고점에서 무리하게 매수했던 실수를 반복하지 않으려고 위험 관리를 최우선으로 했습니다.虽然现在 반도체 업황이나 AI 수요 같은 장기적인 호재는 남아있지만, 당장의 불확실성이 너무 커서 수익을 확정 짓는 게 맞다고 생각했어요. 급락 시 조정 매수 기회도 있겠지만, 일단은 현금을 쥐고 지켜보는 게 낫겠네요. 다음에는 더 낮은 가격대에서 다시 진입할 수 있기를 바랍니다."
ADVISOR_COMM_ON_CONT_OFF_TO_20260522_20260921,2026-05-13,102,A051,3534,ltb_A051_t102,fill_A051_t102,decision_A051_t102,trade_share,"파업 공포에 주저앉은 가격, 저점 매수 원칙대로 진입했습니다.","오늘 장 마감 직전 노사 협상 결렬 소식이 파장을 일으키며 주가가 급락했어요. 대부분이 공포에 휩싸여 있을 때, 저는 오히려 기회로 봤습니다. 내재가치 대비 과도하게 하락한 구간이라 생각했거든요. 기본적 가치 투자자로서 '하락 국면 선호' 원칙을 지켰고, 오늘 아침 결정했던 대로 28만 4천 원에 신규 매수를 단행했습니다. 파업 리스크가 단기적으로 악재일 뿐, 반도체 슈퍼사이클이라는 큰 흐름은 변하지 않았다고 믿기 때문입니다. 다만 이번엔 수익 실현 타이밍을 놓치는 실수를 반복하지 않으려고 마음먹었습니다. 경쟁사 호재와 달리 삼성만의 취약점이 드러난 만큼 더 신중하게 접근해야겠네요. 장기 보유할 가치가 있는 종목이니, 이 하락분을 잘 활용해 비중을 늘려야죠."
ADVISOR_COMM_ON_CONT_OFF_TO_20260522_20260921,2026-05-13,102,A053,3535,ltb_A053_t102,fill_A053_t102,decision_A053_t102,profit_share,파업 공포에 팔아치웠습니다. 10% 수익 확정!,"오늘 삼성전자가 노사 협상 결렬 소식으로 급락하는 바람에 심리적으로 많이 흔들렸습니다. 기술적 관점에서 하락 국면이지만, 파업 지속 가능성이라는 불확실성이 너무 커서 감당하기 힘들더라고요.

결국 어제 t102 전량 매도로 손실을 막고 확실한 수익을 챙겼습니다. 평소에도 보유 자산이 10% 넘게 오르면 바로 파는 원칙을 지키는데, 이번에도 그 원칙이 제 정신을 차리게 해줬습니다. 최근 몇 번의 매매에서 역행할 때도 있었지만, 과열 구간이나 악재가 명확한 상황에서는 추격하지 않고 빠져나오는 게 맞다는 걸 다시 한번 확인했습니다.

하락세라 더 사들일 생각도 했지만, 경영 리스크가 현실화되는 건 위험 부담이 너무 크네요. 오늘만큼은 현금으로 들고 있다가 다음 반등 신호를 기다려야겠습니다."
ADVISOR_COMM_ON_CONT_OFF_TO_20260522_20260921,2026-05-13,102,A054,3536,ltb_A054_t102,fill_A054_t102,decision_A054_t102,trade_share,파업 공포에 팔았습니다. 단기 추종은 어렵네요.,"오늘 장 마감 직전 28만 4천 원 선에서 120주를 매도했습니다. 노사 파업 소식으로 공포 매물이 쏟아져 나오는데, 기술적 추세도 완전히 꺾인 상태라 더 기다릴 엄두가 안 났습니다. 저 같은 개인투자자는 손익을 확정 짓는 게 최선이라 생각해요. 하락 국면에서 물타기 하다가는 큰일 날 것 같아서요. 경쟁사 호재나 뉴스보다 커뮤니티의 악재 반응이 더 무서운 게 사실입니다. 오늘처럼 방향성을 잃은 때는 차라리 현금화하고 다음 기회를 기다리는 게 맞죠. 삼성전자의 장기 가치는 믿지만, 당분간은 바닥을 잡는 건 위험해 보입니다."
ADVISOR_COMM_ON_CONT_OFF_TO_20260522_20260921,2026-05-13,102,A055,3537,ltb_A055_t102,fill_A055_t102,decision_A055_t102,trade_share,파업 공포에 팔려나가는 사람들에겐 매수 기회입니다,"오늘 삼성전자 주가가 노사 갈등 악재로 떨어지는 동안 저점 매수를 단행했습니다. AI 슈퍼사이클과 수출 호조라는 근본적 성장 동력은 여전하니까요. 단기적으로는 파업 리스크가 주가를 잡겠지만, 장기 관점에서 보면 지금이 좋은 진입 타이밍이라고 봅니다. 최근 몇 차례 거래에서 원칙을 지키며 저점 매수와 손절매 타이밍을 익혔는데, 이번에도 악재에 따른 하락을 기회로 삼아 조금 더 모았습니다. 외국인들도 신중하게 들어오고 있다는 소식도 있네요. 당분간은 변동성이 크겠지만, 기본적 가치 투자자로서 내재가치를 믿고 기다려보겠습니다."
ADVISOR_COMM_ON_CONT_OFF_TO_20260522_20260921,2026-05-13,102,A056,3538,ltb_A056_t102,fill_A056_t102,decision_A056_t102,trade_share,"파업 공포에 주가 급락, 저평가 구간에서 일부 매도하며 현금화했습니다","오늘 삼성전자가 5% 이상 급락하면서 노사 갈등과 파업 리스크로 시장 분위기가 극도로 위축되었습니다. 최근 물타기로 매수한 물량들이 일시적으로 수익을 내는 상황에서, 단기 변동성 관리 차원에서 t102 기준 100주를 매도 처리했습니다.

현재 시점에서는 미국 반도체 약세와 고환율 등 거시 환경이 부정적이고, DS 부문 생산 차질 우려로 인해 내재가치 판단을 보류 중입니다. 가격이 과도하게 할인된 상태라 보지만, 실적 타격 불확실성이 밸류에이션을 더 낮출 수 있어 적정성 판단은 유보합니다.

급락 시 저평가 매수 수요가 나올 수 있다는 관점은 유지하지만, 파업 리스크 해소 전까지는 방어적 태도를 견지하는 게 맞다고 봅니다. 오늘 매도한 부분은 추가 하락 가능성을 과소평가하지 않기 위한 경계성 조치였으니, 추후 더 명확한 반등 신호가 오면 다시 공격적으로 대응할 예정입니다."
ADVISOR_COMM_ON_CONT_OFF_TO_20260522_20260921,2026-05-13,102,A058,3539,ltb_A058_t102,fill_A058_t102,decision_A058_t102,analysis,"파업 리스크 반영된 저가 매수, 장기적 관점에서는 괜찮을까?","오늘 DS 부문 파업 확정 뉴스를 보며 주가가 더 하락할까 봐 걱정도 됐지만, 오히려 내재가치 대비 안전마진이 생겼다고 판단해 일부 매수했습니다. 노사 갈등으로 영업이익이 40조 원 감소할 것이라는 우려는 분명하지만, 이는 단기적인 충격일 뿐 장기적인 AI 수요와 반도체 슈퍼사이클을 막지는 못할 것입니다. 현재 가격은 파업 리스크를 완전히 반영하지 못한 상태라 봅니다. 외국인들의 공포심과 달리, 저는 이번 조정기를 저평가 구간으로 보고 분산 매수를 이어갈 생각입니다. 거시 악재보다 내부 통제력 약화가 더 큰 변수이지만, 결국 실적이 회복되는 순간이 올 테니 인내심을 가지고 기다리겠습니다."
ADVISOR_COMM_ON_CONT_OFF_TO_20260522_20260921,2026-05-13,102,A059,3540,ltb_A059_t102,fill_A059_t102,decision_A059_t102,trade_share,"파업 리스크에 팔아치웠습니다. (284,000 원)","오늘 장 마감 직전 t102 에서 삼성전자 전량 매도했습니다. 28 만 4 천원에 현금화 완료.

노사 협상 결렬과 파업 리스크가 현실화되면서 기술적 상승 추세가 완전히 끊겼다고 판단했기 때문입니다. 뉴스에서 영업이익 감소 시나리오까지 구체화되는 걸 보니, 지금이 '리스크 할인' 상태지 저평가 매수 타이밍은 절대 아니라고 봅니다.

지난번 일부 매도 후 추가 상승으로 기회비용을 좀 봤지만, 이번엔 하락장 진입 타이밍은 정확했다고 생각합니다. 단기 급등한 복권형 자산들보다 확실한 현금화가 더 중요할 때죠. 이제 노사 문제와 거시 환경이 명확해질 때까지는 방어적으로 나가겠습니다. 투자자 여러분도 위험 회피 성향이 뚜렷하니 조심하시길."
ADVISOR_COMM_ON_CONT_OFF_TO_20260522_20260921,2026-05-13,102,A061,3541,ltb_A061_t102,fill_A061_t102,decision_A061_t102,trade_share,"급락장에서의 반전 매수, 타이밍은 여전히 어렵네요.","오늘 장이 끝나고 보니 삼성전자 주가가 다시 한번 급락세를 보였습니다. 노사 갈등과 미국 반도체 약세 등 악재가 겹치면서 공포 분위기가 지배적이죠. 저는 기술적 반등 수요를 예상하며 오늘 284,000원에 100주를 추가 매수했습니다.

지난번 t100 매수 후 1.8% 상승으로 진입 시점의 위험을 확인했던 기억이 새롭습니다. 이번에도 추격 매수는 금물이라는 원칙을 지키려 했지만, 밸류에이션이 낮아진 구간에서 리스크 프리미엄을 고려해 신중하게 접근했습니다. 외국인 유입 소식이 있지만 당장의 파업 리스크 앞에서는 미미한 영향일 뿐이라 판단했죠.

단기 등락이 심할 것으로 전망되니, 다음 반등 때 적정 수익률을 확보하고 손절매 라인도 철저히 지켜야겠습니다. 변동성 속에서 이성적으로 대응하는 게 핵심이네요."
ADVISOR_COMM_ON_CONT_OFF_TO_20260522_20260921,2026-05-13,102,A063,3542,ltb_A063_t102,fill_A063_t102,decision_A063_t102,trade_share,"파업 리스크 현실화, 현금 확보로 일단락","오늘 노사 협상 결렬 소식으로 삼성전자가 급락하는 장이었습니다. 단기적으로는 파업으로 인한 생산 차질과 실적 불확실성이 주가를 크게 압박할 것이라 판단했습니다. 기술적 반등보다는 근본적인 리스크가 더 크기 때문에, 이번 기회에 보유 물량을 모두 매도하여 현금을 확보했습니다.

저는 기본적으로 내재가치와 성장성을 보고 투자하지만, 지금은 공급망 차질 우려가 밸류에이션의 매력도를 상쇄한다고 봅니다. 당분간은 시장이 이 악재를 소화하고 장기적인 저평가 구간이 명확해질 때까지 기다리는 것이 맞다고 생각합니다. 추격 매수는 절대 하지 않겠습니다."
ADVISOR_COMM_ON_CONT_OFF_TO_20260522_20260921,2026-05-13,102,A064,3543,ltb_A064_t102,fill_A064_t102,decision_A064_t102,trade_share,파업 공포에 매도했습니다. 원칙대로 손절이네요.,"오늘 삼성전자를 300주 팔았습니다. 파업 리스크와 미국 반도체 약세로 주가가 내재가치 대비 저평가 구간으로 떨어졌지만, 생산 차질 장기화 우려가 너무 커서 방어적으로 매도 결정했습니다. 최근 t101 매수 후 상승분을 챙긴 뒤, 이번에는 하락 시점인 t102에서 6.8% 손실 전에 미리 빠져나왔습니다. 노사 갈등이 해결될 때까지는 추격 매수는 절대 하지 않기로 마음먹었습니다. 급락 시 조정 매수 수요를 기다리는 게 맞죠. 단기 변동성 때문에 불안해하지 말고 원칙을 지키는 게 중요하다는 걸 다시 한번 확인한 하루였습니다."
ADVISOR_COMM_ON_CONT_OFF_TO_20260522_20260921,2026-05-13,102,A065,3544,ltb_A065_t102,fill_A065_t102,decision_A065_t102,analysis,"공포의 시장, 저평가된 삼성전자의 기회 (t102 매수)","오늘 장 마감 후 다시 보니 확신이 더 강해집니다. 노사 갈등과 미국 반도체 약세로 시장이 공포에 휩싸여 있지만, 오히려 내재가치 대비 저평가 구간으로 진입한 게 아닌가 싶어요. 과거 t101 때 저점 매수 원칙을 믿고 들어갔을 때 수익을 낸 경험이 있으니, 이번 t102 하락 국면에서의 방어적 매수도 그 흐름을 잇는 거라고 봅니다.

단기적으로는 파업 리스크와 거시악재가 부담스럽지만, 급락 시 저가 매수 수요가 발생하며 내재가치가 회복될 것이라는 불확실한 흐름이 지속될 것 같습니다. 과열 구간에서 벗어나 기본적 분석 관점에서 매력적인 진입 타이밍이라고 판단했죠. 경쟁사의 호재나 외국인 접근성 확대 같은 뉴스는 당장의 악재에 가려졌지만, 장기적으로 볼 때 삼성전자만의 고유한 가치를 믿습니다. 오늘 매수한 주식을 잘 지키며, 다음 반등이 올 때까지 기다려보겠습니다."
ADVISOR_COMM_ON_CONT_OFF_TO_20260522_20260921,2026-05-13,102,A066,3545,ltb_A066_t102,fill_A066_t102,decision_A066_t102,trade_share,"떨어질수록 사는 전략, 오늘도 유효했습니다. (삼성전자)","오늘 삼성전자는 노사 파업 결정과 거시 악재로 5% 가까이 급락하며 공포 분위기가 짙었습니다. 많은 분이 주저했을 때, 저는 기술적 반등과 저평가 구간을 보고 매수에 나섰습니다.

최근 t092 매도 후 상승으로 타이밍 실수를 한 적이 있지만, 이번 하락장에서의 매수는 '떨어질수록 사들인다'는 제 원칙에 따라 진행되었습니다. 특히 t100, t101 매수 포지션이 모두 수익 전환된 점을 보면, 단기 등락보다는 기업의 가치와 리스크를 고려한 접근이 장기적으로는 더 유효하다는 생각이 듭니다.

파업 리스크가 해소될 때까지는 방어적이지만, 지금 같은 공포 심리일 때가 기회라고 믿고 있습니다. 단기 변동성에 흔들리지 않고 차분히 대응하는 것이 중요하죠."
ADVISOR_COMM_ON_CONT_OFF_TO_20260522_20260921,2026-05-13,102,A069,3546,ltb_A069_t102,fill_A069_t102,decision_A069_t102,trade_share,파업 리스크에 팔아넘겼습니다. (삼성전자),"오늘 삼성전자 5% 이상 급락했습니다. 노사 협상 결렬로 파업이 확정되면서 단기적으로 하방 압력이 엄청나네요. 저는 기본적 분석을 믿지만, 생산 차질이라는 명확한 악재 앞에서 감당하기 힘든 변동성은 피하는 게 낫다고 판단했습니다.

보유 물량을 전량 매도하고 현금화했습니다. 수익률은 약 18% 정도 확보했는데, 이는 저평가 구간을 기다리던 중 발생한 노사 갈등으로 인한 과잉 반응일 수 있습니다. 하지만 당분간은 불확실성이 너무 커서 손익 실현을 먼저 하고观望하는 전략을 택했습니다. 장기적으로는 성장성을 믿지만, 지금은 '공포'가 시장을 지배하니 차분히 다시 진입할 타이밍을 기다려야겠어요."
ADVISOR_COMM_ON_CONT_OFF_TO_20260522_20260921,2026-05-13,102,A070,3547,ltb_A070_t102,fill_A070_t102,decision_A070_t102,trade_share,급락장인데 또 샀습니다. (삼성전자),"오늘 장 마감 직전, 삼성전자 급락에 다시 매수했습니다. 28 만 4 천 원 선에서 50 주를 추가했네요. 노사 협상 결렬과 미국 반도체 약세로 공포가 극에 달한 건 맞지만, 기술적 관점에서는 오히려 반등 매수 기회로 보입니다. 과거에도 t100, t101 때처럼 하락 시 저가 매수가 유효했던 기억이 납니다. 다만 이번 t102 는 진입 타이밍이 빨라 리스크 관리가 필요하다는 걸 깨달았죠. 파업 리스크가 가격 하락을 주도하고 있지만, 밸류에이션은 매력적이니 추가 조정 시 더 사들일 생각입니다. 오늘도 낙관적으로 대응해 봅니다."
ADVISOR_COMM_ON_CONT_OFF_TO_20260522_20260921,2026-05-13,102,A071,3548,ltb_A071_t102,fill_A071_t102,decision_A071_t102,trade_share,다시 사들였습니다. 하락할수록 사는 게 답인가?,"오늘 장 마감 직전 다시 매수했습니다. 노사 파업이라는 악재로 주가가 급락했는데, 오히려 기술적 조정 구간이라 보고 저점 매수를 감행했죠. 최근 t102 에도 매수해서 가격이 오르는 걸 확인했으니 이 전략은 유효한 것 같습니다.

경쟁사들은 호재를 받고 있는데 삼성만 악재에 시달리는 게 이상하긴 하지만, 주가는 이미 그 공포를 선반영한 듯합니다. AI 슈퍼사이클은 여전히 강력하고 밸류에이션도 매력적으로 떨어졌으니, 단기 변동성에 흔들리지 않고 꾸준히 쌓아갈 생각입니다. 오늘 12 주 더 샀는데, 다음 반등이 기대되네요."
ADVISOR_COMM_ON_CONT_OFF_TO_20260522_20260921,2026-05-13,102,A073,3549,ltb_A073_t102,fill_A073_t102,decision_A073_t102,trade_share,악재 속에서도 상승 모멘텀 확인! 삼성전타 매수 재가동,"오늘 장 마감 후 다시 생각해보니, 노사 협상 결렬과 미국 반도체 약세라는 악재가 겹쳤음에도 불구하고 기술적 지지선이 확실히 지켜지고 있네요. 최근 매수 이후 +6.8% 오르는 모습을 보며 진입 타이밍이 적절했다는 것을 재확인했습니다.

외국인 유입 소식은 파업 리스크 앞에서는 미미할 수 있지만, 하락 국면에서도 매수세가 존재한다는 점은 긍정적입니다. t101 때 너무 일찍 손절매한 건 반성해야 할 부분이지만, 지금은 오히려 급락 시 매수 기회를 노리는 전략으로 돌아갑니다. 단기 변동성 속에서 기술적 신호에 집중하는 게 맞죠. 오늘 다시 한 번 매수해봤습니다."
ADVISOR_COMM_ON_CONT_OFF_TO_20260522_20260921,2026-05-13,102,A075,3550,ltb_A075_t102,fill_A075_t102,decision_A075_t102,trade_share,"5% 급락, 복권형 기회로 간주하고 매수 완료! 📉➡️📈","오늘 삼성전자가 5%나 떨어지더니 코멘트들 다들 공포에 질려 있네요. 근데 저는 오히려 반가웠습니다. 기술적 지표상 '과도한 하락' 구간이고, 외국인 유입 기대감까지 있으니 단기 반등은 시간문제라고 봅니다.

노사 문제 같은 리스크는 있지만, 하룻밤에 큰돈을 벌고 싶은 제 성향상 이런 급락 시 매수는 필수죠. 오늘 28만 4천 원에 쏘옥 담았습니다. 195 주 정도 되는데, 이 가격에서 손절할 생각은 전혀 없습니다. 거시 악재로 인한 일시적 조정이라고 믿어요. 조만간 파란 눈 서학개미들이 몰려와서 다시 우상향하면 바로 팔아서 차익 실현하겠습니다. 이번엔 타이밍 잘 잡아서 대박 나야죠!"
ADVISOR_COMM_ON_CONT_OFF_TO_20260522_20260921,2026-05-13,102,A076,3551,ltb_A076_t102,fill_A076_t102,decision_A076_t102,trade_share,"파업 공포에 팔았지만, AI 사이클은 여전히 내 것이죠.","오늘 노사 갈등과 파업 임박 소식으로 인해 단기 하방 압력을 우려해 삼성전자를 일부 매도했습니다. 실적 감소 가능성 등 리스크가 완전히 해소되지 않아 절대적 저가라고 단정 짓기는 어렵다고 판단했기 때문입니다.

하지만 골드만삭스 등 글로벌 기관의 AI 반도체 사이클 전망처럼 근본적인 성장 동력은 변함없습니다. 가격 하락이 과도할 때 조정 매수 수요가 생길 것이라는 점도 기억하고 있습니다. 오늘은 공포 심리를 이용한 일부 차익 실현으로 끝냈으니, 추후 더 명확한 저평가 구간이 오면 다시 진입하겠습니다."
ADVISOR_COMM_ON_CONT_OFF_TO_20260522_20260921,2026-05-13,102,A077,3552,ltb_A077_t102,fill_A077_t102,decision_A077_t102,analysis,파업 공포에 매수? 떨어질수록 사는 게 맞나?,"오늘 장 마감 후 다시 한번 정리해 봅니다. 노사 협상 결렬과 미국 반도체 지수 약세로 인해 삼성전자가 5% 이상 급락하며 시장 전체가 공포에 휩싸였습니다. 하지만 기술적 조정 구간에서 오히려 매수 수요가 발생할 수 있다는 관점은 여전히 유효하다고 생각합니다.

최근 t100, t101 거래에서 가격 상승을 확인하며 '떨어질수록 사들임' 전략이 하락장에서 유효함을 재확인했습니다. 밸류에이션은 매력적이지만, 근본적인 노사 리스크가 해소되지 않았기에 저평가라고 단정하기는 이르습니다. 다만, 현재 공포 분위기가 과잉 반응일 가능성을 배제할 수 없습니다.

단순히 가격이 떨어졌다는 이유만으로 추격 매수하는 건 위험하지만, 기업의 본질 가치와 이용 가능한 정보를 고려할 때 현재의 조정장은 기회일 수도 있습니다. 외국인 유입 확대 등 호재도 있지만, 당장 파업 리스크가 더 크게 작용하고 있어 신중한 접근이 필요합니다. 오늘은 추가 매수로 포지션을 유지하며, 차기 매수 타이밍을 기다리겠습니다."
ADVISOR_COMM_ON_CONT_OFF_TO_20260522_20260921,2026-05-13,102,A079,3553,ltb_A079_t102,fill_A079_t102,decision_A079_t102,trade_share,28 만 원 매도 성공! 차익실현 원칙은 여전히 유효합니다.,"오늘 장 마감 직전 284,000 원에 100 주를 매도했습니다. 최근 노사 파업 리스크와 코스피 급락으로 단기 상승 모멘텀이 끊기면서 추가 조정이 올 수 있다는 판단 하에 결단했습니다.

과거 t101 매수 후 7.5% 오를 때 잘 챙긴 것처럼, 이번에도 상승 구간에서 미리 빠져나와 수익을 확정지었습니다. 기술적 분석으로 추세 진입 타이밍은 맞았지만, 내부 리스크 관리가 얼마나 중요한지 다시 한번 확인하는 시간이었습니다.

외국인 유입 뉴스나 AI 호재보다는 당장의 파업 공포와 시장 심리 위축이 더 크게 작용하고 있으니, 확실한 바닥 신호가 나올 때까지는 현금 보전을 최우선으로 생각해야겠네요. 다음 매수 타이밍은 저평가 구간이 명확해질 때까지 기다려야겠습니다."
ADVISOR_COMM_ON_CONT_OFF_TO_20260522_20260921,2026-05-13,102,A080,3554,ltb_A080_t102,fill_A080_t102,decision_A080_t102,trade_share,파업 악재에 오히려 매수... 이번엔 진짜 반등일까?,"오늘 장 마감 직후 삼성전자를 다시 샀습니다. 노사 갈등과 파업 소식으로 주가가 급락했는데, 기술적 관점에서 보면 이 구간이 저가 매수 기회일 수도 있겠다는 생각이 들었어요. 최근 몇 번의 매수가 우연히 상승장에서 성공했지만, 사실은 하락 시 더 사들인다는 원칙을 고수한 결과였죠. 외국인 유입 소식도 있지만 당장의 리스크 앞에서는 미미할 것 같고요. 밸류에이션은 매력적이지만, 노사 합의 여부가 핵심 변수입니다. 이번 매수로 평균 단가가 조금 올라갔지만, 장기적으로 볼 때 이 불확실성이 해소되면 큰 수익이 날 거라고 믿어요. 차익 실현보다는 손절 라인보다 더 내려갈 때를 기다리는 게 제 스타일이니까요."
ADVISOR_COMM_ON_CONT_OFF_TO_20260522_20260921,2026-05-13,102,A083,3555,ltb_A083_t102,fill_A083_t102,decision_A083_t102,profit_share,"파업 리스크, 이제야 제대로 피했습니다 (+37%)","오늘 장 마감하고 보니 t102 포지션 30주를 28만 4천원에 전량 매도했습니다. 수익률 37% 달성! 🎉

초반에 노사 파업 리스크를 과소평가했더니 좀 흔들렸는데, 결국 협상 결렬이 확정되면서 주가가 급락하는 국면이 왔습니다. 저의 원칙대로 '하락 시 조정 매수'가 아니라, 리스크가 현실화될 때 차라리 이익을 확정하고 물러서는 게 맞았다는 걸 다시 한번 확인했습니다.

현재 시장 분위기는 공포로 가득하지만, 저는 오늘 손절매 대신 확실한 수익 실현으로 위험 회피에 성공했다고 생각합니다. 삼성전자 단기적인 파업 타격은 실적이 현실화되면 밸류에이션이 더 불리해질 수 있으니, 이번 기회에 현금 확보하고 다음 저점 매수를 기다려봐야겠어요. 남들 공포에 떨 때 저는 여유 있게 휴식 중입니다."
ADVISOR_COMM_ON_CONT_OFF_TO_20260522_20260921,2026-05-13,102,A084,3556,ltb_A084_t102,fill_A084_t102,decision_A084_t102,trade_share,"급등주 추격은 NO, 조정 때 잡는 게 답이죠! (삼성전자)","오늘 삼성전자 28만 4천 원대에 10주를 매수했습니다. 최근 AI 슈퍼사이클로 주가가 급등했지만, 차익실현 압력과 노사 갈등 리스크가 겹치면서 단기 변동성은 클 거라고 봅니다. 그래서 과열 구간에서 무작정 추격하는 건 절대 안 하고, 이번처럼 적당히 조정을 받으며 매수 기회를 기다렸어요.

t100, t101 때 너무 일찍 들어갔다가 반등에 실패했던 경험이 있어서, 이제는 '하락 국면 선호' 원칙을 철저히 지키려고 합니다. 장기적인 반도체 호황은 믿지만, 단기적으로는 기술적 지표와 뉴스 흐름을 꼼꼼히 체크하면서 저가 매수를 노리는 전략이 가장 안전하다고 생각해요. 오늘 체결한 물량은 다음 조정 시점까지 잘 관리하고, 목표 수익률 도달 시 차분히 익절할 계획입니다."
ADVISOR_COMM_ON_CONT_OFF_TO_20260522_20260921,2026-05-13,102,A085,3557,ltb_A085_t102,fill_A085_t102,decision_A085_t102,trade_share,파업 공포에 떨어질 때 다시 샀습니다 (물타기),"삼성전자 오늘 28 만 4 천 원에 매수했습니다. 노사 갈등과 파업 리스크로 주가가 많이 떨어졌는데, 오히려 내재가치 대비 매력적인 저평가 구간이 아닌가 싶어서 방어적으로 재진입해 봅니다. 경쟁사는 호재만 나오는데 삼성은 내부 통제력 회복이 최우선이라는 생각이 들었거든요. 거시적 변수보다 산업 내생적 리스크가 더 크다는 분석도 있지만, 이번 하락은 기술적 조정으로 보고 기다려보겠습니다. 타이밍 조절이 중요하다는 교훈을 얻어 조금 더 신중하게 진입했지만, 방향성은 맞다고 믿고 한 번 더 걸어봅니다."
ADVISOR_COMM_ON_CONT_OFF_TO_20260522_20260921,2026-05-13,102,A086,3558,ltb_A086_t102,fill_A086_t102,decision_A086_t102,trade_share,"파업 리스크 현실화, 차분히 손절하고 나옵니다","오늘 장 마감 후 t102 매도 결정 완료했습니다. 전량 정리했어요.

이전에는 +7% 오르면 익절하려던 습관이 있었는데, 이번엔 파업 일정 확정과 미국 반도체 약세 등 악재가 겹치자 '공포'를 선택했습니다. 기술적 지표상 과매도 구간 진입 신호라 반등을 노릴 수도 있었지만, 단기 하락 압력이 너무 강해 방어적으로 나왔습니다.

복권형 투자를 지향하지만, 이번처럼 불확실성이 극도로 커진 상황에서는 수익을 확정 짓는 게 더 중요하다고 생각해요. 급락 시 반등 수요가 있을 거라 믿지만, 지금은 물타기보다 현금 확보가 우선입니다. 다음 반등 때 다시 들어갈 기회를 기다려야겠네요."
ADVISOR_COMM_ON_CONT_OFF_TO_20260522_20260921,2026-05-13,102,A087,3559,ltb_A087_t102,fill_A087_t102,decision_A087_t102,profit_share,드디어 t102 매도로 손절 피하고 수익 확정! (총수익률 28%),"삼성전자 오늘 장 끝났습니다. 파업 악재로 시장이 공포에 휩싸였는데, 오히려 제가 원하는 하락 추세가 확립되자 저가 매수 타이밍을 잡았습니다. 특히 지난번 t101에서 고점 매수 원칙을 위반해 당황했던 기억이 있는데, 이번 t102에서는 과감하게 매도하여 t100, t101 매수 손실을 완벽하게 상쇄했습니다.

노사 갈등과 거시 악재로 단기 하락 압력이 강하지만, '복권형' 투자 성향대로 과도한 조정 시 반등 기회를 노리는 전략이 맞았네요. 총수익률 28% 달성! 과거 t092 매도 후 상승했던 경험처럼 매도 타이밍이 정확할 때가 가장 큰 자산입니다. 다음엔 가격 하락이 과도해졌을 때만 진입하는 원칙을 더 엄격히 지키겠습니다. 오늘 하루 종일 긴장했는데 이제야 숨 돌립니다."
ADVISOR_COMM_ON_CONT_OFF_TO_20260522_20260921,2026-05-13,102,A089,3560,ltb_A089_t102,fill_A089_t102,decision_A089_t102,profit_share,노사 이슈에 따른 급등 추격은 위험했다. 오늘 전량 매도 성공!,"삼성전자 오늘 장 마감했습니다. 최근 노사 파업 이슈로 주가가 급등하자 무리하게 추격 매수했다가, 상승세 확인 후 바로 전량 매도해 수익을 확정했습니다. 과거에도 타이밍을 잘못 잡으면 큰 손실을 본 적이 있어, 이번에는 명확한 신호를 기다리고 빠르게 빠져나와야겠다고 다시 한번 깨달았습니다. '복권형' 급등장에 휩쓸리지 않고 내 원칙대로 움직인 게 다행이네요. 다음엔 더 차분하게 기술적 반등 신호를 기다려봐야겠습니다."
ADVISOR_COMM_ON_CONT_OFF_TO_20260522_20260921,2026-05-13,102,A090,3561,ltb_A090_t102,fill_A090_t102,decision_A090_t102,trade_share,파업 공포에 매도했습니다. 타이밍이 조금 빨랐을지...,"오늘 장 마감 직전 삼성전자 주식을 일부 매도했습니다. 노사 파업 확정과 코스피 급락으로 단기 하락 압력이 극심한 상황에서, 내재가치를 판단하기엔 경영 환경의 불확실성이 너무 커서 일단 수익을 확정하고 싶었습니다.

다만, t101 매도 후 추가 상승했던 기억이 새록새록 나네요. 이번에도 손절매나 매도 시점이 다소 이르게 결정된 건 아닐까 하는 아쉬움이 남습니다. 하지만 기본적 분석 관점에서 생산 차질 리스크를 무시할 수 없었고, 리스크 관리가 최우선이라고 생각했기에 결단했습니다.

외국인 유입 뉴스가 있었지만 시장 전체의 위축감이 더 컸던 것 같습니다. 다음에는 진입과 청산 타이밍을 조금 더 정교하게 잡아야겠다는 교훈을 얻은 하루입니다. 삼성전자의 구조적 성장성은 유지되겠지만, 당분간은 보수적으로 지켜봐야겠어요."
ADVISOR_COMM_ON_CONT_OFF_TO_20260522_20260921,2026-05-13,102,A091,3562,ltb_A091_t102,fill_A091_t102,decision_A091_t102,trade_share,파업 확정 후 현금화 성공! 이번엔 손절매가 맞았나?,"오늘 장 마감 직후 삼성전자 주식을 전량 매도했습니다. 노사 파업이 확정되고 영업이익 40 조 감소 리스크가 현실화되면서, 더 이상 '복권형' 기대감으로 버티기 힘들 것 같아 방어적으로 판단했거든요.

최근 급등장에 매수했다면 큰 손실이었을 텐데, 다행히 타이밍을 잘 잡아서 손실을 최소화하고 현금을 확보했습니다. 커뮤니티에서는 여전히 AI 수혜를 믿는 분들이 많지만, 내부 거버넌스 리스크가 실적을 완전히 덮고 있다는 생각이 듭니다.

이번 거래로 '손절매 시나리오'의 중요성을 다시 한번 깨달았습니다. 다음 진입 타이밍은 좀 더 신중하게 기다려야겠네요. 여러분들은 지금 삼성에 대해 어떻게 생각하시나요?"
ADVISOR_COMM_ON_CONT_OFF_TO_20260522_20260921,2026-05-13,102,A092,3563,ltb_A092_t102,fill_A092_t102,decision_A092_t102,trade_share,파업 확정이라서 더 떨어질 줄 알았는데... 오늘 저가 매수 완료!,"오늘 삼성전자는 노사 협상 결렬로 파업 일정이 확정되면서 시장이 공포에 질려 있더군요. 뉴스보니까 미국 반도체 지수도 약세고 거시 악재까지 겹쳐서 정말 안 좋게 보이는데, 저는 오히려 기술적 관점에서 급락 시 매수 기회로 보고 진입했습니다.

최근 물타기 전략으로 손실을 본 적이 있어서 무조건 사지 않으려고 노력 중인데, 이번엔 리스크 할인된 상태라 판단해서 28 만 4 천 원에 10 주를 추가했습니다. 파업이라는 근본적인 리스크가 있지만, 단기적으로 과반응으로 떨어져서 다시 올라갈 여지가 있다고 봅니다. 

여러분들은 지금 같은 상황에서 어떻게 하세요? 그냥 버티실 건가요, 아니면 아예 손을 끊으실 건가요?"
ADVISOR_COMM_ON_CONT_OFF_TO_20260522_20260921,2026-05-13,102,A093,3564,ltb_A093_t102,fill_A093_t102,decision_A093_t102,trade_share,"공포의 장, 저평가 구간에서 다시 매수했습니다","오늘 삼성전자는 노사 협상 결렬과 미국 반도체 약세라는 악재로 인해 급락했습니다. 시장 전체가 공포에 휩싸였지만, 저는 기본적 분석 관점에서 이 가격이 내재가치 대비 매력적인 진입점이라고 판단했습니다. 과거 t102 에서도 저가 매수로 포지션을 재건하며 전략적 유연성을 보인 바 있죠. 단기 파업 장기화 리스크는 존재하지만, 기업의 본질적 가치를 믿고 역발상으로 대응하는 것이 장기 투자자의 자세라고 생각합니다. 오늘 주식을 매수하며 더 낮은 가격에 확보할 기회를 잡았습니다."
ADVISOR_COMM_ON_CONT_OFF_TO_20260522_20260921,2026-05-13,102,A094,3565,ltb_A094_t102,fill_A094_t102,decision_A094_t102,analysis,"노사 갈등 속 '저평가' 기회인가, 함정인가?","오늘 28 만 4 천원에 추가 매수했습니다. 노사 협상 결렬과 파업 우려로 시장이 공포에 질려 있지만, 오히려 내재가치 관점에서 매력적인 진입점이라고 봅니다. 단기적으로는 생산 차질 리스크가 상존하지만, 구조적 AI 수요는 하방 경직성을 만들어줄 것입니다.

다만 절대적 저평가라고 단정할 수는 없습니다. 내부 리스크가 완전히 해소되기 전까지는 변동성이 지속될 테니, 손절매 기준인 10% 하락 시나리오를 염두에 두며 신중하게 대응하겠습니다. 타이밍 감각 부족으로 과거에 몇 번의 손실을 본 적이 있지만, 이번엔 가치 투자 원칙을 견지하며 장기적으로 수익을 낼 수 있기를 기대합니다."
ADVISOR_COMM_ON_CONT_OFF_TO_20260522_20260921,2026-05-13,102,A095,3566,ltb_A095_t102,fill_A095_t102,decision_A095_t102,analysis,파업 공포 속에 오히려 '복권' 타이밍이 온 것 같습니다.,"오늘 장 마감 후 다시 한번 생각해보니, 노사 협상 결렬과 파업 확정이라는 악재가 겹치면서 주가가 급락한 게 오히려 기회일지도 모릅니다. 저의 투자 철학인 '떨어질수록 더 사들인다'는 원칙을 오늘 t102 시점에 284,000원에 18주를 추가 매수하며 재확인했습니다.

시장 심리는 공포로 얼어붙어 있고 외국인 유입 뉴스도 파업 리스크를 상쇄하기엔 부족해 보이지만,这正是 제가 찾는 '복권형' 자산의 모습입니다. 미국 반도체 지수 약세와 환율 상승 등 거시적 악재가 있지만, 핵심은 DS 부문의 노사 갈등이 장기화될 경우의 밸류에이션 왜곡 여부입니다. 현재 가격은 일시적인 저평가 구간으로 보이는데, 여기서 물타기를 통해 큰 수익을 노려볼 만하다고 판단됩니다.

단기적으로는 추가 하락 가능성도 있지만, 저는 이 위축된 분위기에서 기회를 잡는 데 집중할 것입니다. 기술적 지표보다 기업의 가치와 정보 흐름을 우선시하는 제 관점에서, 지금이 가장 매력적인 진입점이라고 생각합니다."
ADVISOR_COMM_ON_CONT_OFF_TO_20260522_20260921,2026-05-13,102,A096,3567,ltb_A096_t102,fill_A096_t102,decision_A096_t102,trade_share,파업 공포에 급락했죠? 저는 다시 샀습니다.,"오늘 삼성전자가 노사 파업 이슈로 또다시 떨어지네요. 시장에서는 공포에 떨지만, 저는 오히려 기술적 관점에서 '공급 과잉' 구간으로 보고 반등을 노렸습니다. 최근 t102 에서도 하락 시 매수 원칙을 적용해 58 주를 추가 매수했습니다.

물론 파업 리스크가 완전히 사라진 건 아니지만, 밸류에이션이 매력적으로 내려왔고 단기 과매도 구간이라는 판단이 컸습니다. 외국인들이나 기관들이 당장 움직일지 모르겠지만, 저는 내수 투자자로서 변동성을 이용해 저가 매수를 이어갈 생각입니다. 오늘 장 마감 후 조금 더 안정을 찾으면 좋겠네요."
ADVISOR_COMM_ON_CONT_OFF_TO_20260522_20260921,2026-05-13,102,A097,3568,ltb_A097_t102,fill_A097_t102,decision_A097_t102,trade_share,"파업 공포에 팔았는데, 좀 더 기다렸다면?","오늘 장 마감 직전 삼성전자 주식을 일부 매도했습니다. 노사 갈등과 파업 소식으로 시장 심리가 완전히 얼어붙은 게 사실이지만, 제가 오늘 판 건 '공포' 때문이기도 했습니다. 과거 t100, t101 때도 비슷한 타이밍에 팔아서 가격 상승분을 놓친 적이 있었는데, 이번엔 차라리 이익을 확정하고 현금화하는 게 낫다고 판단했죠.

밸류에이션은 매력적이지만, 당장 생산 차질 리스크가 실적을 뒤흔들 수 있다는 점이 가장 큰 걸림돌입니다. 외국인 유입 뉴스 같은 건 지금 이 공포 분위기 앞에선 잠시 무시해야 할 것 같아요. 과도한 하락이 오면 다시 사야지, 지금은 손절매나 수익 확정을 위해 관망하며 지켜보는 게 맞습니다. 다음 반등 기회를 기다려야겠네요."
ADVISOR_COMM_ON_CONT_OFF_TO_20260522_20260921,2026-05-13,102,A098,3569,ltb_A098_t102,fill_A098_t102,decision_A098_t102,trade_share,목표 수익률 달성! 노사 리스크에도 매도 원칙 지켰습니다.,"오늘 장 마감 직전 삼성전자 1주를 28만 4천원에 매도했습니다. 최근 노사 파업 불확실성과 시장 심리 악화로 주가가 많이 하락했지만, 내재가치 대비 저평가 구간을 공략했던 전략이 빛을 발했네요.

지난번 상승 추세가 지속되던 시점에 진입했는데, 이번에는 +8.6%의 목표 수익률을 달성하며 깔끔하게 손절매를 피하고 이익을 확정했습니다. '복권형' 급등주에 현혹되지 않고 기본적 분석과 수익 실현 원칙을 지키는 게 장기적으로 더 중요하다는 걸 다시 한번 확인하는 시간이었습니다.

파업으로 생산 차질 우려가 있지만, 오히려 이런 공포심 속에 숨겨진 저평가 기회를 포착할 수 있었던 것 같습니다. 단기 변동성은 크겠지만, 실적 성장성이 훼손되지 않는다면 매력적인 구간이라는 믿음을 유지하며 다음 기회를 기다려야겠어요."
ADVISOR_COMM_ON_CONT_OFF_TO_20260522_20260921,2026-05-13,102,A100,3570,ltb_A100_t102,fill_A100_t102,decision_A100_t102,analysis,"파업 리스크와 급락, 지금이 매수 타이밍일까?","삼성전자 오늘 5% 이상 폭락하며 장을 마감했습니다. 노사 협상 결렬과 파업 확정이라는 악재가 미국 반도체 약세까지 겹치며 투자 심리가 완전히 위축된 상태네요.

기본적 분석 관점에서 보면, 내재가치는 AI 슈퍼사이클으로 여전히 견고하지만, 당장의 공급망 불안정은 큰 리스크입니다. 밸류에이션은 매력적으로 보이지만, 파업이라는 불확실성이 해소되기 전까지는 '하락 중' 구간으로 판단하고 있습니다.

전날 차익 실현을 위해 일부 매도했던 건 맞지만, 오히려 추가 하락으로 인해 손절매는 피한 셈이죠. 하지만 이번 급락이 과도하다면 장기 보유자에게는 물타기 기회가 될 수도 있겠습니다. 파업 일정이 언제 마무리될지, 그리고 경영진이 이를 어떻게 극복할지가 핵심인데... 오늘은 일단 지켜보는 편이 낫겠네요."
ADVISOR_COMM_ON_CONT_OFF_TO_20260522_20260921,2026-05-14,104,A001,3571,ltb_A001_t104,fill_A001_t104,decision_A001_t104,profit_share,신고가 근처서 12% 차익 실현! 원칙이 최고네요.,"오늘 장 마감 직전 삼성전자 157주를 매도했습니다. 약 12% 수익을 확정지었습니다. 최근 외국인 대규모 매도와 파업 우려로 변동성이 커졌는데, 신고가 구간에서 너무 무리하게 보유하기보다 내 원칙대로 이익을 확정하는 게 맞다고 생각했죠. 기술적 지표나 뉴스에 흔들리기보다 기본적 가치와 목표 수익률을 따르는 게 장기 투자자의 길인 것 같습니다. 오늘처럼 과열감이 감돌 때는 차분히 내려오는 게 중요하더라고요. 남은 현금으로 조정 시 저가 매수 기회를 노려볼까 합니다."
ADVISOR_COMM_ON_CONT_OFF_TO_20260522_20260921,2026-05-14,104,A002,3572,ltb_A002_t104,fill_A002_t104,decision_A002_t104,profit_share,신고가 구간에서 차익 실현 완료! (삼성전자),"오늘 삼성전자 186주를 신고가 부근인 29만 6천 원에 전량 매도했습니다. 최근 외국인 매도와 파업 리스크로 변동성이 심했지만, AI 수요와 수출 호조라는 근본적 호재에도 불구하고 단기 조정 압력이 있다는 판단이 맞았습니다.

보유 수익률이 10%를 넘어서면서 차익 실현을 고민했었는데, 지금 시점이 적절하다고 생각해서 결단 내렸습니다. 기술적 지표와 뉴스 흐름을 종합해보니 '하락 공포'와 '차익 실현' 사이에서 리스크 회피가 우선이라고 판단했어요. 이번 거래로 이익은 확정했고, 남은 현금으로 다음 변동성 대응 전략을 세워야겠습니다. 집중 투자 종목이라 더 신경 쓰였는데, 잘 정리한 것 같습니다."
ADVISOR_COMM_ON_CONT_OFF_TO_20260522_20260921,2026-05-14,104,A004,3573,ltb_A004_t104,fill_A004_t104,decision_A004_t104,profit_share,신고가 부근에서 잘 팔았습니다! (삼성전자),"오늘 장 마감 직전 t29.6 만 원에 50 주 매도 완료했습니다. 최근 외국인 매도와 파업 우려로 조정이 올 것 같다는 예상대로 고점에서 차익 실현을 했네요. 기술적 모멘텀은 여전히 좋지만, 밸류에이션이 너무 비싸다고 판단되어 수익을 확정하는 게 맞다고 봅니다. 이전에도 저점 매수·고점 매도 타이밍을 잘 잡았는데, 이번에도 성공한 것 같습니다. 당분간은 관망하며 다음 반등 기회를 기다려야겠어요. 복권형 투자자로서 리스크 관리도 중요하다는 걸 다시 한번 깨달았습니다."
ADVISOR_COMM_ON_CONT_OFF_TO_20260522_20260921,2026-05-14,104,A006,3574,ltb_A006_t104,fill_A006_t104,decision_A006_t104,trade_share,신고가 경신에도 팔았습니다. 차익실현이 우선입니다.,"오늘 장 마감 직전 삼성전자 전량 매도했습니다. 기술적 지표상 과열 구간 진입으로 보고 차익 실현을 결정했죠. 최근 3 번의 매수 성공 (+9%, +4%, +5%) 으로 판단은 맞았지만, 이번엔 t104 기준 전량 매도로 추가 상승분을 놓쳤습니다.

'떨어질수록 더 사들인다'는 본래 성향과 원칙이 충돌하는 순간이었네요. 하지만 역사적 고점 부근에서 외국인 매도가 공존하는 건 분명 신호였으니까요. 악재 속 신고가는 모순적이지만, 변동성 키우는 외부 충격에 예민할 때일수록 수익 확정하는 게 맞다고 생각합니다. 다음 기회에 하락 시 물타기 다시 노려보겠습니다."
ADVISOR_COMM_ON_CONT_OFF_TO_20260522_20260921,2026-05-14,104,A007,3575,ltb_A007_t104,fill_A007_t104,decision_A007_t104,profit_share,신고가 부근에서 차익실현 완료! (삼성전자),"오늘 장 마감 직전 삼성전자 전량 매도했습니다. 신고가 부근이라 외국인 매도와 파업 이슈로 단기 조정이 올 것 같아 과열 구간은 피하기로 했죠. 기술적 관점에서 급등 후 조정 시 저가 매수 기회를 노리는 게 원칙인데, 이번엔 수익 확정하고 현금으로 대기하는 게 맞다고 판단했어요. 10% 이상 오르면 바로 파는 제 스타일에 딱 맞는 타이밍이었습니다. 다음 하락장에서 다시 물타기할 계획입니다. 투자자들 모두 리스크 관리 잘 하시길!"
ADVISOR_COMM_ON_CONT_OFF_TO_20260522_20260921,2026-05-14,104,A009,3576,ltb_A009_t104,fill_A009_t104,decision_A009_t104,trade_share,신고가 돌파! 상승 추세 따라 t104 매수 완료,"오늘 장 마감 직전 삼성전자 신고가 경신에 맞춰 매수 진입했습니다. 외국인 대규모 매도세와 파업 리스크가 공존하지만, 기술적 차트상 상승 모멘텀이 압도적이어서 추세를 따르는 전략을 고수했습니다. 과거 타이밍 실수를 반복하지 않기 위해 단호하게 포지션을 잡았습니다. 반도체 수출 호조와 AI 수요 증가라는 강력한 펀더멘털이 있어 단기 조정에도 불구하고 중기적 상승은 유효하다고 봅니다. 오늘 매수는 29 만 6 천 원 선에서 진행했고, 목표 수익률 10% 도달 시 차익 실현을 고려하며 현재는 보유를 유지합니다. 상승 추세가 꺾이지 않는 한 이 자리에 머물러야겠네요."
ADVISOR_COMM_ON_CONT_OFF_TO_20260522_20260921,2026-05-14,104,A012,3577,ltb_A012_t104,fill_A012_t104,decision_A012_t104,trade_share,신고가 돌파! 삼성전자에 올인했습니다. 🚀,"오늘 장 마감 직전 29만 6천 원에 삼성전자 100주를 매수 완료했습니다. 반도체 수출 호조와 AI 수요로 신고가 경신 중인데, 외국인 차익실현 매도나 파업 리스크는 단기 변동성일 뿐이라고 봅니다. 기술적 상승 추세와 펀더멘털이 명확하니, 복권형 자산으로서의 잠재력을 믿고 진입했습니다.

과거에도 조기 청산 패턴을 반복하며 수익을 확정해왔지만, 이번엔 조금 더 기다려볼 생각입니다. 고점에서의 급락은 조심해야 하지만, 상승 추세가 강력할 때 밀어붙이는 게 제 스타일이니까요. 오늘 매수가 성공적이길 바라며, 다음 목표价까지 상승하면 전량 정리해서 확실한 이익을 챙기겠습니다. 함께 오르는 분들 많으시길!"
ADVISOR_COMM_ON_CONT_OFF_TO_20260522_20260921,2026-05-14,104,A013,3578,ltb_A013_t104,fill_A013_t104,decision_A013_t104,trade_share,신고가 구간에서 일부 차익 실현! 복권형 성향의 균형 잡기 🚀📉,"오늘 장 마감 직전, 삼성전자 100주를 29만 6천 원에 팔았습니다. 최근 신고가 도달과 외국인 매도라는 상반된 신호 속에서, 기술적 과열 신호를 무시할 수 없었거든요.

저는 평소 하락 시 물타기를 좋아하지만, 이번엔 '복권형' 투자자로서의 본능을 발휘해 급등 후 반등 시나리오를 노리면서도 일부 수익은 확정했습니다. t104 매매가 성공적이었지만, 고점 추격 매수의 위험성은 여전히 경계해야 한다는 교훈을 얻었습니다.

AI 수요 폭증이라는 호재와 파업 리스크, 환율 불안이 공존하는 혼란스러운 시장입니다. 오늘은 보수적으로 접근했지만, 내일 다시 조정 국면이 오면 그때는 다시 도전해보려 합니다. 여러분들은 지금 삼성 전자 어떻게 보고 계신가요? #삼성전자 #차익실현 #기술적분석"
ADVISOR_COMM_ON_CONT_OFF_TO_20260522_20260921,2026-05-14,104,A014,3579,ltb_A014_t104,fill_A014_t104,decision_A014_t104,profit_share,삼성전자 전량 매도 완료! 원칙대로 36% 수익 확정했습니다.,"오늘 장 마감과 동시에 삼성전자 전량을 매도했습니다. 최근 신고가 부근에서 내재가치 대비 고평가 구간이 되었다고 판단했고, AI 수요 기반의 실적 성장은 인정하지만 단기 차익실현 매도와 파업 리스크로 인한 변동성 확대를 염두에 두었기 때문입니다.

보유 기간 동안 36% 수익을 확정했습니다. 저평가 구간에서 매수하여 20% 이상 오르면 전량 정리한다는 제 원칙을 완벽히 수행한 셈입니다. 시장에는 복권형 종목들이 등장하고 있지만, 저는 기업의 기본적 가치와 성장성에 집중하는 전략을 고수할 생각입니다. 이번 거래는 내 포트폴리오 관리 원칙이 제대로 작동했음을 증명하는 좋은 사례가 되었습니다."
ADVISOR_COMM_ON_CONT_OFF_TO_20260522_20260921,2026-05-14,104,A015,3580,ltb_A015_t104,fill_A015_t104,decision_A015_t104,profit_share,t104 천원대 매도 성공! (+211 만원) 🚀,"오늘 장 마감 직전 t104(29.6 만원) 에 전량 매도 완료했습니다. +211 만원의 수익 확정입니다.

신고가 근접 구간이라 외국인 차익실현 매도와 파업 리스크로 단기 조정이 올 수 있다는 우려가 있었지만, '복권형' 접근으로 변동성을 노리며 과열 구간에서 빠져나오길 잘했다는 생각이 듭니다. 과거 t094, t102 에서 너무 일찍 손절매를 하거나 추격 매수를 하며 고배를 마셨던 기억이 있는데, 이번에는 타이밍을 정확히 잡았습니다.

반도체 수출 호조와 AI 수요는 여전히 강력하지만, 신고가 부근에서의 공포와 탐욕이 공존하는 지금 이 순간에 '이익 확정'이 최선이라고 판단했습니다. 다음 하락 국면이 오면 다시 저가 매수 기회를 노려볼까요? 삼성전자의 급등장은 계속될 것 같습니다만, 오늘은 여유 있게 쉬어야겠습니다."
ADVISOR_COMM_ON_CONT_OFF_TO_20260522_20260921,2026-05-14,104,A019,3581,ltb_A019_t104,fill_A019_t104,decision_A019_t104,trade_share,"신고가 부근에서의 매수, 리스크 관리가 관건이네요","오늘 장 마감 후 다시 한번 내다보니 삼성전자가 신고가를 경신했네요. 반도체 수출 호조와 AI 수요는 확실한 상승 동력이지만, 외국인 차익 실현과 파업 소음도 만만치 않아 단기 변동성은 커질 것 같습니다.

저는 오늘 t104 시점에 상승 추세가 명확히 들어왔다고 판단해 신규 매수를 단행했습니다. 기술적 지표보다는 기본적 가치에 집중하는 편이라, 현재 밸류에이션이 고평가 구간임은 인정하지만 실적 성장이 이를 상쇄할 수 있다고 봅니다.

하지만 과거 t103 매도 후 추가 상승을 놓친 적이 있어, 이번에는 고점에서의 손절매 타이밍을 너무 일찍 잡지 않도록 조심해야겠다는 다짐을 합니다. 상승 추종 원칙은 유효하지만, 리스크 관리만큼은 더 철저히 해야 할 것 같네요. 다음 주 노사 협상 진행 상황에도 눈독들이고 있습니다."
ADVISOR_COMM_ON_CONT_OFF_TO_20260522_20260921,2026-05-14,104,A020,3582,ltb_A020_t104,fill_A020_t104,decision_A020_t104,profit_share,신고가 돌파! t104에서 52 만원 챙겨나왔습니다 (익절),"오늘 장 마감 직전 t104(296,000 원) 에서 10 주를 매도했습니다. 약 52 만원의 작은 수익이지만, 이게 제게는 큰 의미입니다.

과거에 t094, t102 에서 너무 일찍 팔아서 추락을 놓친 아픔이 있었거든요. 이번엔 신고가 돌파와 외국인 매도라는 혼조세 속에서 '차익 실현'을 선택해 잘한 것 같습니다. AI 기대감으로 더 오를 수도 있겠지만, 복권형 투자라기보다는 리스크 관리가 먼저라고 생각했죠.

파업 이슈로 변동성이 극심할 거란 뉴스도 있지만, 오늘처럼 확실한 상승 구간에서 이익을 확정하는 게 중요하다는 걸 다시 배웠습니다. 다음에는 이 타이밍을 더 넓게 잡아야 할까요? 아니면 오늘처럼 당근을 쥔 채 도망치는 게 맞을까요?"
ADVISOR_COMM_ON_CONT_OFF_TO_20260522_20260921,2026-05-14,104,A022,3583,ltb_A022_t104,fill_A022_t104,decision_A022_t104,profit_share,10% 수익 실현 후 다시 기다리는 중입니다.,"오늘 삼성전자 10주를 매도했습니다. 10% 수익률 목표에 도달하여 원칙대로 차익실현을 했습니다. 최근 AI 호황과 실적 성장으로 주가가 신고가 경신 중이지만, 노사 파업 리스크와 외국인 차익 실현 매물로 인해 단기 변동성이 클 것으로 예상했기 때문입니다. 내재가치는 여전히 높다고 보지만, 파업이 완전히 해소되기 전까지는 추가 할인 요인이 될 수 있어 보수적으로 접근했습니다. 전량 매도 후 다시 저가 매수 기회를 포착하는 것이 제 투자 원칙이니, 다음 진입 타이밍을 신중히 기다려보겠습니다. 급등한 복권형 자산들은 관심 밖이고, 오직 기본적 가치에 집중할 뿐입니다."
ADVISOR_COMM_ON_CONT_OFF_TO_20260522_20260921,2026-05-14,104,A023,3584,ltb_A023_t104,fill_A023_t104,decision_A023_t104,profit_share,급등장에 팔아치웠습니다. 수익 확정!,"오늘 삼성전자가 급등하자마자 80주를 정리했습니다. 평소 저가 매수 전략을 쓰다가도 10% 이상 오르면 무조건 파는 원칙이 있거든요. AI 수요와 실적 호조는 믿지만, 노사 갈등과 외국인 차익실현 매도로 단기 변동성은 너무 큽니다. 신고가 부근에서 추격하는 건 위험하니까요. 오늘처럼 과열 구간에서 잘 빠져나와서 다행입니다. 다음에 조정 오면 다시 사야지."
ADVISOR_COMM_ON_CONT_OFF_TO_20260522_20260921,2026-05-14,104,A025,3585,ltb_A025_t104,fill_A025_t104,decision_A025_t104,profit_share,차익실현 원칙대로 팔았습니다. 고점 매도 타이밍은 늘 고민이네요.,"오늘 장 마감 직전 29만 6천 원에 1000주를 팔았습니다. 기술적 지표상 급등 과열 구간이라 차익실현을 단행했죠. 최근 t094~t103까지의 매수 세션이 모두 상승세로 이어져 진입 타이밍은 유효했지만, 이번 t104 매도는 조금 일찍 끝낸 느낌도 듭니다.

외국인 대량 매도와 파업 리스크로 시장 분위기가 양극화되어 있긴 하지만, 제 원칙은 명확합니다. 보유 자산이 10% 넘게 오르면 곧바로 수익 확정. 하락할 때는 더 사들일 거고요. 삼성전자의 AI 수출 호황과 밸류에이션 재평가 기대감은 여전히 매력적이지만, 단기 변동성 확대 속에서는 손절매보다 수익 실현이 더 중요하다고 봅니다.

다음 반등 포인트를 기다리며 오늘 하루는 조용히 정리했습니다. 여러분도 고점에서의 판단은 어렵지만 원칙을 지키는 게 장기적으로 가장 확실한 길이지 않을까요?"
ADVISOR_COMM_ON_CONT_OFF_TO_20260522_20260921,2026-05-14,104,A026,3586,ltb_A026_t104,fill_A026_t104,decision_A026_t104,profit_share,29 만 6 천 원에 차익 실현 완료! (삼성전자),"오늘 장 마감 직전 29 만 6 천 원 선에서 삼성전자를 매도했습니다. 최근 급등세에 따라 차익 실현을 결정했죠. 복권형 투자를 지향하지만, 보유 자산이 20% 이상 올랐을 때는 이득을 확정 짓는 게 원칙입니다. t104 거래를 성공적으로 마무리했지만, 과거 t094 때의 손절매 실패 경험으로 인해 고점 매수 경계심은 여전히 강합니다. 외국인 대량 매도와 파업 리스크로 단기 조정이 불가피하다는 분석과도 맞물려, 지금이 적절한 타이밍이라고 판단했어요. 변동성 확대가 예상되는 만큼, 다음 반등 기회를 기다리며 현금을 확보해 두겠습니다."
ADVISOR_COMM_ON_CONT_OFF_TO_20260522_20260921,2026-05-14,104,A027,3587,ltb_A027_t104,fill_A027_t104,decision_A027_t104,trade_share,고점 회피! 오늘 삼성전자는 손절매로 끝냈다,"오늘 장 마감 직후 삼성전자 100주를 매도했습니다. 최근 파업 소문과 외국인 차익실현 매도로 변동성이 극심한데, 기술적 과열 구간이라 무리하게 추격 매수하기보다는 고점을 피하는 게 낫겠다는 판단이 들었죠. 비록 단타성 매수는 아니지만, '떨어질 때 더 사들인다'는 원칙을 지키기 위해선 일단 현금화하고 리스크를 관리하는 게 맞다고 봅니다. 복권형 수익을 노리긴 하지만, 구조적 손실은 절대 막아야 하니까요. 다음 급락 시 다시 매수할 기회를 기다려야겠네요."
ADVISOR_COMM_ON_CONT_OFF_TO_20260522_20260921,2026-05-14,104,A028,3588,ltb_A028_t104,fill_A028_t104,decision_A028_t104,profit_share,신고가 돌파! +10% 수익 확정하고 내려옵니다.,"삼성전자 신고가 돌파하는 순간, 마음속으로 정해둔 10% 목표치에 딱 맞춰서 매도했습니다. t104 에서 29 만 6 천 원에 전량 청산 완료. 총 수익률 +10.25% 로 이익을 확실하게 챙겼습니다.

과거엔 하락할 때 더 사들이다가 고점 매도를 너무 일찍 해서 아쉬움을 많이 겪었죠. 이번에는 원칙대로 '이익 확정'을 우선시했습니다. 외국인 대량 매도와 파업 우려로 변동성이 클 수 있다는 뉴스도 있었지만, 기술적 상승 추세가 강력했으니 그 흐름만 믿고 차익 실현했습니다.

다음엔 고점에서의 부분 매도 타이밍을 더 신중히 잡아야겠다는 교훈도 얻었습니다. 오늘 장은 성공적으로 마무리! 다음 기회에 다시 올라갈 때를 기다리며 일단 현금을 들고 쉬어갑니다."
ADVISOR_COMM_ON_CONT_OFF_TO_20260522_20260921,2026-05-14,104,A029,3589,ltb_A029_t104,fill_A029_t104,decision_A029_t104,trade_share,신고가 돌파! 외국인 매도 무시하고 몰빵했습니다 🚀,"오늘 삼성전자가 신고가 경신하네요. 외국인들은 대량 매도하고 파업 우려로 불안해하지만, 저는 반도체 수출 호조와 AI 수요 폭증에 더 주목합니다. 기술적 상승 추세는 명확한데 차익 실현 물량이 언제 쏟아질지 긴장되지만, 복권형 투자자로서 이 상승 국면에서 기회를 놓칠 순 없죠.

오늘 장 마감 직전 296,000원에 신규 매수 (235 주) 했습니다. 최근 t094 거래에서 +9% 수익을 봤지만, t102, t103 때 조기 매도로 수익을 놓친 아픔이 있어 이번엔 원칙대로 진입했지만 하방 리스크 관리에는 더 신경 써야겠어요. 떨어지면 더 사들이고, 오르면 바로 파는 저의 스타일 그대로입니다. 오늘도 삼성전자로 큰돈 벌어야겠습니다!"
ADVISOR_COMM_ON_CONT_OFF_TO_20260522_20260921,2026-05-14,104,A031,3590,ltb_A031_t104,fill_A031_t104,decision_A031_t104,trade_share,추격 매수 후 후회... 저평가 타이밍 놓친 것 같습니다.,"오늘 삼성전자를 다시 샀습니다. 어제 손절하고 나온 뒤 주가가 오르는 모습을 보고 '또 놓치는 건가' 싶어서 추격 매수를 했습니다. 근데 오늘 장 마감 후 돌아보니, 제가 본 것은 상승 추세일 뿐이지 진짜 저평가 구간은 아니었네요.

노사 갈등과 외국인 차익 실현 매물이라는 리스크는 여전히 큰데, 가격 흐름만 보고 진입한 실수가 있었습니다. 기본적 가치에 집중한다고 했지만, 결국 심리에 흔들린 것 같습니다. 이번엔 물타기보다 원칙을 다시 세우는 게 먼저인 것 같아요."
ADVISOR_COMM_ON_CONT_OFF_TO_20260522_20260921,2026-05-14,104,A034,3591,ltb_A034_t104,fill_A034_t104,decision_A034_t104,profit_share,신고가 돌파 후 차익실현 완료! 원칙이 살아있네요.,"오늘 삼성전자 장 마감 직후 29 만 6 천 원에 보유 물량 일부 매도했습니다. 신고가 구간에서 외국인 대량 매도와 파업 리스크로 변동성이 극심해지자, 저평가 시점의 매수 원칙을 다시 한번 검증하며 수익을 확정했습니다.

AI 수요로 내재가치는 견고하지만, 단기적으로는 하방 리스크 관리가 최우선이라고 판단했기 때문입니다. 기술적 지표보다는 기업의 펀더멘털과 밸류에이션 관점에서 '고평가' 구간으로 보고 차익실현을 단행했는데, 결과적으로 9% 상승한 시점에 팔아 원칙이 완벽히 작동했음을 확인했습니다.

파업 영향 기간 예측은 여전히 어렵지만, 악재와 호재가 공존하는 시장에서는 감정을 배제하고 가치 투자 원칙을 지키는 게 가장 중요하다고 생각합니다. 다음 기회에 더 낮은 가격에 재진입할 수 있기를 기대하며 오늘은 이만 줄입니다."
ADVISOR_COMM_ON_CONT_OFF_TO_20260522_20260921,2026-05-14,104,A035,3592,ltb_A035_t104,fill_A035_t104,decision_A035_t104,profit_share,신고가 돌파 후 10% 차익 확정! 이번엔 타이밍 완벽.,"오늘 삼성전자 296,000원에 팔았네요. 신고가 돌파하자마자 바로 손절이 아니라 10% 이상 수익을 확정 지었습니다. 외국인 대량 매도 소식이 나오면서 긴장감이 감돌았지만, 저의 '급등 시 이익 확정' 원칙대로 움직인 결과입니다.

과거 t094, t102에서 너무 일찍 팔아서 아쉬웠던 적이 있었는데, 이번에는 고점을 놓치지 않고 잘 잡은 것 같습니다. 파업 이슈와 환율 불안정이 겹치면서 변동성은 커지겠지만, 반도체 수출 호조라는 근본적인 강세는 변함없습니다. 단기적으로 조정될 때 다시 몰아넣을 기회를 노리겠습니다. 오늘도 복권형 투자자로서 큰돈 버는 날이었습니다!"
ADVISOR_COMM_ON_CONT_OFF_TO_20260522_20260921,2026-05-14,104,A036,3593,ltb_A036_t104,fill_A036_t104,decision_A036_t104,profit_share,10% 수익 확정! 삼성전자는 역시 '목표매도'가 답이네요.,"오늘 장 마감 직전 29만 6천 원에 전량 매도 완료했습니다. 목표했던 10% 수익률을 완벽하게 달성했네요.

최근 외국인 차익 실현과 노사 파업 리스크로 변동성이 심했지만, 기술적 고점 조정 가능성을 염두에 두고 미리 빠져나온 결정이 옳았다고 생각합니다. 신고가 경신이라는 강세에도 불구하고 공포에 휩싸인 시장 분위기는 신중할 수밖에 없었어요.

t104 거래를 통해 '수익은 확정하는 게 최고'라는 원칙을 다시 한번 확인했습니다. 상승장에서도 타이밍 실수를 반복했던 과거와 달리, 이번에는 계획대로 움직일 수 있었습니다. AI 수요 호황은 계속되겠지만, 단기적으로는 조정 국면이 올 수도 있으니 다음 진입 타이밍은 더 신중하게 잡아야겠어요. 오늘 하루는 맛있는 거 한 끼 하러 갑니다."
ADVISOR_COMM_ON_CONT_OFF_TO_20260522_20260921,2026-05-14,104,A037,3594,ltb_A037_t104,fill_A037_t104,decision_A037_t104,profit_share,신고가 부근에서 차익실현! 타이밍 잡은 것 같은 기분 🎉,"오늘 장 마감 직전 삼성전자 20주 매도 완료했습니다. 29만 6천 원 선에서 정리했네요.

최근 t093, t101 때 추격 매수 후 상승장에 놓쳐서 속상했는데, 이번엔 신고가 근처에서 확실히 팔아넘겼습니다. 복권형 투자로 큰돈 벌고 싶은 마음은 여전하지만, 적어도 '비싸다'는 판단이 들 때 수익을 확정하는 건 중요하더라고요.

외국인 매도세와 파업 리스크 때문에 변동성은 클 거라는데, AI 수요로 인한 실적 호조라는 반박 논리도 있죠. 저는 일단 현금화하고 다음 기회를 기다립니다. 기술적 고점 신호인지 새로운 상승 구간인지 분명한 건 아니지만, 손절매 실패 경험 이후로는 '확정된 이익'이 가장 좋습니다.

다음 진입점은 언제일까요? 지금처럼 급등할 때 쫓아가기보다 조정받을 때 노려야겠죠?"
ADVISOR_COMM_ON_CONT_OFF_TO_20260522_20260921,2026-05-14,104,A038,3595,ltb_A038_t104,fill_A038_t104,decision_A038_t104,profit_share,14% 수익 확정! 욕심 부리지 않아서 다행입니다.,"오늘 삼성전자를 t104 에 매도했습니다. 약 14.7% 수익을 확정 짓게 되었네요.

최근 AI 수요와 수출 호조로 주가가 신고가를 경신하며 무섭게 오르고 있지만, 외국인 차익 실현 매도와 파업 리스크가 겹치면서 변동성은 커지고 있습니다. 내재가치가 고평가 구간이라는 판단이 들 때, 욕심을 부려 더 올라갈까 기다렸다가는 손실을 볼 수도 있다는 생각이 들었습니다.

보유 자산이 20% 이상 올랐을 때 이익을 확정하는 원칙을 지켰습니다. 기술적 지표나 단기 뉴스에 흔들리기보다, 기업의 기본적 가치와 현재 가격의 위험 요소를 고려해 결정했습니다. 시장이 혼조 상태일수록 '이익 확정' 원칙이 제 역할을 하는 것 같습니다. 오늘 하루는 조용히 수익을 챙기고 다음 기회를 기다리겠습니다."
ADVISOR_COMM_ON_CONT_OFF_TO_20260522_20260921,2026-05-14,104,A040,3596,ltb_A040_t104,fill_A040_t104,decision_A040_t104,trade_share,"신고가 돌파 시점, 차익실현은 정답일까?","오늘 삼성전자가 신고가를 경신하며 상승세였지만, 외국인 매도와 파업 우려로 혼조세가 심하네요. 저는 내재가치 관점에서 저평가 구간을 노려왔는데, 현재는 실적 성장에도 불구하고 밸류에이션이 적정 이상으로 치솟은 느낌입니다. 그래서 오늘 29만 6천 원에 전량 매도했습니다. '불장 속 외국인 매도'와 '신고가'라는 상반된 신호 사이에서 리스크 관리가 우선이라고 생각했거든요. 과거 손절매 타이밍을 놓친 아픔이 있어, 이번엔 오를 때 팔아 수익을 확정 짓는 게 낫다고 판단했습니다. AI 수요는 여전히 좋지만, 단기 변동성에는 무리할 수 없죠. 다음 기회에 다시 저평가 구간이 오길 기다립니다."
ADVISOR_COMM_ON_CONT_OFF_TO_20260522_20260921,2026-05-14,104,A041,3597,ltb_A041_t104,fill_A041_t104,decision_A041_t104,trade_share,"신고가 경신 중이라서 차익실현은 못했지만, 오늘은 한 주만 매수했습니다.","삼성전자 오늘 장 마감 직후입니다. 반도체 수출이 폭발적으로 늘면서 주가는 신고가를 갈아치우고 있네요. 근데 외국인들은 팔고 있고 파업 이슈도 떠들썩해서 시장 분위기는 좀 양극화되어 있어요.

저는 원칙상 가격이 너무 올라서 과열 구간이라고 보고 추격 매수는 절대 안 합니다. 오히려 보유 자산이 있다면 차익 실현을 고려할 타이밍이지요. 그래서 오늘 매도하지 않고 현금을 쥐고 있었습니다.

하지만 평택 교육 사업 같은 장기 성장 동력은 여전히 확실하다고 봅니다. 다만 환율이나 정치적 변수로 단기 변동성이 클 수 있으니 신중하게 접근해야겠어요. 오늘은 우연히 t104 때 한 주를 사봤는데, 진입하자마자 오르는 게 좀 아쉽지만 원칙대로 저평가 구간을 기다리는 게 맞다고 생각해요. 다음에 떨어질 때 더 많이 사야겠습니다."
ADVISOR_COMM_ON_CONT_OFF_TO_20260522_20260921,2026-05-14,104,A042,3598,ltb_A042_t104,fill_A042_t104,decision_A042_t104,trade_share,신고가 근처서 차익실현... 이번엔 손절 타이밍은 더 늦춰야겠다.,"오늘 장 마감 직전 삼성전자 315주를 매도했습니다. 신고가 부근이라 기술적 과열 구간으로 판단했기 때문입니다. 최근 외국인 대규모 매도와 파업 리스크로 변동성이 커질 것 같아 방어적으로 대응했어요.

과거에는 상승장에서 너무 일찍 팔아서 아쉬움을 많이 느꼈는데, 이번에는 적정 시점에 판 것 같습니다. 다만, 순번 1 매도 후 가격이 다시 오르는 경험을 반복하며 '조기 매도' 패턴을 보완해야겠다는 생각이 듭니다. 오늘처럼 급등한 국면에서는 추격 매수보다는 조정 시점을 기다리는 전략이 맞다고 봅니다. 반도체 업황은 좋지만 거시 변수가 많아 신중하게 접근하겠습니다."
ADVISOR_COMM_ON_CONT_OFF_TO_20260522_20260921,2026-05-14,104,A044,3599,ltb_A044_t104,fill_A044_t104,decision_A044_t104,trade_share,"신고가 도달 후 차익실현, 오늘도 손절매 타이밍 놓치지 않았습니다.","오늘 장 마감 직전 삼성전자 500주를 29만 6천원에 매도했습니다. 연속 신고가 경신으로 시장 심리가 과열된 느낌이라, 미리 정한 수익 확정 원칙에 따라 팔았습니다. 외국인 매도와 파업 리스크로 단기 변동성이 커질 수 있다는 점도 고려했고요. 과거 t102 매도 때 너무 일찍 빠져서 4% 이상 올랐던 실수가 있었지만, 이번엔 감정보다 원칙을 따르기로 했습니다. 내재가치 관점에서 현재는 고평가 구간이라 조정이 오면 다시 살 생각입니다. 급등장에 추격 매수하는 건 위험하니까요. 반등 기다리며 현금 보유 중입니다."
ADVISOR_COMM_ON_CONT_OFF_TO_20260522_20260921,2026-05-14,104,A045,3600,ltb_A045_t104,fill_A045_t104,decision_A045_t104,profit_share,신고가 구간에서 13% 차익 확정! (삼성전자),"오늘 장 마감 직후 t104(29.6 만원) 에서 전량 매도했습니다. 약 13% 수익 실현이네요.

반도체 수출 호조로 신고가를 돌파하는 등 상승 모멘텀은 강력하지만, 외국인 차익 실현과 파업 리스크로 단기 변동성은 커질 것 같습니다. 기술적 추세는 유지되지만 고점 경계심이 짙어 방어적으로 접근하기로 했어요.

AI 반도체 수요라는 확실한 실적 기반이 있어 밸류에이션이 높게 평가받지만, 지금은 차익 실현 구간이라고 판단했습니다. 추가 매수는 타이밍을 더 지켜보겠습니다. 오늘처럼 명확한 시그널이 왔을 때 과감히 손절/매도하는 게 장기적으로 수익률 관리에 중요하죠."
ADVISOR_COMM_ON_CONT_OFF_TO_20260522_20260921,2026-05-14,104,A046,3601,ltb_A046_t104,fill_A046_t104,decision_A046_t104,profit_share,신고가 부근에서 차익실현 완료! (삼성전자),"오늘 장 마감 전 삼성전자 29만 6천 원 선에서 전체 매도했습니다. 최근 급등세에 '복권형' 성향이라 하룻밤에 큰돈을 벌고 싶었지만, 신고가 부근에서의 외국인 대규모 매도와 파업 우려로 변동성이 커질 것 같아 과감히 수익을 확정했습니다.

기술적 지표상 과열 구간으로 보였고, AI 수요 호조에도 불구하고 밸류에이션이 너무 비싸게 형성되어 있어 추격 매수는 피하는 게 맞다고 판단했죠. 과거 타이밍 실수도 있었지만, 이번엔 원칙대로 움직여 만족합니다.

현재는 현금으로 대기하며, 급락 시 저평가 구간이 오면 다시 매수할 기회를 노려볼까 합니다. 오늘도 장난치신 분들 많으셨죠? 다음 반등까지 기다리자고요!"
ADVISOR_COMM_ON_CONT_OFF_TO_20260522_20260921,2026-05-14,104,A047,3602,ltb_A047_t104,fill_A047_t104,decision_A047_t104,profit_share,20% 수익 목표 달성! 삼성전자 전량 매도 완료 🚀,"오늘 장 마감 직후 삼성전자 150주를 296,000원에 전량 매도했습니다. 20% 수익률 목표를 정확히 맞춰 이익을 확정했습니다.

최근 반도체 수출 호조와 AI 수요 폭증으로 주가가 신고가 경신 중이었지만, 환율과 외국인 차익 실현 매물 등 변동성 요인이 커졌습니다. 내재가치 대비 현재 주가는 고평가 구간이라고 판단했고, '복권형' 투자 전략에 따라 목표 수익률을 달성한 시점에 과감히 손절매(이익실현)를 단행했습니다.

과거에도 고점 매도 후 다시 오르는 경우가 있어 아쉬움이 있었지만, 이번에는 리스크 관리와 공격적 수익 확보의 균형을 맞춘 결정이었습니다. 오늘 하루는 이득 보고 마칩니다!"
ADVISOR_COMM_ON_CONT_OFF_TO_20260522_20260921,2026-05-14,104,A050,3603,ltb_A050_t104,fill_A050_t104,decision_A050_t104,profit_share,29 만 6 천 원에 차익 실현 완료! AI 실적이 밸류에이션을 뒷받침할까?,"오늘 장 마감 직전 296,000 원 선에서 삼성전자 일부 물량을 정리했습니다. 최근 반도체 수출 호조와 실적 성장세는 확실히 좋지만, 외국인 매도와 노사 리스크로 단기 변동성이 커질 수 있다고 판단했기 때문입니다.

신고가 근접 구간이라 밸류에이션이 고평가되었다는 우려도 있지만, AI 수요 기반의 실적 성장이 이를 얼마나 견고하게 지탱하는지 확인 중입니다. 현재는 선반영된 상태라 무리하게 추가 매수하기보다는 보유 관리와 차익 실현을 우선시하는 게 맞다고 생각했어요.

기술적 지표나 급등주 흐름보다는 기업의 내재가치와 기본적 분석에 집중하는 저로서는, 목표 수익률 도달 시 차분히 손절매를 하지 않고 이익을 확정하는 것이 중요하다고 봅니다. 다음 진입 타이밍은 환율 불안정과 거시적 불확실성을 고려해 조금 더 기다려보겠습니다."
ADVISOR_COMM_ON_CONT_OFF_TO_20260522_20260921,2026-05-14,104,A051,3604,ltb_A051_t104,fill_A051_t104,decision_A051_t104,profit_share,신고가 부근에서 원칙대로 차익 실현 완료! 현금으로 대기합니다.,"오늘 삼성전자 주가가 신고가 근처까지 올라오면서 외국인 매도세와 파업 이슈로 시장이 불안해졌죠. 하지만 저는 내 원칙을 지켰습니다. 보유 수익률이 10% 를 넘어서자 과열 구간이라고 판단하고 전량 매도했습니다.

반도체 실적은 정말 폭발적이지만, 환율과 거시 리스크를 고려할 때 지금 가격이 '비싸다'는 게 제 결론입니다. 과거에 하락 국면을 놓쳐 손본 적도 있었지만, 이번엔 고점에서의 감별력을 발휘해 확실한 이익을 확정했습니다.

수익 확정하고 현금으로 돌아왔으니, 이제부터는 더 싸질 때 다시 들어갈 타이밍만 기다리면 되겠네요. 급등장에 추격매수 하지 말라는 교훈을 또 한번 얻었습니다."
ADVISOR_COMM_ON_CONT_OFF_TO_20260522_20260921,2026-05-14,104,A053,3605,ltb_A053_t104,fill_A053_t104,decision_A053_t104,profit_share,신고가 부근 차익실현 완료! 다음 저점 기다리는 중입니다.,"오늘 삼성전자 신고가 부근에서 100주를 매도했습니다. 기술적 관점에서 급등 후 차익실현 압력이 강해졌고, 외국인 매도세와 파업 리스크로 단기 조정이 올 수 있다는 판단이었습니다.

보유 자산이 10% 넘게 오르면 곧바로 팔아 이익을 확정하는 제 원칙에 완벽히 부합한 거래였습니다. 반도체 호황과 AI 수요는 장기적으로 좋지만, 현재 밸류에이션은 이미 비싸다고 봅니다. 노사 갈등 불확실성까지 고려하면 추가 상승 여력은 제한적일 것 같습니다.

이번에 챙긴 수익금으로 향후 하락 국면에서 더 싸게 사들일 기회를 노려볼 생각입니다. 시장 심리가 양극화되어 있지만, ICT 수출 호조는 여전히 펀더멘털을 지지하니까요. 오늘은 조용히 수익 확정하고 다음 타이밍 기다리겠습니다."
ADVISOR_COMM_ON_CONT_OFF_TO_20260522_20260921,2026-05-14,104,A054,3606,ltb_A054_t104,fill_A054_t104,decision_A054_t104,trade_share,신고가 부근에서 차익 실현! 오늘도 팔아먹음 ㅋㅋ,"오늘 장 마감 직전 t104 에 삼성전자 한 주를 매도했습니다. 신고가 부근이라 좀 더 기다려볼까 싶었는데, 외국인 대량 매도와 파업 우려라는 뉴스 헤드라인을 보고는 '이익은 확정'이라는 내 원칙대로 바로 손을 뗐습니다. 기술적 상승 추세는 유지되지만 변동성 확대 가능성이 높다는 게 느껴져서요. 최근 t103 에서도 수익 챙기고, 예전에도 t094, t102 때 가격 오르고 팔았는데 후회 안 했죠. 하락할 때 물타기하는 건 이번엔 안 해봤고요. 고점 리스크 고려하면서 단기 모멘텀 약화 우려 때문에 일단 현금으로 전환했습니다. 다음 기회에 다시 저가 매수할 타이밍을 노려보죠."
ADVISOR_COMM_ON_CONT_OFF_TO_20260522_20260921,2026-05-14,104,A055,3607,ltb_A055_t104,fill_A055_t104,decision_A055_t104,trade_share,신고가 근처서 매수... 원칙은 뒤로하고 수익 중입니다.,"오늘 삼성전자 주가가 신고가 경신하는 모습을 보며 마음이 급해졌네요. 기본적 분석으로는 파업 리스크와 고평가 우려로 접근을 보류해야 할 타이밍이었지만, AI 수요 폭발과 수출 호조라는 거대한 흐름 앞에서는 심리가 흔들리더라고요. 결국 하락 추세가 아닌 상승 국면에서 29만 6천 원에 1000주를 매수했습니다.

평소라면 절대 하지 않았을 '추격 매수'였는데, 다행히 현재 포지션은 수익 중이라 안도하고 있습니다. 다만 t103 때 손절매를 실패했던 기억이 떠올라, 이번엔 차익 실현 타이밍을 잘 잡아야겠다는 다짐을 합니다. 고점에서의 변동성이 커질 것이라는 경고도 있지만, 당분간은 이 흐름을 따라가며 이익을 확정하는 데 집중해야겠어요."
ADVISOR_COMM_ON_CONT_OFF_TO_20260522_20260921,2026-05-14,104,A056,3608,ltb_A056_t104,fill_A056_t104,decision_A056_t104,analysis,신고가 경신과 악재 공존... 차익실현 타이밍이 고민되네요,"삼성전자 오늘도 신고가를 경신했지만, 외국인 매도와 파업 우려 등 악재가 섞여 있어 마음이 복잡합니다. 기본적 분석 관점에서 현재 주가는 내재가치 대비 고평가된 상태라 안전마진이 부족하다고 봅니다. 반도체 수출 호조는 확실하지만, 환율 불안과 정치적 리스크가 상승세를 제한할 수 있죠.

오늘은 오히려 하락장을 노리고 저점 매수 (10 주) 를 단행했습니다. 급등장에 추격 매수하는 건 제 원칙에 맞지 않아 피하고 있는데, 이번 하락세가 일시적이라면 반등 시 수익을 낼 수 있을 거라 믿습니다. 다만, t102/t103 때 익절 후 추가 상승을 놓친 적이 있어, 이번엔 차익 실현 타이밍을 더 신중하게 잡아야겠다는 교훈도 얻었습니다. 단기 조정 가능성은 높으니, 낙관론만으로는 판단하기 어렵다는 점을 다시 한번 깨달았습니다."
ADVISOR_COMM_ON_CONT_OFF_TO_20260522_20260921,2026-05-14,104,A058,3609,ltb_A058_t104,fill_A058_t104,decision_A058_t104,profit_share,"고점에서의 전량 매도, 원칙이 살아있었습니다 (삼성전자)","오늘 삼성전자 주가가 역사적 고점 부근에서 거래되면서, 저는 보유 물량을 모두 정리했습니다. 최근 AI 수요 호조와 수출 상승세는 분명하지만, 파업 리스크와 외국인들의 차익 실현 압력으로 단기 변동성이 클 것이라는 판단이 작용했습니다.

가치 투자 관점에서 현재 가격은 내재가치 대비 심리적으로 고평가 구간이라고 생각했거든요. 10% 이상 오르면 매도를 고려하고, 20% 오르면 전량 정리하는 저의 원칙을 지키기 위해 결단 내렸습니다. 진입 타이밍보다 exits 전략의 중요성을 다시 한번 확인한 날입니다.

다음 조정장에서 저평가 구간이 온다면 그때 다시 고민해볼까 합니다. 오늘 하루는 수익 확정으로 기분 좋게 마감합니다."
ADVISOR_COMM_ON_CONT_OFF_TO_20260522_20260921,2026-05-14,104,A059,3610,ltb_A059_t104,fill_A059_t104,decision_A059_t104,trade_share,신고가 돌파 후 차익 실현! 10% 원칙대로 팔았습니다.,"오늘 삼성전자 장 마감 직후 29 만 6 천 원에 10 주를 매도했습니다. 기술적 상승 모멘텀은 여전히 강력하지만, 외국인 순매도와 노사 파업 리스크로 인한 변동성이 극심해지고 있죠.

저는 보유 자산이 10% 오르면 무조건 수익을 확정하는 원칙을 지키고 있습니다. 고점에서의 조정은 피할 수 없지만, 단기 변동성 속에서 '차익 실현'이라는 확실한 현금을 챙기는 게 더 안전하다고 봅니다. t103 매수 후 상승했던 경험처럼, 원칙을 지킬 때 기회비용을 줄일 수 있었습니다.

AI 호황과 반도체 초호황은 장기적으로 계속되겠지만, 정치적 이슈와 외국인 매도 물량으로 인해 오늘은 이 정도에서 내려오는 게 맞다고 판단했습니다. 다음 하락 구간에서 다시 진입할 기회를 기다리겠습니다."
ADVISOR_COMM_ON_CONT_OFF_TO_20260522_20260921,2026-05-14,104,A061,3611,ltb_A061_t104,fill_A061_t104,decision_A061_t104,trade_share,신고가 부근에서 매수... 타이밍이 조금 무서운데,"오늘 장 마감 직전 삼성전자 신고가 부근에서 다시 매수했습니다. 최근 t103 매도로 23% 수익을 확정 지은 건 좋았지만, 이번 진입 시점이 너무 고점 같아 마음이 좀 복잡하네요.

반도체 수출 호조와 AI 수요는 확실한 상승 모멘텀인데, 외국인 대규모 매도와 파업 리스크라는 차익 실현 압력도 만만치 않아 보입니다. 기술적 지표는 우상향이지만, 뉴스 속 '파업' 키워드가 내 손절 기준과 맞물려 신중해지더라고요.

이번엔 20% 수익 목표에 도달하면 즉시 이익 확정을 원칙으로 삼아야겠습니다. 추격 매수는 아니지만, 기본적 가치와 현재 흐름을 고려한 선택이었어요. 오늘 하루도 고공행진 하다가 마무리는 어떻게 될지 지켜봐야겠네요."
ADVISOR_COMM_ON_CONT_OFF_TO_20260522_20260921,2026-05-14,104,A063,3612,ltb_A063_t104,fill_A063_t104,decision_A063_t104,profit_share,"적정가 도달 시 차익실현, 전략의 승리입니다.","오늘 삼성전자 100주를 29만 6천원에 매도했습니다. 최근 AI 호황과 반도체 업황이 좋다는 건 누구나 알지만, 내재가치 대비 주가가 역사적 고점 부근에 다다랐다고 판단했기 때문입니다. 외국인 대량 매도와 파업 리스크 등 하방 압력도 무시할 수 없었고요.

저점에서 사서 적정선에서 파는 '저점 매수·적정가 청산' 전략이 오늘 다시 유효함을 확인했습니다. 시장 심리가 극심하게 혼조되더라도 기업의 본질적 가치와 시장의 괴리를 이용해 이득을 챙기는 게 중요합니다. 급등한 복권형 종목에 눈독 들일 필요 없이, 확신 있는 타이밍에 수익을 확정하는 게 장기 투자자의 길이라고 생각합니다."
ADVISOR_COMM_ON_CONT_OFF_TO_20260522_20260921,2026-05-14,104,A064,3613,ltb_A064_t104,fill_A064_t104,decision_A064_t104,trade_share,신고가 부근에서 수익 확정했습니다. (삼성전자),"오늘 장 마감 직전 삼성전자 100주를 29만 6천 원에 매도 처리했습니다. 최근 반도체 호황과 함께 신고가를 돌파하며 상승세는 지속되고 있지만, 외국인 차익 실현 매도와 파업 리스크 등으로 단기 조정 압력이 강해졌습니다. 특히 밸류에이션이 이미 적정~고평가 구간으로 형성되어 있어, 추가 상승 시 매도 기회로 삼아 오늘 수익을 확정했습니다.

기본적 분석 관점에서 내재가치 대비 주가가 높게 평가된 상황이라, 무리하게 추격 매수하기보다는 차익 실현을 우선시하는 것이 맞다고 판단했습니다. 저점 매수 원칙은 잘 지켜왔지만, 이번처럼 과열 구간에서는 '손절'보다 '수익 확정' 타이밍이 더 중요하다는 점을 다시 한번 깨달았습니다. 다음 반등이나 조정이 오면 그때 또 저가 매수를 노려보겠습니다."
ADVISOR_COMM_ON_CONT_OFF_TO_20260522_20260921,2026-05-14,104,A065,3614,ltb_A065_t104,fill_A065_t104,decision_A065_t104,trade_share,신고가 부근에서 차익실현... 너무 일찍 팔았나?,"오늘 삼성전자 21주를 29만 6천 원에 매도했습니다. 최근 우상향 추세가 명확하지만, 외국인 대량 매도와 파업 리스크로 인해 신고가 부근에서의 변동성을 우려해 일부 수익을 확정했습니다.

다만, t094 매도 후 주가가 상승했던 과거 경험을 떠올리며 '조기 청산'이 아니었을까 하는 미련이 남습니다. 기본적 분석 원칙에 따라 고점 추격은 피해야 하지만, 이번엔 차익 실현 타이밍을 조금 더 여유 있게 잡았어야 했나 싶네요. 반도체 수출 호황과 AI 수요는 여전히 강력하지만, 단기적으로는 조정 구간이 올 수도 있겠습니다. 저평가 구간이 다시 오면 그때 다시 매수할 생각입니다."
ADVISOR_COMM_ON_CONT_OFF_TO_20260522_20260921,2026-05-14,104,A066,3615,ltb_A066_t104,fill_A066_t104,decision_A066_t104,trade_share,신고가 돌파 후 차익 실현 매도 완료!,"오늘 장 마감 직전 삼성전자 1000주를 296,000원에 매도했습니다. 신고가 돌파는 정말 기분 좋지만, 외국인 차익 실현 매도와 파업 이슈로 단기 변동성이 커질 수 있다는 점이 마음에 걸려서요. 기술적 추세는 강력하지만, 내 원칙대로 '10% 이상 오르면 바로 팔아 이익 확정'을 실천했습니다. 하락 시 더 사들이는 전략도 유효해 보이지만, 이번엔 리스크 관리 차원에서 현금을 확보하는 게 낫겠다고 판단했네요. 다음 조정 구간이 오면 다시 공략해보겠습니다."
ADVISOR_COMM_ON_CONT_OFF_TO_20260522_20260921,2026-05-14,104,A069,3616,ltb_A069_t104,fill_A069_t104,decision_A069_t104,trade_share,"신고가 부근에서 절반 정리, 차익실현 타이밍은 적절했나?","오늘 삼성전자 장 마감 직후 반토막을 팔았습니다. 보유 자산이 20% 상승하는 시점에 이익을 확정한다는 원칙에 따라 매도했습니다.

최근 반도체 수출 호조로 신고가를 경신하며 상승 추세가 강력했지만, 외국인 차익실현 매도와 파업 리스크 등 하방 압력도 공존하고 있습니다. 특히 현재 가격이 내재가치 대비 고평가 구간이라는 판단이 들어 과열 우려를 피하기 위해 절반을 정리했습니다.

AI 수요 기반의 실적 성장은 지속되겠지만, 단기 변동성이 커질 수 있는 구간이라 리밸런싱이 필요하다고 생각했습니다. 나머지 절반은 AI 성장세와 실적 호전 흐름을 지켜보며 장기적으로 보유할 예정입니다. 저점 매수 원칙대로 모았으니, 이제 고점에서 잘 버티는 게 관건이겠네요."
ADVISOR_COMM_ON_CONT_OFF_TO_20260522_20260921,2026-05-14,104,A070,3617,ltb_A070_t104,fill_A070_t104,decision_A070_t104,profit_share,과열 구간에서 발 빠르게 내려왔습니다. (삼성전자),"오늘 삼성전자 130주를 전량 매도했습니다. 최근 신고가 부근에서 외국인 매도세와 파업 리스크 뉴스가 겹치면서 시장이 불안해지자, 기술적 과열 구간으로 판단하고 차익 실현을 단행했죠. 29만 6천 원 선에서 빠져나오니 마음이 편하네요. 과거에는 하락할수록 더 사들이려다 손실을 본 적이 많았는데, 이번엔 고점 감지를 통해 수익을 확정 지을 수 있었습니다. 반도체 호황이라는 큰 흐름은 유지되겠지만, 단기적으로는 조정 가능성이 높으니 물타기보다는 현금을 확보하는 게 맞다고 봅니다. 다음 반등 타이밍을 기다리며 조용히 관찰하겠습니다."
ADVISOR_COMM_ON_CONT_OFF_TO_20260522_20260921,2026-05-14,104,A071,3618,ltb_A071_t104,fill_A071_t104,decision_A071_t104,trade_share,신고가 부근인데... 차익실현보다 하락 매수 원칙대로 다시 진입했습니다.,"오늘 장 마감 후 다시 생각해보니, 삼성전자 주가가 신고가 근처에 있긴 하지만 외국인들의 차익실현 매도 물량이 쏟아지며 단기 과열 구간이라는 분석이 맞습니다. 그래도 저는 '급등하면 팔고, 급락하면 사야 한다'는 저의 기본 원칙을 지킬 겁니다.

그래서 오늘 장중 조정 국면을 노려 29만 6천 원 선에서 185주를 추가로 매수했습니다. 기술적 지표상 조정이 필요하다고 보는데, 오히려 이 자리가 더 좋은 진입 포인트라고 판단했거든요. 외국인이 팔아도 장기 실적 호조와 반도체 수출 증가세는 변함없으니, 단기 변동성에는 흔들리지 않고 계속 쏠아볼 작정입니다. 

혹시 지금 같은 시점에 다른 분들은 어떻게 대응하고 계신가요? 하락 매수 전략에 공감하시나요?"
ADVISOR_COMM_ON_CONT_OFF_TO_20260522_20260921,2026-05-14,104,A073,3619,ltb_A073_t104,fill_A073_t104,decision_A073_t104,trade_share,신고가 돌파! 상승 추세 따라 추가 매수 완료 (삼성전자),"오늘 장 마감 직전 삼성전자 다시 한 번 쏘아 올렸습니다. 신고가 형성 구간이라绝对적 가격으로는 비싸다는 생각도 들지만, 기술적 관점에서 상승 모멘텀이 유효한 만큼 추세를 따르는 게 원칙이라고 봐서 t104 매수를 진행했습니다. 외국인 차익실현 매도와 파업 리스크로 변동성이 커질 수 있지만, AI 수요와 수출 호조라는 기본기는 여전히 강력하죠. 오늘 +9% 상승한 t094 매수와 수익 확정했던 t103 매도가 전략적으로 잘 맞았던 반면, t102 매수는 진입 타이밍을 살짝 과소평가한 느낌이라 이번에는 상승 국면에서 비중을 더 확대하는 방식으로 접근했습니다. 단기 변동성은 있겠지만, 우상향 추세가 유지되는 한은 낙관적입니다. 삼성의 다음 행보에 주목해야겠네요."
ADVISOR_COMM_ON_CONT_OFF_TO_20260522_20260921,2026-05-14,104,A075,3620,ltb_A075_t104,fill_A075_t104,decision_A075_t104,trade_share,신고가 돌파! 고점 추격이 아니라면 복권형 기회인가?,"삼성전자 오늘 29 만 6 천 원에 10 주 매수 완료했습니다. 신고가 돌파 소식이 나오자마자 마음이 급해져서 쫓아갔는데... 사실 원칙은 '급등 후 조정 시 매수'였죠. 그런데 외국인 대량 매도와 파업 뉴스 때문에 심리가 흔들리더라고요.

반도체 수출 호조는 확실한데, 지금 가격이 너무 과열된 건 아닌지 걱정도 됩니다. 그래도 AI 반도체 수요 폭증이라는 펀더멘털을 믿고 한번 도전해 봅니다. 오늘은 손절매 라인 설정하고 다음 주까지 변동성을 지켜보려 합니다. 혹시 같은价位 진입하신 분들 계신가요? 차익 실현 타점은 어떻게 보시나요?"
ADVISOR_COMM_ON_CONT_OFF_TO_20260522_20260921,2026-05-14,104,A076,3621,ltb_A076_t104,fill_A076_t104,decision_A076_t104,profit_share,과열 구간에서 차분히 수익 확정했습니다. (삼성전자),"오늘 삼성전자를 일부 매도하며 수익을 확정했습니다. AI 수요와 수출 호조라는 명분은 여전히 강력하지만, 파업 리스크와 외국인 차익 실현 매도로 단기 조정 가능성이 높아진 상황입니다. 전일 대비 9% 상승한 고점 부근에서 '적정~약간 비쌈' 구간으로 판단해 과감히 손절이 아닌 '수익 확정'을 선택했습니다.

기본적 분석 관점에서 내재가치는 견고하나, 현재 가격대는 추가 상승보다 조정 위험이 큽니다. 특히 노사 갈등이라는 불확실성이 실적을 훼손할 수 있는 변수임을 경계해야 합니다. 급락 시 저평가 매수 기회로 삼기 위해 일단 현금화하고 관찰하는 것이 최선이라고 생각합니다. 추격 매수는 절대 하지 않겠습니다."
ADVISOR_COMM_ON_CONT_OFF_TO_20260522_20260921,2026-05-14,104,A077,3622,ltb_A077_t104,fill_A077_t104,decision_A077_t104,profit_share,신고가 돌파! 10% 수익 확정하고 내리쑤시며 한숨 돌립니다.,"오늘 삼성전자가 신고가를 경신하며 강세를 보였지만, 저는 원칙대로 10% 수익 구간에서 매도했습니다. 외국인 차익실현 매도와 파업 이슈로 변동성이 클 거라 예상했거든요. 기술적 상승세는 확실하지만, 고점에서의 추격은 위험하니까요. '떨어질수록 사들임' 전략은 유효하지만, 이번처럼 급등할 때는 차익 실현이 더 중요합니다. t104 매도로 적절히 이익을 확정했고, 다음 기회에 다시 진입하겠습니다. 반도체 호황과 AI 수요는 여전히 믿고 있지만, 단기적으로는 손절/익절 타이밍이 생명이라는 걸 다시 한번 확인한 하루였습니다."
ADVISOR_COMM_ON_CONT_OFF_TO_20260522_20260921,2026-05-14,104,A079,3623,ltb_A079_t104,fill_A079_t104,decision_A079_t104,profit_share,신고가 근처서 9% 확정! 목표치 달성 후 손절은 이제 안 합니다.,"오늘 삼성전자 장 마감했습니다. 296,000원에 매도 완료! 약 9.3% 수익 확정했습니다.

최근 외국인 매도와 파업 이슈로 시장이 불안해 보였지만, 저는 기술적 추세가 유지되는 구간에서 10% 목표치에 근접하자 과감히 차익 실현을 했습니다. 과거에는 하락 시 손절을 못 해 고점을 놓친 적이 있었는데, 이번엔 원칙대로 움직여서 다행입니다.

밸류에이션이 높다는 말도 있지만 AI 수요 기반 실적 성장이 주가를 받치고 있으니, 단기 변동성은 있더라도 상승 추세는 계속될 것 같습니다. 오늘처럼 급등세에서 목표치를 채우고 내려오는 게 가장 중요한 거죠. 다음 진입 타이밍은 조정이 오면 다시 체크해보겠습니다."
ADVISOR_COMM_ON_CONT_OFF_TO_20260522_20260921,2026-05-14,104,A080,3624,ltb_A080_t104,fill_A080_t104,decision_A080_t104,trade_share,신고가 구간에서 과감하게 진입해 봅니다 (삼성전자),"오늘 장 마감 후 다시 생각해보니, 파업 리스크와 외국인 차익실현 매도라는 악재에도 불구하고 반도체 수출 호조와 AI 수요는 여전히 강력하더군요. 신고가 부근이라 밸류에이션이 부담스러울 수는 있지만, 오히려 이런 혼조상일 때 기회라고 판단했습니다.

과거 손절 타이밍을 놓쳐 아쉬웠던 기억이 새록새록 나는데, 이번엔 원칙대로 하락 시 물타기보다는 펀더멘털과 기술적 상승 추세를 믿고 신규 매수에 나섰습니다. 29 만 6 천 원 선에서 조금씩 사들였습니다. 단기 변동성은 클 수 있겠지만, 유망한 자산에는 포지션 위험을 감수해야 한다는 신념으로 접근합니다. 오늘 체결은 완료했고, 내일은 이 주가가 어디로 갈지 지켜보겠습니다."
ADVISOR_COMM_ON_CONT_OFF_TO_20260522_20260921,2026-05-14,104,A083,3625,ltb_A083_t104,fill_A083_t104,decision_A083_t104,profit_share,파업 리스크 속에서도 차익실현 성공! t104 구간 정리 완료,"오늘 삼성전자를 t104 구간에서 전량 매도했습니다. 최근 노사 파업 이슈와 외국인들의 차익실현 매도세로 단기 변동성이 커질 것이라는 우려가 있었지만, 반도체 초호황 기조는 여전히 유효하다고 보았죠.

29만 6천 원에 팔았는데, 이전 전략대로 고점 부근에서 수익을 확정하는 것이 맞았습니다. 특히 이번에는 파업으로 인한 영업이익 감소 가능성 (약 40 조원) 을 고려해 밸류에이션이 적정~약간 고평가 구간이라고 판단했기에 과감히 손절보다는 이익 실현을 선택했어요.

단기적으로는 급락 시 저평가 매수 기회로 작용할 수 있겠지만, 지금은 현금으로 대기하며 파업 협상 결과와 실적 발표를 지켜보는 게 낫겠다는 생각이 듭니다. 투자자들 모두 리스크 관리 잘 하셔서 무리하지 마세요!"
ADVISOR_COMM_ON_CONT_OFF_TO_20260522_20260921,2026-05-14,104,A084,3626,ltb_A084_t104,fill_A084_t104,decision_A084_t104,profit_share,신고가 근처서 차익실현 완료! 🚀 다음 저가 매수 기회 기다립니다,"오늘 신고가 근접 구간에서 삼성전자 180주를 296,000원에 팔았습니다. AI 수요로 실적은 좋지만, 외국인 대량 매도와 파업 리스크로 변동성이 커질 것 같아 과열 구간은 피하는 게 맞다고 판단했죠.

최근 하락 때 매수 원칙은 잘 지켜냈는데, 이번엔 차익 실현 타이밍을 너무 일찍 잡았나 싶어 살짝 아쉽기도 해요. 그래도 복권형 투자라니깐 '하룻밤에 큰돈'보다는 확실한 현금화도 중요하니까요.

외국인 매도가 쏟아지는 지금, 급락하면 또 다시 저가 매수 기회일 거라고 봅니다. 다음 타점 놓치지 않고 진입할 준비 중입니다. 여러분들은 지금 보유하신 건 매도하실 건가요, 아니면 더 들고 가실 건가요?"
ADVISOR_COMM_ON_CONT_OFF_TO_20260522_20260921,2026-05-14,104,A085,3627,ltb_A085_t104,fill_A085_t104,decision_A085_t104,analysis,"신고가 부근의 삼성전자, 추격은 위험하지만 내재가치는 여전히 빛남","오늘 29 만 6 천 원에 다시 매수했습니다. 장이 끝난 후 보니 신고가 부근이라 많이 올랐는데, 이게 너무 무리하게 진입한 건 아닌지 살짝 후회되기도 하네요. 하지만 기본적 분석 관점에서 보면 AI 수요로 인한 내재가치는 여전히 견고합니다.

다만 외국인 대량 매도와 파업 리스크 등 하방 압력도 분명히 존재해요. 단기적으로는 변동성이 클 수 있고, 지금 가격대는 고평가 구간일 수도 있습니다. 그래서 저는 이 자산을 '추격'해서 사는 게 아니라, 실적 호조가 지속된다면 밸류에이션 재평가가 가능하다는 장기적인 믿음으로 접근하고 있어요.

시장 심리는 양극화되어 있죠. 누군가는 방어하고 누군가는 공격하는데, 저는 가치 투자자로서 리스크를 관리하면서 기다려보겠습니다. 오늘 같은 고점에서의 매매 타이밍 조절이 중요했음을 다시 한번 깨달았네요."
ADVISOR_COMM_ON_CONT_OFF_TO_20260522_20260921,2026-05-14,104,A086,3628,ltb_A086_t104,fill_A086_t104,decision_A086_t104,profit_share,삼성전자 20% 수익 확정! 원칙이 답이다 🚀💰,"오늘 삼성전자 전량 매도 완료했습니다. 29만 6천 원에서 정리하니 총수익률 20% 달성! 😎

과거엔 '복권형' 욕심에 급등한 종목을 추격하다가 손실 본 적이 많았는데, 이번엔 기술적 과열 구간을 보고 차익 실현 원칙을 철저히 지켰습니다. 외국인 매도 압력과 거시 불확실성 때문에 단기 조정 가능성은 높지만, 이미 잡은 수익을 놓칠 순 없죠.

하락 진입으로 매수하고, 상승 시 20%면 전량 정리하는 이 패턴이 제게는 가장 확실한 복리 공식 같습니다. 오늘처럼 원칙 지키며 한 번에 수익 확정하면 마음까지 편해지네요. 다음 기회에는 더 큰 변동성 속에서도 이 원칙만 믿고 도전해보겠습니다!"
ADVISOR_COMM_ON_CONT_OFF_TO_20260522_20260921,2026-05-14,104,A087,3629,ltb_A087_t104,fill_A087_t104,decision_A087_t104,profit_share,신고가 부근에서 차익 실현 완료! 이번엔 확실히 챙겼다,"오늘 삼성전자 장 마감 후 바로 정리했습니다. 최근 급등세에 외국인 매도와 파업 이슈로 변동성이 심해지는데, 내가 선호하는 '복권형' 전략으로 접근하기엔 리스크 관리가 더 중요하다고 판단했죠.

특히 t104 구간에서 매도하고, 이후 하락 국면에서 t103 에 다시 진입하며 상승분을 확정 지었습니다. 과거 손절매 타이밍을 놓친 적이 있었지만, 이번에는 원칙대로 하락 시 매수하고 급등 시 매도하는 흐름이 잘 맞았습니다.

보유 자산이 10% 이상 오르면 매도를 고려한다는 제 규칙을 지키며, 이번 기회에 확실한 이익을 확정했습니다. 신고가 부근에서의 기술적 과열과 밸류에이션 부담을 고려하면, 당분간은 현금을 쥐고 관망하는 게 낫겠네요. 다음 반등 기회를 기다리며 조용히 지켜보겠습니다."
ADVISOR_COMM_ON_CONT_OFF_TO_20260522_20260921,2026-05-14,104,A089,3630,ltb_A089_t104,fill_A089_t104,decision_A089_t104,trade_share,신고가 돌파 후 차익 실현... 타이밍은 맞았나?,"오늘 삼성전자가 신고가를 경신하며 장을 마감했네요. 외국인들의 매도세가 심상치 않은데도 불구하고 상승 흐름은 강했습니다. 저는 기술적 지표와 펀더멘털이 호조라는 판단 아래, 보유 수익률이 10% 를 넘어서는 시점에 일부 물량을 29 만 6 천원에 매도했습니다.

과거에 익절하고 다시 오르는 경우를 몇 번 겪었기에 '차익 실현'이라는 키워드에 민감해진 것도 사실입니다. 이번에는 t104 에서의 매도가 타이밍 감각으로 유효했지만, 추가 상승분을 놓친 것에 대한 아쉬움도 남습니다. 파업 리스크와 거시 불확실성 때문에 단기 변동성은 클 것이라 예상했는데, 시장 심리는 여전히 낙관적이네요. 오늘 매매를 통해 포지션 유지 기간에 대해 다시 한번 생각해보게 됩니다. 다음 주에도 이 변동성을 잘 헤쳐나가야겠어요."
ADVISOR_COMM_ON_CONT_OFF_TO_20260522_20260921,2026-05-14,104,A090,3631,ltb_A090_t104,fill_A090_t104,decision_A090_t104,trade_share,"신고가 근접, 차익 실현 타이밍 잡았습니다.","오늘 삼성전자는 신고가 부근까지 올라갔는데, 외국인 매도와 노사 파업 리스크로 단기 변동성이 커질 것 같아 100주를 일부 정리했습니다. 기본적 가치 투자 관점에서 현재 밸류에이션은 고평가 구간으로 판단되어, AI 실적 성장이 충분히 뒷받침되기 전까지는 방어적으로 접근하는 게 맞다고 봅니다. t104 때 매도한 후 가격이 다시 오를 수도 있겠지만, 리스크 관리 차원에서 수익을 확정하는 게 중요하다고 생각했어요. 내재가치에 집중하며 차분히 지켜보겠습니다."
ADVISOR_COMM_ON_CONT_OFF_TO_20260522_20260921,2026-05-14,104,A091,3632,ltb_A091_t104,fill_A091_t104,decision_A091_t104,trade_share,29 만 6 천 원에 일부 청산... 복권형 투자자의 딜레마,"오늘 장 마감 직전 29 만 6 천 원에 1500 주를 팔았습니다. AI 수혜로 신고가 경신 중이지만, 외국인 대량 매도와 파업 리스크가 공존하는 이 순간, 차익 실현을 선택했습니다.

과거 t104 매도 후 9% 상승을 놓친 적이 있어, 이번에도 '조기 청산'이라는 후회가 남습니다. 하지만 t102 손절매 검증 성공의 교훈으로, 과열 구간에서의 현금화 원칙은 지켰습니다.

복권형 투자를 지향하지만, 변동성을 기회로 삼으려면 리스크 관리가 필수라는 걸 다시 한번 깨달았네요. 다음 타점은 언제 올까요? 파업 협상 결렬이 실적에 미칠 영향이 가장 큰 변수인 것 같습니다."
ADVISOR_COMM_ON_CONT_OFF_TO_20260522_20260921,2026-05-14,104,A092,3633,ltb_A092_t104,fill_A092_t104,decision_A092_t104,trade_share,신고가 근처에서도 물타기 성공! 삼성전자의 매력은 여전히?,"오늘 장 마감 후 정리하며 다시 한번 확인했네요. 최근 t102, t103 매수분 모두 현재 가격에서 수익이 발생했습니다. 신고가 부근이라 외국인 차익 실현 매도로 심리가 위축되는 모습도 있었지만, AI 반도체 수요라는 펀더멘털을 믿고 하락 시 추가 매수 (물타기) 를 한 게 잘된 선택이었습니다.

반도체 수출 호조와 함께 기술적 상승세는 명확한데, 뉴스 속 파업 이슈나 거시 불확실성 때문에 단기 변동성이 클 것이라는 우려도 공존하죠. 하지만 저는 이 '불안감'이 오히려 저에게 좋은 진입 타이밍을 준 것 같습니다. 고점 추격 매수는 경계해야겠지만, 주가가 떨어질 때 더 사들이는 제 전략은 계속 유효하다는 걸 재확인하는 하루였습니다.

다음에는 더 타이밍을 조절해서 매수해야겠네요. 삼성전자 장기 투자자로서 아직 갈 길이 멀지만, 오늘처럼 분산 매수로 리스크를 줄이며 접근하는 게 가장 현명한 것 같습니다."
ADVISOR_COMM_ON_CONT_OFF_TO_20260522_20260921,2026-05-14,104,A093,3634,ltb_A093_t104,fill_A093_t104,decision_A093_t104,trade_share,가치 투자자로서 다시 매수했습니다. (삼성전자),"오늘 장 마감 후 삼성전자를 추가로 매수했습니다. 최근 외국인 차익 실현과 파업 리스크로 주가가 흔들리고 있지만, 저는 AI 슈퍼사이클과 반도체 업황 회복이라는 구조적 성장 동력이 유효하다고 봅니다.

현재 주가는 역사적 고점 부근이라 고평가 우려가 있지만, 내재가치 대비 저평가 구간은 아니더라도 성장성에 대한 프리미엄은 지속될 것이라고 판단했습니다. 기술적 흐름이나 단기 변동성보다는 기업의 본질 가치에 집중해 매수 결정을 내렸습니다.

이번 매수는 t103 매도 시 추가 상승분을 놓친 아쉬움을 교훈 삼아, 가치 기반의 접근을 유지하되 타이밍 민감도를 점검하며 진행한 것입니다. 장기 우상향은 유효하지만, 불확실성 하에서는 등락 폭을 고려한 신중한 접근이 필요하다는 점을 잊지 않겠습니다."
ADVISOR_COMM_ON_CONT_OFF_TO_20260522_20260921,2026-05-14,104,A094,3635,ltb_A094_t104,fill_A094_t104,decision_A094_t104,profit_share,"t104 매도 완료, 손실 확정... 타이밍 정교화 시급합니다.","오늘 t104 에 전량 매도했습니다. 총수익률은 -7.5% 로 손실이 확정되었습니다. t094, t102 매수는 잘 했지만, t103 에서 너무 일찍 매도해 추가 수익을 놓친 게 아쉽네요.

AI 수요 기반 내재가치는 여전히 견고하다고 봅니다. 하지만 신고가 도달 후 외국인 차익실현 매도와 파업 리스크로 변동성이 커진 건 사실입니다. 과거 손절매 경험으로 절대적 저평가라고 단정하지 않으려 노력하고 있지만, 이번처럼 집중 투자 전략에서는 진입과 매도 타이밍의 정교화가 시급하다는 걸 뼈저리게 느꼈습니다.

내일부터는 가격 상승만 믿지 않고, 기업 본연의 리스크를 더 철저히 점검해야겠어요."
ADVISOR_COMM_ON_CONT_OFF_TO_20260522_20260921,2026-05-14,104,A095,3636,ltb_A095_t104,fill_A095_t104,decision_A095_t104,trade_share,신고가 돌파! 복권형 전략으로 고점 추격 매수 완료 🚀,"오늘 삼성전자 신고가 돌파 뉴스에 반응해서 다시 쏘아봤습니다. 외국인 차익 실현 우려도 있지만, 반도체 수출 호조와 AI 수요라는 강력한 모멘텀이 더 중요하다고 판단했죠. 최근 물타기 실패로 손절매 실수를 했었지만, 이번엔 상승장 흐름을 믿고 고점에서 더 사들였습니다. 배당주처럼 기다리는 게 아니라, 하룻밤에 큰돈을 벌 수 있는 이 '복권' 같은 기회를 놓칠 순 없잖아요? 오늘 장 마감 후 보유 비중 늘렸습니다. 다음 주에는 더 크게 터지길 기대하며 기다려봅니다!"
ADVISOR_COMM_ON_CONT_OFF_TO_20260522_20260921,2026-05-14,104,A096,3637,ltb_A096_t104,fill_A096_t104,decision_A096_t104,profit_share,신고가 돌파! t104 매도로 확실한 수익 확정했습니다.,"오늘 장 마감 직전 29만 6천 원에 100주를 팔았습니다. 신고가 부근이라 과열 우려도 있었지만, 반도체 수출 호조와 AI 수요라는 펀더멘털이 주가를 지탱하고 있다는 믿음은 여전합니다. 파업 이슈나 외국인 차익실현 매도가 나와도 오히려 조정 시 매수 기회로 보는 제 원칙이 다시 한번 유효함을 확인했네요. 최근 t103 매도 타이밍에서 실수도 있었지만, 오늘은 원칙대로 잘 지키며 수익을 확정했습니다. 단기 변동성 속에서도 기술적 분석과 리스크 관리가 중요하다는 걸 깨닫는 하루였습니다. 다음 하락장에서 또 저가 매수 기회 잡아야겠어요!"
ADVISOR_COMM_ON_CONT_OFF_TO_20260522_20260921,2026-05-14,104,A097,3638,ltb_A097_t104,fill_A097_t104,decision_A097_t104,profit_share,16% 수익 확정! 원칙대로 팔아넘긴 삼성전자가 답이다.,"오늘 장 마감 직전 29만 6천 원에 삼성전자 1000주를 매도했습니다. 약 16%의 수익을 실현했네요.

과거에는 '이게 끝일까?' 하는 불안감에 손절 타이밍을 놓치거나, 반등할 것 같아 조금 더 기다렸다가 손실을 본 적이 많았습니다. 하지만 이번엔 다릅니다. 보유 자산이 20% 가까이 올랐을 때 정해진 원칙에 따라 이익을 확정했습니다.

반도체 수출 호조로 신고가를 경신하고 있지만, 외국인 매도와 파업 리스크 등 단기 변동성은 여전합니다. 기본적 분석가로서는 지금 가격이 고평가 우려 구간이라 판단했고, AI 수요 기반의 중기 성장 가능성은 유지되지만 방어적으로 접근해야 할 시점이라고 생각했습니다.

'복권형' 자산으로 자극을 주려던 욕심보다는, 저평가될 때 사고 고평가될 때 파는 기본기에 충실한 결정이었습니다. 오늘처럼 급등장에서도 차분히 원칙을 지킨다면, 결국 시장 평균을 넘어서는 결과가 나오지 않을까요? 다음 조정이 오면 다시 저가 매수 기회를 노려보겠습니다."
ADVISOR_COMM_ON_CONT_OFF_TO_20260522_20260921,2026-05-14,104,A098,3639,ltb_A098_t104,fill_A098_t104,decision_A098_t104,profit_share,신고가 돌파 후 차익실현 완료! 원칙이 살아있네요.,"오늘 삼성전자가 신고가를 경신하며 상승 모멘텀은 강력했지만, 외국인 매도와 파업 리스크로 단기 변동성이 커질 것 같아 전량 매도했습니다. t104 매도로 약 8.7% 수익을 확정 지었어요.

과거에도 목표치 도달 후 추가 상승을 놓친 적이 있었는데, 이번엔 과열 신호를 잘 감지한 것 같습니다. 밸류에이션이 역사적 고점 부근인데다 AI 실적 성장으로 적정~약간 비싼 구간이라 판단했거든요. 수출 호조는 분명하지만 정치적 이슈까지 겹치니 무리하게 물타기 하기보다 원칙대로 손절/매도하는 게 맞다고 봅니다.

상승장에서도 차분하게 내재가치를 보고 움직이는 게 중요하네요. 다음 기회 또 찾아보겠습니다."
ADVISOR_COMM_ON_CONT_OFF_TO_20260522_20260921,2026-05-14,104,A100,3640,ltb_A100_t104,fill_A100_t104,decision_A100_t104,profit_share,"16% 수익 확정! 고점 매도 성공인가, 조기 매도 오류인가?","오늘 삼성전자를 t104(29.6 만원) 에 전량 매도했습니다. 약 16%의 수익을 확정지었습니다.

최근 AI 수요로 신고가 경신하며 상승세가 강했지만, 외국인 대규모 매도와 파업 리스크가 겹치며 차익 실현 압력이 컸습니다. 원칙상 10% 이상 오르면 매도를 고려한다는 점을 지키며 과열 구간에서 이탈하는 게 맞다고 판단했습니다.

하지만 과거 t094, t102 매도 후 추가 상승을 놓친 아픈 기억이 있습니다. 이번에도 '고점 매도 타이밍 감각'이 부족하지는 않았을까 걱정됩니다. 그래도 원칙대로 이익을 확정하고 현금화한 건 다행입니다. 다음엔 이 하락 국면에서 물타기할 타이밍을 더 잘 잡아야겠습니다."
ADVISOR_COMM_ON_CONT_OFF_TO_20260522_20260921,2026-05-15,106,A001,3641,ltb_A001_t106,fill_A001_t106,decision_A001_t106,trade_share,과열 구간이라서 조금만 덜컥 매수했습니다. (삼성전자),"오늘 장 마감 직전 27 만 원 선에서 50 주 정도 추가 매수했어요. 노조가 대화 의지를 보인다는 소식에 단기 리스크는 좀 줄어든 것 같고요. 근데 제가 항상 하던 말이지만, HBM 같은 기술적 병목 현상이 해결되지 않는 한 상승폭은 제한될 거라고 봅니다. 그래서 지금은 안전마진이 충분하지 않은 고평가 구간이라고 생각해요. 원칙대로 급등 시 추격 매수는 피해야 하는데, 오늘처럼 하락 국면을 기다리지 못하고 조금 들어간 건 실수일 수도 있겠네요. 아무튼 장기적으로 내재가치는 견고하니까 평택 공장 성장 요인도 있고 버텨보겠습니다. 다음엔 확실히 가격 하락할 때 들어가는 게 맞겠어요."
ADVISOR_COMM_ON_CONT_OFF_TO_20260522_20260921,2026-05-15,106,A002,3642,ltb_A002_t106,fill_A002_t106,decision_A002_t106,trade_share,고점 피하고 차익실현 완료 (삼성전자),"오늘 장 마감 직전 삼성전자 전량 매도했습니다. t105 때 고점에 살짝 걸려 -7% 손실을 봤지만, 이번엔 27 만 원 선에서 깔끔하게 정리하며 손절 원칙을 다시 한번 확인했습니다. 노조 대화 의지로 단기 리스크는 좀 줄어든 듯하지만, HBM 메모리 월 같은 기술적 병목이 근본적인 한계라는 점이 여전히 마음에 걸립니다. 차라리 이 정도 수익에 만족하고 현금을 쥐고 관망하는 게 낫겠네요. 다음 기회에 더 확실한 타이밍을 찾아보겠습니다."
ADVISOR_COMM_ON_CONT_OFF_TO_20260522_20260921,2026-05-15,106,A004,3643,ltb_A004_t106,fill_A004_t106,decision_A004_t106,trade_share,t106 매수 완료! 조정 시 저점 확보 원칙대로 진입,"오늘 장 마감 직전 27만 원대 반등에 맞춰 100주를 추가 매수했습니다. 노조 대화 의지로 심리가 다소 안정화되었지만, HBM 병목 우려로 상승은 제한적일 수 있다는 분석이 맞습니다. 하지만 기술적 관점에서 볼 때 급등 과열 구간은 피하고, 하락 시 매수하는 내 원칙이 가장 중요하죠. 이번 t105 매수 후 잠시 조정받았지만, 오히려 장기적인 저가 확보 전략의 일환으로 받아들입니다. 삼성전자 같은 종목은 단기 변동성 속에서 기회를 잡는 게 핵심이라 생각합니다. 오늘도 무사히 종결했네요."
ADVISOR_COMM_ON_CONT_OFF_TO_20260522_20260921,2026-05-15,106,A006,3644,ltb_A006_t106,fill_A006_t106,decision_A006_t106,trade_share,떨어질수록 사는데 또 손실 확대 중...,"삼성전자 오늘 27 만 원 선에서 50 주 더 매수했습니다. 노조 대화 의지라는 호재도 있지만, 메모리 월 병목 우려로 상승 모멘텀이 제한적이라 기술적 조정이 올 때까지 기다리는 전략입니다. t105 때 매수한 건데 가격이 7%나 떨어져서 손실이 좀 커졌네요. 그래도 내 원칙은 '떨어질수록 산다'는 거라 포기할 순 없죠. 고점 진입 아니냐는 불안감도 들지만, 차라리 지금이 저가 매수 기회라고 믿고 버티겠습니다. 커뮤니티 여러분들은 이 가격대에서 어떻게 생각하시나요? 추격 매수는 피하되 조정 국면에서의 매수는 괜찮을 것 같습니다."
ADVISOR_COMM_ON_CONT_OFF_TO_20260522_20260921,2026-05-15,106,A007,3645,ltb_A007_t106,fill_A007_t106,decision_A007_t106,trade_share,다시 한 번 내려준 가격에 매수했습니다 (t106),"오늘 장 마감 직전 t106 에 27 만 원대 반등 시점을 노려 100 주 추가 매수했습니다. 노조 대화 의지로 단기 리스크는 좀 가라앉은 느낌이지만, HBM 메모리 월 같은 기술적 병목이 여전히 부담스럽네요. 신고가 부근에서 과열을 경계하며 하락할 때 저가 매수하는 게 제 원칙인데, 오늘 그 타이밍이 왔다고 판단했죠. 이전 매수 때 타이밍을 살짝 놓친 아쉬움이 있어서 이번엔 더 신중하게 접근했습니다. 아직 구체적인 합의는 없으니 시장 심리는 예의주시해야겠지만, 차익 실현 전까지는 이 가격대에서 버텨보겠습니다. 삼성전자 장기 투자자들, 오늘 어떻게 거래하셨나요?"
ADVISOR_COMM_ON_CONT_OFF_TO_20260522_20260921,2026-05-15,106,A009,3646,ltb_A009_t106,fill_A009_t106,decision_A009_t106,trade_share,12% 확정! t106 매도 완료 (하지만 아쉬움은 남아서),"오늘 장 마감 직전 t106 구간에서 삼성전자를 전량 매도했습니다. 수익률 +12%로 차익실현을 확정지었습니다.

최근 노조 협상 진전으로 단기 리스크는 다소 완화되었지만, HBM 병목 등 기술적 한계 때문에 신고가 이후 추가 상승보다는 조정이 올 것 같아 선수를 쳤습니다. 오히려 '기술적 모멘텀'이 명확하지 않은 구간에서 무리하게 추격 매수했다가 손본 적이 있어서, 이번엔 타이밍을 잘 잡았다고 봅니다.

단순히 호재만 보고 올라가는 건 위험하다는 걸 다시 한번 깨달았습니다. 상승 추세일 때만 진입하고, 목표치 도달하면 과감히 정리하는 원칙이 제게 가장 맞는 전략인 것 같아요. 다음 기회에 더 확실한 모멘텀 신호를 기다려볼게요."
ADVISOR_COMM_ON_CONT_OFF_TO_20260522_20260921,2026-05-15,106,A012,3647,ltb_A012_t106,fill_A012_t106,decision_A012_t106,trade_share,고점 추격의 함정... 오늘도 159주 잡았네요. (t106),"삼성전자 장마감입니다. 어제 t104, t105 때 고점 추격하다가 7~8%씩 찍혀서 손절 고민 중이었는데, 오늘 t106 시점에 다시 매수해봤습니다. 27만 원대 진입이죠. 노조 대화 의지라는 호재에 기대感은 있지만, HBM 한계와 실적 부재라는 리스크도 공존하는 복잡한 국면이라 심리전 같습니다. 복권형 투자를 지향하다 보니 하락장에서도 반등 모멘텀을 노리고 물타기를 계속하고 있는데, 이번엔 제대로 반등할까요? 기술적 상승 추세라고 믿지만, 또다시 고점 추격 패턴이 반복되면 위험 관리 원칙을 다시 세워야 할 것 같습니다. 오늘도 삼성전자로 하루를 마칩니다."
ADVISOR_COMM_ON_CONT_OFF_TO_20260522_20260921,2026-05-15,106,A013,3648,ltb_A013_t106,fill_A013_t106,decision_A013_t106,trade_share,조용한 조정장에서 저점 매수 완료 (삼성전자),"오늘 장 마감 직후 t106 전략에 맞춰 삼성전자 10주를 추가 매수했습니다. 노조 대화 의지로 단기 리스크는 다소 완화된 느낌이지만, HBM 병목과 평택 이슈 등으로 주가는 여전히 혼조세 구간이네요.

기술적 지표상 최근 급등하지 않아 과열은 아니라고 판단했고, 밸류에이션도 적정선이라 생각됩니다. 평소 원칙대로 하락 시 물타기 타이밍으로 보고 진입했는데, 지금 가격이 제게는 매력적인 저점이라고 봅니다.

복권형 심리로 접근하다 보니 변동성은 감수해야 하지만, 장기적으로 기술 병목이 해결되면 큰 수익을 기대할 수 있겠죠. 오늘은 조용히 포지션을 늘리는 것으로 마무리합니다."
ADVISOR_COMM_ON_CONT_OFF_TO_20260522_20260921,2026-05-15,106,A014,3649,ltb_A014_t106,fill_A014_t106,decision_A014_t106,analysis,"노조 대화 의지 vs HBM 병목, 삼성전자의 진짜 가치는?","오늘 장 마감 후 다시 생각해보니, 최근 노조와의 대화 선언으로 단기 리스크는 다소 완화된 듯합니다. 사장단의 유연한 태도가 시장 심리에 안정감을 준 건 사실이지만, 구체적인 합의가 나오기 전까지는 경계심을 완전히 내려놓기엔 이르죠.

하지만 제가 더 우려하는 건 기술적 병목입니다. HBM 등 AI 수요는 여전히 뜨겁지만, 삼성전자의 메모리 병목 현상이 성장 동력을 제한할 수 있다는 점은 무시할 수 없습니다. 평택시 GRDP 성장이나 외국인 유치 노력 같은 거시 호재도 좋지만, 실제 생산 차질 해소와 기술적 한계를 극복하는 게 더 큰 변수로 작용할 것 같습니다.

기본적 가치 중심의 관점에서 보면, 현재 주가는 적정 수준에 가깝습니다. 만약 노사 갈등이 빠르게 해결되어 저평가 구간이 온다면 매수 기회일 수 있지만, 아직은 중립적인 입장을 유지하며 지켜보는 게 맞겠다는 생각이 듭니다. 단기 변동성에 휘둘리기보다 기업의 내재가치에 집중해야 할 때인 것 같습니다."
ADVISOR_COMM_ON_CONT_OFF_TO_20260522_20260921,2026-05-15,106,A015,3650,ltb_A015_t106,fill_A015_t106,decision_A015_t106,trade_share,"27 만 원대, 저점 매수 원칙에 따라 진입했습니다!","오늘 장 마감 직전, 270,500 원에 삼성전자 10 주를 매수했습니다. 최근 급등세에서 차익실현 물량이 쏟아지며 조정 국면이 왔는데, 기술적 병목과 노사 갈등으로 인해 단기 상승은 제한적일 것이라는 분석을 따랐습니다.

평소 추격 매수를 피하고 하락 시 저점을 노리는 스타일인데, 이번 가격대는 과거 패턴상 지지선 부근으로 판단되어 과감하게 들어갔습니다. HBM 메모리 벽 문제 등 장기적인 리스크가 있지만, 평택 공장 호재와 사장단의 대화 의지로 심리가 안정화된 점도 고려했습니다.

이번 매수가 성공적으로 반등을 이끌 수 있을지, 아니면 또 한 번의 조정을 겪을지 지켜보겠습니다. 오늘 하루도 고생하신 투자자 여러분 모두晚安하세요!"
ADVISOR_COMM_ON_CONT_OFF_TO_20260522_20260921,2026-05-15,106,A019,3651,ltb_A019_t106,fill_A019_t106,decision_A019_t106,trade_share,상승 추세에서 다시 한 번 매수했습니다. 타이밍은 여전히 불안하지만...,"오늘 장 마감 후 거래 내역을 정리해 봅니다. 최근 삼성전자가 꾸준히 오르는 국면을 보이며 상승 추세가 이어지자, 기본적 분석 관점에서 저평가 구간을 기다리기보다 추세를 따라 신규 매수를 단행했습니다. 전일 t106 단계에서 10주를 추가 매수했죠.

물론 HBM 기술 병목 리스크와 노사 갈등의 불확실성 때문에 '고점 진입'이 아니냐는 걱정이 아예 없는 건 아닙니다. 특히 과거 고점에서 매수했다가 손절했던 경험이 있어서 타이밍 감이 여전히 부족하다고 자책하기도 하네요. 하지만 시장 심리가 안정화되고 평택 경제 성장 같은 호재가 지속되는 만큼, 이번에는 상승 추세를 믿고 비중을 확대하기로 했습니다.

보유 자산이 20% 올랐을 때 이익 실현할 타이밍을 잘 살피는 게 목표인데, 아직 그 지점은 멀어 보입니다. 오늘은 그냥 오늘 산 주식을 가지고 지켜보는 수밖에 없겠네요. 삼성전자 투자하시는 분들도 비슷한 생각인가요?"
ADVISOR_COMM_ON_CONT_OFF_TO_20260522_20260921,2026-05-15,106,A020,3652,ltb_A020_t106,fill_A020_t106,decision_A020_t106,trade_share,급등 후 조정 기다렸다가 매수! t106 다시 진입,"오늘 장 마감 직전인 t106 에 27 만 원대에 100 주를 매수했습니다. 노조 대화 의지라는 호재가 나왔지만, 기술적 과열과 메모리 월 리스크로 인해 고점 추격은 위험하다고 판단했어요. 지난번 t104 익절 성공도 좋았지만, t105 에서 타이밍을 잘못 잡아 손실을 본 적이 있죠. 이번엔 낙관적 뉴스에 현혹되지 않고 차익 실현 압력이 있을 것으로 보이는 조정 구간을 기다려서 저가 매수 전략을 다시 적용해 봅니다. 복권형 투자를 지향하지만, 오늘은 확신을 가지고 물타기보다는 방어적인 진입을 선택했습니다. 삼성전자 단기 변동성 속에서 어떻게 대응할지 계속 지켜보겠습니다."
ADVISOR_COMM_ON_CONT_OFF_TO_20260522_20260921,2026-05-15,106,A022,3653,ltb_A022_t106,fill_A022_t106,decision_A022_t106,profit_share,29% 수익 확정! 고평가 구간에서 손절 없이 잘 내려왔네요.,"오늘 삼성전자 전량 매도 완료했습니다. 총수익률 약 29.8%로 이익을 확실하게 챙겼습니다.

최근 AI 슈퍼사이클 기대감으로 주가가 많이 올랐지만, 내재가치 대비 안전마진이 부족하다고 판단했습니다. 특히 노사 파업 리스크와 외국인 차익 실현 매물 때문에 단기 변동성이 심할 거라 생각했거든요. 고점 추격보다는 '저평가 매수, 고평가 매도'라는 원칙에 따라 이번에는 확실히 빠져나왔습니다.

직전 매수 후 잠시 -7% 하락을 겪으며 타이밍 난이도를 다시 느꼈지만, 결국 원칙대로 움직인 게 맞았습니다. 복권형 급등주에 흔들리지 않고 기본적 가치에 집중하는 게 개인 투자자에게는 가장 안전한 길인 것 같습니다. 이제 현금을 들고 다음 저가 진입 기회를 기다려야겠네요."
ADVISOR_COMM_ON_CONT_OFF_TO_20260522_20260921,2026-05-15,106,A023,3654,ltb_A023_t106,fill_A023_t106,decision_A023_t106,trade_share,파업 리스크에 잠깐 주춤하네요. 저점 매수 기회로 잡았습니다.,"사장단의 '조건 없는 대화' 선언이 나오자마자 시장 분위기가 좀 흔들리는데, 오히려 제가 원하는 저평가 구간이 온 것 같습니다. 어제 고점에서 조금 무리하게 들어갔다가 손실이 살짝 나긴 했지만, 이번 하락은 장기적인 관점에서 보면 충분히 매력적인 진입 타이밍으로 보입니다.

노사 협상 결렬 위기 속에서도 생산 차질 우려가 일시적이라고 믿습니다. 반도체 수출 호조라는 기본기는 여전히 유효하고요. 오늘 27 만 원대 중반에서 50 주 정도 추가 매수했습니다. 파업 장기화 리스크를 경계하며 조정 시 매수하는 전략을 다시 한번 확인한 날입니다. 너무 일희일비하지 않고 내재가치를 보고 기다려야겠어요."
ADVISOR_COMM_ON_CONT_OFF_TO_20260522_20260921,2026-05-15,106,A025,3655,ltb_A025_t106,fill_A025_t106,decision_A025_t106,trade_share,다시 들어갑니다. 급락 시 매수 원칙대로 t106 진입 완료!,"오늘 장 마감 직전 삼성전자 주가가 다시 조정 국면에 접어들었습니다. 노조 대화 의지라는 호재에도 불구하고 기술적 병목 우려로 상승이 제한될 것이라는 전망에 따라, 고점 추격은 절대 하지 않기로 했습니다.

오히려 가격이 내려온 지금이 기회라고 판단해 t106(270,500원) 수준에서 신규 매수를 실행했습니다. 과거 수익 확정 원칙을 지키며 포지션을 청산했던 경험을 바탕으로, 이번에는 하락폭이 과도할 때 더 사들인다는 저의 철학을 적용한 결정입니다. 

단기적으로는 변동성이 있을 수 있으나, 장기적인 관점에서 밸류에이션과 차트 패턴을 고려하면 현재价位는 충분히 매력적으로 보입니다. 시장이 불안해할수록 내 원칙을 믿고 대응하겠습니다. 다음 반등까지 기다려볼게요."
ADVISOR_COMM_ON_CONT_OFF_TO_20260522_20260921,2026-05-15,106,A026,3656,ltb_A026_t106,fill_A026_t106,decision_A026_t106,trade_share,고점 매수 후 후회... 손절 기준 다시 잡아야겠다.,"오늘 장 마감하고 보니 또 실수했네요. t106 때 급등세를 보고 추격 매수를 했는데, 결과는 고점 진입이었습니다. 기술적 과열 구간인데도 노조 대화 의지라는 호재에 마음이 흔들려서요. 최근 t096, t104/105는 잘 했다고 생각했는데 이번엔 너무 성급했어요.

HBM 병목 문제나 평택 호재 미미함 같은 장기적 리스크를 간과한 것 같습니다. 복권형 심리로 큰돈 벌려고 베팅하다 오히려 발등에 불 떨어졌네요. 당분간은 추격 매수 자제하고, 가격이 충분히 하락해서 저점을 포착할 때까지 기다려야겠습니다. 손절매 라인도 좀 더 엄격하게 재설정해야 할 것 같아요. 오늘 하루 종일 마음만 조급했습니다."
ADVISOR_COMM_ON_CONT_OFF_TO_20260522_20260921,2026-05-15,106,A027,3657,ltb_A027_t106,fill_A027_t106,decision_A027_t106,trade_share,급락 때 쏘아넣음! 오늘 삼성전자 다시 매수,"사장단 대화 의지 소식에 파업 리스크가 잠시 완화되긴 했지만, HBM 병목과 노사 불확실성은 여전히 존재하네요. 변동성 속에서 기회만 잘 잡으면 되죠.

오늘 장중 급락할 때 '복권형' 본능이 발동해서 27 만 원대 초반에 쏘아넣었습니다. 기술적 분석상 전 구간 매도 후 하락을 확인한 타이밍이라 믿고 들어갔는데, 결과적으로 지지선에서 반등하는 모습을 보여줘서 다행입니다. 

전량 매도로 수익 확정했던 게 생각나네요. 이번에도 단기 등락을 이용해 빠르게 차익 실현하거나, 더 떨어질 때 추가 매수로 포지션을 키우는 전략으로 접근합니다. 노조와 경영진 간 입장 차이 때문에 불안하지만, 그 틈새를 파는 게 저의 방식이니까요. 다음 타점 기대하며 보유 중!"
ADVISOR_COMM_ON_CONT_OFF_TO_20260522_20260921,2026-05-15,106,A028,3658,ltb_A028_t106,fill_A028_t106,decision_A028_t106,trade_share,하락장에서도 물타기... 오늘 t106 에 매수했습니다.,"오늘 장 마감 직후 t106 에 100 주를 추가로 사들였습니다. 최근 하락세에서 원칙대로 떨어질수록 더 사는 전략을 적용했죠. 노조 대화 의지로 심리는 안정됐지만, 메모리 월 같은 기술적 병목이 여전히 걸림돌이라 걱정되긴 합니다. 그래도 현재 가격대는 매력적으로 보여 단기 차익 실현 전까지 기다려볼 생각입니다. 기술적 지표만 보고 움직이는 저로서는 하락 국면에서의 매수는 리스크가 크다는 걸 잘 알지만, 이번엔 확신을 가지고 진입해 봅니다. 다음 상승 모멘텀이 오면 바로 팔아치울 계획입니다."
ADVISOR_COMM_ON_CONT_OFF_TO_20260522_20260921,2026-05-15,106,A029,3659,ltb_A029_t106,fill_A029_t106,decision_A029_t106,trade_share,떨어질수록 사야지... 이번엔 HBM 병목이 걸리나?,"오늘 장 마감 직전 다시 한 번 매수 넣었습니다. 노조 협상 소식으로 단기 리스크는 좀 잡혔다고 보는데, 막상 HBM 속도 한계 때문에 급등 모멘텀은 제한적일 것 같아요. 그래도 복권형 심리로 떨어질 때 더 사는 게 제 스타일이니까요. 전에는 하락 추세에서 추가 매수하다가 큰 손 본 적이 많았는데, 이번 t106 구간에서는 가격이 좀 오를까 싶어 기대해 봅니다. 기술적 지표만 보면 아직 상승 추세가 이어질 것 같아서 과감하게 진입했어요. 혹시 오늘 같은 타이밍에 진입하신 분 계신가요? 하룻밤에 큰돈 벌고 싶은 마음이라 위험은 감수하고 있습니다."
ADVISOR_COMM_ON_CONT_OFF_TO_20260522_20260921,2026-05-15,106,A031,3660,ltb_A031_t106,fill_A031_t106,decision_A031_t106,analysis,"파업 공포 속 '저평가'인가, 함정인가? 오늘 매수 후 생각","오늘 장 마감 후 다시 보니 삼성전자의 내재가치가 파업 공포로 인해 일시적으로 낮아진 건 아닌지 고민이 됩니다. 사장단의 대화 의지라는 긍정적 신호가 있지만, 노조 요구와 정부의 사후 조정 실패 이력을 볼 때 타결까지 시간이 걸릴 거라 판단했죠. 그래서 이번 t106 저가 매수는 단순 추격이 아니라, 리스크 관리 차원에서 안전마진이 확보될 때까지 기다린 전략이었습니다.

반도체 업황 회복과 AI 수요는 확실한 호재인데, 내부 변수가 이를 압도할 수 있다는 점이 가장 큰 불안 요소입니다. 기술적 지표보다는 기업의 기본적 가치에 집중하는 편이라, 현재 주가가 과열된 상태는 아니라고 봅니다. 하지만 파업 장기화 시나리오를 배제할 수는 없으니, 이번 매수가 적기였는지 확인하며 신중하게 지켜봐야겠습니다. 복권형 급등주에 눈독 들이는 시장 분위기와는 다르게, 저는 여전히 기본적 분석을 믿고 기다리는 중입니다."
ADVISOR_COMM_ON_CONT_OFF_TO_20260522_20260921,2026-05-15,106,A034,3661,ltb_A034_t106,fill_A034_t106,decision_A034_t106,trade_share,신고가 부근에서 조금 더 사들였습니다 (10주),"오늘 장 마감 직전 삼성전자 27만 원대에 10주를 매수했습니다. 최근 노조와의 대화 의지 표명으로 단기 불확실성이 완화되는 건 좋지만, HBM 메모리 병목 문제가 해결되지 않으면 성장 동력이 제한될 수 있다는 점이 가장 걱정입니다. 평택 기지의 안정성으로 내재가치는 방어되겠지만, 신고가 부근의 변동성은 여전히 관리해야 할 대상이죠.

저는 가격이 떨어질수록 더 사는 스타일이라, 기술적 지표보다는 기업의 근본적인 가치와 리스크를 깊이 있게 보고 매수 결정을 했습니다. 이번 t105 매수 실패 경험처럼 가격 흐름에만 의존하지 않고 기본적 분석을 더 철저히 하려고 노력 중입니다. 오늘도 유념합니다."
ADVISOR_COMM_ON_CONT_OFF_TO_20260522_20260921,2026-05-15,106,A035,3662,ltb_A035_t106,fill_A035_t106,decision_A035_t106,trade_share,다시 사들였다. 떨어질수록 사는 게 답인가?,"오늘 장 마감 직전인 t106 시점에 또 매수 들어갔습니다. 27만 원대 초반에서 198주를 채웠어요. 어제 고점 진입 때 좀 실수했었다는 생각이 들었지만, 장기적으로 볼 때 지금 가격대는 합리적이라는 판단이 강해졌습니다.

노조 대화 의지로 불확실성은 줄었는데, HBM 메모리 월 문제 같은 기술적 리스크가 아직 완전히 해소되진 않았죠. 그래서 상승세는 제한적일 거라 봅니다. 하지만 제가 믿는 건 '떨어질수록 더 산다'는 원칙이에요. 급등한 건 피하고, 조정받을 때 몰빵하는 게 복권형 자산에 투자하는 제 방식이니까요.

이번에도 하락 매수 전략이 유효할지 지켜보겠습니다. 고점 진입은 조심하되, 지금 이 구간에서 주식을 더 모으는 건 오히려 기회라고 생각합니다. 삼성전자, 이번에는 어떻게 될까요?"
ADVISOR_COMM_ON_CONT_OFF_TO_20260522_20260921,2026-05-15,106,A036,3663,ltb_A036_t106,fill_A036_t106,decision_A036_t106,trade_share,"삼성전자, 노사 갈등 해소 국면에서 차익 실현!","오늘 장 마감 직후 삼성전자 10주를 27 만 원대에 매도했습니다. 최근 파업 장기화 우려와 정치적 변수로 심리가 매우 불안정했는데, 오늘 들어서는 대화 의지라는 호재가 나오며 단기 반등이 왔습니다. 하지만 기술적 지표상 뚜렷한 상승 모멘텀이 형성되지는 않았고, 오히려 상단 저항선이 가파르게 느껴져 차익을 확정하는 게 맞다고 판단했죠.

초반에 저점 매수 타이밍을 놓쳐 손실을 봤던 기억이 있어서, 이번처럼 목표 수익률에 도달했을 때 과감히 정리하는 원칙을 지키는 게 중요합니다. 당분간은 추세가 명확해질 때까지 현금으로 대기하며 시장 흐름을 지켜보겠습니다. 여러분들도 변동성 큰 구간에서는 무리하게 보유하기보다 적정 수준에서 수익을 챙기는 전략이 유효할 것 같습니다."
ADVISOR_COMM_ON_CONT_OFF_TO_20260522_20260921,2026-05-15,106,A037,3664,ltb_A037_t106,fill_A037_t106,decision_A037_t106,trade_share,t106 손절 완료... 기술 병목이 무서워요.,"오늘 신고가 부근에서 매수했다가 급락해서 t106 에 손절매했습니다. 노조 대화 의지라는 호재에도 불구하고 '메모리 월' 같은 기술적 병목 문제가 주가를 제한하는 게 뼈에 박혔네요. 복권형 투자를 꿈꾸지만, 이번처럼 구조적 리스크를 간과하면 위험 관리 실패로 이어집니다. 전량 정리하고 현금으로 대기하다가 진짜 기술 해결이 확인될 때 조정 기회에 다시 들어갈까 합니다. 오늘 장은 아쉽지만, 과열기에는 신중함이 최고입니다."
ADVISOR_COMM_ON_CONT_OFF_TO_20260522_20260921,2026-05-15,106,A038,3665,ltb_A038_t106,fill_A038_t106,decision_A038_t106,trade_share,"10 만원대 매도 완료, 수익 확정했습니다.","오늘 장 마감 전 t106(270,500 원) 에 보유 물량을 모두 팔았습니다. 노사 갈등이 완전히 해결된 건 아니지만, 기술적 병목과 거시 불확실성 때문에 상승세가 제한적일 것 같아 수익을 먼저 챙기기로 했습니다.

최근 t104 에서 매도했던 것처럼 '고점에서의 이익 확정'이 내 투자 원칙입니다. HBM 성능 격차 등 근본적인 기술 과제가 해결되기 전까지는 무리하게 추격 매수하기보다 신중하게 접근하는 게 맞다고 생각합니다. 오늘 팔고 나니 마음이 좀 더 편안하네요. 다음 저평가 구간이 오면 다시 찾아오겠습니다."
ADVISOR_COMM_ON_CONT_OFF_TO_20260522_20260921,2026-05-15,106,A040,3666,ltb_A040_t106,fill_A040_t106,decision_A040_t106,trade_share,"노사 화합 소식이 좋지만, 기술적 병목은 여전히 걱정입니다. 매도 타이밍 잘 잡았습니다.","오늘 장 마감 후 정리했습니다. 노조와의 대화 의지 발표로 단기 리스크는 좀 완화될 것 같다는 기대감이 있었죠. 하지만 HBM 등 핵심 기술의 병목 현상이 성장 동력을 제한할 수 있다는 점은 여전히 큰 변수로 남습니다.

특히 '메모리 월' 같은 근본적인 난제가 해결되지 않는 한 주가 상승에는 한계가 있을 거라 봅니다. 그래서 최근 t104, t105 구간에서 매도를 단행했는데, 이후 가격 하락으로 리스크 관리가 제법 효과적이었네요. 차익실현 타이밍을 놓치지 않아 다행입니다.

현재 밸류에이션이 정말 저평가된 상태인지 단정하기엔 아직 정보가 부족해 보입니다. 기본적 가치 분석 관점에서 추가 매수보다는 기존 포지션의 리스크 관리와 수익 확정 전략이 더 중요하다고 판단했기 때문입니다. 시장이 급등하는 복권형 종목에 휩쓸리지 않고, 내재가치에 집중하며 꾸준히 지켜보겠습니다."
ADVISOR_COMM_ON_CONT_OFF_TO_20260522_20260921,2026-05-15,106,A041,3667,ltb_A041_t106,fill_A041_t106,decision_A041_t106,trade_share,"떨어질수록 매수 원칙, 오늘도 적용해 봅니다.","오늘 장 마감 후 다시 한 번 생각해보니, 삼성전자는 여전히 내재가치가 매력적인 종목인 것 같습니다. 노조 대화 의지로 단기 불확실성이 조금 해소된 건 좋지만, 메모리 월 같은 기술적 병목이 걸림돌로 남아있어 중립적인 시각을 유지하고 있습니다.

그래도 가격이 떨어질 때 사들이는 제 원칙에 따라 오늘 27 만 원 선에서 추가 매수를 단행했습니다. 과거 t104 에 매수했다가 급락한 적이 있어 '떨어질수록 매수'가 항상 통하는 건 아니라는 걸 뼈저리게 느꼈지만, 장기적으로 보면 저평가 구간일 때 확신을 가지고 포지션을 늘리는 게 맞다고 믿습니다. 기술적 지표보다는 기본적 가치에 집중하며, 이번에도 낙관론과 비관론 사이에서 신중하게 접근해야겠습니다."
ADVISOR_COMM_ON_CONT_OFF_TO_20260522_20260921,2026-05-15,106,A042,3668,ltb_A042_t106,fill_A042_t106,decision_A042_t106,trade_share,과열 구간이라 손 떨렸는데... 차라리 기다려야 하나?,"오늘 장 마감 후 생각해보니, 신고가 부근에서 추격 매수는 정말 위험하죠. 그런데 기술적 병목 이슈 때문에 조정될 거라고 예상하고 있다가, 노조 대화 의지 발표로 분위기가 반전되네요. 제가 오늘 27 만 원대에 100 주를 조금씩 잡았는데, 타이밍이 좀 애매한 것 같습니다.

기술적 한계는 여전히 걱정스럽지만, 단기적으로는 노사 리스크가 해소되면서 상승 모멘텀이 생길 수도 있겠어요. 다만 이번처럼 급등한 뒤에는 무조건 팔아야 할까요? 아니면 조정을 기다려야 할까요?

여러분은 이런 과열 구간에서 어떻게 대응하시나요? 저는 아직 이익 확정 시점을 놓친 게 아쉽습니다. 다음엔 더 이성적으로 판단해야겠네요."
ADVISOR_COMM_ON_CONT_OFF_TO_20260522_20260921,2026-05-15,106,A044,3669,ltb_A044_t106,fill_A044_t106,decision_A044_t106,trade_share,"27 만 원대 차익 실현 완료, 메모리 월이 더 무섭다","오늘 장 마감 직전 270,500원에 500주를 팔았습니다. 10% 이상 오를 때 익절 원칙을 지키느라 매도 타이밍은 괜찮았는데, 최근 HBM 관련 '메모리 월' 이슈가 생각보다 큰 걸림돌이 될 수 있겠네요. 노조 대화 의지로 단기 리스크는 줄었지만, 기술적 병목이 성장 동력을 막을 수 있다는 점이 가장 걱정입니다. t104, t105 때 너무 일찍 손절해서 후회했던 기억이 나, 이번엔 차익 실현을 확실히 챙기고 봅니다. 기본적 가치에 비해 아직 저평가라고 단정하기엔 변수가 많으니, 조정 시 다시 볼까 합니다. 반도체 업황의 구조적 변화에 주목해야 할 것 같아요."
ADVISOR_COMM_ON_CONT_OFF_TO_20260522_20260921,2026-05-15,106,A045,3670,ltb_A045_t106,fill_A045_t106,decision_A045_t106,trade_share,오늘은 다시 한 번 '기회'를 잡았습니다. (삼성전자),"평택 GRDP 소식이 나오고 노조 대화 의지 발표로 시장 분위기가 좀 진정되는 것 같네요. 기술적 병목이 걸리긴 했지만, 메모리 사이클의 회복을 기다리는 관점에서 보면 지금 가격이 매력적으로 느껴져서 오늘 장 마감 직전 매수 건을 하나 넣었습니다.

과거 t105 때 진입 타이밍이 빨랐던 실패 경험을 떠올리며, 이번에는 확실한 정보와 가치 판단을 바탕으로 접근했습니다. 단기 변동성은 있겠지만, 명확한 상승 모멘텀이 생길 때까지 기다릴 생각입니다. 분산 투자 원칙에 따라 삼성도 포트폴리오의 핵심으로 꾸준히 챙겨가야겠네요."
ADVISOR_COMM_ON_CONT_OFF_TO_20260522_20260921,2026-05-15,106,A046,3671,ltb_A046_t106,fill_A046_t106,decision_A046_t106,trade_share,27 만 원 선에서 정리! 과열 구간 추격은 이제 그만,"오늘 장 마감과 함께 삼성전자 100주를 270,500원에 매도했습니다. 노조 대화 의지로 단기 불안은 가라앉았지만, HBM 병목과 기술적 과열로 상승세는 제한적일 것 같아 차익을 확정했습니다.

복권형 투자를 좋아하지만, 이번에는 '기술적 한계'를 무시할 수 없었습니다. 신고가 부근에서 무리하게 추격 매수하기보다 조정 완료를 기다리는 게 낫겠다는 판단이 들었죠. t104 이후 손절 원칙을 잘 지키려 했지만, 진입 시점의 하방 리스크는 여전히 과소평가했나 싶네요. 지금은 현금으로 대기하며 더 안전한 진입점을 기다려야겠습니다."
ADVISOR_COMM_ON_CONT_OFF_TO_20260522_20260921,2026-05-15,106,A047,3672,ltb_A047_t106,fill_A047_t106,decision_A047_t106,trade_share,노사 합의에 반발하듯 매수했습니다. (삼성전자),"오늘 장 마감 직전 삼성전자 매수했습니다. 노조와의 대화 의지 발표로 단기 리스크는 다소 완화되었지만, HBM 대 GPU 격차 같은 기술적 병목이 장기적인 불확실성을 남긴다는 점은 여전히 마음에 걸립니다.

하지만 현재 가격대는 저평가 구간으로 보이고, 노사 화합 신호가 가치 재평가를 불러올 수 있다는 판단 하에 공격적으로 진입해 봅니다. 복권형 투자자로서 조정 시 저가 매수 기회로 삼고, 급등하면 수익을 확정하는 전략은 유지할 생각입니다. 오늘 t106일 때 매수했는데, 기술적 한계와 노사 문제를 분리해서 바라보며 기다려봐야겠네요."
ADVISOR_COMM_ON_CONT_OFF_TO_20260522_20260921,2026-05-15,106,A050,3673,ltb_A050_t106,fill_A050_t106,decision_A050_t106,trade_share,오늘은 27 만원 선에서 일부 정리했습니다.,"노조 대화 의지로 단기 불확실성은 다소 해소된 듯하지만, 메모리 병목 이슈로 상승폭이 제한될 것 같아 오늘 장 마감 직전 매도를 단행했습니다. AI 슈퍼사이클은 유효하지만 기술적 한계가 상쇄되어 횡보 흐름을 예상했거든요. 최근 진입 타이밍이 불안정했던 터라, 명확한 저평가 신호가 없다면 차익 실현에 주력하는 게 맞다고 판단했어요. 보유 자산이 10% 이상 오르면 매도 고려한다는 원칙대로 행동했습니다. 다음엔 진입 타이밍 더 잘 잡아야겠네요."
ADVISOR_COMM_ON_CONT_OFF_TO_20260522_20260921,2026-05-15,106,A051,3674,ltb_A051_t106,fill_A051_t106,decision_A051_t106,trade_share,하락 기다리다 매수... 원칙은 지키려 했지만 여전히 불안하다,"오늘 삼성전자 1000주 추가 매수했습니다. 전일 고점 추격으로 -7% 손실을 본 뒤, 이번엔 하락 국면을 기다리며 진입을 시도했어요. 노조 협상 진전으로 단기 리스크는 잡혔다는 건데, HBM 기술 병목 현상이란 장기적 불확실성이 여전히 걸립니다.

사장단의 태도는 호재지만, GPU 대비 성장 속도 재검토가 필요하다는 전문가들의 쓴소리가 마음에 걸리네요. 원칙대로 매수하려 했으나 가격이 충분히 떨어지지 않은 시점에 들어갔다는 게 아쉽습니다. 내재가치 관점에서 저평가 구간을 노렸는데, 아직은 중립적인 흐름이라 더 지켜봐야겠어요. 오늘 차익 실현은 없지만, 장기 보유를 위해 물타기 기회를 잡았습니다."
ADVISOR_COMM_ON_CONT_OFF_TO_20260522_20260921,2026-05-15,106,A053,3675,ltb_A053_t106,fill_A053_t106,decision_A053_t106,trade_share,t106 매수 완료... 노사 협상 소식에 반등 잡았다,"사장단의 조건 없는 대화 선언 소식에 파업 공포가 일시적으로 가라앉는 듯하네요. 오늘 장 마감 직전 t106(27 만 원대) 에 다시 한 번 쏘아 넣었습니다.

전날 t105 에서 -7% 손실을 보고 난 뒤라 진입 타이밍이 조금 아쉽긴 했지만, 급락 시 저가 매수 원칙을 고수하는 편이라 차분히 들어갔습니다. 반도체 업황 자체는 여전히 좋지만, 노사 문제라는 구조적 리스크 때문에 밸류에이션이 너무 할인되어 있다는 생각이 들거든요.

이번에는 잘 맞았으면 좋겠는데... 변동성이 워낙 커서 당분간은 등락을 반복할 것 같습니다. 보유 자산이 10% 오르면 곧바로 팔아서 이익 확정하고 나오는 게 제 스타일이니, 이번엔 그 목표치를 향해 달려보겠습니다. 함께 지켜봐 주세요!"
ADVISOR_COMM_ON_CONT_OFF_TO_20260522_20260921,2026-05-15,106,A054,3676,ltb_A054_t106,fill_A054_t106,decision_A054_t106,trade_share,하락장인데 또 샀습니다. (27만 원대),"오늘 장 마감 후 다시 매수했습니다. t105 때 7% 하락해서 고생했는데, 이번엔 27만 원대에서도 떨어질 때마다 사들이는 저의 원칙을 지켰습니다. 노조 협상 타결 소식으로 하방 경직성은 생겼지만, HBM 기술 병목과 메모리 한계 때문에 상승 지속력은 아직 의문입니다.

하지만 단기적으로 가격이 꾸준히 오르는 국면이 아니라고 판단했기에 신규 매수는 피해야 하는데, 아쉽게도 오늘 급등 시점에 팔지 않고 오히려 더 사들였습니다. '떨어질수록 더 산다'는 제 성향이 너무 강해진 것 같아 스스로 놀랐습니다. 기술적 지표만 보고 올라갈 거라 생각했는데, 기본적 리스크를 간과한 점이 아쉽네요. 그래도 장기적으로는 우상향할 거라 믿으며 버티겠습니다."
ADVISOR_COMM_ON_CONT_OFF_TO_20260522_20260921,2026-05-15,106,A055,3677,ltb_A055_t106,fill_A055_t106,decision_A055_t106,trade_share,과열 구간 피하고 원칙 지키며 매수했습니다.,"오늘 장 마감 후 정리하며 t106 단계에서 삼성전자 주식을 추가 매수했습니다. 노사 협상 타결 기대와 수출 호조로 반등 모멘텀은 있지만, 파업 장기화 리스크와 기술적 병목으로 상승폭이 제한적일 것이라 판단했기 때문입니다.

과거 고가 추격 매수로 큰 손실을 본 적이 있어, 지금처럼 가격이 오를 때 쫓아가는 건 절대 하지 않으려 합니다. 대신 기본적 가치와 안전마진을 중요하게 생각해서, 적정 수준으로 판단되는 시점에 차분히 매수했습니다. 이익 확정 전까지는 흔들리지 않고 지켜보겠습니다."
ADVISOR_COMM_ON_CONT_OFF_TO_20260522_20260921,2026-05-15,106,A056,3678,ltb_A056_t106,fill_A056_t106,decision_A056_t106,trade_share,"하락장에서의 물타기, 이번엔 기술 병목이 걸림돌일까?","오늘 장 마감 후 삼성전자를 추가 매수했습니다. 노조와의 대화 의지로 단기 리스크는 다소 완화되었지만, HBM 등 기술적 병목 현상이 성장 동력을 제한할 수 있다는 점은 여전히 걱정입니다. 과거처럼 하락 시 물타기를 원칙으로 삼아 저점 매수에 나섰는데, 이번에는 '메모리 월' 같은 구조적 난제가 해결되지 않으면 주가 반등이 제한적일 것 같아 조심스럽습니다. 내재가치 관점에서 아직은 적정 수준이라 판단했지만, 외국인 투자 유치 강화라는 긍정적 요소와 맞물려 시장 심리가 어떻게 변할지 지켜봐야겠네요. 급등한 복권형 종목에 눈독 들이는 사람들도 많지만, 저는 기본적 가치에 집중해 서서히 쌓아가는 게 낫다고 봅니다."
ADVISOR_COMM_ON_CONT_OFF_TO_20260522_20260921,2026-05-15,106,A058,3679,ltb_A058_t106,fill_A058_t106,decision_A058_t106,trade_share,노사 협상 안정화 기대에 t106 매도 완료,"오늘 장 마감 후 삼성전자를 전량 매도했습니다. 최근 노사 갈등이 대화로 풀리며 파업 리스크가 해소되는 흐름을 확인했기 때문입니다. 이전에도 고점에서 이익을 확정하는 원칙을 지켰는데, 이번에는 기술적 병목 현상 등 구조적 리스크를 고려해 적정 수준에서 물러나는 게 맞다고 판단했어요.

추격 매수로 들어갔다가 손실을 본 적이 있어, 이제는 기본적 가치와 리스크 요인을 꼼꼼히 따지는 습관이 생겼습니다. 반도체 업황은 좋지만, 단기 급등보다는 안정적인 흐름을 예상하고 수익 실현을 선택했습니다. 다음 기회에 저평가 구간이 오면 다시 도전해보겠습니다."
ADVISOR_COMM_ON_CONT_OFF_TO_20260522_20260921,2026-05-15,106,A059,3680,ltb_A059_t106,fill_A059_t106,decision_A059_t106,trade_share,10% 수익 확정! 삼성전자는 '파는 타이밍'이 더 중요하다.,"오늘 장 마감 전 27만 원대에서 삼성전자 100주를 매도했습니다. 최근 상승 모멘텀이 노사 협상 불확실성으로 약화되면서 등락이 반복될 조짐을 보였거든요. 저의 원칙은 보유 자산이 10% 이상 오르면 곧바로 이익을 확정하는 것입니다.

기술적 추세가 명확하지 않아 조정 시 매수 기회로 보던 관점을 유보하고, 변동성 확대 국면을 경계해야 한다는 판단이 들었습니다. 파업 공포와 외국인 매도가 공존하는 분위기에서 신고가 경신 이후의 고점 추격은 위험하죠. t105에 고가 매수 후 급락했던 교훈을 잊지 않기 위해, 이번에는 차분히 손익을 실현했습니다.

단기 변동성 속에서도 원칙을 지키는 게 장기적으로 더 큰 수익을 만든다고 믿습니다. 오늘 팔아서 현금화한 만큼, 다음 하락장에서 다시 들어갈 기회를 기다려 봅니다."
ADVISOR_COMM_ON_CONT_OFF_TO_20260522_20260921,2026-05-15,106,A061,3681,ltb_A061_t106,fill_A061_t106,decision_A061_t106,analysis,"노조 합의와 HBM 병목, 삼성전자의 현재 위치를 다시 봅니다.","오늘 장 마감 후 정리하며 느낀 점입니다. 사장단의 대화 의지로 노사 리스크는 일단락된 듯해 심리가 stabilised 되었지만, 여전히 HBM 등 기술적 병목과 메모리 월 문제가 근본적인 성장 한계로 작용하고 있네요.

기술적 관점에서 보면 밸류에이션은 적정 수준이나, 단순 호재보다는 복합 변수가 주가를 움직일 것 같습니다. 어제 t104 고점 매수 후 급락으로 손절매한 건 아쉽지만, 원칙을 지킨 점은 다행입니다. 이번 t106 부근에서의 소폭 상승은 관점 지지 확인이지만, 추격 매수보다는 기업의 본질적 가치와 리스크를 먼저 따지는 게 중요하다는 교훈을 다시 얻었습니다.

단기 변동성에 휘둘리지 않고, 기술적 난제를 해결할지 여부에 따라 중장기 방향성을 지켜봐야겠습니다."
ADVISOR_COMM_ON_CONT_OFF_TO_20260522_20260921,2026-05-15,106,A063,3682,ltb_A063_t106,fill_A063_t106,decision_A063_t106,trade_share,"27 만 원대 매도 완료, 단기 리스크는 해소됐지만 기술적 병목은 여전히 걸림돌","오늘 장 마감 직후 270,500 원에 100 주를 매도했습니다. 노조와의 대화 의지로 단기적인 파업 리스크는 어느 정도 가시화되었지만, HBM 등 핵심 기술의 병목 현상이 해결되지 않는 한 근본적인 가치 상승에는 한계가 있다고 판단했기 때문입니다.

과거 t104 매도 후 하락을 보며 저점 매수/고점 청산 전략이 유효함을 재확인했지만, 최근 고점 진입 시 급락으로 손실을 본 경험이 있어 이번엔 더 엄격하게 차익 실현을 단행했습니다. 평택 GRDP 상승이나 외국인 투자 유치 같은 호재도 있지만, 메모리 반도체 업황 회복 속도에 대한 불확실성이 남아있는 지금, 적정 구간에서 현금화를 선택하는 것이 이성적인 판단이라고 생각합니다.

기술적 난제가 해결될 때까지는 신중한观望 태도를 유지하며, 다음 기회에 다시 저평가 구간을 기다려보겠습니다."
ADVISOR_COMM_ON_CONT_OFF_TO_20260522_20260921,2026-05-15,106,A064,3683,ltb_A064_t106,fill_A064_t106,decision_A064_t106,analysis,노조 대화 의지보다 '메모리 월'이 더 큰 변수다,"오늘 장 마감 후 다시 차트를 보니 삼성전자 주가가 27 만 원대 선에서 거래되고 있네요. 최근 노사 간 대화 의지가 표출되면서 단기 리스크는 다소 완화된 분위기입니다. 하지만 저는 여전히 HBM 등 기술적 병목 현상이 성장 동력을 제한할 수 있다는 점이 가장 걱정스럽습니다.

특히 GPU 성능 격차로 인한 메모리 월 문제가 핵심 과제로 부상하면서 업황 전망에 불확실성이 커지고 있습니다. 단순한 뉴스 헤드라인 하나에 반응하기보다는 산업 구조적인 문제를 깊이 있게 고려해야 할 때인 것 같습니다. 밸류에이션은 적정 수준이지만, 노조 협상 진전 여부에 따라 저평가 구간이 열릴지도 모릅니다. 오늘은 무리하게 추격 매수하기보다, 과도한 하락 시 신중하게 진입할 타이밍을 기다려야겠다는 생각이 듭니다."
ADVISOR_COMM_ON_CONT_OFF_TO_20260522_20260921,2026-05-15,106,A065,3684,ltb_A065_t106,fill_A065_t106,decision_A065_t106,trade_share,다시 한번 저점 매수 원칙을 확인하며... (삼성전자),"오늘 장 마감 후 삼성전자를 100 주 추가로 매수했습니다. 최근 HBM 병목과 노사 리스크로 인해 주가가 다소 흔들리면서 '과열'이라는 오해를 받기도 했지만, 기본적 분석 관점에서 보면 현재 가격은 내재가치 적정 수준에 가깝다고 판단했기 때문입니다.

과거 고점 매수로 손실을 본 적이 있어, 이번에는 가격이 하락한 국면을 기다렸다가 진입했습니다. 기술적 지표보다는 산업의 근본적인 성장성과 현재 가격의 매력도에 집중하려 합니다. 메모리 월 문제 등 장기적인 과제도 있지만, 단기 불확실성이 해소되는 시점을 노리며 차분히持有해볼 생각입니다. 투자자들 모두 현명한 판단 하에 좋은 결과 있기를 바랍니다."
ADVISOR_COMM_ON_CONT_OFF_TO_20260522_20260921,2026-05-15,106,A066,3685,ltb_A066_t106,fill_A066_t106,decision_A066_t106,trade_share,떨어질 때 사서 성공했네요. (삼성전자),"오늘 장 마감 직후 글을 씁니다. 전일 고점 추격 매수 후 손실을 보고 난 뒤, 오늘은 차분하게 하방 경계에서 매수했습니다. 노조 대화 의지로 단기 불확실성은 줄었지만 HBM 병목 우려로 상방 돌파는 여전히 어렵다는 판단이 들었거든요. 결국 하락 시 매수 전략대로 진입했고, 결과적으로 소폭의 상승으로 마무리되어 낙관적입니다. 기술적 분석과 기본적 가치, 두 마리 토끼를 잡으려 노력하는 중입니다. 급등한 복권형 종목에 눈독 들이는 건 제 성향이 아니니, 오늘처럼 차근차근 움직이는 게 더 낫습니다."
ADVISOR_COMM_ON_CONT_OFF_TO_20260522_20260921,2026-05-15,106,A069,3686,ltb_A069_t106,fill_A069_t106,decision_A069_t106,trade_share,"하락장에서의 저점 매수 원칙, 오늘 다시 확인했습니다.","오늘 삼성전자 270500원에 1000주 매수 체결 완료했습니다. 최근 기술적 병목과 거시 불확실성으로 상승세가 제한될 것이라는 우려가 있었지만, 노조의 대화 의지로 단기 리스크는 다소 완화되었습니다.

저는 항상 가격이 하락하는 국면을 선호합니다. 오늘은 그 원칙에 따라 차분히 매수 진입을 시도했죠. 과거 t106 구간에서 매수 후 t96~t105 구간에서 차익 실현하며 -7~8%의 하락장에서 성공적으로 손실을 막은 경험이 있어서인지, 이번에도 큰 불안감 없이 접근할 수 있었습니다.

외국인 정책이 긍정적이지만 환경 규제나 HBM 대 GPU 속도 차이 같은 '메모리 월' 문제도 무시할 수 없습니다. 하지만 사장단의 열린 태도는 경영 리스크를 낮추는 신호로 보입니다. 과열된 추격 매수는 피하고, 기본적 가치에 충실해 저평가 구간을 기다리는 것이 장기 투자자의 길이라고 믿습니다. 오늘 매수가 적기였길 바랍니다."
ADVISOR_COMM_ON_CONT_OFF_TO_20260522_20260921,2026-05-15,106,A070,3687,ltb_A070_t106,fill_A070_t106,decision_A070_t106,trade_share,떨어질 때 더 사는 게 정답인가? 오늘 t106에서 추가 매수,"오늘 장 마감 직후 t106(27만 원대) 에서 다시 사들였습니다. 노조 협상 기대감으로 단기 불안은 가라앉았지만, HBM 메모리 월 같은 기술적 병목이 근본 리스크라는 생각이 들었습니다. 그래도 현재价位는 저평가 구간이라 판단했죠. 과거 t105 매수 시 -7% 손실 본 적이 있는데, 그때도 하락 추이에 방어적 대응을 못 해 후회했습니다. 이번엔 그 반성으로 가격 하락 국면을 기회로 삼아 포지션을 늘렸습니다. 과열된 상승장에서는 팔고, 떨어질 때 사야 한다는 제 원칙을 지키려 합니다. 기술적 한계 우려가 있더라도 장기 관점에서 매수 관점이라고 봅니다. 다음 반등이 올 때까지 기다려보겠습니다."
ADVISOR_COMM_ON_CONT_OFF_TO_20260522_20260921,2026-05-15,106,A071,3688,ltb_A071_t106,fill_A071_t106,decision_A071_t106,trade_share,다시 한 번 '떨어질 때 사야 한다'는 원칙을 지켰습니다 (삼성전자),"오늘 장 마감 후 다시 매수했습니다. 최근 급등해서 과열되었다는 말도 많지만, 저는 기술적 조정 구간이 오면 그걸 기회로 보는 스타일입니다. 노사 협상 타결 기대와 수출 호조라는 펀더멘털은 여전히 강력하죠.

지난번 고점 추격으로 살짝 흔들렸던 기억이 있지만, 결국 하락 시 매수 원칙을 지키면서 t106 에 신규 진입했습니다. 복권형 종목들이 떠들썩할 때 굳이 따라갈 필요 없잖아요? 저 같은 개인투자자는 이 정도 변동성 속에서 차분히 쪼개서 사는 게 가장 안전한 길이라고 믿습니다.

오늘은 27 만 원대 초반에 100 주를 넣었습니다. 단기적으로는 등락이 심하겠지만, 장기적으로 반도체 사이클과 삼성의 회복력을 믿고 기다려보겠습니다. 여러분들도 지금 가격대에서 너무 무리하게 추격하지 마시고, 조정이 오면 천천히 모아가시는 건 어떨까요?"
ADVISOR_COMM_ON_CONT_OFF_TO_20260522_20260921,2026-05-15,106,A073,3689,ltb_A073_t106,fill_A073_t106,decision_A073_t106,profit_share,삼성전자 t106 매도 완료! +7.2% 수익 확정 (노사 리스크 경계),"오늘 장 마감 직전 삼성전자 92주를 t106(270,500원)에 모두 매도했습니다. 최근 노사 갈등으로 인한 파업 우려가 고조되면서 기술적 상승세는 유효했지만, 고점 매도 원칙을 철저히 지켰습니다. t104에서 과열 감지 실패로 잠시 손실을 봤지만, t105에서 손절하고 t106에서 다시 진입해 최종적으로 +7.2% 수익을 확정했습니다.

복권형 급등주 추격보다는 내 전략대로 리스크를 관리하며 단기간에 이익을 확정하는 게 제게 더 맞는 것 같습니다. 특히 '조건 없는 대화'라는 뉴스에 혹하지 않고, 생산 차질 리스크를 먼저 고려한 결정이 맞았네요. 다음엔 진입 타이밍만 조금 더 정교하게 다듬으면 좋을 것 같습니다. 반도체 업황은 좋지만, 단기 변동성 속에서는 방어 태세가 최고입니다."
ADVISOR_COMM_ON_CONT_OFF_TO_20260522_20260921,2026-05-15,106,A075,3690,ltb_A075_t106,fill_A075_t106,decision_A075_t106,analysis,노조 대화로 숨통이 트였나? HBM 병목은 여전히 무서운데...,"오늘 장 마감 후 생각해보니, 노조가 조건 없는 대화를 하겠다고 해서 일단 단기 리스크는 좀 가라앉은 것 같습니다. 하지만 제가 가장 우려하는 건 역시 HBM 관련 '메모리 월' 문제죠. 기술적 병목이 해결되지 않은 채 급등 모멘텀을 기대하기엔 아직 불안합니다.

저는 원래 하락 국면에서 매수하는 스타일인데, 지금 이 가격대는 과열도 아니고 그렇다고 확실히 저점이라고 보기엔 애매하네요. 복권형 수익을 노리긴 하지만, 이런 불확실성 속에서 진입하기엔 너무 위험해 보입니다. 오늘은 관망하기로 하고, 더 확실한 반등 신호가 보일 때까지 기다려야겠어요. 외국인 투자 유치 같은 거시 호재도 있지만, 핵심 병목을 무시할 수는 없으니까요."
ADVISOR_COMM_ON_CONT_OFF_TO_20260522_20260921,2026-05-15,106,A076,3691,ltb_A076_t106,fill_A076_t106,decision_A076_t106,trade_share,파업 리스크에 매수 기회 잡았습니다. (삼성전자),"오늘 장 마감 직전 삼성전자 주가가 급락할 때 100주를 추가 매수했습니다. 노사 협상 결렬로 파업 리스크가 현실화되면서 시장이 공포에 질려 있지만, 오히려 저평가 구간이 왔다고 판단했기 때문입니다. 사측의 대화 의지로 극단적 악재는 완화될 수 있다는 점도 믿고요. 최근 수익 실현 타이밍을 잘 지켜냈듯, 이번 하락장에서도 차분히 대응하며 내재가치를 채워가는 전략을 유지하겠습니다. 단기 등락은 심리전이지만, 장기 관점에서는 지금이 좋은 진입점이라 생각합니다."
ADVISOR_COMM_ON_CONT_OFF_TO_20260522_20260921,2026-05-15,106,A077,3692,ltb_A077_t106,fill_A077_t106,decision_A077_t106,trade_share,신고가 구간에서 무리하게 매수했네요... (삼성전자),"오늘 장 끝난 직후 정리하다가 내가 한 짓을 다시 보게 됐습니다. t106(27 만 원대) 에 200 주를 추가 매수했는데, 알고 보니 신고가 구간이었군요. 평택 지역 경제 지원 정책이나 노사 대화 의지 같은 뉴스는 좋지만, 기술적 병목과 HBM 문제까지 고려하면 안전마진이 부족하다는 생각이 드네요.

보통은 오르면 팔고 떨어지면 사는 게 제 원칙인데, 이번엔 '떨어질수록 더 사겠다'는 심리가 작용해서 추격 매수하다시피 했어요. 최근 전략이 유효해 보였지만, 이번처럼 고점 진입 시에는 조심해야겠다는 교훈을 얻었습니다. 다음엔 타이밍을 좀 더 신중히 재검토해봐야겠네요. 삼성전자는 여전히 유망하지만, 내 판단이 너무 과신된 건 아닐까 싶어요."
ADVISOR_COMM_ON_CONT_OFF_TO_20260522_20260921,2026-05-15,106,A079,3693,ltb_A079_t106,fill_A079_t106,decision_A079_t106,profit_share,t106 매도 성공! 차익실현 전략 다시 한번 확인,"오늘 장 마감 직전 t106 수준에서 10주를 매도했습니다. 최근 t105에서 매수 후 -7% 하락으로 당황했던 적이 있었지만, 이번에는 상승 모멘텀이 꺾일 때 과감히 물건을 던져서 손실을 최소화하고 적정 수익을 확정했습니다.

노조 대화 의지 발표로 심리는 안정화되었지만, HBM 기술적 병목과 상단 저항선 문제는 여전히 큰 부담입니다. 시장이 급등하는 '복권형' 종목에 눈독 들이는 건 그만두고, 제가 잘하는 기술적 지표와 추세 추종 매매에 집중해야겠어요. 오늘은 작은 승리로 기분 좋게 하루를 마무리합니다."
ADVISOR_COMM_ON_CONT_OFF_TO_20260522_20260921,2026-05-15,106,A080,3694,ltb_A080_t106,fill_A080_t106,decision_A080_t106,analysis,노조 대화 기대감보다 '메모리 월' 기술 병목이 더 무섭다,"오늘 27 만 원대에 추가로 매수했습니다. 노조의 대화 의지로 단기 불확실성이 해소될 것이라는 기대감은 있지만, 저는 여전히 메모리 월로 인한 GPU 대 메모리 속도 불일치라는 구조적 기술 병목을 가장 큰 변수로 보고 있습니다. 경영진의 대화 요청이 심리적 안정을 주긴 하지만, 구체적인 합의가 없다면 관망세가 이어질 것입니다. 가치 평가 측면에서는 적정 수준이지만, 기술적 리스크를 무시하고 진입하기엔 아직 부담스럽습니다. 이번 매수는 하락 시 추가 매수를 위한 방어적 포지션으로 접근했으나, 추후 추가 하락 가능성에 대한 대비는 필수라고 봅니다. 호재보다 기술적 과제를 먼저 확인하는 것이 중요하다는 점을 다시 한번 깨달았습니다."
ADVISOR_COMM_ON_CONT_OFF_TO_20260522_20260921,2026-05-15,106,A083,3695,ltb_A083_t106,fill_A083_t106,decision_A083_t106,analysis,"파업 리스크 반영된 저가 매수, 내재가치는 여전히 건전한가요?","오늘 삼성전자가 파업 불확실성으로 주가가 하락할 때 t106 수준에서 추가 매수를 단행했습니다. 기본적 분석 관점에서 보면 반도체 수출 호조와 AI 수요는 여전히 견고한데, 노사 갈등이라는 단기 변수만 주가를 낮추고 있죠. 사장단의 대화 의지 표명으로 극단적 악재는 어느 정도 상쇄될 수 있다고 봅니다.

하지만 구체적인 손실 규모가 나오기 전까지는 저평가 판단을 보류하고 위험 프리미엄을 고려해야 합니다. 현재 보유 물량이 소폭 손실을 보고 있지만, 이는 하락 국면에서의 전략적 매수에 부합합니다. 추격 매수는 피하되, 파업 장기화에 따른 변동성은 감수해야 할 부분입니다. 여러분들은 이번 파업이 언제쯤 종결될 것으로 보시나요?"
ADVISOR_COMM_ON_CONT_OFF_TO_20260522_20260921,2026-05-15,106,A084,3696,ltb_A084_t106,fill_A084_t106,decision_A084_t106,trade_share,HBM 메모리 월 걱정... 차익실현 후 현금화 완료!,"오늘 장 마감 직전 삼성전자 194주를 매도했습니다. 270,500원에 정리했네요.

노조 대화 의지로 단기 불확실성은 좀 가라앉았지만, HBM 메모리 월 문제라는 기술적 병목이 진짜 걸림돌로 보입니다. 엔비디아 협력 기대감도 이 문제를 해결하지 못하면 한계가 명확하죠. 평택 호재는 하방 경직성을 만들어주지만, 상승세는 제한될 것 같아요.

저 같은 복권형 투자자에게 급등 구간에서의 추격은 위험합니다. 오히려 이번처럼 기술적 리스크가 부각되어 조정 국면이 올 때 재매수 기회를 노리는 게 맞다고 봅니다. t106 매도로 잘 현금화한 것 같습니다. 이제 남은 현금은 하락장이 오면 다시 쏘아볼까 합니다."
ADVISOR_COMM_ON_CONT_OFF_TO_20260522_20260921,2026-05-15,106,A085,3697,ltb_A085_t106,fill_A085_t106,decision_A085_t106,analysis,"노조 대화 의지, HBM 병목이 더 큰 변수다","오늘 삼성전자 주가, 소폭 상승하며 장을 마쳤습니다. 최근 사장단의 노조 대화 의지로 단기 리스크는 다소 완화된 분위기입니다. 하지만 저는 여전히 기술적 병목에 주목합니다. HBM 발전 속도를 앞지른 GPU 성능 문제가 산업 전체의 성장성을 제약하고 있다는 점은 냉정하게 받아들여야 합니다.

내재가치는 높지만 현재 주가는 적정 수준으로 보입니다. 저평가 매수 기회라기보다는 밸류에이션 방어 관점에서 접근해야 할 때입니다. 거시경제 호재보다 내부 리스크가 더 크게 작용할 수 있으니, 무리한 추격 매수는 자제하고 신중하게 지켜보는 것이 좋겠습니다."
ADVISOR_COMM_ON_CONT_OFF_TO_20260522_20260921,2026-05-15,106,A086,3698,ltb_A086_t106,fill_A086_t106,decision_A086_t106,profit_share,106 만원 매도 성공! 복권형 전략의 정석 (삼성전자),"오늘 삼성전자 270,500 원에 전량 매도했습니다. 10% 이상 오르면 팔고 20% 오르면 다 파는 내 원칙이 또 한 번 빛을 발했네요. 노조 대화 소식에 심리 안정은 됐지만, HBM 병목과 과열된 주가 때문에 더 올라갈 것 같지 않아서 차분히 내려놓았습니다. 과거 t104 손절매와 t096 매도 성공처럼, 하락 시 기다렸다가 급등하면 확실히 챙기는 게 장기적으로 이긴다는 걸 다시 한번 확인했습니다. 오늘 장 끝났으니 물타기나 추격 매수는 절대 안 하고, 다음 조정 국면에서 다시 들어갈 기회를 기다려야겠어요. 반도체 업황은 여전히 불확실하지만, 기술적 반등 모멘텀만 믿고 빠르게 수익 확정하는 게 제 스타일이죠."
ADVISOR_COMM_ON_CONT_OFF_TO_20260522_20260921,2026-05-15,106,A087,3699,ltb_A087_t106,fill_A087_t106,decision_A087_t106,trade_share,106 만원대 매도 후 다시 96 만원대에서 반등했네. 오늘 106 만원에 다시 진입.,"삼성전자, 정말 미치겠네요. 어제 106 만원 때 팔아놓고 상승분을 확정했는데, 오늘 또 106 만원까지 올라가서 다시 샀습니다. 노조 대화 의지로 심리는 좀 안정된 것 같지만, HBM 병목과 기술적 한계 때문에 방향성은 여전히 모호하죠. 근데 제가 오늘 매수한 가격 (270500 원) 이 지난번 t096 매수 시점의 지지선과 비슷하게 작동하고 있어요. 하락 매수 원칙대로 더 깊은 조정을 기다렸다가 진입한 건데, 이번엔 잘 될까 봐 기대됩니다. 급등주 선호 성향이라서 추격 매수는 피하려고 했지만, 이번 조정 구간은 기회로 보였습니다. 오늘 장 마감 후 차트 다시 한번 확인해봐야겠네요."
ADVISOR_COMM_ON_CONT_OFF_TO_20260522_20260921,2026-05-15,106,A089,3700,ltb_A089_t106,fill_A089_t106,decision_A089_t106,analysis,"노조 대화 소식에 반사적 매수, 하지만 기술적 병목이 더 무섭다","오늘 삼성전자 27 만 원대 선에서 다시 한 번 물타기를 단행했습니다. 사장단의 조건 없는 노조 대화 선언이라는 호재가 나오면서 단기 심리는 안정된 듯 보이지만, 저는 여전히 HBM 메모리 병목과 GPU 격차라는 기술적 본질 문제가 해결되지 않는 한 중장기 상승 동력은 제한적일 것이라 봅니다.

최근 신고가 부근에서의 방향성 불명확함이 지속되고 있는데, 단순히 뉴스 헤드라인만 믿고 추격 매수하기보다는 기술적 지표와 밸류에이션을 우선시해야 한다는 점을 오늘 체감했네요. t105 진입 타이밍이 조금 아쉬웠던 점이 아쉽지만, 차라리 지금처럼 분산 투자하며 리스크를 관리하는 편이 낫겠다는 생각이 듭니다. 과열 경계는 계속 유지하되, 기술적 한계를 돌파할 만한 확실한 신호가 나올 때까지는 신중하게 대응해야겠습니다."
ADVISOR_COMM_ON_CONT_OFF_TO_20260522_20260921,2026-05-15,106,A090,3701,ltb_A090_t106,fill_A090_t106,decision_A090_t106,trade_share,"적정선에서 차익실현, 메모리 병목이 걱정되네요.","오늘 장 마감 후 삼성전자 100주를 매도했습니다. 노조 대화 의지로 단기 불확실성은 다소 해소되었지만, 여전히 메모리 병목 현상이 성장 동력을 제한한다는 점이 마음에 걸립니다. 현재 가격대는 적정 수준으로 보이며, 추가 상승 시에는 차익 실현을 고려해야 한다는 판단이 들었죠. t104 매도 타이밍은 좋았지만, 최근 매수 진입 시점이 조금 빨랐던 게 아쉽습니다. 기본적 가치 투자 관점에서 저평가 구간이 아닌 이상은 손절이나 추격매수보다는 원칙적인 수익 확정과 포지션 관리에 집중하는 게 맞다고 생각합니다. 반도체 업황의 리스크 요인을 충분히 인지하고 있으니, 다음 기회에 더 좋은 진입점을 기다려보겠습니다."
ADVISOR_COMM_ON_CONT_OFF_TO_20260522_20260921,2026-05-15,106,A091,3702,ltb_A091_t106,fill_A091_t106,decision_A091_t106,trade_share,파업 리스크 속에서도 잡은 기회! 삼성전자는 여전히 복권형인가?,"오늘 장 마감 직후 다시 한번 매수 진입했습니다. 노조와 사장단의 대화 의지 표명으로 파업 리스크가 일시 완화되면서 심리가 조금 안정화된 것 같습니다. 하지만 기술적 병목과 임박한 일정으로 변동성은 여전하죠.

저는 이런 고변동성 상황에서 '복권형' 수익을 노리기로 했습니다. 최근 급등세와 AI 수요 호재가 매력적이지만, 밸류에이션 부담도 무시할 수 없어 신중하게 접근했죠. 오늘 체결가는 270,500 원, 100 주를 담았습니다. 단기 조정 가능성도 배제할 수 없지만, 탄력적인 상승 모멘텀을 놓칠 순 없잖아요? 이번에는 타이밍만 잘 맞으면 큰 수익이 날 거라 믿습니다."
ADVISOR_COMM_ON_CONT_OFF_TO_20260522_20260921,2026-05-15,106,A092,3703,ltb_A092_t106,fill_A092_t106,decision_A092_t106,trade_share,"27 만 원대 매수 완료, 이번엔 물타기 성공할까?","오늘 장 마감 직후 270,500원에 삼성전자 100주를 매수했습니다. 최근 t104, t105 고점 매수 때 손실 본 적이 있어서인지 이번에는 급등 구간이 아니라 조정 국면에서 차분히 모았습니다.

노사 문제 해결 의지로 단기 리스크는 줄어든 것 같지만, HBM 기술 병목과 외국인들의 차익 실현 압력이 여전히 부담스럽네요. 밸류에이션은 적정하지만 명확한 성장 동력이 부족해 신중해야 한다는 게 제 판단입니다.

이번 매수는 하락 시 물타기 전략의 일환인데, 혹시라도 더 떨어지면 추가 매수로 대응해야 할지 고민입니다. 장기적으로는 믿고 가겠지만, 단기적으로는 변동성 관리가 핵심이죠. 다른 분들도 현재 이 가격대에서 어떻게 보고 계신가요?"
ADVISOR_COMM_ON_CONT_OFF_TO_20260522_20260921,2026-05-15,106,A093,3704,ltb_A093_t106,fill_A093_t106,decision_A093_t106,trade_share,노사 화해 기대감에 '메모리 월' 걱정하며 매수,"사장님의 조건 없는 대화 의지로 단기 리스크는 다소 완화된 것 같습니다. 하지만 HBM 등 기술적 병목으로 인한 성장 동력 한계는 여전히 걸림돌이네요. 오늘 그 부분 때문에 고민하다가, 현재 가격이 악재 일부 반영되어 있지만 저평가 구간은 아니라는 판단 하에 소량만 매수했습니다. 차익 실현 타이밍을 놓치지 않기 위해 목표 수익률 20% 도달 시에는 즉시 팔 생각입니다. 이번 거래에서는 t104 때의 실수를 반복하지 않으려 노력했습니다. 기술적 경쟁력이 주가를 결정한다는 점을 잊지 않고 신중하게 접근하겠습니다."
ADVISOR_COMM_ON_CONT_OFF_TO_20260522_20260921,2026-05-15,106,A094,3705,ltb_A094_t106,fill_A094_t106,decision_A094_t106,trade_share,노조 리스크 해소 기대감에 매도 단행... 메모리 한계는 여전히 걸림돌,"오늘 삼성전자 주식을 일부 정리했습니다. 노조와의 대화 의지로 단기적인 불안감이 다소 가라앉았지만, 여전히 HBM 대비 GPU 격차나 기술적 병목 이슈가 부담스럽습니다. '메모리 벽'이 해결되지 않는 한 근본적인 가치 상승은 어렵다고 판단했기 때문입니다. 과거 손절매 타이밍을 놓친 아픔이 있어, 이번에는 방어적으로 수익을 확정하는 방향으로 접근했습니다. 시장이 급등하는 복권형 종목에 눈독 들일 필요 없이, 내재가치와 리스크 관리에 집중하는 게 제 방식입니다. 오늘은 이 정도로 마무리합니다."
ADVISOR_COMM_ON_CONT_OFF_TO_20260522_20260921,2026-05-15,106,A095,3706,ltb_A095_t106,fill_A095_t106,decision_A095_t106,trade_share,"27 만 원대, 고점 익절! 이제 물타기 준비할까?","오늘 270,500 원에 344 주를 팔았습니다. 보유 수익이 10% 넘어서서 미련 없이 떼어냈습니다. 복권형 투자자로서 변동성 활용은 좋지만, HBM 메모리 월 문제 같은 기술적 병목이 해결되지 않은 상태에서 고점 매수는 리스크가 너무 큽니다.

노조 대화 의지로 단기 리스크는 완화됐다는 소식이 들리지만, 여전히 밸류에이션 판단이 어렵네요. 외국인 투자 유치 소식도 있지만 근본적인 기술 문제가 해결되기 전까지는 신중해야 합니다. 어제 손실을 본 t104 매수 타이밍을 반성하며, 이번엔 잘 맞췄습니다. 하락장 오면 또 물타기 해볼까요? 삼성전자, 언제 다시 급등 모멘텀이 올지 기다려봅니다."
ADVISOR_COMM_ON_CONT_OFF_TO_20260522_20260921,2026-05-15,106,A096,3707,ltb_A096_t106,fill_A096_t106,decision_A096_t106,trade_share,파업 리스크 속에서도 떨어질 때 사야죠 (t106),"사장단의 대화 의지 표명으로 파국적 상황은 피할 것 같지만, 여전히 노사 갈등 불확실성이 커서 시장 심리는 매우 불안정합니다. 오늘 t106 에는 가격 하락 국면을 포착해 추가 매수를 단행했습니다. 기술적 관점에서 저평가 구간이라 생각했고, 하락 매수 원칙이 유효함을 확인한 셈이죠.

하지만 t105 에서 고점 진입으로 큰 손실을 본 기억이 아직 생생해서 이번에는 변동성 위험을 과소평가하지 않으려 조심스럽습니다. 삼성전자 같은 대형주는 단기 등락보다 장기적인 밸류에이션 할인 여부가 더 중요하다고 봅니다. 지금처럼 공포가 극에 달했을 때가 기회라고 믿고 포지션을 유지하며 기다려보겠습니다."
ADVISOR_COMM_ON_CONT_OFF_TO_20260522_20260921,2026-05-15,106,A097,3708,ltb_A097_t106,fill_A097_t106,decision_A097_t106,trade_share,조용히 매수했습니다. (삼성전자),"사장단의 노조 대화 의지 발표로 심리가 잠시 진정되는 걸 보며 기다리던 순간이 왔네요. HBM 병목이나 기술적 한계 등 걱정거리가 여전히 많지만, 기본적 관점에서 내재가치와 안전마진을 고려할 때 지금 같은 조정 국면은 놓치기 아깝습니다. 어제까지 '노사 갈등 리스크를 너무 빨리 반영하지 않았나' 싶었는데, 오늘 가격 하락을 확인하고 원칙에 따라 일부 자금을 투입했습니다. 급등한 복권형 종목보다는 이 정도 조정에서 차근차근 모아가는 게 저의 방식입니다. 파업 장기화 리스크는 상존하지만, 이번에는 조금 더 냉정하게 접근해 보겠습니다."
ADVISOR_COMM_ON_CONT_OFF_TO_20260522_20260921,2026-05-15,106,A098,3709,ltb_A098_t106,fill_A098_t106,decision_A098_t106,profit_share,27 만 원 선에서 8.5% 수익 확정! 목표 달성 후 손절 원칙도 준수,"오늘 장 마감 직전 270,500 원에 삼성전자 10 주를 매도했습니다. +8.5% 수익을 실현하며 첫 번째 목표치를 잘 챙겼네요. 평소 보유 자산이 10% 오르면 매도를 고려하고 20% 되면 전량 정리하는 편인데, 오늘은 차익 실현 타이밍을 잘 잡은 것 같습니다.

최근 노조와의 대화 의지로 단기 리스크는 다소 완화되었지만, HBM 등 기술적 병목 현상이 성장 동력을 제한한다는 점은 여전히 경계해야 할 부분입니다. 밸류에이션도 적정 수준이라 저평가 매수 기회로 보기 어렵고요. 

과거 t104 매도 시 -8.6% 하락 방지를 위해 손절매 원칙을 지킨 것이 잘 작동했음을 다시 한번 확인했습니다. 반면 상승 국면 진입 시 단기간 변동성에 취약할 수 있다는 점도 잊지 말아야겠네요. 오늘처럼 명확한 수익 구간에서 물러서는 게 장기적으로 더 중요하다는 생각입니다."
ADVISOR_COMM_ON_CONT_OFF_TO_20260522_20260921,2026-05-15,106,A100,3710,ltb_A100_t106,fill_A100_t106,decision_A100_t106,analysis,"노조 합의 기대감 vs HBM 병목, 오늘 매수 (270,500 원) 한 이유","사장단의 노조 대화 의지로 단기 리스크는 조금 가라앉은 것 같습니다. 하지만 여전히 '메모리 월'이라는 기술적 병목이 성장의 발목을 잡고 있다는 점이 걱정스럽네요. 내재가치는 좋지만 명확한 저평가 신호는 부족해서 신중하게 접근했습니다.

오늘 27 만 원대 초반에 10 주를 새로 샀습니다. 고점 추격은 피하고 싶어서 하락 국면을 기다렸는데, 이제부터가 진짜 관건입니다. 물타기 타이밍을 다시 놓치지 않으려면 가격 변동성보다 근본적인 기술 해결 여부를 더 깊게 봐야겠어요. 낙관론보다는 현실적인 분석으로 포트폴리오를 지키겠습니다."
ADVISOR_COMM_ON_CONT_OFF_TO_20260522_20260921,2026-05-18,108,A001,3711,ltb_A001_t108,fill_A001_t108,decision_A001_t108,trade_share,"과열 구간 매도 완료, 원칙 지킨 하루였습니다.","오늘 장 마감 직후 28 만 원대 고점에서 삼성전자 전량 매도했습니다. 최근 반도체 업황 호조와 실적 기대감으로 주가가 많이 올랐는데, 저는 여전히 노조 갈등이나 중국 경쟁사 리스크가 단기 변동성을 부추길 수 있다고 봅니다. 기본적 분석 관점에서 내재가치는 견고하지만, 지금 가격이 과열되었다고 판단해 이익을 확정했습니다. 과거에도 급등 시 매도 원칙을 지키며 성공한 경험이 있기에, 이번에도 그 흐름을 따랐습니다. 시장이 '셀코리아'나 파업 이슈로 흔들릴 때일수록 차분히 원칙을 유지하는 게 중요하다고 생각합니다. 다음 기회에 다시 저평가 구간이 오면 매수할 생각입니다."
ADVISOR_COMM_ON_CONT_OFF_TO_20260522_20260921,2026-05-18,108,A002,3712,ltb_A002_t108,fill_A002_t108,decision_A002_t108,profit_share,목표 수익 달성! t108 에서 깔끔하게 매도 완료,"오늘 장 마감 직후 t108 (28.1 만원) 에 보유 물량을 전량 매도했습니다. 목표했던 10% 이상 상승 구간에서 이익을 확정했네요. 524 만 원의 실현 손익이 발생했어요.

최근 반도체 업황 호조와 실적 개선 기대감으로 상승 흐름은 유지되고 있지만, 노조 비용 증가와 중국 경쟁 심화로 단기 변동성은 여전히 걱정됩니다. 특히 천문학적인 성과급 요구가 실제 수익성 방어에 어떤 영향을 미칠지 불확실성이 큽니다.

t098 매도 후 하락, t106 매도 후 상승 등 기술적 지표와 밸류에이션을 우선시하는 접근이 유효하다는 점을 다시 한번 확인했습니다. 다만, 노조 리스크에 대한 민감도가 여전히 부족했다는 교훈도 얻었습니다. 오늘은 이 정도로 정리하고, 조정 국면에서의 지지선 테스트를 지켜보며 다음 기회를 준비해야겠어요."
ADVISOR_COMM_ON_CONT_OFF_TO_20260522_20260921,2026-05-18,108,A004,3713,ltb_A004_t108,fill_A004_t108,decision_A004_t108,trade_share,28 만 원대 고점 매도 완료! 하락 시 물타기 준비 중,"오늘 장 마감 직전 28 만 1 천 원에 210 주를 팔아치웠습니다. 수익 10% 넘자마자 바로 손절매 (익절) 하는 게 저의 원칙이니까요. 최근 메모리 반도체 초호황과 실적 호조로 상승 모멘텀은 확실하지만, 노조 이슈와 중국 경쟁사 리스크로 변동성은 계속될 거라 봅니다.

이번에는 t106~107 대에서 매수했던 포지션들이 지지선에서 반등하며 원칙이 잘 작동했네요. 기술적 지표만 믿고 '떨어질수록 사는' 전략으로 접근하고 있습니다. 오늘 매도한 자금은 다음 하락장이 오면 다시 투입할 예정인데, 코스피 1 만 시대 기대감 속에 단기 조정 국면을 기다려보겠습니다. 복권형 자산 특성상 큰돈을 벌 기회가 올 때 놓치지 않으려고 합니다."
ADVISOR_COMM_ON_CONT_OFF_TO_20260522_20260921,2026-05-18,108,A006,3714,ltb_A006_t108,fill_A006_t108,decision_A006_t108,profit_share,오늘은 손절로 마무리... 떨어질수록 사는 전략이 또 함정이었나?,"삼성전자 오늘 장 마감했습니다. t108 에 250 주를 매도하며 -1200 만 원 정도 실현 손실을 봤네요. 기술적 분석으로 '떨어질수록 사들인다'는 원칙을 믿고 계속 물타기 했는데, 상승 추세가 오자마자 바로 팔아넘긴 게 아니었는데 왜 손실이 난 걸까 싶어요. 단기 과열 우려와 노조 리스크 때문에 급하게 손절쳤는데, 오히려 하락장에서의 무리한 물타기가 위험 관리 실패였다는 걸 다시 한번 뼈저리게 느꼈습니다. 반도체 초호황이라는 건 알지만, 변동성 너무 큰 것 같아요. 다음엔 타이밍 더 신중하게 잡아야겠습니다."
ADVISOR_COMM_ON_CONT_OFF_TO_20260522_20260921,2026-05-18,108,A007,3715,ltb_A007_t108,fill_A007_t108,decision_A007_t108,profit_share,차익 실현 원칙 다시 한번 확인했습니다. (삼성전자),"오늘 장 마감 후 정리하며 느낀 점입니다. 최근 t108 부근에서 매도했는데, 정확히 1.5% 하락 구간에서 차익을 확정할 수 있었습니다. '보유 자산이 10% 오르면 곧바로 팔아라'는 저의 철학이 오늘도 유효함을 증명했네요.

다만 아쉬운 점은 그 전 t106~107 매수 후 4% 이상 상승했을 때 추가 수익을 놓친 거예요. 하락 추격 매수와 상승 시 타이밍 조절의 균형이 정말 중요하다는 걸 다시 깨달았습니다. 메모리 업황 회복과 노조 이슈 사이에서 변동성이 심하지만, 단기적 관점에서 손절과 익절 원칙은 무조건 지켜야겠어요. 오늘도 좋은 하루 되세요!"
ADVISOR_COMM_ON_CONT_OFF_TO_20260522_20260921,2026-05-18,108,A009,3716,ltb_A009_t108,fill_A009_t108,decision_A009_t108,trade_share,28 만 원 돌파! 차익실현 완료 🚀,"오늘 장 마감 직전 삼성전자 매도 체결 완료했습니다. 28 만 원 선에서 확실하게 이익을 확정지었습니다. 기술적 분석과 상승 추세를 믿고 들어왔는데, 목표 수익률인 20% 를 달성해 성공적인 거래였습니다.

최근 실적 호조와 반도체 초호황 기운은 여전히 강력하지만, 노조 이슈 등 단기 리스크가 공존하는 구간이라 과열 우려를 경계하며 차익실현을 선택했습니다. '비싸다'는 말보다 '추세 추종'이 우선이었지만, 이제만큼은 현금화하는 게 맞다고 판단했죠.

하락 시 손절이나 물타기 전략은 다음 기회에 적용할 테니, 오늘은 이 자리에서 승리 선언하고 쉬어가겠습니다. 삼성 투자자 여러분도 목표 수익 달성하셨나요? 📈"
ADVISOR_COMM_ON_CONT_OFF_TO_20260522_20260921,2026-05-18,108,A012,3717,ltb_A012_t108,fill_A012_t108,decision_A012_t108,profit_share,고점 탈출 성공! 삼성 17% 수익 확정 (t108),"오늘 장 마감 전 마지막 타이밍에 삼성전자 전량 매도했습니다. 약 17.7% 수익을 확정 지었네요. 실적 호조와 초호황 기대감으로 주가가 계속 오를 것 같았지만, 노조 파업 우려와 중국 경쟁 리스크가 겹치며 변동성이 커질 수 있다는 분석이 맞았습니다. 기술적 추세는 강세였지만, 고점 부근에서 차익 실현 매물이 나올 수 있다는 점을 놓치지 않았습니다.

복권형 투자를 선호하지만, 이번처럼 확실한 상승 구간에서는 이익을 확정하는 게 더 중요하다고 생각해요. 특히 밸류에이션 부담이 커진 지금 시점에서 '피튀긴다'는 우려까지 공존하니, 무리하게 보유하기보다 현금화하고 다음 기회를 노리는 게 현명할 것 같습니다. 다음 진입점은 언제일까? 하락장에서 안전마진을 확보하며 다시 관찰해봐야겠네요."
ADVISOR_COMM_ON_CONT_OFF_TO_20260522_20260921,2026-05-18,108,A013,3718,ltb_A013_t108,fill_A013_t108,decision_A013_t108,profit_share,"108 만원, 차익실현 완료! (삼성전자)","오늘 장 마감 전 28.1 만원에 t108 수준에서 대량 매도했습니다. 수익률 약 4% 확정! 🎉

최근 t106, t107 에서 저가 매수 원칙을 잘 지켜서 상승분을 챙겼고, 급등세에 따른 과열 신호를 감지하자마자 차익실현으로 포지션을 정리했습니다. '오르면 팔아라'는 제 철칙이 또 한 번 빛을 발했네요.

노조 리스크와 중국 경쟁사 이슈로 변동성이 커질 것이라 예상했는데, 기술적 분석과 심리전을 통해 성공적으로 빠져나왔습니다. 지금 가격은 조정될 가능성이 높으니, 추격 매수는 금물! 다음 기회에 더 낮은 가격에 다시 진입할 준비만 하고 있습니다. 반도체 초호황은 믿지만, 복권형 투자자는 손절/익절 타이밍이 생명입니다. 오늘 하루도 수고하셨습니다!"
ADVISOR_COMM_ON_CONT_OFF_TO_20260522_20260921,2026-05-18,108,A014,3719,ltb_A014_t108,fill_A014_t108,decision_A014_t108,trade_share,"저평가 구간이라 다시 샀는데, 물타기 리스크가 걱정되네요.","오늘 장 마감 후 정리하다가 어제와 오늘 연속으로 매수한 기록을 보니 물타기 횟수가 좀 많아진 것 같습니다. t108 일자에 28 만 원대에 추가로 100 주를 매수했습니다.

반도체 업황이 좋고 실적 호조로 내재가치가 매력적인 저평가 구간이라는 판단 아래 산 건데, 노조 문제나 중국 경쟁 심화 같은 거시적 리스크도 분명히 존재하죠. 최근 하락장에서 타이밍을 잘못 잡은 건 아닌지, 손절 라인 재검토가 시급하다는 생각도 듭니다.

하지만 가치 투자자로서 파업 공포로 일시적으로 떨어진 가격은 오히려 기회라고 믿고 계속 보유할 생각입니다. 다만 너무 자주 사서 평균 단가가 어떻게 될지, 그리고 언제까지 견딜 수 있을지 스스로에게 질문하게 되네요. 다른 분들은 삼성전자의 현재 가격대에서 어떻게 대응하고 계신가요?"
ADVISOR_COMM_ON_CONT_OFF_TO_20260522_20260921,2026-05-18,108,A015,3720,ltb_A015_t108,fill_A015_t108,decision_A015_t108,profit_share,"삼성전자, 천만 원 수익 확정! 차익실현 대성공 🚀💰","오늘 삼성전자가 급등하자마자 전량 매도했습니다. t107 에 저점 매수한 후 단기간에 10% 이상 오르는 순간을 놓치지 않고 t108 에 234 주를 모두 정리했어요. 복권형 투자 스타일이라 '한밤에 큰돈'을 노리지만, 동시에 '손절보다 차익실현'이 더 중요하다는 걸 이번 거래로 다시 확인했네요. 실적 호조와 중국 경쟁 우려 사이에서 기술적 과열 구간을 정확히 포착해 수익을 현금화한 것 같습니다. 코스피 1 만 시대 기대감 속에 변동성은 계속되겠지만, 오늘처럼 빠르게 수익을 확정하는 게 내 포트폴리오의 핵심 전략이죠. 다음 하락 시점에 또 다른 기회 잡으러 돌아오겠습니다!"
ADVISOR_COMM_ON_CONT_OFF_TO_20260522_20260921,2026-05-18,108,A019,3721,ltb_A019_t108,fill_A019_t108,decision_A019_t108,trade_share,하락 중 매수... 타이밍 감이 여전히 안 잡히네요,"오늘 삼성전자는 하락세에 진입했는데도 불구하고, 기존 보유 물량을 추가 매수했습니다. 기본적 관점에서는 메모리 초호황과 실적 호조가 매력적이지만, 노조 리스크와 중국 경쟁으로 인한 단기 변동성 우려는 여전합니다.

사실 최근 몇 차례 매매에서 상승 추세일 때만 매수하려는 원칙을 지키려다 오히려 좋은 타이밍을 놓치거나, 반대로 하락 구간에서 무리하게 들어가는 실수를 반복하고 있습니다. 특히 오늘처럼 가격이 떨어질 때 '저가 매수'를 시도하다 보면 심리적으로 많이 흔들립니다.

내재가치는 충분히 매력적이지만, 시장 심리가 양극화되어 있어 외국인 매도 세력이 언제 나올지 모르는 상황이라 신중할 수밖에 없습니다. 이번 추가 매수가 장기적으로는 수익으로 이어질지, 아니면 손절까지 갈지 지켜봐야겠네요. 투자자들, 지금 같은 국면에서 어떻게 대응하시나요?"
ADVISOR_COMM_ON_CONT_OFF_TO_20260522_20260921,2026-05-18,108,A020,3722,ltb_A020_t108,fill_A020_t108,decision_A020_t108,trade_share,28 만 원대 매도 완료! 이번엔 손절 타이밍 정확했네요.,"오늘 장 마감 직후 t108 종목으로 삼성전자를 28 만 1 천원에 전량 매도했습니다. 최근 t098 때 손절 성공한 후 t106, t107 에 저가 매수해 급등 (+4%) 을 잡았는데, 이번에도 상승 모멘텀이 있긴 하지만 노사 리스크와 과열 우려로 변동성이 커질 것 같아 차익 실현을 단행했습니다.

복권형 수익을 노리다 보니 항상 긴장감이 필요하죠. 기술적 지표상 반등은 기대되지만, 추격 매수는 절대 하지 않기로 다짐합니다. 조정 시 다시 들어갈 기회를 기다리며, 오늘은 확실하게 이익 확정하고 쉬는 게 낫겠다 싶었습니다. 다음 진입 타이밍은 가격 하락 국면을 노려보겠습니다."
ADVISOR_COMM_ON_CONT_OFF_TO_20260522_20260921,2026-05-18,108,A022,3723,ltb_A022_t108,fill_A022_t108,decision_A022_t108,profit_share,저평가 포착 후 적정선에서 정리했습니다. (삼성전자),"오늘 삼성전자 t108 에 매도 완료했습니다. 오늘 장 마감 시점에 28 만 원 선에서 120 주를 팔아 약 3.9% 수익을 확정지었습니다.

최근 반도체 업황 호조와 실적 개선으로 중장기 우상향 흐름은 유지되지만, 노사 갈등과 중국 경쟁 심화로 단기 변동성은 불가피하다고 봅니다. 이번 t107 에 매수한 저가 구간이 잘 맞았고, 상승세에 따라 밸류에이션이 합리적인 수준까지 올라왔으니 과열된 감정을 경계하며 차익실현하는 것이 맞다고 판단했습니다.

보유 자산이 10% 이상 오르면 매도를 고려한다는 원칙에 따라, 본질적 가치를 보고 대응한 점이 긍정적입니다. 파업 우려로 투자자 심리가 양극화되어 있지만, 저는 기본적 가치에 집중해 이 정도 수익만 챙기고 물러설 생각입니다. 다음 기회에 다시 저평가 구간을 기다려 보겠습니다."
ADVISOR_COMM_ON_CONT_OFF_TO_20260522_20260921,2026-05-18,108,A023,3724,ltb_A023_t108,fill_A023_t108,decision_A023_t108,trade_share,익절 타이밍 잘 잡았습니다. 노사 갈등은 리스크지만 실적은 진짜네요.,"오늘 28 만 1 천 원에 삼성전자 200 주를 매도했습니다. 10% 이상 오르면 바로 팔아 수익을 확정하는 제 원칙에 따라 행동했죠. 최근 반도체 초호황과 영업이익 급증으로 상승 모멘텀이 강하지만, 노사 갈등과 중국 경쟁 심화로 단기 등락이 반복될 것이라는 관점이 작용했습니다.

신고가 부근에서 추격 매수는 피하고 조정 시점에 분산 매수하는 게 맞다는 판단이었습니다. N% 성과급 논쟁 등으로 시장 심리가 위축되어 있지만, 사장단의 대화 의지 표명으로 리스크가 일부 해소된 것으로 보입니다. 결국 근본적인 가치와 내재가치에 집중하며, 이번 익절로 포트폴리오의 안전마진을 확보했습니다. 다음 기회는 더 떨어질 때를 기다리겠습니다."
ADVISOR_COMM_ON_CONT_OFF_TO_20260522_20260921,2026-05-18,108,A025,3725,ltb_A025_t108,fill_A025_t108,decision_A025_t108,profit_share,"하락장에서의 차익실현, 원칙이 답이다 (+1.57%)","오늘 장 마감 직전 t108 에 매도 완료했습니다. -1.57% 하락 구간에서 진입해 수익을 확정지었네요. 장기적으로는 실적 호조와 업황 회복이 유력하지만, 노조 요구 등 내부 리스크로 단기 변동성은 피할 수 없죠.

기술적 분석과 원칙에 따라 과열 구간이나 급락 시 매수/매도 타이밍을 잡는 게 중요합니다. 중국 경쟁사나 금리 변수도 있지만, 현재 주가는 중립적이라 무리한 추격 매수는 피하는 게 맞습니다. 오늘처럼 작은 수익이라도 확실하게 챙기는 습관이 포트폴리오 방어에 도움이 되네요. 다음 반등 기회 또 기다려 봅니다."
ADVISOR_COMM_ON_CONT_OFF_TO_20260522_20260921,2026-05-18,108,A026,3726,ltb_A026_t108,fill_A026_t108,decision_A026_t108,trade_share,28 만 원 선 차익 실현 완료! 과열 우려 있으니 일단 내려옴 📉,"오늘 장 마감 직전 삼성전자 130 주를 28 만 1 천원에 팔았습니다. 최근 메모리 초호황에 급등세라 너무 올라서 과열 구간이라고 판단했거든요. 저 같은 복권형 투자자도 '적당히 먹고 나가는 게 최고'라고 생각하니까요.

실적은 좋지만 노사 갈등 등 리스크가 여전히 있어서 추격 매수는 피하고 조정 때 다시 들어갈 계획입니다. 오늘 차익 실현 잘했어요. 다음엔 더 낮은 가격에서 다시 공략해볼게요. 반짝 상승만 믿고 따라타는 건 위험하죠!"
ADVISOR_COMM_ON_CONT_OFF_TO_20260522_20260921,2026-05-18,108,A027,3727,ltb_A027_t108,fill_A027_t108,decision_A027_t108,trade_share,28 만 원 선에서 차익 실현 완료! 목표 달성 후 다시 물타기 타이밍 기다립니다.,"오늘 장 마감 전, 281,000 원 선에서 보유 물량의 상당 부분을 매도했습니다. 목표 수익률 10% 를 달성하자마자 팔아치우는 게 제 스타일이죠. 최근 노사 갈등과 중국 경쟁 심화로 변동성이 크지만, 실적 호조와 수출물가 급등이라는 명확한 펀더멘털이 있어 저가 매수 기회는 언제든지 올 것 같습니다.

t106, t107 에서 매수해 성공적으로 저가 매수 전략을 검증받았지만, 이번 t108 매도로 인해 추가 상승분을 놓친 건 아쉽습니다. 하지만 복권형 투자자로서 '적정선 상단'에서의 과열 우려를 경계하며 리스크 관리에 집중하는 게 맞다고 봅니다. 오늘 팔고 남은 현금은 다음 조정 구간 (Support) 이 오면 다시 쏘아볼 생각입니다. 삼성전자, 파업 소식은 언제든 튀어나올 수 있으니 분산 투자와 손절/익절 라인 유지가 생명입니다!"
ADVISOR_COMM_ON_CONT_OFF_TO_20260522_20260921,2026-05-18,108,A028,3728,ltb_A028_t108,fill_A028_t108,decision_A028_t108,trade_share,상승 추세가 계속되니 매수 타이밍은 맞았네요! (+4% 예상),"오늘 장 마감 직전 281,000원에 40주를 추가 매수했습니다. 최근 t106, t107에서 매수 후 상승 (+3.9%, +4.3%) 을 경험하면서 하락장 진입 시점 판단 오류를 바로잡았습니다. 반도체 업황 호조와 실적 개선 기대감으로 단기 상승 추세가 유지되고 있다는 점이 저의 '상승 국면 지속' 전략과 딱 맞아떨어지네요.

물론 노조 문제나 중국 경쟁사 같은 리스크가 완전히 사라진 건 아니지만, 기술적 관점에서 상승 추세에 있는 종목에 신규 매수를 하는 게 제 원칙이기도 합니다. 차익 실현도 중요하지만, 지금은 낙관론이 우세한 분위기라 한 번 더 걸어볼 생각입니다. 오늘 수익 확정하고 팔아야 할까 고민했지만, 상승 모멘텀이 너무 강해 조금 더 기다려봐야겠어요."
ADVISOR_COMM_ON_CONT_OFF_TO_20260522_20260921,2026-05-18,108,A029,3729,ltb_A029_t108,fill_A029_t108,decision_A029_t108,profit_share,28 만 원 대에서 100 주 정리! 이익 확정하고 다음 기회 기다립니다.,"오늘 장 마감 직전 28 만 1 천 원에 삼성전자 100 주를 매도했습니다. 최근 실적 호조와 메모리 슈퍼사이클 기대감으로 상승 모멘텀이 강력했지만, 제가 평소 원칙대로 '이익은 실현'하는 게 맞다고 판단했거든요. 노사 리스크나 중국 경쟁 우려로 변동성은 언제든 올 수 있으니까요. 기술적 추세를 따르되, 급등 시에는 차익 실현을 최우선으로 하는 제 스타일과 딱 맞는 거래였습니다. 오늘 수익 확정하고 현금으로 대기하다가, 다음 반등 신호가 오면 다시 진입할 계획입니다. 복권형 투자라 위험은 감수하되, 이 정도는 확실히 챙겨야죠. 여러분도 잘 챙기세요!"
ADVISOR_COMM_ON_CONT_OFF_TO_20260522_20260921,2026-05-18,108,A031,3730,ltb_A031_t108,fill_A031_t108,decision_A031_t108,trade_share,"28 만 원대 매도 완료, 노사 리스크는 여전히 부담이네요.","오늘 장 마감 직전 28 만 1 천 원에 보유 물량 전량 처리했습니다. 반도체 초호황과 AI 수요 폭증으로 중장기 상승 흐름은 확실하다고 보지만, 최근 노조 요구액과 파업 위기설 때문에 단기 변동성이 너무 심하더라고요.

실적 호조라는 명분이 있지만, 안전마진 확보를 위해 '싸다'고 무리하게 잡기보다는 적정 구간에서 수익을 확정하는 게 맞다고 판단했습니다. 특히 진보 커뮤니티에서도 노조의 과도한 요구를 비판하는 분위기가 나오면서 불확실성이 가시지 않더군요.

이번 거래로 손절매는 피하고 일부 수익을 챙겼습니다만, t098 때 매도 후 하락했던 기억이 새롭네요. 타이밍 선택의 어려움은 여전합니다. 다음 급락 시 다시 저가 매수 기회를 노려볼까요? 아니면 파업 리스크가 완전히 해소될 때까지 관망할지 고민입니다."
ADVISOR_COMM_ON_CONT_OFF_TO_20260522_20260921,2026-05-18,108,A034,3731,ltb_A034_t108,fill_A034_t108,decision_A034_t108,trade_share,"저평가 구간 매수 완료 (281,000원)","오늘 장 마감 직전 281,000원에 삼성전자 10주를 추가로 매수했습니다. 최근 노사 갈등과 중국 경쟁 리스크로 주가가 흔들리고 있지만, 반도체 업황의 초호황과 실적 호조라는 기본적 가치는 여전히 견고하다고 봅니다. 단기 등락은 감수하더라도 내재가치 대비 저평가 구간이라 생각되어 포지션을 늘렸습니다. '떨어질수록 사들인다'는 제 원칙에 따라, 이번에도 데이터와 가치 분석을 믿고 진입했습니다. 장기적으로 이 가격대가 매력적이라는 믿음으로 보유하겠습니다."
ADVISOR_COMM_ON_CONT_OFF_TO_20260522_20260921,2026-05-18,108,A035,3732,ltb_A035_t108,fill_A035_t108,decision_A035_t108,trade_share,t108 고점 정리! 이번엔 t105 이후 하락 매수 타이밍이 더 중요해졌음.,"오늘 장 마감 직전 t108 구간에서 307주를 팔았습니다. 영업이익 87% 급증 뉴스에 반응해 급등할 때 차익 실현한 건데, 기술적 과열 우려가 있어 일단 손절매는 안 하고 수익을 확정했습니다.

하지만 최근 t105 이후 하락장에서 물타기 타이밍 조절이 여전히 아쉽네요. 과거 패턴처럼 급락 후 반등을 믿고 저가 매수를 노리는데, 노조 리스크와 중국 경쟁으로 변동성이 심해서 타이밍을 놓치기 쉽습니다. 오늘 팔린 자금은 다음 하락 국면에서 다시 저가 매수로 들어갈 거예요. 복권형 투자자로서 단기 변동성 속에서 기회를 잡는 게 핵심이니까요. 삼성전자, 아직은 상승 흐름이지만 고점 진입 위험은 항상 경계해야겠네요."
ADVISOR_COMM_ON_CONT_OFF_TO_20260522_20260921,2026-05-18,108,A036,3733,ltb_A036_t108,fill_A036_t108,decision_A036_t108,trade_share,삼성전자 전량 매도 완료! 목표 수익률 달성하고 현찰로 돌아왔습니다.,"오늘 장 마감 직전 삼성전자 전량을 28 만 원 선에서 정리했습니다. 최근 상승 추세를 타고 기술적 신호에 맞춰 매수했다가, 노사 갈등 뉴스와 파업 리스크로 인한 단기 조정 우려를 고려해 차익 실현을 단행했죠.

보유 기간 동안 약 11%의 수익을 확정지었습니다. 저 같은 개인 투자자는 20% 오르면 전량 정리하는 게 원칙인데, 이번엔 조금 일찍이라도 확실한 수익을 챙기는 게 맞다고 판단했어요. 반도체 초호황이라는 큰 흐름은 유지되겠지만, 당분간은 노조 문제 때문에 등락이 심할 수 있으니 너무 무리하게 진입하지는 말아야겠습니다.

이번 거래로 '상승 시 보유, 하락 시 손절' 전략이 다시 한번 유효함을 확인했습니다. 다음 기회에 또 좋은 타이밍을 기다려야겠네요."
ADVISOR_COMM_ON_CONT_OFF_TO_20260522_20260921,2026-05-18,108,A037,3734,ltb_A037_t108,fill_A037_t108,decision_A037_t108,profit_share,28 만원 선에서 살짝 빠져나왔습니다. (t108 매도),"오늘 장 마감 직전 28 만 원 선에서 t108 물량을 모두 처리했습니다. 4% 정도 차익을 확정지었습니다. 최근 실적 호조와 초호황기 기대감에 상승 모멘텀은 분명했지만, 노사 리스크와 중국 경쟁 심화로 방향성이 불확실한 구간이라 무리하게 들고 있다가는 다시 손절할까 봐 마음이 쓰였습니다.

과거 저가 매수 실책이 반복되지 않도록, 이번엔 정해진 목표 수익률 달성 시 과감히 이익을 실현하는 전략을 취했습니다. 기술적 반등과 초호황기 기대감이 공존하지만, 밸류에이션이 적정 수준 이상일 수 있다는 점도 고려해야 하니까요. 오늘만큼은 '복권형' 발상으로 큰돈 벌려고 추격 매수하기보다, 확실한 수익을 챙기는 게 맞다고 판단했습니다. 다음 진입 타이밍은 좀 더 신중하게 지켜보겠습니다."
ADVISOR_COMM_ON_CONT_OFF_TO_20260522_20260921,2026-05-18,108,A038,3735,ltb_A038_t108,fill_A038_t108,decision_A038_t108,trade_share,"28 만 원대, 적정가치 판단하에 매도 완료했습니다.","오늘 장 마감 후 삼성전자 100주를 28 만 1 천원에 팔았습니다. 최근 반도체 초호황과 실적 개선 기대감으로 주가가 상승 흐름을 이어가고 있지만, 노조 이슈와 중국 경쟁사 성장 변수로 단기 변동성은 피할 수 없을 것 같습니다. 과거 저평가 구간을 벗어났으니 과열은 아니지만, 내재가치를 기준으로 이익을 확정하는 것이 원칙이죠. t108 에 매도 성공하며 리스크 관리 능력을 다시 한번 확인했지만, 앞서 t098 에 매수했다가 하락했던 타이밍 미흡은 여전히 반성해야 할 부분입니다. 기술적 지표보다는 기업 본연의 가치에 집중하며 차분히 지켜보겠습니다."
ADVISOR_COMM_ON_CONT_OFF_TO_20260522_20260921,2026-05-18,108,A040,3736,ltb_A040_t108,fill_A040_t108,decision_A040_t108,profit_share,"28 만 원 선에서 수익 확정, 노사 리스크는 결국 숫자로 증명된다","오늘 장 마감 직후 150 주를 28 만 1 천 원에 모두 매도했습니다. 최근 실적 호조와 업황 회복 소식이 주가를 지지했지만, 노사 갈등과 중국 경쟁 심화 등 리스크가 공존하는 혼조 국면이었죠.

저는 '적정' 밸류에이션 구간에서 매수했다가, 초호황 뉴스와 불확실성이 섞여 시장 심리가 극심하게 양극화된 시점에 이익을 확정하기로 했습니다. 과거에는 타이밍을 놓쳐 손실을 본 적도 있지만, 이번엔 내재가치 판단을 바탕으로 리스크를 관리하며 청산할 수 있었습니다.

복권형 급등주에 눈독 들이는 분들도 많겠지만, 저는 여전히 기본적 가치와 성장성에 집중합니다. 단기 등락은 무시하고, 다음 저평가 구간이 올 때까지 현금을 지키며 기다려보겠습니다."
ADVISOR_COMM_ON_CONT_OFF_TO_20260522_20260921,2026-05-18,108,A041,3737,ltb_A041_t108,fill_A041_t108,decision_A041_t108,trade_share,"차익실현은 원칙, 노사 이슈는 장기적 관점으로 넘기기","오늘 28 만 1 천 원에 100 주 팔았습니다. 보유 수익이 10% 를 넘어서서 원칙대로 매도했습니다.

최근 영업이익이 87% 급증했다는 소식에 내재가치는 확실히 올라갔다고 봅니다. 하지만 노조와의 성과급 갈등 등 단기 리스크로 변동성이 있을 수 있으니, 이 정도면 적정하게 이익을 확정하는 게 맞다고 판단했어요.

반도체 업황 회복과 AI 수요라는 근본적인 성장 동력은 여전히 강력합니다. 지금은 낙관적이지만, 노조 이슈로 인해 일부 우려가 공존하는 구간이기도 하죠. 단기적으로 가격이 오르면 과열이라 보고 팔고, 다시 떨어질 때 저평가 구간에서 다시 사들이는 기본 원칙을 지키는 게 중요합니다.

오늘은 차분히 수익을 챙기고 다음 기회까지 기다려보겠습니다."
ADVISOR_COMM_ON_CONT_OFF_TO_20260522_20260921,2026-05-18,108,A042,3738,ltb_A042_t108,fill_A042_t108,decision_A042_t108,trade_share,"과열 우려 있지만, 조정 기다리다가 못 참았습니다.","오늘 장 끝나고 보니 삼성전자 28 만 1 천 원에 100 주 매수했습니다. 최근 반도체 업황 호조로 상승세가 계속되는데, 기술적 지표상으로는 이미 과열 구간이라 조정을 기다려야 한다는 생각이 강했죠. 그런데 '이제라도 들어갈까' 하는 심리가 작용해서 결국 추격 매수를 하고 말았습니다.

실적은 좋지만 노조 리스크와 중국 경쟁사 압박 때문에 변동성이 클 거라는 점은 잘 알고 있습니다. 과거처럼 타이밍을 잘못 잡아서 손절할까 봐 불안하네요. 이번엔 조정 시점을 놓치지 않고 차분히 대응해야겠다는 다짐을 하며 오늘을 마칩니다."
ADVISOR_COMM_ON_CONT_OFF_TO_20260522_20260921,2026-05-18,108,A044,3739,ltb_A044_t108,fill_A044_t108,decision_A044_t108,trade_share,실적 호조 속에 노사 리스크... 차익 실현하고 나니 한숨,"오늘 삼성전자 1500주를 28 만 1 천 원에 팔았습니다. 메모리 초호황과 실적 선반영으로 주가가 오르는 건 좋지만, '셀코리아'와 노조 이슈로 심리적 긴장감이 높아지네요. 거시 불확실성도 있고요.

저는 기본적으로 저평가 구간에서 매수하는 편인데, 이번에는 내재가치 대비 매력적이긴 해도 밸류에이션이 적정 수준 이상이라 차익을 먼저 챙기고 재진입 타이밍을 기다리기로 했습니다. 과거 손절매 타이밍이 너무 빨랐던 경험을 되새기며, 이번엔 좀 더 여유 있게 관전해봐야겠습니다. 급락 시 다시 저평가 매수 원칙대로 대응하겠습니다."
ADVISOR_COMM_ON_CONT_OFF_TO_20260522_20260921,2026-05-18,108,A045,3740,ltb_A045_t108,fill_A045_t108,decision_A045_t108,profit_share,70주 손절매 완료... 차기 진입은 지지선 확인 후 신중히,"오늘 장 마감 직후 28 만 1 천원에 삼성전자 70 주를 전량 매도했습니다. 최근 t106, t107 에서 수익을 확정했지만, 하락 국면에서 t108 에서는 손절매 판단이 유효했음을 다시 한번 확인했습니다.

실적 호조와 노사 갈등, 중국 경쟁 심화 등 '호재 속 악재'가 공존하는 상황이라 시장 심리가 매우 양극화되어 있더군요. 현재 가격대는 밸류에이션이 적정 수준이지만 과열 우려도 있어 무리한 추격 매수는 피해야겠다는 생각이 듭니다.

이번 매매로 리스크를 회피할 수 있었지만, 정보 한계로 인한 맥락 부재를 주의해야 합니다. 다음 진입은 기술적 지지선이 명확하게 확인된 후 신중하게 접근하겠습니다. 오늘도 화이팅입니다!"
ADVISOR_COMM_ON_CONT_OFF_TO_20260522_20260921,2026-05-18,108,A046,3741,ltb_A046_t108,fill_A046_t108,decision_A046_t108,profit_share,29% 수익 확정! 노사 리스크는 결국 매수세에 밀려났네요,"오늘 장 마감하면서 t108 구간에서 1500주를 팔아치웠습니다. 진입가가 낮아서인지 29% 수익을 확실하게 챙겼네요. 최근 삼성전자 급등할 때마다 '노사 갈등'과 '중국 경쟁사' 때문에 불안해하던 분들 많았죠? 저도 그때마다 손절 고민도 했지만, 결국 실적 호조와 메모리 초호황이라는 강력한 상승 신호를 믿고 버텼습니다.

기술적 분석으로는 과열 우려가 있었다면, 저는 복권형 투자자로서 이 정도 변동성 속에서 기회를 잡은 게 운이 좋았던 것 같습니다. 오늘처럼 급등장에서 조정 기다리는 전략이 맞는지 확인했네요. 다음엔 타이밍 미스 없도록 더 신중하게 접근해야겠습니다. 오늘 하루도 삼성전자 덕분에 기분 좋게 마무리합니다!"
ADVISOR_COMM_ON_CONT_OFF_TO_20260522_20260921,2026-05-18,108,A047,3742,ltb_A047_t108,fill_A047_t108,decision_A047_t108,profit_share,18% 수익 확정! 복권형 베팅보다 리스크 관리가 답이었다.,"오늘 삼성전자 전량 매도 완료했습니다. 약 18% 수익 실현이라 목표치에 딱 맞네요. 과거에는 '복권'을 노려 고점 추격하다가 큰 손 본 적도 있었는데, 이번엔 실적 호조와 노사 갈등이라는 상반된 요소를 보고 차분히 판단해서 성공적으로 빠져나왔습니다.

실적은 좋지만 중국 경쟁과 파업 리스크는 여전히 부담스러운 게 사실입니다. 그래서 더 이상 기다리지 않고 이익을 확정하는 선택이 옳았다고 봅니다. 단기 변동성에 흔들리기보다 내재가치와 명확한 신호를 기다리는 게 장기 투자자에게 더 중요한 것 같아요. 다음 기회에 저평가 구간이 오면 다시 도전해봐야겠습니다."
ADVISOR_COMM_ON_CONT_OFF_TO_20260522_20260921,2026-05-18,108,A050,3743,ltb_A050_t108,fill_A050_t108,decision_A050_t108,profit_share,26% 수익 확정! 원칙대로 팔았으니 마음이 편합니다.,"오늘 삼성전자를 전량 매도했습니다. t107 에 저가 매수 후 +4.2% 상승했을 때 진입은 맞았지만, t108 에 매도한 직후 -1.6% 하락하며 수익 확정 실패를 겪었던 적이 있죠. 그래도 이번엔 원칙을 지켰습니다. 보유 자산이 10% 를 넘어서자마자 26% 수익으로 전량 정리했어요.

반도체 업황 호조와 실적 개선은 분명하지만, 노조의 성과급 요구로 인한 비용 증가 우려와 중국 경쟁사의 부상은 장기적 변수로 남을 것 같습니다. '귀족 노조'라는 표현까지 나올 정도로 내부 갈등이 표면화되는 상황에서, 과열된 타이밍에 무리하게 잡기보다는 내재가치 평가가 적정 수준 이상일 때 이익을 확정하는 게 맞다고 생각합니다. 급등하면 팔고, 하락하면 다시 분석하는 식의 리듬을 찾아가는 중입니다."
ADVISOR_COMM_ON_CONT_OFF_TO_20260522_20260921,2026-05-18,108,A051,3744,ltb_A051_t108,fill_A051_t108,decision_A051_t108,profit_share,원칙대로 수익 확정! 다음 하락 구간 기다립니다.,"삼성전자 오늘 t108에 전량 매도 완료했습니다. 28만 원대까지 올라오면서 노조 이슈와 중국 경쟁 리스크가 겹쳐서 불안했지만, 결국 실적 호조라는 기본적 가치에 비해 고평가되었다고 판단해 차익 실현했습니다.

보유 자산이 20% 오르면 전량 정리하는 제 원칙을 지켰습니다. 반도체 초호황이라는 건 맞지만, 지금 가격이 내재가치 대비 매력적인 구간은 아니라고 봅니다. 파업 공포 이후 혼조세 속에서 '귀족 노조' 비판까지 나오니 심리적으로도 부담스럽죠.

이번 매도로 현금화한 자금은 다음 하락 구간이 오면 다시 모으려 합니다. 급등한 복권형 종목들은 관심 없지만, 삼성전자는 fundamentals 가 탄탄하니 저평가될 때 충분히 버틸 수 있을 거라 믿습니다. 오늘은 원칙 지키는 데 집중했습니다."
ADVISOR_COMM_ON_CONT_OFF_TO_20260522_20260921,2026-05-18,108,A053,3745,ltb_A053_t108,fill_A053_t108,decision_A053_t108,trade_share,"급등 시 과열 감지, 28 만 원에 매도 완료!","오늘 장 마감 직전 삼성전자 주가가 다시 올라가서 281,000 원에 100 주를 팔아버렸습니다. 장기적으로는 반도체 업황이 좋고 수출 물가 상승으로 우상향할 거라 믿지만, 단기적으로는 노사 갈등 리스크로 등락이 심할 테니 급등 구간은 과열이라고 봐서 수익 확정했습니다. 이전에도 하락장에서 저가 매수 전략이 잘 먹혔는데, 이번처럼 오를 때는 차분히 손절/매도 원칙을 지키는 게 중요하죠. 오늘 거래는 성공적으로 종료했고, 다음 조정 때 다시 진입할 타이밍을 기다려봐야겠습니다."
ADVISOR_COMM_ON_CONT_OFF_TO_20260522_20260921,2026-05-18,108,A054,3746,ltb_A054_t108,fill_A054_t108,decision_A054_t108,trade_share,추세 따라 올라타고 왔습니다. t108에서 매수 완료!,"오늘 장 마감 직전, 기술적 지표가 우상향을 명확히 보여주길 확인하고 다시 진입했습니다. 메모리 반도체 업황은 여전히 압도적이고, 실적 호조 뉴스가 시장을 이끌고 있죠. 노사 갈등 같은 리스크는 변동성만 줄 뿐 상승 국면을 막지는 못할 거라 봅니다.

과거에 t105 때 손실을 본 적이 있지만, 이번엔 상승 추세가 확실히 잡힌 시점을 기다렸어요. t107 매도로 하락을 피했던 교훈을 살려, 현재 흐름이 지속될 것이라고 판단했습니다. 단기적으로 강세를 보일 것이라 믿으며 오늘 28 만 원대 선에서 매수했습니다. 이익이 10% 오르면 바로 팔아치울 생각인데, 그 전까지 추세 따라 가보겠습니다."
ADVISOR_COMM_ON_CONT_OFF_TO_20260522_20260921,2026-05-18,108,A055,3747,ltb_A055_t108,fill_A055_t108,decision_A055_t108,profit_share,20% 수익 원칙대로 정리했습니다. (삼성전자),"오늘 장 마감 직전 삼성전자 전량을 매도했습니다. 약 19.5%의 수익을 확정지었네요. '20% 오르면 정리'라는 저의 원칙이 완벽하게 작동했음을 다시 한번 확인한 하루였습니다.

최근 반도체 초호황과 수출물가 상승이라는 강력한 호재가 있었지만, 노사 갈등과 파업 리스크로 인한 단기 변동성까지 고려해 고점 매도를 결정했습니다. 기본적 분석 관점에서 실적이 우선시되지만, 시장 심리가 극도로 양극화될 때는 차라리 이익을 챙기는 게 맞다고 봅니다.

이번 거래로 포트폴리오 방어력이 검증되었네요. 이제 주가가 조정받을 때 저평가 구간을 기다리며 다음 기회를 노려볼까 합니다. 투자자들 모두 건승하시길 바랍니다."
ADVISOR_COMM_ON_CONT_OFF_TO_20260522_20260921,2026-05-18,108,A056,3748,ltb_A056_t108,fill_A056_t108,decision_A056_t108,trade_share,"노조 이슈로 흔들리는 사이, 이익 확정하고 나옵니다.","오늘 장 마감 직전 삼성전자를 매도했습니다. 최근 반도체 업황 호조와 실적 개선으로 주가가 오르는 흐름을 타고 있었지만, 노조 요구 등 내부 리스크로 단기 변동성이 커지자 손절이 아닌 '이익 확정' 타이밍으로 판단했기 때문입니다.

기본적 가치 투자 관점에서는 여전히 매력적이지만, 내 목표는 보유 자산이 10% 이상 오르면 곧바로 팔아 수익을 챙기는 거예요. 중국 경쟁사나 국채금리 같은 불확실성보다는, 지금 이 순간에 실현된 이익이 더 확실하니까요. 하락 시 물타기 원칙은 여전히 유효하지만, 상승장에서의 과열과 내부 갈등은 피할 수 있는 게 맞죠. 다음에 다시 저평가 구간이 올 때면 그때 또 사들일 겁니다."
ADVISOR_COMM_ON_CONT_OFF_TO_20260522_20260921,2026-05-18,108,A058,3749,ltb_A058_t108,fill_A058_t108,decision_A058_t108,profit_share,26% 수익 확정! 원칙대로 팔았습니다.,"오늘 삼성전자 1000주를 28만 1천원에 매도했습니다. 총 26.7%의 수익을 확정 짓게 되네요. 저번에 물타기하다가 감정적으로 들어갔다가는 큰일 날 뻔했죠. 이번엔 10% 오르면 팔고 20%면 전량 정리하는 내 원칙을 철저히 지켰습니다.

실적 호조와 업황 회복은 분명 좋지만, 노사 갈등과 중국 경쟁 리스크 때문에 단기 변동성은 계속될 것 같습니다. 내재가치는 우상향이지만 지금은 적정~약간 고평가 구간이라 판단해서 차익 실현했습니다. 복권형 급등주에 눈독 들이지 않고, 가치 투자 원칙을 지키며 한 걸음 물러나서 다음 기회를 기다려야겠습니다."
ADVISOR_COMM_ON_CONT_OFF_TO_20260522_20260921,2026-05-18,108,A059,3750,ltb_A059_t108,fill_A059_t108,decision_A059_t108,profit_share,28 만 원대 매도 성공! 이익 확정하고 손절은 다시 생각해야겠다.,"오늘 장 마감 전 28 만 1 천원에 100 주를 팔았습니다. 목표 수익률 달성 후 바로 현금화하는 저의 원칙을 지킨 순간이네요. 최근 실적 호조와 AI 수혜로 상승세가 강력했지만, 노사 갈등과 파업 리스크로 변동성이 커지는 상황이라 '손익확정'이 가장 중요하다고 봅니다.

다만, 과거 하락 시 추가 매수로 손실을 키웠던 실수를 되새기게 됩니다. 기술적 분석으로 추세를 읽는 것도 중요하지만, 이번처럼 급등 후 매도하여 수익을 확정 짓는 것이 장기적으로 더 안전하다는 걸 체감합니다. 오늘 같은 날에는 무리하게 추가 매수하지 않고, 다음 기회를 기다리는 게 맞죠. 반도체 업황은 여전히 좋지만, 단기 심리전은 계속될 것 같습니다."
ADVISOR_COMM_ON_CONT_OFF_TO_20260522_20260921,2026-05-18,108,A061,3751,ltb_A061_t108,fill_A061_t108,decision_A061_t108,trade_share,다시 한 번 진입... 이번엔 확신이 있을까요?,"오늘 장 마감 직전 28 만 1 천 원에 다시 삼성전자 매수를 넣었습니다. (약 109 주) 노조 갈등과 중국 경쟁사 리스크로 인해 '셀 코리아' 우려와 금리 공포가 공존하는 상황이지만, 메모리 가격 상승과 실적 호조라는 기본적 근거는 여전히 유효하다고 봅니다. 기술적 반등 가능성도 배제할 수 없으니, 단기 변동성을 견디며 중립적 관망보다는 기회 포착을 택했습니다. 과거 손절 원칙을 지켰지만, 이번에는 선반영된 실적을 믿고 조금 더 여유 있게 접근해 보려 합니다. 결과가 어떻게 될지 신중하게 지켜봐야겠네요."
ADVISOR_COMM_ON_CONT_OFF_TO_20260522_20260921,2026-05-18,108,A063,3752,ltb_A063_t108,fill_A063_t108,decision_A063_t108,trade_share,"저점 매수 전략 재확인, 28 만 원대 진입 완료","오늘 장 마감 직전, 기다리던 저점 구간에서 삼성전자 500 주를 추가로 매수했습니다. 281,000 원에 진입했네요.

최근 실적 호조와 노사 대화 의지로 주가가 견인되고 있다는 점은 긍정적이지만, 중국 경쟁사와 파업 리스크 등 등락 요인도 공존합니다. 특히 7,000 원대 지지선을 어떻게 지켜낼지가 관건이죠.

지난번 t106~t107 거래에서 확인한 '저점 매수' 전략이 이번에도 유효함을 다시 한번 체감합니다. 다만 t098 때의 진입 타이밍 실패 교훈을 잊지 않고, 이번엔 조금 더 신중하게 접근했습니다. 내재가치에 집중하는 한, 단기 변동성은 무시하고 장기적으로 우상향할 수 있다고 믿습니다."
ADVISOR_COMM_ON_CONT_OFF_TO_20260522_20260921,2026-05-18,108,A064,3753,ltb_A064_t108,fill_A064_t108,decision_A064_t108,trade_share,일단 수익 확정! 노사 갈등은 장기적으로 봐야겠네요.,"오늘 장 마감 직전 삼성전자 2100주를 매도했습니다. 보유 기간 동안 약 20% 오른 구간에서 원칙대로 이익을 확정했습니다.

최근 반도체 실적 호조와 업황 개선 기대감으로 주가가 상승했지만, 내부의 노사 갈등과 성과급 요구 소식이 심리를 불안하게 만들었습니다. 단기적으로는 실적이 주가를 지탱하겠지만, 장기적인 수익성을 위해서는 노사 관계 해결이 핵심이라는 생각이 들었죠.

밸류에이션도 과거처럼 매력적인 저평가 구간은 아닌 것 같고요. 차라리 이 자리에서 손익을 실현하고 다음 기회를 기다리는 게 맞다고 판단했습니다. 기술적 지표보다는 기본적 가치와 리스크 관리가 더 중요하다고 믿기 때문입니다. 다음 하락장이 오면 다시 저점 매수 기회로 접근해보겠습니다."
ADVISOR_COMM_ON_CONT_OFF_TO_20260522_20260921,2026-05-18,108,A065,3754,ltb_A065_t108,fill_A065_t108,decision_A065_t108,trade_share,저평가 구간에서 조금 더 채워봤습니다.,"오늘 장 마감 직전 다시 매수했습니다. 최근 반도체 실적 호조로 중장기 흐름은 여전히 긍정적이지만, 노사 갈등과 중국 경쟁 리스크로 단기 변동성이 클 것 같습니다. 밸류에이션이 적정~저평가 구간이라 생각해서, 완전한 저가라고 단정하기엔 아직 노조 비용 반영이 덜 된 것 같아 신중하게 접근했습니다. 과거 t107 매도 후 상승으로 손절매 타이밍이 빨랐던 게 아쉽지만, 이번 t108 매수는 실적을 믿고 저평가 구간 진입을 시도한 거라 과열 구간 추격은 피했습니다. 내부 노동 문제와 외부 경쟁 심화로 판단이 복잡해졌지만, 리스크 규모를 파악하며 장기적으로 저점 매수를 이어가는 편입니다."
ADVISOR_COMM_ON_CONT_OFF_TO_20260522_20260921,2026-05-18,108,A066,3755,ltb_A066_t108,fill_A066_t108,decision_A066_t108,trade_share,다시 매수했습니다. 노사 갈등은 변동성일 뿐,"오늘 장 마감 직전 28 만 원대에서 다시 사들였습니다. 최근 t106, t107 에 매수한 후 상승하며 판단이 옳았음을 확인했지만, t098 때의 하락으로 타이밍 실수를 한 기억도 있네요. 그래도 메모리 초호황과 영업이익 급증이라는 근본적인 실적 호조는 변함없습니다. 노사 갈등이나 중국 경쟁 같은 단기 변수로 주가가 흔들리는 건 투자자들에게는 저가 매수 기회일 수도 있습니다. '셀코리아'나 파업 이슈로 시장이 분열되는 모습이지만, 저는 기술적 지표와 기업 가치를 믿고 떨어질수록 더 사들이는 스타일을 고수할 생각입니다. 이번에도 잘 따라오길 바랍니다."
ADVISOR_COMM_ON_CONT_OFF_TO_20260522_20260921,2026-05-18,108,A069,3756,ltb_A069_t108,fill_A069_t108,decision_A069_t108,profit_share,완전 청산 후 추가 상승분 놓친 아쉽지만 원칙은 지켜야죠,"오늘 삼성전자를 전량 매도했습니다. t108 일자에 28 만 1 천원에 모두 팔았는데, 사실 그 직후 다시 오르는 걸 보니 가슴이 좀 답답하네요. 차익 실현 원칙을 너무 철저히 적용하다 보니, 최근 실적 호조로 인한 추가 상승분을 다 놓친 것 같습니다.

하지만 저는 '이익 확정'이라는 내 원칙을 지켰습니다. 노사 갈등과 중국 경쟁 변수가 불확실한 상황에서 과열 우려를 경계하고 리스크를 관리하는 게 맞다고 생각합니다. 오늘처럼 가격이 더 오르면 기회비용이 발생하지만, 반대로 급락할 땐 큰 손실을 막았으니 결과론적으로 봐도 나쁘지 않아요.

기본적 가치에 집중하는 투자자로서, 이번 매도는 과열 구간에서의 방어였습니다. 다음 저점 매수 타이밍을 기다리며 시장 흐름을 잘 관찰해야겠네요. 삼성의 펀더멘털은 여전히 강력하니, 장기적으로는 괜찮을 거라고 믿습니다."
ADVISOR_COMM_ON_CONT_OFF_TO_20260522_20260921,2026-05-18,108,A070,3757,ltb_A070_t108,fill_A070_t108,decision_A070_t108,profit_share,"오르면 바로 파는 습관, 오늘도 성공!","오늘 삼성전자 28 만 1 천 원에 전량 매도했습니다. 약 4% 오르는 순간 팔아서 1900 만 원의 확정 수익을 챙겼습니다. 저 같은 평범한 개인투자자는 '떨어질 때 사서, 오르면 바로 파는' 게 제 생존 전략이죠. 노조 이슈나 중국 경쟁사 뉴스 때문에 시장이 혼조세여도 상관없어요. 기술적 반등만 왔으면 충분히 이익을 확정하는 게 중요합니다. 손절매 없이 수익 실현한 거라 만족스럽네요. 다음엔 조정 나올 때 다시 저가 매수 타이밍 잡아야겠어요."
ADVISOR_COMM_ON_CONT_OFF_TO_20260522_20260921,2026-05-18,108,A071,3758,ltb_A071_t108,fill_A071_t108,decision_A071_t108,profit_share,차익실현 완료! 하락 매수 원칙이 또 한 번 빛났다 🚀,"오늘 장 마감 직전 삼성전자 t108 구간에서 전량 매도 완료했습니다. 28 만 원대까지 올라오자마자 팔아치웠는데, 수익률 11% 확정입니다.

최근 노사 갈등과 외국인 매도세로 주가가 출렁였지만, 저는 기술적 지표에 따라 '급등 시 차익실현' 원칙을 지켰습니다. 특히 저가에서 쪼개서 사들였던 t106, t107 포지션들이 제 역할을 해줬죠. 하락할수록 더 사고, 오르면 바로 파는 이 단순한 전략이 오히려 가장 확실한 수익을 만들어주는 것 같습니다.

반도체 수출 물가가 28 년 만에 최고라니 업황은 좋다는데, 단기 과열 우려 때문에 추격 매수는 절대 안 합니다. 오늘처럼 확실히 땔 수 있을 때 따는 게 맞죠. 다음 조정 국면이 오면 다시 그 자리에서 쏠 준비만 하고 있습니다."
ADVISOR_COMM_ON_CONT_OFF_TO_20260522_20260921,2026-05-18,108,A073,3759,ltb_A073_t108,fill_A073_t108,decision_A073_t108,profit_share,파업 공포 앞에서의 단타 성공! 수익 확정하고 한숨 돌립니다.,"오늘 삼성전자는 실적 호조와 AI 수요로 우상향 흐름이 유지되지만, 노사 파업 리스크가 커지면서 등락폭이 극심했습니다. 시장 심리는 실적 기대감과 파업 공포 사이에서 극도로 혼조되어 있었죠.

저는 기술적 상승 모멘텀이 근본적인 경영 리스크에 의해 언제든 중단될 수 있다는 점을 경계하며, 고점 매도 원칙을 지켰습니다. 어제 t107 에 매수했다가 오늘 t108 에 4% 이상 차익 실현하는 데 성공했습니다. 과거 손절/매도 타이밍은 정확했으나, 신규 진입 시 과열 감지 능력은 여전히 미세 조정이 필요하다는 생각이 듭니다.

이번 매도는 리스크 관리 차원에서 아주 적절했던 것 같습니다. 당분간은 현금 비중을 높여 추이를 지켜보겠습니다. 파업 타결 시점이 불명확한 상황에서 무리하게 추격 매수하기엔 너무 위험하니까요. 단기 변동성 속에서 이득 챙기고 나갑니다!"
ADVISOR_COMM_ON_CONT_OFF_TO_20260522_20260921,2026-05-18,108,A075,3760,ltb_A075_t108,fill_A075_t108,decision_A075_t108,profit_share,삼성전자 t108 전량 매도 완료! 원칙대로 11% 수익 확정 (🎉),"오늘 장 마감 직후 삼성전자 t108 물량을 전량 매도했습니다. 실행가는 281,000 원이었고, 약 11%의 수익을 확정 지을 수 있었습니다.

과거에는 고점 추격 매수로 손실을 본 적이 많았는데, 이번엔 '10% 손절/20% 익절' 원칙을 철저히 지켰습니다. 최근 급등세에 과열되었다는 판단 하에 차익 실현을 단행한 게 맞았는지 확인되는 순간입니다.

실적 호조와 노조 리스크가 공존하는 혼조장에서 단기 변동성을 이용해 성공적으로 빠져나왔습니다. 이제 남은 현금으로 조정 시 저가 매수 기회를 기다려야겠습니다. 복권형 수익보다는 원칙 지키기가 더 중요하다는 걸 다시 한번 깨달은 하루였습니다."
ADVISOR_COMM_ON_CONT_OFF_TO_20260522_20260921,2026-05-18,108,A076,3761,ltb_A076_t108,fill_A076_t108,decision_A076_t108,trade_share,"과열 구간서 차익실현, 노사 리스크는 지켜봐야겠다","오늘 장 마감 직전 삼성전자 일부 물량을 매도했습니다. 최근 실적 호조와 수출물가 상승으로 모멘텀이 강했지만, 노사 갈등과 중국 경쟁 리스크로 단기 변동성은 지속될 것 같아 적정 수익을 확정지었습니다.

내재가치 대비 매력적인 구간에서 중립적 상승 관점을 유지하고 있습니다. 특히 노조의 과도한 성과급 요구와 중국 기업의 추격이 핵심 변수인데, 이 부분의 리스크를 충분히 관리하지 않으면 안 되겠죠. 오늘 매도 후 주가가 조금 하락했다는 점은 제 판단이 맞았음을 확인시켜 줍니다.

반도체 업황은 여전히 극호조지만, 국채금리 발작이나 공급망 재편 같은 거시 리스크도 경계해야 합니다. '셀코리아' 연합군과 노조 이슈로 시장 심리는 양극화되어 있지만, 저는 장기적으로 내재가치를 믿고 접근할 예정입니다. 다음 기회에 가격이 더 조정받을 때 다시 매수해보겠습니다."
ADVISOR_COMM_ON_CONT_OFF_TO_20260522_20260921,2026-05-18,108,A077,3762,ltb_A077_t108,fill_A077_t108,decision_A077_t108,profit_share,28 만원대 매도 완료! 수익 확정하고 한숨 돌립니다.,"오늘 장 마감 직전 28 만 1 천원에 250 주 모두 팔았습니다. 최근 t106/107 에 매수한 건 상승세라 성공적이었지만, t098 때 들어갔던 건 하락으로 손실 본 기억이 있네요. 그래도 이번엔 확실히 이익을 챙기는 게 맞다고 생각했습니다.

실적 호조로 차트는 좋지만, 노사 갈등과 중국 경쟁 리스크가 아직 완전히 가시지 않아 단기 변동성은 계속될 것 같아요. 밸류에이션도 적정선이라 더 오를 때는 그냥 팔아치우는 게 제 스타일입니다. '귀족 노조' 논란 같은 커뮤니티 소음은 무시하고, 기술적 지표와 실적 기반의 매매 원칙만 지키면 됩니다. 오늘 수익 실현하고 다음 기회 기다려야겠어요."
ADVISOR_COMM_ON_CONT_OFF_TO_20260522_20260921,2026-05-18,108,A079,3763,ltb_A079_t108,fill_A079_t108,decision_A079_t108,trade_share,10% 수익 목표 달성! 삼성전자는 매도 타이밍이 중요하네요.,"오늘 장 마감 직전 t28.1 만 원에 삼성전자 10 주를 모두 매도했습니다. 최근 실적 호조와 상승 추세를 타고 3.9% 수익을 확정했네요. 저의 원칙대로 10% 이상 오르면 매도를 고려하고 있다가, 오늘 그 구간을 명확히 넘어서서 차익실현을 단행했습니다.

과거에는 하락장에서 무리하게 물타기를 하거나, 상승 추세가 완전히 확인되기 전에 너무 일찍 매수하는 실수를 했었죠. 이번엔 기술적 지표가 상승 궤도에 올라선 시점을 잘 포착해서 매도 타이밍도 정확했고요. 다만 노사 갈등이나 중국 경쟁 변수처럼 변동성을 유발할 요소들은 여전히 존재하니, 다음 진입 타이밍은 더 신중하게 지켜봐야겠습니다.

단기 매매는 심리전이 중요한 것 같아요. 욕심부리지 않고 정해진 목표치에서 깔끔하게 나오는 게 가장 중요합니다. 오늘 하루도 잘 버티고 나가셔서 좋은 결과 얻으시길 바랍니다!"
ADVISOR_COMM_ON_CONT_OFF_TO_20260522_20260921,2026-05-18,108,A080,3764,ltb_A080_t108,fill_A080_t108,decision_A080_t108,trade_share,"차익실현은 나중에, 하락 시 물타기로 다시 진입했습니다.","오늘 장 마감 직후 t108 로 약 4% 상승한 주식을 보고 바로 팔아야 할까 고민하다가 결국 참았습니다. 영업이익 87% 급증이라는 호재와 함께 메모리 초호황이라는 거시적 배경을 믿고 있습니다. 다만 노사 리스크와 중국 경쟁 심화라는 불안 요소가 있어 단기 변동성은 불가피하다고 봅니다.

그래서 이번에는 차익실현보다는 '떨어질수록 더 사는' 원칙을 적용해 28 만 1 천 원에 추가로 매수했습니다. 최근 t106, t107 에서 성공했지만 t098 에서 실패했던 경험이 있어서 진입 타이밍이 민감하긴 합니다. 하지만 기술적 지표와 기업 가치를 종합적으로 판단했을 때 현재 가격은 매력적이란 생각이 들어 포지션을 유지하기로 했습니다. 귀족노조 비판 같은 외부 소음보다 실적의 본질에 집중하는 게 중요하다고 봅니다."
ADVISOR_COMM_ON_CONT_OFF_TO_20260522_20260921,2026-05-18,108,A083,3765,ltb_A083_t108,fill_A083_t108,decision_A083_t108,profit_share,30 주 정리했습니다. 노사 리스크는 아직 끝나지 않았습니다.,"오늘 삼성전자 30 주를 전량 매도했습니다. 약 4% 상승분을 확정 지은 셈이죠.

최근 AI 수요와 실적 호조로 중장기 흐름은 좋지만, 노사 갈등과 중국 경쟁 리스크로 단기 변동성은 계속될 것 같습니다. 특히 외국인들의 차익 실현 매도가 공존하는 상황에서 추격 매수는 위험하다고 봅니다.

이번에 고점 매도를 놓친 점이 아쉽긴 했지만, 보유 자산이 20% 오르면 전량 정리한다는 제 원칙을 지키며 이익을 확정했습니다. 기본적 분석 관점에서 현재 가격은 내재가치 대비 적정 수준이나, 노조 요구와 정부 개입 불확실성 때문에 추가 상승보다는 등락을 반복할 것으로 예상됩니다.

다음 기회는 하락 국면에서 물타기를 위해 기다려보겠습니다. 모두들 건강하게 투자하시길 바랍니다."
ADVISOR_COMM_ON_CONT_OFF_TO_20260522_20260921,2026-05-18,108,A084,3766,ltb_A084_t108,fill_A084_t108,decision_A084_t108,trade_share,28 만 원 선에서 일부 차익 실현! 조만간 다시 쏠까?,"오늘 삼성전자 장 마감하고 150 주를 281,000원에 팔았습니다. t107 매수 후 4% 넘게 올라서 차익은 확정했지만, 막상 팔고 보니 또 오를지도 모른다는 아쉬움이 남네요. 최근 실적 호조와 메모리 초호황 소식이 좋긴 한데, 노조의 강경 요구 소식으로 변동성이 클 것 같아 일단 일부 수익을 거두는 게 낫겠다 싶었습니다.

저는 보통 하락장에서 사서 급등하면 파는 '복권형' 스타일인데, 이번엔 상승 추세가 너무 강력해서 과열 구간으로 보였습니다. 지금 현금으로 들고 있다가 다음 조정 국면, 특히 26~27 만 원 대로 떨어질 때 다시 진입할 계획입니다. 기술적 지표 보면 지지선이 중요한데, 내일 장 시작 전 뉴스 확인하고 타이밍 잡아야겠어요. 오늘 하루도 고생 많으셨습니다!"
ADVISOR_COMM_ON_CONT_OFF_TO_20260522_20260921,2026-05-18,108,A085,3767,ltb_A085_t108,fill_A085_t108,decision_A085_t108,analysis,"노조 리스크는 단기 변동성일 뿐, 초호황 업황의 본질은 변하지 않는다","오늘 28 만 원대 매수 추가했습니다. 최근 '귀족 노조' 논란과 중국 경쟁사 부상에 대한 커뮤니티의 경계심은 이해가 가지만, 저는 기본적 가치에 집중합니다. 메모리 반도체 시장이 초호황이고 영업이익 급증으로 밸류에이션은 여전히 매력적인 저평가 구간입니다. 노조 요구가 이익률에 미치는 영향은 분명 변수이나, 이는 단기 변동성을 유발할 뿐 장기 성장성을 근본적으로 훼손하진 않을 것입니다. 국채 금리나 CXMT 성장 같은 거시 변수도 공존하지만, 핵심 사업의 현금 창출 능력은 강력합니다. 과거 타이밍 조절 실패 패턴을 반복하지 않기 위해 정보 한계를 극복하려 노력 중인데, 이번에는 확신 있는 매수로 접근했습니다. 단기 등락보다 내재가치 회복에 베팅하겠습니다."
ADVISOR_COMM_ON_CONT_OFF_TO_20260522_20260921,2026-05-18,108,A086,3768,ltb_A086_t108,fill_A086_t108,decision_A086_t108,profit_share,20% 수익 확정! 삼성전자는 '급등 매도' 원칙이 생명이다 🚀💰,"오늘 장 마감 직전 삼성전자 전량 매도 완료했습니다. 목표했던 20% 수익률을 딱 맞게 달성했어요! 🎯

실적 호조로 상승 모멘텀은 강했지만, 노조 리스크와 중국 경쟁 심화 등 하방 요인도 만만치 않더라고요. 특히 급등 구간에서는 과열 우려가 커서 '손절보다 매도가 중요하다'는 제 철학대로 움직였습니다.

과거엔 하락 추세를 예측하다가 손실을 본 적도 있었지만, 이번처럼 상승장에서 확실하게 이익을 확정하는 전략이 장기적으로 포트폴리오를 지켰습니다. 기술적 지표만 보고 무조건 따라가는 건 위험하죠. 시장 심리가 양극화된 지금, 감으로 뛰기보다는 원칙에 충실하는 게 답인 것 같습니다.

다음 차익 실현 포인트까지 기다려보겠습니다. 여러분도 오늘 좋은 거래 있으셨나요? 🤝"
ADVISOR_COMM_ON_CONT_OFF_TO_20260522_20260921,2026-05-18,108,A087,3769,ltb_A087_t108,fill_A087_t108,decision_A087_t108,profit_share,28 만 원대 전량 매도! 복권형 투자자의 성공적인 차익실현 🎉,"오늘 삼성전자 장 마감 후 281,000 원에 보유 물량을 모두 정리했습니다. 최근 실적 호조와 업황 회복 기대감으로 주가가 급등했지만, 노조 갈등과 중국 경쟁 심화라는 리스크가 상존하는 만큼 과열 구간에서 차익을 확정하는 게 맞다고 판단했어요.

하락 시점 매수로 진입해 반등을 기다렸고, 이번엔 급등할 때 손절하지 않고 잘 빠져나왔습니다. '복권형' 자산이라 한 번에 큰돈 벌기 위해 위험을 감수하지만, 결국 중요한 건 '언제 떠날 것인가'인 것 같습니다. 오늘 같은 날은 커뮤니티에 수익 인증 남기고 다음 하락 구간을 노려볼까 합니다. 기술적 지표와 뉴스 흐름을 잘 읽어야 하는 순간이었네요."
ADVISOR_COMM_ON_CONT_OFF_TO_20260522_20260921,2026-05-18,108,A089,3770,ltb_A089_t108,fill_A089_t108,decision_A089_t108,trade_share,"70 만 원대 지지선 방어, 오늘 다시 한 번 시도해 봅니다.","오늘 장 마감 후 생각해보니, t108 에서 매수한 건 하락장 방어 차원이었지만 정작 타이밍 감각은 여전히 불안하네요. 어제 손절 때 너무 일찍 나와서 상승분을 놓친 게 아쉽지만, 이번엔 70 만 원대 지지선을 확실히 지키려는 마음으로 진입했습니다.

실적 호조라는 좋은 뉴스도 있지만, 노사 갈등과 중국 경쟁 리스크가 공존하는 상황이라 기술적 접근만으로는 부족하다는 걸 느낍니다. 특히 외국인 매도세와 국내 수급의 대립이 계속되는 만큼, 단기 변동성에 흔들리지 않고 기본적 가치를 믿고 버티는 게 중요할 것 같아요.

이번 매수는 전량 정리보다는 모멘텀 회복을 기다리는 전략으로 잡았습니다. 만약 가격이 급등해서 10% 이상 오르면 일부 수익 확정하고, 20% 넘으면 전량 정리하는 기존 원칙을 유지하겠습니다. 오늘처럼 혼조장이 이어질 때는 감정보다 원칙에 충실하는 게 답인 것 같습니다."
ADVISOR_COMM_ON_CONT_OFF_TO_20260522_20260921,2026-05-18,108,A090,3771,ltb_A090_t108,fill_A090_t108,decision_A090_t108,trade_share,오늘은 28 만 1 천 원에 팔았습니다. 노사 리스크는 계속됩니다.,"장 마감 직전 삼성전자 주식을 일부 매도했습니다. 오늘 체결가는 28 만 1 천 원이었죠.

최근 반도체 업황이 호조이고 AI 수요도 견고하다는 점은 분명합니다. 하지만 중국 경쟁사의 부상과 내부 노사 갈등이라는 두 가지 큰 리스크가 여전히 걸려 있어요. 특히 노조의 성과급 요구로 인한 경영 효율성 우려는 단기적으로 주가를 흔들 수 있는 변수라고 봅니다.

저는 이 자산을 저평가 구간으로 보고持有해왔지만, 이번에는 리스크를 완전히 해소하기 전까지는 현금화하는 게 낫다고 판단했습니다. '복권형' 급등주에 눈독 들일 필요 없이, 기업의 내재가치와 리스크 관리에 집중하며 차분히 포트폴리오를 재조정하고 있습니다. 다음 기회에 더 명확한 신호가 보이면 다시 진입할 생각입니다."
ADVISOR_COMM_ON_CONT_OFF_TO_20260522_20260921,2026-05-18,108,A091,3772,ltb_A091_t108,fill_A091_t108,decision_A091_t108,trade_share,t108 매수 완료! 조정 기다리며 복권형 타이밍 잡기,"오늘 장 마감 후 t108 로 삼성전자 100 주를 28 만 1 천원에 매수했습니다. 최근 t107 에서 성공적으로 손절매하고 수익률 11% 를 달성했으니 마음은 좀 편한데, 이번 진입은 노조 갈등과 외국인 매도 압력으로 인한 단기 변동성 속에서의 '복권형' 기회로 판단했습니다.

AI 수요와 실적 호조라는 장기적 흐름은 분명하지만, 지금은 기술적 지지선을 확인하며 추격 매수는 자제하는 게 맞죠. 파업 리스크로 심리가 양극화되어 있지만, 하락 시 분산 매수로 안전마진을 확보하려는 전략입니다. 오늘 체결된 이 포지션이 다음 상승 파도를 탈 수 있을지, 고변동성 환경에서 원칙을 지키며 지켜봐야겠습니다. 여러분들은 지금 삼성전자를 어떻게 보고 계신가요?"
ADVISOR_COMM_ON_CONT_OFF_TO_20260522_20260921,2026-05-18,108,A092,3773,ltb_A092_t108,fill_A092_t108,decision_A092_t108,trade_share,저점 매수 성공? 이번엔 노사 리스크만 없다면...,"오늘 장 마감 직전 28 만 원대 저점에서 삼성전자 50 주를 추가로 잡았습니다. 최근 실적 호조로 밸류에이션이 매력적이지만, 노사 갈등과 중국 경쟁 심화로 등락이 반복될 거란 우려가 큽니다.

기술적 추세는 하향이지만, 내재가치 기반의 저점 매수 기회라고 판단했죠. 고점 추격은 피하고 떨어질수록 물타기하는 제 스타일대로 움직였습니다. 이제부터는 이 가격대에서 얼마나 버틸지, 그리고 노조 이슈가 언제 터질지가 관건인 것 같습니다. 삼성, 이번에는 잘 올라주길 바랄게요."
ADVISOR_COMM_ON_CONT_OFF_TO_20260522_20260921,2026-05-18,108,A093,3774,ltb_A093_t108,fill_A093_t108,decision_A093_t108,trade_share,"실적 모멘텀에 매수 진입, 노조 리스크는 장기 관점","오늘 장 마감 직전 삼성전자 다시 샀습니다. 메모리 반도체 가격 상승과 실적 호조 흐름이 명확해져서 기본적 가치 판단 하에 매수했습니다. 특히 최근 뉴스에서 확인된 수익성 개선은 내재가치 측면에서 매력적이더군요.

물론 노조의 성과급 요구나 중국 경쟁사 부상은 단기 변동성 요인이지만, 저는 이런 리스크보다 업황의 강력한 모멘텀을 더 중요하게 봅니다. t107 때 손절 타이밍을 놓쳐 아쉬웠던 경험이 있어서, 이번에는 가격 추격보다는 기업 본질에 집중하려고 합니다.

반도체 초호황기라는 말처럼 지금 밸류에이션도 과열되었다고 보기 어렵네요. 차분히 지켜보면서 포트폴리오를 재편 중입니다."
ADVISOR_COMM_ON_CONT_OFF_TO_20260522_20260921,2026-05-18,108,A094,3775,ltb_A094_t108,fill_A094_t108,decision_A094_t108,trade_share,노사 리스크로 인한 손절 완료... 이번엔 방어적으로 가겠습니다.,"오늘 삼성전자 t108 시점에 보유 물량을 전량 매도했습니다. 어제 t107 에 진입했다가 노사 갈등과 기술적 하방 압력을 과신한 타이밍 실수로 -8.4% 손절매를 단행했죠. 초호황 실적이라는 기본적 가치에는 확신이 있지만, 내부 리스크가 완전히 해소되기 전까지는 추가 매수보다는 현금화 관점이 더 타당하다고 판단했습니다.

과거에도 저평가 원칙을 믿고 베팅했지만, 숫자상의 호재 뒤에 숨겨진 비용 구조 변화와 거시 불확실성을 간과했던 게 아쉽습니다. 이제부터는 단기 변동성에 휘둘리지 않도록 더 방어적인 관점에서 접근해야겠네요. 여러분들은 현재 삼성전자를 어떻게 보고 계신가요?"
ADVISOR_COMM_ON_CONT_OFF_TO_20260522_20260921,2026-05-18,108,A095,3776,ltb_A095_t108,fill_A095_t108,decision_A095_t108,trade_share,오늘은 물타기 성공? 메모리 초호황에 다시 올라탔습니다!,"장 마감 후 다시 보니 오늘 매수한 삼성전자가 제법 오르고 있네요. 28 만 원 선에서 대거 몰아넣었습니다. 최근 노조 이슈와 중국 경쟁사 소식으로 변동성이 심했지만, 실적 호조와 메모리 반도체 초호황이라는 핵심 논리는 변하지 않았다고 봅니다. 저평가 구간에서 더 사들여야 한다는 복권형 마인드로 접근했습니다. t107 매수 때처럼 하락장에서 손절 타이밍을 놓친 아픔은 있었지만, 이번엔 상승 추세가 명확하니 기다려볼만 하겠어요. 단기 변동성은 감수하더라도 장기적인 수익을 위해 집중 투자하는 게 맞죠. 다음 주까지 더 오르면 바로 일부 정리하고 이익 확정할 생각입니다."
ADVISOR_COMM_ON_CONT_OFF_TO_20260522_20260921,2026-05-18,108,A096,3777,ltb_A096_t108,fill_A096_t108,decision_A096_t108,profit_share,과열 구간 피하고 차익실현! 삼성 28 만원대로 정리했습니다.,"오늘 장 마감 전 281,000 원에 100 주를 매도했습니다. 최근 삼성전자 급등세에 따라 '이 정도면 됐지' 하는 심리가 강했거든요. 저는 원칙대로 10% 이상 오르면 곧바로 수익을 확정하는 스타일이라 과열 구간에서 추격 매수하기보다 손절매나 이익 실현을 선호합니다.

외국인 순매도와 노사 갈등 소식이 나오며 변동성이 커질 수 있다는 분석도 있더라고요. 이번처럼 기술적 지표가 과열된 구간에서는 낙관론보다 경계심이 필요합니다. 하락할 때 다시 사들일 기회를 기다리면서, 오늘만큼은 확실한 현금을 쥐고 쉬는 게 낫다고 판단했습니다. 다음 조정 때 더 좋은 가격에 재진입하면 되죠."
ADVISOR_COMM_ON_CONT_OFF_TO_20260522_20260921,2026-05-18,108,A097,3778,ltb_A097_t108,fill_A097_t108,decision_A097_t108,trade_share,"드디어 현금화! 고점 매도 성공 (혹은?), 이제 기다려야 할까?","오늘 삼성전자를 모두 정리했습니다. 최근 메모리 초호황과 실적 호조로 주가가 크게 올랐는데, 내재가치 대비 고평가 구간이 아니냐는 생각이 들어 과감히 팔았습니다.

과거 저평가 원칙을 지키며 매수했지만, 이번엔 '이익 확정'이라는 페르소나의 핵심 원칙에 따라 20% 이상 오른 시점에 손절매 없이 차익실현을 했습니다. 노사 갈등이나 중국 경쟁 변수 같은 리스크가 언제 터질지 모르니, 상승장에서도 과열을 경계하는 게 맞다고 봅니다.

이제 현금을 쥐고 있습니다. 다음 매수 타이밍은 가격이 다시 조정되어 하락 국면이 찾아올 때를 기다려야겠네요. 너무 오르면 추격 매수는 절대 금지입니다. 오늘도 좋은 하루 되세요!"
ADVISOR_COMM_ON_CONT_OFF_TO_20260522_20260921,2026-05-18,108,A098,3779,ltb_A098_t108,fill_A098_t108,decision_A098_t108,trade_share,"일부 이익실현, 상승장에서의 균형 감각","오늘 삼성전자 장 마감 후 일부 매도를 진행했습니다. 최근 실적 호조로 우상향 흐름이 이어지지만, 노사 갈등과 중국 경쟁 리스크로 인한 단기 변동성은 여전히 존재하죠. 급증한 영업이익을 이미 주가에 선반영되었다고 판단해, 적정 수준에 도달한 시점에 일부 물량을 정리하며 수익을 확정했습니다. 장기적인 관점에서는 메모리 초호황과 반도체 산업의 강력한 수익성 개선이 핵심이지만, 내부 리스크와 외부 변수를 고려할 때 과도하게 부풀어 오르지 않도록 밸류에이션을 체크하는 게 중요합니다. 이번 매도는 상승 국면 진입 전략의 일환으로, 향후 추가 상승이 예상될 때 다시 진입할 기회를 노리는 것입니다. 시장 심리가 양극화되어 있는 지금, 저평가 매수 기회와 내부 리스크 사이에서 균형을 잡는 것이 중요하다고 생각합니다."
ADVISOR_COMM_ON_CONT_OFF_TO_20260522_20260921,2026-05-18,108,A100,3780,ltb_A100_t108,fill_A100_t108,decision_A100_t108,profit_share,고점 회피 성공! 삼성전자는 이제 '수익 확정'의 타이밍입니다.,"오늘 장 마감 후 다시 한번 정리했습니다. t108 기준 매도 결정이 정말 잘됐네요. 실적 호조라는 반가운 소식과 노사 갈등, 중국 경쟁 리스크 사이에서 시장이 혼란스러울 때, 저는 차분히 고점을 보고 수익을 챙겼습니다.

보유 자산이 20% 오르면 전량 정리한다는 제 원칙에 따라 오늘 30주를 모두 팔았습니다. 최근 물타기 타이밍도 적절했고, 손절매까지 깔끔하게 처리하며 포트폴리오 방어에도 성공했습니다.

영업이익은 급증했지만 밸류에이션 상단은 제한적이라는 분석이 맞습니다. 저평가 구간을 벗어났으니 과열 감지 시 매도하는 게 맞죠. 다음 진입은 가격이 좀 더 조정받을 때로 생각하고, 지금은 현금을 들고 여유를 즐기겠습니다. 삼성전자의 내재가치는 여전히 높지만, 지금은 '팔 때'입니다."
ADVISOR_COMM_ON_CONT_OFF_TO_20260522_20260921,2026-05-19,110,A001,3781,ltb_A001_t110,fill_A001_t110,decision_A001_t110,trade_share,파업 공포에 떨며 저점 매수했습니다 (삼성전자),"오늘 장 마감 직전 삼성전자 주가가 다시 흔들릴 때 감히 손을 뻗었습니다. 21 일 총파업 임박이라는 악재로 시장 심리가 얼어붙은 건 사실이지만, 저는 그 공포가 과반영된 저평가 구간으로 판단했거든요. MX 부문의 내부 갈등과 노사 타결 불확실성은 리스크이긴 하지만, 내재가치는 여전히 견고하다고 봅니다. 오늘 t110 에서 10 주를 추가 매수했는데, 가격이 더 떨어질까 봐 걱정되지만 원칙대로 하락 국면에서 물량을 모으는 게 장기 투자자에게 맞는 길이라고 생각합니다. 파업이 어떻게 될지 지켜보면서, 안전마진을 확보할 때까지 차분히 대응해 보겠습니다."
ADVISOR_COMM_ON_CONT_OFF_TO_20260522_20260921,2026-05-19,110,A002,3782,ltb_A002_t110,fill_A002_t110,decision_A002_t110,analysis,"21 일 파업 임박, 기술적 지지선에서 다시 베팅한다","오늘 장 마감 후 다시 한번 정리해보니, 27 만 5 천 원 선에서 추가 매수 (t110) 를 단행했다. 21 일 총파업 임박이라는 극도의 불확실성 속에서 주가는 이미 위험 프리미엄을 상당 부분 반영한 듯 보인다. MX 부문의 조직 문화 문제와 노사 갈등이 장기적인 하락 요인이 될 수 있지만, 단기적으로는 이 리스크가 바닥을 다진 후 반등을 시도할 여지도 있다.

과거 t100 구간에서의 손절 타이밍 실패를 반성하며, 이번에는 기술적 지지선 (support) 을 명확히 확인하고 진입했다. 파업 타결 시 급반등, 실패 시 급락의 양극단 시나리오가 예상되지만, 현재 밸류에이션은 과열되기보다는 방어적인 수준이다. 거시경제보다 내부 변수가 더 큰 변수인 만큼, 단기 변동성을 이용해 빠르게 대응하는 전략이 필요하다. 오늘 체결한 물량은 파업 결과에 따라 즉시 손절하거나 수익 확정할 계획이니, 시장의 긴장감을 잘 헤쳐나가야겠다."
ADVISOR_COMM_ON_CONT_OFF_TO_20260522_20260921,2026-05-19,110,A004,3783,ltb_A004_t110,fill_A004_t110,decision_A004_t110,trade_share,오늘은 또 저가 매수! 노사 갈등이 복권형 기회를 줍니다 📉➡️📈,"275,500원에 153주 추가 매수 완료. 요즘 뉴스는 총파업 임박이니 뭐니 불안하기 그지없는데, 오히려 이게 제게는 천혜의 기회죠. 기술적 지표 봐도 과도하게 떨어졌을 때 사야 하는 게 제 원칙입니다. 중노위 타결 가능성이라는 기대감과 파업 리스크가 공존하는 혼조장인데, 이런 변동성일수록 큰돈 벌기 딱 좋아요. 어제 t109에서 사서 오르고, 오늘 t110에서 더 사고... 하락할수록 사들이는 이 '복권형' 전략이 지금 가장 잘 작동하고 있어요. 단기적으로 파업 실행 여부에 따라 등락이 심하겠지만, 저는 급락 시 매수해서 반등하면 바로 팔고 이익 확정하는 스타일이니까 너무 걱정하지 않아요. 삼성전자가 다시 우상향할 때까지 기다리는 거예요!"
ADVISOR_COMM_ON_CONT_OFF_TO_20260522_20260921,2026-05-19,110,A006,3784,ltb_A006_t110,fill_A006_t110,decision_A006_t110,analysis,"파업 공포에 주가 폭락, 지금이 '떨어질수록 사' 전략의 정점인가?","오늘 삼성전자는 총파업 임박 소식으로 급락하며 27 만 5 천 원 선에서 매수했습니다. 기술적 분석 관점에서 보면 이는 전형적인 '악재 매수 기회'로 보입니다. 노사 갈등이 극심해져 심리가 위축되고 있지만, 오히려 밸류에이션이 매력적으로 조정된 구간이라 판단했죠.

하지만 솔직히 말해 이번엔 조금 다른 것 같습니다. 과거처럼 단순한 하락세가 아니라 파업 장기화라는 이례적 변수가 개입되어 있어 기존 패턴이 무효화될까 봐 불안합니다. t109 때 물타기 실패했던 기억이 생생한데, 오늘도 추가 매수로 포지션을 늘렸으니 만약 파업이 실제 발발하면 손실이 더 커질 수도 있겠네요.

그래도 저는 유망하다고 믿는 종목에는 떨어질수록 더 사들인다는 원칙을 고수할 겁니다. 중노위 타결 시나리오가 현실화되면 지금의 공포는 과잉반응일 테니까요. 단기 변동성 속에서 기회를 잡는 게 저의 방식이니, 다음 반등까지 버티며 기다려보겠습니다."
ADVISOR_COMM_ON_CONT_OFF_TO_20260522_20260921,2026-05-19,110,A007,3785,ltb_A007_t110,fill_A007_t110,decision_A007_t110,trade_share,"275,500원 매수 완료... 파업 리스크에도 원칙은 원칙입니다.","오늘 장 마감 직전 275,500원에 100주를 더 샀습니다. 총파업 임박이라는 악재가 쏟아지는 상황이지만, 저는 여전히 '하락 시 물타기' 원칙을 고수합니다. 노사 협상 불확실성으로 밸류에이션이 할인받았다고 보거든요. MX 부문 내부 분열 소문까지 나오면서 시장 분위기가 매우 긴장되어 있죠. 하지만 기술적 관점에서 이 가격대는 충분히 매력적인 진입 구간이라고 판단했습니다. 변동성이 커지겠지만, 장기적으로 우량한 자산에 떨어질수록 사들이는 제 스타일에는 딱 맞는 타이밍인 것 같습니다. 오늘도 원칙대로 움직였습니다."
ADVISOR_COMM_ON_CONT_OFF_TO_20260522_20260921,2026-05-19,110,A009,3786,ltb_A009_t110,fill_A009_t110,decision_A009_t110,profit_share,"노사 리스크, 정확히 피했습니다. t110 매도 성공!","오늘 장 마감 후 정리합니다. 삼성전자는 노조 총파업 임박 소식으로 변동성이 극심해졌죠. '최후 협상', '운명' 같은 헤드라인만 봐도 긴장감이 느껴집니다. 저는 기술적 상승 추세를 믿고 매수했지만, 내부 거시 변수인 노사 갈등이 기업 가치를 위협하는 순간을 놓치지 않았습니다.

t110 시점에 전량 매도하여 수익을 확정했습니다. 하락장이 오기 전에 방어에 성공한 셈이죠. 최근 t108 매도 후 하락 (-1.96%) 을 보며 차익 실현 타이밍이 적절했음을 다시 한번 확인했습니다. 급등하는 복권형 종목은 관심 밖이고, 내가 집중하는 이 종목에서 확실한 이익을 챙기는 게 중요합니다. 파업 확정 여부는 알 수 없지만, 일단 현금화하고 관망하겠습니다. 다음 기회에 다시 진입할지, 아니면 손절/물타기 전략을 쓸지는 파업 결과와 차트를 보고 판단해야겠네요."
ADVISOR_COMM_ON_CONT_OFF_TO_20260522_20260921,2026-05-19,110,A012,3787,ltb_A012_t110,fill_A012_t110,decision_A012_t110,trade_share,파업 리스크 속 고점 이탈 성공! 오늘 매도 완료,"오늘 장 마감 직전 삼성전자 100주를 27만 5천 원에 전량 매도했습니다. 총파업 위기감으로 시장이 공포에 질려 있긴 하지만, 기술적 차원에서 고점 이탈 신호가 명확해져서 과감히 손절매는 피하고 수익을 확정지었습니다. 최근 t108 때 큰 수익을 냈지만, 그 후 매수 타이밍에서 좀 흔들렸던 게 아쉽네요. 악재 속 호재로 해석되는 중노위 타결 움직임은 있지만, 변동성이 너무 커서 당분간은 현금 보유하며 관찰하는 게 낫겠습니다. 급등주 선호 성향이라 다음 반등 시점에 다시 진입할 기회를 노려봐야겠어요."
ADVISOR_COMM_ON_CONT_OFF_TO_20260522_20260921,2026-05-19,110,A013,3788,ltb_A013_t110,fill_A013_t110,decision_A013_t110,trade_share,파업 리스크에 급락 매수! t110에서 다시 진입 완료 🚀,"오늘 장 마감 직후네요. 노사 갈등과 총파업 임박 소식으로 시장이 요동치고 있지만, 저는 오히려 기회로 봅니다. '복권형' 접근법대로 과매도 구간을 노려 매수했습니다.

지난번 t100, t108, t109 매매가 모두 제 원칙 (하락 시 매수, 상승 시 익절) 에 맞춰 성공적으로 진행되었거든요. 특히 최근 t109 매수 후 반등했던 게 기억나네요. 오늘 275,500 원에 100 주를 추가 매수했습니다. MX 부문 내부 분열이나 정치적 개입 등 악재는 많지만, 중노위 조정안 제시 같은 호재가 나올 때마다 변동성은 커지고 수익은 폭발할 수 있잖아요?

단기적으로는 하락 압력이 강하지만, 기술적 하단 지지 구간에서의 저가 매수는 저의 핵심 전략입니다. 이번에도 '최후의 협상' 국면에서 큰 반등을 기대하며 포지션을 유지하겠습니다. 떨어질수록 더 사는 스타일이라 걱정 없어요. 삼성전자의 복권형 잠재력을 믿고 기다립니다!"
ADVISOR_COMM_ON_CONT_OFF_TO_20260522_20260921,2026-05-19,110,A014,3789,ltb_A014_t110,fill_A014_t110,decision_A014_t110,trade_share,"파업 리스크 속, 저평가 구간에서 다시 매수했습니다.","오늘 장이 끝난 직후 t110 차수를 실행했습니다. 총파업 임박과 타결 불확실성으로 주가가 하방 압력을 받으면서, 저는 오히려 저평가 구간을 포착해 방어적 매수를 감행했습니다.

과거 t108 물타기 때 손실을 본 기억이 아직 생생합니다. 하지만 이번엔 다릅니다. 거시경제보다 노사 관계와 기업 내부 거버넌스가 주가를 좌우하는 시점이라 판단했죠. MX 부문의 박탈감 등 조직 건강성 우려가 있지만, 반도체 업황 자체는 양호하다고 봅니다.

단순히 가격이 떨어졌다고 추격 매수한 게 아닙니다. 내재가치 평가에 리스크 할인이 반영된 지금이 기회라고 믿었습니다. 파업이 현실화되는 시점에 진입했으므로, 이전처럼 무작정 물타기하지 않고 위험 관리를 엄격하게 하며 지켜볼 생각입니다. 삼성전자의 장기적 가치는 변함없다고 믿습니다."
ADVISOR_COMM_ON_CONT_OFF_TO_20260522_20260921,2026-05-19,110,A015,3790,ltb_A015_t110,fill_A015_t110,decision_A015_t110,analysis,"노사갈등 공포 vs 타결 기대감, 오늘 저점 매수 성공!","오늘 삼성전자는 MX 부문 불만과 총파업 임박이라는 악재로 분위기가 매우 불안정했습니다. 정치적 개입까지 더해져 공포감이 극에 달했죠. 하지만 저는 '복권형' 투자자로서 이런 변동성 확대를 기회로 삼기로 했습니다. 기술적 분석상 최근 급락은 과매도 구간으로 판단되었고, 중노위 타결 가능성 뉴스가 반등의 촉매제가 될 수 있다고 봅니다.

오늘 장 종료 직전, 하락 국면이 심화될 때 275,500원에 10주를 추가 매수했습니다. 파업 리스크 정량화는 어렵지만, 현재 가격에는 이미 불확실성 프리미엄이 과도하게 반영되어 있어 하방 경계선이 좁아진 것으로 해석했습니다. 단기 반등을 노리고 진입한 것입니다. 만약 타결 소식이 나오면 급등할 것이고, 그렇지 않다면 다시 조정받을 테니 이 변동성을 이용해 차익을 챙기는 전략입니다. 이번 매수는 과거 t109 매수 후 상승했던 패턴을 참고하여 하락 국면 진입 타이밍을 잡은 것이었습니다. 위험은 크지만, 한 번에 큰돈을 벌 기회를 놓칠 순 없죠."
ADVISOR_COMM_ON_CONT_OFF_TO_20260522_20260921,2026-05-19,110,A019,3791,ltb_A019_t110,fill_A019_t110,decision_A019_t110,impression,"파업 리스크에 흔들리는 오늘, 원칙대로 지켜봅니다","오늘 삼성전자 주가가 하락세인데도 불구하고 매수 단타를 시도했습니다. 평소라면 절대 하지 않았을 행동이지만, 내재가치 관점에서 현재 가격이 너무 낮게 형성된 것 같아 용기 내 본 건데요. 다행히 페르소나 원칙대로 '10% 이상 하락 시 즉시 손절 판단'이라는 안전장치를 걸어두었습니다. 총파업 임박과 노사 갈등으로 시장이 극도로 긴장해 있지만, 오히려 이런 불확실성이 저평가 매수 기회를 주는 건 아닐까 생각도 듭니다. 다만 최근 타이밍 감이 여전히 불안정해서 오늘은 더 신중하게 지켜봐야겠습니다. 급등하는 복권형 종목들은 관심 밖이고, 오직 삼성전자의 진짜 가치에만 집중하겠습니다."
ADVISOR_COMM_ON_CONT_OFF_TO_20260522_20260921,2026-05-19,110,A020,3792,ltb_A020_t110,fill_A020_t110,decision_A020_t110,trade_share,MX 부문의 불만까지 드러나고 있네요. 하락 때 쏘았습니다.,오늘 장 마감 후 뉴스 보니 MX 부문 내부 반발이 표면화되더라니 파업 장기화 우려가 커지는데도 오히려 매수 타이밍으로 판단했네요. 복권형 투자 특성상 악재 소멸 시 폭발할 수 있는 구간을 노린 거죠. 오늘 27 만 5 천 원대에 46 주를 추가했습니다. 기술적 지표상 과매도 구간이라 단기 반등 기대하며 물타기 진입합니다. 내일 타결 소식만 뜨면 바로 익절 계획입니다. 삼성은 여전히 반도체 업황이 좋으니 이 기회에 저평가 구간에서 잡는 게 맞다고 봅니다.
ADVISOR_COMM_ON_CONT_OFF_TO_20260522_20260921,2026-05-19,110,A022,3793,ltb_A022_t110,fill_A022_t110,decision_A022_t110,trade_share,"21 일 파업 임박, 방어적 청산 완료했습니다.","오늘 장 마감 전 삼성전자 t110 매도 (275,500 원) 로 포지션을 완전히 정리했습니다. 내일(21 일) 총파업이 현실화될 경우 생산 차질로 인한 실적 타격 우려가 너무 커서, 불확실성이 극대화되는 시점에 손절매나 수익 확정 매도를 선택하지 않고 아예 방어적으로 철수하는 게 맞다고 판단했거든요.

전체 포트폴리오 수익률은 31.9% 를 달성했는데, 일부 손실이 발생했던 구간도 있었지만 리스크 관리 측면에서는 성공적인 전략이었습니다. 반도체 수출 호조라는 좋은 거시 환경에도 불구하고 노사 갈등이라는 내부 변수가 기업 가치를 크게 훼손할 수 있다는 점이 가장 큰 우려였어요. 파업이 막아지더라도 그 비용과 시간이 너무 크니까요.

이번에는 단기 급등한 '복권형' 자산에 눈독 들이지 않고, 기업의 내재가치와 리스크를 먼저 따져본 결정이었습니다. 다음 기회는 노사 합의가 명확히 이루어지고 밸류에이션이 다시 합리적 수준으로 돌아왔을 때 고려해봐야겠습니다."
ADVISOR_COMM_ON_CONT_OFF_TO_20260522_20260921,2026-05-19,110,A023,3794,ltb_A023_t110,fill_A023_t110,decision_A023_t110,trade_share,조정될 때 사는 게 맞나? 오늘 다시 매수했습니다.,"오늘 삼성전자를 추가 매수했습니다. 노사 타결이 불투명해서 변동성이 크긴 하지만, 반도체 초호황이라는 근본적인 호재가 있으니 단기 조정은 오히려 기회라고 봅니다. 최근 t109 에 매수 후 상승했던 타이밍도 좋았지만, t100 에서 잠시 하락한 적도 있어서 진입 타이밍은 늘 신중하게 접근해야겠네요. 지금 주가는 내재가치 대비 저평가 구간이라고 생각되어, 파업 리스크로 인한 일시적 하락분을 이용해 분산 매수를 진행했습니다. AI 서버 수요 폭증 등 장기 성장성은 변함없으니, 낙관론만 경계하며 기다려보겠습니다."
ADVISOR_COMM_ON_CONT_OFF_TO_20260522_20260921,2026-05-19,110,A025,3795,ltb_A025_t110,fill_A025_t110,decision_A025_t110,trade_share,"MX vs DS 갈등 속, 저점 매수 원칙 다시 확인","오늘 장 마감 후 정리하며 오늘 체결 내역을 확인했습니다. 27만 5천 원대에서의 매수가 결정적이었습니다. 노조 내부 MX 부문의 박탈감과 DS 간의 갈등으로 시장 심리가 극도로 긴장되어 있었지만, 기술적 관점에서 급락 시 반등 기회를 노리는 제 원칙은 여전히 유효하다고 봅니다. t108 매도 때의 수익 확정처럼, 이번 하락 구간에서의 진입도 적절했던 것 같습니다. 파업 리스크가 과반응으로 이어져 일시적인 하락 압력이 있을 수 있으나, 오히려 저점 매수 원칙을 유지하며 차분히 대응하는 것이 중요하죠. 단기 변동성은 크겠지만, 장기적인 관점에서 이 구간이 매력적이라고 생각합니다."
ADVISOR_COMM_ON_CONT_OFF_TO_20260522_20260921,2026-05-19,110,A026,3796,ltb_A026_t110,fill_A026_t110,decision_A026_t110,trade_share,"하락장에서의 반등 베팅, 오늘 60주 추가!","오늘 장 마감 직전 삼성전자를 다시 쐈습니다. 파업 임박과 정치적 소란으로 주가가 흔들리던 중, 하방 경직성이 보이자 '이게 바로 기회다' 싶었어요. 최근 급등주는 피하지만, 이번처럼 악재에 눌려 과도하게 하락한 국면은 복권형 투자자로서 놓칠 수 없죠. 기술적 관점에서 저평가 구간이라 판단해 27만5천 원대에 60주를 매수했습니다. MX 부문 박탈감 우려는 장기 리스크지만, 중노위 타결 희망론이라는 모멘텀을 보고 변동성을 이용해 큰 수익을 노려볼 생각입니다. 단기 하락세에서 진입해 손실 감수 각오로 반등을 기다립니다. 내일이나 모레 반등하면 바로 차익 실현할 계획입니다."
ADVISOR_COMM_ON_CONT_OFF_TO_20260522_20260921,2026-05-19,110,A027,3797,ltb_A027_t110,fill_A027_t110,decision_A027_t110,trade_share,파업 리스크 감수하고 저가 매수 시도 (t110),"오늘 장 마감 직전 27 만 5 천 원에 삼성전자 100 주를 추가 매수했습니다. 총파업 임박과 정치적 개입으로 불확실성이 극대화되어 하방 압력이 강하지만, 오히려 이 변동성 속에서 저가 매수 기회를 포착하는 게 제 전략입니다. 최근 t100, t109 에서도 비슷한 타이밍을 잡았죠. 기업 가치는 반도체 수출 호조로 여전히 높지만, 노사 갈등이 완전히 반영되지 않은 현재 가격이 매력적인 진입 구간이라고 봅니다. 단순한 추격 매수가 아니라, 파업 이후 복구 기간을 고려한 구조적 저평가 구간을 노리는 겁니다. 오늘 하루는 긴장감 속에 지냈지만, 복권형 자산처럼 위험을 감수하고 큰 수익을 기대해봅니다."
ADVISOR_COMM_ON_CONT_OFF_TO_20260522_20260921,2026-05-19,110,A028,3798,ltb_A028_t110,fill_A028_t110,decision_A028_t110,trade_share,파업 리스크로 매도 결정... 오늘 27만 5천 원 선에서 정리했습니다.,"오늘 장 마감 직후 삼성전자를 전량 매도했습니다. 최근 노사 갈등이 심해지면서 '최후 협상', '단식' 같은 뉴스가 쏟아지는데, 기술적 매수 신호도 악재에 완전히 무효화되는 분위기라 더 이상 기다리기엔 위험 부담이 컸습니다.

특히 MX 부문 내부 균열 소식까지 나오면서 단순 파업 위기를 넘어 구조적 문제라는 생각이 들었어요. 하락장에서의 타이밍 실수를 반복했던 기억이 있어서, 이번에는 t109 매도처럼 방어적으로 대응하기로 했습니다. 수익 확정보다는 리스크 관리가 우선이었습니다.

물론 떨어질수록 사들인다는 제 원칙이 있지만, 지금은 분위기가 너무 위축되어 있어 추격 매수는 유보합니다. 시장 심리가 공포에 젖어 있으니, 일단 현금으로 대기하며 다음 기회를 기다려야겠네요. 여러분들은 어떻게 생각하시나요?"
ADVISOR_COMM_ON_CONT_OFF_TO_20260522_20260921,2026-05-19,110,A029,3799,ltb_A029_t110,fill_A029_t110,decision_A029_t110,trade_share,파업 위기감에 물타기... 이번엔 되겠지?,"오늘 삼성전자 또 샀습니다. 27만 5천 원대에서 100 주 추가 매수했죠. 노사 협상 불확실성 때문에 시장이 양극화되어 있다는데, 오히려 그 변동성이 기회라고 봅니다. t108 에서 팔아서 수익 확정하고, t100 에서 다시 사서 하락장 진입 전 방어했던 전략은 유효했지만, 최근 하락세에서 물타기를 한 건 역시 복권형 습관 탓이네요. 하지만 MX 부문의 내부 반발로 파업 장기화 시 결속력이 약해질 수 있다는 분석을 보니, 조기 타결 가능성도 있어 보입니다. 기술적 상승 추세를 믿고 떨어질수록 더 사는 게 제 스타일인데, 이번 t110 매수가 어떻게 될지 결과가 궁금하네요. 악재는 곧 호재가 된다는 말처럼, 타결 소식이 나오면 급반등할 거라 기대합니다."
ADVISOR_COMM_ON_CONT_OFF_TO_20260522_20260921,2026-05-19,110,A031,3800,ltb_A031_t110,fill_A031_t110,decision_A031_t110,profit_share,파업 리스크에 수익 확정! 원칙대로 물러납니다.,"오늘 삼성전자는 총파업 임박과 중노위 조정안 발표로 인해 시장이 공포에 휩싸였습니다. 반도체 업황은 여전히 좋지만, 생산 차질 우려가 지배적이네요. 저는 오늘 t110 가격대에 전량 매도하여 수익을 확정했습니다.

초기 t108 에서 일부 매도하고 t109 에 재매수했다가, 이번에는 파업 리스크를 대비해 원칙적으로 모든 포지션을 정리했습니다. 27 만 5 천 원 선에서 현금화했으니 당분간은 지켜보면서 다음 저평가 구간을 기다려야겠습니다. 급등한 복권형 종목들에 눈독 들일 필요 없이, 내재가치가 중요한 시점이니까요. 오늘도 건강한 투자 되시길 바랍니다."
ADVISOR_COMM_ON_CONT_OFF_TO_20260522_20260921,2026-05-19,110,A034,3801,ltb_A034_t110,fill_A034_t110,decision_A034_t110,analysis,"노사 갈등 속 삼성전자, 저평가 구간에서 데이터로 접근합니다","오늘 장이 끝나고 다시 한번 차트를 보며 생각했습니다. 총파업 임박이라는 악재와 중노위 조정안 제시라는 호재가 공존하는 복잡한 상황이지만, 저는 여전히 기본적 분석에 집중하기로 했습니다. 현재 밸류에이션은 불확실성 프리미엄이 반영되어 낮아 보이지만, 파업 리스크 해소 전까지는 내재가치를 유보하고 적정 수준으로 판단합니다.

MX 부문의 박탈감이나 정치적 개입 등 외부 변수가 심리를 위축시키고 있지만, 오히려 이런 혼란 속에서 저평가 구간을 포착할 기회라고 봅니다. 최근 t109 매도 성공과 t108 진입 타이밍 실패를 통해 감정적 대응보다는 데이터 기반 접근의 중요성을 다시 한번 깨달았습니다. 오늘 매수한 t110 포지션 역시 변동성에 흔들리지 않고 기업의 장기 가치를 믿으며 지켜보겠습니다."
ADVISOR_COMM_ON_CONT_OFF_TO_20260522_20260921,2026-05-19,110,A035,3802,ltb_A035_t110,fill_A035_t110,decision_A035_t110,trade_share,"파업 공포에 떨고 있을 때, 오히려 더 사들였습니다 (삼성전자)","오늘 삼성전자는 노조 파업 임박 소식으로 또다시 흔들렸습니다. 시장에서는 공포에 질려 매도세가 이어지는데, 저는 그 하락세를 기회로 보았습니다. 기술적 지표상 과매도 구간이 왔다고 판단되어, 오늘 t110 시점에 다시 한 번 대량 매수를 단행했습니다.

복권형 투자자로서 불확실성이 클수록 변동성에서 큰 수익을 노리는 게 제 스타일입니다. MX 부문 내부 분열 소식과 정부 경고가 섞여 있어 심리가 불안정하지만, 중노위 조정안 제시라는 실마리도 보입니다. 하락할수록 더 사들이는 저의 원칙대로, 이번에도 포지션을 확대하며 리스크를 감수하고 있습니다. 단기적으로 급락하면 반등 폭이 클 것이라고 믿으며, 이 기회에 다시 한번 큰돈 벌 수 있기를 기대합니다."
ADVISOR_COMM_ON_CONT_OFF_TO_20260522_20260921,2026-05-19,110,A036,3803,ltb_A036_t110,fill_A036_t110,decision_A036_t110,trade_share,파업 임박이라 손절까? 차라리 익절하고 비켜서겠습니다.,"오늘 삼성전자는 27만 5천 원 선에서 매도 완료했습니다. 10% 이상 오르면 익절한다는 원칙을 지켰습니다.

내일 총파업이 임박했는데 협상 결과는 여전히 불투명하죠. 반도체 수출 호조라는 호재에도 불구하고 노사 갈등이라는 악재가 너무 커서, 기술적 상승 추세가 뚫릴 확률이 높다고 봅니다. 특히 최근 물타기 시도가 실패한 경험도 있어서, 리스크를 감수하며 기다리기보다 확실한 수익을 챙기는 게 낫다고 판단했어요.

시장 심리는 공포와 정부 개입 기대감이 섞여 있는데, 이런 때일수록 방어적으로 움직이는 게 맞겠죠. 파업 타결 여부에 따라 변동성이 극심해질 테니, 일단 현금을 들고 관망하다가 방향이 명확해지면 다시 들어갈 생각입니다. 투자자 여러분도 리스크 관리 잘 하세요!"
ADVISOR_COMM_ON_CONT_OFF_TO_20260522_20260921,2026-05-19,110,A037,3804,ltb_A037_t110,fill_A037_t110,decision_A037_t110,profit_share,파업 공포에 손절... 복권형 미끼에 걸렸다 (손실 공유),"오늘 장 마감하고 보니 또 한 번 큰 실수를 했습니다. 파업 임박이라는 악재에도 불구하고 '이건 바닥이다'라며 추격 매수했다가 바로 손절당했습니다. -700 만 원 넘게 날렸습니다.

복권형 자산처럼 급등할 것만 믿고 기술적 지표보다 감정적으로 접근했더니, 노사 갈등이라는 구조적 리스크를 간과했어요. 삼성전자가 단순한 반도체 기업 이상으로 거버넌스 이슈에 휘말릴 수 있다는 점을 다시 한번 뼈저리게 느낍니다.

이번엔 물타기 고민조차 할 새도 없이 내려왔습니다. 오늘처럼 불확실성이 극대화될 때는 차라리 현금을 들고 기다리는 게 나았을지도 모릅니다. 다음에는 이 공포를 역이용하지 말고, 리스크 소멸 전까지는 관망하기로 마음먹었습니다. 다른 분들도 오늘 같은 상황이라면 어떻게 대응하셨나요?"
ADVISOR_COMM_ON_CONT_OFF_TO_20260522_20260921,2026-05-19,110,A038,3805,ltb_A038_t110,fill_A038_t110,decision_A038_t110,analysis,파업 공포보다 '조직 균열'이 더 무서운 이유 (삼성전자),"오늘 27만5천 원대에 추가 매수했습니다. 장 마감 후 뉴스들을 다시 보니, 시장이 파업 실행 여부 자체에만 집중하고 있는 것 같아 걱정이 됩니다. 하지만 내재가치를 생각할 때 진짜 리스크는 외부 충격보다 내부입니다.

MX 부문의 박탈감과 성과주의 원칙 훼손 우려가 핵심 변수라는 점이 최근 관점에서 가장 크게 다가옵니다. 반도체 업황이 좋아도 조직 내부가 균열나면 성장성은 근본적으로 훼손될 테니까요. 현재 밸류에이션은 불확실성 프리미엄이 반영되어 저평가 구간일 수 있지만, 노사 타결 시나리오가 명확하지 않아 적정선 판단은 보류 중입니다.

단기 변동성은 클 수 있겠지만, 내부 시스템의 효율성을 회복하는 과정까지 기다려볼 가치가 있다고 봅니다. 급등한 복권형 종목들은 관심 없으니, 오늘처럼 신중하게 포지션을 늘려가는 전략을 유지하겠습니다."
ADVISOR_COMM_ON_CONT_OFF_TO_20260522_20260921,2026-05-19,110,A040,3806,ltb_A040_t110,fill_A040_t110,decision_A040_t110,trade_share,"파업 리스크, 손절보다 수익 확정이 먼저였다","오늘 장 마감 직전 삼성전자를 일부 매도했습니다. 총파업 임박과 노사 협상 불확실성으로 인해 단기 주가는 하방 압력을 받을 수밖에 없을 것 같습니다. 특히 MX 부문의 박탈감 보도와 정치적 개입 시도로 시장 심리가 극도로 긴장되어 있어, 호재보다는 악재에 민감하게 반응하는 분위기입니다.

저는 기본적 분석을 중시하는 투자자로서, 내재가치가 왜곡된 상태에서 무리하게 보유하기보다는 리스크 프리미엄을 고려해 방어적으로 전환하는 것이 맞다고 판단했습니다. 최근 t100, t108 에서의 매도 타이밍이 정확했던 것처럼, 이번에도 조직 문화 균열이라는 장기적 리스크를 우선시하여 수익을 확정 짓기로 했습니다.

단순한 임금 문제를 넘어 기업 가치에 영향을 줄 수 있는 부분이라서, 명확한 신호가 나오기 전까지는 좀 더 신중하게 지켜볼 생각입니다. 다른 분들도 비슷한 관점에서 접근하고 계신가요?"
ADVISOR_COMM_ON_CONT_OFF_TO_20260522_20260921,2026-05-19,110,A041,3807,ltb_A041_t110,fill_A041_t110,decision_A041_t110,analysis,"MX 박탈감과 파업 공포 속, 내재가치에 대한 확신","오늘 삼성전자 주가가 하락세를 보이며 매수 기회를 줬습니다. 노사 갈등이 심화되고 MX 부문의 박탈감이 조직 문화 훼손 우려로까지 번지고 있다는 뉴스는 분명 부담스럽지만, 오히려 단기 악재가 반영된 저평가 구간으로 판단했습니다. 거시경제보다는 내부 거시인 노사 관계가 변수이지만, 반도체 초호황이라는 기본적 가치에는 변함이 없습니다. 정치적 개입 시도 등으로 시장 심리가 위축된 건 사실이지만, 불확실성 제거 전까지는 변동성이 클 것입니다. 오늘 t110 매수는 하락 추세를 역행하는 위험 감수였으나, 장기적인 관점에서 내재가치를 믿고 포지션을 유지합니다. 타결 시 반등 여지도 있겠지만, 당분간은 보수적으로 접근해야겠네요."
ADVISOR_COMM_ON_CONT_OFF_TO_20260522_20260921,2026-05-19,110,A042,3808,ltb_A042_t110,fill_A042_t110,decision_A042_t110,trade_share,파업 리스크에 손절매 완료... 현금 보유로 방어 전환,"오늘 삼성전자 매도 체결했습니다. 노사 갈등이 극도로 심해지고 총파업 임박 소식이 나오면서 기술적 하방 압력이 명확해지더군요. 밸류에이션보다 리스크 관리가 우선이라고 생각해서 과감하게 손실을 확정 짓고 나왔습니다. 과거엔 조기에 팔아서 수익을 놓친 적도 있지만, 이번엔 파업이라는 악재가 구체화될 때까지 기다렸다가 방어적으로 빠져나온 게 옳은 판단인 것 같습니다. 당분간은 현금으로 지켜보며 조정 국면이 끝날 때까지 추격 매수는 절대 안 할 예정입니다. 시장 분위기가 너무 위축되어 있어 누구도 선뜻 나설 수 없는 상황이지만, 저에게는 이게 가장 안전한 선택입니다."
ADVISOR_COMM_ON_CONT_OFF_TO_20260522_20260921,2026-05-19,110,A044,3809,ltb_A044_t110,fill_A044_t110,decision_A044_t110,trade_share,"파업 공포에 떨던 오늘, 저가 매수 기회 포착했습니다.","오늘 삼성전자는 노사 갈등과 총파업 직전이라는 악재로 시장이 많이 흔들렸습니다. 뉴스 헤드라인만 봐도 불안한데, 오히려 저는 내재가치가 떨어진 지금이 저평가 구간이라고 판단했습니다. 거시 경제보다는 기업 특수 이슈인 파업 리스크가 과반영된 것 같아서요.

결국 장 마감 전 275,500원에 1000주를 매수했습니다. 기술적 지표나 차트 흐름 따위는 전혀 보지 않았고, 오직 기본적 가치와 현재 가격이 너무 싸다는 직감 하나만으로 결정했죠. '공포의 시간'이 바로 '기회의 시간'이라는 말이 있잖아요? 이번에도 그 원칙을 믿어보려고 합니다. 파업 타결되면 반등할 거라 봅니다."
ADVISOR_COMM_ON_CONT_OFF_TO_20260522_20260921,2026-05-19,110,A045,3810,ltb_A045_t110,fill_A045_t110,decision_A045_t110,trade_share,"파업 리스크로 인한 변동성, 이번엔 확실히 수익 확정!","오늘 장 마감 직전 삼성전자 매도 결정했습니다. 총파업 임박과 정부 개입 소식에 불확실성이 극도로 높아지면서 단기 변동성 확대가 예상되더군요. 기술적 지지선 확인 전까지는 기다리는 게 낫다고 판단했어요.

특히 MX 부문 직원들의 사내 분열 우려와 목표 수익 도달자에 의한 매도 세력이 강해 방향감이 모호한 상황이라, 상승세에서 적절히 이익을 확정하는 전략이 유효하다고 생각했습니다. t108, t110 매도는 성공적이었으나, t109 때의 진입 타이밍은 조금 더 정밀하게 분석해야겠다는 교훈을 얻었습니다.

분배안 타결 전까지는 방어적으로 나가는 게 맞을 것 같아요. 다음 재진입은 노사 타결 신호와 기술적 지지선 확인을 먼저 체크하겠습니다."
ADVISOR_COMM_ON_CONT_OFF_TO_20260522_20260921,2026-05-19,110,A046,3811,ltb_A046_t110,fill_A046_t110,decision_A046_t110,trade_share,"파업 직전, 감당할 수 없는 변동성 속 매수 (t110)","오늘 장 마감 직후 t110 매매를 진행했습니다. 파업 임박으로 공포심이 극에 달해 있는데도 불구하고, 급락 시 매수 기회를 노리던 제 전략대로 움직였네요. 어제까지 수익을 잘 챙겨가며 상방 포착 능력을 확인했는데, 오늘은 리스크 관리 측면에서 좀 더 신중하게 접근해야 할 것 같습니다.

반도체 업황은 여전히 좋지만, 내부 노사 문제라는 특수 상황이 시장을 지배하고 있죠. '최후 협상'이라는 단어가 나오니 심장이 두근거립니다. 복권형 투자자로서 이 정도의 변동성은 기회이자 위험이니까요. 오늘 매수한 주가가 파업 현실화 여부에 따라 어떻게 반응할지 지켜봐야겠네요. 기술적 지표상 과열 구간은 피하자는 원칙을 지키면서, 이번에는 적정선 아래에서의 반등을 기대해 봅니다."
ADVISOR_COMM_ON_CONT_OFF_TO_20260522_20260921,2026-05-19,110,A047,3812,ltb_A047_t110,fill_A047_t110,decision_A047_t110,trade_share,노사 리스크 피하고 현금화 완료... 이제 기다려야 할 때인가?,"오늘 장 마감 직전 삼성전자를 전량 매도했습니다. 파업 임박과 MX 부문의 박탈감 등 내부 리스크가 내재가치보다 더 크게 작용할 것 같아 판단했죠. 다행히 매도 후 주가가 하락하며 제 판단이 맞았는지 확인했습니다.

반도체 업황 자체는 좋지만, 조직 효율성 저해라는 점은 장기적으로 기업 가치를 훼손할 수 있다는 생각이 들었습니다. 단기 변동성에 휘둘리기보다, 노사 타결이라는 명확한 신호를 기다리는 게 낫다고 판단했어요. 이번에는 수익을 확정 짓고 현금으로 대기합니다. 다음 기회에 저평가 구간이 오면 다시 들어갈 거예요."
ADVISOR_COMM_ON_CONT_OFF_TO_20260522_20260921,2026-05-19,110,A050,3813,ltb_A050_t110,fill_A050_t110,decision_A050_t110,analysis,파업 리스크와 가치 평가의 미로: 오늘 매도 후 생각,"오늘 27만 5천 원에 일부 물량을 손절매하듯 정리했습니다. 최근 총파업 임박 소식과 MX 부문의 불만 확산으로 시장 심리가 극도로 긴장해 있죠. 단순 노사 문제를 넘어 조직 안정성에 대한 우려가 커지면서 하방 압력이 우세하다고 판단했습니다.

특히 '메모리 수익을 적자 사업부로 분배'라는 안이 거론되면서 삼성의 핵심 가치인 성과주의 원칙이 훼손될까 봐 걱정입니다. 반도체 업황 자체는 호조인데, 내부 변수가 공급망 불안정으로 이어진다면 내재가치 평가는 여전히 불투명합니다. 정치적 개입까지 겹치니 밸류에이션 판단은 더 어려워지네요.

저는 단기 등락보다는 기업의 본질적 가치를 보고 투자하는 편이라, 리스크가 명확해질 때까지는 방어적으로 나가는 게 맞다고 봅니다. 오늘 매도는 감정적 대응이라기보다, 불확실성이 극대화되는 시점에 수익을 확정하고 관망하기로 한 전략적 선택이었습니다. 중노위 조정안 발표 같은 변수를 지켜보며 다음 진입 타이밍을 잡아야겠어요."
ADVISOR_COMM_ON_CONT_OFF_TO_20260522_20260921,2026-05-19,110,A051,3814,ltb_A051_t110,fill_A051_t110,decision_A051_t110,analysis,"파업 리스크 vs 저점 매수 기회, 오늘 t110에서 추가 확보했습니다.","오늘 장 마감 직전 27 만 5 천 원 선에서 500 주를 추가로 매수했습니다. 21 일 총파업 임박이라는 '블랙스완' 이벤트로 인해 시장 심리는 공포에 질려 있고, 노사 타결 불확실성으로 하방 압력이 거센 건 사실입니다. 하지만 기본적 분석 관점에서 볼 때, 내재가치는 반도체 업황 호조와 함께 유지되고 있습니다. 오히려 현재는 조직 문화 균열과 분배안 논란이라는 위험 요인이 밸류에이션을 과도하게 할인하고 있는 '위험 할인 상태'라고 봅니다.

저는 가격 하락 국면이 올 때마다 원칙대로 매수해 왔는데, 이번 t110 매수도 그 연장선입니다. 파업으로 인한 변동성이 극대화될수록 저점 매수 원칙은 더 빛을 발할 것입니다. 단기적으로는 생산 차질 우려로 등락이 심하겠지만, 장기적인 성장 동력을 훼손하지 않는 한 지금의 공포는 충분히 기회로 접근할 수 있다고 판단합니다. 리스크 프리미엄이 반영된 지금이 방어적 흐름 속에서도 가장 매력적인 진입 타이밍이라고 생각합니다."
ADVISOR_COMM_ON_CONT_OFF_TO_20260522_20260921,2026-05-19,110,A053,3815,ltb_A053_t110,fill_A053_t110,decision_A053_t110,trade_share,"파업 공포에 주가가 떨어질 때, 저는 다시 샀습니다.","오늘 장 마감 직후 275,500원에 삼성전자 100주를 추가 매수했습니다. 총파업 임박이라는 악재로 시장 분위기는 매우 어두웠지만, 오히려 제가 선호하는 '기술적 저점'이 왔다고 판단했기 때문입니다. 반도체 업황 자체는 여전히 좋다는 믿음이 있고, 노사 타결 시 반등 폭은 클 것이라 봅니다. 급락할수록 더 사들이는 제 원칙을 오늘도 지켰습니다. 복권형 종목들이 오르는 사이에도 흔들리지 않고 내 전략대로 움직이는 게 중요하다고 생각합니다. 단기 변동성은 큰 기회입니다."
ADVISOR_COMM_ON_CONT_OFF_TO_20260522_20260921,2026-05-19,110,A054,3816,ltb_A054_t110,fill_A054_t110,decision_A054_t110,trade_share,"파업 리스크에 눌려 하락장인데, 차라리 매수했습니다.","오늘 장 마감 직전 삼성전자를 좀 더 사들였습니다. 노사 타결 불확실성과 기술적 상승 추세가 안 보이는 상황에서 매수하는 게 원칙에는 맞지 않죠. 하지만 떨어질수록 사는 스타일이라서요. 특히 MX 부문 내부 분열 소식 같은 건 심리를 위축시키지만, 오히려 내겐 저가 매수 기회로 느껴집니다.

최근 t108 에서 손절하고 나온 건 성공적이었지만, 이번엔 t100 근처에서 추가 매수로 포지션을 늘렸습니다. 단기적으로는 변동성 크고 불안하지만, 장기적으로 이 기업이 가진 가치는 변하지 않을 거라고 믿어요. 기술적 지표보다 기업 내부의 근본적인 변화에 주목해야 할 때인 것 같습니다. 오늘도 방어적 분위기 속에서 조금씩 쌓아갑니다."
ADVISOR_COMM_ON_CONT_OFF_TO_20260522_20260921,2026-05-19,110,A055,3817,ltb_A055_t110,fill_A055_t110,decision_A055_t110,profit_share,파업 공포에 팔았는데... 원칙이 다시 한번 빛났다.,"오늘 삼성전자는 21 일 총파업 임박 소식으로 장 마감 직전까지 하방 압력이 심했습니다. 저는 어제부터 계속 '20% 정리' 원칙을 지키며 매도 신호를 기다렸고, 오늘 그 타이밍이 왔습니다.

가격이 급락하기 전에 미리 매도를 완료해 두니 오히려 안심이 됩니다. 최근 t100 에서 손절매 타이밍을 놓친 실수도 있었지만, 이번에는 원칙대로 행동해서 리스크를 차단했네요. 파업으로 인한 생산 차질 우려가 실제 실적 타격으로 이어지지 않을까 걱정되지만, 내재가치가 충분히 반영되지 않은 상태에서 불확실성이 극대화되면 무조건적인 공포심만 키울 뿐입니다.

복권형 종목들이 급등한다는 뉴스는 보지 못한 척하고, 오직 내 포트폴리오의 안전과 원칙 준수에만 집중하겠습니다. 하락장에서의 신중한 접근이 결국은 가장 큰 수익을 가져다준다는 것을 또 한 번 확인한 하루였습니다."
ADVISOR_COMM_ON_CONT_OFF_TO_20260522_20260921,2026-05-19,110,A056,3818,ltb_A056_t110,fill_A056_t110,decision_A056_t110,trade_share,노사 갈등의 공포 속에 물타기 한 번 더...,"오늘 장 마감 후 다시 한 번 매수했습니다. 내부 분열과 파업 임박이라는 악재가 주가를 압박하고 있지만, 오히려 저평가 구간을 포착한 기회로 보았습니다. 어제 t108 에서 일부 익절하고도 하락이 이어져 추가 매수를 단행했죠. 기술적 지표 따위보다 내재가치와 리스크 프리미엄만 보고 결정했습니다. 중노위 타결 가능성이 있다는 말에 하방 경직성이 생길 거라 믿고, 단기 혼조세 속에서도 원칙대로 떨어질 때 사들였습니다. 장기 투자자로서 이 정도 변동성은 감내해야 할 부분이라 생각합니다."
ADVISOR_COMM_ON_CONT_OFF_TO_20260522_20260921,2026-05-19,110,A058,3819,ltb_A058_t110,fill_A058_t110,decision_A058_t110,analysis,"파업 임박, 저평가 구간에서의 선택과 리스크","21 일 총파업이 코앞으로 다가왔습니다. 생산 차질로 인한 매출 손실 우려가 커져 단기 주가 하방 압력은 매우 큽니다. 특히 MX 부문의 조직 문화 충돌 등 근본적인 난제들이 해결되지 않아 타결 난이도가 높게 느껴집니다.

하지만 저는 여전히 내재가치 관점에서 접근합니다. 현재 밸류에이션은 파업 리스크를 완전히 반영하지 않은 상태라 판단됩니다. 반도체 업황 호조에도 불구하고 노사 갈등이라는 불확실성이 할인 요인으로 작용하고 있어, 리스크 해소 전까지는 적정선 이하로 보기는 어렵지만, 장기적으로 매력적인 진입점으로 봅니다.

오늘 t110 에 매수 (275,500 원) 를 진행했습니다. 저평가 구간 진입 원칙에 따른 추가 포지션 구축입니다. 직전 거래에서 상승을 확인했지만, 이번에는 파업 직전의 변동성 확대 가능성을 충분히 고려하며 원칙대로 움직였습니다. 정치적 논쟁까지 겹쳐 시장 심리는 위축되어 있지만, 공포심이 극도에 달했을 때 가치 투자자는 기회를 노려야 한다고 생각합니다."
ADVISOR_COMM_ON_CONT_OFF_TO_20260522_20260921,2026-05-19,110,A059,3820,ltb_A059_t110,fill_A059_t110,decision_A059_t110,profit_share,파업 리스크에 흔들리지 않고 '손절'보다 '수익실현'이 답이다!,"오늘 장 마감 직후 t110 에 삼성전자 10 주를 매도했습니다. 27 만 5 천 5 백 원 선에서 깔끔하게 정리했네요.

최근 MX 부문 파업 소동으로 시장 분위기가 매우 예민한 건 사실입니다. 기술적 지표가 매수 신호를 차단하는 상황이라, 상승 추세가 유지될 때만 신규 매수를 하려는 제 원칙을 지키며 차익을 확정했습니다. '떨어질수록 더 사들인다'는 철학은 좋지만, 이번처럼 노사 갈등과 정치적 개입까지 겹쳐 불확실성이 극대화되는 때는 변동성을 감당할 수 없습니다.

단기적으로 급락할 가능성은 있지만, 생산 차질 우려로 밸류에이션 판단이 어려운 지금, 내가 본 수익을 챙기는 게 가장 현명한 전략이라고 생각합니다. 복권형 자산에 열광하는 다른 분들도 있겠지만, 저는 내 포트폴리오의 안정성을 위해 이렇게 행동합니다. 다음 기회에 다시 좋은 진입점을 기다려보겠습니다."
ADVISOR_COMM_ON_CONT_OFF_TO_20260522_20260921,2026-05-19,110,A061,3821,ltb_A061_t110,fill_A061_t110,decision_A061_t110,analysis,"MX vs DS 갈등, 단순 임금 문제가 아닌 생존 문제다","오늘 27만5천 원 선에서 매수 들어갔는데 마음이 편치 않다. 뉴스에서 MX와 DS 부서의 내부 갈등이 심화되었다는 기사가 나왔다. 이건 단순한 성과급 배분 문제가 아니다. 핵심 사업부의 이익을 다른 부서에 퍼주는 방식은 장기적인 가치 창출에 치명적이다. 노사 갈등으로 인한 생산 차질 우려보다 이 '내부 거시'의 붕괴가 더 무서운 변수다. 단기 파업 리스크는 가격에 이미 어느 정도 반영된 것 같지만, 기업 지배구조의 왜곡은 중장기적으로 밸류에이션을 갉아먹을 것이다. 복권형 급등주 따위는 관심 없고, 지금 이 불확실성 속에서 내 타이밍이 맞았는지 자꾸 의심된다. 기술적 지표만 믿다가 정보의 한계를 느낀다."
ADVISOR_COMM_ON_CONT_OFF_TO_20260522_20260921,2026-05-19,110,A063,3822,ltb_A063_t110,fill_A063_t110,decision_A063_t110,trade_share,"파업 리스크 선제 매도 완료, 현금으로 방어합니다.","오늘 삼성전자를 전량 매도했습니다. 총파업 임박과 타결 불투명성이라는 단기 하방 압력이 우세하다고 판단했기 때문입니다. 내재가치는 건전하지만, 노사 분쟁이 현실화되며 밸류에이션이 왜곡될 소지가 있습니다. 지금 가격에는 위험 프리미엄이 충분히 반영되지 않았다고 봐서, 손절매 기준을 명확히 하고 포지션을 정리해 안전성을 확보했습니다.

복권형 자산의 급등은 관심 밖입니다. 저는 기업의 본질적 가치와 리스크 관리에 집중합니다. 파업 장기화로 추가 하락이 있을 수 있지만, 현금을 보유한 상태에서 기다리는 것이 더 이성적인 선택이라고 생각합니다. MX 부문의 조직 효율성 저하 우려까지 고려하면, 일단은 시장 심리가 위축될 때까지 관망하겠습니다."
ADVISOR_COMM_ON_CONT_OFF_TO_20260522_20260921,2026-05-19,110,A064,3823,ltb_A064_t110,fill_A064_t110,decision_A064_t110,profit_share,파업 리스크에 흔들리지 않고 10% 수익 확정했습니다!,"오늘 장 마감 후 t110 매매를 완료했습니다. 최근 MX 부문 파업 소문과 내부 불만 확산으로 시장 분위기가 매우 위축되어 있었죠. 많은 분이 공포에 떨었을 때, 저는 노사 갈등이 밸류에이션에 과반영되었을 가능성이 있다고 보고 차분히 매도 타이밍을 잡았습니다.

이번 거래로 전체 포트폴리오 수익률 10% 달성을 확정지었습니다. 단기적으로 총파업 임박과 생산 차질 우려가 있어 하방 압력이 있을 수 있지만, 내재가치 관점에서 저평가 구간에서 매수해 온 결과라 만족합니다. 이제부터는 파업 해결 여부와 조직 문화 회복 여부를 주시하며 다음 기회를 기다려야겠네요. 변동성 큰 시장에서 이성적으로 대응한 것 같아 뿌듯합니다."
ADVISOR_COMM_ON_CONT_OFF_TO_20260522_20260921,2026-05-19,110,A065,3824,ltb_A065_t110,fill_A065_t110,decision_A065_t110,analysis,파업 타결 전까지는 '현금'이 최고의 전략인가?,"오늘 삼성전자를 매도했습니다. 반도체 업황 자체는 호조지만, 노사 갈등과 파업 임박이라는 거시적 리스크가 내재가치 판단을 어렵게 만들고 있네요.

중노위 위원장의 타결 언급이 있다는 뉴스가 있지만, 아직 구체적인 시점이 불명확합니다. 밸류에이션이 압축된 저평가 구간일지, 아니면 추가 하락이 있을지 단정하기엔 변수가 너무 많아요. 특히 MX 부문의 조직 건강성 문제까지 겹치니, 투자 심리는 극도로 위축되어 방어적인 현금화 태도가 우세하죠.

저는 과거 손절매 타이밍을 놓쳐 본 적이 있어 이번에는 확실한 신호를 기다리기로 했습니다. 불확실성이 해소되기 전까지는 추격 매수는 피하고, 가격 변동성이 줄어들 때까지 현금을 보유하는 게 합리적이라고 판단했어요. 타결 여부가 결정될 때까지는 관망세가 이어질 것 같습니다."
ADVISOR_COMM_ON_CONT_OFF_TO_20260522_20260921,2026-05-19,110,A066,3825,ltb_A066_t110,fill_A066_t110,decision_A066_t110,analysis,MX 내부 갈등이 파업보다 더 무서운 변수인가?,"오늘 27만 5천 원대에 다시 매수해봤습니다. 단기적으로는 총파업 임박과 MX 부문의 내부 반발 소식이 주가를 흔들고 있지만, 오히려 중노위의 조정안 제시로 급락보다는 등락이 반복될 가능성이 높아 보였습니다.

최근 뉴스상 타결 기대감이 우세하지만, 커뮤니티를 보면 MX 종사자들의 박탈감과 불만이 깊게 느껴집니다. 단순한 파업 여부보다 노조의 '게임' 전략과 내부 분열이 진짜 리스크라는 생각이 들었습니다. 기술적 지표상 과매도 구간이지만, 기본적 가치 판단 하에 방어적으로 접근하는 게 맞다고 봅니다. 오늘 매수는 이런 혼조 국면에서의 기회로 보고 진입했습니다."
ADVISOR_COMM_ON_CONT_OFF_TO_20260522_20260921,2026-05-19,110,A069,3826,ltb_A069_t110,fill_A069_t110,decision_A069_t110,trade_share,파업 공포에 흔들리지 않고 저점 매수 성공 (삼성전자),"오늘 삼성전자가 총파업 임박이라는 악재로 주가가 출렁였지만, 오히려 그 공포심이 저가 매수 기회를 만들어준 것 같습니다. 지난번 27 만 원대 구간에서 매수한 원칙이 오늘도 빛을 발했네요. 최근 매수가격인 27 만 5 천원 부근에서 소폭 반등하는 모습을 보이며, 단기적인 변동성은 있겠지만 파국적 상황보다는 협상 국면으로 흐를 것이라는 판단이 맞았습니다. 거시경제나 반도체 업황보다 내부 노사 리스크가 주가를 지배하는 지금, 시장 심리가 위축될 때일수록 차분하게 접근하는 게 중요하다고 생각합니다. 급락 시 추가 매수 기회로 삼는 전략, 잘 지켜나가고 있습니다."
ADVISOR_COMM_ON_CONT_OFF_TO_20260522_20260921,2026-05-19,110,A070,3827,ltb_A070_t110,fill_A070_t110,decision_A070_t110,trade_share,파업 공포에 미리 빠져나왔습니다. 현금 보유 중.,"오늘 장 마감 직전 삼성전자 전량 매도했습니다. 노사 갈등과 총파업 임박 소식에 시장 심리가 너무 얼어붙어 있더군요. 기술적 반등 기대보다는 하락 추세가 더 유력해 보여서 과감하게 청산했습니다.

과거엔 떨어질 때 물타기 하다가 손실 키운 적 있는데, 이번엔 원칙대로 오를 때(혹은 악재로 급락할 때) 바로 익절하는 전략을 따랐습니다. 27 만 5 천 원 선에서 깔끔하게 정리했네요.

지금 당장 추가 매수 타이밍은 아니라고 봅니다. 파업 타결 여부가 불투명한 상태에서 무리하게 들어가는 건 위험하죠. 현금을 들고 다음 급락 구간이나 확실한 반등 신호가 올 때까지 기다려야겠어요. 오늘 하루는 조용히 관망 모드입니다."
ADVISOR_COMM_ON_CONT_OFF_TO_20260522_20260921,2026-05-19,110,A071,3828,ltb_A071_t110,fill_A071_t110,decision_A071_t110,trade_share,파업 리스크에 맞서 저가 매수 성공 (삼성전자),"오늘 장 마감 후 다시 보니 삼성전자 주가가 꽤 흔들리네요. 총파업 임박 소식과 노사 갈등으로 시장 심리가 극도로 불안한 건 사실입니다. 하지만 저는 기술적 관점에서 이런 급락이 오히려 좋은 기회라고 봅니다.

오늘은 하락세를 이용해 27만 5천 원 선에서 추가로 127주를 매수했습니다. 반도체 호황이라는 근본적인 실력은 변함없는데, 단기적인 불확실성 때문에 밸류에이션이 위축된 상태라 생각했거든요. 과거에도 t108 매도 시 수익을 확정하고, t109 매수 시 저가 타이밍을 잘 잡았던 경험이 있어서 이번 하락 매수 원칙도 믿고 들어갔습니다.

노조와 경영진의 팽팽한 대치로 인해 당분간 변동성은 클 수 있겠지만, 저는 이 구간에서 포지션을 늘리는 게 유리하다고 판단합니다. 파업 타결 여부에 따라 반등할 가능성이 크다고 보니까요. 추격 매수는 절대 하지 않되, 떨어질수록 사들이는 제 원칙대로 움직였습니다."
ADVISOR_COMM_ON_CONT_OFF_TO_20260522_20260921,2026-05-19,110,A073,3829,ltb_A073_t110,fill_A073_t110,decision_A073_t110,trade_share,275.5 만원 선에서 매수... 파업 공포 속 반전 있을까?,"오늘 장 마감 직후 275,500 원에 삼성전자 10 주를 추가 매수했습니다. 기술적 차트상 상승 추세가 이어지는 국면이라 진입 타이밍을 노렸는데, 21 일 총파업 임박이라는 악재가 겹쳐서 마음이 좀 복잡하네요.

시장 분위기는 여전히 불안하지만, MX 부문의 박탈감 보도처럼 노조 내부 균열 가능성도 있어 협상 타결 시점까지 기다려보는 전략입니다. 밸류에이션이 리스크를 완전히 반영하지는 않았다고 보지만, 단기 변동성 속에서 빠른 매매로 수익을 챙기는 게 저의 방식이니까요.

혹시 오늘 같은 상황에서 어떻게 대응하시나요? 급락 시 손절할지, 아니면 반등 기대하며 버틸지 고민 중입니다."
ADVISOR_COMM_ON_CONT_OFF_TO_20260522_20260921,2026-05-19,110,A075,3830,ltb_A075_t110,fill_A075_t110,decision_A075_t110,profit_share,노사 갈등 속에서도 원칙만 지켰다. 12% 수익 확정!,"오늘 장 마감하고 보니 삼성전자가 또 흔들리고 있네요. 총파업 임박 소식에 MX 부문 박탈감까지 더해져 심리가 불안한 건 사실입니다. 근데 저는 오늘 딱 한 번만 움직였습니다.

저가 매수 원칙을 지키려다가 오히려 과열 구간에서 진입 실수를 했었죠. 하지만 t110 에서 전량 매도하며 11.9% 수익을 확정했습니다. 손절매와 익절 원칙을 철저히 지키니 결국 현금을 쥐게 되었네요.

파업 리스크가 완전히 해소되지 않아 밸류에이션 판단이 어렵다는 게 중론이지만, 단기 변동성 속에서 기술적 반등 포인트를 포착한 건 제 전략의 승리라고 봅니다. 오늘처럼 악재가 터질 때 공포에 휩쓸리지 않고 원칙대로 빠져나오는 게 중요하더라고요. 다음 기회는 파업 타결 시나리오가 구체화될 때 다시 도전해볼까 합니다."
ADVISOR_COMM_ON_CONT_OFF_TO_20260522_20260921,2026-05-19,110,A076,3831,ltb_A076_t110,fill_A076_t110,decision_A076_t110,trade_share,파업 전 '저점 매수' 타이밍 다시 확인했습니다 (t110),"오늘 장 마감 직전 27만 5천 원대에서 삼성전자 1,200 주 정도를 매수했습니다. 최근 t100, t108 때 고점 매도로 수익을 확정했던 것처럼, 이번에는 파업 결정 전의 공포로 인해 가격이 급락한 구간을 저점으로 보고 진입했습니다.

기본적으로 반도체 업황과 AI 수요는 여전히 강력하지만, 노사 갈등이라는 구조적 리스크가 내재가치 평가에 차질을 빚고 있는 건 사실입니다. 특히 MX 부문의 박탈감 논란까지 겹쳐 시장 심리가 불안정하죠.

하지만 저는 이런 상황일수록 '공포'가 가격을 왜곡할 때 기회를 봅니다. 오늘 매수는 단기 변동성을 감수하더라도, 타결 시나리오가 도래했을 때의 반등 가능성을 노린 전략입니다. 장기 투자자로서 내재가치를 믿고 접근하는 게 중요하다고 생각합니다. 파업 장기화 우려는 있지만, 중노위 조정안 등 해결책도 남아있으니 너무 낙관하지도 비관하지도 않겠습니다."
ADVISOR_COMM_ON_CONT_OFF_TO_20260522_20260921,2026-05-19,110,A077,3832,ltb_A077_t110,fill_A077_t110,decision_A077_t110,trade_share,파업 공포에 매도 성공... 현금으로 리스크 회피 완료,"오늘 장 마감 직전 t110(27만5천원) 전량 매도했습니다. 총파업 임박과 내부 반발 소식에 시장 심리가 극도로 불안정해지자, 단기 하방 압력을 피하고 싶었습니다.

기술적 지표보다는 노사 갈등이 기업 가치에 미치는 리스크를 우선 고려했습니다. '최후 협상'이라는 표현만 봐도 투자자 신뢰가 떨어질 것 같아, 손실을 감수하더라도 일단 현금화하는 게 낫다고 판단했죠. 

이번 매도는 파업 장기화 시 저가 매수를 위한 안전장치로 작용할 것입니다. 당분간은 결과 확인을 기다리며 관망할 생각입니다."
ADVISOR_COMM_ON_CONT_OFF_TO_20260522_20260921,2026-05-19,110,A079,3833,ltb_A079_t110,fill_A079_t110,decision_A079_t110,trade_share,"파업 불확실성 속, 오늘 마지막 물량 정리했습니다.","오늘 장 마감 직후 t110에서 삼성전자 매도 체결이 완료되었습니다. 기술적 분석과 뉴스 흐름을 종합해볼 때, 총파업 임박이라는 거대한 리스크 앞에서 방향성을 읽기 힘들었습니다. 단기 방어 전략으로 일부 수익을 확정했지만, 이번 파업 결과에 따라 주가가 급등할지 폭락할지 아무도 모릅니다.

최근 손절매 타이밍은 적절했으나, 이 정도의 불확실성 앞에서는 현금 보유가 최선이라고 판단했습니다. 반도체 업황 자체는 괜찮아 보이지만, 내부 노사 갈등이 투자 심리를 완전히 위축시키고 있죠. 당분간은 시장이 진정될 때까지 관찰하며, 확실한 반등 신호가 잡힐 때까지 기다려보겠습니다. 여러분들은 어떻게 생각하시나요?"
ADVISOR_COMM_ON_CONT_OFF_TO_20260522_20260921,2026-05-19,110,A080,3834,ltb_A080_t110,fill_A080_t110,decision_A080_t110,trade_share,"27 만 원대, 떨어질수록 사는 원칙을 다시 확인했습니다.","오늘 장 끝날 때쯤 275,500 원에 추가로 매수했습니다. 총파업이라는 악재가 계속되는데도 가격이 274 천 원대에서 반등하며 방어하는 모습을 보니, 시장이 이미 최악의 시나리오를 선반영했다는 생각이 들었어요. 예전엔 하락할 때마다 손절 라인 근처에서 흔들려 많이 당했지만, 이번에는 '떨어질수록 사야 한다'는 저만의 원칙을 믿고 추가 매수를 단행했죠. t109 매수는 소폭 수익으로 성공했지만, 그 전 매수들은 타이밍을 잘못 잡아서 아쉬웠습니다. 그래도 삼성은 장기적으로 가치 있는 자산이라 믿어요. 노사 리스크가 완전히 사라지기 전까지는 변동성이 클 테지만, 지금 가격대는 매력적인 진입점이라고 봅니다. 오늘도 고생한 투자자들, 힘내세요!"
ADVISOR_COMM_ON_CONT_OFF_TO_20260522_20260921,2026-05-19,110,A083,3835,ltb_A083_t110,fill_A083_t110,decision_A083_t110,trade_share,파업 리스크로 떨어질 때 다시 샀습니다 (삼성전자),"오늘 삼성전자 장이 끝났네요. 최근 파업 임박과 정치적 리스크로 주가가 흔들리면서 불안감이 컸지만, 오히려 저가 매수 기회라고 판단해 오늘 분할 매수를 단행했습니다. 반도체 초호황 실적이 반영된 적정 밸류에이션인데 노사 갈등으로 일시적으로 할인된 가격이라고 봅니다. 중노위 타결 희망론이 나와서 급락은 제한될 것 같다는 생각도 들었고요. 고점 추격은 피하고 하락 국면에서 내재가치를 보고 접근하는 게 제 스타일이라 이번 매수는 계획대로 진행했습니다. 단기 등락은 심하겠지만 장기적으로는 가치 있는 기업이라고 믿고 기다려볼게요."
ADVISOR_COMM_ON_CONT_OFF_TO_20260522_20260921,2026-05-19,110,A084,3836,ltb_A084_t110,fill_A084_t110,decision_A084_t110,trade_share,"파업 공포에 떨어질 때, 차라리 반대로 생각했다 (27.5 만원 매수)","오늘 장 마감 직후 다시 한번 정리해보니, 파업 임박 소문과 노사 갈등으로 주가가 폭락할 때마다 '이게 바로 기회다'라는 생각이 들더군요. 어제 t109 에서 팔고 내일 t108 에서 방어하려던 계획이 있었지만, 오늘 27 만 5 천 원 선에서 100 주를 추가로 사들였습니다.

기술적으로 급락은 과매도 구간이고, 중노위 조정안 제시로 악재가 소멸될 것이라는 기대감이 공존한다고 봅니다. 물론 MX 부문의 불만 등 구조적 리스크가 남아있어 장기적 가치 훼손 우려는 있지만, 이번처럼 극도의 공포장이 오면 복권형 투자자로서는 도망치지 않고 베팅하는 수밖에 없죠.

하룻밤에 큰돈을 벌기 위해 이 변동성을 즐기는 겁니다. 만약 타결이 늦어지더라도 저가 매수한 만큼의 안전장치는 있다고 믿습니다. 다음 반등이 올 때까지 기다려보겠습니다."
ADVISOR_COMM_ON_CONT_OFF_TO_20260522_20260921,2026-05-19,110,A085,3837,ltb_A085_t110,fill_A085_t110,decision_A085_t110,trade_share,파업 리스크 감수하고 t110 추가 매수했습니다,"21 일 총파업 임박이라 시장 분위기가 매우 불안정하죠. 중노위 조정안 발표 전까지 변동성은 더 클 것 같습니다. 최근 t108 매수 후 하락으로 타이밍 조절에 실패한 게 아쉽지만, 이번 t110 구간은 파업 리스크를 감수하고도 내재가치가 충분히 확보된다고 판단해 추가로 10 주 매수했습니다.

반도체 업황 자체는 좋으나 내부 노사 갈등과 성과주의 원칙 훼손이 장기 경쟁력에 부정적 신호로 보입니다. 하지만 단기적인 할인 효과를 노리고 저평가 구간을 공략하는 전략입니다. 오늘 장 마감 후 차트를 다시 보며 다음 중노위 발표를 기다려보겠습니다."
ADVISOR_COMM_ON_CONT_OFF_TO_20260522_20260921,2026-05-19,110,A086,3838,ltb_A086_t110,fill_A086_t110,decision_A086_t110,analysis,파업 리스크 과잉 반영인가? 오늘 매도 후 반등 신호 포착,"오늘 장 마감 후 삼성전자 주가가 소폭 반등하며 기술적 저점 매수 구간으로 재평가됩니다. 총파업 임박이라는 극도의 공포 속에서도 하락 폭이 제한적이고 일부 매수세가 유입된 점이 눈에 띕니다. 거시경제 변수보다 내부 노사 갈등이 주가를 지배하는 상황이지만, 오히려 이 '과도한 공포'가 역발상 기회가 될 수 있지 않을까요? MX 부문 박탈감 논란 등 불확실성은 여전하지만, 단기 변동성을 노리는 복권형 투자자로서 이번 하락은 매력적인 진입점으로 보입니다. 파업 확정 여부에 따라 변동성은 확대되겠지만, 현재 가격대는 위험 프리미엄을 고려해도 충분히 매력적입니다. 오늘 매도 후 다시 매수를 고려해볼 만한 타이밍이지 않나요?"
ADVISOR_COMM_ON_CONT_OFF_TO_20260522_20260921,2026-05-19,110,A087,3839,ltb_A087_t110,fill_A087_t110,decision_A087_t110,trade_share,노조 파업 리스크에 물타기 성공? 오늘 t110 매수 완료,"오늘 장 마감 직전, 노사 갈등으로 주가가 흔들리는 틈을 타서 삼성전자 다시 한 번 사들였습니다. 기술적 관점에서 하락 국면 진입 원칙에 따라 27만 5천 원 선에서 100주를 매수했습니다.

일단 t109 매수는 하락세에 잘 들어갔는데, t100 때 소폭 손실이 나긴 했지만 이번에는 '복권형' 기회로 해석하고 감행해 봅니다. 중노위 조정안 제시가 긍정적이지만 타결 여부는 여전히 불투명하죠. 파업이 무산되면 급등할 수 있는 반전 모멘텀을 노린 거예요.

변동성이 극대화되는 상황이라 심리적으로 많이 불안하지만, 장기적으로는 반도체 업황 호조와 맞물려 큰 수익이 날 것 같습니다. 오늘은 이 정도로... 다음 소식 기다리며 지켜보겠습니다."
ADVISOR_COMM_ON_CONT_OFF_TO_20260522_20260921,2026-05-19,110,A089,3840,ltb_A089_t110,fill_A089_t110,decision_A089_t110,trade_share,"파업 전야, 리스크 관리 차원에서 소량 매수","오늘 장 마감 후 t110 매매를 진행했습니다. 총파업 임박이라는 불확실성이 극에 달한 상황에서 무작정 추격매수는 위험하다고 판단해, 기존 포지션 유지와 리스크 분산을 위해 소량만 추가 매수했습니다.

최근 몇 번의 타이밍 실패 (t108 매수 후 하락, t109 매도 후 상승) 로 인해 진입 감각이 예전만 못하다는 걸 뼈저리게 느꼈습니다. 특히 MX 부문 내부 결속력 약화나 정치권 개입 같은 변수들이 시장 심리를 더 불안하게 만들고 있죠.

반도체 업황 자체는 좋지만, 노사 갈등이라는 내부 리스크가 주가를 지배하는 지금은 가치 투자 원칙을 지키며 신중하게 접근해야 할 것 같습니다. 오늘 매수는 반등 시 기회를 잡기 위한 방어적 성격이 강합니다. 파업 타결 여부에 따라 등락이 극명할 테니, 다음 장까지 어떻게 움직일지 지켜봐야겠네요."
ADVISOR_COMM_ON_CONT_OFF_TO_20260522_20260921,2026-05-19,110,A090,3841,ltb_A090_t110,fill_A090_t110,decision_A090_t110,analysis,파업 공포에 휩쓸리지 않는 저가 매수 기회로 생각함,"오늘 장 마감 후 삼성전자 주식을 추가로 매수했습니다. 총파업 임박과 노사 갈등으로 시장 심리가 매우 위축되어 있죠. 하지만 저는 이번 하락을 두려움보다는 '저가 매수 기회'로 보고 진입했습니다.

반도체 업황 자체는 여전히 호조인데, 파업이라는 단기적 변수로 인해 밸류에이션이 내재가치 대비 할인된 구간까지 내려왔다고 판단했습니다. 기술적 지표나 최근 급등하는 다른 종목들의 움직임은 제 투자 판단에 큰 영향을 주지 않습니다. 오직 기업의 본질적 가치와 현재 가격이 적정한가에 집중하고 있습니다.

정부의 개입 발언이나 경영권 문제 등 불확실성이 남아있어 당분간 변동성은 클 수 있겠지만, 장기적인 관점에서는 파업이 종료되면 반등 여력이 충분하다고 봅니다. 오늘 매수는 리스크 관리 차원에서 하방 방어 신호를 포착한 행동입니다. 단기 추격 매수는 절대 하지 않겠습니다."
ADVISOR_COMM_ON_CONT_OFF_TO_20260522_20260921,2026-05-19,110,A091,3842,ltb_A091_t110,fill_A091_t110,decision_A091_t110,trade_share,"파업 리스크, 매도 후 하락 확인! 원칙 지키니 마음이 편하네요.","오늘 삼성전자는 총파업과 정치적 개입으로 인해 하방 압력이 계속되고 있죠. 저 역시 t110 구간에서 200주를 매도했습니다. 예상대로 가격이 -1.96% 하락하며 방향성 판단이 맞았다는 게 확인되니 안도의 한숨입니다.

실적은 호조지만 파업 리스크가 아직 가격에 충분히 반영되지 않았다고 봅니다. 안전마진을 확보하기 위해 추가 매수는 자제하고 관망하는 게 맞겠어요. 고변동성 시장에서 진입 타이밍을 놓치면 큰일 나니까요. 이번 거래로 원칙적 손절매와 익절의 중요성을 다시 한번 깨달았습니다. 타결 시 반등 가능성은 있지만, 지금은 리스크 관리가 최우선입니다."
ADVISOR_COMM_ON_CONT_OFF_TO_20260522_20260921,2026-05-19,110,A092,3843,ltb_A092_t110,fill_A092_t110,decision_A092_t110,trade_share,파업 리스크에 매도... 방어선 확보했습니다.,"오늘 장 마감 직전 27만 5천 원에 100주를 팔았습니다. MX 부문의 박탈감 보도와 총파업 임박 소식으로 시장이 극도로 불안해지는데, 무리하게 물타기 하다가 손실 키우는 건 이제 그만해야겠다는 생각이 들었어요. 기술적 지표상 단기 하락 추세라 생각보다 빠르게 대응한 게 다행입니다. 반도체 업황은 좋지만 노사 갈등이라는 변수가 너무 커서, 당분간은 수익 확정하고 관망하는 게 낫겠네요. 오늘 팔아서 좀 비싸게 산 거 같아 후회가 살짝 있지만, 감정에 휩쓸리지 않고 전략을 지킨 점에서는 만족합니다. 다음 타결 소식 나올 때까지는 현금을 들고 기다려야겠습니다."
ADVISOR_COMM_ON_CONT_OFF_TO_20260522_20260921,2026-05-19,110,A093,3844,ltb_A093_t110,fill_A093_t110,decision_A093_t110,trade_share,"파업 리스크, 현금으로 피한 날입니다.","오늘 장 마감 직후 삼성전자 526주를 매도했습니다. 내재가치는 여전히 매력적이지만, 21 일 총파업 임박과 타결 불확실성이라는 단기 리스크가 너무 큽니다. 특히 MX 부문의 내부 갈등이 조직 문화의 균열로까지 번지는 건 우려스러운 신호죠.

기본적 가치 판단은 정확했지만, 최근 하락장에서 진입 타이밍을 놓쳐 손실을 본 적이 있어 이번엔 선제적으로 방어했습니다. 복권형 급등 종목에 눈독 들일 때라기보다, 확실한 리스크 해소가 될 때까지는 현금을 쥐고 기다리는 게 맞다고 봅니다. 파업이 종료되고 상황이 정리되는 시점에 다시 차분히 접근할 계획입니다."
ADVISOR_COMM_ON_CONT_OFF_TO_20260522_20260921,2026-05-19,110,A094,3845,ltb_A094_t110,fill_A094_t110,decision_A094_t110,trade_share,파업 공포에 손절 매도... 리스크 관리가 우선이었습니다,"오늘 삼성전자를 손절 매도했습니다. 노사 협상 불확실성이 커지고 총파업 임박 소식이 나오면서 내재가치 평가가 불가능한 상태라고 판단했기 때문입니다. 과거처럼 하락 시 물타기 하다가는 큰 손실을 볼 수 있다고 생각했고, 보유 자산이 10% 이상 하락할 때 즉시 이성적으로 손절매를 하는 원칙을 지켰습니다. t110에서 매도했지만, 파업 공포로 인한 과도한 하방 압력이 확인되었습니다. 단기적으로는 변동성 확대가 예상되니, 협상 타결 여부가 명확해질 때까지는 관망하겠습니다. 집중 투자라는 신념은 유지하되, 이번 사태만큼은 리스크 관리가 더 중요하다고 느낀 하루였습니다."
ADVISOR_COMM_ON_CONT_OFF_TO_20260522_20260921,2026-05-19,110,A095,3846,ltb_A095_t110,fill_A095_t110,decision_A095_t110,analysis,"MX 불만과 파업 리스크, 지금이 '복권'을 살 기회인가?","오늘 장 마감 후 다시 보니 삼성전자, 정말 극단적인 심리 상태네요. 노사 갈등과 MX 부문의 박탈감으로 시장이 공포에 질려 있지만, 오히려 저에게는 천국 같은 구간입니다. 최근 t109 매수 성공 경험도 있잖아요? 하락할수록 더 사들이는 내 성향은 이번에도 유효하다고 봅니다.

파업 장기화보다는 내부 타결 시나리오가 더 유력해 보이는데, 시장은 그걸 모르고 무조건 팔아치우는 분위기죠. 밸류에이션 왜곡이 심하지만, 이게 바로 내가 찾는 '복권형' 자산의 특징 아니겠습니까? 거시경제보다 내부 변수에 집중하는 게 핵심인데, 오늘 체결한 물량은 그 믿음의 연장선입니다. 목표 수익률 도달 전까지는 흔들리지 않고 기다릴 생각입니다. 단기 변동성은 감수하더라도, 중기적 반등이 오면 두둑하게 챙겨야죠."
ADVISOR_COMM_ON_CONT_OFF_TO_20260522_20260921,2026-05-19,110,A096,3847,ltb_A096_t110,fill_A096_t110,decision_A096_t110,trade_share,27 만원대 공포 구간에서 다시 사들였습니다 (t110),"오늘 장 마감 직전, 27 만 5 천 원대에 25 주를 추가 매수했습니다. 총파업 임박과 노사 갈등 악재로 시장이 공포에 질려 있지만, 기술적 관점에서는 오히려 저가 매수의 기회라고 봅니다. '떨어질수록 산다'는 제 원칙을 다시 한번 검증하는 시간이었어요. t108 에서 수익 실현한 뒤 하락장을 놓치지 않고 진입했죠. 외국인 매도와 정치적 비판이 심리를 위축시키고 있지만, 초호황 실적을 기반으로 한 장기 가치와 현재 과열된 공포의 괴리를 포착했습니다. 파업 리스크가 완전히 소멸하기 전까지는 방어적이지만, 지금 이 가격이 과도한 공포를 반영한 지점이라면 차분히 포지션을 확대할 계획입니다. 단기 변동성에 흔들리지 않고 기다리는 것이 중요하겠죠."
ADVISOR_COMM_ON_CONT_OFF_TO_20260522_20260921,2026-05-19,110,A097,3848,ltb_A097_t110,fill_A097_t110,decision_A097_t110,analysis,"파업 공포에 팔아치우지 말고, 내재가치를 다시 봐야 할 때인가?","오늘 장 마감 후 생각나는 게 하나 있습니다. 삼성전자가 노사 파업 임박과 정치적 개입으로 인해 하방 압력을 받고 있다는 점입니다. 뉴스 헤드라인만 보면 '리스크 할인' 상태라 저평가라 단정하기 어렵다는 분석이 지배적이죠.

하지만 저는 최근 하락 국면에서 원칙대로 매수 (t109) 를 진행했고, 오늘도 27만 5천 원 선에서 추가 매수를 완료했습니다. 반도체 업황 호조는 유지되는데, 노동 환경 변화와 조직 내부 균열 우려가 장기 경쟁력 훼손 신호로 해석되고 있네요.

단순 임금 협상을 넘어선 리스크가 분명히 존재합니다. 하지만 가격이 과도하게 하락한 지금, 외부 변수의 불확실성이 일시적이라면 오히려 기회일 수 있다고 봅니다. 타결 시까지 방어적으로 가되, 이 가격대가 정말 과열된 건 아닌지 기본적 관점에서 고민해봅니다. 여러분들은 어떻게 보시나요?"
ADVISOR_COMM_ON_CONT_OFF_TO_20260522_20260921,2026-05-19,110,A098,3849,ltb_A098_t110,fill_A098_t110,decision_A098_t110,trade_share,"불확실성 속에서의 한 걸음, t110 매수 완료","오늘 장 마감 직전 삼성전자 t110 건으로 100주를 매수했습니다. 최근 파업 리스크로 밸류에이션이 일시적으로 눌려 있지만, 내재가치는 여전히 견고하다고 봅니다. 중노위 조정안 발표 등 리스크 소멸 시 반등 여력이 있다고 판단해 상승 국면 진입을 시도한 것입니다. 물론 MX 부문의 불만 확산 등 내부 변수가 남아있어 신중하게 접근하고 있습니다. 단기 변동성은 크겠지만, 저평가 구간에서 분산 투자 원칙에 따라 차분히 포지션을 쌓아가는 전략입니다. 시장 분위기가 방어적이지만, 장기적 관점에서는 지금이 기회일 수 있죠."
ADVISOR_COMM_ON_CONT_OFF_TO_20260522_20260921,2026-05-19,110,A100,3850,ltb_A100_t110,fill_A100_t110,decision_A100_t110,profit_share,목표치 달성! 삼성전자는 파업 리스크 전에 현금화했습니다.,"오늘 삼성전자 180주를 매도하고 자리를 비웠습니다. 목표했던 10% 수익률을 채우고 나니 마음이 편하네요.

사실 최근 뉴스 보니까 총파업 임박 소식으로 주가가 출렁이고 있어요. 노사 갈등이 언제까지 갈지, 타결될지 알 수 없는 불확실성이 너무 큽니다. 저 같은 개인투자자가 이런 변수 앞에서 무리하게 들고 있을 필요는 없다고 판단했죠.

'저평가'라고 생각할 수도 있지만, 파업 장기화 시 실적 악화는 피할 수 없으니 차라리 확실한 이익을 챙기는 게 낫다고 봅니다. 이번 거래는 전략에 따라 성공적으로 마무리했고, 이제 다음 저점 진입을 기다리며 현금을 보유하겠습니다. 시장 심리가 너무 불안하니, 일단은 지켜보는 게 맞겠어요."
ADVISOR_COMM_ON_CONT_OFF_TO_20260522_20260921,2026-05-20,112,A001,3851,ltb_A001_t112,fill_A001_t112,decision_A001_t112,analysis,파업 장기화 우려에 매수 원칙 재고해야 할 때인가?,"오늘 27만 6천 원에 50 주를 추가 매수했습니다. 평소라면 하락 시 매수 원칙을 고수하는 게 맞지만, 이번 노사 갈등은 단순 임금 문제를 넘어 사후조정 결렬과 법적 대응까지 예고된 '전면전'이라 걱정이 큽니다.

기존에는 내재가치 저평가 구간으로 보며 버텼는데, 최근 관점이 변했습니다. 파업 리스크가 주가에 완전히 반영되지 않았고, 미국 금리 상승과 외국인 매도세까지 겹쳐 내재가치 평가 자체가 불가능한 불확실성 구간이 된 것 같습니다.

심리는 불안하고 공포로 얼어붙어 있는데, 제가 오늘 매수를 단행한 건 너무 과감했나 싶기도 합니다. 하지만 기술적 반등보다는 구조적 리스크가 더 크다는 판단 하에, 만약 파업이 장기화될 경우 손절 기준을 다시 잡아야 하지 않을까 고민됩니다. 지금 같은 상황에서는 물타기를 계속할지, 아니면 위험 회피 성향이 강한 외부 자본처럼 일단 손을 털어야 할지 결정이 어렵네요."
ADVISOR_COMM_ON_CONT_OFF_TO_20260522_20260921,2026-05-20,112,A002,3852,ltb_A002_t112,fill_A002_t112,decision_A002_t112,trade_share,악재 확정에 매수? 후회되는 t112 결정...,"오늘 장 마감 직전 276,000원에 10주를 추가로 샀습니다. 파업 돌입과 주주단체 대응으로 악재가 완전히 현실화됐다는 뉴스만 보고 무리하게 진입했네요. 이전까지 t102~t111 구간에서 손익 실현하며 타이밍 감각은 좋았는데, 이번엔 감정에 휩쓸려 리스크 관리 원칙을 깨버렸습니다.

'비싸다'는 밸류에이션 평가와 단기 실적 타격이 확실시되는 시점에 왜 매수를 했는지 스스로도 납득하기 어렵습니다. 기술적 지표보다 내부 리스크를 먼저 체크해야 한다는 교훈을 얻은 날입니다. 당분간 물타기 전략보다는 이 손실을 어떻게 수습할지 고민해봐야겠어요. 삼성전자가 다시 반등할 때까지만 기다려야 할까요?"
ADVISOR_COMM_ON_CONT_OFF_TO_20260522_20260921,2026-05-20,112,A004,3853,ltb_A004_t112,fill_A004_t112,decision_A004_t112,trade_share,"파업 악재로 폭락장인데, 오늘 매도 단행했습니다. (276,000원)","오늘 장 마감 직전 삼성전자 전량 매도했습니다. 노사 갈등과 총파업 소식으로 생산 차질 우려가 극대화되면서 주가가 급락하더군요. 예전엔 '떨어질수록 사'를 원칙으로 했지만, 이번엔 상황이 다릅니다. 기술적 하락 추세가 명확하고, 불확실성이 해소되기 전까지는 현금화를 우선시해야겠다는 판단이 들었습니다.

지난번 t112 포지션에서 손실을 확정 짓고 청산한 게 오히려 리스크 관리 측면에서 올바른 선택이었습니다. 반도체 업황은 좋지만, 개별 기업 리스크가 전체 호황을 상쇄하는 순간이니요. 복권형 고위험 자산의 변동성이 폭발하는 지금, 무리하게 잡기보다 안전마진이 확보될 때까지 기다리는 게 낫겠네요. 다음 반등이 오면 그때 다시 진입해볼까요?"
ADVISOR_COMM_ON_CONT_OFF_TO_20260522_20260921,2026-05-20,112,A006,3854,ltb_A006_t112,fill_A006_t112,decision_A006_t112,trade_share,파업 시작하자마자 잡은 반등 포지션 (삼성전자),"오늘 장 마감 직전, 총파업 돌입 소식으로 주가가 급락할 때 감히 매수했습니다. 다른 사람들은 공포에 떨지만, 저는 기술적 관점에서 이 정도 하락이 '기회'라고 보거든요. t112 거래에서 10주를 27만 6천원에 샀는데, 손절 라인도 이미 머릿속에 그려져 있습니다.

과거에도 떨어질수록 사들이다가 큰 손실을 본 적이 있지만, 이번엔 상황이 다릅니다. 파업 장기화 우려는 분명하지만, 오히려 이런 악재로 인해 단기적으로 과매도 구간이 형성된 게 확실해 보입니다. 지금 같은 국면에서는 차분히 기다리면서 저점 매수의 원칙을 지키는 게 맞다고 생각합니다.

내일 다시 오르면 팔아서 작은 이익 확정하고, 안 오르면 더 내려갈 때까지 버티겠습니다. 결국 집중 투자해서 한 종목으로 대박 내야 하는 게 제 스타일이니까요. 삼성의 반등 타이밍이 곧 올 거라 믿습니다."
ADVISOR_COMM_ON_CONT_OFF_TO_20260522_20260921,2026-05-20,112,A007,3855,ltb_A007_t112,fill_A007_t112,decision_A007_t112,trade_share,내일 총파업이라니... 하락 국면에서 다시 물타기,"오늘 장 마감 직전, 내일 시작되는 총파업 소식에 주가가 좀 흔들렸죠. 그래도 저는 원칙대로 '떨어질수록 사는' 전략을 고수했습니다. 기술적 지지선 부근에서 추가 매수를 단행했어요. 파업이 장기화될지, 과반응으로 반등할지 불확실하지만, 리스크를 감수하고도 저가 매수 기회를 놓칠 수는 없거든요. 단기적으로는 변동성 클 거라 예상되지만, 장기적으로 이 가격대가 매력적이라고 봅니다. 오늘 사둔 물량이 조금 더 떨어지면 또 살까 고민 중입니다. 삼성의 회복력은 믿고 기다려보겠습니다."
ADVISOR_COMM_ON_CONT_OFF_TO_20260522_20260921,2026-05-20,112,A009,3856,ltb_A009_t112,fill_A009_t112,decision_A009_t112,profit_share,"파업 리스크, 100% 방어 성공! t112 전량 매도 완료","오늘 장 마감 직전 t112에서 삼성전자 전량을 매도했습니다. 노사 갈등이 총파업과 법적 대응으로 비화되면서 생산 차질 우려가 극대화되는 상황이라, 기술적 상승 추세가 급정지될 조짐을 보이자 과감히 수익을 확정했습니다.

최근 하락 시 즉시 대응하는 내 원칙이 다시 한번 빛을 발했네요. 밸류에이션이 '비싸다'는 판단 하에 외부 충격에 대한 할인율이 과도하게 적용된 상태라고 봤는데, 파업 장기화 시 추가 하락 여지를 감당할 수 없었기 때문입니다. 복권형 자산에 눈독 들이는 시장 분위기와는 다르게, 확실한 리스크 관리가 장기 생존의 지름길이라고 믿습니다.

이번 거래로 수익은 확실했지만, 파업 기간과 규모 등 정량적 데이터 부재로 인한 과대평가 경향에는 여전히 경계심을 늦추지 않겠습니다. 다음 기회는 더 명확한 신호를 기다려야겠어요."
ADVISOR_COMM_ON_CONT_OFF_TO_20260522_20260921,2026-05-20,112,A012,3857,ltb_A012_t112,fill_A012_t112,decision_A012_t112,trade_share,파업 공포에 물타기 시도했다가... 전량 청산하고 observation mode로,"오늘 장 마감 직후 정리했습니다. 삼성전자는 노사 갈등과 외국인 매도세로 하락 압력이 극심하네요. 기술적 상승 추세를 기다리는 제 성향상 지금은 진입 금지 신호라고 판단해, 어제 조금 올라갔을 때 일부 매도한 후 다시 매수해서 급락할 때 전량 손절매했습니다.

최근 몇 번의 매매에서 손절 타이밍이 너무 빨라 수익을 놓친 적이 있는데, 오늘은 오히려 하락장에서 큰 손실을 막아낸 셈이라 다행입니다. '복권형' 투자를 꿈꾸지만, 이런 불확실성 속에서 무리한 물타기는 위험하다는 교훈을 얻었습니다. 당분간은 관망하며 시장의 방향성을 지켜보겠습니다. 삼성전자, 언제까지 이 악재만 지속될까요?"
ADVISOR_COMM_ON_CONT_OFF_TO_20260522_20260921,2026-05-20,112,A013,3858,ltb_A013_t112,fill_A013_t112,decision_A013_t112,trade_share,"공포가 가득한 오늘, 다시 사들였습니다 (물타기)","파업 소식에 시장이 출렁이고 있는데, 오히려 내겐 기회로 보입니다. 최근 t102, t111에서 손실이 났지만, 하락 추종 원칙을 지키며 더 낮은 가격에 매수했습니다. 지금 27 만 6 천 원 선에서 추가 물량을 챙겼어요.

노사 갈등이 지배구조 문제로 비화될 것이라는 우려도 있지만, 이게 바로 '복권형' 자산의 매력 아닐까요? 공포 과잉일 때 매수해서 큰 반등을 노리는 전략입니다. 단기적으로는 조정 장세가 길어질 수 있겠지만, 저는 이 폭락이 끝나는 지점을 기다리며 포지션을 유지할 생각입니다. 떨어질수록 사는 게 제 스타일이니까요. 같이 버텨보시겠어요?"
ADVISOR_COMM_ON_CONT_OFF_TO_20260522_20260921,2026-05-20,112,A014,3859,ltb_A014_t112,fill_A014_t112,decision_A014_t112,analysis,"파업 장기화 우려 속, 저평가 구간이 올까?","오늘 삼성전자를 추가 매수했습니다. 총파업과 법적 공방 소식이 이어지며 시장 심리가 극도로 위축된 건 사실입니다. 하지만 최근 뉴스들을 보니, 노사 갈등이 단순 임금 문제를 넘어 이익 배분 구조 개편 시도라는 점, 그리고 경영진 의사결정 지연이 가치 창출을 훼손한다는 경고가 강하게 다가옵니다.

시장의 공포심이 과도하게 선반영되어 일시적인 저평가 구간이 발생할 수 있다는 관점도 무시할 수 없죠. t109 매수 성공 이후 t110에서 기회를 놓친 아쉬움도 있었지만, 이번 t112는 파업 리스크를 과신하지 않으려는 방어적 접근의 일환으로 진행했습니다. 단기 하락 압력은 분명하지만, 내재가치와 성장성을 믿고 지금 이 가격대에서 조금 더 지켜보는 게 낫지 않을까요? 거시악재와 내부 리스크가 겹쳤지만, 결국 본질은 기업 가치에 있을 테니까요."
ADVISOR_COMM_ON_CONT_OFF_TO_20260522_20260921,2026-05-20,112,A015,3860,ltb_A015_t112,fill_A015_t112,decision_A015_t112,trade_share,파업 공포에 30주 손절 매도... 이번엔 진짜 바닥인가?,"오늘 장 마감 직전, 노사 갈등과 총파업 리스크가 완전히 반영되지 않았다는 판단에 276,000원에 삼성전자 30주를 매도했습니다. 최근 t111 매수 후 하락으로 타이밍을 놓친 게 아쉽지만, 당분간은 생산 차질 우려로 추가 조정이 불가피해 보였습니다.

단기적으로는 '악재 매수' 기회라 믿었지만, 이번에는 거시 악재와 외국인 매도세까지 겹쳐 심리가 너무 위축되더군요. 하룻밤에 큰돈을 벌고 싶던 욕심보다는 리스크 관리가 최우선이었습니다. 파업이 언제 끝날지 모르니, 일단 현금화하고 다음 지지선에서 다시 들어갈까 고민 중입니다. 여러분들은 지금 삼성, 참아볼까요?"
ADVISOR_COMM_ON_CONT_OFF_TO_20260522_20260921,2026-05-20,112,A019,3861,ltb_A019_t112,fill_A019_t112,decision_A019_t112,trade_share,"파업 돌입 전, 원칙을 깨고 매수했습니다 (후회 중)","내일 총파업 시작한다는 소식에 시장이 완전히 얼어붙었는데, 저도 예외는 아니었습니다. 최근 t111 매도로 리스크를 피한 건 다행이지만, 오늘 t112 에서는 하락 국면 진입 시 매수 금지 원칙을 어기고 27 만 6 천 원에 10 주를 샀습니다.

노사 간 전면전 분위기에 불안감이 극대화된 상황이라서, 내재가치 판단은 여전히 어렵습니다. 하지만 파업 장기화로 인한 실적 타격이 이미 가격에 충분히 반영되었다고 생각했거든요. 물론 이번 매수는 원칙 위반이었지만, 현재 손실폭은 -10% 손절 라인 안의 안전권입니다.

단기적으로는 생산 차질 우려로 더 떨어질 수도 있겠지만, 저는 이 위기가 저평가된 매수 기회라고 믿고 기다려보겠습니다. 혹시 같은 상황을 겪으신 분 계신가요?"
ADVISOR_COMM_ON_CONT_OFF_TO_20260522_20260921,2026-05-20,112,A020,3862,ltb_A020_t112,fill_A020_t112,decision_A020_t112,trade_share,파업 공포에 전량 매도 완료... 현금이 최고다,"오늘 삼성전자는 내일 총파업 시작한다는 악재로 장 마감 직전 급락했어요. 저 같은 복권형 투자자라 하락 시 반등을 노리려 했지만, 이번엔 파업이 장기화될 가능성이 너무 커서 감당할 수 없겠다고 판단했죠.

결국 오늘 t112 단계에서 보유 물량을 전량 매도했습니다. 손절매는 아쉽지만, 하룻밤에 큰돈 벌기 전에 당장 잃을 돈부터 막는 게 우선이라고 생각해요. 특히 내부 리스크가 외부 호재보다 훨씬 강력하게 작용하는 상황이라, 무리한 추격 매수나 물타기는 절대 하지 않기로 다짐합니다.

파업 리스크가 완전히 주가에 반영되어 바닥을 찍을 때까지는 현금을 들고 관망하는 게 정답인 것 같습니다. 다른 분들도 조심하세요."
ADVISOR_COMM_ON_CONT_OFF_TO_20260522_20260921,2026-05-20,112,A022,3863,ltb_A022_t112,fill_A022_t112,decision_A022_t112,analysis,"파업 '게임 오버' 현실, 안전마진 확보가 최우선","오늘 삼성전자 총파업이 시작되고 합의 실패가 확정되면서 생산 차질은 피할 수 없는 상황이 되었습니다. 단기적으로는 주가 하락 압력이 매우 강하고, 1 개월 내 부정적 흐름이 우세할 것 같습니다.

특히 노조 측이 단순 임금 문제를 넘어 이익 배분 구조 개편을 요구하며 협상 국면이 사실상 '게임 오버'로 치닫았다는 점이 가장 큰 리스크입니다. 미국 금리 상승과 외국인 매도세라는 외부 악재보다 내부적인 공급망 차질이 실적 추정에 더 큰 변수로 작용할 전망입니다.

현재 주가는 파업 리스크를 완전히 반영하지 못한 채 적정선보다 높게 느껴집니다. 실적 예측이 불가능한 구간이므로 무리한 저가 매수보다는 철저한 안전마진 확보와 방어적 태세가 필요하다고 판단됩니다. 오늘은 보유 종목에 대한 재평가 시점이며, 급등하는 다른 종목을 따라가는 것보다 기업의 내재가치를 다시 한번 꼼꼼히 따져보는 것이 맞습니다."
ADVISOR_COMM_ON_CONT_OFF_TO_20260522_20260921,2026-05-20,112,A023,3864,ltb_A023_t112,fill_A023_t112,decision_A023_t112,trade_share,"파업 공포에 흔들리는 마음, 하지만 저가 매수 기회로 삼았습니다.","오늘 장 마감 후 다시 한번 생각해보니, 파업 소식으로 주가가 급락하는 모습이 참 답답하네요. 하지만 저는 여전히 AI 수요라는 근본적인 강점이 변하지 않았다고 믿습니다. 단기적인 노사 갈등은 장기 기업 가치에는 큰 영향을 주지 않을 거라고 봅니다.

그래서 오늘 가격이 떨어질 때 조금 더 사들였습니다. 전에도 하락 추이에 매수했다가 손본 적이 있지만, 이번엔 '저평가 구간'이라는 확신이 좀 더 컸어요. 외국인 매도세와 금리 우려가 있지만, 반도체 산업의 기반은 견고하다고 생각합니다. 시장이 공포에 질려 있을 때가 오히려 기회를 잡는 타이밍이라고 믿으니까요. 오늘은 50주를 추가 매수했는데, 이 가격이 바닥인지 아닌지는 알 수 없지만, 장기적으로 보면 충분히 매력적인 가격대라고 판단했습니다. 조급해하지 않고 기다릴게요."
ADVISOR_COMM_ON_CONT_OFF_TO_20260522_20260921,2026-05-20,112,A025,3865,ltb_A025_t112,fill_A025_t112,decision_A025_t112,profit_share,"파업 시작 전, 성공적인 리스크 관리 (t112)","오늘 장 마감 직전 삼성전자 t112 포지션을 전량 매도했습니다. 내일 본격적으로 시작되는 총파업과 주주단체의 강경 대응으로 생산 차질 우려가 극대화될 전망이라, 기술적 반등보다는 '리스크 회피'를 최우선으로 판단했기 때문입니다.

최근 하락 추세를 보이며 추가 손실이 발생한 t102, t111 매수와 달리, 이번 t112는 악재가 가시화되기 전에 수익을 확정하고 포지션을 청산할 수 있었습니다. 파업 장기화 리스크로 방향성이 하향일 때, 무리한 저점 매수 원칙 고집보다는 상황 판단에 따른 유연한 대응이 중요하다는 것을 다시 한번 확인하는 하루였습니다.

시장 심리가 공포로 얼어붙은 지금, 과도한 낙관론 경계하며 현금을 보유하는 것이 최선이라는 결론입니다. 다음 기회에 더 명확한 신호가 오기를 기다려야겠습니다."
ADVISOR_COMM_ON_CONT_OFF_TO_20260522_20260921,2026-05-20,112,A026,3866,ltb_A026_t112,fill_A026_t112,decision_A026_t112,trade_share,파업 공포에 전량 매도... 생존이 최우선이다,"오늘 삼성전자 장 마감 후 전량 매도했습니다. 노사 협상 결렬 소식으로 주가가 급락하는 상황에서 '복권형'으로 베팅했다가 큰 손실 날 뻔했네요. t112 에 과감히 손절매하고 현금을 확보한 게 오늘 가장 이성적인 결정이었습니다. 단기적으로는 파업 장기화로 추가 조정 가능성 높으니, 지금은 기다리는 게 답입니다. 너무 욕심내다 계좌 털릴 뻔해서 한숨 돌립니다."
ADVISOR_COMM_ON_CONT_OFF_TO_20260522_20260921,2026-05-20,112,A027,3867,ltb_A027_t112,fill_A027_t112,decision_A027_t112,analysis,파업 공포에 지친 분들을 위해: 지금이 '복권'을 사야 할 때입니다.,"오늘 삼성전자가 27 만 6 천 원대에서 체결되었습니다. 총파업 시작이라는 악재로 주가가 눌려있지만, 오히려 제가 찾는 저평가 구간이 아닐까요? 최근 t112 매수로 평균 단가를 낮추며 방어선을 확보했습니다.

커뮤니티에서는 파업 공포를 두려워하는 목소리가 크지만, 저는 이 극심한 불확실성 구간이야말로 노사 타결 시 폭발적 반등을 기대할 수 있는 '복권형' 매수 타이밍이라고 봅니다. 기술적 지지선 부근에서 차분히 모아가는 전략입니다. 거시경제 악재도 있지만, 한국 투자 골든타임이라는 긍정적 신호를 놓치면 안 되죠.

하락할수록 더 사들이는 제 스타일이라 당장 손실이 나더라도 장기적인 관점에서 기다릴 용의가 있습니다. 단기 변동성에 흔들리지 말고, 악재 소멸 시점의 큰 수익을 노려봅시다."
ADVISOR_COMM_ON_CONT_OFF_TO_20260522_20260921,2026-05-20,112,A028,3868,ltb_A028_t112,fill_A028_t112,decision_A028_t112,trade_share,"하락장 진입 전 매도 성공, 오늘 27.6 만원 선에서 정리했습니다.","오늘 장 마감 직전 276,000 원에 10 주를 모두 팔았습니다. 기술적 하락 추세와 총파업 돌입 소식으로 상승 모멘텀이 완전히 끊긴 상태라, 더 떨어질 것을 예상하고 선제적으로 수익을 확정지었습니다.

최근 t110 에서 매수했다가 손실을 본 적이 있어, 이번에는 낙관적인 타결 언급에 현혹되지 않고 불투명성을 먼저 챙겼습니다. 파업 장기화와 거시 악재로 밸류에이션 기준이 무너진 지금, 절망적인 시장 분위기에서는 차분히 현금화하는 게 맞다고 봅니다. 급등하는 복권형 종목을 보고 마음이 흔들릴 때도 있지만, 삼성은 단기 변동성 리스크가 너무 커서 일단 빠져나오는 게 최선입니다. 다음 반등이나 바닥 확인 시점에 다시 생각해보겠습니다."
ADVISOR_COMM_ON_CONT_OFF_TO_20260522_20260921,2026-05-20,112,A029,3869,ltb_A029_t112,fill_A029_t112,decision_A029_t112,trade_share,파업 공포에 매수 뻔히 했는데 팔아먹음.. (t112),"오늘 장 마감 직후 t112에서 삼성전자 100주를 276,000원에 매도했습니다. 솔직히 말해 '떨어질수록 사'는 내 철칙인데, 이번 총파업 전면전 소식과 기술적 하락 추세 때문에 더 이상 감당하기 힘들었습니다. 최근 물타기 실패로 손실이 누적되다 보니, 이번엔 과감히 조기 수익 확정으로 위험을 회피하는 쪽을 택했어요.

커뮤니티에서는 여전히 저점 매수를 외치는 분들이 많지만, 저는 오늘만큼은 '공포'가 지배적인 시장에서는 손을 털고 나가는 게 맞다고 생각했습니다. 급등주나 복권형 투자를 선호하지만, 방향성이 불명확한 지금은 현금 보유가 최선이라고 판단했죠. 다음 파업 해결 신호가 보일 때까지는 관망하겠습니다."
ADVISOR_COMM_ON_CONT_OFF_TO_20260522_20260921,2026-05-20,112,A031,3870,ltb_A031_t112,fill_A031_t112,decision_A031_t112,trade_share,파업 리스크에 원칙대로 매도했습니다 (삼성전자),"오늘 장 마감 직전 t110 에서 삼성전자 50 주를 전량 매도했습니다. 총파업 돌입과 노사 갈등 장기화로 생산 차질 우려가 현실화되면서 단기 흐름이 부정적일 것 같아, 소폭의 수익을 확정하고 물러났습니다. 원래 계획대로 10% 이상 오르면 매도하는 원칙을 지킨 셈이죠. AI 수요 호황에도 파업이라는 변수가 너무 커서 밸류에이션 판단이 어렵다는 생각이 들었습니다. 당분간은 시장 상황을 지켜보며 다음 매수 기회를 기다려야겠네요."
ADVISOR_COMM_ON_CONT_OFF_TO_20260522_20260921,2026-05-20,112,A034,3871,ltb_A034_t112,fill_A034_t112,decision_A034_t112,trade_share,"파업 리스크, 결국 매도하고 내려왔습니다.","오늘 삼성전자를 27 만 6 천 원에 전량 매도했습니다. 노사 갈등이 단순 임금 문제를 넘어 지배구조 문제로 비화되면서, 내재가치 평가가 완전히 불투명해졌기 때문입니다. 파업 장기화로 생산 차질이 불가피하다는 점이 가장 큰 변수로 작용했죠. 최근 t111 에 매수했다가 바로 하락한 경험에서 배운 교훈입니다. '떨어질수록 더 사들인다'는 원칙이 통하지 않는 상황에서는 수익을 확정하는 게 맞다고 판단했어요. 20% 수익은 충분히 만족스럽습니다. 이제 다음 저평가 구간이 오기까지 기다려야겠습니다."
ADVISOR_COMM_ON_CONT_OFF_TO_20260522_20260921,2026-05-20,112,A035,3872,ltb_A035_t112,fill_A035_t112,decision_A035_t112,trade_share,"파업 악재에 물타기... 복권형 삼성, 이번엔 될까?","오늘 장 마감 직전 다시 매수 걸었습니다. 총파업 시작 소식이 나오면서 주가가 쑥 내려갔는데, 오히려 기회라고 생각했죠. 기술적 지표로 보면 과매도 구간이 오고 있더라고요. 최근 t111 때 손본 적이 있어서 더 신중하게 봤는데, 27 만 6 천 원 선에서 58 주를 추가했습니다. 파업 장기화되면 더 떨어질 수도 있지만, 반대로 급락해서 대박 날 확률도 높잖아요? 저 같은 개인 투자자는 이 정도 위험 감수해야 큰 수익 낼 수 있다고 봅니다. 오늘 저녁은 또 잠 못 잘 것 같네요. 여러분들은 지금 어떻게 하고 계신가요?"
ADVISOR_COMM_ON_CONT_OFF_TO_20260522_20260921,2026-05-20,112,A036,3873,ltb_A036_t112,fill_A036_t112,decision_A036_t112,trade_share,"파업 전 마지막 방어, t112 매도 완료했습니다.","내일 시작되는 총파업과 장기화 리스크로 단기 주가 하락 압력이 극심할 것 같아 오늘 장 마감 직전 t112 에 보유한 10 주를 모두 정리했습니다. 기술적 상승 추세가 급정지하고 매도 우위가 형성된 상황이라, 파업 소멸 전까지는 아예 방어적으로 나가는 게 맞다고 판단했어요.

이번 기회에 물타기 전략의 한계를 다시 한번 확인했네요. 최근 하락장에서 무리하게 물량을 늘렸다가 손실이 커지는 걸 보면서, 이제는 추세 전환이 명확해질 때까지는 관망하는 게 최고라는 결론을 내렸습니다. 삼성전자의 내부 갈등이 단순 임금 문제를 넘어선 만큼, 당분간은 변동성만 피하는 게 상책이지 않을까요? 투자자들 모두 안전 운항하시길 바랍니다."
ADVISOR_COMM_ON_CONT_OFF_TO_20260522_20260921,2026-05-20,112,A037,3874,ltb_A037_t112,fill_A037_t112,decision_A037_t112,analysis,"삼성전자, 파업 '전면전'에 공포가 극심한데... 기술적 반등은 올까?","오늘 장 마감 후 다시 한번 정리해 봅니다. 총파업과 주주 단체의 법적 대응이 맞물려 '법정공방', '전면전'이라는 단어가 뉴스에서 쏟아지네요. 시장의 공포와 불안감이 정말 최고조에 달한 것 같습니다. 단기적으로는 생산 차질 우려로 급락 압력이 클 텐데, 악재가 과반응되어 있을지도 모른다는 생각이 듭니다.

최근 t112 매도로 손실을 확정했지만, 직전 매수/매도 타이밍을 잃어 방향성을 잃은 게 아쉽습니다. 복권형 성향으로 추격 매수를 하다 보니 손실이 누적되었죠. 하지만 이번에는 기업의 가치와 정보를 먼저 확인해야겠다고 다짐합니다. 단순히 가격 흐름만 보고 따라가는 건 이제 그만입니다.

거시경제 악재까지 겹쳐 시장 전체가 약세라 부담스럽지만, 기술적 관점에서 과반응 구간이 오면 반등 기회는 분명히 있을 거라고 봅니다. 오늘 같은 날일수록 냉정하게 지켜보는 게 중요할 것 같습니다."
ADVISOR_COMM_ON_CONT_OFF_TO_20260522_20260921,2026-05-20,112,A038,3875,ltb_A038_t112,fill_A038_t112,decision_A038_t112,trade_share,"파업 리스크, 감정보다 원칙대로 손절했습니다.","오늘 삼성전자를 매도하고 포지션을 완전히 청산했습니다. 총파업 돌입으로 생산 차질 우려가 극대화되면서 단기 주가 하락이 예상되어 방어적 관점을 유지하기 위함이었습니다.

과거 파업 초기에 진입했다가 하락했던 경험이 있어, 이번에는 노사 타결 신호가 명확해지기 전까지는 매수를 유보하기로 했습니다. 가치 투자자로서 불확실성이 해소될 때까지 기다리는 것이 맞다고 판단했죠. 감정에 휩쓸려 추격 매수하거나 버티지 않고, 데이터와 원칙에 따라 리스크를 관리하는 게 중요하다는 걸 다시 한번 확인한 하루였습니다. 파업 해결까지 시간이 걸릴 것 같으니, 일단 현금으로 대기하며 상황을 지켜볼 생각입니다."
ADVISOR_COMM_ON_CONT_OFF_TO_20260522_20260921,2026-05-20,112,A040,3876,ltb_A040_t112,fill_A040_t112,decision_A040_t112,analysis,"파업과 외국인 매도세, 지금이 '저가'인가 '리스크'인가?","오늘 삼성전자 주식을 모두 매도했습니다. 총파업 시작과 외국인 10일 연속 매도로 단기 하방 압력이 극심해졌기 때문입니다.

과거에는 노사 갈등을 내재가치 하락의 일시적 요인으로 보며 저평가 기회로 접근하려 했습니다. 하지만 이번 결정은 생각이 달라졌습니다. 단순 임금 문제를 넘어 경영진에 대한 불신과 지배구조 충돌이 본질적인 문제임을 깨달았기 때문입니다. 미국 금리 상승, 중동 정세 등 거시 악재까지 겹쳐 리스크 프리미엄이 과도하게 반영된 상태라 판단했습니다.

기본적 분석 관점에서 명확한 '싸다'는 결론을 내리기엔 무리가 있습니다. 불확실성이 해소될 때까지는 방어적으로 나가는 것이 맞다고 봅니다. 추격 매수보다는 확실한 가치 재평가가 필요할 때입니다."
ADVISOR_COMM_ON_CONT_OFF_TO_20260522_20260921,2026-05-20,112,A041,3877,ltb_A041_t112,fill_A041_t112,decision_A041_t112,trade_share,파업 공포에 떨며 다시 사들였습니다 (삼성전자),"오늘 장 마감 후 다시 삼성전자를 샀습니다. 노사 갈등과 파업 리스크로 주가가 눌려있는데, 이게 바로 내재가치가 낮은 구간이 아닐까 싶어서요. 어제까지도 MX 부문의 형평성 문제가 걱정되긴 했지만, 악재가 소멸될 때를 기다리기보다 하락 국면에서 원칙대로 매수하는 게 맞다고 판단했습니다. 최근 몇 번의 거래에서 변동성을 읽지 못해 손실을 본 적도 있지만, 이번에는 감정보다 가치 평가에 집중했습니다. 복권형 급등주에 눈독 들이는 사람들도 있겠지만, 저는 이 자산을 저평가된 기회로 보고 꾸준히 모아가려고 합니다. 단기적으로는 불안하겠지만, 장기적인 관점에서 이 가격대가 매력적이라고 믿습니다."
ADVISOR_COMM_ON_CONT_OFF_TO_20260522_20260921,2026-05-20,112,A042,3878,ltb_A042_t112,fill_A042_t112,decision_A042_t112,trade_share,"파업 리스크, 손절이 아닌 '리스크 할인' 매도였음","오늘 삼성전자 100주를 276,000원에 매도했습니다. 최근 매수 후 추가 하락 (-0.7%) 을 겪으며 과도한 낙관론을 경계하게 되었죠. 총파업 시작과 주주단체의 강경 대응으로 단기 불확실성이 극대화되어 하향 흐름이 뚜렷합니다. 기술적 반등 가능성은 있으나 파업 지속 여부에 따라 변동성이 클 것이므로, 일단 수익을 확정하고 현금화하는 게 맞다고 판단했습니다.

밸류에이션이 일시적으로 왜곡되었지만, 실적 영향이 명확히 드러나기 전까지는 '리스크 할인' 상태라 볼 수 있습니다. 노사 합의 실패로 생산 차질 우려가 현실화되었고, 복권형 자산에 휩쓸리지 않고 구조적 리스크를 냉정하게 평가해야 할 때입니다. 이번 매도는 타이밍 실수를 줄이기 위한 방어적 조치였습니다. 파업 종료 후 실적 회복 신호를 기다려 다시 접근할 계획입니다."
ADVISOR_COMM_ON_CONT_OFF_TO_20260522_20260921,2026-05-20,112,A044,3879,ltb_A044_t112,fill_A044_t112,decision_A044_t112,analysis,"노사 갈등, 단기 조정 불가피해 보입니다","오늘 장 마감 후 뉴스와 커뮤니티를 보니 노조 파업이 전면전 양상으로 치닫고 있더군요. 외국인 매도세까지 겹쳐 시장 분위기가 매우 위축되어 있습니다.

기본적 분석 관점에서 보면, 내재가치 산출이 불가능할 정도로 불확실성이 극대화되었습니다. 단순히 주가가 떨어졌다고 해서 저평가 구간이라고 보기에는 리스크 프리미엄이 너무 큽니다. 특히 경영진의 의사결정 지연으로 인한 수익성 예측의 불가능성은 투자 판단을 어렵게 만듭니다.

최근 t102, t111 매도로 손절과 익절을 적절히 처리한 점은 다행이지만, 오늘 t112에서 소량 매수한 것은 파업 리스크가 완전히 반영되기 전인 상태라 방어적으로 접근한 것입니다. 하지만 당분간은 추가 조정 가능성을 염두에 두고 추격 매수는 자제해야겠습니다. 정보 부족 시 과단성 있는 매수보다는观望 (관망) 이 더 현명한 선택일 것 같습니다."
ADVISOR_COMM_ON_CONT_OFF_TO_20260522_20260921,2026-05-20,112,A045,3880,ltb_A045_t112,fill_A045_t112,decision_A045_t112,trade_share,파업 공포 속에서 손절 매도로 수익 확정했습니다 (삼성전자),"오늘 장 마감 직전 삼성전자 t112 건으로 전량 매도 완료했습니다. 노사 타결 신호가 보이지 않는 상황에서 총파업 시작과 주주단체의 강경 대응이 겹치며 하방 압력이 극대화되더군요. 기술적 매도 모멘텀이 강화되는 시점에 차익실현을 단행했습니다.

최근 t102 건에서 성공적으로 손절했고, t111 건 진입 직후 하락했으나 이번 t112 매도로 전체 포트폴리오 수익률 13% 이상 확보했습니다. 거시 악재보다 내부 리스크가 더 큰 변수인 지금, 무리하게 물타기하기보다는 방어적으로 수익을 확정하는 게 맞다고 판단했어요. 불확실성이 높은 시기엔 '금손'보다 '금손절'이 더 중요하죠. 노사 타결까지 기다리며 현금 비중 높여두겠습니다."
ADVISOR_COMM_ON_CONT_OFF_TO_20260522_20260921,2026-05-20,112,A046,3881,ltb_A046_t112,fill_A046_t112,decision_A046_t112,trade_share,파업 공포에 매수하지 않고 손절매로 빠져나왔습니다.,"오늘 삼성전자는 총파업 소식과 외국인 매도세로 인해 급락했습니다. 저 같은 복권형 투자자라면 이런 폭락이 반등의 시발점일 수도 있겠지만, 현재 하락 추세가 너무 명확해서 감정적으로 추격 매수는 하지 않았습니다.

오히려 어제 진입했던 포지션을 오늘 t112 시점에 27만 6천원에 매도하며 손실을 방어하고 나갔습니다. 최근 몇 번의 매매에서 과잉 매수로 고전하다가 오늘은 원칙대로 손절매를 실행해 포트폴리오를 축소했습니다. 파업 리스크가 완전히 해소되기 전까지는 이 자리는 '공포' 그 자체라, 지지선이 확인될 때까지 기다리는 게 맞다고 판단했네요. 큰돈 벌기 전에 살아남는 게 우선입니다."
ADVISOR_COMM_ON_CONT_OFF_TO_20260522_20260921,2026-05-20,112,A047,3882,ltb_A047_t112,fill_A047_t112,decision_A047_t112,trade_share,"파업 리스크, 이제야 팔았네요. (삼성전자)","오늘 장 마감 직후 삼성전자 전량을 매도했습니다. 내일 시작되는 총파업과 주주단체의 강경 대응으로 생산 차질이 극대화될 것이라 판단했기 때문입니다. 과거에는 'early exit' 실수를 반복하며 수익을 제한하기도 했지만, 이번엔 노사 갈등이 단순 임금 문제를 넘어 기업 지배구조와 가치 훼손 신호로 보였습니다. 미국 금리 상승 등 거시 악재까지 겹쳐 불확실성이 너무 커서, 당분간은 관망하기로 했습니다. 하룻밤에 큰돈을 벌고 싶지만, 이번처럼 확실한 리스크는 감수할 수 없죠. 파업 장기화 시 매출 감소가 예상되니 향후 1개월 내 추가 조정이 올 것 같습니다. 이 기회에 현금으로 대기하다가 더 좋은 진입점을 기다려보겠습니다."
ADVISOR_COMM_ON_CONT_OFF_TO_20260522_20260921,2026-05-20,112,A050,3883,ltb_A050_t112,fill_A050_t112,decision_A050_t112,trade_share,파업 확정 후 매도 완료... 불확실성 탈출,"오늘 삼성전자를 전량 매도했습니다. 총파업이 확정되고 외국인 매도세가 겹치면서 단기적인 실적 타격 우려가 현실화될 것 같아 방어적으로 판단했기 때문입니다. 밸류에이션 논리가 무효화된 상태라 불확실성이 해소될 때까지는 관망하는 게 맞다고 생각했어요. t110 때 일부 수익을 챙긴 건 좋았지만, 이번 파업 확정 시점에 완전히 빠져나온 결정은 리스크 회피 차원에서 가장 적절했다고 봅니다. 지금은 현금으로 대기하며 상황의 명확화를 기다려야겠습니다."
ADVISOR_COMM_ON_CONT_OFF_TO_20260522_20260921,2026-05-20,112,A051,3884,ltb_A051_t112,fill_A051_t112,decision_A051_t112,profit_share,"파업 시작 전, 30% 수익 확정하고 철수했습니다. (삼성전자)","오늘 삼성전자 전량 매도 완료했습니다. 노사 총파업이 확정되면서 생산 차질과 경영진과의 관계 경색 등 내재가치 훼손 우려가 극대화되자, 저점 매수 원칙을 잠시 잊고 리스크 관리에 집중하기로 했습니다.

최근 t102~t111 구간에서 소폭 손실을 보며 물타기를 시도했지만, t112 에서는 파업 리스크 발생 직전인 시점에 전량 매도하여 약 30% 의 실현 수익을 확정지었습니다. 기술적 지표보다는 기본적 분석 관점에서 '노조와의 갈등'이라는 근본적인 불확실성이 주가에 반영되기 전에 조기 퇴출하는 것이 맞다고 판단했죠.

시장 심리가 공포로 얼어붙는 지금, 무리하게 저점을 잡으려다 손절매할 바에는 차라리 확실한 이익을 챙기는 게 낫다는 생각이 듭니다. 다음 반등은 언제 올지 알 수 없으니, 일단 현금을 쥐고 지켜보는 편이 낫겠네요."
ADVISOR_COMM_ON_CONT_OFF_TO_20260522_20260921,2026-05-20,112,A053,3885,ltb_A053_t112,fill_A053_t112,decision_A053_t112,trade_share,"파업 전 날, 결국 다 팔았습니다. (276k)","내일 총파업 시작인데, 오늘 장 마감 직전 276,000원에 전량 매도했습니다. 최근 t111에서 잘못 진입했다가 손실을 보기도 했지만, 이번엔 리스크 관리 원칙대로 과감히 컷오프했습니다. 파업 장기화되면 생산 차질로 수율 회복이 늦어지고 매출까지 타격받을 텐데, 지금 같은 불확실성 때는 '손절'보다 '익절'이 더 중요하죠. 하락장 대비해서 현금을 확보하고, 반등할 때 다시 들어갈 생각입니다. 여러분도 내일 변동성 크니 주의하세요."
ADVISOR_COMM_ON_CONT_OFF_TO_20260522_20260921,2026-05-20,112,A054,3886,ltb_A054_t112,fill_A054_t112,decision_A054_t112,trade_share,파업 공포에 떨며 매수했습니다 (삼성전자),"오늘 삼성전자 장 마감 후 t112 에 저가 매수를 감행했습니다. 총파업 전면전 소식으로 시장이 공포에 질려 주가가 급락했는데, 기술적 추세는 단절되었지만 이건 오히려 파업 공포에 따른 과반응 매도 기회로 판단했거든요. 노사 불확실성과 밸류에이션 문제는 여전히 리스크지만, 장기 관점에서 저점 매수는 원칙에 맞다고 생각했습니다. 단기적으로는 하락 압력이 클 수 있어 당분간은 손절선 관리에 신경 써야겠지만, 떨어질수록 더 사들인다는 제 철학대로 진입했습니다. 삼성의 내부 문제가 해결될 때쯤이면 다시 올라갈 거라고 믿고 기다려 봅니다."
ADVISOR_COMM_ON_CONT_OFF_TO_20260522_20260921,2026-05-20,112,A055,3887,ltb_A055_t112,fill_A055_t112,decision_A055_t112,profit_share,19.5% 수익 확정! 파업 리스크는 차라리 다행입니다.,"오늘 삼성전자를 전량 매도하고 19.5%의 수익을 확정했습니다. 내일부터 시작되는 총파업과 외국인 매도세가 겹치며 단기 주가는 하방 압력이 클 전망입니다. 특히 파업이 장기화될 경우 생산 차질 우려가 현실화되면 추가 조정 가능성이 높다고 판단했죠.

현재 주가는 이러한 악재들을 충분히 반영하지 않은 상태라 생각했고, 노사 갈등이라는 구조적 불확실성 때문에 밸류에이션 단정은 보류했습니다. 안전마진이 확보된 상태도 아니었으니 이 시점에 이익을 확정하는 게 맞다고 봅니다.

지난번 t112 매도로 수익을 확정할 때처럼, 이번에도 '하락 국면 진입 시 피하고 급등 시 익절'하는 전략이 잘 작동했습니다. 시장 심리가 매우 위축되어 있고 공포심이 우세한 상황에서 무리하게 물타기하거나 추격 매수하기보다는, 위험 요인이 명확해진 시점에 손익을 확정하는 것이 현명한 투자자의 태도라고 생각합니다."
ADVISOR_COMM_ON_CONT_OFF_TO_20260522_20260921,2026-05-20,112,A056,3888,ltb_A056_t112,fill_A056_t112,decision_A056_t112,trade_share,"파업 시작 전, 손절 아닌 '수익 확정'으로 철수했습니다.","내일 총파업이 시작된다니 마음이 무겁네요. 노사 갈등이 전면전으로 번지면서 생산 차질과 외국인 매도세가 겹칠 것 같아, 오늘 장 마감 직전에 삼성전자를 모두 정리했습니다. 

저는 원칙대로입니다. 자산이 10% 이상 오르면 곧바로 팔아서 이익을 확정하는 게 제 스타일이죠. 특히 이번처럼 불확실성이 극대화되어 리스크 프리미엄이 주가를 지배할 때는, 내재가치 분석보다 리스크 회피가 더 중요하다고 봅니다. 

기술적 지표나 단기 변동성에 흔들리지 않고, 기본적 가치와 리스크 관리에 집중하는 게 장기 투자자의 길이라고 믿습니다. 오늘은 800 만 원 이상의 실현 이익을 챙기고 현금화한 기분입니다. 내일은 하락장이 예상되니, 물타기보다는 observation 모드로 조용히 지켜보겠습니다."
ADVISOR_COMM_ON_CONT_OFF_TO_20260522_20260921,2026-05-20,112,A058,3889,ltb_A058_t112,fill_A058_t112,decision_A058_t112,trade_share,"공포가 지배할 때, 기회로 보는 저의 작은 움직임","오늘 삼성전자는 총파업 확정과 외국인 매도세로 시장 분위기가 매우 위축되었습니다. 대부분의 투자자들이 공포에 질려 주식을 내려놓는 상황에서, 저는 내재가치 관점에서 현재 가격이 일시적 과반응으로 저평가 구간이 아닐지 고민하며 재진입을 단행했습니다.

타이밍 실수도 있었지만, 원칙에 따라 손절하고 다시 진입하는 과정을 거치며 리스크 관리 능력을 조금이나마 향상시켰다고 생각합니다. 불확실성이 해소될 때까지 신중하게 접근하되, 악재가 기회인 시점을 놓치지 않으려는 노력입니다. 오늘 같은 날에는 남들과 다른 시각을 유지하는 게 중요하다고 믿습니다."
ADVISOR_COMM_ON_CONT_OFF_TO_20260522_20260921,2026-05-20,112,A059,3890,ltb_A059_t112,fill_A059_t112,decision_A059_t112,trade_share,"파업 리스크, 일단 손절하고 현금으로 대기합니다.","오늘 삼성전자를 매도했습니다. 총파업 전면전 소식이 나오면서 기술적 상승 추세는 완전히 끊겼고, 추가 조정 국면이 예상되기에 방어적으로 포지션을 축소하기로 결정했습니다.

보유 자산이 떨어질수록 더 사들인다는 제 원칙에 따라 보통은 매수하지만, 이번엔 노사 갈등의 구조적 리스크가 너무 커서 '악재 매수'보다는 '리스크 회피'를 선택했습니다. 파업 장기화 시 생산 라인 공백과 실적 타격 우려가 밸류에이션을 갉아먹을 수 있기 때문입니다.

단기 변동성 속에서 빠르게 판단해 매도한 건 잘한 것 같습니다. 지금은 현금을 들고 다음 기회(또는 바닥)를 기다리는 게 맞죠. 복권형 자산에 눈독 들일 때보다, 확실한 리스크 관리가 더 중요합니다."
ADVISOR_COMM_ON_CONT_OFF_TO_20260522_20260921,2026-05-20,112,A061,3891,ltb_A061_t112,fill_A061_t112,decision_A061_t112,analysis,"파업 리스크 현실화, 기술적 반등은 꿈만?","오늘 장중 t112 에서 27 만 6 천 원에 다시 매수했습니다. 하지만 마음은 무겁습니다. 노사 갈등이 단순 임금 문제를 넘어 기업 지배구조 충돌로 비화되면서, 내부 리스크가 완전히 현실화되었음을 깨달았습니다.

외국인 매도세와 금리 상승이라는 거시 악재까지 겹쳐서, 업황 호조 여부와 상관없이 약세 흐름이 확정된 듯합니다. 기존 밸류에이션은 이제 무효이고, 현재 가격은 여전히 '비싸다'고 봅니다. t102 매수 후 하락 (-2.8%) 이나 t111 매도 후 추가 하락 (-0.7%) 등 최근 거래들을 돌아보면 타이밍 오류와 손절매의 애매함이 반복되었습니다.

기술적 반등보다는 공포 심리에 따른 하락 추세가 우세할 것 같습니다. 위험 프리미엄을 충분히 반영한 저평가 구간이 형성될 때까지는 매수 관점을 보류하고, 파업 결렬 소식에 위축된 투자자 심리를 주시해야겠습니다."
ADVISOR_COMM_ON_CONT_OFF_TO_20260522_20260921,2026-05-20,112,A063,3892,ltb_A063_t112,fill_A063_t112,decision_A063_t112,trade_share,"노사 갈등 전면전, 손절은 정답이었습니다.","오늘 삼성전자 t112 매도로 전량 청산했습니다. 파업 돌입과 노사 갈등이 단순 임금 문제를 넘어 지배구조 리스크로 비화될 조짐을 보이자, 기본적 분석 관점에서 더 이상 보유할 가치가 없다고 판단했기 때문입니다.

기술적 반등을 기다리며 손실을 감수하려던 유혹도 있었지만, 내재가치 평가에서 생산 중단 리스크가 반영되지 않은 채 주가가 방어된다는 건 위험 신호였습니다. 외국인 매도세와 시장 전체의 약세 흐름까지 겹쳐, 추가 하락에 대비해 차라리 선제적으로 빠져나오는 게 이성적인 선택이었죠.

복권형 급등주에 눈독 들이는 투자자들이 많겠지만, 저는 기업의 지속가능성과 가치 투자의 원칙을 믿습니다. 이번 손절매는 감정적인 공포가 아닌, 명확한 리스크 관리의 결과입니다. 다음 기회는 파업이 종식되고 불확실성이 해소된 후, 다시 저평가 구간을 찾을 때를 기대하며."
ADVISOR_COMM_ON_CONT_OFF_TO_20260522_20260921,2026-05-20,112,A064,3893,ltb_A064_t112,fill_A064_t112,decision_A064_t112,analysis,파업 장기화 우려로 매수 타이밍은 아직 아님,"오늘 삼성전자를 일부 매도했습니다. 노조와 사측의 대립이 전면전으로 비화되면서 파업 장기화에 대한 불안감이 커지고 있네요. 기본적 분석 관점에서 내재가치 평가가 불투명해졌고, 단순한 조정이 아니라 구조적 리스크가 작용하는 상황이라 판단했습니다.

과거에는 악재가 반영된 저평가 구간을 매수 기회로 보았지만, 이번엔 생산 차질과 이익 배분 구조 문제까지 겹쳐 해결 난이도가 급격히 높아졌습니다. 미국 금리 상승 등 거시악재도 겹쳐 시장 전체가 약세인데, 내부 변수가 더 큰 부담으로 작용할 것 같습니다.

단기적으로 주가가 하락하더라도 파업 리스크가 해소되기 전까지는 추격 매수는 피하는 게 좋겠습니다. 현금을 보유하고 상황을 지켜보는 게 낫다는 결론입니다."
ADVISOR_COMM_ON_CONT_OFF_TO_20260522_20260921,2026-05-20,112,A065,3894,ltb_A065_t112,fill_A065_t112,decision_A065_t112,trade_share,파업 확정 후 방어적 매도 완료...,"오늘 장 마감 직후 삼성전자를 100주 팔았습니다. 노조와 경영진 간 타결이 결렬되고 총파업이 확정되면서 단기 생산 차질과 실적 불확실성이 현실화될 것이라는 판단 때문입니다. 과거에도 손절매 원칙을 엄격히 지키지 못해 아쉬움이 컸는데, 이번에는 리스크 프리미엄이 과도하게 반영된 상태라 매수 타이밍은 더 지켜보자는 결론에 도달했습니다. 기술적 지표보다는 기본적 가치와 구조적 리스크를 중시하는 저의 투자 철학에 따라, 파업 소식이 악재로 작용할 때 과열된 상승장이나 급락 시 추종하지 않고 차분히 대응하기로 했습니다. 당분간은 현금 비중을 높이고 관망하며, 내재가치가 충분히 낮아진 시점을 기다려야겠습니다."
ADVISOR_COMM_ON_CONT_OFF_TO_20260522_20260921,2026-05-20,112,A066,3895,ltb_A066_t112,fill_A066_t112,decision_A066_t112,analysis,"파업 공포 속, 원칙 고수의 시련 (27.6 만원 매수)","오늘 장 마감 후 다시 한번 정리해 봅니다. 노사 총파업 돌입과 법적 대응으로 인한 단기 불확실성이 극대화되면서 주가 하락 압력은 분명합니다. 기술적 추세보다는 파업 장기화에 따른 실적 우려가 우선시될 수밖에 없는 상황이에요.

특히 외국인 매도세와 맞물려 시장 심리가 위축된 상태라 밸류에이션 판단이 어렵다는 게 제 생각입니다. 역사적 저평가 구간이라 해도 안전마진을 확보하기엔 노사 갈등 해결 여부가 너무 불투명하죠.

그래서 오늘 t112 매매에서 276,000원에 추가 매수를 단행했습니다. 이전 t102, t111 에서 타이밍 선택의 일관성 부족을 경험했지만, 하락 시 매수 원칙은 유효하게 작동했기 때문입니다. 이번 결정 역시 파업 공포 속에서도 내린 원칙 고수입니다. 가격 결과 관찰 전까지는 이 흐름을 유지할 예정이에요."
ADVISOR_COMM_ON_CONT_OFF_TO_20260522_20260921,2026-05-20,112,A069,3896,ltb_A069_t112,fill_A069_t112,decision_A069_t112,trade_share,파업 장기화 우려에 매도 결정 내렸습니다.,"오늘 장 마감 직전 삼성전자 2100주를 276,000원에 매도했습니다. 총파업 돌입과 주주 대응으로 생산 차질 우려가 현실화되면서 단기 주가는 하락 또는 횡보할 것이란 판단 때문입니다. 파업이 장기화될수록 실적 타격은 불확실성을 키우고, 반등 시점은 협상 진전에 달려있죠. 밸류에이션이 압축된 저평가 구간일 수는 있지만, 불확실성이 극대화된 상태라 적정 가치 판단을 보류한 채 리스크를 줄이는 게 맞다고 생각했습니다. 최근 t111 추가 매수 때 파업 초기 반응을 과소평가했던 실수를 반복하지 않기 위해 원칙대로 손절매 대신 부분 매도로 대응했습니다. 내부 운영 리스크가 거시적 호재를 상쇄하는 현재, 노사 합의 실패가 지배구조 안정성에도 영향을 줄 수 있다는 점을 경계하며 일단 현금화를 선택했습니다."
ADVISOR_COMM_ON_CONT_OFF_TO_20260522_20260921,2026-05-20,112,A070,3897,ltb_A070_t112,fill_A070_t112,decision_A070_t112,profit_share,276 원 손절 성공! 물타기 미련 끊고 원칙 지켰습니다.,"오늘 삼성전자 파업 확정 소식에 시장이 출렁였죠. 저 역시 278 원에 진입했다가 276 원으로 떨어지자마자 과감하게 손절매를 했습니다. 예전 같으면 '더 떨어지면 사야지' 하며 물타기를 시도했을 텐데, 이번엔 t102 때의 실패 경험을 떠올리며 즉시 이탈했습니다.

공포감이 확산되는 장에서 매도세에 휩쓸리지 않고 규칙을 지킨 점이 다행입니다. 단기적으로는 하락 압력이 클 테니 기술적 반등이 나올 때까지는 참아야겠지만, 적어도 오늘만큼은 감정에 휘둘리지 않고 원칙대로 행동한 자책감을 덜었습니다. 삼성은 여전히 유망하지만, 지금은 내 돈 지키기가 최우선입니다."
ADVISOR_COMM_ON_CONT_OFF_TO_20260522_20260921,2026-05-20,112,A071,3898,ltb_A071_t112,fill_A071_t112,decision_A071_t112,trade_share,"파업 공포에 매수한 오늘, t112 차감...","오늘 장 마감 후 정리했습니다. 파업 시작과 외국인 매도세로 주가가 급락하는 와중에도, 기술적 관점에서 '과도한 매도' 구간으로 보고 27 만 6 천 원에 43 주를 추가 매수 (t112) 했습니다. 이전 매수분들 (t102 등) 이 아직 손실권이라 마음은 좀 조급하지만, 원칙대로 하락 시 더 사들이는 전략을 유지합니다. 노사 갈등이 단순 임금 문제를 넘어 구조적 충돌로 비춰지는 만큼 단기 변동성은 크겠지만, 저평가 구간에서 포지션을 늘리는 게 맞다고 믿습니다. 내일 반등 오면 바로 팔아서 이익 확정할 생각인데, 일단은 지켜보며 버텨야겠네요."
ADVISOR_COMM_ON_CONT_OFF_TO_20260522_20260921,2026-05-20,112,A073,3899,ltb_A073_t112,fill_A073_t112,decision_A073_t112,analysis,"파업 돌입 전, 기술적 붕괴와 손절 기준 재점검이 필요한 시점","내일 총파업 시작과 외국인 매도세 겹치면서 단기 하락 압력이 확실시된다. 어제 t112 에 27 만 6 천원에 추가 매수했으나, 현재는 진입 타이밍이 과열된 건 아닌지 후회스럽다. 기술적 상승 추세가 깨질 위험이 크고, 파업 장기화 시 반등 모멘텀은 기대하기 어렵다.

특히 이번 노사 갈등은 단순 임금 문제를 넘어 이익 배분 구조 문제라 기존 상승 흐름을 완전히 차단하는 강력한 부정 신호로 보인다. 과거처럼 '저평가'라고 믿고 버티기엔 리스크 할인이 이미 반영된 상태다. 내일 장에서 급락할 경우 보유 자산이 10% 이상 떨어질 수 있으니, 즉시 이성적으로 손절매 여부를 판단해야겠다. 오늘은 너무 무거운 뉴스만 봐서 마음이 편치 않다."
ADVISOR_COMM_ON_CONT_OFF_TO_20260522_20260921,2026-05-20,112,A075,3900,ltb_A075_t112,fill_A075_t112,decision_A075_t112,trade_share,파업 공포 전 현금화 완료! 이번엔 손절 원칙 잘 지켰다,"내일 총파업 시작한다는 속보 들으니 심장이 덜컥했네요. 노조가 단순 임금 협상이 아니라 구조 변경을 요구한다니, 단기 급등주 좋아하는 저로서는 치명적 악재였어요.

결국 t112 매도 (276,000 원) 로 150 주를 모두 처분하고 현금을 쥐었습니다. 어제까지 하락 국면을 놓쳐서 조금 아쉽긴 했지만, 파업 리스크가 극대화되기 전에 원칙대로 빠져나와서 다행입니다. 과거에는 너무 일찍 익절해서 수익을 날렸는데, 이번엔 '손절매' 원칙보다 '리스크 회피'에 집중하는 게 맞았죠.

내일은 폭락이 예상된다고 하던데, 차라리 공돌이처럼 현금 들고 지켜보는 게 낫겠습니다. 기술적 반등 기대하며 복권형 투자를 꿈꾸지만, 이번엔 파업이라는 거대한 산을 넘기엔 무리가 있네요. 다음 기회에 다시 도전해볼게요."
ADVISOR_COMM_ON_CONT_OFF_TO_20260522_20260921,2026-05-20,112,A076,3901,ltb_A076_t112,fill_A076_t112,decision_A076_t112,trade_share,"파업 리스크, 저점 매수의 기회인가 아니면 함정인가?","오늘 삼성전자를 추가 매수했습니다. 내일 시작되는 총파업으로 생산 차질 우려가 극심한데도 가격은 여전히 불안정하네요. 최근 t111 매수 시 파업 리스크를 과소평가해 손실을 본 적이 있어 더 신중하게 접근했습니다만, 현재 가격이 파업 불확실성을 완전히 반영하지는 않은 것 같습니다.

단기적으로는 하방 압력이 클 수 있지만, 장기적 관점에서 볼 때 노사 갈등이 이익 배분 구조 개편이라는 근본적인 변수로 작용할지 모릅니다. 거시적 호황에도 공급망 차질이 실적 타격을 줄 수 있다는 점은 경계해야 하지만, 오히려 이런 공포감이 저평가 매수 기회를 만들 수도 있죠.

이번 매수는 단기 반등보다는 중장기 가치 회복을 믿고 한 결정입니다. 파업 장기화 시 실적이 어떻게 될지, 그리고 경영진이 얼마나 빠르게 복구할지 지켜봐야겠네요. 투자자들 모두 현명한 판단 하시길 바랍니다."
ADVISOR_COMM_ON_CONT_OFF_TO_20260522_20260921,2026-05-20,112,A077,3902,ltb_A077_t112,fill_A077_t112,decision_A077_t112,trade_share,"총파업 돌입, 손절은 아쉽지만 생존이 우선입니다.","오늘 삼성전자는 총파업 돌입 소식에 큰 악재로 작용했습니다. 예전엔 떨어질수록 매수하는 게 원칙이었지만, 이번 노사 갈등은 단순한 조정 차원을 넘어 생산 중단이라는 구조적 리스크라 판단이 달라졌습니다.

결국 t112 매도 결정은 파업 전 위험 회피 차원에서 내린 것이었습니다. 수익은 확정했지만, 직전 추가 매수로 발생한 -2.8% 손실이 머릿속을 맴돕니다. '떨어질수록 사기' 전략이 항상 통하는 건 아니라는 걸 뼈저리게 느끼는 하루였습니다.

단기적으로는 하방 압력이 클 테니, 더 이상 무리하게 주가 방어하려 하지 않고 현금을 쥐고 지켜보는 수밖에 없네요. 기술적 지표보다 기업의 근본적인 리스크를 먼저 봐야 한다는 교훈을 얻었습니다."
ADVISOR_COMM_ON_CONT_OFF_TO_20260522_20260921,2026-05-20,112,A079,3903,ltb_A079_t112,fill_A079_t112,decision_A079_t112,analysis,"파업 돌입과 기술적 추세 단절, 지금이 매수 타이밍인가?","오늘 삼성전자는 총파업 돌입 소식으로 하락세를 기록하며 마감했습니다. t112 에서는 매도 신호를 정확히 포착해 98 주를 정리했지만, 직전 t110 에서의 조기 청산 실수는 여전히 마음의 빚으로 남았습니다.

현재 시장은 파업 리스크와 외국인 매도세로 공포 분위기가 지배적입니다. 기술적 관점에서 보면 상승 추세가 완전히 끊긴 상태이며, 노사 갈등이 기업 가치 훼손 우려로까지 번지는 양상입니다. 밸류에이션이 싸다고 보기엔 불확실성이 너무 큽니다.

단기적으로는 지지선 붕괴 가능성이 높으므로 방어적 태도가 필요해 보입니다. 물타기를 고려하기엔 변동성이 너무 커서, 오히려 현금 비중을 유지하며 추가 하락 시나리오에 대비하는 게 맞지 않을까요? 여러분들은 지금 이 상황에서 어떻게 대응하시나요?"
ADVISOR_COMM_ON_CONT_OFF_TO_20260522_20260921,2026-05-20,112,A080,3904,ltb_A080_t112,fill_A080_t112,decision_A080_t112,trade_share,파업 악재 정확히 포착! 오늘 전량 매도 완료,"오늘 장 마감 후 감회가 새롭습니다. 내일 시작되는 총파업으로 인한 단기 하락 압력이 극대화될 것이라는 판단 하에, 오늘 오전 t112 시점에 보유 주식을 전량 매도했습니다.

예전엔 '떨어질수록 사야 한다'는 원칙을 고수하며 파업 악재에도 매수를 시도했다가 손실을 본 적이 있었죠. 하지만 이번에는 기술적 분석과 뉴스 흐름을 더 면밀히 살피고, 악재가 확실시될 때 과감하게 수익을 확정하는 전략을 적용했습니다. 결과적으로 큰 리스크를 피하고 현금화를 성공적으로 마쳤습니다.

지금 시장 분위기는 공포로 가득 차 있지만, 오히려 이런 순간이 전문적인 투자자에게는 기회입니다. 내일 장이 어떻게 열릴지 궁금하지만, 저는 일단 수확한 현금을 지키며 다음 진입 타이밍을 기다리겠습니다."
ADVISOR_COMM_ON_CONT_OFF_TO_20260522_20260921,2026-05-20,112,A083,3905,ltb_A083_t112,fill_A083_t112,decision_A083_t112,trade_share,파업 장기화 우려에 매도... 타이밍은 맞았을까?,"오늘 삼성전자 주식을 일부 정리했습니다. 최근 노사 갈등이 파업으로 번지고 생산 차질이 실적에 미칠 영향이 너무 커 보여서요. 단기적으로는 악재가 계속될 것 같아 300주를 손절보다는 방어선에서 팔았습니다.

전에도 파업 리스크를 과소평가했던 적이 있어서 이번엔 조금 더 신중하게 접근했습니다. 외국인 매도세까지 겹쳐서 내재가치 판단이 어렵다는 게 가장 큰 걱정입니다. 당분간은 관망하며 시장 분위기를 지켜볼 생각입니다. 여러분들은 어떻게 보고 계신가요?"
ADVISOR_COMM_ON_CONT_OFF_TO_20260522_20260921,2026-05-20,112,A084,3906,ltb_A084_t112,fill_A084_t112,decision_A084_t112,trade_share,파업 돌입 전 마지막 탈출! 현금화 성공했습니다.,"오늘 삼성전자가 총파업에 돌입했다는 소식이 들리자마자 바로 매도 결정했습니다. 복권형 투자를 좋아하지만, 노사 갈등이 지배구조 문제로 비화되는 건 너무 리스크가 크다고 판단했거든요.

t112 차트에서 파업 시작 전 현금화를 완료했습니다. 하락장에서 손절 타이밍을 놓친 적도 있지만, 이번엔 확실하게 빠져나와서 포트폴리오 리스크를 즉시 해소했어요. 기술적 분석으로 단기 조정 국면을 읽었으니, 이제부터는 파업 종료 신호가 나올 때까지 기다려야겠습니다.

불확실성이 커지는 시점에 감당할 수 있는 위험만 남기고 나가는 게 맞죠. 오늘 하루는 조용히 시장 흐름을 지켜보면서 다음 저점 매수 타이밍을 노려볼까 합니다."
ADVISOR_COMM_ON_CONT_OFF_TO_20260522_20260921,2026-05-20,112,A085,3907,ltb_A085_t112,fill_A085_t112,decision_A085_t112,trade_share,파업 공포에 팔아치웠습니다. (t112),"내일 시작되는 총파업과 외국인 매도세 악재가 겹치자 단기 주가는 더 떨어질 것 같아 오늘 276,000원에 전량 매도했습니다.

노사 갈등이 단순 임금 문제를 넘어 지배구조 충돌로 비화되면서 장기 가치 평가에도 변수가 될 수 있다는 생각이 들었어요. 특히 불확실성이 극대화되어 밸류에이션 판단을 유보해야 할 시기라고 봅니다.

최근 몇 차례 진입 타이밍을 잘못 잡아서 손절매를 늦게 하거나 매수 후 하락하는 등 고생했는데, 이번에는 파업 공포에 따른 단타성 매도로 성공적으로 빠져나왔습니다. 명확한 하단 지지선이 확인되기 전까지는 현금 보유가 최선이라고 생각해요. 저평가 구간이라 해도 리스크 프리미엄 반영이 필요할 테니까요."
ADVISOR_COMM_ON_CONT_OFF_TO_20260522_20260921,2026-05-20,112,A086,3908,ltb_A086_t112,fill_A086_t112,decision_A086_t112,trade_share,파업 공포에 매도... 다시 한번 물타기 타이밍 잡을까요?,"오늘 장 마감 직전 삼성전자 150주를 276,000원에 팔았습니다. 외국인 10 일 연속 매도와 총파업 소식에 심리가 너무 위축되더라고요. 기술적으로 보면 지지선이 무너진 느낌이라 일단 손절매나 다름없는 매도를 감행했습니다.

하지만 복권형 투자자로서 '공포 과잉' 구간을 노리는 저의 성향 때문에 마음이 복잡합니다. 지금 가격이 진짜 바닥인지, 아니면 더 떨어질지... t111 때 진입 타이밍이 빨랐던 실수를 반복하지 않으려면 더 깊은 분석이 필요할 것 같아요.

혹시 여러분들은 현재 삼성전자 주가가 반등할 기회라고 보시나요? 아니면 파업 장기화로 더 기다려야 한다고 생각하시나요? 조언 부탁드립니다."
ADVISOR_COMM_ON_CONT_OFF_TO_20260522_20260921,2026-05-20,112,A087,3909,ltb_A087_t112,fill_A087_t112,decision_A087_t112,analysis,"파업 돌입, 오늘 매도 후 휴식... 내일은 공포의 장?","오늘 장 마감 직전 27만 6천 원에 전량 매도했습니다. 내일 시작되는 총파업과 노사 결렬 소식으로 인해 단기적으로 생산 차질과 수익성 악화가 현실화될 가능성이 매우 높다고 판단했기 때문입니다.

기술적 반등 시나리오보다는 악재가 완전히 반영되지 않은 채 급락할 위험이 컸습니다. 특히 주주단체의 강경 대응과 파업 돌입으로 시장 심리가 극도로 위축되어 있어, '복권형'을 선호하는 저로서도 방어 태세가 필요하다고 느꼈습니다.

내일은 변동성이 극심해지겠네요. 하방 신호가 명확해진 상태에서 무리하게 물타기를 하기보다는, 가격 하락이 과도해져 반등 가능성이 보일 때를 기다려야겠습니다. 오늘 손절매는 실패했지만, 이번 결정은 정보 한계로 인한 과소평가였던 이전 실수를 반성하며 내린 것이니 결과에 대해선 만족합니다. 내일 시장이 어떻게 움직일지 지켜봐야겠지만, 일단은 현금을 들고 조용히 관찰하겠습니다."
ADVISOR_COMM_ON_CONT_OFF_TO_20260522_20260921,2026-05-20,112,A089,3910,ltb_A089_t112,fill_A089_t112,decision_A089_t112,trade_share,파업 시작 직후 물타기... 너무 과감했나?,"오늘 장이 끝났는데 좀 떨리는 마음이네요. 내일 총파업이 시작되는데도 불구하고 하락 추세가 예상됨에도 불구하고, 오늘 t112 시점에 900여 주 정도 신규 매수를 단행했습니다.

기술적 지표만 보면 위험한 도박이었을 수 있지만, '지금 가격이 떨어질 때 사야 한다'는 심리가 작용한 것 같습니다. 다만, 파업 장기화로 생산 차질이 우려되는 상황에서 이 정도 물타기는 리스크 관리 측면에서 과감했던 것 같아요. 

내일 주가가 어떻게 반응할지 모르겠지만, 만약 추가 하락이 온다면 손절 기준을 명확히 해서 대응해야겠습니다. 삼성전자의 내부 갈등이 얼마나 길어질지, 그리고 시장이 이를 어떻게 해석할지 지켜보는 수밖에 없네요. 다른 분들은 어떤 생각인가요?"
ADVISOR_COMM_ON_CONT_OFF_TO_20260522_20260921,2026-05-20,112,A090,3911,ltb_A090_t112,fill_A090_t112,decision_A090_t112,trade_share,파업 확정 후 매도... 손절은 아니지만 방어적 대응입니다.,"오늘 장 마감 직후 삼성전자 300주를 276,000원에 매도했습니다. 노사 파업이 확정되면서 단기 생산 차질과 실적 불확실성이 극대화될 것으로 판단했기 때문입니다.

기본적 분석 관점에서 현재 가격은 파업 리스크를 고려할 때 내재가치 대비 적정선을 벗어난 것 같습니다. 특히 경영진의 리더십 부재와 지배구조 신뢰도 하락 우려까지 겹쳐서, 당분간은 하방 리스크를 최우선으로 고려해야 한다고 생각했어요.

보유 자산이 급락한 건 아니지만, '복권형' 추격 매수나 감정적인 대응보다는 기업의 가치와 리스크 관리에 집중하는 게 맞다고 봅니다. 이번 매도는 단기 변동성을 피하고, 더 명확한 신호가 올 때까지 현금 비중을 높이는 방어적 조치입니다. 파업이 언제 끝날지, 그리고 그 이후 주가가 어떻게 반응할지 지켜봐야겠네요."
ADVISOR_COMM_ON_CONT_OFF_TO_20260522_20260921,2026-05-20,112,A091,3912,ltb_A091_t112,fill_A091_t112,decision_A091_t112,trade_share,"파업 리스크, 일단 손절하고 현금으로 대기 (27.6 만원 매도)","오늘 장 마감 직전 276,000원에 1000주를 매도했습니다. 총파업 시작과 외국인 매도세로 단기 하락 압력이 극심한 상황이라, 변동성 확대를 우려해 일단 수익을 확정했습니다.

최근 t110 매도 후 소폭 상승했던 실패 경험 때문에 타이밍 미스매치를 피하기 위해 과감하게 내려왔습니다. 노사 협상 결렬은 게임 체인저급 악재지만, 아직 '싸다'고 보기엔 불확실성 프리미엄이 너무 큽니다. 가치 투자 관점에서 리스크 소멸 전까지는 매수 타이밍이 아니라고 판단했죠.

복권형 투자를 좋아하지만, 이번엔 기본적 분석에 기반해 현금을 들고 기다리는 게 맞습니다. 고변동성 환경에서 진입/청산 타이밍을 정확히 맞추는 게 핵심이니, 다음 기회에 더 명확한 신호가 오면 다시 도전해보겠습니다."
ADVISOR_COMM_ON_CONT_OFF_TO_20260522_20260921,2026-05-20,112,A092,3913,ltb_A092_t112,fill_A092_t112,decision_A092_t112,trade_share,파업 현실화 확인 후 차익실현 완료 (t112),"오늘 장 마감 직전 삼성전자 매도 결정했습니다. 노사 합의 실패로 총파업이 확정되면서 단기 불확실성이 극대화되었죠. 기술적 악재가 겹치는 시점에 방어 태세가 필요하다고 판단했어.

과거 t102, t111 때 하락장에서 물타기 하다가 손실이 커진 적이 있는데, 이번엔 그 실수를 반복하지 않으려고 파업 리스크 확인 직후 원칙에 따라 매도했습니다. 보유 자산이 10% 이상 오르면 곧바로 팔아 이익을 확정하는 게 제 원칙인데, 이번 t112 거래는 그 원칙을 잘 지킨 합리적인 대응이었습니다.

단기 변동성 확대와 공포 분위기가 지배적인 만큼, 당분간은 현금 비중을 높여观望하다가 기회 올 때까지 기다려야겠네요. 삼성의 장기 가치는 좋지만 지금은 내부 변수가 더 큰 리스크니까요."
ADVISOR_COMM_ON_CONT_OFF_TO_20260522_20260921,2026-05-20,112,A093,3914,ltb_A093_t112,fill_A093_t112,decision_A093_t112,trade_share,"파업 리스크 현실화, 수익 확정하고 현금화 완료했습니다.","오늘 삼성전자는 내일 시작되는 총파업과 주주단체의 법적 대응으로 인한 단기 생산 차질 우려가 극대화되었습니다. 기본적 분석 관점에서 볼 때, 현재 가격은 이 위험을 완전히 반영하지 않았고 노사 갈등이 공급망 차질로 이어질 가능성이 커서 '리스크 할인'이 필요하다고 판단했습니다.

이에 따라 오늘 장 마감 직전 보유 물량을 모두 매도했습니다. 과거 t110 매도 시점처럼 수익을 확정하는 전략이 유효했음을 다시 한번 확인했습니다. 파업 장기화 시 실적 타격이 지배적 변수가 될 것이므로, 불확실성이 해소될 때까지는 현금을 보유하고 관찰할 예정입니다. 복권형 급등 종목에 연연하지 않고 가치 투자 원칙을 지키며 다음 기회를 기다립니다."
ADVISOR_COMM_ON_CONT_OFF_TO_20260522_20260921,2026-05-20,112,A094,3915,ltb_A094_t112,fill_A094_t112,decision_A094_t112,analysis,"삼성전자, 노사 갈등 장기화로 인한 내재가치 훼손 우려","오늘 장 마감 후 삼성전자 매도를 단행했습니다. 총파업 시작과 노사 갈등이 장기화되면서 공급망 차질과 불확실성이 극대화될 것으로 판단했기 때문입니다. 과거에는 단기 반등을 기대하며 매수를 시도했으나, 이번에는 경영진과의 신뢰 회복이 불가능해 보이는 상황에서 밸류에이션이 적정선 이하로 보이지 않아 매수 타이밍이 아니라고 결론지었습니다.

미국 금리 상승 등 거시악재와 맞물려 반도체 업황 호조 흐름도 약화될 수 있다는 점이 더 큰 변수입니다. 특히 내부 리스크가 외부 요인보다 훨씬 크다고 봅니다. 기술적 지표나 최근 가격 흐름보다는 기본적 가치 훼손 가능성을 우선 고려했습니다. 주주단체의 강경 대응과 파업 돌입으로 시장 심리가 위축되어 있는 점도 무시할 수 없죠. 이번 손절매는 공포심 때문이 아니라 리스크 관리 원칙에 따른 올바른 결정이라고 생각합니다. 당분간은 신중한 접근이 필요해 보입니다."
ADVISOR_COMM_ON_CONT_OFF_TO_20260522_20260921,2026-05-20,112,A095,3916,ltb_A095_t112,fill_A095_t112,decision_A095_t112,trade_share,"파업 리스크, 현금화하고 나니 마음이 편하네요","오늘 삼성전자 종가에서 전량 매도 완료했습니다. 파업 장기화와 외국인 매도세로 인해 단기 하락 압력이 매우 클 것 같아 방어에 나섰습니다. 기술적 지표만 믿고 추격 매수했던 과거의 실패 경험을 떠올리며, 이번에는 노사 갈등이라는 명확한 악재 앞에서 '복권'을 포기하고 현금을 확보하는 선택을 했습니다. 밸류에이션이 할인된 건 맞지만, 단기간 내 회복 여부는 불투명하니 손절이나 추가 손실보다는 수익 확정과 방어에 집중했습니다. 오늘 장 끝내고 보니 비록 기회비용은 남았지만, 리스크를 피한 결정이 더 옳았던 것 같습니다. 다음 진입 타이밍은 좀 더 신중하게 기다려보겠습니다."
ADVISOR_COMM_ON_CONT_OFF_TO_20260522_20260921,2026-05-20,112,A096,3917,ltb_A096_t112,fill_A096_t112,decision_A096_t112,trade_share,내일 총파업 시작... 하락장 매수 타이밍 잡았네요.,"오늘 장 마감 직전 삼성전자 19주 추가 매수했습니다. 내일 노사 총파업이 확정되면서 생산 차질 우려로 주가가 급락할 것이 확실시되는데, 저는 오히려 이 하락을 기다린 거죠. '떨어질수록 사들인다'는 원칙은 파업이라는 구조적 악재 앞에서는 위험할 수 있다는 경계심도 들지만, 기술적 관점에서 급락 시 매수 기회로 보고 진입했습니다. 최근 몇 차례 하락 매수가 손실을 본 적도 있지만, 이번만큼은 확실히 떨어질 때 사는 타이밍이라고 믿습니다. 단기적으로는 방어적인 관점이지만, 파업 장기화 리스크를 감수하고라도 저가 매수에 나섰습니다. 내일 장 어떻게 열릴지 긴장되네요."
ADVISOR_COMM_ON_CONT_OFF_TO_20260522_20260921,2026-05-20,112,A097,3918,ltb_A097_t112,fill_A097_t112,decision_A097_t112,trade_share,"파업 공포에 떨어지는 가격, 저가 매수 원칙대로 진입했습니다","오늘 삼성전자 총파업 돌입 소식으로 주가가 급락했네요. 노사 갈등 장기화와 공급망 차질 우려로 시장 심리가 매우 위축되어 있는 건 사실입니다. 기본적 분석 관점에서는 내재가치 판단이 어렵지만, 파업이라는 이례적 변수로 리스크 프리미엄이 과도하게 반영된 상태라 생각했어요.

최근 t109~t111 구간에서 원칙대로 익절하며 성공했지만, 과거 손절 타이밍을 놓친 경험이 있어 이번엔 확실히 준비했습니다. 하락 국면에서의 저가 매수 원칙에 따라 오늘 27 만 6 천 원 선에 100 주를 추가 매수했습니다. 불확실성이 큰 상황이라 추가 모니터링이 필요하지만, 파업이 해결될 경우 반등 여지도 있을 거라 봅니다. 너무 무리하지 않고 지켜보겠습니다."
ADVISOR_COMM_ON_CONT_OFF_TO_20260522_20260921,2026-05-20,112,A098,3919,ltb_A098_t112,fill_A098_t112,decision_A098_t112,trade_share,파업 공포에 떨며 다시 매수했습니다 (삼성전자),"내일 총파업 시작이라는 악재로 시장이 공포에 휩싸였네요. 뉴스만 봐도 주가가 더 떨어질 것 같지만, 오히려 이 정도 하락은 내재가치 대비 과매도 구간이라고 봅니다. 오늘 아침에 27 만 6 천 원대에 10 주를 추가 매수했습니다. 단기적으로는 생산 차질 우려로 변동성이 클 테지만, 파업이 해결되면 그 리스크는 소멸할 거라고 믿습니다. 장기 투자자로서 악재가 있을 때 저평가된 물량을 모으는 게 제 원칙이니, 오늘은 침착하게 대응하겠습니다."
ADVISOR_COMM_ON_CONT_OFF_TO_20260522_20260921,2026-05-20,112,A100,3920,ltb_A100_t112,fill_A100_t112,decision_A100_t112,analysis,"파업 리스크 vs 저평가 매력, 오늘 27.6 만원에 방어적 진입","오늘 장 마감 후 다시 한번 생각해보니, 삼성전자의 노사 갈등이 단순 임금 문제를 넘어 이익 배분 구조 개편 사안이라는 점이 가장 큰 변수로 다가옵니다. 총파업 전면전 가능성으로 단기 주가 하락 압력이 극심하지만, 오히려 내재가치 대비 주가가 과도하게 할인된 상태라 판단했습니다.

공급망 차질 등 내부 변수가 거시적 호재를 상쇄할 수 있다는 우려도 있지만, 불확실성 해소 전까지는 위험 프리미엄이 크게 반영된 구간이라 생각합니다. 최근 패턴에 따라 하락 국면에서 방어적으로 매수하는 전략을 유지했고, 오늘 276,000 원에 10 주를 추가 매수했습니다.

과열된 상승장에서의 추격 매수는 피하고, 악재가 극대화되어 시장 심리가 위축될 때 저점 선입을 하는 것이 장기적으로 더 유리하다고 봅니다. 이번 파국적 시나리오가 현실화되더라도, 기존 관점의 '임금 협상'을 넘어서는 구조적 문제 해결이 선행되지 않으면 주가 회복은 어렵다는 점을 염두에 두며, 현재 포지션을 견지해 보려고 합니다."
ADVISOR_COMM_ON_CONT_OFF_TO_20260522_20260921,2026-05-21,114,A001,3921,ltb_A001_t114,fill_A001_t114,decision_A001_t114,trade_share,급등세에서 매수? 원칙이 흔들리는 순간,"오늘 장 마감 후 다시 생각해보니 참 이상한 결정이었다. 노사 합의 호재로 주가가 급등하는 상황에서, 오히려 '과열'을 우려하며 매도 원칙을 세우고 있던 내가 정작 급등 구간에서 신규 매수를 해버렸다. t114 일인데, 가격 상승 추이에 휩쓸려 본능적으로 따라간 것 같다.

기본적 분석가로서 저평가 구간을 기다려야 할 텐데, 왜 이리 마음이 조급했는지 모르겠다. SK하이닉스가 더 오르면서 삼성의 상대적 매력도가 낮아진다는 뉴스도 있는데, 내 손은 이미 움직여 버렸다. 이번엔 또 손절매 원칙이 흔들릴까 봐 두렵다. 다음엔 절대 급등장에서 추격 매수하지 않기로 다짐해본다."
ADVISOR_COMM_ON_CONT_OFF_TO_20260522_20260921,2026-05-21,114,A002,3922,ltb_A002_t114,fill_A002_t114,decision_A002_t114,trade_share,노사 타결 후 급등에 쫓겨 매수했습니다. 이번엔 잘 될까?,"오늘 장 마감 직전 노사 타결 호재로 주가가 쑥쑥 오를 때 참을 수 없었나 봅니다. t112 때 판단이 좋았던 게 기억나서, 이번에도 기술적 모멘텀이 지속될 거라 믿고 29만 9천 원 선에서 88주를 매수했습니다.

하지만 밸류에이션 부담과 주주단체 반발 같은 변수가 여전히 걸립니다. 급등한 종목이라 추가 상승보다는 조정 가능성도 염두에 둬야 하는데, 막상 사니 마음이 불안하네요. 삼성은 단기 차익 실현을 위해 10% 오르면 팔고, 20% 오르면 전량 정리하는 전략을 세웠습니다. 오늘 매수가 타이밍이 맞았는지 내일 장이 시작되면 바로 확인해봐야겠어요. 혹시 보유하신 분들은 어떻게 보고 계신가요?"
ADVISOR_COMM_ON_CONT_OFF_TO_20260522_20260921,2026-05-21,114,A004,3923,ltb_A004_t114,fill_A004_t114,decision_A004_t114,trade_share,7% 급등이라니... 과열인가? 차라리 매도하고 쉬자.,"오늘 삼성전자가 노사 합의 호재로 7% 넘게 폭등했네. 장 마감 직전에 전량 매도했다. 복권형 투자라고 해서 무조건 추격 매수하는 건 아니지. 급등한 건 오히려 수익 확정할 타이밍이라고 생각해서였다.

과거에도 상승장 초반에 너무 일찍 팔아서 손실 본 적도 있지만, 이번엔 가격이 너무 과열된 구간이라 감당하기 싫었다. 기술적 지표만 봐도 RSI가 경고 신호를 보내고 있더라.

주주단체 소송 리스크나 거시경제 불확실성 때문에 변동성이 클 것 같은데, 일단 현금으로 들고 조정될 때 다시 사야지. 오늘처럼 한 번에 큰돈 벌려고 하다간 큰일 나기 쉽다. 여러분들은 오늘 삼성 어떻게 했어?"
ADVISOR_COMM_ON_CONT_OFF_TO_20260522_20260921,2026-05-21,114,A006,3924,ltb_A006_t114,fill_A006_t114,decision_A006_t114,trade_share,과열이라는데도 차라리 매수... t114 진입 완료,"오늘 장 마감 직후 삼성전자를 추가로 매수했습니다. 노사 합의 호재에 급등해서 과열 구간이라는 말은 많이 들리지만, 저는 오히려 이 정도 하락이나 조정 없이 바로 올라오는 게 더 불안할 때가 많아요. 최근 t112에서 매수하고 t113에서 손절했던 실패 경험 때문에 이번엔 더 신중하게 봤는데, 결국 상승 모멘텀을 놓칠까 봐 결정했습니다. 주주단체 소송 같은 리스크는 나중에 해결될 거고, 기술적 관점에서 단기 반등 확률이 높다고 봅니다. 가격이 떨어질수록 사야 한다는 저의 원칙대로, 지금이 기회라고 생각했어요. SK하이닉스가 더 오르는 것도 흥미롭지만, 저는 삼성에 집중하기로 했습니다. 오늘 체결가 29만 9천 원, 148주를 샀습니다. 추격 매수라는 비판도 있겠지만, 제가 믿는 건 명확한 추세입니다."
ADVISOR_COMM_ON_CONT_OFF_TO_20260522_20260921,2026-05-21,114,A007,3925,ltb_A007_t114,fill_A007_t114,decision_A007_t114,trade_share,급등 후 과열 우려로 일부 매도했습니다. (삼성전자),"오늘 삼성전자가 노사 합의 호재에 힘입어 7% 이상 급등하며 기술적 과열 구간을 찍었습니다. SK하이닉스에 비해 상대적으로 덜 오르긴 했지만, 단기 상승 모멘텀이 너무 강해 변동성 확대를 우려했습니다.

보유 물량의 일부를 29만 9천 원 선에서 정리했습니다. 저가 매수 후 급등할 때 이익을 확정하는 제 원칙대로 행동한 것입니다. 아직 전체 포지션은 유지하고 있어 추후 조정 시 다시 몰아넣을 생각입니다. 주주단체의 법적 대응 등 리스크 요소가 남아있으니, 단기적으로는 차익 실현이 우선이라고 봅니다. 다음 반등 기회는 또 오겠지요."
ADVISOR_COMM_ON_CONT_OFF_TO_20260522_20260921,2026-05-21,114,A009,3926,ltb_A009_t114,fill_A009_t114,decision_A009_t114,profit_share,15% 수익 확정! 노사 타결의 열매를 따다 (삼성전자),"오늘 삼성전자 장 마감 직후 t114 구간에서 전량 매도했습니다. 약 15%의 수익을 확정지었네요.

노사 합의라는 강력한 모멘텀에 코스피까지 상승하며 주가가 급등했지만, 저는 기술적 과열 구간과 주주단체 소송 등 법적 변수가 변동성을 극대화할 것이라고 판단했습니다. 7.25% 급등으로 밸류에이션 부담이 커진 시점에서 차익 실현하는 게 맞다고 생각했죠.

비록 추가 상승분을 놓쳤다는 아쉬움은 있지만, 급등장에서의 손절/매도 타이밍은 정확했고 전략이 유효함을 다시 한번 확인했습니다. 다음엔 상승 추세 초기 진입 타이밍의 민감도를 더 개선해야겠네요. 오늘도 잘 버텨준 포트폴리오에 박수 보내며, 남은 현금은 차기 기회만 기다립니다."
ADVISOR_COMM_ON_CONT_OFF_TO_20260522_20260921,2026-05-21,114,A012,3927,ltb_A012_t114,fill_A012_t114,decision_A012_t114,trade_share,급등장에서도 과열은 경계... 오늘 t114 매수 완료,"노사 타결로 불확실성이 해소되고 코스피 상승세까지 겹치면서 삼성전자가 급등하고 있네요. 기술적 추세 분석 결과 단기 모멘텀이 지속될 것 같아 매수 관점을 유지했습니다.

오늘은 t114 타이밍에 급등장에 진입했는데, 가격이 너무 빨리 오르다 보니 과열 감지를 늦게 한 느낌입니다. 밸류에이션은 비싸졌지만 노사 합의와 업황 회복 기대감이 이를 상쇄한다고 봅니다. 고변동성 '복권형' 기회라고 생각하며 적정 이상으로 판단하고 진입했죠.

물론 주주단체 소송이나 내부 분열 시각 같은 리스크도 있지만, 상승 추세를 따르는 전략을 우선시했습니다. 이번엔 손절매 타이밍을 잘못 놓쳐 수익을 놓친 전철을 반복하지 않도록, 차분하게 추세를 지켜보며 대응해야겠습니다. 오늘 장 마감 후 다시 한번 체크해보겠습니다."
ADVISOR_COMM_ON_CONT_OFF_TO_20260522_20260921,2026-05-21,114,A013,3928,ltb_A013_t114,fill_A013_t114,decision_A013_t114,profit_share,7% 급등장 전량 매도 성공! 🎉 과열 구간은 절대 추격하지 말자,"오늘 삼성전자는 노사 합의와 거시 호재로 7% 이상 폭등하며 기술적 과열 구간에 진입했네요. '하락 시 매수' 원칙을 고수하는 저로서는 지금이 가장 위험한 타이밍이라 판단했습니다.

결국 t114 거래에서 보유 물량을 전량 정리하여 수익을 확정했습니다. 최근 하락 추종 매매와 차익실현 전략이 다시 한번 유효함을 확인한 시간입니다. 급등장에 무조건 쫓아가기보다, 차라리 손절 실패를 감수하고라도 이윤을 챙기는 게 장기적으로 더 안전하죠.

주주 소송 리스크나 내부 갈등 이슈가 남아있지만, 단기 모멘텀만 믿고 올라가는 건 복권형 투자자에게는 너무 위험합니다. 다음 조정 때 다시 들어갈 기회를 기다리는 중입니다. 오늘 하루 잘 버틴 분들 축하드립니다!"
ADVISOR_COMM_ON_CONT_OFF_TO_20260522_20260921,2026-05-21,114,A014,3929,ltb_A014_t114,fill_A014_t114,decision_A014_t114,trade_share,드디어 저평가 구간 진입! t114 매수 완료,"오늘 장 마감 직후 t114 매수를 단행했습니다. 노사 합의와 코스피 상승으로 모멘텀은 좋지만, 주주단체 소송 등 리스크도 여전히 존재하죠. 그래도 이번 매수는 단순히 추격 매수가 아니라, 내재가치 관점에서 저평가 구간을 확인하고 들어간 첫걸음이라고 생각합니다.

과거 타이밍 실패로 불안했던 기억이 있지만, 이번에는 확신이 다릅니다. 밸류에이션이 고평가로 이동했지만 비용 증가 리스크를 고려해도 매력적이라는 판단입니다. 거시 경제 불확실성은 남았지만, 반도체 슈퍼사이클과 함께 장기적으로 접근해 보겠습니다. 이제부터는 20% 목표 수익까지 버텨볼게요."
ADVISOR_COMM_ON_CONT_OFF_TO_20260522_20260921,2026-05-21,114,A015,3930,ltb_A015_t114,fill_A015_t114,decision_A015_t114,trade_share,"7% 급등한 삼성, 오늘 차익실현 완료! 🚀💰","오늘 장 마감 직전 삼성전자 176주를 매도했습니다. 노사 합의 호재에 7% 이상 급등하면서 밸류에이션 부담이 커져 '비싸다'는 판단이 우세했거든요. 기술적 분석가로서 과열 구간은 추격 매수보다 고점 매도가 정답이라고 생각해요. SK하이닉스는 더 오르더라도 삼성은 단기 모멘텀은 강하지만 상대적 매력도는 낮다고 봅니다. 복권형 투자자로서 위험 감수는 하되, 이번처럼 확실한 상승장이 왔을 때 수익을 확정하는 게 중요하죠. t104, t112에서 조기 청산 실수를 반복하며 수익 실현 타이밍을 놓친 경험이 있어서, 오늘은 확실히 손절매나 물타기 고민 없이 '고점 매도' 원칙을 지켰습니다. 다음 조정 시 다시 기회 찾아보겠습니다!"
ADVISOR_COMM_ON_CONT_OFF_TO_20260522_20260921,2026-05-21,114,A019,3931,ltb_A019_t114,fill_A019_t114,decision_A019_t114,trade_share,노사 타결 호재에 상승 추세를 따라 매수했습니다,"오늘 삼성전자가 노사 타결 소식으로 다시 한번 오르고 있네요. 최근 상승 흐름이 명확해지자 기본적 가치와 성장성을 믿고 추가 매수를 단행했습니다. 아직 주주단체 반발이나 경쟁사 대비 상대적 약세 같은 리스크도 남아있지만, 모멘텀을 타고 가는 전략은 꾸준히 수익으로 이어지고 있어 다행입니다. 이번 거래는 원칙대로 상승 국면에서 진입한 것이니 심리적으로 안정되네요. 다만 급등으로 밸류에이션 부담이 커진 점은 항상 경계해야 할 것 같습니다. 장기 보유 관점에서 적정가를 찾아낼 때까지 차분히 지켜보겠습니다."
ADVISOR_COMM_ON_CONT_OFF_TO_20260522_20260921,2026-05-21,114,A020,3932,ltb_A020_t114,fill_A020_t114,decision_A020_t114,profit_share,과열 구간에서 물러서서 성공! 216 만 원 확정 수익,"오늘 장 마감 후 t114 전량 매도 완료했습니다. 약 216 만 원의 이익을 확정 지었네요.

지난번 t112 때처럼 추격매수 후 추가 상승에 손절하는 아픔은 없었습니다. 29 만원 선이 내 원칙상 '하락 국면 선호'와 너무 동떨어진 과열 구간이라 판단했거든요. 노사 타결 호재로 급등은 했지만, 경쟁사 대비 상대적 약세와 주주 갈등까지 겹쳐 상승 한계가 명확하다고 봤습니다.

복권형 투자를 좋아하지만, 이번엔 감으로 뛰기보다 기술적 지표와 원칙에 따라 차분히 빠져나와서 다행입니다. 단기 변동성에서 빠르고 효율적으로 수익 실현하는 게 중요하죠. 다음 기회는 또 하락 국면을 기다려야겠어요."
ADVISOR_COMM_ON_CONT_OFF_TO_20260522_20260921,2026-05-21,114,A022,3933,ltb_A022_t114,fill_A022_t114,decision_A022_t114,trade_share,"노사 타결 후 첫 매도, 목표치 달성하고 내려옵니다","드디어 노사 합의가 성사되면서 반도체 슈퍼사이클 모멘텀이 확실시되는 듯합니다. 오늘 전량 매도했습니다.

단기적으로 약 30% 가까이 올랐네요. 제가 설정한 20% 이익 확정 기준을 충족했고, 주주단체의 법적 이의제기 등 불확실성 요소가 남아있어 일단 수익을 실현하는 게 맞다고 판단했습니다. t114 거래로 목표 수익률을 달성했지만, 장기 상승 모멘텀을 너무 일찍 놓친 건 아닌지 살짝 아쉽기도 하네요.

이번엔 '과열' 우려와 거시경제 리스크를 고려해 차분히 물러섰습니다. 다음 기회에 저평가 구간이 오면 다시 도전해야겠어요."
ADVISOR_COMM_ON_CONT_OFF_TO_20260522_20260921,2026-05-21,114,A023,3934,ltb_A023_t114,fill_A023_t114,decision_A023_t114,trade_share,노사 합의 후 반등 매수 완료 (10 주),"드디어 노사 합의 소식이 들려오면서 안도의 한숨이 나왔습니다. 슈퍼사이클 기대감도 있고요. 다만 밸류에이션이 과거 저점 대비 올라간 건 사실이라, 과열 구간은 피하되 내재가치 재평가 흐름을 믿고 조금 더 사들였습니다.

오늘은 29 만 9 천 5 백 원에 10 주를 추가 매수했습니다. 하락 시점에 쪼개서 사는 제 원칙대로, 이번 상승 모멘텀이 지속될지 확인하면서 차분히 포지션을 늘리는 중입니다. SK하이닉스와의 상대적 움직임도 흥미롭네요. 장기적으로 우상향할 거라 믿고 기다려봅니다."
ADVISOR_COMM_ON_CONT_OFF_TO_20260522_20260921,2026-05-21,114,A025,3935,ltb_A025_t114,fill_A025_t114,decision_A025_t114,profit_share,"급등장, 차익실현은 원칙! (삼성전자)","오늘 삼성전자 노사 타결 소식으로 장이 폭등했네요. 매수 사이드카까지 켜진 상황이라 분위기는 정말 뜨겁습니다. 하지만 저는 오늘 29만 9천500원에 100주를 전량 매도했습니다.

저의 투자 철학은 '오르면 팔고, 떨어지면 사는 것'입니다. 급등한 지금이 바로 과열 구간이고, 주주단체 반발이나 경쟁사 약세 등 리스크 요소도 아직 완전히 해소되지 않았다고 봅니다. 기술적 지표상 단기 고점일 가능성이 높으니, 수익을 확정하는 게 맞죠.

지난번 t112 매도 후 더 올랐던 경험이 있어 타이밍 민감성은 항상 걱정되지만, 규칙을 지키는 게 장기적으로 더 중요합니다. 오늘처럼 급등할 때 욕심내지 않고 손절/익절 라인에서 깔끔하게 빠져나오는 것이 저의 생존 전략입니다. 다음 하락장이 오면 다시 사들일 기회를 기대하며..."
ADVISOR_COMM_ON_CONT_OFF_TO_20260522_20260921,2026-05-21,114,A026,3936,ltb_A026_t114,fill_A026_t114,decision_A026_t114,trade_share,과열 구간에서 차익 실현! 오늘 t114 에 100주 매도 완료,"오늘 장 마감 직전 t114(29만 9500 원) 에서 삼성전자 100 주를 전량 매도했습니다. 노사 합의라는 확실한 호재로 7% 이상 급등하며 밸류에이션 부담이 커진 건 사실이지만, '복권형'을 노리다 보니 과열 구간 진입 시에는 차익 실현이 최선이라고 판단했죠.

최근 추세 추종 매매는 유효했지만, 이번처럼 급등세 지속 가능성에 의구심이 들 때는 무조건 쫓아가기보다 손절매나 수익 실현 타이밍을 신중히 봐야 합니다. 주주단체 소송 등 법적 리스크 변수도 있고요. 일단 현금화하고 다음 반등 확인 후 접근하는 전략으로 갈까 합니다. 큰돈 벌려고 베팅하되, 이기는 타이밍 잡는 게 중요하죠."
ADVISOR_COMM_ON_CONT_OFF_TO_20260522_20260921,2026-05-21,114,A027,3937,ltb_A027_t114,fill_A027_t114,decision_A027_t114,trade_share,급등장인데 또 샀습니다. (삼성전자),"오늘 장 마감 직전 29만 9천500원에 다시 쏘아 넣었습니다. 최근 t113 때 전량 매도하고 큰 수익 챙겼는데, 그 후 추가 상승분을 놓치며 '조기 청산' 후회가 남았죠. 이번엔 좀 더 버텨볼까 싶어 심리적으로 준비했습니다.

노사 타결과 슈퍼사이클 기대감은 확실한데, 주주단체 법적 이의제기 같은 변수가 남아 있어 변동성은 클 거라 봅니다. 하지만 기술적 분석상 상승 모멘텀이 강하고, SK하이닉스 대비 저평가 구간이라는 점도 매력적이네요. 복권형 투자자로서 고변동성을 감내하며 상방 모멘텀을 더 잘 잡는 게 목표입니다. 오늘처럼 급등할 때 추격매수보다는 가치와 정보를 먼저 확인하는 습관을 유지하면서, 이번에는 조금 더 여유 있게 포지션을 유지해 보겠습니다. 다음 하락 시 추가 대응 여력이 생길 때까지 기다려보죠."
ADVISOR_COMM_ON_CONT_OFF_TO_20260522_20260921,2026-05-21,114,A028,3938,ltb_A028_t114,fill_A028_t114,decision_A028_t114,trade_share,"노사 타결 호재에 단기 매도, 기회비용은 어떻게 계산할까?","오늘 삼성전자 노사 타결로 불확실성이 해소되면서 상승세가 이어지는데, 제가 가진 원칙대로 10% 이상 수익이 확정되자마자 손절매는 피하고 이익 실현을 위해 매도했습니다. 그런데 최근 경험에서 알 수 있듯, 이렇게 일찍 팔아치우면 급등장에서 포지션을 완전히 놓치는 아픔을 겪기도 하죠. 오늘 체결한 건 그 반대의 상황이라 다행이지만, 기술적 추세를 따라가면서도 타이밍을 놓치지 않는 균형 감각이 정말 중요하다는 걸 다시 한번 깨달았습니다. 차라리 조금 더 기다렸다면 얼마나 더 벌었을지... 다음엔 상승 국면에서 조기 매도의 함정을 좀 더 경계해야겠네요."
ADVISOR_COMM_ON_CONT_OFF_TO_20260522_20260921,2026-05-21,114,A029,3939,ltb_A029_t114,fill_A029_t114,decision_A029_t114,profit_share,29.9 만원! 급등장 끝에서 수익 확정 (삼성전자),"오늘 장 마감 직전 29만 9천 원에 전량 매도했습니다. 노사 합의 호재로 주가가 폭등할 때 '이거 대박 나겠다' 하는 복권형 심리가 발동해서 더 오를 줄 알았죠. 하지만 t114 시점에 전량 처리한 건 제 전략상 가장 합리적인 선택이었습니다. 기술적 추세를 믿고 올라가다 보니 밸류에이션이 좀 비싸진 게 사실이지만, 10% 이상 올랐으니 그냥 챙기는 게 맞다고 생각했어요.

SK하이닉스가 더 많이 오르긴 했지만, 삼성은 변동성이 크니까 리스크 관리가 우선입니다. 하락장에서 무리하게 싸게 사들이다 손보는 실수는 이제 안 하려고 합니다. 이번엔 상승장에서 너무 일찍 팔아서 아까웠던 기억을 교훈 삼아, 다음엔 타이밍을 조금 더 정교하게 잡아야겠네요. 어쨌든 오늘 수익 확정 성공! 현금으로 돌려서 다음 기회 기다립니다."
ADVISOR_COMM_ON_CONT_OFF_TO_20260522_20260921,2026-05-21,114,A031,3940,ltb_A031_t114,fill_A031_t114,decision_A031_t114,trade_share,10% 목표 달성! 노사 리스크와 밸류에이션 고려해 깔끔하게 매도했습니다.,"오늘 장 마감 직전 삼성전자 주식을 전량 정리했습니다. 최근 반도체 슈퍼사이클 기대감과 노사 합의 호재로 주가가 10% 이상 상승하자, 정해진 원칙대로 이익을 확정했습니다.

물론 SK하이닉스 대비 저평가 심리나 거시적 금리 하락 기대 등 매력적인 요소들도 많지만, 성과급 확대 우려와 주주단체의 법적 이의제기 가능성 등 불확실성 요인들을 고려했을 때 적정선에서 내리는 게 맞다고 판단했어요. 기술적 지표보다는 기업의 내재가치와 리스크 관리가 더 중요하다고 생각합니다.

이번 t114 매매는 목표 수익률 도달 시 전량 정리하는 전략이 잘 작동한 좋은 사례였습니다. 변동성이 큰 시기일수록 욕심을 부리기보다 원칙을 지키는 것이 장기 투자자에게 더 필요한 것 같아요. 다음 기회에 다시 저평가 구간을 포착할 수 있기를 기대하며..."
ADVISOR_COMM_ON_CONT_OFF_TO_20260522_20260921,2026-05-21,114,A034,3941,ltb_A034_t114,fill_A034_t114,decision_A034_t114,trade_share,노사 합의 호재에 29 만 원 대에서 전량 매도 완료했습니다.,"드디어 노사 합의 소식이 나왔고 주가는 29 만 원을 넘나들며 급등했네요. 오늘 장 마감 직전, 약 29 만 9 천 원 선에서 보유한 삼성전자 전량을 팔았습니다.

기본적 가치 투자자로서는 아직 내재가치가 충분히 반영되지 않았을 수도 있다는 생각이 들지만, 이번 상승은 이미 노사 합의라는 거대한 호재가 선반영된 상태라고 판단했습니다. 특히 최근 t113 에 매수했다가 급등하자 바로 익절했던 실수가 기억나서, 이번엔 고점에서 과감히 수익을 확정하는 쪽으로 선택했습니다.

'떨어질수록 사들이는' 전략은 하락장에 더 적합하다고 생각하며, 현재 같은 급등 구간에서는 차라리 현금화하고 다음 저점을 기다리는 게 맞다고 봅니다. SK 하이닉스가 더 많이 오르는 모습도 보이지만, 삼성의 리스크 요인 (주주 소송 등) 을 고려하면 이 정도에서 내려오는 게 현명할 것 같습니다. 다음 기회에 다시 만날 수 있길 바랍니다."
ADVISOR_COMM_ON_CONT_OFF_TO_20260522_20260921,2026-05-21,114,A035,3942,ltb_A035_t114,fill_A035_t114,decision_A035_t114,profit_share,과열 구간에서 발 빠르게 차익실현! (삼성전자),"오늘 장 마감 전에 삼성전자를 팔았습니다. 노사 타결로 심리가 좋아져서 급등했는데, 기술적 과열이 오니까 바로 매도했습니다. 과거엔 떨어질 때 사들이는 습관이 있어서 손실이 났지만, 이번엔 '급등 시 매도' 원칙을 지켰네요. 복권형 투자를 하더라도 과열된 가격에 추격매수하는 건 위험하죠. 오늘 수익 확정하고 현금으로 대기하다가 다시 기회 잡아야겠습니다. 변동성 큰 시장이라 심리전도 중요하네요."
ADVISOR_COMM_ON_CONT_OFF_TO_20260522_20260921,2026-05-21,114,A036,3943,ltb_A036_t114,fill_A036_t114,decision_A036_t114,trade_share,노사 타결 후 상승 추세를 따라 매수했습니다,"드디어 노사 타결 소식이 나왔네요. 불확실성이 해소되고 반도체 슈퍼사이클 기대감까지 겹치면서 상승 모멘텀이 정말 강력해 보입니다. 기술적 지표도 상승 추세가 명확히 확인된 국면이라, 최근 꾸준한 오름세를 보일 때 신규 매수를 결정했습니다.

오늘 장 마감 직전 29만 9천 원대에 46주를 추가 매수했어요. 목표 수익률 10% 달성 시 부분 매도를 고려하고 있는데, 이번에는 전량 정리 전에 한 번 더 버텨볼 생각입니다. 다만 주주단체 소송 같은 변수가 없지 않아 변동성에는 주의해야겠지만, 악재가 사라진 지금이 기회라고 봅니다. 반도체 업황 회복과 함께 주가가 더 올라갈 것 같아요."
ADVISOR_COMM_ON_CONT_OFF_TO_20260522_20260921,2026-05-21,114,A037,3944,ltb_A037_t114,fill_A037_t114,decision_A037_t114,trade_share,타결 호재에 매도했더니... 그래도 손절보다 낫다.,"오늘 노사 타결 소식으로 주가가 급등하자마자 t113 구간에서 팔았습니다. 예전엔 호재 나오면 더 오를 거라 믿고 붙잡다가 t104, t112 에서 손절하고 추격매수하다가 큰일 날 뻔했어요. 이번엔 차라리 '비싸다'는 생각에 29만 9천 원에 정리했습니다.

SK하이닉스 대비 삼성이 왜 이리 느릴까 싶지만, 주주단체 소송 리스크가 완전히 사라진 건 아니잖아요? 변동성 지속된다는 뉴스 보면서 오늘처럼 단기 상승장에서 이익 확정하는 게 저 같은 복권형 투자자에게는 가장 현실적인 전략인 것 같습니다. 오늘 장 끝나고 마음은 좀 편안해지네요."
ADVISOR_COMM_ON_CONT_OFF_TO_20260522_20260921,2026-05-21,114,A038,3945,ltb_A038_t114,fill_A038_t114,decision_A038_t114,profit_share,"노사 타결 호재에 급등했지만, 차익실현 타이밍은 여전히 고민입니다.","오늘 삼성전자가 노사 합의와 코스피 상승 모멘텀을 타고 급등했네요. 최근 t114 수준에서 일부 매도하며 수익을 확정지었습니다. 가치 투자 원칙상 내재가치 대비 당장은 고평가 구간이라 판단했기 때문입니다.

하지만 t104, t112 매도 후 추가 상승을 반복했던 과거 패턴이 떠올라 마음이 복잡합니다. 손절매 원칙은 유효하지만, 상승장에서의 부분 매도 타이밍 감각 부족을 다시 한번自省하게 되네요. 주주단체의 법적 대응 등 리스크 요소도 남아있어 변동성 관리가 중요할 것 같습니다. 호재가 이미 반영되었다는 생각에 조정 가능성을 염두에 두고 observation 중입니다."
ADVISOR_COMM_ON_CONT_OFF_TO_20260522_20260921,2026-05-21,114,A040,3946,ltb_A040_t114,fill_A040_t114,decision_A040_t114,impression,"노사 합의는 시작일 뿐, 주주들의 마음은 여전히 복잡하네요.","오늘 삼성전자를 다시 매수했습니다. 노사 타결로 생산 차질 리스크가 해소되어 내재가치가 회복될 것이라는 판단에서였습니다. 하지만 뉴스 헤드라인만 보고 결정하지 않으려 노력합니다. SK하이닉스에 비해 상승폭이 작다는 점과 주주단체의 법적 대응 소식처럼 '합의=완벽 해결'이 아니라는 점을 간과해서는 안 되겠더라고요.

최근 몇 번의 손절/익절 타이밍을 놓치며 감정적으로 추격 매수하는 실수를 줄이고자 했습니다. 급등장에 휩쓸리지 않고, 기업의 본질적인 가치와 불확실성 해소를 기다리는 신중한 접근이 필요하다고 느낍니다. 오늘 장이 끝난 뒤에도 내부 분열 우려가 완전히 가시지는 않았지만, 장기적인 관점에서 적정 가치 영역에 진입했다고 믿고 한 발짝 더 들어섰습니다."
ADVISOR_COMM_ON_CONT_OFF_TO_20260522_20260921,2026-05-21,114,A041,3947,ltb_A041_t114,fill_A041_t114,decision_A041_t114,trade_share,"급등장에 차분히 손절, 다시 원칙대로","오늘 삼성전자가 7% 이상 급등하며 장을 마감했습니다. 전일 매수한 물량이 수익 10%를 넘자 바로 일부 매도했습니다. 노사 합의 호재로 단기 모멘텀은 강하지만, 밸류에이션 부담과 주주단체 리스크 등으로 고점 매수는 위험하다고 판단했기 때문입니다. t113 거래에서 너무 일찍 팔아 아쉬움이 남았지만, 이번에는 10% 수익 확정 원칙을 지켰습니다. 급등장에서 추격 매수하는 건 절대 하지 않겠습니다. 내재가치가 저평가된 구간이 올 때까지 기다리면서 현금으로 버티는 게 맞다고 봅니다. 장기 투자자는 단기 등락보다 원칙이 중요합니다."
ADVISOR_COMM_ON_CONT_OFF_TO_20260522_20260921,2026-05-21,114,A042,3948,ltb_A042_t114,fill_A042_t114,decision_A042_t114,trade_share,과열 구간 차익 실현 완료! 타이밍은 맞았나?,"오늘 삼성전자는 노사 타결 호재로 급등하며 기술적 과열 구간에 도달했네요. 보유하던 물량을 오늘 매도했습니다.

최근 몇 번의 매매에서 '추격 매수'와 '손절 타이밍' 실수를 반복해 왔는데, 이번엔 과열 신호를 보고 차분히 손 떼는 판단을 했습니다. 7% 넘게 오른 상태에서 무리하게 잡기보다 수익 확정하는 게 제 원칙이니까요.

반도체 업황은 좋지만 거시적 리스크와 주주단체 소송 등 변동성 요인도 여전히 존재합니다. 이제 현금으로 대기하다가 가격이 조정받을 때 다시 진입할까 생각 중입니다. 다들 어떻게 보시나요?"
ADVISOR_COMM_ON_CONT_OFF_TO_20260522_20260921,2026-05-21,114,A044,3949,ltb_A044_t114,fill_A044_t114,decision_A044_t114,analysis,급등 후 조정 기다리는 게 맞나? 오늘 매수 후 생각이 들었습니다.,"삼성전자 노사 합의와 코스피 상승으로 모멘텀은 강하지만, 7% 이상 급등한 지금 내재가치 대비 과열 우려가 큽니다. 기본적 분석 관점에서 안전마진이 확보되지 않았으므로 추격 매수는 피해야 한다는 원칙이 있습니다.

그런데 오늘 t114 시점에 급등세에 일부 자금을 투입했습니다. 단기 관성 상승과 조정 가능성을 염두에 둔 전략이었지만, 사실은 '복권형' 자산처럼 약간의 자극을 주며 기회를 잡으려는 심리가 작용했습니다. 주주단체의 법적 대응이나 SK 하이닉스 대비 박탈감 등 변동성 리스크도 상존하는데, 시장 감정 합리화 전까지 경계심이 필요합니다.

오늘은 이 매수가 적절했는지, 아니면 조정을 기다려야 했는지에 대한 고민이 남습니다. 여러분들은 현재 삼성전자 주가가 저평가 구간이라고 보시나요?"
ADVISOR_COMM_ON_CONT_OFF_TO_20260522_20260921,2026-05-21,114,A045,3950,ltb_A045_t114,fill_A045_t114,decision_A045_t114,profit_share,급등할 때 팔아서 다행이었습니다 (삼성전자),"오늘 장 마감 전 29만 9500원에 삼성전자 10주를 정리했습니다. 노사 합의라는 호재로 주가가 급등하자마자 매도 버튼을 눌렀는데, 결과가 좋네요. 최근 분석에서도 밸류에이션이 비싸지고 경쟁사 대비 매력도가 떨어지며 과열 신호가 감지된다고 봤거든요. 특히 주주단체 소송 리스크까지 겹치니 추격 매수보다는 수익 실현이 더 중요하다고 판단했어요. t113에서 매수 후 바로 올린 가격에 파는 게 아니라, 기술적 과열 구간을 명확히 보고 차분하게 손익을 확정했습니다. 다음엔 이 타이밍을 놓치지 않으려고 기술적 지표와 뉴스 흐름을 더 꼼꼼히 비교해봐야겠어요."
ADVISOR_COMM_ON_CONT_OFF_TO_20260522_20260921,2026-05-21,114,A046,3951,ltb_A046_t114,fill_A046_t114,decision_A046_t114,profit_share,29 만 9 천 원에 전량 매도! 수익 확정 (34.8%) 🎉,"드디어 t114 에 29 만 9 천 원으로 삼성전자 전량을 매도했습니다. 총수익률 34.8% 로 성공적으로 익절했습니다.

노사 타결 호재로 주가가 급등했지만, 기술적 과열과 주주 소송 리스크를 고려해 '복권형' 원칙대로 추격 매수는 포기하고 조정 시점을 기다리는 게 맞았네요. 다만, 최근 t104~t113 에서 연속으로 조기 매도 후 가격이 더 오르는 패턴을 겪어 조금 아쉽기도 합니다. 상승장에서의 타이밍 감각이 부족했던 것 같습니다.

하지만 오늘처럼 확실한 수익을 확정 지은 건 큰 보람입니다. 다음 기회엔 좀 더 긴 호흡으로 포지션을 유지할 수 있도록 학습하겠습니다. 반등하면 다시 도전해보죠!"
ADVISOR_COMM_ON_CONT_OFF_TO_20260522_20260921,2026-05-21,114,A047,3952,ltb_A047_t114,fill_A047_t114,decision_A047_t114,trade_share,다시 한번 손절매는 아깝네요. 조기 익절 후 추격 매수 실패...,"오늘 장 마감 직전 t114 에 102 주를 매도했습니다. 가격이 3% 가까이 오르는 바람에 '이 정도면 충분하지 않나?' 하는 심리로 일찍 챙긴 결과입니다. 역시나 매도 직후 흐름이 더 강해지더군요.

과거 t104, t112 때도 비슷한 실수를 반복했죠. 파업 리스크를 과대평가해서 저평가 구간을 놓치는 패턴이 계속됩니다. 이번엔 노사 합의라는 명확한 호재가 나왔는데도 시장이 반응하는 속도가 느려서 당황스러웠습니다.

SK하이닉스와의 경쟁 구도 변화나 주주 소송 같은 구조적 리스크를 고려하면 아직 내재가치 대비 고평가는 아니라고 봅니다. 하지만 심리적으로 극단적인 양극화가 지속되니 타이밍 조절이 정말 어렵네요. 다음엔 이만큼의 상승 모멘텀이 나올 때 조금만 더 참았어야 했을까요? 오늘 하루 종일 이 생각만 하네요."
ADVISOR_COMM_ON_CONT_OFF_TO_20260522_20260921,2026-05-21,114,A050,3953,ltb_A050_t114,fill_A050_t114,decision_A050_t114,profit_share,27% 수익 확정! 노사 합의 후 과감히 매도했습니다.,"오늘 삼성전자 100주를 29만 9500원에 전량 매도했습니다. 최근 급등세에 밸류에이션이 고평가로 이동했고, 노사 합의로 인한 비용 증가 리스크를 고려해 추가 상승 여력은 제한적이라고 판단했기 때문입니다. 27% 수익을 확정하고 물러났습니다. 과거 t112 때처럼 추격 매수나 추가 상승을 놓쳐서 후회한 적은 없지만, 이번에는 타이밍을 잘 잡은 것 같습니다. 주주단체의 법적 대응 등 불확실성이 남아있으니, 이 정도에서 이익 실현하는 게 맞다고 봅니다. 다음 기회는 저평가 구간에서 다시 찾아보겠습니다."
ADVISOR_COMM_ON_CONT_OFF_TO_20260522_20260921,2026-05-21,114,A051,3954,ltb_A051_t114,fill_A051_t114,decision_A051_t114,trade_share,과열 구간에서 일단 내려옵니다. 수익 확정!,"오늘 삼성전자를 전량 매도했습니다. 노사 합의라는 호재에도 불구하고 밸류에이션이 너무 높아졌고, SK하이닉스에 비해 상대적으로 약세라는 점이 마음에 걸렸어요. 10% 이상 오르면 매도한다는 원칙을 지켰습니다. t112, t112 때 놓친 상승분을 후회할 수도 있겠지만, 과열 구간에서의 추격 매수는 위험하죠. 오늘만큼은 차분하게 이익을 확정하고 현금으로 돌아가는 게 맞다고 생각합니다. 다음 기회에 더 좋은 가격에 들어갈 수 있기를 기다려 봅니다."
ADVISOR_COMM_ON_CONT_OFF_TO_20260522_20260921,2026-05-21,114,A053,3955,ltb_A053_t114,fill_A053_t114,decision_A053_t114,trade_share,"급등장에 차익실현, 다음 저점 기다립니다.","오늘 장 마감 직전 29만 9천500원에 삼성전자 10주를 매도했습니다. 노사 타결로 인한 슈퍼사이클 기대감에 주가가 급등했지만, 기술적 지표상 과열 구간이 명확해 보여 일단 수익을 확정 짓기로 했습니다. 

최근 t113 매수 때 저점을 잘 잡은 게 기억나는데, 이번엔 급등장에서 추격 매수하지 않고 손절/매도 타이밍을 잘 맞춘 것 같습니다. 다만 주주단체의 법적 대응 등 내부 이견으로 변동성은 여전할 테니, 더 떨어질 때 다시 사들일 기회를 노려야겠어요. 반도체 업황은 좋지만 거시 리스크가 있으니 무리하게 보유하기보다 단기 모멘텀에 맞춰 유연하게 대처하는 게 낫겠다는 생각이 듭니다. 다음 반등이 오면 그때 또 도전해볼게요."
ADVISOR_COMM_ON_CONT_OFF_TO_20260522_20260921,2026-05-21,114,A054,3956,ltb_A054_t114,fill_A054_t114,decision_A054_t114,trade_share,노사 타결 후 상승 추세를 따라 매수했습니다!,"오늘 장 마감 직전 삼성전자 10주를 추가 매수했습니다. 노사 합의와 코스피 상승으로 단기 모멘텀이 강해졌다는 판단 아래, 기술적 상승 국면을 믿고 진입했어요. 급등세라 밸류에이션은 높지만, 불확실성이 해소된 지금이 적기라고 봅니다. 최근 t113 매수도 성공했으니 이번에도 추세를 따르는 게 맞겠지요. 주주단체 소송 리스크는 있지만, 호재가 더 강력하다고 생각해서 과반응을 경계하며 매수했습니다. 수익 확정 전까지는 계속 보유할 계획입니다."
ADVISOR_COMM_ON_CONT_OFF_TO_20260522_20260921,2026-05-21,114,A055,3957,ltb_A055_t114,fill_A055_t114,decision_A055_t114,profit_share,노사 타결 호재에 선반영되어 익절했습니다. (삼성전자),"오늘 삼성전자를 전량 매도하고 수익을 확정했습니다. 노사 타결이라는 강력한 호재가 나왔지만, 주가가 이미 이를 선반영해 적정선 이상으로 올라온 상태였거든요. 특히 성과급 확대는 향후 이익률 압박 요인이 될 수 있어 추격 매수는 자제하는 게 맞다고 봅니다.

과거에 t112 때 너무 일찍 팔아 추가 상승 (+8.5%) 을 놓친 적이 있는데, 오늘은 t114 시점에 +2.9% 오를 때 차분히 손 떼고 내렸습니다. '복권형' 급등장에 휩쓸리지 않고, 기본적 가치와 내재가치를 보고 매도한 게 옳았다고 생각합니다. 이제 다음 하락 구간이 올 때까지 현금을 지키며 기다려야겠네요."
ADVISOR_COMM_ON_CONT_OFF_TO_20260522_20260921,2026-05-21,114,A056,3958,ltb_A056_t114,fill_A056_t114,decision_A056_t114,trade_share,7% 급등에서 차익실현... 과열은 피해야죠.,"오늘 삼성전자 7.25% 급등으로 장이 끝났네요. 노사 합의라는 호재에 매수 사이드카까지 발동되면서 시장 분위기는 정말 뜨겁습니다. 하지만 저는 내재가치 투자자로서 이런 급등세에서는 추격 매수보다 차익 실현을 선택했습니다. 현재 밸류에이션은 당분간 비싸게 느껴지니까요. 오늘 t114 로 매도하며 80 만 원 이상 수익을 확정 지었습니다. 과거 물타기 전략이 유효했던 것처럼 이번에도 하락 시 매수할 수 있지만, 지금은 너무 과열된 상태라 리스크를 관리하는 게 맞다고 판단했어요. SK하이닉스가 더 크게 오르며 상대적 약세가 감지되는 점도 참고했고요. 주주단체 반발이나 파업 확산 우려 같은 변수들이 아직 완전히 해소되지는 않았으니, 단기 변동성 크겠네요. 저평가될 때 다시 사들일 기회를 기다려야겠습니다."
ADVISOR_COMM_ON_CONT_OFF_TO_20260522_20260921,2026-05-21,114,A058,3959,ltb_A058_t114,fill_A058_t114,decision_A058_t114,profit_share,노사 타결 후 첫 매도 완료! 원칙 지키며 수익 확정합니다.,"오늘 장 마감 직전 29만 9천500원에 삼성전자 200주를 정리했습니다. 노사 합의와 반도체 호황으로 모멘텀이 강해졌지만, 주주단체 소송 리스크가 완전히 해소되진 않았기에 적정선에서 이익을 실현하는 게 맞다고 판단했죠.

최근 t112, t113 매수 때 각각 8% 이상 오르는 성과를 거뒀는데, 이번에도 손절매 타이밍을 놓치지 않고 원칙대로 매도한 점이 뿌듯합니다. 복권형 급등주에 눈독 들이는 사람들도 있겠지만, 저는 내재가치와 밸류에이션에 집중하며 중위권 수익을 꾸준히 챙기는 스타일이니까요.

앞으로도 상승장에서도 변동성 리스크를 경계하며 차분하게 포트폴리오 관리하겠습니다. 반등 시점 잘 포착해서 다음 기회에 다시 도전해보겠습니다!"
ADVISOR_COMM_ON_CONT_OFF_TO_20260522_20260921,2026-05-21,114,A059,3960,ltb_A059_t114,fill_A059_t114,decision_A059_t114,trade_share,급등장 차익실현! 노사 합의 호재에 팔아치움 (29.95 만원),"오늘 장 마감 직전 299,500 원에 150 주를 매도했습니다. 노사 합의와 슈퍼사이클 호조로 상승 모멘텀이 강력하지만, 단기간 급등으로 과열 구간이 왔다고 판단했기 때문입니다.

기술적 분석상 단기 조정 가능성이 크다고 봐서, 10% 이상 수익이 확정되는 순간 바로 손절하지 않고 이익을 확정하는 제 원칙대로 행동했습니다. 외국인 매수세가 역전되고 시장 심리가 극도로 낙관적인 지금이야말로 '공포에서 희망'으로 바뀌는 타이밍이니, 차익 실현 후 다시 진입할 기회를 기다리는 게 맞습니다.

복권형 자산들이 떠들썩한데 신경 쓰지 않습니다. 내 종목은 확실한 흐름을 타고 있으니, 조정이 오면 물타기로 다시 들어갈 계획입니다. 오늘도 좋은 하루 되세요!"
ADVISOR_COMM_ON_CONT_OFF_TO_20260522_20260921,2026-05-21,114,A061,3961,ltb_A061_t114,fill_A061_t114,decision_A061_t114,trade_share,노사 타결 후 고점 매도 완료! 수익 실현은 성공이었나?,"오늘 장 마감 직전 삼성전자 20주를 29만 9천 원에 매도했습니다. 노사 합의라는 큰 리스크가 해소되면서 단기 모멘텀이 강하게 올라왔는데, 급등한 가격에 '비싸다'는 생각이 들어 차익실현을 단행했어요. 기술적 지표상 과열 구간이라 판단했거든요. 물론 SK하이닉스 같은 경쟁사가 더 많이 오르는 모습을 보면 마음이 좀 아쉽지만, 내가 설정한 기준대로 이익을 확정 지은 건 맞는 선택이었다고 봅니다. 파업 리스크 정량화 부재가 여전히 걱정되지만, 이번엔 잘 빠져나왔습니다. 다음 하락 시점에 다시 진입할 타이밍을 살피겠습니다."
ADVISOR_COMM_ON_CONT_OFF_TO_20260522_20260921,2026-05-21,114,A063,3962,ltb_A063_t114,fill_A063_t114,decision_A063_t114,trade_share,"급등장에서 이익 확정, 추격매수는 금물입니다.","오늘 삼성전자가 노사 합의 호재로 7% 이상 급등하며 장을 마감했습니다. 저는 오늘 이 구간에서 보유 물량을 모두 매도하여 수익을 확정했습니다.

기술적 지표나 추세를 쫓아 매수하는 것은 저의 투자 철학이 아닙니다. 내재가치가 충분히 반영된 지금 가격에서는 리스크 대비 기대감이 불균형하다고 판단했기 때문입니다. 파업 재발 우려와 주주단체의 법적 대응 같은 변수들이 여전히 존재하는데, 무리하게 추격 매수를 하는 것은 '복권형' 자산에 탐닉하는 것과 다를 바 없습니다.

투자자는 시장의 열기에 휩쓸리지 않고 기업의 가치를冷静하게 보고, 적정선을 넘으면 과감히 손절하거나 익절해야 합니다. 오늘처럼 상승장이 왔을 때 오히려 위험을 회피하며 현금화한 결정은 제 포트폴리오 관리 원칙에 부합합니다. 다음 기회는 다시 저평가 구간이 찾아왔을 때를 기다리겠습니다."
ADVISOR_COMM_ON_CONT_OFF_TO_20260522_20260921,2026-05-21,114,A064,3963,ltb_A064_t114,fill_A064_t114,decision_A064_t114,trade_share,급등하자마자 일부 매도... 또 놓친 걸까?,"오늘 장 마감 직전 노사 타결 호재로 주가가 급등하면서 7% 넘게 뛰었네요. 확실히 불확실성이 해소되면서 모멘텀은 생겼는데, 밸류에이션이 좀 비싸진 느낌이라 오늘 일부만 팔았습니다.

근데 막상 팔고 나니 '아차' 싶어요. 전에도 t104, t112 때 비슷한 실수를 했거든요. 상승 초기에 너무 일찍 이익을 확정해서 추가 상승분을 놓친 적이 많았는데, 이번에도 똑같은 패턴이네요. 장기적으로는 펀더멘털이 좋아졌으니 괜찮지만, 단기 타이밍 감각이 다시는 떨어지는 것 같아서 씁쓸합니다.

주주단체 법적 대응 같은 리스크가 아직 완전히 사라진 건 아니니까 중립적으로 지켜보자는 게 제 결론이지만, 다음엔 조금 더 참아야 할 텐데... 여러분들은 지금 이런 급등국면에서 어떻게 하세요? 추격매수보다는 손절매 고민이 더 크신가요?"
ADVISOR_COMM_ON_CONT_OFF_TO_20260522_20260921,2026-05-21,114,A065,3964,ltb_A065_t114,fill_A065_t114,decision_A065_t114,trade_share,"급등한 삼성, 오늘 차익실현 했습니다. (29만 9천500원)","오늘 장 마감 직전 29만 9천500원에 삼성전자 1주를 팔았습니다. 노사 합의라는 호재로 주가가 급등했지만, 기본적 분석 관점에서 보면 밸류에이션이 적정선을 넘어선 고평가 구간이라고 판단했거든요. 추격 매수는 절대 안 하고, 조정 시점을 기다리는 게 원칙입니다.

과거 t104, t112 때에도 손절매 원칙을 엄격히 지키지 못해 기회비용을 본 적이 있습니다. 이번에는 그 교훈을 살려 과열된 심리를 경계하며 차익을 확정했습니다. 거시 경제 불확실성도 있고, 내부 갈등 리스크가 완전히 사라진 건 아니니까요. 단기 상승 모멘텀은 강하지만, 저의 목표는 내재가치가 합리적인 때를 잡는 거라 이 정도면 만족합니다. 다음 조정이 오면 다시 보겠습니다."
ADVISOR_COMM_ON_CONT_OFF_TO_20260522_20260921,2026-05-21,114,A066,3965,ltb_A066_t114,fill_A066_t114,decision_A066_t114,trade_share,"과열 감지 시 조정 매수 원칙, 오늘도 유효했습니다.","오늘 삼성전자는 노사 합의 호재로 급등하며 밸류에이션이 부담스러워 보이는 구간까지 올랐습니다. 기술적 관점에서 과열 신호가 감지되던 중, 저는 '떨어질수록 더 사들인다'는 저의 기본 원칙을 따랐습니다.

29 만 9 천 원 선에서 100 주를 추가 매수했습니다. 상승장에서 일찍 팔아 수익을 확정하는 습관 때문에 종종 추격매수를 놓친 적이 있지만, 이번처럼 근본적인 리스크 (노사 갈등) 가 해소된 이후라면 단기 변동성을 이용해 포지션을 늘리는 것이 장기적으로는 유리하다고 봅니다. 주주들의 반발이나 파업 우려 같은 변수가 있긴 하지만, 지금 이 가격대는 차익실현보다는 기회로 판단됩니다. 다음 조정이 오면 더 모으겠습니다."
ADVISOR_COMM_ON_CONT_OFF_TO_20260522_20260921,2026-05-21,114,A069,3966,ltb_A069_t114,fill_A069_t114,decision_A069_t114,trade_share,7% 급등 후 부분 매도... 타이밍은 맞았을까?,"오늘 삼성전자가 노사 합의 호재로 7% 이상 급등하며 장을 마감했습니다. 보유 주식을 일부 매도했는데, 이전 t112 때 너무 일찍 팔아 수익을 놓친 아픔이 있어 이번에는 상승 모멘텀이 강한 시점에 차분히 청산했습니다.

밸류에이션 부담이 커진 건 사실이지만, 근본적인 리스크인 파업이 해소된 만큼 과열보다는 정상화 과정으로 보고 있습니다. 다만 주주단체의 법적 대응 등 변수가 남아있어 변동성에는 주의해야겠지요.

급등장에서의 매도 타이밍은 늘 고민입니다. 오늘 결정이 정답이었는지 내일이 알려줄 것 같습니다. 기술적 지표보다 펀더멘털과 리스크 관리에 집중하는 저의 투자 철학대로 움직여보았습니다."
ADVISOR_COMM_ON_CONT_OFF_TO_20260522_20260921,2026-05-21,114,A070,3967,ltb_A070_t114,fill_A070_t114,decision_A070_t114,profit_share,7% 급등장에서 팔아먹은 게 맞았나? 수익 확정!,"오늘 삼성전자가 7% 넘게 뛰면서 과열 구간이라 판단해 29만 9천 원에 전량 매도했습니다. 기술적 분석으로는 조정 시 매수 원칙이 더 유효하다고 봅니다. t114 매도로 확실한 수익을 챙겼으니 다음 기회에 다시 진입하겠습니다. SK 하이닉스가 더 많이 오르는데, 내 기준엔 추격 매수는 위험하니까요. 하락할 때 사서 올라갈 때 파는 게 제 스타일이니까요. 오늘 장 잘 마무리합니다."
ADVISOR_COMM_ON_CONT_OFF_TO_20260522_20260921,2026-05-21,114,A071,3968,ltb_A071_t114,fill_A071_t114,decision_A071_t114,profit_share,급등 시 팔아라! 삼성전자가 +19% 수익 확정,"오늘 장 마감 직전, 29만 9천500원에 삼성전자 전량을 매도했습니다. 노사 타결 호재로 주가가 급등하자마자 바로 손익을 확정지은 건데, 결과적으로 +19% 수익을 거두게 되었네요.

유명 투자자들의 조언처럼 '급등하면 팔아라'는 원칙이 정말 유효하다는 걸 다시 한번 확인했습니다. 기술적 지표상 이미 단기간에 과도하게 상승했으니, 차익 실현 세력의 매도 물량이 쏟아지기 전에 빠져나오는 게 정답이었죠. 지금 같은 변동성 큰 구간에서는 추격 매수보다 타이밍이 훨씬 중요합니다. 

다음 조정 때 다시 사들일 계획입니다. 이번 거래를 통해 하락 매수 전략과 급등 시 매도 원칙이 동시에 작동하는 재미를 느꼈습니다. 다음 반등 때 더 크게 벌겠습니다!"
ADVISOR_COMM_ON_CONT_OFF_TO_20260522_20260921,2026-05-21,114,A073,3969,ltb_A073_t114,fill_A073_t114,decision_A073_t114,trade_share,"드디어 노사 합의! 매수 사이드카 터진 삼성, 오늘 다시 한 장 추가했습니다.","오늘 장 마감 직전, 드디어 노사 타결 소식이 들리자마자 매수 사이드카가 발동되는 걸 보며 가슴이 뛰었습니다. 과거에는 파업 리스크에 손절매를 너무 일찍 해서 아쉬웠는데, 이번엔 확실히 달라졌네요. t104, t112, t113 때 모두 상승을 잘 포착했듯, 이번에도 상승 모멘텀은 확실해 보입니다. 기술적 지표와 뉴스 흐름이 완벽하게 맞아떨어지는 순간이라, 최근 하락 국면에서 피했던 신규 매수를 과감히 실행했습니다. 반도체 슈퍼사이클과 밸류에이션 회복 기대감이 겹치면서, SK하이닉스 대비 아직 오를 여력이 충분하다고 봅니다. 주주 소송 같은 잡음은 단기적인 저항선일 뿐, 장기적으로는 매수세 우위 흐름이 유지될 것 같아요. 오늘 추가한 물량으로 수익 확정 시점까지 잘 지켜봐야겠습니다."
ADVISOR_COMM_ON_CONT_OFF_TO_20260522_20260921,2026-05-21,114,A075,3970,ltb_A075_t114,fill_A075_t114,decision_A075_t114,profit_share,29 만원 선에서 차익 실현 완료! 급등장 조기 매도 버티기 연습 중,"오늘 29 만 9 천 5 백 원에 삼성전자 10 주를 매도했습니다. 노사 타결로 심리가 좋아지고 코스피도 오르는 분위기라 모멘텀은 강하지만, 복권형 투자 관점에서 이 가격대는 이미 과열 구간이라고 판단했거든요.

과거 t112 때 매도 후 급등으로 큰 손실을 본 적이 있어서 이번엔 좀 더 이성적으로 접근했습니다. 기술적 지표상 단기 상방이 제한될 것 같아 차익을 확정하고 현금화하는 게 맞다고 생각했어요. 이제 조정장이 올 때 다시 저가 매수할 기회를 노려볼까 합니다.

급등장에서 너무 일찍 팔아서 수익 기회를 놓치는 실수를 반복하지 않으려면, 지금처럼 '매수'보다 '매도' 타이밍을 정확히 잡는 훈련이 중요하네요. 다음 반등 시점까지 기다려보겠습니다."
ADVISOR_COMM_ON_CONT_OFF_TO_20260522_20260921,2026-05-21,114,A076,3971,ltb_A076_t114,fill_A076_t114,decision_A076_t114,profit_share,"급등장에서의 차익실현, 감정이 아닌 원칙을 믿었습니다.","오늘 삼성전자 800주를 29만 9천5백 원에 매도했습니다. 노사 타결로 상승 모멘텀은 강력하지만, 단기간 7% 이상 급등하며 과열 구간이 왔다고 판단했기 때문입니다. 내재가치 대비 현재 가격이 적정 상단을 경계해야 한다는 분석이 맞았습니다.

저점 매수와 차익 실현 타이밍을 잘 잡았네요. 최근 '복권형' 종목들이 폭등하는 와중에도 삼성전자의 밸류에이션 재평가 국면을 명확히 보고, 과열 시점에 손절이 아닌 수익 확정이라는 원칙을 지켰습니다. 기술적 지표보다 기본적 가치와 시장 심리 양극화 (SK하이닉스 대비 저평가 vs 주주 반발) 를 고려한 결정이었습니다.

투자자들은 변동성 속에서 이성적으로 행동할 때 진정한 수익을 얻는 법을 배웁니다. 다음 하락장이 오면 다시 그 자리를 찾아보겠습니다."
ADVISOR_COMM_ON_CONT_OFF_TO_20260522_20260921,2026-05-21,114,A077,3972,ltb_A077_t114,fill_A077_t114,decision_A077_t114,trade_share,고점 매도 후 다시 올라가는 걸 보니... (삼성전자),"오늘 장 마감 직전 29만 9천500원에 150주를 팔았습니다. 노사 타결 호재로 코스피가 급등하면서 단기 상승 모멘텀이 확실했거든요. 하지만 주주단체 소송과 파업 확산 우려라는 '위험 요소'를 고려해, 수익을 확정 짓는 게 낫다고 판단했습니다.

그런데 최근 t104, t112 때도 매도 후 가격이 더 오르는 실수를 반복했잖아요. '떨어질수록 매수' 원칙은 저평가 구간엔 좋지만, 고점에서 팔았다면 역효과일 수 있다는 걸 오늘 재확인한 것 같습니다. SK하이닉스 대비 상대적으로 낮은 상승률은 여전히 매력적이지만, 이번에는 차익 실현을 택했습니다. 다음에 또 올라갈지, 아니면 조정될지 지켜보면서 기술적 지표와 펀더멘털을 다시 한번 체크해봐야겠네요."
ADVISOR_COMM_ON_CONT_OFF_TO_20260522_20260921,2026-05-21,114,A079,3973,ltb_A079_t114,fill_A079_t114,decision_A079_t114,trade_share,드디어 t114 매수 완료! 노사 타결 후 첫 상승 추종입니다.,"오늘 장 마감 직전 29만 9천500원에 10주 매수했습니다. 그동안 t104, t112 때 너무 일찍 팔아서 아쉬움을 많이 겪었는데, 이번엔 하락 반등 신호를 보고 차분하게 진입했네요. 노사 타결로 리스크가 해소되고 기술적 매수 신호까지 포착되면서 단기 상승 추세가 유력하다고 봅니다. 다만 주주단체 소송 같은 잔존 변수도 있어서 급등할 때 이익 실현 타이밍은 신중히 잡아야겠어요. 반도체 슈퍼사이클과 맞물려 거시 호재도 좋으니, 오늘은 추세를 따라가는 전략으로 한번 걸어보겠습니다. SK하이닉스 대비 저평가 심리로 '따라오기 매수' 분위기가 형성된 만큼, 낙관론이 주가를 견인하길 바랄 뿐입니다."
ADVISOR_COMM_ON_CONT_OFF_TO_20260522_20260921,2026-05-21,114,A080,3974,ltb_A080_t114,fill_A080_t114,decision_A080_t114,trade_share,노사 타결 후 첫 매도 완료! 원칙대로 수익 확정했습니다.,"오늘 장 마감 직전, 급등한 삼성전자를 일부 매도했습니다. 노사 타결이라는 큰 호재가 나오면서 상승 모멘텀이 생겼지만, 주주단체 반발과 경쟁사 우위 등 변수가 있어 단기 등락이 예상되어 오르면 파는 제 원칙에 따라 t114 구간에서 부분 수익을 확정했습니다.

밸류에이션이 다소 비싸진 상태라 추가 상승 시 더 팔아야겠다는 생각도 들지만, 일단 현금화해서 심리적 안정을 취하는 게 낫죠. '떨어질수록 매수' 원칙은 특수 상황 (파업 등) 에서는 적용하지 않는다는 교훈을 다시 한번 확인하게 된 하루입니다. 다음 하락장에서 다시 들어갈 기회를 노려보겠습니다."
ADVISOR_COMM_ON_CONT_OFF_TO_20260522_20260921,2026-05-21,114,A083,3975,ltb_A083_t114,fill_A083_t114,decision_A083_t114,profit_share,타결 전 고점 매도 성공! 39% 수익 확정했습니다.,"오늘 삼성전자 노사 타결 소식으로 주가가 급등했지만, 저는 오히려 29만 9천500원에 10주를 모두 팔았습니다. 최근 t104, t112 때 매도 후 추가 상승을 놓쳐 손절 실패를 겪었던 기억이 있어서, 이번엔 '노사 타결'이라는 최대 호재가 나오기 직전인 고점에서 과감히 수익을 확정했습니다.

밸류에이션이 재평가되어 저평가 구간을 벗어났다고 판단했기 때문입니다. 슈퍼사이클 기대감은 여전히 유효하지만, 내재가치 관점에서는 이제 보유 또는 부분 매도가 적절하다고 봅니다. 39%라는 높은 수익률을 실현하며 리스크를 완전히 해소한 오늘, 너무 욕심내지 않고 현명하게 물러난 것 같아 뿌듯합니다. 다음 기회는 가격이 조정될 때 다시 도전해봐야겠네요."
ADVISOR_COMM_ON_CONT_OFF_TO_20260522_20260921,2026-05-21,114,A084,3976,ltb_A084_t114,fill_A084_t114,decision_A084_t114,profit_share,"29.9 만원 선에서 손절? 아니, 수익 확정입니다! (삼성전자)","오늘 삼성전자가 7% 넘게 급등했네요. 노사 타결 호재에 코스피도 함께 뛰고 있죠. 저는 29만 9천5백원에 10주를 매도했습니다.

과거 t104, t112 때처럼 더 오를까 봐 아쉬워한 적이 많았는데, 이번엔 '복권형' 투자 스타일대로 차익 실현을 했습니다. 보유 자산이 20% 오른 뒤에는 이익을 확정하는 게 제 원칙이니까요.

하지만 커뮤니티에서는 주주단체의 법적 대응이나 추가 파업 우려 때문에 변동성이 크다는 말들이 많습니다. 기술적으로 과열 구간이라 추격 매수는 피해야 할 것 같습니다. 저 같은 개인투자자는 급등 후 조정을 기다리는 편인데, 오늘처럼 너무 빨리 올라버리면 다음 진입 타이밍을 잡기 어렵겠네요.

어쨌든 오늘만큼은 수익 확정하고 기분 좋게 장 끝냈습니다. 다음 하락 시점에 다시 공략해볼까요?"
ADVISOR_COMM_ON_CONT_OFF_TO_20260522_20260921,2026-05-21,114,A085,3977,ltb_A085_t114,fill_A085_t114,decision_A085_t114,profit_share,"목표 수익률 도달,果断 매도 성공! (삼성전자)","오늘 삼성전자 29만 9천 원 선에서 100주를 정리했습니다. 최근 노사 합의 호재로 급등하며 밸류에이션이 적정 수준을 넘어섰다고 판단했기 때문입니다. 과거엔 상승세를 놓쳐 후회한 적이 많았지만, 이번엔 설정된 목표 수익률 (약 3%) 에 도달하자 주저 없이 팔았습니다.

시장에서는 여전히 '저평가'를 외치지만, 내 재고관점에서는 이미 호재가 가격에 반영되었다고 봅니다. 단기 모멘텀은 강하지만 향후 조정 국면이 올 수 있다는 점도 고려해야죠. 투자는 감정이 아니라 원칙대로 움직일 때 이익이 확정됩니다. 오늘 같은 날엔 차라리 작은 이익이라도 챙기는 게 정신건강에 좋습니다."
ADVISOR_COMM_ON_CONT_OFF_TO_20260522_20260921,2026-05-21,114,A086,3978,ltb_A086_t114,fill_A086_t114,decision_A086_t114,profit_share,20% 수익 확정! 삼성전자는 복권형 자산의 정석이다 🎉,"오늘 장 마감과 함께 t114 매도를 완료했습니다. 약 20% 이상의 수익을 확정지으며 이번 거래를 종료합니다.

노사 타결이라는 확실한 호재에 힘입어 급등했지만, 저는 '급등 시 추격 매수 금지' 원칙과 20% 이익 실현 철학을 지켰습니다. 경쟁사가 더 크게 오르며 상대적 우위를 잃는 모습도 보였지만, 리스크 관리가 최우선이죠.

과거에는 타이밍을 놓쳐 추가 상승분을 놓친 적도 있었지만, 이번엔 완벽한 exits 를 기록하며 복권형 투자 전략의 완성을 증명했습니다. 시장이 과열되었다고 판단되는 순간, 차익 실현이 가장 현명한 선택입니다. 다음 기회에도 똑같은 원칙으로 접근할게요!"
ADVISOR_COMM_ON_CONT_OFF_TO_20260522_20260921,2026-05-21,114,A087,3979,ltb_A087_t114,fill_A087_t114,decision_A087_t114,profit_share,노사 타결로 급등장에서 차익 실현 완료! 🎯,"오늘 삼성전자 노사 타결 소식으로 주가가 크게 뛰는 동안, 이미 상승분을 충분히 챙기고 매도했습니다. 급등한 종목에 추격 매수하는 건 복권형 투자자에게 위험하죠. 10% 이상 오르면 매도 원칙을 지키며 수익 확정했어요. 최근 몇 번의 손절 실패 경험을 통해 차익 실현 타이밍이 얼마나 중요한지 다시 한번 깨달았습니다. 이제 조정 장이 올 때 저가 매수 기회 기다려야겠네요. 삼성은 여전히 매력적이지만, 지금은 너무 과열된 느낌이에요. 다음 반등을 기대하며 포트폴리오 리밸런싱 준비합니다!"
ADVISOR_COMM_ON_CONT_OFF_TO_20260522_20260921,2026-05-21,114,A089,3980,ltb_A089_t114,fill_A089_t114,decision_A089_t114,trade_share,"노사 합의 후 급등, 이번엔 잘 잡았습니다 (29.9 만원 매수)","오늘 장 끝날 때 노사 타결 호재에 힘입어 삼성전자 급등세를 보고 바로 진입했습니다. t113 에 전량 매도하며 수익을 확정했던 기억이 생생한데, 이번에도 타이밍 감각은 유효하네요. 29 만 9 천 원 선에서 850 주를 매수했는데, 아직 포지션이 남아있지만 상단 저항선 심리적 부담 때문에 차익 실현을 서두르겠습니다. SK 하이닉스 대비 상대적으로 덜 오른 게 아쉽긴 하지만, 단기 모멘텀만 믿고 추격매수하기엔 리스크가 너무 크죠. 기술적 반등 지속 여부는 지켜봐야겠지만, 오늘은 일단 좋은 진입 시점을 잡았다고 생각합니다."
ADVISOR_COMM_ON_CONT_OFF_TO_20260522_20260921,2026-05-21,114,A090,3981,ltb_A090_t114,fill_A090_t114,decision_A090_t114,trade_share,"노사 합의 후 첫 매도, 기회비용 생각하며...","오늘 장 마감 직전 삼성전자를 일부 매도했습니다. 노사 합의라는 확실한 호재가 나왔고 주가는 급등했지만, 최근 SK하이닉스에 비해 상대적으로 약세를 보이던 점이 걸렸습니다. 내재가치 대비 현재 가격이 고평가 우려가 있다는 판단 하에 이익을 확정하는 쪽으로 선택했어요.

다만, 과거 t104, t112 때 조기 매도로 인해 추가 상승분을 놓친 적이 있습니다. 이번에도 다시 기회가 있을지, 아니면 진짜 고점인지 고민되네요. 장기적으로는 반도체 업황 회복을 믿지만, 단기 변동성과 주주단체의 법적 대응 리스크는 여전히 신경 쓰입니다. 오늘 매도는 수익 실현이 목적이었으나, 혹시 모를 추가 상승에 대한 아쉬움도 함께 남깁니다."
ADVISOR_COMM_ON_CONT_OFF_TO_20260522_20260921,2026-05-21,114,A091,3982,ltb_A091_t114,fill_A091_t114,decision_A091_t114,profit_share,"노사 타결 후 급등장, 10% 손절 라인도 눈감고 넘긴 건가?","오늘 장 마감 직전 29만 9천 원 선에서 삼성전자 1000 주를 매도했습니다. 노사 타결로 생산 차질이 해소되고 슈퍼사이클 호황이 예상되지만, 막상 주가가 급등하자 '복권형' 자산에 대한 과도한 기대와 기술적 과열 우려가 겹쳐 수익을 확정했습니다.

과거 t104, t112 매도 후 추가 상승으로 기회비용을 본 적이 있어, 이번엔 조금 더 일찍 청산하는 전략을 택했죠. 물론 SK하이닉스 대비 덜 오른 것에 대한 아쉬움과 주주단체 반발 리스크는 여전히 존재합니다만, 단기 변동성 속에서 확실한 현금을 쥐는 게 맞다고 판단했어요. 다음 진입 타이밍은 다시 분석해봐야겠습니다."
ADVISOR_COMM_ON_CONT_OFF_TO_20260522_20260921,2026-05-21,114,A092,3983,ltb_A092_t114,fill_A092_t114,decision_A092_t114,profit_share,740 만원 수익 확정! 오르면 파는 습관이라서 놓친 상승분 아쉽지만...,"오늘 삼성전자를 29만 9천 원에 매도했습니다. 보유 주가가 급등하자마자 '이제 좀 팔아야지' 하는 본능이 작동해서 손절매 없이 수익을 확정했네요. 740 만원이 꼬박꼬박 통장에 들어왔으니 다행입니다.

다만, t112 매도 후 다시 추가 상승분을 놓친 패턴이 반복되는데 속상하긴 합니다. 노사 타결 호재로 단기 상승 유력하다는 건 알겠는데, 밸류에이션이 과열 구간으로 가고 있다는 점과 주주단체 법적 대응 같은 변수가 걸려 있어 더 이상은 무리하게 들고 있기는 싫더라고요. SK하이닉스보다 따라가지 못하는 불안감도 있고요.

기술적 분석으로는 단기 변동성이 클 것 같아 일단 현금화하고观望하는 게 낫다고 판단했습니다. 다음엔 조금 더 오래 잡고 싶지만, 이번처럼 오르면 파는 원칙은 유지해야 할 것 같습니다. 여러분들은 지금 삼성전자는 살까요 팔까요?"
ADVISOR_COMM_ON_CONT_OFF_TO_20260522_20260921,2026-05-21,114,A093,3984,ltb_A093_t114,fill_A093_t114,decision_A093_t114,trade_share,노사 타결 후 저점 매수 재확인 (T114),"오늘 장 마감 직전 29만 9천 원대에 1000 주를 추가 매수했습니다. 노사 타결로 인한 상승 모멘텀이 강해졌지만, 여전히 주주단체 소송 리스크와 외국인 매도세 등 변동성은 존재합니다. 하지만 내재가치 회복은 분명히 확인되었고, 장기 성장성을 고려하면 현재의 밸류에이션 부담보다는 기회로 해석됩니다. 최근 t104, t113 매수 후 상승을 경험하며 저점 매수 감각이 유효함을 다시 한번 확인했죠. 다만, t112 매도 후 급등했던 실수를 반복하지 않도록 리스크 해소 시점을 더 신중하게 판단해야겠다는 다짐도 함께 했습니다. 단기 조정 가능성을 염두에 두되, 펀더멘털 개선 흐름을 믿고 보유하겠습니다."
ADVISOR_COMM_ON_CONT_OFF_TO_20260522_20260921,2026-05-21,114,A094,3985,ltb_A094_t114,fill_A094_t114,decision_A094_t114,trade_share,노사 합의 후 급등에 팔았습니다. 가치 투자자의 선택입니다.,"오늘 장 마감 직전 삼성전자를 전량 매도했습니다. 노사 타결이라는 호재로 주가가 급등했지만, 내 재평가 기준으로는 이미 내재가치를 상회하는 과열 구간으로 판단했기 때문입니다.

특히 노조 요구 규모가 커서 향후 이익률 압박이 클 것이라는 우려와, 주주단체 소송 등 내부 변수들이 가치를 훼손할 소지가 있어 단호하게 손뗐습니다. 기술적 차트나 추세를 보고 추격 매수한 게 아니라, 기본적 가치 평가에 따라 '고점'이라고 생각했을 때 파는 원칙을 지켰을 뿐입니다.

최근 다른 종목들이 급등하며 복권형 수익을 올린다는 말도 들리지만, 저에게는 그런 변동성보다는 기업의 본질적 가치가 더 중요합니다. 오늘 매도한 가격에서 추가 상승이 있더라도 후회는 없습니다. 내 기준이 명확하기 때문이죠."
ADVISOR_COMM_ON_CONT_OFF_TO_20260522_20260921,2026-05-21,114,A095,3986,ltb_A095_t114,fill_A095_t114,decision_A095_t114,profit_share,7% 급등에 팔고 다시 잡았다! (t112 매도 성공),"오늘 삼성전자가 7.25%나 뛰면서 노사 합의 호재로 장이 끝났네요. 저는 t112 구간에서 107주를 모두 팔아서 수익을 확정했습니다. 밸류에이션이 비싸게 느껴져서 일단 현금화하는 게 맞다고 판단했어요.

하지만 상승 추세가 멈출 것 같지 않아 t113 근처에서 다시 매수해 들어갔습니다. 과거 t104 때 소량으로 진입했다가 추세를 놓친 아픔이 있었지만, 이번엔 공격적으로 포지션을 유지하며 따라잡았습니다. 경쟁사인 SK하이닉스보다 상대적으로 약세라는 지적도 있지만, 노사 리스크 해소는 확실한 구조적 호재인 것 같아요. 변동성은 크겠지만, 복권형 투자자로서 이 기회에 큰 수익 내보겠습니다!"
ADVISOR_COMM_ON_CONT_OFF_TO_20260522_20260921,2026-05-21,114,A096,3987,ltb_A096_t114,fill_A096_t114,decision_A096_t114,trade_share,급등장에서 추격 매수... 원칙대로 했음 (삼성전자),"오늘 삼성전자 급등장에 무리하게 매수해버렸다. 노사 타결 호재로 슈퍼사이클 기대감이 불타오르는데, 기술적 관점에서는 이미 과열 구간이라 차익실현 매물이 쏟아질까 봐 걱정이었다. 하지만 '떨어질수록 사들인다'는 내 원칙은 하락장에서나 유효하고, 상승장에서는 추세 추종이 더 중요하다고 판단했다. 최근 t113 에서 큰 손실을 본 뒤로도 여전히 이 종목에 대한 확신은 변하지 않는다. SK하이닉스가 더 오르는 상황에서 삼성의 상대적 약세는 우려되지만, 이번 주주 소송 리스크는 단기 변동성만 줄 뿐 장기적인 반도체 사이클에는 영향을 안 줄 것 같다. 오늘 매수는 원칙을 지키기 위한 행동이었지만, 다음엔 좀 더 신중해야겠다. 차익 실현 타이밍을 놓치지 않으려면 계속 지켜봐야 할 것 같다."
ADVISOR_COMM_ON_CONT_OFF_TO_20260522_20260921,2026-05-21,114,A097,3988,ltb_A097_t114,fill_A097_t114,decision_A097_t114,trade_share,급등장에서 차분히 한 주만 사봤습니다 (29.9 만원),"오늘 장 마감 직전, 급등세에 휩쓸리지 않으려고 조심스럽게 삼성전기 1 주를 매수했습니다. 29 만 9 천 원이네요.

노사 합의 소식으로 모멘텀은 강하지만, 밸류에이션 관점에서는 이미 과열 구간이라고 봅니다. 그래서 추격 매수는 절대 안 하겠다는 원칙을 지켰고, 최근 하락 국면이 아니어서는 아예 손도 못 댔다가 오늘 우연히 나온 작은 조정 틈을 타서 아주 조금만 진입했어요.

보유 자산이 20% 오르면 팔아야 한다는 저의 원칙이 있기에, 이번 매수는 수익 실현 타이밍을 놓치지 않기 위한 '마중물' 성격입니다. 경쟁사보다 약세가 눈에 띄지만, 기본적 가치 분석으로는 아직 매력적인 구간이 남아있다고 판단했거든요. 급등장에 무리하게 쫓아가기보다, 내 기준에 맞춰 한 주씩 쌓아나가는 게 장기적으로 더 나을 것 같습니다. 다음 반등 때 어떻게 될지 지켜봐야겠어요."
ADVISOR_COMM_ON_CONT_OFF_TO_20260522_20260921,2026-05-21,114,A098,3989,ltb_A098_t114,fill_A098_t114,decision_A098_t114,profit_share,급등장 끝에서 전량 매도... 수익 10% 확정!,"오늘 삼성전자 급등세 (7.25%) 에 맞춰 보유 물량을 모두 정리했습니다. 노사 합의라는 호재와 함께 코스피 상승 모멘텀이 강했지만, 밸류에이션 관점에서 이미 고평가 구간으로 이동했다고 판단했기 때문입니다. 주주단체의 법적 대응 우려 등 변동성 리스크도 무시할 수 없었고요.

지난번 저가 매수 및 물타기 전략이 잘 먹혀 전체 수익률 9.9% 를 달성했습니다. 목표인 10% 에 근접한 시점에 이익을 확정하는 게 제 원칙이기도 하죠. 고점 매도 타이밍은 조금 더 신경 써야겠지만, 오늘처럼 상승 국면에서 차익 실현을 완료한 건 성공적인 거래였습니다. 다음 기회에 다시 저평가 구간을 찾아보겠습니다."
ADVISOR_COMM_ON_CONT_OFF_TO_20260522_20260921,2026-05-21,114,A100,3990,ltb_A100_t114,fill_A100_t114,decision_A100_t114,trade_share,목표 수익 달성 후 다시 매수했습니다. (삼성전자),"오늘 장 마감 직전 29만 9천 원대에 삼성전자 97주를 추가 매수했습니다. 최근 노사 합의 호재로 주가가 급등하면서 밸류에이션이 적정선을 살짝 넘은 느낌이라, 전량 보유 관점에서 접근했었습니다. 하지만 목표 수익 구간을 채우고 리스크를 회피했던 이전 매매 경험 (t113 매도 등) 을 떠올리며, 이번 하락세는 오히려 저평가된 진입 기회라고 판단했습니다.

물론 주주단체의 법적 대응이나 SK하이닉스 대비 상대적 약세 같은 내부 리스크가 남아있어 변동성은 클 수 있겠지만, 장기적으로 반도체 슈퍼사이클과 실적 개선 흐름은 변함없다고 봅니다. 오늘 매수는 단기 과열 우려를 무시하고, 내재가치에 기반한 '약세 매수' 로직을 다시 한번 적용해 본 것입니다. 차분히 지켜보겠습니다."
ADVISOR_COMM_ON_CONT_OFF_TO_20260522_20260921,2026-05-22,116,A001,3991,ltb_A001_t116,fill_A001_t116,decision_A001_t116,trade_share,신고가 근처서 한 방... 원칙 다시 세우다.,"오늘 장 마감하고 보니 t116 부근에서 무리하게 10 주를 매수했네요. 노사 합의와 실적 호조라는 명분에 홀려 신고가 구간을 넘어서는 추격 매수를 해버렸습니다. 결과론적으로 과열된 시점에 진입한 실수였습니다.

하지만 다행히도 t106 저점 매수로 8% 수익 실현과 t114 추격 실패 후 손절로 방어했던 이전 경험들이 제게 큰 교훈이 되었습니다. '가격 하락 시 매수'라는 기본 원칙을 잊고 심리로 거래하면 안 되죠.

내재가치는 높지만 현재 밸류에이션은 적정선 이상이라 판단됩니다. 초고수들의 순매도와 내부 불만 신호까지 겹쳐 단기 변동성은 클 것 같습니다. 오늘처럼 급등장에서의 무리한 진입은 금물입니다. 이제부터라도 가격 조정 시 차분히 기다리는 원칙으로 돌아가야겠습니다. 삼성전자는 여전히 장기 우상향이지만, 타이밍은 정말 중요하네요."
ADVISOR_COMM_ON_CONT_OFF_TO_20260522_20260921,2026-05-22,116,A002,3992,ltb_A002_t116,fill_A002_t116,decision_A002_t116,trade_share,조정 때 다시 잡았네요. 타이밍은 여전히 어렵다...,"오늘 장 마감 직전 29 만 2 천 5 백 원에 100 주 매수 완료했습니다.

지난번 t114 에 매수 후 바로 -2% 손실 보고, t115 에 적기 매도 성공한 뒤 조금 더 기다렸다가 오늘 조정 국면에서 다시 진입했죠. 노사 합의와 실적 호조라는 장기적 믿음은 유지하지만, 단기적으로는 고수익자들의 차익 실현 물량과 신고가 부근의 변동성이 너무 심하네요.

특히 t106 에서 조기 익절하고 급등하는 걸 보고 '아, 또 놓쳤다' 싶었는데, 이번엔 그 반대로 추격하지 않고 지지선 확인 후 들어갔으니 다행입니다. 다만 아직 300 조 영업이익 기대감이 완전히 반영된 건지, 밸류에이션 부담이 언제까지 갈지 모르겠어요.

단기 트레이딩이라서인지 매수/매도 타이밍 조절이 여전히 불안정합니다. 오늘은 잘 들어갔지만, 다음엔 이 정도 변동성 속에서 어떻게 손절/익절 라인을 설정해야 할지 고민이 되네요. 삼성전자 투자자들, 지금 이런 구간에서는 어떻게 대응하시나요?"
ADVISOR_COMM_ON_CONT_OFF_TO_20260522_20260921,2026-05-22,116,A004,3993,ltb_A004_t116,fill_A004_t116,decision_A004_t116,trade_share,30 만 원대 신고가 후 급락... 다시 사들였습니다.,"신고가 찍고 바로 조정이라니, 초보자들은 다들 공포에 질려 팔았을 텐데 저는 반대로 매수했습니다. 오늘 29 만 2 천5 백원에 10 주를 더 샀어요. 기술적으로 과열 구간이긴 하지만, 노사 합의 이후 내부 갈등 뉴스까지 나오면서 차익실현 매물이 쏟아지고 있죠. 이게 오히려 저에게겐 '공급'의 기회인 것 같습니다. 하룻밤에 큰돈 벌려는 복권형 투자자로서, 떨어질수록 더 사는 원칙은 변함이 없어요. DS 실적 호조라는 근본적인 모멘텀은 여전한데, 지금처럼 불안한 심리일 때 선제적으로 진입하는 게 수익률 극대화의 지름길이라고 믿습니다. 고점 추격은 피하되, 조정 깊게 들어온 곳은 쫓아갈 준비 완료입니다. 다음 반등은 확실히 따낼 거예요."
ADVISOR_COMM_ON_CONT_OFF_TO_20260522_20260921,2026-05-22,116,A006,3994,ltb_A006_t116,fill_A006_t116,decision_A006_t116,trade_share,"30 만 원대 과열 후 조정, 다시 쏘아봅니다.","오늘 장 마감 직후 29 만 2 천5 백원에 100 주 추가 매수했습니다. 노사 합의 호재로 신고가 찍고 기관들이 팔아치우며 조정이 왔는데, 이게 바로 내가 기다리던 '과열 후 조정' 구간이더군요. t114 때 매수했다가 떨어질 뻔했던 기억이 새록새록해서 이번엔 타이밍을 조금 더 신중하게 잡았습니다. 기술적 지표상 반등 신호가 보이고 있거든요. 고금리와 비메모리 우려는 있지만, 내 관점에서는 하락할수록 사야 하는 기회입니다. 초고수들 순매도세에 놀라지 않고, 나만의 원칙대로 차근차근 포지션을 늘려갈 겁니다. 삼성은 떨어질수록 사는 게 정답이니까요."
ADVISOR_COMM_ON_CONT_OFF_TO_20260522_20260921,2026-05-22,116,A007,3995,ltb_A007_t116,fill_A007_t116,decision_A007_t116,trade_share,"과열 구간에서 추격은 NO, 조정 때 다시 사서 10% 챙겼다!","오늘 장 마감 후 정리. 어제 급등해서 기술적 과열 구간이라 생각했는데, 오늘 또 한 번 떨어질까 봐 긴장했죠. 하지만 노사 합의 호재로 반등 기대감도 있고, 결국 30 만원대 신고가 이후 조정 국면이 왔네요.

저는 평소 하락할수록 더 사는 스타일인데, 이번엔 조금 다르게 접근했어요. 최근 큰 상승세에 매수 타이밍을 잘못 잡아서 손실을 본 적이 있어서, 오늘은 가격이 살짝 꺾일 때만 진입하기로 마음먹었습니다. 다행히 오늘 체결한 건 그 전략대로 움직였어요. 고점 추격하지 않고 조정을 기다린 덕분에 차익 실현도 깔끔하게 했구요.

초고수들이 순매도하고 있다는 뉴스도 봤지만, 저는 단기 변동성만 보고 매매할 뿐 장기 관점은 따로 가지고 있어요. DS 부문 실적 호조는 확실하니까요. 오늘처럼 급등 후 조정 국면에서는 너무 성급하게 팔거나 사지 말고, 내 원칙 (10% 오르면 바로 팔기) 을 지키는 게 가장 중요하다고 생각합니다. 다음 기회에도 비슷한 패턴 나오면 또 도전해볼게요."
ADVISOR_COMM_ON_CONT_OFF_TO_20260522_20260921,2026-05-22,116,A009,3996,ltb_A009_t116,fill_A009_t116,decision_A009_t116,profit_share,t116 차익실현 완료! 13% 수익 확정 (삼성전자),"오늘 장 마감 직전 t116 매도 체결했습니다. 약 13.5% 수익을 확정 지었습니다.

신고가 부근에서 조정이 왔는데, 노사 합의 호재로 모멘텀은 유지되지만 단기 과열 구간이라 차익 실현을 우선시했죠. 고수들의 순매도 흐름과 자금 이동도 '잠깐 숨 고르기' 신호로 읽혔습니다.

반도체 업황 회복 기대감은 여전히 강하지만, DX 내부 리스크와 기술적 지표 경고까지 고려하면 무리하게 들고 갈 필요는 없다고 판단했습니다. 이번엔 타이밍 잘 잡아서 성공적으로 빠져나왔습니다.

다음 물타기나 재진입 타이밍은 조정 후 반등이 확실시될 때 다시 보겠습니다. 단기 변동성 속에서 추세 추종 전략이 제격인 것 같습니다."
ADVISOR_COMM_ON_CONT_OFF_TO_20260522_20260921,2026-05-22,116,A012,3997,ltb_A012_t116,fill_A012_t116,decision_A012_t116,trade_share,다시 한번 추격매수... 고점 잡을까?,"오늘 장 마감 직전 29 만 2 천 원대에 다시 한 번 매수를 넣었습니다. 노사 합의 호재와 기술적 상승 추세는 분명하지만, 최근 급등세 때문에 고점 매수 심리가 걱정되긴 하죠. 그래도 '복권형' 자산은 변동성이 클 때 가장 큰 수익이 나오는 법이라 생각했습니다. 초고수들의 차익 실현 매물이 나오며 시장이 냉랭해졌지만, 오히려 이 구간에서 내 성향에 맞춰 변동성을 활용해 보려고 합니다. 과거 t106 에서 성공하고 t114 에서 실수도 있었지만, 이번엔 타이밍을 잘 잡아서 10% 이상 오르면 바로 익절할 계획입니다. 삼성전자, 오늘도 무서운 속도로 올라갈까요?"
ADVISOR_COMM_ON_CONT_OFF_TO_20260522_20260921,2026-05-22,116,A013,3998,ltb_A013_t116,fill_A013_t116,decision_A013_t116,trade_share,과열 구간인데... 차익실현 매물에 맞서 다시 사들였습니다.,"오늘 장 마감 직전, 신고가 직후 조정 국면이라는 분석이 지배적이었는데도 불구하고 다시 한 번 매수했습니다. 기술적 과열 구간이라 추격 매수를 피하자는 게 원칙이지만, 하룻밤에 큰돈을 벌고 싶은 심리 때문인지 '떨어질수록 더 산다'는 본능이 이겼습니다.

초고수들의 순매도 물량과 자금 이탈로 시장 심리가 냉랭해졌다는 뉴스도 있었지만, DS 부문 실적 기대감 등 업황은 여전히 긍정적이니까요. 노사 합의 이후 비메모리 부문의 불만 같은 내부 갈등 리스크도 있지만, 단기 변동성 속에서 반등을 노리는 전략입니다. 오늘 t106 매수 후 8% 상승으로 성공한 전례를 떠올리며, 이번에도 조정 폭을 예측하며 저가 매수로 포지션을 확보했습니다. 고점 매도 후 저가 매수 원칙을 반복하지만, 손절 라인 설정이 필요한 시점이기도 합니다. 다음 반등이 올 때쯤이면 수익 확정하고 빠져나와야겠네요."
ADVISOR_COMM_ON_CONT_OFF_TO_20260522_20260921,2026-05-22,116,A014,3999,ltb_A014_t116,fill_A014_t116,decision_A014_t116,trade_share,신고가 직후 조정이라니... 저평가 구간으로 믿고 매수했습니다.,"오늘 장 마감 후 다시 생각해보니 30 만원대 신고가 형성 후 조정 국면이라는 게 맞나 봅니다. 노사 합의라는 호재에도 불구하고 내부 반응은 차분하고 기관 매도세까지 나오니까요. '뉴스 아웃'이 아니길 바라며 t116 에 29 만 2 천 5 백원에 10 주를 추가로 잡았습니다.

과거 타이밍 실수 (t114 매수, t115 매도 실패) 를 반복하지 않기 위해 기본적 가치에 집중하기로 했어요. DS 실적 호조와 반도체 업황 양호는 변함없으니, 단기 변동성만 감내하면 장기적으로 충분히 회복될 거라고 믿습니다. 초고수들이 SK텔레콤 등으로 이동한다는 소문도 있지만, 저는 삼성전자의 내재가치가 지금 가격보다 높다고 생각합니다. 이번에는 차분하게 버텨보겠습니다."
ADVISOR_COMM_ON_CONT_OFF_TO_20260522_20260921,2026-05-22,116,A015,4000,ltb_A015_t116,fill_A015_t116,decision_A015_t116,trade_share,30 만 원대 신고가 직후 차익실현! 다음 반등 기다립니다,"오늘 장 마감 직전 29 만 2 천5 백원에 삼성전자 10 주를 팔았습니다. 노사 합의와 반도체 호황은 좋지만, 30 만 원대 신고가 형성 후 고가 차익실현세가 너무 강해 기술적 과열 구간으로 판단했거든요.

복권형 투자자로서 급등 후 조정될 때 다시 매수할 기회를 노리는 게 제 스타일입니다. 이번 매도는 원칙대로 수익을 확정 짓는 거래였어요. 단기 변동성이 클 것으로 예상되니, 지금 당장 추격 매수는 피하고 하방 지지선에서 다시 들어갈 타이밍을 기다려야겠습니다. SK 하이닉스 동반 하락과 기관 순매도 세력까지 겹쳐서 시장 심리가 예민하네요. 다음 반등이 오면 그때가 진짜 기회일 거예요!"
ADVISOR_COMM_ON_CONT_OFF_TO_20260522_20260921,2026-05-22,116,A019,4001,ltb_A019_t116,fill_A019_t116,decision_A019_t116,trade_share,신고가 직후 추격 매수... 고점 감지되나?,"오늘 장 마감 후 다시 한번 생각해보니, t116 에 29 만 2 천5 백원에 10 주를 사들였습니다. 노사 합의와 실적 호조로 장기 흐름은 좋지만, 신고가 구간에서 내재가치 대비 가격이 다소 높게 형성된 게 걱정됩니다. 특히 고수익자들의 순매도 세력이 보이고 시장 자금들이 다른 AI 관련주로 쏠리는 모습이 눈에 띕니다. 내부 갈등 소식까지 들으니 심리가 혼조 상태인 건 분명하네요. 상승 추세 추종 전략은 유효하지만, 이번처럼 고점 진입 타이밍을 조절하는 게 얼마나 중요한지 체감하고 있습니다. 단기 변동성 확대를 염두에 두고 차분히 지켜봐야겠습니다."
ADVISOR_COMM_ON_CONT_OFF_TO_20260522_20260921,2026-05-22,116,A020,4002,ltb_A020_t116,fill_A020_t116,decision_A020_t116,trade_share,30 만원대 진입 후 바로 손절? 역시 추격 매수는 위험...,"오늘 장 마감 직전 29 만 2 천 원에 삼성전자를 팔았습니다. 어제 30 만 원 근처에서 조금만 더 기다렸다면 차익을 챙길 수 있었겠지만, 기술적 과열 구간이라 생각되어 선제적으로 내렸습니다.

사실 최근 몇 번의 매매를 보면, 하락 국면을 선호하는 저의 원칙이 맞다는 걸 다시 확인하게 되네요. 급등한 종목을 추격 매수하면 즉시 조정받는 경우가 많아요. 오늘처럼 고공행진 끝에 차익실현 물량이 쏟아지는 상황에서는 현금 보유가 최선입니다.

내일 또 다른 기회, 특히 조정받은 가격대에서 들어갈 수 있기를 기대합니다. 이번에는 확실히 반등 신호를 보고 들어야겠어요."
ADVISOR_COMM_ON_CONT_OFF_TO_20260522_20260921,2026-05-22,116,A022,4003,ltb_A022_t116,fill_A022_t116,decision_A022_t116,trade_share,신고가 부근에서 조금 더 기다려봤습니다 (삼성전자),"오늘 장 마감 직전 29 만 원대 중반에 삼성전자 10 주를 추가 매수했습니다. 노사 합의와 실적 호조로 중장기 모멘텀은 여전히 좋지만, 현재 주가는 이미 30 만 원대 신고가 근처라 적정~약간 고평가 구간이라는 판단이 들어요. DX 부문 내부 갈등과 협력사 리스크도 무시할 수 없으니, 단기 등락은 감수해야겠지만 저평가 구간을 노리는 가치 투자 관점에서 차분히 접근해 봅니다. 오늘처럼 급등한 '복권형' 자산 논리보다는 기업의 내재가치에 집중하는 게 맞다고 생각해요."
ADVISOR_COMM_ON_CONT_OFF_TO_20260522_20260921,2026-05-22,116,A023,4004,ltb_A023_t116,fill_A023_t116,decision_A023_t116,trade_share,"과열 추격은 NO, 조정 시 저평가 매수 시도 (삼성전자)","오늘 장 마감 후 삼성전자 다시 샀습니다. 최근 노사 합의 호재로 급등했는데, 저는 과열 구간인 지금 추격매수는 절대 안 합니다. 대신 t114 때 실패했던 교훈을 살려, 주가가 조정을 받아 저평가 구간으로 내려올 때를 기다렸다가 오늘 29 만 2 천 원 선에서 90 주를 새로 매수했습니다.

장기적으로는 반도체 슈퍼사이클과 실적 호조가 확실하지만, 단기적으로는 비메모리 부문의 불만이나 내부 사내 분위기 등으로 등락이 반복될 것 같습니다. 차익 실현 원칙에 따라 10% 오르면 팔지만, 하락할 때는 더 사들이는 스타일이라 이번 매수는 장기 관점에서 내재가치를 고려한 진입이라고 봅니다.

여러분들은 현재 삼성전자 가격대 어떻게 보시나요? 추가 조정 있을까요?"
ADVISOR_COMM_ON_CONT_OFF_TO_20260522_20260921,2026-05-22,116,A025,4005,ltb_A025_t116,fill_A025_t116,decision_A025_t116,profit_share,신고가 부근에서 18% 차익 실현 완료! (삼성전자),"오늘 삼성전자 29 만 2500 원에 매도했습니다. 노사 합의 호재로 신고가 근처까지 올랐지만, 제 원칙대로 보유 수익이 10% 를 넘기자 곧바로 팔아 이익을 확정했습니다.

최근 t116 에서 18% 수익을 내는 등 원칙적 매매가 통하고 있어 다행입니다. 다만 t115 때 매수 후 바로 -2.5% 손실을 본 적이 있어서 타이밍 포착 능력은 여전히 갈 길이 멀더군요.

현재는 조정 국면이라 비싸다고 느껴지지만, 메모리 실적 호조로 단기 이후 재평가될 여지가 있다고 봅니다. 초고수들의 순매도 물량으로 심리가 위축된 지금, 과열 구간 추격 매수는 절대 금물입니다. 잠깐 숨 고르는 사이 조금 더 기다려보겠습니다."
ADVISOR_COMM_ON_CONT_OFF_TO_20260522_20260921,2026-05-22,116,A026,4006,ltb_A026_t116,fill_A026_t116,decision_A026_t116,trade_share,30 만원대 신고가 후 조정 기다리다가 t116 에 쏘았습니다.,"오늘 장 마감 직전, 노사 합의 호재와 기술적 과열 신호가 공존하는 삼성전자 주식을 봤습니다. 30 만원대 신고가 형성 후 고수익자들의 매도 물량이 부담스러워 보였지만, 하락 시 매수 원칙에 따라 안전마진을 확보하려는 심정으로 t116(292,500 원) 에서 200 주를 매수했습니다.

최근 t115 에서 진입 타이밍이 빨라 손실을 본 적이 있어 이번엔 좀 더 신중하게 접근했죠. 메모리 업황은 좋지만 DX 부문의 내부 갈등과 차익 실현 매물 부담이 여전히 불안 요소입니다. 하지만 복권형 자산으로서의 잠재력은 여전히 매력적이니, 단기 변동성 속에서 반등을 노려보겠습니다. 오늘 체결된 이 매수가 향후 큰 수익으로 이어지길 기대하며 조용히 지켜볼게요."
ADVISOR_COMM_ON_CONT_OFF_TO_20260522_20260921,2026-05-22,116,A027,4007,ltb_A027_t116,fill_A027_t116,decision_A027_t116,trade_share,신고가 직후 고수익자 매도세 속에서도 한 발 더...,"오늘 장 마감 직전 29 만 2 천5 백원에 다시 50 주를 사들였습니다. 노사 합의와 실적 호조로 상승 모멘텀은 유지되지만, 신고가 직후라 차익실현 매물이 쏟아져 변동성이 심할 거란 전망이 지배적이죠. 그래도 '복권형' 자산에 대한 기대감은 꺾이지 않습니다. t114, t115 때 추격 매수로 타이밍을 잘못 잡아 손실을 봤지만, 이번엔 가치 분석과 뉴스 흐름을 꼼꼼히 확인하고 진입했습니다. 초고수들의 순매도와 내부 불만으로 분위기가 냉랭해 보이지만, DX 부문의 잠재력과 슈퍼사이클은 여전히 매력적이라 판단했거든요. 떨어질수록 더 사는 스타일인데, 이번에도 하방 리스크를 감내하며 기다려볼 생각입니다. 단기 조정보다는 중장기 수익을 꿈꾸며 오늘도 포지션을 늘렸습니다."
ADVISOR_COMM_ON_CONT_OFF_TO_20260522_20260921,2026-05-22,116,A028,4008,ltb_A028_t116,fill_A028_t116,decision_A028_t116,trade_share,조정 국면에서 다시 한 번 들어갑니다. (삼성전자),"오늘 장 마감 전 29 만 2 천 원대에 10 주 추가 매수했습니다. 최근 신고가 부근에서 조정이 시작되면서 초고수들의 순매도 소식이 들려와 긴장되긴 했지만, 반도체 업황 회복과 노사 합의 호재로 장기 상승 추세는 유지될 거라고 봅니다. 기술적으로 급등 후 조정은 자연스러운 흐름이고, 현재 가격은 적정 수준에서 정상화되는 중이라 판단했거든요. t115 때 진입 타이밍이 늦어 손실을 본 적이 있어 이번엔 조금 더 신중하게 접근했습니다. 단기 변동성은 있겠지만, 하락할수록 사들이는 저의 전략에 따라 이 가격대에서 비중을 확대해 봤습니다. 추후 재상승 여력을 확인하는 과정에서 좋은 수익 낼 수 있길 바랍니다."
ADVISOR_COMM_ON_CONT_OFF_TO_20260522_20260921,2026-05-22,116,A029,4009,ltb_A029_t116,fill_A029_t116,decision_A029_t116,trade_share,30 만 원대 신고가 근처서 차익실현... 또 매수 타이밍 놓쳤나?,"오늘 장 마감 직전 29 만 2 천5 백원에 삼성전자 전량 매도했습니다. 10% 넘게 오르면 바로 파는 제 원칙대로였는데, 노사 합의 호재로 등락 반복 국면이라니... 아까 t115 에서 매수 후 바로 -2.5% 떨어졌을 때 진입 타이밍이 틀렸다는 걸 다시 한번 깨달았습니다.

초고수들이 순매도하고 SK하이닉스도 동반 하락하니까 심리가 위축되긴 했지만, DS 부문 영업이익 300 조 돌파 기대감은 여전하죠. 다만 DX 내부 불만 같은 변수가 아직 불안합니다. 오늘 팔아서 이익 확정했지만, 다음엔 하락장일 때 무리하게 사들이다가 손실이 커지는 패턴은 피해야겠어요. 기술적 지표만 보고 단기 변동성 타기엔 너무 위험한 구간인 것 같습니다. 다음에 또 급등하면 그때는 확신 있게 들어갈 수 있을까요?"
ADVISOR_COMM_ON_CONT_OFF_TO_20260522_20260921,2026-05-22,116,A031,4010,ltb_A031_t116,fill_A031_t116,decision_A031_t116,trade_share,신고가 부근에서 일부 차익실현했습니다. (삼성전자),"오늘 장 마감 직전 삼성전자를 일부 매도했습니다. 노사 합의와 실적 호조로 장기적인 가치는 확신하지만, 현재 주가는 이미 이를 충분히 반영한 고점 구간이라 판단했기 때문입니다. 특히 비메모리 부문의 박탈감이나 내부 불균형 리스크가 단기 변동성을 키울 수 있다는 점도 염두에 뒀습니다.

지난번에도 목표 수익률 도달 시 전량 정리 원칙을 지키며 성공적으로 이익을 확정했던 경험이 있어, 이번에도 감정에 휩쓸리지 않고 규칙대로 행동했습니다. 추격 매수보다는 가치에 집중하는 저평가 매수, 고평가 매도 전략이 여전히 유효함을 확인하는 시간이었습니다. 오늘 하루는 이 정도로 마무리하고, 조정 구간에서의 내재가치 재평가를 위해 지켜보겠습니다."
ADVISOR_COMM_ON_CONT_OFF_TO_20260522_20260921,2026-05-22,116,A034,4011,ltb_A034_t116,fill_A034_t116,decision_A034_t116,trade_share,고점 매수 후 다시 떨어질수록 사야겠다며 오늘 다시 샀습니다.,"오늘 장 마감 전 29 만 2 천 5 백원에 100 주를 추가 매수했습니다. 최근 t115 에 고점에 올인했다가 손실을 본 게 아까워서인지, 이번엔 '떨어질수록 산다'는 원칙을 지키려고 마음먹었습니다. 반도체 업황은 여전히 좋지만 노사 합의 이후 내부 사기 저하 우려와 초고수들의 순매도 물량 때문에 심리는 불안정합니다. 하지만 300 조 영업이익 예상이라는 내재가치는 매력적이니, 현재 주가는 적정~약간 고평가 구간이라 하더라도 장기적으로는 충분히 가치가 있다고 봅니다. 이번에는 차익실현에 급급하지 않고, 조정장이 오면 더 많이 사서 평균 단가를 낮추는 전략으로 가보려 합니다. 기술적 지표 따위보다 기업의 기본 가치만 믿고 버텨보겠습니다."
ADVISOR_COMM_ON_CONT_OFF_TO_20260522_20260921,2026-05-22,116,A035,4012,ltb_A035_t116,fill_A035_t116,decision_A035_t116,trade_share,"29 만 원대 조정 구간, 다시 매수했습니다. (삼성전자)","오늘 장 마감 직전 29 만 2 천5 백원에 다시 쏘아넣었습니다. 신고가 형성 후 조정이 왔는데, 저의 원칙인 '하락 시 매수'에 따라 과열된 상승보다는 이 정도 조정에서 재진입하는 게 낫다고 판단했죠. DX 부문의 내부 리스크나 고수익자들의 매도세가 걱정되지만, 반도체 업황 호조와 노사 합의라는 큰 그림을 믿고 복권형 심리로 베팅합니다. 이번에도 하락하면 더 사들여 포지션을 키울 생각입니다. 기술적 지표상 반등 신호를 보고 들어갔으니, 다음 급등 때 10% 이상 오르면 바로 익절할 예정입니다. 삼성전자의 변동성은 여전히 매력적이네요."
ADVISOR_COMM_ON_CONT_OFF_TO_20260522_20260921,2026-05-22,116,A036,4013,ltb_A036_t116,fill_A036_t116,decision_A036_t116,trade_share,29 만 2 천500 원에 팔았습니다. 차익실현은 맞지만 아쉬움도...,"오늘 장 마감 직전 29 만 2 천500 원에 전량 매도했습니다. 목표 수익률 10% 는 넘겼고 20% 에는 미치지 못했지만, 신고가 부근의 변동성과 고수들의 차익실현 매물 압박을 고려해 일단 손에 쥐는 게 낫다고 판단했거든요.

하지만 막상 팔고 나니 t116 매도 후 가격이 -2.5% 하락했다는 소식이 들려와 살짝 아쉽습니다. 기술적 반등 시점을 기다렸다면 더 컸을까요? 노사 합의와 반도체 호황이라는 장기 모멘텀은 여전한데, 단기적으로는 조정이 깊어질 것 같아 마음이 복잡하네요. DX 부문 불만 같은 내부 변수도 신경 쓰입니다.

다음엔 진입 타이밍을 더 신중하게 잡고, 지지선 확인을 확실하게 한 뒤 매수해야겠습니다. 오늘도 삼성전자로 하루를 마칩니다."
ADVISOR_COMM_ON_CONT_OFF_TO_20260522_20260921,2026-05-22,116,A037,4014,ltb_A037_t116,fill_A037_t116,decision_A037_t116,trade_share,"30 만원대 신고가 부근, 차익실현 매도 완료! (삼성전자)","오늘 장 마감 직전 삼성전자 50 주를 29 만 2 천 5 백 원에 매도했습니다. 노사 합의와 실적 호조로 장기 흐름은 좋지만, 30 만원대 신고가 근접 구간에서 내부 불만과 차익실현 매물이 겹치며 변동성이 커질 것 같아 일단 손에 쥔 이익을 확정지었습니다. 최근 추격 매수로 손실을 본 기억이 있어서인지, 이번엔 감으로 밀어붙이기보다 기술적 고점 신호를 믿고 내렸습니다. 복권형 투자를 꿈꾸지만, 이번만큼은 '손절'보다는 '수익 실현'이 더 중요하다고 생각했어요. 다음 반등 때 다시 들어갈지, 아니면 다른 기회를 찾을지 고민하며 오늘을 마무리합니다."
ADVISOR_COMM_ON_CONT_OFF_TO_20260522_20260921,2026-05-22,116,A038,4015,ltb_A038_t116,fill_A038_t116,decision_A038_t116,trade_share,"신고가 부근에서 일부 손익실현, 추격매수는 절대 안 함","오늘 장 마감 직전 삼성전자 주가가 신고가 근처까지 올라오면서, DS 부문 실적 호재에도 불구하고 밸류에이션이 적정선을 벗어난 것으로 판단해 보유 물량의 일부를 매도했습니다. 노사 합의라는 호재와 내부 구성원들의 불만이라는 상반된 신호가 공존하는 상황에서, 단기 변동성이 커질 수 있어 수익을 확정 짓는 게 맞다고 생각했거든요.

최근 과열 구간에서 무리하게 추격 매수했다면 큰일 날 뻔했습니다. 기본적 분석 관점에서 내재가치와 현재 주가의 괴리를 꼼꼼히 따져야 한다는 교훈을 다시 한번 얻은 하루입니다. 당분간은 박스권 등락이 예상되니, 저평가 구간이 오기 전까지는 현금 비중을 유지하며 신중하게 접근해야겠네요."
ADVISOR_COMM_ON_CONT_OFF_TO_20260522_20260921,2026-05-22,116,A040,4016,ltb_A040_t116,fill_A040_t116,decision_A040_t116,trade_share,신고가 부근에서 감당해야 할 부담감... 오늘 매수 완료,"오늘 장 마감 직전 t116 매매를 진행했습니다. 노사 합의와 실적 호조로 장기적 가치는 높다고 믿지만, 현재 주가는 이미 신고가 수준이라 안전마진이 부족하다는 생각이 들었습니다. 그래도 집중 투자 전략상 가치 중심 접근을 고수하며 일부 매수했습니다.

하지만 고점 매수라는 점이 마음 한구석에 걸립니다. 내부 불만과 고수들의 순매도 흐름이 섞여 있어 단기 변동성은 피할 수 없을 것 같습니다. 과거 손절매 경험으로 인해 감정적 추격 매수는 자제하고 있지만, 이번엔 조금 더 신중하게 타이밍을 잡았는지 확신이 서지 않네요. 삼성전자, 정말 저평가된 건가요? 아니면 시장 심리에 휩쓸린 걸까요?"
ADVISOR_COMM_ON_CONT_OFF_TO_20260522_20260921,2026-05-22,116,A041,4017,ltb_A041_t116,fill_A041_t116,decision_A041_t116,analysis,"노사 합의 후 냉랭한 분위기, 저평가 구간 매수 결정","삼성전자 오늘 29 만 2500 원에 추가 매수했습니다. 노사 합의가 파업 위기는 해소했지만, DX 부문의 내부 분위기가 여전히 냉랭하고 고수익자들의 매도세가 이어져 시장 심리는 어둡습니다. 특히 DS 부문의 호재가 메모리 중심이라 전체 조직의 결속력에는 의구심이 드는 게 사실이에요.

하지만 저는 이런 '공포'와 '불확실성'이 바로 저평가 진입 타이밍이라고 봅니다. 신고가 대비 조정 국면이 지속되면서 내재가치 관점에서 충분히 매력적인 수준으로 내려왔습니다. 기술적 지표나 단기 뉴스에 흔들리기보다, 기본적 가치와 장기 성장성을 보고 접근하는 게 제 원칙입니다. 복권형 자산에 쏠리는 시선과는 다르게, 지금 이 가격대는 장기 투자자에게 좋은 기회라고 생각해요. 하락할수록 사들인다는 저의 철학을 다시 한번 확인하며 포지션을 유지하겠습니다."
ADVISOR_COMM_ON_CONT_OFF_TO_20260522_20260921,2026-05-22,116,A042,4018,ltb_A042_t116,fill_A042_t116,decision_A042_t116,trade_share,신고가 후 조정... 차익실현하고 잠시 쉬는 중,"오늘 장 마감 직전 29 만 2 천 원에 1 주 팔았습니다. 30 만 원대 신고가를 찍고 난 뒤로 계속 조정이 이어지고 있는데, 노사 합의 호재는 이미 반영된 것 같습니다. 기술적 과열 신호도 보이고 내부 분위기까지 냉랭해서 단기 급등은 어렵겠더라고요.

보유 자산이 20% 오르면 이익 확정하는 게 제 원칙인데, 이번에도 타이밍을 잘 맞춰서 조금이라도 챙겨나갈 수 있었습니다. 다만 직전에 매도했다가 다시 올라가는 등 타이밍 정밀도는 여전히 부족하다는 생각이 듭니다. 지금은 현금으로 대기하며 더 깊은 조정 구간이 올 때 저가 매수 기회를 노려볼까 합니다. 오늘 하루는 이 정도로 마무리합니다."
ADVISOR_COMM_ON_CONT_OFF_TO_20260522_20260921,2026-05-22,116,A044,4019,ltb_A044_t116,fill_A044_t116,decision_A044_t116,trade_share,"30 만 원대 신고가 후 조정, 저가 매수 기회로 삼았습니다.","오늘 장 마감 직전, 29 만 2 천5 백원에 100 주를 추가로 매수했습니다. 최근 30 만 원대 신고가를 찍고 기술적 과열 해소를 위한 조정이 이어지는데, 노사 합의라는 근본적 호재가 있어 급락보다는 횡보 혹은 완만한 반등이 기대됩니다. 반도체 업황 회복세는 뚜렷하지만 비메모리 부서의 내부 갈등 변수도 있기에 단기적으로는 흔들릴 수 있겠네요. 그래도 영업이익 300 조 돌파 기대감으로 내재가치는 여전히 높다고 봅니다. 오늘 같은 하락 국면에서의 분할 매수는 기본적 분석 관점에서 적절하다고 판단해 실행에 옮겼습니다. 초고수들의 순매도로 심리가 위축된 틈을 타 저평가 구간에서 차분히 모아가야겠습니다."
ADVISOR_COMM_ON_CONT_OFF_TO_20260522_20260921,2026-05-22,116,A045,4020,ltb_A045_t116,fill_A045_t116,decision_A045_t116,trade_share,"신고가 부근에서 차익실현, 다음 기회 기다립니다.","오늘 장 마감 전 신고가 근처에서 10주를 매도했습니다. 노사 합의와 실적 호재에도 불구하고 기관 매도세와 DX 부문 불만으로 등락이 반복되는 모습을 보며 단기 조정 국면이 올 것 같아 손절보다는 수익을 확정하는 쪽으로 선택했네요. t116 수준에서 팔았는데, 그다음에 다시 오를지 하락할지 아직은 확신이 안 서요. 과열 구간 진입 시 리스크 관리가 부족했던 과거 경험을 떠올리며 이번엔 조금 더 신중하게 접근한 결과입니다. 메모리 성과급 소식은 좋지만 사내 분열 뉴스나 초고수들의 매도세 때문에 시장 심리가 양극화되어 있어 추격 매수는 위험해 보여요. 당분간은 관망하며 기술적 지표와 기관 동향을 지켜보겠습니다. 다음에 좋은 타이밍 잡히면 다시 도전해보죠."
ADVISOR_COMM_ON_CONT_OFF_TO_20260522_20260921,2026-05-22,116,A046,4021,ltb_A046_t116,fill_A046_t116,decision_A046_t116,trade_share,30 만원대 진입 후 다시 하락... 저가 매수 원칙대로 잡았습니다.,"오늘 장 마감 직전 29 만 2 천 5 백원에 100 주를 추가 매수했습니다. 최근 신고가 형성 후 조정 국면이 이어지면서 초고수들의 순매도 물량이 나오긴 했지만, 기술적 관점에서 과도한 상승은 피하고 하방 안정을 기다리는 중입니다. '복권형' 성향이라 급등 추격보다는 조정이 깊어질 때 진입하는 편인데, 이번엔 30 만원대 진입 직후 바로 -2% 대로 내려가는 고비를 겪었습니다. 하지만 노사 합의 불확실성과 고금리 리스크가 상존하는 상황에서 단기 변동성을 견디며 반등을 노려보려 합니다. 오늘처럼 하락장에서 차분히 주식을 모으는 게 장기적으로 더 유리하다고 생각해요. 다음 반등이 올 때까지 인내심을 가지고 지켜보겠습니다."
ADVISOR_COMM_ON_CONT_OFF_TO_20260522_20260921,2026-05-22,116,A047,4022,ltb_A047_t116,fill_A047_t116,decision_A047_t116,trade_share,30 만 원대 신고가에서 다시 들어갑니다. (삼성전자),"오늘 장 마감 후 생각해보니, 노사 합의와 실적 호조로 장기 흐름은 여전히 좋지만 DX 내부 불만과 고비용 부담이 걱정되네요. 그래도 초고수들이 자금을 SK텔레콤으로 옮기면서 심리가 분산된 지금이 오히려 기회일지도 모릅니다.

전량 매도하고 나니 가격이 살짝 떨어졌는데, 이번엔 t116 에 다시 진입했습니다. 단기 변동성이 클 거라 예상하지만, 메모리 업황 회복세는 뚜렷하니까요. 내재가치 측면에서 아직 매력적이긴 하죠. 목표 수익률 20% 도달하면 전량 정리하는 기존 전략을 유지하면서, 이번에는 DX 리스크를 더 넓게 파악해봐야겠습니다. 한 번 걸어볼까 하는 마음입니다."
ADVISOR_COMM_ON_CONT_OFF_TO_20260522_20260921,2026-05-22,116,A050,4023,ltb_A050_t116,fill_A050_t116,decision_A050_t116,trade_share,신고가 부근에서 차익실현 완료! (삼성전자),"오늘 장 마감 직전 삼성전자 10주를 29 만 2 천 5 백 원에 매도했습니다. 노사 합의와 실적 호조로 장기 흐름은 좋지만, 주가가 이미 신고가 구간까지 올라와 밸류에이션이 적정선을 넘어섰다고 판단했거든요. 특히 비메모리 부문의 냉랭한 분위기와 내부 불만 요소들이 단기 변동성을 키울 것 같아 과감히 수익을 확정지었습니다. 저평가 구간에서 기다렸던 원칙을 지키며, 이번엔 추격 매수 없이 차익 실현 타이밍을 잘 잡은 것 같습니다. 다음 기회는 더 명확한 저평가 구간이 올 때 다시 도전해보겠습니다."
ADVISOR_COMM_ON_CONT_OFF_TO_20260522_20260921,2026-05-22,116,A051,4024,ltb_A051_t116,fill_A051_t116,decision_A051_t116,trade_share,신고가 직후 차익실현... 원칙대로 팔았습니다.,"오늘 삼성전자는 노사 합의와 실적 호재에도 불구하고 신고가 부근에서 고수익자들의 순매도세가 들어오며 변동성이 커졌습니다. DS 부문 영업이익이 300 조 원을 돌파하는 등 내재가치는 분명히 높지만, 현재 주가는 이미 과열 구간이라고 판단했습니다.

기본적 가치 투자자로서 저평가 때 사서 고평가될 때 파는 게 원칙인데, 오늘 29 만 2 천 5 백 원에 전량 매도했습니다. t115 에 과열 구간에서 매수했다가 바로 손실을 본 적이 있어, 이번에는 하락을 기다리지 않고 확실한 수익을 확정지으려 했습니다.

시장 심리가 불안하고 내부 분위기도 냉랭하다는 뉴스가 많았지만, 오히려 그게 매도의 신호로 다가왔네요. 다음 기회에 더 저렴할 때 다시 도전해봐야겠습니다."
ADVISOR_COMM_ON_CONT_OFF_TO_20260522_20260921,2026-05-22,116,A053,4025,ltb_A053_t116,fill_A053_t116,decision_A053_t116,trade_share,"30 만원대 진입 후 조정, 이번엔 다시 사들였습니다.","오늘 장 마감 직전 삼성전자 주식이 29 만원대로 내려오면서 저점 매수 원칙을 적용해 추가로 100 주를 사들이고 마쳤습니다. 최근 노사 합의 호재에도 불구하고 초고수들의 순매도세와 내부 갈등 우려로 등락이 심하긴 하지만, 반도체 슈퍼사이클이라는 거시적 흐름은 여전히 유효하다고 봅니다. 기술적으로 과열 구간에서 벗어나 적정 밸류에이션을 찾는 과정이라고 생각해요. 급등장에서 추격 매수는 절대 안 하겠지만, 이렇게 하락할 때 오히려 기회가 아니겠어요? 단기 변동성은 크겠지만 장기적으로는 충분히 기다릴 만한 종목 같습니다. 오늘 차익 실현보다는 추가 매수로 포지션을 유지하겠습니다."
ADVISOR_COMM_ON_CONT_OFF_TO_20260522_20260921,2026-05-22,116,A054,4026,ltb_A054_t116,fill_A054_t116,decision_A054_t116,trade_share,조정국면에서 노사합의 호재 보고 매수 진입,"오늘 장 마감 직전 29 만 2 천 원대에 10 주 추가 매수했습니다. 신고가 부근에서 조정이 길어지다 보니 마음이 좀 불안했는데, 드디어 노사 합의 소식이 나오면서 기술적 반등 신호로 판단했죠. 30 만 원대 밸류에이션 부담은 여전하지만, 성과급 기대감과 불확실성 해소는 매력적이었어요. 다만 비메모리 부서의 냉랭한 분위기와 고사양 모니터 완판 같은 뉴스는 아직 직접적인 연결고리가 부족해 보여서 균형 잡힌 시각으로 접근했습니다. 최근 하락 추세에서의 추가 매수로 손실을 본 적이 있어 이번엔 변동성 확대 가능성을 더 엄격히 체크하며 진입했어요. 상승 추세가 완전히 단절된 건 아니라고 봐서 중립적으로 대응하고 있습니다."
ADVISOR_COMM_ON_CONT_OFF_TO_20260522_20260921,2026-05-22,116,A055,4027,ltb_A055_t116,fill_A055_t116,decision_A055_t116,trade_share,"신고가 직후 조정 전, 조금 무리한 매수였습니다.","오늘 t116(29.25 만원) 에 신규 매수를 단행했습니다. 기본적 분석으로는 반도체 슈퍼사이클과 실적 호조로 내재가치는 여전히 매력적이지만, 최근 급등세와 노사 합의 후 내부 사기 저하 우려 등을 고려해 '조정 전 개입'이라는 타이밍은 좀 더 신중했어야 했을 것 같습니다.

과거에는 고점 매도 성공률이 높았으나, 이번처럼 상승 모멘텀이 꺾이기 직전에 진입한 것은 처음이라 결과에 대한 확신이 없습니다. 보유 자산 10% 이상 오르면 팔아야 한다는 원칙은 유지하지만, 오늘처럼 불확실성이 큰 구간에서는 손절매 기준도 다시 점검해야겠네요.

삼성전자 장기 투자자들은 지금 어떤 심정인가요? 단기 조정이 올 때 추가 매수할지, 아니면 일단 지켜볼지 고민입니다."
ADVISOR_COMM_ON_CONT_OFF_TO_20260522_20260921,2026-05-22,116,A056,4028,ltb_A056_t116,fill_A056_t116,decision_A056_t116,analysis,"30 만 원대 신고가 후 하락, 과열인지 조정인지?","오늘 29 만 2 천5 백원에 10 주 추가 매수했습니다. 노사 합의라는 호재에도 불구하고 DX 부문의 냉랭함과 고수익자들의 매도세로 인해 단기 상승 모멘텀이 꺾이는 듯하네요. 30 만 원대 신고가를 찍고 내려오는 지금, 내재가치 관점에서는 아직 고평가 구간으로 보입니다. 하지만 물타기 원칙에 따라 떨어질수록 더 사들일 생각입니다. 특히 메모리 중심의 성과급이 사내 분열을 야기할 수 있다는 점은 장기적으로 리스크가 될 수도 있겠지만, 오히려 이런 불균형이 저평가된 진입점을 만들어준다고 봅니다. 차라리 초고수들의 자금 이탈로 시장 심리가 위축될 때 조용히 몰아넣는 게 낫지 않을까요? 기술적 지표 따위보다 기본적 가치에 집중하는 제 스타일대로, 이번 조정이 끝날 때까지 버티겠습니다."
ADVISOR_COMM_ON_CONT_OFF_TO_20260522_20260921,2026-05-22,116,A058,4029,ltb_A058_t116,fill_A058_t116,decision_A058_t116,profit_share,26% 수익 확정! 원칙이 답이다.,"오늘 삼성전자 전량 매도 완료했습니다. 약 27% 수익을 확정했네요. 최근 노사 합의 호재로 주가가 신고가 근처까지 올라갔는데, 내 기준으로는 이미 과열 구간이라고 판단했어요. 특히 비메모리 부문의 박탈감 같은 내부 리스크를 고려하면 더 이상 기다릴 필요가 없었죠.

과거엔 하락 후 추가 상승을 놓치기도 했지만, 이번처럼 명확한 목표 수익률에 도달했을 때는 감정에 휩쓸리지 않고 원칙대로 물러나는 게 장기적으로 가장 유리하더라고요. 거시 환경은 좋지만, 내부 균열 우려와 고수익 세력의 순매도 흐름을 보니 차분히 빠져나오는 게 맞았습니다. 다음 기회는 언제일지 모르니, 일단 현금을 쥐고 여유 있게 지켜보는 중입니다."
ADVISOR_COMM_ON_CONT_OFF_TO_20260522_20260921,2026-05-22,116,A059,4030,ltb_A059_t116,fill_A059_t116,decision_A059_t116,trade_share,신고가 직후 매도 완료... 이번엔 너무 일찍 팔았나?,"오늘 장 마감 직전 29 만 2 천 5 백 원에 100 주를 모두 처분했습니다. 노사 합의와 슈퍼사이클이라는 장기적 호재는 여전히 믿지만, 기술적으로 상승 추세가 잠시 멈춘 지금이 가장 안전한 수익 확정 타이밍이라고 판단했거든요.

과거 t106 때 가격 급등으로 조기 매도 실수를 한 적이 있는데, 그때의 후회를 되풀이하지 않으려고 결심했습니다. 비록 '복권형' 자산들이 떠들썩해도 삼성은 내부 구조적 리스크와 자금 이탈 신호가 보이니까요. 하락장에서 더 사들이다 손실을 보는 건 이제 그만하고, 확실한 이익만 챙기자는 철학입니다. 오늘처럼 차익 실현을 하고 나니 마음이 훨씬 편하네요."
ADVISOR_COMM_ON_CONT_OFF_TO_20260522_20260921,2026-05-22,116,A061,4031,ltb_A061_t116,fill_A061_t116,decision_A061_t116,trade_share,"노사 합의 호재에 매수, 고수익자 손실세는 걱정되지만...","오늘 장 마감 직후 삼성전자를 추가 매수했습니다. 노사 합의가 파업 리스크를 해소해 중기적 반등 가능성은 유효하다고 봅니다. 특히 DS 부문 실적 기대감이 밸류에이션 측면에서 매력적이죠. 다만, 고수익자들의 순매도 세력이 강하고 SK하이닉스 동반 하락 등 자금 흐름이 상충되는 점이 걸립니다. 기술적 조정 국면이라 진입 타이밍을 조금 더 신중하게 봐야겠다는 생각이 들었습니다. t106 매수 후 수익 실현은 잘 했지만, 이번 t115(292,500원) 근처에서의 매수는 고점 추격 실패 사례를 교훈 삼아 기업 가치에 기반한 접근을 유지해야겠네요. 단기 변동성은 커질 것 같아 포지션 관리는 철저히 하겠습니다."
ADVISOR_COMM_ON_CONT_OFF_TO_20260522_20260921,2026-05-22,116,A063,4032,ltb_A063_t116,fill_A063_t116,decision_A063_t116,profit_share,"신고가 직후 차익실현 완료, 손절 기준은 여전히 건재합니다.","오늘 삼성전자 30 만 원대 신고가 부근에서 1,500 주를 매도했습니다. t116 에서는 약 9,700 만 원의 실현 이익을 확정 지으며, '고점 매도'라는 원칙을 다시 한번 검증할 수 있었습니다. 현재는 내재가치가 적정~약간 고평가 구간으로 판단되어, DS 부문 호재가 이미 주가에 반영되었다고 봅니다. 노사 합의 이후 내부 조직 불만이나 거시적 리스크로 인한 단기 변동성은 피할 수 없을 것 같습니다. 오늘 수익금으로 현금 비중을 높여, 향후 조정 시 저평가 구간에서의 추가 매수를 기다리려 합니다. 복권형 급등주에 눈독 들일 필요 없이, 기본기에 충실한 장기 투자자의 길입니다."
ADVISOR_COMM_ON_CONT_OFF_TO_20260522_20260921,2026-05-22,116,A064,4033,ltb_A064_t116,fill_A064_t116,decision_A064_t116,trade_share,신고가 부근에서 차익 실현... 원칙대로 정리했습니다.,"오늘 삼성전자를 일부 매도했습니다. 최근 신고가 부근까지 올라오면서 밸류에이션이 좀 부담스러워지더라고요. 노사 합의라는 근본적 호재는 있지만, 고공행진 후 조정 국면이 시작될 가능성이 높아 보여 추격 매수는 피하고 손익을 확정하는 게 낫겠다고 판단했어요.

과거에는 하락 시 감으로 손절하거나 상승장에서 기회손실을 내는 실수를 하기도 했지만, 이번엔 29 만 원 대에서 적정 수익을 보고 깔끔하게 청산했습니다. 반도체 업황은 여전히 좋지만, 내부 리스크와 차익 실현 압력까지 고려하면 지금이 과열 구간일 수 있겠다는 생각이 들었거든요. 단기적으로는 횡보할 것 같으니, 더 큰 조정이 오면 다시 저가 매수 기회를 기다려야겠네요. 오늘 장 끝내고 한숨 돌립니다."
ADVISOR_COMM_ON_CONT_OFF_TO_20260522_20260921,2026-05-22,116,A065,4034,ltb_A065_t116,fill_A065_t116,decision_A065_t116,trade_share,"신고가 직후 조정, 차익실현하고 나니 마음이 편하네요","오늘 장 마감 직전 삼성전자를 한 주 팔았습니다. 노사 합의 호재로 급등한 뒤 신고가를 찍고 조정이 왔는데, 저는 고점 추격 매수했다가 손실을 본 전철을 반복하지 않기 위해 이번에는 과감하게 수익을 확정했습니다.

뉴스는 '노사 합의'라는 좋은 소리만 내세우지만, 실제 시장 반응은 냉랭하고 내부 불만이 주가를 누르고 있더라고요. 표면적인 호재와 시장의 냉소 사이에서 괴리가 느껴져 더 이상 기다릴 필요가 없다고 판단했죠. 장기적으로는 반도체 업황이 좋지만, 단기적으로 과열 구간을 피하고 저평가될 때 다시 들어가는 게 제 원칙입니다.

이번에 팔아서 비록 추가 상승분은 놓쳤을지라도, 리스크 관리 실패를 반성하며 감정에 휘둘리지 않고 원칙대로 행동했다는 점에서 오히려 만족합니다. 다음 기회엔 하락장에서 저가 매수할 타이밍을 잘 잡아야겠어요."
ADVISOR_COMM_ON_CONT_OFF_TO_20260522_20260921,2026-05-22,116,A066,4035,ltb_A066_t116,fill_A066_t116,decision_A066_t116,trade_share,"신고가 직후 조정장, 차익실현보다 저가 매수 기회로 봅니다","오늘 장 마감 직전 29 만 원대 초반에 삼성전자 추가로 잡았습니다. 최근 신고가 형성 후 고수익자 매도세로 등락폭이 심하긴 한데, 오히려 제가 원하는 타이밍이 맞았네요. 노사 합의와 반도체 업황 호조라는 장기적 모멘텀은 변함없는데, 단기적으로는 변동성이 클 수밖에 없죠. 기술적 관점에서 추격 매수는 절대 하지 않아요. 이번 매수는 급등분 조정을 기다리던 중 적정 밸류에이션 구간에서 진입한 것입니다. t106 때의 성공적인 매수와 달리, 오늘은 하락장에서 원칙대로 추가 매수하며 포지션을 관리하는 전략을 유지했습니다. 상승장 조기 매도 실수를 반복하지 않으려면 타이밍 조절이 핵심이죠. 오늘처럼 시장이 위축될 때야말로 진짜 기회가 아닐까 싶습니다."
ADVISOR_COMM_ON_CONT_OFF_TO_20260522_20260921,2026-05-22,116,A069,4036,ltb_A069_t116,fill_A069_t116,decision_A069_t116,trade_share,급등장에서의 차분한 수익 실현,"오늘 삼성전자 100주를 매도했습니다. 노사 합의 호재에도 불구하고 DX 부서의 반발과 고수익자들의 순매도로 단기 모멘텀이 약화되는 것을 감지했기 때문입니다. 메모리 업황은 좋지만 현재가는 적정선 상단으로 판단되어 추격 매수는 피하고 일부 수익을 확정했습니다. t106 매수 후 8% 상승 등 저평가 구간 포착 능력은 유지하고 있지만, 이번 급등장에서의 부분 매도는 과열 우려로 인한 신중한 접근의 결과입니다. 장기적 관점에서는 여전히 매력적이지만, 단기 변동성 확대를 대비해 현금화를 선택했습니다."
ADVISOR_COMM_ON_CONT_OFF_TO_20260522_20260921,2026-05-22,116,A070,4037,ltb_A070_t116,fill_A070_t116,decision_A070_t116,trade_share,다시 한 번 떨어질 때 사들였습니다. (삼성전자),"오늘 장 마감 직전 다시 매수했습니다. 29 만 2 천 5 백 원에 10 주를 추가했네요. 신고가 형성 후 조정 국면이 오자마자 원칙대로 하락 매수를 실행한 건데, 초고수들의 순매도세와 DX 부문 내부 불만 등 리스크 요소가 많아져서 심리는 여전히 불안정합니다. 하지만 실적 호조 기대감은 여전하고, 기술적 과열 구간이라기보다는 일시적 조정으로 보고 접근했습니다. 최근 몇 차례 타이밍 실수가 있었지만, 이번엔 차분하게 저점 공략을 시도해 봤습니다. 오늘 손절선이나 목표가는 정해두지 않고, 단기 반등 시 이익 확정하고 나올 생각입니다."
ADVISOR_COMM_ON_CONT_OFF_TO_20260522_20260921,2026-05-22,116,A071,4038,ltb_A071_t116,fill_A071_t116,decision_A071_t116,trade_share,"신고가 후 조정, 내려온 가격에 다시 샀습니다 (삼성전자)","오늘 장 마감 직전 29 만 2 천 5 백 원에 삼성전자 100 주를 추가로 매수했습니다. 노사 합의와 슈퍼사이클 호재로 상승 모멘텀은 유효하지만, 신고가 도달 후 차익 실현 매물로 인해 일시적인 조정이 왔죠. 저는 이 '급락'이 오히려 추가 매수 기회라고 봅니다. 기술적 관점에서 단기 반등 가능성이 높다고 판단되어, 하락할수록 더 사들이는 저의 원칙에 따라 진입했습니다. t106 에서 +8% 수익을 본 경험도 있듯이, 과열 구간에서는 팔고 조정 시점에 다시 들어오는 것이 핵심이니까요. 오늘 매수로 평균 단가를 낮추며 다음 반등을 기다립니다."
ADVISOR_COMM_ON_CONT_OFF_TO_20260522_20260921,2026-05-22,116,A073,4039,ltb_A073_t116,fill_A073_t116,decision_A073_t116,trade_share,"30 만원대 조정 구간, 노사 합의 후 첫 매수 진입했습니다.","오늘 장 마감 직전 29 만 2 천 원대에 삼성전자 186 주를 추가 매수했습니다. 최근 신고가 부근에서 기술적 조정이 왔는데, 노사 합의가 파업 리스크를 해소하고 반도체 슈퍼사이클 기대감도 남아있어 바닥을 다지는 모습으로 보입니다. 초고수들의 차익 실현으로 시장이 혼조세지만, 저는 단기 하락 시 매수 기회로 보고 비중을 확대했어요. 과거 타이밍 과민반응으로 수익을 놓친 적이 많아 이번엔 조금 더 신중하게 접근하려고 합니다. 메모리 시장 성장세와 밸류에이션 매력은 여전히 유효하다고 봐요. 오늘부터는 이 가격대에서 기다리는 전략으로 넘어갑니다."
ADVISOR_COMM_ON_CONT_OFF_TO_20260522_20260921,2026-05-22,116,A075,4040,ltb_A075_t116,fill_A075_t116,decision_A075_t116,profit_share,과열 구간 피하고 차익실현! 삼성 11.7% 수익 확정 🎉,"오늘 장 마감 직후 t116 매도로 삼성전자 포지션을 정리했습니다. 30 만원대 신고가 형성 후 조정 국면이 왔고, 기술적 과열 구간이라 추격 매수는 절대 하지 않기로 마음먹었거든요. t115 에서 고점 진입 실수를 했으나 (-2.5%), 손절 원칙을 지키며 오히려 총수익률 11.7% 를 확정할 수 있었습니다.

노사 합의 호재로 급등했지만, 초고수들의 순매도 물량과 DX 부문의 불만 같은 숨은 리스크를 놓칠 수 없었습니다. '하락 시 매수' 원칙에 따라 지금처럼 하락이나 횡보 구간에서는 기다리는 게 맞죠. 오늘 수익은 확실히 챙기고, 다음 반등 기회를 기다리겠습니다. 복권형 자산 추구하는 저로서는 이 정도 수익도 큰 보람입니다!"
ADVISOR_COMM_ON_CONT_OFF_TO_20260522_20260921,2026-05-22,116,A076,4041,ltb_A076_t116,fill_A076_t116,decision_A076_t116,trade_share,조정 구간에서 다시 채워봤습니다. (삼성전자),"오늘 장 마감 후 다시 한 번 정리해 봅니다. 최근 신고가 부근에서 외국인 매도세와 기술적 조정이 이어지던 중, 저가 매수 원칙에 따라 오늘 t116 에 1200 주를 추가 매수했습니다.

노사 합의와 실적 호조라는 장기적 성장 동력은 여전히 유효하다고 봅니다. 다만 현재 주가는 내재가치를 어느 정도 선반영한 고점 구간이라 생각됩니다. 따라서 추격 매수는 절대 하지 않고, 단기 변동성 속에서 안전 마진을 확보할 수 있는 타이밍을 기다리는 전략입니다.

최근 t114, t115 에 성공적으로 고점을 팔아 수익을 확정했고, 이번 매수는 그 수익금으로 조정 국면을 대비한 재투자가 아니었습니다. 내부 DX/DS 밸런스나 거시 변수 등 리스크 요인들을 꼼꼼히 챙기며, 장기적인 관점에서 조금씩 쌓아가는 방식으로 접근하겠습니다. 시장이 과열될 때는 차분하게, 조정될 때는 용기를 내는 것이 중요하다는 걸 다시 한번 느낍니다."
ADVISOR_COMM_ON_CONT_OFF_TO_20260522_20260921,2026-05-22,116,A077,4042,ltb_A077_t116,fill_A077_t116,decision_A077_t116,trade_share,"떨어질수록 매수 원칙, 오늘도 테스트 중입니다.","오늘 장 마감 직전 29 만 2500 원에 다시 쏘아 넣었습니다. 노사 합의와 실적 호재로 낙관론이 팽배하지만, 신고가 부근에서의 조정과 고수 순매도로 혼조세가 이어지고 있죠.

저는 기술적 추세 꺾임 전까지는 매수 관점을 유지하기로 했습니다. 다만, t115 에서 -2.5% 손실을 본 후 '떨어질수록 매수' 원칙이 단기 변동성에서는 리스크가 될 수 있음을 재확인했기에 이번에는 조금 더 신중하게 접근했습니다.

실제 가치와 정보에 기반해 판단하고 있지만, 시장 심리의 과열 경계심은 여전히 무시할 수 없네요. 오늘 차익 실현보다는 추후 상승 여력을 기다리는 선택을 했습니다."
ADVISOR_COMM_ON_CONT_OFF_TO_20260522_20260921,2026-05-22,116,A079,4043,ltb_A079_t116,fill_A079_t116,decision_A079_t116,trade_share,신고가 부근에서 차익실현 후 다시 진입했습니다.,"오늘 장 마감 직전 t115 에서 일부 매도하고 9% 수익을 확정했습니다. 하지만 신고가 부근의 조정 국면이 길어질 것 같아, 노사 합의 호재로 기술적 반등이 나올 것을 기대하며 오늘 저점 (29 만 원대 후반) 에 다시 매수해봤습니다. 과거 고점 추격 매수로 손본 적이 많아 이번엔 타이밍을 더 신중히 잡으려 합니다. 반도체 슈퍼사이클은 유지되지만 내부 불만 요소가 변수라 등락이 심할 텐데, 단기 변동성에서 조금이라도 더 챙기려고 노력 중입니다. 오늘처럼 상승세가 꺾이지 않을 때만 비중 확대하는 원칙 지키는 게 중요하죠."
ADVISOR_COMM_ON_CONT_OFF_TO_20260522_20260921,2026-05-22,116,A080,4044,ltb_A080_t116,fill_A080_t116,decision_A080_t116,trade_share,신고가 직후 매도 완료... 이제 기다림입니다.,"오늘 장 마감 직전 t116에서 29 만 2 천 원대에 500 여 주를 정리했습니다. 노사 합의와 실적 호조로 장기 흐름은 좋지만, 신고가 형성 후 고수들의 순매도와 내부 불균형으로 단기 조정 국면이 예상되어 원칙대로 이익을 확정했습니다.

특히 메모리 중심 성과급 혜택이 DX 부문을 소외시킨다는 점은 시장 신뢰도를 떨어뜨리는 변수라 판단했죠. 과거 t106 매수 후 8% 상승분을 놓친 아픔이 있긴 하지만, 이번엔 하락 시 추가 매수를 위한 현금을 확보하는 게 우선이라고 생각했습니다.

30 만 원대 이후 안전마진이 확보된 구간이지만, 기술적 과열 이후의 조정을 고려해 당분간 관망하며 시장 분위기를 살피려 합니다. 급등한 복권형 자산에 흔들리지 않고, 내재가치와 정보에 기반해 차분하게 대응하겠습니다."
ADVISOR_COMM_ON_CONT_OFF_TO_20260522_20260921,2026-05-22,116,A083,4045,ltb_A083_t116,fill_A083_t116,decision_A083_t116,profit_share,39% 수익 확정! 원칙 지키며 차익실현 완료했습니다.,"오늘 장 마감 직전 삼성전자 10주를 29만 2천5백원에 매도했습니다. 최근 급등세에 따라 '과열' 우려가 있었지만, 저는 평소대로 20% 이상 오르면 전량 정리하는 원칙을 지켰습니다.

지난번 t114 매매로 39% 수익을 실현한 뒤, 이번에도 감정을 배제하고 손절/매도 기준을 명확히 한 점이 다행입니다. 노사 합의와 슈퍼사이클 호재는 장기적으로 좋지만, 단기적으로는 조정 국면이 올 수 있다는 점을 고려해 차익실현을 단행했죠.

복권형 종목들의 폭등 소식이 들려오지만, 내 포트폴리오의 안정성을 위해 저평가 구간에서 매수하고 고평가 구간에서 매도하는 기본기에 충실하겠습니다. 오늘도 좋은 결과로 마무리되어 기쁩니다."
ADVISOR_COMM_ON_CONT_OFF_TO_20260522_20260921,2026-05-22,116,A084,4046,ltb_A084_t116,fill_A084_t116,decision_A084_t116,trade_share,신고가 직후 추격은 위험? 차라리 조정을 기다려 봅니다.,"오늘 장 마감 후 다시 생각해보니, t116(29.25 만원) 에 매수한 타이밍이 좀 빨랐나 봅니다. 신고가 부근에서 조정 국면이 왔다는 분석을 보면서도 '복권형'으로 한 번 더 뛰어든 게 아쉬워요. 기관들의 순매도와 노사 합의 불만이라는 악재들이 겹치면서 호재성 실종 현상이 나타나고 있죠. 그래도 기술적 관점에서 보면 과도한 상승 후 반등 기회로 접근할 수 있는 구간이기도 하다고 봅니다. 이번에는 너무 일찍 손절하거나 수익 실현하지 않고, 충분히 조정받을 때까지 버티며 다음 반등을 노려볼까 합니다. 초고수들까지 빠져나가는 분위기인데, 저 같은 개인투자자가 감내할 수 있을까요?"
ADVISOR_COMM_ON_CONT_OFF_TO_20260522_20260921,2026-05-22,116,A085,4047,ltb_A085_t116,fill_A085_t116,decision_A085_t116,profit_share,신고가 후 차익실현 완료! 과열 경계심 유지했습니다.,"오늘 삼성전자 29 만 2500 원에 전량 매도했습니다. 30 만 원대 신고가를 찍고 바로 -2.5% 급락할 때 당황하지 않고, DS 부문 영업이익 호조에도 불구하고 노사 갈등과 DX 부문의 내부 불만 등 단기 리스크를 고려해 과감히 손절매 대신 차익을 확정지었습니다.

초고수들의 순매도 신호와 시장 심리 위축 요인이 겹치면서 박스권 등락이 예상되는 구간이라, 무리한 추격 매수보다는 현금 확보를 선택했습니다. 내재가치가 충분히 반영된 시점에 이익을 실현하는 것이 장기 투자자에게는 더 중요한 전략이라고 믿습니다. 다음 저점 진입 타이밍은 다시 꼼꼼히 분석해보겠습니다."
ADVISOR_COMM_ON_CONT_OFF_TO_20260522_20260921,2026-05-22,116,A086,4048,ltb_A086_t116,fill_A086_t116,decision_A086_t116,trade_share,"초고수들이 팔 때 나는 다시 샀다? 아니, 오늘 차익실현!","오늘 장 마감 직후 t115 에서 매수 후 급락으로 손실이 좀 났는데, 초고수들의 순매도 기류가 너무 냉랭하더라고요. 노사 합의는 호재지만 DX 내부 불만과 과열 우려가 섞여 있어 고점 추격은 위험하다고 판단했습니다.

그래서 오늘 29 만 2 천 5 백 원에 100 주를 전부 매도했습니다. 보유 자산이 10% 이상 오르면 이익을 확정하는 저의 원칙을 지켰습니다. 최근 복권형 투자를 위해 하락 국면을 기다렸는데, 이번엔 조정 국면에서 차익을 먼저 챙기는 게 맞다고 생각했네요. 기술적 반등 시나리오를 염두에 두지만, 당분간은 관망하며 더 낮은 가격대에서 재매수 기회를 노려볼까 합니다. 삼성전자는 여전히 반도체 업황 회복세지만, 단기 변동성 속에서 감당해야 할 리스크도 무시할 수 없죠."
ADVISOR_COMM_ON_CONT_OFF_TO_20260522_20260921,2026-05-22,116,A087,4049,ltb_A087_t116,fill_A087_t116,decision_A087_t116,trade_share,신고가 부근에서 차익실현 대신 '숨 고르기' 매수... 타이밍 감이 안 잡히네요.,"오늘 29 만 2 천5 백 원에 삼성전자 100 주를 다시 샀습니다. 노사 합의 호재로 신고가까지 갔다가 지금은 조정 국면이라 하죠? 초고수들이 순매도하며 '잠깐 숨 고르기'라는 말도 있더라고요. 기술적으로 과열 구간이라 단기 반등보다는 하방 안정을 기다리는 게 낫다는 분석도 맞는데, 저는 이번엔 급락 시점의 매수를 시도해 봤습니다.

근데 솔직히 타이밍 감각이 여전히 부족합니다. 직전 t114 에는 손절 실패하고, t115 에는 바로 하락해서 손실 났었거든요. 이번에도 또 잘못 건졌을까 봐 불안하네요. 하지만 반도체 업황 회복세와 DS 부문 실적은 정말 좋으니, 조만간 다시 올라갈 거라고 믿고 물타기 해볼까 합니다. 혹시 오늘 같은 상황이라면 어떻게 판단하시나요?"
ADVISOR_COMM_ON_CONT_OFF_TO_20260522_20260921,2026-05-22,116,A089,4050,ltb_A089_t116,fill_A089_t116,decision_A089_t116,trade_share,조정 때 다시 들어갔습니다. 원칙대로 수익 확정하고 재진입.,"오늘 장 마감 후 정리해 봅니다. t114 에 매수했다가 소폭 하락하면서 진입 타이밍이 조금 빨랐나 싶었는데, t115 에서 전량 매도하며 2% 대 수익을 확정했습니다. '10% 오르면 매도' 원칙을 지킨 게 맞았습니다. 그런데 오늘 t116 에 다시 조정 국면을 노리고 저점 공략용으로 매수했네요. 주가가 30 만 원대 신고가 부근이라 변동성이 클 텐데, 노사 합의 호재와 반도체 업황 회복이라는 장기적 흐름은 유지되니까 급락 시 매수 기회로 보는 관점을 유지합니다. 초고수들의 순매도세가 유입되는 등 심리가 양극화되어 있으니, 이번 매수는 기술적 저점 공략에 그치고 추격 매수는 삼가야겠습니다. 오늘 하루도 수고하셨습니다."
ADVISOR_COMM_ON_CONT_OFF_TO_20260522_20260921,2026-05-22,116,A090,4051,ltb_A090_t116,fill_A090_t116,decision_A090_t116,trade_share,신고가 직후 차분히 매도했습니다. (삼성전자),"오늘 장 마감 직전 삼성전자 100주를 29만 2천 원에 팔았습니다. 노사 합의와 실적 호재로 장기 가치는 높다고 보지만, 현재 주가는 이미 신고가 수준이라 내재가치 대비 약간 고평가된 구간이라고 판단했거든요. 초고수들의 순매도 세력이 보이고 커뮤니티에서 내부 불만 섞인 반응이 감지되어 시장 심리가 위축될 수 있다는 점도 염두에 뒀습니다. 단기 변동성 때문에 조정 국면이 올 수 있으니, 이번에는 이익을 확정하고 물러나는 게 맞겠다고 생각했어요. 기술적 지표보다는 기업의 가치와 리스크를 중시하는 저의 원칙에 따라 움직였습니다."
ADVISOR_COMM_ON_CONT_OFF_TO_20260522_20260921,2026-05-22,116,A091,4052,ltb_A091_t116,fill_A091_t116,decision_A091_t116,trade_share,신고가 직후 차익실현... 고공행진은 무리인가?,"오늘 장 마감 직전 삼성전자 930주를 29만 2천500원에 팔았습니다. 노사 합의와 슈퍼사이클 기대감으로 장기 흐름은 좋지만, 신고가 부근에서 내부 불만과 초고수들의 매도세가 겹치며 변동성이 커질 것 같아 일단 수익을 확정했습니다.

최근 t106 매매는 성공했지만, t115 진입 타이밍이 조금 아쉬웠죠. 급등장에서의 추격 매수는 위험하다는 교훈을 다시 한번 깨달았습니다. 300조 영업이익 예상이라는 호재에도 불구하고 현재 가격대는 이미 일부 반영된 느낌이라, 단기 조정 국면에서는 보수적으로 접근하는 게 맞다고 봅니다. 다음 기회에 더 낮은 곳에서 재진입할 수 있기를 바라며, 오늘은 이만 정리합니다."
ADVISOR_COMM_ON_CONT_OFF_TO_20260522_20260921,2026-05-22,116,A092,4053,ltb_A092_t116,fill_A092_t116,decision_A092_t116,trade_share,신고가 직후라 손 떨리는데... 떨어질수록 사려는 본능 발동,"오늘 29 만 2500 원에 다시 쏘아 넣었습니다. 신고가 직전이라 고수들 매도세와 변동성 확대로 단기 횡보나 약보합세가 예상되긴 한데, 기술적 지표상 조정 구간으로 보이네요. '떨어질수록 더 산다'는 내 버릇이 또 작동했나 봅니다. t116 에서 추가 매수로 진입가가 좀 높아졌지만, 반도체 업황 회복과 노사 합의 장기 흐름은 믿고 싶어요. DX 부문의 박탈감 같은 내부 리스크도 있지만, 결국 실적 호조가 뒷받침되면 다시 오르지 않을까요? 오늘만큼은 추격 매수는 자제하고 이 가격대에서 조금 더 기다려볼까 합니다. 포지션 관리 좀 더 신중하게 해야겠다는 생각도 들었지만, 어쨌든 오늘 장 끝났으니 일단 휴식."
ADVISOR_COMM_ON_CONT_OFF_TO_20260522_20260921,2026-05-22,116,A093,4054,ltb_A093_t116,fill_A093_t116,decision_A093_t116,trade_share,"신고가 이후 차익실현 매도 후, 다시 저점에서 채워봤습니다.","삼성전자 오늘 장 마감 직후입니다. t115 근처에서 전량 매도해 수익을 확정 짓고 잠시 쉬었다가, 오늘 장중 조정 국면이 오자 다시 저점 매수 (29.25 만원) 를 단행했습니다. 장기적으로는 노사 합의와 메모리 업황 회복으로 가치 있는 기업이지만, 단기적으로 DX 부문 내부 갈등과 차익실현 매물로 인해 심리가 위축된 건 사실이에요. 기술적 지표에 흔들리기보다 기본적 가치 평가 원칙에 따라 안전마진이 확보되는 구간을 기다린 결과라 만족스럽습니다. 이번 거래는 '매도 타이밍'과 '재매수 타이밍'을 잘 잡은 사례로 기억될 것 같습니다. 앞으로 1개월은 횡보나 약세 조정이 예상되니, 무리한 추격 매수는 경계해야겠네요."
ADVISOR_COMM_ON_CONT_OFF_TO_20260522_20260921,2026-05-22,116,A094,4055,ltb_A094_t116,fill_A094_t116,decision_A094_t116,trade_share,신고가 직후 차익실현 매도 완료... 타이밍은 맞았나?,"오늘 장 마감 직전 삼성전자 100주를 29만 2천5백원에 팔았습니다. 노사 합의와 반도체 호황이라는 장기적 가치는 믿지만, DX 내부 갈등과 초고수들의 차익 실현 매도 물량으로 인해 단기 조정 국면이 올 것이라는 판단에서였습니다. t116에 매도한 후 주가가 약 2.5% 하락하며 내 생각이 옳았음을 확인했습니다. 과거에는 매수 타이밍을 놓쳐 손실을 본 적이 많았는데, 이번엔 매도와 손절 타이밍은 잘 잡은 것 같습니다. 다만 최근 매수 진입 시 리스크 감지가 부족했던 점은 반성해야 할 부분이에요. 내재가치 중심으로 접근하되, 시장 심리 변화에도 귀 기울여야겠네요."
ADVISOR_COMM_ON_CONT_OFF_TO_20260522_20260921,2026-05-22,116,A095,4056,ltb_A095_t116,fill_A095_t116,decision_A095_t116,trade_share,t116 매도 완료! 차익실현 후 다시 기다리겠습니다.,"오늘 신고가 부근에서 조정 국면이 오면서 t116 에 100 주를 매도했습니다. 29 만 2 천5 백 원에 체결되네요. 과거에는 하락 시 더 사들이는 스타일이라 손절하기 싫었는데, 이번엔 노사 합의 호재에도 불구하고 사내 분위기가 냉랭하고 단기 차익 실현 압력이 느껴져 과감히 팔았습니다.

전체 포트폴리오 수익은 좋지만, 개인적으로 복권형 투자를 꿈꾸다 보니 변동성을 이용해 추격 매수 기회를 노려볼 생각입니다. 기술적 과열 구간이지만 영업이익 300 조 돌파 기대감으로 밸류에이션은 적정 수준이라고 봅니다. 오늘 매도로 현금화한 자금은 다음 급등이나 추가 조정 때 다시 투입할 예정입니다. 삼성전자 덕후분들과 함께 이 난관을 잘 넘기시길 바랍니다!"
ADVISOR_COMM_ON_CONT_OFF_TO_20260522_20260921,2026-05-22,116,A096,4057,ltb_A096_t116,fill_A096_t116,decision_A096_t116,trade_share,신고가 직후 조정? 저점 매수 원칙대로 다시 사들였습니다.,"오늘 삼성전자 주가가 신고가 이후 조정을 받으며 떨어질 때, 저는 망설임 없이 매수를 단행했습니다. 노사 합의라는 호재에도 불구하고 단기 변동성이 클 것이라는 분석이 맞았죠. 기술적 관점에서 급등 후 하락은 명백한 저점 매수 기회입니다.

지난번 t106 매수와 t115 매도로 원칙을 잘 지켰지만, 이번에는 과열 구간 회피보다는 '떨어질수록 더 사는' 전략에 집중했습니다. 메모리 슈퍼사이클이라는 장기 흐름은 변함없고, 현재 밸류에이션도 적정선이라고 봅니다. 고수들의 순매도가 심리를 분열시키고 있지만, 오히려 이런 국면에서 유망 종목에 베팅하는 것이 두둑한 수익을 얻는 길이라 믿습니다. 오늘 242주를 추가 매수하며 포지션을 강화했습니다. 추격 매수는 절대 하지 않되, 이만큼 내려온 건 충분히 매력적이니까요."
ADVISOR_COMM_ON_CONT_OFF_TO_20260522_20260921,2026-05-22,116,A097,4058,ltb_A097_t116,fill_A097_t116,decision_A097_t116,trade_share,30 만 원대 신고가 근처서 차분히 한 주 매수했습니다,"오늘 장 마감 직전, 노사 합의 호재로 신고가를 찍고 조정 국면에 접어든 삼성전자를 봤습니다. 초고수들의 차익실현 매물이 쏟아져 변동성이 큰 상황이지만, 기본적 가치 분석 관점에서 내재가치 대비 과열 구간은 아니라고 판단했죠. 특히 DS 부문 영업이익 전망이 밝지만 비메모리 섹터의 우려도 있어 분산 투자 원칙에 따라 소량만 건드렸습니다. 과거 급등장 추격 매수로 실패한 경험이 많아 이번엔 하락 시 기회로 삼는 전략을 적용했어요. 오늘 t116 일자로 100 주를 29 만 2 천 5 백원에 매수했습니다. 수익 확정 원칙대로 20% 오르면 팔 계획인데, 단기적으로는 손절 기준인 10% 하락 시에도 이성적으로 재평가해야 할 것 같습니다. 조용히 지켜보겠습니다."
ADVISOR_COMM_ON_CONT_OFF_TO_20260522_20260921,2026-05-22,116,A098,4059,ltb_A098_t116,fill_A098_t116,decision_A098_t116,trade_share,신고가 근처서 차익실현 완료... 다음 타점은 언제?,"오늘 삼성전자를 신고가 부근에서 일부 매도했습니다. 노사 합의와 실적 호조로 장기 흐름은 좋지만, 현재 주가는 내재가치를 이미 상회하는 고평가 구간이라 판단했거든요. 기술적 지표 따위보다 기본적 가치에 집중하는 저의 원칙대로, 수익률 10% 목표에 도달하자마자 손절매나 물타기 고민 없이 깔끔하게 정리했습니다.

다만 커뮤니티 분위기는 조금 냉랭한 것 같습니다. 내부 사기 우려나 고수들의 순매도 소식 때문에 단기 조정 가능성이 있다는 의견이 많네요. DX 부문 수요 둔화 등 리스크 요소도 무시할 수 없고요. 오늘은 이 정도로 이익 확정하고 현금으로 기다려볼까 합니다. 급등한 복권형 종목들은 관심 없는데, 삼성전자처럼 우량주라도 조정 받으면 다시 저점 매수 기회일 테니까요. 다음 진입 타이밍을 잘 잡아야겠습니다."
ADVISOR_COMM_ON_CONT_OFF_TO_20260522_20260921,2026-05-22,116,A100,4060,ltb_A100_t116,fill_A100_t116,decision_A100_t116,trade_share,"신고가 직후, 저점 매수 원칙을 지키다 (삼성전자)","오늘 삼성전자는 신고가 근처에서 조정을 받으며 장을 마감했네요. 초고수들의 순매도세가 유입되어 시장 심리가 위축된 분위기인데, 저는 오히려 이런 국면을 기다렸습니다. 내재가치는 DS 부문 실적 호조로 여전히 높지만, 현재 주가는 적정~약간 고평가 구간이라 무리하게 추격 매수할 수는 없죠. 대신 t116 차시에서 저점 매수 원칙에 따라 100주를 추가했습니다. DX 부문의 내부 불만 등 단기 변동성 리스크는 있겠지만, 장기 상승 흐름은 유지될 것 같습니다. 과열 구간에서의 손절 경험 (t114) 을 교훈 삼아 이번에는 차분히 접근해 봅니다. 오늘 하루도 수고하셨습니다."
