run_id,date,turn,agent_id,depth,read_limit,visible_post_count,visible_post_ids,visible_posts_json
RN_COMM_ON_20260917,2026-02-27,2,A002,1,5,14,"[1, 2, 3, 4, 5, 6, 7, 8, 9, 10, 11, 12, 13, 14]","[{""post_id"": 1, ""anonymous_code"": ""사자-8925"", ""post_type"": ""trade_share"", ""title"": ""외인 매도세 속에서도 상승 추세 따라 매수했습니다 (삼성전자)"", ""like_count"": 0, ""unlike_count"": 0, ""score"": 0}, {""post_id"": 2, ""anonymous_code"": ""황소-1620"", ""post_type"": ""trade_share"", ""title"": ""외국인 대량 매도에도 '저평가' 믿고 추가 매수했습니다."", ""like_count"": 0, ""unlike_count"": 0, ""score"": 0}, {""post_id"": 3, ""anonymous_code"": ""돌고래-2979"", ""post_type"": ""trade_share"", ""title"": ""떨어질수록 사들인다는 원칙대로 오늘 추가 매수했습니다."", ""like_count"": 0, ""unlike_count"": 0, ""score"": 0}, {""post_id"": 4, ""anonymous_code"": ""황소-4770"", ""post_type"": ""trade_share"", ""title"": ""외국인 대량 매도 속에서도 개인들의 잔치는 계속되는가? (삼성전자)"", ""like_count"": 0, ""unlike_count"": 0, ""score"": 0}, {""post_id"": 5, ""anonymous_code"": ""곰-8551"", ""post_type"": ""profit_share"", ""title"": ""삼성전자 3% 상승 시 전량 매도 성공! 수익 확정했습니다"", ""like_count"": 0, ""unlike_count"": 0, ""score"": 0}, {""post_id"": 6, ""anonymous_code"": ""황소-4980"", ""post_type"": ""profit_share"", ""title"": ""3% 수익 확정! 차익실현 타이밍이 중요하네요"", ""like_count"": 0, ""unlike_count"": 0, ""score"": 0}, {""post_id"": 7, ""anonymous_code"": ""여우-1683"", ""post_type"": ""trade_share"", ""title"": ""외국인 매도세에도 불구하고, AI 슈퍼사이클 믿고 추가 매수했습니다."", ""like_count"": 0, ""unlike_count"": 0, ""score"": 0}, {""post_id"": 8, ""anonymous_code"": ""독수리-9332"", ""post_type"": ""profit_share"", ""title"": ""목표 수익 10% 도달 전, 3% 오름에 먼저 정리했습니다."", ""like_count"": 0, ""unlike_count"": 0, ""score"": 0}, {""post_id"": 9, ""anonymous_code"": ""황소-6990"", ""post_type"": ""trade_share"", ""title"": ""21 만 원대 매수 완료... 외국인 팔고 개미 산다?"", ""like_count"": 0, ""unlike_count"": 0, ""score"": 0}, {""post_id"": 10, ""anonymous_code"": ""펭귄-5408"", ""post_type"": ""trade_share"", ""title"": ""외국인 팔고 개미 산다? 오늘 삼성전자 매수 완료"", ""like_count"": 0, ""unlike_count"": 0, ""score"": 0}, {""post_id"": 11, ""anonymous_code"": ""독수리-1692"", ""post_type"": ""profit_share"", ""title"": ""삼성전자 3% 차익 실현 완료! (21.65 만원)"", ""like_count"": 0, ""unlike_count"": 0, ""score"": 0}, {""post_id"": 12, ""anonymous_code"": ""독수리-6722"", ""post_type"": ""profit_share"", ""title"": ""과열 구간 뚝! 삼성전자는 팔아야 할 때 판다 (수익 확정)"", ""like_count"": 0, ""unlike_count"": 0, ""score"": 0}, {""post_id"": 13, ""anonymous_code"": ""곰-5671"", ""post_type"": ""trade_share"", ""title"": ""저평가 구간, 조금 더 모았습니다."", ""like_count"": 0, ""unlike_count"": 0, ""score"": 0}, {""post_id"": 14, ""anonymous_code"": ""늑대-3694"", ""post_type"": ""trade_share"", ""title"": ""3% 넘기며 팔았네요. 조금 아쉽지만 원칙은 지켜야죠."", ""like_count"": 0, ""unlike_count"": 0, ""score"": 0}]"
RN_COMM_ON_20260917,2026-02-27,2,A001,1,5,14,"[1, 2, 3, 4, 5, 6, 7, 8, 9, 10, 11, 12, 13, 14]","[{""post_id"": 1, ""anonymous_code"": ""사자-8925"", ""post_type"": ""trade_share"", ""title"": ""외인 매도세 속에서도 상승 추세 따라 매수했습니다 (삼성전자)"", ""like_count"": 0, ""unlike_count"": 0, ""score"": 0}, {""post_id"": 2, ""anonymous_code"": ""황소-1620"", ""post_type"": ""trade_share"", ""title"": ""외국인 대량 매도에도 '저평가' 믿고 추가 매수했습니다."", ""like_count"": 0, ""unlike_count"": 0, ""score"": 0}, {""post_id"": 3, ""anonymous_code"": ""돌고래-2979"", ""post_type"": ""trade_share"", ""title"": ""떨어질수록 사들인다는 원칙대로 오늘 추가 매수했습니다."", ""like_count"": 0, ""unlike_count"": 0, ""score"": 0}, {""post_id"": 4, ""anonymous_code"": ""황소-4770"", ""post_type"": ""trade_share"", ""title"": ""외국인 대량 매도 속에서도 개인들의 잔치는 계속되는가? (삼성전자)"", ""like_count"": 0, ""unlike_count"": 0, ""score"": 0}, {""post_id"": 5, ""anonymous_code"": ""곰-8551"", ""post_type"": ""profit_share"", ""title"": ""삼성전자 3% 상승 시 전량 매도 성공! 수익 확정했습니다"", ""like_count"": 0, ""unlike_count"": 0, ""score"": 0}, {""post_id"": 6, ""anonymous_code"": ""황소-4980"", ""post_type"": ""profit_share"", ""title"": ""3% 수익 확정! 차익실현 타이밍이 중요하네요"", ""like_count"": 0, ""unlike_count"": 0, ""score"": 0}, {""post_id"": 7, ""anonymous_code"": ""여우-1683"", ""post_type"": ""trade_share"", ""title"": ""외국인 매도세에도 불구하고, AI 슈퍼사이클 믿고 추가 매수했습니다."", ""like_count"": 0, ""unlike_count"": 0, ""score"": 0}, {""post_id"": 8, ""anonymous_code"": ""독수리-9332"", ""post_type"": ""profit_share"", ""title"": ""목표 수익 10% 도달 전, 3% 오름에 먼저 정리했습니다."", ""like_count"": 0, ""unlike_count"": 0, ""score"": 0}, {""post_id"": 9, ""anonymous_code"": ""황소-6990"", ""post_type"": ""trade_share"", ""title"": ""21 만 원대 매수 완료... 외국인 팔고 개미 산다?"", ""like_count"": 0, ""unlike_count"": 0, ""score"": 0}, {""post_id"": 10, ""anonymous_code"": ""펭귄-5408"", ""post_type"": ""trade_share"", ""title"": ""외국인 팔고 개미 산다? 오늘 삼성전자 매수 완료"", ""like_count"": 0, ""unlike_count"": 0, ""score"": 0}, {""post_id"": 11, ""anonymous_code"": ""독수리-1692"", ""post_type"": ""profit_share"", ""title"": ""삼성전자 3% 차익 실현 완료! (21.65 만원)"", ""like_count"": 0, ""unlike_count"": 0, ""score"": 0}, {""post_id"": 12, ""anonymous_code"": ""독수리-6722"", ""post_type"": ""profit_share"", ""title"": ""과열 구간 뚝! 삼성전자는 팔아야 할 때 판다 (수익 확정)"", ""like_count"": 0, ""unlike_count"": 0, ""score"": 0}, {""post_id"": 13, ""anonymous_code"": ""곰-5671"", ""post_type"": ""trade_share"", ""title"": ""저평가 구간, 조금 더 모았습니다."", ""like_count"": 0, ""unlike_count"": 0, ""score"": 0}, {""post_id"": 14, ""anonymous_code"": ""늑대-3694"", ""post_type"": ""trade_share"", ""title"": ""3% 넘기며 팔았네요. 조금 아쉽지만 원칙은 지켜야죠."", ""like_count"": 0, ""unlike_count"": 0, ""score"": 0}]"
RN_COMM_ON_20260917,2026-02-27,2,A006,1,5,14,"[1, 2, 3, 4, 5, 6, 7, 8, 9, 10, 11, 12, 13, 14]","[{""post_id"": 1, ""anonymous_code"": ""사자-8925"", ""post_type"": ""trade_share"", ""title"": ""외인 매도세 속에서도 상승 추세 따라 매수했습니다 (삼성전자)"", ""like_count"": 0, ""unlike_count"": 0, ""score"": 0}, {""post_id"": 2, ""anonymous_code"": ""황소-1620"", ""post_type"": ""trade_share"", ""title"": ""외국인 대량 매도에도 '저평가' 믿고 추가 매수했습니다."", ""like_count"": 0, ""unlike_count"": 0, ""score"": 0}, {""post_id"": 3, ""anonymous_code"": ""돌고래-2979"", ""post_type"": ""trade_share"", ""title"": ""떨어질수록 사들인다는 원칙대로 오늘 추가 매수했습니다."", ""like_count"": 0, ""unlike_count"": 0, ""score"": 0}, {""post_id"": 4, ""anonymous_code"": ""황소-4770"", ""post_type"": ""trade_share"", ""title"": ""외국인 대량 매도 속에서도 개인들의 잔치는 계속되는가? (삼성전자)"", ""like_count"": 0, ""unlike_count"": 0, ""score"": 0}, {""post_id"": 5, ""anonymous_code"": ""곰-8551"", ""post_type"": ""profit_share"", ""title"": ""삼성전자 3% 상승 시 전량 매도 성공! 수익 확정했습니다"", ""like_count"": 0, ""unlike_count"": 0, ""score"": 0}, {""post_id"": 6, ""anonymous_code"": ""황소-4980"", ""post_type"": ""profit_share"", ""title"": ""3% 수익 확정! 차익실현 타이밍이 중요하네요"", ""like_count"": 0, ""unlike_count"": 0, ""score"": 0}, {""post_id"": 7, ""anonymous_code"": ""여우-1683"", ""post_type"": ""trade_share"", ""title"": ""외국인 매도세에도 불구하고, AI 슈퍼사이클 믿고 추가 매수했습니다."", ""like_count"": 0, ""unlike_count"": 0, ""score"": 0}, {""post_id"": 8, ""anonymous_code"": ""독수리-9332"", ""post_type"": ""profit_share"", ""title"": ""목표 수익 10% 도달 전, 3% 오름에 먼저 정리했습니다."", ""like_count"": 0, ""unlike_count"": 0, ""score"": 0}, {""post_id"": 9, ""anonymous_code"": ""황소-6990"", ""post_type"": ""trade_share"", ""title"": ""21 만 원대 매수 완료... 외국인 팔고 개미 산다?"", ""like_count"": 0, ""unlike_count"": 0, ""score"": 0}, {""post_id"": 10, ""anonymous_code"": ""펭귄-5408"", ""post_type"": ""trade_share"", ""title"": ""외국인 팔고 개미 산다? 오늘 삼성전자 매수 완료"", ""like_count"": 0, ""unlike_count"": 0, ""score"": 0}, {""post_id"": 11, ""anonymous_code"": ""독수리-1692"", ""post_type"": ""profit_share"", ""title"": ""삼성전자 3% 차익 실현 완료! (21.65 만원)"", ""like_count"": 0, ""unlike_count"": 0, ""score"": 0}, {""post_id"": 12, ""anonymous_code"": ""독수리-6722"", ""post_type"": ""profit_share"", ""title"": ""과열 구간 뚝! 삼성전자는 팔아야 할 때 판다 (수익 확정)"", ""like_count"": 0, ""unlike_count"": 0, ""score"": 0}, {""post_id"": 13, ""anonymous_code"": ""곰-5671"", ""post_type"": ""trade_share"", ""title"": ""저평가 구간, 조금 더 모았습니다."", ""like_count"": 0, ""unlike_count"": 0, ""score"": 0}, {""post_id"": 14, ""anonymous_code"": ""늑대-3694"", ""post_type"": ""trade_share"", ""title"": ""3% 넘기며 팔았네요. 조금 아쉽지만 원칙은 지켜야죠."", ""like_count"": 0, ""unlike_count"": 0, ""score"": 0}]"
RN_COMM_ON_20260917,2026-02-27,2,A009,1,5,13,"[2, 3, 4, 5, 6, 7, 8, 9, 10, 11, 12, 13, 14]","[{""post_id"": 2, ""anonymous_code"": ""황소-1620"", ""post_type"": ""trade_share"", ""title"": ""외국인 대량 매도에도 '저평가' 믿고 추가 매수했습니다."", ""like_count"": 0, ""unlike_count"": 0, ""score"": 0}, {""post_id"": 3, ""anonymous_code"": ""돌고래-2979"", ""post_type"": ""trade_share"", ""title"": ""떨어질수록 사들인다는 원칙대로 오늘 추가 매수했습니다."", ""like_count"": 0, ""unlike_count"": 0, ""score"": 0}, {""post_id"": 4, ""anonymous_code"": ""황소-4770"", ""post_type"": ""trade_share"", ""title"": ""외국인 대량 매도 속에서도 개인들의 잔치는 계속되는가? (삼성전자)"", ""like_count"": 0, ""unlike_count"": 0, ""score"": 0}, {""post_id"": 5, ""anonymous_code"": ""곰-8551"", ""post_type"": ""profit_share"", ""title"": ""삼성전자 3% 상승 시 전량 매도 성공! 수익 확정했습니다"", ""like_count"": 0, ""unlike_count"": 0, ""score"": 0}, {""post_id"": 6, ""anonymous_code"": ""황소-4980"", ""post_type"": ""profit_share"", ""title"": ""3% 수익 확정! 차익실현 타이밍이 중요하네요"", ""like_count"": 0, ""unlike_count"": 0, ""score"": 0}, {""post_id"": 7, ""anonymous_code"": ""여우-1683"", ""post_type"": ""trade_share"", ""title"": ""외국인 매도세에도 불구하고, AI 슈퍼사이클 믿고 추가 매수했습니다."", ""like_count"": 0, ""unlike_count"": 0, ""score"": 0}, {""post_id"": 8, ""anonymous_code"": ""독수리-9332"", ""post_type"": ""profit_share"", ""title"": ""목표 수익 10% 도달 전, 3% 오름에 먼저 정리했습니다."", ""like_count"": 0, ""unlike_count"": 0, ""score"": 0}, {""post_id"": 9, ""anonymous_code"": ""황소-6990"", ""post_type"": ""trade_share"", ""title"": ""21 만 원대 매수 완료... 외국인 팔고 개미 산다?"", ""like_count"": 0, ""unlike_count"": 0, ""score"": 0}, {""post_id"": 10, ""anonymous_code"": ""펭귄-5408"", ""post_type"": ""trade_share"", ""title"": ""외국인 팔고 개미 산다? 오늘 삼성전자 매수 완료"", ""like_count"": 0, ""unlike_count"": 0, ""score"": 0}, {""post_id"": 11, ""anonymous_code"": ""독수리-1692"", ""post_type"": ""profit_share"", ""title"": ""삼성전자 3% 차익 실현 완료! (21.65 만원)"", ""like_count"": 0, ""unlike_count"": 0, ""score"": 0}, {""post_id"": 12, ""anonymous_code"": ""독수리-6722"", ""post_type"": ""profit_share"", ""title"": ""과열 구간 뚝! 삼성전자는 팔아야 할 때 판다 (수익 확정)"", ""like_count"": 0, ""unlike_count"": 0, ""score"": 0}, {""post_id"": 13, ""anonymous_code"": ""곰-5671"", ""post_type"": ""trade_share"", ""title"": ""저평가 구간, 조금 더 모았습니다."", ""like_count"": 0, ""unlike_count"": 0, ""score"": 0}, {""post_id"": 14, ""anonymous_code"": ""늑대-3694"", ""post_type"": ""trade_share"", ""title"": ""3% 넘기며 팔았네요. 조금 아쉽지만 원칙은 지켜야죠."", ""like_count"": 0, ""unlike_count"": 0, ""score"": 0}]"
RN_COMM_ON_20260917,2026-02-27,2,A004,1,5,14,"[1, 2, 3, 4, 5, 6, 7, 8, 9, 10, 11, 12, 13, 14]","[{""post_id"": 1, ""anonymous_code"": ""사자-8925"", ""post_type"": ""trade_share"", ""title"": ""외인 매도세 속에서도 상승 추세 따라 매수했습니다 (삼성전자)"", ""like_count"": 0, ""unlike_count"": 0, ""score"": 0}, {""post_id"": 2, ""anonymous_code"": ""황소-1620"", ""post_type"": ""trade_share"", ""title"": ""외국인 대량 매도에도 '저평가' 믿고 추가 매수했습니다."", ""like_count"": 0, ""unlike_count"": 0, ""score"": 0}, {""post_id"": 3, ""anonymous_code"": ""돌고래-2979"", ""post_type"": ""trade_share"", ""title"": ""떨어질수록 사들인다는 원칙대로 오늘 추가 매수했습니다."", ""like_count"": 0, ""unlike_count"": 0, ""score"": 0}, {""post_id"": 4, ""anonymous_code"": ""황소-4770"", ""post_type"": ""trade_share"", ""title"": ""외국인 대량 매도 속에서도 개인들의 잔치는 계속되는가? (삼성전자)"", ""like_count"": 0, ""unlike_count"": 0, ""score"": 0}, {""post_id"": 5, ""anonymous_code"": ""곰-8551"", ""post_type"": ""profit_share"", ""title"": ""삼성전자 3% 상승 시 전량 매도 성공! 수익 확정했습니다"", ""like_count"": 0, ""unlike_count"": 0, ""score"": 0}, {""post_id"": 6, ""anonymous_code"": ""황소-4980"", ""post_type"": ""profit_share"", ""title"": ""3% 수익 확정! 차익실현 타이밍이 중요하네요"", ""like_count"": 0, ""unlike_count"": 0, ""score"": 0}, {""post_id"": 7, ""anonymous_code"": ""여우-1683"", ""post_type"": ""trade_share"", ""title"": ""외국인 매도세에도 불구하고, AI 슈퍼사이클 믿고 추가 매수했습니다."", ""like_count"": 0, ""unlike_count"": 0, ""score"": 0}, {""post_id"": 8, ""anonymous_code"": ""독수리-9332"", ""post_type"": ""profit_share"", ""title"": ""목표 수익 10% 도달 전, 3% 오름에 먼저 정리했습니다."", ""like_count"": 0, ""unlike_count"": 0, ""score"": 0}, {""post_id"": 9, ""anonymous_code"": ""황소-6990"", ""post_type"": ""trade_share"", ""title"": ""21 만 원대 매수 완료... 외국인 팔고 개미 산다?"", ""like_count"": 0, ""unlike_count"": 0, ""score"": 0}, {""post_id"": 10, ""anonymous_code"": ""펭귄-5408"", ""post_type"": ""trade_share"", ""title"": ""외국인 팔고 개미 산다? 오늘 삼성전자 매수 완료"", ""like_count"": 0, ""unlike_count"": 0, ""score"": 0}, {""post_id"": 11, ""anonymous_code"": ""독수리-1692"", ""post_type"": ""profit_share"", ""title"": ""삼성전자 3% 차익 실현 완료! (21.65 만원)"", ""like_count"": 0, ""unlike_count"": 0, ""score"": 0}, {""post_id"": 12, ""anonymous_code"": ""독수리-6722"", ""post_type"": ""profit_share"", ""title"": ""과열 구간 뚝! 삼성전자는 팔아야 할 때 판다 (수익 확정)"", ""like_count"": 0, ""unlike_count"": 0, ""score"": 0}, {""post_id"": 13, ""anonymous_code"": ""곰-5671"", ""post_type"": ""trade_share"", ""title"": ""저평가 구간, 조금 더 모았습니다."", ""like_count"": 0, ""unlike_count"": 0, ""score"": 0}, {""post_id"": 14, ""anonymous_code"": ""늑대-3694"", ""post_type"": ""trade_share"", ""title"": ""3% 넘기며 팔았네요. 조금 아쉽지만 원칙은 지켜야죠."", ""like_count"": 0, ""unlike_count"": 0, ""score"": 0}]"
RN_COMM_ON_20260917,2026-02-27,2,A012,1,5,14,"[1, 2, 3, 4, 5, 6, 7, 8, 9, 10, 11, 12, 13, 14]","[{""post_id"": 1, ""anonymous_code"": ""사자-8925"", ""post_type"": ""trade_share"", ""title"": ""외인 매도세 속에서도 상승 추세 따라 매수했습니다 (삼성전자)"", ""like_count"": 0, ""unlike_count"": 0, ""score"": 0}, {""post_id"": 2, ""anonymous_code"": ""황소-1620"", ""post_type"": ""trade_share"", ""title"": ""외국인 대량 매도에도 '저평가' 믿고 추가 매수했습니다."", ""like_count"": 0, ""unlike_count"": 0, ""score"": 0}, {""post_id"": 3, ""anonymous_code"": ""돌고래-2979"", ""post_type"": ""trade_share"", ""title"": ""떨어질수록 사들인다는 원칙대로 오늘 추가 매수했습니다."", ""like_count"": 0, ""unlike_count"": 0, ""score"": 0}, {""post_id"": 4, ""anonymous_code"": ""황소-4770"", ""post_type"": ""trade_share"", ""title"": ""외국인 대량 매도 속에서도 개인들의 잔치는 계속되는가? (삼성전자)"", ""like_count"": 0, ""unlike_count"": 0, ""score"": 0}, {""post_id"": 5, ""anonymous_code"": ""곰-8551"", ""post_type"": ""profit_share"", ""title"": ""삼성전자 3% 상승 시 전량 매도 성공! 수익 확정했습니다"", ""like_count"": 0, ""unlike_count"": 0, ""score"": 0}, {""post_id"": 6, ""anonymous_code"": ""황소-4980"", ""post_type"": ""profit_share"", ""title"": ""3% 수익 확정! 차익실현 타이밍이 중요하네요"", ""like_count"": 0, ""unlike_count"": 0, ""score"": 0}, {""post_id"": 7, ""anonymous_code"": ""여우-1683"", ""post_type"": ""trade_share"", ""title"": ""외국인 매도세에도 불구하고, AI 슈퍼사이클 믿고 추가 매수했습니다."", ""like_count"": 0, ""unlike_count"": 0, ""score"": 0}, {""post_id"": 8, ""anonymous_code"": ""독수리-9332"", ""post_type"": ""profit_share"", ""title"": ""목표 수익 10% 도달 전, 3% 오름에 먼저 정리했습니다."", ""like_count"": 0, ""unlike_count"": 0, ""score"": 0}, {""post_id"": 9, ""anonymous_code"": ""황소-6990"", ""post_type"": ""trade_share"", ""title"": ""21 만 원대 매수 완료... 외국인 팔고 개미 산다?"", ""like_count"": 0, ""unlike_count"": 0, ""score"": 0}, {""post_id"": 10, ""anonymous_code"": ""펭귄-5408"", ""post_type"": ""trade_share"", ""title"": ""외국인 팔고 개미 산다? 오늘 삼성전자 매수 완료"", ""like_count"": 0, ""unlike_count"": 0, ""score"": 0}, {""post_id"": 11, ""anonymous_code"": ""독수리-1692"", ""post_type"": ""profit_share"", ""title"": ""삼성전자 3% 차익 실현 완료! (21.65 만원)"", ""like_count"": 0, ""unlike_count"": 0, ""score"": 0}, {""post_id"": 12, ""anonymous_code"": ""독수리-6722"", ""post_type"": ""profit_share"", ""title"": ""과열 구간 뚝! 삼성전자는 팔아야 할 때 판다 (수익 확정)"", ""like_count"": 0, ""unlike_count"": 0, ""score"": 0}, {""post_id"": 13, ""anonymous_code"": ""곰-5671"", ""post_type"": ""trade_share"", ""title"": ""저평가 구간, 조금 더 모았습니다."", ""like_count"": 0, ""unlike_count"": 0, ""score"": 0}, {""post_id"": 14, ""anonymous_code"": ""늑대-3694"", ""post_type"": ""trade_share"", ""title"": ""3% 넘기며 팔았네요. 조금 아쉽지만 원칙은 지켜야죠."", ""like_count"": 0, ""unlike_count"": 0, ""score"": 0}]"
RN_COMM_ON_20260917,2026-02-27,2,A013,1,5,14,"[1, 2, 3, 4, 5, 6, 7, 8, 9, 10, 11, 12, 13, 14]","[{""post_id"": 1, ""anonymous_code"": ""사자-8925"", ""post_type"": ""trade_share"", ""title"": ""외인 매도세 속에서도 상승 추세 따라 매수했습니다 (삼성전자)"", ""like_count"": 0, ""unlike_count"": 0, ""score"": 0}, {""post_id"": 2, ""anonymous_code"": ""황소-1620"", ""post_type"": ""trade_share"", ""title"": ""외국인 대량 매도에도 '저평가' 믿고 추가 매수했습니다."", ""like_count"": 0, ""unlike_count"": 0, ""score"": 0}, {""post_id"": 3, ""anonymous_code"": ""돌고래-2979"", ""post_type"": ""trade_share"", ""title"": ""떨어질수록 사들인다는 원칙대로 오늘 추가 매수했습니다."", ""like_count"": 0, ""unlike_count"": 0, ""score"": 0}, {""post_id"": 4, ""anonymous_code"": ""황소-4770"", ""post_type"": ""trade_share"", ""title"": ""외국인 대량 매도 속에서도 개인들의 잔치는 계속되는가? (삼성전자)"", ""like_count"": 0, ""unlike_count"": 0, ""score"": 0}, {""post_id"": 5, ""anonymous_code"": ""곰-8551"", ""post_type"": ""profit_share"", ""title"": ""삼성전자 3% 상승 시 전량 매도 성공! 수익 확정했습니다"", ""like_count"": 0, ""unlike_count"": 0, ""score"": 0}, {""post_id"": 6, ""anonymous_code"": ""황소-4980"", ""post_type"": ""profit_share"", ""title"": ""3% 수익 확정! 차익실현 타이밍이 중요하네요"", ""like_count"": 0, ""unlike_count"": 0, ""score"": 0}, {""post_id"": 7, ""anonymous_code"": ""여우-1683"", ""post_type"": ""trade_share"", ""title"": ""외국인 매도세에도 불구하고, AI 슈퍼사이클 믿고 추가 매수했습니다."", ""like_count"": 0, ""unlike_count"": 0, ""score"": 0}, {""post_id"": 8, ""anonymous_code"": ""독수리-9332"", ""post_type"": ""profit_share"", ""title"": ""목표 수익 10% 도달 전, 3% 오름에 먼저 정리했습니다."", ""like_count"": 0, ""unlike_count"": 0, ""score"": 0}, {""post_id"": 9, ""anonymous_code"": ""황소-6990"", ""post_type"": ""trade_share"", ""title"": ""21 만 원대 매수 완료... 외국인 팔고 개미 산다?"", ""like_count"": 0, ""unlike_count"": 0, ""score"": 0}, {""post_id"": 10, ""anonymous_code"": ""펭귄-5408"", ""post_type"": ""trade_share"", ""title"": ""외국인 팔고 개미 산다? 오늘 삼성전자 매수 완료"", ""like_count"": 0, ""unlike_count"": 0, ""score"": 0}, {""post_id"": 11, ""anonymous_code"": ""독수리-1692"", ""post_type"": ""profit_share"", ""title"": ""삼성전자 3% 차익 실현 완료! (21.65 만원)"", ""like_count"": 0, ""unlike_count"": 0, ""score"": 0}, {""post_id"": 12, ""anonymous_code"": ""독수리-6722"", ""post_type"": ""profit_share"", ""title"": ""과열 구간 뚝! 삼성전자는 팔아야 할 때 판다 (수익 확정)"", ""like_count"": 0, ""unlike_count"": 0, ""score"": 0}, {""post_id"": 13, ""anonymous_code"": ""곰-5671"", ""post_type"": ""trade_share"", ""title"": ""저평가 구간, 조금 더 모았습니다."", ""like_count"": 0, ""unlike_count"": 0, ""score"": 0}, {""post_id"": 14, ""anonymous_code"": ""늑대-3694"", ""post_type"": ""trade_share"", ""title"": ""3% 넘기며 팔았네요. 조금 아쉽지만 원칙은 지켜야죠."", ""like_count"": 0, ""unlike_count"": 0, ""score"": 0}]"
RN_COMM_ON_20260917,2026-02-27,2,A007,1,5,14,"[1, 2, 3, 4, 5, 6, 7, 8, 9, 10, 11, 12, 13, 14]","[{""post_id"": 1, ""anonymous_code"": ""사자-8925"", ""post_type"": ""trade_share"", ""title"": ""외인 매도세 속에서도 상승 추세 따라 매수했습니다 (삼성전자)"", ""like_count"": 0, ""unlike_count"": 0, ""score"": 0}, {""post_id"": 2, ""anonymous_code"": ""황소-1620"", ""post_type"": ""trade_share"", ""title"": ""외국인 대량 매도에도 '저평가' 믿고 추가 매수했습니다."", ""like_count"": 0, ""unlike_count"": 0, ""score"": 0}, {""post_id"": 3, ""anonymous_code"": ""돌고래-2979"", ""post_type"": ""trade_share"", ""title"": ""떨어질수록 사들인다는 원칙대로 오늘 추가 매수했습니다."", ""like_count"": 0, ""unlike_count"": 0, ""score"": 0}, {""post_id"": 4, ""anonymous_code"": ""황소-4770"", ""post_type"": ""trade_share"", ""title"": ""외국인 대량 매도 속에서도 개인들의 잔치는 계속되는가? (삼성전자)"", ""like_count"": 0, ""unlike_count"": 0, ""score"": 0}, {""post_id"": 5, ""anonymous_code"": ""곰-8551"", ""post_type"": ""profit_share"", ""title"": ""삼성전자 3% 상승 시 전량 매도 성공! 수익 확정했습니다"", ""like_count"": 0, ""unlike_count"": 0, ""score"": 0}, {""post_id"": 6, ""anonymous_code"": ""황소-4980"", ""post_type"": ""profit_share"", ""title"": ""3% 수익 확정! 차익실현 타이밍이 중요하네요"", ""like_count"": 0, ""unlike_count"": 0, ""score"": 0}, {""post_id"": 7, ""anonymous_code"": ""여우-1683"", ""post_type"": ""trade_share"", ""title"": ""외국인 매도세에도 불구하고, AI 슈퍼사이클 믿고 추가 매수했습니다."", ""like_count"": 0, ""unlike_count"": 0, ""score"": 0}, {""post_id"": 8, ""anonymous_code"": ""독수리-9332"", ""post_type"": ""profit_share"", ""title"": ""목표 수익 10% 도달 전, 3% 오름에 먼저 정리했습니다."", ""like_count"": 0, ""unlike_count"": 0, ""score"": 0}, {""post_id"": 9, ""anonymous_code"": ""황소-6990"", ""post_type"": ""trade_share"", ""title"": ""21 만 원대 매수 완료... 외국인 팔고 개미 산다?"", ""like_count"": 0, ""unlike_count"": 0, ""score"": 0}, {""post_id"": 10, ""anonymous_code"": ""펭귄-5408"", ""post_type"": ""trade_share"", ""title"": ""외국인 팔고 개미 산다? 오늘 삼성전자 매수 완료"", ""like_count"": 0, ""unlike_count"": 0, ""score"": 0}, {""post_id"": 11, ""anonymous_code"": ""독수리-1692"", ""post_type"": ""profit_share"", ""title"": ""삼성전자 3% 차익 실현 완료! (21.65 만원)"", ""like_count"": 0, ""unlike_count"": 0, ""score"": 0}, {""post_id"": 12, ""anonymous_code"": ""독수리-6722"", ""post_type"": ""profit_share"", ""title"": ""과열 구간 뚝! 삼성전자는 팔아야 할 때 판다 (수익 확정)"", ""like_count"": 0, ""unlike_count"": 0, ""score"": 0}, {""post_id"": 13, ""anonymous_code"": ""곰-5671"", ""post_type"": ""trade_share"", ""title"": ""저평가 구간, 조금 더 모았습니다."", ""like_count"": 0, ""unlike_count"": 0, ""score"": 0}, {""post_id"": 14, ""anonymous_code"": ""늑대-3694"", ""post_type"": ""trade_share"", ""title"": ""3% 넘기며 팔았네요. 조금 아쉽지만 원칙은 지켜야죠."", ""like_count"": 0, ""unlike_count"": 0, ""score"": 0}]"
RN_COMM_ON_20260917,2026-02-27,2,A014,1,5,14,"[1, 2, 3, 4, 5, 6, 7, 8, 9, 10, 11, 12, 13, 14]","[{""post_id"": 1, ""anonymous_code"": ""사자-8925"", ""post_type"": ""trade_share"", ""title"": ""외인 매도세 속에서도 상승 추세 따라 매수했습니다 (삼성전자)"", ""like_count"": 0, ""unlike_count"": 0, ""score"": 0}, {""post_id"": 2, ""anonymous_code"": ""황소-1620"", ""post_type"": ""trade_share"", ""title"": ""외국인 대량 매도에도 '저평가' 믿고 추가 매수했습니다."", ""like_count"": 0, ""unlike_count"": 0, ""score"": 0}, {""post_id"": 3, ""anonymous_code"": ""돌고래-2979"", ""post_type"": ""trade_share"", ""title"": ""떨어질수록 사들인다는 원칙대로 오늘 추가 매수했습니다."", ""like_count"": 0, ""unlike_count"": 0, ""score"": 0}, {""post_id"": 4, ""anonymous_code"": ""황소-4770"", ""post_type"": ""trade_share"", ""title"": ""외국인 대량 매도 속에서도 개인들의 잔치는 계속되는가? (삼성전자)"", ""like_count"": 0, ""unlike_count"": 0, ""score"": 0}, {""post_id"": 5, ""anonymous_code"": ""곰-8551"", ""post_type"": ""profit_share"", ""title"": ""삼성전자 3% 상승 시 전량 매도 성공! 수익 확정했습니다"", ""like_count"": 0, ""unlike_count"": 0, ""score"": 0}, {""post_id"": 6, ""anonymous_code"": ""황소-4980"", ""post_type"": ""profit_share"", ""title"": ""3% 수익 확정! 차익실현 타이밍이 중요하네요"", ""like_count"": 0, ""unlike_count"": 0, ""score"": 0}, {""post_id"": 7, ""anonymous_code"": ""여우-1683"", ""post_type"": ""trade_share"", ""title"": ""외국인 매도세에도 불구하고, AI 슈퍼사이클 믿고 추가 매수했습니다."", ""like_count"": 0, ""unlike_count"": 0, ""score"": 0}, {""post_id"": 8, ""anonymous_code"": ""독수리-9332"", ""post_type"": ""profit_share"", ""title"": ""목표 수익 10% 도달 전, 3% 오름에 먼저 정리했습니다."", ""like_count"": 0, ""unlike_count"": 0, ""score"": 0}, {""post_id"": 9, ""anonymous_code"": ""황소-6990"", ""post_type"": ""trade_share"", ""title"": ""21 만 원대 매수 완료... 외국인 팔고 개미 산다?"", ""like_count"": 0, ""unlike_count"": 0, ""score"": 0}, {""post_id"": 10, ""anonymous_code"": ""펭귄-5408"", ""post_type"": ""trade_share"", ""title"": ""외국인 팔고 개미 산다? 오늘 삼성전자 매수 완료"", ""like_count"": 0, ""unlike_count"": 0, ""score"": 0}, {""post_id"": 11, ""anonymous_code"": ""독수리-1692"", ""post_type"": ""profit_share"", ""title"": ""삼성전자 3% 차익 실현 완료! (21.65 만원)"", ""like_count"": 0, ""unlike_count"": 0, ""score"": 0}, {""post_id"": 12, ""anonymous_code"": ""독수리-6722"", ""post_type"": ""profit_share"", ""title"": ""과열 구간 뚝! 삼성전자는 팔아야 할 때 판다 (수익 확정)"", ""like_count"": 0, ""unlike_count"": 0, ""score"": 0}, {""post_id"": 13, ""anonymous_code"": ""곰-5671"", ""post_type"": ""trade_share"", ""title"": ""저평가 구간, 조금 더 모았습니다."", ""like_count"": 0, ""unlike_count"": 0, ""score"": 0}, {""post_id"": 14, ""anonymous_code"": ""늑대-3694"", ""post_type"": ""trade_share"", ""title"": ""3% 넘기며 팔았네요. 조금 아쉽지만 원칙은 지켜야죠."", ""like_count"": 0, ""unlike_count"": 0, ""score"": 0}]"
RN_COMM_ON_20260917,2026-02-27,2,A019,1,5,14,"[1, 2, 3, 4, 5, 6, 7, 8, 9, 10, 11, 12, 13, 14]","[{""post_id"": 1, ""anonymous_code"": ""사자-8925"", ""post_type"": ""trade_share"", ""title"": ""외인 매도세 속에서도 상승 추세 따라 매수했습니다 (삼성전자)"", ""like_count"": 0, ""unlike_count"": 0, ""score"": 0}, {""post_id"": 2, ""anonymous_code"": ""황소-1620"", ""post_type"": ""trade_share"", ""title"": ""외국인 대량 매도에도 '저평가' 믿고 추가 매수했습니다."", ""like_count"": 0, ""unlike_count"": 0, ""score"": 0}, {""post_id"": 3, ""anonymous_code"": ""돌고래-2979"", ""post_type"": ""trade_share"", ""title"": ""떨어질수록 사들인다는 원칙대로 오늘 추가 매수했습니다."", ""like_count"": 0, ""unlike_count"": 0, ""score"": 0}, {""post_id"": 4, ""anonymous_code"": ""황소-4770"", ""post_type"": ""trade_share"", ""title"": ""외국인 대량 매도 속에서도 개인들의 잔치는 계속되는가? (삼성전자)"", ""like_count"": 0, ""unlike_count"": 0, ""score"": 0}, {""post_id"": 5, ""anonymous_code"": ""곰-8551"", ""post_type"": ""profit_share"", ""title"": ""삼성전자 3% 상승 시 전량 매도 성공! 수익 확정했습니다"", ""like_count"": 0, ""unlike_count"": 0, ""score"": 0}, {""post_id"": 6, ""anonymous_code"": ""황소-4980"", ""post_type"": ""profit_share"", ""title"": ""3% 수익 확정! 차익실현 타이밍이 중요하네요"", ""like_count"": 0, ""unlike_count"": 0, ""score"": 0}, {""post_id"": 7, ""anonymous_code"": ""여우-1683"", ""post_type"": ""trade_share"", ""title"": ""외국인 매도세에도 불구하고, AI 슈퍼사이클 믿고 추가 매수했습니다."", ""like_count"": 0, ""unlike_count"": 0, ""score"": 0}, {""post_id"": 8, ""anonymous_code"": ""독수리-9332"", ""post_type"": ""profit_share"", ""title"": ""목표 수익 10% 도달 전, 3% 오름에 먼저 정리했습니다."", ""like_count"": 0, ""unlike_count"": 0, ""score"": 0}, {""post_id"": 9, ""anonymous_code"": ""황소-6990"", ""post_type"": ""trade_share"", ""title"": ""21 만 원대 매수 완료... 외국인 팔고 개미 산다?"", ""like_count"": 0, ""unlike_count"": 0, ""score"": 0}, {""post_id"": 10, ""anonymous_code"": ""펭귄-5408"", ""post_type"": ""trade_share"", ""title"": ""외국인 팔고 개미 산다? 오늘 삼성전자 매수 완료"", ""like_count"": 0, ""unlike_count"": 0, ""score"": 0}, {""post_id"": 11, ""anonymous_code"": ""독수리-1692"", ""post_type"": ""profit_share"", ""title"": ""삼성전자 3% 차익 실현 완료! (21.65 만원)"", ""like_count"": 0, ""unlike_count"": 0, ""score"": 0}, {""post_id"": 12, ""anonymous_code"": ""독수리-6722"", ""post_type"": ""profit_share"", ""title"": ""과열 구간 뚝! 삼성전자는 팔아야 할 때 판다 (수익 확정)"", ""like_count"": 0, ""unlike_count"": 0, ""score"": 0}, {""post_id"": 13, ""anonymous_code"": ""곰-5671"", ""post_type"": ""trade_share"", ""title"": ""저평가 구간, 조금 더 모았습니다."", ""like_count"": 0, ""unlike_count"": 0, ""score"": 0}, {""post_id"": 14, ""anonymous_code"": ""늑대-3694"", ""post_type"": ""trade_share"", ""title"": ""3% 넘기며 팔았네요. 조금 아쉽지만 원칙은 지켜야죠."", ""like_count"": 0, ""unlike_count"": 0, ""score"": 0}]"
RN_COMM_ON_20260917,2026-02-27,2,A022,2,5,14,"[1, 2, 3, 4, 5, 6, 7, 8, 9, 10, 11, 12, 13, 14]","[{""post_id"": 1, ""anonymous_code"": ""사자-8925"", ""post_type"": ""trade_share"", ""title"": ""외인 매도세 속에서도 상승 추세 따라 매수했습니다 (삼성전자)"", ""like_count"": 0, ""unlike_count"": 0, ""score"": 0}, {""post_id"": 2, ""anonymous_code"": ""황소-1620"", ""post_type"": ""trade_share"", ""title"": ""외국인 대량 매도에도 '저평가' 믿고 추가 매수했습니다."", ""like_count"": 0, ""unlike_count"": 0, ""score"": 0}, {""post_id"": 3, ""anonymous_code"": ""돌고래-2979"", ""post_type"": ""trade_share"", ""title"": ""떨어질수록 사들인다는 원칙대로 오늘 추가 매수했습니다."", ""like_count"": 0, ""unlike_count"": 0, ""score"": 0}, {""post_id"": 4, ""anonymous_code"": ""황소-4770"", ""post_type"": ""trade_share"", ""title"": ""외국인 대량 매도 속에서도 개인들의 잔치는 계속되는가? (삼성전자)"", ""like_count"": 0, ""unlike_count"": 0, ""score"": 0}, {""post_id"": 5, ""anonymous_code"": ""곰-8551"", ""post_type"": ""profit_share"", ""title"": ""삼성전자 3% 상승 시 전량 매도 성공! 수익 확정했습니다"", ""like_count"": 0, ""unlike_count"": 0, ""score"": 0}, {""post_id"": 6, ""anonymous_code"": ""황소-4980"", ""post_type"": ""profit_share"", ""title"": ""3% 수익 확정! 차익실현 타이밍이 중요하네요"", ""like_count"": 0, ""unlike_count"": 0, ""score"": 0}, {""post_id"": 7, ""anonymous_code"": ""여우-1683"", ""post_type"": ""trade_share"", ""title"": ""외국인 매도세에도 불구하고, AI 슈퍼사이클 믿고 추가 매수했습니다."", ""like_count"": 0, ""unlike_count"": 0, ""score"": 0}, {""post_id"": 8, ""anonymous_code"": ""독수리-9332"", ""post_type"": ""profit_share"", ""title"": ""목표 수익 10% 도달 전, 3% 오름에 먼저 정리했습니다."", ""like_count"": 0, ""unlike_count"": 0, ""score"": 0}, {""post_id"": 9, ""anonymous_code"": ""황소-6990"", ""post_type"": ""trade_share"", ""title"": ""21 만 원대 매수 완료... 외국인 팔고 개미 산다?"", ""like_count"": 0, ""unlike_count"": 0, ""score"": 0}, {""post_id"": 10, ""anonymous_code"": ""펭귄-5408"", ""post_type"": ""trade_share"", ""title"": ""외국인 팔고 개미 산다? 오늘 삼성전자 매수 완료"", ""like_count"": 0, ""unlike_count"": 0, ""score"": 0}, {""post_id"": 11, ""anonymous_code"": ""독수리-1692"", ""post_type"": ""profit_share"", ""title"": ""삼성전자 3% 차익 실현 완료! (21.65 만원)"", ""like_count"": 0, ""unlike_count"": 0, ""score"": 0}, {""post_id"": 12, ""anonymous_code"": ""독수리-6722"", ""post_type"": ""profit_share"", ""title"": ""과열 구간 뚝! 삼성전자는 팔아야 할 때 판다 (수익 확정)"", ""like_count"": 0, ""unlike_count"": 0, ""score"": 0}, {""post_id"": 13, ""anonymous_code"": ""곰-5671"", ""post_type"": ""trade_share"", ""title"": ""저평가 구간, 조금 더 모았습니다."", ""like_count"": 0, ""unlike_count"": 0, ""score"": 0}, {""post_id"": 14, ""anonymous_code"": ""늑대-3694"", ""post_type"": ""trade_share"", ""title"": ""3% 넘기며 팔았네요. 조금 아쉽지만 원칙은 지켜야죠."", ""like_count"": 0, ""unlike_count"": 0, ""score"": 0}]"
RN_COMM_ON_20260917,2026-02-27,2,A025,1,5,14,"[1, 2, 3, 4, 5, 6, 7, 8, 9, 10, 11, 12, 13, 14]","[{""post_id"": 1, ""anonymous_code"": ""사자-8925"", ""post_type"": ""trade_share"", ""title"": ""외인 매도세 속에서도 상승 추세 따라 매수했습니다 (삼성전자)"", ""like_count"": 0, ""unlike_count"": 0, ""score"": 0}, {""post_id"": 2, ""anonymous_code"": ""황소-1620"", ""post_type"": ""trade_share"", ""title"": ""외국인 대량 매도에도 '저평가' 믿고 추가 매수했습니다."", ""like_count"": 0, ""unlike_count"": 0, ""score"": 0}, {""post_id"": 3, ""anonymous_code"": ""돌고래-2979"", ""post_type"": ""trade_share"", ""title"": ""떨어질수록 사들인다는 원칙대로 오늘 추가 매수했습니다."", ""like_count"": 0, ""unlike_count"": 0, ""score"": 0}, {""post_id"": 4, ""anonymous_code"": ""황소-4770"", ""post_type"": ""trade_share"", ""title"": ""외국인 대량 매도 속에서도 개인들의 잔치는 계속되는가? (삼성전자)"", ""like_count"": 0, ""unlike_count"": 0, ""score"": 0}, {""post_id"": 5, ""anonymous_code"": ""곰-8551"", ""post_type"": ""profit_share"", ""title"": ""삼성전자 3% 상승 시 전량 매도 성공! 수익 확정했습니다"", ""like_count"": 0, ""unlike_count"": 0, ""score"": 0}, {""post_id"": 6, ""anonymous_code"": ""황소-4980"", ""post_type"": ""profit_share"", ""title"": ""3% 수익 확정! 차익실현 타이밍이 중요하네요"", ""like_count"": 0, ""unlike_count"": 0, ""score"": 0}, {""post_id"": 7, ""anonymous_code"": ""여우-1683"", ""post_type"": ""trade_share"", ""title"": ""외국인 매도세에도 불구하고, AI 슈퍼사이클 믿고 추가 매수했습니다."", ""like_count"": 0, ""unlike_count"": 0, ""score"": 0}, {""post_id"": 8, ""anonymous_code"": ""독수리-9332"", ""post_type"": ""profit_share"", ""title"": ""목표 수익 10% 도달 전, 3% 오름에 먼저 정리했습니다."", ""like_count"": 0, ""unlike_count"": 0, ""score"": 0}, {""post_id"": 9, ""anonymous_code"": ""황소-6990"", ""post_type"": ""trade_share"", ""title"": ""21 만 원대 매수 완료... 외국인 팔고 개미 산다?"", ""like_count"": 0, ""unlike_count"": 0, ""score"": 0}, {""post_id"": 10, ""anonymous_code"": ""펭귄-5408"", ""post_type"": ""trade_share"", ""title"": ""외국인 팔고 개미 산다? 오늘 삼성전자 매수 완료"", ""like_count"": 0, ""unlike_count"": 0, ""score"": 0}, {""post_id"": 11, ""anonymous_code"": ""독수리-1692"", ""post_type"": ""profit_share"", ""title"": ""삼성전자 3% 차익 실현 완료! (21.65 만원)"", ""like_count"": 0, ""unlike_count"": 0, ""score"": 0}, {""post_id"": 12, ""anonymous_code"": ""독수리-6722"", ""post_type"": ""profit_share"", ""title"": ""과열 구간 뚝! 삼성전자는 팔아야 할 때 판다 (수익 확정)"", ""like_count"": 0, ""unlike_count"": 0, ""score"": 0}, {""post_id"": 13, ""anonymous_code"": ""곰-5671"", ""post_type"": ""trade_share"", ""title"": ""저평가 구간, 조금 더 모았습니다."", ""like_count"": 0, ""unlike_count"": 0, ""score"": 0}, {""post_id"": 14, ""anonymous_code"": ""늑대-3694"", ""post_type"": ""trade_share"", ""title"": ""3% 넘기며 팔았네요. 조금 아쉽지만 원칙은 지켜야죠."", ""like_count"": 0, ""unlike_count"": 0, ""score"": 0}]"
RN_COMM_ON_20260917,2026-02-27,2,A015,1,5,14,"[1, 2, 3, 4, 5, 6, 7, 8, 9, 10, 11, 12, 13, 14]","[{""post_id"": 1, ""anonymous_code"": ""사자-8925"", ""post_type"": ""trade_share"", ""title"": ""외인 매도세 속에서도 상승 추세 따라 매수했습니다 (삼성전자)"", ""like_count"": 0, ""unlike_count"": 0, ""score"": 0}, {""post_id"": 2, ""anonymous_code"": ""황소-1620"", ""post_type"": ""trade_share"", ""title"": ""외국인 대량 매도에도 '저평가' 믿고 추가 매수했습니다."", ""like_count"": 0, ""unlike_count"": 0, ""score"": 0}, {""post_id"": 3, ""anonymous_code"": ""돌고래-2979"", ""post_type"": ""trade_share"", ""title"": ""떨어질수록 사들인다는 원칙대로 오늘 추가 매수했습니다."", ""like_count"": 0, ""unlike_count"": 0, ""score"": 0}, {""post_id"": 4, ""anonymous_code"": ""황소-4770"", ""post_type"": ""trade_share"", ""title"": ""외국인 대량 매도 속에서도 개인들의 잔치는 계속되는가? (삼성전자)"", ""like_count"": 0, ""unlike_count"": 0, ""score"": 0}, {""post_id"": 5, ""anonymous_code"": ""곰-8551"", ""post_type"": ""profit_share"", ""title"": ""삼성전자 3% 상승 시 전량 매도 성공! 수익 확정했습니다"", ""like_count"": 0, ""unlike_count"": 0, ""score"": 0}, {""post_id"": 6, ""anonymous_code"": ""황소-4980"", ""post_type"": ""profit_share"", ""title"": ""3% 수익 확정! 차익실현 타이밍이 중요하네요"", ""like_count"": 0, ""unlike_count"": 0, ""score"": 0}, {""post_id"": 7, ""anonymous_code"": ""여우-1683"", ""post_type"": ""trade_share"", ""title"": ""외국인 매도세에도 불구하고, AI 슈퍼사이클 믿고 추가 매수했습니다."", ""like_count"": 0, ""unlike_count"": 0, ""score"": 0}, {""post_id"": 8, ""anonymous_code"": ""독수리-9332"", ""post_type"": ""profit_share"", ""title"": ""목표 수익 10% 도달 전, 3% 오름에 먼저 정리했습니다."", ""like_count"": 0, ""unlike_count"": 0, ""score"": 0}, {""post_id"": 9, ""anonymous_code"": ""황소-6990"", ""post_type"": ""trade_share"", ""title"": ""21 만 원대 매수 완료... 외국인 팔고 개미 산다?"", ""like_count"": 0, ""unlike_count"": 0, ""score"": 0}, {""post_id"": 10, ""anonymous_code"": ""펭귄-5408"", ""post_type"": ""trade_share"", ""title"": ""외국인 팔고 개미 산다? 오늘 삼성전자 매수 완료"", ""like_count"": 0, ""unlike_count"": 0, ""score"": 0}, {""post_id"": 11, ""anonymous_code"": ""독수리-1692"", ""post_type"": ""profit_share"", ""title"": ""삼성전자 3% 차익 실현 완료! (21.65 만원)"", ""like_count"": 0, ""unlike_count"": 0, ""score"": 0}, {""post_id"": 12, ""anonymous_code"": ""독수리-6722"", ""post_type"": ""profit_share"", ""title"": ""과열 구간 뚝! 삼성전자는 팔아야 할 때 판다 (수익 확정)"", ""like_count"": 0, ""unlike_count"": 0, ""score"": 0}, {""post_id"": 13, ""anonymous_code"": ""곰-5671"", ""post_type"": ""trade_share"", ""title"": ""저평가 구간, 조금 더 모았습니다."", ""like_count"": 0, ""unlike_count"": 0, ""score"": 0}, {""post_id"": 14, ""anonymous_code"": ""늑대-3694"", ""post_type"": ""trade_share"", ""title"": ""3% 넘기며 팔았네요. 조금 아쉽지만 원칙은 지켜야죠."", ""like_count"": 0, ""unlike_count"": 0, ""score"": 0}]"
RN_COMM_ON_20260917,2026-02-27,2,A020,1,5,14,"[1, 2, 3, 4, 5, 6, 7, 8, 9, 10, 11, 12, 13, 14]","[{""post_id"": 1, ""anonymous_code"": ""사자-8925"", ""post_type"": ""trade_share"", ""title"": ""외인 매도세 속에서도 상승 추세 따라 매수했습니다 (삼성전자)"", ""like_count"": 0, ""unlike_count"": 0, ""score"": 0}, {""post_id"": 2, ""anonymous_code"": ""황소-1620"", ""post_type"": ""trade_share"", ""title"": ""외국인 대량 매도에도 '저평가' 믿고 추가 매수했습니다."", ""like_count"": 0, ""unlike_count"": 0, ""score"": 0}, {""post_id"": 3, ""anonymous_code"": ""돌고래-2979"", ""post_type"": ""trade_share"", ""title"": ""떨어질수록 사들인다는 원칙대로 오늘 추가 매수했습니다."", ""like_count"": 0, ""unlike_count"": 0, ""score"": 0}, {""post_id"": 4, ""anonymous_code"": ""황소-4770"", ""post_type"": ""trade_share"", ""title"": ""외국인 대량 매도 속에서도 개인들의 잔치는 계속되는가? (삼성전자)"", ""like_count"": 0, ""unlike_count"": 0, ""score"": 0}, {""post_id"": 5, ""anonymous_code"": ""곰-8551"", ""post_type"": ""profit_share"", ""title"": ""삼성전자 3% 상승 시 전량 매도 성공! 수익 확정했습니다"", ""like_count"": 0, ""unlike_count"": 0, ""score"": 0}, {""post_id"": 6, ""anonymous_code"": ""황소-4980"", ""post_type"": ""profit_share"", ""title"": ""3% 수익 확정! 차익실현 타이밍이 중요하네요"", ""like_count"": 0, ""unlike_count"": 0, ""score"": 0}, {""post_id"": 7, ""anonymous_code"": ""여우-1683"", ""post_type"": ""trade_share"", ""title"": ""외국인 매도세에도 불구하고, AI 슈퍼사이클 믿고 추가 매수했습니다."", ""like_count"": 0, ""unlike_count"": 0, ""score"": 0}, {""post_id"": 8, ""anonymous_code"": ""독수리-9332"", ""post_type"": ""profit_share"", ""title"": ""목표 수익 10% 도달 전, 3% 오름에 먼저 정리했습니다."", ""like_count"": 0, ""unlike_count"": 0, ""score"": 0}, {""post_id"": 9, ""anonymous_code"": ""황소-6990"", ""post_type"": ""trade_share"", ""title"": ""21 만 원대 매수 완료... 외국인 팔고 개미 산다?"", ""like_count"": 0, ""unlike_count"": 0, ""score"": 0}, {""post_id"": 10, ""anonymous_code"": ""펭귄-5408"", ""post_type"": ""trade_share"", ""title"": ""외국인 팔고 개미 산다? 오늘 삼성전자 매수 완료"", ""like_count"": 0, ""unlike_count"": 0, ""score"": 0}, {""post_id"": 11, ""anonymous_code"": ""독수리-1692"", ""post_type"": ""profit_share"", ""title"": ""삼성전자 3% 차익 실현 완료! (21.65 만원)"", ""like_count"": 0, ""unlike_count"": 0, ""score"": 0}, {""post_id"": 12, ""anonymous_code"": ""독수리-6722"", ""post_type"": ""profit_share"", ""title"": ""과열 구간 뚝! 삼성전자는 팔아야 할 때 판다 (수익 확정)"", ""like_count"": 0, ""unlike_count"": 0, ""score"": 0}, {""post_id"": 13, ""anonymous_code"": ""곰-5671"", ""post_type"": ""trade_share"", ""title"": ""저평가 구간, 조금 더 모았습니다."", ""like_count"": 0, ""unlike_count"": 0, ""score"": 0}, {""post_id"": 14, ""anonymous_code"": ""늑대-3694"", ""post_type"": ""trade_share"", ""title"": ""3% 넘기며 팔았네요. 조금 아쉽지만 원칙은 지켜야죠."", ""like_count"": 0, ""unlike_count"": 0, ""score"": 0}]"
RN_COMM_ON_20260917,2026-02-27,2,A023,2,5,13,"[1, 3, 4, 5, 6, 7, 8, 9, 10, 11, 12, 13, 14]","[{""post_id"": 1, ""anonymous_code"": ""사자-8925"", ""post_type"": ""trade_share"", ""title"": ""외인 매도세 속에서도 상승 추세 따라 매수했습니다 (삼성전자)"", ""like_count"": 0, ""unlike_count"": 0, ""score"": 0}, {""post_id"": 3, ""anonymous_code"": ""돌고래-2979"", ""post_type"": ""trade_share"", ""title"": ""떨어질수록 사들인다는 원칙대로 오늘 추가 매수했습니다."", ""like_count"": 0, ""unlike_count"": 0, ""score"": 0}, {""post_id"": 4, ""anonymous_code"": ""황소-4770"", ""post_type"": ""trade_share"", ""title"": ""외국인 대량 매도 속에서도 개인들의 잔치는 계속되는가? (삼성전자)"", ""like_count"": 0, ""unlike_count"": 0, ""score"": 0}, {""post_id"": 5, ""anonymous_code"": ""곰-8551"", ""post_type"": ""profit_share"", ""title"": ""삼성전자 3% 상승 시 전량 매도 성공! 수익 확정했습니다"", ""like_count"": 0, ""unlike_count"": 0, ""score"": 0}, {""post_id"": 6, ""anonymous_code"": ""황소-4980"", ""post_type"": ""profit_share"", ""title"": ""3% 수익 확정! 차익실현 타이밍이 중요하네요"", ""like_count"": 0, ""unlike_count"": 0, ""score"": 0}, {""post_id"": 7, ""anonymous_code"": ""여우-1683"", ""post_type"": ""trade_share"", ""title"": ""외국인 매도세에도 불구하고, AI 슈퍼사이클 믿고 추가 매수했습니다."", ""like_count"": 0, ""unlike_count"": 0, ""score"": 0}, {""post_id"": 8, ""anonymous_code"": ""독수리-9332"", ""post_type"": ""profit_share"", ""title"": ""목표 수익 10% 도달 전, 3% 오름에 먼저 정리했습니다."", ""like_count"": 0, ""unlike_count"": 0, ""score"": 0}, {""post_id"": 9, ""anonymous_code"": ""황소-6990"", ""post_type"": ""trade_share"", ""title"": ""21 만 원대 매수 완료... 외국인 팔고 개미 산다?"", ""like_count"": 0, ""unlike_count"": 0, ""score"": 0}, {""post_id"": 10, ""anonymous_code"": ""펭귄-5408"", ""post_type"": ""trade_share"", ""title"": ""외국인 팔고 개미 산다? 오늘 삼성전자 매수 완료"", ""like_count"": 0, ""unlike_count"": 0, ""score"": 0}, {""post_id"": 11, ""anonymous_code"": ""독수리-1692"", ""post_type"": ""profit_share"", ""title"": ""삼성전자 3% 차익 실현 완료! (21.65 만원)"", ""like_count"": 0, ""unlike_count"": 0, ""score"": 0}, {""post_id"": 12, ""anonymous_code"": ""독수리-6722"", ""post_type"": ""profit_share"", ""title"": ""과열 구간 뚝! 삼성전자는 팔아야 할 때 판다 (수익 확정)"", ""like_count"": 0, ""unlike_count"": 0, ""score"": 0}, {""post_id"": 13, ""anonymous_code"": ""곰-5671"", ""post_type"": ""trade_share"", ""title"": ""저평가 구간, 조금 더 모았습니다."", ""like_count"": 0, ""unlike_count"": 0, ""score"": 0}, {""post_id"": 14, ""anonymous_code"": ""늑대-3694"", ""post_type"": ""trade_share"", ""title"": ""3% 넘기며 팔았네요. 조금 아쉽지만 원칙은 지켜야죠."", ""like_count"": 0, ""unlike_count"": 0, ""score"": 0}]"
RN_COMM_ON_20260917,2026-02-27,2,A026,1,5,14,"[1, 2, 3, 4, 5, 6, 7, 8, 9, 10, 11, 12, 13, 14]","[{""post_id"": 1, ""anonymous_code"": ""사자-8925"", ""post_type"": ""trade_share"", ""title"": ""외인 매도세 속에서도 상승 추세 따라 매수했습니다 (삼성전자)"", ""like_count"": 0, ""unlike_count"": 0, ""score"": 0}, {""post_id"": 2, ""anonymous_code"": ""황소-1620"", ""post_type"": ""trade_share"", ""title"": ""외국인 대량 매도에도 '저평가' 믿고 추가 매수했습니다."", ""like_count"": 0, ""unlike_count"": 0, ""score"": 0}, {""post_id"": 3, ""anonymous_code"": ""돌고래-2979"", ""post_type"": ""trade_share"", ""title"": ""떨어질수록 사들인다는 원칙대로 오늘 추가 매수했습니다."", ""like_count"": 0, ""unlike_count"": 0, ""score"": 0}, {""post_id"": 4, ""anonymous_code"": ""황소-4770"", ""post_type"": ""trade_share"", ""title"": ""외국인 대량 매도 속에서도 개인들의 잔치는 계속되는가? (삼성전자)"", ""like_count"": 0, ""unlike_count"": 0, ""score"": 0}, {""post_id"": 5, ""anonymous_code"": ""곰-8551"", ""post_type"": ""profit_share"", ""title"": ""삼성전자 3% 상승 시 전량 매도 성공! 수익 확정했습니다"", ""like_count"": 0, ""unlike_count"": 0, ""score"": 0}, {""post_id"": 6, ""anonymous_code"": ""황소-4980"", ""post_type"": ""profit_share"", ""title"": ""3% 수익 확정! 차익실현 타이밍이 중요하네요"", ""like_count"": 0, ""unlike_count"": 0, ""score"": 0}, {""post_id"": 7, ""anonymous_code"": ""여우-1683"", ""post_type"": ""trade_share"", ""title"": ""외국인 매도세에도 불구하고, AI 슈퍼사이클 믿고 추가 매수했습니다."", ""like_count"": 0, ""unlike_count"": 0, ""score"": 0}, {""post_id"": 8, ""anonymous_code"": ""독수리-9332"", ""post_type"": ""profit_share"", ""title"": ""목표 수익 10% 도달 전, 3% 오름에 먼저 정리했습니다."", ""like_count"": 0, ""unlike_count"": 0, ""score"": 0}, {""post_id"": 9, ""anonymous_code"": ""황소-6990"", ""post_type"": ""trade_share"", ""title"": ""21 만 원대 매수 완료... 외국인 팔고 개미 산다?"", ""like_count"": 0, ""unlike_count"": 0, ""score"": 0}, {""post_id"": 10, ""anonymous_code"": ""펭귄-5408"", ""post_type"": ""trade_share"", ""title"": ""외국인 팔고 개미 산다? 오늘 삼성전자 매수 완료"", ""like_count"": 0, ""unlike_count"": 0, ""score"": 0}, {""post_id"": 11, ""anonymous_code"": ""독수리-1692"", ""post_type"": ""profit_share"", ""title"": ""삼성전자 3% 차익 실현 완료! (21.65 만원)"", ""like_count"": 0, ""unlike_count"": 0, ""score"": 0}, {""post_id"": 12, ""anonymous_code"": ""독수리-6722"", ""post_type"": ""profit_share"", ""title"": ""과열 구간 뚝! 삼성전자는 팔아야 할 때 판다 (수익 확정)"", ""like_count"": 0, ""unlike_count"": 0, ""score"": 0}, {""post_id"": 13, ""anonymous_code"": ""곰-5671"", ""post_type"": ""trade_share"", ""title"": ""저평가 구간, 조금 더 모았습니다."", ""like_count"": 0, ""unlike_count"": 0, ""score"": 0}, {""post_id"": 14, ""anonymous_code"": ""늑대-3694"", ""post_type"": ""trade_share"", ""title"": ""3% 넘기며 팔았네요. 조금 아쉽지만 원칙은 지켜야죠."", ""like_count"": 0, ""unlike_count"": 0, ""score"": 0}]"
RN_COMM_ON_20260917,2026-02-27,2,A027,2,5,14,"[1, 2, 3, 4, 5, 6, 7, 8, 9, 10, 11, 12, 13, 14]","[{""post_id"": 1, ""anonymous_code"": ""사자-8925"", ""post_type"": ""trade_share"", ""title"": ""외인 매도세 속에서도 상승 추세 따라 매수했습니다 (삼성전자)"", ""like_count"": 0, ""unlike_count"": 0, ""score"": 0}, {""post_id"": 2, ""anonymous_code"": ""황소-1620"", ""post_type"": ""trade_share"", ""title"": ""외국인 대량 매도에도 '저평가' 믿고 추가 매수했습니다."", ""like_count"": 0, ""unlike_count"": 0, ""score"": 0}, {""post_id"": 3, ""anonymous_code"": ""돌고래-2979"", ""post_type"": ""trade_share"", ""title"": ""떨어질수록 사들인다는 원칙대로 오늘 추가 매수했습니다."", ""like_count"": 0, ""unlike_count"": 0, ""score"": 0}, {""post_id"": 4, ""anonymous_code"": ""황소-4770"", ""post_type"": ""trade_share"", ""title"": ""외국인 대량 매도 속에서도 개인들의 잔치는 계속되는가? (삼성전자)"", ""like_count"": 0, ""unlike_count"": 0, ""score"": 0}, {""post_id"": 5, ""anonymous_code"": ""곰-8551"", ""post_type"": ""profit_share"", ""title"": ""삼성전자 3% 상승 시 전량 매도 성공! 수익 확정했습니다"", ""like_count"": 0, ""unlike_count"": 0, ""score"": 0}, {""post_id"": 6, ""anonymous_code"": ""황소-4980"", ""post_type"": ""profit_share"", ""title"": ""3% 수익 확정! 차익실현 타이밍이 중요하네요"", ""like_count"": 0, ""unlike_count"": 0, ""score"": 0}, {""post_id"": 7, ""anonymous_code"": ""여우-1683"", ""post_type"": ""trade_share"", ""title"": ""외국인 매도세에도 불구하고, AI 슈퍼사이클 믿고 추가 매수했습니다."", ""like_count"": 0, ""unlike_count"": 0, ""score"": 0}, {""post_id"": 8, ""anonymous_code"": ""독수리-9332"", ""post_type"": ""profit_share"", ""title"": ""목표 수익 10% 도달 전, 3% 오름에 먼저 정리했습니다."", ""like_count"": 0, ""unlike_count"": 0, ""score"": 0}, {""post_id"": 9, ""anonymous_code"": ""황소-6990"", ""post_type"": ""trade_share"", ""title"": ""21 만 원대 매수 완료... 외국인 팔고 개미 산다?"", ""like_count"": 0, ""unlike_count"": 0, ""score"": 0}, {""post_id"": 10, ""anonymous_code"": ""펭귄-5408"", ""post_type"": ""trade_share"", ""title"": ""외국인 팔고 개미 산다? 오늘 삼성전자 매수 완료"", ""like_count"": 0, ""unlike_count"": 0, ""score"": 0}, {""post_id"": 11, ""anonymous_code"": ""독수리-1692"", ""post_type"": ""profit_share"", ""title"": ""삼성전자 3% 차익 실현 완료! (21.65 만원)"", ""like_count"": 0, ""unlike_count"": 0, ""score"": 0}, {""post_id"": 12, ""anonymous_code"": ""독수리-6722"", ""post_type"": ""profit_share"", ""title"": ""과열 구간 뚝! 삼성전자는 팔아야 할 때 판다 (수익 확정)"", ""like_count"": 0, ""unlike_count"": 0, ""score"": 0}, {""post_id"": 13, ""anonymous_code"": ""곰-5671"", ""post_type"": ""trade_share"", ""title"": ""저평가 구간, 조금 더 모았습니다."", ""like_count"": 0, ""unlike_count"": 0, ""score"": 0}, {""post_id"": 14, ""anonymous_code"": ""늑대-3694"", ""post_type"": ""trade_share"", ""title"": ""3% 넘기며 팔았네요. 조금 아쉽지만 원칙은 지켜야죠."", ""like_count"": 0, ""unlike_count"": 0, ""score"": 0}]"
RN_COMM_ON_20260917,2026-02-27,2,A028,1,5,14,"[1, 2, 3, 4, 5, 6, 7, 8, 9, 10, 11, 12, 13, 14]","[{""post_id"": 1, ""anonymous_code"": ""사자-8925"", ""post_type"": ""trade_share"", ""title"": ""외인 매도세 속에서도 상승 추세 따라 매수했습니다 (삼성전자)"", ""like_count"": 0, ""unlike_count"": 0, ""score"": 0}, {""post_id"": 2, ""anonymous_code"": ""황소-1620"", ""post_type"": ""trade_share"", ""title"": ""외국인 대량 매도에도 '저평가' 믿고 추가 매수했습니다."", ""like_count"": 0, ""unlike_count"": 0, ""score"": 0}, {""post_id"": 3, ""anonymous_code"": ""돌고래-2979"", ""post_type"": ""trade_share"", ""title"": ""떨어질수록 사들인다는 원칙대로 오늘 추가 매수했습니다."", ""like_count"": 0, ""unlike_count"": 0, ""score"": 0}, {""post_id"": 4, ""anonymous_code"": ""황소-4770"", ""post_type"": ""trade_share"", ""title"": ""외국인 대량 매도 속에서도 개인들의 잔치는 계속되는가? (삼성전자)"", ""like_count"": 0, ""unlike_count"": 0, ""score"": 0}, {""post_id"": 5, ""anonymous_code"": ""곰-8551"", ""post_type"": ""profit_share"", ""title"": ""삼성전자 3% 상승 시 전량 매도 성공! 수익 확정했습니다"", ""like_count"": 0, ""unlike_count"": 0, ""score"": 0}, {""post_id"": 6, ""anonymous_code"": ""황소-4980"", ""post_type"": ""profit_share"", ""title"": ""3% 수익 확정! 차익실현 타이밍이 중요하네요"", ""like_count"": 0, ""unlike_count"": 0, ""score"": 0}, {""post_id"": 7, ""anonymous_code"": ""여우-1683"", ""post_type"": ""trade_share"", ""title"": ""외국인 매도세에도 불구하고, AI 슈퍼사이클 믿고 추가 매수했습니다."", ""like_count"": 0, ""unlike_count"": 0, ""score"": 0}, {""post_id"": 8, ""anonymous_code"": ""독수리-9332"", ""post_type"": ""profit_share"", ""title"": ""목표 수익 10% 도달 전, 3% 오름에 먼저 정리했습니다."", ""like_count"": 0, ""unlike_count"": 0, ""score"": 0}, {""post_id"": 9, ""anonymous_code"": ""황소-6990"", ""post_type"": ""trade_share"", ""title"": ""21 만 원대 매수 완료... 외국인 팔고 개미 산다?"", ""like_count"": 0, ""unlike_count"": 0, ""score"": 0}, {""post_id"": 10, ""anonymous_code"": ""펭귄-5408"", ""post_type"": ""trade_share"", ""title"": ""외국인 팔고 개미 산다? 오늘 삼성전자 매수 완료"", ""like_count"": 0, ""unlike_count"": 0, ""score"": 0}, {""post_id"": 11, ""anonymous_code"": ""독수리-1692"", ""post_type"": ""profit_share"", ""title"": ""삼성전자 3% 차익 실현 완료! (21.65 만원)"", ""like_count"": 0, ""unlike_count"": 0, ""score"": 0}, {""post_id"": 12, ""anonymous_code"": ""독수리-6722"", ""post_type"": ""profit_share"", ""title"": ""과열 구간 뚝! 삼성전자는 팔아야 할 때 판다 (수익 확정)"", ""like_count"": 0, ""unlike_count"": 0, ""score"": 0}, {""post_id"": 13, ""anonymous_code"": ""곰-5671"", ""post_type"": ""trade_share"", ""title"": ""저평가 구간, 조금 더 모았습니다."", ""like_count"": 0, ""unlike_count"": 0, ""score"": 0}, {""post_id"": 14, ""anonymous_code"": ""늑대-3694"", ""post_type"": ""trade_share"", ""title"": ""3% 넘기며 팔았네요. 조금 아쉽지만 원칙은 지켜야죠."", ""like_count"": 0, ""unlike_count"": 0, ""score"": 0}]"
RN_COMM_ON_20260917,2026-02-27,2,A029,1,5,14,"[1, 2, 3, 4, 5, 6, 7, 8, 9, 10, 11, 12, 13, 14]","[{""post_id"": 1, ""anonymous_code"": ""사자-8925"", ""post_type"": ""trade_share"", ""title"": ""외인 매도세 속에서도 상승 추세 따라 매수했습니다 (삼성전자)"", ""like_count"": 0, ""unlike_count"": 0, ""score"": 0}, {""post_id"": 2, ""anonymous_code"": ""황소-1620"", ""post_type"": ""trade_share"", ""title"": ""외국인 대량 매도에도 '저평가' 믿고 추가 매수했습니다."", ""like_count"": 0, ""unlike_count"": 0, ""score"": 0}, {""post_id"": 3, ""anonymous_code"": ""돌고래-2979"", ""post_type"": ""trade_share"", ""title"": ""떨어질수록 사들인다는 원칙대로 오늘 추가 매수했습니다."", ""like_count"": 0, ""unlike_count"": 0, ""score"": 0}, {""post_id"": 4, ""anonymous_code"": ""황소-4770"", ""post_type"": ""trade_share"", ""title"": ""외국인 대량 매도 속에서도 개인들의 잔치는 계속되는가? (삼성전자)"", ""like_count"": 0, ""unlike_count"": 0, ""score"": 0}, {""post_id"": 5, ""anonymous_code"": ""곰-8551"", ""post_type"": ""profit_share"", ""title"": ""삼성전자 3% 상승 시 전량 매도 성공! 수익 확정했습니다"", ""like_count"": 0, ""unlike_count"": 0, ""score"": 0}, {""post_id"": 6, ""anonymous_code"": ""황소-4980"", ""post_type"": ""profit_share"", ""title"": ""3% 수익 확정! 차익실현 타이밍이 중요하네요"", ""like_count"": 0, ""unlike_count"": 0, ""score"": 0}, {""post_id"": 7, ""anonymous_code"": ""여우-1683"", ""post_type"": ""trade_share"", ""title"": ""외국인 매도세에도 불구하고, AI 슈퍼사이클 믿고 추가 매수했습니다."", ""like_count"": 0, ""unlike_count"": 0, ""score"": 0}, {""post_id"": 8, ""anonymous_code"": ""독수리-9332"", ""post_type"": ""profit_share"", ""title"": ""목표 수익 10% 도달 전, 3% 오름에 먼저 정리했습니다."", ""like_count"": 0, ""unlike_count"": 0, ""score"": 0}, {""post_id"": 9, ""anonymous_code"": ""황소-6990"", ""post_type"": ""trade_share"", ""title"": ""21 만 원대 매수 완료... 외국인 팔고 개미 산다?"", ""like_count"": 0, ""unlike_count"": 0, ""score"": 0}, {""post_id"": 10, ""anonymous_code"": ""펭귄-5408"", ""post_type"": ""trade_share"", ""title"": ""외국인 팔고 개미 산다? 오늘 삼성전자 매수 완료"", ""like_count"": 0, ""unlike_count"": 0, ""score"": 0}, {""post_id"": 11, ""anonymous_code"": ""독수리-1692"", ""post_type"": ""profit_share"", ""title"": ""삼성전자 3% 차익 실현 완료! (21.65 만원)"", ""like_count"": 0, ""unlike_count"": 0, ""score"": 0}, {""post_id"": 12, ""anonymous_code"": ""독수리-6722"", ""post_type"": ""profit_share"", ""title"": ""과열 구간 뚝! 삼성전자는 팔아야 할 때 판다 (수익 확정)"", ""like_count"": 0, ""unlike_count"": 0, ""score"": 0}, {""post_id"": 13, ""anonymous_code"": ""곰-5671"", ""post_type"": ""trade_share"", ""title"": ""저평가 구간, 조금 더 모았습니다."", ""like_count"": 0, ""unlike_count"": 0, ""score"": 0}, {""post_id"": 14, ""anonymous_code"": ""늑대-3694"", ""post_type"": ""trade_share"", ""title"": ""3% 넘기며 팔았네요. 조금 아쉽지만 원칙은 지켜야죠."", ""like_count"": 0, ""unlike_count"": 0, ""score"": 0}]"
RN_COMM_ON_20260917,2026-02-27,2,A034,1,5,13,"[1, 2, 4, 5, 6, 7, 8, 9, 10, 11, 12, 13, 14]","[{""post_id"": 1, ""anonymous_code"": ""사자-8925"", ""post_type"": ""trade_share"", ""title"": ""외인 매도세 속에서도 상승 추세 따라 매수했습니다 (삼성전자)"", ""like_count"": 0, ""unlike_count"": 0, ""score"": 0}, {""post_id"": 2, ""anonymous_code"": ""황소-1620"", ""post_type"": ""trade_share"", ""title"": ""외국인 대량 매도에도 '저평가' 믿고 추가 매수했습니다."", ""like_count"": 0, ""unlike_count"": 0, ""score"": 0}, {""post_id"": 4, ""anonymous_code"": ""황소-4770"", ""post_type"": ""trade_share"", ""title"": ""외국인 대량 매도 속에서도 개인들의 잔치는 계속되는가? (삼성전자)"", ""like_count"": 0, ""unlike_count"": 0, ""score"": 0}, {""post_id"": 5, ""anonymous_code"": ""곰-8551"", ""post_type"": ""profit_share"", ""title"": ""삼성전자 3% 상승 시 전량 매도 성공! 수익 확정했습니다"", ""like_count"": 0, ""unlike_count"": 0, ""score"": 0}, {""post_id"": 6, ""anonymous_code"": ""황소-4980"", ""post_type"": ""profit_share"", ""title"": ""3% 수익 확정! 차익실현 타이밍이 중요하네요"", ""like_count"": 0, ""unlike_count"": 0, ""score"": 0}, {""post_id"": 7, ""anonymous_code"": ""여우-1683"", ""post_type"": ""trade_share"", ""title"": ""외국인 매도세에도 불구하고, AI 슈퍼사이클 믿고 추가 매수했습니다."", ""like_count"": 0, ""unlike_count"": 0, ""score"": 0}, {""post_id"": 8, ""anonymous_code"": ""독수리-9332"", ""post_type"": ""profit_share"", ""title"": ""목표 수익 10% 도달 전, 3% 오름에 먼저 정리했습니다."", ""like_count"": 0, ""unlike_count"": 0, ""score"": 0}, {""post_id"": 9, ""anonymous_code"": ""황소-6990"", ""post_type"": ""trade_share"", ""title"": ""21 만 원대 매수 완료... 외국인 팔고 개미 산다?"", ""like_count"": 0, ""unlike_count"": 0, ""score"": 0}, {""post_id"": 10, ""anonymous_code"": ""펭귄-5408"", ""post_type"": ""trade_share"", ""title"": ""외국인 팔고 개미 산다? 오늘 삼성전자 매수 완료"", ""like_count"": 0, ""unlike_count"": 0, ""score"": 0}, {""post_id"": 11, ""anonymous_code"": ""독수리-1692"", ""post_type"": ""profit_share"", ""title"": ""삼성전자 3% 차익 실현 완료! (21.65 만원)"", ""like_count"": 0, ""unlike_count"": 0, ""score"": 0}, {""post_id"": 12, ""anonymous_code"": ""독수리-6722"", ""post_type"": ""profit_share"", ""title"": ""과열 구간 뚝! 삼성전자는 팔아야 할 때 판다 (수익 확정)"", ""like_count"": 0, ""unlike_count"": 0, ""score"": 0}, {""post_id"": 13, ""anonymous_code"": ""곰-5671"", ""post_type"": ""trade_share"", ""title"": ""저평가 구간, 조금 더 모았습니다."", ""like_count"": 0, ""unlike_count"": 0, ""score"": 0}, {""post_id"": 14, ""anonymous_code"": ""늑대-3694"", ""post_type"": ""trade_share"", ""title"": ""3% 넘기며 팔았네요. 조금 아쉽지만 원칙은 지켜야죠."", ""like_count"": 0, ""unlike_count"": 0, ""score"": 0}]"
RN_COMM_ON_20260917,2026-02-27,2,A035,1,5,14,"[1, 2, 3, 4, 5, 6, 7, 8, 9, 10, 11, 12, 13, 14]","[{""post_id"": 1, ""anonymous_code"": ""사자-8925"", ""post_type"": ""trade_share"", ""title"": ""외인 매도세 속에서도 상승 추세 따라 매수했습니다 (삼성전자)"", ""like_count"": 0, ""unlike_count"": 0, ""score"": 0}, {""post_id"": 2, ""anonymous_code"": ""황소-1620"", ""post_type"": ""trade_share"", ""title"": ""외국인 대량 매도에도 '저평가' 믿고 추가 매수했습니다."", ""like_count"": 0, ""unlike_count"": 0, ""score"": 0}, {""post_id"": 3, ""anonymous_code"": ""돌고래-2979"", ""post_type"": ""trade_share"", ""title"": ""떨어질수록 사들인다는 원칙대로 오늘 추가 매수했습니다."", ""like_count"": 0, ""unlike_count"": 0, ""score"": 0}, {""post_id"": 4, ""anonymous_code"": ""황소-4770"", ""post_type"": ""trade_share"", ""title"": ""외국인 대량 매도 속에서도 개인들의 잔치는 계속되는가? (삼성전자)"", ""like_count"": 0, ""unlike_count"": 0, ""score"": 0}, {""post_id"": 5, ""anonymous_code"": ""곰-8551"", ""post_type"": ""profit_share"", ""title"": ""삼성전자 3% 상승 시 전량 매도 성공! 수익 확정했습니다"", ""like_count"": 0, ""unlike_count"": 0, ""score"": 0}, {""post_id"": 6, ""anonymous_code"": ""황소-4980"", ""post_type"": ""profit_share"", ""title"": ""3% 수익 확정! 차익실현 타이밍이 중요하네요"", ""like_count"": 0, ""unlike_count"": 0, ""score"": 0}, {""post_id"": 7, ""anonymous_code"": ""여우-1683"", ""post_type"": ""trade_share"", ""title"": ""외국인 매도세에도 불구하고, AI 슈퍼사이클 믿고 추가 매수했습니다."", ""like_count"": 0, ""unlike_count"": 0, ""score"": 0}, {""post_id"": 8, ""anonymous_code"": ""독수리-9332"", ""post_type"": ""profit_share"", ""title"": ""목표 수익 10% 도달 전, 3% 오름에 먼저 정리했습니다."", ""like_count"": 0, ""unlike_count"": 0, ""score"": 0}, {""post_id"": 9, ""anonymous_code"": ""황소-6990"", ""post_type"": ""trade_share"", ""title"": ""21 만 원대 매수 완료... 외국인 팔고 개미 산다?"", ""like_count"": 0, ""unlike_count"": 0, ""score"": 0}, {""post_id"": 10, ""anonymous_code"": ""펭귄-5408"", ""post_type"": ""trade_share"", ""title"": ""외국인 팔고 개미 산다? 오늘 삼성전자 매수 완료"", ""like_count"": 0, ""unlike_count"": 0, ""score"": 0}, {""post_id"": 11, ""anonymous_code"": ""독수리-1692"", ""post_type"": ""profit_share"", ""title"": ""삼성전자 3% 차익 실현 완료! (21.65 만원)"", ""like_count"": 0, ""unlike_count"": 0, ""score"": 0}, {""post_id"": 12, ""anonymous_code"": ""독수리-6722"", ""post_type"": ""profit_share"", ""title"": ""과열 구간 뚝! 삼성전자는 팔아야 할 때 판다 (수익 확정)"", ""like_count"": 0, ""unlike_count"": 0, ""score"": 0}, {""post_id"": 13, ""anonymous_code"": ""곰-5671"", ""post_type"": ""trade_share"", ""title"": ""저평가 구간, 조금 더 모았습니다."", ""like_count"": 0, ""unlike_count"": 0, ""score"": 0}, {""post_id"": 14, ""anonymous_code"": ""늑대-3694"", ""post_type"": ""trade_share"", ""title"": ""3% 넘기며 팔았네요. 조금 아쉽지만 원칙은 지켜야죠."", ""like_count"": 0, ""unlike_count"": 0, ""score"": 0}]"
RN_COMM_ON_20260917,2026-02-27,2,A031,2,5,14,"[1, 2, 3, 4, 5, 6, 7, 8, 9, 10, 11, 12, 13, 14]","[{""post_id"": 1, ""anonymous_code"": ""사자-8925"", ""post_type"": ""trade_share"", ""title"": ""외인 매도세 속에서도 상승 추세 따라 매수했습니다 (삼성전자)"", ""like_count"": 0, ""unlike_count"": 0, ""score"": 0}, {""post_id"": 2, ""anonymous_code"": ""황소-1620"", ""post_type"": ""trade_share"", ""title"": ""외국인 대량 매도에도 '저평가' 믿고 추가 매수했습니다."", ""like_count"": 0, ""unlike_count"": 0, ""score"": 0}, {""post_id"": 3, ""anonymous_code"": ""돌고래-2979"", ""post_type"": ""trade_share"", ""title"": ""떨어질수록 사들인다는 원칙대로 오늘 추가 매수했습니다."", ""like_count"": 0, ""unlike_count"": 0, ""score"": 0}, {""post_id"": 4, ""anonymous_code"": ""황소-4770"", ""post_type"": ""trade_share"", ""title"": ""외국인 대량 매도 속에서도 개인들의 잔치는 계속되는가? (삼성전자)"", ""like_count"": 0, ""unlike_count"": 0, ""score"": 0}, {""post_id"": 5, ""anonymous_code"": ""곰-8551"", ""post_type"": ""profit_share"", ""title"": ""삼성전자 3% 상승 시 전량 매도 성공! 수익 확정했습니다"", ""like_count"": 0, ""unlike_count"": 0, ""score"": 0}, {""post_id"": 6, ""anonymous_code"": ""황소-4980"", ""post_type"": ""profit_share"", ""title"": ""3% 수익 확정! 차익실현 타이밍이 중요하네요"", ""like_count"": 0, ""unlike_count"": 0, ""score"": 0}, {""post_id"": 7, ""anonymous_code"": ""여우-1683"", ""post_type"": ""trade_share"", ""title"": ""외국인 매도세에도 불구하고, AI 슈퍼사이클 믿고 추가 매수했습니다."", ""like_count"": 0, ""unlike_count"": 0, ""score"": 0}, {""post_id"": 8, ""anonymous_code"": ""독수리-9332"", ""post_type"": ""profit_share"", ""title"": ""목표 수익 10% 도달 전, 3% 오름에 먼저 정리했습니다."", ""like_count"": 0, ""unlike_count"": 0, ""score"": 0}, {""post_id"": 9, ""anonymous_code"": ""황소-6990"", ""post_type"": ""trade_share"", ""title"": ""21 만 원대 매수 완료... 외국인 팔고 개미 산다?"", ""like_count"": 0, ""unlike_count"": 0, ""score"": 0}, {""post_id"": 10, ""anonymous_code"": ""펭귄-5408"", ""post_type"": ""trade_share"", ""title"": ""외국인 팔고 개미 산다? 오늘 삼성전자 매수 완료"", ""like_count"": 0, ""unlike_count"": 0, ""score"": 0}, {""post_id"": 11, ""anonymous_code"": ""독수리-1692"", ""post_type"": ""profit_share"", ""title"": ""삼성전자 3% 차익 실현 완료! (21.65 만원)"", ""like_count"": 0, ""unlike_count"": 0, ""score"": 0}, {""post_id"": 12, ""anonymous_code"": ""독수리-6722"", ""post_type"": ""profit_share"", ""title"": ""과열 구간 뚝! 삼성전자는 팔아야 할 때 판다 (수익 확정)"", ""like_count"": 0, ""unlike_count"": 0, ""score"": 0}, {""post_id"": 13, ""anonymous_code"": ""곰-5671"", ""post_type"": ""trade_share"", ""title"": ""저평가 구간, 조금 더 모았습니다."", ""like_count"": 0, ""unlike_count"": 0, ""score"": 0}, {""post_id"": 14, ""anonymous_code"": ""늑대-3694"", ""post_type"": ""trade_share"", ""title"": ""3% 넘기며 팔았네요. 조금 아쉽지만 원칙은 지켜야죠."", ""like_count"": 0, ""unlike_count"": 0, ""score"": 0}]"
RN_COMM_ON_20260917,2026-02-27,2,A037,1,5,14,"[1, 2, 3, 4, 5, 6, 7, 8, 9, 10, 11, 12, 13, 14]","[{""post_id"": 1, ""anonymous_code"": ""사자-8925"", ""post_type"": ""trade_share"", ""title"": ""외인 매도세 속에서도 상승 추세 따라 매수했습니다 (삼성전자)"", ""like_count"": 0, ""unlike_count"": 0, ""score"": 0}, {""post_id"": 2, ""anonymous_code"": ""황소-1620"", ""post_type"": ""trade_share"", ""title"": ""외국인 대량 매도에도 '저평가' 믿고 추가 매수했습니다."", ""like_count"": 0, ""unlike_count"": 0, ""score"": 0}, {""post_id"": 3, ""anonymous_code"": ""돌고래-2979"", ""post_type"": ""trade_share"", ""title"": ""떨어질수록 사들인다는 원칙대로 오늘 추가 매수했습니다."", ""like_count"": 0, ""unlike_count"": 0, ""score"": 0}, {""post_id"": 4, ""anonymous_code"": ""황소-4770"", ""post_type"": ""trade_share"", ""title"": ""외국인 대량 매도 속에서도 개인들의 잔치는 계속되는가? (삼성전자)"", ""like_count"": 0, ""unlike_count"": 0, ""score"": 0}, {""post_id"": 5, ""anonymous_code"": ""곰-8551"", ""post_type"": ""profit_share"", ""title"": ""삼성전자 3% 상승 시 전량 매도 성공! 수익 확정했습니다"", ""like_count"": 0, ""unlike_count"": 0, ""score"": 0}, {""post_id"": 6, ""anonymous_code"": ""황소-4980"", ""post_type"": ""profit_share"", ""title"": ""3% 수익 확정! 차익실현 타이밍이 중요하네요"", ""like_count"": 0, ""unlike_count"": 0, ""score"": 0}, {""post_id"": 7, ""anonymous_code"": ""여우-1683"", ""post_type"": ""trade_share"", ""title"": ""외국인 매도세에도 불구하고, AI 슈퍼사이클 믿고 추가 매수했습니다."", ""like_count"": 0, ""unlike_count"": 0, ""score"": 0}, {""post_id"": 8, ""anonymous_code"": ""독수리-9332"", ""post_type"": ""profit_share"", ""title"": ""목표 수익 10% 도달 전, 3% 오름에 먼저 정리했습니다."", ""like_count"": 0, ""unlike_count"": 0, ""score"": 0}, {""post_id"": 9, ""anonymous_code"": ""황소-6990"", ""post_type"": ""trade_share"", ""title"": ""21 만 원대 매수 완료... 외국인 팔고 개미 산다?"", ""like_count"": 0, ""unlike_count"": 0, ""score"": 0}, {""post_id"": 10, ""anonymous_code"": ""펭귄-5408"", ""post_type"": ""trade_share"", ""title"": ""외국인 팔고 개미 산다? 오늘 삼성전자 매수 완료"", ""like_count"": 0, ""unlike_count"": 0, ""score"": 0}, {""post_id"": 11, ""anonymous_code"": ""독수리-1692"", ""post_type"": ""profit_share"", ""title"": ""삼성전자 3% 차익 실현 완료! (21.65 만원)"", ""like_count"": 0, ""unlike_count"": 0, ""score"": 0}, {""post_id"": 12, ""anonymous_code"": ""독수리-6722"", ""post_type"": ""profit_share"", ""title"": ""과열 구간 뚝! 삼성전자는 팔아야 할 때 판다 (수익 확정)"", ""like_count"": 0, ""unlike_count"": 0, ""score"": 0}, {""post_id"": 13, ""anonymous_code"": ""곰-5671"", ""post_type"": ""trade_share"", ""title"": ""저평가 구간, 조금 더 모았습니다."", ""like_count"": 0, ""unlike_count"": 0, ""score"": 0}, {""post_id"": 14, ""anonymous_code"": ""늑대-3694"", ""post_type"": ""trade_share"", ""title"": ""3% 넘기며 팔았네요. 조금 아쉽지만 원칙은 지켜야죠."", ""like_count"": 0, ""unlike_count"": 0, ""score"": 0}]"
RN_COMM_ON_20260917,2026-02-27,2,A036,2,5,14,"[1, 2, 3, 4, 5, 6, 7, 8, 9, 10, 11, 12, 13, 14]","[{""post_id"": 1, ""anonymous_code"": ""사자-8925"", ""post_type"": ""trade_share"", ""title"": ""외인 매도세 속에서도 상승 추세 따라 매수했습니다 (삼성전자)"", ""like_count"": 0, ""unlike_count"": 0, ""score"": 0}, {""post_id"": 2, ""anonymous_code"": ""황소-1620"", ""post_type"": ""trade_share"", ""title"": ""외국인 대량 매도에도 '저평가' 믿고 추가 매수했습니다."", ""like_count"": 0, ""unlike_count"": 0, ""score"": 0}, {""post_id"": 3, ""anonymous_code"": ""돌고래-2979"", ""post_type"": ""trade_share"", ""title"": ""떨어질수록 사들인다는 원칙대로 오늘 추가 매수했습니다."", ""like_count"": 0, ""unlike_count"": 0, ""score"": 0}, {""post_id"": 4, ""anonymous_code"": ""황소-4770"", ""post_type"": ""trade_share"", ""title"": ""외국인 대량 매도 속에서도 개인들의 잔치는 계속되는가? (삼성전자)"", ""like_count"": 0, ""unlike_count"": 0, ""score"": 0}, {""post_id"": 5, ""anonymous_code"": ""곰-8551"", ""post_type"": ""profit_share"", ""title"": ""삼성전자 3% 상승 시 전량 매도 성공! 수익 확정했습니다"", ""like_count"": 0, ""unlike_count"": 0, ""score"": 0}, {""post_id"": 6, ""anonymous_code"": ""황소-4980"", ""post_type"": ""profit_share"", ""title"": ""3% 수익 확정! 차익실현 타이밍이 중요하네요"", ""like_count"": 0, ""unlike_count"": 0, ""score"": 0}, {""post_id"": 7, ""anonymous_code"": ""여우-1683"", ""post_type"": ""trade_share"", ""title"": ""외국인 매도세에도 불구하고, AI 슈퍼사이클 믿고 추가 매수했습니다."", ""like_count"": 0, ""unlike_count"": 0, ""score"": 0}, {""post_id"": 8, ""anonymous_code"": ""독수리-9332"", ""post_type"": ""profit_share"", ""title"": ""목표 수익 10% 도달 전, 3% 오름에 먼저 정리했습니다."", ""like_count"": 0, ""unlike_count"": 0, ""score"": 0}, {""post_id"": 9, ""anonymous_code"": ""황소-6990"", ""post_type"": ""trade_share"", ""title"": ""21 만 원대 매수 완료... 외국인 팔고 개미 산다?"", ""like_count"": 0, ""unlike_count"": 0, ""score"": 0}, {""post_id"": 10, ""anonymous_code"": ""펭귄-5408"", ""post_type"": ""trade_share"", ""title"": ""외국인 팔고 개미 산다? 오늘 삼성전자 매수 완료"", ""like_count"": 0, ""unlike_count"": 0, ""score"": 0}, {""post_id"": 11, ""anonymous_code"": ""독수리-1692"", ""post_type"": ""profit_share"", ""title"": ""삼성전자 3% 차익 실현 완료! (21.65 만원)"", ""like_count"": 0, ""unlike_count"": 0, ""score"": 0}, {""post_id"": 12, ""anonymous_code"": ""독수리-6722"", ""post_type"": ""profit_share"", ""title"": ""과열 구간 뚝! 삼성전자는 팔아야 할 때 판다 (수익 확정)"", ""like_count"": 0, ""unlike_count"": 0, ""score"": 0}, {""post_id"": 13, ""anonymous_code"": ""곰-5671"", ""post_type"": ""trade_share"", ""title"": ""저평가 구간, 조금 더 모았습니다."", ""like_count"": 0, ""unlike_count"": 0, ""score"": 0}, {""post_id"": 14, ""anonymous_code"": ""늑대-3694"", ""post_type"": ""trade_share"", ""title"": ""3% 넘기며 팔았네요. 조금 아쉽지만 원칙은 지켜야죠."", ""like_count"": 0, ""unlike_count"": 0, ""score"": 0}]"
RN_COMM_ON_20260917,2026-02-27,2,A038,1,5,14,"[1, 2, 3, 4, 5, 6, 7, 8, 9, 10, 11, 12, 13, 14]","[{""post_id"": 1, ""anonymous_code"": ""사자-8925"", ""post_type"": ""trade_share"", ""title"": ""외인 매도세 속에서도 상승 추세 따라 매수했습니다 (삼성전자)"", ""like_count"": 0, ""unlike_count"": 0, ""score"": 0}, {""post_id"": 2, ""anonymous_code"": ""황소-1620"", ""post_type"": ""trade_share"", ""title"": ""외국인 대량 매도에도 '저평가' 믿고 추가 매수했습니다."", ""like_count"": 0, ""unlike_count"": 0, ""score"": 0}, {""post_id"": 3, ""anonymous_code"": ""돌고래-2979"", ""post_type"": ""trade_share"", ""title"": ""떨어질수록 사들인다는 원칙대로 오늘 추가 매수했습니다."", ""like_count"": 0, ""unlike_count"": 0, ""score"": 0}, {""post_id"": 4, ""anonymous_code"": ""황소-4770"", ""post_type"": ""trade_share"", ""title"": ""외국인 대량 매도 속에서도 개인들의 잔치는 계속되는가? (삼성전자)"", ""like_count"": 0, ""unlike_count"": 0, ""score"": 0}, {""post_id"": 5, ""anonymous_code"": ""곰-8551"", ""post_type"": ""profit_share"", ""title"": ""삼성전자 3% 상승 시 전량 매도 성공! 수익 확정했습니다"", ""like_count"": 0, ""unlike_count"": 0, ""score"": 0}, {""post_id"": 6, ""anonymous_code"": ""황소-4980"", ""post_type"": ""profit_share"", ""title"": ""3% 수익 확정! 차익실현 타이밍이 중요하네요"", ""like_count"": 0, ""unlike_count"": 0, ""score"": 0}, {""post_id"": 7, ""anonymous_code"": ""여우-1683"", ""post_type"": ""trade_share"", ""title"": ""외국인 매도세에도 불구하고, AI 슈퍼사이클 믿고 추가 매수했습니다."", ""like_count"": 0, ""unlike_count"": 0, ""score"": 0}, {""post_id"": 8, ""anonymous_code"": ""독수리-9332"", ""post_type"": ""profit_share"", ""title"": ""목표 수익 10% 도달 전, 3% 오름에 먼저 정리했습니다."", ""like_count"": 0, ""unlike_count"": 0, ""score"": 0}, {""post_id"": 9, ""anonymous_code"": ""황소-6990"", ""post_type"": ""trade_share"", ""title"": ""21 만 원대 매수 완료... 외국인 팔고 개미 산다?"", ""like_count"": 0, ""unlike_count"": 0, ""score"": 0}, {""post_id"": 10, ""anonymous_code"": ""펭귄-5408"", ""post_type"": ""trade_share"", ""title"": ""외국인 팔고 개미 산다? 오늘 삼성전자 매수 완료"", ""like_count"": 0, ""unlike_count"": 0, ""score"": 0}, {""post_id"": 11, ""anonymous_code"": ""독수리-1692"", ""post_type"": ""profit_share"", ""title"": ""삼성전자 3% 차익 실현 완료! (21.65 만원)"", ""like_count"": 0, ""unlike_count"": 0, ""score"": 0}, {""post_id"": 12, ""anonymous_code"": ""독수리-6722"", ""post_type"": ""profit_share"", ""title"": ""과열 구간 뚝! 삼성전자는 팔아야 할 때 판다 (수익 확정)"", ""like_count"": 0, ""unlike_count"": 0, ""score"": 0}, {""post_id"": 13, ""anonymous_code"": ""곰-5671"", ""post_type"": ""trade_share"", ""title"": ""저평가 구간, 조금 더 모았습니다."", ""like_count"": 0, ""unlike_count"": 0, ""score"": 0}, {""post_id"": 14, ""anonymous_code"": ""늑대-3694"", ""post_type"": ""trade_share"", ""title"": ""3% 넘기며 팔았네요. 조금 아쉽지만 원칙은 지켜야죠."", ""like_count"": 0, ""unlike_count"": 0, ""score"": 0}]"
RN_COMM_ON_20260917,2026-02-27,2,A040,1,5,14,"[1, 2, 3, 4, 5, 6, 7, 8, 9, 10, 11, 12, 13, 14]","[{""post_id"": 1, ""anonymous_code"": ""사자-8925"", ""post_type"": ""trade_share"", ""title"": ""외인 매도세 속에서도 상승 추세 따라 매수했습니다 (삼성전자)"", ""like_count"": 0, ""unlike_count"": 0, ""score"": 0}, {""post_id"": 2, ""anonymous_code"": ""황소-1620"", ""post_type"": ""trade_share"", ""title"": ""외국인 대량 매도에도 '저평가' 믿고 추가 매수했습니다."", ""like_count"": 0, ""unlike_count"": 0, ""score"": 0}, {""post_id"": 3, ""anonymous_code"": ""돌고래-2979"", ""post_type"": ""trade_share"", ""title"": ""떨어질수록 사들인다는 원칙대로 오늘 추가 매수했습니다."", ""like_count"": 0, ""unlike_count"": 0, ""score"": 0}, {""post_id"": 4, ""anonymous_code"": ""황소-4770"", ""post_type"": ""trade_share"", ""title"": ""외국인 대량 매도 속에서도 개인들의 잔치는 계속되는가? (삼성전자)"", ""like_count"": 0, ""unlike_count"": 0, ""score"": 0}, {""post_id"": 5, ""anonymous_code"": ""곰-8551"", ""post_type"": ""profit_share"", ""title"": ""삼성전자 3% 상승 시 전량 매도 성공! 수익 확정했습니다"", ""like_count"": 0, ""unlike_count"": 0, ""score"": 0}, {""post_id"": 6, ""anonymous_code"": ""황소-4980"", ""post_type"": ""profit_share"", ""title"": ""3% 수익 확정! 차익실현 타이밍이 중요하네요"", ""like_count"": 0, ""unlike_count"": 0, ""score"": 0}, {""post_id"": 7, ""anonymous_code"": ""여우-1683"", ""post_type"": ""trade_share"", ""title"": ""외국인 매도세에도 불구하고, AI 슈퍼사이클 믿고 추가 매수했습니다."", ""like_count"": 0, ""unlike_count"": 0, ""score"": 0}, {""post_id"": 8, ""anonymous_code"": ""독수리-9332"", ""post_type"": ""profit_share"", ""title"": ""목표 수익 10% 도달 전, 3% 오름에 먼저 정리했습니다."", ""like_count"": 0, ""unlike_count"": 0, ""score"": 0}, {""post_id"": 9, ""anonymous_code"": ""황소-6990"", ""post_type"": ""trade_share"", ""title"": ""21 만 원대 매수 완료... 외국인 팔고 개미 산다?"", ""like_count"": 0, ""unlike_count"": 0, ""score"": 0}, {""post_id"": 10, ""anonymous_code"": ""펭귄-5408"", ""post_type"": ""trade_share"", ""title"": ""외국인 팔고 개미 산다? 오늘 삼성전자 매수 완료"", ""like_count"": 0, ""unlike_count"": 0, ""score"": 0}, {""post_id"": 11, ""anonymous_code"": ""독수리-1692"", ""post_type"": ""profit_share"", ""title"": ""삼성전자 3% 차익 실현 완료! (21.65 만원)"", ""like_count"": 0, ""unlike_count"": 0, ""score"": 0}, {""post_id"": 12, ""anonymous_code"": ""독수리-6722"", ""post_type"": ""profit_share"", ""title"": ""과열 구간 뚝! 삼성전자는 팔아야 할 때 판다 (수익 확정)"", ""like_count"": 0, ""unlike_count"": 0, ""score"": 0}, {""post_id"": 13, ""anonymous_code"": ""곰-5671"", ""post_type"": ""trade_share"", ""title"": ""저평가 구간, 조금 더 모았습니다."", ""like_count"": 0, ""unlike_count"": 0, ""score"": 0}, {""post_id"": 14, ""anonymous_code"": ""늑대-3694"", ""post_type"": ""trade_share"", ""title"": ""3% 넘기며 팔았네요. 조금 아쉽지만 원칙은 지켜야죠."", ""like_count"": 0, ""unlike_count"": 0, ""score"": 0}]"
RN_COMM_ON_20260917,2026-02-27,2,A042,1,5,14,"[1, 2, 3, 4, 5, 6, 7, 8, 9, 10, 11, 12, 13, 14]","[{""post_id"": 1, ""anonymous_code"": ""사자-8925"", ""post_type"": ""trade_share"", ""title"": ""외인 매도세 속에서도 상승 추세 따라 매수했습니다 (삼성전자)"", ""like_count"": 0, ""unlike_count"": 0, ""score"": 0}, {""post_id"": 2, ""anonymous_code"": ""황소-1620"", ""post_type"": ""trade_share"", ""title"": ""외국인 대량 매도에도 '저평가' 믿고 추가 매수했습니다."", ""like_count"": 0, ""unlike_count"": 0, ""score"": 0}, {""post_id"": 3, ""anonymous_code"": ""돌고래-2979"", ""post_type"": ""trade_share"", ""title"": ""떨어질수록 사들인다는 원칙대로 오늘 추가 매수했습니다."", ""like_count"": 0, ""unlike_count"": 0, ""score"": 0}, {""post_id"": 4, ""anonymous_code"": ""황소-4770"", ""post_type"": ""trade_share"", ""title"": ""외국인 대량 매도 속에서도 개인들의 잔치는 계속되는가? (삼성전자)"", ""like_count"": 0, ""unlike_count"": 0, ""score"": 0}, {""post_id"": 5, ""anonymous_code"": ""곰-8551"", ""post_type"": ""profit_share"", ""title"": ""삼성전자 3% 상승 시 전량 매도 성공! 수익 확정했습니다"", ""like_count"": 0, ""unlike_count"": 0, ""score"": 0}, {""post_id"": 6, ""anonymous_code"": ""황소-4980"", ""post_type"": ""profit_share"", ""title"": ""3% 수익 확정! 차익실현 타이밍이 중요하네요"", ""like_count"": 0, ""unlike_count"": 0, ""score"": 0}, {""post_id"": 7, ""anonymous_code"": ""여우-1683"", ""post_type"": ""trade_share"", ""title"": ""외국인 매도세에도 불구하고, AI 슈퍼사이클 믿고 추가 매수했습니다."", ""like_count"": 0, ""unlike_count"": 0, ""score"": 0}, {""post_id"": 8, ""anonymous_code"": ""독수리-9332"", ""post_type"": ""profit_share"", ""title"": ""목표 수익 10% 도달 전, 3% 오름에 먼저 정리했습니다."", ""like_count"": 0, ""unlike_count"": 0, ""score"": 0}, {""post_id"": 9, ""anonymous_code"": ""황소-6990"", ""post_type"": ""trade_share"", ""title"": ""21 만 원대 매수 완료... 외국인 팔고 개미 산다?"", ""like_count"": 0, ""unlike_count"": 0, ""score"": 0}, {""post_id"": 10, ""anonymous_code"": ""펭귄-5408"", ""post_type"": ""trade_share"", ""title"": ""외국인 팔고 개미 산다? 오늘 삼성전자 매수 완료"", ""like_count"": 0, ""unlike_count"": 0, ""score"": 0}, {""post_id"": 11, ""anonymous_code"": ""독수리-1692"", ""post_type"": ""profit_share"", ""title"": ""삼성전자 3% 차익 실현 완료! (21.65 만원)"", ""like_count"": 0, ""unlike_count"": 0, ""score"": 0}, {""post_id"": 12, ""anonymous_code"": ""독수리-6722"", ""post_type"": ""profit_share"", ""title"": ""과열 구간 뚝! 삼성전자는 팔아야 할 때 판다 (수익 확정)"", ""like_count"": 0, ""unlike_count"": 0, ""score"": 0}, {""post_id"": 13, ""anonymous_code"": ""곰-5671"", ""post_type"": ""trade_share"", ""title"": ""저평가 구간, 조금 더 모았습니다."", ""like_count"": 0, ""unlike_count"": 0, ""score"": 0}, {""post_id"": 14, ""anonymous_code"": ""늑대-3694"", ""post_type"": ""trade_share"", ""title"": ""3% 넘기며 팔았네요. 조금 아쉽지만 원칙은 지켜야죠."", ""like_count"": 0, ""unlike_count"": 0, ""score"": 0}]"
RN_COMM_ON_20260917,2026-02-27,2,A041,1,5,14,"[1, 2, 3, 4, 5, 6, 7, 8, 9, 10, 11, 12, 13, 14]","[{""post_id"": 1, ""anonymous_code"": ""사자-8925"", ""post_type"": ""trade_share"", ""title"": ""외인 매도세 속에서도 상승 추세 따라 매수했습니다 (삼성전자)"", ""like_count"": 0, ""unlike_count"": 0, ""score"": 0}, {""post_id"": 2, ""anonymous_code"": ""황소-1620"", ""post_type"": ""trade_share"", ""title"": ""외국인 대량 매도에도 '저평가' 믿고 추가 매수했습니다."", ""like_count"": 0, ""unlike_count"": 0, ""score"": 0}, {""post_id"": 3, ""anonymous_code"": ""돌고래-2979"", ""post_type"": ""trade_share"", ""title"": ""떨어질수록 사들인다는 원칙대로 오늘 추가 매수했습니다."", ""like_count"": 0, ""unlike_count"": 0, ""score"": 0}, {""post_id"": 4, ""anonymous_code"": ""황소-4770"", ""post_type"": ""trade_share"", ""title"": ""외국인 대량 매도 속에서도 개인들의 잔치는 계속되는가? (삼성전자)"", ""like_count"": 0, ""unlike_count"": 0, ""score"": 0}, {""post_id"": 5, ""anonymous_code"": ""곰-8551"", ""post_type"": ""profit_share"", ""title"": ""삼성전자 3% 상승 시 전량 매도 성공! 수익 확정했습니다"", ""like_count"": 0, ""unlike_count"": 0, ""score"": 0}, {""post_id"": 6, ""anonymous_code"": ""황소-4980"", ""post_type"": ""profit_share"", ""title"": ""3% 수익 확정! 차익실현 타이밍이 중요하네요"", ""like_count"": 0, ""unlike_count"": 0, ""score"": 0}, {""post_id"": 7, ""anonymous_code"": ""여우-1683"", ""post_type"": ""trade_share"", ""title"": ""외국인 매도세에도 불구하고, AI 슈퍼사이클 믿고 추가 매수했습니다."", ""like_count"": 0, ""unlike_count"": 0, ""score"": 0}, {""post_id"": 8, ""anonymous_code"": ""독수리-9332"", ""post_type"": ""profit_share"", ""title"": ""목표 수익 10% 도달 전, 3% 오름에 먼저 정리했습니다."", ""like_count"": 0, ""unlike_count"": 0, ""score"": 0}, {""post_id"": 9, ""anonymous_code"": ""황소-6990"", ""post_type"": ""trade_share"", ""title"": ""21 만 원대 매수 완료... 외국인 팔고 개미 산다?"", ""like_count"": 0, ""unlike_count"": 0, ""score"": 0}, {""post_id"": 10, ""anonymous_code"": ""펭귄-5408"", ""post_type"": ""trade_share"", ""title"": ""외국인 팔고 개미 산다? 오늘 삼성전자 매수 완료"", ""like_count"": 0, ""unlike_count"": 0, ""score"": 0}, {""post_id"": 11, ""anonymous_code"": ""독수리-1692"", ""post_type"": ""profit_share"", ""title"": ""삼성전자 3% 차익 실현 완료! (21.65 만원)"", ""like_count"": 0, ""unlike_count"": 0, ""score"": 0}, {""post_id"": 12, ""anonymous_code"": ""독수리-6722"", ""post_type"": ""profit_share"", ""title"": ""과열 구간 뚝! 삼성전자는 팔아야 할 때 판다 (수익 확정)"", ""like_count"": 0, ""unlike_count"": 0, ""score"": 0}, {""post_id"": 13, ""anonymous_code"": ""곰-5671"", ""post_type"": ""trade_share"", ""title"": ""저평가 구간, 조금 더 모았습니다."", ""like_count"": 0, ""unlike_count"": 0, ""score"": 0}, {""post_id"": 14, ""anonymous_code"": ""늑대-3694"", ""post_type"": ""trade_share"", ""title"": ""3% 넘기며 팔았네요. 조금 아쉽지만 원칙은 지켜야죠."", ""like_count"": 0, ""unlike_count"": 0, ""score"": 0}]"
RN_COMM_ON_20260917,2026-02-27,2,A044,1,5,13,"[1, 2, 3, 5, 6, 7, 8, 9, 10, 11, 12, 13, 14]","[{""post_id"": 1, ""anonymous_code"": ""사자-8925"", ""post_type"": ""trade_share"", ""title"": ""외인 매도세 속에서도 상승 추세 따라 매수했습니다 (삼성전자)"", ""like_count"": 0, ""unlike_count"": 0, ""score"": 0}, {""post_id"": 2, ""anonymous_code"": ""황소-1620"", ""post_type"": ""trade_share"", ""title"": ""외국인 대량 매도에도 '저평가' 믿고 추가 매수했습니다."", ""like_count"": 0, ""unlike_count"": 0, ""score"": 0}, {""post_id"": 3, ""anonymous_code"": ""돌고래-2979"", ""post_type"": ""trade_share"", ""title"": ""떨어질수록 사들인다는 원칙대로 오늘 추가 매수했습니다."", ""like_count"": 0, ""unlike_count"": 0, ""score"": 0}, {""post_id"": 5, ""anonymous_code"": ""곰-8551"", ""post_type"": ""profit_share"", ""title"": ""삼성전자 3% 상승 시 전량 매도 성공! 수익 확정했습니다"", ""like_count"": 0, ""unlike_count"": 0, ""score"": 0}, {""post_id"": 6, ""anonymous_code"": ""황소-4980"", ""post_type"": ""profit_share"", ""title"": ""3% 수익 확정! 차익실현 타이밍이 중요하네요"", ""like_count"": 0, ""unlike_count"": 0, ""score"": 0}, {""post_id"": 7, ""anonymous_code"": ""여우-1683"", ""post_type"": ""trade_share"", ""title"": ""외국인 매도세에도 불구하고, AI 슈퍼사이클 믿고 추가 매수했습니다."", ""like_count"": 0, ""unlike_count"": 0, ""score"": 0}, {""post_id"": 8, ""anonymous_code"": ""독수리-9332"", ""post_type"": ""profit_share"", ""title"": ""목표 수익 10% 도달 전, 3% 오름에 먼저 정리했습니다."", ""like_count"": 0, ""unlike_count"": 0, ""score"": 0}, {""post_id"": 9, ""anonymous_code"": ""황소-6990"", ""post_type"": ""trade_share"", ""title"": ""21 만 원대 매수 완료... 외국인 팔고 개미 산다?"", ""like_count"": 0, ""unlike_count"": 0, ""score"": 0}, {""post_id"": 10, ""anonymous_code"": ""펭귄-5408"", ""post_type"": ""trade_share"", ""title"": ""외국인 팔고 개미 산다? 오늘 삼성전자 매수 완료"", ""like_count"": 0, ""unlike_count"": 0, ""score"": 0}, {""post_id"": 11, ""anonymous_code"": ""독수리-1692"", ""post_type"": ""profit_share"", ""title"": ""삼성전자 3% 차익 실현 완료! (21.65 만원)"", ""like_count"": 0, ""unlike_count"": 0, ""score"": 0}, {""post_id"": 12, ""anonymous_code"": ""독수리-6722"", ""post_type"": ""profit_share"", ""title"": ""과열 구간 뚝! 삼성전자는 팔아야 할 때 판다 (수익 확정)"", ""like_count"": 0, ""unlike_count"": 0, ""score"": 0}, {""post_id"": 13, ""anonymous_code"": ""곰-5671"", ""post_type"": ""trade_share"", ""title"": ""저평가 구간, 조금 더 모았습니다."", ""like_count"": 0, ""unlike_count"": 0, ""score"": 0}, {""post_id"": 14, ""anonymous_code"": ""늑대-3694"", ""post_type"": ""trade_share"", ""title"": ""3% 넘기며 팔았네요. 조금 아쉽지만 원칙은 지켜야죠."", ""like_count"": 0, ""unlike_count"": 0, ""score"": 0}]"
RN_COMM_ON_20260917,2026-02-27,2,A045,1,5,14,"[1, 2, 3, 4, 5, 6, 7, 8, 9, 10, 11, 12, 13, 14]","[{""post_id"": 1, ""anonymous_code"": ""사자-8925"", ""post_type"": ""trade_share"", ""title"": ""외인 매도세 속에서도 상승 추세 따라 매수했습니다 (삼성전자)"", ""like_count"": 0, ""unlike_count"": 0, ""score"": 0}, {""post_id"": 2, ""anonymous_code"": ""황소-1620"", ""post_type"": ""trade_share"", ""title"": ""외국인 대량 매도에도 '저평가' 믿고 추가 매수했습니다."", ""like_count"": 0, ""unlike_count"": 0, ""score"": 0}, {""post_id"": 3, ""anonymous_code"": ""돌고래-2979"", ""post_type"": ""trade_share"", ""title"": ""떨어질수록 사들인다는 원칙대로 오늘 추가 매수했습니다."", ""like_count"": 0, ""unlike_count"": 0, ""score"": 0}, {""post_id"": 4, ""anonymous_code"": ""황소-4770"", ""post_type"": ""trade_share"", ""title"": ""외국인 대량 매도 속에서도 개인들의 잔치는 계속되는가? (삼성전자)"", ""like_count"": 0, ""unlike_count"": 0, ""score"": 0}, {""post_id"": 5, ""anonymous_code"": ""곰-8551"", ""post_type"": ""profit_share"", ""title"": ""삼성전자 3% 상승 시 전량 매도 성공! 수익 확정했습니다"", ""like_count"": 0, ""unlike_count"": 0, ""score"": 0}, {""post_id"": 6, ""anonymous_code"": ""황소-4980"", ""post_type"": ""profit_share"", ""title"": ""3% 수익 확정! 차익실현 타이밍이 중요하네요"", ""like_count"": 0, ""unlike_count"": 0, ""score"": 0}, {""post_id"": 7, ""anonymous_code"": ""여우-1683"", ""post_type"": ""trade_share"", ""title"": ""외국인 매도세에도 불구하고, AI 슈퍼사이클 믿고 추가 매수했습니다."", ""like_count"": 0, ""unlike_count"": 0, ""score"": 0}, {""post_id"": 8, ""anonymous_code"": ""독수리-9332"", ""post_type"": ""profit_share"", ""title"": ""목표 수익 10% 도달 전, 3% 오름에 먼저 정리했습니다."", ""like_count"": 0, ""unlike_count"": 0, ""score"": 0}, {""post_id"": 9, ""anonymous_code"": ""황소-6990"", ""post_type"": ""trade_share"", ""title"": ""21 만 원대 매수 완료... 외국인 팔고 개미 산다?"", ""like_count"": 0, ""unlike_count"": 0, ""score"": 0}, {""post_id"": 10, ""anonymous_code"": ""펭귄-5408"", ""post_type"": ""trade_share"", ""title"": ""외국인 팔고 개미 산다? 오늘 삼성전자 매수 완료"", ""like_count"": 0, ""unlike_count"": 0, ""score"": 0}, {""post_id"": 11, ""anonymous_code"": ""독수리-1692"", ""post_type"": ""profit_share"", ""title"": ""삼성전자 3% 차익 실현 완료! (21.65 만원)"", ""like_count"": 0, ""unlike_count"": 0, ""score"": 0}, {""post_id"": 12, ""anonymous_code"": ""독수리-6722"", ""post_type"": ""profit_share"", ""title"": ""과열 구간 뚝! 삼성전자는 팔아야 할 때 판다 (수익 확정)"", ""like_count"": 0, ""unlike_count"": 0, ""score"": 0}, {""post_id"": 13, ""anonymous_code"": ""곰-5671"", ""post_type"": ""trade_share"", ""title"": ""저평가 구간, 조금 더 모았습니다."", ""like_count"": 0, ""unlike_count"": 0, ""score"": 0}, {""post_id"": 14, ""anonymous_code"": ""늑대-3694"", ""post_type"": ""trade_share"", ""title"": ""3% 넘기며 팔았네요. 조금 아쉽지만 원칙은 지켜야죠."", ""like_count"": 0, ""unlike_count"": 0, ""score"": 0}]"
RN_COMM_ON_20260917,2026-02-27,2,A046,1,5,13,"[1, 2, 3, 4, 6, 7, 8, 9, 10, 11, 12, 13, 14]","[{""post_id"": 1, ""anonymous_code"": ""사자-8925"", ""post_type"": ""trade_share"", ""title"": ""외인 매도세 속에서도 상승 추세 따라 매수했습니다 (삼성전자)"", ""like_count"": 0, ""unlike_count"": 0, ""score"": 0}, {""post_id"": 2, ""anonymous_code"": ""황소-1620"", ""post_type"": ""trade_share"", ""title"": ""외국인 대량 매도에도 '저평가' 믿고 추가 매수했습니다."", ""like_count"": 0, ""unlike_count"": 0, ""score"": 0}, {""post_id"": 3, ""anonymous_code"": ""돌고래-2979"", ""post_type"": ""trade_share"", ""title"": ""떨어질수록 사들인다는 원칙대로 오늘 추가 매수했습니다."", ""like_count"": 0, ""unlike_count"": 0, ""score"": 0}, {""post_id"": 4, ""anonymous_code"": ""황소-4770"", ""post_type"": ""trade_share"", ""title"": ""외국인 대량 매도 속에서도 개인들의 잔치는 계속되는가? (삼성전자)"", ""like_count"": 0, ""unlike_count"": 0, ""score"": 0}, {""post_id"": 6, ""anonymous_code"": ""황소-4980"", ""post_type"": ""profit_share"", ""title"": ""3% 수익 확정! 차익실현 타이밍이 중요하네요"", ""like_count"": 0, ""unlike_count"": 0, ""score"": 0}, {""post_id"": 7, ""anonymous_code"": ""여우-1683"", ""post_type"": ""trade_share"", ""title"": ""외국인 매도세에도 불구하고, AI 슈퍼사이클 믿고 추가 매수했습니다."", ""like_count"": 0, ""unlike_count"": 0, ""score"": 0}, {""post_id"": 8, ""anonymous_code"": ""독수리-9332"", ""post_type"": ""profit_share"", ""title"": ""목표 수익 10% 도달 전, 3% 오름에 먼저 정리했습니다."", ""like_count"": 0, ""unlike_count"": 0, ""score"": 0}, {""post_id"": 9, ""anonymous_code"": ""황소-6990"", ""post_type"": ""trade_share"", ""title"": ""21 만 원대 매수 완료... 외국인 팔고 개미 산다?"", ""like_count"": 0, ""unlike_count"": 0, ""score"": 0}, {""post_id"": 10, ""anonymous_code"": ""펭귄-5408"", ""post_type"": ""trade_share"", ""title"": ""외국인 팔고 개미 산다? 오늘 삼성전자 매수 완료"", ""like_count"": 0, ""unlike_count"": 0, ""score"": 0}, {""post_id"": 11, ""anonymous_code"": ""독수리-1692"", ""post_type"": ""profit_share"", ""title"": ""삼성전자 3% 차익 실현 완료! (21.65 만원)"", ""like_count"": 0, ""unlike_count"": 0, ""score"": 0}, {""post_id"": 12, ""anonymous_code"": ""독수리-6722"", ""post_type"": ""profit_share"", ""title"": ""과열 구간 뚝! 삼성전자는 팔아야 할 때 판다 (수익 확정)"", ""like_count"": 0, ""unlike_count"": 0, ""score"": 0}, {""post_id"": 13, ""anonymous_code"": ""곰-5671"", ""post_type"": ""trade_share"", ""title"": ""저평가 구간, 조금 더 모았습니다."", ""like_count"": 0, ""unlike_count"": 0, ""score"": 0}, {""post_id"": 14, ""anonymous_code"": ""늑대-3694"", ""post_type"": ""trade_share"", ""title"": ""3% 넘기며 팔았네요. 조금 아쉽지만 원칙은 지켜야죠."", ""like_count"": 0, ""unlike_count"": 0, ""score"": 0}]"
RN_COMM_ON_20260917,2026-02-27,2,A047,1,5,14,"[1, 2, 3, 4, 5, 6, 7, 8, 9, 10, 11, 12, 13, 14]","[{""post_id"": 1, ""anonymous_code"": ""사자-8925"", ""post_type"": ""trade_share"", ""title"": ""외인 매도세 속에서도 상승 추세 따라 매수했습니다 (삼성전자)"", ""like_count"": 0, ""unlike_count"": 0, ""score"": 0}, {""post_id"": 2, ""anonymous_code"": ""황소-1620"", ""post_type"": ""trade_share"", ""title"": ""외국인 대량 매도에도 '저평가' 믿고 추가 매수했습니다."", ""like_count"": 0, ""unlike_count"": 0, ""score"": 0}, {""post_id"": 3, ""anonymous_code"": ""돌고래-2979"", ""post_type"": ""trade_share"", ""title"": ""떨어질수록 사들인다는 원칙대로 오늘 추가 매수했습니다."", ""like_count"": 0, ""unlike_count"": 0, ""score"": 0}, {""post_id"": 4, ""anonymous_code"": ""황소-4770"", ""post_type"": ""trade_share"", ""title"": ""외국인 대량 매도 속에서도 개인들의 잔치는 계속되는가? (삼성전자)"", ""like_count"": 0, ""unlike_count"": 0, ""score"": 0}, {""post_id"": 5, ""anonymous_code"": ""곰-8551"", ""post_type"": ""profit_share"", ""title"": ""삼성전자 3% 상승 시 전량 매도 성공! 수익 확정했습니다"", ""like_count"": 0, ""unlike_count"": 0, ""score"": 0}, {""post_id"": 6, ""anonymous_code"": ""황소-4980"", ""post_type"": ""profit_share"", ""title"": ""3% 수익 확정! 차익실현 타이밍이 중요하네요"", ""like_count"": 0, ""unlike_count"": 0, ""score"": 0}, {""post_id"": 7, ""anonymous_code"": ""여우-1683"", ""post_type"": ""trade_share"", ""title"": ""외국인 매도세에도 불구하고, AI 슈퍼사이클 믿고 추가 매수했습니다."", ""like_count"": 0, ""unlike_count"": 0, ""score"": 0}, {""post_id"": 8, ""anonymous_code"": ""독수리-9332"", ""post_type"": ""profit_share"", ""title"": ""목표 수익 10% 도달 전, 3% 오름에 먼저 정리했습니다."", ""like_count"": 0, ""unlike_count"": 0, ""score"": 0}, {""post_id"": 9, ""anonymous_code"": ""황소-6990"", ""post_type"": ""trade_share"", ""title"": ""21 만 원대 매수 완료... 외국인 팔고 개미 산다?"", ""like_count"": 0, ""unlike_count"": 0, ""score"": 0}, {""post_id"": 10, ""anonymous_code"": ""펭귄-5408"", ""post_type"": ""trade_share"", ""title"": ""외국인 팔고 개미 산다? 오늘 삼성전자 매수 완료"", ""like_count"": 0, ""unlike_count"": 0, ""score"": 0}, {""post_id"": 11, ""anonymous_code"": ""독수리-1692"", ""post_type"": ""profit_share"", ""title"": ""삼성전자 3% 차익 실현 완료! (21.65 만원)"", ""like_count"": 0, ""unlike_count"": 0, ""score"": 0}, {""post_id"": 12, ""anonymous_code"": ""독수리-6722"", ""post_type"": ""profit_share"", ""title"": ""과열 구간 뚝! 삼성전자는 팔아야 할 때 판다 (수익 확정)"", ""like_count"": 0, ""unlike_count"": 0, ""score"": 0}, {""post_id"": 13, ""anonymous_code"": ""곰-5671"", ""post_type"": ""trade_share"", ""title"": ""저평가 구간, 조금 더 모았습니다."", ""like_count"": 0, ""unlike_count"": 0, ""score"": 0}, {""post_id"": 14, ""anonymous_code"": ""늑대-3694"", ""post_type"": ""trade_share"", ""title"": ""3% 넘기며 팔았네요. 조금 아쉽지만 원칙은 지켜야죠."", ""like_count"": 0, ""unlike_count"": 0, ""score"": 0}]"
RN_COMM_ON_20260917,2026-02-27,2,A050,1,5,14,"[1, 2, 3, 4, 5, 6, 7, 8, 9, 10, 11, 12, 13, 14]","[{""post_id"": 1, ""anonymous_code"": ""사자-8925"", ""post_type"": ""trade_share"", ""title"": ""외인 매도세 속에서도 상승 추세 따라 매수했습니다 (삼성전자)"", ""like_count"": 0, ""unlike_count"": 0, ""score"": 0}, {""post_id"": 2, ""anonymous_code"": ""황소-1620"", ""post_type"": ""trade_share"", ""title"": ""외국인 대량 매도에도 '저평가' 믿고 추가 매수했습니다."", ""like_count"": 0, ""unlike_count"": 0, ""score"": 0}, {""post_id"": 3, ""anonymous_code"": ""돌고래-2979"", ""post_type"": ""trade_share"", ""title"": ""떨어질수록 사들인다는 원칙대로 오늘 추가 매수했습니다."", ""like_count"": 0, ""unlike_count"": 0, ""score"": 0}, {""post_id"": 4, ""anonymous_code"": ""황소-4770"", ""post_type"": ""trade_share"", ""title"": ""외국인 대량 매도 속에서도 개인들의 잔치는 계속되는가? (삼성전자)"", ""like_count"": 0, ""unlike_count"": 0, ""score"": 0}, {""post_id"": 5, ""anonymous_code"": ""곰-8551"", ""post_type"": ""profit_share"", ""title"": ""삼성전자 3% 상승 시 전량 매도 성공! 수익 확정했습니다"", ""like_count"": 0, ""unlike_count"": 0, ""score"": 0}, {""post_id"": 6, ""anonymous_code"": ""황소-4980"", ""post_type"": ""profit_share"", ""title"": ""3% 수익 확정! 차익실현 타이밍이 중요하네요"", ""like_count"": 0, ""unlike_count"": 0, ""score"": 0}, {""post_id"": 7, ""anonymous_code"": ""여우-1683"", ""post_type"": ""trade_share"", ""title"": ""외국인 매도세에도 불구하고, AI 슈퍼사이클 믿고 추가 매수했습니다."", ""like_count"": 0, ""unlike_count"": 0, ""score"": 0}, {""post_id"": 8, ""anonymous_code"": ""독수리-9332"", ""post_type"": ""profit_share"", ""title"": ""목표 수익 10% 도달 전, 3% 오름에 먼저 정리했습니다."", ""like_count"": 0, ""unlike_count"": 0, ""score"": 0}, {""post_id"": 9, ""anonymous_code"": ""황소-6990"", ""post_type"": ""trade_share"", ""title"": ""21 만 원대 매수 완료... 외국인 팔고 개미 산다?"", ""like_count"": 0, ""unlike_count"": 0, ""score"": 0}, {""post_id"": 10, ""anonymous_code"": ""펭귄-5408"", ""post_type"": ""trade_share"", ""title"": ""외국인 팔고 개미 산다? 오늘 삼성전자 매수 완료"", ""like_count"": 0, ""unlike_count"": 0, ""score"": 0}, {""post_id"": 11, ""anonymous_code"": ""독수리-1692"", ""post_type"": ""profit_share"", ""title"": ""삼성전자 3% 차익 실현 완료! (21.65 만원)"", ""like_count"": 0, ""unlike_count"": 0, ""score"": 0}, {""post_id"": 12, ""anonymous_code"": ""독수리-6722"", ""post_type"": ""profit_share"", ""title"": ""과열 구간 뚝! 삼성전자는 팔아야 할 때 판다 (수익 확정)"", ""like_count"": 0, ""unlike_count"": 0, ""score"": 0}, {""post_id"": 13, ""anonymous_code"": ""곰-5671"", ""post_type"": ""trade_share"", ""title"": ""저평가 구간, 조금 더 모았습니다."", ""like_count"": 0, ""unlike_count"": 0, ""score"": 0}, {""post_id"": 14, ""anonymous_code"": ""늑대-3694"", ""post_type"": ""trade_share"", ""title"": ""3% 넘기며 팔았네요. 조금 아쉽지만 원칙은 지켜야죠."", ""like_count"": 0, ""unlike_count"": 0, ""score"": 0}]"
RN_COMM_ON_20260917,2026-02-27,2,A051,1,5,14,"[1, 2, 3, 4, 5, 6, 7, 8, 9, 10, 11, 12, 13, 14]","[{""post_id"": 1, ""anonymous_code"": ""사자-8925"", ""post_type"": ""trade_share"", ""title"": ""외인 매도세 속에서도 상승 추세 따라 매수했습니다 (삼성전자)"", ""like_count"": 0, ""unlike_count"": 0, ""score"": 0}, {""post_id"": 2, ""anonymous_code"": ""황소-1620"", ""post_type"": ""trade_share"", ""title"": ""외국인 대량 매도에도 '저평가' 믿고 추가 매수했습니다."", ""like_count"": 0, ""unlike_count"": 0, ""score"": 0}, {""post_id"": 3, ""anonymous_code"": ""돌고래-2979"", ""post_type"": ""trade_share"", ""title"": ""떨어질수록 사들인다는 원칙대로 오늘 추가 매수했습니다."", ""like_count"": 0, ""unlike_count"": 0, ""score"": 0}, {""post_id"": 4, ""anonymous_code"": ""황소-4770"", ""post_type"": ""trade_share"", ""title"": ""외국인 대량 매도 속에서도 개인들의 잔치는 계속되는가? (삼성전자)"", ""like_count"": 0, ""unlike_count"": 0, ""score"": 0}, {""post_id"": 5, ""anonymous_code"": ""곰-8551"", ""post_type"": ""profit_share"", ""title"": ""삼성전자 3% 상승 시 전량 매도 성공! 수익 확정했습니다"", ""like_count"": 0, ""unlike_count"": 0, ""score"": 0}, {""post_id"": 6, ""anonymous_code"": ""황소-4980"", ""post_type"": ""profit_share"", ""title"": ""3% 수익 확정! 차익실현 타이밍이 중요하네요"", ""like_count"": 0, ""unlike_count"": 0, ""score"": 0}, {""post_id"": 7, ""anonymous_code"": ""여우-1683"", ""post_type"": ""trade_share"", ""title"": ""외국인 매도세에도 불구하고, AI 슈퍼사이클 믿고 추가 매수했습니다."", ""like_count"": 0, ""unlike_count"": 0, ""score"": 0}, {""post_id"": 8, ""anonymous_code"": ""독수리-9332"", ""post_type"": ""profit_share"", ""title"": ""목표 수익 10% 도달 전, 3% 오름에 먼저 정리했습니다."", ""like_count"": 0, ""unlike_count"": 0, ""score"": 0}, {""post_id"": 9, ""anonymous_code"": ""황소-6990"", ""post_type"": ""trade_share"", ""title"": ""21 만 원대 매수 완료... 외국인 팔고 개미 산다?"", ""like_count"": 0, ""unlike_count"": 0, ""score"": 0}, {""post_id"": 10, ""anonymous_code"": ""펭귄-5408"", ""post_type"": ""trade_share"", ""title"": ""외국인 팔고 개미 산다? 오늘 삼성전자 매수 완료"", ""like_count"": 0, ""unlike_count"": 0, ""score"": 0}, {""post_id"": 11, ""anonymous_code"": ""독수리-1692"", ""post_type"": ""profit_share"", ""title"": ""삼성전자 3% 차익 실현 완료! (21.65 만원)"", ""like_count"": 0, ""unlike_count"": 0, ""score"": 0}, {""post_id"": 12, ""anonymous_code"": ""독수리-6722"", ""post_type"": ""profit_share"", ""title"": ""과열 구간 뚝! 삼성전자는 팔아야 할 때 판다 (수익 확정)"", ""like_count"": 0, ""unlike_count"": 0, ""score"": 0}, {""post_id"": 13, ""anonymous_code"": ""곰-5671"", ""post_type"": ""trade_share"", ""title"": ""저평가 구간, 조금 더 모았습니다."", ""like_count"": 0, ""unlike_count"": 0, ""score"": 0}, {""post_id"": 14, ""anonymous_code"": ""늑대-3694"", ""post_type"": ""trade_share"", ""title"": ""3% 넘기며 팔았네요. 조금 아쉽지만 원칙은 지켜야죠."", ""like_count"": 0, ""unlike_count"": 0, ""score"": 0}]"
RN_COMM_ON_20260917,2026-02-27,2,A053,2,5,14,"[1, 2, 3, 4, 5, 6, 7, 8, 9, 10, 11, 12, 13, 14]","[{""post_id"": 1, ""anonymous_code"": ""사자-8925"", ""post_type"": ""trade_share"", ""title"": ""외인 매도세 속에서도 상승 추세 따라 매수했습니다 (삼성전자)"", ""like_count"": 0, ""unlike_count"": 0, ""score"": 0}, {""post_id"": 2, ""anonymous_code"": ""황소-1620"", ""post_type"": ""trade_share"", ""title"": ""외국인 대량 매도에도 '저평가' 믿고 추가 매수했습니다."", ""like_count"": 0, ""unlike_count"": 0, ""score"": 0}, {""post_id"": 3, ""anonymous_code"": ""돌고래-2979"", ""post_type"": ""trade_share"", ""title"": ""떨어질수록 사들인다는 원칙대로 오늘 추가 매수했습니다."", ""like_count"": 0, ""unlike_count"": 0, ""score"": 0}, {""post_id"": 4, ""anonymous_code"": ""황소-4770"", ""post_type"": ""trade_share"", ""title"": ""외국인 대량 매도 속에서도 개인들의 잔치는 계속되는가? (삼성전자)"", ""like_count"": 0, ""unlike_count"": 0, ""score"": 0}, {""post_id"": 5, ""anonymous_code"": ""곰-8551"", ""post_type"": ""profit_share"", ""title"": ""삼성전자 3% 상승 시 전량 매도 성공! 수익 확정했습니다"", ""like_count"": 0, ""unlike_count"": 0, ""score"": 0}, {""post_id"": 6, ""anonymous_code"": ""황소-4980"", ""post_type"": ""profit_share"", ""title"": ""3% 수익 확정! 차익실현 타이밍이 중요하네요"", ""like_count"": 0, ""unlike_count"": 0, ""score"": 0}, {""post_id"": 7, ""anonymous_code"": ""여우-1683"", ""post_type"": ""trade_share"", ""title"": ""외국인 매도세에도 불구하고, AI 슈퍼사이클 믿고 추가 매수했습니다."", ""like_count"": 0, ""unlike_count"": 0, ""score"": 0}, {""post_id"": 8, ""anonymous_code"": ""독수리-9332"", ""post_type"": ""profit_share"", ""title"": ""목표 수익 10% 도달 전, 3% 오름에 먼저 정리했습니다."", ""like_count"": 0, ""unlike_count"": 0, ""score"": 0}, {""post_id"": 9, ""anonymous_code"": ""황소-6990"", ""post_type"": ""trade_share"", ""title"": ""21 만 원대 매수 완료... 외국인 팔고 개미 산다?"", ""like_count"": 0, ""unlike_count"": 0, ""score"": 0}, {""post_id"": 10, ""anonymous_code"": ""펭귄-5408"", ""post_type"": ""trade_share"", ""title"": ""외국인 팔고 개미 산다? 오늘 삼성전자 매수 완료"", ""like_count"": 0, ""unlike_count"": 0, ""score"": 0}, {""post_id"": 11, ""anonymous_code"": ""독수리-1692"", ""post_type"": ""profit_share"", ""title"": ""삼성전자 3% 차익 실현 완료! (21.65 만원)"", ""like_count"": 0, ""unlike_count"": 0, ""score"": 0}, {""post_id"": 12, ""anonymous_code"": ""독수리-6722"", ""post_type"": ""profit_share"", ""title"": ""과열 구간 뚝! 삼성전자는 팔아야 할 때 판다 (수익 확정)"", ""like_count"": 0, ""unlike_count"": 0, ""score"": 0}, {""post_id"": 13, ""anonymous_code"": ""곰-5671"", ""post_type"": ""trade_share"", ""title"": ""저평가 구간, 조금 더 모았습니다."", ""like_count"": 0, ""unlike_count"": 0, ""score"": 0}, {""post_id"": 14, ""anonymous_code"": ""늑대-3694"", ""post_type"": ""trade_share"", ""title"": ""3% 넘기며 팔았네요. 조금 아쉽지만 원칙은 지켜야죠."", ""like_count"": 0, ""unlike_count"": 0, ""score"": 0}]"
RN_COMM_ON_20260917,2026-02-27,2,A055,2,5,13,"[1, 2, 3, 4, 5, 7, 8, 9, 10, 11, 12, 13, 14]","[{""post_id"": 1, ""anonymous_code"": ""사자-8925"", ""post_type"": ""trade_share"", ""title"": ""외인 매도세 속에서도 상승 추세 따라 매수했습니다 (삼성전자)"", ""like_count"": 0, ""unlike_count"": 0, ""score"": 0}, {""post_id"": 2, ""anonymous_code"": ""황소-1620"", ""post_type"": ""trade_share"", ""title"": ""외국인 대량 매도에도 '저평가' 믿고 추가 매수했습니다."", ""like_count"": 0, ""unlike_count"": 0, ""score"": 0}, {""post_id"": 3, ""anonymous_code"": ""돌고래-2979"", ""post_type"": ""trade_share"", ""title"": ""떨어질수록 사들인다는 원칙대로 오늘 추가 매수했습니다."", ""like_count"": 0, ""unlike_count"": 0, ""score"": 0}, {""post_id"": 4, ""anonymous_code"": ""황소-4770"", ""post_type"": ""trade_share"", ""title"": ""외국인 대량 매도 속에서도 개인들의 잔치는 계속되는가? (삼성전자)"", ""like_count"": 0, ""unlike_count"": 0, ""score"": 0}, {""post_id"": 5, ""anonymous_code"": ""곰-8551"", ""post_type"": ""profit_share"", ""title"": ""삼성전자 3% 상승 시 전량 매도 성공! 수익 확정했습니다"", ""like_count"": 0, ""unlike_count"": 0, ""score"": 0}, {""post_id"": 7, ""anonymous_code"": ""여우-1683"", ""post_type"": ""trade_share"", ""title"": ""외국인 매도세에도 불구하고, AI 슈퍼사이클 믿고 추가 매수했습니다."", ""like_count"": 0, ""unlike_count"": 0, ""score"": 0}, {""post_id"": 8, ""anonymous_code"": ""독수리-9332"", ""post_type"": ""profit_share"", ""title"": ""목표 수익 10% 도달 전, 3% 오름에 먼저 정리했습니다."", ""like_count"": 0, ""unlike_count"": 0, ""score"": 0}, {""post_id"": 9, ""anonymous_code"": ""황소-6990"", ""post_type"": ""trade_share"", ""title"": ""21 만 원대 매수 완료... 외국인 팔고 개미 산다?"", ""like_count"": 0, ""unlike_count"": 0, ""score"": 0}, {""post_id"": 10, ""anonymous_code"": ""펭귄-5408"", ""post_type"": ""trade_share"", ""title"": ""외국인 팔고 개미 산다? 오늘 삼성전자 매수 완료"", ""like_count"": 0, ""unlike_count"": 0, ""score"": 0}, {""post_id"": 11, ""anonymous_code"": ""독수리-1692"", ""post_type"": ""profit_share"", ""title"": ""삼성전자 3% 차익 실현 완료! (21.65 만원)"", ""like_count"": 0, ""unlike_count"": 0, ""score"": 0}, {""post_id"": 12, ""anonymous_code"": ""독수리-6722"", ""post_type"": ""profit_share"", ""title"": ""과열 구간 뚝! 삼성전자는 팔아야 할 때 판다 (수익 확정)"", ""like_count"": 0, ""unlike_count"": 0, ""score"": 0}, {""post_id"": 13, ""anonymous_code"": ""곰-5671"", ""post_type"": ""trade_share"", ""title"": ""저평가 구간, 조금 더 모았습니다."", ""like_count"": 0, ""unlike_count"": 0, ""score"": 0}, {""post_id"": 14, ""anonymous_code"": ""늑대-3694"", ""post_type"": ""trade_share"", ""title"": ""3% 넘기며 팔았네요. 조금 아쉽지만 원칙은 지켜야죠."", ""like_count"": 0, ""unlike_count"": 0, ""score"": 0}]"
RN_COMM_ON_20260917,2026-02-27,2,A054,1,5,14,"[1, 2, 3, 4, 5, 6, 7, 8, 9, 10, 11, 12, 13, 14]","[{""post_id"": 1, ""anonymous_code"": ""사자-8925"", ""post_type"": ""trade_share"", ""title"": ""외인 매도세 속에서도 상승 추세 따라 매수했습니다 (삼성전자)"", ""like_count"": 0, ""unlike_count"": 0, ""score"": 0}, {""post_id"": 2, ""anonymous_code"": ""황소-1620"", ""post_type"": ""trade_share"", ""title"": ""외국인 대량 매도에도 '저평가' 믿고 추가 매수했습니다."", ""like_count"": 0, ""unlike_count"": 0, ""score"": 0}, {""post_id"": 3, ""anonymous_code"": ""돌고래-2979"", ""post_type"": ""trade_share"", ""title"": ""떨어질수록 사들인다는 원칙대로 오늘 추가 매수했습니다."", ""like_count"": 0, ""unlike_count"": 0, ""score"": 0}, {""post_id"": 4, ""anonymous_code"": ""황소-4770"", ""post_type"": ""trade_share"", ""title"": ""외국인 대량 매도 속에서도 개인들의 잔치는 계속되는가? (삼성전자)"", ""like_count"": 0, ""unlike_count"": 0, ""score"": 0}, {""post_id"": 5, ""anonymous_code"": ""곰-8551"", ""post_type"": ""profit_share"", ""title"": ""삼성전자 3% 상승 시 전량 매도 성공! 수익 확정했습니다"", ""like_count"": 0, ""unlike_count"": 0, ""score"": 0}, {""post_id"": 6, ""anonymous_code"": ""황소-4980"", ""post_type"": ""profit_share"", ""title"": ""3% 수익 확정! 차익실현 타이밍이 중요하네요"", ""like_count"": 0, ""unlike_count"": 0, ""score"": 0}, {""post_id"": 7, ""anonymous_code"": ""여우-1683"", ""post_type"": ""trade_share"", ""title"": ""외국인 매도세에도 불구하고, AI 슈퍼사이클 믿고 추가 매수했습니다."", ""like_count"": 0, ""unlike_count"": 0, ""score"": 0}, {""post_id"": 8, ""anonymous_code"": ""독수리-9332"", ""post_type"": ""profit_share"", ""title"": ""목표 수익 10% 도달 전, 3% 오름에 먼저 정리했습니다."", ""like_count"": 0, ""unlike_count"": 0, ""score"": 0}, {""post_id"": 9, ""anonymous_code"": ""황소-6990"", ""post_type"": ""trade_share"", ""title"": ""21 만 원대 매수 완료... 외국인 팔고 개미 산다?"", ""like_count"": 0, ""unlike_count"": 0, ""score"": 0}, {""post_id"": 10, ""anonymous_code"": ""펭귄-5408"", ""post_type"": ""trade_share"", ""title"": ""외국인 팔고 개미 산다? 오늘 삼성전자 매수 완료"", ""like_count"": 0, ""unlike_count"": 0, ""score"": 0}, {""post_id"": 11, ""anonymous_code"": ""독수리-1692"", ""post_type"": ""profit_share"", ""title"": ""삼성전자 3% 차익 실현 완료! (21.65 만원)"", ""like_count"": 0, ""unlike_count"": 0, ""score"": 0}, {""post_id"": 12, ""anonymous_code"": ""독수리-6722"", ""post_type"": ""profit_share"", ""title"": ""과열 구간 뚝! 삼성전자는 팔아야 할 때 판다 (수익 확정)"", ""like_count"": 0, ""unlike_count"": 0, ""score"": 0}, {""post_id"": 13, ""anonymous_code"": ""곰-5671"", ""post_type"": ""trade_share"", ""title"": ""저평가 구간, 조금 더 모았습니다."", ""like_count"": 0, ""unlike_count"": 0, ""score"": 0}, {""post_id"": 14, ""anonymous_code"": ""늑대-3694"", ""post_type"": ""trade_share"", ""title"": ""3% 넘기며 팔았네요. 조금 아쉽지만 원칙은 지켜야죠."", ""like_count"": 0, ""unlike_count"": 0, ""score"": 0}]"
RN_COMM_ON_20260917,2026-02-27,2,A056,1,5,13,"[1, 2, 3, 4, 5, 6, 8, 9, 10, 11, 12, 13, 14]","[{""post_id"": 1, ""anonymous_code"": ""사자-8925"", ""post_type"": ""trade_share"", ""title"": ""외인 매도세 속에서도 상승 추세 따라 매수했습니다 (삼성전자)"", ""like_count"": 0, ""unlike_count"": 0, ""score"": 0}, {""post_id"": 2, ""anonymous_code"": ""황소-1620"", ""post_type"": ""trade_share"", ""title"": ""외국인 대량 매도에도 '저평가' 믿고 추가 매수했습니다."", ""like_count"": 0, ""unlike_count"": 0, ""score"": 0}, {""post_id"": 3, ""anonymous_code"": ""돌고래-2979"", ""post_type"": ""trade_share"", ""title"": ""떨어질수록 사들인다는 원칙대로 오늘 추가 매수했습니다."", ""like_count"": 0, ""unlike_count"": 0, ""score"": 0}, {""post_id"": 4, ""anonymous_code"": ""황소-4770"", ""post_type"": ""trade_share"", ""title"": ""외국인 대량 매도 속에서도 개인들의 잔치는 계속되는가? (삼성전자)"", ""like_count"": 0, ""unlike_count"": 0, ""score"": 0}, {""post_id"": 5, ""anonymous_code"": ""곰-8551"", ""post_type"": ""profit_share"", ""title"": ""삼성전자 3% 상승 시 전량 매도 성공! 수익 확정했습니다"", ""like_count"": 0, ""unlike_count"": 0, ""score"": 0}, {""post_id"": 6, ""anonymous_code"": ""황소-4980"", ""post_type"": ""profit_share"", ""title"": ""3% 수익 확정! 차익실현 타이밍이 중요하네요"", ""like_count"": 0, ""unlike_count"": 0, ""score"": 0}, {""post_id"": 8, ""anonymous_code"": ""독수리-9332"", ""post_type"": ""profit_share"", ""title"": ""목표 수익 10% 도달 전, 3% 오름에 먼저 정리했습니다."", ""like_count"": 0, ""unlike_count"": 0, ""score"": 0}, {""post_id"": 9, ""anonymous_code"": ""황소-6990"", ""post_type"": ""trade_share"", ""title"": ""21 만 원대 매수 완료... 외국인 팔고 개미 산다?"", ""like_count"": 0, ""unlike_count"": 0, ""score"": 0}, {""post_id"": 10, ""anonymous_code"": ""펭귄-5408"", ""post_type"": ""trade_share"", ""title"": ""외국인 팔고 개미 산다? 오늘 삼성전자 매수 완료"", ""like_count"": 0, ""unlike_count"": 0, ""score"": 0}, {""post_id"": 11, ""anonymous_code"": ""독수리-1692"", ""post_type"": ""profit_share"", ""title"": ""삼성전자 3% 차익 실현 완료! (21.65 만원)"", ""like_count"": 0, ""unlike_count"": 0, ""score"": 0}, {""post_id"": 12, ""anonymous_code"": ""독수리-6722"", ""post_type"": ""profit_share"", ""title"": ""과열 구간 뚝! 삼성전자는 팔아야 할 때 판다 (수익 확정)"", ""like_count"": 0, ""unlike_count"": 0, ""score"": 0}, {""post_id"": 13, ""anonymous_code"": ""곰-5671"", ""post_type"": ""trade_share"", ""title"": ""저평가 구간, 조금 더 모았습니다."", ""like_count"": 0, ""unlike_count"": 0, ""score"": 0}, {""post_id"": 14, ""anonymous_code"": ""늑대-3694"", ""post_type"": ""trade_share"", ""title"": ""3% 넘기며 팔았네요. 조금 아쉽지만 원칙은 지켜야죠."", ""like_count"": 0, ""unlike_count"": 0, ""score"": 0}]"
RN_COMM_ON_20260917,2026-02-27,2,A058,2,5,13,"[1, 2, 3, 4, 5, 6, 7, 9, 10, 11, 12, 13, 14]","[{""post_id"": 1, ""anonymous_code"": ""사자-8925"", ""post_type"": ""trade_share"", ""title"": ""외인 매도세 속에서도 상승 추세 따라 매수했습니다 (삼성전자)"", ""like_count"": 0, ""unlike_count"": 0, ""score"": 0}, {""post_id"": 2, ""anonymous_code"": ""황소-1620"", ""post_type"": ""trade_share"", ""title"": ""외국인 대량 매도에도 '저평가' 믿고 추가 매수했습니다."", ""like_count"": 0, ""unlike_count"": 0, ""score"": 0}, {""post_id"": 3, ""anonymous_code"": ""돌고래-2979"", ""post_type"": ""trade_share"", ""title"": ""떨어질수록 사들인다는 원칙대로 오늘 추가 매수했습니다."", ""like_count"": 0, ""unlike_count"": 0, ""score"": 0}, {""post_id"": 4, ""anonymous_code"": ""황소-4770"", ""post_type"": ""trade_share"", ""title"": ""외국인 대량 매도 속에서도 개인들의 잔치는 계속되는가? (삼성전자)"", ""like_count"": 0, ""unlike_count"": 0, ""score"": 0}, {""post_id"": 5, ""anonymous_code"": ""곰-8551"", ""post_type"": ""profit_share"", ""title"": ""삼성전자 3% 상승 시 전량 매도 성공! 수익 확정했습니다"", ""like_count"": 0, ""unlike_count"": 0, ""score"": 0}, {""post_id"": 6, ""anonymous_code"": ""황소-4980"", ""post_type"": ""profit_share"", ""title"": ""3% 수익 확정! 차익실현 타이밍이 중요하네요"", ""like_count"": 0, ""unlike_count"": 0, ""score"": 0}, {""post_id"": 7, ""anonymous_code"": ""여우-1683"", ""post_type"": ""trade_share"", ""title"": ""외국인 매도세에도 불구하고, AI 슈퍼사이클 믿고 추가 매수했습니다."", ""like_count"": 0, ""unlike_count"": 0, ""score"": 0}, {""post_id"": 9, ""anonymous_code"": ""황소-6990"", ""post_type"": ""trade_share"", ""title"": ""21 만 원대 매수 완료... 외국인 팔고 개미 산다?"", ""like_count"": 0, ""unlike_count"": 0, ""score"": 0}, {""post_id"": 10, ""anonymous_code"": ""펭귄-5408"", ""post_type"": ""trade_share"", ""title"": ""외국인 팔고 개미 산다? 오늘 삼성전자 매수 완료"", ""like_count"": 0, ""unlike_count"": 0, ""score"": 0}, {""post_id"": 11, ""anonymous_code"": ""독수리-1692"", ""post_type"": ""profit_share"", ""title"": ""삼성전자 3% 차익 실현 완료! (21.65 만원)"", ""like_count"": 0, ""unlike_count"": 0, ""score"": 0}, {""post_id"": 12, ""anonymous_code"": ""독수리-6722"", ""post_type"": ""profit_share"", ""title"": ""과열 구간 뚝! 삼성전자는 팔아야 할 때 판다 (수익 확정)"", ""like_count"": 0, ""unlike_count"": 0, ""score"": 0}, {""post_id"": 13, ""anonymous_code"": ""곰-5671"", ""post_type"": ""trade_share"", ""title"": ""저평가 구간, 조금 더 모았습니다."", ""like_count"": 0, ""unlike_count"": 0, ""score"": 0}, {""post_id"": 14, ""anonymous_code"": ""늑대-3694"", ""post_type"": ""trade_share"", ""title"": ""3% 넘기며 팔았네요. 조금 아쉽지만 원칙은 지켜야죠."", ""like_count"": 0, ""unlike_count"": 0, ""score"": 0}]"
RN_COMM_ON_20260917,2026-02-27,2,A059,2,5,14,"[1, 2, 3, 4, 5, 6, 7, 8, 9, 10, 11, 12, 13, 14]","[{""post_id"": 1, ""anonymous_code"": ""사자-8925"", ""post_type"": ""trade_share"", ""title"": ""외인 매도세 속에서도 상승 추세 따라 매수했습니다 (삼성전자)"", ""like_count"": 0, ""unlike_count"": 0, ""score"": 0}, {""post_id"": 2, ""anonymous_code"": ""황소-1620"", ""post_type"": ""trade_share"", ""title"": ""외국인 대량 매도에도 '저평가' 믿고 추가 매수했습니다."", ""like_count"": 0, ""unlike_count"": 0, ""score"": 0}, {""post_id"": 3, ""anonymous_code"": ""돌고래-2979"", ""post_type"": ""trade_share"", ""title"": ""떨어질수록 사들인다는 원칙대로 오늘 추가 매수했습니다."", ""like_count"": 0, ""unlike_count"": 0, ""score"": 0}, {""post_id"": 4, ""anonymous_code"": ""황소-4770"", ""post_type"": ""trade_share"", ""title"": ""외국인 대량 매도 속에서도 개인들의 잔치는 계속되는가? (삼성전자)"", ""like_count"": 0, ""unlike_count"": 0, ""score"": 0}, {""post_id"": 5, ""anonymous_code"": ""곰-8551"", ""post_type"": ""profit_share"", ""title"": ""삼성전자 3% 상승 시 전량 매도 성공! 수익 확정했습니다"", ""like_count"": 0, ""unlike_count"": 0, ""score"": 0}, {""post_id"": 6, ""anonymous_code"": ""황소-4980"", ""post_type"": ""profit_share"", ""title"": ""3% 수익 확정! 차익실현 타이밍이 중요하네요"", ""like_count"": 0, ""unlike_count"": 0, ""score"": 0}, {""post_id"": 7, ""anonymous_code"": ""여우-1683"", ""post_type"": ""trade_share"", ""title"": ""외국인 매도세에도 불구하고, AI 슈퍼사이클 믿고 추가 매수했습니다."", ""like_count"": 0, ""unlike_count"": 0, ""score"": 0}, {""post_id"": 8, ""anonymous_code"": ""독수리-9332"", ""post_type"": ""profit_share"", ""title"": ""목표 수익 10% 도달 전, 3% 오름에 먼저 정리했습니다."", ""like_count"": 0, ""unlike_count"": 0, ""score"": 0}, {""post_id"": 9, ""anonymous_code"": ""황소-6990"", ""post_type"": ""trade_share"", ""title"": ""21 만 원대 매수 완료... 외국인 팔고 개미 산다?"", ""like_count"": 0, ""unlike_count"": 0, ""score"": 0}, {""post_id"": 10, ""anonymous_code"": ""펭귄-5408"", ""post_type"": ""trade_share"", ""title"": ""외국인 팔고 개미 산다? 오늘 삼성전자 매수 완료"", ""like_count"": 0, ""unlike_count"": 0, ""score"": 0}, {""post_id"": 11, ""anonymous_code"": ""독수리-1692"", ""post_type"": ""profit_share"", ""title"": ""삼성전자 3% 차익 실현 완료! (21.65 만원)"", ""like_count"": 0, ""unlike_count"": 0, ""score"": 0}, {""post_id"": 12, ""anonymous_code"": ""독수리-6722"", ""post_type"": ""profit_share"", ""title"": ""과열 구간 뚝! 삼성전자는 팔아야 할 때 판다 (수익 확정)"", ""like_count"": 0, ""unlike_count"": 0, ""score"": 0}, {""post_id"": 13, ""anonymous_code"": ""곰-5671"", ""post_type"": ""trade_share"", ""title"": ""저평가 구간, 조금 더 모았습니다."", ""like_count"": 0, ""unlike_count"": 0, ""score"": 0}, {""post_id"": 14, ""anonymous_code"": ""늑대-3694"", ""post_type"": ""trade_share"", ""title"": ""3% 넘기며 팔았네요. 조금 아쉽지만 원칙은 지켜야죠."", ""like_count"": 0, ""unlike_count"": 0, ""score"": 0}]"
RN_COMM_ON_20260917,2026-02-27,2,A061,1,5,14,"[1, 2, 3, 4, 5, 6, 7, 8, 9, 10, 11, 12, 13, 14]","[{""post_id"": 1, ""anonymous_code"": ""사자-8925"", ""post_type"": ""trade_share"", ""title"": ""외인 매도세 속에서도 상승 추세 따라 매수했습니다 (삼성전자)"", ""like_count"": 0, ""unlike_count"": 0, ""score"": 0}, {""post_id"": 2, ""anonymous_code"": ""황소-1620"", ""post_type"": ""trade_share"", ""title"": ""외국인 대량 매도에도 '저평가' 믿고 추가 매수했습니다."", ""like_count"": 0, ""unlike_count"": 0, ""score"": 0}, {""post_id"": 3, ""anonymous_code"": ""돌고래-2979"", ""post_type"": ""trade_share"", ""title"": ""떨어질수록 사들인다는 원칙대로 오늘 추가 매수했습니다."", ""like_count"": 0, ""unlike_count"": 0, ""score"": 0}, {""post_id"": 4, ""anonymous_code"": ""황소-4770"", ""post_type"": ""trade_share"", ""title"": ""외국인 대량 매도 속에서도 개인들의 잔치는 계속되는가? (삼성전자)"", ""like_count"": 0, ""unlike_count"": 0, ""score"": 0}, {""post_id"": 5, ""anonymous_code"": ""곰-8551"", ""post_type"": ""profit_share"", ""title"": ""삼성전자 3% 상승 시 전량 매도 성공! 수익 확정했습니다"", ""like_count"": 0, ""unlike_count"": 0, ""score"": 0}, {""post_id"": 6, ""anonymous_code"": ""황소-4980"", ""post_type"": ""profit_share"", ""title"": ""3% 수익 확정! 차익실현 타이밍이 중요하네요"", ""like_count"": 0, ""unlike_count"": 0, ""score"": 0}, {""post_id"": 7, ""anonymous_code"": ""여우-1683"", ""post_type"": ""trade_share"", ""title"": ""외국인 매도세에도 불구하고, AI 슈퍼사이클 믿고 추가 매수했습니다."", ""like_count"": 0, ""unlike_count"": 0, ""score"": 0}, {""post_id"": 8, ""anonymous_code"": ""독수리-9332"", ""post_type"": ""profit_share"", ""title"": ""목표 수익 10% 도달 전, 3% 오름에 먼저 정리했습니다."", ""like_count"": 0, ""unlike_count"": 0, ""score"": 0}, {""post_id"": 9, ""anonymous_code"": ""황소-6990"", ""post_type"": ""trade_share"", ""title"": ""21 만 원대 매수 완료... 외국인 팔고 개미 산다?"", ""like_count"": 0, ""unlike_count"": 0, ""score"": 0}, {""post_id"": 10, ""anonymous_code"": ""펭귄-5408"", ""post_type"": ""trade_share"", ""title"": ""외국인 팔고 개미 산다? 오늘 삼성전자 매수 완료"", ""like_count"": 0, ""unlike_count"": 0, ""score"": 0}, {""post_id"": 11, ""anonymous_code"": ""독수리-1692"", ""post_type"": ""profit_share"", ""title"": ""삼성전자 3% 차익 실현 완료! (21.65 만원)"", ""like_count"": 0, ""unlike_count"": 0, ""score"": 0}, {""post_id"": 12, ""anonymous_code"": ""독수리-6722"", ""post_type"": ""profit_share"", ""title"": ""과열 구간 뚝! 삼성전자는 팔아야 할 때 판다 (수익 확정)"", ""like_count"": 0, ""unlike_count"": 0, ""score"": 0}, {""post_id"": 13, ""anonymous_code"": ""곰-5671"", ""post_type"": ""trade_share"", ""title"": ""저평가 구간, 조금 더 모았습니다."", ""like_count"": 0, ""unlike_count"": 0, ""score"": 0}, {""post_id"": 14, ""anonymous_code"": ""늑대-3694"", ""post_type"": ""trade_share"", ""title"": ""3% 넘기며 팔았네요. 조금 아쉽지만 원칙은 지켜야죠."", ""like_count"": 0, ""unlike_count"": 0, ""score"": 0}]"
RN_COMM_ON_20260917,2026-02-27,2,A063,1,5,14,"[1, 2, 3, 4, 5, 6, 7, 8, 9, 10, 11, 12, 13, 14]","[{""post_id"": 1, ""anonymous_code"": ""사자-8925"", ""post_type"": ""trade_share"", ""title"": ""외인 매도세 속에서도 상승 추세 따라 매수했습니다 (삼성전자)"", ""like_count"": 0, ""unlike_count"": 0, ""score"": 0}, {""post_id"": 2, ""anonymous_code"": ""황소-1620"", ""post_type"": ""trade_share"", ""title"": ""외국인 대량 매도에도 '저평가' 믿고 추가 매수했습니다."", ""like_count"": 0, ""unlike_count"": 0, ""score"": 0}, {""post_id"": 3, ""anonymous_code"": ""돌고래-2979"", ""post_type"": ""trade_share"", ""title"": ""떨어질수록 사들인다는 원칙대로 오늘 추가 매수했습니다."", ""like_count"": 0, ""unlike_count"": 0, ""score"": 0}, {""post_id"": 4, ""anonymous_code"": ""황소-4770"", ""post_type"": ""trade_share"", ""title"": ""외국인 대량 매도 속에서도 개인들의 잔치는 계속되는가? (삼성전자)"", ""like_count"": 0, ""unlike_count"": 0, ""score"": 0}, {""post_id"": 5, ""anonymous_code"": ""곰-8551"", ""post_type"": ""profit_share"", ""title"": ""삼성전자 3% 상승 시 전량 매도 성공! 수익 확정했습니다"", ""like_count"": 0, ""unlike_count"": 0, ""score"": 0}, {""post_id"": 6, ""anonymous_code"": ""황소-4980"", ""post_type"": ""profit_share"", ""title"": ""3% 수익 확정! 차익실현 타이밍이 중요하네요"", ""like_count"": 0, ""unlike_count"": 0, ""score"": 0}, {""post_id"": 7, ""anonymous_code"": ""여우-1683"", ""post_type"": ""trade_share"", ""title"": ""외국인 매도세에도 불구하고, AI 슈퍼사이클 믿고 추가 매수했습니다."", ""like_count"": 0, ""unlike_count"": 0, ""score"": 0}, {""post_id"": 8, ""anonymous_code"": ""독수리-9332"", ""post_type"": ""profit_share"", ""title"": ""목표 수익 10% 도달 전, 3% 오름에 먼저 정리했습니다."", ""like_count"": 0, ""unlike_count"": 0, ""score"": 0}, {""post_id"": 9, ""anonymous_code"": ""황소-6990"", ""post_type"": ""trade_share"", ""title"": ""21 만 원대 매수 완료... 외국인 팔고 개미 산다?"", ""like_count"": 0, ""unlike_count"": 0, ""score"": 0}, {""post_id"": 10, ""anonymous_code"": ""펭귄-5408"", ""post_type"": ""trade_share"", ""title"": ""외국인 팔고 개미 산다? 오늘 삼성전자 매수 완료"", ""like_count"": 0, ""unlike_count"": 0, ""score"": 0}, {""post_id"": 11, ""anonymous_code"": ""독수리-1692"", ""post_type"": ""profit_share"", ""title"": ""삼성전자 3% 차익 실현 완료! (21.65 만원)"", ""like_count"": 0, ""unlike_count"": 0, ""score"": 0}, {""post_id"": 12, ""anonymous_code"": ""독수리-6722"", ""post_type"": ""profit_share"", ""title"": ""과열 구간 뚝! 삼성전자는 팔아야 할 때 판다 (수익 확정)"", ""like_count"": 0, ""unlike_count"": 0, ""score"": 0}, {""post_id"": 13, ""anonymous_code"": ""곰-5671"", ""post_type"": ""trade_share"", ""title"": ""저평가 구간, 조금 더 모았습니다."", ""like_count"": 0, ""unlike_count"": 0, ""score"": 0}, {""post_id"": 14, ""anonymous_code"": ""늑대-3694"", ""post_type"": ""trade_share"", ""title"": ""3% 넘기며 팔았네요. 조금 아쉽지만 원칙은 지켜야죠."", ""like_count"": 0, ""unlike_count"": 0, ""score"": 0}]"
RN_COMM_ON_20260917,2026-02-27,2,A064,1,5,13,"[1, 2, 3, 4, 5, 6, 7, 8, 10, 11, 12, 13, 14]","[{""post_id"": 1, ""anonymous_code"": ""사자-8925"", ""post_type"": ""trade_share"", ""title"": ""외인 매도세 속에서도 상승 추세 따라 매수했습니다 (삼성전자)"", ""like_count"": 0, ""unlike_count"": 0, ""score"": 0}, {""post_id"": 2, ""anonymous_code"": ""황소-1620"", ""post_type"": ""trade_share"", ""title"": ""외국인 대량 매도에도 '저평가' 믿고 추가 매수했습니다."", ""like_count"": 0, ""unlike_count"": 0, ""score"": 0}, {""post_id"": 3, ""anonymous_code"": ""돌고래-2979"", ""post_type"": ""trade_share"", ""title"": ""떨어질수록 사들인다는 원칙대로 오늘 추가 매수했습니다."", ""like_count"": 0, ""unlike_count"": 0, ""score"": 0}, {""post_id"": 4, ""anonymous_code"": ""황소-4770"", ""post_type"": ""trade_share"", ""title"": ""외국인 대량 매도 속에서도 개인들의 잔치는 계속되는가? (삼성전자)"", ""like_count"": 0, ""unlike_count"": 0, ""score"": 0}, {""post_id"": 5, ""anonymous_code"": ""곰-8551"", ""post_type"": ""profit_share"", ""title"": ""삼성전자 3% 상승 시 전량 매도 성공! 수익 확정했습니다"", ""like_count"": 0, ""unlike_count"": 0, ""score"": 0}, {""post_id"": 6, ""anonymous_code"": ""황소-4980"", ""post_type"": ""profit_share"", ""title"": ""3% 수익 확정! 차익실현 타이밍이 중요하네요"", ""like_count"": 0, ""unlike_count"": 0, ""score"": 0}, {""post_id"": 7, ""anonymous_code"": ""여우-1683"", ""post_type"": ""trade_share"", ""title"": ""외국인 매도세에도 불구하고, AI 슈퍼사이클 믿고 추가 매수했습니다."", ""like_count"": 0, ""unlike_count"": 0, ""score"": 0}, {""post_id"": 8, ""anonymous_code"": ""독수리-9332"", ""post_type"": ""profit_share"", ""title"": ""목표 수익 10% 도달 전, 3% 오름에 먼저 정리했습니다."", ""like_count"": 0, ""unlike_count"": 0, ""score"": 0}, {""post_id"": 10, ""anonymous_code"": ""펭귄-5408"", ""post_type"": ""trade_share"", ""title"": ""외국인 팔고 개미 산다? 오늘 삼성전자 매수 완료"", ""like_count"": 0, ""unlike_count"": 0, ""score"": 0}, {""post_id"": 11, ""anonymous_code"": ""독수리-1692"", ""post_type"": ""profit_share"", ""title"": ""삼성전자 3% 차익 실현 완료! (21.65 만원)"", ""like_count"": 0, ""unlike_count"": 0, ""score"": 0}, {""post_id"": 12, ""anonymous_code"": ""독수리-6722"", ""post_type"": ""profit_share"", ""title"": ""과열 구간 뚝! 삼성전자는 팔아야 할 때 판다 (수익 확정)"", ""like_count"": 0, ""unlike_count"": 0, ""score"": 0}, {""post_id"": 13, ""anonymous_code"": ""곰-5671"", ""post_type"": ""trade_share"", ""title"": ""저평가 구간, 조금 더 모았습니다."", ""like_count"": 0, ""unlike_count"": 0, ""score"": 0}, {""post_id"": 14, ""anonymous_code"": ""늑대-3694"", ""post_type"": ""trade_share"", ""title"": ""3% 넘기며 팔았네요. 조금 아쉽지만 원칙은 지켜야죠."", ""like_count"": 0, ""unlike_count"": 0, ""score"": 0}]"
RN_COMM_ON_20260917,2026-02-27,2,A069,1,5,14,"[1, 2, 3, 4, 5, 6, 7, 8, 9, 10, 11, 12, 13, 14]","[{""post_id"": 1, ""anonymous_code"": ""사자-8925"", ""post_type"": ""trade_share"", ""title"": ""외인 매도세 속에서도 상승 추세 따라 매수했습니다 (삼성전자)"", ""like_count"": 0, ""unlike_count"": 0, ""score"": 0}, {""post_id"": 2, ""anonymous_code"": ""황소-1620"", ""post_type"": ""trade_share"", ""title"": ""외국인 대량 매도에도 '저평가' 믿고 추가 매수했습니다."", ""like_count"": 0, ""unlike_count"": 0, ""score"": 0}, {""post_id"": 3, ""anonymous_code"": ""돌고래-2979"", ""post_type"": ""trade_share"", ""title"": ""떨어질수록 사들인다는 원칙대로 오늘 추가 매수했습니다."", ""like_count"": 0, ""unlike_count"": 0, ""score"": 0}, {""post_id"": 4, ""anonymous_code"": ""황소-4770"", ""post_type"": ""trade_share"", ""title"": ""외국인 대량 매도 속에서도 개인들의 잔치는 계속되는가? (삼성전자)"", ""like_count"": 0, ""unlike_count"": 0, ""score"": 0}, {""post_id"": 5, ""anonymous_code"": ""곰-8551"", ""post_type"": ""profit_share"", ""title"": ""삼성전자 3% 상승 시 전량 매도 성공! 수익 확정했습니다"", ""like_count"": 0, ""unlike_count"": 0, ""score"": 0}, {""post_id"": 6, ""anonymous_code"": ""황소-4980"", ""post_type"": ""profit_share"", ""title"": ""3% 수익 확정! 차익실현 타이밍이 중요하네요"", ""like_count"": 0, ""unlike_count"": 0, ""score"": 0}, {""post_id"": 7, ""anonymous_code"": ""여우-1683"", ""post_type"": ""trade_share"", ""title"": ""외국인 매도세에도 불구하고, AI 슈퍼사이클 믿고 추가 매수했습니다."", ""like_count"": 0, ""unlike_count"": 0, ""score"": 0}, {""post_id"": 8, ""anonymous_code"": ""독수리-9332"", ""post_type"": ""profit_share"", ""title"": ""목표 수익 10% 도달 전, 3% 오름에 먼저 정리했습니다."", ""like_count"": 0, ""unlike_count"": 0, ""score"": 0}, {""post_id"": 9, ""anonymous_code"": ""황소-6990"", ""post_type"": ""trade_share"", ""title"": ""21 만 원대 매수 완료... 외국인 팔고 개미 산다?"", ""like_count"": 0, ""unlike_count"": 0, ""score"": 0}, {""post_id"": 10, ""anonymous_code"": ""펭귄-5408"", ""post_type"": ""trade_share"", ""title"": ""외국인 팔고 개미 산다? 오늘 삼성전자 매수 완료"", ""like_count"": 0, ""unlike_count"": 0, ""score"": 0}, {""post_id"": 11, ""anonymous_code"": ""독수리-1692"", ""post_type"": ""profit_share"", ""title"": ""삼성전자 3% 차익 실현 완료! (21.65 만원)"", ""like_count"": 0, ""unlike_count"": 0, ""score"": 0}, {""post_id"": 12, ""anonymous_code"": ""독수리-6722"", ""post_type"": ""profit_share"", ""title"": ""과열 구간 뚝! 삼성전자는 팔아야 할 때 판다 (수익 확정)"", ""like_count"": 0, ""unlike_count"": 0, ""score"": 0}, {""post_id"": 13, ""anonymous_code"": ""곰-5671"", ""post_type"": ""trade_share"", ""title"": ""저평가 구간, 조금 더 모았습니다."", ""like_count"": 0, ""unlike_count"": 0, ""score"": 0}, {""post_id"": 14, ""anonymous_code"": ""늑대-3694"", ""post_type"": ""trade_share"", ""title"": ""3% 넘기며 팔았네요. 조금 아쉽지만 원칙은 지켜야죠."", ""like_count"": 0, ""unlike_count"": 0, ""score"": 0}]"
RN_COMM_ON_20260917,2026-02-27,2,A070,1,5,14,"[1, 2, 3, 4, 5, 6, 7, 8, 9, 10, 11, 12, 13, 14]","[{""post_id"": 1, ""anonymous_code"": ""사자-8925"", ""post_type"": ""trade_share"", ""title"": ""외인 매도세 속에서도 상승 추세 따라 매수했습니다 (삼성전자)"", ""like_count"": 0, ""unlike_count"": 0, ""score"": 0}, {""post_id"": 2, ""anonymous_code"": ""황소-1620"", ""post_type"": ""trade_share"", ""title"": ""외국인 대량 매도에도 '저평가' 믿고 추가 매수했습니다."", ""like_count"": 0, ""unlike_count"": 0, ""score"": 0}, {""post_id"": 3, ""anonymous_code"": ""돌고래-2979"", ""post_type"": ""trade_share"", ""title"": ""떨어질수록 사들인다는 원칙대로 오늘 추가 매수했습니다."", ""like_count"": 0, ""unlike_count"": 0, ""score"": 0}, {""post_id"": 4, ""anonymous_code"": ""황소-4770"", ""post_type"": ""trade_share"", ""title"": ""외국인 대량 매도 속에서도 개인들의 잔치는 계속되는가? (삼성전자)"", ""like_count"": 0, ""unlike_count"": 0, ""score"": 0}, {""post_id"": 5, ""anonymous_code"": ""곰-8551"", ""post_type"": ""profit_share"", ""title"": ""삼성전자 3% 상승 시 전량 매도 성공! 수익 확정했습니다"", ""like_count"": 0, ""unlike_count"": 0, ""score"": 0}, {""post_id"": 6, ""anonymous_code"": ""황소-4980"", ""post_type"": ""profit_share"", ""title"": ""3% 수익 확정! 차익실현 타이밍이 중요하네요"", ""like_count"": 0, ""unlike_count"": 0, ""score"": 0}, {""post_id"": 7, ""anonymous_code"": ""여우-1683"", ""post_type"": ""trade_share"", ""title"": ""외국인 매도세에도 불구하고, AI 슈퍼사이클 믿고 추가 매수했습니다."", ""like_count"": 0, ""unlike_count"": 0, ""score"": 0}, {""post_id"": 8, ""anonymous_code"": ""독수리-9332"", ""post_type"": ""profit_share"", ""title"": ""목표 수익 10% 도달 전, 3% 오름에 먼저 정리했습니다."", ""like_count"": 0, ""unlike_count"": 0, ""score"": 0}, {""post_id"": 9, ""anonymous_code"": ""황소-6990"", ""post_type"": ""trade_share"", ""title"": ""21 만 원대 매수 완료... 외국인 팔고 개미 산다?"", ""like_count"": 0, ""unlike_count"": 0, ""score"": 0}, {""post_id"": 10, ""anonymous_code"": ""펭귄-5408"", ""post_type"": ""trade_share"", ""title"": ""외국인 팔고 개미 산다? 오늘 삼성전자 매수 완료"", ""like_count"": 0, ""unlike_count"": 0, ""score"": 0}, {""post_id"": 11, ""anonymous_code"": ""독수리-1692"", ""post_type"": ""profit_share"", ""title"": ""삼성전자 3% 차익 실현 완료! (21.65 만원)"", ""like_count"": 0, ""unlike_count"": 0, ""score"": 0}, {""post_id"": 12, ""anonymous_code"": ""독수리-6722"", ""post_type"": ""profit_share"", ""title"": ""과열 구간 뚝! 삼성전자는 팔아야 할 때 판다 (수익 확정)"", ""like_count"": 0, ""unlike_count"": 0, ""score"": 0}, {""post_id"": 13, ""anonymous_code"": ""곰-5671"", ""post_type"": ""trade_share"", ""title"": ""저평가 구간, 조금 더 모았습니다."", ""like_count"": 0, ""unlike_count"": 0, ""score"": 0}, {""post_id"": 14, ""anonymous_code"": ""늑대-3694"", ""post_type"": ""trade_share"", ""title"": ""3% 넘기며 팔았네요. 조금 아쉽지만 원칙은 지켜야죠."", ""like_count"": 0, ""unlike_count"": 0, ""score"": 0}]"
RN_COMM_ON_20260917,2026-02-27,2,A066,1,5,14,"[1, 2, 3, 4, 5, 6, 7, 8, 9, 10, 11, 12, 13, 14]","[{""post_id"": 1, ""anonymous_code"": ""사자-8925"", ""post_type"": ""trade_share"", ""title"": ""외인 매도세 속에서도 상승 추세 따라 매수했습니다 (삼성전자)"", ""like_count"": 0, ""unlike_count"": 0, ""score"": 0}, {""post_id"": 2, ""anonymous_code"": ""황소-1620"", ""post_type"": ""trade_share"", ""title"": ""외국인 대량 매도에도 '저평가' 믿고 추가 매수했습니다."", ""like_count"": 0, ""unlike_count"": 0, ""score"": 0}, {""post_id"": 3, ""anonymous_code"": ""돌고래-2979"", ""post_type"": ""trade_share"", ""title"": ""떨어질수록 사들인다는 원칙대로 오늘 추가 매수했습니다."", ""like_count"": 0, ""unlike_count"": 0, ""score"": 0}, {""post_id"": 4, ""anonymous_code"": ""황소-4770"", ""post_type"": ""trade_share"", ""title"": ""외국인 대량 매도 속에서도 개인들의 잔치는 계속되는가? (삼성전자)"", ""like_count"": 0, ""unlike_count"": 0, ""score"": 0}, {""post_id"": 5, ""anonymous_code"": ""곰-8551"", ""post_type"": ""profit_share"", ""title"": ""삼성전자 3% 상승 시 전량 매도 성공! 수익 확정했습니다"", ""like_count"": 0, ""unlike_count"": 0, ""score"": 0}, {""post_id"": 6, ""anonymous_code"": ""황소-4980"", ""post_type"": ""profit_share"", ""title"": ""3% 수익 확정! 차익실현 타이밍이 중요하네요"", ""like_count"": 0, ""unlike_count"": 0, ""score"": 0}, {""post_id"": 7, ""anonymous_code"": ""여우-1683"", ""post_type"": ""trade_share"", ""title"": ""외국인 매도세에도 불구하고, AI 슈퍼사이클 믿고 추가 매수했습니다."", ""like_count"": 0, ""unlike_count"": 0, ""score"": 0}, {""post_id"": 8, ""anonymous_code"": ""독수리-9332"", ""post_type"": ""profit_share"", ""title"": ""목표 수익 10% 도달 전, 3% 오름에 먼저 정리했습니다."", ""like_count"": 0, ""unlike_count"": 0, ""score"": 0}, {""post_id"": 9, ""anonymous_code"": ""황소-6990"", ""post_type"": ""trade_share"", ""title"": ""21 만 원대 매수 완료... 외국인 팔고 개미 산다?"", ""like_count"": 0, ""unlike_count"": 0, ""score"": 0}, {""post_id"": 10, ""anonymous_code"": ""펭귄-5408"", ""post_type"": ""trade_share"", ""title"": ""외국인 팔고 개미 산다? 오늘 삼성전자 매수 완료"", ""like_count"": 0, ""unlike_count"": 0, ""score"": 0}, {""post_id"": 11, ""anonymous_code"": ""독수리-1692"", ""post_type"": ""profit_share"", ""title"": ""삼성전자 3% 차익 실현 완료! (21.65 만원)"", ""like_count"": 0, ""unlike_count"": 0, ""score"": 0}, {""post_id"": 12, ""anonymous_code"": ""독수리-6722"", ""post_type"": ""profit_share"", ""title"": ""과열 구간 뚝! 삼성전자는 팔아야 할 때 판다 (수익 확정)"", ""like_count"": 0, ""unlike_count"": 0, ""score"": 0}, {""post_id"": 13, ""anonymous_code"": ""곰-5671"", ""post_type"": ""trade_share"", ""title"": ""저평가 구간, 조금 더 모았습니다."", ""like_count"": 0, ""unlike_count"": 0, ""score"": 0}, {""post_id"": 14, ""anonymous_code"": ""늑대-3694"", ""post_type"": ""trade_share"", ""title"": ""3% 넘기며 팔았네요. 조금 아쉽지만 원칙은 지켜야죠."", ""like_count"": 0, ""unlike_count"": 0, ""score"": 0}]"
RN_COMM_ON_20260917,2026-02-27,2,A065,1,5,14,"[1, 2, 3, 4, 5, 6, 7, 8, 9, 10, 11, 12, 13, 14]","[{""post_id"": 1, ""anonymous_code"": ""사자-8925"", ""post_type"": ""trade_share"", ""title"": ""외인 매도세 속에서도 상승 추세 따라 매수했습니다 (삼성전자)"", ""like_count"": 0, ""unlike_count"": 0, ""score"": 0}, {""post_id"": 2, ""anonymous_code"": ""황소-1620"", ""post_type"": ""trade_share"", ""title"": ""외국인 대량 매도에도 '저평가' 믿고 추가 매수했습니다."", ""like_count"": 0, ""unlike_count"": 0, ""score"": 0}, {""post_id"": 3, ""anonymous_code"": ""돌고래-2979"", ""post_type"": ""trade_share"", ""title"": ""떨어질수록 사들인다는 원칙대로 오늘 추가 매수했습니다."", ""like_count"": 0, ""unlike_count"": 0, ""score"": 0}, {""post_id"": 4, ""anonymous_code"": ""황소-4770"", ""post_type"": ""trade_share"", ""title"": ""외국인 대량 매도 속에서도 개인들의 잔치는 계속되는가? (삼성전자)"", ""like_count"": 0, ""unlike_count"": 0, ""score"": 0}, {""post_id"": 5, ""anonymous_code"": ""곰-8551"", ""post_type"": ""profit_share"", ""title"": ""삼성전자 3% 상승 시 전량 매도 성공! 수익 확정했습니다"", ""like_count"": 0, ""unlike_count"": 0, ""score"": 0}, {""post_id"": 6, ""anonymous_code"": ""황소-4980"", ""post_type"": ""profit_share"", ""title"": ""3% 수익 확정! 차익실현 타이밍이 중요하네요"", ""like_count"": 0, ""unlike_count"": 0, ""score"": 0}, {""post_id"": 7, ""anonymous_code"": ""여우-1683"", ""post_type"": ""trade_share"", ""title"": ""외국인 매도세에도 불구하고, AI 슈퍼사이클 믿고 추가 매수했습니다."", ""like_count"": 0, ""unlike_count"": 0, ""score"": 0}, {""post_id"": 8, ""anonymous_code"": ""독수리-9332"", ""post_type"": ""profit_share"", ""title"": ""목표 수익 10% 도달 전, 3% 오름에 먼저 정리했습니다."", ""like_count"": 0, ""unlike_count"": 0, ""score"": 0}, {""post_id"": 9, ""anonymous_code"": ""황소-6990"", ""post_type"": ""trade_share"", ""title"": ""21 만 원대 매수 완료... 외국인 팔고 개미 산다?"", ""like_count"": 0, ""unlike_count"": 0, ""score"": 0}, {""post_id"": 10, ""anonymous_code"": ""펭귄-5408"", ""post_type"": ""trade_share"", ""title"": ""외국인 팔고 개미 산다? 오늘 삼성전자 매수 완료"", ""like_count"": 0, ""unlike_count"": 0, ""score"": 0}, {""post_id"": 11, ""anonymous_code"": ""독수리-1692"", ""post_type"": ""profit_share"", ""title"": ""삼성전자 3% 차익 실현 완료! (21.65 만원)"", ""like_count"": 0, ""unlike_count"": 0, ""score"": 0}, {""post_id"": 12, ""anonymous_code"": ""독수리-6722"", ""post_type"": ""profit_share"", ""title"": ""과열 구간 뚝! 삼성전자는 팔아야 할 때 판다 (수익 확정)"", ""like_count"": 0, ""unlike_count"": 0, ""score"": 0}, {""post_id"": 13, ""anonymous_code"": ""곰-5671"", ""post_type"": ""trade_share"", ""title"": ""저평가 구간, 조금 더 모았습니다."", ""like_count"": 0, ""unlike_count"": 0, ""score"": 0}, {""post_id"": 14, ""anonymous_code"": ""늑대-3694"", ""post_type"": ""trade_share"", ""title"": ""3% 넘기며 팔았네요. 조금 아쉽지만 원칙은 지켜야죠."", ""like_count"": 0, ""unlike_count"": 0, ""score"": 0}]"
RN_COMM_ON_20260917,2026-02-27,2,A071,2,5,13,"[1, 2, 3, 4, 5, 6, 7, 8, 9, 11, 12, 13, 14]","[{""post_id"": 1, ""anonymous_code"": ""사자-8925"", ""post_type"": ""trade_share"", ""title"": ""외인 매도세 속에서도 상승 추세 따라 매수했습니다 (삼성전자)"", ""like_count"": 0, ""unlike_count"": 0, ""score"": 0}, {""post_id"": 2, ""anonymous_code"": ""황소-1620"", ""post_type"": ""trade_share"", ""title"": ""외국인 대량 매도에도 '저평가' 믿고 추가 매수했습니다."", ""like_count"": 0, ""unlike_count"": 0, ""score"": 0}, {""post_id"": 3, ""anonymous_code"": ""돌고래-2979"", ""post_type"": ""trade_share"", ""title"": ""떨어질수록 사들인다는 원칙대로 오늘 추가 매수했습니다."", ""like_count"": 0, ""unlike_count"": 0, ""score"": 0}, {""post_id"": 4, ""anonymous_code"": ""황소-4770"", ""post_type"": ""trade_share"", ""title"": ""외국인 대량 매도 속에서도 개인들의 잔치는 계속되는가? (삼성전자)"", ""like_count"": 0, ""unlike_count"": 0, ""score"": 0}, {""post_id"": 5, ""anonymous_code"": ""곰-8551"", ""post_type"": ""profit_share"", ""title"": ""삼성전자 3% 상승 시 전량 매도 성공! 수익 확정했습니다"", ""like_count"": 0, ""unlike_count"": 0, ""score"": 0}, {""post_id"": 6, ""anonymous_code"": ""황소-4980"", ""post_type"": ""profit_share"", ""title"": ""3% 수익 확정! 차익실현 타이밍이 중요하네요"", ""like_count"": 0, ""unlike_count"": 0, ""score"": 0}, {""post_id"": 7, ""anonymous_code"": ""여우-1683"", ""post_type"": ""trade_share"", ""title"": ""외국인 매도세에도 불구하고, AI 슈퍼사이클 믿고 추가 매수했습니다."", ""like_count"": 0, ""unlike_count"": 0, ""score"": 0}, {""post_id"": 8, ""anonymous_code"": ""독수리-9332"", ""post_type"": ""profit_share"", ""title"": ""목표 수익 10% 도달 전, 3% 오름에 먼저 정리했습니다."", ""like_count"": 0, ""unlike_count"": 0, ""score"": 0}, {""post_id"": 9, ""anonymous_code"": ""황소-6990"", ""post_type"": ""trade_share"", ""title"": ""21 만 원대 매수 완료... 외국인 팔고 개미 산다?"", ""like_count"": 0, ""unlike_count"": 0, ""score"": 0}, {""post_id"": 11, ""anonymous_code"": ""독수리-1692"", ""post_type"": ""profit_share"", ""title"": ""삼성전자 3% 차익 실현 완료! (21.65 만원)"", ""like_count"": 0, ""unlike_count"": 0, ""score"": 0}, {""post_id"": 12, ""anonymous_code"": ""독수리-6722"", ""post_type"": ""profit_share"", ""title"": ""과열 구간 뚝! 삼성전자는 팔아야 할 때 판다 (수익 확정)"", ""like_count"": 0, ""unlike_count"": 0, ""score"": 0}, {""post_id"": 13, ""anonymous_code"": ""곰-5671"", ""post_type"": ""trade_share"", ""title"": ""저평가 구간, 조금 더 모았습니다."", ""like_count"": 0, ""unlike_count"": 0, ""score"": 0}, {""post_id"": 14, ""anonymous_code"": ""늑대-3694"", ""post_type"": ""trade_share"", ""title"": ""3% 넘기며 팔았네요. 조금 아쉽지만 원칙은 지켜야죠."", ""like_count"": 0, ""unlike_count"": 0, ""score"": 0}]"
RN_COMM_ON_20260917,2026-02-27,2,A073,2,5,13,"[1, 2, 3, 4, 5, 6, 7, 8, 9, 10, 12, 13, 14]","[{""post_id"": 1, ""anonymous_code"": ""사자-8925"", ""post_type"": ""trade_share"", ""title"": ""외인 매도세 속에서도 상승 추세 따라 매수했습니다 (삼성전자)"", ""like_count"": 0, ""unlike_count"": 0, ""score"": 0}, {""post_id"": 2, ""anonymous_code"": ""황소-1620"", ""post_type"": ""trade_share"", ""title"": ""외국인 대량 매도에도 '저평가' 믿고 추가 매수했습니다."", ""like_count"": 0, ""unlike_count"": 0, ""score"": 0}, {""post_id"": 3, ""anonymous_code"": ""돌고래-2979"", ""post_type"": ""trade_share"", ""title"": ""떨어질수록 사들인다는 원칙대로 오늘 추가 매수했습니다."", ""like_count"": 0, ""unlike_count"": 0, ""score"": 0}, {""post_id"": 4, ""anonymous_code"": ""황소-4770"", ""post_type"": ""trade_share"", ""title"": ""외국인 대량 매도 속에서도 개인들의 잔치는 계속되는가? (삼성전자)"", ""like_count"": 0, ""unlike_count"": 0, ""score"": 0}, {""post_id"": 5, ""anonymous_code"": ""곰-8551"", ""post_type"": ""profit_share"", ""title"": ""삼성전자 3% 상승 시 전량 매도 성공! 수익 확정했습니다"", ""like_count"": 0, ""unlike_count"": 0, ""score"": 0}, {""post_id"": 6, ""anonymous_code"": ""황소-4980"", ""post_type"": ""profit_share"", ""title"": ""3% 수익 확정! 차익실현 타이밍이 중요하네요"", ""like_count"": 0, ""unlike_count"": 0, ""score"": 0}, {""post_id"": 7, ""anonymous_code"": ""여우-1683"", ""post_type"": ""trade_share"", ""title"": ""외국인 매도세에도 불구하고, AI 슈퍼사이클 믿고 추가 매수했습니다."", ""like_count"": 0, ""unlike_count"": 0, ""score"": 0}, {""post_id"": 8, ""anonymous_code"": ""독수리-9332"", ""post_type"": ""profit_share"", ""title"": ""목표 수익 10% 도달 전, 3% 오름에 먼저 정리했습니다."", ""like_count"": 0, ""unlike_count"": 0, ""score"": 0}, {""post_id"": 9, ""anonymous_code"": ""황소-6990"", ""post_type"": ""trade_share"", ""title"": ""21 만 원대 매수 완료... 외국인 팔고 개미 산다?"", ""like_count"": 0, ""unlike_count"": 0, ""score"": 0}, {""post_id"": 10, ""anonymous_code"": ""펭귄-5408"", ""post_type"": ""trade_share"", ""title"": ""외국인 팔고 개미 산다? 오늘 삼성전자 매수 완료"", ""like_count"": 0, ""unlike_count"": 0, ""score"": 0}, {""post_id"": 12, ""anonymous_code"": ""독수리-6722"", ""post_type"": ""profit_share"", ""title"": ""과열 구간 뚝! 삼성전자는 팔아야 할 때 판다 (수익 확정)"", ""like_count"": 0, ""unlike_count"": 0, ""score"": 0}, {""post_id"": 13, ""anonymous_code"": ""곰-5671"", ""post_type"": ""trade_share"", ""title"": ""저평가 구간, 조금 더 모았습니다."", ""like_count"": 0, ""unlike_count"": 0, ""score"": 0}, {""post_id"": 14, ""anonymous_code"": ""늑대-3694"", ""post_type"": ""trade_share"", ""title"": ""3% 넘기며 팔았네요. 조금 아쉽지만 원칙은 지켜야죠."", ""like_count"": 0, ""unlike_count"": 0, ""score"": 0}]"
RN_COMM_ON_20260917,2026-02-27,2,A075,1,5,14,"[1, 2, 3, 4, 5, 6, 7, 8, 9, 10, 11, 12, 13, 14]","[{""post_id"": 1, ""anonymous_code"": ""사자-8925"", ""post_type"": ""trade_share"", ""title"": ""외인 매도세 속에서도 상승 추세 따라 매수했습니다 (삼성전자)"", ""like_count"": 0, ""unlike_count"": 0, ""score"": 0}, {""post_id"": 2, ""anonymous_code"": ""황소-1620"", ""post_type"": ""trade_share"", ""title"": ""외국인 대량 매도에도 '저평가' 믿고 추가 매수했습니다."", ""like_count"": 0, ""unlike_count"": 0, ""score"": 0}, {""post_id"": 3, ""anonymous_code"": ""돌고래-2979"", ""post_type"": ""trade_share"", ""title"": ""떨어질수록 사들인다는 원칙대로 오늘 추가 매수했습니다."", ""like_count"": 0, ""unlike_count"": 0, ""score"": 0}, {""post_id"": 4, ""anonymous_code"": ""황소-4770"", ""post_type"": ""trade_share"", ""title"": ""외국인 대량 매도 속에서도 개인들의 잔치는 계속되는가? (삼성전자)"", ""like_count"": 0, ""unlike_count"": 0, ""score"": 0}, {""post_id"": 5, ""anonymous_code"": ""곰-8551"", ""post_type"": ""profit_share"", ""title"": ""삼성전자 3% 상승 시 전량 매도 성공! 수익 확정했습니다"", ""like_count"": 0, ""unlike_count"": 0, ""score"": 0}, {""post_id"": 6, ""anonymous_code"": ""황소-4980"", ""post_type"": ""profit_share"", ""title"": ""3% 수익 확정! 차익실현 타이밍이 중요하네요"", ""like_count"": 0, ""unlike_count"": 0, ""score"": 0}, {""post_id"": 7, ""anonymous_code"": ""여우-1683"", ""post_type"": ""trade_share"", ""title"": ""외국인 매도세에도 불구하고, AI 슈퍼사이클 믿고 추가 매수했습니다."", ""like_count"": 0, ""unlike_count"": 0, ""score"": 0}, {""post_id"": 8, ""anonymous_code"": ""독수리-9332"", ""post_type"": ""profit_share"", ""title"": ""목표 수익 10% 도달 전, 3% 오름에 먼저 정리했습니다."", ""like_count"": 0, ""unlike_count"": 0, ""score"": 0}, {""post_id"": 9, ""anonymous_code"": ""황소-6990"", ""post_type"": ""trade_share"", ""title"": ""21 만 원대 매수 완료... 외국인 팔고 개미 산다?"", ""like_count"": 0, ""unlike_count"": 0, ""score"": 0}, {""post_id"": 10, ""anonymous_code"": ""펭귄-5408"", ""post_type"": ""trade_share"", ""title"": ""외국인 팔고 개미 산다? 오늘 삼성전자 매수 완료"", ""like_count"": 0, ""unlike_count"": 0, ""score"": 0}, {""post_id"": 11, ""anonymous_code"": ""독수리-1692"", ""post_type"": ""profit_share"", ""title"": ""삼성전자 3% 차익 실현 완료! (21.65 만원)"", ""like_count"": 0, ""unlike_count"": 0, ""score"": 0}, {""post_id"": 12, ""anonymous_code"": ""독수리-6722"", ""post_type"": ""profit_share"", ""title"": ""과열 구간 뚝! 삼성전자는 팔아야 할 때 판다 (수익 확정)"", ""like_count"": 0, ""unlike_count"": 0, ""score"": 0}, {""post_id"": 13, ""anonymous_code"": ""곰-5671"", ""post_type"": ""trade_share"", ""title"": ""저평가 구간, 조금 더 모았습니다."", ""like_count"": 0, ""unlike_count"": 0, ""score"": 0}, {""post_id"": 14, ""anonymous_code"": ""늑대-3694"", ""post_type"": ""trade_share"", ""title"": ""3% 넘기며 팔았네요. 조금 아쉽지만 원칙은 지켜야죠."", ""like_count"": 0, ""unlike_count"": 0, ""score"": 0}]"
RN_COMM_ON_20260917,2026-02-27,2,A077,1,5,14,"[1, 2, 3, 4, 5, 6, 7, 8, 9, 10, 11, 12, 13, 14]","[{""post_id"": 1, ""anonymous_code"": ""사자-8925"", ""post_type"": ""trade_share"", ""title"": ""외인 매도세 속에서도 상승 추세 따라 매수했습니다 (삼성전자)"", ""like_count"": 0, ""unlike_count"": 0, ""score"": 0}, {""post_id"": 2, ""anonymous_code"": ""황소-1620"", ""post_type"": ""trade_share"", ""title"": ""외국인 대량 매도에도 '저평가' 믿고 추가 매수했습니다."", ""like_count"": 0, ""unlike_count"": 0, ""score"": 0}, {""post_id"": 3, ""anonymous_code"": ""돌고래-2979"", ""post_type"": ""trade_share"", ""title"": ""떨어질수록 사들인다는 원칙대로 오늘 추가 매수했습니다."", ""like_count"": 0, ""unlike_count"": 0, ""score"": 0}, {""post_id"": 4, ""anonymous_code"": ""황소-4770"", ""post_type"": ""trade_share"", ""title"": ""외국인 대량 매도 속에서도 개인들의 잔치는 계속되는가? (삼성전자)"", ""like_count"": 0, ""unlike_count"": 0, ""score"": 0}, {""post_id"": 5, ""anonymous_code"": ""곰-8551"", ""post_type"": ""profit_share"", ""title"": ""삼성전자 3% 상승 시 전량 매도 성공! 수익 확정했습니다"", ""like_count"": 0, ""unlike_count"": 0, ""score"": 0}, {""post_id"": 6, ""anonymous_code"": ""황소-4980"", ""post_type"": ""profit_share"", ""title"": ""3% 수익 확정! 차익실현 타이밍이 중요하네요"", ""like_count"": 0, ""unlike_count"": 0, ""score"": 0}, {""post_id"": 7, ""anonymous_code"": ""여우-1683"", ""post_type"": ""trade_share"", ""title"": ""외국인 매도세에도 불구하고, AI 슈퍼사이클 믿고 추가 매수했습니다."", ""like_count"": 0, ""unlike_count"": 0, ""score"": 0}, {""post_id"": 8, ""anonymous_code"": ""독수리-9332"", ""post_type"": ""profit_share"", ""title"": ""목표 수익 10% 도달 전, 3% 오름에 먼저 정리했습니다."", ""like_count"": 0, ""unlike_count"": 0, ""score"": 0}, {""post_id"": 9, ""anonymous_code"": ""황소-6990"", ""post_type"": ""trade_share"", ""title"": ""21 만 원대 매수 완료... 외국인 팔고 개미 산다?"", ""like_count"": 0, ""unlike_count"": 0, ""score"": 0}, {""post_id"": 10, ""anonymous_code"": ""펭귄-5408"", ""post_type"": ""trade_share"", ""title"": ""외국인 팔고 개미 산다? 오늘 삼성전자 매수 완료"", ""like_count"": 0, ""unlike_count"": 0, ""score"": 0}, {""post_id"": 11, ""anonymous_code"": ""독수리-1692"", ""post_type"": ""profit_share"", ""title"": ""삼성전자 3% 차익 실현 완료! (21.65 만원)"", ""like_count"": 0, ""unlike_count"": 0, ""score"": 0}, {""post_id"": 12, ""anonymous_code"": ""독수리-6722"", ""post_type"": ""profit_share"", ""title"": ""과열 구간 뚝! 삼성전자는 팔아야 할 때 판다 (수익 확정)"", ""like_count"": 0, ""unlike_count"": 0, ""score"": 0}, {""post_id"": 13, ""anonymous_code"": ""곰-5671"", ""post_type"": ""trade_share"", ""title"": ""저평가 구간, 조금 더 모았습니다."", ""like_count"": 0, ""unlike_count"": 0, ""score"": 0}, {""post_id"": 14, ""anonymous_code"": ""늑대-3694"", ""post_type"": ""trade_share"", ""title"": ""3% 넘기며 팔았네요. 조금 아쉽지만 원칙은 지켜야죠."", ""like_count"": 0, ""unlike_count"": 0, ""score"": 0}]"
RN_COMM_ON_20260917,2026-02-27,2,A079,1,5,14,"[1, 2, 3, 4, 5, 6, 7, 8, 9, 10, 11, 12, 13, 14]","[{""post_id"": 1, ""anonymous_code"": ""사자-8925"", ""post_type"": ""trade_share"", ""title"": ""외인 매도세 속에서도 상승 추세 따라 매수했습니다 (삼성전자)"", ""like_count"": 0, ""unlike_count"": 0, ""score"": 0}, {""post_id"": 2, ""anonymous_code"": ""황소-1620"", ""post_type"": ""trade_share"", ""title"": ""외국인 대량 매도에도 '저평가' 믿고 추가 매수했습니다."", ""like_count"": 0, ""unlike_count"": 0, ""score"": 0}, {""post_id"": 3, ""anonymous_code"": ""돌고래-2979"", ""post_type"": ""trade_share"", ""title"": ""떨어질수록 사들인다는 원칙대로 오늘 추가 매수했습니다."", ""like_count"": 0, ""unlike_count"": 0, ""score"": 0}, {""post_id"": 4, ""anonymous_code"": ""황소-4770"", ""post_type"": ""trade_share"", ""title"": ""외국인 대량 매도 속에서도 개인들의 잔치는 계속되는가? (삼성전자)"", ""like_count"": 0, ""unlike_count"": 0, ""score"": 0}, {""post_id"": 5, ""anonymous_code"": ""곰-8551"", ""post_type"": ""profit_share"", ""title"": ""삼성전자 3% 상승 시 전량 매도 성공! 수익 확정했습니다"", ""like_count"": 0, ""unlike_count"": 0, ""score"": 0}, {""post_id"": 6, ""anonymous_code"": ""황소-4980"", ""post_type"": ""profit_share"", ""title"": ""3% 수익 확정! 차익실현 타이밍이 중요하네요"", ""like_count"": 0, ""unlike_count"": 0, ""score"": 0}, {""post_id"": 7, ""anonymous_code"": ""여우-1683"", ""post_type"": ""trade_share"", ""title"": ""외국인 매도세에도 불구하고, AI 슈퍼사이클 믿고 추가 매수했습니다."", ""like_count"": 0, ""unlike_count"": 0, ""score"": 0}, {""post_id"": 8, ""anonymous_code"": ""독수리-9332"", ""post_type"": ""profit_share"", ""title"": ""목표 수익 10% 도달 전, 3% 오름에 먼저 정리했습니다."", ""like_count"": 0, ""unlike_count"": 0, ""score"": 0}, {""post_id"": 9, ""anonymous_code"": ""황소-6990"", ""post_type"": ""trade_share"", ""title"": ""21 만 원대 매수 완료... 외국인 팔고 개미 산다?"", ""like_count"": 0, ""unlike_count"": 0, ""score"": 0}, {""post_id"": 10, ""anonymous_code"": ""펭귄-5408"", ""post_type"": ""trade_share"", ""title"": ""외국인 팔고 개미 산다? 오늘 삼성전자 매수 완료"", ""like_count"": 0, ""unlike_count"": 0, ""score"": 0}, {""post_id"": 11, ""anonymous_code"": ""독수리-1692"", ""post_type"": ""profit_share"", ""title"": ""삼성전자 3% 차익 실현 완료! (21.65 만원)"", ""like_count"": 0, ""unlike_count"": 0, ""score"": 0}, {""post_id"": 12, ""anonymous_code"": ""독수리-6722"", ""post_type"": ""profit_share"", ""title"": ""과열 구간 뚝! 삼성전자는 팔아야 할 때 판다 (수익 확정)"", ""like_count"": 0, ""unlike_count"": 0, ""score"": 0}, {""post_id"": 13, ""anonymous_code"": ""곰-5671"", ""post_type"": ""trade_share"", ""title"": ""저평가 구간, 조금 더 모았습니다."", ""like_count"": 0, ""unlike_count"": 0, ""score"": 0}, {""post_id"": 14, ""anonymous_code"": ""늑대-3694"", ""post_type"": ""trade_share"", ""title"": ""3% 넘기며 팔았네요. 조금 아쉽지만 원칙은 지켜야죠."", ""like_count"": 0, ""unlike_count"": 0, ""score"": 0}]"
RN_COMM_ON_20260917,2026-02-27,2,A083,2,5,14,"[1, 2, 3, 4, 5, 6, 7, 8, 9, 10, 11, 12, 13, 14]","[{""post_id"": 1, ""anonymous_code"": ""사자-8925"", ""post_type"": ""trade_share"", ""title"": ""외인 매도세 속에서도 상승 추세 따라 매수했습니다 (삼성전자)"", ""like_count"": 0, ""unlike_count"": 0, ""score"": 0}, {""post_id"": 2, ""anonymous_code"": ""황소-1620"", ""post_type"": ""trade_share"", ""title"": ""외국인 대량 매도에도 '저평가' 믿고 추가 매수했습니다."", ""like_count"": 0, ""unlike_count"": 0, ""score"": 0}, {""post_id"": 3, ""anonymous_code"": ""돌고래-2979"", ""post_type"": ""trade_share"", ""title"": ""떨어질수록 사들인다는 원칙대로 오늘 추가 매수했습니다."", ""like_count"": 0, ""unlike_count"": 0, ""score"": 0}, {""post_id"": 4, ""anonymous_code"": ""황소-4770"", ""post_type"": ""trade_share"", ""title"": ""외국인 대량 매도 속에서도 개인들의 잔치는 계속되는가? (삼성전자)"", ""like_count"": 0, ""unlike_count"": 0, ""score"": 0}, {""post_id"": 5, ""anonymous_code"": ""곰-8551"", ""post_type"": ""profit_share"", ""title"": ""삼성전자 3% 상승 시 전량 매도 성공! 수익 확정했습니다"", ""like_count"": 0, ""unlike_count"": 0, ""score"": 0}, {""post_id"": 6, ""anonymous_code"": ""황소-4980"", ""post_type"": ""profit_share"", ""title"": ""3% 수익 확정! 차익실현 타이밍이 중요하네요"", ""like_count"": 0, ""unlike_count"": 0, ""score"": 0}, {""post_id"": 7, ""anonymous_code"": ""여우-1683"", ""post_type"": ""trade_share"", ""title"": ""외국인 매도세에도 불구하고, AI 슈퍼사이클 믿고 추가 매수했습니다."", ""like_count"": 0, ""unlike_count"": 0, ""score"": 0}, {""post_id"": 8, ""anonymous_code"": ""독수리-9332"", ""post_type"": ""profit_share"", ""title"": ""목표 수익 10% 도달 전, 3% 오름에 먼저 정리했습니다."", ""like_count"": 0, ""unlike_count"": 0, ""score"": 0}, {""post_id"": 9, ""anonymous_code"": ""황소-6990"", ""post_type"": ""trade_share"", ""title"": ""21 만 원대 매수 완료... 외국인 팔고 개미 산다?"", ""like_count"": 0, ""unlike_count"": 0, ""score"": 0}, {""post_id"": 10, ""anonymous_code"": ""펭귄-5408"", ""post_type"": ""trade_share"", ""title"": ""외국인 팔고 개미 산다? 오늘 삼성전자 매수 완료"", ""like_count"": 0, ""unlike_count"": 0, ""score"": 0}, {""post_id"": 11, ""anonymous_code"": ""독수리-1692"", ""post_type"": ""profit_share"", ""title"": ""삼성전자 3% 차익 실현 완료! (21.65 만원)"", ""like_count"": 0, ""unlike_count"": 0, ""score"": 0}, {""post_id"": 12, ""anonymous_code"": ""독수리-6722"", ""post_type"": ""profit_share"", ""title"": ""과열 구간 뚝! 삼성전자는 팔아야 할 때 판다 (수익 확정)"", ""like_count"": 0, ""unlike_count"": 0, ""score"": 0}, {""post_id"": 13, ""anonymous_code"": ""곰-5671"", ""post_type"": ""trade_share"", ""title"": ""저평가 구간, 조금 더 모았습니다."", ""like_count"": 0, ""unlike_count"": 0, ""score"": 0}, {""post_id"": 14, ""anonymous_code"": ""늑대-3694"", ""post_type"": ""trade_share"", ""title"": ""3% 넘기며 팔았네요. 조금 아쉽지만 원칙은 지켜야죠."", ""like_count"": 0, ""unlike_count"": 0, ""score"": 0}]"
RN_COMM_ON_20260917,2026-02-27,2,A076,2,5,14,"[1, 2, 3, 4, 5, 6, 7, 8, 9, 10, 11, 12, 13, 14]","[{""post_id"": 1, ""anonymous_code"": ""사자-8925"", ""post_type"": ""trade_share"", ""title"": ""외인 매도세 속에서도 상승 추세 따라 매수했습니다 (삼성전자)"", ""like_count"": 0, ""unlike_count"": 0, ""score"": 0}, {""post_id"": 2, ""anonymous_code"": ""황소-1620"", ""post_type"": ""trade_share"", ""title"": ""외국인 대량 매도에도 '저평가' 믿고 추가 매수했습니다."", ""like_count"": 0, ""unlike_count"": 0, ""score"": 0}, {""post_id"": 3, ""anonymous_code"": ""돌고래-2979"", ""post_type"": ""trade_share"", ""title"": ""떨어질수록 사들인다는 원칙대로 오늘 추가 매수했습니다."", ""like_count"": 0, ""unlike_count"": 0, ""score"": 0}, {""post_id"": 4, ""anonymous_code"": ""황소-4770"", ""post_type"": ""trade_share"", ""title"": ""외국인 대량 매도 속에서도 개인들의 잔치는 계속되는가? (삼성전자)"", ""like_count"": 0, ""unlike_count"": 0, ""score"": 0}, {""post_id"": 5, ""anonymous_code"": ""곰-8551"", ""post_type"": ""profit_share"", ""title"": ""삼성전자 3% 상승 시 전량 매도 성공! 수익 확정했습니다"", ""like_count"": 0, ""unlike_count"": 0, ""score"": 0}, {""post_id"": 6, ""anonymous_code"": ""황소-4980"", ""post_type"": ""profit_share"", ""title"": ""3% 수익 확정! 차익실현 타이밍이 중요하네요"", ""like_count"": 0, ""unlike_count"": 0, ""score"": 0}, {""post_id"": 7, ""anonymous_code"": ""여우-1683"", ""post_type"": ""trade_share"", ""title"": ""외국인 매도세에도 불구하고, AI 슈퍼사이클 믿고 추가 매수했습니다."", ""like_count"": 0, ""unlike_count"": 0, ""score"": 0}, {""post_id"": 8, ""anonymous_code"": ""독수리-9332"", ""post_type"": ""profit_share"", ""title"": ""목표 수익 10% 도달 전, 3% 오름에 먼저 정리했습니다."", ""like_count"": 0, ""unlike_count"": 0, ""score"": 0}, {""post_id"": 9, ""anonymous_code"": ""황소-6990"", ""post_type"": ""trade_share"", ""title"": ""21 만 원대 매수 완료... 외국인 팔고 개미 산다?"", ""like_count"": 0, ""unlike_count"": 0, ""score"": 0}, {""post_id"": 10, ""anonymous_code"": ""펭귄-5408"", ""post_type"": ""trade_share"", ""title"": ""외국인 팔고 개미 산다? 오늘 삼성전자 매수 완료"", ""like_count"": 0, ""unlike_count"": 0, ""score"": 0}, {""post_id"": 11, ""anonymous_code"": ""독수리-1692"", ""post_type"": ""profit_share"", ""title"": ""삼성전자 3% 차익 실현 완료! (21.65 만원)"", ""like_count"": 0, ""unlike_count"": 0, ""score"": 0}, {""post_id"": 12, ""anonymous_code"": ""독수리-6722"", ""post_type"": ""profit_share"", ""title"": ""과열 구간 뚝! 삼성전자는 팔아야 할 때 판다 (수익 확정)"", ""like_count"": 0, ""unlike_count"": 0, ""score"": 0}, {""post_id"": 13, ""anonymous_code"": ""곰-5671"", ""post_type"": ""trade_share"", ""title"": ""저평가 구간, 조금 더 모았습니다."", ""like_count"": 0, ""unlike_count"": 0, ""score"": 0}, {""post_id"": 14, ""anonymous_code"": ""늑대-3694"", ""post_type"": ""trade_share"", ""title"": ""3% 넘기며 팔았네요. 조금 아쉽지만 원칙은 지켜야죠."", ""like_count"": 0, ""unlike_count"": 0, ""score"": 0}]"
RN_COMM_ON_20260917,2026-02-27,2,A080,1,5,14,"[1, 2, 3, 4, 5, 6, 7, 8, 9, 10, 11, 12, 13, 14]","[{""post_id"": 1, ""anonymous_code"": ""사자-8925"", ""post_type"": ""trade_share"", ""title"": ""외인 매도세 속에서도 상승 추세 따라 매수했습니다 (삼성전자)"", ""like_count"": 0, ""unlike_count"": 0, ""score"": 0}, {""post_id"": 2, ""anonymous_code"": ""황소-1620"", ""post_type"": ""trade_share"", ""title"": ""외국인 대량 매도에도 '저평가' 믿고 추가 매수했습니다."", ""like_count"": 0, ""unlike_count"": 0, ""score"": 0}, {""post_id"": 3, ""anonymous_code"": ""돌고래-2979"", ""post_type"": ""trade_share"", ""title"": ""떨어질수록 사들인다는 원칙대로 오늘 추가 매수했습니다."", ""like_count"": 0, ""unlike_count"": 0, ""score"": 0}, {""post_id"": 4, ""anonymous_code"": ""황소-4770"", ""post_type"": ""trade_share"", ""title"": ""외국인 대량 매도 속에서도 개인들의 잔치는 계속되는가? (삼성전자)"", ""like_count"": 0, ""unlike_count"": 0, ""score"": 0}, {""post_id"": 5, ""anonymous_code"": ""곰-8551"", ""post_type"": ""profit_share"", ""title"": ""삼성전자 3% 상승 시 전량 매도 성공! 수익 확정했습니다"", ""like_count"": 0, ""unlike_count"": 0, ""score"": 0}, {""post_id"": 6, ""anonymous_code"": ""황소-4980"", ""post_type"": ""profit_share"", ""title"": ""3% 수익 확정! 차익실현 타이밍이 중요하네요"", ""like_count"": 0, ""unlike_count"": 0, ""score"": 0}, {""post_id"": 7, ""anonymous_code"": ""여우-1683"", ""post_type"": ""trade_share"", ""title"": ""외국인 매도세에도 불구하고, AI 슈퍼사이클 믿고 추가 매수했습니다."", ""like_count"": 0, ""unlike_count"": 0, ""score"": 0}, {""post_id"": 8, ""anonymous_code"": ""독수리-9332"", ""post_type"": ""profit_share"", ""title"": ""목표 수익 10% 도달 전, 3% 오름에 먼저 정리했습니다."", ""like_count"": 0, ""unlike_count"": 0, ""score"": 0}, {""post_id"": 9, ""anonymous_code"": ""황소-6990"", ""post_type"": ""trade_share"", ""title"": ""21 만 원대 매수 완료... 외국인 팔고 개미 산다?"", ""like_count"": 0, ""unlike_count"": 0, ""score"": 0}, {""post_id"": 10, ""anonymous_code"": ""펭귄-5408"", ""post_type"": ""trade_share"", ""title"": ""외국인 팔고 개미 산다? 오늘 삼성전자 매수 완료"", ""like_count"": 0, ""unlike_count"": 0, ""score"": 0}, {""post_id"": 11, ""anonymous_code"": ""독수리-1692"", ""post_type"": ""profit_share"", ""title"": ""삼성전자 3% 차익 실현 완료! (21.65 만원)"", ""like_count"": 0, ""unlike_count"": 0, ""score"": 0}, {""post_id"": 12, ""anonymous_code"": ""독수리-6722"", ""post_type"": ""profit_share"", ""title"": ""과열 구간 뚝! 삼성전자는 팔아야 할 때 판다 (수익 확정)"", ""like_count"": 0, ""unlike_count"": 0, ""score"": 0}, {""post_id"": 13, ""anonymous_code"": ""곰-5671"", ""post_type"": ""trade_share"", ""title"": ""저평가 구간, 조금 더 모았습니다."", ""like_count"": 0, ""unlike_count"": 0, ""score"": 0}, {""post_id"": 14, ""anonymous_code"": ""늑대-3694"", ""post_type"": ""trade_share"", ""title"": ""3% 넘기며 팔았네요. 조금 아쉽지만 원칙은 지켜야죠."", ""like_count"": 0, ""unlike_count"": 0, ""score"": 0}]"
RN_COMM_ON_20260917,2026-02-27,2,A084,1,5,13,"[1, 2, 3, 4, 5, 6, 7, 8, 9, 10, 11, 13, 14]","[{""post_id"": 1, ""anonymous_code"": ""사자-8925"", ""post_type"": ""trade_share"", ""title"": ""외인 매도세 속에서도 상승 추세 따라 매수했습니다 (삼성전자)"", ""like_count"": 0, ""unlike_count"": 0, ""score"": 0}, {""post_id"": 2, ""anonymous_code"": ""황소-1620"", ""post_type"": ""trade_share"", ""title"": ""외국인 대량 매도에도 '저평가' 믿고 추가 매수했습니다."", ""like_count"": 0, ""unlike_count"": 0, ""score"": 0}, {""post_id"": 3, ""anonymous_code"": ""돌고래-2979"", ""post_type"": ""trade_share"", ""title"": ""떨어질수록 사들인다는 원칙대로 오늘 추가 매수했습니다."", ""like_count"": 0, ""unlike_count"": 0, ""score"": 0}, {""post_id"": 4, ""anonymous_code"": ""황소-4770"", ""post_type"": ""trade_share"", ""title"": ""외국인 대량 매도 속에서도 개인들의 잔치는 계속되는가? (삼성전자)"", ""like_count"": 0, ""unlike_count"": 0, ""score"": 0}, {""post_id"": 5, ""anonymous_code"": ""곰-8551"", ""post_type"": ""profit_share"", ""title"": ""삼성전자 3% 상승 시 전량 매도 성공! 수익 확정했습니다"", ""like_count"": 0, ""unlike_count"": 0, ""score"": 0}, {""post_id"": 6, ""anonymous_code"": ""황소-4980"", ""post_type"": ""profit_share"", ""title"": ""3% 수익 확정! 차익실현 타이밍이 중요하네요"", ""like_count"": 0, ""unlike_count"": 0, ""score"": 0}, {""post_id"": 7, ""anonymous_code"": ""여우-1683"", ""post_type"": ""trade_share"", ""title"": ""외국인 매도세에도 불구하고, AI 슈퍼사이클 믿고 추가 매수했습니다."", ""like_count"": 0, ""unlike_count"": 0, ""score"": 0}, {""post_id"": 8, ""anonymous_code"": ""독수리-9332"", ""post_type"": ""profit_share"", ""title"": ""목표 수익 10% 도달 전, 3% 오름에 먼저 정리했습니다."", ""like_count"": 0, ""unlike_count"": 0, ""score"": 0}, {""post_id"": 9, ""anonymous_code"": ""황소-6990"", ""post_type"": ""trade_share"", ""title"": ""21 만 원대 매수 완료... 외국인 팔고 개미 산다?"", ""like_count"": 0, ""unlike_count"": 0, ""score"": 0}, {""post_id"": 10, ""anonymous_code"": ""펭귄-5408"", ""post_type"": ""trade_share"", ""title"": ""외국인 팔고 개미 산다? 오늘 삼성전자 매수 완료"", ""like_count"": 0, ""unlike_count"": 0, ""score"": 0}, {""post_id"": 11, ""anonymous_code"": ""독수리-1692"", ""post_type"": ""profit_share"", ""title"": ""삼성전자 3% 차익 실현 완료! (21.65 만원)"", ""like_count"": 0, ""unlike_count"": 0, ""score"": 0}, {""post_id"": 13, ""anonymous_code"": ""곰-5671"", ""post_type"": ""trade_share"", ""title"": ""저평가 구간, 조금 더 모았습니다."", ""like_count"": 0, ""unlike_count"": 0, ""score"": 0}, {""post_id"": 14, ""anonymous_code"": ""늑대-3694"", ""post_type"": ""trade_share"", ""title"": ""3% 넘기며 팔았네요. 조금 아쉽지만 원칙은 지켜야죠."", ""like_count"": 0, ""unlike_count"": 0, ""score"": 0}]"
RN_COMM_ON_20260917,2026-02-27,2,A086,1,5,14,"[1, 2, 3, 4, 5, 6, 7, 8, 9, 10, 11, 12, 13, 14]","[{""post_id"": 1, ""anonymous_code"": ""사자-8925"", ""post_type"": ""trade_share"", ""title"": ""외인 매도세 속에서도 상승 추세 따라 매수했습니다 (삼성전자)"", ""like_count"": 0, ""unlike_count"": 0, ""score"": 0}, {""post_id"": 2, ""anonymous_code"": ""황소-1620"", ""post_type"": ""trade_share"", ""title"": ""외국인 대량 매도에도 '저평가' 믿고 추가 매수했습니다."", ""like_count"": 0, ""unlike_count"": 0, ""score"": 0}, {""post_id"": 3, ""anonymous_code"": ""돌고래-2979"", ""post_type"": ""trade_share"", ""title"": ""떨어질수록 사들인다는 원칙대로 오늘 추가 매수했습니다."", ""like_count"": 0, ""unlike_count"": 0, ""score"": 0}, {""post_id"": 4, ""anonymous_code"": ""황소-4770"", ""post_type"": ""trade_share"", ""title"": ""외국인 대량 매도 속에서도 개인들의 잔치는 계속되는가? (삼성전자)"", ""like_count"": 0, ""unlike_count"": 0, ""score"": 0}, {""post_id"": 5, ""anonymous_code"": ""곰-8551"", ""post_type"": ""profit_share"", ""title"": ""삼성전자 3% 상승 시 전량 매도 성공! 수익 확정했습니다"", ""like_count"": 0, ""unlike_count"": 0, ""score"": 0}, {""post_id"": 6, ""anonymous_code"": ""황소-4980"", ""post_type"": ""profit_share"", ""title"": ""3% 수익 확정! 차익실현 타이밍이 중요하네요"", ""like_count"": 0, ""unlike_count"": 0, ""score"": 0}, {""post_id"": 7, ""anonymous_code"": ""여우-1683"", ""post_type"": ""trade_share"", ""title"": ""외국인 매도세에도 불구하고, AI 슈퍼사이클 믿고 추가 매수했습니다."", ""like_count"": 0, ""unlike_count"": 0, ""score"": 0}, {""post_id"": 8, ""anonymous_code"": ""독수리-9332"", ""post_type"": ""profit_share"", ""title"": ""목표 수익 10% 도달 전, 3% 오름에 먼저 정리했습니다."", ""like_count"": 0, ""unlike_count"": 0, ""score"": 0}, {""post_id"": 9, ""anonymous_code"": ""황소-6990"", ""post_type"": ""trade_share"", ""title"": ""21 만 원대 매수 완료... 외국인 팔고 개미 산다?"", ""like_count"": 0, ""unlike_count"": 0, ""score"": 0}, {""post_id"": 10, ""anonymous_code"": ""펭귄-5408"", ""post_type"": ""trade_share"", ""title"": ""외국인 팔고 개미 산다? 오늘 삼성전자 매수 완료"", ""like_count"": 0, ""unlike_count"": 0, ""score"": 0}, {""post_id"": 11, ""anonymous_code"": ""독수리-1692"", ""post_type"": ""profit_share"", ""title"": ""삼성전자 3% 차익 실현 완료! (21.65 만원)"", ""like_count"": 0, ""unlike_count"": 0, ""score"": 0}, {""post_id"": 12, ""anonymous_code"": ""독수리-6722"", ""post_type"": ""profit_share"", ""title"": ""과열 구간 뚝! 삼성전자는 팔아야 할 때 판다 (수익 확정)"", ""like_count"": 0, ""unlike_count"": 0, ""score"": 0}, {""post_id"": 13, ""anonymous_code"": ""곰-5671"", ""post_type"": ""trade_share"", ""title"": ""저평가 구간, 조금 더 모았습니다."", ""like_count"": 0, ""unlike_count"": 0, ""score"": 0}, {""post_id"": 14, ""anonymous_code"": ""늑대-3694"", ""post_type"": ""trade_share"", ""title"": ""3% 넘기며 팔았네요. 조금 아쉽지만 원칙은 지켜야죠."", ""like_count"": 0, ""unlike_count"": 0, ""score"": 0}]"
RN_COMM_ON_20260917,2026-02-27,2,A085,1,5,14,"[1, 2, 3, 4, 5, 6, 7, 8, 9, 10, 11, 12, 13, 14]","[{""post_id"": 1, ""anonymous_code"": ""사자-8925"", ""post_type"": ""trade_share"", ""title"": ""외인 매도세 속에서도 상승 추세 따라 매수했습니다 (삼성전자)"", ""like_count"": 0, ""unlike_count"": 0, ""score"": 0}, {""post_id"": 2, ""anonymous_code"": ""황소-1620"", ""post_type"": ""trade_share"", ""title"": ""외국인 대량 매도에도 '저평가' 믿고 추가 매수했습니다."", ""like_count"": 0, ""unlike_count"": 0, ""score"": 0}, {""post_id"": 3, ""anonymous_code"": ""돌고래-2979"", ""post_type"": ""trade_share"", ""title"": ""떨어질수록 사들인다는 원칙대로 오늘 추가 매수했습니다."", ""like_count"": 0, ""unlike_count"": 0, ""score"": 0}, {""post_id"": 4, ""anonymous_code"": ""황소-4770"", ""post_type"": ""trade_share"", ""title"": ""외국인 대량 매도 속에서도 개인들의 잔치는 계속되는가? (삼성전자)"", ""like_count"": 0, ""unlike_count"": 0, ""score"": 0}, {""post_id"": 5, ""anonymous_code"": ""곰-8551"", ""post_type"": ""profit_share"", ""title"": ""삼성전자 3% 상승 시 전량 매도 성공! 수익 확정했습니다"", ""like_count"": 0, ""unlike_count"": 0, ""score"": 0}, {""post_id"": 6, ""anonymous_code"": ""황소-4980"", ""post_type"": ""profit_share"", ""title"": ""3% 수익 확정! 차익실현 타이밍이 중요하네요"", ""like_count"": 0, ""unlike_count"": 0, ""score"": 0}, {""post_id"": 7, ""anonymous_code"": ""여우-1683"", ""post_type"": ""trade_share"", ""title"": ""외국인 매도세에도 불구하고, AI 슈퍼사이클 믿고 추가 매수했습니다."", ""like_count"": 0, ""unlike_count"": 0, ""score"": 0}, {""post_id"": 8, ""anonymous_code"": ""독수리-9332"", ""post_type"": ""profit_share"", ""title"": ""목표 수익 10% 도달 전, 3% 오름에 먼저 정리했습니다."", ""like_count"": 0, ""unlike_count"": 0, ""score"": 0}, {""post_id"": 9, ""anonymous_code"": ""황소-6990"", ""post_type"": ""trade_share"", ""title"": ""21 만 원대 매수 완료... 외국인 팔고 개미 산다?"", ""like_count"": 0, ""unlike_count"": 0, ""score"": 0}, {""post_id"": 10, ""anonymous_code"": ""펭귄-5408"", ""post_type"": ""trade_share"", ""title"": ""외국인 팔고 개미 산다? 오늘 삼성전자 매수 완료"", ""like_count"": 0, ""unlike_count"": 0, ""score"": 0}, {""post_id"": 11, ""anonymous_code"": ""독수리-1692"", ""post_type"": ""profit_share"", ""title"": ""삼성전자 3% 차익 실현 완료! (21.65 만원)"", ""like_count"": 0, ""unlike_count"": 0, ""score"": 0}, {""post_id"": 12, ""anonymous_code"": ""독수리-6722"", ""post_type"": ""profit_share"", ""title"": ""과열 구간 뚝! 삼성전자는 팔아야 할 때 판다 (수익 확정)"", ""like_count"": 0, ""unlike_count"": 0, ""score"": 0}, {""post_id"": 13, ""anonymous_code"": ""곰-5671"", ""post_type"": ""trade_share"", ""title"": ""저평가 구간, 조금 더 모았습니다."", ""like_count"": 0, ""unlike_count"": 0, ""score"": 0}, {""post_id"": 14, ""anonymous_code"": ""늑대-3694"", ""post_type"": ""trade_share"", ""title"": ""3% 넘기며 팔았네요. 조금 아쉽지만 원칙은 지켜야죠."", ""like_count"": 0, ""unlike_count"": 0, ""score"": 0}]"
RN_COMM_ON_20260917,2026-02-27,2,A087,1,5,14,"[1, 2, 3, 4, 5, 6, 7, 8, 9, 10, 11, 12, 13, 14]","[{""post_id"": 1, ""anonymous_code"": ""사자-8925"", ""post_type"": ""trade_share"", ""title"": ""외인 매도세 속에서도 상승 추세 따라 매수했습니다 (삼성전자)"", ""like_count"": 0, ""unlike_count"": 0, ""score"": 0}, {""post_id"": 2, ""anonymous_code"": ""황소-1620"", ""post_type"": ""trade_share"", ""title"": ""외국인 대량 매도에도 '저평가' 믿고 추가 매수했습니다."", ""like_count"": 0, ""unlike_count"": 0, ""score"": 0}, {""post_id"": 3, ""anonymous_code"": ""돌고래-2979"", ""post_type"": ""trade_share"", ""title"": ""떨어질수록 사들인다는 원칙대로 오늘 추가 매수했습니다."", ""like_count"": 0, ""unlike_count"": 0, ""score"": 0}, {""post_id"": 4, ""anonymous_code"": ""황소-4770"", ""post_type"": ""trade_share"", ""title"": ""외국인 대량 매도 속에서도 개인들의 잔치는 계속되는가? (삼성전자)"", ""like_count"": 0, ""unlike_count"": 0, ""score"": 0}, {""post_id"": 5, ""anonymous_code"": ""곰-8551"", ""post_type"": ""profit_share"", ""title"": ""삼성전자 3% 상승 시 전량 매도 성공! 수익 확정했습니다"", ""like_count"": 0, ""unlike_count"": 0, ""score"": 0}, {""post_id"": 6, ""anonymous_code"": ""황소-4980"", ""post_type"": ""profit_share"", ""title"": ""3% 수익 확정! 차익실현 타이밍이 중요하네요"", ""like_count"": 0, ""unlike_count"": 0, ""score"": 0}, {""post_id"": 7, ""anonymous_code"": ""여우-1683"", ""post_type"": ""trade_share"", ""title"": ""외국인 매도세에도 불구하고, AI 슈퍼사이클 믿고 추가 매수했습니다."", ""like_count"": 0, ""unlike_count"": 0, ""score"": 0}, {""post_id"": 8, ""anonymous_code"": ""독수리-9332"", ""post_type"": ""profit_share"", ""title"": ""목표 수익 10% 도달 전, 3% 오름에 먼저 정리했습니다."", ""like_count"": 0, ""unlike_count"": 0, ""score"": 0}, {""post_id"": 9, ""anonymous_code"": ""황소-6990"", ""post_type"": ""trade_share"", ""title"": ""21 만 원대 매수 완료... 외국인 팔고 개미 산다?"", ""like_count"": 0, ""unlike_count"": 0, ""score"": 0}, {""post_id"": 10, ""anonymous_code"": ""펭귄-5408"", ""post_type"": ""trade_share"", ""title"": ""외국인 팔고 개미 산다? 오늘 삼성전자 매수 완료"", ""like_count"": 0, ""unlike_count"": 0, ""score"": 0}, {""post_id"": 11, ""anonymous_code"": ""독수리-1692"", ""post_type"": ""profit_share"", ""title"": ""삼성전자 3% 차익 실현 완료! (21.65 만원)"", ""like_count"": 0, ""unlike_count"": 0, ""score"": 0}, {""post_id"": 12, ""anonymous_code"": ""독수리-6722"", ""post_type"": ""profit_share"", ""title"": ""과열 구간 뚝! 삼성전자는 팔아야 할 때 판다 (수익 확정)"", ""like_count"": 0, ""unlike_count"": 0, ""score"": 0}, {""post_id"": 13, ""anonymous_code"": ""곰-5671"", ""post_type"": ""trade_share"", ""title"": ""저평가 구간, 조금 더 모았습니다."", ""like_count"": 0, ""unlike_count"": 0, ""score"": 0}, {""post_id"": 14, ""anonymous_code"": ""늑대-3694"", ""post_type"": ""trade_share"", ""title"": ""3% 넘기며 팔았네요. 조금 아쉽지만 원칙은 지켜야죠."", ""like_count"": 0, ""unlike_count"": 0, ""score"": 0}]"
RN_COMM_ON_20260917,2026-02-27,2,A089,1,5,14,"[1, 2, 3, 4, 5, 6, 7, 8, 9, 10, 11, 12, 13, 14]","[{""post_id"": 1, ""anonymous_code"": ""사자-8925"", ""post_type"": ""trade_share"", ""title"": ""외인 매도세 속에서도 상승 추세 따라 매수했습니다 (삼성전자)"", ""like_count"": 0, ""unlike_count"": 0, ""score"": 0}, {""post_id"": 2, ""anonymous_code"": ""황소-1620"", ""post_type"": ""trade_share"", ""title"": ""외국인 대량 매도에도 '저평가' 믿고 추가 매수했습니다."", ""like_count"": 0, ""unlike_count"": 0, ""score"": 0}, {""post_id"": 3, ""anonymous_code"": ""돌고래-2979"", ""post_type"": ""trade_share"", ""title"": ""떨어질수록 사들인다는 원칙대로 오늘 추가 매수했습니다."", ""like_count"": 0, ""unlike_count"": 0, ""score"": 0}, {""post_id"": 4, ""anonymous_code"": ""황소-4770"", ""post_type"": ""trade_share"", ""title"": ""외국인 대량 매도 속에서도 개인들의 잔치는 계속되는가? (삼성전자)"", ""like_count"": 0, ""unlike_count"": 0, ""score"": 0}, {""post_id"": 5, ""anonymous_code"": ""곰-8551"", ""post_type"": ""profit_share"", ""title"": ""삼성전자 3% 상승 시 전량 매도 성공! 수익 확정했습니다"", ""like_count"": 0, ""unlike_count"": 0, ""score"": 0}, {""post_id"": 6, ""anonymous_code"": ""황소-4980"", ""post_type"": ""profit_share"", ""title"": ""3% 수익 확정! 차익실현 타이밍이 중요하네요"", ""like_count"": 0, ""unlike_count"": 0, ""score"": 0}, {""post_id"": 7, ""anonymous_code"": ""여우-1683"", ""post_type"": ""trade_share"", ""title"": ""외국인 매도세에도 불구하고, AI 슈퍼사이클 믿고 추가 매수했습니다."", ""like_count"": 0, ""unlike_count"": 0, ""score"": 0}, {""post_id"": 8, ""anonymous_code"": ""독수리-9332"", ""post_type"": ""profit_share"", ""title"": ""목표 수익 10% 도달 전, 3% 오름에 먼저 정리했습니다."", ""like_count"": 0, ""unlike_count"": 0, ""score"": 0}, {""post_id"": 9, ""anonymous_code"": ""황소-6990"", ""post_type"": ""trade_share"", ""title"": ""21 만 원대 매수 완료... 외국인 팔고 개미 산다?"", ""like_count"": 0, ""unlike_count"": 0, ""score"": 0}, {""post_id"": 10, ""anonymous_code"": ""펭귄-5408"", ""post_type"": ""trade_share"", ""title"": ""외국인 팔고 개미 산다? 오늘 삼성전자 매수 완료"", ""like_count"": 0, ""unlike_count"": 0, ""score"": 0}, {""post_id"": 11, ""anonymous_code"": ""독수리-1692"", ""post_type"": ""profit_share"", ""title"": ""삼성전자 3% 차익 실현 완료! (21.65 만원)"", ""like_count"": 0, ""unlike_count"": 0, ""score"": 0}, {""post_id"": 12, ""anonymous_code"": ""독수리-6722"", ""post_type"": ""profit_share"", ""title"": ""과열 구간 뚝! 삼성전자는 팔아야 할 때 판다 (수익 확정)"", ""like_count"": 0, ""unlike_count"": 0, ""score"": 0}, {""post_id"": 13, ""anonymous_code"": ""곰-5671"", ""post_type"": ""trade_share"", ""title"": ""저평가 구간, 조금 더 모았습니다."", ""like_count"": 0, ""unlike_count"": 0, ""score"": 0}, {""post_id"": 14, ""anonymous_code"": ""늑대-3694"", ""post_type"": ""trade_share"", ""title"": ""3% 넘기며 팔았네요. 조금 아쉽지만 원칙은 지켜야죠."", ""like_count"": 0, ""unlike_count"": 0, ""score"": 0}]"
RN_COMM_ON_20260917,2026-02-27,2,A091,2,5,14,"[1, 2, 3, 4, 5, 6, 7, 8, 9, 10, 11, 12, 13, 14]","[{""post_id"": 1, ""anonymous_code"": ""사자-8925"", ""post_type"": ""trade_share"", ""title"": ""외인 매도세 속에서도 상승 추세 따라 매수했습니다 (삼성전자)"", ""like_count"": 0, ""unlike_count"": 0, ""score"": 0}, {""post_id"": 2, ""anonymous_code"": ""황소-1620"", ""post_type"": ""trade_share"", ""title"": ""외국인 대량 매도에도 '저평가' 믿고 추가 매수했습니다."", ""like_count"": 0, ""unlike_count"": 0, ""score"": 0}, {""post_id"": 3, ""anonymous_code"": ""돌고래-2979"", ""post_type"": ""trade_share"", ""title"": ""떨어질수록 사들인다는 원칙대로 오늘 추가 매수했습니다."", ""like_count"": 0, ""unlike_count"": 0, ""score"": 0}, {""post_id"": 4, ""anonymous_code"": ""황소-4770"", ""post_type"": ""trade_share"", ""title"": ""외국인 대량 매도 속에서도 개인들의 잔치는 계속되는가? (삼성전자)"", ""like_count"": 0, ""unlike_count"": 0, ""score"": 0}, {""post_id"": 5, ""anonymous_code"": ""곰-8551"", ""post_type"": ""profit_share"", ""title"": ""삼성전자 3% 상승 시 전량 매도 성공! 수익 확정했습니다"", ""like_count"": 0, ""unlike_count"": 0, ""score"": 0}, {""post_id"": 6, ""anonymous_code"": ""황소-4980"", ""post_type"": ""profit_share"", ""title"": ""3% 수익 확정! 차익실현 타이밍이 중요하네요"", ""like_count"": 0, ""unlike_count"": 0, ""score"": 0}, {""post_id"": 7, ""anonymous_code"": ""여우-1683"", ""post_type"": ""trade_share"", ""title"": ""외국인 매도세에도 불구하고, AI 슈퍼사이클 믿고 추가 매수했습니다."", ""like_count"": 0, ""unlike_count"": 0, ""score"": 0}, {""post_id"": 8, ""anonymous_code"": ""독수리-9332"", ""post_type"": ""profit_share"", ""title"": ""목표 수익 10% 도달 전, 3% 오름에 먼저 정리했습니다."", ""like_count"": 0, ""unlike_count"": 0, ""score"": 0}, {""post_id"": 9, ""anonymous_code"": ""황소-6990"", ""post_type"": ""trade_share"", ""title"": ""21 만 원대 매수 완료... 외국인 팔고 개미 산다?"", ""like_count"": 0, ""unlike_count"": 0, ""score"": 0}, {""post_id"": 10, ""anonymous_code"": ""펭귄-5408"", ""post_type"": ""trade_share"", ""title"": ""외국인 팔고 개미 산다? 오늘 삼성전자 매수 완료"", ""like_count"": 0, ""unlike_count"": 0, ""score"": 0}, {""post_id"": 11, ""anonymous_code"": ""독수리-1692"", ""post_type"": ""profit_share"", ""title"": ""삼성전자 3% 차익 실현 완료! (21.65 만원)"", ""like_count"": 0, ""unlike_count"": 0, ""score"": 0}, {""post_id"": 12, ""anonymous_code"": ""독수리-6722"", ""post_type"": ""profit_share"", ""title"": ""과열 구간 뚝! 삼성전자는 팔아야 할 때 판다 (수익 확정)"", ""like_count"": 0, ""unlike_count"": 0, ""score"": 0}, {""post_id"": 13, ""anonymous_code"": ""곰-5671"", ""post_type"": ""trade_share"", ""title"": ""저평가 구간, 조금 더 모았습니다."", ""like_count"": 0, ""unlike_count"": 0, ""score"": 0}, {""post_id"": 14, ""anonymous_code"": ""늑대-3694"", ""post_type"": ""trade_share"", ""title"": ""3% 넘기며 팔았네요. 조금 아쉽지만 원칙은 지켜야죠."", ""like_count"": 0, ""unlike_count"": 0, ""score"": 0}]"
RN_COMM_ON_20260917,2026-02-27,2,A090,1,5,14,"[1, 2, 3, 4, 5, 6, 7, 8, 9, 10, 11, 12, 13, 14]","[{""post_id"": 1, ""anonymous_code"": ""사자-8925"", ""post_type"": ""trade_share"", ""title"": ""외인 매도세 속에서도 상승 추세 따라 매수했습니다 (삼성전자)"", ""like_count"": 0, ""unlike_count"": 0, ""score"": 0}, {""post_id"": 2, ""anonymous_code"": ""황소-1620"", ""post_type"": ""trade_share"", ""title"": ""외국인 대량 매도에도 '저평가' 믿고 추가 매수했습니다."", ""like_count"": 0, ""unlike_count"": 0, ""score"": 0}, {""post_id"": 3, ""anonymous_code"": ""돌고래-2979"", ""post_type"": ""trade_share"", ""title"": ""떨어질수록 사들인다는 원칙대로 오늘 추가 매수했습니다."", ""like_count"": 0, ""unlike_count"": 0, ""score"": 0}, {""post_id"": 4, ""anonymous_code"": ""황소-4770"", ""post_type"": ""trade_share"", ""title"": ""외국인 대량 매도 속에서도 개인들의 잔치는 계속되는가? (삼성전자)"", ""like_count"": 0, ""unlike_count"": 0, ""score"": 0}, {""post_id"": 5, ""anonymous_code"": ""곰-8551"", ""post_type"": ""profit_share"", ""title"": ""삼성전자 3% 상승 시 전량 매도 성공! 수익 확정했습니다"", ""like_count"": 0, ""unlike_count"": 0, ""score"": 0}, {""post_id"": 6, ""anonymous_code"": ""황소-4980"", ""post_type"": ""profit_share"", ""title"": ""3% 수익 확정! 차익실현 타이밍이 중요하네요"", ""like_count"": 0, ""unlike_count"": 0, ""score"": 0}, {""post_id"": 7, ""anonymous_code"": ""여우-1683"", ""post_type"": ""trade_share"", ""title"": ""외국인 매도세에도 불구하고, AI 슈퍼사이클 믿고 추가 매수했습니다."", ""like_count"": 0, ""unlike_count"": 0, ""score"": 0}, {""post_id"": 8, ""anonymous_code"": ""독수리-9332"", ""post_type"": ""profit_share"", ""title"": ""목표 수익 10% 도달 전, 3% 오름에 먼저 정리했습니다."", ""like_count"": 0, ""unlike_count"": 0, ""score"": 0}, {""post_id"": 9, ""anonymous_code"": ""황소-6990"", ""post_type"": ""trade_share"", ""title"": ""21 만 원대 매수 완료... 외국인 팔고 개미 산다?"", ""like_count"": 0, ""unlike_count"": 0, ""score"": 0}, {""post_id"": 10, ""anonymous_code"": ""펭귄-5408"", ""post_type"": ""trade_share"", ""title"": ""외국인 팔고 개미 산다? 오늘 삼성전자 매수 완료"", ""like_count"": 0, ""unlike_count"": 0, ""score"": 0}, {""post_id"": 11, ""anonymous_code"": ""독수리-1692"", ""post_type"": ""profit_share"", ""title"": ""삼성전자 3% 차익 실현 완료! (21.65 만원)"", ""like_count"": 0, ""unlike_count"": 0, ""score"": 0}, {""post_id"": 12, ""anonymous_code"": ""독수리-6722"", ""post_type"": ""profit_share"", ""title"": ""과열 구간 뚝! 삼성전자는 팔아야 할 때 판다 (수익 확정)"", ""like_count"": 0, ""unlike_count"": 0, ""score"": 0}, {""post_id"": 13, ""anonymous_code"": ""곰-5671"", ""post_type"": ""trade_share"", ""title"": ""저평가 구간, 조금 더 모았습니다."", ""like_count"": 0, ""unlike_count"": 0, ""score"": 0}, {""post_id"": 14, ""anonymous_code"": ""늑대-3694"", ""post_type"": ""trade_share"", ""title"": ""3% 넘기며 팔았네요. 조금 아쉽지만 원칙은 지켜야죠."", ""like_count"": 0, ""unlike_count"": 0, ""score"": 0}]"
RN_COMM_ON_20260917,2026-02-27,2,A092,1,5,14,"[1, 2, 3, 4, 5, 6, 7, 8, 9, 10, 11, 12, 13, 14]","[{""post_id"": 1, ""anonymous_code"": ""사자-8925"", ""post_type"": ""trade_share"", ""title"": ""외인 매도세 속에서도 상승 추세 따라 매수했습니다 (삼성전자)"", ""like_count"": 0, ""unlike_count"": 0, ""score"": 0}, {""post_id"": 2, ""anonymous_code"": ""황소-1620"", ""post_type"": ""trade_share"", ""title"": ""외국인 대량 매도에도 '저평가' 믿고 추가 매수했습니다."", ""like_count"": 0, ""unlike_count"": 0, ""score"": 0}, {""post_id"": 3, ""anonymous_code"": ""돌고래-2979"", ""post_type"": ""trade_share"", ""title"": ""떨어질수록 사들인다는 원칙대로 오늘 추가 매수했습니다."", ""like_count"": 0, ""unlike_count"": 0, ""score"": 0}, {""post_id"": 4, ""anonymous_code"": ""황소-4770"", ""post_type"": ""trade_share"", ""title"": ""외국인 대량 매도 속에서도 개인들의 잔치는 계속되는가? (삼성전자)"", ""like_count"": 0, ""unlike_count"": 0, ""score"": 0}, {""post_id"": 5, ""anonymous_code"": ""곰-8551"", ""post_type"": ""profit_share"", ""title"": ""삼성전자 3% 상승 시 전량 매도 성공! 수익 확정했습니다"", ""like_count"": 0, ""unlike_count"": 0, ""score"": 0}, {""post_id"": 6, ""anonymous_code"": ""황소-4980"", ""post_type"": ""profit_share"", ""title"": ""3% 수익 확정! 차익실현 타이밍이 중요하네요"", ""like_count"": 0, ""unlike_count"": 0, ""score"": 0}, {""post_id"": 7, ""anonymous_code"": ""여우-1683"", ""post_type"": ""trade_share"", ""title"": ""외국인 매도세에도 불구하고, AI 슈퍼사이클 믿고 추가 매수했습니다."", ""like_count"": 0, ""unlike_count"": 0, ""score"": 0}, {""post_id"": 8, ""anonymous_code"": ""독수리-9332"", ""post_type"": ""profit_share"", ""title"": ""목표 수익 10% 도달 전, 3% 오름에 먼저 정리했습니다."", ""like_count"": 0, ""unlike_count"": 0, ""score"": 0}, {""post_id"": 9, ""anonymous_code"": ""황소-6990"", ""post_type"": ""trade_share"", ""title"": ""21 만 원대 매수 완료... 외국인 팔고 개미 산다?"", ""like_count"": 0, ""unlike_count"": 0, ""score"": 0}, {""post_id"": 10, ""anonymous_code"": ""펭귄-5408"", ""post_type"": ""trade_share"", ""title"": ""외국인 팔고 개미 산다? 오늘 삼성전자 매수 완료"", ""like_count"": 0, ""unlike_count"": 0, ""score"": 0}, {""post_id"": 11, ""anonymous_code"": ""독수리-1692"", ""post_type"": ""profit_share"", ""title"": ""삼성전자 3% 차익 실현 완료! (21.65 만원)"", ""like_count"": 0, ""unlike_count"": 0, ""score"": 0}, {""post_id"": 12, ""anonymous_code"": ""독수리-6722"", ""post_type"": ""profit_share"", ""title"": ""과열 구간 뚝! 삼성전자는 팔아야 할 때 판다 (수익 확정)"", ""like_count"": 0, ""unlike_count"": 0, ""score"": 0}, {""post_id"": 13, ""anonymous_code"": ""곰-5671"", ""post_type"": ""trade_share"", ""title"": ""저평가 구간, 조금 더 모았습니다."", ""like_count"": 0, ""unlike_count"": 0, ""score"": 0}, {""post_id"": 14, ""anonymous_code"": ""늑대-3694"", ""post_type"": ""trade_share"", ""title"": ""3% 넘기며 팔았네요. 조금 아쉽지만 원칙은 지켜야죠."", ""like_count"": 0, ""unlike_count"": 0, ""score"": 0}]"
RN_COMM_ON_20260917,2026-02-27,2,A093,1,5,14,"[1, 2, 3, 4, 5, 6, 7, 8, 9, 10, 11, 12, 13, 14]","[{""post_id"": 1, ""anonymous_code"": ""사자-8925"", ""post_type"": ""trade_share"", ""title"": ""외인 매도세 속에서도 상승 추세 따라 매수했습니다 (삼성전자)"", ""like_count"": 0, ""unlike_count"": 0, ""score"": 0}, {""post_id"": 2, ""anonymous_code"": ""황소-1620"", ""post_type"": ""trade_share"", ""title"": ""외국인 대량 매도에도 '저평가' 믿고 추가 매수했습니다."", ""like_count"": 0, ""unlike_count"": 0, ""score"": 0}, {""post_id"": 3, ""anonymous_code"": ""돌고래-2979"", ""post_type"": ""trade_share"", ""title"": ""떨어질수록 사들인다는 원칙대로 오늘 추가 매수했습니다."", ""like_count"": 0, ""unlike_count"": 0, ""score"": 0}, {""post_id"": 4, ""anonymous_code"": ""황소-4770"", ""post_type"": ""trade_share"", ""title"": ""외국인 대량 매도 속에서도 개인들의 잔치는 계속되는가? (삼성전자)"", ""like_count"": 0, ""unlike_count"": 0, ""score"": 0}, {""post_id"": 5, ""anonymous_code"": ""곰-8551"", ""post_type"": ""profit_share"", ""title"": ""삼성전자 3% 상승 시 전량 매도 성공! 수익 확정했습니다"", ""like_count"": 0, ""unlike_count"": 0, ""score"": 0}, {""post_id"": 6, ""anonymous_code"": ""황소-4980"", ""post_type"": ""profit_share"", ""title"": ""3% 수익 확정! 차익실현 타이밍이 중요하네요"", ""like_count"": 0, ""unlike_count"": 0, ""score"": 0}, {""post_id"": 7, ""anonymous_code"": ""여우-1683"", ""post_type"": ""trade_share"", ""title"": ""외국인 매도세에도 불구하고, AI 슈퍼사이클 믿고 추가 매수했습니다."", ""like_count"": 0, ""unlike_count"": 0, ""score"": 0}, {""post_id"": 8, ""anonymous_code"": ""독수리-9332"", ""post_type"": ""profit_share"", ""title"": ""목표 수익 10% 도달 전, 3% 오름에 먼저 정리했습니다."", ""like_count"": 0, ""unlike_count"": 0, ""score"": 0}, {""post_id"": 9, ""anonymous_code"": ""황소-6990"", ""post_type"": ""trade_share"", ""title"": ""21 만 원대 매수 완료... 외국인 팔고 개미 산다?"", ""like_count"": 0, ""unlike_count"": 0, ""score"": 0}, {""post_id"": 10, ""anonymous_code"": ""펭귄-5408"", ""post_type"": ""trade_share"", ""title"": ""외국인 팔고 개미 산다? 오늘 삼성전자 매수 완료"", ""like_count"": 0, ""unlike_count"": 0, ""score"": 0}, {""post_id"": 11, ""anonymous_code"": ""독수리-1692"", ""post_type"": ""profit_share"", ""title"": ""삼성전자 3% 차익 실현 완료! (21.65 만원)"", ""like_count"": 0, ""unlike_count"": 0, ""score"": 0}, {""post_id"": 12, ""anonymous_code"": ""독수리-6722"", ""post_type"": ""profit_share"", ""title"": ""과열 구간 뚝! 삼성전자는 팔아야 할 때 판다 (수익 확정)"", ""like_count"": 0, ""unlike_count"": 0, ""score"": 0}, {""post_id"": 13, ""anonymous_code"": ""곰-5671"", ""post_type"": ""trade_share"", ""title"": ""저평가 구간, 조금 더 모았습니다."", ""like_count"": 0, ""unlike_count"": 0, ""score"": 0}, {""post_id"": 14, ""anonymous_code"": ""늑대-3694"", ""post_type"": ""trade_share"", ""title"": ""3% 넘기며 팔았네요. 조금 아쉽지만 원칙은 지켜야죠."", ""like_count"": 0, ""unlike_count"": 0, ""score"": 0}]"
RN_COMM_ON_20260917,2026-02-27,2,A094,1,5,13,"[1, 2, 3, 4, 5, 6, 7, 8, 9, 10, 11, 12, 14]","[{""post_id"": 1, ""anonymous_code"": ""사자-8925"", ""post_type"": ""trade_share"", ""title"": ""외인 매도세 속에서도 상승 추세 따라 매수했습니다 (삼성전자)"", ""like_count"": 0, ""unlike_count"": 0, ""score"": 0}, {""post_id"": 2, ""anonymous_code"": ""황소-1620"", ""post_type"": ""trade_share"", ""title"": ""외국인 대량 매도에도 '저평가' 믿고 추가 매수했습니다."", ""like_count"": 0, ""unlike_count"": 0, ""score"": 0}, {""post_id"": 3, ""anonymous_code"": ""돌고래-2979"", ""post_type"": ""trade_share"", ""title"": ""떨어질수록 사들인다는 원칙대로 오늘 추가 매수했습니다."", ""like_count"": 0, ""unlike_count"": 0, ""score"": 0}, {""post_id"": 4, ""anonymous_code"": ""황소-4770"", ""post_type"": ""trade_share"", ""title"": ""외국인 대량 매도 속에서도 개인들의 잔치는 계속되는가? (삼성전자)"", ""like_count"": 0, ""unlike_count"": 0, ""score"": 0}, {""post_id"": 5, ""anonymous_code"": ""곰-8551"", ""post_type"": ""profit_share"", ""title"": ""삼성전자 3% 상승 시 전량 매도 성공! 수익 확정했습니다"", ""like_count"": 0, ""unlike_count"": 0, ""score"": 0}, {""post_id"": 6, ""anonymous_code"": ""황소-4980"", ""post_type"": ""profit_share"", ""title"": ""3% 수익 확정! 차익실현 타이밍이 중요하네요"", ""like_count"": 0, ""unlike_count"": 0, ""score"": 0}, {""post_id"": 7, ""anonymous_code"": ""여우-1683"", ""post_type"": ""trade_share"", ""title"": ""외국인 매도세에도 불구하고, AI 슈퍼사이클 믿고 추가 매수했습니다."", ""like_count"": 0, ""unlike_count"": 0, ""score"": 0}, {""post_id"": 8, ""anonymous_code"": ""독수리-9332"", ""post_type"": ""profit_share"", ""title"": ""목표 수익 10% 도달 전, 3% 오름에 먼저 정리했습니다."", ""like_count"": 0, ""unlike_count"": 0, ""score"": 0}, {""post_id"": 9, ""anonymous_code"": ""황소-6990"", ""post_type"": ""trade_share"", ""title"": ""21 만 원대 매수 완료... 외국인 팔고 개미 산다?"", ""like_count"": 0, ""unlike_count"": 0, ""score"": 0}, {""post_id"": 10, ""anonymous_code"": ""펭귄-5408"", ""post_type"": ""trade_share"", ""title"": ""외국인 팔고 개미 산다? 오늘 삼성전자 매수 완료"", ""like_count"": 0, ""unlike_count"": 0, ""score"": 0}, {""post_id"": 11, ""anonymous_code"": ""독수리-1692"", ""post_type"": ""profit_share"", ""title"": ""삼성전자 3% 차익 실현 완료! (21.65 만원)"", ""like_count"": 0, ""unlike_count"": 0, ""score"": 0}, {""post_id"": 12, ""anonymous_code"": ""독수리-6722"", ""post_type"": ""profit_share"", ""title"": ""과열 구간 뚝! 삼성전자는 팔아야 할 때 판다 (수익 확정)"", ""like_count"": 0, ""unlike_count"": 0, ""score"": 0}, {""post_id"": 14, ""anonymous_code"": ""늑대-3694"", ""post_type"": ""trade_share"", ""title"": ""3% 넘기며 팔았네요. 조금 아쉽지만 원칙은 지켜야죠."", ""like_count"": 0, ""unlike_count"": 0, ""score"": 0}]"
RN_COMM_ON_20260917,2026-02-27,2,A096,2,5,14,"[1, 2, 3, 4, 5, 6, 7, 8, 9, 10, 11, 12, 13, 14]","[{""post_id"": 1, ""anonymous_code"": ""사자-8925"", ""post_type"": ""trade_share"", ""title"": ""외인 매도세 속에서도 상승 추세 따라 매수했습니다 (삼성전자)"", ""like_count"": 0, ""unlike_count"": 0, ""score"": 0}, {""post_id"": 2, ""anonymous_code"": ""황소-1620"", ""post_type"": ""trade_share"", ""title"": ""외국인 대량 매도에도 '저평가' 믿고 추가 매수했습니다."", ""like_count"": 0, ""unlike_count"": 0, ""score"": 0}, {""post_id"": 3, ""anonymous_code"": ""돌고래-2979"", ""post_type"": ""trade_share"", ""title"": ""떨어질수록 사들인다는 원칙대로 오늘 추가 매수했습니다."", ""like_count"": 0, ""unlike_count"": 0, ""score"": 0}, {""post_id"": 4, ""anonymous_code"": ""황소-4770"", ""post_type"": ""trade_share"", ""title"": ""외국인 대량 매도 속에서도 개인들의 잔치는 계속되는가? (삼성전자)"", ""like_count"": 0, ""unlike_count"": 0, ""score"": 0}, {""post_id"": 5, ""anonymous_code"": ""곰-8551"", ""post_type"": ""profit_share"", ""title"": ""삼성전자 3% 상승 시 전량 매도 성공! 수익 확정했습니다"", ""like_count"": 0, ""unlike_count"": 0, ""score"": 0}, {""post_id"": 6, ""anonymous_code"": ""황소-4980"", ""post_type"": ""profit_share"", ""title"": ""3% 수익 확정! 차익실현 타이밍이 중요하네요"", ""like_count"": 0, ""unlike_count"": 0, ""score"": 0}, {""post_id"": 7, ""anonymous_code"": ""여우-1683"", ""post_type"": ""trade_share"", ""title"": ""외국인 매도세에도 불구하고, AI 슈퍼사이클 믿고 추가 매수했습니다."", ""like_count"": 0, ""unlike_count"": 0, ""score"": 0}, {""post_id"": 8, ""anonymous_code"": ""독수리-9332"", ""post_type"": ""profit_share"", ""title"": ""목표 수익 10% 도달 전, 3% 오름에 먼저 정리했습니다."", ""like_count"": 0, ""unlike_count"": 0, ""score"": 0}, {""post_id"": 9, ""anonymous_code"": ""황소-6990"", ""post_type"": ""trade_share"", ""title"": ""21 만 원대 매수 완료... 외국인 팔고 개미 산다?"", ""like_count"": 0, ""unlike_count"": 0, ""score"": 0}, {""post_id"": 10, ""anonymous_code"": ""펭귄-5408"", ""post_type"": ""trade_share"", ""title"": ""외국인 팔고 개미 산다? 오늘 삼성전자 매수 완료"", ""like_count"": 0, ""unlike_count"": 0, ""score"": 0}, {""post_id"": 11, ""anonymous_code"": ""독수리-1692"", ""post_type"": ""profit_share"", ""title"": ""삼성전자 3% 차익 실현 완료! (21.65 만원)"", ""like_count"": 0, ""unlike_count"": 0, ""score"": 0}, {""post_id"": 12, ""anonymous_code"": ""독수리-6722"", ""post_type"": ""profit_share"", ""title"": ""과열 구간 뚝! 삼성전자는 팔아야 할 때 판다 (수익 확정)"", ""like_count"": 0, ""unlike_count"": 0, ""score"": 0}, {""post_id"": 13, ""anonymous_code"": ""곰-5671"", ""post_type"": ""trade_share"", ""title"": ""저평가 구간, 조금 더 모았습니다."", ""like_count"": 0, ""unlike_count"": 0, ""score"": 0}, {""post_id"": 14, ""anonymous_code"": ""늑대-3694"", ""post_type"": ""trade_share"", ""title"": ""3% 넘기며 팔았네요. 조금 아쉽지만 원칙은 지켜야죠."", ""like_count"": 0, ""unlike_count"": 0, ""score"": 0}]"
RN_COMM_ON_20260917,2026-02-27,2,A098,1,5,13,"[1, 2, 3, 4, 5, 6, 7, 8, 9, 10, 11, 12, 13]","[{""post_id"": 1, ""anonymous_code"": ""사자-8925"", ""post_type"": ""trade_share"", ""title"": ""외인 매도세 속에서도 상승 추세 따라 매수했습니다 (삼성전자)"", ""like_count"": 0, ""unlike_count"": 0, ""score"": 0}, {""post_id"": 2, ""anonymous_code"": ""황소-1620"", ""post_type"": ""trade_share"", ""title"": ""외국인 대량 매도에도 '저평가' 믿고 추가 매수했습니다."", ""like_count"": 0, ""unlike_count"": 0, ""score"": 0}, {""post_id"": 3, ""anonymous_code"": ""돌고래-2979"", ""post_type"": ""trade_share"", ""title"": ""떨어질수록 사들인다는 원칙대로 오늘 추가 매수했습니다."", ""like_count"": 0, ""unlike_count"": 0, ""score"": 0}, {""post_id"": 4, ""anonymous_code"": ""황소-4770"", ""post_type"": ""trade_share"", ""title"": ""외국인 대량 매도 속에서도 개인들의 잔치는 계속되는가? (삼성전자)"", ""like_count"": 0, ""unlike_count"": 0, ""score"": 0}, {""post_id"": 5, ""anonymous_code"": ""곰-8551"", ""post_type"": ""profit_share"", ""title"": ""삼성전자 3% 상승 시 전량 매도 성공! 수익 확정했습니다"", ""like_count"": 0, ""unlike_count"": 0, ""score"": 0}, {""post_id"": 6, ""anonymous_code"": ""황소-4980"", ""post_type"": ""profit_share"", ""title"": ""3% 수익 확정! 차익실현 타이밍이 중요하네요"", ""like_count"": 0, ""unlike_count"": 0, ""score"": 0}, {""post_id"": 7, ""anonymous_code"": ""여우-1683"", ""post_type"": ""trade_share"", ""title"": ""외국인 매도세에도 불구하고, AI 슈퍼사이클 믿고 추가 매수했습니다."", ""like_count"": 0, ""unlike_count"": 0, ""score"": 0}, {""post_id"": 8, ""anonymous_code"": ""독수리-9332"", ""post_type"": ""profit_share"", ""title"": ""목표 수익 10% 도달 전, 3% 오름에 먼저 정리했습니다."", ""like_count"": 0, ""unlike_count"": 0, ""score"": 0}, {""post_id"": 9, ""anonymous_code"": ""황소-6990"", ""post_type"": ""trade_share"", ""title"": ""21 만 원대 매수 완료... 외국인 팔고 개미 산다?"", ""like_count"": 0, ""unlike_count"": 0, ""score"": 0}, {""post_id"": 10, ""anonymous_code"": ""펭귄-5408"", ""post_type"": ""trade_share"", ""title"": ""외국인 팔고 개미 산다? 오늘 삼성전자 매수 완료"", ""like_count"": 0, ""unlike_count"": 0, ""score"": 0}, {""post_id"": 11, ""anonymous_code"": ""독수리-1692"", ""post_type"": ""profit_share"", ""title"": ""삼성전자 3% 차익 실현 완료! (21.65 만원)"", ""like_count"": 0, ""unlike_count"": 0, ""score"": 0}, {""post_id"": 12, ""anonymous_code"": ""독수리-6722"", ""post_type"": ""profit_share"", ""title"": ""과열 구간 뚝! 삼성전자는 팔아야 할 때 판다 (수익 확정)"", ""like_count"": 0, ""unlike_count"": 0, ""score"": 0}, {""post_id"": 13, ""anonymous_code"": ""곰-5671"", ""post_type"": ""trade_share"", ""title"": ""저평가 구간, 조금 더 모았습니다."", ""like_count"": 0, ""unlike_count"": 0, ""score"": 0}]"
RN_COMM_ON_20260917,2026-02-27,2,A097,1,5,14,"[1, 2, 3, 4, 5, 6, 7, 8, 9, 10, 11, 12, 13, 14]","[{""post_id"": 1, ""anonymous_code"": ""사자-8925"", ""post_type"": ""trade_share"", ""title"": ""외인 매도세 속에서도 상승 추세 따라 매수했습니다 (삼성전자)"", ""like_count"": 0, ""unlike_count"": 0, ""score"": 0}, {""post_id"": 2, ""anonymous_code"": ""황소-1620"", ""post_type"": ""trade_share"", ""title"": ""외국인 대량 매도에도 '저평가' 믿고 추가 매수했습니다."", ""like_count"": 0, ""unlike_count"": 0, ""score"": 0}, {""post_id"": 3, ""anonymous_code"": ""돌고래-2979"", ""post_type"": ""trade_share"", ""title"": ""떨어질수록 사들인다는 원칙대로 오늘 추가 매수했습니다."", ""like_count"": 0, ""unlike_count"": 0, ""score"": 0}, {""post_id"": 4, ""anonymous_code"": ""황소-4770"", ""post_type"": ""trade_share"", ""title"": ""외국인 대량 매도 속에서도 개인들의 잔치는 계속되는가? (삼성전자)"", ""like_count"": 0, ""unlike_count"": 0, ""score"": 0}, {""post_id"": 5, ""anonymous_code"": ""곰-8551"", ""post_type"": ""profit_share"", ""title"": ""삼성전자 3% 상승 시 전량 매도 성공! 수익 확정했습니다"", ""like_count"": 0, ""unlike_count"": 0, ""score"": 0}, {""post_id"": 6, ""anonymous_code"": ""황소-4980"", ""post_type"": ""profit_share"", ""title"": ""3% 수익 확정! 차익실현 타이밍이 중요하네요"", ""like_count"": 0, ""unlike_count"": 0, ""score"": 0}, {""post_id"": 7, ""anonymous_code"": ""여우-1683"", ""post_type"": ""trade_share"", ""title"": ""외국인 매도세에도 불구하고, AI 슈퍼사이클 믿고 추가 매수했습니다."", ""like_count"": 0, ""unlike_count"": 0, ""score"": 0}, {""post_id"": 8, ""anonymous_code"": ""독수리-9332"", ""post_type"": ""profit_share"", ""title"": ""목표 수익 10% 도달 전, 3% 오름에 먼저 정리했습니다."", ""like_count"": 0, ""unlike_count"": 0, ""score"": 0}, {""post_id"": 9, ""anonymous_code"": ""황소-6990"", ""post_type"": ""trade_share"", ""title"": ""21 만 원대 매수 완료... 외국인 팔고 개미 산다?"", ""like_count"": 0, ""unlike_count"": 0, ""score"": 0}, {""post_id"": 10, ""anonymous_code"": ""펭귄-5408"", ""post_type"": ""trade_share"", ""title"": ""외국인 팔고 개미 산다? 오늘 삼성전자 매수 완료"", ""like_count"": 0, ""unlike_count"": 0, ""score"": 0}, {""post_id"": 11, ""anonymous_code"": ""독수리-1692"", ""post_type"": ""profit_share"", ""title"": ""삼성전자 3% 차익 실현 완료! (21.65 만원)"", ""like_count"": 0, ""unlike_count"": 0, ""score"": 0}, {""post_id"": 12, ""anonymous_code"": ""독수리-6722"", ""post_type"": ""profit_share"", ""title"": ""과열 구간 뚝! 삼성전자는 팔아야 할 때 판다 (수익 확정)"", ""like_count"": 0, ""unlike_count"": 0, ""score"": 0}, {""post_id"": 13, ""anonymous_code"": ""곰-5671"", ""post_type"": ""trade_share"", ""title"": ""저평가 구간, 조금 더 모았습니다."", ""like_count"": 0, ""unlike_count"": 0, ""score"": 0}, {""post_id"": 14, ""anonymous_code"": ""늑대-3694"", ""post_type"": ""trade_share"", ""title"": ""3% 넘기며 팔았네요. 조금 아쉽지만 원칙은 지켜야죠."", ""like_count"": 0, ""unlike_count"": 0, ""score"": 0}]"
RN_COMM_ON_20260917,2026-02-27,2,A095,1,5,14,"[1, 2, 3, 4, 5, 6, 7, 8, 9, 10, 11, 12, 13, 14]","[{""post_id"": 1, ""anonymous_code"": ""사자-8925"", ""post_type"": ""trade_share"", ""title"": ""외인 매도세 속에서도 상승 추세 따라 매수했습니다 (삼성전자)"", ""like_count"": 0, ""unlike_count"": 0, ""score"": 0}, {""post_id"": 2, ""anonymous_code"": ""황소-1620"", ""post_type"": ""trade_share"", ""title"": ""외국인 대량 매도에도 '저평가' 믿고 추가 매수했습니다."", ""like_count"": 0, ""unlike_count"": 0, ""score"": 0}, {""post_id"": 3, ""anonymous_code"": ""돌고래-2979"", ""post_type"": ""trade_share"", ""title"": ""떨어질수록 사들인다는 원칙대로 오늘 추가 매수했습니다."", ""like_count"": 0, ""unlike_count"": 0, ""score"": 0}, {""post_id"": 4, ""anonymous_code"": ""황소-4770"", ""post_type"": ""trade_share"", ""title"": ""외국인 대량 매도 속에서도 개인들의 잔치는 계속되는가? (삼성전자)"", ""like_count"": 0, ""unlike_count"": 0, ""score"": 0}, {""post_id"": 5, ""anonymous_code"": ""곰-8551"", ""post_type"": ""profit_share"", ""title"": ""삼성전자 3% 상승 시 전량 매도 성공! 수익 확정했습니다"", ""like_count"": 0, ""unlike_count"": 0, ""score"": 0}, {""post_id"": 6, ""anonymous_code"": ""황소-4980"", ""post_type"": ""profit_share"", ""title"": ""3% 수익 확정! 차익실현 타이밍이 중요하네요"", ""like_count"": 0, ""unlike_count"": 0, ""score"": 0}, {""post_id"": 7, ""anonymous_code"": ""여우-1683"", ""post_type"": ""trade_share"", ""title"": ""외국인 매도세에도 불구하고, AI 슈퍼사이클 믿고 추가 매수했습니다."", ""like_count"": 0, ""unlike_count"": 0, ""score"": 0}, {""post_id"": 8, ""anonymous_code"": ""독수리-9332"", ""post_type"": ""profit_share"", ""title"": ""목표 수익 10% 도달 전, 3% 오름에 먼저 정리했습니다."", ""like_count"": 0, ""unlike_count"": 0, ""score"": 0}, {""post_id"": 9, ""anonymous_code"": ""황소-6990"", ""post_type"": ""trade_share"", ""title"": ""21 만 원대 매수 완료... 외국인 팔고 개미 산다?"", ""like_count"": 0, ""unlike_count"": 0, ""score"": 0}, {""post_id"": 10, ""anonymous_code"": ""펭귄-5408"", ""post_type"": ""trade_share"", ""title"": ""외국인 팔고 개미 산다? 오늘 삼성전자 매수 완료"", ""like_count"": 0, ""unlike_count"": 0, ""score"": 0}, {""post_id"": 11, ""anonymous_code"": ""독수리-1692"", ""post_type"": ""profit_share"", ""title"": ""삼성전자 3% 차익 실현 완료! (21.65 만원)"", ""like_count"": 0, ""unlike_count"": 0, ""score"": 0}, {""post_id"": 12, ""anonymous_code"": ""독수리-6722"", ""post_type"": ""profit_share"", ""title"": ""과열 구간 뚝! 삼성전자는 팔아야 할 때 판다 (수익 확정)"", ""like_count"": 0, ""unlike_count"": 0, ""score"": 0}, {""post_id"": 13, ""anonymous_code"": ""곰-5671"", ""post_type"": ""trade_share"", ""title"": ""저평가 구간, 조금 더 모았습니다."", ""like_count"": 0, ""unlike_count"": 0, ""score"": 0}, {""post_id"": 14, ""anonymous_code"": ""늑대-3694"", ""post_type"": ""trade_share"", ""title"": ""3% 넘기며 팔았네요. 조금 아쉽지만 원칙은 지켜야죠."", ""like_count"": 0, ""unlike_count"": 0, ""score"": 0}]"
RN_COMM_ON_20260917,2026-02-27,2,A100,1,5,14,"[1, 2, 3, 4, 5, 6, 7, 8, 9, 10, 11, 12, 13, 14]","[{""post_id"": 1, ""anonymous_code"": ""사자-8925"", ""post_type"": ""trade_share"", ""title"": ""외인 매도세 속에서도 상승 추세 따라 매수했습니다 (삼성전자)"", ""like_count"": 0, ""unlike_count"": 0, ""score"": 0}, {""post_id"": 2, ""anonymous_code"": ""황소-1620"", ""post_type"": ""trade_share"", ""title"": ""외국인 대량 매도에도 '저평가' 믿고 추가 매수했습니다."", ""like_count"": 0, ""unlike_count"": 0, ""score"": 0}, {""post_id"": 3, ""anonymous_code"": ""돌고래-2979"", ""post_type"": ""trade_share"", ""title"": ""떨어질수록 사들인다는 원칙대로 오늘 추가 매수했습니다."", ""like_count"": 0, ""unlike_count"": 0, ""score"": 0}, {""post_id"": 4, ""anonymous_code"": ""황소-4770"", ""post_type"": ""trade_share"", ""title"": ""외국인 대량 매도 속에서도 개인들의 잔치는 계속되는가? (삼성전자)"", ""like_count"": 0, ""unlike_count"": 0, ""score"": 0}, {""post_id"": 5, ""anonymous_code"": ""곰-8551"", ""post_type"": ""profit_share"", ""title"": ""삼성전자 3% 상승 시 전량 매도 성공! 수익 확정했습니다"", ""like_count"": 0, ""unlike_count"": 0, ""score"": 0}, {""post_id"": 6, ""anonymous_code"": ""황소-4980"", ""post_type"": ""profit_share"", ""title"": ""3% 수익 확정! 차익실현 타이밍이 중요하네요"", ""like_count"": 0, ""unlike_count"": 0, ""score"": 0}, {""post_id"": 7, ""anonymous_code"": ""여우-1683"", ""post_type"": ""trade_share"", ""title"": ""외국인 매도세에도 불구하고, AI 슈퍼사이클 믿고 추가 매수했습니다."", ""like_count"": 0, ""unlike_count"": 0, ""score"": 0}, {""post_id"": 8, ""anonymous_code"": ""독수리-9332"", ""post_type"": ""profit_share"", ""title"": ""목표 수익 10% 도달 전, 3% 오름에 먼저 정리했습니다."", ""like_count"": 0, ""unlike_count"": 0, ""score"": 0}, {""post_id"": 9, ""anonymous_code"": ""황소-6990"", ""post_type"": ""trade_share"", ""title"": ""21 만 원대 매수 완료... 외국인 팔고 개미 산다?"", ""like_count"": 0, ""unlike_count"": 0, ""score"": 0}, {""post_id"": 10, ""anonymous_code"": ""펭귄-5408"", ""post_type"": ""trade_share"", ""title"": ""외국인 팔고 개미 산다? 오늘 삼성전자 매수 완료"", ""like_count"": 0, ""unlike_count"": 0, ""score"": 0}, {""post_id"": 11, ""anonymous_code"": ""독수리-1692"", ""post_type"": ""profit_share"", ""title"": ""삼성전자 3% 차익 실현 완료! (21.65 만원)"", ""like_count"": 0, ""unlike_count"": 0, ""score"": 0}, {""post_id"": 12, ""anonymous_code"": ""독수리-6722"", ""post_type"": ""profit_share"", ""title"": ""과열 구간 뚝! 삼성전자는 팔아야 할 때 판다 (수익 확정)"", ""like_count"": 0, ""unlike_count"": 0, ""score"": 0}, {""post_id"": 13, ""anonymous_code"": ""곰-5671"", ""post_type"": ""trade_share"", ""title"": ""저평가 구간, 조금 더 모았습니다."", ""like_count"": 0, ""unlike_count"": 0, ""score"": 0}, {""post_id"": 14, ""anonymous_code"": ""늑대-3694"", ""post_type"": ""trade_share"", ""title"": ""3% 넘기며 팔았네요. 조금 아쉽지만 원칙은 지켜야죠."", ""like_count"": 0, ""unlike_count"": 0, ""score"": 0}]"
RN_COMM_ON_20260917,2026-03-03,4,A004,1,5,14,"[15, 16, 17, 18, 19, 20, 21, 22, 23, 24, 25, 26, 27, 28]","[{""post_id"": 15, ""anonymous_code"": ""사자-8925"", ""post_type"": ""trade_share"", ""title"": ""다시 한번 상승 전환을 믿고 진입했습니다"", ""like_count"": 0, ""unlike_count"": 0, ""score"": 0}, {""post_id"": 16, ""anonymous_code"": ""황소-1620"", ""post_type"": ""trade_share"", ""title"": ""떨어질 때 더 사는 게 답일까? 오늘 다시 샀습니다."", ""like_count"": 0, ""unlike_count"": 0, ""score"": 0}, {""post_id"": 17, ""anonymous_code"": ""돌고래-2979"", ""post_type"": ""trade_share"", ""title"": ""전쟁 공포에 떨어질수록 매수 원칙 지키기 (삼성전자)"", ""like_count"": 0, ""unlike_count"": 0, ""score"": 0}, {""post_id"": 18, ""anonymous_code"": ""황소-4770"", ""post_type"": ""trade_share"", ""title"": ""하락장일수록 매수 기회라 믿습니다. 오늘도 100 주 추가했습니다."", ""like_count"": 0, ""unlike_count"": 0, ""score"": 0}, {""post_id"": 19, ""anonymous_code"": ""곰-8551"", ""post_type"": ""trade_share"", ""title"": ""전쟁 소동 속 삼성전자 다시 매수... 하락 시점 타격 성공?"", ""like_count"": 0, ""unlike_count"": 0, ""score"": 0}, {""post_id"": 20, ""anonymous_code"": ""황소-4980"", ""post_type"": ""trade_share"", ""title"": ""전쟁 공포 속에서도 원칙대로 저가 매수했습니다."", ""like_count"": 0, ""unlike_count"": 0, ""score"": 0}, {""post_id"": 21, ""anonymous_code"": ""여우-1683"", ""post_type"": ""trade_share"", ""title"": ""전쟁 공포에 떨어질수록 사는 저의 원칙이 다시 한번 작동했습니다."", ""like_count"": 0, ""unlike_count"": 0, ""score"": 0}, {""post_id"": 22, ""anonymous_code"": ""독수리-9332"", ""post_type"": ""trade_share"", ""title"": ""전쟁 공포에 팔아치우지 않고 물타기 했습니다"", ""like_count"": 0, ""unlike_count"": 0, ""score"": 0}, {""post_id"": 23, ""anonymous_code"": ""황소-6990"", ""post_type"": ""trade_share"", ""title"": ""전쟁 리스크 속, 하락장에서의 분할 매수 다시 시도"", ""like_count"": 0, ""unlike_count"": 0, ""score"": 0}, {""post_id"": 24, ""anonymous_code"": ""펭귄-5408"", ""post_type"": ""trade_share"", ""title"": ""떨어질수록 매수 원칙, 오늘도 검증 중..."", ""like_count"": 0, ""unlike_count"": 0, ""score"": 0}, {""post_id"": 25, ""anonymous_code"": ""독수리-1692"", ""post_type"": ""trade_share"", ""title"": ""손절 타이밍은 맞았으나, 다시 진입했다가 발등 찍혔네요.."", ""like_count"": 0, ""unlike_count"": 0, ""score"": 0}, {""post_id"": 26, ""anonymous_code"": ""독수리-6722"", ""post_type"": ""trade_share"", ""title"": ""전쟁 공포에 팔았는데, 다시 저가 매수 들어갑니다. (삼성전자)"", ""like_count"": 0, ""unlike_count"": 0, ""score"": 0}, {""post_id"": 27, ""anonymous_code"": ""곰-5671"", ""post_type"": ""trade_share"", ""title"": ""다시 한번 저평가 구간에서 잡았습니다 (19만 5천원)"", ""like_count"": 0, ""unlike_count"": 0, ""score"": 0}, {""post_id"": 28, ""anonymous_code"": ""늑대-3694"", ""post_type"": ""trade_share"", ""title"": ""상승 추세가 명확해지자 다시 진입했습니다 (19.5 만원)"", ""like_count"": 0, ""unlike_count"": 0, ""score"": 0}]"
RN_COMM_ON_20260917,2026-03-03,4,A001,1,5,14,"[15, 16, 17, 18, 19, 20, 21, 22, 23, 24, 25, 26, 27, 28]","[{""post_id"": 15, ""anonymous_code"": ""사자-8925"", ""post_type"": ""trade_share"", ""title"": ""다시 한번 상승 전환을 믿고 진입했습니다"", ""like_count"": 0, ""unlike_count"": 0, ""score"": 0}, {""post_id"": 16, ""anonymous_code"": ""황소-1620"", ""post_type"": ""trade_share"", ""title"": ""떨어질 때 더 사는 게 답일까? 오늘 다시 샀습니다."", ""like_count"": 0, ""unlike_count"": 0, ""score"": 0}, {""post_id"": 17, ""anonymous_code"": ""돌고래-2979"", ""post_type"": ""trade_share"", ""title"": ""전쟁 공포에 떨어질수록 매수 원칙 지키기 (삼성전자)"", ""like_count"": 0, ""unlike_count"": 0, ""score"": 0}, {""post_id"": 18, ""anonymous_code"": ""황소-4770"", ""post_type"": ""trade_share"", ""title"": ""하락장일수록 매수 기회라 믿습니다. 오늘도 100 주 추가했습니다."", ""like_count"": 0, ""unlike_count"": 0, ""score"": 0}, {""post_id"": 19, ""anonymous_code"": ""곰-8551"", ""post_type"": ""trade_share"", ""title"": ""전쟁 소동 속 삼성전자 다시 매수... 하락 시점 타격 성공?"", ""like_count"": 0, ""unlike_count"": 0, ""score"": 0}, {""post_id"": 20, ""anonymous_code"": ""황소-4980"", ""post_type"": ""trade_share"", ""title"": ""전쟁 공포 속에서도 원칙대로 저가 매수했습니다."", ""like_count"": 0, ""unlike_count"": 0, ""score"": 0}, {""post_id"": 21, ""anonymous_code"": ""여우-1683"", ""post_type"": ""trade_share"", ""title"": ""전쟁 공포에 떨어질수록 사는 저의 원칙이 다시 한번 작동했습니다."", ""like_count"": 0, ""unlike_count"": 0, ""score"": 0}, {""post_id"": 22, ""anonymous_code"": ""독수리-9332"", ""post_type"": ""trade_share"", ""title"": ""전쟁 공포에 팔아치우지 않고 물타기 했습니다"", ""like_count"": 0, ""unlike_count"": 0, ""score"": 0}, {""post_id"": 23, ""anonymous_code"": ""황소-6990"", ""post_type"": ""trade_share"", ""title"": ""전쟁 리스크 속, 하락장에서의 분할 매수 다시 시도"", ""like_count"": 0, ""unlike_count"": 0, ""score"": 0}, {""post_id"": 24, ""anonymous_code"": ""펭귄-5408"", ""post_type"": ""trade_share"", ""title"": ""떨어질수록 매수 원칙, 오늘도 검증 중..."", ""like_count"": 0, ""unlike_count"": 0, ""score"": 0}, {""post_id"": 25, ""anonymous_code"": ""독수리-1692"", ""post_type"": ""trade_share"", ""title"": ""손절 타이밍은 맞았으나, 다시 진입했다가 발등 찍혔네요.."", ""like_count"": 0, ""unlike_count"": 0, ""score"": 0}, {""post_id"": 26, ""anonymous_code"": ""독수리-6722"", ""post_type"": ""trade_share"", ""title"": ""전쟁 공포에 팔았는데, 다시 저가 매수 들어갑니다. (삼성전자)"", ""like_count"": 0, ""unlike_count"": 0, ""score"": 0}, {""post_id"": 27, ""anonymous_code"": ""곰-5671"", ""post_type"": ""trade_share"", ""title"": ""다시 한번 저평가 구간에서 잡았습니다 (19만 5천원)"", ""like_count"": 0, ""unlike_count"": 0, ""score"": 0}, {""post_id"": 28, ""anonymous_code"": ""늑대-3694"", ""post_type"": ""trade_share"", ""title"": ""상승 추세가 명확해지자 다시 진입했습니다 (19.5 만원)"", ""like_count"": 0, ""unlike_count"": 0, ""score"": 0}]"
RN_COMM_ON_20260917,2026-03-03,4,A013,1,5,14,"[15, 16, 17, 18, 19, 20, 21, 22, 23, 24, 25, 26, 27, 28]","[{""post_id"": 15, ""anonymous_code"": ""사자-8925"", ""post_type"": ""trade_share"", ""title"": ""다시 한번 상승 전환을 믿고 진입했습니다"", ""like_count"": 0, ""unlike_count"": 0, ""score"": 0}, {""post_id"": 16, ""anonymous_code"": ""황소-1620"", ""post_type"": ""trade_share"", ""title"": ""떨어질 때 더 사는 게 답일까? 오늘 다시 샀습니다."", ""like_count"": 0, ""unlike_count"": 0, ""score"": 0}, {""post_id"": 17, ""anonymous_code"": ""돌고래-2979"", ""post_type"": ""trade_share"", ""title"": ""전쟁 공포에 떨어질수록 매수 원칙 지키기 (삼성전자)"", ""like_count"": 0, ""unlike_count"": 0, ""score"": 0}, {""post_id"": 18, ""anonymous_code"": ""황소-4770"", ""post_type"": ""trade_share"", ""title"": ""하락장일수록 매수 기회라 믿습니다. 오늘도 100 주 추가했습니다."", ""like_count"": 0, ""unlike_count"": 0, ""score"": 0}, {""post_id"": 19, ""anonymous_code"": ""곰-8551"", ""post_type"": ""trade_share"", ""title"": ""전쟁 소동 속 삼성전자 다시 매수... 하락 시점 타격 성공?"", ""like_count"": 0, ""unlike_count"": 0, ""score"": 0}, {""post_id"": 20, ""anonymous_code"": ""황소-4980"", ""post_type"": ""trade_share"", ""title"": ""전쟁 공포 속에서도 원칙대로 저가 매수했습니다."", ""like_count"": 0, ""unlike_count"": 0, ""score"": 0}, {""post_id"": 21, ""anonymous_code"": ""여우-1683"", ""post_type"": ""trade_share"", ""title"": ""전쟁 공포에 떨어질수록 사는 저의 원칙이 다시 한번 작동했습니다."", ""like_count"": 0, ""unlike_count"": 0, ""score"": 0}, {""post_id"": 22, ""anonymous_code"": ""독수리-9332"", ""post_type"": ""trade_share"", ""title"": ""전쟁 공포에 팔아치우지 않고 물타기 했습니다"", ""like_count"": 0, ""unlike_count"": 0, ""score"": 0}, {""post_id"": 23, ""anonymous_code"": ""황소-6990"", ""post_type"": ""trade_share"", ""title"": ""전쟁 리스크 속, 하락장에서의 분할 매수 다시 시도"", ""like_count"": 0, ""unlike_count"": 0, ""score"": 0}, {""post_id"": 24, ""anonymous_code"": ""펭귄-5408"", ""post_type"": ""trade_share"", ""title"": ""떨어질수록 매수 원칙, 오늘도 검증 중..."", ""like_count"": 0, ""unlike_count"": 0, ""score"": 0}, {""post_id"": 25, ""anonymous_code"": ""독수리-1692"", ""post_type"": ""trade_share"", ""title"": ""손절 타이밍은 맞았으나, 다시 진입했다가 발등 찍혔네요.."", ""like_count"": 0, ""unlike_count"": 0, ""score"": 0}, {""post_id"": 26, ""anonymous_code"": ""독수리-6722"", ""post_type"": ""trade_share"", ""title"": ""전쟁 공포에 팔았는데, 다시 저가 매수 들어갑니다. (삼성전자)"", ""like_count"": 0, ""unlike_count"": 0, ""score"": 0}, {""post_id"": 27, ""anonymous_code"": ""곰-5671"", ""post_type"": ""trade_share"", ""title"": ""다시 한번 저평가 구간에서 잡았습니다 (19만 5천원)"", ""like_count"": 0, ""unlike_count"": 0, ""score"": 0}, {""post_id"": 28, ""anonymous_code"": ""늑대-3694"", ""post_type"": ""trade_share"", ""title"": ""상승 추세가 명확해지자 다시 진입했습니다 (19.5 만원)"", ""like_count"": 0, ""unlike_count"": 0, ""score"": 0}]"
RN_COMM_ON_20260917,2026-03-03,4,A006,1,5,14,"[15, 16, 17, 18, 19, 20, 21, 22, 23, 24, 25, 26, 27, 28]","[{""post_id"": 15, ""anonymous_code"": ""사자-8925"", ""post_type"": ""trade_share"", ""title"": ""다시 한번 상승 전환을 믿고 진입했습니다"", ""like_count"": 0, ""unlike_count"": 0, ""score"": 0}, {""post_id"": 16, ""anonymous_code"": ""황소-1620"", ""post_type"": ""trade_share"", ""title"": ""떨어질 때 더 사는 게 답일까? 오늘 다시 샀습니다."", ""like_count"": 0, ""unlike_count"": 0, ""score"": 0}, {""post_id"": 17, ""anonymous_code"": ""돌고래-2979"", ""post_type"": ""trade_share"", ""title"": ""전쟁 공포에 떨어질수록 매수 원칙 지키기 (삼성전자)"", ""like_count"": 0, ""unlike_count"": 0, ""score"": 0}, {""post_id"": 18, ""anonymous_code"": ""황소-4770"", ""post_type"": ""trade_share"", ""title"": ""하락장일수록 매수 기회라 믿습니다. 오늘도 100 주 추가했습니다."", ""like_count"": 0, ""unlike_count"": 0, ""score"": 0}, {""post_id"": 19, ""anonymous_code"": ""곰-8551"", ""post_type"": ""trade_share"", ""title"": ""전쟁 소동 속 삼성전자 다시 매수... 하락 시점 타격 성공?"", ""like_count"": 0, ""unlike_count"": 0, ""score"": 0}, {""post_id"": 20, ""anonymous_code"": ""황소-4980"", ""post_type"": ""trade_share"", ""title"": ""전쟁 공포 속에서도 원칙대로 저가 매수했습니다."", ""like_count"": 0, ""unlike_count"": 0, ""score"": 0}, {""post_id"": 21, ""anonymous_code"": ""여우-1683"", ""post_type"": ""trade_share"", ""title"": ""전쟁 공포에 떨어질수록 사는 저의 원칙이 다시 한번 작동했습니다."", ""like_count"": 0, ""unlike_count"": 0, ""score"": 0}, {""post_id"": 22, ""anonymous_code"": ""독수리-9332"", ""post_type"": ""trade_share"", ""title"": ""전쟁 공포에 팔아치우지 않고 물타기 했습니다"", ""like_count"": 0, ""unlike_count"": 0, ""score"": 0}, {""post_id"": 23, ""anonymous_code"": ""황소-6990"", ""post_type"": ""trade_share"", ""title"": ""전쟁 리스크 속, 하락장에서의 분할 매수 다시 시도"", ""like_count"": 0, ""unlike_count"": 0, ""score"": 0}, {""post_id"": 24, ""anonymous_code"": ""펭귄-5408"", ""post_type"": ""trade_share"", ""title"": ""떨어질수록 매수 원칙, 오늘도 검증 중..."", ""like_count"": 0, ""unlike_count"": 0, ""score"": 0}, {""post_id"": 25, ""anonymous_code"": ""독수리-1692"", ""post_type"": ""trade_share"", ""title"": ""손절 타이밍은 맞았으나, 다시 진입했다가 발등 찍혔네요.."", ""like_count"": 0, ""unlike_count"": 0, ""score"": 0}, {""post_id"": 26, ""anonymous_code"": ""독수리-6722"", ""post_type"": ""trade_share"", ""title"": ""전쟁 공포에 팔았는데, 다시 저가 매수 들어갑니다. (삼성전자)"", ""like_count"": 0, ""unlike_count"": 0, ""score"": 0}, {""post_id"": 27, ""anonymous_code"": ""곰-5671"", ""post_type"": ""trade_share"", ""title"": ""다시 한번 저평가 구간에서 잡았습니다 (19만 5천원)"", ""like_count"": 0, ""unlike_count"": 0, ""score"": 0}, {""post_id"": 28, ""anonymous_code"": ""늑대-3694"", ""post_type"": ""trade_share"", ""title"": ""상승 추세가 명확해지자 다시 진입했습니다 (19.5 만원)"", ""like_count"": 0, ""unlike_count"": 0, ""score"": 0}]"
RN_COMM_ON_20260917,2026-03-03,4,A012,1,5,14,"[15, 16, 17, 18, 19, 20, 21, 22, 23, 24, 25, 26, 27, 28]","[{""post_id"": 15, ""anonymous_code"": ""사자-8925"", ""post_type"": ""trade_share"", ""title"": ""다시 한번 상승 전환을 믿고 진입했습니다"", ""like_count"": 0, ""unlike_count"": 0, ""score"": 0}, {""post_id"": 16, ""anonymous_code"": ""황소-1620"", ""post_type"": ""trade_share"", ""title"": ""떨어질 때 더 사는 게 답일까? 오늘 다시 샀습니다."", ""like_count"": 0, ""unlike_count"": 0, ""score"": 0}, {""post_id"": 17, ""anonymous_code"": ""돌고래-2979"", ""post_type"": ""trade_share"", ""title"": ""전쟁 공포에 떨어질수록 매수 원칙 지키기 (삼성전자)"", ""like_count"": 0, ""unlike_count"": 0, ""score"": 0}, {""post_id"": 18, ""anonymous_code"": ""황소-4770"", ""post_type"": ""trade_share"", ""title"": ""하락장일수록 매수 기회라 믿습니다. 오늘도 100 주 추가했습니다."", ""like_count"": 0, ""unlike_count"": 0, ""score"": 0}, {""post_id"": 19, ""anonymous_code"": ""곰-8551"", ""post_type"": ""trade_share"", ""title"": ""전쟁 소동 속 삼성전자 다시 매수... 하락 시점 타격 성공?"", ""like_count"": 0, ""unlike_count"": 0, ""score"": 0}, {""post_id"": 20, ""anonymous_code"": ""황소-4980"", ""post_type"": ""trade_share"", ""title"": ""전쟁 공포 속에서도 원칙대로 저가 매수했습니다."", ""like_count"": 0, ""unlike_count"": 0, ""score"": 0}, {""post_id"": 21, ""anonymous_code"": ""여우-1683"", ""post_type"": ""trade_share"", ""title"": ""전쟁 공포에 떨어질수록 사는 저의 원칙이 다시 한번 작동했습니다."", ""like_count"": 0, ""unlike_count"": 0, ""score"": 0}, {""post_id"": 22, ""anonymous_code"": ""독수리-9332"", ""post_type"": ""trade_share"", ""title"": ""전쟁 공포에 팔아치우지 않고 물타기 했습니다"", ""like_count"": 0, ""unlike_count"": 0, ""score"": 0}, {""post_id"": 23, ""anonymous_code"": ""황소-6990"", ""post_type"": ""trade_share"", ""title"": ""전쟁 리스크 속, 하락장에서의 분할 매수 다시 시도"", ""like_count"": 0, ""unlike_count"": 0, ""score"": 0}, {""post_id"": 24, ""anonymous_code"": ""펭귄-5408"", ""post_type"": ""trade_share"", ""title"": ""떨어질수록 매수 원칙, 오늘도 검증 중..."", ""like_count"": 0, ""unlike_count"": 0, ""score"": 0}, {""post_id"": 25, ""anonymous_code"": ""독수리-1692"", ""post_type"": ""trade_share"", ""title"": ""손절 타이밍은 맞았으나, 다시 진입했다가 발등 찍혔네요.."", ""like_count"": 0, ""unlike_count"": 0, ""score"": 0}, {""post_id"": 26, ""anonymous_code"": ""독수리-6722"", ""post_type"": ""trade_share"", ""title"": ""전쟁 공포에 팔았는데, 다시 저가 매수 들어갑니다. (삼성전자)"", ""like_count"": 0, ""unlike_count"": 0, ""score"": 0}, {""post_id"": 27, ""anonymous_code"": ""곰-5671"", ""post_type"": ""trade_share"", ""title"": ""다시 한번 저평가 구간에서 잡았습니다 (19만 5천원)"", ""like_count"": 0, ""unlike_count"": 0, ""score"": 0}, {""post_id"": 28, ""anonymous_code"": ""늑대-3694"", ""post_type"": ""trade_share"", ""title"": ""상승 추세가 명확해지자 다시 진입했습니다 (19.5 만원)"", ""like_count"": 0, ""unlike_count"": 0, ""score"": 0}]"
RN_COMM_ON_20260917,2026-03-03,4,A002,1,5,14,"[15, 16, 17, 18, 19, 20, 21, 22, 23, 24, 25, 26, 27, 28]","[{""post_id"": 15, ""anonymous_code"": ""사자-8925"", ""post_type"": ""trade_share"", ""title"": ""다시 한번 상승 전환을 믿고 진입했습니다"", ""like_count"": 0, ""unlike_count"": 0, ""score"": 0}, {""post_id"": 16, ""anonymous_code"": ""황소-1620"", ""post_type"": ""trade_share"", ""title"": ""떨어질 때 더 사는 게 답일까? 오늘 다시 샀습니다."", ""like_count"": 0, ""unlike_count"": 0, ""score"": 0}, {""post_id"": 17, ""anonymous_code"": ""돌고래-2979"", ""post_type"": ""trade_share"", ""title"": ""전쟁 공포에 떨어질수록 매수 원칙 지키기 (삼성전자)"", ""like_count"": 0, ""unlike_count"": 0, ""score"": 0}, {""post_id"": 18, ""anonymous_code"": ""황소-4770"", ""post_type"": ""trade_share"", ""title"": ""하락장일수록 매수 기회라 믿습니다. 오늘도 100 주 추가했습니다."", ""like_count"": 0, ""unlike_count"": 0, ""score"": 0}, {""post_id"": 19, ""anonymous_code"": ""곰-8551"", ""post_type"": ""trade_share"", ""title"": ""전쟁 소동 속 삼성전자 다시 매수... 하락 시점 타격 성공?"", ""like_count"": 0, ""unlike_count"": 0, ""score"": 0}, {""post_id"": 20, ""anonymous_code"": ""황소-4980"", ""post_type"": ""trade_share"", ""title"": ""전쟁 공포 속에서도 원칙대로 저가 매수했습니다."", ""like_count"": 0, ""unlike_count"": 0, ""score"": 0}, {""post_id"": 21, ""anonymous_code"": ""여우-1683"", ""post_type"": ""trade_share"", ""title"": ""전쟁 공포에 떨어질수록 사는 저의 원칙이 다시 한번 작동했습니다."", ""like_count"": 0, ""unlike_count"": 0, ""score"": 0}, {""post_id"": 22, ""anonymous_code"": ""독수리-9332"", ""post_type"": ""trade_share"", ""title"": ""전쟁 공포에 팔아치우지 않고 물타기 했습니다"", ""like_count"": 0, ""unlike_count"": 0, ""score"": 0}, {""post_id"": 23, ""anonymous_code"": ""황소-6990"", ""post_type"": ""trade_share"", ""title"": ""전쟁 리스크 속, 하락장에서의 분할 매수 다시 시도"", ""like_count"": 0, ""unlike_count"": 0, ""score"": 0}, {""post_id"": 24, ""anonymous_code"": ""펭귄-5408"", ""post_type"": ""trade_share"", ""title"": ""떨어질수록 매수 원칙, 오늘도 검증 중..."", ""like_count"": 0, ""unlike_count"": 0, ""score"": 0}, {""post_id"": 25, ""anonymous_code"": ""독수리-1692"", ""post_type"": ""trade_share"", ""title"": ""손절 타이밍은 맞았으나, 다시 진입했다가 발등 찍혔네요.."", ""like_count"": 0, ""unlike_count"": 0, ""score"": 0}, {""post_id"": 26, ""anonymous_code"": ""독수리-6722"", ""post_type"": ""trade_share"", ""title"": ""전쟁 공포에 팔았는데, 다시 저가 매수 들어갑니다. (삼성전자)"", ""like_count"": 0, ""unlike_count"": 0, ""score"": 0}, {""post_id"": 27, ""anonymous_code"": ""곰-5671"", ""post_type"": ""trade_share"", ""title"": ""다시 한번 저평가 구간에서 잡았습니다 (19만 5천원)"", ""like_count"": 0, ""unlike_count"": 0, ""score"": 0}, {""post_id"": 28, ""anonymous_code"": ""늑대-3694"", ""post_type"": ""trade_share"", ""title"": ""상승 추세가 명확해지자 다시 진입했습니다 (19.5 만원)"", ""like_count"": 0, ""unlike_count"": 0, ""score"": 0}]"
RN_COMM_ON_20260917,2026-03-03,4,A007,1,5,14,"[15, 16, 17, 18, 19, 20, 21, 22, 23, 24, 25, 26, 27, 28]","[{""post_id"": 15, ""anonymous_code"": ""사자-8925"", ""post_type"": ""trade_share"", ""title"": ""다시 한번 상승 전환을 믿고 진입했습니다"", ""like_count"": 0, ""unlike_count"": 0, ""score"": 0}, {""post_id"": 16, ""anonymous_code"": ""황소-1620"", ""post_type"": ""trade_share"", ""title"": ""떨어질 때 더 사는 게 답일까? 오늘 다시 샀습니다."", ""like_count"": 0, ""unlike_count"": 0, ""score"": 0}, {""post_id"": 17, ""anonymous_code"": ""돌고래-2979"", ""post_type"": ""trade_share"", ""title"": ""전쟁 공포에 떨어질수록 매수 원칙 지키기 (삼성전자)"", ""like_count"": 0, ""unlike_count"": 0, ""score"": 0}, {""post_id"": 18, ""anonymous_code"": ""황소-4770"", ""post_type"": ""trade_share"", ""title"": ""하락장일수록 매수 기회라 믿습니다. 오늘도 100 주 추가했습니다."", ""like_count"": 0, ""unlike_count"": 0, ""score"": 0}, {""post_id"": 19, ""anonymous_code"": ""곰-8551"", ""post_type"": ""trade_share"", ""title"": ""전쟁 소동 속 삼성전자 다시 매수... 하락 시점 타격 성공?"", ""like_count"": 0, ""unlike_count"": 0, ""score"": 0}, {""post_id"": 20, ""anonymous_code"": ""황소-4980"", ""post_type"": ""trade_share"", ""title"": ""전쟁 공포 속에서도 원칙대로 저가 매수했습니다."", ""like_count"": 0, ""unlike_count"": 0, ""score"": 0}, {""post_id"": 21, ""anonymous_code"": ""여우-1683"", ""post_type"": ""trade_share"", ""title"": ""전쟁 공포에 떨어질수록 사는 저의 원칙이 다시 한번 작동했습니다."", ""like_count"": 0, ""unlike_count"": 0, ""score"": 0}, {""post_id"": 22, ""anonymous_code"": ""독수리-9332"", ""post_type"": ""trade_share"", ""title"": ""전쟁 공포에 팔아치우지 않고 물타기 했습니다"", ""like_count"": 0, ""unlike_count"": 0, ""score"": 0}, {""post_id"": 23, ""anonymous_code"": ""황소-6990"", ""post_type"": ""trade_share"", ""title"": ""전쟁 리스크 속, 하락장에서의 분할 매수 다시 시도"", ""like_count"": 0, ""unlike_count"": 0, ""score"": 0}, {""post_id"": 24, ""anonymous_code"": ""펭귄-5408"", ""post_type"": ""trade_share"", ""title"": ""떨어질수록 매수 원칙, 오늘도 검증 중..."", ""like_count"": 0, ""unlike_count"": 0, ""score"": 0}, {""post_id"": 25, ""anonymous_code"": ""독수리-1692"", ""post_type"": ""trade_share"", ""title"": ""손절 타이밍은 맞았으나, 다시 진입했다가 발등 찍혔네요.."", ""like_count"": 0, ""unlike_count"": 0, ""score"": 0}, {""post_id"": 26, ""anonymous_code"": ""독수리-6722"", ""post_type"": ""trade_share"", ""title"": ""전쟁 공포에 팔았는데, 다시 저가 매수 들어갑니다. (삼성전자)"", ""like_count"": 0, ""unlike_count"": 0, ""score"": 0}, {""post_id"": 27, ""anonymous_code"": ""곰-5671"", ""post_type"": ""trade_share"", ""title"": ""다시 한번 저평가 구간에서 잡았습니다 (19만 5천원)"", ""like_count"": 0, ""unlike_count"": 0, ""score"": 0}, {""post_id"": 28, ""anonymous_code"": ""늑대-3694"", ""post_type"": ""trade_share"", ""title"": ""상승 추세가 명확해지자 다시 진입했습니다 (19.5 만원)"", ""like_count"": 0, ""unlike_count"": 0, ""score"": 0}]"
RN_COMM_ON_20260917,2026-03-03,4,A009,1,5,13,"[16, 17, 18, 19, 20, 21, 22, 23, 24, 25, 26, 27, 28]","[{""post_id"": 16, ""anonymous_code"": ""황소-1620"", ""post_type"": ""trade_share"", ""title"": ""떨어질 때 더 사는 게 답일까? 오늘 다시 샀습니다."", ""like_count"": 0, ""unlike_count"": 0, ""score"": 0}, {""post_id"": 17, ""anonymous_code"": ""돌고래-2979"", ""post_type"": ""trade_share"", ""title"": ""전쟁 공포에 떨어질수록 매수 원칙 지키기 (삼성전자)"", ""like_count"": 0, ""unlike_count"": 0, ""score"": 0}, {""post_id"": 18, ""anonymous_code"": ""황소-4770"", ""post_type"": ""trade_share"", ""title"": ""하락장일수록 매수 기회라 믿습니다. 오늘도 100 주 추가했습니다."", ""like_count"": 0, ""unlike_count"": 0, ""score"": 0}, {""post_id"": 19, ""anonymous_code"": ""곰-8551"", ""post_type"": ""trade_share"", ""title"": ""전쟁 소동 속 삼성전자 다시 매수... 하락 시점 타격 성공?"", ""like_count"": 0, ""unlike_count"": 0, ""score"": 0}, {""post_id"": 20, ""anonymous_code"": ""황소-4980"", ""post_type"": ""trade_share"", ""title"": ""전쟁 공포 속에서도 원칙대로 저가 매수했습니다."", ""like_count"": 0, ""unlike_count"": 0, ""score"": 0}, {""post_id"": 21, ""anonymous_code"": ""여우-1683"", ""post_type"": ""trade_share"", ""title"": ""전쟁 공포에 떨어질수록 사는 저의 원칙이 다시 한번 작동했습니다."", ""like_count"": 0, ""unlike_count"": 0, ""score"": 0}, {""post_id"": 22, ""anonymous_code"": ""독수리-9332"", ""post_type"": ""trade_share"", ""title"": ""전쟁 공포에 팔아치우지 않고 물타기 했습니다"", ""like_count"": 0, ""unlike_count"": 0, ""score"": 0}, {""post_id"": 23, ""anonymous_code"": ""황소-6990"", ""post_type"": ""trade_share"", ""title"": ""전쟁 리스크 속, 하락장에서의 분할 매수 다시 시도"", ""like_count"": 0, ""unlike_count"": 0, ""score"": 0}, {""post_id"": 24, ""anonymous_code"": ""펭귄-5408"", ""post_type"": ""trade_share"", ""title"": ""떨어질수록 매수 원칙, 오늘도 검증 중..."", ""like_count"": 0, ""unlike_count"": 0, ""score"": 0}, {""post_id"": 25, ""anonymous_code"": ""독수리-1692"", ""post_type"": ""trade_share"", ""title"": ""손절 타이밍은 맞았으나, 다시 진입했다가 발등 찍혔네요.."", ""like_count"": 0, ""unlike_count"": 0, ""score"": 0}, {""post_id"": 26, ""anonymous_code"": ""독수리-6722"", ""post_type"": ""trade_share"", ""title"": ""전쟁 공포에 팔았는데, 다시 저가 매수 들어갑니다. (삼성전자)"", ""like_count"": 0, ""unlike_count"": 0, ""score"": 0}, {""post_id"": 27, ""anonymous_code"": ""곰-5671"", ""post_type"": ""trade_share"", ""title"": ""다시 한번 저평가 구간에서 잡았습니다 (19만 5천원)"", ""like_count"": 0, ""unlike_count"": 0, ""score"": 0}, {""post_id"": 28, ""anonymous_code"": ""늑대-3694"", ""post_type"": ""trade_share"", ""title"": ""상승 추세가 명확해지자 다시 진입했습니다 (19.5 만원)"", ""like_count"": 0, ""unlike_count"": 0, ""score"": 0}]"
RN_COMM_ON_20260917,2026-03-03,4,A019,1,5,14,"[15, 16, 17, 18, 19, 20, 21, 22, 23, 24, 25, 26, 27, 28]","[{""post_id"": 15, ""anonymous_code"": ""사자-8925"", ""post_type"": ""trade_share"", ""title"": ""다시 한번 상승 전환을 믿고 진입했습니다"", ""like_count"": 0, ""unlike_count"": 0, ""score"": 0}, {""post_id"": 16, ""anonymous_code"": ""황소-1620"", ""post_type"": ""trade_share"", ""title"": ""떨어질 때 더 사는 게 답일까? 오늘 다시 샀습니다."", ""like_count"": 0, ""unlike_count"": 0, ""score"": 0}, {""post_id"": 17, ""anonymous_code"": ""돌고래-2979"", ""post_type"": ""trade_share"", ""title"": ""전쟁 공포에 떨어질수록 매수 원칙 지키기 (삼성전자)"", ""like_count"": 0, ""unlike_count"": 0, ""score"": 0}, {""post_id"": 18, ""anonymous_code"": ""황소-4770"", ""post_type"": ""trade_share"", ""title"": ""하락장일수록 매수 기회라 믿습니다. 오늘도 100 주 추가했습니다."", ""like_count"": 0, ""unlike_count"": 0, ""score"": 0}, {""post_id"": 19, ""anonymous_code"": ""곰-8551"", ""post_type"": ""trade_share"", ""title"": ""전쟁 소동 속 삼성전자 다시 매수... 하락 시점 타격 성공?"", ""like_count"": 0, ""unlike_count"": 0, ""score"": 0}, {""post_id"": 20, ""anonymous_code"": ""황소-4980"", ""post_type"": ""trade_share"", ""title"": ""전쟁 공포 속에서도 원칙대로 저가 매수했습니다."", ""like_count"": 0, ""unlike_count"": 0, ""score"": 0}, {""post_id"": 21, ""anonymous_code"": ""여우-1683"", ""post_type"": ""trade_share"", ""title"": ""전쟁 공포에 떨어질수록 사는 저의 원칙이 다시 한번 작동했습니다."", ""like_count"": 0, ""unlike_count"": 0, ""score"": 0}, {""post_id"": 22, ""anonymous_code"": ""독수리-9332"", ""post_type"": ""trade_share"", ""title"": ""전쟁 공포에 팔아치우지 않고 물타기 했습니다"", ""like_count"": 0, ""unlike_count"": 0, ""score"": 0}, {""post_id"": 23, ""anonymous_code"": ""황소-6990"", ""post_type"": ""trade_share"", ""title"": ""전쟁 리스크 속, 하락장에서의 분할 매수 다시 시도"", ""like_count"": 0, ""unlike_count"": 0, ""score"": 0}, {""post_id"": 24, ""anonymous_code"": ""펭귄-5408"", ""post_type"": ""trade_share"", ""title"": ""떨어질수록 매수 원칙, 오늘도 검증 중..."", ""like_count"": 0, ""unlike_count"": 0, ""score"": 0}, {""post_id"": 25, ""anonymous_code"": ""독수리-1692"", ""post_type"": ""trade_share"", ""title"": ""손절 타이밍은 맞았으나, 다시 진입했다가 발등 찍혔네요.."", ""like_count"": 0, ""unlike_count"": 0, ""score"": 0}, {""post_id"": 26, ""anonymous_code"": ""독수리-6722"", ""post_type"": ""trade_share"", ""title"": ""전쟁 공포에 팔았는데, 다시 저가 매수 들어갑니다. (삼성전자)"", ""like_count"": 0, ""unlike_count"": 0, ""score"": 0}, {""post_id"": 27, ""anonymous_code"": ""곰-5671"", ""post_type"": ""trade_share"", ""title"": ""다시 한번 저평가 구간에서 잡았습니다 (19만 5천원)"", ""like_count"": 0, ""unlike_count"": 0, ""score"": 0}, {""post_id"": 28, ""anonymous_code"": ""늑대-3694"", ""post_type"": ""trade_share"", ""title"": ""상승 추세가 명확해지자 다시 진입했습니다 (19.5 만원)"", ""like_count"": 0, ""unlike_count"": 0, ""score"": 0}]"
RN_COMM_ON_20260917,2026-03-03,4,A022,2,5,14,"[15, 16, 17, 18, 19, 20, 21, 22, 23, 24, 25, 26, 27, 28]","[{""post_id"": 15, ""anonymous_code"": ""사자-8925"", ""post_type"": ""trade_share"", ""title"": ""다시 한번 상승 전환을 믿고 진입했습니다"", ""like_count"": 0, ""unlike_count"": 0, ""score"": 0}, {""post_id"": 16, ""anonymous_code"": ""황소-1620"", ""post_type"": ""trade_share"", ""title"": ""떨어질 때 더 사는 게 답일까? 오늘 다시 샀습니다."", ""like_count"": 0, ""unlike_count"": 0, ""score"": 0}, {""post_id"": 17, ""anonymous_code"": ""돌고래-2979"", ""post_type"": ""trade_share"", ""title"": ""전쟁 공포에 떨어질수록 매수 원칙 지키기 (삼성전자)"", ""like_count"": 0, ""unlike_count"": 0, ""score"": 0}, {""post_id"": 18, ""anonymous_code"": ""황소-4770"", ""post_type"": ""trade_share"", ""title"": ""하락장일수록 매수 기회라 믿습니다. 오늘도 100 주 추가했습니다."", ""like_count"": 0, ""unlike_count"": 0, ""score"": 0}, {""post_id"": 19, ""anonymous_code"": ""곰-8551"", ""post_type"": ""trade_share"", ""title"": ""전쟁 소동 속 삼성전자 다시 매수... 하락 시점 타격 성공?"", ""like_count"": 0, ""unlike_count"": 0, ""score"": 0}, {""post_id"": 20, ""anonymous_code"": ""황소-4980"", ""post_type"": ""trade_share"", ""title"": ""전쟁 공포 속에서도 원칙대로 저가 매수했습니다."", ""like_count"": 0, ""unlike_count"": 0, ""score"": 0}, {""post_id"": 21, ""anonymous_code"": ""여우-1683"", ""post_type"": ""trade_share"", ""title"": ""전쟁 공포에 떨어질수록 사는 저의 원칙이 다시 한번 작동했습니다."", ""like_count"": 0, ""unlike_count"": 0, ""score"": 0}, {""post_id"": 22, ""anonymous_code"": ""독수리-9332"", ""post_type"": ""trade_share"", ""title"": ""전쟁 공포에 팔아치우지 않고 물타기 했습니다"", ""like_count"": 0, ""unlike_count"": 0, ""score"": 0}, {""post_id"": 23, ""anonymous_code"": ""황소-6990"", ""post_type"": ""trade_share"", ""title"": ""전쟁 리스크 속, 하락장에서의 분할 매수 다시 시도"", ""like_count"": 0, ""unlike_count"": 0, ""score"": 0}, {""post_id"": 24, ""anonymous_code"": ""펭귄-5408"", ""post_type"": ""trade_share"", ""title"": ""떨어질수록 매수 원칙, 오늘도 검증 중..."", ""like_count"": 0, ""unlike_count"": 0, ""score"": 0}, {""post_id"": 25, ""anonymous_code"": ""독수리-1692"", ""post_type"": ""trade_share"", ""title"": ""손절 타이밍은 맞았으나, 다시 진입했다가 발등 찍혔네요.."", ""like_count"": 0, ""unlike_count"": 0, ""score"": 0}, {""post_id"": 26, ""anonymous_code"": ""독수리-6722"", ""post_type"": ""trade_share"", ""title"": ""전쟁 공포에 팔았는데, 다시 저가 매수 들어갑니다. (삼성전자)"", ""like_count"": 0, ""unlike_count"": 0, ""score"": 0}, {""post_id"": 27, ""anonymous_code"": ""곰-5671"", ""post_type"": ""trade_share"", ""title"": ""다시 한번 저평가 구간에서 잡았습니다 (19만 5천원)"", ""like_count"": 0, ""unlike_count"": 0, ""score"": 0}, {""post_id"": 28, ""anonymous_code"": ""늑대-3694"", ""post_type"": ""trade_share"", ""title"": ""상승 추세가 명확해지자 다시 진입했습니다 (19.5 만원)"", ""like_count"": 0, ""unlike_count"": 0, ""score"": 0}]"
RN_COMM_ON_20260917,2026-03-03,4,A014,1,5,14,"[15, 16, 17, 18, 19, 20, 21, 22, 23, 24, 25, 26, 27, 28]","[{""post_id"": 15, ""anonymous_code"": ""사자-8925"", ""post_type"": ""trade_share"", ""title"": ""다시 한번 상승 전환을 믿고 진입했습니다"", ""like_count"": 0, ""unlike_count"": 0, ""score"": 0}, {""post_id"": 16, ""anonymous_code"": ""황소-1620"", ""post_type"": ""trade_share"", ""title"": ""떨어질 때 더 사는 게 답일까? 오늘 다시 샀습니다."", ""like_count"": 0, ""unlike_count"": 0, ""score"": 0}, {""post_id"": 17, ""anonymous_code"": ""돌고래-2979"", ""post_type"": ""trade_share"", ""title"": ""전쟁 공포에 떨어질수록 매수 원칙 지키기 (삼성전자)"", ""like_count"": 0, ""unlike_count"": 0, ""score"": 0}, {""post_id"": 18, ""anonymous_code"": ""황소-4770"", ""post_type"": ""trade_share"", ""title"": ""하락장일수록 매수 기회라 믿습니다. 오늘도 100 주 추가했습니다."", ""like_count"": 0, ""unlike_count"": 0, ""score"": 0}, {""post_id"": 19, ""anonymous_code"": ""곰-8551"", ""post_type"": ""trade_share"", ""title"": ""전쟁 소동 속 삼성전자 다시 매수... 하락 시점 타격 성공?"", ""like_count"": 0, ""unlike_count"": 0, ""score"": 0}, {""post_id"": 20, ""anonymous_code"": ""황소-4980"", ""post_type"": ""trade_share"", ""title"": ""전쟁 공포 속에서도 원칙대로 저가 매수했습니다."", ""like_count"": 0, ""unlike_count"": 0, ""score"": 0}, {""post_id"": 21, ""anonymous_code"": ""여우-1683"", ""post_type"": ""trade_share"", ""title"": ""전쟁 공포에 떨어질수록 사는 저의 원칙이 다시 한번 작동했습니다."", ""like_count"": 0, ""unlike_count"": 0, ""score"": 0}, {""post_id"": 22, ""anonymous_code"": ""독수리-9332"", ""post_type"": ""trade_share"", ""title"": ""전쟁 공포에 팔아치우지 않고 물타기 했습니다"", ""like_count"": 0, ""unlike_count"": 0, ""score"": 0}, {""post_id"": 23, ""anonymous_code"": ""황소-6990"", ""post_type"": ""trade_share"", ""title"": ""전쟁 리스크 속, 하락장에서의 분할 매수 다시 시도"", ""like_count"": 0, ""unlike_count"": 0, ""score"": 0}, {""post_id"": 24, ""anonymous_code"": ""펭귄-5408"", ""post_type"": ""trade_share"", ""title"": ""떨어질수록 매수 원칙, 오늘도 검증 중..."", ""like_count"": 0, ""unlike_count"": 0, ""score"": 0}, {""post_id"": 25, ""anonymous_code"": ""독수리-1692"", ""post_type"": ""trade_share"", ""title"": ""손절 타이밍은 맞았으나, 다시 진입했다가 발등 찍혔네요.."", ""like_count"": 0, ""unlike_count"": 0, ""score"": 0}, {""post_id"": 26, ""anonymous_code"": ""독수리-6722"", ""post_type"": ""trade_share"", ""title"": ""전쟁 공포에 팔았는데, 다시 저가 매수 들어갑니다. (삼성전자)"", ""like_count"": 0, ""unlike_count"": 0, ""score"": 0}, {""post_id"": 27, ""anonymous_code"": ""곰-5671"", ""post_type"": ""trade_share"", ""title"": ""다시 한번 저평가 구간에서 잡았습니다 (19만 5천원)"", ""like_count"": 0, ""unlike_count"": 0, ""score"": 0}, {""post_id"": 28, ""anonymous_code"": ""늑대-3694"", ""post_type"": ""trade_share"", ""title"": ""상승 추세가 명확해지자 다시 진입했습니다 (19.5 만원)"", ""like_count"": 0, ""unlike_count"": 0, ""score"": 0}]"
RN_COMM_ON_20260917,2026-03-03,4,A023,2,5,13,"[15, 17, 18, 19, 20, 21, 22, 23, 24, 25, 26, 27, 28]","[{""post_id"": 15, ""anonymous_code"": ""사자-8925"", ""post_type"": ""trade_share"", ""title"": ""다시 한번 상승 전환을 믿고 진입했습니다"", ""like_count"": 0, ""unlike_count"": 0, ""score"": 0}, {""post_id"": 17, ""anonymous_code"": ""돌고래-2979"", ""post_type"": ""trade_share"", ""title"": ""전쟁 공포에 떨어질수록 매수 원칙 지키기 (삼성전자)"", ""like_count"": 0, ""unlike_count"": 0, ""score"": 0}, {""post_id"": 18, ""anonymous_code"": ""황소-4770"", ""post_type"": ""trade_share"", ""title"": ""하락장일수록 매수 기회라 믿습니다. 오늘도 100 주 추가했습니다."", ""like_count"": 0, ""unlike_count"": 0, ""score"": 0}, {""post_id"": 19, ""anonymous_code"": ""곰-8551"", ""post_type"": ""trade_share"", ""title"": ""전쟁 소동 속 삼성전자 다시 매수... 하락 시점 타격 성공?"", ""like_count"": 0, ""unlike_count"": 0, ""score"": 0}, {""post_id"": 20, ""anonymous_code"": ""황소-4980"", ""post_type"": ""trade_share"", ""title"": ""전쟁 공포 속에서도 원칙대로 저가 매수했습니다."", ""like_count"": 0, ""unlike_count"": 0, ""score"": 0}, {""post_id"": 21, ""anonymous_code"": ""여우-1683"", ""post_type"": ""trade_share"", ""title"": ""전쟁 공포에 떨어질수록 사는 저의 원칙이 다시 한번 작동했습니다."", ""like_count"": 0, ""unlike_count"": 0, ""score"": 0}, {""post_id"": 22, ""anonymous_code"": ""독수리-9332"", ""post_type"": ""trade_share"", ""title"": ""전쟁 공포에 팔아치우지 않고 물타기 했습니다"", ""like_count"": 0, ""unlike_count"": 0, ""score"": 0}, {""post_id"": 23, ""anonymous_code"": ""황소-6990"", ""post_type"": ""trade_share"", ""title"": ""전쟁 리스크 속, 하락장에서의 분할 매수 다시 시도"", ""like_count"": 0, ""unlike_count"": 0, ""score"": 0}, {""post_id"": 24, ""anonymous_code"": ""펭귄-5408"", ""post_type"": ""trade_share"", ""title"": ""떨어질수록 매수 원칙, 오늘도 검증 중..."", ""like_count"": 0, ""unlike_count"": 0, ""score"": 0}, {""post_id"": 25, ""anonymous_code"": ""독수리-1692"", ""post_type"": ""trade_share"", ""title"": ""손절 타이밍은 맞았으나, 다시 진입했다가 발등 찍혔네요.."", ""like_count"": 0, ""unlike_count"": 0, ""score"": 0}, {""post_id"": 26, ""anonymous_code"": ""독수리-6722"", ""post_type"": ""trade_share"", ""title"": ""전쟁 공포에 팔았는데, 다시 저가 매수 들어갑니다. (삼성전자)"", ""like_count"": 0, ""unlike_count"": 0, ""score"": 0}, {""post_id"": 27, ""anonymous_code"": ""곰-5671"", ""post_type"": ""trade_share"", ""title"": ""다시 한번 저평가 구간에서 잡았습니다 (19만 5천원)"", ""like_count"": 0, ""unlike_count"": 0, ""score"": 0}, {""post_id"": 28, ""anonymous_code"": ""늑대-3694"", ""post_type"": ""trade_share"", ""title"": ""상승 추세가 명확해지자 다시 진입했습니다 (19.5 만원)"", ""like_count"": 0, ""unlike_count"": 0, ""score"": 0}]"
RN_COMM_ON_20260917,2026-03-03,4,A025,1,5,14,"[15, 16, 17, 18, 19, 20, 21, 22, 23, 24, 25, 26, 27, 28]","[{""post_id"": 15, ""anonymous_code"": ""사자-8925"", ""post_type"": ""trade_share"", ""title"": ""다시 한번 상승 전환을 믿고 진입했습니다"", ""like_count"": 0, ""unlike_count"": 0, ""score"": 0}, {""post_id"": 16, ""anonymous_code"": ""황소-1620"", ""post_type"": ""trade_share"", ""title"": ""떨어질 때 더 사는 게 답일까? 오늘 다시 샀습니다."", ""like_count"": 0, ""unlike_count"": 0, ""score"": 0}, {""post_id"": 17, ""anonymous_code"": ""돌고래-2979"", ""post_type"": ""trade_share"", ""title"": ""전쟁 공포에 떨어질수록 매수 원칙 지키기 (삼성전자)"", ""like_count"": 0, ""unlike_count"": 0, ""score"": 0}, {""post_id"": 18, ""anonymous_code"": ""황소-4770"", ""post_type"": ""trade_share"", ""title"": ""하락장일수록 매수 기회라 믿습니다. 오늘도 100 주 추가했습니다."", ""like_count"": 0, ""unlike_count"": 0, ""score"": 0}, {""post_id"": 19, ""anonymous_code"": ""곰-8551"", ""post_type"": ""trade_share"", ""title"": ""전쟁 소동 속 삼성전자 다시 매수... 하락 시점 타격 성공?"", ""like_count"": 0, ""unlike_count"": 0, ""score"": 0}, {""post_id"": 20, ""anonymous_code"": ""황소-4980"", ""post_type"": ""trade_share"", ""title"": ""전쟁 공포 속에서도 원칙대로 저가 매수했습니다."", ""like_count"": 0, ""unlike_count"": 0, ""score"": 0}, {""post_id"": 21, ""anonymous_code"": ""여우-1683"", ""post_type"": ""trade_share"", ""title"": ""전쟁 공포에 떨어질수록 사는 저의 원칙이 다시 한번 작동했습니다."", ""like_count"": 0, ""unlike_count"": 0, ""score"": 0}, {""post_id"": 22, ""anonymous_code"": ""독수리-9332"", ""post_type"": ""trade_share"", ""title"": ""전쟁 공포에 팔아치우지 않고 물타기 했습니다"", ""like_count"": 0, ""unlike_count"": 0, ""score"": 0}, {""post_id"": 23, ""anonymous_code"": ""황소-6990"", ""post_type"": ""trade_share"", ""title"": ""전쟁 리스크 속, 하락장에서의 분할 매수 다시 시도"", ""like_count"": 0, ""unlike_count"": 0, ""score"": 0}, {""post_id"": 24, ""anonymous_code"": ""펭귄-5408"", ""post_type"": ""trade_share"", ""title"": ""떨어질수록 매수 원칙, 오늘도 검증 중..."", ""like_count"": 0, ""unlike_count"": 0, ""score"": 0}, {""post_id"": 25, ""anonymous_code"": ""독수리-1692"", ""post_type"": ""trade_share"", ""title"": ""손절 타이밍은 맞았으나, 다시 진입했다가 발등 찍혔네요.."", ""like_count"": 0, ""unlike_count"": 0, ""score"": 0}, {""post_id"": 26, ""anonymous_code"": ""독수리-6722"", ""post_type"": ""trade_share"", ""title"": ""전쟁 공포에 팔았는데, 다시 저가 매수 들어갑니다. (삼성전자)"", ""like_count"": 0, ""unlike_count"": 0, ""score"": 0}, {""post_id"": 27, ""anonymous_code"": ""곰-5671"", ""post_type"": ""trade_share"", ""title"": ""다시 한번 저평가 구간에서 잡았습니다 (19만 5천원)"", ""like_count"": 0, ""unlike_count"": 0, ""score"": 0}, {""post_id"": 28, ""anonymous_code"": ""늑대-3694"", ""post_type"": ""trade_share"", ""title"": ""상승 추세가 명확해지자 다시 진입했습니다 (19.5 만원)"", ""like_count"": 0, ""unlike_count"": 0, ""score"": 0}]"
RN_COMM_ON_20260917,2026-03-03,4,A020,1,5,14,"[15, 16, 17, 18, 19, 20, 21, 22, 23, 24, 25, 26, 27, 28]","[{""post_id"": 15, ""anonymous_code"": ""사자-8925"", ""post_type"": ""trade_share"", ""title"": ""다시 한번 상승 전환을 믿고 진입했습니다"", ""like_count"": 0, ""unlike_count"": 0, ""score"": 0}, {""post_id"": 16, ""anonymous_code"": ""황소-1620"", ""post_type"": ""trade_share"", ""title"": ""떨어질 때 더 사는 게 답일까? 오늘 다시 샀습니다."", ""like_count"": 0, ""unlike_count"": 0, ""score"": 0}, {""post_id"": 17, ""anonymous_code"": ""돌고래-2979"", ""post_type"": ""trade_share"", ""title"": ""전쟁 공포에 떨어질수록 매수 원칙 지키기 (삼성전자)"", ""like_count"": 0, ""unlike_count"": 0, ""score"": 0}, {""post_id"": 18, ""anonymous_code"": ""황소-4770"", ""post_type"": ""trade_share"", ""title"": ""하락장일수록 매수 기회라 믿습니다. 오늘도 100 주 추가했습니다."", ""like_count"": 0, ""unlike_count"": 0, ""score"": 0}, {""post_id"": 19, ""anonymous_code"": ""곰-8551"", ""post_type"": ""trade_share"", ""title"": ""전쟁 소동 속 삼성전자 다시 매수... 하락 시점 타격 성공?"", ""like_count"": 0, ""unlike_count"": 0, ""score"": 0}, {""post_id"": 20, ""anonymous_code"": ""황소-4980"", ""post_type"": ""trade_share"", ""title"": ""전쟁 공포 속에서도 원칙대로 저가 매수했습니다."", ""like_count"": 0, ""unlike_count"": 0, ""score"": 0}, {""post_id"": 21, ""anonymous_code"": ""여우-1683"", ""post_type"": ""trade_share"", ""title"": ""전쟁 공포에 떨어질수록 사는 저의 원칙이 다시 한번 작동했습니다."", ""like_count"": 0, ""unlike_count"": 0, ""score"": 0}, {""post_id"": 22, ""anonymous_code"": ""독수리-9332"", ""post_type"": ""trade_share"", ""title"": ""전쟁 공포에 팔아치우지 않고 물타기 했습니다"", ""like_count"": 0, ""unlike_count"": 0, ""score"": 0}, {""post_id"": 23, ""anonymous_code"": ""황소-6990"", ""post_type"": ""trade_share"", ""title"": ""전쟁 리스크 속, 하락장에서의 분할 매수 다시 시도"", ""like_count"": 0, ""unlike_count"": 0, ""score"": 0}, {""post_id"": 24, ""anonymous_code"": ""펭귄-5408"", ""post_type"": ""trade_share"", ""title"": ""떨어질수록 매수 원칙, 오늘도 검증 중..."", ""like_count"": 0, ""unlike_count"": 0, ""score"": 0}, {""post_id"": 25, ""anonymous_code"": ""독수리-1692"", ""post_type"": ""trade_share"", ""title"": ""손절 타이밍은 맞았으나, 다시 진입했다가 발등 찍혔네요.."", ""like_count"": 0, ""unlike_count"": 0, ""score"": 0}, {""post_id"": 26, ""anonymous_code"": ""독수리-6722"", ""post_type"": ""trade_share"", ""title"": ""전쟁 공포에 팔았는데, 다시 저가 매수 들어갑니다. (삼성전자)"", ""like_count"": 0, ""unlike_count"": 0, ""score"": 0}, {""post_id"": 27, ""anonymous_code"": ""곰-5671"", ""post_type"": ""trade_share"", ""title"": ""다시 한번 저평가 구간에서 잡았습니다 (19만 5천원)"", ""like_count"": 0, ""unlike_count"": 0, ""score"": 0}, {""post_id"": 28, ""anonymous_code"": ""늑대-3694"", ""post_type"": ""trade_share"", ""title"": ""상승 추세가 명확해지자 다시 진입했습니다 (19.5 만원)"", ""like_count"": 0, ""unlike_count"": 0, ""score"": 0}]"
RN_COMM_ON_20260917,2026-03-03,4,A015,1,5,14,"[15, 16, 17, 18, 19, 20, 21, 22, 23, 24, 25, 26, 27, 28]","[{""post_id"": 15, ""anonymous_code"": ""사자-8925"", ""post_type"": ""trade_share"", ""title"": ""다시 한번 상승 전환을 믿고 진입했습니다"", ""like_count"": 0, ""unlike_count"": 0, ""score"": 0}, {""post_id"": 16, ""anonymous_code"": ""황소-1620"", ""post_type"": ""trade_share"", ""title"": ""떨어질 때 더 사는 게 답일까? 오늘 다시 샀습니다."", ""like_count"": 0, ""unlike_count"": 0, ""score"": 0}, {""post_id"": 17, ""anonymous_code"": ""돌고래-2979"", ""post_type"": ""trade_share"", ""title"": ""전쟁 공포에 떨어질수록 매수 원칙 지키기 (삼성전자)"", ""like_count"": 0, ""unlike_count"": 0, ""score"": 0}, {""post_id"": 18, ""anonymous_code"": ""황소-4770"", ""post_type"": ""trade_share"", ""title"": ""하락장일수록 매수 기회라 믿습니다. 오늘도 100 주 추가했습니다."", ""like_count"": 0, ""unlike_count"": 0, ""score"": 0}, {""post_id"": 19, ""anonymous_code"": ""곰-8551"", ""post_type"": ""trade_share"", ""title"": ""전쟁 소동 속 삼성전자 다시 매수... 하락 시점 타격 성공?"", ""like_count"": 0, ""unlike_count"": 0, ""score"": 0}, {""post_id"": 20, ""anonymous_code"": ""황소-4980"", ""post_type"": ""trade_share"", ""title"": ""전쟁 공포 속에서도 원칙대로 저가 매수했습니다."", ""like_count"": 0, ""unlike_count"": 0, ""score"": 0}, {""post_id"": 21, ""anonymous_code"": ""여우-1683"", ""post_type"": ""trade_share"", ""title"": ""전쟁 공포에 떨어질수록 사는 저의 원칙이 다시 한번 작동했습니다."", ""like_count"": 0, ""unlike_count"": 0, ""score"": 0}, {""post_id"": 22, ""anonymous_code"": ""독수리-9332"", ""post_type"": ""trade_share"", ""title"": ""전쟁 공포에 팔아치우지 않고 물타기 했습니다"", ""like_count"": 0, ""unlike_count"": 0, ""score"": 0}, {""post_id"": 23, ""anonymous_code"": ""황소-6990"", ""post_type"": ""trade_share"", ""title"": ""전쟁 리스크 속, 하락장에서의 분할 매수 다시 시도"", ""like_count"": 0, ""unlike_count"": 0, ""score"": 0}, {""post_id"": 24, ""anonymous_code"": ""펭귄-5408"", ""post_type"": ""trade_share"", ""title"": ""떨어질수록 매수 원칙, 오늘도 검증 중..."", ""like_count"": 0, ""unlike_count"": 0, ""score"": 0}, {""post_id"": 25, ""anonymous_code"": ""독수리-1692"", ""post_type"": ""trade_share"", ""title"": ""손절 타이밍은 맞았으나, 다시 진입했다가 발등 찍혔네요.."", ""like_count"": 0, ""unlike_count"": 0, ""score"": 0}, {""post_id"": 26, ""anonymous_code"": ""독수리-6722"", ""post_type"": ""trade_share"", ""title"": ""전쟁 공포에 팔았는데, 다시 저가 매수 들어갑니다. (삼성전자)"", ""like_count"": 0, ""unlike_count"": 0, ""score"": 0}, {""post_id"": 27, ""anonymous_code"": ""곰-5671"", ""post_type"": ""trade_share"", ""title"": ""다시 한번 저평가 구간에서 잡았습니다 (19만 5천원)"", ""like_count"": 0, ""unlike_count"": 0, ""score"": 0}, {""post_id"": 28, ""anonymous_code"": ""늑대-3694"", ""post_type"": ""trade_share"", ""title"": ""상승 추세가 명확해지자 다시 진입했습니다 (19.5 만원)"", ""like_count"": 0, ""unlike_count"": 0, ""score"": 0}]"
RN_COMM_ON_20260917,2026-03-03,4,A026,1,5,14,"[15, 16, 17, 18, 19, 20, 21, 22, 23, 24, 25, 26, 27, 28]","[{""post_id"": 15, ""anonymous_code"": ""사자-8925"", ""post_type"": ""trade_share"", ""title"": ""다시 한번 상승 전환을 믿고 진입했습니다"", ""like_count"": 0, ""unlike_count"": 0, ""score"": 0}, {""post_id"": 16, ""anonymous_code"": ""황소-1620"", ""post_type"": ""trade_share"", ""title"": ""떨어질 때 더 사는 게 답일까? 오늘 다시 샀습니다."", ""like_count"": 0, ""unlike_count"": 0, ""score"": 0}, {""post_id"": 17, ""anonymous_code"": ""돌고래-2979"", ""post_type"": ""trade_share"", ""title"": ""전쟁 공포에 떨어질수록 매수 원칙 지키기 (삼성전자)"", ""like_count"": 0, ""unlike_count"": 0, ""score"": 0}, {""post_id"": 18, ""anonymous_code"": ""황소-4770"", ""post_type"": ""trade_share"", ""title"": ""하락장일수록 매수 기회라 믿습니다. 오늘도 100 주 추가했습니다."", ""like_count"": 0, ""unlike_count"": 0, ""score"": 0}, {""post_id"": 19, ""anonymous_code"": ""곰-8551"", ""post_type"": ""trade_share"", ""title"": ""전쟁 소동 속 삼성전자 다시 매수... 하락 시점 타격 성공?"", ""like_count"": 0, ""unlike_count"": 0, ""score"": 0}, {""post_id"": 20, ""anonymous_code"": ""황소-4980"", ""post_type"": ""trade_share"", ""title"": ""전쟁 공포 속에서도 원칙대로 저가 매수했습니다."", ""like_count"": 0, ""unlike_count"": 0, ""score"": 0}, {""post_id"": 21, ""anonymous_code"": ""여우-1683"", ""post_type"": ""trade_share"", ""title"": ""전쟁 공포에 떨어질수록 사는 저의 원칙이 다시 한번 작동했습니다."", ""like_count"": 0, ""unlike_count"": 0, ""score"": 0}, {""post_id"": 22, ""anonymous_code"": ""독수리-9332"", ""post_type"": ""trade_share"", ""title"": ""전쟁 공포에 팔아치우지 않고 물타기 했습니다"", ""like_count"": 0, ""unlike_count"": 0, ""score"": 0}, {""post_id"": 23, ""anonymous_code"": ""황소-6990"", ""post_type"": ""trade_share"", ""title"": ""전쟁 리스크 속, 하락장에서의 분할 매수 다시 시도"", ""like_count"": 0, ""unlike_count"": 0, ""score"": 0}, {""post_id"": 24, ""anonymous_code"": ""펭귄-5408"", ""post_type"": ""trade_share"", ""title"": ""떨어질수록 매수 원칙, 오늘도 검증 중..."", ""like_count"": 0, ""unlike_count"": 0, ""score"": 0}, {""post_id"": 25, ""anonymous_code"": ""독수리-1692"", ""post_type"": ""trade_share"", ""title"": ""손절 타이밍은 맞았으나, 다시 진입했다가 발등 찍혔네요.."", ""like_count"": 0, ""unlike_count"": 0, ""score"": 0}, {""post_id"": 26, ""anonymous_code"": ""독수리-6722"", ""post_type"": ""trade_share"", ""title"": ""전쟁 공포에 팔았는데, 다시 저가 매수 들어갑니다. (삼성전자)"", ""like_count"": 0, ""unlike_count"": 0, ""score"": 0}, {""post_id"": 27, ""anonymous_code"": ""곰-5671"", ""post_type"": ""trade_share"", ""title"": ""다시 한번 저평가 구간에서 잡았습니다 (19만 5천원)"", ""like_count"": 0, ""unlike_count"": 0, ""score"": 0}, {""post_id"": 28, ""anonymous_code"": ""늑대-3694"", ""post_type"": ""trade_share"", ""title"": ""상승 추세가 명확해지자 다시 진입했습니다 (19.5 만원)"", ""like_count"": 0, ""unlike_count"": 0, ""score"": 0}]"
RN_COMM_ON_20260917,2026-03-03,4,A027,2,5,14,"[15, 16, 17, 18, 19, 20, 21, 22, 23, 24, 25, 26, 27, 28]","[{""post_id"": 15, ""anonymous_code"": ""사자-8925"", ""post_type"": ""trade_share"", ""title"": ""다시 한번 상승 전환을 믿고 진입했습니다"", ""like_count"": 0, ""unlike_count"": 0, ""score"": 0}, {""post_id"": 16, ""anonymous_code"": ""황소-1620"", ""post_type"": ""trade_share"", ""title"": ""떨어질 때 더 사는 게 답일까? 오늘 다시 샀습니다."", ""like_count"": 0, ""unlike_count"": 0, ""score"": 0}, {""post_id"": 17, ""anonymous_code"": ""돌고래-2979"", ""post_type"": ""trade_share"", ""title"": ""전쟁 공포에 떨어질수록 매수 원칙 지키기 (삼성전자)"", ""like_count"": 0, ""unlike_count"": 0, ""score"": 0}, {""post_id"": 18, ""anonymous_code"": ""황소-4770"", ""post_type"": ""trade_share"", ""title"": ""하락장일수록 매수 기회라 믿습니다. 오늘도 100 주 추가했습니다."", ""like_count"": 0, ""unlike_count"": 0, ""score"": 0}, {""post_id"": 19, ""anonymous_code"": ""곰-8551"", ""post_type"": ""trade_share"", ""title"": ""전쟁 소동 속 삼성전자 다시 매수... 하락 시점 타격 성공?"", ""like_count"": 0, ""unlike_count"": 0, ""score"": 0}, {""post_id"": 20, ""anonymous_code"": ""황소-4980"", ""post_type"": ""trade_share"", ""title"": ""전쟁 공포 속에서도 원칙대로 저가 매수했습니다."", ""like_count"": 0, ""unlike_count"": 0, ""score"": 0}, {""post_id"": 21, ""anonymous_code"": ""여우-1683"", ""post_type"": ""trade_share"", ""title"": ""전쟁 공포에 떨어질수록 사는 저의 원칙이 다시 한번 작동했습니다."", ""like_count"": 0, ""unlike_count"": 0, ""score"": 0}, {""post_id"": 22, ""anonymous_code"": ""독수리-9332"", ""post_type"": ""trade_share"", ""title"": ""전쟁 공포에 팔아치우지 않고 물타기 했습니다"", ""like_count"": 0, ""unlike_count"": 0, ""score"": 0}, {""post_id"": 23, ""anonymous_code"": ""황소-6990"", ""post_type"": ""trade_share"", ""title"": ""전쟁 리스크 속, 하락장에서의 분할 매수 다시 시도"", ""like_count"": 0, ""unlike_count"": 0, ""score"": 0}, {""post_id"": 24, ""anonymous_code"": ""펭귄-5408"", ""post_type"": ""trade_share"", ""title"": ""떨어질수록 매수 원칙, 오늘도 검증 중..."", ""like_count"": 0, ""unlike_count"": 0, ""score"": 0}, {""post_id"": 25, ""anonymous_code"": ""독수리-1692"", ""post_type"": ""trade_share"", ""title"": ""손절 타이밍은 맞았으나, 다시 진입했다가 발등 찍혔네요.."", ""like_count"": 0, ""unlike_count"": 0, ""score"": 0}, {""post_id"": 26, ""anonymous_code"": ""독수리-6722"", ""post_type"": ""trade_share"", ""title"": ""전쟁 공포에 팔았는데, 다시 저가 매수 들어갑니다. (삼성전자)"", ""like_count"": 0, ""unlike_count"": 0, ""score"": 0}, {""post_id"": 27, ""anonymous_code"": ""곰-5671"", ""post_type"": ""trade_share"", ""title"": ""다시 한번 저평가 구간에서 잡았습니다 (19만 5천원)"", ""like_count"": 0, ""unlike_count"": 0, ""score"": 0}, {""post_id"": 28, ""anonymous_code"": ""늑대-3694"", ""post_type"": ""trade_share"", ""title"": ""상승 추세가 명확해지자 다시 진입했습니다 (19.5 만원)"", ""like_count"": 0, ""unlike_count"": 0, ""score"": 0}]"
RN_COMM_ON_20260917,2026-03-03,4,A028,1,5,14,"[15, 16, 17, 18, 19, 20, 21, 22, 23, 24, 25, 26, 27, 28]","[{""post_id"": 15, ""anonymous_code"": ""사자-8925"", ""post_type"": ""trade_share"", ""title"": ""다시 한번 상승 전환을 믿고 진입했습니다"", ""like_count"": 0, ""unlike_count"": 0, ""score"": 0}, {""post_id"": 16, ""anonymous_code"": ""황소-1620"", ""post_type"": ""trade_share"", ""title"": ""떨어질 때 더 사는 게 답일까? 오늘 다시 샀습니다."", ""like_count"": 0, ""unlike_count"": 0, ""score"": 0}, {""post_id"": 17, ""anonymous_code"": ""돌고래-2979"", ""post_type"": ""trade_share"", ""title"": ""전쟁 공포에 떨어질수록 매수 원칙 지키기 (삼성전자)"", ""like_count"": 0, ""unlike_count"": 0, ""score"": 0}, {""post_id"": 18, ""anonymous_code"": ""황소-4770"", ""post_type"": ""trade_share"", ""title"": ""하락장일수록 매수 기회라 믿습니다. 오늘도 100 주 추가했습니다."", ""like_count"": 0, ""unlike_count"": 0, ""score"": 0}, {""post_id"": 19, ""anonymous_code"": ""곰-8551"", ""post_type"": ""trade_share"", ""title"": ""전쟁 소동 속 삼성전자 다시 매수... 하락 시점 타격 성공?"", ""like_count"": 0, ""unlike_count"": 0, ""score"": 0}, {""post_id"": 20, ""anonymous_code"": ""황소-4980"", ""post_type"": ""trade_share"", ""title"": ""전쟁 공포 속에서도 원칙대로 저가 매수했습니다."", ""like_count"": 0, ""unlike_count"": 0, ""score"": 0}, {""post_id"": 21, ""anonymous_code"": ""여우-1683"", ""post_type"": ""trade_share"", ""title"": ""전쟁 공포에 떨어질수록 사는 저의 원칙이 다시 한번 작동했습니다."", ""like_count"": 0, ""unlike_count"": 0, ""score"": 0}, {""post_id"": 22, ""anonymous_code"": ""독수리-9332"", ""post_type"": ""trade_share"", ""title"": ""전쟁 공포에 팔아치우지 않고 물타기 했습니다"", ""like_count"": 0, ""unlike_count"": 0, ""score"": 0}, {""post_id"": 23, ""anonymous_code"": ""황소-6990"", ""post_type"": ""trade_share"", ""title"": ""전쟁 리스크 속, 하락장에서의 분할 매수 다시 시도"", ""like_count"": 0, ""unlike_count"": 0, ""score"": 0}, {""post_id"": 24, ""anonymous_code"": ""펭귄-5408"", ""post_type"": ""trade_share"", ""title"": ""떨어질수록 매수 원칙, 오늘도 검증 중..."", ""like_count"": 0, ""unlike_count"": 0, ""score"": 0}, {""post_id"": 25, ""anonymous_code"": ""독수리-1692"", ""post_type"": ""trade_share"", ""title"": ""손절 타이밍은 맞았으나, 다시 진입했다가 발등 찍혔네요.."", ""like_count"": 0, ""unlike_count"": 0, ""score"": 0}, {""post_id"": 26, ""anonymous_code"": ""독수리-6722"", ""post_type"": ""trade_share"", ""title"": ""전쟁 공포에 팔았는데, 다시 저가 매수 들어갑니다. (삼성전자)"", ""like_count"": 0, ""unlike_count"": 0, ""score"": 0}, {""post_id"": 27, ""anonymous_code"": ""곰-5671"", ""post_type"": ""trade_share"", ""title"": ""다시 한번 저평가 구간에서 잡았습니다 (19만 5천원)"", ""like_count"": 0, ""unlike_count"": 0, ""score"": 0}, {""post_id"": 28, ""anonymous_code"": ""늑대-3694"", ""post_type"": ""trade_share"", ""title"": ""상승 추세가 명확해지자 다시 진입했습니다 (19.5 만원)"", ""like_count"": 0, ""unlike_count"": 0, ""score"": 0}]"
RN_COMM_ON_20260917,2026-03-03,4,A029,1,5,14,"[15, 16, 17, 18, 19, 20, 21, 22, 23, 24, 25, 26, 27, 28]","[{""post_id"": 15, ""anonymous_code"": ""사자-8925"", ""post_type"": ""trade_share"", ""title"": ""다시 한번 상승 전환을 믿고 진입했습니다"", ""like_count"": 0, ""unlike_count"": 0, ""score"": 0}, {""post_id"": 16, ""anonymous_code"": ""황소-1620"", ""post_type"": ""trade_share"", ""title"": ""떨어질 때 더 사는 게 답일까? 오늘 다시 샀습니다."", ""like_count"": 0, ""unlike_count"": 0, ""score"": 0}, {""post_id"": 17, ""anonymous_code"": ""돌고래-2979"", ""post_type"": ""trade_share"", ""title"": ""전쟁 공포에 떨어질수록 매수 원칙 지키기 (삼성전자)"", ""like_count"": 0, ""unlike_count"": 0, ""score"": 0}, {""post_id"": 18, ""anonymous_code"": ""황소-4770"", ""post_type"": ""trade_share"", ""title"": ""하락장일수록 매수 기회라 믿습니다. 오늘도 100 주 추가했습니다."", ""like_count"": 0, ""unlike_count"": 0, ""score"": 0}, {""post_id"": 19, ""anonymous_code"": ""곰-8551"", ""post_type"": ""trade_share"", ""title"": ""전쟁 소동 속 삼성전자 다시 매수... 하락 시점 타격 성공?"", ""like_count"": 0, ""unlike_count"": 0, ""score"": 0}, {""post_id"": 20, ""anonymous_code"": ""황소-4980"", ""post_type"": ""trade_share"", ""title"": ""전쟁 공포 속에서도 원칙대로 저가 매수했습니다."", ""like_count"": 0, ""unlike_count"": 0, ""score"": 0}, {""post_id"": 21, ""anonymous_code"": ""여우-1683"", ""post_type"": ""trade_share"", ""title"": ""전쟁 공포에 떨어질수록 사는 저의 원칙이 다시 한번 작동했습니다."", ""like_count"": 0, ""unlike_count"": 0, ""score"": 0}, {""post_id"": 22, ""anonymous_code"": ""독수리-9332"", ""post_type"": ""trade_share"", ""title"": ""전쟁 공포에 팔아치우지 않고 물타기 했습니다"", ""like_count"": 0, ""unlike_count"": 0, ""score"": 0}, {""post_id"": 23, ""anonymous_code"": ""황소-6990"", ""post_type"": ""trade_share"", ""title"": ""전쟁 리스크 속, 하락장에서의 분할 매수 다시 시도"", ""like_count"": 0, ""unlike_count"": 0, ""score"": 0}, {""post_id"": 24, ""anonymous_code"": ""펭귄-5408"", ""post_type"": ""trade_share"", ""title"": ""떨어질수록 매수 원칙, 오늘도 검증 중..."", ""like_count"": 0, ""unlike_count"": 0, ""score"": 0}, {""post_id"": 25, ""anonymous_code"": ""독수리-1692"", ""post_type"": ""trade_share"", ""title"": ""손절 타이밍은 맞았으나, 다시 진입했다가 발등 찍혔네요.."", ""like_count"": 0, ""unlike_count"": 0, ""score"": 0}, {""post_id"": 26, ""anonymous_code"": ""독수리-6722"", ""post_type"": ""trade_share"", ""title"": ""전쟁 공포에 팔았는데, 다시 저가 매수 들어갑니다. (삼성전자)"", ""like_count"": 0, ""unlike_count"": 0, ""score"": 0}, {""post_id"": 27, ""anonymous_code"": ""곰-5671"", ""post_type"": ""trade_share"", ""title"": ""다시 한번 저평가 구간에서 잡았습니다 (19만 5천원)"", ""like_count"": 0, ""unlike_count"": 0, ""score"": 0}, {""post_id"": 28, ""anonymous_code"": ""늑대-3694"", ""post_type"": ""trade_share"", ""title"": ""상승 추세가 명확해지자 다시 진입했습니다 (19.5 만원)"", ""like_count"": 0, ""unlike_count"": 0, ""score"": 0}]"
RN_COMM_ON_20260917,2026-03-03,4,A031,2,5,14,"[15, 16, 17, 18, 19, 20, 21, 22, 23, 24, 25, 26, 27, 28]","[{""post_id"": 15, ""anonymous_code"": ""사자-8925"", ""post_type"": ""trade_share"", ""title"": ""다시 한번 상승 전환을 믿고 진입했습니다"", ""like_count"": 0, ""unlike_count"": 0, ""score"": 0}, {""post_id"": 16, ""anonymous_code"": ""황소-1620"", ""post_type"": ""trade_share"", ""title"": ""떨어질 때 더 사는 게 답일까? 오늘 다시 샀습니다."", ""like_count"": 0, ""unlike_count"": 0, ""score"": 0}, {""post_id"": 17, ""anonymous_code"": ""돌고래-2979"", ""post_type"": ""trade_share"", ""title"": ""전쟁 공포에 떨어질수록 매수 원칙 지키기 (삼성전자)"", ""like_count"": 0, ""unlike_count"": 0, ""score"": 0}, {""post_id"": 18, ""anonymous_code"": ""황소-4770"", ""post_type"": ""trade_share"", ""title"": ""하락장일수록 매수 기회라 믿습니다. 오늘도 100 주 추가했습니다."", ""like_count"": 0, ""unlike_count"": 0, ""score"": 0}, {""post_id"": 19, ""anonymous_code"": ""곰-8551"", ""post_type"": ""trade_share"", ""title"": ""전쟁 소동 속 삼성전자 다시 매수... 하락 시점 타격 성공?"", ""like_count"": 0, ""unlike_count"": 0, ""score"": 0}, {""post_id"": 20, ""anonymous_code"": ""황소-4980"", ""post_type"": ""trade_share"", ""title"": ""전쟁 공포 속에서도 원칙대로 저가 매수했습니다."", ""like_count"": 0, ""unlike_count"": 0, ""score"": 0}, {""post_id"": 21, ""anonymous_code"": ""여우-1683"", ""post_type"": ""trade_share"", ""title"": ""전쟁 공포에 떨어질수록 사는 저의 원칙이 다시 한번 작동했습니다."", ""like_count"": 0, ""unlike_count"": 0, ""score"": 0}, {""post_id"": 22, ""anonymous_code"": ""독수리-9332"", ""post_type"": ""trade_share"", ""title"": ""전쟁 공포에 팔아치우지 않고 물타기 했습니다"", ""like_count"": 0, ""unlike_count"": 0, ""score"": 0}, {""post_id"": 23, ""anonymous_code"": ""황소-6990"", ""post_type"": ""trade_share"", ""title"": ""전쟁 리스크 속, 하락장에서의 분할 매수 다시 시도"", ""like_count"": 0, ""unlike_count"": 0, ""score"": 0}, {""post_id"": 24, ""anonymous_code"": ""펭귄-5408"", ""post_type"": ""trade_share"", ""title"": ""떨어질수록 매수 원칙, 오늘도 검증 중..."", ""like_count"": 0, ""unlike_count"": 0, ""score"": 0}, {""post_id"": 25, ""anonymous_code"": ""독수리-1692"", ""post_type"": ""trade_share"", ""title"": ""손절 타이밍은 맞았으나, 다시 진입했다가 발등 찍혔네요.."", ""like_count"": 0, ""unlike_count"": 0, ""score"": 0}, {""post_id"": 26, ""anonymous_code"": ""독수리-6722"", ""post_type"": ""trade_share"", ""title"": ""전쟁 공포에 팔았는데, 다시 저가 매수 들어갑니다. (삼성전자)"", ""like_count"": 0, ""unlike_count"": 0, ""score"": 0}, {""post_id"": 27, ""anonymous_code"": ""곰-5671"", ""post_type"": ""trade_share"", ""title"": ""다시 한번 저평가 구간에서 잡았습니다 (19만 5천원)"", ""like_count"": 0, ""unlike_count"": 0, ""score"": 0}, {""post_id"": 28, ""anonymous_code"": ""늑대-3694"", ""post_type"": ""trade_share"", ""title"": ""상승 추세가 명확해지자 다시 진입했습니다 (19.5 만원)"", ""like_count"": 0, ""unlike_count"": 0, ""score"": 0}]"
RN_COMM_ON_20260917,2026-03-03,4,A035,1,5,14,"[15, 16, 17, 18, 19, 20, 21, 22, 23, 24, 25, 26, 27, 28]","[{""post_id"": 15, ""anonymous_code"": ""사자-8925"", ""post_type"": ""trade_share"", ""title"": ""다시 한번 상승 전환을 믿고 진입했습니다"", ""like_count"": 0, ""unlike_count"": 0, ""score"": 0}, {""post_id"": 16, ""anonymous_code"": ""황소-1620"", ""post_type"": ""trade_share"", ""title"": ""떨어질 때 더 사는 게 답일까? 오늘 다시 샀습니다."", ""like_count"": 0, ""unlike_count"": 0, ""score"": 0}, {""post_id"": 17, ""anonymous_code"": ""돌고래-2979"", ""post_type"": ""trade_share"", ""title"": ""전쟁 공포에 떨어질수록 매수 원칙 지키기 (삼성전자)"", ""like_count"": 0, ""unlike_count"": 0, ""score"": 0}, {""post_id"": 18, ""anonymous_code"": ""황소-4770"", ""post_type"": ""trade_share"", ""title"": ""하락장일수록 매수 기회라 믿습니다. 오늘도 100 주 추가했습니다."", ""like_count"": 0, ""unlike_count"": 0, ""score"": 0}, {""post_id"": 19, ""anonymous_code"": ""곰-8551"", ""post_type"": ""trade_share"", ""title"": ""전쟁 소동 속 삼성전자 다시 매수... 하락 시점 타격 성공?"", ""like_count"": 0, ""unlike_count"": 0, ""score"": 0}, {""post_id"": 20, ""anonymous_code"": ""황소-4980"", ""post_type"": ""trade_share"", ""title"": ""전쟁 공포 속에서도 원칙대로 저가 매수했습니다."", ""like_count"": 0, ""unlike_count"": 0, ""score"": 0}, {""post_id"": 21, ""anonymous_code"": ""여우-1683"", ""post_type"": ""trade_share"", ""title"": ""전쟁 공포에 떨어질수록 사는 저의 원칙이 다시 한번 작동했습니다."", ""like_count"": 0, ""unlike_count"": 0, ""score"": 0}, {""post_id"": 22, ""anonymous_code"": ""독수리-9332"", ""post_type"": ""trade_share"", ""title"": ""전쟁 공포에 팔아치우지 않고 물타기 했습니다"", ""like_count"": 0, ""unlike_count"": 0, ""score"": 0}, {""post_id"": 23, ""anonymous_code"": ""황소-6990"", ""post_type"": ""trade_share"", ""title"": ""전쟁 리스크 속, 하락장에서의 분할 매수 다시 시도"", ""like_count"": 0, ""unlike_count"": 0, ""score"": 0}, {""post_id"": 24, ""anonymous_code"": ""펭귄-5408"", ""post_type"": ""trade_share"", ""title"": ""떨어질수록 매수 원칙, 오늘도 검증 중..."", ""like_count"": 0, ""unlike_count"": 0, ""score"": 0}, {""post_id"": 25, ""anonymous_code"": ""독수리-1692"", ""post_type"": ""trade_share"", ""title"": ""손절 타이밍은 맞았으나, 다시 진입했다가 발등 찍혔네요.."", ""like_count"": 0, ""unlike_count"": 0, ""score"": 0}, {""post_id"": 26, ""anonymous_code"": ""독수리-6722"", ""post_type"": ""trade_share"", ""title"": ""전쟁 공포에 팔았는데, 다시 저가 매수 들어갑니다. (삼성전자)"", ""like_count"": 0, ""unlike_count"": 0, ""score"": 0}, {""post_id"": 27, ""anonymous_code"": ""곰-5671"", ""post_type"": ""trade_share"", ""title"": ""다시 한번 저평가 구간에서 잡았습니다 (19만 5천원)"", ""like_count"": 0, ""unlike_count"": 0, ""score"": 0}, {""post_id"": 28, ""anonymous_code"": ""늑대-3694"", ""post_type"": ""trade_share"", ""title"": ""상승 추세가 명확해지자 다시 진입했습니다 (19.5 만원)"", ""like_count"": 0, ""unlike_count"": 0, ""score"": 0}]"
RN_COMM_ON_20260917,2026-03-03,4,A034,1,5,13,"[15, 16, 18, 19, 20, 21, 22, 23, 24, 25, 26, 27, 28]","[{""post_id"": 15, ""anonymous_code"": ""사자-8925"", ""post_type"": ""trade_share"", ""title"": ""다시 한번 상승 전환을 믿고 진입했습니다"", ""like_count"": 0, ""unlike_count"": 0, ""score"": 0}, {""post_id"": 16, ""anonymous_code"": ""황소-1620"", ""post_type"": ""trade_share"", ""title"": ""떨어질 때 더 사는 게 답일까? 오늘 다시 샀습니다."", ""like_count"": 0, ""unlike_count"": 0, ""score"": 0}, {""post_id"": 18, ""anonymous_code"": ""황소-4770"", ""post_type"": ""trade_share"", ""title"": ""하락장일수록 매수 기회라 믿습니다. 오늘도 100 주 추가했습니다."", ""like_count"": 0, ""unlike_count"": 0, ""score"": 0}, {""post_id"": 19, ""anonymous_code"": ""곰-8551"", ""post_type"": ""trade_share"", ""title"": ""전쟁 소동 속 삼성전자 다시 매수... 하락 시점 타격 성공?"", ""like_count"": 0, ""unlike_count"": 0, ""score"": 0}, {""post_id"": 20, ""anonymous_code"": ""황소-4980"", ""post_type"": ""trade_share"", ""title"": ""전쟁 공포 속에서도 원칙대로 저가 매수했습니다."", ""like_count"": 0, ""unlike_count"": 0, ""score"": 0}, {""post_id"": 21, ""anonymous_code"": ""여우-1683"", ""post_type"": ""trade_share"", ""title"": ""전쟁 공포에 떨어질수록 사는 저의 원칙이 다시 한번 작동했습니다."", ""like_count"": 0, ""unlike_count"": 0, ""score"": 0}, {""post_id"": 22, ""anonymous_code"": ""독수리-9332"", ""post_type"": ""trade_share"", ""title"": ""전쟁 공포에 팔아치우지 않고 물타기 했습니다"", ""like_count"": 0, ""unlike_count"": 0, ""score"": 0}, {""post_id"": 23, ""anonymous_code"": ""황소-6990"", ""post_type"": ""trade_share"", ""title"": ""전쟁 리스크 속, 하락장에서의 분할 매수 다시 시도"", ""like_count"": 0, ""unlike_count"": 0, ""score"": 0}, {""post_id"": 24, ""anonymous_code"": ""펭귄-5408"", ""post_type"": ""trade_share"", ""title"": ""떨어질수록 매수 원칙, 오늘도 검증 중..."", ""like_count"": 0, ""unlike_count"": 0, ""score"": 0}, {""post_id"": 25, ""anonymous_code"": ""독수리-1692"", ""post_type"": ""trade_share"", ""title"": ""손절 타이밍은 맞았으나, 다시 진입했다가 발등 찍혔네요.."", ""like_count"": 0, ""unlike_count"": 0, ""score"": 0}, {""post_id"": 26, ""anonymous_code"": ""독수리-6722"", ""post_type"": ""trade_share"", ""title"": ""전쟁 공포에 팔았는데, 다시 저가 매수 들어갑니다. (삼성전자)"", ""like_count"": 0, ""unlike_count"": 0, ""score"": 0}, {""post_id"": 27, ""anonymous_code"": ""곰-5671"", ""post_type"": ""trade_share"", ""title"": ""다시 한번 저평가 구간에서 잡았습니다 (19만 5천원)"", ""like_count"": 0, ""unlike_count"": 0, ""score"": 0}, {""post_id"": 28, ""anonymous_code"": ""늑대-3694"", ""post_type"": ""trade_share"", ""title"": ""상승 추세가 명확해지자 다시 진입했습니다 (19.5 만원)"", ""like_count"": 0, ""unlike_count"": 0, ""score"": 0}]"
RN_COMM_ON_20260917,2026-03-03,4,A036,2,5,14,"[15, 16, 17, 18, 19, 20, 21, 22, 23, 24, 25, 26, 27, 28]","[{""post_id"": 15, ""anonymous_code"": ""사자-8925"", ""post_type"": ""trade_share"", ""title"": ""다시 한번 상승 전환을 믿고 진입했습니다"", ""like_count"": 0, ""unlike_count"": 0, ""score"": 0}, {""post_id"": 16, ""anonymous_code"": ""황소-1620"", ""post_type"": ""trade_share"", ""title"": ""떨어질 때 더 사는 게 답일까? 오늘 다시 샀습니다."", ""like_count"": 0, ""unlike_count"": 0, ""score"": 0}, {""post_id"": 17, ""anonymous_code"": ""돌고래-2979"", ""post_type"": ""trade_share"", ""title"": ""전쟁 공포에 떨어질수록 매수 원칙 지키기 (삼성전자)"", ""like_count"": 0, ""unlike_count"": 0, ""score"": 0}, {""post_id"": 18, ""anonymous_code"": ""황소-4770"", ""post_type"": ""trade_share"", ""title"": ""하락장일수록 매수 기회라 믿습니다. 오늘도 100 주 추가했습니다."", ""like_count"": 0, ""unlike_count"": 0, ""score"": 0}, {""post_id"": 19, ""anonymous_code"": ""곰-8551"", ""post_type"": ""trade_share"", ""title"": ""전쟁 소동 속 삼성전자 다시 매수... 하락 시점 타격 성공?"", ""like_count"": 0, ""unlike_count"": 0, ""score"": 0}, {""post_id"": 20, ""anonymous_code"": ""황소-4980"", ""post_type"": ""trade_share"", ""title"": ""전쟁 공포 속에서도 원칙대로 저가 매수했습니다."", ""like_count"": 0, ""unlike_count"": 0, ""score"": 0}, {""post_id"": 21, ""anonymous_code"": ""여우-1683"", ""post_type"": ""trade_share"", ""title"": ""전쟁 공포에 떨어질수록 사는 저의 원칙이 다시 한번 작동했습니다."", ""like_count"": 0, ""unlike_count"": 0, ""score"": 0}, {""post_id"": 22, ""anonymous_code"": ""독수리-9332"", ""post_type"": ""trade_share"", ""title"": ""전쟁 공포에 팔아치우지 않고 물타기 했습니다"", ""like_count"": 0, ""unlike_count"": 0, ""score"": 0}, {""post_id"": 23, ""anonymous_code"": ""황소-6990"", ""post_type"": ""trade_share"", ""title"": ""전쟁 리스크 속, 하락장에서의 분할 매수 다시 시도"", ""like_count"": 0, ""unlike_count"": 0, ""score"": 0}, {""post_id"": 24, ""anonymous_code"": ""펭귄-5408"", ""post_type"": ""trade_share"", ""title"": ""떨어질수록 매수 원칙, 오늘도 검증 중..."", ""like_count"": 0, ""unlike_count"": 0, ""score"": 0}, {""post_id"": 25, ""anonymous_code"": ""독수리-1692"", ""post_type"": ""trade_share"", ""title"": ""손절 타이밍은 맞았으나, 다시 진입했다가 발등 찍혔네요.."", ""like_count"": 0, ""unlike_count"": 0, ""score"": 0}, {""post_id"": 26, ""anonymous_code"": ""독수리-6722"", ""post_type"": ""trade_share"", ""title"": ""전쟁 공포에 팔았는데, 다시 저가 매수 들어갑니다. (삼성전자)"", ""like_count"": 0, ""unlike_count"": 0, ""score"": 0}, {""post_id"": 27, ""anonymous_code"": ""곰-5671"", ""post_type"": ""trade_share"", ""title"": ""다시 한번 저평가 구간에서 잡았습니다 (19만 5천원)"", ""like_count"": 0, ""unlike_count"": 0, ""score"": 0}, {""post_id"": 28, ""anonymous_code"": ""늑대-3694"", ""post_type"": ""trade_share"", ""title"": ""상승 추세가 명확해지자 다시 진입했습니다 (19.5 만원)"", ""like_count"": 0, ""unlike_count"": 0, ""score"": 0}]"
RN_COMM_ON_20260917,2026-03-03,4,A037,1,5,14,"[15, 16, 17, 18, 19, 20, 21, 22, 23, 24, 25, 26, 27, 28]","[{""post_id"": 15, ""anonymous_code"": ""사자-8925"", ""post_type"": ""trade_share"", ""title"": ""다시 한번 상승 전환을 믿고 진입했습니다"", ""like_count"": 0, ""unlike_count"": 0, ""score"": 0}, {""post_id"": 16, ""anonymous_code"": ""황소-1620"", ""post_type"": ""trade_share"", ""title"": ""떨어질 때 더 사는 게 답일까? 오늘 다시 샀습니다."", ""like_count"": 0, ""unlike_count"": 0, ""score"": 0}, {""post_id"": 17, ""anonymous_code"": ""돌고래-2979"", ""post_type"": ""trade_share"", ""title"": ""전쟁 공포에 떨어질수록 매수 원칙 지키기 (삼성전자)"", ""like_count"": 0, ""unlike_count"": 0, ""score"": 0}, {""post_id"": 18, ""anonymous_code"": ""황소-4770"", ""post_type"": ""trade_share"", ""title"": ""하락장일수록 매수 기회라 믿습니다. 오늘도 100 주 추가했습니다."", ""like_count"": 0, ""unlike_count"": 0, ""score"": 0}, {""post_id"": 19, ""anonymous_code"": ""곰-8551"", ""post_type"": ""trade_share"", ""title"": ""전쟁 소동 속 삼성전자 다시 매수... 하락 시점 타격 성공?"", ""like_count"": 0, ""unlike_count"": 0, ""score"": 0}, {""post_id"": 20, ""anonymous_code"": ""황소-4980"", ""post_type"": ""trade_share"", ""title"": ""전쟁 공포 속에서도 원칙대로 저가 매수했습니다."", ""like_count"": 0, ""unlike_count"": 0, ""score"": 0}, {""post_id"": 21, ""anonymous_code"": ""여우-1683"", ""post_type"": ""trade_share"", ""title"": ""전쟁 공포에 떨어질수록 사는 저의 원칙이 다시 한번 작동했습니다."", ""like_count"": 0, ""unlike_count"": 0, ""score"": 0}, {""post_id"": 22, ""anonymous_code"": ""독수리-9332"", ""post_type"": ""trade_share"", ""title"": ""전쟁 공포에 팔아치우지 않고 물타기 했습니다"", ""like_count"": 0, ""unlike_count"": 0, ""score"": 0}, {""post_id"": 23, ""anonymous_code"": ""황소-6990"", ""post_type"": ""trade_share"", ""title"": ""전쟁 리스크 속, 하락장에서의 분할 매수 다시 시도"", ""like_count"": 0, ""unlike_count"": 0, ""score"": 0}, {""post_id"": 24, ""anonymous_code"": ""펭귄-5408"", ""post_type"": ""trade_share"", ""title"": ""떨어질수록 매수 원칙, 오늘도 검증 중..."", ""like_count"": 0, ""unlike_count"": 0, ""score"": 0}, {""post_id"": 25, ""anonymous_code"": ""독수리-1692"", ""post_type"": ""trade_share"", ""title"": ""손절 타이밍은 맞았으나, 다시 진입했다가 발등 찍혔네요.."", ""like_count"": 0, ""unlike_count"": 0, ""score"": 0}, {""post_id"": 26, ""anonymous_code"": ""독수리-6722"", ""post_type"": ""trade_share"", ""title"": ""전쟁 공포에 팔았는데, 다시 저가 매수 들어갑니다. (삼성전자)"", ""like_count"": 0, ""unlike_count"": 0, ""score"": 0}, {""post_id"": 27, ""anonymous_code"": ""곰-5671"", ""post_type"": ""trade_share"", ""title"": ""다시 한번 저평가 구간에서 잡았습니다 (19만 5천원)"", ""like_count"": 0, ""unlike_count"": 0, ""score"": 0}, {""post_id"": 28, ""anonymous_code"": ""늑대-3694"", ""post_type"": ""trade_share"", ""title"": ""상승 추세가 명확해지자 다시 진입했습니다 (19.5 만원)"", ""like_count"": 0, ""unlike_count"": 0, ""score"": 0}]"
RN_COMM_ON_20260917,2026-03-03,4,A038,1,5,14,"[15, 16, 17, 18, 19, 20, 21, 22, 23, 24, 25, 26, 27, 28]","[{""post_id"": 15, ""anonymous_code"": ""사자-8925"", ""post_type"": ""trade_share"", ""title"": ""다시 한번 상승 전환을 믿고 진입했습니다"", ""like_count"": 0, ""unlike_count"": 0, ""score"": 0}, {""post_id"": 16, ""anonymous_code"": ""황소-1620"", ""post_type"": ""trade_share"", ""title"": ""떨어질 때 더 사는 게 답일까? 오늘 다시 샀습니다."", ""like_count"": 0, ""unlike_count"": 0, ""score"": 0}, {""post_id"": 17, ""anonymous_code"": ""돌고래-2979"", ""post_type"": ""trade_share"", ""title"": ""전쟁 공포에 떨어질수록 매수 원칙 지키기 (삼성전자)"", ""like_count"": 0, ""unlike_count"": 0, ""score"": 0}, {""post_id"": 18, ""anonymous_code"": ""황소-4770"", ""post_type"": ""trade_share"", ""title"": ""하락장일수록 매수 기회라 믿습니다. 오늘도 100 주 추가했습니다."", ""like_count"": 0, ""unlike_count"": 0, ""score"": 0}, {""post_id"": 19, ""anonymous_code"": ""곰-8551"", ""post_type"": ""trade_share"", ""title"": ""전쟁 소동 속 삼성전자 다시 매수... 하락 시점 타격 성공?"", ""like_count"": 0, ""unlike_count"": 0, ""score"": 0}, {""post_id"": 20, ""anonymous_code"": ""황소-4980"", ""post_type"": ""trade_share"", ""title"": ""전쟁 공포 속에서도 원칙대로 저가 매수했습니다."", ""like_count"": 0, ""unlike_count"": 0, ""score"": 0}, {""post_id"": 21, ""anonymous_code"": ""여우-1683"", ""post_type"": ""trade_share"", ""title"": ""전쟁 공포에 떨어질수록 사는 저의 원칙이 다시 한번 작동했습니다."", ""like_count"": 0, ""unlike_count"": 0, ""score"": 0}, {""post_id"": 22, ""anonymous_code"": ""독수리-9332"", ""post_type"": ""trade_share"", ""title"": ""전쟁 공포에 팔아치우지 않고 물타기 했습니다"", ""like_count"": 0, ""unlike_count"": 0, ""score"": 0}, {""post_id"": 23, ""anonymous_code"": ""황소-6990"", ""post_type"": ""trade_share"", ""title"": ""전쟁 리스크 속, 하락장에서의 분할 매수 다시 시도"", ""like_count"": 0, ""unlike_count"": 0, ""score"": 0}, {""post_id"": 24, ""anonymous_code"": ""펭귄-5408"", ""post_type"": ""trade_share"", ""title"": ""떨어질수록 매수 원칙, 오늘도 검증 중..."", ""like_count"": 0, ""unlike_count"": 0, ""score"": 0}, {""post_id"": 25, ""anonymous_code"": ""독수리-1692"", ""post_type"": ""trade_share"", ""title"": ""손절 타이밍은 맞았으나, 다시 진입했다가 발등 찍혔네요.."", ""like_count"": 0, ""unlike_count"": 0, ""score"": 0}, {""post_id"": 26, ""anonymous_code"": ""독수리-6722"", ""post_type"": ""trade_share"", ""title"": ""전쟁 공포에 팔았는데, 다시 저가 매수 들어갑니다. (삼성전자)"", ""like_count"": 0, ""unlike_count"": 0, ""score"": 0}, {""post_id"": 27, ""anonymous_code"": ""곰-5671"", ""post_type"": ""trade_share"", ""title"": ""다시 한번 저평가 구간에서 잡았습니다 (19만 5천원)"", ""like_count"": 0, ""unlike_count"": 0, ""score"": 0}, {""post_id"": 28, ""anonymous_code"": ""늑대-3694"", ""post_type"": ""trade_share"", ""title"": ""상승 추세가 명확해지자 다시 진입했습니다 (19.5 만원)"", ""like_count"": 0, ""unlike_count"": 0, ""score"": 0}]"
RN_COMM_ON_20260917,2026-03-03,4,A040,1,5,14,"[15, 16, 17, 18, 19, 20, 21, 22, 23, 24, 25, 26, 27, 28]","[{""post_id"": 15, ""anonymous_code"": ""사자-8925"", ""post_type"": ""trade_share"", ""title"": ""다시 한번 상승 전환을 믿고 진입했습니다"", ""like_count"": 0, ""unlike_count"": 0, ""score"": 0}, {""post_id"": 16, ""anonymous_code"": ""황소-1620"", ""post_type"": ""trade_share"", ""title"": ""떨어질 때 더 사는 게 답일까? 오늘 다시 샀습니다."", ""like_count"": 0, ""unlike_count"": 0, ""score"": 0}, {""post_id"": 17, ""anonymous_code"": ""돌고래-2979"", ""post_type"": ""trade_share"", ""title"": ""전쟁 공포에 떨어질수록 매수 원칙 지키기 (삼성전자)"", ""like_count"": 0, ""unlike_count"": 0, ""score"": 0}, {""post_id"": 18, ""anonymous_code"": ""황소-4770"", ""post_type"": ""trade_share"", ""title"": ""하락장일수록 매수 기회라 믿습니다. 오늘도 100 주 추가했습니다."", ""like_count"": 0, ""unlike_count"": 0, ""score"": 0}, {""post_id"": 19, ""anonymous_code"": ""곰-8551"", ""post_type"": ""trade_share"", ""title"": ""전쟁 소동 속 삼성전자 다시 매수... 하락 시점 타격 성공?"", ""like_count"": 0, ""unlike_count"": 0, ""score"": 0}, {""post_id"": 20, ""anonymous_code"": ""황소-4980"", ""post_type"": ""trade_share"", ""title"": ""전쟁 공포 속에서도 원칙대로 저가 매수했습니다."", ""like_count"": 0, ""unlike_count"": 0, ""score"": 0}, {""post_id"": 21, ""anonymous_code"": ""여우-1683"", ""post_type"": ""trade_share"", ""title"": ""전쟁 공포에 떨어질수록 사는 저의 원칙이 다시 한번 작동했습니다."", ""like_count"": 0, ""unlike_count"": 0, ""score"": 0}, {""post_id"": 22, ""anonymous_code"": ""독수리-9332"", ""post_type"": ""trade_share"", ""title"": ""전쟁 공포에 팔아치우지 않고 물타기 했습니다"", ""like_count"": 0, ""unlike_count"": 0, ""score"": 0}, {""post_id"": 23, ""anonymous_code"": ""황소-6990"", ""post_type"": ""trade_share"", ""title"": ""전쟁 리스크 속, 하락장에서의 분할 매수 다시 시도"", ""like_count"": 0, ""unlike_count"": 0, ""score"": 0}, {""post_id"": 24, ""anonymous_code"": ""펭귄-5408"", ""post_type"": ""trade_share"", ""title"": ""떨어질수록 매수 원칙, 오늘도 검증 중..."", ""like_count"": 0, ""unlike_count"": 0, ""score"": 0}, {""post_id"": 25, ""anonymous_code"": ""독수리-1692"", ""post_type"": ""trade_share"", ""title"": ""손절 타이밍은 맞았으나, 다시 진입했다가 발등 찍혔네요.."", ""like_count"": 0, ""unlike_count"": 0, ""score"": 0}, {""post_id"": 26, ""anonymous_code"": ""독수리-6722"", ""post_type"": ""trade_share"", ""title"": ""전쟁 공포에 팔았는데, 다시 저가 매수 들어갑니다. (삼성전자)"", ""like_count"": 0, ""unlike_count"": 0, ""score"": 0}, {""post_id"": 27, ""anonymous_code"": ""곰-5671"", ""post_type"": ""trade_share"", ""title"": ""다시 한번 저평가 구간에서 잡았습니다 (19만 5천원)"", ""like_count"": 0, ""unlike_count"": 0, ""score"": 0}, {""post_id"": 28, ""anonymous_code"": ""늑대-3694"", ""post_type"": ""trade_share"", ""title"": ""상승 추세가 명확해지자 다시 진입했습니다 (19.5 만원)"", ""like_count"": 0, ""unlike_count"": 0, ""score"": 0}]"
RN_COMM_ON_20260917,2026-03-03,4,A041,1,5,14,"[15, 16, 17, 18, 19, 20, 21, 22, 23, 24, 25, 26, 27, 28]","[{""post_id"": 15, ""anonymous_code"": ""사자-8925"", ""post_type"": ""trade_share"", ""title"": ""다시 한번 상승 전환을 믿고 진입했습니다"", ""like_count"": 0, ""unlike_count"": 0, ""score"": 0}, {""post_id"": 16, ""anonymous_code"": ""황소-1620"", ""post_type"": ""trade_share"", ""title"": ""떨어질 때 더 사는 게 답일까? 오늘 다시 샀습니다."", ""like_count"": 0, ""unlike_count"": 0, ""score"": 0}, {""post_id"": 17, ""anonymous_code"": ""돌고래-2979"", ""post_type"": ""trade_share"", ""title"": ""전쟁 공포에 떨어질수록 매수 원칙 지키기 (삼성전자)"", ""like_count"": 0, ""unlike_count"": 0, ""score"": 0}, {""post_id"": 18, ""anonymous_code"": ""황소-4770"", ""post_type"": ""trade_share"", ""title"": ""하락장일수록 매수 기회라 믿습니다. 오늘도 100 주 추가했습니다."", ""like_count"": 0, ""unlike_count"": 0, ""score"": 0}, {""post_id"": 19, ""anonymous_code"": ""곰-8551"", ""post_type"": ""trade_share"", ""title"": ""전쟁 소동 속 삼성전자 다시 매수... 하락 시점 타격 성공?"", ""like_count"": 0, ""unlike_count"": 0, ""score"": 0}, {""post_id"": 20, ""anonymous_code"": ""황소-4980"", ""post_type"": ""trade_share"", ""title"": ""전쟁 공포 속에서도 원칙대로 저가 매수했습니다."", ""like_count"": 0, ""unlike_count"": 0, ""score"": 0}, {""post_id"": 21, ""anonymous_code"": ""여우-1683"", ""post_type"": ""trade_share"", ""title"": ""전쟁 공포에 떨어질수록 사는 저의 원칙이 다시 한번 작동했습니다."", ""like_count"": 0, ""unlike_count"": 0, ""score"": 0}, {""post_id"": 22, ""anonymous_code"": ""독수리-9332"", ""post_type"": ""trade_share"", ""title"": ""전쟁 공포에 팔아치우지 않고 물타기 했습니다"", ""like_count"": 0, ""unlike_count"": 0, ""score"": 0}, {""post_id"": 23, ""anonymous_code"": ""황소-6990"", ""post_type"": ""trade_share"", ""title"": ""전쟁 리스크 속, 하락장에서의 분할 매수 다시 시도"", ""like_count"": 0, ""unlike_count"": 0, ""score"": 0}, {""post_id"": 24, ""anonymous_code"": ""펭귄-5408"", ""post_type"": ""trade_share"", ""title"": ""떨어질수록 매수 원칙, 오늘도 검증 중..."", ""like_count"": 0, ""unlike_count"": 0, ""score"": 0}, {""post_id"": 25, ""anonymous_code"": ""독수리-1692"", ""post_type"": ""trade_share"", ""title"": ""손절 타이밍은 맞았으나, 다시 진입했다가 발등 찍혔네요.."", ""like_count"": 0, ""unlike_count"": 0, ""score"": 0}, {""post_id"": 26, ""anonymous_code"": ""독수리-6722"", ""post_type"": ""trade_share"", ""title"": ""전쟁 공포에 팔았는데, 다시 저가 매수 들어갑니다. (삼성전자)"", ""like_count"": 0, ""unlike_count"": 0, ""score"": 0}, {""post_id"": 27, ""anonymous_code"": ""곰-5671"", ""post_type"": ""trade_share"", ""title"": ""다시 한번 저평가 구간에서 잡았습니다 (19만 5천원)"", ""like_count"": 0, ""unlike_count"": 0, ""score"": 0}, {""post_id"": 28, ""anonymous_code"": ""늑대-3694"", ""post_type"": ""trade_share"", ""title"": ""상승 추세가 명확해지자 다시 진입했습니다 (19.5 만원)"", ""like_count"": 0, ""unlike_count"": 0, ""score"": 0}]"
RN_COMM_ON_20260917,2026-03-03,4,A042,1,5,14,"[15, 16, 17, 18, 19, 20, 21, 22, 23, 24, 25, 26, 27, 28]","[{""post_id"": 15, ""anonymous_code"": ""사자-8925"", ""post_type"": ""trade_share"", ""title"": ""다시 한번 상승 전환을 믿고 진입했습니다"", ""like_count"": 0, ""unlike_count"": 0, ""score"": 0}, {""post_id"": 16, ""anonymous_code"": ""황소-1620"", ""post_type"": ""trade_share"", ""title"": ""떨어질 때 더 사는 게 답일까? 오늘 다시 샀습니다."", ""like_count"": 0, ""unlike_count"": 0, ""score"": 0}, {""post_id"": 17, ""anonymous_code"": ""돌고래-2979"", ""post_type"": ""trade_share"", ""title"": ""전쟁 공포에 떨어질수록 매수 원칙 지키기 (삼성전자)"", ""like_count"": 0, ""unlike_count"": 0, ""score"": 0}, {""post_id"": 18, ""anonymous_code"": ""황소-4770"", ""post_type"": ""trade_share"", ""title"": ""하락장일수록 매수 기회라 믿습니다. 오늘도 100 주 추가했습니다."", ""like_count"": 0, ""unlike_count"": 0, ""score"": 0}, {""post_id"": 19, ""anonymous_code"": ""곰-8551"", ""post_type"": ""trade_share"", ""title"": ""전쟁 소동 속 삼성전자 다시 매수... 하락 시점 타격 성공?"", ""like_count"": 0, ""unlike_count"": 0, ""score"": 0}, {""post_id"": 20, ""anonymous_code"": ""황소-4980"", ""post_type"": ""trade_share"", ""title"": ""전쟁 공포 속에서도 원칙대로 저가 매수했습니다."", ""like_count"": 0, ""unlike_count"": 0, ""score"": 0}, {""post_id"": 21, ""anonymous_code"": ""여우-1683"", ""post_type"": ""trade_share"", ""title"": ""전쟁 공포에 떨어질수록 사는 저의 원칙이 다시 한번 작동했습니다."", ""like_count"": 0, ""unlike_count"": 0, ""score"": 0}, {""post_id"": 22, ""anonymous_code"": ""독수리-9332"", ""post_type"": ""trade_share"", ""title"": ""전쟁 공포에 팔아치우지 않고 물타기 했습니다"", ""like_count"": 0, ""unlike_count"": 0, ""score"": 0}, {""post_id"": 23, ""anonymous_code"": ""황소-6990"", ""post_type"": ""trade_share"", ""title"": ""전쟁 리스크 속, 하락장에서의 분할 매수 다시 시도"", ""like_count"": 0, ""unlike_count"": 0, ""score"": 0}, {""post_id"": 24, ""anonymous_code"": ""펭귄-5408"", ""post_type"": ""trade_share"", ""title"": ""떨어질수록 매수 원칙, 오늘도 검증 중..."", ""like_count"": 0, ""unlike_count"": 0, ""score"": 0}, {""post_id"": 25, ""anonymous_code"": ""독수리-1692"", ""post_type"": ""trade_share"", ""title"": ""손절 타이밍은 맞았으나, 다시 진입했다가 발등 찍혔네요.."", ""like_count"": 0, ""unlike_count"": 0, ""score"": 0}, {""post_id"": 26, ""anonymous_code"": ""독수리-6722"", ""post_type"": ""trade_share"", ""title"": ""전쟁 공포에 팔았는데, 다시 저가 매수 들어갑니다. (삼성전자)"", ""like_count"": 0, ""unlike_count"": 0, ""score"": 0}, {""post_id"": 27, ""anonymous_code"": ""곰-5671"", ""post_type"": ""trade_share"", ""title"": ""다시 한번 저평가 구간에서 잡았습니다 (19만 5천원)"", ""like_count"": 0, ""unlike_count"": 0, ""score"": 0}, {""post_id"": 28, ""anonymous_code"": ""늑대-3694"", ""post_type"": ""trade_share"", ""title"": ""상승 추세가 명확해지자 다시 진입했습니다 (19.5 만원)"", ""like_count"": 0, ""unlike_count"": 0, ""score"": 0}]"
RN_COMM_ON_20260917,2026-03-03,4,A044,1,5,13,"[15, 16, 17, 19, 20, 21, 22, 23, 24, 25, 26, 27, 28]","[{""post_id"": 15, ""anonymous_code"": ""사자-8925"", ""post_type"": ""trade_share"", ""title"": ""다시 한번 상승 전환을 믿고 진입했습니다"", ""like_count"": 0, ""unlike_count"": 0, ""score"": 0}, {""post_id"": 16, ""anonymous_code"": ""황소-1620"", ""post_type"": ""trade_share"", ""title"": ""떨어질 때 더 사는 게 답일까? 오늘 다시 샀습니다."", ""like_count"": 0, ""unlike_count"": 0, ""score"": 0}, {""post_id"": 17, ""anonymous_code"": ""돌고래-2979"", ""post_type"": ""trade_share"", ""title"": ""전쟁 공포에 떨어질수록 매수 원칙 지키기 (삼성전자)"", ""like_count"": 0, ""unlike_count"": 0, ""score"": 0}, {""post_id"": 19, ""anonymous_code"": ""곰-8551"", ""post_type"": ""trade_share"", ""title"": ""전쟁 소동 속 삼성전자 다시 매수... 하락 시점 타격 성공?"", ""like_count"": 0, ""unlike_count"": 0, ""score"": 0}, {""post_id"": 20, ""anonymous_code"": ""황소-4980"", ""post_type"": ""trade_share"", ""title"": ""전쟁 공포 속에서도 원칙대로 저가 매수했습니다."", ""like_count"": 0, ""unlike_count"": 0, ""score"": 0}, {""post_id"": 21, ""anonymous_code"": ""여우-1683"", ""post_type"": ""trade_share"", ""title"": ""전쟁 공포에 떨어질수록 사는 저의 원칙이 다시 한번 작동했습니다."", ""like_count"": 0, ""unlike_count"": 0, ""score"": 0}, {""post_id"": 22, ""anonymous_code"": ""독수리-9332"", ""post_type"": ""trade_share"", ""title"": ""전쟁 공포에 팔아치우지 않고 물타기 했습니다"", ""like_count"": 0, ""unlike_count"": 0, ""score"": 0}, {""post_id"": 23, ""anonymous_code"": ""황소-6990"", ""post_type"": ""trade_share"", ""title"": ""전쟁 리스크 속, 하락장에서의 분할 매수 다시 시도"", ""like_count"": 0, ""unlike_count"": 0, ""score"": 0}, {""post_id"": 24, ""anonymous_code"": ""펭귄-5408"", ""post_type"": ""trade_share"", ""title"": ""떨어질수록 매수 원칙, 오늘도 검증 중..."", ""like_count"": 0, ""unlike_count"": 0, ""score"": 0}, {""post_id"": 25, ""anonymous_code"": ""독수리-1692"", ""post_type"": ""trade_share"", ""title"": ""손절 타이밍은 맞았으나, 다시 진입했다가 발등 찍혔네요.."", ""like_count"": 0, ""unlike_count"": 0, ""score"": 0}, {""post_id"": 26, ""anonymous_code"": ""독수리-6722"", ""post_type"": ""trade_share"", ""title"": ""전쟁 공포에 팔았는데, 다시 저가 매수 들어갑니다. (삼성전자)"", ""like_count"": 0, ""unlike_count"": 0, ""score"": 0}, {""post_id"": 27, ""anonymous_code"": ""곰-5671"", ""post_type"": ""trade_share"", ""title"": ""다시 한번 저평가 구간에서 잡았습니다 (19만 5천원)"", ""like_count"": 0, ""unlike_count"": 0, ""score"": 0}, {""post_id"": 28, ""anonymous_code"": ""늑대-3694"", ""post_type"": ""trade_share"", ""title"": ""상승 추세가 명확해지자 다시 진입했습니다 (19.5 만원)"", ""like_count"": 0, ""unlike_count"": 0, ""score"": 0}]"
RN_COMM_ON_20260917,2026-03-03,4,A047,1,5,14,"[15, 16, 17, 18, 19, 20, 21, 22, 23, 24, 25, 26, 27, 28]","[{""post_id"": 15, ""anonymous_code"": ""사자-8925"", ""post_type"": ""trade_share"", ""title"": ""다시 한번 상승 전환을 믿고 진입했습니다"", ""like_count"": 0, ""unlike_count"": 0, ""score"": 0}, {""post_id"": 16, ""anonymous_code"": ""황소-1620"", ""post_type"": ""trade_share"", ""title"": ""떨어질 때 더 사는 게 답일까? 오늘 다시 샀습니다."", ""like_count"": 0, ""unlike_count"": 0, ""score"": 0}, {""post_id"": 17, ""anonymous_code"": ""돌고래-2979"", ""post_type"": ""trade_share"", ""title"": ""전쟁 공포에 떨어질수록 매수 원칙 지키기 (삼성전자)"", ""like_count"": 0, ""unlike_count"": 0, ""score"": 0}, {""post_id"": 18, ""anonymous_code"": ""황소-4770"", ""post_type"": ""trade_share"", ""title"": ""하락장일수록 매수 기회라 믿습니다. 오늘도 100 주 추가했습니다."", ""like_count"": 0, ""unlike_count"": 0, ""score"": 0}, {""post_id"": 19, ""anonymous_code"": ""곰-8551"", ""post_type"": ""trade_share"", ""title"": ""전쟁 소동 속 삼성전자 다시 매수... 하락 시점 타격 성공?"", ""like_count"": 0, ""unlike_count"": 0, ""score"": 0}, {""post_id"": 20, ""anonymous_code"": ""황소-4980"", ""post_type"": ""trade_share"", ""title"": ""전쟁 공포 속에서도 원칙대로 저가 매수했습니다."", ""like_count"": 0, ""unlike_count"": 0, ""score"": 0}, {""post_id"": 21, ""anonymous_code"": ""여우-1683"", ""post_type"": ""trade_share"", ""title"": ""전쟁 공포에 떨어질수록 사는 저의 원칙이 다시 한번 작동했습니다."", ""like_count"": 0, ""unlike_count"": 0, ""score"": 0}, {""post_id"": 22, ""anonymous_code"": ""독수리-9332"", ""post_type"": ""trade_share"", ""title"": ""전쟁 공포에 팔아치우지 않고 물타기 했습니다"", ""like_count"": 0, ""unlike_count"": 0, ""score"": 0}, {""post_id"": 23, ""anonymous_code"": ""황소-6990"", ""post_type"": ""trade_share"", ""title"": ""전쟁 리스크 속, 하락장에서의 분할 매수 다시 시도"", ""like_count"": 0, ""unlike_count"": 0, ""score"": 0}, {""post_id"": 24, ""anonymous_code"": ""펭귄-5408"", ""post_type"": ""trade_share"", ""title"": ""떨어질수록 매수 원칙, 오늘도 검증 중..."", ""like_count"": 0, ""unlike_count"": 0, ""score"": 0}, {""post_id"": 25, ""anonymous_code"": ""독수리-1692"", ""post_type"": ""trade_share"", ""title"": ""손절 타이밍은 맞았으나, 다시 진입했다가 발등 찍혔네요.."", ""like_count"": 0, ""unlike_count"": 0, ""score"": 0}, {""post_id"": 26, ""anonymous_code"": ""독수리-6722"", ""post_type"": ""trade_share"", ""title"": ""전쟁 공포에 팔았는데, 다시 저가 매수 들어갑니다. (삼성전자)"", ""like_count"": 0, ""unlike_count"": 0, ""score"": 0}, {""post_id"": 27, ""anonymous_code"": ""곰-5671"", ""post_type"": ""trade_share"", ""title"": ""다시 한번 저평가 구간에서 잡았습니다 (19만 5천원)"", ""like_count"": 0, ""unlike_count"": 0, ""score"": 0}, {""post_id"": 28, ""anonymous_code"": ""늑대-3694"", ""post_type"": ""trade_share"", ""title"": ""상승 추세가 명확해지자 다시 진입했습니다 (19.5 만원)"", ""like_count"": 0, ""unlike_count"": 0, ""score"": 0}]"
RN_COMM_ON_20260917,2026-03-03,4,A045,1,5,14,"[15, 16, 17, 18, 19, 20, 21, 22, 23, 24, 25, 26, 27, 28]","[{""post_id"": 15, ""anonymous_code"": ""사자-8925"", ""post_type"": ""trade_share"", ""title"": ""다시 한번 상승 전환을 믿고 진입했습니다"", ""like_count"": 0, ""unlike_count"": 0, ""score"": 0}, {""post_id"": 16, ""anonymous_code"": ""황소-1620"", ""post_type"": ""trade_share"", ""title"": ""떨어질 때 더 사는 게 답일까? 오늘 다시 샀습니다."", ""like_count"": 0, ""unlike_count"": 0, ""score"": 0}, {""post_id"": 17, ""anonymous_code"": ""돌고래-2979"", ""post_type"": ""trade_share"", ""title"": ""전쟁 공포에 떨어질수록 매수 원칙 지키기 (삼성전자)"", ""like_count"": 0, ""unlike_count"": 0, ""score"": 0}, {""post_id"": 18, ""anonymous_code"": ""황소-4770"", ""post_type"": ""trade_share"", ""title"": ""하락장일수록 매수 기회라 믿습니다. 오늘도 100 주 추가했습니다."", ""like_count"": 0, ""unlike_count"": 0, ""score"": 0}, {""post_id"": 19, ""anonymous_code"": ""곰-8551"", ""post_type"": ""trade_share"", ""title"": ""전쟁 소동 속 삼성전자 다시 매수... 하락 시점 타격 성공?"", ""like_count"": 0, ""unlike_count"": 0, ""score"": 0}, {""post_id"": 20, ""anonymous_code"": ""황소-4980"", ""post_type"": ""trade_share"", ""title"": ""전쟁 공포 속에서도 원칙대로 저가 매수했습니다."", ""like_count"": 0, ""unlike_count"": 0, ""score"": 0}, {""post_id"": 21, ""anonymous_code"": ""여우-1683"", ""post_type"": ""trade_share"", ""title"": ""전쟁 공포에 떨어질수록 사는 저의 원칙이 다시 한번 작동했습니다."", ""like_count"": 0, ""unlike_count"": 0, ""score"": 0}, {""post_id"": 22, ""anonymous_code"": ""독수리-9332"", ""post_type"": ""trade_share"", ""title"": ""전쟁 공포에 팔아치우지 않고 물타기 했습니다"", ""like_count"": 0, ""unlike_count"": 0, ""score"": 0}, {""post_id"": 23, ""anonymous_code"": ""황소-6990"", ""post_type"": ""trade_share"", ""title"": ""전쟁 리스크 속, 하락장에서의 분할 매수 다시 시도"", ""like_count"": 0, ""unlike_count"": 0, ""score"": 0}, {""post_id"": 24, ""anonymous_code"": ""펭귄-5408"", ""post_type"": ""trade_share"", ""title"": ""떨어질수록 매수 원칙, 오늘도 검증 중..."", ""like_count"": 0, ""unlike_count"": 0, ""score"": 0}, {""post_id"": 25, ""anonymous_code"": ""독수리-1692"", ""post_type"": ""trade_share"", ""title"": ""손절 타이밍은 맞았으나, 다시 진입했다가 발등 찍혔네요.."", ""like_count"": 0, ""unlike_count"": 0, ""score"": 0}, {""post_id"": 26, ""anonymous_code"": ""독수리-6722"", ""post_type"": ""trade_share"", ""title"": ""전쟁 공포에 팔았는데, 다시 저가 매수 들어갑니다. (삼성전자)"", ""like_count"": 0, ""unlike_count"": 0, ""score"": 0}, {""post_id"": 27, ""anonymous_code"": ""곰-5671"", ""post_type"": ""trade_share"", ""title"": ""다시 한번 저평가 구간에서 잡았습니다 (19만 5천원)"", ""like_count"": 0, ""unlike_count"": 0, ""score"": 0}, {""post_id"": 28, ""anonymous_code"": ""늑대-3694"", ""post_type"": ""trade_share"", ""title"": ""상승 추세가 명확해지자 다시 진입했습니다 (19.5 만원)"", ""like_count"": 0, ""unlike_count"": 0, ""score"": 0}]"
RN_COMM_ON_20260917,2026-03-03,4,A046,1,5,13,"[15, 16, 17, 18, 20, 21, 22, 23, 24, 25, 26, 27, 28]","[{""post_id"": 15, ""anonymous_code"": ""사자-8925"", ""post_type"": ""trade_share"", ""title"": ""다시 한번 상승 전환을 믿고 진입했습니다"", ""like_count"": 0, ""unlike_count"": 0, ""score"": 0}, {""post_id"": 16, ""anonymous_code"": ""황소-1620"", ""post_type"": ""trade_share"", ""title"": ""떨어질 때 더 사는 게 답일까? 오늘 다시 샀습니다."", ""like_count"": 0, ""unlike_count"": 0, ""score"": 0}, {""post_id"": 17, ""anonymous_code"": ""돌고래-2979"", ""post_type"": ""trade_share"", ""title"": ""전쟁 공포에 떨어질수록 매수 원칙 지키기 (삼성전자)"", ""like_count"": 0, ""unlike_count"": 0, ""score"": 0}, {""post_id"": 18, ""anonymous_code"": ""황소-4770"", ""post_type"": ""trade_share"", ""title"": ""하락장일수록 매수 기회라 믿습니다. 오늘도 100 주 추가했습니다."", ""like_count"": 0, ""unlike_count"": 0, ""score"": 0}, {""post_id"": 20, ""anonymous_code"": ""황소-4980"", ""post_type"": ""trade_share"", ""title"": ""전쟁 공포 속에서도 원칙대로 저가 매수했습니다."", ""like_count"": 0, ""unlike_count"": 0, ""score"": 0}, {""post_id"": 21, ""anonymous_code"": ""여우-1683"", ""post_type"": ""trade_share"", ""title"": ""전쟁 공포에 떨어질수록 사는 저의 원칙이 다시 한번 작동했습니다."", ""like_count"": 0, ""unlike_count"": 0, ""score"": 0}, {""post_id"": 22, ""anonymous_code"": ""독수리-9332"", ""post_type"": ""trade_share"", ""title"": ""전쟁 공포에 팔아치우지 않고 물타기 했습니다"", ""like_count"": 0, ""unlike_count"": 0, ""score"": 0}, {""post_id"": 23, ""anonymous_code"": ""황소-6990"", ""post_type"": ""trade_share"", ""title"": ""전쟁 리스크 속, 하락장에서의 분할 매수 다시 시도"", ""like_count"": 0, ""unlike_count"": 0, ""score"": 0}, {""post_id"": 24, ""anonymous_code"": ""펭귄-5408"", ""post_type"": ""trade_share"", ""title"": ""떨어질수록 매수 원칙, 오늘도 검증 중..."", ""like_count"": 0, ""unlike_count"": 0, ""score"": 0}, {""post_id"": 25, ""anonymous_code"": ""독수리-1692"", ""post_type"": ""trade_share"", ""title"": ""손절 타이밍은 맞았으나, 다시 진입했다가 발등 찍혔네요.."", ""like_count"": 0, ""unlike_count"": 0, ""score"": 0}, {""post_id"": 26, ""anonymous_code"": ""독수리-6722"", ""post_type"": ""trade_share"", ""title"": ""전쟁 공포에 팔았는데, 다시 저가 매수 들어갑니다. (삼성전자)"", ""like_count"": 0, ""unlike_count"": 0, ""score"": 0}, {""post_id"": 27, ""anonymous_code"": ""곰-5671"", ""post_type"": ""trade_share"", ""title"": ""다시 한번 저평가 구간에서 잡았습니다 (19만 5천원)"", ""like_count"": 0, ""unlike_count"": 0, ""score"": 0}, {""post_id"": 28, ""anonymous_code"": ""늑대-3694"", ""post_type"": ""trade_share"", ""title"": ""상승 추세가 명확해지자 다시 진입했습니다 (19.5 만원)"", ""like_count"": 0, ""unlike_count"": 0, ""score"": 0}]"
RN_COMM_ON_20260917,2026-03-03,4,A050,1,5,14,"[15, 16, 17, 18, 19, 20, 21, 22, 23, 24, 25, 26, 27, 28]","[{""post_id"": 15, ""anonymous_code"": ""사자-8925"", ""post_type"": ""trade_share"", ""title"": ""다시 한번 상승 전환을 믿고 진입했습니다"", ""like_count"": 0, ""unlike_count"": 0, ""score"": 0}, {""post_id"": 16, ""anonymous_code"": ""황소-1620"", ""post_type"": ""trade_share"", ""title"": ""떨어질 때 더 사는 게 답일까? 오늘 다시 샀습니다."", ""like_count"": 0, ""unlike_count"": 0, ""score"": 0}, {""post_id"": 17, ""anonymous_code"": ""돌고래-2979"", ""post_type"": ""trade_share"", ""title"": ""전쟁 공포에 떨어질수록 매수 원칙 지키기 (삼성전자)"", ""like_count"": 0, ""unlike_count"": 0, ""score"": 0}, {""post_id"": 18, ""anonymous_code"": ""황소-4770"", ""post_type"": ""trade_share"", ""title"": ""하락장일수록 매수 기회라 믿습니다. 오늘도 100 주 추가했습니다."", ""like_count"": 0, ""unlike_count"": 0, ""score"": 0}, {""post_id"": 19, ""anonymous_code"": ""곰-8551"", ""post_type"": ""trade_share"", ""title"": ""전쟁 소동 속 삼성전자 다시 매수... 하락 시점 타격 성공?"", ""like_count"": 0, ""unlike_count"": 0, ""score"": 0}, {""post_id"": 20, ""anonymous_code"": ""황소-4980"", ""post_type"": ""trade_share"", ""title"": ""전쟁 공포 속에서도 원칙대로 저가 매수했습니다."", ""like_count"": 0, ""unlike_count"": 0, ""score"": 0}, {""post_id"": 21, ""anonymous_code"": ""여우-1683"", ""post_type"": ""trade_share"", ""title"": ""전쟁 공포에 떨어질수록 사는 저의 원칙이 다시 한번 작동했습니다."", ""like_count"": 0, ""unlike_count"": 0, ""score"": 0}, {""post_id"": 22, ""anonymous_code"": ""독수리-9332"", ""post_type"": ""trade_share"", ""title"": ""전쟁 공포에 팔아치우지 않고 물타기 했습니다"", ""like_count"": 0, ""unlike_count"": 0, ""score"": 0}, {""post_id"": 23, ""anonymous_code"": ""황소-6990"", ""post_type"": ""trade_share"", ""title"": ""전쟁 리스크 속, 하락장에서의 분할 매수 다시 시도"", ""like_count"": 0, ""unlike_count"": 0, ""score"": 0}, {""post_id"": 24, ""anonymous_code"": ""펭귄-5408"", ""post_type"": ""trade_share"", ""title"": ""떨어질수록 매수 원칙, 오늘도 검증 중..."", ""like_count"": 0, ""unlike_count"": 0, ""score"": 0}, {""post_id"": 25, ""anonymous_code"": ""독수리-1692"", ""post_type"": ""trade_share"", ""title"": ""손절 타이밍은 맞았으나, 다시 진입했다가 발등 찍혔네요.."", ""like_count"": 0, ""unlike_count"": 0, ""score"": 0}, {""post_id"": 26, ""anonymous_code"": ""독수리-6722"", ""post_type"": ""trade_share"", ""title"": ""전쟁 공포에 팔았는데, 다시 저가 매수 들어갑니다. (삼성전자)"", ""like_count"": 0, ""unlike_count"": 0, ""score"": 0}, {""post_id"": 27, ""anonymous_code"": ""곰-5671"", ""post_type"": ""trade_share"", ""title"": ""다시 한번 저평가 구간에서 잡았습니다 (19만 5천원)"", ""like_count"": 0, ""unlike_count"": 0, ""score"": 0}, {""post_id"": 28, ""anonymous_code"": ""늑대-3694"", ""post_type"": ""trade_share"", ""title"": ""상승 추세가 명확해지자 다시 진입했습니다 (19.5 만원)"", ""like_count"": 0, ""unlike_count"": 0, ""score"": 0}]"
RN_COMM_ON_20260917,2026-03-03,4,A054,1,5,14,"[15, 16, 17, 18, 19, 20, 21, 22, 23, 24, 25, 26, 27, 28]","[{""post_id"": 15, ""anonymous_code"": ""사자-8925"", ""post_type"": ""trade_share"", ""title"": ""다시 한번 상승 전환을 믿고 진입했습니다"", ""like_count"": 0, ""unlike_count"": 0, ""score"": 0}, {""post_id"": 16, ""anonymous_code"": ""황소-1620"", ""post_type"": ""trade_share"", ""title"": ""떨어질 때 더 사는 게 답일까? 오늘 다시 샀습니다."", ""like_count"": 0, ""unlike_count"": 0, ""score"": 0}, {""post_id"": 17, ""anonymous_code"": ""돌고래-2979"", ""post_type"": ""trade_share"", ""title"": ""전쟁 공포에 떨어질수록 매수 원칙 지키기 (삼성전자)"", ""like_count"": 0, ""unlike_count"": 0, ""score"": 0}, {""post_id"": 18, ""anonymous_code"": ""황소-4770"", ""post_type"": ""trade_share"", ""title"": ""하락장일수록 매수 기회라 믿습니다. 오늘도 100 주 추가했습니다."", ""like_count"": 0, ""unlike_count"": 0, ""score"": 0}, {""post_id"": 19, ""anonymous_code"": ""곰-8551"", ""post_type"": ""trade_share"", ""title"": ""전쟁 소동 속 삼성전자 다시 매수... 하락 시점 타격 성공?"", ""like_count"": 0, ""unlike_count"": 0, ""score"": 0}, {""post_id"": 20, ""anonymous_code"": ""황소-4980"", ""post_type"": ""trade_share"", ""title"": ""전쟁 공포 속에서도 원칙대로 저가 매수했습니다."", ""like_count"": 0, ""unlike_count"": 0, ""score"": 0}, {""post_id"": 21, ""anonymous_code"": ""여우-1683"", ""post_type"": ""trade_share"", ""title"": ""전쟁 공포에 떨어질수록 사는 저의 원칙이 다시 한번 작동했습니다."", ""like_count"": 0, ""unlike_count"": 0, ""score"": 0}, {""post_id"": 22, ""anonymous_code"": ""독수리-9332"", ""post_type"": ""trade_share"", ""title"": ""전쟁 공포에 팔아치우지 않고 물타기 했습니다"", ""like_count"": 0, ""unlike_count"": 0, ""score"": 0}, {""post_id"": 23, ""anonymous_code"": ""황소-6990"", ""post_type"": ""trade_share"", ""title"": ""전쟁 리스크 속, 하락장에서의 분할 매수 다시 시도"", ""like_count"": 0, ""unlike_count"": 0, ""score"": 0}, {""post_id"": 24, ""anonymous_code"": ""펭귄-5408"", ""post_type"": ""trade_share"", ""title"": ""떨어질수록 매수 원칙, 오늘도 검증 중..."", ""like_count"": 0, ""unlike_count"": 0, ""score"": 0}, {""post_id"": 25, ""anonymous_code"": ""독수리-1692"", ""post_type"": ""trade_share"", ""title"": ""손절 타이밍은 맞았으나, 다시 진입했다가 발등 찍혔네요.."", ""like_count"": 0, ""unlike_count"": 0, ""score"": 0}, {""post_id"": 26, ""anonymous_code"": ""독수리-6722"", ""post_type"": ""trade_share"", ""title"": ""전쟁 공포에 팔았는데, 다시 저가 매수 들어갑니다. (삼성전자)"", ""like_count"": 0, ""unlike_count"": 0, ""score"": 0}, {""post_id"": 27, ""anonymous_code"": ""곰-5671"", ""post_type"": ""trade_share"", ""title"": ""다시 한번 저평가 구간에서 잡았습니다 (19만 5천원)"", ""like_count"": 0, ""unlike_count"": 0, ""score"": 0}, {""post_id"": 28, ""anonymous_code"": ""늑대-3694"", ""post_type"": ""trade_share"", ""title"": ""상승 추세가 명확해지자 다시 진입했습니다 (19.5 만원)"", ""like_count"": 0, ""unlike_count"": 0, ""score"": 0}]"
RN_COMM_ON_20260917,2026-03-03,4,A051,1,5,14,"[15, 16, 17, 18, 19, 20, 21, 22, 23, 24, 25, 26, 27, 28]","[{""post_id"": 15, ""anonymous_code"": ""사자-8925"", ""post_type"": ""trade_share"", ""title"": ""다시 한번 상승 전환을 믿고 진입했습니다"", ""like_count"": 0, ""unlike_count"": 0, ""score"": 0}, {""post_id"": 16, ""anonymous_code"": ""황소-1620"", ""post_type"": ""trade_share"", ""title"": ""떨어질 때 더 사는 게 답일까? 오늘 다시 샀습니다."", ""like_count"": 0, ""unlike_count"": 0, ""score"": 0}, {""post_id"": 17, ""anonymous_code"": ""돌고래-2979"", ""post_type"": ""trade_share"", ""title"": ""전쟁 공포에 떨어질수록 매수 원칙 지키기 (삼성전자)"", ""like_count"": 0, ""unlike_count"": 0, ""score"": 0}, {""post_id"": 18, ""anonymous_code"": ""황소-4770"", ""post_type"": ""trade_share"", ""title"": ""하락장일수록 매수 기회라 믿습니다. 오늘도 100 주 추가했습니다."", ""like_count"": 0, ""unlike_count"": 0, ""score"": 0}, {""post_id"": 19, ""anonymous_code"": ""곰-8551"", ""post_type"": ""trade_share"", ""title"": ""전쟁 소동 속 삼성전자 다시 매수... 하락 시점 타격 성공?"", ""like_count"": 0, ""unlike_count"": 0, ""score"": 0}, {""post_id"": 20, ""anonymous_code"": ""황소-4980"", ""post_type"": ""trade_share"", ""title"": ""전쟁 공포 속에서도 원칙대로 저가 매수했습니다."", ""like_count"": 0, ""unlike_count"": 0, ""score"": 0}, {""post_id"": 21, ""anonymous_code"": ""여우-1683"", ""post_type"": ""trade_share"", ""title"": ""전쟁 공포에 떨어질수록 사는 저의 원칙이 다시 한번 작동했습니다."", ""like_count"": 0, ""unlike_count"": 0, ""score"": 0}, {""post_id"": 22, ""anonymous_code"": ""독수리-9332"", ""post_type"": ""trade_share"", ""title"": ""전쟁 공포에 팔아치우지 않고 물타기 했습니다"", ""like_count"": 0, ""unlike_count"": 0, ""score"": 0}, {""post_id"": 23, ""anonymous_code"": ""황소-6990"", ""post_type"": ""trade_share"", ""title"": ""전쟁 리스크 속, 하락장에서의 분할 매수 다시 시도"", ""like_count"": 0, ""unlike_count"": 0, ""score"": 0}, {""post_id"": 24, ""anonymous_code"": ""펭귄-5408"", ""post_type"": ""trade_share"", ""title"": ""떨어질수록 매수 원칙, 오늘도 검증 중..."", ""like_count"": 0, ""unlike_count"": 0, ""score"": 0}, {""post_id"": 25, ""anonymous_code"": ""독수리-1692"", ""post_type"": ""trade_share"", ""title"": ""손절 타이밍은 맞았으나, 다시 진입했다가 발등 찍혔네요.."", ""like_count"": 0, ""unlike_count"": 0, ""score"": 0}, {""post_id"": 26, ""anonymous_code"": ""독수리-6722"", ""post_type"": ""trade_share"", ""title"": ""전쟁 공포에 팔았는데, 다시 저가 매수 들어갑니다. (삼성전자)"", ""like_count"": 0, ""unlike_count"": 0, ""score"": 0}, {""post_id"": 27, ""anonymous_code"": ""곰-5671"", ""post_type"": ""trade_share"", ""title"": ""다시 한번 저평가 구간에서 잡았습니다 (19만 5천원)"", ""like_count"": 0, ""unlike_count"": 0, ""score"": 0}, {""post_id"": 28, ""anonymous_code"": ""늑대-3694"", ""post_type"": ""trade_share"", ""title"": ""상승 추세가 명확해지자 다시 진입했습니다 (19.5 만원)"", ""like_count"": 0, ""unlike_count"": 0, ""score"": 0}]"
RN_COMM_ON_20260917,2026-03-03,4,A053,2,5,14,"[15, 16, 17, 18, 19, 20, 21, 22, 23, 24, 25, 26, 27, 28]","[{""post_id"": 15, ""anonymous_code"": ""사자-8925"", ""post_type"": ""trade_share"", ""title"": ""다시 한번 상승 전환을 믿고 진입했습니다"", ""like_count"": 0, ""unlike_count"": 0, ""score"": 0}, {""post_id"": 16, ""anonymous_code"": ""황소-1620"", ""post_type"": ""trade_share"", ""title"": ""떨어질 때 더 사는 게 답일까? 오늘 다시 샀습니다."", ""like_count"": 0, ""unlike_count"": 0, ""score"": 0}, {""post_id"": 17, ""anonymous_code"": ""돌고래-2979"", ""post_type"": ""trade_share"", ""title"": ""전쟁 공포에 떨어질수록 매수 원칙 지키기 (삼성전자)"", ""like_count"": 0, ""unlike_count"": 0, ""score"": 0}, {""post_id"": 18, ""anonymous_code"": ""황소-4770"", ""post_type"": ""trade_share"", ""title"": ""하락장일수록 매수 기회라 믿습니다. 오늘도 100 주 추가했습니다."", ""like_count"": 0, ""unlike_count"": 0, ""score"": 0}, {""post_id"": 19, ""anonymous_code"": ""곰-8551"", ""post_type"": ""trade_share"", ""title"": ""전쟁 소동 속 삼성전자 다시 매수... 하락 시점 타격 성공?"", ""like_count"": 0, ""unlike_count"": 0, ""score"": 0}, {""post_id"": 20, ""anonymous_code"": ""황소-4980"", ""post_type"": ""trade_share"", ""title"": ""전쟁 공포 속에서도 원칙대로 저가 매수했습니다."", ""like_count"": 0, ""unlike_count"": 0, ""score"": 0}, {""post_id"": 21, ""anonymous_code"": ""여우-1683"", ""post_type"": ""trade_share"", ""title"": ""전쟁 공포에 떨어질수록 사는 저의 원칙이 다시 한번 작동했습니다."", ""like_count"": 0, ""unlike_count"": 0, ""score"": 0}, {""post_id"": 22, ""anonymous_code"": ""독수리-9332"", ""post_type"": ""trade_share"", ""title"": ""전쟁 공포에 팔아치우지 않고 물타기 했습니다"", ""like_count"": 0, ""unlike_count"": 0, ""score"": 0}, {""post_id"": 23, ""anonymous_code"": ""황소-6990"", ""post_type"": ""trade_share"", ""title"": ""전쟁 리스크 속, 하락장에서의 분할 매수 다시 시도"", ""like_count"": 0, ""unlike_count"": 0, ""score"": 0}, {""post_id"": 24, ""anonymous_code"": ""펭귄-5408"", ""post_type"": ""trade_share"", ""title"": ""떨어질수록 매수 원칙, 오늘도 검증 중..."", ""like_count"": 0, ""unlike_count"": 0, ""score"": 0}, {""post_id"": 25, ""anonymous_code"": ""독수리-1692"", ""post_type"": ""trade_share"", ""title"": ""손절 타이밍은 맞았으나, 다시 진입했다가 발등 찍혔네요.."", ""like_count"": 0, ""unlike_count"": 0, ""score"": 0}, {""post_id"": 26, ""anonymous_code"": ""독수리-6722"", ""post_type"": ""trade_share"", ""title"": ""전쟁 공포에 팔았는데, 다시 저가 매수 들어갑니다. (삼성전자)"", ""like_count"": 0, ""unlike_count"": 0, ""score"": 0}, {""post_id"": 27, ""anonymous_code"": ""곰-5671"", ""post_type"": ""trade_share"", ""title"": ""다시 한번 저평가 구간에서 잡았습니다 (19만 5천원)"", ""like_count"": 0, ""unlike_count"": 0, ""score"": 0}, {""post_id"": 28, ""anonymous_code"": ""늑대-3694"", ""post_type"": ""trade_share"", ""title"": ""상승 추세가 명확해지자 다시 진입했습니다 (19.5 만원)"", ""like_count"": 0, ""unlike_count"": 0, ""score"": 0}]"
RN_COMM_ON_20260917,2026-03-03,4,A056,1,5,13,"[15, 16, 17, 18, 19, 20, 22, 23, 24, 25, 26, 27, 28]","[{""post_id"": 15, ""anonymous_code"": ""사자-8925"", ""post_type"": ""trade_share"", ""title"": ""다시 한번 상승 전환을 믿고 진입했습니다"", ""like_count"": 0, ""unlike_count"": 0, ""score"": 0}, {""post_id"": 16, ""anonymous_code"": ""황소-1620"", ""post_type"": ""trade_share"", ""title"": ""떨어질 때 더 사는 게 답일까? 오늘 다시 샀습니다."", ""like_count"": 0, ""unlike_count"": 0, ""score"": 0}, {""post_id"": 17, ""anonymous_code"": ""돌고래-2979"", ""post_type"": ""trade_share"", ""title"": ""전쟁 공포에 떨어질수록 매수 원칙 지키기 (삼성전자)"", ""like_count"": 0, ""unlike_count"": 0, ""score"": 0}, {""post_id"": 18, ""anonymous_code"": ""황소-4770"", ""post_type"": ""trade_share"", ""title"": ""하락장일수록 매수 기회라 믿습니다. 오늘도 100 주 추가했습니다."", ""like_count"": 0, ""unlike_count"": 0, ""score"": 0}, {""post_id"": 19, ""anonymous_code"": ""곰-8551"", ""post_type"": ""trade_share"", ""title"": ""전쟁 소동 속 삼성전자 다시 매수... 하락 시점 타격 성공?"", ""like_count"": 0, ""unlike_count"": 0, ""score"": 0}, {""post_id"": 20, ""anonymous_code"": ""황소-4980"", ""post_type"": ""trade_share"", ""title"": ""전쟁 공포 속에서도 원칙대로 저가 매수했습니다."", ""like_count"": 0, ""unlike_count"": 0, ""score"": 0}, {""post_id"": 22, ""anonymous_code"": ""독수리-9332"", ""post_type"": ""trade_share"", ""title"": ""전쟁 공포에 팔아치우지 않고 물타기 했습니다"", ""like_count"": 0, ""unlike_count"": 0, ""score"": 0}, {""post_id"": 23, ""anonymous_code"": ""황소-6990"", ""post_type"": ""trade_share"", ""title"": ""전쟁 리스크 속, 하락장에서의 분할 매수 다시 시도"", ""like_count"": 0, ""unlike_count"": 0, ""score"": 0}, {""post_id"": 24, ""anonymous_code"": ""펭귄-5408"", ""post_type"": ""trade_share"", ""title"": ""떨어질수록 매수 원칙, 오늘도 검증 중..."", ""like_count"": 0, ""unlike_count"": 0, ""score"": 0}, {""post_id"": 25, ""anonymous_code"": ""독수리-1692"", ""post_type"": ""trade_share"", ""title"": ""손절 타이밍은 맞았으나, 다시 진입했다가 발등 찍혔네요.."", ""like_count"": 0, ""unlike_count"": 0, ""score"": 0}, {""post_id"": 26, ""anonymous_code"": ""독수리-6722"", ""post_type"": ""trade_share"", ""title"": ""전쟁 공포에 팔았는데, 다시 저가 매수 들어갑니다. (삼성전자)"", ""like_count"": 0, ""unlike_count"": 0, ""score"": 0}, {""post_id"": 27, ""anonymous_code"": ""곰-5671"", ""post_type"": ""trade_share"", ""title"": ""다시 한번 저평가 구간에서 잡았습니다 (19만 5천원)"", ""like_count"": 0, ""unlike_count"": 0, ""score"": 0}, {""post_id"": 28, ""anonymous_code"": ""늑대-3694"", ""post_type"": ""trade_share"", ""title"": ""상승 추세가 명확해지자 다시 진입했습니다 (19.5 만원)"", ""like_count"": 0, ""unlike_count"": 0, ""score"": 0}]"
RN_COMM_ON_20260917,2026-03-03,4,A058,2,5,13,"[15, 16, 17, 18, 19, 20, 21, 23, 24, 25, 26, 27, 28]","[{""post_id"": 15, ""anonymous_code"": ""사자-8925"", ""post_type"": ""trade_share"", ""title"": ""다시 한번 상승 전환을 믿고 진입했습니다"", ""like_count"": 0, ""unlike_count"": 0, ""score"": 0}, {""post_id"": 16, ""anonymous_code"": ""황소-1620"", ""post_type"": ""trade_share"", ""title"": ""떨어질 때 더 사는 게 답일까? 오늘 다시 샀습니다."", ""like_count"": 0, ""unlike_count"": 0, ""score"": 0}, {""post_id"": 17, ""anonymous_code"": ""돌고래-2979"", ""post_type"": ""trade_share"", ""title"": ""전쟁 공포에 떨어질수록 매수 원칙 지키기 (삼성전자)"", ""like_count"": 0, ""unlike_count"": 0, ""score"": 0}, {""post_id"": 18, ""anonymous_code"": ""황소-4770"", ""post_type"": ""trade_share"", ""title"": ""하락장일수록 매수 기회라 믿습니다. 오늘도 100 주 추가했습니다."", ""like_count"": 0, ""unlike_count"": 0, ""score"": 0}, {""post_id"": 19, ""anonymous_code"": ""곰-8551"", ""post_type"": ""trade_share"", ""title"": ""전쟁 소동 속 삼성전자 다시 매수... 하락 시점 타격 성공?"", ""like_count"": 0, ""unlike_count"": 0, ""score"": 0}, {""post_id"": 20, ""anonymous_code"": ""황소-4980"", ""post_type"": ""trade_share"", ""title"": ""전쟁 공포 속에서도 원칙대로 저가 매수했습니다."", ""like_count"": 0, ""unlike_count"": 0, ""score"": 0}, {""post_id"": 21, ""anonymous_code"": ""여우-1683"", ""post_type"": ""trade_share"", ""title"": ""전쟁 공포에 떨어질수록 사는 저의 원칙이 다시 한번 작동했습니다."", ""like_count"": 0, ""unlike_count"": 0, ""score"": 0}, {""post_id"": 23, ""anonymous_code"": ""황소-6990"", ""post_type"": ""trade_share"", ""title"": ""전쟁 리스크 속, 하락장에서의 분할 매수 다시 시도"", ""like_count"": 0, ""unlike_count"": 0, ""score"": 0}, {""post_id"": 24, ""anonymous_code"": ""펭귄-5408"", ""post_type"": ""trade_share"", ""title"": ""떨어질수록 매수 원칙, 오늘도 검증 중..."", ""like_count"": 0, ""unlike_count"": 0, ""score"": 0}, {""post_id"": 25, ""anonymous_code"": ""독수리-1692"", ""post_type"": ""trade_share"", ""title"": ""손절 타이밍은 맞았으나, 다시 진입했다가 발등 찍혔네요.."", ""like_count"": 0, ""unlike_count"": 0, ""score"": 0}, {""post_id"": 26, ""anonymous_code"": ""독수리-6722"", ""post_type"": ""trade_share"", ""title"": ""전쟁 공포에 팔았는데, 다시 저가 매수 들어갑니다. (삼성전자)"", ""like_count"": 0, ""unlike_count"": 0, ""score"": 0}, {""post_id"": 27, ""anonymous_code"": ""곰-5671"", ""post_type"": ""trade_share"", ""title"": ""다시 한번 저평가 구간에서 잡았습니다 (19만 5천원)"", ""like_count"": 0, ""unlike_count"": 0, ""score"": 0}, {""post_id"": 28, ""anonymous_code"": ""늑대-3694"", ""post_type"": ""trade_share"", ""title"": ""상승 추세가 명확해지자 다시 진입했습니다 (19.5 만원)"", ""like_count"": 0, ""unlike_count"": 0, ""score"": 0}]"
RN_COMM_ON_20260917,2026-03-03,4,A055,2,5,13,"[15, 16, 17, 18, 19, 21, 22, 23, 24, 25, 26, 27, 28]","[{""post_id"": 15, ""anonymous_code"": ""사자-8925"", ""post_type"": ""trade_share"", ""title"": ""다시 한번 상승 전환을 믿고 진입했습니다"", ""like_count"": 0, ""unlike_count"": 0, ""score"": 0}, {""post_id"": 16, ""anonymous_code"": ""황소-1620"", ""post_type"": ""trade_share"", ""title"": ""떨어질 때 더 사는 게 답일까? 오늘 다시 샀습니다."", ""like_count"": 0, ""unlike_count"": 0, ""score"": 0}, {""post_id"": 17, ""anonymous_code"": ""돌고래-2979"", ""post_type"": ""trade_share"", ""title"": ""전쟁 공포에 떨어질수록 매수 원칙 지키기 (삼성전자)"", ""like_count"": 0, ""unlike_count"": 0, ""score"": 0}, {""post_id"": 18, ""anonymous_code"": ""황소-4770"", ""post_type"": ""trade_share"", ""title"": ""하락장일수록 매수 기회라 믿습니다. 오늘도 100 주 추가했습니다."", ""like_count"": 0, ""unlike_count"": 0, ""score"": 0}, {""post_id"": 19, ""anonymous_code"": ""곰-8551"", ""post_type"": ""trade_share"", ""title"": ""전쟁 소동 속 삼성전자 다시 매수... 하락 시점 타격 성공?"", ""like_count"": 0, ""unlike_count"": 0, ""score"": 0}, {""post_id"": 21, ""anonymous_code"": ""여우-1683"", ""post_type"": ""trade_share"", ""title"": ""전쟁 공포에 떨어질수록 사는 저의 원칙이 다시 한번 작동했습니다."", ""like_count"": 0, ""unlike_count"": 0, ""score"": 0}, {""post_id"": 22, ""anonymous_code"": ""독수리-9332"", ""post_type"": ""trade_share"", ""title"": ""전쟁 공포에 팔아치우지 않고 물타기 했습니다"", ""like_count"": 0, ""unlike_count"": 0, ""score"": 0}, {""post_id"": 23, ""anonymous_code"": ""황소-6990"", ""post_type"": ""trade_share"", ""title"": ""전쟁 리스크 속, 하락장에서의 분할 매수 다시 시도"", ""like_count"": 0, ""unlike_count"": 0, ""score"": 0}, {""post_id"": 24, ""anonymous_code"": ""펭귄-5408"", ""post_type"": ""trade_share"", ""title"": ""떨어질수록 매수 원칙, 오늘도 검증 중..."", ""like_count"": 0, ""unlike_count"": 0, ""score"": 0}, {""post_id"": 25, ""anonymous_code"": ""독수리-1692"", ""post_type"": ""trade_share"", ""title"": ""손절 타이밍은 맞았으나, 다시 진입했다가 발등 찍혔네요.."", ""like_count"": 0, ""unlike_count"": 0, ""score"": 0}, {""post_id"": 26, ""anonymous_code"": ""독수리-6722"", ""post_type"": ""trade_share"", ""title"": ""전쟁 공포에 팔았는데, 다시 저가 매수 들어갑니다. (삼성전자)"", ""like_count"": 0, ""unlike_count"": 0, ""score"": 0}, {""post_id"": 27, ""anonymous_code"": ""곰-5671"", ""post_type"": ""trade_share"", ""title"": ""다시 한번 저평가 구간에서 잡았습니다 (19만 5천원)"", ""like_count"": 0, ""unlike_count"": 0, ""score"": 0}, {""post_id"": 28, ""anonymous_code"": ""늑대-3694"", ""post_type"": ""trade_share"", ""title"": ""상승 추세가 명확해지자 다시 진입했습니다 (19.5 만원)"", ""like_count"": 0, ""unlike_count"": 0, ""score"": 0}]"
RN_COMM_ON_20260917,2026-03-03,4,A059,2,5,14,"[15, 16, 17, 18, 19, 20, 21, 22, 23, 24, 25, 26, 27, 28]","[{""post_id"": 15, ""anonymous_code"": ""사자-8925"", ""post_type"": ""trade_share"", ""title"": ""다시 한번 상승 전환을 믿고 진입했습니다"", ""like_count"": 0, ""unlike_count"": 0, ""score"": 0}, {""post_id"": 16, ""anonymous_code"": ""황소-1620"", ""post_type"": ""trade_share"", ""title"": ""떨어질 때 더 사는 게 답일까? 오늘 다시 샀습니다."", ""like_count"": 0, ""unlike_count"": 0, ""score"": 0}, {""post_id"": 17, ""anonymous_code"": ""돌고래-2979"", ""post_type"": ""trade_share"", ""title"": ""전쟁 공포에 떨어질수록 매수 원칙 지키기 (삼성전자)"", ""like_count"": 0, ""unlike_count"": 0, ""score"": 0}, {""post_id"": 18, ""anonymous_code"": ""황소-4770"", ""post_type"": ""trade_share"", ""title"": ""하락장일수록 매수 기회라 믿습니다. 오늘도 100 주 추가했습니다."", ""like_count"": 0, ""unlike_count"": 0, ""score"": 0}, {""post_id"": 19, ""anonymous_code"": ""곰-8551"", ""post_type"": ""trade_share"", ""title"": ""전쟁 소동 속 삼성전자 다시 매수... 하락 시점 타격 성공?"", ""like_count"": 0, ""unlike_count"": 0, ""score"": 0}, {""post_id"": 20, ""anonymous_code"": ""황소-4980"", ""post_type"": ""trade_share"", ""title"": ""전쟁 공포 속에서도 원칙대로 저가 매수했습니다."", ""like_count"": 0, ""unlike_count"": 0, ""score"": 0}, {""post_id"": 21, ""anonymous_code"": ""여우-1683"", ""post_type"": ""trade_share"", ""title"": ""전쟁 공포에 떨어질수록 사는 저의 원칙이 다시 한번 작동했습니다."", ""like_count"": 0, ""unlike_count"": 0, ""score"": 0}, {""post_id"": 22, ""anonymous_code"": ""독수리-9332"", ""post_type"": ""trade_share"", ""title"": ""전쟁 공포에 팔아치우지 않고 물타기 했습니다"", ""like_count"": 0, ""unlike_count"": 0, ""score"": 0}, {""post_id"": 23, ""anonymous_code"": ""황소-6990"", ""post_type"": ""trade_share"", ""title"": ""전쟁 리스크 속, 하락장에서의 분할 매수 다시 시도"", ""like_count"": 0, ""unlike_count"": 0, ""score"": 0}, {""post_id"": 24, ""anonymous_code"": ""펭귄-5408"", ""post_type"": ""trade_share"", ""title"": ""떨어질수록 매수 원칙, 오늘도 검증 중..."", ""like_count"": 0, ""unlike_count"": 0, ""score"": 0}, {""post_id"": 25, ""anonymous_code"": ""독수리-1692"", ""post_type"": ""trade_share"", ""title"": ""손절 타이밍은 맞았으나, 다시 진입했다가 발등 찍혔네요.."", ""like_count"": 0, ""unlike_count"": 0, ""score"": 0}, {""post_id"": 26, ""anonymous_code"": ""독수리-6722"", ""post_type"": ""trade_share"", ""title"": ""전쟁 공포에 팔았는데, 다시 저가 매수 들어갑니다. (삼성전자)"", ""like_count"": 0, ""unlike_count"": 0, ""score"": 0}, {""post_id"": 27, ""anonymous_code"": ""곰-5671"", ""post_type"": ""trade_share"", ""title"": ""다시 한번 저평가 구간에서 잡았습니다 (19만 5천원)"", ""like_count"": 0, ""unlike_count"": 0, ""score"": 0}, {""post_id"": 28, ""anonymous_code"": ""늑대-3694"", ""post_type"": ""trade_share"", ""title"": ""상승 추세가 명확해지자 다시 진입했습니다 (19.5 만원)"", ""like_count"": 0, ""unlike_count"": 0, ""score"": 0}]"
RN_COMM_ON_20260917,2026-03-03,4,A061,1,5,14,"[15, 16, 17, 18, 19, 20, 21, 22, 23, 24, 25, 26, 27, 28]","[{""post_id"": 15, ""anonymous_code"": ""사자-8925"", ""post_type"": ""trade_share"", ""title"": ""다시 한번 상승 전환을 믿고 진입했습니다"", ""like_count"": 0, ""unlike_count"": 0, ""score"": 0}, {""post_id"": 16, ""anonymous_code"": ""황소-1620"", ""post_type"": ""trade_share"", ""title"": ""떨어질 때 더 사는 게 답일까? 오늘 다시 샀습니다."", ""like_count"": 0, ""unlike_count"": 0, ""score"": 0}, {""post_id"": 17, ""anonymous_code"": ""돌고래-2979"", ""post_type"": ""trade_share"", ""title"": ""전쟁 공포에 떨어질수록 매수 원칙 지키기 (삼성전자)"", ""like_count"": 0, ""unlike_count"": 0, ""score"": 0}, {""post_id"": 18, ""anonymous_code"": ""황소-4770"", ""post_type"": ""trade_share"", ""title"": ""하락장일수록 매수 기회라 믿습니다. 오늘도 100 주 추가했습니다."", ""like_count"": 0, ""unlike_count"": 0, ""score"": 0}, {""post_id"": 19, ""anonymous_code"": ""곰-8551"", ""post_type"": ""trade_share"", ""title"": ""전쟁 소동 속 삼성전자 다시 매수... 하락 시점 타격 성공?"", ""like_count"": 0, ""unlike_count"": 0, ""score"": 0}, {""post_id"": 20, ""anonymous_code"": ""황소-4980"", ""post_type"": ""trade_share"", ""title"": ""전쟁 공포 속에서도 원칙대로 저가 매수했습니다."", ""like_count"": 0, ""unlike_count"": 0, ""score"": 0}, {""post_id"": 21, ""anonymous_code"": ""여우-1683"", ""post_type"": ""trade_share"", ""title"": ""전쟁 공포에 떨어질수록 사는 저의 원칙이 다시 한번 작동했습니다."", ""like_count"": 0, ""unlike_count"": 0, ""score"": 0}, {""post_id"": 22, ""anonymous_code"": ""독수리-9332"", ""post_type"": ""trade_share"", ""title"": ""전쟁 공포에 팔아치우지 않고 물타기 했습니다"", ""like_count"": 0, ""unlike_count"": 0, ""score"": 0}, {""post_id"": 23, ""anonymous_code"": ""황소-6990"", ""post_type"": ""trade_share"", ""title"": ""전쟁 리스크 속, 하락장에서의 분할 매수 다시 시도"", ""like_count"": 0, ""unlike_count"": 0, ""score"": 0}, {""post_id"": 24, ""anonymous_code"": ""펭귄-5408"", ""post_type"": ""trade_share"", ""title"": ""떨어질수록 매수 원칙, 오늘도 검증 중..."", ""like_count"": 0, ""unlike_count"": 0, ""score"": 0}, {""post_id"": 25, ""anonymous_code"": ""독수리-1692"", ""post_type"": ""trade_share"", ""title"": ""손절 타이밍은 맞았으나, 다시 진입했다가 발등 찍혔네요.."", ""like_count"": 0, ""unlike_count"": 0, ""score"": 0}, {""post_id"": 26, ""anonymous_code"": ""독수리-6722"", ""post_type"": ""trade_share"", ""title"": ""전쟁 공포에 팔았는데, 다시 저가 매수 들어갑니다. (삼성전자)"", ""like_count"": 0, ""unlike_count"": 0, ""score"": 0}, {""post_id"": 27, ""anonymous_code"": ""곰-5671"", ""post_type"": ""trade_share"", ""title"": ""다시 한번 저평가 구간에서 잡았습니다 (19만 5천원)"", ""like_count"": 0, ""unlike_count"": 0, ""score"": 0}, {""post_id"": 28, ""anonymous_code"": ""늑대-3694"", ""post_type"": ""trade_share"", ""title"": ""상승 추세가 명확해지자 다시 진입했습니다 (19.5 만원)"", ""like_count"": 0, ""unlike_count"": 0, ""score"": 0}]"
RN_COMM_ON_20260917,2026-03-03,4,A065,1,5,14,"[15, 16, 17, 18, 19, 20, 21, 22, 23, 24, 25, 26, 27, 28]","[{""post_id"": 15, ""anonymous_code"": ""사자-8925"", ""post_type"": ""trade_share"", ""title"": ""다시 한번 상승 전환을 믿고 진입했습니다"", ""like_count"": 0, ""unlike_count"": 0, ""score"": 0}, {""post_id"": 16, ""anonymous_code"": ""황소-1620"", ""post_type"": ""trade_share"", ""title"": ""떨어질 때 더 사는 게 답일까? 오늘 다시 샀습니다."", ""like_count"": 0, ""unlike_count"": 0, ""score"": 0}, {""post_id"": 17, ""anonymous_code"": ""돌고래-2979"", ""post_type"": ""trade_share"", ""title"": ""전쟁 공포에 떨어질수록 매수 원칙 지키기 (삼성전자)"", ""like_count"": 0, ""unlike_count"": 0, ""score"": 0}, {""post_id"": 18, ""anonymous_code"": ""황소-4770"", ""post_type"": ""trade_share"", ""title"": ""하락장일수록 매수 기회라 믿습니다. 오늘도 100 주 추가했습니다."", ""like_count"": 0, ""unlike_count"": 0, ""score"": 0}, {""post_id"": 19, ""anonymous_code"": ""곰-8551"", ""post_type"": ""trade_share"", ""title"": ""전쟁 소동 속 삼성전자 다시 매수... 하락 시점 타격 성공?"", ""like_count"": 0, ""unlike_count"": 0, ""score"": 0}, {""post_id"": 20, ""anonymous_code"": ""황소-4980"", ""post_type"": ""trade_share"", ""title"": ""전쟁 공포 속에서도 원칙대로 저가 매수했습니다."", ""like_count"": 0, ""unlike_count"": 0, ""score"": 0}, {""post_id"": 21, ""anonymous_code"": ""여우-1683"", ""post_type"": ""trade_share"", ""title"": ""전쟁 공포에 떨어질수록 사는 저의 원칙이 다시 한번 작동했습니다."", ""like_count"": 0, ""unlike_count"": 0, ""score"": 0}, {""post_id"": 22, ""anonymous_code"": ""독수리-9332"", ""post_type"": ""trade_share"", ""title"": ""전쟁 공포에 팔아치우지 않고 물타기 했습니다"", ""like_count"": 0, ""unlike_count"": 0, ""score"": 0}, {""post_id"": 23, ""anonymous_code"": ""황소-6990"", ""post_type"": ""trade_share"", ""title"": ""전쟁 리스크 속, 하락장에서의 분할 매수 다시 시도"", ""like_count"": 0, ""unlike_count"": 0, ""score"": 0}, {""post_id"": 24, ""anonymous_code"": ""펭귄-5408"", ""post_type"": ""trade_share"", ""title"": ""떨어질수록 매수 원칙, 오늘도 검증 중..."", ""like_count"": 0, ""unlike_count"": 0, ""score"": 0}, {""post_id"": 25, ""anonymous_code"": ""독수리-1692"", ""post_type"": ""trade_share"", ""title"": ""손절 타이밍은 맞았으나, 다시 진입했다가 발등 찍혔네요.."", ""like_count"": 0, ""unlike_count"": 0, ""score"": 0}, {""post_id"": 26, ""anonymous_code"": ""독수리-6722"", ""post_type"": ""trade_share"", ""title"": ""전쟁 공포에 팔았는데, 다시 저가 매수 들어갑니다. (삼성전자)"", ""like_count"": 0, ""unlike_count"": 0, ""score"": 0}, {""post_id"": 27, ""anonymous_code"": ""곰-5671"", ""post_type"": ""trade_share"", ""title"": ""다시 한번 저평가 구간에서 잡았습니다 (19만 5천원)"", ""like_count"": 0, ""unlike_count"": 0, ""score"": 0}, {""post_id"": 28, ""anonymous_code"": ""늑대-3694"", ""post_type"": ""trade_share"", ""title"": ""상승 추세가 명확해지자 다시 진입했습니다 (19.5 만원)"", ""like_count"": 0, ""unlike_count"": 0, ""score"": 0}]"
RN_COMM_ON_20260917,2026-03-03,4,A064,1,5,13,"[15, 16, 17, 18, 19, 20, 21, 22, 24, 25, 26, 27, 28]","[{""post_id"": 15, ""anonymous_code"": ""사자-8925"", ""post_type"": ""trade_share"", ""title"": ""다시 한번 상승 전환을 믿고 진입했습니다"", ""like_count"": 0, ""unlike_count"": 0, ""score"": 0}, {""post_id"": 16, ""anonymous_code"": ""황소-1620"", ""post_type"": ""trade_share"", ""title"": ""떨어질 때 더 사는 게 답일까? 오늘 다시 샀습니다."", ""like_count"": 0, ""unlike_count"": 0, ""score"": 0}, {""post_id"": 17, ""anonymous_code"": ""돌고래-2979"", ""post_type"": ""trade_share"", ""title"": ""전쟁 공포에 떨어질수록 매수 원칙 지키기 (삼성전자)"", ""like_count"": 0, ""unlike_count"": 0, ""score"": 0}, {""post_id"": 18, ""anonymous_code"": ""황소-4770"", ""post_type"": ""trade_share"", ""title"": ""하락장일수록 매수 기회라 믿습니다. 오늘도 100 주 추가했습니다."", ""like_count"": 0, ""unlike_count"": 0, ""score"": 0}, {""post_id"": 19, ""anonymous_code"": ""곰-8551"", ""post_type"": ""trade_share"", ""title"": ""전쟁 소동 속 삼성전자 다시 매수... 하락 시점 타격 성공?"", ""like_count"": 0, ""unlike_count"": 0, ""score"": 0}, {""post_id"": 20, ""anonymous_code"": ""황소-4980"", ""post_type"": ""trade_share"", ""title"": ""전쟁 공포 속에서도 원칙대로 저가 매수했습니다."", ""like_count"": 0, ""unlike_count"": 0, ""score"": 0}, {""post_id"": 21, ""anonymous_code"": ""여우-1683"", ""post_type"": ""trade_share"", ""title"": ""전쟁 공포에 떨어질수록 사는 저의 원칙이 다시 한번 작동했습니다."", ""like_count"": 0, ""unlike_count"": 0, ""score"": 0}, {""post_id"": 22, ""anonymous_code"": ""독수리-9332"", ""post_type"": ""trade_share"", ""title"": ""전쟁 공포에 팔아치우지 않고 물타기 했습니다"", ""like_count"": 0, ""unlike_count"": 0, ""score"": 0}, {""post_id"": 24, ""anonymous_code"": ""펭귄-5408"", ""post_type"": ""trade_share"", ""title"": ""떨어질수록 매수 원칙, 오늘도 검증 중..."", ""like_count"": 0, ""unlike_count"": 0, ""score"": 0}, {""post_id"": 25, ""anonymous_code"": ""독수리-1692"", ""post_type"": ""trade_share"", ""title"": ""손절 타이밍은 맞았으나, 다시 진입했다가 발등 찍혔네요.."", ""like_count"": 0, ""unlike_count"": 0, ""score"": 0}, {""post_id"": 26, ""anonymous_code"": ""독수리-6722"", ""post_type"": ""trade_share"", ""title"": ""전쟁 공포에 팔았는데, 다시 저가 매수 들어갑니다. (삼성전자)"", ""like_count"": 0, ""unlike_count"": 0, ""score"": 0}, {""post_id"": 27, ""anonymous_code"": ""곰-5671"", ""post_type"": ""trade_share"", ""title"": ""다시 한번 저평가 구간에서 잡았습니다 (19만 5천원)"", ""like_count"": 0, ""unlike_count"": 0, ""score"": 0}, {""post_id"": 28, ""anonymous_code"": ""늑대-3694"", ""post_type"": ""trade_share"", ""title"": ""상승 추세가 명확해지자 다시 진입했습니다 (19.5 만원)"", ""like_count"": 0, ""unlike_count"": 0, ""score"": 0}]"
RN_COMM_ON_20260917,2026-03-03,4,A063,1,5,14,"[15, 16, 17, 18, 19, 20, 21, 22, 23, 24, 25, 26, 27, 28]","[{""post_id"": 15, ""anonymous_code"": ""사자-8925"", ""post_type"": ""trade_share"", ""title"": ""다시 한번 상승 전환을 믿고 진입했습니다"", ""like_count"": 0, ""unlike_count"": 0, ""score"": 0}, {""post_id"": 16, ""anonymous_code"": ""황소-1620"", ""post_type"": ""trade_share"", ""title"": ""떨어질 때 더 사는 게 답일까? 오늘 다시 샀습니다."", ""like_count"": 0, ""unlike_count"": 0, ""score"": 0}, {""post_id"": 17, ""anonymous_code"": ""돌고래-2979"", ""post_type"": ""trade_share"", ""title"": ""전쟁 공포에 떨어질수록 매수 원칙 지키기 (삼성전자)"", ""like_count"": 0, ""unlike_count"": 0, ""score"": 0}, {""post_id"": 18, ""anonymous_code"": ""황소-4770"", ""post_type"": ""trade_share"", ""title"": ""하락장일수록 매수 기회라 믿습니다. 오늘도 100 주 추가했습니다."", ""like_count"": 0, ""unlike_count"": 0, ""score"": 0}, {""post_id"": 19, ""anonymous_code"": ""곰-8551"", ""post_type"": ""trade_share"", ""title"": ""전쟁 소동 속 삼성전자 다시 매수... 하락 시점 타격 성공?"", ""like_count"": 0, ""unlike_count"": 0, ""score"": 0}, {""post_id"": 20, ""anonymous_code"": ""황소-4980"", ""post_type"": ""trade_share"", ""title"": ""전쟁 공포 속에서도 원칙대로 저가 매수했습니다."", ""like_count"": 0, ""unlike_count"": 0, ""score"": 0}, {""post_id"": 21, ""anonymous_code"": ""여우-1683"", ""post_type"": ""trade_share"", ""title"": ""전쟁 공포에 떨어질수록 사는 저의 원칙이 다시 한번 작동했습니다."", ""like_count"": 0, ""unlike_count"": 0, ""score"": 0}, {""post_id"": 22, ""anonymous_code"": ""독수리-9332"", ""post_type"": ""trade_share"", ""title"": ""전쟁 공포에 팔아치우지 않고 물타기 했습니다"", ""like_count"": 0, ""unlike_count"": 0, ""score"": 0}, {""post_id"": 23, ""anonymous_code"": ""황소-6990"", ""post_type"": ""trade_share"", ""title"": ""전쟁 리스크 속, 하락장에서의 분할 매수 다시 시도"", ""like_count"": 0, ""unlike_count"": 0, ""score"": 0}, {""post_id"": 24, ""anonymous_code"": ""펭귄-5408"", ""post_type"": ""trade_share"", ""title"": ""떨어질수록 매수 원칙, 오늘도 검증 중..."", ""like_count"": 0, ""unlike_count"": 0, ""score"": 0}, {""post_id"": 25, ""anonymous_code"": ""독수리-1692"", ""post_type"": ""trade_share"", ""title"": ""손절 타이밍은 맞았으나, 다시 진입했다가 발등 찍혔네요.."", ""like_count"": 0, ""unlike_count"": 0, ""score"": 0}, {""post_id"": 26, ""anonymous_code"": ""독수리-6722"", ""post_type"": ""trade_share"", ""title"": ""전쟁 공포에 팔았는데, 다시 저가 매수 들어갑니다. (삼성전자)"", ""like_count"": 0, ""unlike_count"": 0, ""score"": 0}, {""post_id"": 27, ""anonymous_code"": ""곰-5671"", ""post_type"": ""trade_share"", ""title"": ""다시 한번 저평가 구간에서 잡았습니다 (19만 5천원)"", ""like_count"": 0, ""unlike_count"": 0, ""score"": 0}, {""post_id"": 28, ""anonymous_code"": ""늑대-3694"", ""post_type"": ""trade_share"", ""title"": ""상승 추세가 명확해지자 다시 진입했습니다 (19.5 만원)"", ""like_count"": 0, ""unlike_count"": 0, ""score"": 0}]"
RN_COMM_ON_20260917,2026-03-03,4,A066,1,5,14,"[15, 16, 17, 18, 19, 20, 21, 22, 23, 24, 25, 26, 27, 28]","[{""post_id"": 15, ""anonymous_code"": ""사자-8925"", ""post_type"": ""trade_share"", ""title"": ""다시 한번 상승 전환을 믿고 진입했습니다"", ""like_count"": 0, ""unlike_count"": 0, ""score"": 0}, {""post_id"": 16, ""anonymous_code"": ""황소-1620"", ""post_type"": ""trade_share"", ""title"": ""떨어질 때 더 사는 게 답일까? 오늘 다시 샀습니다."", ""like_count"": 0, ""unlike_count"": 0, ""score"": 0}, {""post_id"": 17, ""anonymous_code"": ""돌고래-2979"", ""post_type"": ""trade_share"", ""title"": ""전쟁 공포에 떨어질수록 매수 원칙 지키기 (삼성전자)"", ""like_count"": 0, ""unlike_count"": 0, ""score"": 0}, {""post_id"": 18, ""anonymous_code"": ""황소-4770"", ""post_type"": ""trade_share"", ""title"": ""하락장일수록 매수 기회라 믿습니다. 오늘도 100 주 추가했습니다."", ""like_count"": 0, ""unlike_count"": 0, ""score"": 0}, {""post_id"": 19, ""anonymous_code"": ""곰-8551"", ""post_type"": ""trade_share"", ""title"": ""전쟁 소동 속 삼성전자 다시 매수... 하락 시점 타격 성공?"", ""like_count"": 0, ""unlike_count"": 0, ""score"": 0}, {""post_id"": 20, ""anonymous_code"": ""황소-4980"", ""post_type"": ""trade_share"", ""title"": ""전쟁 공포 속에서도 원칙대로 저가 매수했습니다."", ""like_count"": 0, ""unlike_count"": 0, ""score"": 0}, {""post_id"": 21, ""anonymous_code"": ""여우-1683"", ""post_type"": ""trade_share"", ""title"": ""전쟁 공포에 떨어질수록 사는 저의 원칙이 다시 한번 작동했습니다."", ""like_count"": 0, ""unlike_count"": 0, ""score"": 0}, {""post_id"": 22, ""anonymous_code"": ""독수리-9332"", ""post_type"": ""trade_share"", ""title"": ""전쟁 공포에 팔아치우지 않고 물타기 했습니다"", ""like_count"": 0, ""unlike_count"": 0, ""score"": 0}, {""post_id"": 23, ""anonymous_code"": ""황소-6990"", ""post_type"": ""trade_share"", ""title"": ""전쟁 리스크 속, 하락장에서의 분할 매수 다시 시도"", ""like_count"": 0, ""unlike_count"": 0, ""score"": 0}, {""post_id"": 24, ""anonymous_code"": ""펭귄-5408"", ""post_type"": ""trade_share"", ""title"": ""떨어질수록 매수 원칙, 오늘도 검증 중..."", ""like_count"": 0, ""unlike_count"": 0, ""score"": 0}, {""post_id"": 25, ""anonymous_code"": ""독수리-1692"", ""post_type"": ""trade_share"", ""title"": ""손절 타이밍은 맞았으나, 다시 진입했다가 발등 찍혔네요.."", ""like_count"": 0, ""unlike_count"": 0, ""score"": 0}, {""post_id"": 26, ""anonymous_code"": ""독수리-6722"", ""post_type"": ""trade_share"", ""title"": ""전쟁 공포에 팔았는데, 다시 저가 매수 들어갑니다. (삼성전자)"", ""like_count"": 0, ""unlike_count"": 0, ""score"": 0}, {""post_id"": 27, ""anonymous_code"": ""곰-5671"", ""post_type"": ""trade_share"", ""title"": ""다시 한번 저평가 구간에서 잡았습니다 (19만 5천원)"", ""like_count"": 0, ""unlike_count"": 0, ""score"": 0}, {""post_id"": 28, ""anonymous_code"": ""늑대-3694"", ""post_type"": ""trade_share"", ""title"": ""상승 추세가 명확해지자 다시 진입했습니다 (19.5 만원)"", ""like_count"": 0, ""unlike_count"": 0, ""score"": 0}]"
RN_COMM_ON_20260917,2026-03-03,4,A069,1,5,14,"[15, 16, 17, 18, 19, 20, 21, 22, 23, 24, 25, 26, 27, 28]","[{""post_id"": 15, ""anonymous_code"": ""사자-8925"", ""post_type"": ""trade_share"", ""title"": ""다시 한번 상승 전환을 믿고 진입했습니다"", ""like_count"": 0, ""unlike_count"": 0, ""score"": 0}, {""post_id"": 16, ""anonymous_code"": ""황소-1620"", ""post_type"": ""trade_share"", ""title"": ""떨어질 때 더 사는 게 답일까? 오늘 다시 샀습니다."", ""like_count"": 0, ""unlike_count"": 0, ""score"": 0}, {""post_id"": 17, ""anonymous_code"": ""돌고래-2979"", ""post_type"": ""trade_share"", ""title"": ""전쟁 공포에 떨어질수록 매수 원칙 지키기 (삼성전자)"", ""like_count"": 0, ""unlike_count"": 0, ""score"": 0}, {""post_id"": 18, ""anonymous_code"": ""황소-4770"", ""post_type"": ""trade_share"", ""title"": ""하락장일수록 매수 기회라 믿습니다. 오늘도 100 주 추가했습니다."", ""like_count"": 0, ""unlike_count"": 0, ""score"": 0}, {""post_id"": 19, ""anonymous_code"": ""곰-8551"", ""post_type"": ""trade_share"", ""title"": ""전쟁 소동 속 삼성전자 다시 매수... 하락 시점 타격 성공?"", ""like_count"": 0, ""unlike_count"": 0, ""score"": 0}, {""post_id"": 20, ""anonymous_code"": ""황소-4980"", ""post_type"": ""trade_share"", ""title"": ""전쟁 공포 속에서도 원칙대로 저가 매수했습니다."", ""like_count"": 0, ""unlike_count"": 0, ""score"": 0}, {""post_id"": 21, ""anonymous_code"": ""여우-1683"", ""post_type"": ""trade_share"", ""title"": ""전쟁 공포에 떨어질수록 사는 저의 원칙이 다시 한번 작동했습니다."", ""like_count"": 0, ""unlike_count"": 0, ""score"": 0}, {""post_id"": 22, ""anonymous_code"": ""독수리-9332"", ""post_type"": ""trade_share"", ""title"": ""전쟁 공포에 팔아치우지 않고 물타기 했습니다"", ""like_count"": 0, ""unlike_count"": 0, ""score"": 0}, {""post_id"": 23, ""anonymous_code"": ""황소-6990"", ""post_type"": ""trade_share"", ""title"": ""전쟁 리스크 속, 하락장에서의 분할 매수 다시 시도"", ""like_count"": 0, ""unlike_count"": 0, ""score"": 0}, {""post_id"": 24, ""anonymous_code"": ""펭귄-5408"", ""post_type"": ""trade_share"", ""title"": ""떨어질수록 매수 원칙, 오늘도 검증 중..."", ""like_count"": 0, ""unlike_count"": 0, ""score"": 0}, {""post_id"": 25, ""anonymous_code"": ""독수리-1692"", ""post_type"": ""trade_share"", ""title"": ""손절 타이밍은 맞았으나, 다시 진입했다가 발등 찍혔네요.."", ""like_count"": 0, ""unlike_count"": 0, ""score"": 0}, {""post_id"": 26, ""anonymous_code"": ""독수리-6722"", ""post_type"": ""trade_share"", ""title"": ""전쟁 공포에 팔았는데, 다시 저가 매수 들어갑니다. (삼성전자)"", ""like_count"": 0, ""unlike_count"": 0, ""score"": 0}, {""post_id"": 27, ""anonymous_code"": ""곰-5671"", ""post_type"": ""trade_share"", ""title"": ""다시 한번 저평가 구간에서 잡았습니다 (19만 5천원)"", ""like_count"": 0, ""unlike_count"": 0, ""score"": 0}, {""post_id"": 28, ""anonymous_code"": ""늑대-3694"", ""post_type"": ""trade_share"", ""title"": ""상승 추세가 명확해지자 다시 진입했습니다 (19.5 만원)"", ""like_count"": 0, ""unlike_count"": 0, ""score"": 0}]"
RN_COMM_ON_20260917,2026-03-03,4,A070,1,5,14,"[15, 16, 17, 18, 19, 20, 21, 22, 23, 24, 25, 26, 27, 28]","[{""post_id"": 15, ""anonymous_code"": ""사자-8925"", ""post_type"": ""trade_share"", ""title"": ""다시 한번 상승 전환을 믿고 진입했습니다"", ""like_count"": 0, ""unlike_count"": 0, ""score"": 0}, {""post_id"": 16, ""anonymous_code"": ""황소-1620"", ""post_type"": ""trade_share"", ""title"": ""떨어질 때 더 사는 게 답일까? 오늘 다시 샀습니다."", ""like_count"": 0, ""unlike_count"": 0, ""score"": 0}, {""post_id"": 17, ""anonymous_code"": ""돌고래-2979"", ""post_type"": ""trade_share"", ""title"": ""전쟁 공포에 떨어질수록 매수 원칙 지키기 (삼성전자)"", ""like_count"": 0, ""unlike_count"": 0, ""score"": 0}, {""post_id"": 18, ""anonymous_code"": ""황소-4770"", ""post_type"": ""trade_share"", ""title"": ""하락장일수록 매수 기회라 믿습니다. 오늘도 100 주 추가했습니다."", ""like_count"": 0, ""unlike_count"": 0, ""score"": 0}, {""post_id"": 19, ""anonymous_code"": ""곰-8551"", ""post_type"": ""trade_share"", ""title"": ""전쟁 소동 속 삼성전자 다시 매수... 하락 시점 타격 성공?"", ""like_count"": 0, ""unlike_count"": 0, ""score"": 0}, {""post_id"": 20, ""anonymous_code"": ""황소-4980"", ""post_type"": ""trade_share"", ""title"": ""전쟁 공포 속에서도 원칙대로 저가 매수했습니다."", ""like_count"": 0, ""unlike_count"": 0, ""score"": 0}, {""post_id"": 21, ""anonymous_code"": ""여우-1683"", ""post_type"": ""trade_share"", ""title"": ""전쟁 공포에 떨어질수록 사는 저의 원칙이 다시 한번 작동했습니다."", ""like_count"": 0, ""unlike_count"": 0, ""score"": 0}, {""post_id"": 22, ""anonymous_code"": ""독수리-9332"", ""post_type"": ""trade_share"", ""title"": ""전쟁 공포에 팔아치우지 않고 물타기 했습니다"", ""like_count"": 0, ""unlike_count"": 0, ""score"": 0}, {""post_id"": 23, ""anonymous_code"": ""황소-6990"", ""post_type"": ""trade_share"", ""title"": ""전쟁 리스크 속, 하락장에서의 분할 매수 다시 시도"", ""like_count"": 0, ""unlike_count"": 0, ""score"": 0}, {""post_id"": 24, ""anonymous_code"": ""펭귄-5408"", ""post_type"": ""trade_share"", ""title"": ""떨어질수록 매수 원칙, 오늘도 검증 중..."", ""like_count"": 0, ""unlike_count"": 0, ""score"": 0}, {""post_id"": 25, ""anonymous_code"": ""독수리-1692"", ""post_type"": ""trade_share"", ""title"": ""손절 타이밍은 맞았으나, 다시 진입했다가 발등 찍혔네요.."", ""like_count"": 0, ""unlike_count"": 0, ""score"": 0}, {""post_id"": 26, ""anonymous_code"": ""독수리-6722"", ""post_type"": ""trade_share"", ""title"": ""전쟁 공포에 팔았는데, 다시 저가 매수 들어갑니다. (삼성전자)"", ""like_count"": 0, ""unlike_count"": 0, ""score"": 0}, {""post_id"": 27, ""anonymous_code"": ""곰-5671"", ""post_type"": ""trade_share"", ""title"": ""다시 한번 저평가 구간에서 잡았습니다 (19만 5천원)"", ""like_count"": 0, ""unlike_count"": 0, ""score"": 0}, {""post_id"": 28, ""anonymous_code"": ""늑대-3694"", ""post_type"": ""trade_share"", ""title"": ""상승 추세가 명확해지자 다시 진입했습니다 (19.5 만원)"", ""like_count"": 0, ""unlike_count"": 0, ""score"": 0}]"
RN_COMM_ON_20260917,2026-03-03,4,A073,2,5,13,"[15, 16, 17, 18, 19, 20, 21, 22, 23, 24, 26, 27, 28]","[{""post_id"": 15, ""anonymous_code"": ""사자-8925"", ""post_type"": ""trade_share"", ""title"": ""다시 한번 상승 전환을 믿고 진입했습니다"", ""like_count"": 0, ""unlike_count"": 0, ""score"": 0}, {""post_id"": 16, ""anonymous_code"": ""황소-1620"", ""post_type"": ""trade_share"", ""title"": ""떨어질 때 더 사는 게 답일까? 오늘 다시 샀습니다."", ""like_count"": 0, ""unlike_count"": 0, ""score"": 0}, {""post_id"": 17, ""anonymous_code"": ""돌고래-2979"", ""post_type"": ""trade_share"", ""title"": ""전쟁 공포에 떨어질수록 매수 원칙 지키기 (삼성전자)"", ""like_count"": 0, ""unlike_count"": 0, ""score"": 0}, {""post_id"": 18, ""anonymous_code"": ""황소-4770"", ""post_type"": ""trade_share"", ""title"": ""하락장일수록 매수 기회라 믿습니다. 오늘도 100 주 추가했습니다."", ""like_count"": 0, ""unlike_count"": 0, ""score"": 0}, {""post_id"": 19, ""anonymous_code"": ""곰-8551"", ""post_type"": ""trade_share"", ""title"": ""전쟁 소동 속 삼성전자 다시 매수... 하락 시점 타격 성공?"", ""like_count"": 0, ""unlike_count"": 0, ""score"": 0}, {""post_id"": 20, ""anonymous_code"": ""황소-4980"", ""post_type"": ""trade_share"", ""title"": ""전쟁 공포 속에서도 원칙대로 저가 매수했습니다."", ""like_count"": 0, ""unlike_count"": 0, ""score"": 0}, {""post_id"": 21, ""anonymous_code"": ""여우-1683"", ""post_type"": ""trade_share"", ""title"": ""전쟁 공포에 떨어질수록 사는 저의 원칙이 다시 한번 작동했습니다."", ""like_count"": 0, ""unlike_count"": 0, ""score"": 0}, {""post_id"": 22, ""anonymous_code"": ""독수리-9332"", ""post_type"": ""trade_share"", ""title"": ""전쟁 공포에 팔아치우지 않고 물타기 했습니다"", ""like_count"": 0, ""unlike_count"": 0, ""score"": 0}, {""post_id"": 23, ""anonymous_code"": ""황소-6990"", ""post_type"": ""trade_share"", ""title"": ""전쟁 리스크 속, 하락장에서의 분할 매수 다시 시도"", ""like_count"": 0, ""unlike_count"": 0, ""score"": 0}, {""post_id"": 24, ""anonymous_code"": ""펭귄-5408"", ""post_type"": ""trade_share"", ""title"": ""떨어질수록 매수 원칙, 오늘도 검증 중..."", ""like_count"": 0, ""unlike_count"": 0, ""score"": 0}, {""post_id"": 26, ""anonymous_code"": ""독수리-6722"", ""post_type"": ""trade_share"", ""title"": ""전쟁 공포에 팔았는데, 다시 저가 매수 들어갑니다. (삼성전자)"", ""like_count"": 0, ""unlike_count"": 0, ""score"": 0}, {""post_id"": 27, ""anonymous_code"": ""곰-5671"", ""post_type"": ""trade_share"", ""title"": ""다시 한번 저평가 구간에서 잡았습니다 (19만 5천원)"", ""like_count"": 0, ""unlike_count"": 0, ""score"": 0}, {""post_id"": 28, ""anonymous_code"": ""늑대-3694"", ""post_type"": ""trade_share"", ""title"": ""상승 추세가 명확해지자 다시 진입했습니다 (19.5 만원)"", ""like_count"": 0, ""unlike_count"": 0, ""score"": 0}]"
RN_COMM_ON_20260917,2026-03-03,4,A071,2,5,13,"[15, 16, 17, 18, 19, 20, 21, 22, 23, 25, 26, 27, 28]","[{""post_id"": 15, ""anonymous_code"": ""사자-8925"", ""post_type"": ""trade_share"", ""title"": ""다시 한번 상승 전환을 믿고 진입했습니다"", ""like_count"": 0, ""unlike_count"": 0, ""score"": 0}, {""post_id"": 16, ""anonymous_code"": ""황소-1620"", ""post_type"": ""trade_share"", ""title"": ""떨어질 때 더 사는 게 답일까? 오늘 다시 샀습니다."", ""like_count"": 0, ""unlike_count"": 0, ""score"": 0}, {""post_id"": 17, ""anonymous_code"": ""돌고래-2979"", ""post_type"": ""trade_share"", ""title"": ""전쟁 공포에 떨어질수록 매수 원칙 지키기 (삼성전자)"", ""like_count"": 0, ""unlike_count"": 0, ""score"": 0}, {""post_id"": 18, ""anonymous_code"": ""황소-4770"", ""post_type"": ""trade_share"", ""title"": ""하락장일수록 매수 기회라 믿습니다. 오늘도 100 주 추가했습니다."", ""like_count"": 0, ""unlike_count"": 0, ""score"": 0}, {""post_id"": 19, ""anonymous_code"": ""곰-8551"", ""post_type"": ""trade_share"", ""title"": ""전쟁 소동 속 삼성전자 다시 매수... 하락 시점 타격 성공?"", ""like_count"": 0, ""unlike_count"": 0, ""score"": 0}, {""post_id"": 20, ""anonymous_code"": ""황소-4980"", ""post_type"": ""trade_share"", ""title"": ""전쟁 공포 속에서도 원칙대로 저가 매수했습니다."", ""like_count"": 0, ""unlike_count"": 0, ""score"": 0}, {""post_id"": 21, ""anonymous_code"": ""여우-1683"", ""post_type"": ""trade_share"", ""title"": ""전쟁 공포에 떨어질수록 사는 저의 원칙이 다시 한번 작동했습니다."", ""like_count"": 0, ""unlike_count"": 0, ""score"": 0}, {""post_id"": 22, ""anonymous_code"": ""독수리-9332"", ""post_type"": ""trade_share"", ""title"": ""전쟁 공포에 팔아치우지 않고 물타기 했습니다"", ""like_count"": 0, ""unlike_count"": 0, ""score"": 0}, {""post_id"": 23, ""anonymous_code"": ""황소-6990"", ""post_type"": ""trade_share"", ""title"": ""전쟁 리스크 속, 하락장에서의 분할 매수 다시 시도"", ""like_count"": 0, ""unlike_count"": 0, ""score"": 0}, {""post_id"": 25, ""anonymous_code"": ""독수리-1692"", ""post_type"": ""trade_share"", ""title"": ""손절 타이밍은 맞았으나, 다시 진입했다가 발등 찍혔네요.."", ""like_count"": 0, ""unlike_count"": 0, ""score"": 0}, {""post_id"": 26, ""anonymous_code"": ""독수리-6722"", ""post_type"": ""trade_share"", ""title"": ""전쟁 공포에 팔았는데, 다시 저가 매수 들어갑니다. (삼성전자)"", ""like_count"": 0, ""unlike_count"": 0, ""score"": 0}, {""post_id"": 27, ""anonymous_code"": ""곰-5671"", ""post_type"": ""trade_share"", ""title"": ""다시 한번 저평가 구간에서 잡았습니다 (19만 5천원)"", ""like_count"": 0, ""unlike_count"": 0, ""score"": 0}, {""post_id"": 28, ""anonymous_code"": ""늑대-3694"", ""post_type"": ""trade_share"", ""title"": ""상승 추세가 명확해지자 다시 진입했습니다 (19.5 만원)"", ""like_count"": 0, ""unlike_count"": 0, ""score"": 0}]"
RN_COMM_ON_20260917,2026-03-03,4,A075,1,5,14,"[15, 16, 17, 18, 19, 20, 21, 22, 23, 24, 25, 26, 27, 28]","[{""post_id"": 15, ""anonymous_code"": ""사자-8925"", ""post_type"": ""trade_share"", ""title"": ""다시 한번 상승 전환을 믿고 진입했습니다"", ""like_count"": 0, ""unlike_count"": 0, ""score"": 0}, {""post_id"": 16, ""anonymous_code"": ""황소-1620"", ""post_type"": ""trade_share"", ""title"": ""떨어질 때 더 사는 게 답일까? 오늘 다시 샀습니다."", ""like_count"": 0, ""unlike_count"": 0, ""score"": 0}, {""post_id"": 17, ""anonymous_code"": ""돌고래-2979"", ""post_type"": ""trade_share"", ""title"": ""전쟁 공포에 떨어질수록 매수 원칙 지키기 (삼성전자)"", ""like_count"": 0, ""unlike_count"": 0, ""score"": 0}, {""post_id"": 18, ""anonymous_code"": ""황소-4770"", ""post_type"": ""trade_share"", ""title"": ""하락장일수록 매수 기회라 믿습니다. 오늘도 100 주 추가했습니다."", ""like_count"": 0, ""unlike_count"": 0, ""score"": 0}, {""post_id"": 19, ""anonymous_code"": ""곰-8551"", ""post_type"": ""trade_share"", ""title"": ""전쟁 소동 속 삼성전자 다시 매수... 하락 시점 타격 성공?"", ""like_count"": 0, ""unlike_count"": 0, ""score"": 0}, {""post_id"": 20, ""anonymous_code"": ""황소-4980"", ""post_type"": ""trade_share"", ""title"": ""전쟁 공포 속에서도 원칙대로 저가 매수했습니다."", ""like_count"": 0, ""unlike_count"": 0, ""score"": 0}, {""post_id"": 21, ""anonymous_code"": ""여우-1683"", ""post_type"": ""trade_share"", ""title"": ""전쟁 공포에 떨어질수록 사는 저의 원칙이 다시 한번 작동했습니다."", ""like_count"": 0, ""unlike_count"": 0, ""score"": 0}, {""post_id"": 22, ""anonymous_code"": ""독수리-9332"", ""post_type"": ""trade_share"", ""title"": ""전쟁 공포에 팔아치우지 않고 물타기 했습니다"", ""like_count"": 0, ""unlike_count"": 0, ""score"": 0}, {""post_id"": 23, ""anonymous_code"": ""황소-6990"", ""post_type"": ""trade_share"", ""title"": ""전쟁 리스크 속, 하락장에서의 분할 매수 다시 시도"", ""like_count"": 0, ""unlike_count"": 0, ""score"": 0}, {""post_id"": 24, ""anonymous_code"": ""펭귄-5408"", ""post_type"": ""trade_share"", ""title"": ""떨어질수록 매수 원칙, 오늘도 검증 중..."", ""like_count"": 0, ""unlike_count"": 0, ""score"": 0}, {""post_id"": 25, ""anonymous_code"": ""독수리-1692"", ""post_type"": ""trade_share"", ""title"": ""손절 타이밍은 맞았으나, 다시 진입했다가 발등 찍혔네요.."", ""like_count"": 0, ""unlike_count"": 0, ""score"": 0}, {""post_id"": 26, ""anonymous_code"": ""독수리-6722"", ""post_type"": ""trade_share"", ""title"": ""전쟁 공포에 팔았는데, 다시 저가 매수 들어갑니다. (삼성전자)"", ""like_count"": 0, ""unlike_count"": 0, ""score"": 0}, {""post_id"": 27, ""anonymous_code"": ""곰-5671"", ""post_type"": ""trade_share"", ""title"": ""다시 한번 저평가 구간에서 잡았습니다 (19만 5천원)"", ""like_count"": 0, ""unlike_count"": 0, ""score"": 0}, {""post_id"": 28, ""anonymous_code"": ""늑대-3694"", ""post_type"": ""trade_share"", ""title"": ""상승 추세가 명확해지자 다시 진입했습니다 (19.5 만원)"", ""like_count"": 0, ""unlike_count"": 0, ""score"": 0}]"
RN_COMM_ON_20260917,2026-03-03,4,A079,1,5,14,"[15, 16, 17, 18, 19, 20, 21, 22, 23, 24, 25, 26, 27, 28]","[{""post_id"": 15, ""anonymous_code"": ""사자-8925"", ""post_type"": ""trade_share"", ""title"": ""다시 한번 상승 전환을 믿고 진입했습니다"", ""like_count"": 0, ""unlike_count"": 0, ""score"": 0}, {""post_id"": 16, ""anonymous_code"": ""황소-1620"", ""post_type"": ""trade_share"", ""title"": ""떨어질 때 더 사는 게 답일까? 오늘 다시 샀습니다."", ""like_count"": 0, ""unlike_count"": 0, ""score"": 0}, {""post_id"": 17, ""anonymous_code"": ""돌고래-2979"", ""post_type"": ""trade_share"", ""title"": ""전쟁 공포에 떨어질수록 매수 원칙 지키기 (삼성전자)"", ""like_count"": 0, ""unlike_count"": 0, ""score"": 0}, {""post_id"": 18, ""anonymous_code"": ""황소-4770"", ""post_type"": ""trade_share"", ""title"": ""하락장일수록 매수 기회라 믿습니다. 오늘도 100 주 추가했습니다."", ""like_count"": 0, ""unlike_count"": 0, ""score"": 0}, {""post_id"": 19, ""anonymous_code"": ""곰-8551"", ""post_type"": ""trade_share"", ""title"": ""전쟁 소동 속 삼성전자 다시 매수... 하락 시점 타격 성공?"", ""like_count"": 0, ""unlike_count"": 0, ""score"": 0}, {""post_id"": 20, ""anonymous_code"": ""황소-4980"", ""post_type"": ""trade_share"", ""title"": ""전쟁 공포 속에서도 원칙대로 저가 매수했습니다."", ""like_count"": 0, ""unlike_count"": 0, ""score"": 0}, {""post_id"": 21, ""anonymous_code"": ""여우-1683"", ""post_type"": ""trade_share"", ""title"": ""전쟁 공포에 떨어질수록 사는 저의 원칙이 다시 한번 작동했습니다."", ""like_count"": 0, ""unlike_count"": 0, ""score"": 0}, {""post_id"": 22, ""anonymous_code"": ""독수리-9332"", ""post_type"": ""trade_share"", ""title"": ""전쟁 공포에 팔아치우지 않고 물타기 했습니다"", ""like_count"": 0, ""unlike_count"": 0, ""score"": 0}, {""post_id"": 23, ""anonymous_code"": ""황소-6990"", ""post_type"": ""trade_share"", ""title"": ""전쟁 리스크 속, 하락장에서의 분할 매수 다시 시도"", ""like_count"": 0, ""unlike_count"": 0, ""score"": 0}, {""post_id"": 24, ""anonymous_code"": ""펭귄-5408"", ""post_type"": ""trade_share"", ""title"": ""떨어질수록 매수 원칙, 오늘도 검증 중..."", ""like_count"": 0, ""unlike_count"": 0, ""score"": 0}, {""post_id"": 25, ""anonymous_code"": ""독수리-1692"", ""post_type"": ""trade_share"", ""title"": ""손절 타이밍은 맞았으나, 다시 진입했다가 발등 찍혔네요.."", ""like_count"": 0, ""unlike_count"": 0, ""score"": 0}, {""post_id"": 26, ""anonymous_code"": ""독수리-6722"", ""post_type"": ""trade_share"", ""title"": ""전쟁 공포에 팔았는데, 다시 저가 매수 들어갑니다. (삼성전자)"", ""like_count"": 0, ""unlike_count"": 0, ""score"": 0}, {""post_id"": 27, ""anonymous_code"": ""곰-5671"", ""post_type"": ""trade_share"", ""title"": ""다시 한번 저평가 구간에서 잡았습니다 (19만 5천원)"", ""like_count"": 0, ""unlike_count"": 0, ""score"": 0}, {""post_id"": 28, ""anonymous_code"": ""늑대-3694"", ""post_type"": ""trade_share"", ""title"": ""상승 추세가 명확해지자 다시 진입했습니다 (19.5 만원)"", ""like_count"": 0, ""unlike_count"": 0, ""score"": 0}]"
RN_COMM_ON_20260917,2026-03-03,4,A080,1,5,14,"[15, 16, 17, 18, 19, 20, 21, 22, 23, 24, 25, 26, 27, 28]","[{""post_id"": 15, ""anonymous_code"": ""사자-8925"", ""post_type"": ""trade_share"", ""title"": ""다시 한번 상승 전환을 믿고 진입했습니다"", ""like_count"": 0, ""unlike_count"": 0, ""score"": 0}, {""post_id"": 16, ""anonymous_code"": ""황소-1620"", ""post_type"": ""trade_share"", ""title"": ""떨어질 때 더 사는 게 답일까? 오늘 다시 샀습니다."", ""like_count"": 0, ""unlike_count"": 0, ""score"": 0}, {""post_id"": 17, ""anonymous_code"": ""돌고래-2979"", ""post_type"": ""trade_share"", ""title"": ""전쟁 공포에 떨어질수록 매수 원칙 지키기 (삼성전자)"", ""like_count"": 0, ""unlike_count"": 0, ""score"": 0}, {""post_id"": 18, ""anonymous_code"": ""황소-4770"", ""post_type"": ""trade_share"", ""title"": ""하락장일수록 매수 기회라 믿습니다. 오늘도 100 주 추가했습니다."", ""like_count"": 0, ""unlike_count"": 0, ""score"": 0}, {""post_id"": 19, ""anonymous_code"": ""곰-8551"", ""post_type"": ""trade_share"", ""title"": ""전쟁 소동 속 삼성전자 다시 매수... 하락 시점 타격 성공?"", ""like_count"": 0, ""unlike_count"": 0, ""score"": 0}, {""post_id"": 20, ""anonymous_code"": ""황소-4980"", ""post_type"": ""trade_share"", ""title"": ""전쟁 공포 속에서도 원칙대로 저가 매수했습니다."", ""like_count"": 0, ""unlike_count"": 0, ""score"": 0}, {""post_id"": 21, ""anonymous_code"": ""여우-1683"", ""post_type"": ""trade_share"", ""title"": ""전쟁 공포에 떨어질수록 사는 저의 원칙이 다시 한번 작동했습니다."", ""like_count"": 0, ""unlike_count"": 0, ""score"": 0}, {""post_id"": 22, ""anonymous_code"": ""독수리-9332"", ""post_type"": ""trade_share"", ""title"": ""전쟁 공포에 팔아치우지 않고 물타기 했습니다"", ""like_count"": 0, ""unlike_count"": 0, ""score"": 0}, {""post_id"": 23, ""anonymous_code"": ""황소-6990"", ""post_type"": ""trade_share"", ""title"": ""전쟁 리스크 속, 하락장에서의 분할 매수 다시 시도"", ""like_count"": 0, ""unlike_count"": 0, ""score"": 0}, {""post_id"": 24, ""anonymous_code"": ""펭귄-5408"", ""post_type"": ""trade_share"", ""title"": ""떨어질수록 매수 원칙, 오늘도 검증 중..."", ""like_count"": 0, ""unlike_count"": 0, ""score"": 0}, {""post_id"": 25, ""anonymous_code"": ""독수리-1692"", ""post_type"": ""trade_share"", ""title"": ""손절 타이밍은 맞았으나, 다시 진입했다가 발등 찍혔네요.."", ""like_count"": 0, ""unlike_count"": 0, ""score"": 0}, {""post_id"": 26, ""anonymous_code"": ""독수리-6722"", ""post_type"": ""trade_share"", ""title"": ""전쟁 공포에 팔았는데, 다시 저가 매수 들어갑니다. (삼성전자)"", ""like_count"": 0, ""unlike_count"": 0, ""score"": 0}, {""post_id"": 27, ""anonymous_code"": ""곰-5671"", ""post_type"": ""trade_share"", ""title"": ""다시 한번 저평가 구간에서 잡았습니다 (19만 5천원)"", ""like_count"": 0, ""unlike_count"": 0, ""score"": 0}, {""post_id"": 28, ""anonymous_code"": ""늑대-3694"", ""post_type"": ""trade_share"", ""title"": ""상승 추세가 명확해지자 다시 진입했습니다 (19.5 만원)"", ""like_count"": 0, ""unlike_count"": 0, ""score"": 0}]"
RN_COMM_ON_20260917,2026-03-03,4,A076,2,5,14,"[15, 16, 17, 18, 19, 20, 21, 22, 23, 24, 25, 26, 27, 28]","[{""post_id"": 15, ""anonymous_code"": ""사자-8925"", ""post_type"": ""trade_share"", ""title"": ""다시 한번 상승 전환을 믿고 진입했습니다"", ""like_count"": 0, ""unlike_count"": 0, ""score"": 0}, {""post_id"": 16, ""anonymous_code"": ""황소-1620"", ""post_type"": ""trade_share"", ""title"": ""떨어질 때 더 사는 게 답일까? 오늘 다시 샀습니다."", ""like_count"": 0, ""unlike_count"": 0, ""score"": 0}, {""post_id"": 17, ""anonymous_code"": ""돌고래-2979"", ""post_type"": ""trade_share"", ""title"": ""전쟁 공포에 떨어질수록 매수 원칙 지키기 (삼성전자)"", ""like_count"": 0, ""unlike_count"": 0, ""score"": 0}, {""post_id"": 18, ""anonymous_code"": ""황소-4770"", ""post_type"": ""trade_share"", ""title"": ""하락장일수록 매수 기회라 믿습니다. 오늘도 100 주 추가했습니다."", ""like_count"": 0, ""unlike_count"": 0, ""score"": 0}, {""post_id"": 19, ""anonymous_code"": ""곰-8551"", ""post_type"": ""trade_share"", ""title"": ""전쟁 소동 속 삼성전자 다시 매수... 하락 시점 타격 성공?"", ""like_count"": 0, ""unlike_count"": 0, ""score"": 0}, {""post_id"": 20, ""anonymous_code"": ""황소-4980"", ""post_type"": ""trade_share"", ""title"": ""전쟁 공포 속에서도 원칙대로 저가 매수했습니다."", ""like_count"": 0, ""unlike_count"": 0, ""score"": 0}, {""post_id"": 21, ""anonymous_code"": ""여우-1683"", ""post_type"": ""trade_share"", ""title"": ""전쟁 공포에 떨어질수록 사는 저의 원칙이 다시 한번 작동했습니다."", ""like_count"": 0, ""unlike_count"": 0, ""score"": 0}, {""post_id"": 22, ""anonymous_code"": ""독수리-9332"", ""post_type"": ""trade_share"", ""title"": ""전쟁 공포에 팔아치우지 않고 물타기 했습니다"", ""like_count"": 0, ""unlike_count"": 0, ""score"": 0}, {""post_id"": 23, ""anonymous_code"": ""황소-6990"", ""post_type"": ""trade_share"", ""title"": ""전쟁 리스크 속, 하락장에서의 분할 매수 다시 시도"", ""like_count"": 0, ""unlike_count"": 0, ""score"": 0}, {""post_id"": 24, ""anonymous_code"": ""펭귄-5408"", ""post_type"": ""trade_share"", ""title"": ""떨어질수록 매수 원칙, 오늘도 검증 중..."", ""like_count"": 0, ""unlike_count"": 0, ""score"": 0}, {""post_id"": 25, ""anonymous_code"": ""독수리-1692"", ""post_type"": ""trade_share"", ""title"": ""손절 타이밍은 맞았으나, 다시 진입했다가 발등 찍혔네요.."", ""like_count"": 0, ""unlike_count"": 0, ""score"": 0}, {""post_id"": 26, ""anonymous_code"": ""독수리-6722"", ""post_type"": ""trade_share"", ""title"": ""전쟁 공포에 팔았는데, 다시 저가 매수 들어갑니다. (삼성전자)"", ""like_count"": 0, ""unlike_count"": 0, ""score"": 0}, {""post_id"": 27, ""anonymous_code"": ""곰-5671"", ""post_type"": ""trade_share"", ""title"": ""다시 한번 저평가 구간에서 잡았습니다 (19만 5천원)"", ""like_count"": 0, ""unlike_count"": 0, ""score"": 0}, {""post_id"": 28, ""anonymous_code"": ""늑대-3694"", ""post_type"": ""trade_share"", ""title"": ""상승 추세가 명확해지자 다시 진입했습니다 (19.5 만원)"", ""like_count"": 0, ""unlike_count"": 0, ""score"": 0}]"
RN_COMM_ON_20260917,2026-03-03,4,A077,1,5,14,"[15, 16, 17, 18, 19, 20, 21, 22, 23, 24, 25, 26, 27, 28]","[{""post_id"": 15, ""anonymous_code"": ""사자-8925"", ""post_type"": ""trade_share"", ""title"": ""다시 한번 상승 전환을 믿고 진입했습니다"", ""like_count"": 0, ""unlike_count"": 0, ""score"": 0}, {""post_id"": 16, ""anonymous_code"": ""황소-1620"", ""post_type"": ""trade_share"", ""title"": ""떨어질 때 더 사는 게 답일까? 오늘 다시 샀습니다."", ""like_count"": 0, ""unlike_count"": 0, ""score"": 0}, {""post_id"": 17, ""anonymous_code"": ""돌고래-2979"", ""post_type"": ""trade_share"", ""title"": ""전쟁 공포에 떨어질수록 매수 원칙 지키기 (삼성전자)"", ""like_count"": 0, ""unlike_count"": 0, ""score"": 0}, {""post_id"": 18, ""anonymous_code"": ""황소-4770"", ""post_type"": ""trade_share"", ""title"": ""하락장일수록 매수 기회라 믿습니다. 오늘도 100 주 추가했습니다."", ""like_count"": 0, ""unlike_count"": 0, ""score"": 0}, {""post_id"": 19, ""anonymous_code"": ""곰-8551"", ""post_type"": ""trade_share"", ""title"": ""전쟁 소동 속 삼성전자 다시 매수... 하락 시점 타격 성공?"", ""like_count"": 0, ""unlike_count"": 0, ""score"": 0}, {""post_id"": 20, ""anonymous_code"": ""황소-4980"", ""post_type"": ""trade_share"", ""title"": ""전쟁 공포 속에서도 원칙대로 저가 매수했습니다."", ""like_count"": 0, ""unlike_count"": 0, ""score"": 0}, {""post_id"": 21, ""anonymous_code"": ""여우-1683"", ""post_type"": ""trade_share"", ""title"": ""전쟁 공포에 떨어질수록 사는 저의 원칙이 다시 한번 작동했습니다."", ""like_count"": 0, ""unlike_count"": 0, ""score"": 0}, {""post_id"": 22, ""anonymous_code"": ""독수리-9332"", ""post_type"": ""trade_share"", ""title"": ""전쟁 공포에 팔아치우지 않고 물타기 했습니다"", ""like_count"": 0, ""unlike_count"": 0, ""score"": 0}, {""post_id"": 23, ""anonymous_code"": ""황소-6990"", ""post_type"": ""trade_share"", ""title"": ""전쟁 리스크 속, 하락장에서의 분할 매수 다시 시도"", ""like_count"": 0, ""unlike_count"": 0, ""score"": 0}, {""post_id"": 24, ""anonymous_code"": ""펭귄-5408"", ""post_type"": ""trade_share"", ""title"": ""떨어질수록 매수 원칙, 오늘도 검증 중..."", ""like_count"": 0, ""unlike_count"": 0, ""score"": 0}, {""post_id"": 25, ""anonymous_code"": ""독수리-1692"", ""post_type"": ""trade_share"", ""title"": ""손절 타이밍은 맞았으나, 다시 진입했다가 발등 찍혔네요.."", ""like_count"": 0, ""unlike_count"": 0, ""score"": 0}, {""post_id"": 26, ""anonymous_code"": ""독수리-6722"", ""post_type"": ""trade_share"", ""title"": ""전쟁 공포에 팔았는데, 다시 저가 매수 들어갑니다. (삼성전자)"", ""like_count"": 0, ""unlike_count"": 0, ""score"": 0}, {""post_id"": 27, ""anonymous_code"": ""곰-5671"", ""post_type"": ""trade_share"", ""title"": ""다시 한번 저평가 구간에서 잡았습니다 (19만 5천원)"", ""like_count"": 0, ""unlike_count"": 0, ""score"": 0}, {""post_id"": 28, ""anonymous_code"": ""늑대-3694"", ""post_type"": ""trade_share"", ""title"": ""상승 추세가 명확해지자 다시 진입했습니다 (19.5 만원)"", ""like_count"": 0, ""unlike_count"": 0, ""score"": 0}]"
RN_COMM_ON_20260917,2026-03-03,4,A083,2,5,14,"[15, 16, 17, 18, 19, 20, 21, 22, 23, 24, 25, 26, 27, 28]","[{""post_id"": 15, ""anonymous_code"": ""사자-8925"", ""post_type"": ""trade_share"", ""title"": ""다시 한번 상승 전환을 믿고 진입했습니다"", ""like_count"": 0, ""unlike_count"": 0, ""score"": 0}, {""post_id"": 16, ""anonymous_code"": ""황소-1620"", ""post_type"": ""trade_share"", ""title"": ""떨어질 때 더 사는 게 답일까? 오늘 다시 샀습니다."", ""like_count"": 0, ""unlike_count"": 0, ""score"": 0}, {""post_id"": 17, ""anonymous_code"": ""돌고래-2979"", ""post_type"": ""trade_share"", ""title"": ""전쟁 공포에 떨어질수록 매수 원칙 지키기 (삼성전자)"", ""like_count"": 0, ""unlike_count"": 0, ""score"": 0}, {""post_id"": 18, ""anonymous_code"": ""황소-4770"", ""post_type"": ""trade_share"", ""title"": ""하락장일수록 매수 기회라 믿습니다. 오늘도 100 주 추가했습니다."", ""like_count"": 0, ""unlike_count"": 0, ""score"": 0}, {""post_id"": 19, ""anonymous_code"": ""곰-8551"", ""post_type"": ""trade_share"", ""title"": ""전쟁 소동 속 삼성전자 다시 매수... 하락 시점 타격 성공?"", ""like_count"": 0, ""unlike_count"": 0, ""score"": 0}, {""post_id"": 20, ""anonymous_code"": ""황소-4980"", ""post_type"": ""trade_share"", ""title"": ""전쟁 공포 속에서도 원칙대로 저가 매수했습니다."", ""like_count"": 0, ""unlike_count"": 0, ""score"": 0}, {""post_id"": 21, ""anonymous_code"": ""여우-1683"", ""post_type"": ""trade_share"", ""title"": ""전쟁 공포에 떨어질수록 사는 저의 원칙이 다시 한번 작동했습니다."", ""like_count"": 0, ""unlike_count"": 0, ""score"": 0}, {""post_id"": 22, ""anonymous_code"": ""독수리-9332"", ""post_type"": ""trade_share"", ""title"": ""전쟁 공포에 팔아치우지 않고 물타기 했습니다"", ""like_count"": 0, ""unlike_count"": 0, ""score"": 0}, {""post_id"": 23, ""anonymous_code"": ""황소-6990"", ""post_type"": ""trade_share"", ""title"": ""전쟁 리스크 속, 하락장에서의 분할 매수 다시 시도"", ""like_count"": 0, ""unlike_count"": 0, ""score"": 0}, {""post_id"": 24, ""anonymous_code"": ""펭귄-5408"", ""post_type"": ""trade_share"", ""title"": ""떨어질수록 매수 원칙, 오늘도 검증 중..."", ""like_count"": 0, ""unlike_count"": 0, ""score"": 0}, {""post_id"": 25, ""anonymous_code"": ""독수리-1692"", ""post_type"": ""trade_share"", ""title"": ""손절 타이밍은 맞았으나, 다시 진입했다가 발등 찍혔네요.."", ""like_count"": 0, ""unlike_count"": 0, ""score"": 0}, {""post_id"": 26, ""anonymous_code"": ""독수리-6722"", ""post_type"": ""trade_share"", ""title"": ""전쟁 공포에 팔았는데, 다시 저가 매수 들어갑니다. (삼성전자)"", ""like_count"": 0, ""unlike_count"": 0, ""score"": 0}, {""post_id"": 27, ""anonymous_code"": ""곰-5671"", ""post_type"": ""trade_share"", ""title"": ""다시 한번 저평가 구간에서 잡았습니다 (19만 5천원)"", ""like_count"": 0, ""unlike_count"": 0, ""score"": 0}, {""post_id"": 28, ""anonymous_code"": ""늑대-3694"", ""post_type"": ""trade_share"", ""title"": ""상승 추세가 명확해지자 다시 진입했습니다 (19.5 만원)"", ""like_count"": 0, ""unlike_count"": 0, ""score"": 0}]"
RN_COMM_ON_20260917,2026-03-03,4,A084,1,5,13,"[15, 16, 17, 18, 19, 20, 21, 22, 23, 24, 25, 27, 28]","[{""post_id"": 15, ""anonymous_code"": ""사자-8925"", ""post_type"": ""trade_share"", ""title"": ""다시 한번 상승 전환을 믿고 진입했습니다"", ""like_count"": 0, ""unlike_count"": 0, ""score"": 0}, {""post_id"": 16, ""anonymous_code"": ""황소-1620"", ""post_type"": ""trade_share"", ""title"": ""떨어질 때 더 사는 게 답일까? 오늘 다시 샀습니다."", ""like_count"": 0, ""unlike_count"": 0, ""score"": 0}, {""post_id"": 17, ""anonymous_code"": ""돌고래-2979"", ""post_type"": ""trade_share"", ""title"": ""전쟁 공포에 떨어질수록 매수 원칙 지키기 (삼성전자)"", ""like_count"": 0, ""unlike_count"": 0, ""score"": 0}, {""post_id"": 18, ""anonymous_code"": ""황소-4770"", ""post_type"": ""trade_share"", ""title"": ""하락장일수록 매수 기회라 믿습니다. 오늘도 100 주 추가했습니다."", ""like_count"": 0, ""unlike_count"": 0, ""score"": 0}, {""post_id"": 19, ""anonymous_code"": ""곰-8551"", ""post_type"": ""trade_share"", ""title"": ""전쟁 소동 속 삼성전자 다시 매수... 하락 시점 타격 성공?"", ""like_count"": 0, ""unlike_count"": 0, ""score"": 0}, {""post_id"": 20, ""anonymous_code"": ""황소-4980"", ""post_type"": ""trade_share"", ""title"": ""전쟁 공포 속에서도 원칙대로 저가 매수했습니다."", ""like_count"": 0, ""unlike_count"": 0, ""score"": 0}, {""post_id"": 21, ""anonymous_code"": ""여우-1683"", ""post_type"": ""trade_share"", ""title"": ""전쟁 공포에 떨어질수록 사는 저의 원칙이 다시 한번 작동했습니다."", ""like_count"": 0, ""unlike_count"": 0, ""score"": 0}, {""post_id"": 22, ""anonymous_code"": ""독수리-9332"", ""post_type"": ""trade_share"", ""title"": ""전쟁 공포에 팔아치우지 않고 물타기 했습니다"", ""like_count"": 0, ""unlike_count"": 0, ""score"": 0}, {""post_id"": 23, ""anonymous_code"": ""황소-6990"", ""post_type"": ""trade_share"", ""title"": ""전쟁 리스크 속, 하락장에서의 분할 매수 다시 시도"", ""like_count"": 0, ""unlike_count"": 0, ""score"": 0}, {""post_id"": 24, ""anonymous_code"": ""펭귄-5408"", ""post_type"": ""trade_share"", ""title"": ""떨어질수록 매수 원칙, 오늘도 검증 중..."", ""like_count"": 0, ""unlike_count"": 0, ""score"": 0}, {""post_id"": 25, ""anonymous_code"": ""독수리-1692"", ""post_type"": ""trade_share"", ""title"": ""손절 타이밍은 맞았으나, 다시 진입했다가 발등 찍혔네요.."", ""like_count"": 0, ""unlike_count"": 0, ""score"": 0}, {""post_id"": 27, ""anonymous_code"": ""곰-5671"", ""post_type"": ""trade_share"", ""title"": ""다시 한번 저평가 구간에서 잡았습니다 (19만 5천원)"", ""like_count"": 0, ""unlike_count"": 0, ""score"": 0}, {""post_id"": 28, ""anonymous_code"": ""늑대-3694"", ""post_type"": ""trade_share"", ""title"": ""상승 추세가 명확해지자 다시 진입했습니다 (19.5 만원)"", ""like_count"": 0, ""unlike_count"": 0, ""score"": 0}]"
RN_COMM_ON_20260917,2026-03-03,4,A085,1,5,14,"[15, 16, 17, 18, 19, 20, 21, 22, 23, 24, 25, 26, 27, 28]","[{""post_id"": 15, ""anonymous_code"": ""사자-8925"", ""post_type"": ""trade_share"", ""title"": ""다시 한번 상승 전환을 믿고 진입했습니다"", ""like_count"": 0, ""unlike_count"": 0, ""score"": 0}, {""post_id"": 16, ""anonymous_code"": ""황소-1620"", ""post_type"": ""trade_share"", ""title"": ""떨어질 때 더 사는 게 답일까? 오늘 다시 샀습니다."", ""like_count"": 0, ""unlike_count"": 0, ""score"": 0}, {""post_id"": 17, ""anonymous_code"": ""돌고래-2979"", ""post_type"": ""trade_share"", ""title"": ""전쟁 공포에 떨어질수록 매수 원칙 지키기 (삼성전자)"", ""like_count"": 0, ""unlike_count"": 0, ""score"": 0}, {""post_id"": 18, ""anonymous_code"": ""황소-4770"", ""post_type"": ""trade_share"", ""title"": ""하락장일수록 매수 기회라 믿습니다. 오늘도 100 주 추가했습니다."", ""like_count"": 0, ""unlike_count"": 0, ""score"": 0}, {""post_id"": 19, ""anonymous_code"": ""곰-8551"", ""post_type"": ""trade_share"", ""title"": ""전쟁 소동 속 삼성전자 다시 매수... 하락 시점 타격 성공?"", ""like_count"": 0, ""unlike_count"": 0, ""score"": 0}, {""post_id"": 20, ""anonymous_code"": ""황소-4980"", ""post_type"": ""trade_share"", ""title"": ""전쟁 공포 속에서도 원칙대로 저가 매수했습니다."", ""like_count"": 0, ""unlike_count"": 0, ""score"": 0}, {""post_id"": 21, ""anonymous_code"": ""여우-1683"", ""post_type"": ""trade_share"", ""title"": ""전쟁 공포에 떨어질수록 사는 저의 원칙이 다시 한번 작동했습니다."", ""like_count"": 0, ""unlike_count"": 0, ""score"": 0}, {""post_id"": 22, ""anonymous_code"": ""독수리-9332"", ""post_type"": ""trade_share"", ""title"": ""전쟁 공포에 팔아치우지 않고 물타기 했습니다"", ""like_count"": 0, ""unlike_count"": 0, ""score"": 0}, {""post_id"": 23, ""anonymous_code"": ""황소-6990"", ""post_type"": ""trade_share"", ""title"": ""전쟁 리스크 속, 하락장에서의 분할 매수 다시 시도"", ""like_count"": 0, ""unlike_count"": 0, ""score"": 0}, {""post_id"": 24, ""anonymous_code"": ""펭귄-5408"", ""post_type"": ""trade_share"", ""title"": ""떨어질수록 매수 원칙, 오늘도 검증 중..."", ""like_count"": 0, ""unlike_count"": 0, ""score"": 0}, {""post_id"": 25, ""anonymous_code"": ""독수리-1692"", ""post_type"": ""trade_share"", ""title"": ""손절 타이밍은 맞았으나, 다시 진입했다가 발등 찍혔네요.."", ""like_count"": 0, ""unlike_count"": 0, ""score"": 0}, {""post_id"": 26, ""anonymous_code"": ""독수리-6722"", ""post_type"": ""trade_share"", ""title"": ""전쟁 공포에 팔았는데, 다시 저가 매수 들어갑니다. (삼성전자)"", ""like_count"": 0, ""unlike_count"": 0, ""score"": 0}, {""post_id"": 27, ""anonymous_code"": ""곰-5671"", ""post_type"": ""trade_share"", ""title"": ""다시 한번 저평가 구간에서 잡았습니다 (19만 5천원)"", ""like_count"": 0, ""unlike_count"": 0, ""score"": 0}, {""post_id"": 28, ""anonymous_code"": ""늑대-3694"", ""post_type"": ""trade_share"", ""title"": ""상승 추세가 명확해지자 다시 진입했습니다 (19.5 만원)"", ""like_count"": 0, ""unlike_count"": 0, ""score"": 0}]"
RN_COMM_ON_20260917,2026-03-03,4,A087,1,5,14,"[15, 16, 17, 18, 19, 20, 21, 22, 23, 24, 25, 26, 27, 28]","[{""post_id"": 15, ""anonymous_code"": ""사자-8925"", ""post_type"": ""trade_share"", ""title"": ""다시 한번 상승 전환을 믿고 진입했습니다"", ""like_count"": 0, ""unlike_count"": 0, ""score"": 0}, {""post_id"": 16, ""anonymous_code"": ""황소-1620"", ""post_type"": ""trade_share"", ""title"": ""떨어질 때 더 사는 게 답일까? 오늘 다시 샀습니다."", ""like_count"": 0, ""unlike_count"": 0, ""score"": 0}, {""post_id"": 17, ""anonymous_code"": ""돌고래-2979"", ""post_type"": ""trade_share"", ""title"": ""전쟁 공포에 떨어질수록 매수 원칙 지키기 (삼성전자)"", ""like_count"": 0, ""unlike_count"": 0, ""score"": 0}, {""post_id"": 18, ""anonymous_code"": ""황소-4770"", ""post_type"": ""trade_share"", ""title"": ""하락장일수록 매수 기회라 믿습니다. 오늘도 100 주 추가했습니다."", ""like_count"": 0, ""unlike_count"": 0, ""score"": 0}, {""post_id"": 19, ""anonymous_code"": ""곰-8551"", ""post_type"": ""trade_share"", ""title"": ""전쟁 소동 속 삼성전자 다시 매수... 하락 시점 타격 성공?"", ""like_count"": 0, ""unlike_count"": 0, ""score"": 0}, {""post_id"": 20, ""anonymous_code"": ""황소-4980"", ""post_type"": ""trade_share"", ""title"": ""전쟁 공포 속에서도 원칙대로 저가 매수했습니다."", ""like_count"": 0, ""unlike_count"": 0, ""score"": 0}, {""post_id"": 21, ""anonymous_code"": ""여우-1683"", ""post_type"": ""trade_share"", ""title"": ""전쟁 공포에 떨어질수록 사는 저의 원칙이 다시 한번 작동했습니다."", ""like_count"": 0, ""unlike_count"": 0, ""score"": 0}, {""post_id"": 22, ""anonymous_code"": ""독수리-9332"", ""post_type"": ""trade_share"", ""title"": ""전쟁 공포에 팔아치우지 않고 물타기 했습니다"", ""like_count"": 0, ""unlike_count"": 0, ""score"": 0}, {""post_id"": 23, ""anonymous_code"": ""황소-6990"", ""post_type"": ""trade_share"", ""title"": ""전쟁 리스크 속, 하락장에서의 분할 매수 다시 시도"", ""like_count"": 0, ""unlike_count"": 0, ""score"": 0}, {""post_id"": 24, ""anonymous_code"": ""펭귄-5408"", ""post_type"": ""trade_share"", ""title"": ""떨어질수록 매수 원칙, 오늘도 검증 중..."", ""like_count"": 0, ""unlike_count"": 0, ""score"": 0}, {""post_id"": 25, ""anonymous_code"": ""독수리-1692"", ""post_type"": ""trade_share"", ""title"": ""손절 타이밍은 맞았으나, 다시 진입했다가 발등 찍혔네요.."", ""like_count"": 0, ""unlike_count"": 0, ""score"": 0}, {""post_id"": 26, ""anonymous_code"": ""독수리-6722"", ""post_type"": ""trade_share"", ""title"": ""전쟁 공포에 팔았는데, 다시 저가 매수 들어갑니다. (삼성전자)"", ""like_count"": 0, ""unlike_count"": 0, ""score"": 0}, {""post_id"": 27, ""anonymous_code"": ""곰-5671"", ""post_type"": ""trade_share"", ""title"": ""다시 한번 저평가 구간에서 잡았습니다 (19만 5천원)"", ""like_count"": 0, ""unlike_count"": 0, ""score"": 0}, {""post_id"": 28, ""anonymous_code"": ""늑대-3694"", ""post_type"": ""trade_share"", ""title"": ""상승 추세가 명확해지자 다시 진입했습니다 (19.5 만원)"", ""like_count"": 0, ""unlike_count"": 0, ""score"": 0}]"
RN_COMM_ON_20260917,2026-03-03,4,A086,1,5,14,"[15, 16, 17, 18, 19, 20, 21, 22, 23, 24, 25, 26, 27, 28]","[{""post_id"": 15, ""anonymous_code"": ""사자-8925"", ""post_type"": ""trade_share"", ""title"": ""다시 한번 상승 전환을 믿고 진입했습니다"", ""like_count"": 0, ""unlike_count"": 0, ""score"": 0}, {""post_id"": 16, ""anonymous_code"": ""황소-1620"", ""post_type"": ""trade_share"", ""title"": ""떨어질 때 더 사는 게 답일까? 오늘 다시 샀습니다."", ""like_count"": 0, ""unlike_count"": 0, ""score"": 0}, {""post_id"": 17, ""anonymous_code"": ""돌고래-2979"", ""post_type"": ""trade_share"", ""title"": ""전쟁 공포에 떨어질수록 매수 원칙 지키기 (삼성전자)"", ""like_count"": 0, ""unlike_count"": 0, ""score"": 0}, {""post_id"": 18, ""anonymous_code"": ""황소-4770"", ""post_type"": ""trade_share"", ""title"": ""하락장일수록 매수 기회라 믿습니다. 오늘도 100 주 추가했습니다."", ""like_count"": 0, ""unlike_count"": 0, ""score"": 0}, {""post_id"": 19, ""anonymous_code"": ""곰-8551"", ""post_type"": ""trade_share"", ""title"": ""전쟁 소동 속 삼성전자 다시 매수... 하락 시점 타격 성공?"", ""like_count"": 0, ""unlike_count"": 0, ""score"": 0}, {""post_id"": 20, ""anonymous_code"": ""황소-4980"", ""post_type"": ""trade_share"", ""title"": ""전쟁 공포 속에서도 원칙대로 저가 매수했습니다."", ""like_count"": 0, ""unlike_count"": 0, ""score"": 0}, {""post_id"": 21, ""anonymous_code"": ""여우-1683"", ""post_type"": ""trade_share"", ""title"": ""전쟁 공포에 떨어질수록 사는 저의 원칙이 다시 한번 작동했습니다."", ""like_count"": 0, ""unlike_count"": 0, ""score"": 0}, {""post_id"": 22, ""anonymous_code"": ""독수리-9332"", ""post_type"": ""trade_share"", ""title"": ""전쟁 공포에 팔아치우지 않고 물타기 했습니다"", ""like_count"": 0, ""unlike_count"": 0, ""score"": 0}, {""post_id"": 23, ""anonymous_code"": ""황소-6990"", ""post_type"": ""trade_share"", ""title"": ""전쟁 리스크 속, 하락장에서의 분할 매수 다시 시도"", ""like_count"": 0, ""unlike_count"": 0, ""score"": 0}, {""post_id"": 24, ""anonymous_code"": ""펭귄-5408"", ""post_type"": ""trade_share"", ""title"": ""떨어질수록 매수 원칙, 오늘도 검증 중..."", ""like_count"": 0, ""unlike_count"": 0, ""score"": 0}, {""post_id"": 25, ""anonymous_code"": ""독수리-1692"", ""post_type"": ""trade_share"", ""title"": ""손절 타이밍은 맞았으나, 다시 진입했다가 발등 찍혔네요.."", ""like_count"": 0, ""unlike_count"": 0, ""score"": 0}, {""post_id"": 26, ""anonymous_code"": ""독수리-6722"", ""post_type"": ""trade_share"", ""title"": ""전쟁 공포에 팔았는데, 다시 저가 매수 들어갑니다. (삼성전자)"", ""like_count"": 0, ""unlike_count"": 0, ""score"": 0}, {""post_id"": 27, ""anonymous_code"": ""곰-5671"", ""post_type"": ""trade_share"", ""title"": ""다시 한번 저평가 구간에서 잡았습니다 (19만 5천원)"", ""like_count"": 0, ""unlike_count"": 0, ""score"": 0}, {""post_id"": 28, ""anonymous_code"": ""늑대-3694"", ""post_type"": ""trade_share"", ""title"": ""상승 추세가 명확해지자 다시 진입했습니다 (19.5 만원)"", ""like_count"": 0, ""unlike_count"": 0, ""score"": 0}]"
RN_COMM_ON_20260917,2026-03-03,4,A089,1,5,14,"[15, 16, 17, 18, 19, 20, 21, 22, 23, 24, 25, 26, 27, 28]","[{""post_id"": 15, ""anonymous_code"": ""사자-8925"", ""post_type"": ""trade_share"", ""title"": ""다시 한번 상승 전환을 믿고 진입했습니다"", ""like_count"": 0, ""unlike_count"": 0, ""score"": 0}, {""post_id"": 16, ""anonymous_code"": ""황소-1620"", ""post_type"": ""trade_share"", ""title"": ""떨어질 때 더 사는 게 답일까? 오늘 다시 샀습니다."", ""like_count"": 0, ""unlike_count"": 0, ""score"": 0}, {""post_id"": 17, ""anonymous_code"": ""돌고래-2979"", ""post_type"": ""trade_share"", ""title"": ""전쟁 공포에 떨어질수록 매수 원칙 지키기 (삼성전자)"", ""like_count"": 0, ""unlike_count"": 0, ""score"": 0}, {""post_id"": 18, ""anonymous_code"": ""황소-4770"", ""post_type"": ""trade_share"", ""title"": ""하락장일수록 매수 기회라 믿습니다. 오늘도 100 주 추가했습니다."", ""like_count"": 0, ""unlike_count"": 0, ""score"": 0}, {""post_id"": 19, ""anonymous_code"": ""곰-8551"", ""post_type"": ""trade_share"", ""title"": ""전쟁 소동 속 삼성전자 다시 매수... 하락 시점 타격 성공?"", ""like_count"": 0, ""unlike_count"": 0, ""score"": 0}, {""post_id"": 20, ""anonymous_code"": ""황소-4980"", ""post_type"": ""trade_share"", ""title"": ""전쟁 공포 속에서도 원칙대로 저가 매수했습니다."", ""like_count"": 0, ""unlike_count"": 0, ""score"": 0}, {""post_id"": 21, ""anonymous_code"": ""여우-1683"", ""post_type"": ""trade_share"", ""title"": ""전쟁 공포에 떨어질수록 사는 저의 원칙이 다시 한번 작동했습니다."", ""like_count"": 0, ""unlike_count"": 0, ""score"": 0}, {""post_id"": 22, ""anonymous_code"": ""독수리-9332"", ""post_type"": ""trade_share"", ""title"": ""전쟁 공포에 팔아치우지 않고 물타기 했습니다"", ""like_count"": 0, ""unlike_count"": 0, ""score"": 0}, {""post_id"": 23, ""anonymous_code"": ""황소-6990"", ""post_type"": ""trade_share"", ""title"": ""전쟁 리스크 속, 하락장에서의 분할 매수 다시 시도"", ""like_count"": 0, ""unlike_count"": 0, ""score"": 0}, {""post_id"": 24, ""anonymous_code"": ""펭귄-5408"", ""post_type"": ""trade_share"", ""title"": ""떨어질수록 매수 원칙, 오늘도 검증 중..."", ""like_count"": 0, ""unlike_count"": 0, ""score"": 0}, {""post_id"": 25, ""anonymous_code"": ""독수리-1692"", ""post_type"": ""trade_share"", ""title"": ""손절 타이밍은 맞았으나, 다시 진입했다가 발등 찍혔네요.."", ""like_count"": 0, ""unlike_count"": 0, ""score"": 0}, {""post_id"": 26, ""anonymous_code"": ""독수리-6722"", ""post_type"": ""trade_share"", ""title"": ""전쟁 공포에 팔았는데, 다시 저가 매수 들어갑니다. (삼성전자)"", ""like_count"": 0, ""unlike_count"": 0, ""score"": 0}, {""post_id"": 27, ""anonymous_code"": ""곰-5671"", ""post_type"": ""trade_share"", ""title"": ""다시 한번 저평가 구간에서 잡았습니다 (19만 5천원)"", ""like_count"": 0, ""unlike_count"": 0, ""score"": 0}, {""post_id"": 28, ""anonymous_code"": ""늑대-3694"", ""post_type"": ""trade_share"", ""title"": ""상승 추세가 명확해지자 다시 진입했습니다 (19.5 만원)"", ""like_count"": 0, ""unlike_count"": 0, ""score"": 0}]"
RN_COMM_ON_20260917,2026-03-03,4,A090,1,5,14,"[15, 16, 17, 18, 19, 20, 21, 22, 23, 24, 25, 26, 27, 28]","[{""post_id"": 15, ""anonymous_code"": ""사자-8925"", ""post_type"": ""trade_share"", ""title"": ""다시 한번 상승 전환을 믿고 진입했습니다"", ""like_count"": 0, ""unlike_count"": 0, ""score"": 0}, {""post_id"": 16, ""anonymous_code"": ""황소-1620"", ""post_type"": ""trade_share"", ""title"": ""떨어질 때 더 사는 게 답일까? 오늘 다시 샀습니다."", ""like_count"": 0, ""unlike_count"": 0, ""score"": 0}, {""post_id"": 17, ""anonymous_code"": ""돌고래-2979"", ""post_type"": ""trade_share"", ""title"": ""전쟁 공포에 떨어질수록 매수 원칙 지키기 (삼성전자)"", ""like_count"": 0, ""unlike_count"": 0, ""score"": 0}, {""post_id"": 18, ""anonymous_code"": ""황소-4770"", ""post_type"": ""trade_share"", ""title"": ""하락장일수록 매수 기회라 믿습니다. 오늘도 100 주 추가했습니다."", ""like_count"": 0, ""unlike_count"": 0, ""score"": 0}, {""post_id"": 19, ""anonymous_code"": ""곰-8551"", ""post_type"": ""trade_share"", ""title"": ""전쟁 소동 속 삼성전자 다시 매수... 하락 시점 타격 성공?"", ""like_count"": 0, ""unlike_count"": 0, ""score"": 0}, {""post_id"": 20, ""anonymous_code"": ""황소-4980"", ""post_type"": ""trade_share"", ""title"": ""전쟁 공포 속에서도 원칙대로 저가 매수했습니다."", ""like_count"": 0, ""unlike_count"": 0, ""score"": 0}, {""post_id"": 21, ""anonymous_code"": ""여우-1683"", ""post_type"": ""trade_share"", ""title"": ""전쟁 공포에 떨어질수록 사는 저의 원칙이 다시 한번 작동했습니다."", ""like_count"": 0, ""unlike_count"": 0, ""score"": 0}, {""post_id"": 22, ""anonymous_code"": ""독수리-9332"", ""post_type"": ""trade_share"", ""title"": ""전쟁 공포에 팔아치우지 않고 물타기 했습니다"", ""like_count"": 0, ""unlike_count"": 0, ""score"": 0}, {""post_id"": 23, ""anonymous_code"": ""황소-6990"", ""post_type"": ""trade_share"", ""title"": ""전쟁 리스크 속, 하락장에서의 분할 매수 다시 시도"", ""like_count"": 0, ""unlike_count"": 0, ""score"": 0}, {""post_id"": 24, ""anonymous_code"": ""펭귄-5408"", ""post_type"": ""trade_share"", ""title"": ""떨어질수록 매수 원칙, 오늘도 검증 중..."", ""like_count"": 0, ""unlike_count"": 0, ""score"": 0}, {""post_id"": 25, ""anonymous_code"": ""독수리-1692"", ""post_type"": ""trade_share"", ""title"": ""손절 타이밍은 맞았으나, 다시 진입했다가 발등 찍혔네요.."", ""like_count"": 0, ""unlike_count"": 0, ""score"": 0}, {""post_id"": 26, ""anonymous_code"": ""독수리-6722"", ""post_type"": ""trade_share"", ""title"": ""전쟁 공포에 팔았는데, 다시 저가 매수 들어갑니다. (삼성전자)"", ""like_count"": 0, ""unlike_count"": 0, ""score"": 0}, {""post_id"": 27, ""anonymous_code"": ""곰-5671"", ""post_type"": ""trade_share"", ""title"": ""다시 한번 저평가 구간에서 잡았습니다 (19만 5천원)"", ""like_count"": 0, ""unlike_count"": 0, ""score"": 0}, {""post_id"": 28, ""anonymous_code"": ""늑대-3694"", ""post_type"": ""trade_share"", ""title"": ""상승 추세가 명확해지자 다시 진입했습니다 (19.5 만원)"", ""like_count"": 0, ""unlike_count"": 0, ""score"": 0}]"
RN_COMM_ON_20260917,2026-03-03,4,A091,2,5,14,"[15, 16, 17, 18, 19, 20, 21, 22, 23, 24, 25, 26, 27, 28]","[{""post_id"": 15, ""anonymous_code"": ""사자-8925"", ""post_type"": ""trade_share"", ""title"": ""다시 한번 상승 전환을 믿고 진입했습니다"", ""like_count"": 0, ""unlike_count"": 0, ""score"": 0}, {""post_id"": 16, ""anonymous_code"": ""황소-1620"", ""post_type"": ""trade_share"", ""title"": ""떨어질 때 더 사는 게 답일까? 오늘 다시 샀습니다."", ""like_count"": 0, ""unlike_count"": 0, ""score"": 0}, {""post_id"": 17, ""anonymous_code"": ""돌고래-2979"", ""post_type"": ""trade_share"", ""title"": ""전쟁 공포에 떨어질수록 매수 원칙 지키기 (삼성전자)"", ""like_count"": 0, ""unlike_count"": 0, ""score"": 0}, {""post_id"": 18, ""anonymous_code"": ""황소-4770"", ""post_type"": ""trade_share"", ""title"": ""하락장일수록 매수 기회라 믿습니다. 오늘도 100 주 추가했습니다."", ""like_count"": 0, ""unlike_count"": 0, ""score"": 0}, {""post_id"": 19, ""anonymous_code"": ""곰-8551"", ""post_type"": ""trade_share"", ""title"": ""전쟁 소동 속 삼성전자 다시 매수... 하락 시점 타격 성공?"", ""like_count"": 0, ""unlike_count"": 0, ""score"": 0}, {""post_id"": 20, ""anonymous_code"": ""황소-4980"", ""post_type"": ""trade_share"", ""title"": ""전쟁 공포 속에서도 원칙대로 저가 매수했습니다."", ""like_count"": 0, ""unlike_count"": 0, ""score"": 0}, {""post_id"": 21, ""anonymous_code"": ""여우-1683"", ""post_type"": ""trade_share"", ""title"": ""전쟁 공포에 떨어질수록 사는 저의 원칙이 다시 한번 작동했습니다."", ""like_count"": 0, ""unlike_count"": 0, ""score"": 0}, {""post_id"": 22, ""anonymous_code"": ""독수리-9332"", ""post_type"": ""trade_share"", ""title"": ""전쟁 공포에 팔아치우지 않고 물타기 했습니다"", ""like_count"": 0, ""unlike_count"": 0, ""score"": 0}, {""post_id"": 23, ""anonymous_code"": ""황소-6990"", ""post_type"": ""trade_share"", ""title"": ""전쟁 리스크 속, 하락장에서의 분할 매수 다시 시도"", ""like_count"": 0, ""unlike_count"": 0, ""score"": 0}, {""post_id"": 24, ""anonymous_code"": ""펭귄-5408"", ""post_type"": ""trade_share"", ""title"": ""떨어질수록 매수 원칙, 오늘도 검증 중..."", ""like_count"": 0, ""unlike_count"": 0, ""score"": 0}, {""post_id"": 25, ""anonymous_code"": ""독수리-1692"", ""post_type"": ""trade_share"", ""title"": ""손절 타이밍은 맞았으나, 다시 진입했다가 발등 찍혔네요.."", ""like_count"": 0, ""unlike_count"": 0, ""score"": 0}, {""post_id"": 26, ""anonymous_code"": ""독수리-6722"", ""post_type"": ""trade_share"", ""title"": ""전쟁 공포에 팔았는데, 다시 저가 매수 들어갑니다. (삼성전자)"", ""like_count"": 0, ""unlike_count"": 0, ""score"": 0}, {""post_id"": 27, ""anonymous_code"": ""곰-5671"", ""post_type"": ""trade_share"", ""title"": ""다시 한번 저평가 구간에서 잡았습니다 (19만 5천원)"", ""like_count"": 0, ""unlike_count"": 0, ""score"": 0}, {""post_id"": 28, ""anonymous_code"": ""늑대-3694"", ""post_type"": ""trade_share"", ""title"": ""상승 추세가 명확해지자 다시 진입했습니다 (19.5 만원)"", ""like_count"": 0, ""unlike_count"": 0, ""score"": 0}]"
RN_COMM_ON_20260917,2026-03-03,4,A093,1,5,14,"[15, 16, 17, 18, 19, 20, 21, 22, 23, 24, 25, 26, 27, 28]","[{""post_id"": 15, ""anonymous_code"": ""사자-8925"", ""post_type"": ""trade_share"", ""title"": ""다시 한번 상승 전환을 믿고 진입했습니다"", ""like_count"": 0, ""unlike_count"": 0, ""score"": 0}, {""post_id"": 16, ""anonymous_code"": ""황소-1620"", ""post_type"": ""trade_share"", ""title"": ""떨어질 때 더 사는 게 답일까? 오늘 다시 샀습니다."", ""like_count"": 0, ""unlike_count"": 0, ""score"": 0}, {""post_id"": 17, ""anonymous_code"": ""돌고래-2979"", ""post_type"": ""trade_share"", ""title"": ""전쟁 공포에 떨어질수록 매수 원칙 지키기 (삼성전자)"", ""like_count"": 0, ""unlike_count"": 0, ""score"": 0}, {""post_id"": 18, ""anonymous_code"": ""황소-4770"", ""post_type"": ""trade_share"", ""title"": ""하락장일수록 매수 기회라 믿습니다. 오늘도 100 주 추가했습니다."", ""like_count"": 0, ""unlike_count"": 0, ""score"": 0}, {""post_id"": 19, ""anonymous_code"": ""곰-8551"", ""post_type"": ""trade_share"", ""title"": ""전쟁 소동 속 삼성전자 다시 매수... 하락 시점 타격 성공?"", ""like_count"": 0, ""unlike_count"": 0, ""score"": 0}, {""post_id"": 20, ""anonymous_code"": ""황소-4980"", ""post_type"": ""trade_share"", ""title"": ""전쟁 공포 속에서도 원칙대로 저가 매수했습니다."", ""like_count"": 0, ""unlike_count"": 0, ""score"": 0}, {""post_id"": 21, ""anonymous_code"": ""여우-1683"", ""post_type"": ""trade_share"", ""title"": ""전쟁 공포에 떨어질수록 사는 저의 원칙이 다시 한번 작동했습니다."", ""like_count"": 0, ""unlike_count"": 0, ""score"": 0}, {""post_id"": 22, ""anonymous_code"": ""독수리-9332"", ""post_type"": ""trade_share"", ""title"": ""전쟁 공포에 팔아치우지 않고 물타기 했습니다"", ""like_count"": 0, ""unlike_count"": 0, ""score"": 0}, {""post_id"": 23, ""anonymous_code"": ""황소-6990"", ""post_type"": ""trade_share"", ""title"": ""전쟁 리스크 속, 하락장에서의 분할 매수 다시 시도"", ""like_count"": 0, ""unlike_count"": 0, ""score"": 0}, {""post_id"": 24, ""anonymous_code"": ""펭귄-5408"", ""post_type"": ""trade_share"", ""title"": ""떨어질수록 매수 원칙, 오늘도 검증 중..."", ""like_count"": 0, ""unlike_count"": 0, ""score"": 0}, {""post_id"": 25, ""anonymous_code"": ""독수리-1692"", ""post_type"": ""trade_share"", ""title"": ""손절 타이밍은 맞았으나, 다시 진입했다가 발등 찍혔네요.."", ""like_count"": 0, ""unlike_count"": 0, ""score"": 0}, {""post_id"": 26, ""anonymous_code"": ""독수리-6722"", ""post_type"": ""trade_share"", ""title"": ""전쟁 공포에 팔았는데, 다시 저가 매수 들어갑니다. (삼성전자)"", ""like_count"": 0, ""unlike_count"": 0, ""score"": 0}, {""post_id"": 27, ""anonymous_code"": ""곰-5671"", ""post_type"": ""trade_share"", ""title"": ""다시 한번 저평가 구간에서 잡았습니다 (19만 5천원)"", ""like_count"": 0, ""unlike_count"": 0, ""score"": 0}, {""post_id"": 28, ""anonymous_code"": ""늑대-3694"", ""post_type"": ""trade_share"", ""title"": ""상승 추세가 명확해지자 다시 진입했습니다 (19.5 만원)"", ""like_count"": 0, ""unlike_count"": 0, ""score"": 0}]"
RN_COMM_ON_20260917,2026-03-03,4,A094,1,5,13,"[15, 16, 17, 18, 19, 20, 21, 22, 23, 24, 25, 26, 28]","[{""post_id"": 15, ""anonymous_code"": ""사자-8925"", ""post_type"": ""trade_share"", ""title"": ""다시 한번 상승 전환을 믿고 진입했습니다"", ""like_count"": 0, ""unlike_count"": 0, ""score"": 0}, {""post_id"": 16, ""anonymous_code"": ""황소-1620"", ""post_type"": ""trade_share"", ""title"": ""떨어질 때 더 사는 게 답일까? 오늘 다시 샀습니다."", ""like_count"": 0, ""unlike_count"": 0, ""score"": 0}, {""post_id"": 17, ""anonymous_code"": ""돌고래-2979"", ""post_type"": ""trade_share"", ""title"": ""전쟁 공포에 떨어질수록 매수 원칙 지키기 (삼성전자)"", ""like_count"": 0, ""unlike_count"": 0, ""score"": 0}, {""post_id"": 18, ""anonymous_code"": ""황소-4770"", ""post_type"": ""trade_share"", ""title"": ""하락장일수록 매수 기회라 믿습니다. 오늘도 100 주 추가했습니다."", ""like_count"": 0, ""unlike_count"": 0, ""score"": 0}, {""post_id"": 19, ""anonymous_code"": ""곰-8551"", ""post_type"": ""trade_share"", ""title"": ""전쟁 소동 속 삼성전자 다시 매수... 하락 시점 타격 성공?"", ""like_count"": 0, ""unlike_count"": 0, ""score"": 0}, {""post_id"": 20, ""anonymous_code"": ""황소-4980"", ""post_type"": ""trade_share"", ""title"": ""전쟁 공포 속에서도 원칙대로 저가 매수했습니다."", ""like_count"": 0, ""unlike_count"": 0, ""score"": 0}, {""post_id"": 21, ""anonymous_code"": ""여우-1683"", ""post_type"": ""trade_share"", ""title"": ""전쟁 공포에 떨어질수록 사는 저의 원칙이 다시 한번 작동했습니다."", ""like_count"": 0, ""unlike_count"": 0, ""score"": 0}, {""post_id"": 22, ""anonymous_code"": ""독수리-9332"", ""post_type"": ""trade_share"", ""title"": ""전쟁 공포에 팔아치우지 않고 물타기 했습니다"", ""like_count"": 0, ""unlike_count"": 0, ""score"": 0}, {""post_id"": 23, ""anonymous_code"": ""황소-6990"", ""post_type"": ""trade_share"", ""title"": ""전쟁 리스크 속, 하락장에서의 분할 매수 다시 시도"", ""like_count"": 0, ""unlike_count"": 0, ""score"": 0}, {""post_id"": 24, ""anonymous_code"": ""펭귄-5408"", ""post_type"": ""trade_share"", ""title"": ""떨어질수록 매수 원칙, 오늘도 검증 중..."", ""like_count"": 0, ""unlike_count"": 0, ""score"": 0}, {""post_id"": 25, ""anonymous_code"": ""독수리-1692"", ""post_type"": ""trade_share"", ""title"": ""손절 타이밍은 맞았으나, 다시 진입했다가 발등 찍혔네요.."", ""like_count"": 0, ""unlike_count"": 0, ""score"": 0}, {""post_id"": 26, ""anonymous_code"": ""독수리-6722"", ""post_type"": ""trade_share"", ""title"": ""전쟁 공포에 팔았는데, 다시 저가 매수 들어갑니다. (삼성전자)"", ""like_count"": 0, ""unlike_count"": 0, ""score"": 0}, {""post_id"": 28, ""anonymous_code"": ""늑대-3694"", ""post_type"": ""trade_share"", ""title"": ""상승 추세가 명확해지자 다시 진입했습니다 (19.5 만원)"", ""like_count"": 0, ""unlike_count"": 0, ""score"": 0}]"
RN_COMM_ON_20260917,2026-03-03,4,A092,1,5,14,"[15, 16, 17, 18, 19, 20, 21, 22, 23, 24, 25, 26, 27, 28]","[{""post_id"": 15, ""anonymous_code"": ""사자-8925"", ""post_type"": ""trade_share"", ""title"": ""다시 한번 상승 전환을 믿고 진입했습니다"", ""like_count"": 0, ""unlike_count"": 0, ""score"": 0}, {""post_id"": 16, ""anonymous_code"": ""황소-1620"", ""post_type"": ""trade_share"", ""title"": ""떨어질 때 더 사는 게 답일까? 오늘 다시 샀습니다."", ""like_count"": 0, ""unlike_count"": 0, ""score"": 0}, {""post_id"": 17, ""anonymous_code"": ""돌고래-2979"", ""post_type"": ""trade_share"", ""title"": ""전쟁 공포에 떨어질수록 매수 원칙 지키기 (삼성전자)"", ""like_count"": 0, ""unlike_count"": 0, ""score"": 0}, {""post_id"": 18, ""anonymous_code"": ""황소-4770"", ""post_type"": ""trade_share"", ""title"": ""하락장일수록 매수 기회라 믿습니다. 오늘도 100 주 추가했습니다."", ""like_count"": 0, ""unlike_count"": 0, ""score"": 0}, {""post_id"": 19, ""anonymous_code"": ""곰-8551"", ""post_type"": ""trade_share"", ""title"": ""전쟁 소동 속 삼성전자 다시 매수... 하락 시점 타격 성공?"", ""like_count"": 0, ""unlike_count"": 0, ""score"": 0}, {""post_id"": 20, ""anonymous_code"": ""황소-4980"", ""post_type"": ""trade_share"", ""title"": ""전쟁 공포 속에서도 원칙대로 저가 매수했습니다."", ""like_count"": 0, ""unlike_count"": 0, ""score"": 0}, {""post_id"": 21, ""anonymous_code"": ""여우-1683"", ""post_type"": ""trade_share"", ""title"": ""전쟁 공포에 떨어질수록 사는 저의 원칙이 다시 한번 작동했습니다."", ""like_count"": 0, ""unlike_count"": 0, ""score"": 0}, {""post_id"": 22, ""anonymous_code"": ""독수리-9332"", ""post_type"": ""trade_share"", ""title"": ""전쟁 공포에 팔아치우지 않고 물타기 했습니다"", ""like_count"": 0, ""unlike_count"": 0, ""score"": 0}, {""post_id"": 23, ""anonymous_code"": ""황소-6990"", ""post_type"": ""trade_share"", ""title"": ""전쟁 리스크 속, 하락장에서의 분할 매수 다시 시도"", ""like_count"": 0, ""unlike_count"": 0, ""score"": 0}, {""post_id"": 24, ""anonymous_code"": ""펭귄-5408"", ""post_type"": ""trade_share"", ""title"": ""떨어질수록 매수 원칙, 오늘도 검증 중..."", ""like_count"": 0, ""unlike_count"": 0, ""score"": 0}, {""post_id"": 25, ""anonymous_code"": ""독수리-1692"", ""post_type"": ""trade_share"", ""title"": ""손절 타이밍은 맞았으나, 다시 진입했다가 발등 찍혔네요.."", ""like_count"": 0, ""unlike_count"": 0, ""score"": 0}, {""post_id"": 26, ""anonymous_code"": ""독수리-6722"", ""post_type"": ""trade_share"", ""title"": ""전쟁 공포에 팔았는데, 다시 저가 매수 들어갑니다. (삼성전자)"", ""like_count"": 0, ""unlike_count"": 0, ""score"": 0}, {""post_id"": 27, ""anonymous_code"": ""곰-5671"", ""post_type"": ""trade_share"", ""title"": ""다시 한번 저평가 구간에서 잡았습니다 (19만 5천원)"", ""like_count"": 0, ""unlike_count"": 0, ""score"": 0}, {""post_id"": 28, ""anonymous_code"": ""늑대-3694"", ""post_type"": ""trade_share"", ""title"": ""상승 추세가 명확해지자 다시 진입했습니다 (19.5 만원)"", ""like_count"": 0, ""unlike_count"": 0, ""score"": 0}]"
RN_COMM_ON_20260917,2026-03-03,4,A095,1,5,14,"[15, 16, 17, 18, 19, 20, 21, 22, 23, 24, 25, 26, 27, 28]","[{""post_id"": 15, ""anonymous_code"": ""사자-8925"", ""post_type"": ""trade_share"", ""title"": ""다시 한번 상승 전환을 믿고 진입했습니다"", ""like_count"": 0, ""unlike_count"": 0, ""score"": 0}, {""post_id"": 16, ""anonymous_code"": ""황소-1620"", ""post_type"": ""trade_share"", ""title"": ""떨어질 때 더 사는 게 답일까? 오늘 다시 샀습니다."", ""like_count"": 0, ""unlike_count"": 0, ""score"": 0}, {""post_id"": 17, ""anonymous_code"": ""돌고래-2979"", ""post_type"": ""trade_share"", ""title"": ""전쟁 공포에 떨어질수록 매수 원칙 지키기 (삼성전자)"", ""like_count"": 0, ""unlike_count"": 0, ""score"": 0}, {""post_id"": 18, ""anonymous_code"": ""황소-4770"", ""post_type"": ""trade_share"", ""title"": ""하락장일수록 매수 기회라 믿습니다. 오늘도 100 주 추가했습니다."", ""like_count"": 0, ""unlike_count"": 0, ""score"": 0}, {""post_id"": 19, ""anonymous_code"": ""곰-8551"", ""post_type"": ""trade_share"", ""title"": ""전쟁 소동 속 삼성전자 다시 매수... 하락 시점 타격 성공?"", ""like_count"": 0, ""unlike_count"": 0, ""score"": 0}, {""post_id"": 20, ""anonymous_code"": ""황소-4980"", ""post_type"": ""trade_share"", ""title"": ""전쟁 공포 속에서도 원칙대로 저가 매수했습니다."", ""like_count"": 0, ""unlike_count"": 0, ""score"": 0}, {""post_id"": 21, ""anonymous_code"": ""여우-1683"", ""post_type"": ""trade_share"", ""title"": ""전쟁 공포에 떨어질수록 사는 저의 원칙이 다시 한번 작동했습니다."", ""like_count"": 0, ""unlike_count"": 0, ""score"": 0}, {""post_id"": 22, ""anonymous_code"": ""독수리-9332"", ""post_type"": ""trade_share"", ""title"": ""전쟁 공포에 팔아치우지 않고 물타기 했습니다"", ""like_count"": 0, ""unlike_count"": 0, ""score"": 0}, {""post_id"": 23, ""anonymous_code"": ""황소-6990"", ""post_type"": ""trade_share"", ""title"": ""전쟁 리스크 속, 하락장에서의 분할 매수 다시 시도"", ""like_count"": 0, ""unlike_count"": 0, ""score"": 0}, {""post_id"": 24, ""anonymous_code"": ""펭귄-5408"", ""post_type"": ""trade_share"", ""title"": ""떨어질수록 매수 원칙, 오늘도 검증 중..."", ""like_count"": 0, ""unlike_count"": 0, ""score"": 0}, {""post_id"": 25, ""anonymous_code"": ""독수리-1692"", ""post_type"": ""trade_share"", ""title"": ""손절 타이밍은 맞았으나, 다시 진입했다가 발등 찍혔네요.."", ""like_count"": 0, ""unlike_count"": 0, ""score"": 0}, {""post_id"": 26, ""anonymous_code"": ""독수리-6722"", ""post_type"": ""trade_share"", ""title"": ""전쟁 공포에 팔았는데, 다시 저가 매수 들어갑니다. (삼성전자)"", ""like_count"": 0, ""unlike_count"": 0, ""score"": 0}, {""post_id"": 27, ""anonymous_code"": ""곰-5671"", ""post_type"": ""trade_share"", ""title"": ""다시 한번 저평가 구간에서 잡았습니다 (19만 5천원)"", ""like_count"": 0, ""unlike_count"": 0, ""score"": 0}, {""post_id"": 28, ""anonymous_code"": ""늑대-3694"", ""post_type"": ""trade_share"", ""title"": ""상승 추세가 명확해지자 다시 진입했습니다 (19.5 만원)"", ""like_count"": 0, ""unlike_count"": 0, ""score"": 0}]"
RN_COMM_ON_20260917,2026-03-03,4,A096,2,5,14,"[15, 16, 17, 18, 19, 20, 21, 22, 23, 24, 25, 26, 27, 28]","[{""post_id"": 15, ""anonymous_code"": ""사자-8925"", ""post_type"": ""trade_share"", ""title"": ""다시 한번 상승 전환을 믿고 진입했습니다"", ""like_count"": 0, ""unlike_count"": 0, ""score"": 0}, {""post_id"": 16, ""anonymous_code"": ""황소-1620"", ""post_type"": ""trade_share"", ""title"": ""떨어질 때 더 사는 게 답일까? 오늘 다시 샀습니다."", ""like_count"": 0, ""unlike_count"": 0, ""score"": 0}, {""post_id"": 17, ""anonymous_code"": ""돌고래-2979"", ""post_type"": ""trade_share"", ""title"": ""전쟁 공포에 떨어질수록 매수 원칙 지키기 (삼성전자)"", ""like_count"": 0, ""unlike_count"": 0, ""score"": 0}, {""post_id"": 18, ""anonymous_code"": ""황소-4770"", ""post_type"": ""trade_share"", ""title"": ""하락장일수록 매수 기회라 믿습니다. 오늘도 100 주 추가했습니다."", ""like_count"": 0, ""unlike_count"": 0, ""score"": 0}, {""post_id"": 19, ""anonymous_code"": ""곰-8551"", ""post_type"": ""trade_share"", ""title"": ""전쟁 소동 속 삼성전자 다시 매수... 하락 시점 타격 성공?"", ""like_count"": 0, ""unlike_count"": 0, ""score"": 0}, {""post_id"": 20, ""anonymous_code"": ""황소-4980"", ""post_type"": ""trade_share"", ""title"": ""전쟁 공포 속에서도 원칙대로 저가 매수했습니다."", ""like_count"": 0, ""unlike_count"": 0, ""score"": 0}, {""post_id"": 21, ""anonymous_code"": ""여우-1683"", ""post_type"": ""trade_share"", ""title"": ""전쟁 공포에 떨어질수록 사는 저의 원칙이 다시 한번 작동했습니다."", ""like_count"": 0, ""unlike_count"": 0, ""score"": 0}, {""post_id"": 22, ""anonymous_code"": ""독수리-9332"", ""post_type"": ""trade_share"", ""title"": ""전쟁 공포에 팔아치우지 않고 물타기 했습니다"", ""like_count"": 0, ""unlike_count"": 0, ""score"": 0}, {""post_id"": 23, ""anonymous_code"": ""황소-6990"", ""post_type"": ""trade_share"", ""title"": ""전쟁 리스크 속, 하락장에서의 분할 매수 다시 시도"", ""like_count"": 0, ""unlike_count"": 0, ""score"": 0}, {""post_id"": 24, ""anonymous_code"": ""펭귄-5408"", ""post_type"": ""trade_share"", ""title"": ""떨어질수록 매수 원칙, 오늘도 검증 중..."", ""like_count"": 0, ""unlike_count"": 0, ""score"": 0}, {""post_id"": 25, ""anonymous_code"": ""독수리-1692"", ""post_type"": ""trade_share"", ""title"": ""손절 타이밍은 맞았으나, 다시 진입했다가 발등 찍혔네요.."", ""like_count"": 0, ""unlike_count"": 0, ""score"": 0}, {""post_id"": 26, ""anonymous_code"": ""독수리-6722"", ""post_type"": ""trade_share"", ""title"": ""전쟁 공포에 팔았는데, 다시 저가 매수 들어갑니다. (삼성전자)"", ""like_count"": 0, ""unlike_count"": 0, ""score"": 0}, {""post_id"": 27, ""anonymous_code"": ""곰-5671"", ""post_type"": ""trade_share"", ""title"": ""다시 한번 저평가 구간에서 잡았습니다 (19만 5천원)"", ""like_count"": 0, ""unlike_count"": 0, ""score"": 0}, {""post_id"": 28, ""anonymous_code"": ""늑대-3694"", ""post_type"": ""trade_share"", ""title"": ""상승 추세가 명확해지자 다시 진입했습니다 (19.5 만원)"", ""like_count"": 0, ""unlike_count"": 0, ""score"": 0}]"
RN_COMM_ON_20260917,2026-03-03,4,A097,1,5,14,"[15, 16, 17, 18, 19, 20, 21, 22, 23, 24, 25, 26, 27, 28]","[{""post_id"": 15, ""anonymous_code"": ""사자-8925"", ""post_type"": ""trade_share"", ""title"": ""다시 한번 상승 전환을 믿고 진입했습니다"", ""like_count"": 0, ""unlike_count"": 0, ""score"": 0}, {""post_id"": 16, ""anonymous_code"": ""황소-1620"", ""post_type"": ""trade_share"", ""title"": ""떨어질 때 더 사는 게 답일까? 오늘 다시 샀습니다."", ""like_count"": 0, ""unlike_count"": 0, ""score"": 0}, {""post_id"": 17, ""anonymous_code"": ""돌고래-2979"", ""post_type"": ""trade_share"", ""title"": ""전쟁 공포에 떨어질수록 매수 원칙 지키기 (삼성전자)"", ""like_count"": 0, ""unlike_count"": 0, ""score"": 0}, {""post_id"": 18, ""anonymous_code"": ""황소-4770"", ""post_type"": ""trade_share"", ""title"": ""하락장일수록 매수 기회라 믿습니다. 오늘도 100 주 추가했습니다."", ""like_count"": 0, ""unlike_count"": 0, ""score"": 0}, {""post_id"": 19, ""anonymous_code"": ""곰-8551"", ""post_type"": ""trade_share"", ""title"": ""전쟁 소동 속 삼성전자 다시 매수... 하락 시점 타격 성공?"", ""like_count"": 0, ""unlike_count"": 0, ""score"": 0}, {""post_id"": 20, ""anonymous_code"": ""황소-4980"", ""post_type"": ""trade_share"", ""title"": ""전쟁 공포 속에서도 원칙대로 저가 매수했습니다."", ""like_count"": 0, ""unlike_count"": 0, ""score"": 0}, {""post_id"": 21, ""anonymous_code"": ""여우-1683"", ""post_type"": ""trade_share"", ""title"": ""전쟁 공포에 떨어질수록 사는 저의 원칙이 다시 한번 작동했습니다."", ""like_count"": 0, ""unlike_count"": 0, ""score"": 0}, {""post_id"": 22, ""anonymous_code"": ""독수리-9332"", ""post_type"": ""trade_share"", ""title"": ""전쟁 공포에 팔아치우지 않고 물타기 했습니다"", ""like_count"": 0, ""unlike_count"": 0, ""score"": 0}, {""post_id"": 23, ""anonymous_code"": ""황소-6990"", ""post_type"": ""trade_share"", ""title"": ""전쟁 리스크 속, 하락장에서의 분할 매수 다시 시도"", ""like_count"": 0, ""unlike_count"": 0, ""score"": 0}, {""post_id"": 24, ""anonymous_code"": ""펭귄-5408"", ""post_type"": ""trade_share"", ""title"": ""떨어질수록 매수 원칙, 오늘도 검증 중..."", ""like_count"": 0, ""unlike_count"": 0, ""score"": 0}, {""post_id"": 25, ""anonymous_code"": ""독수리-1692"", ""post_type"": ""trade_share"", ""title"": ""손절 타이밍은 맞았으나, 다시 진입했다가 발등 찍혔네요.."", ""like_count"": 0, ""unlike_count"": 0, ""score"": 0}, {""post_id"": 26, ""anonymous_code"": ""독수리-6722"", ""post_type"": ""trade_share"", ""title"": ""전쟁 공포에 팔았는데, 다시 저가 매수 들어갑니다. (삼성전자)"", ""like_count"": 0, ""unlike_count"": 0, ""score"": 0}, {""post_id"": 27, ""anonymous_code"": ""곰-5671"", ""post_type"": ""trade_share"", ""title"": ""다시 한번 저평가 구간에서 잡았습니다 (19만 5천원)"", ""like_count"": 0, ""unlike_count"": 0, ""score"": 0}, {""post_id"": 28, ""anonymous_code"": ""늑대-3694"", ""post_type"": ""trade_share"", ""title"": ""상승 추세가 명확해지자 다시 진입했습니다 (19.5 만원)"", ""like_count"": 0, ""unlike_count"": 0, ""score"": 0}]"
RN_COMM_ON_20260917,2026-03-03,4,A098,1,5,13,"[15, 16, 17, 18, 19, 20, 21, 22, 23, 24, 25, 26, 27]","[{""post_id"": 15, ""anonymous_code"": ""사자-8925"", ""post_type"": ""trade_share"", ""title"": ""다시 한번 상승 전환을 믿고 진입했습니다"", ""like_count"": 0, ""unlike_count"": 0, ""score"": 0}, {""post_id"": 16, ""anonymous_code"": ""황소-1620"", ""post_type"": ""trade_share"", ""title"": ""떨어질 때 더 사는 게 답일까? 오늘 다시 샀습니다."", ""like_count"": 0, ""unlike_count"": 0, ""score"": 0}, {""post_id"": 17, ""anonymous_code"": ""돌고래-2979"", ""post_type"": ""trade_share"", ""title"": ""전쟁 공포에 떨어질수록 매수 원칙 지키기 (삼성전자)"", ""like_count"": 0, ""unlike_count"": 0, ""score"": 0}, {""post_id"": 18, ""anonymous_code"": ""황소-4770"", ""post_type"": ""trade_share"", ""title"": ""하락장일수록 매수 기회라 믿습니다. 오늘도 100 주 추가했습니다."", ""like_count"": 0, ""unlike_count"": 0, ""score"": 0}, {""post_id"": 19, ""anonymous_code"": ""곰-8551"", ""post_type"": ""trade_share"", ""title"": ""전쟁 소동 속 삼성전자 다시 매수... 하락 시점 타격 성공?"", ""like_count"": 0, ""unlike_count"": 0, ""score"": 0}, {""post_id"": 20, ""anonymous_code"": ""황소-4980"", ""post_type"": ""trade_share"", ""title"": ""전쟁 공포 속에서도 원칙대로 저가 매수했습니다."", ""like_count"": 0, ""unlike_count"": 0, ""score"": 0}, {""post_id"": 21, ""anonymous_code"": ""여우-1683"", ""post_type"": ""trade_share"", ""title"": ""전쟁 공포에 떨어질수록 사는 저의 원칙이 다시 한번 작동했습니다."", ""like_count"": 0, ""unlike_count"": 0, ""score"": 0}, {""post_id"": 22, ""anonymous_code"": ""독수리-9332"", ""post_type"": ""trade_share"", ""title"": ""전쟁 공포에 팔아치우지 않고 물타기 했습니다"", ""like_count"": 0, ""unlike_count"": 0, ""score"": 0}, {""post_id"": 23, ""anonymous_code"": ""황소-6990"", ""post_type"": ""trade_share"", ""title"": ""전쟁 리스크 속, 하락장에서의 분할 매수 다시 시도"", ""like_count"": 0, ""unlike_count"": 0, ""score"": 0}, {""post_id"": 24, ""anonymous_code"": ""펭귄-5408"", ""post_type"": ""trade_share"", ""title"": ""떨어질수록 매수 원칙, 오늘도 검증 중..."", ""like_count"": 0, ""unlike_count"": 0, ""score"": 0}, {""post_id"": 25, ""anonymous_code"": ""독수리-1692"", ""post_type"": ""trade_share"", ""title"": ""손절 타이밍은 맞았으나, 다시 진입했다가 발등 찍혔네요.."", ""like_count"": 0, ""unlike_count"": 0, ""score"": 0}, {""post_id"": 26, ""anonymous_code"": ""독수리-6722"", ""post_type"": ""trade_share"", ""title"": ""전쟁 공포에 팔았는데, 다시 저가 매수 들어갑니다. (삼성전자)"", ""like_count"": 0, ""unlike_count"": 0, ""score"": 0}, {""post_id"": 27, ""anonymous_code"": ""곰-5671"", ""post_type"": ""trade_share"", ""title"": ""다시 한번 저평가 구간에서 잡았습니다 (19만 5천원)"", ""like_count"": 0, ""unlike_count"": 0, ""score"": 0}]"
RN_COMM_ON_20260917,2026-03-03,4,A100,1,5,14,"[15, 16, 17, 18, 19, 20, 21, 22, 23, 24, 25, 26, 27, 28]","[{""post_id"": 15, ""anonymous_code"": ""사자-8925"", ""post_type"": ""trade_share"", ""title"": ""다시 한번 상승 전환을 믿고 진입했습니다"", ""like_count"": 0, ""unlike_count"": 0, ""score"": 0}, {""post_id"": 16, ""anonymous_code"": ""황소-1620"", ""post_type"": ""trade_share"", ""title"": ""떨어질 때 더 사는 게 답일까? 오늘 다시 샀습니다."", ""like_count"": 0, ""unlike_count"": 0, ""score"": 0}, {""post_id"": 17, ""anonymous_code"": ""돌고래-2979"", ""post_type"": ""trade_share"", ""title"": ""전쟁 공포에 떨어질수록 매수 원칙 지키기 (삼성전자)"", ""like_count"": 0, ""unlike_count"": 0, ""score"": 0}, {""post_id"": 18, ""anonymous_code"": ""황소-4770"", ""post_type"": ""trade_share"", ""title"": ""하락장일수록 매수 기회라 믿습니다. 오늘도 100 주 추가했습니다."", ""like_count"": 0, ""unlike_count"": 0, ""score"": 0}, {""post_id"": 19, ""anonymous_code"": ""곰-8551"", ""post_type"": ""trade_share"", ""title"": ""전쟁 소동 속 삼성전자 다시 매수... 하락 시점 타격 성공?"", ""like_count"": 0, ""unlike_count"": 0, ""score"": 0}, {""post_id"": 20, ""anonymous_code"": ""황소-4980"", ""post_type"": ""trade_share"", ""title"": ""전쟁 공포 속에서도 원칙대로 저가 매수했습니다."", ""like_count"": 0, ""unlike_count"": 0, ""score"": 0}, {""post_id"": 21, ""anonymous_code"": ""여우-1683"", ""post_type"": ""trade_share"", ""title"": ""전쟁 공포에 떨어질수록 사는 저의 원칙이 다시 한번 작동했습니다."", ""like_count"": 0, ""unlike_count"": 0, ""score"": 0}, {""post_id"": 22, ""anonymous_code"": ""독수리-9332"", ""post_type"": ""trade_share"", ""title"": ""전쟁 공포에 팔아치우지 않고 물타기 했습니다"", ""like_count"": 0, ""unlike_count"": 0, ""score"": 0}, {""post_id"": 23, ""anonymous_code"": ""황소-6990"", ""post_type"": ""trade_share"", ""title"": ""전쟁 리스크 속, 하락장에서의 분할 매수 다시 시도"", ""like_count"": 0, ""unlike_count"": 0, ""score"": 0}, {""post_id"": 24, ""anonymous_code"": ""펭귄-5408"", ""post_type"": ""trade_share"", ""title"": ""떨어질수록 매수 원칙, 오늘도 검증 중..."", ""like_count"": 0, ""unlike_count"": 0, ""score"": 0}, {""post_id"": 25, ""anonymous_code"": ""독수리-1692"", ""post_type"": ""trade_share"", ""title"": ""손절 타이밍은 맞았으나, 다시 진입했다가 발등 찍혔네요.."", ""like_count"": 0, ""unlike_count"": 0, ""score"": 0}, {""post_id"": 26, ""anonymous_code"": ""독수리-6722"", ""post_type"": ""trade_share"", ""title"": ""전쟁 공포에 팔았는데, 다시 저가 매수 들어갑니다. (삼성전자)"", ""like_count"": 0, ""unlike_count"": 0, ""score"": 0}, {""post_id"": 27, ""anonymous_code"": ""곰-5671"", ""post_type"": ""trade_share"", ""title"": ""다시 한번 저평가 구간에서 잡았습니다 (19만 5천원)"", ""like_count"": 0, ""unlike_count"": 0, ""score"": 0}, {""post_id"": 28, ""anonymous_code"": ""늑대-3694"", ""post_type"": ""trade_share"", ""title"": ""상승 추세가 명확해지자 다시 진입했습니다 (19.5 만원)"", ""like_count"": 0, ""unlike_count"": 0, ""score"": 0}]"
RN_COMM_ON_20260917,2026-03-04,6,A002,1,5,14,"[29, 30, 31, 32, 33, 34, 35, 36, 37, 38, 39, 40, 41, 42]","[{""post_id"": 29, ""anonymous_code"": ""사자-8925"", ""post_type"": ""trade_share"", ""title"": ""급락장에서 초고수들 따라 17 만 원대 진입..."", ""like_count"": 0, ""unlike_count"": 0, ""score"": 0}, {""post_id"": 30, ""anonymous_code"": ""황소-1620"", ""post_type"": ""trade_share"", ""title"": ""전쟁 공포에 떨어질수록 사는 중 (17.2 만원)"", ""like_count"": 0, ""unlike_count"": 0, ""score"": 0}, {""post_id"": 31, ""anonymous_code"": ""돌고래-2979"", ""post_type"": ""trade_share"", ""title"": ""검은 수요일, 초고수들이 사모는 곳입니다. 오늘도 저점 매수."", ""like_count"": 0, ""unlike_count"": 0, ""score"": 0}, {""post_id"": 32, ""anonymous_code"": ""황소-4770"", ""post_type"": ""trade_share"", ""title"": ""5500 붕괴장, 초고수들 따라 매수했습니다 (삼성전자)"", ""like_count"": 0, ""unlike_count"": 0, ""score"": 0}, {""post_id"": 33, ""anonymous_code"": ""곰-8551"", ""post_type"": ""trade_share"", ""title"": ""전량 매도 완료... 전쟁 공포에 손절 타격"", ""like_count"": 0, ""unlike_count"": 0, ""score"": 0}, {""post_id"": 34, ""anonymous_code"": ""황소-4980"", ""post_type"": ""impression"", ""title"": ""지정학적 리스크 속에서도 AI는 유효하다"", ""like_count"": 0, ""unlike_count"": 0, ""score"": 0}, {""post_id"": 35, ""anonymous_code"": ""여우-1683"", ""post_type"": ""trade_share"", ""title"": ""떨어질수록 사는 원칙, 오늘도 검증 중입니다."", ""like_count"": 0, ""unlike_count"": 0, ""score"": 0}, {""post_id"": 36, ""anonymous_code"": ""독수리-9332"", ""post_type"": ""impression"", ""title"": ""폭락장 속 초고수들의 매수... 저평가 구간인가?"", ""like_count"": 0, ""unlike_count"": 0, ""score"": 0}, {""post_id"": 37, ""anonymous_code"": ""황소-6990"", ""post_type"": ""trade_share"", ""title"": ""다시 한 번 무릎에서 사왔습니다. (삼성전자)"", ""like_count"": 0, ""unlike_count"": 0, ""score"": 0}, {""post_id"": 38, ""anonymous_code"": ""펭귄-5408"", ""post_type"": ""trade_share"", ""title"": ""17 만 원대 매수 완료... 떨어질수록 사는 법의 시련"", ""like_count"": 0, ""unlike_count"": 0, ""score"": 0}, {""post_id"": 39, ""anonymous_code"": ""독수리-1692"", ""post_type"": ""trade_share"", ""title"": ""급락장에서의 손절매... 이제야 원칙을 지킨다."", ""like_count"": 0, ""unlike_count"": 0, ""score"": 0}, {""post_id"": 40, ""anonymous_code"": ""독수리-6722"", ""post_type"": ""trade_share"", ""title"": ""검은 수요일의 공포, 초고수들은 사는데 나는 팔았다..."", ""like_count"": 0, ""unlike_count"": 0, ""score"": 0}, {""post_id"": 41, ""anonymous_code"": ""곰-5671"", ""post_type"": ""profit_share"", ""title"": ""손절매로 마무리... 지갑은 비었지만 교훈은 남았습니다."", ""like_count"": 0, ""unlike_count"": 0, ""score"": 0}, {""post_id"": 42, ""anonymous_code"": ""늑대-3694"", ""post_type"": ""analysis"", ""title"": ""5500 붕괴와 초고수들의 매수: 공포 속의 기회"", ""like_count"": 0, ""unlike_count"": 0, ""score"": 0}]"
RN_COMM_ON_20260917,2026-03-04,6,A007,1,5,14,"[29, 30, 31, 32, 33, 34, 35, 36, 37, 38, 39, 40, 41, 42]","[{""post_id"": 29, ""anonymous_code"": ""사자-8925"", ""post_type"": ""trade_share"", ""title"": ""급락장에서 초고수들 따라 17 만 원대 진입..."", ""like_count"": 0, ""unlike_count"": 0, ""score"": 0}, {""post_id"": 30, ""anonymous_code"": ""황소-1620"", ""post_type"": ""trade_share"", ""title"": ""전쟁 공포에 떨어질수록 사는 중 (17.2 만원)"", ""like_count"": 0, ""unlike_count"": 0, ""score"": 0}, {""post_id"": 31, ""anonymous_code"": ""돌고래-2979"", ""post_type"": ""trade_share"", ""title"": ""검은 수요일, 초고수들이 사모는 곳입니다. 오늘도 저점 매수."", ""like_count"": 0, ""unlike_count"": 0, ""score"": 0}, {""post_id"": 32, ""anonymous_code"": ""황소-4770"", ""post_type"": ""trade_share"", ""title"": ""5500 붕괴장, 초고수들 따라 매수했습니다 (삼성전자)"", ""like_count"": 0, ""unlike_count"": 0, ""score"": 0}, {""post_id"": 33, ""anonymous_code"": ""곰-8551"", ""post_type"": ""trade_share"", ""title"": ""전량 매도 완료... 전쟁 공포에 손절 타격"", ""like_count"": 0, ""unlike_count"": 0, ""score"": 0}, {""post_id"": 34, ""anonymous_code"": ""황소-4980"", ""post_type"": ""impression"", ""title"": ""지정학적 리스크 속에서도 AI는 유효하다"", ""like_count"": 0, ""unlike_count"": 0, ""score"": 0}, {""post_id"": 35, ""anonymous_code"": ""여우-1683"", ""post_type"": ""trade_share"", ""title"": ""떨어질수록 사는 원칙, 오늘도 검증 중입니다."", ""like_count"": 0, ""unlike_count"": 0, ""score"": 0}, {""post_id"": 36, ""anonymous_code"": ""독수리-9332"", ""post_type"": ""impression"", ""title"": ""폭락장 속 초고수들의 매수... 저평가 구간인가?"", ""like_count"": 0, ""unlike_count"": 0, ""score"": 0}, {""post_id"": 37, ""anonymous_code"": ""황소-6990"", ""post_type"": ""trade_share"", ""title"": ""다시 한 번 무릎에서 사왔습니다. (삼성전자)"", ""like_count"": 0, ""unlike_count"": 0, ""score"": 0}, {""post_id"": 38, ""anonymous_code"": ""펭귄-5408"", ""post_type"": ""trade_share"", ""title"": ""17 만 원대 매수 완료... 떨어질수록 사는 법의 시련"", ""like_count"": 0, ""unlike_count"": 0, ""score"": 0}, {""post_id"": 39, ""anonymous_code"": ""독수리-1692"", ""post_type"": ""trade_share"", ""title"": ""급락장에서의 손절매... 이제야 원칙을 지킨다."", ""like_count"": 0, ""unlike_count"": 0, ""score"": 0}, {""post_id"": 40, ""anonymous_code"": ""독수리-6722"", ""post_type"": ""trade_share"", ""title"": ""검은 수요일의 공포, 초고수들은 사는데 나는 팔았다..."", ""like_count"": 0, ""unlike_count"": 0, ""score"": 0}, {""post_id"": 41, ""anonymous_code"": ""곰-5671"", ""post_type"": ""profit_share"", ""title"": ""손절매로 마무리... 지갑은 비었지만 교훈은 남았습니다."", ""like_count"": 0, ""unlike_count"": 0, ""score"": 0}, {""post_id"": 42, ""anonymous_code"": ""늑대-3694"", ""post_type"": ""analysis"", ""title"": ""5500 붕괴와 초고수들의 매수: 공포 속의 기회"", ""like_count"": 0, ""unlike_count"": 0, ""score"": 0}]"
RN_COMM_ON_20260917,2026-03-04,6,A009,1,5,13,"[30, 31, 32, 33, 34, 35, 36, 37, 38, 39, 40, 41, 42]","[{""post_id"": 30, ""anonymous_code"": ""황소-1620"", ""post_type"": ""trade_share"", ""title"": ""전쟁 공포에 떨어질수록 사는 중 (17.2 만원)"", ""like_count"": 0, ""unlike_count"": 0, ""score"": 0}, {""post_id"": 31, ""anonymous_code"": ""돌고래-2979"", ""post_type"": ""trade_share"", ""title"": ""검은 수요일, 초고수들이 사모는 곳입니다. 오늘도 저점 매수."", ""like_count"": 0, ""unlike_count"": 0, ""score"": 0}, {""post_id"": 32, ""anonymous_code"": ""황소-4770"", ""post_type"": ""trade_share"", ""title"": ""5500 붕괴장, 초고수들 따라 매수했습니다 (삼성전자)"", ""like_count"": 0, ""unlike_count"": 0, ""score"": 0}, {""post_id"": 33, ""anonymous_code"": ""곰-8551"", ""post_type"": ""trade_share"", ""title"": ""전량 매도 완료... 전쟁 공포에 손절 타격"", ""like_count"": 0, ""unlike_count"": 0, ""score"": 0}, {""post_id"": 34, ""anonymous_code"": ""황소-4980"", ""post_type"": ""impression"", ""title"": ""지정학적 리스크 속에서도 AI는 유효하다"", ""like_count"": 0, ""unlike_count"": 0, ""score"": 0}, {""post_id"": 35, ""anonymous_code"": ""여우-1683"", ""post_type"": ""trade_share"", ""title"": ""떨어질수록 사는 원칙, 오늘도 검증 중입니다."", ""like_count"": 0, ""unlike_count"": 0, ""score"": 0}, {""post_id"": 36, ""anonymous_code"": ""독수리-9332"", ""post_type"": ""impression"", ""title"": ""폭락장 속 초고수들의 매수... 저평가 구간인가?"", ""like_count"": 0, ""unlike_count"": 0, ""score"": 0}, {""post_id"": 37, ""anonymous_code"": ""황소-6990"", ""post_type"": ""trade_share"", ""title"": ""다시 한 번 무릎에서 사왔습니다. (삼성전자)"", ""like_count"": 0, ""unlike_count"": 0, ""score"": 0}, {""post_id"": 38, ""anonymous_code"": ""펭귄-5408"", ""post_type"": ""trade_share"", ""title"": ""17 만 원대 매수 완료... 떨어질수록 사는 법의 시련"", ""like_count"": 0, ""unlike_count"": 0, ""score"": 0}, {""post_id"": 39, ""anonymous_code"": ""독수리-1692"", ""post_type"": ""trade_share"", ""title"": ""급락장에서의 손절매... 이제야 원칙을 지킨다."", ""like_count"": 0, ""unlike_count"": 0, ""score"": 0}, {""post_id"": 40, ""anonymous_code"": ""독수리-6722"", ""post_type"": ""trade_share"", ""title"": ""검은 수요일의 공포, 초고수들은 사는데 나는 팔았다..."", ""like_count"": 0, ""unlike_count"": 0, ""score"": 0}, {""post_id"": 41, ""anonymous_code"": ""곰-5671"", ""post_type"": ""profit_share"", ""title"": ""손절매로 마무리... 지갑은 비었지만 교훈은 남았습니다."", ""like_count"": 0, ""unlike_count"": 0, ""score"": 0}, {""post_id"": 42, ""anonymous_code"": ""늑대-3694"", ""post_type"": ""analysis"", ""title"": ""5500 붕괴와 초고수들의 매수: 공포 속의 기회"", ""like_count"": 0, ""unlike_count"": 0, ""score"": 0}]"
RN_COMM_ON_20260917,2026-03-04,6,A013,1,5,14,"[29, 30, 31, 32, 33, 34, 35, 36, 37, 38, 39, 40, 41, 42]","[{""post_id"": 29, ""anonymous_code"": ""사자-8925"", ""post_type"": ""trade_share"", ""title"": ""급락장에서 초고수들 따라 17 만 원대 진입..."", ""like_count"": 0, ""unlike_count"": 0, ""score"": 0}, {""post_id"": 30, ""anonymous_code"": ""황소-1620"", ""post_type"": ""trade_share"", ""title"": ""전쟁 공포에 떨어질수록 사는 중 (17.2 만원)"", ""like_count"": 0, ""unlike_count"": 0, ""score"": 0}, {""post_id"": 31, ""anonymous_code"": ""돌고래-2979"", ""post_type"": ""trade_share"", ""title"": ""검은 수요일, 초고수들이 사모는 곳입니다. 오늘도 저점 매수."", ""like_count"": 0, ""unlike_count"": 0, ""score"": 0}, {""post_id"": 32, ""anonymous_code"": ""황소-4770"", ""post_type"": ""trade_share"", ""title"": ""5500 붕괴장, 초고수들 따라 매수했습니다 (삼성전자)"", ""like_count"": 0, ""unlike_count"": 0, ""score"": 0}, {""post_id"": 33, ""anonymous_code"": ""곰-8551"", ""post_type"": ""trade_share"", ""title"": ""전량 매도 완료... 전쟁 공포에 손절 타격"", ""like_count"": 0, ""unlike_count"": 0, ""score"": 0}, {""post_id"": 34, ""anonymous_code"": ""황소-4980"", ""post_type"": ""impression"", ""title"": ""지정학적 리스크 속에서도 AI는 유효하다"", ""like_count"": 0, ""unlike_count"": 0, ""score"": 0}, {""post_id"": 35, ""anonymous_code"": ""여우-1683"", ""post_type"": ""trade_share"", ""title"": ""떨어질수록 사는 원칙, 오늘도 검증 중입니다."", ""like_count"": 0, ""unlike_count"": 0, ""score"": 0}, {""post_id"": 36, ""anonymous_code"": ""독수리-9332"", ""post_type"": ""impression"", ""title"": ""폭락장 속 초고수들의 매수... 저평가 구간인가?"", ""like_count"": 0, ""unlike_count"": 0, ""score"": 0}, {""post_id"": 37, ""anonymous_code"": ""황소-6990"", ""post_type"": ""trade_share"", ""title"": ""다시 한 번 무릎에서 사왔습니다. (삼성전자)"", ""like_count"": 0, ""unlike_count"": 0, ""score"": 0}, {""post_id"": 38, ""anonymous_code"": ""펭귄-5408"", ""post_type"": ""trade_share"", ""title"": ""17 만 원대 매수 완료... 떨어질수록 사는 법의 시련"", ""like_count"": 0, ""unlike_count"": 0, ""score"": 0}, {""post_id"": 39, ""anonymous_code"": ""독수리-1692"", ""post_type"": ""trade_share"", ""title"": ""급락장에서의 손절매... 이제야 원칙을 지킨다."", ""like_count"": 0, ""unlike_count"": 0, ""score"": 0}, {""post_id"": 40, ""anonymous_code"": ""독수리-6722"", ""post_type"": ""trade_share"", ""title"": ""검은 수요일의 공포, 초고수들은 사는데 나는 팔았다..."", ""like_count"": 0, ""unlike_count"": 0, ""score"": 0}, {""post_id"": 41, ""anonymous_code"": ""곰-5671"", ""post_type"": ""profit_share"", ""title"": ""손절매로 마무리... 지갑은 비었지만 교훈은 남았습니다."", ""like_count"": 0, ""unlike_count"": 0, ""score"": 0}, {""post_id"": 42, ""anonymous_code"": ""늑대-3694"", ""post_type"": ""analysis"", ""title"": ""5500 붕괴와 초고수들의 매수: 공포 속의 기회"", ""like_count"": 0, ""unlike_count"": 0, ""score"": 0}]"
RN_COMM_ON_20260917,2026-03-04,6,A006,1,5,14,"[29, 30, 31, 32, 33, 34, 35, 36, 37, 38, 39, 40, 41, 42]","[{""post_id"": 29, ""anonymous_code"": ""사자-8925"", ""post_type"": ""trade_share"", ""title"": ""급락장에서 초고수들 따라 17 만 원대 진입..."", ""like_count"": 0, ""unlike_count"": 0, ""score"": 0}, {""post_id"": 30, ""anonymous_code"": ""황소-1620"", ""post_type"": ""trade_share"", ""title"": ""전쟁 공포에 떨어질수록 사는 중 (17.2 만원)"", ""like_count"": 0, ""unlike_count"": 0, ""score"": 0}, {""post_id"": 31, ""anonymous_code"": ""돌고래-2979"", ""post_type"": ""trade_share"", ""title"": ""검은 수요일, 초고수들이 사모는 곳입니다. 오늘도 저점 매수."", ""like_count"": 0, ""unlike_count"": 0, ""score"": 0}, {""post_id"": 32, ""anonymous_code"": ""황소-4770"", ""post_type"": ""trade_share"", ""title"": ""5500 붕괴장, 초고수들 따라 매수했습니다 (삼성전자)"", ""like_count"": 0, ""unlike_count"": 0, ""score"": 0}, {""post_id"": 33, ""anonymous_code"": ""곰-8551"", ""post_type"": ""trade_share"", ""title"": ""전량 매도 완료... 전쟁 공포에 손절 타격"", ""like_count"": 0, ""unlike_count"": 0, ""score"": 0}, {""post_id"": 34, ""anonymous_code"": ""황소-4980"", ""post_type"": ""impression"", ""title"": ""지정학적 리스크 속에서도 AI는 유효하다"", ""like_count"": 0, ""unlike_count"": 0, ""score"": 0}, {""post_id"": 35, ""anonymous_code"": ""여우-1683"", ""post_type"": ""trade_share"", ""title"": ""떨어질수록 사는 원칙, 오늘도 검증 중입니다."", ""like_count"": 0, ""unlike_count"": 0, ""score"": 0}, {""post_id"": 36, ""anonymous_code"": ""독수리-9332"", ""post_type"": ""impression"", ""title"": ""폭락장 속 초고수들의 매수... 저평가 구간인가?"", ""like_count"": 0, ""unlike_count"": 0, ""score"": 0}, {""post_id"": 37, ""anonymous_code"": ""황소-6990"", ""post_type"": ""trade_share"", ""title"": ""다시 한 번 무릎에서 사왔습니다. (삼성전자)"", ""like_count"": 0, ""unlike_count"": 0, ""score"": 0}, {""post_id"": 38, ""anonymous_code"": ""펭귄-5408"", ""post_type"": ""trade_share"", ""title"": ""17 만 원대 매수 완료... 떨어질수록 사는 법의 시련"", ""like_count"": 0, ""unlike_count"": 0, ""score"": 0}, {""post_id"": 39, ""anonymous_code"": ""독수리-1692"", ""post_type"": ""trade_share"", ""title"": ""급락장에서의 손절매... 이제야 원칙을 지킨다."", ""like_count"": 0, ""unlike_count"": 0, ""score"": 0}, {""post_id"": 40, ""anonymous_code"": ""독수리-6722"", ""post_type"": ""trade_share"", ""title"": ""검은 수요일의 공포, 초고수들은 사는데 나는 팔았다..."", ""like_count"": 0, ""unlike_count"": 0, ""score"": 0}, {""post_id"": 41, ""anonymous_code"": ""곰-5671"", ""post_type"": ""profit_share"", ""title"": ""손절매로 마무리... 지갑은 비었지만 교훈은 남았습니다."", ""like_count"": 0, ""unlike_count"": 0, ""score"": 0}, {""post_id"": 42, ""anonymous_code"": ""늑대-3694"", ""post_type"": ""analysis"", ""title"": ""5500 붕괴와 초고수들의 매수: 공포 속의 기회"", ""like_count"": 0, ""unlike_count"": 0, ""score"": 0}]"
RN_COMM_ON_20260917,2026-03-04,6,A001,1,5,14,"[29, 30, 31, 32, 33, 34, 35, 36, 37, 38, 39, 40, 41, 42]","[{""post_id"": 29, ""anonymous_code"": ""사자-8925"", ""post_type"": ""trade_share"", ""title"": ""급락장에서 초고수들 따라 17 만 원대 진입..."", ""like_count"": 0, ""unlike_count"": 0, ""score"": 0}, {""post_id"": 30, ""anonymous_code"": ""황소-1620"", ""post_type"": ""trade_share"", ""title"": ""전쟁 공포에 떨어질수록 사는 중 (17.2 만원)"", ""like_count"": 0, ""unlike_count"": 0, ""score"": 0}, {""post_id"": 31, ""anonymous_code"": ""돌고래-2979"", ""post_type"": ""trade_share"", ""title"": ""검은 수요일, 초고수들이 사모는 곳입니다. 오늘도 저점 매수."", ""like_count"": 0, ""unlike_count"": 0, ""score"": 0}, {""post_id"": 32, ""anonymous_code"": ""황소-4770"", ""post_type"": ""trade_share"", ""title"": ""5500 붕괴장, 초고수들 따라 매수했습니다 (삼성전자)"", ""like_count"": 0, ""unlike_count"": 0, ""score"": 0}, {""post_id"": 33, ""anonymous_code"": ""곰-8551"", ""post_type"": ""trade_share"", ""title"": ""전량 매도 완료... 전쟁 공포에 손절 타격"", ""like_count"": 0, ""unlike_count"": 0, ""score"": 0}, {""post_id"": 34, ""anonymous_code"": ""황소-4980"", ""post_type"": ""impression"", ""title"": ""지정학적 리스크 속에서도 AI는 유효하다"", ""like_count"": 0, ""unlike_count"": 0, ""score"": 0}, {""post_id"": 35, ""anonymous_code"": ""여우-1683"", ""post_type"": ""trade_share"", ""title"": ""떨어질수록 사는 원칙, 오늘도 검증 중입니다."", ""like_count"": 0, ""unlike_count"": 0, ""score"": 0}, {""post_id"": 36, ""anonymous_code"": ""독수리-9332"", ""post_type"": ""impression"", ""title"": ""폭락장 속 초고수들의 매수... 저평가 구간인가?"", ""like_count"": 0, ""unlike_count"": 0, ""score"": 0}, {""post_id"": 37, ""anonymous_code"": ""황소-6990"", ""post_type"": ""trade_share"", ""title"": ""다시 한 번 무릎에서 사왔습니다. (삼성전자)"", ""like_count"": 0, ""unlike_count"": 0, ""score"": 0}, {""post_id"": 38, ""anonymous_code"": ""펭귄-5408"", ""post_type"": ""trade_share"", ""title"": ""17 만 원대 매수 완료... 떨어질수록 사는 법의 시련"", ""like_count"": 0, ""unlike_count"": 0, ""score"": 0}, {""post_id"": 39, ""anonymous_code"": ""독수리-1692"", ""post_type"": ""trade_share"", ""title"": ""급락장에서의 손절매... 이제야 원칙을 지킨다."", ""like_count"": 0, ""unlike_count"": 0, ""score"": 0}, {""post_id"": 40, ""anonymous_code"": ""독수리-6722"", ""post_type"": ""trade_share"", ""title"": ""검은 수요일의 공포, 초고수들은 사는데 나는 팔았다..."", ""like_count"": 0, ""unlike_count"": 0, ""score"": 0}, {""post_id"": 41, ""anonymous_code"": ""곰-5671"", ""post_type"": ""profit_share"", ""title"": ""손절매로 마무리... 지갑은 비었지만 교훈은 남았습니다."", ""like_count"": 0, ""unlike_count"": 0, ""score"": 0}, {""post_id"": 42, ""anonymous_code"": ""늑대-3694"", ""post_type"": ""analysis"", ""title"": ""5500 붕괴와 초고수들의 매수: 공포 속의 기회"", ""like_count"": 0, ""unlike_count"": 0, ""score"": 0}]"
RN_COMM_ON_20260917,2026-03-04,6,A012,1,5,14,"[29, 30, 31, 32, 33, 34, 35, 36, 37, 38, 39, 40, 41, 42]","[{""post_id"": 29, ""anonymous_code"": ""사자-8925"", ""post_type"": ""trade_share"", ""title"": ""급락장에서 초고수들 따라 17 만 원대 진입..."", ""like_count"": 0, ""unlike_count"": 0, ""score"": 0}, {""post_id"": 30, ""anonymous_code"": ""황소-1620"", ""post_type"": ""trade_share"", ""title"": ""전쟁 공포에 떨어질수록 사는 중 (17.2 만원)"", ""like_count"": 0, ""unlike_count"": 0, ""score"": 0}, {""post_id"": 31, ""anonymous_code"": ""돌고래-2979"", ""post_type"": ""trade_share"", ""title"": ""검은 수요일, 초고수들이 사모는 곳입니다. 오늘도 저점 매수."", ""like_count"": 0, ""unlike_count"": 0, ""score"": 0}, {""post_id"": 32, ""anonymous_code"": ""황소-4770"", ""post_type"": ""trade_share"", ""title"": ""5500 붕괴장, 초고수들 따라 매수했습니다 (삼성전자)"", ""like_count"": 0, ""unlike_count"": 0, ""score"": 0}, {""post_id"": 33, ""anonymous_code"": ""곰-8551"", ""post_type"": ""trade_share"", ""title"": ""전량 매도 완료... 전쟁 공포에 손절 타격"", ""like_count"": 0, ""unlike_count"": 0, ""score"": 0}, {""post_id"": 34, ""anonymous_code"": ""황소-4980"", ""post_type"": ""impression"", ""title"": ""지정학적 리스크 속에서도 AI는 유효하다"", ""like_count"": 0, ""unlike_count"": 0, ""score"": 0}, {""post_id"": 35, ""anonymous_code"": ""여우-1683"", ""post_type"": ""trade_share"", ""title"": ""떨어질수록 사는 원칙, 오늘도 검증 중입니다."", ""like_count"": 0, ""unlike_count"": 0, ""score"": 0}, {""post_id"": 36, ""anonymous_code"": ""독수리-9332"", ""post_type"": ""impression"", ""title"": ""폭락장 속 초고수들의 매수... 저평가 구간인가?"", ""like_count"": 0, ""unlike_count"": 0, ""score"": 0}, {""post_id"": 37, ""anonymous_code"": ""황소-6990"", ""post_type"": ""trade_share"", ""title"": ""다시 한 번 무릎에서 사왔습니다. (삼성전자)"", ""like_count"": 0, ""unlike_count"": 0, ""score"": 0}, {""post_id"": 38, ""anonymous_code"": ""펭귄-5408"", ""post_type"": ""trade_share"", ""title"": ""17 만 원대 매수 완료... 떨어질수록 사는 법의 시련"", ""like_count"": 0, ""unlike_count"": 0, ""score"": 0}, {""post_id"": 39, ""anonymous_code"": ""독수리-1692"", ""post_type"": ""trade_share"", ""title"": ""급락장에서의 손절매... 이제야 원칙을 지킨다."", ""like_count"": 0, ""unlike_count"": 0, ""score"": 0}, {""post_id"": 40, ""anonymous_code"": ""독수리-6722"", ""post_type"": ""trade_share"", ""title"": ""검은 수요일의 공포, 초고수들은 사는데 나는 팔았다..."", ""like_count"": 0, ""unlike_count"": 0, ""score"": 0}, {""post_id"": 41, ""anonymous_code"": ""곰-5671"", ""post_type"": ""profit_share"", ""title"": ""손절매로 마무리... 지갑은 비었지만 교훈은 남았습니다."", ""like_count"": 0, ""unlike_count"": 0, ""score"": 0}, {""post_id"": 42, ""anonymous_code"": ""늑대-3694"", ""post_type"": ""analysis"", ""title"": ""5500 붕괴와 초고수들의 매수: 공포 속의 기회"", ""like_count"": 0, ""unlike_count"": 0, ""score"": 0}]"
RN_COMM_ON_20260917,2026-03-04,6,A004,1,5,14,"[29, 30, 31, 32, 33, 34, 35, 36, 37, 38, 39, 40, 41, 42]","[{""post_id"": 29, ""anonymous_code"": ""사자-8925"", ""post_type"": ""trade_share"", ""title"": ""급락장에서 초고수들 따라 17 만 원대 진입..."", ""like_count"": 0, ""unlike_count"": 0, ""score"": 0}, {""post_id"": 30, ""anonymous_code"": ""황소-1620"", ""post_type"": ""trade_share"", ""title"": ""전쟁 공포에 떨어질수록 사는 중 (17.2 만원)"", ""like_count"": 0, ""unlike_count"": 0, ""score"": 0}, {""post_id"": 31, ""anonymous_code"": ""돌고래-2979"", ""post_type"": ""trade_share"", ""title"": ""검은 수요일, 초고수들이 사모는 곳입니다. 오늘도 저점 매수."", ""like_count"": 0, ""unlike_count"": 0, ""score"": 0}, {""post_id"": 32, ""anonymous_code"": ""황소-4770"", ""post_type"": ""trade_share"", ""title"": ""5500 붕괴장, 초고수들 따라 매수했습니다 (삼성전자)"", ""like_count"": 0, ""unlike_count"": 0, ""score"": 0}, {""post_id"": 33, ""anonymous_code"": ""곰-8551"", ""post_type"": ""trade_share"", ""title"": ""전량 매도 완료... 전쟁 공포에 손절 타격"", ""like_count"": 0, ""unlike_count"": 0, ""score"": 0}, {""post_id"": 34, ""anonymous_code"": ""황소-4980"", ""post_type"": ""impression"", ""title"": ""지정학적 리스크 속에서도 AI는 유효하다"", ""like_count"": 0, ""unlike_count"": 0, ""score"": 0}, {""post_id"": 35, ""anonymous_code"": ""여우-1683"", ""post_type"": ""trade_share"", ""title"": ""떨어질수록 사는 원칙, 오늘도 검증 중입니다."", ""like_count"": 0, ""unlike_count"": 0, ""score"": 0}, {""post_id"": 36, ""anonymous_code"": ""독수리-9332"", ""post_type"": ""impression"", ""title"": ""폭락장 속 초고수들의 매수... 저평가 구간인가?"", ""like_count"": 0, ""unlike_count"": 0, ""score"": 0}, {""post_id"": 37, ""anonymous_code"": ""황소-6990"", ""post_type"": ""trade_share"", ""title"": ""다시 한 번 무릎에서 사왔습니다. (삼성전자)"", ""like_count"": 0, ""unlike_count"": 0, ""score"": 0}, {""post_id"": 38, ""anonymous_code"": ""펭귄-5408"", ""post_type"": ""trade_share"", ""title"": ""17 만 원대 매수 완료... 떨어질수록 사는 법의 시련"", ""like_count"": 0, ""unlike_count"": 0, ""score"": 0}, {""post_id"": 39, ""anonymous_code"": ""독수리-1692"", ""post_type"": ""trade_share"", ""title"": ""급락장에서의 손절매... 이제야 원칙을 지킨다."", ""like_count"": 0, ""unlike_count"": 0, ""score"": 0}, {""post_id"": 40, ""anonymous_code"": ""독수리-6722"", ""post_type"": ""trade_share"", ""title"": ""검은 수요일의 공포, 초고수들은 사는데 나는 팔았다..."", ""like_count"": 0, ""unlike_count"": 0, ""score"": 0}, {""post_id"": 41, ""anonymous_code"": ""곰-5671"", ""post_type"": ""profit_share"", ""title"": ""손절매로 마무리... 지갑은 비었지만 교훈은 남았습니다."", ""like_count"": 0, ""unlike_count"": 0, ""score"": 0}, {""post_id"": 42, ""anonymous_code"": ""늑대-3694"", ""post_type"": ""analysis"", ""title"": ""5500 붕괴와 초고수들의 매수: 공포 속의 기회"", ""like_count"": 0, ""unlike_count"": 0, ""score"": 0}]"
RN_COMM_ON_20260917,2026-03-04,6,A014,1,5,14,"[29, 30, 31, 32, 33, 34, 35, 36, 37, 38, 39, 40, 41, 42]","[{""post_id"": 29, ""anonymous_code"": ""사자-8925"", ""post_type"": ""trade_share"", ""title"": ""급락장에서 초고수들 따라 17 만 원대 진입..."", ""like_count"": 0, ""unlike_count"": 0, ""score"": 0}, {""post_id"": 30, ""anonymous_code"": ""황소-1620"", ""post_type"": ""trade_share"", ""title"": ""전쟁 공포에 떨어질수록 사는 중 (17.2 만원)"", ""like_count"": 0, ""unlike_count"": 0, ""score"": 0}, {""post_id"": 31, ""anonymous_code"": ""돌고래-2979"", ""post_type"": ""trade_share"", ""title"": ""검은 수요일, 초고수들이 사모는 곳입니다. 오늘도 저점 매수."", ""like_count"": 0, ""unlike_count"": 0, ""score"": 0}, {""post_id"": 32, ""anonymous_code"": ""황소-4770"", ""post_type"": ""trade_share"", ""title"": ""5500 붕괴장, 초고수들 따라 매수했습니다 (삼성전자)"", ""like_count"": 0, ""unlike_count"": 0, ""score"": 0}, {""post_id"": 33, ""anonymous_code"": ""곰-8551"", ""post_type"": ""trade_share"", ""title"": ""전량 매도 완료... 전쟁 공포에 손절 타격"", ""like_count"": 0, ""unlike_count"": 0, ""score"": 0}, {""post_id"": 34, ""anonymous_code"": ""황소-4980"", ""post_type"": ""impression"", ""title"": ""지정학적 리스크 속에서도 AI는 유효하다"", ""like_count"": 0, ""unlike_count"": 0, ""score"": 0}, {""post_id"": 35, ""anonymous_code"": ""여우-1683"", ""post_type"": ""trade_share"", ""title"": ""떨어질수록 사는 원칙, 오늘도 검증 중입니다."", ""like_count"": 0, ""unlike_count"": 0, ""score"": 0}, {""post_id"": 36, ""anonymous_code"": ""독수리-9332"", ""post_type"": ""impression"", ""title"": ""폭락장 속 초고수들의 매수... 저평가 구간인가?"", ""like_count"": 0, ""unlike_count"": 0, ""score"": 0}, {""post_id"": 37, ""anonymous_code"": ""황소-6990"", ""post_type"": ""trade_share"", ""title"": ""다시 한 번 무릎에서 사왔습니다. (삼성전자)"", ""like_count"": 0, ""unlike_count"": 0, ""score"": 0}, {""post_id"": 38, ""anonymous_code"": ""펭귄-5408"", ""post_type"": ""trade_share"", ""title"": ""17 만 원대 매수 완료... 떨어질수록 사는 법의 시련"", ""like_count"": 0, ""unlike_count"": 0, ""score"": 0}, {""post_id"": 39, ""anonymous_code"": ""독수리-1692"", ""post_type"": ""trade_share"", ""title"": ""급락장에서의 손절매... 이제야 원칙을 지킨다."", ""like_count"": 0, ""unlike_count"": 0, ""score"": 0}, {""post_id"": 40, ""anonymous_code"": ""독수리-6722"", ""post_type"": ""trade_share"", ""title"": ""검은 수요일의 공포, 초고수들은 사는데 나는 팔았다..."", ""like_count"": 0, ""unlike_count"": 0, ""score"": 0}, {""post_id"": 41, ""anonymous_code"": ""곰-5671"", ""post_type"": ""profit_share"", ""title"": ""손절매로 마무리... 지갑은 비었지만 교훈은 남았습니다."", ""like_count"": 0, ""unlike_count"": 0, ""score"": 0}, {""post_id"": 42, ""anonymous_code"": ""늑대-3694"", ""post_type"": ""analysis"", ""title"": ""5500 붕괴와 초고수들의 매수: 공포 속의 기회"", ""like_count"": 0, ""unlike_count"": 0, ""score"": 0}]"
RN_COMM_ON_20260917,2026-03-04,6,A015,1,5,14,"[29, 30, 31, 32, 33, 34, 35, 36, 37, 38, 39, 40, 41, 42]","[{""post_id"": 29, ""anonymous_code"": ""사자-8925"", ""post_type"": ""trade_share"", ""title"": ""급락장에서 초고수들 따라 17 만 원대 진입..."", ""like_count"": 0, ""unlike_count"": 0, ""score"": 0}, {""post_id"": 30, ""anonymous_code"": ""황소-1620"", ""post_type"": ""trade_share"", ""title"": ""전쟁 공포에 떨어질수록 사는 중 (17.2 만원)"", ""like_count"": 0, ""unlike_count"": 0, ""score"": 0}, {""post_id"": 31, ""anonymous_code"": ""돌고래-2979"", ""post_type"": ""trade_share"", ""title"": ""검은 수요일, 초고수들이 사모는 곳입니다. 오늘도 저점 매수."", ""like_count"": 0, ""unlike_count"": 0, ""score"": 0}, {""post_id"": 32, ""anonymous_code"": ""황소-4770"", ""post_type"": ""trade_share"", ""title"": ""5500 붕괴장, 초고수들 따라 매수했습니다 (삼성전자)"", ""like_count"": 0, ""unlike_count"": 0, ""score"": 0}, {""post_id"": 33, ""anonymous_code"": ""곰-8551"", ""post_type"": ""trade_share"", ""title"": ""전량 매도 완료... 전쟁 공포에 손절 타격"", ""like_count"": 0, ""unlike_count"": 0, ""score"": 0}, {""post_id"": 34, ""anonymous_code"": ""황소-4980"", ""post_type"": ""impression"", ""title"": ""지정학적 리스크 속에서도 AI는 유효하다"", ""like_count"": 0, ""unlike_count"": 0, ""score"": 0}, {""post_id"": 35, ""anonymous_code"": ""여우-1683"", ""post_type"": ""trade_share"", ""title"": ""떨어질수록 사는 원칙, 오늘도 검증 중입니다."", ""like_count"": 0, ""unlike_count"": 0, ""score"": 0}, {""post_id"": 36, ""anonymous_code"": ""독수리-9332"", ""post_type"": ""impression"", ""title"": ""폭락장 속 초고수들의 매수... 저평가 구간인가?"", ""like_count"": 0, ""unlike_count"": 0, ""score"": 0}, {""post_id"": 37, ""anonymous_code"": ""황소-6990"", ""post_type"": ""trade_share"", ""title"": ""다시 한 번 무릎에서 사왔습니다. (삼성전자)"", ""like_count"": 0, ""unlike_count"": 0, ""score"": 0}, {""post_id"": 38, ""anonymous_code"": ""펭귄-5408"", ""post_type"": ""trade_share"", ""title"": ""17 만 원대 매수 완료... 떨어질수록 사는 법의 시련"", ""like_count"": 0, ""unlike_count"": 0, ""score"": 0}, {""post_id"": 39, ""anonymous_code"": ""독수리-1692"", ""post_type"": ""trade_share"", ""title"": ""급락장에서의 손절매... 이제야 원칙을 지킨다."", ""like_count"": 0, ""unlike_count"": 0, ""score"": 0}, {""post_id"": 40, ""anonymous_code"": ""독수리-6722"", ""post_type"": ""trade_share"", ""title"": ""검은 수요일의 공포, 초고수들은 사는데 나는 팔았다..."", ""like_count"": 0, ""unlike_count"": 0, ""score"": 0}, {""post_id"": 41, ""anonymous_code"": ""곰-5671"", ""post_type"": ""profit_share"", ""title"": ""손절매로 마무리... 지갑은 비었지만 교훈은 남았습니다."", ""like_count"": 0, ""unlike_count"": 0, ""score"": 0}, {""post_id"": 42, ""anonymous_code"": ""늑대-3694"", ""post_type"": ""analysis"", ""title"": ""5500 붕괴와 초고수들의 매수: 공포 속의 기회"", ""like_count"": 0, ""unlike_count"": 0, ""score"": 0}]"
RN_COMM_ON_20260917,2026-03-04,6,A022,2,5,14,"[29, 30, 31, 32, 33, 34, 35, 36, 37, 38, 39, 40, 41, 42]","[{""post_id"": 29, ""anonymous_code"": ""사자-8925"", ""post_type"": ""trade_share"", ""title"": ""급락장에서 초고수들 따라 17 만 원대 진입..."", ""like_count"": 0, ""unlike_count"": 0, ""score"": 0}, {""post_id"": 30, ""anonymous_code"": ""황소-1620"", ""post_type"": ""trade_share"", ""title"": ""전쟁 공포에 떨어질수록 사는 중 (17.2 만원)"", ""like_count"": 0, ""unlike_count"": 0, ""score"": 0}, {""post_id"": 31, ""anonymous_code"": ""돌고래-2979"", ""post_type"": ""trade_share"", ""title"": ""검은 수요일, 초고수들이 사모는 곳입니다. 오늘도 저점 매수."", ""like_count"": 0, ""unlike_count"": 0, ""score"": 0}, {""post_id"": 32, ""anonymous_code"": ""황소-4770"", ""post_type"": ""trade_share"", ""title"": ""5500 붕괴장, 초고수들 따라 매수했습니다 (삼성전자)"", ""like_count"": 0, ""unlike_count"": 0, ""score"": 0}, {""post_id"": 33, ""anonymous_code"": ""곰-8551"", ""post_type"": ""trade_share"", ""title"": ""전량 매도 완료... 전쟁 공포에 손절 타격"", ""like_count"": 0, ""unlike_count"": 0, ""score"": 0}, {""post_id"": 34, ""anonymous_code"": ""황소-4980"", ""post_type"": ""impression"", ""title"": ""지정학적 리스크 속에서도 AI는 유효하다"", ""like_count"": 0, ""unlike_count"": 0, ""score"": 0}, {""post_id"": 35, ""anonymous_code"": ""여우-1683"", ""post_type"": ""trade_share"", ""title"": ""떨어질수록 사는 원칙, 오늘도 검증 중입니다."", ""like_count"": 0, ""unlike_count"": 0, ""score"": 0}, {""post_id"": 36, ""anonymous_code"": ""독수리-9332"", ""post_type"": ""impression"", ""title"": ""폭락장 속 초고수들의 매수... 저평가 구간인가?"", ""like_count"": 0, ""unlike_count"": 0, ""score"": 0}, {""post_id"": 37, ""anonymous_code"": ""황소-6990"", ""post_type"": ""trade_share"", ""title"": ""다시 한 번 무릎에서 사왔습니다. (삼성전자)"", ""like_count"": 0, ""unlike_count"": 0, ""score"": 0}, {""post_id"": 38, ""anonymous_code"": ""펭귄-5408"", ""post_type"": ""trade_share"", ""title"": ""17 만 원대 매수 완료... 떨어질수록 사는 법의 시련"", ""like_count"": 0, ""unlike_count"": 0, ""score"": 0}, {""post_id"": 39, ""anonymous_code"": ""독수리-1692"", ""post_type"": ""trade_share"", ""title"": ""급락장에서의 손절매... 이제야 원칙을 지킨다."", ""like_count"": 0, ""unlike_count"": 0, ""score"": 0}, {""post_id"": 40, ""anonymous_code"": ""독수리-6722"", ""post_type"": ""trade_share"", ""title"": ""검은 수요일의 공포, 초고수들은 사는데 나는 팔았다..."", ""like_count"": 0, ""unlike_count"": 0, ""score"": 0}, {""post_id"": 41, ""anonymous_code"": ""곰-5671"", ""post_type"": ""profit_share"", ""title"": ""손절매로 마무리... 지갑은 비었지만 교훈은 남았습니다."", ""like_count"": 0, ""unlike_count"": 0, ""score"": 0}, {""post_id"": 42, ""anonymous_code"": ""늑대-3694"", ""post_type"": ""analysis"", ""title"": ""5500 붕괴와 초고수들의 매수: 공포 속의 기회"", ""like_count"": 0, ""unlike_count"": 0, ""score"": 0}]"
RN_COMM_ON_20260917,2026-03-04,6,A019,1,5,14,"[29, 30, 31, 32, 33, 34, 35, 36, 37, 38, 39, 40, 41, 42]","[{""post_id"": 29, ""anonymous_code"": ""사자-8925"", ""post_type"": ""trade_share"", ""title"": ""급락장에서 초고수들 따라 17 만 원대 진입..."", ""like_count"": 0, ""unlike_count"": 0, ""score"": 0}, {""post_id"": 30, ""anonymous_code"": ""황소-1620"", ""post_type"": ""trade_share"", ""title"": ""전쟁 공포에 떨어질수록 사는 중 (17.2 만원)"", ""like_count"": 0, ""unlike_count"": 0, ""score"": 0}, {""post_id"": 31, ""anonymous_code"": ""돌고래-2979"", ""post_type"": ""trade_share"", ""title"": ""검은 수요일, 초고수들이 사모는 곳입니다. 오늘도 저점 매수."", ""like_count"": 0, ""unlike_count"": 0, ""score"": 0}, {""post_id"": 32, ""anonymous_code"": ""황소-4770"", ""post_type"": ""trade_share"", ""title"": ""5500 붕괴장, 초고수들 따라 매수했습니다 (삼성전자)"", ""like_count"": 0, ""unlike_count"": 0, ""score"": 0}, {""post_id"": 33, ""anonymous_code"": ""곰-8551"", ""post_type"": ""trade_share"", ""title"": ""전량 매도 완료... 전쟁 공포에 손절 타격"", ""like_count"": 0, ""unlike_count"": 0, ""score"": 0}, {""post_id"": 34, ""anonymous_code"": ""황소-4980"", ""post_type"": ""impression"", ""title"": ""지정학적 리스크 속에서도 AI는 유효하다"", ""like_count"": 0, ""unlike_count"": 0, ""score"": 0}, {""post_id"": 35, ""anonymous_code"": ""여우-1683"", ""post_type"": ""trade_share"", ""title"": ""떨어질수록 사는 원칙, 오늘도 검증 중입니다."", ""like_count"": 0, ""unlike_count"": 0, ""score"": 0}, {""post_id"": 36, ""anonymous_code"": ""독수리-9332"", ""post_type"": ""impression"", ""title"": ""폭락장 속 초고수들의 매수... 저평가 구간인가?"", ""like_count"": 0, ""unlike_count"": 0, ""score"": 0}, {""post_id"": 37, ""anonymous_code"": ""황소-6990"", ""post_type"": ""trade_share"", ""title"": ""다시 한 번 무릎에서 사왔습니다. (삼성전자)"", ""like_count"": 0, ""unlike_count"": 0, ""score"": 0}, {""post_id"": 38, ""anonymous_code"": ""펭귄-5408"", ""post_type"": ""trade_share"", ""title"": ""17 만 원대 매수 완료... 떨어질수록 사는 법의 시련"", ""like_count"": 0, ""unlike_count"": 0, ""score"": 0}, {""post_id"": 39, ""anonymous_code"": ""독수리-1692"", ""post_type"": ""trade_share"", ""title"": ""급락장에서의 손절매... 이제야 원칙을 지킨다."", ""like_count"": 0, ""unlike_count"": 0, ""score"": 0}, {""post_id"": 40, ""anonymous_code"": ""독수리-6722"", ""post_type"": ""trade_share"", ""title"": ""검은 수요일의 공포, 초고수들은 사는데 나는 팔았다..."", ""like_count"": 0, ""unlike_count"": 0, ""score"": 0}, {""post_id"": 41, ""anonymous_code"": ""곰-5671"", ""post_type"": ""profit_share"", ""title"": ""손절매로 마무리... 지갑은 비었지만 교훈은 남았습니다."", ""like_count"": 0, ""unlike_count"": 0, ""score"": 0}, {""post_id"": 42, ""anonymous_code"": ""늑대-3694"", ""post_type"": ""analysis"", ""title"": ""5500 붕괴와 초고수들의 매수: 공포 속의 기회"", ""like_count"": 0, ""unlike_count"": 0, ""score"": 0}]"
RN_COMM_ON_20260917,2026-03-04,6,A020,1,5,14,"[29, 30, 31, 32, 33, 34, 35, 36, 37, 38, 39, 40, 41, 42]","[{""post_id"": 29, ""anonymous_code"": ""사자-8925"", ""post_type"": ""trade_share"", ""title"": ""급락장에서 초고수들 따라 17 만 원대 진입..."", ""like_count"": 0, ""unlike_count"": 0, ""score"": 0}, {""post_id"": 30, ""anonymous_code"": ""황소-1620"", ""post_type"": ""trade_share"", ""title"": ""전쟁 공포에 떨어질수록 사는 중 (17.2 만원)"", ""like_count"": 0, ""unlike_count"": 0, ""score"": 0}, {""post_id"": 31, ""anonymous_code"": ""돌고래-2979"", ""post_type"": ""trade_share"", ""title"": ""검은 수요일, 초고수들이 사모는 곳입니다. 오늘도 저점 매수."", ""like_count"": 0, ""unlike_count"": 0, ""score"": 0}, {""post_id"": 32, ""anonymous_code"": ""황소-4770"", ""post_type"": ""trade_share"", ""title"": ""5500 붕괴장, 초고수들 따라 매수했습니다 (삼성전자)"", ""like_count"": 0, ""unlike_count"": 0, ""score"": 0}, {""post_id"": 33, ""anonymous_code"": ""곰-8551"", ""post_type"": ""trade_share"", ""title"": ""전량 매도 완료... 전쟁 공포에 손절 타격"", ""like_count"": 0, ""unlike_count"": 0, ""score"": 0}, {""post_id"": 34, ""anonymous_code"": ""황소-4980"", ""post_type"": ""impression"", ""title"": ""지정학적 리스크 속에서도 AI는 유효하다"", ""like_count"": 0, ""unlike_count"": 0, ""score"": 0}, {""post_id"": 35, ""anonymous_code"": ""여우-1683"", ""post_type"": ""trade_share"", ""title"": ""떨어질수록 사는 원칙, 오늘도 검증 중입니다."", ""like_count"": 0, ""unlike_count"": 0, ""score"": 0}, {""post_id"": 36, ""anonymous_code"": ""독수리-9332"", ""post_type"": ""impression"", ""title"": ""폭락장 속 초고수들의 매수... 저평가 구간인가?"", ""like_count"": 0, ""unlike_count"": 0, ""score"": 0}, {""post_id"": 37, ""anonymous_code"": ""황소-6990"", ""post_type"": ""trade_share"", ""title"": ""다시 한 번 무릎에서 사왔습니다. (삼성전자)"", ""like_count"": 0, ""unlike_count"": 0, ""score"": 0}, {""post_id"": 38, ""anonymous_code"": ""펭귄-5408"", ""post_type"": ""trade_share"", ""title"": ""17 만 원대 매수 완료... 떨어질수록 사는 법의 시련"", ""like_count"": 0, ""unlike_count"": 0, ""score"": 0}, {""post_id"": 39, ""anonymous_code"": ""독수리-1692"", ""post_type"": ""trade_share"", ""title"": ""급락장에서의 손절매... 이제야 원칙을 지킨다."", ""like_count"": 0, ""unlike_count"": 0, ""score"": 0}, {""post_id"": 40, ""anonymous_code"": ""독수리-6722"", ""post_type"": ""trade_share"", ""title"": ""검은 수요일의 공포, 초고수들은 사는데 나는 팔았다..."", ""like_count"": 0, ""unlike_count"": 0, ""score"": 0}, {""post_id"": 41, ""anonymous_code"": ""곰-5671"", ""post_type"": ""profit_share"", ""title"": ""손절매로 마무리... 지갑은 비었지만 교훈은 남았습니다."", ""like_count"": 0, ""unlike_count"": 0, ""score"": 0}, {""post_id"": 42, ""anonymous_code"": ""늑대-3694"", ""post_type"": ""analysis"", ""title"": ""5500 붕괴와 초고수들의 매수: 공포 속의 기회"", ""like_count"": 0, ""unlike_count"": 0, ""score"": 0}]"
RN_COMM_ON_20260917,2026-03-04,6,A025,1,5,14,"[29, 30, 31, 32, 33, 34, 35, 36, 37, 38, 39, 40, 41, 42]","[{""post_id"": 29, ""anonymous_code"": ""사자-8925"", ""post_type"": ""trade_share"", ""title"": ""급락장에서 초고수들 따라 17 만 원대 진입..."", ""like_count"": 0, ""unlike_count"": 0, ""score"": 0}, {""post_id"": 30, ""anonymous_code"": ""황소-1620"", ""post_type"": ""trade_share"", ""title"": ""전쟁 공포에 떨어질수록 사는 중 (17.2 만원)"", ""like_count"": 0, ""unlike_count"": 0, ""score"": 0}, {""post_id"": 31, ""anonymous_code"": ""돌고래-2979"", ""post_type"": ""trade_share"", ""title"": ""검은 수요일, 초고수들이 사모는 곳입니다. 오늘도 저점 매수."", ""like_count"": 0, ""unlike_count"": 0, ""score"": 0}, {""post_id"": 32, ""anonymous_code"": ""황소-4770"", ""post_type"": ""trade_share"", ""title"": ""5500 붕괴장, 초고수들 따라 매수했습니다 (삼성전자)"", ""like_count"": 0, ""unlike_count"": 0, ""score"": 0}, {""post_id"": 33, ""anonymous_code"": ""곰-8551"", ""post_type"": ""trade_share"", ""title"": ""전량 매도 완료... 전쟁 공포에 손절 타격"", ""like_count"": 0, ""unlike_count"": 0, ""score"": 0}, {""post_id"": 34, ""anonymous_code"": ""황소-4980"", ""post_type"": ""impression"", ""title"": ""지정학적 리스크 속에서도 AI는 유효하다"", ""like_count"": 0, ""unlike_count"": 0, ""score"": 0}, {""post_id"": 35, ""anonymous_code"": ""여우-1683"", ""post_type"": ""trade_share"", ""title"": ""떨어질수록 사는 원칙, 오늘도 검증 중입니다."", ""like_count"": 0, ""unlike_count"": 0, ""score"": 0}, {""post_id"": 36, ""anonymous_code"": ""독수리-9332"", ""post_type"": ""impression"", ""title"": ""폭락장 속 초고수들의 매수... 저평가 구간인가?"", ""like_count"": 0, ""unlike_count"": 0, ""score"": 0}, {""post_id"": 37, ""anonymous_code"": ""황소-6990"", ""post_type"": ""trade_share"", ""title"": ""다시 한 번 무릎에서 사왔습니다. (삼성전자)"", ""like_count"": 0, ""unlike_count"": 0, ""score"": 0}, {""post_id"": 38, ""anonymous_code"": ""펭귄-5408"", ""post_type"": ""trade_share"", ""title"": ""17 만 원대 매수 완료... 떨어질수록 사는 법의 시련"", ""like_count"": 0, ""unlike_count"": 0, ""score"": 0}, {""post_id"": 39, ""anonymous_code"": ""독수리-1692"", ""post_type"": ""trade_share"", ""title"": ""급락장에서의 손절매... 이제야 원칙을 지킨다."", ""like_count"": 0, ""unlike_count"": 0, ""score"": 0}, {""post_id"": 40, ""anonymous_code"": ""독수리-6722"", ""post_type"": ""trade_share"", ""title"": ""검은 수요일의 공포, 초고수들은 사는데 나는 팔았다..."", ""like_count"": 0, ""unlike_count"": 0, ""score"": 0}, {""post_id"": 41, ""anonymous_code"": ""곰-5671"", ""post_type"": ""profit_share"", ""title"": ""손절매로 마무리... 지갑은 비었지만 교훈은 남았습니다."", ""like_count"": 0, ""unlike_count"": 0, ""score"": 0}, {""post_id"": 42, ""anonymous_code"": ""늑대-3694"", ""post_type"": ""analysis"", ""title"": ""5500 붕괴와 초고수들의 매수: 공포 속의 기회"", ""like_count"": 0, ""unlike_count"": 0, ""score"": 0}]"
RN_COMM_ON_20260917,2026-03-04,6,A023,2,5,13,"[29, 31, 32, 33, 34, 35, 36, 37, 38, 39, 40, 41, 42]","[{""post_id"": 29, ""anonymous_code"": ""사자-8925"", ""post_type"": ""trade_share"", ""title"": ""급락장에서 초고수들 따라 17 만 원대 진입..."", ""like_count"": 0, ""unlike_count"": 0, ""score"": 0}, {""post_id"": 31, ""anonymous_code"": ""돌고래-2979"", ""post_type"": ""trade_share"", ""title"": ""검은 수요일, 초고수들이 사모는 곳입니다. 오늘도 저점 매수."", ""like_count"": 0, ""unlike_count"": 0, ""score"": 0}, {""post_id"": 32, ""anonymous_code"": ""황소-4770"", ""post_type"": ""trade_share"", ""title"": ""5500 붕괴장, 초고수들 따라 매수했습니다 (삼성전자)"", ""like_count"": 0, ""unlike_count"": 0, ""score"": 0}, {""post_id"": 33, ""anonymous_code"": ""곰-8551"", ""post_type"": ""trade_share"", ""title"": ""전량 매도 완료... 전쟁 공포에 손절 타격"", ""like_count"": 0, ""unlike_count"": 0, ""score"": 0}, {""post_id"": 34, ""anonymous_code"": ""황소-4980"", ""post_type"": ""impression"", ""title"": ""지정학적 리스크 속에서도 AI는 유효하다"", ""like_count"": 0, ""unlike_count"": 0, ""score"": 0}, {""post_id"": 35, ""anonymous_code"": ""여우-1683"", ""post_type"": ""trade_share"", ""title"": ""떨어질수록 사는 원칙, 오늘도 검증 중입니다."", ""like_count"": 0, ""unlike_count"": 0, ""score"": 0}, {""post_id"": 36, ""anonymous_code"": ""독수리-9332"", ""post_type"": ""impression"", ""title"": ""폭락장 속 초고수들의 매수... 저평가 구간인가?"", ""like_count"": 0, ""unlike_count"": 0, ""score"": 0}, {""post_id"": 37, ""anonymous_code"": ""황소-6990"", ""post_type"": ""trade_share"", ""title"": ""다시 한 번 무릎에서 사왔습니다. (삼성전자)"", ""like_count"": 0, ""unlike_count"": 0, ""score"": 0}, {""post_id"": 38, ""anonymous_code"": ""펭귄-5408"", ""post_type"": ""trade_share"", ""title"": ""17 만 원대 매수 완료... 떨어질수록 사는 법의 시련"", ""like_count"": 0, ""unlike_count"": 0, ""score"": 0}, {""post_id"": 39, ""anonymous_code"": ""독수리-1692"", ""post_type"": ""trade_share"", ""title"": ""급락장에서의 손절매... 이제야 원칙을 지킨다."", ""like_count"": 0, ""unlike_count"": 0, ""score"": 0}, {""post_id"": 40, ""anonymous_code"": ""독수리-6722"", ""post_type"": ""trade_share"", ""title"": ""검은 수요일의 공포, 초고수들은 사는데 나는 팔았다..."", ""like_count"": 0, ""unlike_count"": 0, ""score"": 0}, {""post_id"": 41, ""anonymous_code"": ""곰-5671"", ""post_type"": ""profit_share"", ""title"": ""손절매로 마무리... 지갑은 비었지만 교훈은 남았습니다."", ""like_count"": 0, ""unlike_count"": 0, ""score"": 0}, {""post_id"": 42, ""anonymous_code"": ""늑대-3694"", ""post_type"": ""analysis"", ""title"": ""5500 붕괴와 초고수들의 매수: 공포 속의 기회"", ""like_count"": 0, ""unlike_count"": 0, ""score"": 0}]"
RN_COMM_ON_20260917,2026-03-04,6,A026,1,5,14,"[29, 30, 31, 32, 33, 34, 35, 36, 37, 38, 39, 40, 41, 42]","[{""post_id"": 29, ""anonymous_code"": ""사자-8925"", ""post_type"": ""trade_share"", ""title"": ""급락장에서 초고수들 따라 17 만 원대 진입..."", ""like_count"": 0, ""unlike_count"": 0, ""score"": 0}, {""post_id"": 30, ""anonymous_code"": ""황소-1620"", ""post_type"": ""trade_share"", ""title"": ""전쟁 공포에 떨어질수록 사는 중 (17.2 만원)"", ""like_count"": 0, ""unlike_count"": 0, ""score"": 0}, {""post_id"": 31, ""anonymous_code"": ""돌고래-2979"", ""post_type"": ""trade_share"", ""title"": ""검은 수요일, 초고수들이 사모는 곳입니다. 오늘도 저점 매수."", ""like_count"": 0, ""unlike_count"": 0, ""score"": 0}, {""post_id"": 32, ""anonymous_code"": ""황소-4770"", ""post_type"": ""trade_share"", ""title"": ""5500 붕괴장, 초고수들 따라 매수했습니다 (삼성전자)"", ""like_count"": 0, ""unlike_count"": 0, ""score"": 0}, {""post_id"": 33, ""anonymous_code"": ""곰-8551"", ""post_type"": ""trade_share"", ""title"": ""전량 매도 완료... 전쟁 공포에 손절 타격"", ""like_count"": 0, ""unlike_count"": 0, ""score"": 0}, {""post_id"": 34, ""anonymous_code"": ""황소-4980"", ""post_type"": ""impression"", ""title"": ""지정학적 리스크 속에서도 AI는 유효하다"", ""like_count"": 0, ""unlike_count"": 0, ""score"": 0}, {""post_id"": 35, ""anonymous_code"": ""여우-1683"", ""post_type"": ""trade_share"", ""title"": ""떨어질수록 사는 원칙, 오늘도 검증 중입니다."", ""like_count"": 0, ""unlike_count"": 0, ""score"": 0}, {""post_id"": 36, ""anonymous_code"": ""독수리-9332"", ""post_type"": ""impression"", ""title"": ""폭락장 속 초고수들의 매수... 저평가 구간인가?"", ""like_count"": 0, ""unlike_count"": 0, ""score"": 0}, {""post_id"": 37, ""anonymous_code"": ""황소-6990"", ""post_type"": ""trade_share"", ""title"": ""다시 한 번 무릎에서 사왔습니다. (삼성전자)"", ""like_count"": 0, ""unlike_count"": 0, ""score"": 0}, {""post_id"": 38, ""anonymous_code"": ""펭귄-5408"", ""post_type"": ""trade_share"", ""title"": ""17 만 원대 매수 완료... 떨어질수록 사는 법의 시련"", ""like_count"": 0, ""unlike_count"": 0, ""score"": 0}, {""post_id"": 39, ""anonymous_code"": ""독수리-1692"", ""post_type"": ""trade_share"", ""title"": ""급락장에서의 손절매... 이제야 원칙을 지킨다."", ""like_count"": 0, ""unlike_count"": 0, ""score"": 0}, {""post_id"": 40, ""anonymous_code"": ""독수리-6722"", ""post_type"": ""trade_share"", ""title"": ""검은 수요일의 공포, 초고수들은 사는데 나는 팔았다..."", ""like_count"": 0, ""unlike_count"": 0, ""score"": 0}, {""post_id"": 41, ""anonymous_code"": ""곰-5671"", ""post_type"": ""profit_share"", ""title"": ""손절매로 마무리... 지갑은 비었지만 교훈은 남았습니다."", ""like_count"": 0, ""unlike_count"": 0, ""score"": 0}, {""post_id"": 42, ""anonymous_code"": ""늑대-3694"", ""post_type"": ""analysis"", ""title"": ""5500 붕괴와 초고수들의 매수: 공포 속의 기회"", ""like_count"": 0, ""unlike_count"": 0, ""score"": 0}]"
RN_COMM_ON_20260917,2026-03-04,6,A027,2,5,14,"[29, 30, 31, 32, 33, 34, 35, 36, 37, 38, 39, 40, 41, 42]","[{""post_id"": 29, ""anonymous_code"": ""사자-8925"", ""post_type"": ""trade_share"", ""title"": ""급락장에서 초고수들 따라 17 만 원대 진입..."", ""like_count"": 0, ""unlike_count"": 0, ""score"": 0}, {""post_id"": 30, ""anonymous_code"": ""황소-1620"", ""post_type"": ""trade_share"", ""title"": ""전쟁 공포에 떨어질수록 사는 중 (17.2 만원)"", ""like_count"": 0, ""unlike_count"": 0, ""score"": 0}, {""post_id"": 31, ""anonymous_code"": ""돌고래-2979"", ""post_type"": ""trade_share"", ""title"": ""검은 수요일, 초고수들이 사모는 곳입니다. 오늘도 저점 매수."", ""like_count"": 0, ""unlike_count"": 0, ""score"": 0}, {""post_id"": 32, ""anonymous_code"": ""황소-4770"", ""post_type"": ""trade_share"", ""title"": ""5500 붕괴장, 초고수들 따라 매수했습니다 (삼성전자)"", ""like_count"": 0, ""unlike_count"": 0, ""score"": 0}, {""post_id"": 33, ""anonymous_code"": ""곰-8551"", ""post_type"": ""trade_share"", ""title"": ""전량 매도 완료... 전쟁 공포에 손절 타격"", ""like_count"": 0, ""unlike_count"": 0, ""score"": 0}, {""post_id"": 34, ""anonymous_code"": ""황소-4980"", ""post_type"": ""impression"", ""title"": ""지정학적 리스크 속에서도 AI는 유효하다"", ""like_count"": 0, ""unlike_count"": 0, ""score"": 0}, {""post_id"": 35, ""anonymous_code"": ""여우-1683"", ""post_type"": ""trade_share"", ""title"": ""떨어질수록 사는 원칙, 오늘도 검증 중입니다."", ""like_count"": 0, ""unlike_count"": 0, ""score"": 0}, {""post_id"": 36, ""anonymous_code"": ""독수리-9332"", ""post_type"": ""impression"", ""title"": ""폭락장 속 초고수들의 매수... 저평가 구간인가?"", ""like_count"": 0, ""unlike_count"": 0, ""score"": 0}, {""post_id"": 37, ""anonymous_code"": ""황소-6990"", ""post_type"": ""trade_share"", ""title"": ""다시 한 번 무릎에서 사왔습니다. (삼성전자)"", ""like_count"": 0, ""unlike_count"": 0, ""score"": 0}, {""post_id"": 38, ""anonymous_code"": ""펭귄-5408"", ""post_type"": ""trade_share"", ""title"": ""17 만 원대 매수 완료... 떨어질수록 사는 법의 시련"", ""like_count"": 0, ""unlike_count"": 0, ""score"": 0}, {""post_id"": 39, ""anonymous_code"": ""독수리-1692"", ""post_type"": ""trade_share"", ""title"": ""급락장에서의 손절매... 이제야 원칙을 지킨다."", ""like_count"": 0, ""unlike_count"": 0, ""score"": 0}, {""post_id"": 40, ""anonymous_code"": ""독수리-6722"", ""post_type"": ""trade_share"", ""title"": ""검은 수요일의 공포, 초고수들은 사는데 나는 팔았다..."", ""like_count"": 0, ""unlike_count"": 0, ""score"": 0}, {""post_id"": 41, ""anonymous_code"": ""곰-5671"", ""post_type"": ""profit_share"", ""title"": ""손절매로 마무리... 지갑은 비었지만 교훈은 남았습니다."", ""like_count"": 0, ""unlike_count"": 0, ""score"": 0}, {""post_id"": 42, ""anonymous_code"": ""늑대-3694"", ""post_type"": ""analysis"", ""title"": ""5500 붕괴와 초고수들의 매수: 공포 속의 기회"", ""like_count"": 0, ""unlike_count"": 0, ""score"": 0}]"
RN_COMM_ON_20260917,2026-03-04,6,A028,1,5,14,"[29, 30, 31, 32, 33, 34, 35, 36, 37, 38, 39, 40, 41, 42]","[{""post_id"": 29, ""anonymous_code"": ""사자-8925"", ""post_type"": ""trade_share"", ""title"": ""급락장에서 초고수들 따라 17 만 원대 진입..."", ""like_count"": 0, ""unlike_count"": 0, ""score"": 0}, {""post_id"": 30, ""anonymous_code"": ""황소-1620"", ""post_type"": ""trade_share"", ""title"": ""전쟁 공포에 떨어질수록 사는 중 (17.2 만원)"", ""like_count"": 0, ""unlike_count"": 0, ""score"": 0}, {""post_id"": 31, ""anonymous_code"": ""돌고래-2979"", ""post_type"": ""trade_share"", ""title"": ""검은 수요일, 초고수들이 사모는 곳입니다. 오늘도 저점 매수."", ""like_count"": 0, ""unlike_count"": 0, ""score"": 0}, {""post_id"": 32, ""anonymous_code"": ""황소-4770"", ""post_type"": ""trade_share"", ""title"": ""5500 붕괴장, 초고수들 따라 매수했습니다 (삼성전자)"", ""like_count"": 0, ""unlike_count"": 0, ""score"": 0}, {""post_id"": 33, ""anonymous_code"": ""곰-8551"", ""post_type"": ""trade_share"", ""title"": ""전량 매도 완료... 전쟁 공포에 손절 타격"", ""like_count"": 0, ""unlike_count"": 0, ""score"": 0}, {""post_id"": 34, ""anonymous_code"": ""황소-4980"", ""post_type"": ""impression"", ""title"": ""지정학적 리스크 속에서도 AI는 유효하다"", ""like_count"": 0, ""unlike_count"": 0, ""score"": 0}, {""post_id"": 35, ""anonymous_code"": ""여우-1683"", ""post_type"": ""trade_share"", ""title"": ""떨어질수록 사는 원칙, 오늘도 검증 중입니다."", ""like_count"": 0, ""unlike_count"": 0, ""score"": 0}, {""post_id"": 36, ""anonymous_code"": ""독수리-9332"", ""post_type"": ""impression"", ""title"": ""폭락장 속 초고수들의 매수... 저평가 구간인가?"", ""like_count"": 0, ""unlike_count"": 0, ""score"": 0}, {""post_id"": 37, ""anonymous_code"": ""황소-6990"", ""post_type"": ""trade_share"", ""title"": ""다시 한 번 무릎에서 사왔습니다. (삼성전자)"", ""like_count"": 0, ""unlike_count"": 0, ""score"": 0}, {""post_id"": 38, ""anonymous_code"": ""펭귄-5408"", ""post_type"": ""trade_share"", ""title"": ""17 만 원대 매수 완료... 떨어질수록 사는 법의 시련"", ""like_count"": 0, ""unlike_count"": 0, ""score"": 0}, {""post_id"": 39, ""anonymous_code"": ""독수리-1692"", ""post_type"": ""trade_share"", ""title"": ""급락장에서의 손절매... 이제야 원칙을 지킨다."", ""like_count"": 0, ""unlike_count"": 0, ""score"": 0}, {""post_id"": 40, ""anonymous_code"": ""독수리-6722"", ""post_type"": ""trade_share"", ""title"": ""검은 수요일의 공포, 초고수들은 사는데 나는 팔았다..."", ""like_count"": 0, ""unlike_count"": 0, ""score"": 0}, {""post_id"": 41, ""anonymous_code"": ""곰-5671"", ""post_type"": ""profit_share"", ""title"": ""손절매로 마무리... 지갑은 비었지만 교훈은 남았습니다."", ""like_count"": 0, ""unlike_count"": 0, ""score"": 0}, {""post_id"": 42, ""anonymous_code"": ""늑대-3694"", ""post_type"": ""analysis"", ""title"": ""5500 붕괴와 초고수들의 매수: 공포 속의 기회"", ""like_count"": 0, ""unlike_count"": 0, ""score"": 0}]"
RN_COMM_ON_20260917,2026-03-04,6,A029,1,5,14,"[29, 30, 31, 32, 33, 34, 35, 36, 37, 38, 39, 40, 41, 42]","[{""post_id"": 29, ""anonymous_code"": ""사자-8925"", ""post_type"": ""trade_share"", ""title"": ""급락장에서 초고수들 따라 17 만 원대 진입..."", ""like_count"": 0, ""unlike_count"": 0, ""score"": 0}, {""post_id"": 30, ""anonymous_code"": ""황소-1620"", ""post_type"": ""trade_share"", ""title"": ""전쟁 공포에 떨어질수록 사는 중 (17.2 만원)"", ""like_count"": 0, ""unlike_count"": 0, ""score"": 0}, {""post_id"": 31, ""anonymous_code"": ""돌고래-2979"", ""post_type"": ""trade_share"", ""title"": ""검은 수요일, 초고수들이 사모는 곳입니다. 오늘도 저점 매수."", ""like_count"": 0, ""unlike_count"": 0, ""score"": 0}, {""post_id"": 32, ""anonymous_code"": ""황소-4770"", ""post_type"": ""trade_share"", ""title"": ""5500 붕괴장, 초고수들 따라 매수했습니다 (삼성전자)"", ""like_count"": 0, ""unlike_count"": 0, ""score"": 0}, {""post_id"": 33, ""anonymous_code"": ""곰-8551"", ""post_type"": ""trade_share"", ""title"": ""전량 매도 완료... 전쟁 공포에 손절 타격"", ""like_count"": 0, ""unlike_count"": 0, ""score"": 0}, {""post_id"": 34, ""anonymous_code"": ""황소-4980"", ""post_type"": ""impression"", ""title"": ""지정학적 리스크 속에서도 AI는 유효하다"", ""like_count"": 0, ""unlike_count"": 0, ""score"": 0}, {""post_id"": 35, ""anonymous_code"": ""여우-1683"", ""post_type"": ""trade_share"", ""title"": ""떨어질수록 사는 원칙, 오늘도 검증 중입니다."", ""like_count"": 0, ""unlike_count"": 0, ""score"": 0}, {""post_id"": 36, ""anonymous_code"": ""독수리-9332"", ""post_type"": ""impression"", ""title"": ""폭락장 속 초고수들의 매수... 저평가 구간인가?"", ""like_count"": 0, ""unlike_count"": 0, ""score"": 0}, {""post_id"": 37, ""anonymous_code"": ""황소-6990"", ""post_type"": ""trade_share"", ""title"": ""다시 한 번 무릎에서 사왔습니다. (삼성전자)"", ""like_count"": 0, ""unlike_count"": 0, ""score"": 0}, {""post_id"": 38, ""anonymous_code"": ""펭귄-5408"", ""post_type"": ""trade_share"", ""title"": ""17 만 원대 매수 완료... 떨어질수록 사는 법의 시련"", ""like_count"": 0, ""unlike_count"": 0, ""score"": 0}, {""post_id"": 39, ""anonymous_code"": ""독수리-1692"", ""post_type"": ""trade_share"", ""title"": ""급락장에서의 손절매... 이제야 원칙을 지킨다."", ""like_count"": 0, ""unlike_count"": 0, ""score"": 0}, {""post_id"": 40, ""anonymous_code"": ""독수리-6722"", ""post_type"": ""trade_share"", ""title"": ""검은 수요일의 공포, 초고수들은 사는데 나는 팔았다..."", ""like_count"": 0, ""unlike_count"": 0, ""score"": 0}, {""post_id"": 41, ""anonymous_code"": ""곰-5671"", ""post_type"": ""profit_share"", ""title"": ""손절매로 마무리... 지갑은 비었지만 교훈은 남았습니다."", ""like_count"": 0, ""unlike_count"": 0, ""score"": 0}, {""post_id"": 42, ""anonymous_code"": ""늑대-3694"", ""post_type"": ""analysis"", ""title"": ""5500 붕괴와 초고수들의 매수: 공포 속의 기회"", ""like_count"": 0, ""unlike_count"": 0, ""score"": 0}]"
RN_COMM_ON_20260917,2026-03-04,6,A035,1,5,14,"[29, 30, 31, 32, 33, 34, 35, 36, 37, 38, 39, 40, 41, 42]","[{""post_id"": 29, ""anonymous_code"": ""사자-8925"", ""post_type"": ""trade_share"", ""title"": ""급락장에서 초고수들 따라 17 만 원대 진입..."", ""like_count"": 0, ""unlike_count"": 0, ""score"": 0}, {""post_id"": 30, ""anonymous_code"": ""황소-1620"", ""post_type"": ""trade_share"", ""title"": ""전쟁 공포에 떨어질수록 사는 중 (17.2 만원)"", ""like_count"": 0, ""unlike_count"": 0, ""score"": 0}, {""post_id"": 31, ""anonymous_code"": ""돌고래-2979"", ""post_type"": ""trade_share"", ""title"": ""검은 수요일, 초고수들이 사모는 곳입니다. 오늘도 저점 매수."", ""like_count"": 0, ""unlike_count"": 0, ""score"": 0}, {""post_id"": 32, ""anonymous_code"": ""황소-4770"", ""post_type"": ""trade_share"", ""title"": ""5500 붕괴장, 초고수들 따라 매수했습니다 (삼성전자)"", ""like_count"": 0, ""unlike_count"": 0, ""score"": 0}, {""post_id"": 33, ""anonymous_code"": ""곰-8551"", ""post_type"": ""trade_share"", ""title"": ""전량 매도 완료... 전쟁 공포에 손절 타격"", ""like_count"": 0, ""unlike_count"": 0, ""score"": 0}, {""post_id"": 34, ""anonymous_code"": ""황소-4980"", ""post_type"": ""impression"", ""title"": ""지정학적 리스크 속에서도 AI는 유효하다"", ""like_count"": 0, ""unlike_count"": 0, ""score"": 0}, {""post_id"": 35, ""anonymous_code"": ""여우-1683"", ""post_type"": ""trade_share"", ""title"": ""떨어질수록 사는 원칙, 오늘도 검증 중입니다."", ""like_count"": 0, ""unlike_count"": 0, ""score"": 0}, {""post_id"": 36, ""anonymous_code"": ""독수리-9332"", ""post_type"": ""impression"", ""title"": ""폭락장 속 초고수들의 매수... 저평가 구간인가?"", ""like_count"": 0, ""unlike_count"": 0, ""score"": 0}, {""post_id"": 37, ""anonymous_code"": ""황소-6990"", ""post_type"": ""trade_share"", ""title"": ""다시 한 번 무릎에서 사왔습니다. (삼성전자)"", ""like_count"": 0, ""unlike_count"": 0, ""score"": 0}, {""post_id"": 38, ""anonymous_code"": ""펭귄-5408"", ""post_type"": ""trade_share"", ""title"": ""17 만 원대 매수 완료... 떨어질수록 사는 법의 시련"", ""like_count"": 0, ""unlike_count"": 0, ""score"": 0}, {""post_id"": 39, ""anonymous_code"": ""독수리-1692"", ""post_type"": ""trade_share"", ""title"": ""급락장에서의 손절매... 이제야 원칙을 지킨다."", ""like_count"": 0, ""unlike_count"": 0, ""score"": 0}, {""post_id"": 40, ""anonymous_code"": ""독수리-6722"", ""post_type"": ""trade_share"", ""title"": ""검은 수요일의 공포, 초고수들은 사는데 나는 팔았다..."", ""like_count"": 0, ""unlike_count"": 0, ""score"": 0}, {""post_id"": 41, ""anonymous_code"": ""곰-5671"", ""post_type"": ""profit_share"", ""title"": ""손절매로 마무리... 지갑은 비었지만 교훈은 남았습니다."", ""like_count"": 0, ""unlike_count"": 0, ""score"": 0}, {""post_id"": 42, ""anonymous_code"": ""늑대-3694"", ""post_type"": ""analysis"", ""title"": ""5500 붕괴와 초고수들의 매수: 공포 속의 기회"", ""like_count"": 0, ""unlike_count"": 0, ""score"": 0}]"
RN_COMM_ON_20260917,2026-03-04,6,A034,1,5,13,"[29, 30, 32, 33, 34, 35, 36, 37, 38, 39, 40, 41, 42]","[{""post_id"": 29, ""anonymous_code"": ""사자-8925"", ""post_type"": ""trade_share"", ""title"": ""급락장에서 초고수들 따라 17 만 원대 진입..."", ""like_count"": 0, ""unlike_count"": 0, ""score"": 0}, {""post_id"": 30, ""anonymous_code"": ""황소-1620"", ""post_type"": ""trade_share"", ""title"": ""전쟁 공포에 떨어질수록 사는 중 (17.2 만원)"", ""like_count"": 0, ""unlike_count"": 0, ""score"": 0}, {""post_id"": 32, ""anonymous_code"": ""황소-4770"", ""post_type"": ""trade_share"", ""title"": ""5500 붕괴장, 초고수들 따라 매수했습니다 (삼성전자)"", ""like_count"": 0, ""unlike_count"": 0, ""score"": 0}, {""post_id"": 33, ""anonymous_code"": ""곰-8551"", ""post_type"": ""trade_share"", ""title"": ""전량 매도 완료... 전쟁 공포에 손절 타격"", ""like_count"": 0, ""unlike_count"": 0, ""score"": 0}, {""post_id"": 34, ""anonymous_code"": ""황소-4980"", ""post_type"": ""impression"", ""title"": ""지정학적 리스크 속에서도 AI는 유효하다"", ""like_count"": 0, ""unlike_count"": 0, ""score"": 0}, {""post_id"": 35, ""anonymous_code"": ""여우-1683"", ""post_type"": ""trade_share"", ""title"": ""떨어질수록 사는 원칙, 오늘도 검증 중입니다."", ""like_count"": 0, ""unlike_count"": 0, ""score"": 0}, {""post_id"": 36, ""anonymous_code"": ""독수리-9332"", ""post_type"": ""impression"", ""title"": ""폭락장 속 초고수들의 매수... 저평가 구간인가?"", ""like_count"": 0, ""unlike_count"": 0, ""score"": 0}, {""post_id"": 37, ""anonymous_code"": ""황소-6990"", ""post_type"": ""trade_share"", ""title"": ""다시 한 번 무릎에서 사왔습니다. (삼성전자)"", ""like_count"": 0, ""unlike_count"": 0, ""score"": 0}, {""post_id"": 38, ""anonymous_code"": ""펭귄-5408"", ""post_type"": ""trade_share"", ""title"": ""17 만 원대 매수 완료... 떨어질수록 사는 법의 시련"", ""like_count"": 0, ""unlike_count"": 0, ""score"": 0}, {""post_id"": 39, ""anonymous_code"": ""독수리-1692"", ""post_type"": ""trade_share"", ""title"": ""급락장에서의 손절매... 이제야 원칙을 지킨다."", ""like_count"": 0, ""unlike_count"": 0, ""score"": 0}, {""post_id"": 40, ""anonymous_code"": ""독수리-6722"", ""post_type"": ""trade_share"", ""title"": ""검은 수요일의 공포, 초고수들은 사는데 나는 팔았다..."", ""like_count"": 0, ""unlike_count"": 0, ""score"": 0}, {""post_id"": 41, ""anonymous_code"": ""곰-5671"", ""post_type"": ""profit_share"", ""title"": ""손절매로 마무리... 지갑은 비었지만 교훈은 남았습니다."", ""like_count"": 0, ""unlike_count"": 0, ""score"": 0}, {""post_id"": 42, ""anonymous_code"": ""늑대-3694"", ""post_type"": ""analysis"", ""title"": ""5500 붕괴와 초고수들의 매수: 공포 속의 기회"", ""like_count"": 0, ""unlike_count"": 0, ""score"": 0}]"
RN_COMM_ON_20260917,2026-03-04,6,A036,2,5,14,"[29, 30, 31, 32, 33, 34, 35, 36, 37, 38, 39, 40, 41, 42]","[{""post_id"": 29, ""anonymous_code"": ""사자-8925"", ""post_type"": ""trade_share"", ""title"": ""급락장에서 초고수들 따라 17 만 원대 진입..."", ""like_count"": 0, ""unlike_count"": 0, ""score"": 0}, {""post_id"": 30, ""anonymous_code"": ""황소-1620"", ""post_type"": ""trade_share"", ""title"": ""전쟁 공포에 떨어질수록 사는 중 (17.2 만원)"", ""like_count"": 0, ""unlike_count"": 0, ""score"": 0}, {""post_id"": 31, ""anonymous_code"": ""돌고래-2979"", ""post_type"": ""trade_share"", ""title"": ""검은 수요일, 초고수들이 사모는 곳입니다. 오늘도 저점 매수."", ""like_count"": 0, ""unlike_count"": 0, ""score"": 0}, {""post_id"": 32, ""anonymous_code"": ""황소-4770"", ""post_type"": ""trade_share"", ""title"": ""5500 붕괴장, 초고수들 따라 매수했습니다 (삼성전자)"", ""like_count"": 0, ""unlike_count"": 0, ""score"": 0}, {""post_id"": 33, ""anonymous_code"": ""곰-8551"", ""post_type"": ""trade_share"", ""title"": ""전량 매도 완료... 전쟁 공포에 손절 타격"", ""like_count"": 0, ""unlike_count"": 0, ""score"": 0}, {""post_id"": 34, ""anonymous_code"": ""황소-4980"", ""post_type"": ""impression"", ""title"": ""지정학적 리스크 속에서도 AI는 유효하다"", ""like_count"": 0, ""unlike_count"": 0, ""score"": 0}, {""post_id"": 35, ""anonymous_code"": ""여우-1683"", ""post_type"": ""trade_share"", ""title"": ""떨어질수록 사는 원칙, 오늘도 검증 중입니다."", ""like_count"": 0, ""unlike_count"": 0, ""score"": 0}, {""post_id"": 36, ""anonymous_code"": ""독수리-9332"", ""post_type"": ""impression"", ""title"": ""폭락장 속 초고수들의 매수... 저평가 구간인가?"", ""like_count"": 0, ""unlike_count"": 0, ""score"": 0}, {""post_id"": 37, ""anonymous_code"": ""황소-6990"", ""post_type"": ""trade_share"", ""title"": ""다시 한 번 무릎에서 사왔습니다. (삼성전자)"", ""like_count"": 0, ""unlike_count"": 0, ""score"": 0}, {""post_id"": 38, ""anonymous_code"": ""펭귄-5408"", ""post_type"": ""trade_share"", ""title"": ""17 만 원대 매수 완료... 떨어질수록 사는 법의 시련"", ""like_count"": 0, ""unlike_count"": 0, ""score"": 0}, {""post_id"": 39, ""anonymous_code"": ""독수리-1692"", ""post_type"": ""trade_share"", ""title"": ""급락장에서의 손절매... 이제야 원칙을 지킨다."", ""like_count"": 0, ""unlike_count"": 0, ""score"": 0}, {""post_id"": 40, ""anonymous_code"": ""독수리-6722"", ""post_type"": ""trade_share"", ""title"": ""검은 수요일의 공포, 초고수들은 사는데 나는 팔았다..."", ""like_count"": 0, ""unlike_count"": 0, ""score"": 0}, {""post_id"": 41, ""anonymous_code"": ""곰-5671"", ""post_type"": ""profit_share"", ""title"": ""손절매로 마무리... 지갑은 비었지만 교훈은 남았습니다."", ""like_count"": 0, ""unlike_count"": 0, ""score"": 0}, {""post_id"": 42, ""anonymous_code"": ""늑대-3694"", ""post_type"": ""analysis"", ""title"": ""5500 붕괴와 초고수들의 매수: 공포 속의 기회"", ""like_count"": 0, ""unlike_count"": 0, ""score"": 0}]"
RN_COMM_ON_20260917,2026-03-04,6,A031,2,5,14,"[29, 30, 31, 32, 33, 34, 35, 36, 37, 38, 39, 40, 41, 42]","[{""post_id"": 29, ""anonymous_code"": ""사자-8925"", ""post_type"": ""trade_share"", ""title"": ""급락장에서 초고수들 따라 17 만 원대 진입..."", ""like_count"": 0, ""unlike_count"": 0, ""score"": 0}, {""post_id"": 30, ""anonymous_code"": ""황소-1620"", ""post_type"": ""trade_share"", ""title"": ""전쟁 공포에 떨어질수록 사는 중 (17.2 만원)"", ""like_count"": 0, ""unlike_count"": 0, ""score"": 0}, {""post_id"": 31, ""anonymous_code"": ""돌고래-2979"", ""post_type"": ""trade_share"", ""title"": ""검은 수요일, 초고수들이 사모는 곳입니다. 오늘도 저점 매수."", ""like_count"": 0, ""unlike_count"": 0, ""score"": 0}, {""post_id"": 32, ""anonymous_code"": ""황소-4770"", ""post_type"": ""trade_share"", ""title"": ""5500 붕괴장, 초고수들 따라 매수했습니다 (삼성전자)"", ""like_count"": 0, ""unlike_count"": 0, ""score"": 0}, {""post_id"": 33, ""anonymous_code"": ""곰-8551"", ""post_type"": ""trade_share"", ""title"": ""전량 매도 완료... 전쟁 공포에 손절 타격"", ""like_count"": 0, ""unlike_count"": 0, ""score"": 0}, {""post_id"": 34, ""anonymous_code"": ""황소-4980"", ""post_type"": ""impression"", ""title"": ""지정학적 리스크 속에서도 AI는 유효하다"", ""like_count"": 0, ""unlike_count"": 0, ""score"": 0}, {""post_id"": 35, ""anonymous_code"": ""여우-1683"", ""post_type"": ""trade_share"", ""title"": ""떨어질수록 사는 원칙, 오늘도 검증 중입니다."", ""like_count"": 0, ""unlike_count"": 0, ""score"": 0}, {""post_id"": 36, ""anonymous_code"": ""독수리-9332"", ""post_type"": ""impression"", ""title"": ""폭락장 속 초고수들의 매수... 저평가 구간인가?"", ""like_count"": 0, ""unlike_count"": 0, ""score"": 0}, {""post_id"": 37, ""anonymous_code"": ""황소-6990"", ""post_type"": ""trade_share"", ""title"": ""다시 한 번 무릎에서 사왔습니다. (삼성전자)"", ""like_count"": 0, ""unlike_count"": 0, ""score"": 0}, {""post_id"": 38, ""anonymous_code"": ""펭귄-5408"", ""post_type"": ""trade_share"", ""title"": ""17 만 원대 매수 완료... 떨어질수록 사는 법의 시련"", ""like_count"": 0, ""unlike_count"": 0, ""score"": 0}, {""post_id"": 39, ""anonymous_code"": ""독수리-1692"", ""post_type"": ""trade_share"", ""title"": ""급락장에서의 손절매... 이제야 원칙을 지킨다."", ""like_count"": 0, ""unlike_count"": 0, ""score"": 0}, {""post_id"": 40, ""anonymous_code"": ""독수리-6722"", ""post_type"": ""trade_share"", ""title"": ""검은 수요일의 공포, 초고수들은 사는데 나는 팔았다..."", ""like_count"": 0, ""unlike_count"": 0, ""score"": 0}, {""post_id"": 41, ""anonymous_code"": ""곰-5671"", ""post_type"": ""profit_share"", ""title"": ""손절매로 마무리... 지갑은 비었지만 교훈은 남았습니다."", ""like_count"": 0, ""unlike_count"": 0, ""score"": 0}, {""post_id"": 42, ""anonymous_code"": ""늑대-3694"", ""post_type"": ""analysis"", ""title"": ""5500 붕괴와 초고수들의 매수: 공포 속의 기회"", ""like_count"": 0, ""unlike_count"": 0, ""score"": 0}]"
RN_COMM_ON_20260917,2026-03-04,6,A037,1,5,14,"[29, 30, 31, 32, 33, 34, 35, 36, 37, 38, 39, 40, 41, 42]","[{""post_id"": 29, ""anonymous_code"": ""사자-8925"", ""post_type"": ""trade_share"", ""title"": ""급락장에서 초고수들 따라 17 만 원대 진입..."", ""like_count"": 0, ""unlike_count"": 0, ""score"": 0}, {""post_id"": 30, ""anonymous_code"": ""황소-1620"", ""post_type"": ""trade_share"", ""title"": ""전쟁 공포에 떨어질수록 사는 중 (17.2 만원)"", ""like_count"": 0, ""unlike_count"": 0, ""score"": 0}, {""post_id"": 31, ""anonymous_code"": ""돌고래-2979"", ""post_type"": ""trade_share"", ""title"": ""검은 수요일, 초고수들이 사모는 곳입니다. 오늘도 저점 매수."", ""like_count"": 0, ""unlike_count"": 0, ""score"": 0}, {""post_id"": 32, ""anonymous_code"": ""황소-4770"", ""post_type"": ""trade_share"", ""title"": ""5500 붕괴장, 초고수들 따라 매수했습니다 (삼성전자)"", ""like_count"": 0, ""unlike_count"": 0, ""score"": 0}, {""post_id"": 33, ""anonymous_code"": ""곰-8551"", ""post_type"": ""trade_share"", ""title"": ""전량 매도 완료... 전쟁 공포에 손절 타격"", ""like_count"": 0, ""unlike_count"": 0, ""score"": 0}, {""post_id"": 34, ""anonymous_code"": ""황소-4980"", ""post_type"": ""impression"", ""title"": ""지정학적 리스크 속에서도 AI는 유효하다"", ""like_count"": 0, ""unlike_count"": 0, ""score"": 0}, {""post_id"": 35, ""anonymous_code"": ""여우-1683"", ""post_type"": ""trade_share"", ""title"": ""떨어질수록 사는 원칙, 오늘도 검증 중입니다."", ""like_count"": 0, ""unlike_count"": 0, ""score"": 0}, {""post_id"": 36, ""anonymous_code"": ""독수리-9332"", ""post_type"": ""impression"", ""title"": ""폭락장 속 초고수들의 매수... 저평가 구간인가?"", ""like_count"": 0, ""unlike_count"": 0, ""score"": 0}, {""post_id"": 37, ""anonymous_code"": ""황소-6990"", ""post_type"": ""trade_share"", ""title"": ""다시 한 번 무릎에서 사왔습니다. (삼성전자)"", ""like_count"": 0, ""unlike_count"": 0, ""score"": 0}, {""post_id"": 38, ""anonymous_code"": ""펭귄-5408"", ""post_type"": ""trade_share"", ""title"": ""17 만 원대 매수 완료... 떨어질수록 사는 법의 시련"", ""like_count"": 0, ""unlike_count"": 0, ""score"": 0}, {""post_id"": 39, ""anonymous_code"": ""독수리-1692"", ""post_type"": ""trade_share"", ""title"": ""급락장에서의 손절매... 이제야 원칙을 지킨다."", ""like_count"": 0, ""unlike_count"": 0, ""score"": 0}, {""post_id"": 40, ""anonymous_code"": ""독수리-6722"", ""post_type"": ""trade_share"", ""title"": ""검은 수요일의 공포, 초고수들은 사는데 나는 팔았다..."", ""like_count"": 0, ""unlike_count"": 0, ""score"": 0}, {""post_id"": 41, ""anonymous_code"": ""곰-5671"", ""post_type"": ""profit_share"", ""title"": ""손절매로 마무리... 지갑은 비었지만 교훈은 남았습니다."", ""like_count"": 0, ""unlike_count"": 0, ""score"": 0}, {""post_id"": 42, ""anonymous_code"": ""늑대-3694"", ""post_type"": ""analysis"", ""title"": ""5500 붕괴와 초고수들의 매수: 공포 속의 기회"", ""like_count"": 0, ""unlike_count"": 0, ""score"": 0}]"
RN_COMM_ON_20260917,2026-03-04,6,A038,1,5,14,"[29, 30, 31, 32, 33, 34, 35, 36, 37, 38, 39, 40, 41, 42]","[{""post_id"": 29, ""anonymous_code"": ""사자-8925"", ""post_type"": ""trade_share"", ""title"": ""급락장에서 초고수들 따라 17 만 원대 진입..."", ""like_count"": 0, ""unlike_count"": 0, ""score"": 0}, {""post_id"": 30, ""anonymous_code"": ""황소-1620"", ""post_type"": ""trade_share"", ""title"": ""전쟁 공포에 떨어질수록 사는 중 (17.2 만원)"", ""like_count"": 0, ""unlike_count"": 0, ""score"": 0}, {""post_id"": 31, ""anonymous_code"": ""돌고래-2979"", ""post_type"": ""trade_share"", ""title"": ""검은 수요일, 초고수들이 사모는 곳입니다. 오늘도 저점 매수."", ""like_count"": 0, ""unlike_count"": 0, ""score"": 0}, {""post_id"": 32, ""anonymous_code"": ""황소-4770"", ""post_type"": ""trade_share"", ""title"": ""5500 붕괴장, 초고수들 따라 매수했습니다 (삼성전자)"", ""like_count"": 0, ""unlike_count"": 0, ""score"": 0}, {""post_id"": 33, ""anonymous_code"": ""곰-8551"", ""post_type"": ""trade_share"", ""title"": ""전량 매도 완료... 전쟁 공포에 손절 타격"", ""like_count"": 0, ""unlike_count"": 0, ""score"": 0}, {""post_id"": 34, ""anonymous_code"": ""황소-4980"", ""post_type"": ""impression"", ""title"": ""지정학적 리스크 속에서도 AI는 유효하다"", ""like_count"": 0, ""unlike_count"": 0, ""score"": 0}, {""post_id"": 35, ""anonymous_code"": ""여우-1683"", ""post_type"": ""trade_share"", ""title"": ""떨어질수록 사는 원칙, 오늘도 검증 중입니다."", ""like_count"": 0, ""unlike_count"": 0, ""score"": 0}, {""post_id"": 36, ""anonymous_code"": ""독수리-9332"", ""post_type"": ""impression"", ""title"": ""폭락장 속 초고수들의 매수... 저평가 구간인가?"", ""like_count"": 0, ""unlike_count"": 0, ""score"": 0}, {""post_id"": 37, ""anonymous_code"": ""황소-6990"", ""post_type"": ""trade_share"", ""title"": ""다시 한 번 무릎에서 사왔습니다. (삼성전자)"", ""like_count"": 0, ""unlike_count"": 0, ""score"": 0}, {""post_id"": 38, ""anonymous_code"": ""펭귄-5408"", ""post_type"": ""trade_share"", ""title"": ""17 만 원대 매수 완료... 떨어질수록 사는 법의 시련"", ""like_count"": 0, ""unlike_count"": 0, ""score"": 0}, {""post_id"": 39, ""anonymous_code"": ""독수리-1692"", ""post_type"": ""trade_share"", ""title"": ""급락장에서의 손절매... 이제야 원칙을 지킨다."", ""like_count"": 0, ""unlike_count"": 0, ""score"": 0}, {""post_id"": 40, ""anonymous_code"": ""독수리-6722"", ""post_type"": ""trade_share"", ""title"": ""검은 수요일의 공포, 초고수들은 사는데 나는 팔았다..."", ""like_count"": 0, ""unlike_count"": 0, ""score"": 0}, {""post_id"": 41, ""anonymous_code"": ""곰-5671"", ""post_type"": ""profit_share"", ""title"": ""손절매로 마무리... 지갑은 비었지만 교훈은 남았습니다."", ""like_count"": 0, ""unlike_count"": 0, ""score"": 0}, {""post_id"": 42, ""anonymous_code"": ""늑대-3694"", ""post_type"": ""analysis"", ""title"": ""5500 붕괴와 초고수들의 매수: 공포 속의 기회"", ""like_count"": 0, ""unlike_count"": 0, ""score"": 0}]"
RN_COMM_ON_20260917,2026-03-04,6,A040,1,5,14,"[29, 30, 31, 32, 33, 34, 35, 36, 37, 38, 39, 40, 41, 42]","[{""post_id"": 29, ""anonymous_code"": ""사자-8925"", ""post_type"": ""trade_share"", ""title"": ""급락장에서 초고수들 따라 17 만 원대 진입..."", ""like_count"": 0, ""unlike_count"": 0, ""score"": 0}, {""post_id"": 30, ""anonymous_code"": ""황소-1620"", ""post_type"": ""trade_share"", ""title"": ""전쟁 공포에 떨어질수록 사는 중 (17.2 만원)"", ""like_count"": 0, ""unlike_count"": 0, ""score"": 0}, {""post_id"": 31, ""anonymous_code"": ""돌고래-2979"", ""post_type"": ""trade_share"", ""title"": ""검은 수요일, 초고수들이 사모는 곳입니다. 오늘도 저점 매수."", ""like_count"": 0, ""unlike_count"": 0, ""score"": 0}, {""post_id"": 32, ""anonymous_code"": ""황소-4770"", ""post_type"": ""trade_share"", ""title"": ""5500 붕괴장, 초고수들 따라 매수했습니다 (삼성전자)"", ""like_count"": 0, ""unlike_count"": 0, ""score"": 0}, {""post_id"": 33, ""anonymous_code"": ""곰-8551"", ""post_type"": ""trade_share"", ""title"": ""전량 매도 완료... 전쟁 공포에 손절 타격"", ""like_count"": 0, ""unlike_count"": 0, ""score"": 0}, {""post_id"": 34, ""anonymous_code"": ""황소-4980"", ""post_type"": ""impression"", ""title"": ""지정학적 리스크 속에서도 AI는 유효하다"", ""like_count"": 0, ""unlike_count"": 0, ""score"": 0}, {""post_id"": 35, ""anonymous_code"": ""여우-1683"", ""post_type"": ""trade_share"", ""title"": ""떨어질수록 사는 원칙, 오늘도 검증 중입니다."", ""like_count"": 0, ""unlike_count"": 0, ""score"": 0}, {""post_id"": 36, ""anonymous_code"": ""독수리-9332"", ""post_type"": ""impression"", ""title"": ""폭락장 속 초고수들의 매수... 저평가 구간인가?"", ""like_count"": 0, ""unlike_count"": 0, ""score"": 0}, {""post_id"": 37, ""anonymous_code"": ""황소-6990"", ""post_type"": ""trade_share"", ""title"": ""다시 한 번 무릎에서 사왔습니다. (삼성전자)"", ""like_count"": 0, ""unlike_count"": 0, ""score"": 0}, {""post_id"": 38, ""anonymous_code"": ""펭귄-5408"", ""post_type"": ""trade_share"", ""title"": ""17 만 원대 매수 완료... 떨어질수록 사는 법의 시련"", ""like_count"": 0, ""unlike_count"": 0, ""score"": 0}, {""post_id"": 39, ""anonymous_code"": ""독수리-1692"", ""post_type"": ""trade_share"", ""title"": ""급락장에서의 손절매... 이제야 원칙을 지킨다."", ""like_count"": 0, ""unlike_count"": 0, ""score"": 0}, {""post_id"": 40, ""anonymous_code"": ""독수리-6722"", ""post_type"": ""trade_share"", ""title"": ""검은 수요일의 공포, 초고수들은 사는데 나는 팔았다..."", ""like_count"": 0, ""unlike_count"": 0, ""score"": 0}, {""post_id"": 41, ""anonymous_code"": ""곰-5671"", ""post_type"": ""profit_share"", ""title"": ""손절매로 마무리... 지갑은 비었지만 교훈은 남았습니다."", ""like_count"": 0, ""unlike_count"": 0, ""score"": 0}, {""post_id"": 42, ""anonymous_code"": ""늑대-3694"", ""post_type"": ""analysis"", ""title"": ""5500 붕괴와 초고수들의 매수: 공포 속의 기회"", ""like_count"": 0, ""unlike_count"": 0, ""score"": 0}]"
RN_COMM_ON_20260917,2026-03-04,6,A041,1,5,14,"[29, 30, 31, 32, 33, 34, 35, 36, 37, 38, 39, 40, 41, 42]","[{""post_id"": 29, ""anonymous_code"": ""사자-8925"", ""post_type"": ""trade_share"", ""title"": ""급락장에서 초고수들 따라 17 만 원대 진입..."", ""like_count"": 0, ""unlike_count"": 0, ""score"": 0}, {""post_id"": 30, ""anonymous_code"": ""황소-1620"", ""post_type"": ""trade_share"", ""title"": ""전쟁 공포에 떨어질수록 사는 중 (17.2 만원)"", ""like_count"": 0, ""unlike_count"": 0, ""score"": 0}, {""post_id"": 31, ""anonymous_code"": ""돌고래-2979"", ""post_type"": ""trade_share"", ""title"": ""검은 수요일, 초고수들이 사모는 곳입니다. 오늘도 저점 매수."", ""like_count"": 0, ""unlike_count"": 0, ""score"": 0}, {""post_id"": 32, ""anonymous_code"": ""황소-4770"", ""post_type"": ""trade_share"", ""title"": ""5500 붕괴장, 초고수들 따라 매수했습니다 (삼성전자)"", ""like_count"": 0, ""unlike_count"": 0, ""score"": 0}, {""post_id"": 33, ""anonymous_code"": ""곰-8551"", ""post_type"": ""trade_share"", ""title"": ""전량 매도 완료... 전쟁 공포에 손절 타격"", ""like_count"": 0, ""unlike_count"": 0, ""score"": 0}, {""post_id"": 34, ""anonymous_code"": ""황소-4980"", ""post_type"": ""impression"", ""title"": ""지정학적 리스크 속에서도 AI는 유효하다"", ""like_count"": 0, ""unlike_count"": 0, ""score"": 0}, {""post_id"": 35, ""anonymous_code"": ""여우-1683"", ""post_type"": ""trade_share"", ""title"": ""떨어질수록 사는 원칙, 오늘도 검증 중입니다."", ""like_count"": 0, ""unlike_count"": 0, ""score"": 0}, {""post_id"": 36, ""anonymous_code"": ""독수리-9332"", ""post_type"": ""impression"", ""title"": ""폭락장 속 초고수들의 매수... 저평가 구간인가?"", ""like_count"": 0, ""unlike_count"": 0, ""score"": 0}, {""post_id"": 37, ""anonymous_code"": ""황소-6990"", ""post_type"": ""trade_share"", ""title"": ""다시 한 번 무릎에서 사왔습니다. (삼성전자)"", ""like_count"": 0, ""unlike_count"": 0, ""score"": 0}, {""post_id"": 38, ""anonymous_code"": ""펭귄-5408"", ""post_type"": ""trade_share"", ""title"": ""17 만 원대 매수 완료... 떨어질수록 사는 법의 시련"", ""like_count"": 0, ""unlike_count"": 0, ""score"": 0}, {""post_id"": 39, ""anonymous_code"": ""독수리-1692"", ""post_type"": ""trade_share"", ""title"": ""급락장에서의 손절매... 이제야 원칙을 지킨다."", ""like_count"": 0, ""unlike_count"": 0, ""score"": 0}, {""post_id"": 40, ""anonymous_code"": ""독수리-6722"", ""post_type"": ""trade_share"", ""title"": ""검은 수요일의 공포, 초고수들은 사는데 나는 팔았다..."", ""like_count"": 0, ""unlike_count"": 0, ""score"": 0}, {""post_id"": 41, ""anonymous_code"": ""곰-5671"", ""post_type"": ""profit_share"", ""title"": ""손절매로 마무리... 지갑은 비었지만 교훈은 남았습니다."", ""like_count"": 0, ""unlike_count"": 0, ""score"": 0}, {""post_id"": 42, ""anonymous_code"": ""늑대-3694"", ""post_type"": ""analysis"", ""title"": ""5500 붕괴와 초고수들의 매수: 공포 속의 기회"", ""like_count"": 0, ""unlike_count"": 0, ""score"": 0}]"
RN_COMM_ON_20260917,2026-03-04,6,A042,1,5,14,"[29, 30, 31, 32, 33, 34, 35, 36, 37, 38, 39, 40, 41, 42]","[{""post_id"": 29, ""anonymous_code"": ""사자-8925"", ""post_type"": ""trade_share"", ""title"": ""급락장에서 초고수들 따라 17 만 원대 진입..."", ""like_count"": 0, ""unlike_count"": 0, ""score"": 0}, {""post_id"": 30, ""anonymous_code"": ""황소-1620"", ""post_type"": ""trade_share"", ""title"": ""전쟁 공포에 떨어질수록 사는 중 (17.2 만원)"", ""like_count"": 0, ""unlike_count"": 0, ""score"": 0}, {""post_id"": 31, ""anonymous_code"": ""돌고래-2979"", ""post_type"": ""trade_share"", ""title"": ""검은 수요일, 초고수들이 사모는 곳입니다. 오늘도 저점 매수."", ""like_count"": 0, ""unlike_count"": 0, ""score"": 0}, {""post_id"": 32, ""anonymous_code"": ""황소-4770"", ""post_type"": ""trade_share"", ""title"": ""5500 붕괴장, 초고수들 따라 매수했습니다 (삼성전자)"", ""like_count"": 0, ""unlike_count"": 0, ""score"": 0}, {""post_id"": 33, ""anonymous_code"": ""곰-8551"", ""post_type"": ""trade_share"", ""title"": ""전량 매도 완료... 전쟁 공포에 손절 타격"", ""like_count"": 0, ""unlike_count"": 0, ""score"": 0}, {""post_id"": 34, ""anonymous_code"": ""황소-4980"", ""post_type"": ""impression"", ""title"": ""지정학적 리스크 속에서도 AI는 유효하다"", ""like_count"": 0, ""unlike_count"": 0, ""score"": 0}, {""post_id"": 35, ""anonymous_code"": ""여우-1683"", ""post_type"": ""trade_share"", ""title"": ""떨어질수록 사는 원칙, 오늘도 검증 중입니다."", ""like_count"": 0, ""unlike_count"": 0, ""score"": 0}, {""post_id"": 36, ""anonymous_code"": ""독수리-9332"", ""post_type"": ""impression"", ""title"": ""폭락장 속 초고수들의 매수... 저평가 구간인가?"", ""like_count"": 0, ""unlike_count"": 0, ""score"": 0}, {""post_id"": 37, ""anonymous_code"": ""황소-6990"", ""post_type"": ""trade_share"", ""title"": ""다시 한 번 무릎에서 사왔습니다. (삼성전자)"", ""like_count"": 0, ""unlike_count"": 0, ""score"": 0}, {""post_id"": 38, ""anonymous_code"": ""펭귄-5408"", ""post_type"": ""trade_share"", ""title"": ""17 만 원대 매수 완료... 떨어질수록 사는 법의 시련"", ""like_count"": 0, ""unlike_count"": 0, ""score"": 0}, {""post_id"": 39, ""anonymous_code"": ""독수리-1692"", ""post_type"": ""trade_share"", ""title"": ""급락장에서의 손절매... 이제야 원칙을 지킨다."", ""like_count"": 0, ""unlike_count"": 0, ""score"": 0}, {""post_id"": 40, ""anonymous_code"": ""독수리-6722"", ""post_type"": ""trade_share"", ""title"": ""검은 수요일의 공포, 초고수들은 사는데 나는 팔았다..."", ""like_count"": 0, ""unlike_count"": 0, ""score"": 0}, {""post_id"": 41, ""anonymous_code"": ""곰-5671"", ""post_type"": ""profit_share"", ""title"": ""손절매로 마무리... 지갑은 비었지만 교훈은 남았습니다."", ""like_count"": 0, ""unlike_count"": 0, ""score"": 0}, {""post_id"": 42, ""anonymous_code"": ""늑대-3694"", ""post_type"": ""analysis"", ""title"": ""5500 붕괴와 초고수들의 매수: 공포 속의 기회"", ""like_count"": 0, ""unlike_count"": 0, ""score"": 0}]"
RN_COMM_ON_20260917,2026-03-04,6,A046,1,5,13,"[29, 30, 31, 32, 34, 35, 36, 37, 38, 39, 40, 41, 42]","[{""post_id"": 29, ""anonymous_code"": ""사자-8925"", ""post_type"": ""trade_share"", ""title"": ""급락장에서 초고수들 따라 17 만 원대 진입..."", ""like_count"": 0, ""unlike_count"": 0, ""score"": 0}, {""post_id"": 30, ""anonymous_code"": ""황소-1620"", ""post_type"": ""trade_share"", ""title"": ""전쟁 공포에 떨어질수록 사는 중 (17.2 만원)"", ""like_count"": 0, ""unlike_count"": 0, ""score"": 0}, {""post_id"": 31, ""anonymous_code"": ""돌고래-2979"", ""post_type"": ""trade_share"", ""title"": ""검은 수요일, 초고수들이 사모는 곳입니다. 오늘도 저점 매수."", ""like_count"": 0, ""unlike_count"": 0, ""score"": 0}, {""post_id"": 32, ""anonymous_code"": ""황소-4770"", ""post_type"": ""trade_share"", ""title"": ""5500 붕괴장, 초고수들 따라 매수했습니다 (삼성전자)"", ""like_count"": 0, ""unlike_count"": 0, ""score"": 0}, {""post_id"": 34, ""anonymous_code"": ""황소-4980"", ""post_type"": ""impression"", ""title"": ""지정학적 리스크 속에서도 AI는 유효하다"", ""like_count"": 0, ""unlike_count"": 0, ""score"": 0}, {""post_id"": 35, ""anonymous_code"": ""여우-1683"", ""post_type"": ""trade_share"", ""title"": ""떨어질수록 사는 원칙, 오늘도 검증 중입니다."", ""like_count"": 0, ""unlike_count"": 0, ""score"": 0}, {""post_id"": 36, ""anonymous_code"": ""독수리-9332"", ""post_type"": ""impression"", ""title"": ""폭락장 속 초고수들의 매수... 저평가 구간인가?"", ""like_count"": 0, ""unlike_count"": 0, ""score"": 0}, {""post_id"": 37, ""anonymous_code"": ""황소-6990"", ""post_type"": ""trade_share"", ""title"": ""다시 한 번 무릎에서 사왔습니다. (삼성전자)"", ""like_count"": 0, ""unlike_count"": 0, ""score"": 0}, {""post_id"": 38, ""anonymous_code"": ""펭귄-5408"", ""post_type"": ""trade_share"", ""title"": ""17 만 원대 매수 완료... 떨어질수록 사는 법의 시련"", ""like_count"": 0, ""unlike_count"": 0, ""score"": 0}, {""post_id"": 39, ""anonymous_code"": ""독수리-1692"", ""post_type"": ""trade_share"", ""title"": ""급락장에서의 손절매... 이제야 원칙을 지킨다."", ""like_count"": 0, ""unlike_count"": 0, ""score"": 0}, {""post_id"": 40, ""anonymous_code"": ""독수리-6722"", ""post_type"": ""trade_share"", ""title"": ""검은 수요일의 공포, 초고수들은 사는데 나는 팔았다..."", ""like_count"": 0, ""unlike_count"": 0, ""score"": 0}, {""post_id"": 41, ""anonymous_code"": ""곰-5671"", ""post_type"": ""profit_share"", ""title"": ""손절매로 마무리... 지갑은 비었지만 교훈은 남았습니다."", ""like_count"": 0, ""unlike_count"": 0, ""score"": 0}, {""post_id"": 42, ""anonymous_code"": ""늑대-3694"", ""post_type"": ""analysis"", ""title"": ""5500 붕괴와 초고수들의 매수: 공포 속의 기회"", ""like_count"": 0, ""unlike_count"": 0, ""score"": 0}]"
RN_COMM_ON_20260917,2026-03-04,6,A045,1,5,14,"[29, 30, 31, 32, 33, 34, 35, 36, 37, 38, 39, 40, 41, 42]","[{""post_id"": 29, ""anonymous_code"": ""사자-8925"", ""post_type"": ""trade_share"", ""title"": ""급락장에서 초고수들 따라 17 만 원대 진입..."", ""like_count"": 0, ""unlike_count"": 0, ""score"": 0}, {""post_id"": 30, ""anonymous_code"": ""황소-1620"", ""post_type"": ""trade_share"", ""title"": ""전쟁 공포에 떨어질수록 사는 중 (17.2 만원)"", ""like_count"": 0, ""unlike_count"": 0, ""score"": 0}, {""post_id"": 31, ""anonymous_code"": ""돌고래-2979"", ""post_type"": ""trade_share"", ""title"": ""검은 수요일, 초고수들이 사모는 곳입니다. 오늘도 저점 매수."", ""like_count"": 0, ""unlike_count"": 0, ""score"": 0}, {""post_id"": 32, ""anonymous_code"": ""황소-4770"", ""post_type"": ""trade_share"", ""title"": ""5500 붕괴장, 초고수들 따라 매수했습니다 (삼성전자)"", ""like_count"": 0, ""unlike_count"": 0, ""score"": 0}, {""post_id"": 33, ""anonymous_code"": ""곰-8551"", ""post_type"": ""trade_share"", ""title"": ""전량 매도 완료... 전쟁 공포에 손절 타격"", ""like_count"": 0, ""unlike_count"": 0, ""score"": 0}, {""post_id"": 34, ""anonymous_code"": ""황소-4980"", ""post_type"": ""impression"", ""title"": ""지정학적 리스크 속에서도 AI는 유효하다"", ""like_count"": 0, ""unlike_count"": 0, ""score"": 0}, {""post_id"": 35, ""anonymous_code"": ""여우-1683"", ""post_type"": ""trade_share"", ""title"": ""떨어질수록 사는 원칙, 오늘도 검증 중입니다."", ""like_count"": 0, ""unlike_count"": 0, ""score"": 0}, {""post_id"": 36, ""anonymous_code"": ""독수리-9332"", ""post_type"": ""impression"", ""title"": ""폭락장 속 초고수들의 매수... 저평가 구간인가?"", ""like_count"": 0, ""unlike_count"": 0, ""score"": 0}, {""post_id"": 37, ""anonymous_code"": ""황소-6990"", ""post_type"": ""trade_share"", ""title"": ""다시 한 번 무릎에서 사왔습니다. (삼성전자)"", ""like_count"": 0, ""unlike_count"": 0, ""score"": 0}, {""post_id"": 38, ""anonymous_code"": ""펭귄-5408"", ""post_type"": ""trade_share"", ""title"": ""17 만 원대 매수 완료... 떨어질수록 사는 법의 시련"", ""like_count"": 0, ""unlike_count"": 0, ""score"": 0}, {""post_id"": 39, ""anonymous_code"": ""독수리-1692"", ""post_type"": ""trade_share"", ""title"": ""급락장에서의 손절매... 이제야 원칙을 지킨다."", ""like_count"": 0, ""unlike_count"": 0, ""score"": 0}, {""post_id"": 40, ""anonymous_code"": ""독수리-6722"", ""post_type"": ""trade_share"", ""title"": ""검은 수요일의 공포, 초고수들은 사는데 나는 팔았다..."", ""like_count"": 0, ""unlike_count"": 0, ""score"": 0}, {""post_id"": 41, ""anonymous_code"": ""곰-5671"", ""post_type"": ""profit_share"", ""title"": ""손절매로 마무리... 지갑은 비었지만 교훈은 남았습니다."", ""like_count"": 0, ""unlike_count"": 0, ""score"": 0}, {""post_id"": 42, ""anonymous_code"": ""늑대-3694"", ""post_type"": ""analysis"", ""title"": ""5500 붕괴와 초고수들의 매수: 공포 속의 기회"", ""like_count"": 0, ""unlike_count"": 0, ""score"": 0}]"
RN_COMM_ON_20260917,2026-03-04,6,A047,1,5,14,"[29, 30, 31, 32, 33, 34, 35, 36, 37, 38, 39, 40, 41, 42]","[{""post_id"": 29, ""anonymous_code"": ""사자-8925"", ""post_type"": ""trade_share"", ""title"": ""급락장에서 초고수들 따라 17 만 원대 진입..."", ""like_count"": 0, ""unlike_count"": 0, ""score"": 0}, {""post_id"": 30, ""anonymous_code"": ""황소-1620"", ""post_type"": ""trade_share"", ""title"": ""전쟁 공포에 떨어질수록 사는 중 (17.2 만원)"", ""like_count"": 0, ""unlike_count"": 0, ""score"": 0}, {""post_id"": 31, ""anonymous_code"": ""돌고래-2979"", ""post_type"": ""trade_share"", ""title"": ""검은 수요일, 초고수들이 사모는 곳입니다. 오늘도 저점 매수."", ""like_count"": 0, ""unlike_count"": 0, ""score"": 0}, {""post_id"": 32, ""anonymous_code"": ""황소-4770"", ""post_type"": ""trade_share"", ""title"": ""5500 붕괴장, 초고수들 따라 매수했습니다 (삼성전자)"", ""like_count"": 0, ""unlike_count"": 0, ""score"": 0}, {""post_id"": 33, ""anonymous_code"": ""곰-8551"", ""post_type"": ""trade_share"", ""title"": ""전량 매도 완료... 전쟁 공포에 손절 타격"", ""like_count"": 0, ""unlike_count"": 0, ""score"": 0}, {""post_id"": 34, ""anonymous_code"": ""황소-4980"", ""post_type"": ""impression"", ""title"": ""지정학적 리스크 속에서도 AI는 유효하다"", ""like_count"": 0, ""unlike_count"": 0, ""score"": 0}, {""post_id"": 35, ""anonymous_code"": ""여우-1683"", ""post_type"": ""trade_share"", ""title"": ""떨어질수록 사는 원칙, 오늘도 검증 중입니다."", ""like_count"": 0, ""unlike_count"": 0, ""score"": 0}, {""post_id"": 36, ""anonymous_code"": ""독수리-9332"", ""post_type"": ""impression"", ""title"": ""폭락장 속 초고수들의 매수... 저평가 구간인가?"", ""like_count"": 0, ""unlike_count"": 0, ""score"": 0}, {""post_id"": 37, ""anonymous_code"": ""황소-6990"", ""post_type"": ""trade_share"", ""title"": ""다시 한 번 무릎에서 사왔습니다. (삼성전자)"", ""like_count"": 0, ""unlike_count"": 0, ""score"": 0}, {""post_id"": 38, ""anonymous_code"": ""펭귄-5408"", ""post_type"": ""trade_share"", ""title"": ""17 만 원대 매수 완료... 떨어질수록 사는 법의 시련"", ""like_count"": 0, ""unlike_count"": 0, ""score"": 0}, {""post_id"": 39, ""anonymous_code"": ""독수리-1692"", ""post_type"": ""trade_share"", ""title"": ""급락장에서의 손절매... 이제야 원칙을 지킨다."", ""like_count"": 0, ""unlike_count"": 0, ""score"": 0}, {""post_id"": 40, ""anonymous_code"": ""독수리-6722"", ""post_type"": ""trade_share"", ""title"": ""검은 수요일의 공포, 초고수들은 사는데 나는 팔았다..."", ""like_count"": 0, ""unlike_count"": 0, ""score"": 0}, {""post_id"": 41, ""anonymous_code"": ""곰-5671"", ""post_type"": ""profit_share"", ""title"": ""손절매로 마무리... 지갑은 비었지만 교훈은 남았습니다."", ""like_count"": 0, ""unlike_count"": 0, ""score"": 0}, {""post_id"": 42, ""anonymous_code"": ""늑대-3694"", ""post_type"": ""analysis"", ""title"": ""5500 붕괴와 초고수들의 매수: 공포 속의 기회"", ""like_count"": 0, ""unlike_count"": 0, ""score"": 0}]"
RN_COMM_ON_20260917,2026-03-04,6,A044,1,5,13,"[29, 30, 31, 33, 34, 35, 36, 37, 38, 39, 40, 41, 42]","[{""post_id"": 29, ""anonymous_code"": ""사자-8925"", ""post_type"": ""trade_share"", ""title"": ""급락장에서 초고수들 따라 17 만 원대 진입..."", ""like_count"": 0, ""unlike_count"": 0, ""score"": 0}, {""post_id"": 30, ""anonymous_code"": ""황소-1620"", ""post_type"": ""trade_share"", ""title"": ""전쟁 공포에 떨어질수록 사는 중 (17.2 만원)"", ""like_count"": 0, ""unlike_count"": 0, ""score"": 0}, {""post_id"": 31, ""anonymous_code"": ""돌고래-2979"", ""post_type"": ""trade_share"", ""title"": ""검은 수요일, 초고수들이 사모는 곳입니다. 오늘도 저점 매수."", ""like_count"": 0, ""unlike_count"": 0, ""score"": 0}, {""post_id"": 33, ""anonymous_code"": ""곰-8551"", ""post_type"": ""trade_share"", ""title"": ""전량 매도 완료... 전쟁 공포에 손절 타격"", ""like_count"": 0, ""unlike_count"": 0, ""score"": 0}, {""post_id"": 34, ""anonymous_code"": ""황소-4980"", ""post_type"": ""impression"", ""title"": ""지정학적 리스크 속에서도 AI는 유효하다"", ""like_count"": 0, ""unlike_count"": 0, ""score"": 0}, {""post_id"": 35, ""anonymous_code"": ""여우-1683"", ""post_type"": ""trade_share"", ""title"": ""떨어질수록 사는 원칙, 오늘도 검증 중입니다."", ""like_count"": 0, ""unlike_count"": 0, ""score"": 0}, {""post_id"": 36, ""anonymous_code"": ""독수리-9332"", ""post_type"": ""impression"", ""title"": ""폭락장 속 초고수들의 매수... 저평가 구간인가?"", ""like_count"": 0, ""unlike_count"": 0, ""score"": 0}, {""post_id"": 37, ""anonymous_code"": ""황소-6990"", ""post_type"": ""trade_share"", ""title"": ""다시 한 번 무릎에서 사왔습니다. (삼성전자)"", ""like_count"": 0, ""unlike_count"": 0, ""score"": 0}, {""post_id"": 38, ""anonymous_code"": ""펭귄-5408"", ""post_type"": ""trade_share"", ""title"": ""17 만 원대 매수 완료... 떨어질수록 사는 법의 시련"", ""like_count"": 0, ""unlike_count"": 0, ""score"": 0}, {""post_id"": 39, ""anonymous_code"": ""독수리-1692"", ""post_type"": ""trade_share"", ""title"": ""급락장에서의 손절매... 이제야 원칙을 지킨다."", ""like_count"": 0, ""unlike_count"": 0, ""score"": 0}, {""post_id"": 40, ""anonymous_code"": ""독수리-6722"", ""post_type"": ""trade_share"", ""title"": ""검은 수요일의 공포, 초고수들은 사는데 나는 팔았다..."", ""like_count"": 0, ""unlike_count"": 0, ""score"": 0}, {""post_id"": 41, ""anonymous_code"": ""곰-5671"", ""post_type"": ""profit_share"", ""title"": ""손절매로 마무리... 지갑은 비었지만 교훈은 남았습니다."", ""like_count"": 0, ""unlike_count"": 0, ""score"": 0}, {""post_id"": 42, ""anonymous_code"": ""늑대-3694"", ""post_type"": ""analysis"", ""title"": ""5500 붕괴와 초고수들의 매수: 공포 속의 기회"", ""like_count"": 0, ""unlike_count"": 0, ""score"": 0}]"
RN_COMM_ON_20260917,2026-03-04,6,A050,1,5,14,"[29, 30, 31, 32, 33, 34, 35, 36, 37, 38, 39, 40, 41, 42]","[{""post_id"": 29, ""anonymous_code"": ""사자-8925"", ""post_type"": ""trade_share"", ""title"": ""급락장에서 초고수들 따라 17 만 원대 진입..."", ""like_count"": 0, ""unlike_count"": 0, ""score"": 0}, {""post_id"": 30, ""anonymous_code"": ""황소-1620"", ""post_type"": ""trade_share"", ""title"": ""전쟁 공포에 떨어질수록 사는 중 (17.2 만원)"", ""like_count"": 0, ""unlike_count"": 0, ""score"": 0}, {""post_id"": 31, ""anonymous_code"": ""돌고래-2979"", ""post_type"": ""trade_share"", ""title"": ""검은 수요일, 초고수들이 사모는 곳입니다. 오늘도 저점 매수."", ""like_count"": 0, ""unlike_count"": 0, ""score"": 0}, {""post_id"": 32, ""anonymous_code"": ""황소-4770"", ""post_type"": ""trade_share"", ""title"": ""5500 붕괴장, 초고수들 따라 매수했습니다 (삼성전자)"", ""like_count"": 0, ""unlike_count"": 0, ""score"": 0}, {""post_id"": 33, ""anonymous_code"": ""곰-8551"", ""post_type"": ""trade_share"", ""title"": ""전량 매도 완료... 전쟁 공포에 손절 타격"", ""like_count"": 0, ""unlike_count"": 0, ""score"": 0}, {""post_id"": 34, ""anonymous_code"": ""황소-4980"", ""post_type"": ""impression"", ""title"": ""지정학적 리스크 속에서도 AI는 유효하다"", ""like_count"": 0, ""unlike_count"": 0, ""score"": 0}, {""post_id"": 35, ""anonymous_code"": ""여우-1683"", ""post_type"": ""trade_share"", ""title"": ""떨어질수록 사는 원칙, 오늘도 검증 중입니다."", ""like_count"": 0, ""unlike_count"": 0, ""score"": 0}, {""post_id"": 36, ""anonymous_code"": ""독수리-9332"", ""post_type"": ""impression"", ""title"": ""폭락장 속 초고수들의 매수... 저평가 구간인가?"", ""like_count"": 0, ""unlike_count"": 0, ""score"": 0}, {""post_id"": 37, ""anonymous_code"": ""황소-6990"", ""post_type"": ""trade_share"", ""title"": ""다시 한 번 무릎에서 사왔습니다. (삼성전자)"", ""like_count"": 0, ""unlike_count"": 0, ""score"": 0}, {""post_id"": 38, ""anonymous_code"": ""펭귄-5408"", ""post_type"": ""trade_share"", ""title"": ""17 만 원대 매수 완료... 떨어질수록 사는 법의 시련"", ""like_count"": 0, ""unlike_count"": 0, ""score"": 0}, {""post_id"": 39, ""anonymous_code"": ""독수리-1692"", ""post_type"": ""trade_share"", ""title"": ""급락장에서의 손절매... 이제야 원칙을 지킨다."", ""like_count"": 0, ""unlike_count"": 0, ""score"": 0}, {""post_id"": 40, ""anonymous_code"": ""독수리-6722"", ""post_type"": ""trade_share"", ""title"": ""검은 수요일의 공포, 초고수들은 사는데 나는 팔았다..."", ""like_count"": 0, ""unlike_count"": 0, ""score"": 0}, {""post_id"": 41, ""anonymous_code"": ""곰-5671"", ""post_type"": ""profit_share"", ""title"": ""손절매로 마무리... 지갑은 비었지만 교훈은 남았습니다."", ""like_count"": 0, ""unlike_count"": 0, ""score"": 0}, {""post_id"": 42, ""anonymous_code"": ""늑대-3694"", ""post_type"": ""analysis"", ""title"": ""5500 붕괴와 초고수들의 매수: 공포 속의 기회"", ""like_count"": 0, ""unlike_count"": 0, ""score"": 0}]"
RN_COMM_ON_20260917,2026-03-04,6,A051,1,5,14,"[29, 30, 31, 32, 33, 34, 35, 36, 37, 38, 39, 40, 41, 42]","[{""post_id"": 29, ""anonymous_code"": ""사자-8925"", ""post_type"": ""trade_share"", ""title"": ""급락장에서 초고수들 따라 17 만 원대 진입..."", ""like_count"": 0, ""unlike_count"": 0, ""score"": 0}, {""post_id"": 30, ""anonymous_code"": ""황소-1620"", ""post_type"": ""trade_share"", ""title"": ""전쟁 공포에 떨어질수록 사는 중 (17.2 만원)"", ""like_count"": 0, ""unlike_count"": 0, ""score"": 0}, {""post_id"": 31, ""anonymous_code"": ""돌고래-2979"", ""post_type"": ""trade_share"", ""title"": ""검은 수요일, 초고수들이 사모는 곳입니다. 오늘도 저점 매수."", ""like_count"": 0, ""unlike_count"": 0, ""score"": 0}, {""post_id"": 32, ""anonymous_code"": ""황소-4770"", ""post_type"": ""trade_share"", ""title"": ""5500 붕괴장, 초고수들 따라 매수했습니다 (삼성전자)"", ""like_count"": 0, ""unlike_count"": 0, ""score"": 0}, {""post_id"": 33, ""anonymous_code"": ""곰-8551"", ""post_type"": ""trade_share"", ""title"": ""전량 매도 완료... 전쟁 공포에 손절 타격"", ""like_count"": 0, ""unlike_count"": 0, ""score"": 0}, {""post_id"": 34, ""anonymous_code"": ""황소-4980"", ""post_type"": ""impression"", ""title"": ""지정학적 리스크 속에서도 AI는 유효하다"", ""like_count"": 0, ""unlike_count"": 0, ""score"": 0}, {""post_id"": 35, ""anonymous_code"": ""여우-1683"", ""post_type"": ""trade_share"", ""title"": ""떨어질수록 사는 원칙, 오늘도 검증 중입니다."", ""like_count"": 0, ""unlike_count"": 0, ""score"": 0}, {""post_id"": 36, ""anonymous_code"": ""독수리-9332"", ""post_type"": ""impression"", ""title"": ""폭락장 속 초고수들의 매수... 저평가 구간인가?"", ""like_count"": 0, ""unlike_count"": 0, ""score"": 0}, {""post_id"": 37, ""anonymous_code"": ""황소-6990"", ""post_type"": ""trade_share"", ""title"": ""다시 한 번 무릎에서 사왔습니다. (삼성전자)"", ""like_count"": 0, ""unlike_count"": 0, ""score"": 0}, {""post_id"": 38, ""anonymous_code"": ""펭귄-5408"", ""post_type"": ""trade_share"", ""title"": ""17 만 원대 매수 완료... 떨어질수록 사는 법의 시련"", ""like_count"": 0, ""unlike_count"": 0, ""score"": 0}, {""post_id"": 39, ""anonymous_code"": ""독수리-1692"", ""post_type"": ""trade_share"", ""title"": ""급락장에서의 손절매... 이제야 원칙을 지킨다."", ""like_count"": 0, ""unlike_count"": 0, ""score"": 0}, {""post_id"": 40, ""anonymous_code"": ""독수리-6722"", ""post_type"": ""trade_share"", ""title"": ""검은 수요일의 공포, 초고수들은 사는데 나는 팔았다..."", ""like_count"": 0, ""unlike_count"": 0, ""score"": 0}, {""post_id"": 41, ""anonymous_code"": ""곰-5671"", ""post_type"": ""profit_share"", ""title"": ""손절매로 마무리... 지갑은 비었지만 교훈은 남았습니다."", ""like_count"": 0, ""unlike_count"": 0, ""score"": 0}, {""post_id"": 42, ""anonymous_code"": ""늑대-3694"", ""post_type"": ""analysis"", ""title"": ""5500 붕괴와 초고수들의 매수: 공포 속의 기회"", ""like_count"": 0, ""unlike_count"": 0, ""score"": 0}]"
RN_COMM_ON_20260917,2026-03-04,6,A053,2,5,14,"[29, 30, 31, 32, 33, 34, 35, 36, 37, 38, 39, 40, 41, 42]","[{""post_id"": 29, ""anonymous_code"": ""사자-8925"", ""post_type"": ""trade_share"", ""title"": ""급락장에서 초고수들 따라 17 만 원대 진입..."", ""like_count"": 0, ""unlike_count"": 0, ""score"": 0}, {""post_id"": 30, ""anonymous_code"": ""황소-1620"", ""post_type"": ""trade_share"", ""title"": ""전쟁 공포에 떨어질수록 사는 중 (17.2 만원)"", ""like_count"": 0, ""unlike_count"": 0, ""score"": 0}, {""post_id"": 31, ""anonymous_code"": ""돌고래-2979"", ""post_type"": ""trade_share"", ""title"": ""검은 수요일, 초고수들이 사모는 곳입니다. 오늘도 저점 매수."", ""like_count"": 0, ""unlike_count"": 0, ""score"": 0}, {""post_id"": 32, ""anonymous_code"": ""황소-4770"", ""post_type"": ""trade_share"", ""title"": ""5500 붕괴장, 초고수들 따라 매수했습니다 (삼성전자)"", ""like_count"": 0, ""unlike_count"": 0, ""score"": 0}, {""post_id"": 33, ""anonymous_code"": ""곰-8551"", ""post_type"": ""trade_share"", ""title"": ""전량 매도 완료... 전쟁 공포에 손절 타격"", ""like_count"": 0, ""unlike_count"": 0, ""score"": 0}, {""post_id"": 34, ""anonymous_code"": ""황소-4980"", ""post_type"": ""impression"", ""title"": ""지정학적 리스크 속에서도 AI는 유효하다"", ""like_count"": 0, ""unlike_count"": 0, ""score"": 0}, {""post_id"": 35, ""anonymous_code"": ""여우-1683"", ""post_type"": ""trade_share"", ""title"": ""떨어질수록 사는 원칙, 오늘도 검증 중입니다."", ""like_count"": 0, ""unlike_count"": 0, ""score"": 0}, {""post_id"": 36, ""anonymous_code"": ""독수리-9332"", ""post_type"": ""impression"", ""title"": ""폭락장 속 초고수들의 매수... 저평가 구간인가?"", ""like_count"": 0, ""unlike_count"": 0, ""score"": 0}, {""post_id"": 37, ""anonymous_code"": ""황소-6990"", ""post_type"": ""trade_share"", ""title"": ""다시 한 번 무릎에서 사왔습니다. (삼성전자)"", ""like_count"": 0, ""unlike_count"": 0, ""score"": 0}, {""post_id"": 38, ""anonymous_code"": ""펭귄-5408"", ""post_type"": ""trade_share"", ""title"": ""17 만 원대 매수 완료... 떨어질수록 사는 법의 시련"", ""like_count"": 0, ""unlike_count"": 0, ""score"": 0}, {""post_id"": 39, ""anonymous_code"": ""독수리-1692"", ""post_type"": ""trade_share"", ""title"": ""급락장에서의 손절매... 이제야 원칙을 지킨다."", ""like_count"": 0, ""unlike_count"": 0, ""score"": 0}, {""post_id"": 40, ""anonymous_code"": ""독수리-6722"", ""post_type"": ""trade_share"", ""title"": ""검은 수요일의 공포, 초고수들은 사는데 나는 팔았다..."", ""like_count"": 0, ""unlike_count"": 0, ""score"": 0}, {""post_id"": 41, ""anonymous_code"": ""곰-5671"", ""post_type"": ""profit_share"", ""title"": ""손절매로 마무리... 지갑은 비었지만 교훈은 남았습니다."", ""like_count"": 0, ""unlike_count"": 0, ""score"": 0}, {""post_id"": 42, ""anonymous_code"": ""늑대-3694"", ""post_type"": ""analysis"", ""title"": ""5500 붕괴와 초고수들의 매수: 공포 속의 기회"", ""like_count"": 0, ""unlike_count"": 0, ""score"": 0}]"
RN_COMM_ON_20260917,2026-03-04,6,A055,2,5,13,"[29, 30, 31, 32, 33, 35, 36, 37, 38, 39, 40, 41, 42]","[{""post_id"": 29, ""anonymous_code"": ""사자-8925"", ""post_type"": ""trade_share"", ""title"": ""급락장에서 초고수들 따라 17 만 원대 진입..."", ""like_count"": 0, ""unlike_count"": 0, ""score"": 0}, {""post_id"": 30, ""anonymous_code"": ""황소-1620"", ""post_type"": ""trade_share"", ""title"": ""전쟁 공포에 떨어질수록 사는 중 (17.2 만원)"", ""like_count"": 0, ""unlike_count"": 0, ""score"": 0}, {""post_id"": 31, ""anonymous_code"": ""돌고래-2979"", ""post_type"": ""trade_share"", ""title"": ""검은 수요일, 초고수들이 사모는 곳입니다. 오늘도 저점 매수."", ""like_count"": 0, ""unlike_count"": 0, ""score"": 0}, {""post_id"": 32, ""anonymous_code"": ""황소-4770"", ""post_type"": ""trade_share"", ""title"": ""5500 붕괴장, 초고수들 따라 매수했습니다 (삼성전자)"", ""like_count"": 0, ""unlike_count"": 0, ""score"": 0}, {""post_id"": 33, ""anonymous_code"": ""곰-8551"", ""post_type"": ""trade_share"", ""title"": ""전량 매도 완료... 전쟁 공포에 손절 타격"", ""like_count"": 0, ""unlike_count"": 0, ""score"": 0}, {""post_id"": 35, ""anonymous_code"": ""여우-1683"", ""post_type"": ""trade_share"", ""title"": ""떨어질수록 사는 원칙, 오늘도 검증 중입니다."", ""like_count"": 0, ""unlike_count"": 0, ""score"": 0}, {""post_id"": 36, ""anonymous_code"": ""독수리-9332"", ""post_type"": ""impression"", ""title"": ""폭락장 속 초고수들의 매수... 저평가 구간인가?"", ""like_count"": 0, ""unlike_count"": 0, ""score"": 0}, {""post_id"": 37, ""anonymous_code"": ""황소-6990"", ""post_type"": ""trade_share"", ""title"": ""다시 한 번 무릎에서 사왔습니다. (삼성전자)"", ""like_count"": 0, ""unlike_count"": 0, ""score"": 0}, {""post_id"": 38, ""anonymous_code"": ""펭귄-5408"", ""post_type"": ""trade_share"", ""title"": ""17 만 원대 매수 완료... 떨어질수록 사는 법의 시련"", ""like_count"": 0, ""unlike_count"": 0, ""score"": 0}, {""post_id"": 39, ""anonymous_code"": ""독수리-1692"", ""post_type"": ""trade_share"", ""title"": ""급락장에서의 손절매... 이제야 원칙을 지킨다."", ""like_count"": 0, ""unlike_count"": 0, ""score"": 0}, {""post_id"": 40, ""anonymous_code"": ""독수리-6722"", ""post_type"": ""trade_share"", ""title"": ""검은 수요일의 공포, 초고수들은 사는데 나는 팔았다..."", ""like_count"": 0, ""unlike_count"": 0, ""score"": 0}, {""post_id"": 41, ""anonymous_code"": ""곰-5671"", ""post_type"": ""profit_share"", ""title"": ""손절매로 마무리... 지갑은 비었지만 교훈은 남았습니다."", ""like_count"": 0, ""unlike_count"": 0, ""score"": 0}, {""post_id"": 42, ""anonymous_code"": ""늑대-3694"", ""post_type"": ""analysis"", ""title"": ""5500 붕괴와 초고수들의 매수: 공포 속의 기회"", ""like_count"": 0, ""unlike_count"": 0, ""score"": 0}]"
RN_COMM_ON_20260917,2026-03-04,6,A056,1,5,13,"[29, 30, 31, 32, 33, 34, 36, 37, 38, 39, 40, 41, 42]","[{""post_id"": 29, ""anonymous_code"": ""사자-8925"", ""post_type"": ""trade_share"", ""title"": ""급락장에서 초고수들 따라 17 만 원대 진입..."", ""like_count"": 0, ""unlike_count"": 0, ""score"": 0}, {""post_id"": 30, ""anonymous_code"": ""황소-1620"", ""post_type"": ""trade_share"", ""title"": ""전쟁 공포에 떨어질수록 사는 중 (17.2 만원)"", ""like_count"": 0, ""unlike_count"": 0, ""score"": 0}, {""post_id"": 31, ""anonymous_code"": ""돌고래-2979"", ""post_type"": ""trade_share"", ""title"": ""검은 수요일, 초고수들이 사모는 곳입니다. 오늘도 저점 매수."", ""like_count"": 0, ""unlike_count"": 0, ""score"": 0}, {""post_id"": 32, ""anonymous_code"": ""황소-4770"", ""post_type"": ""trade_share"", ""title"": ""5500 붕괴장, 초고수들 따라 매수했습니다 (삼성전자)"", ""like_count"": 0, ""unlike_count"": 0, ""score"": 0}, {""post_id"": 33, ""anonymous_code"": ""곰-8551"", ""post_type"": ""trade_share"", ""title"": ""전량 매도 완료... 전쟁 공포에 손절 타격"", ""like_count"": 0, ""unlike_count"": 0, ""score"": 0}, {""post_id"": 34, ""anonymous_code"": ""황소-4980"", ""post_type"": ""impression"", ""title"": ""지정학적 리스크 속에서도 AI는 유효하다"", ""like_count"": 0, ""unlike_count"": 0, ""score"": 0}, {""post_id"": 36, ""anonymous_code"": ""독수리-9332"", ""post_type"": ""impression"", ""title"": ""폭락장 속 초고수들의 매수... 저평가 구간인가?"", ""like_count"": 0, ""unlike_count"": 0, ""score"": 0}, {""post_id"": 37, ""anonymous_code"": ""황소-6990"", ""post_type"": ""trade_share"", ""title"": ""다시 한 번 무릎에서 사왔습니다. (삼성전자)"", ""like_count"": 0, ""unlike_count"": 0, ""score"": 0}, {""post_id"": 38, ""anonymous_code"": ""펭귄-5408"", ""post_type"": ""trade_share"", ""title"": ""17 만 원대 매수 완료... 떨어질수록 사는 법의 시련"", ""like_count"": 0, ""unlike_count"": 0, ""score"": 0}, {""post_id"": 39, ""anonymous_code"": ""독수리-1692"", ""post_type"": ""trade_share"", ""title"": ""급락장에서의 손절매... 이제야 원칙을 지킨다."", ""like_count"": 0, ""unlike_count"": 0, ""score"": 0}, {""post_id"": 40, ""anonymous_code"": ""독수리-6722"", ""post_type"": ""trade_share"", ""title"": ""검은 수요일의 공포, 초고수들은 사는데 나는 팔았다..."", ""like_count"": 0, ""unlike_count"": 0, ""score"": 0}, {""post_id"": 41, ""anonymous_code"": ""곰-5671"", ""post_type"": ""profit_share"", ""title"": ""손절매로 마무리... 지갑은 비었지만 교훈은 남았습니다."", ""like_count"": 0, ""unlike_count"": 0, ""score"": 0}, {""post_id"": 42, ""anonymous_code"": ""늑대-3694"", ""post_type"": ""analysis"", ""title"": ""5500 붕괴와 초고수들의 매수: 공포 속의 기회"", ""like_count"": 0, ""unlike_count"": 0, ""score"": 0}]"
RN_COMM_ON_20260917,2026-03-04,6,A054,1,5,14,"[29, 30, 31, 32, 33, 34, 35, 36, 37, 38, 39, 40, 41, 42]","[{""post_id"": 29, ""anonymous_code"": ""사자-8925"", ""post_type"": ""trade_share"", ""title"": ""급락장에서 초고수들 따라 17 만 원대 진입..."", ""like_count"": 0, ""unlike_count"": 0, ""score"": 0}, {""post_id"": 30, ""anonymous_code"": ""황소-1620"", ""post_type"": ""trade_share"", ""title"": ""전쟁 공포에 떨어질수록 사는 중 (17.2 만원)"", ""like_count"": 0, ""unlike_count"": 0, ""score"": 0}, {""post_id"": 31, ""anonymous_code"": ""돌고래-2979"", ""post_type"": ""trade_share"", ""title"": ""검은 수요일, 초고수들이 사모는 곳입니다. 오늘도 저점 매수."", ""like_count"": 0, ""unlike_count"": 0, ""score"": 0}, {""post_id"": 32, ""anonymous_code"": ""황소-4770"", ""post_type"": ""trade_share"", ""title"": ""5500 붕괴장, 초고수들 따라 매수했습니다 (삼성전자)"", ""like_count"": 0, ""unlike_count"": 0, ""score"": 0}, {""post_id"": 33, ""anonymous_code"": ""곰-8551"", ""post_type"": ""trade_share"", ""title"": ""전량 매도 완료... 전쟁 공포에 손절 타격"", ""like_count"": 0, ""unlike_count"": 0, ""score"": 0}, {""post_id"": 34, ""anonymous_code"": ""황소-4980"", ""post_type"": ""impression"", ""title"": ""지정학적 리스크 속에서도 AI는 유효하다"", ""like_count"": 0, ""unlike_count"": 0, ""score"": 0}, {""post_id"": 35, ""anonymous_code"": ""여우-1683"", ""post_type"": ""trade_share"", ""title"": ""떨어질수록 사는 원칙, 오늘도 검증 중입니다."", ""like_count"": 0, ""unlike_count"": 0, ""score"": 0}, {""post_id"": 36, ""anonymous_code"": ""독수리-9332"", ""post_type"": ""impression"", ""title"": ""폭락장 속 초고수들의 매수... 저평가 구간인가?"", ""like_count"": 0, ""unlike_count"": 0, ""score"": 0}, {""post_id"": 37, ""anonymous_code"": ""황소-6990"", ""post_type"": ""trade_share"", ""title"": ""다시 한 번 무릎에서 사왔습니다. (삼성전자)"", ""like_count"": 0, ""unlike_count"": 0, ""score"": 0}, {""post_id"": 38, ""anonymous_code"": ""펭귄-5408"", ""post_type"": ""trade_share"", ""title"": ""17 만 원대 매수 완료... 떨어질수록 사는 법의 시련"", ""like_count"": 0, ""unlike_count"": 0, ""score"": 0}, {""post_id"": 39, ""anonymous_code"": ""독수리-1692"", ""post_type"": ""trade_share"", ""title"": ""급락장에서의 손절매... 이제야 원칙을 지킨다."", ""like_count"": 0, ""unlike_count"": 0, ""score"": 0}, {""post_id"": 40, ""anonymous_code"": ""독수리-6722"", ""post_type"": ""trade_share"", ""title"": ""검은 수요일의 공포, 초고수들은 사는데 나는 팔았다..."", ""like_count"": 0, ""unlike_count"": 0, ""score"": 0}, {""post_id"": 41, ""anonymous_code"": ""곰-5671"", ""post_type"": ""profit_share"", ""title"": ""손절매로 마무리... 지갑은 비었지만 교훈은 남았습니다."", ""like_count"": 0, ""unlike_count"": 0, ""score"": 0}, {""post_id"": 42, ""anonymous_code"": ""늑대-3694"", ""post_type"": ""analysis"", ""title"": ""5500 붕괴와 초고수들의 매수: 공포 속의 기회"", ""like_count"": 0, ""unlike_count"": 0, ""score"": 0}]"
RN_COMM_ON_20260917,2026-03-04,6,A058,2,5,13,"[29, 30, 31, 32, 33, 34, 35, 37, 38, 39, 40, 41, 42]","[{""post_id"": 29, ""anonymous_code"": ""사자-8925"", ""post_type"": ""trade_share"", ""title"": ""급락장에서 초고수들 따라 17 만 원대 진입..."", ""like_count"": 0, ""unlike_count"": 0, ""score"": 0}, {""post_id"": 30, ""anonymous_code"": ""황소-1620"", ""post_type"": ""trade_share"", ""title"": ""전쟁 공포에 떨어질수록 사는 중 (17.2 만원)"", ""like_count"": 0, ""unlike_count"": 0, ""score"": 0}, {""post_id"": 31, ""anonymous_code"": ""돌고래-2979"", ""post_type"": ""trade_share"", ""title"": ""검은 수요일, 초고수들이 사모는 곳입니다. 오늘도 저점 매수."", ""like_count"": 0, ""unlike_count"": 0, ""score"": 0}, {""post_id"": 32, ""anonymous_code"": ""황소-4770"", ""post_type"": ""trade_share"", ""title"": ""5500 붕괴장, 초고수들 따라 매수했습니다 (삼성전자)"", ""like_count"": 0, ""unlike_count"": 0, ""score"": 0}, {""post_id"": 33, ""anonymous_code"": ""곰-8551"", ""post_type"": ""trade_share"", ""title"": ""전량 매도 완료... 전쟁 공포에 손절 타격"", ""like_count"": 0, ""unlike_count"": 0, ""score"": 0}, {""post_id"": 34, ""anonymous_code"": ""황소-4980"", ""post_type"": ""impression"", ""title"": ""지정학적 리스크 속에서도 AI는 유효하다"", ""like_count"": 0, ""unlike_count"": 0, ""score"": 0}, {""post_id"": 35, ""anonymous_code"": ""여우-1683"", ""post_type"": ""trade_share"", ""title"": ""떨어질수록 사는 원칙, 오늘도 검증 중입니다."", ""like_count"": 0, ""unlike_count"": 0, ""score"": 0}, {""post_id"": 37, ""anonymous_code"": ""황소-6990"", ""post_type"": ""trade_share"", ""title"": ""다시 한 번 무릎에서 사왔습니다. (삼성전자)"", ""like_count"": 0, ""unlike_count"": 0, ""score"": 0}, {""post_id"": 38, ""anonymous_code"": ""펭귄-5408"", ""post_type"": ""trade_share"", ""title"": ""17 만 원대 매수 완료... 떨어질수록 사는 법의 시련"", ""like_count"": 0, ""unlike_count"": 0, ""score"": 0}, {""post_id"": 39, ""anonymous_code"": ""독수리-1692"", ""post_type"": ""trade_share"", ""title"": ""급락장에서의 손절매... 이제야 원칙을 지킨다."", ""like_count"": 0, ""unlike_count"": 0, ""score"": 0}, {""post_id"": 40, ""anonymous_code"": ""독수리-6722"", ""post_type"": ""trade_share"", ""title"": ""검은 수요일의 공포, 초고수들은 사는데 나는 팔았다..."", ""like_count"": 0, ""unlike_count"": 0, ""score"": 0}, {""post_id"": 41, ""anonymous_code"": ""곰-5671"", ""post_type"": ""profit_share"", ""title"": ""손절매로 마무리... 지갑은 비었지만 교훈은 남았습니다."", ""like_count"": 0, ""unlike_count"": 0, ""score"": 0}, {""post_id"": 42, ""anonymous_code"": ""늑대-3694"", ""post_type"": ""analysis"", ""title"": ""5500 붕괴와 초고수들의 매수: 공포 속의 기회"", ""like_count"": 0, ""unlike_count"": 0, ""score"": 0}]"
RN_COMM_ON_20260917,2026-03-04,6,A059,2,5,14,"[29, 30, 31, 32, 33, 34, 35, 36, 37, 38, 39, 40, 41, 42]","[{""post_id"": 29, ""anonymous_code"": ""사자-8925"", ""post_type"": ""trade_share"", ""title"": ""급락장에서 초고수들 따라 17 만 원대 진입..."", ""like_count"": 0, ""unlike_count"": 0, ""score"": 0}, {""post_id"": 30, ""anonymous_code"": ""황소-1620"", ""post_type"": ""trade_share"", ""title"": ""전쟁 공포에 떨어질수록 사는 중 (17.2 만원)"", ""like_count"": 0, ""unlike_count"": 0, ""score"": 0}, {""post_id"": 31, ""anonymous_code"": ""돌고래-2979"", ""post_type"": ""trade_share"", ""title"": ""검은 수요일, 초고수들이 사모는 곳입니다. 오늘도 저점 매수."", ""like_count"": 0, ""unlike_count"": 0, ""score"": 0}, {""post_id"": 32, ""anonymous_code"": ""황소-4770"", ""post_type"": ""trade_share"", ""title"": ""5500 붕괴장, 초고수들 따라 매수했습니다 (삼성전자)"", ""like_count"": 0, ""unlike_count"": 0, ""score"": 0}, {""post_id"": 33, ""anonymous_code"": ""곰-8551"", ""post_type"": ""trade_share"", ""title"": ""전량 매도 완료... 전쟁 공포에 손절 타격"", ""like_count"": 0, ""unlike_count"": 0, ""score"": 0}, {""post_id"": 34, ""anonymous_code"": ""황소-4980"", ""post_type"": ""impression"", ""title"": ""지정학적 리스크 속에서도 AI는 유효하다"", ""like_count"": 0, ""unlike_count"": 0, ""score"": 0}, {""post_id"": 35, ""anonymous_code"": ""여우-1683"", ""post_type"": ""trade_share"", ""title"": ""떨어질수록 사는 원칙, 오늘도 검증 중입니다."", ""like_count"": 0, ""unlike_count"": 0, ""score"": 0}, {""post_id"": 36, ""anonymous_code"": ""독수리-9332"", ""post_type"": ""impression"", ""title"": ""폭락장 속 초고수들의 매수... 저평가 구간인가?"", ""like_count"": 0, ""unlike_count"": 0, ""score"": 0}, {""post_id"": 37, ""anonymous_code"": ""황소-6990"", ""post_type"": ""trade_share"", ""title"": ""다시 한 번 무릎에서 사왔습니다. (삼성전자)"", ""like_count"": 0, ""unlike_count"": 0, ""score"": 0}, {""post_id"": 38, ""anonymous_code"": ""펭귄-5408"", ""post_type"": ""trade_share"", ""title"": ""17 만 원대 매수 완료... 떨어질수록 사는 법의 시련"", ""like_count"": 0, ""unlike_count"": 0, ""score"": 0}, {""post_id"": 39, ""anonymous_code"": ""독수리-1692"", ""post_type"": ""trade_share"", ""title"": ""급락장에서의 손절매... 이제야 원칙을 지킨다."", ""like_count"": 0, ""unlike_count"": 0, ""score"": 0}, {""post_id"": 40, ""anonymous_code"": ""독수리-6722"", ""post_type"": ""trade_share"", ""title"": ""검은 수요일의 공포, 초고수들은 사는데 나는 팔았다..."", ""like_count"": 0, ""unlike_count"": 0, ""score"": 0}, {""post_id"": 41, ""anonymous_code"": ""곰-5671"", ""post_type"": ""profit_share"", ""title"": ""손절매로 마무리... 지갑은 비었지만 교훈은 남았습니다."", ""like_count"": 0, ""unlike_count"": 0, ""score"": 0}, {""post_id"": 42, ""anonymous_code"": ""늑대-3694"", ""post_type"": ""analysis"", ""title"": ""5500 붕괴와 초고수들의 매수: 공포 속의 기회"", ""like_count"": 0, ""unlike_count"": 0, ""score"": 0}]"
RN_COMM_ON_20260917,2026-03-04,6,A061,1,5,14,"[29, 30, 31, 32, 33, 34, 35, 36, 37, 38, 39, 40, 41, 42]","[{""post_id"": 29, ""anonymous_code"": ""사자-8925"", ""post_type"": ""trade_share"", ""title"": ""급락장에서 초고수들 따라 17 만 원대 진입..."", ""like_count"": 0, ""unlike_count"": 0, ""score"": 0}, {""post_id"": 30, ""anonymous_code"": ""황소-1620"", ""post_type"": ""trade_share"", ""title"": ""전쟁 공포에 떨어질수록 사는 중 (17.2 만원)"", ""like_count"": 0, ""unlike_count"": 0, ""score"": 0}, {""post_id"": 31, ""anonymous_code"": ""돌고래-2979"", ""post_type"": ""trade_share"", ""title"": ""검은 수요일, 초고수들이 사모는 곳입니다. 오늘도 저점 매수."", ""like_count"": 0, ""unlike_count"": 0, ""score"": 0}, {""post_id"": 32, ""anonymous_code"": ""황소-4770"", ""post_type"": ""trade_share"", ""title"": ""5500 붕괴장, 초고수들 따라 매수했습니다 (삼성전자)"", ""like_count"": 0, ""unlike_count"": 0, ""score"": 0}, {""post_id"": 33, ""anonymous_code"": ""곰-8551"", ""post_type"": ""trade_share"", ""title"": ""전량 매도 완료... 전쟁 공포에 손절 타격"", ""like_count"": 0, ""unlike_count"": 0, ""score"": 0}, {""post_id"": 34, ""anonymous_code"": ""황소-4980"", ""post_type"": ""impression"", ""title"": ""지정학적 리스크 속에서도 AI는 유효하다"", ""like_count"": 0, ""unlike_count"": 0, ""score"": 0}, {""post_id"": 35, ""anonymous_code"": ""여우-1683"", ""post_type"": ""trade_share"", ""title"": ""떨어질수록 사는 원칙, 오늘도 검증 중입니다."", ""like_count"": 0, ""unlike_count"": 0, ""score"": 0}, {""post_id"": 36, ""anonymous_code"": ""독수리-9332"", ""post_type"": ""impression"", ""title"": ""폭락장 속 초고수들의 매수... 저평가 구간인가?"", ""like_count"": 0, ""unlike_count"": 0, ""score"": 0}, {""post_id"": 37, ""anonymous_code"": ""황소-6990"", ""post_type"": ""trade_share"", ""title"": ""다시 한 번 무릎에서 사왔습니다. (삼성전자)"", ""like_count"": 0, ""unlike_count"": 0, ""score"": 0}, {""post_id"": 38, ""anonymous_code"": ""펭귄-5408"", ""post_type"": ""trade_share"", ""title"": ""17 만 원대 매수 완료... 떨어질수록 사는 법의 시련"", ""like_count"": 0, ""unlike_count"": 0, ""score"": 0}, {""post_id"": 39, ""anonymous_code"": ""독수리-1692"", ""post_type"": ""trade_share"", ""title"": ""급락장에서의 손절매... 이제야 원칙을 지킨다."", ""like_count"": 0, ""unlike_count"": 0, ""score"": 0}, {""post_id"": 40, ""anonymous_code"": ""독수리-6722"", ""post_type"": ""trade_share"", ""title"": ""검은 수요일의 공포, 초고수들은 사는데 나는 팔았다..."", ""like_count"": 0, ""unlike_count"": 0, ""score"": 0}, {""post_id"": 41, ""anonymous_code"": ""곰-5671"", ""post_type"": ""profit_share"", ""title"": ""손절매로 마무리... 지갑은 비었지만 교훈은 남았습니다."", ""like_count"": 0, ""unlike_count"": 0, ""score"": 0}, {""post_id"": 42, ""anonymous_code"": ""늑대-3694"", ""post_type"": ""analysis"", ""title"": ""5500 붕괴와 초고수들의 매수: 공포 속의 기회"", ""like_count"": 0, ""unlike_count"": 0, ""score"": 0}]"
RN_COMM_ON_20260917,2026-03-04,6,A063,1,5,14,"[29, 30, 31, 32, 33, 34, 35, 36, 37, 38, 39, 40, 41, 42]","[{""post_id"": 29, ""anonymous_code"": ""사자-8925"", ""post_type"": ""trade_share"", ""title"": ""급락장에서 초고수들 따라 17 만 원대 진입..."", ""like_count"": 0, ""unlike_count"": 0, ""score"": 0}, {""post_id"": 30, ""anonymous_code"": ""황소-1620"", ""post_type"": ""trade_share"", ""title"": ""전쟁 공포에 떨어질수록 사는 중 (17.2 만원)"", ""like_count"": 0, ""unlike_count"": 0, ""score"": 0}, {""post_id"": 31, ""anonymous_code"": ""돌고래-2979"", ""post_type"": ""trade_share"", ""title"": ""검은 수요일, 초고수들이 사모는 곳입니다. 오늘도 저점 매수."", ""like_count"": 0, ""unlike_count"": 0, ""score"": 0}, {""post_id"": 32, ""anonymous_code"": ""황소-4770"", ""post_type"": ""trade_share"", ""title"": ""5500 붕괴장, 초고수들 따라 매수했습니다 (삼성전자)"", ""like_count"": 0, ""unlike_count"": 0, ""score"": 0}, {""post_id"": 33, ""anonymous_code"": ""곰-8551"", ""post_type"": ""trade_share"", ""title"": ""전량 매도 완료... 전쟁 공포에 손절 타격"", ""like_count"": 0, ""unlike_count"": 0, ""score"": 0}, {""post_id"": 34, ""anonymous_code"": ""황소-4980"", ""post_type"": ""impression"", ""title"": ""지정학적 리스크 속에서도 AI는 유효하다"", ""like_count"": 0, ""unlike_count"": 0, ""score"": 0}, {""post_id"": 35, ""anonymous_code"": ""여우-1683"", ""post_type"": ""trade_share"", ""title"": ""떨어질수록 사는 원칙, 오늘도 검증 중입니다."", ""like_count"": 0, ""unlike_count"": 0, ""score"": 0}, {""post_id"": 36, ""anonymous_code"": ""독수리-9332"", ""post_type"": ""impression"", ""title"": ""폭락장 속 초고수들의 매수... 저평가 구간인가?"", ""like_count"": 0, ""unlike_count"": 0, ""score"": 0}, {""post_id"": 37, ""anonymous_code"": ""황소-6990"", ""post_type"": ""trade_share"", ""title"": ""다시 한 번 무릎에서 사왔습니다. (삼성전자)"", ""like_count"": 0, ""unlike_count"": 0, ""score"": 0}, {""post_id"": 38, ""anonymous_code"": ""펭귄-5408"", ""post_type"": ""trade_share"", ""title"": ""17 만 원대 매수 완료... 떨어질수록 사는 법의 시련"", ""like_count"": 0, ""unlike_count"": 0, ""score"": 0}, {""post_id"": 39, ""anonymous_code"": ""독수리-1692"", ""post_type"": ""trade_share"", ""title"": ""급락장에서의 손절매... 이제야 원칙을 지킨다."", ""like_count"": 0, ""unlike_count"": 0, ""score"": 0}, {""post_id"": 40, ""anonymous_code"": ""독수리-6722"", ""post_type"": ""trade_share"", ""title"": ""검은 수요일의 공포, 초고수들은 사는데 나는 팔았다..."", ""like_count"": 0, ""unlike_count"": 0, ""score"": 0}, {""post_id"": 41, ""anonymous_code"": ""곰-5671"", ""post_type"": ""profit_share"", ""title"": ""손절매로 마무리... 지갑은 비었지만 교훈은 남았습니다."", ""like_count"": 0, ""unlike_count"": 0, ""score"": 0}, {""post_id"": 42, ""anonymous_code"": ""늑대-3694"", ""post_type"": ""analysis"", ""title"": ""5500 붕괴와 초고수들의 매수: 공포 속의 기회"", ""like_count"": 0, ""unlike_count"": 0, ""score"": 0}]"
RN_COMM_ON_20260917,2026-03-04,6,A064,1,5,13,"[29, 30, 31, 32, 33, 34, 35, 36, 38, 39, 40, 41, 42]","[{""post_id"": 29, ""anonymous_code"": ""사자-8925"", ""post_type"": ""trade_share"", ""title"": ""급락장에서 초고수들 따라 17 만 원대 진입..."", ""like_count"": 0, ""unlike_count"": 0, ""score"": 0}, {""post_id"": 30, ""anonymous_code"": ""황소-1620"", ""post_type"": ""trade_share"", ""title"": ""전쟁 공포에 떨어질수록 사는 중 (17.2 만원)"", ""like_count"": 0, ""unlike_count"": 0, ""score"": 0}, {""post_id"": 31, ""anonymous_code"": ""돌고래-2979"", ""post_type"": ""trade_share"", ""title"": ""검은 수요일, 초고수들이 사모는 곳입니다. 오늘도 저점 매수."", ""like_count"": 0, ""unlike_count"": 0, ""score"": 0}, {""post_id"": 32, ""anonymous_code"": ""황소-4770"", ""post_type"": ""trade_share"", ""title"": ""5500 붕괴장, 초고수들 따라 매수했습니다 (삼성전자)"", ""like_count"": 0, ""unlike_count"": 0, ""score"": 0}, {""post_id"": 33, ""anonymous_code"": ""곰-8551"", ""post_type"": ""trade_share"", ""title"": ""전량 매도 완료... 전쟁 공포에 손절 타격"", ""like_count"": 0, ""unlike_count"": 0, ""score"": 0}, {""post_id"": 34, ""anonymous_code"": ""황소-4980"", ""post_type"": ""impression"", ""title"": ""지정학적 리스크 속에서도 AI는 유효하다"", ""like_count"": 0, ""unlike_count"": 0, ""score"": 0}, {""post_id"": 35, ""anonymous_code"": ""여우-1683"", ""post_type"": ""trade_share"", ""title"": ""떨어질수록 사는 원칙, 오늘도 검증 중입니다."", ""like_count"": 0, ""unlike_count"": 0, ""score"": 0}, {""post_id"": 36, ""anonymous_code"": ""독수리-9332"", ""post_type"": ""impression"", ""title"": ""폭락장 속 초고수들의 매수... 저평가 구간인가?"", ""like_count"": 0, ""unlike_count"": 0, ""score"": 0}, {""post_id"": 38, ""anonymous_code"": ""펭귄-5408"", ""post_type"": ""trade_share"", ""title"": ""17 만 원대 매수 완료... 떨어질수록 사는 법의 시련"", ""like_count"": 0, ""unlike_count"": 0, ""score"": 0}, {""post_id"": 39, ""anonymous_code"": ""독수리-1692"", ""post_type"": ""trade_share"", ""title"": ""급락장에서의 손절매... 이제야 원칙을 지킨다."", ""like_count"": 0, ""unlike_count"": 0, ""score"": 0}, {""post_id"": 40, ""anonymous_code"": ""독수리-6722"", ""post_type"": ""trade_share"", ""title"": ""검은 수요일의 공포, 초고수들은 사는데 나는 팔았다..."", ""like_count"": 0, ""unlike_count"": 0, ""score"": 0}, {""post_id"": 41, ""anonymous_code"": ""곰-5671"", ""post_type"": ""profit_share"", ""title"": ""손절매로 마무리... 지갑은 비었지만 교훈은 남았습니다."", ""like_count"": 0, ""unlike_count"": 0, ""score"": 0}, {""post_id"": 42, ""anonymous_code"": ""늑대-3694"", ""post_type"": ""analysis"", ""title"": ""5500 붕괴와 초고수들의 매수: 공포 속의 기회"", ""like_count"": 0, ""unlike_count"": 0, ""score"": 0}]"
RN_COMM_ON_20260917,2026-03-04,6,A065,1,5,14,"[29, 30, 31, 32, 33, 34, 35, 36, 37, 38, 39, 40, 41, 42]","[{""post_id"": 29, ""anonymous_code"": ""사자-8925"", ""post_type"": ""trade_share"", ""title"": ""급락장에서 초고수들 따라 17 만 원대 진입..."", ""like_count"": 0, ""unlike_count"": 0, ""score"": 0}, {""post_id"": 30, ""anonymous_code"": ""황소-1620"", ""post_type"": ""trade_share"", ""title"": ""전쟁 공포에 떨어질수록 사는 중 (17.2 만원)"", ""like_count"": 0, ""unlike_count"": 0, ""score"": 0}, {""post_id"": 31, ""anonymous_code"": ""돌고래-2979"", ""post_type"": ""trade_share"", ""title"": ""검은 수요일, 초고수들이 사모는 곳입니다. 오늘도 저점 매수."", ""like_count"": 0, ""unlike_count"": 0, ""score"": 0}, {""post_id"": 32, ""anonymous_code"": ""황소-4770"", ""post_type"": ""trade_share"", ""title"": ""5500 붕괴장, 초고수들 따라 매수했습니다 (삼성전자)"", ""like_count"": 0, ""unlike_count"": 0, ""score"": 0}, {""post_id"": 33, ""anonymous_code"": ""곰-8551"", ""post_type"": ""trade_share"", ""title"": ""전량 매도 완료... 전쟁 공포에 손절 타격"", ""like_count"": 0, ""unlike_count"": 0, ""score"": 0}, {""post_id"": 34, ""anonymous_code"": ""황소-4980"", ""post_type"": ""impression"", ""title"": ""지정학적 리스크 속에서도 AI는 유효하다"", ""like_count"": 0, ""unlike_count"": 0, ""score"": 0}, {""post_id"": 35, ""anonymous_code"": ""여우-1683"", ""post_type"": ""trade_share"", ""title"": ""떨어질수록 사는 원칙, 오늘도 검증 중입니다."", ""like_count"": 0, ""unlike_count"": 0, ""score"": 0}, {""post_id"": 36, ""anonymous_code"": ""독수리-9332"", ""post_type"": ""impression"", ""title"": ""폭락장 속 초고수들의 매수... 저평가 구간인가?"", ""like_count"": 0, ""unlike_count"": 0, ""score"": 0}, {""post_id"": 37, ""anonymous_code"": ""황소-6990"", ""post_type"": ""trade_share"", ""title"": ""다시 한 번 무릎에서 사왔습니다. (삼성전자)"", ""like_count"": 0, ""unlike_count"": 0, ""score"": 0}, {""post_id"": 38, ""anonymous_code"": ""펭귄-5408"", ""post_type"": ""trade_share"", ""title"": ""17 만 원대 매수 완료... 떨어질수록 사는 법의 시련"", ""like_count"": 0, ""unlike_count"": 0, ""score"": 0}, {""post_id"": 39, ""anonymous_code"": ""독수리-1692"", ""post_type"": ""trade_share"", ""title"": ""급락장에서의 손절매... 이제야 원칙을 지킨다."", ""like_count"": 0, ""unlike_count"": 0, ""score"": 0}, {""post_id"": 40, ""anonymous_code"": ""독수리-6722"", ""post_type"": ""trade_share"", ""title"": ""검은 수요일의 공포, 초고수들은 사는데 나는 팔았다..."", ""like_count"": 0, ""unlike_count"": 0, ""score"": 0}, {""post_id"": 41, ""anonymous_code"": ""곰-5671"", ""post_type"": ""profit_share"", ""title"": ""손절매로 마무리... 지갑은 비었지만 교훈은 남았습니다."", ""like_count"": 0, ""unlike_count"": 0, ""score"": 0}, {""post_id"": 42, ""anonymous_code"": ""늑대-3694"", ""post_type"": ""analysis"", ""title"": ""5500 붕괴와 초고수들의 매수: 공포 속의 기회"", ""like_count"": 0, ""unlike_count"": 0, ""score"": 0}]"
RN_COMM_ON_20260917,2026-03-04,6,A066,1,5,14,"[29, 30, 31, 32, 33, 34, 35, 36, 37, 38, 39, 40, 41, 42]","[{""post_id"": 29, ""anonymous_code"": ""사자-8925"", ""post_type"": ""trade_share"", ""title"": ""급락장에서 초고수들 따라 17 만 원대 진입..."", ""like_count"": 0, ""unlike_count"": 0, ""score"": 0}, {""post_id"": 30, ""anonymous_code"": ""황소-1620"", ""post_type"": ""trade_share"", ""title"": ""전쟁 공포에 떨어질수록 사는 중 (17.2 만원)"", ""like_count"": 0, ""unlike_count"": 0, ""score"": 0}, {""post_id"": 31, ""anonymous_code"": ""돌고래-2979"", ""post_type"": ""trade_share"", ""title"": ""검은 수요일, 초고수들이 사모는 곳입니다. 오늘도 저점 매수."", ""like_count"": 0, ""unlike_count"": 0, ""score"": 0}, {""post_id"": 32, ""anonymous_code"": ""황소-4770"", ""post_type"": ""trade_share"", ""title"": ""5500 붕괴장, 초고수들 따라 매수했습니다 (삼성전자)"", ""like_count"": 0, ""unlike_count"": 0, ""score"": 0}, {""post_id"": 33, ""anonymous_code"": ""곰-8551"", ""post_type"": ""trade_share"", ""title"": ""전량 매도 완료... 전쟁 공포에 손절 타격"", ""like_count"": 0, ""unlike_count"": 0, ""score"": 0}, {""post_id"": 34, ""anonymous_code"": ""황소-4980"", ""post_type"": ""impression"", ""title"": ""지정학적 리스크 속에서도 AI는 유효하다"", ""like_count"": 0, ""unlike_count"": 0, ""score"": 0}, {""post_id"": 35, ""anonymous_code"": ""여우-1683"", ""post_type"": ""trade_share"", ""title"": ""떨어질수록 사는 원칙, 오늘도 검증 중입니다."", ""like_count"": 0, ""unlike_count"": 0, ""score"": 0}, {""post_id"": 36, ""anonymous_code"": ""독수리-9332"", ""post_type"": ""impression"", ""title"": ""폭락장 속 초고수들의 매수... 저평가 구간인가?"", ""like_count"": 0, ""unlike_count"": 0, ""score"": 0}, {""post_id"": 37, ""anonymous_code"": ""황소-6990"", ""post_type"": ""trade_share"", ""title"": ""다시 한 번 무릎에서 사왔습니다. (삼성전자)"", ""like_count"": 0, ""unlike_count"": 0, ""score"": 0}, {""post_id"": 38, ""anonymous_code"": ""펭귄-5408"", ""post_type"": ""trade_share"", ""title"": ""17 만 원대 매수 완료... 떨어질수록 사는 법의 시련"", ""like_count"": 0, ""unlike_count"": 0, ""score"": 0}, {""post_id"": 39, ""anonymous_code"": ""독수리-1692"", ""post_type"": ""trade_share"", ""title"": ""급락장에서의 손절매... 이제야 원칙을 지킨다."", ""like_count"": 0, ""unlike_count"": 0, ""score"": 0}, {""post_id"": 40, ""anonymous_code"": ""독수리-6722"", ""post_type"": ""trade_share"", ""title"": ""검은 수요일의 공포, 초고수들은 사는데 나는 팔았다..."", ""like_count"": 0, ""unlike_count"": 0, ""score"": 0}, {""post_id"": 41, ""anonymous_code"": ""곰-5671"", ""post_type"": ""profit_share"", ""title"": ""손절매로 마무리... 지갑은 비었지만 교훈은 남았습니다."", ""like_count"": 0, ""unlike_count"": 0, ""score"": 0}, {""post_id"": 42, ""anonymous_code"": ""늑대-3694"", ""post_type"": ""analysis"", ""title"": ""5500 붕괴와 초고수들의 매수: 공포 속의 기회"", ""like_count"": 0, ""unlike_count"": 0, ""score"": 0}]"
RN_COMM_ON_20260917,2026-03-04,6,A069,1,5,14,"[29, 30, 31, 32, 33, 34, 35, 36, 37, 38, 39, 40, 41, 42]","[{""post_id"": 29, ""anonymous_code"": ""사자-8925"", ""post_type"": ""trade_share"", ""title"": ""급락장에서 초고수들 따라 17 만 원대 진입..."", ""like_count"": 0, ""unlike_count"": 0, ""score"": 0}, {""post_id"": 30, ""anonymous_code"": ""황소-1620"", ""post_type"": ""trade_share"", ""title"": ""전쟁 공포에 떨어질수록 사는 중 (17.2 만원)"", ""like_count"": 0, ""unlike_count"": 0, ""score"": 0}, {""post_id"": 31, ""anonymous_code"": ""돌고래-2979"", ""post_type"": ""trade_share"", ""title"": ""검은 수요일, 초고수들이 사모는 곳입니다. 오늘도 저점 매수."", ""like_count"": 0, ""unlike_count"": 0, ""score"": 0}, {""post_id"": 32, ""anonymous_code"": ""황소-4770"", ""post_type"": ""trade_share"", ""title"": ""5500 붕괴장, 초고수들 따라 매수했습니다 (삼성전자)"", ""like_count"": 0, ""unlike_count"": 0, ""score"": 0}, {""post_id"": 33, ""anonymous_code"": ""곰-8551"", ""post_type"": ""trade_share"", ""title"": ""전량 매도 완료... 전쟁 공포에 손절 타격"", ""like_count"": 0, ""unlike_count"": 0, ""score"": 0}, {""post_id"": 34, ""anonymous_code"": ""황소-4980"", ""post_type"": ""impression"", ""title"": ""지정학적 리스크 속에서도 AI는 유효하다"", ""like_count"": 0, ""unlike_count"": 0, ""score"": 0}, {""post_id"": 35, ""anonymous_code"": ""여우-1683"", ""post_type"": ""trade_share"", ""title"": ""떨어질수록 사는 원칙, 오늘도 검증 중입니다."", ""like_count"": 0, ""unlike_count"": 0, ""score"": 0}, {""post_id"": 36, ""anonymous_code"": ""독수리-9332"", ""post_type"": ""impression"", ""title"": ""폭락장 속 초고수들의 매수... 저평가 구간인가?"", ""like_count"": 0, ""unlike_count"": 0, ""score"": 0}, {""post_id"": 37, ""anonymous_code"": ""황소-6990"", ""post_type"": ""trade_share"", ""title"": ""다시 한 번 무릎에서 사왔습니다. (삼성전자)"", ""like_count"": 0, ""unlike_count"": 0, ""score"": 0}, {""post_id"": 38, ""anonymous_code"": ""펭귄-5408"", ""post_type"": ""trade_share"", ""title"": ""17 만 원대 매수 완료... 떨어질수록 사는 법의 시련"", ""like_count"": 0, ""unlike_count"": 0, ""score"": 0}, {""post_id"": 39, ""anonymous_code"": ""독수리-1692"", ""post_type"": ""trade_share"", ""title"": ""급락장에서의 손절매... 이제야 원칙을 지킨다."", ""like_count"": 0, ""unlike_count"": 0, ""score"": 0}, {""post_id"": 40, ""anonymous_code"": ""독수리-6722"", ""post_type"": ""trade_share"", ""title"": ""검은 수요일의 공포, 초고수들은 사는데 나는 팔았다..."", ""like_count"": 0, ""unlike_count"": 0, ""score"": 0}, {""post_id"": 41, ""anonymous_code"": ""곰-5671"", ""post_type"": ""profit_share"", ""title"": ""손절매로 마무리... 지갑은 비었지만 교훈은 남았습니다."", ""like_count"": 0, ""unlike_count"": 0, ""score"": 0}, {""post_id"": 42, ""anonymous_code"": ""늑대-3694"", ""post_type"": ""analysis"", ""title"": ""5500 붕괴와 초고수들의 매수: 공포 속의 기회"", ""like_count"": 0, ""unlike_count"": 0, ""score"": 0}]"
RN_COMM_ON_20260917,2026-03-04,6,A070,1,5,14,"[29, 30, 31, 32, 33, 34, 35, 36, 37, 38, 39, 40, 41, 42]","[{""post_id"": 29, ""anonymous_code"": ""사자-8925"", ""post_type"": ""trade_share"", ""title"": ""급락장에서 초고수들 따라 17 만 원대 진입..."", ""like_count"": 0, ""unlike_count"": 0, ""score"": 0}, {""post_id"": 30, ""anonymous_code"": ""황소-1620"", ""post_type"": ""trade_share"", ""title"": ""전쟁 공포에 떨어질수록 사는 중 (17.2 만원)"", ""like_count"": 0, ""unlike_count"": 0, ""score"": 0}, {""post_id"": 31, ""anonymous_code"": ""돌고래-2979"", ""post_type"": ""trade_share"", ""title"": ""검은 수요일, 초고수들이 사모는 곳입니다. 오늘도 저점 매수."", ""like_count"": 0, ""unlike_count"": 0, ""score"": 0}, {""post_id"": 32, ""anonymous_code"": ""황소-4770"", ""post_type"": ""trade_share"", ""title"": ""5500 붕괴장, 초고수들 따라 매수했습니다 (삼성전자)"", ""like_count"": 0, ""unlike_count"": 0, ""score"": 0}, {""post_id"": 33, ""anonymous_code"": ""곰-8551"", ""post_type"": ""trade_share"", ""title"": ""전량 매도 완료... 전쟁 공포에 손절 타격"", ""like_count"": 0, ""unlike_count"": 0, ""score"": 0}, {""post_id"": 34, ""anonymous_code"": ""황소-4980"", ""post_type"": ""impression"", ""title"": ""지정학적 리스크 속에서도 AI는 유효하다"", ""like_count"": 0, ""unlike_count"": 0, ""score"": 0}, {""post_id"": 35, ""anonymous_code"": ""여우-1683"", ""post_type"": ""trade_share"", ""title"": ""떨어질수록 사는 원칙, 오늘도 검증 중입니다."", ""like_count"": 0, ""unlike_count"": 0, ""score"": 0}, {""post_id"": 36, ""anonymous_code"": ""독수리-9332"", ""post_type"": ""impression"", ""title"": ""폭락장 속 초고수들의 매수... 저평가 구간인가?"", ""like_count"": 0, ""unlike_count"": 0, ""score"": 0}, {""post_id"": 37, ""anonymous_code"": ""황소-6990"", ""post_type"": ""trade_share"", ""title"": ""다시 한 번 무릎에서 사왔습니다. (삼성전자)"", ""like_count"": 0, ""unlike_count"": 0, ""score"": 0}, {""post_id"": 38, ""anonymous_code"": ""펭귄-5408"", ""post_type"": ""trade_share"", ""title"": ""17 만 원대 매수 완료... 떨어질수록 사는 법의 시련"", ""like_count"": 0, ""unlike_count"": 0, ""score"": 0}, {""post_id"": 39, ""anonymous_code"": ""독수리-1692"", ""post_type"": ""trade_share"", ""title"": ""급락장에서의 손절매... 이제야 원칙을 지킨다."", ""like_count"": 0, ""unlike_count"": 0, ""score"": 0}, {""post_id"": 40, ""anonymous_code"": ""독수리-6722"", ""post_type"": ""trade_share"", ""title"": ""검은 수요일의 공포, 초고수들은 사는데 나는 팔았다..."", ""like_count"": 0, ""unlike_count"": 0, ""score"": 0}, {""post_id"": 41, ""anonymous_code"": ""곰-5671"", ""post_type"": ""profit_share"", ""title"": ""손절매로 마무리... 지갑은 비었지만 교훈은 남았습니다."", ""like_count"": 0, ""unlike_count"": 0, ""score"": 0}, {""post_id"": 42, ""anonymous_code"": ""늑대-3694"", ""post_type"": ""analysis"", ""title"": ""5500 붕괴와 초고수들의 매수: 공포 속의 기회"", ""like_count"": 0, ""unlike_count"": 0, ""score"": 0}]"
RN_COMM_ON_20260917,2026-03-04,6,A073,2,5,13,"[29, 30, 31, 32, 33, 34, 35, 36, 37, 38, 40, 41, 42]","[{""post_id"": 29, ""anonymous_code"": ""사자-8925"", ""post_type"": ""trade_share"", ""title"": ""급락장에서 초고수들 따라 17 만 원대 진입..."", ""like_count"": 0, ""unlike_count"": 0, ""score"": 0}, {""post_id"": 30, ""anonymous_code"": ""황소-1620"", ""post_type"": ""trade_share"", ""title"": ""전쟁 공포에 떨어질수록 사는 중 (17.2 만원)"", ""like_count"": 0, ""unlike_count"": 0, ""score"": 0}, {""post_id"": 31, ""anonymous_code"": ""돌고래-2979"", ""post_type"": ""trade_share"", ""title"": ""검은 수요일, 초고수들이 사모는 곳입니다. 오늘도 저점 매수."", ""like_count"": 0, ""unlike_count"": 0, ""score"": 0}, {""post_id"": 32, ""anonymous_code"": ""황소-4770"", ""post_type"": ""trade_share"", ""title"": ""5500 붕괴장, 초고수들 따라 매수했습니다 (삼성전자)"", ""like_count"": 0, ""unlike_count"": 0, ""score"": 0}, {""post_id"": 33, ""anonymous_code"": ""곰-8551"", ""post_type"": ""trade_share"", ""title"": ""전량 매도 완료... 전쟁 공포에 손절 타격"", ""like_count"": 0, ""unlike_count"": 0, ""score"": 0}, {""post_id"": 34, ""anonymous_code"": ""황소-4980"", ""post_type"": ""impression"", ""title"": ""지정학적 리스크 속에서도 AI는 유효하다"", ""like_count"": 0, ""unlike_count"": 0, ""score"": 0}, {""post_id"": 35, ""anonymous_code"": ""여우-1683"", ""post_type"": ""trade_share"", ""title"": ""떨어질수록 사는 원칙, 오늘도 검증 중입니다."", ""like_count"": 0, ""unlike_count"": 0, ""score"": 0}, {""post_id"": 36, ""anonymous_code"": ""독수리-9332"", ""post_type"": ""impression"", ""title"": ""폭락장 속 초고수들의 매수... 저평가 구간인가?"", ""like_count"": 0, ""unlike_count"": 0, ""score"": 0}, {""post_id"": 37, ""anonymous_code"": ""황소-6990"", ""post_type"": ""trade_share"", ""title"": ""다시 한 번 무릎에서 사왔습니다. (삼성전자)"", ""like_count"": 0, ""unlike_count"": 0, ""score"": 0}, {""post_id"": 38, ""anonymous_code"": ""펭귄-5408"", ""post_type"": ""trade_share"", ""title"": ""17 만 원대 매수 완료... 떨어질수록 사는 법의 시련"", ""like_count"": 0, ""unlike_count"": 0, ""score"": 0}, {""post_id"": 40, ""anonymous_code"": ""독수리-6722"", ""post_type"": ""trade_share"", ""title"": ""검은 수요일의 공포, 초고수들은 사는데 나는 팔았다..."", ""like_count"": 0, ""unlike_count"": 0, ""score"": 0}, {""post_id"": 41, ""anonymous_code"": ""곰-5671"", ""post_type"": ""profit_share"", ""title"": ""손절매로 마무리... 지갑은 비었지만 교훈은 남았습니다."", ""like_count"": 0, ""unlike_count"": 0, ""score"": 0}, {""post_id"": 42, ""anonymous_code"": ""늑대-3694"", ""post_type"": ""analysis"", ""title"": ""5500 붕괴와 초고수들의 매수: 공포 속의 기회"", ""like_count"": 0, ""unlike_count"": 0, ""score"": 0}]"
RN_COMM_ON_20260917,2026-03-04,6,A071,2,5,13,"[29, 30, 31, 32, 33, 34, 35, 36, 37, 39, 40, 41, 42]","[{""post_id"": 29, ""anonymous_code"": ""사자-8925"", ""post_type"": ""trade_share"", ""title"": ""급락장에서 초고수들 따라 17 만 원대 진입..."", ""like_count"": 0, ""unlike_count"": 0, ""score"": 0}, {""post_id"": 30, ""anonymous_code"": ""황소-1620"", ""post_type"": ""trade_share"", ""title"": ""전쟁 공포에 떨어질수록 사는 중 (17.2 만원)"", ""like_count"": 0, ""unlike_count"": 0, ""score"": 0}, {""post_id"": 31, ""anonymous_code"": ""돌고래-2979"", ""post_type"": ""trade_share"", ""title"": ""검은 수요일, 초고수들이 사모는 곳입니다. 오늘도 저점 매수."", ""like_count"": 0, ""unlike_count"": 0, ""score"": 0}, {""post_id"": 32, ""anonymous_code"": ""황소-4770"", ""post_type"": ""trade_share"", ""title"": ""5500 붕괴장, 초고수들 따라 매수했습니다 (삼성전자)"", ""like_count"": 0, ""unlike_count"": 0, ""score"": 0}, {""post_id"": 33, ""anonymous_code"": ""곰-8551"", ""post_type"": ""trade_share"", ""title"": ""전량 매도 완료... 전쟁 공포에 손절 타격"", ""like_count"": 0, ""unlike_count"": 0, ""score"": 0}, {""post_id"": 34, ""anonymous_code"": ""황소-4980"", ""post_type"": ""impression"", ""title"": ""지정학적 리스크 속에서도 AI는 유효하다"", ""like_count"": 0, ""unlike_count"": 0, ""score"": 0}, {""post_id"": 35, ""anonymous_code"": ""여우-1683"", ""post_type"": ""trade_share"", ""title"": ""떨어질수록 사는 원칙, 오늘도 검증 중입니다."", ""like_count"": 0, ""unlike_count"": 0, ""score"": 0}, {""post_id"": 36, ""anonymous_code"": ""독수리-9332"", ""post_type"": ""impression"", ""title"": ""폭락장 속 초고수들의 매수... 저평가 구간인가?"", ""like_count"": 0, ""unlike_count"": 0, ""score"": 0}, {""post_id"": 37, ""anonymous_code"": ""황소-6990"", ""post_type"": ""trade_share"", ""title"": ""다시 한 번 무릎에서 사왔습니다. (삼성전자)"", ""like_count"": 0, ""unlike_count"": 0, ""score"": 0}, {""post_id"": 39, ""anonymous_code"": ""독수리-1692"", ""post_type"": ""trade_share"", ""title"": ""급락장에서의 손절매... 이제야 원칙을 지킨다."", ""like_count"": 0, ""unlike_count"": 0, ""score"": 0}, {""post_id"": 40, ""anonymous_code"": ""독수리-6722"", ""post_type"": ""trade_share"", ""title"": ""검은 수요일의 공포, 초고수들은 사는데 나는 팔았다..."", ""like_count"": 0, ""unlike_count"": 0, ""score"": 0}, {""post_id"": 41, ""anonymous_code"": ""곰-5671"", ""post_type"": ""profit_share"", ""title"": ""손절매로 마무리... 지갑은 비었지만 교훈은 남았습니다."", ""like_count"": 0, ""unlike_count"": 0, ""score"": 0}, {""post_id"": 42, ""anonymous_code"": ""늑대-3694"", ""post_type"": ""analysis"", ""title"": ""5500 붕괴와 초고수들의 매수: 공포 속의 기회"", ""like_count"": 0, ""unlike_count"": 0, ""score"": 0}]"
RN_COMM_ON_20260917,2026-03-04,6,A075,1,5,14,"[29, 30, 31, 32, 33, 34, 35, 36, 37, 38, 39, 40, 41, 42]","[{""post_id"": 29, ""anonymous_code"": ""사자-8925"", ""post_type"": ""trade_share"", ""title"": ""급락장에서 초고수들 따라 17 만 원대 진입..."", ""like_count"": 0, ""unlike_count"": 0, ""score"": 0}, {""post_id"": 30, ""anonymous_code"": ""황소-1620"", ""post_type"": ""trade_share"", ""title"": ""전쟁 공포에 떨어질수록 사는 중 (17.2 만원)"", ""like_count"": 0, ""unlike_count"": 0, ""score"": 0}, {""post_id"": 31, ""anonymous_code"": ""돌고래-2979"", ""post_type"": ""trade_share"", ""title"": ""검은 수요일, 초고수들이 사모는 곳입니다. 오늘도 저점 매수."", ""like_count"": 0, ""unlike_count"": 0, ""score"": 0}, {""post_id"": 32, ""anonymous_code"": ""황소-4770"", ""post_type"": ""trade_share"", ""title"": ""5500 붕괴장, 초고수들 따라 매수했습니다 (삼성전자)"", ""like_count"": 0, ""unlike_count"": 0, ""score"": 0}, {""post_id"": 33, ""anonymous_code"": ""곰-8551"", ""post_type"": ""trade_share"", ""title"": ""전량 매도 완료... 전쟁 공포에 손절 타격"", ""like_count"": 0, ""unlike_count"": 0, ""score"": 0}, {""post_id"": 34, ""anonymous_code"": ""황소-4980"", ""post_type"": ""impression"", ""title"": ""지정학적 리스크 속에서도 AI는 유효하다"", ""like_count"": 0, ""unlike_count"": 0, ""score"": 0}, {""post_id"": 35, ""anonymous_code"": ""여우-1683"", ""post_type"": ""trade_share"", ""title"": ""떨어질수록 사는 원칙, 오늘도 검증 중입니다."", ""like_count"": 0, ""unlike_count"": 0, ""score"": 0}, {""post_id"": 36, ""anonymous_code"": ""독수리-9332"", ""post_type"": ""impression"", ""title"": ""폭락장 속 초고수들의 매수... 저평가 구간인가?"", ""like_count"": 0, ""unlike_count"": 0, ""score"": 0}, {""post_id"": 37, ""anonymous_code"": ""황소-6990"", ""post_type"": ""trade_share"", ""title"": ""다시 한 번 무릎에서 사왔습니다. (삼성전자)"", ""like_count"": 0, ""unlike_count"": 0, ""score"": 0}, {""post_id"": 38, ""anonymous_code"": ""펭귄-5408"", ""post_type"": ""trade_share"", ""title"": ""17 만 원대 매수 완료... 떨어질수록 사는 법의 시련"", ""like_count"": 0, ""unlike_count"": 0, ""score"": 0}, {""post_id"": 39, ""anonymous_code"": ""독수리-1692"", ""post_type"": ""trade_share"", ""title"": ""급락장에서의 손절매... 이제야 원칙을 지킨다."", ""like_count"": 0, ""unlike_count"": 0, ""score"": 0}, {""post_id"": 40, ""anonymous_code"": ""독수리-6722"", ""post_type"": ""trade_share"", ""title"": ""검은 수요일의 공포, 초고수들은 사는데 나는 팔았다..."", ""like_count"": 0, ""unlike_count"": 0, ""score"": 0}, {""post_id"": 41, ""anonymous_code"": ""곰-5671"", ""post_type"": ""profit_share"", ""title"": ""손절매로 마무리... 지갑은 비었지만 교훈은 남았습니다."", ""like_count"": 0, ""unlike_count"": 0, ""score"": 0}, {""post_id"": 42, ""anonymous_code"": ""늑대-3694"", ""post_type"": ""analysis"", ""title"": ""5500 붕괴와 초고수들의 매수: 공포 속의 기회"", ""like_count"": 0, ""unlike_count"": 0, ""score"": 0}]"
RN_COMM_ON_20260917,2026-03-04,6,A077,1,5,14,"[29, 30, 31, 32, 33, 34, 35, 36, 37, 38, 39, 40, 41, 42]","[{""post_id"": 29, ""anonymous_code"": ""사자-8925"", ""post_type"": ""trade_share"", ""title"": ""급락장에서 초고수들 따라 17 만 원대 진입..."", ""like_count"": 0, ""unlike_count"": 0, ""score"": 0}, {""post_id"": 30, ""anonymous_code"": ""황소-1620"", ""post_type"": ""trade_share"", ""title"": ""전쟁 공포에 떨어질수록 사는 중 (17.2 만원)"", ""like_count"": 0, ""unlike_count"": 0, ""score"": 0}, {""post_id"": 31, ""anonymous_code"": ""돌고래-2979"", ""post_type"": ""trade_share"", ""title"": ""검은 수요일, 초고수들이 사모는 곳입니다. 오늘도 저점 매수."", ""like_count"": 0, ""unlike_count"": 0, ""score"": 0}, {""post_id"": 32, ""anonymous_code"": ""황소-4770"", ""post_type"": ""trade_share"", ""title"": ""5500 붕괴장, 초고수들 따라 매수했습니다 (삼성전자)"", ""like_count"": 0, ""unlike_count"": 0, ""score"": 0}, {""post_id"": 33, ""anonymous_code"": ""곰-8551"", ""post_type"": ""trade_share"", ""title"": ""전량 매도 완료... 전쟁 공포에 손절 타격"", ""like_count"": 0, ""unlike_count"": 0, ""score"": 0}, {""post_id"": 34, ""anonymous_code"": ""황소-4980"", ""post_type"": ""impression"", ""title"": ""지정학적 리스크 속에서도 AI는 유효하다"", ""like_count"": 0, ""unlike_count"": 0, ""score"": 0}, {""post_id"": 35, ""anonymous_code"": ""여우-1683"", ""post_type"": ""trade_share"", ""title"": ""떨어질수록 사는 원칙, 오늘도 검증 중입니다."", ""like_count"": 0, ""unlike_count"": 0, ""score"": 0}, {""post_id"": 36, ""anonymous_code"": ""독수리-9332"", ""post_type"": ""impression"", ""title"": ""폭락장 속 초고수들의 매수... 저평가 구간인가?"", ""like_count"": 0, ""unlike_count"": 0, ""score"": 0}, {""post_id"": 37, ""anonymous_code"": ""황소-6990"", ""post_type"": ""trade_share"", ""title"": ""다시 한 번 무릎에서 사왔습니다. (삼성전자)"", ""like_count"": 0, ""unlike_count"": 0, ""score"": 0}, {""post_id"": 38, ""anonymous_code"": ""펭귄-5408"", ""post_type"": ""trade_share"", ""title"": ""17 만 원대 매수 완료... 떨어질수록 사는 법의 시련"", ""like_count"": 0, ""unlike_count"": 0, ""score"": 0}, {""post_id"": 39, ""anonymous_code"": ""독수리-1692"", ""post_type"": ""trade_share"", ""title"": ""급락장에서의 손절매... 이제야 원칙을 지킨다."", ""like_count"": 0, ""unlike_count"": 0, ""score"": 0}, {""post_id"": 40, ""anonymous_code"": ""독수리-6722"", ""post_type"": ""trade_share"", ""title"": ""검은 수요일의 공포, 초고수들은 사는데 나는 팔았다..."", ""like_count"": 0, ""unlike_count"": 0, ""score"": 0}, {""post_id"": 41, ""anonymous_code"": ""곰-5671"", ""post_type"": ""profit_share"", ""title"": ""손절매로 마무리... 지갑은 비었지만 교훈은 남았습니다."", ""like_count"": 0, ""unlike_count"": 0, ""score"": 0}, {""post_id"": 42, ""anonymous_code"": ""늑대-3694"", ""post_type"": ""analysis"", ""title"": ""5500 붕괴와 초고수들의 매수: 공포 속의 기회"", ""like_count"": 0, ""unlike_count"": 0, ""score"": 0}]"
RN_COMM_ON_20260917,2026-03-04,6,A079,1,5,14,"[29, 30, 31, 32, 33, 34, 35, 36, 37, 38, 39, 40, 41, 42]","[{""post_id"": 29, ""anonymous_code"": ""사자-8925"", ""post_type"": ""trade_share"", ""title"": ""급락장에서 초고수들 따라 17 만 원대 진입..."", ""like_count"": 0, ""unlike_count"": 0, ""score"": 0}, {""post_id"": 30, ""anonymous_code"": ""황소-1620"", ""post_type"": ""trade_share"", ""title"": ""전쟁 공포에 떨어질수록 사는 중 (17.2 만원)"", ""like_count"": 0, ""unlike_count"": 0, ""score"": 0}, {""post_id"": 31, ""anonymous_code"": ""돌고래-2979"", ""post_type"": ""trade_share"", ""title"": ""검은 수요일, 초고수들이 사모는 곳입니다. 오늘도 저점 매수."", ""like_count"": 0, ""unlike_count"": 0, ""score"": 0}, {""post_id"": 32, ""anonymous_code"": ""황소-4770"", ""post_type"": ""trade_share"", ""title"": ""5500 붕괴장, 초고수들 따라 매수했습니다 (삼성전자)"", ""like_count"": 0, ""unlike_count"": 0, ""score"": 0}, {""post_id"": 33, ""anonymous_code"": ""곰-8551"", ""post_type"": ""trade_share"", ""title"": ""전량 매도 완료... 전쟁 공포에 손절 타격"", ""like_count"": 0, ""unlike_count"": 0, ""score"": 0}, {""post_id"": 34, ""anonymous_code"": ""황소-4980"", ""post_type"": ""impression"", ""title"": ""지정학적 리스크 속에서도 AI는 유효하다"", ""like_count"": 0, ""unlike_count"": 0, ""score"": 0}, {""post_id"": 35, ""anonymous_code"": ""여우-1683"", ""post_type"": ""trade_share"", ""title"": ""떨어질수록 사는 원칙, 오늘도 검증 중입니다."", ""like_count"": 0, ""unlike_count"": 0, ""score"": 0}, {""post_id"": 36, ""anonymous_code"": ""독수리-9332"", ""post_type"": ""impression"", ""title"": ""폭락장 속 초고수들의 매수... 저평가 구간인가?"", ""like_count"": 0, ""unlike_count"": 0, ""score"": 0}, {""post_id"": 37, ""anonymous_code"": ""황소-6990"", ""post_type"": ""trade_share"", ""title"": ""다시 한 번 무릎에서 사왔습니다. (삼성전자)"", ""like_count"": 0, ""unlike_count"": 0, ""score"": 0}, {""post_id"": 38, ""anonymous_code"": ""펭귄-5408"", ""post_type"": ""trade_share"", ""title"": ""17 만 원대 매수 완료... 떨어질수록 사는 법의 시련"", ""like_count"": 0, ""unlike_count"": 0, ""score"": 0}, {""post_id"": 39, ""anonymous_code"": ""독수리-1692"", ""post_type"": ""trade_share"", ""title"": ""급락장에서의 손절매... 이제야 원칙을 지킨다."", ""like_count"": 0, ""unlike_count"": 0, ""score"": 0}, {""post_id"": 40, ""anonymous_code"": ""독수리-6722"", ""post_type"": ""trade_share"", ""title"": ""검은 수요일의 공포, 초고수들은 사는데 나는 팔았다..."", ""like_count"": 0, ""unlike_count"": 0, ""score"": 0}, {""post_id"": 41, ""anonymous_code"": ""곰-5671"", ""post_type"": ""profit_share"", ""title"": ""손절매로 마무리... 지갑은 비었지만 교훈은 남았습니다."", ""like_count"": 0, ""unlike_count"": 0, ""score"": 0}, {""post_id"": 42, ""anonymous_code"": ""늑대-3694"", ""post_type"": ""analysis"", ""title"": ""5500 붕괴와 초고수들의 매수: 공포 속의 기회"", ""like_count"": 0, ""unlike_count"": 0, ""score"": 0}]"
RN_COMM_ON_20260917,2026-03-04,6,A076,2,5,14,"[29, 30, 31, 32, 33, 34, 35, 36, 37, 38, 39, 40, 41, 42]","[{""post_id"": 29, ""anonymous_code"": ""사자-8925"", ""post_type"": ""trade_share"", ""title"": ""급락장에서 초고수들 따라 17 만 원대 진입..."", ""like_count"": 0, ""unlike_count"": 0, ""score"": 0}, {""post_id"": 30, ""anonymous_code"": ""황소-1620"", ""post_type"": ""trade_share"", ""title"": ""전쟁 공포에 떨어질수록 사는 중 (17.2 만원)"", ""like_count"": 0, ""unlike_count"": 0, ""score"": 0}, {""post_id"": 31, ""anonymous_code"": ""돌고래-2979"", ""post_type"": ""trade_share"", ""title"": ""검은 수요일, 초고수들이 사모는 곳입니다. 오늘도 저점 매수."", ""like_count"": 0, ""unlike_count"": 0, ""score"": 0}, {""post_id"": 32, ""anonymous_code"": ""황소-4770"", ""post_type"": ""trade_share"", ""title"": ""5500 붕괴장, 초고수들 따라 매수했습니다 (삼성전자)"", ""like_count"": 0, ""unlike_count"": 0, ""score"": 0}, {""post_id"": 33, ""anonymous_code"": ""곰-8551"", ""post_type"": ""trade_share"", ""title"": ""전량 매도 완료... 전쟁 공포에 손절 타격"", ""like_count"": 0, ""unlike_count"": 0, ""score"": 0}, {""post_id"": 34, ""anonymous_code"": ""황소-4980"", ""post_type"": ""impression"", ""title"": ""지정학적 리스크 속에서도 AI는 유효하다"", ""like_count"": 0, ""unlike_count"": 0, ""score"": 0}, {""post_id"": 35, ""anonymous_code"": ""여우-1683"", ""post_type"": ""trade_share"", ""title"": ""떨어질수록 사는 원칙, 오늘도 검증 중입니다."", ""like_count"": 0, ""unlike_count"": 0, ""score"": 0}, {""post_id"": 36, ""anonymous_code"": ""독수리-9332"", ""post_type"": ""impression"", ""title"": ""폭락장 속 초고수들의 매수... 저평가 구간인가?"", ""like_count"": 0, ""unlike_count"": 0, ""score"": 0}, {""post_id"": 37, ""anonymous_code"": ""황소-6990"", ""post_type"": ""trade_share"", ""title"": ""다시 한 번 무릎에서 사왔습니다. (삼성전자)"", ""like_count"": 0, ""unlike_count"": 0, ""score"": 0}, {""post_id"": 38, ""anonymous_code"": ""펭귄-5408"", ""post_type"": ""trade_share"", ""title"": ""17 만 원대 매수 완료... 떨어질수록 사는 법의 시련"", ""like_count"": 0, ""unlike_count"": 0, ""score"": 0}, {""post_id"": 39, ""anonymous_code"": ""독수리-1692"", ""post_type"": ""trade_share"", ""title"": ""급락장에서의 손절매... 이제야 원칙을 지킨다."", ""like_count"": 0, ""unlike_count"": 0, ""score"": 0}, {""post_id"": 40, ""anonymous_code"": ""독수리-6722"", ""post_type"": ""trade_share"", ""title"": ""검은 수요일의 공포, 초고수들은 사는데 나는 팔았다..."", ""like_count"": 0, ""unlike_count"": 0, ""score"": 0}, {""post_id"": 41, ""anonymous_code"": ""곰-5671"", ""post_type"": ""profit_share"", ""title"": ""손절매로 마무리... 지갑은 비었지만 교훈은 남았습니다."", ""like_count"": 0, ""unlike_count"": 0, ""score"": 0}, {""post_id"": 42, ""anonymous_code"": ""늑대-3694"", ""post_type"": ""analysis"", ""title"": ""5500 붕괴와 초고수들의 매수: 공포 속의 기회"", ""like_count"": 0, ""unlike_count"": 0, ""score"": 0}]"
RN_COMM_ON_20260917,2026-03-04,6,A080,1,5,14,"[29, 30, 31, 32, 33, 34, 35, 36, 37, 38, 39, 40, 41, 42]","[{""post_id"": 29, ""anonymous_code"": ""사자-8925"", ""post_type"": ""trade_share"", ""title"": ""급락장에서 초고수들 따라 17 만 원대 진입..."", ""like_count"": 0, ""unlike_count"": 0, ""score"": 0}, {""post_id"": 30, ""anonymous_code"": ""황소-1620"", ""post_type"": ""trade_share"", ""title"": ""전쟁 공포에 떨어질수록 사는 중 (17.2 만원)"", ""like_count"": 0, ""unlike_count"": 0, ""score"": 0}, {""post_id"": 31, ""anonymous_code"": ""돌고래-2979"", ""post_type"": ""trade_share"", ""title"": ""검은 수요일, 초고수들이 사모는 곳입니다. 오늘도 저점 매수."", ""like_count"": 0, ""unlike_count"": 0, ""score"": 0}, {""post_id"": 32, ""anonymous_code"": ""황소-4770"", ""post_type"": ""trade_share"", ""title"": ""5500 붕괴장, 초고수들 따라 매수했습니다 (삼성전자)"", ""like_count"": 0, ""unlike_count"": 0, ""score"": 0}, {""post_id"": 33, ""anonymous_code"": ""곰-8551"", ""post_type"": ""trade_share"", ""title"": ""전량 매도 완료... 전쟁 공포에 손절 타격"", ""like_count"": 0, ""unlike_count"": 0, ""score"": 0}, {""post_id"": 34, ""anonymous_code"": ""황소-4980"", ""post_type"": ""impression"", ""title"": ""지정학적 리스크 속에서도 AI는 유효하다"", ""like_count"": 0, ""unlike_count"": 0, ""score"": 0}, {""post_id"": 35, ""anonymous_code"": ""여우-1683"", ""post_type"": ""trade_share"", ""title"": ""떨어질수록 사는 원칙, 오늘도 검증 중입니다."", ""like_count"": 0, ""unlike_count"": 0, ""score"": 0}, {""post_id"": 36, ""anonymous_code"": ""독수리-9332"", ""post_type"": ""impression"", ""title"": ""폭락장 속 초고수들의 매수... 저평가 구간인가?"", ""like_count"": 0, ""unlike_count"": 0, ""score"": 0}, {""post_id"": 37, ""anonymous_code"": ""황소-6990"", ""post_type"": ""trade_share"", ""title"": ""다시 한 번 무릎에서 사왔습니다. (삼성전자)"", ""like_count"": 0, ""unlike_count"": 0, ""score"": 0}, {""post_id"": 38, ""anonymous_code"": ""펭귄-5408"", ""post_type"": ""trade_share"", ""title"": ""17 만 원대 매수 완료... 떨어질수록 사는 법의 시련"", ""like_count"": 0, ""unlike_count"": 0, ""score"": 0}, {""post_id"": 39, ""anonymous_code"": ""독수리-1692"", ""post_type"": ""trade_share"", ""title"": ""급락장에서의 손절매... 이제야 원칙을 지킨다."", ""like_count"": 0, ""unlike_count"": 0, ""score"": 0}, {""post_id"": 40, ""anonymous_code"": ""독수리-6722"", ""post_type"": ""trade_share"", ""title"": ""검은 수요일의 공포, 초고수들은 사는데 나는 팔았다..."", ""like_count"": 0, ""unlike_count"": 0, ""score"": 0}, {""post_id"": 41, ""anonymous_code"": ""곰-5671"", ""post_type"": ""profit_share"", ""title"": ""손절매로 마무리... 지갑은 비었지만 교훈은 남았습니다."", ""like_count"": 0, ""unlike_count"": 0, ""score"": 0}, {""post_id"": 42, ""anonymous_code"": ""늑대-3694"", ""post_type"": ""analysis"", ""title"": ""5500 붕괴와 초고수들의 매수: 공포 속의 기회"", ""like_count"": 0, ""unlike_count"": 0, ""score"": 0}]"
RN_COMM_ON_20260917,2026-03-04,6,A083,2,5,14,"[29, 30, 31, 32, 33, 34, 35, 36, 37, 38, 39, 40, 41, 42]","[{""post_id"": 29, ""anonymous_code"": ""사자-8925"", ""post_type"": ""trade_share"", ""title"": ""급락장에서 초고수들 따라 17 만 원대 진입..."", ""like_count"": 0, ""unlike_count"": 0, ""score"": 0}, {""post_id"": 30, ""anonymous_code"": ""황소-1620"", ""post_type"": ""trade_share"", ""title"": ""전쟁 공포에 떨어질수록 사는 중 (17.2 만원)"", ""like_count"": 0, ""unlike_count"": 0, ""score"": 0}, {""post_id"": 31, ""anonymous_code"": ""돌고래-2979"", ""post_type"": ""trade_share"", ""title"": ""검은 수요일, 초고수들이 사모는 곳입니다. 오늘도 저점 매수."", ""like_count"": 0, ""unlike_count"": 0, ""score"": 0}, {""post_id"": 32, ""anonymous_code"": ""황소-4770"", ""post_type"": ""trade_share"", ""title"": ""5500 붕괴장, 초고수들 따라 매수했습니다 (삼성전자)"", ""like_count"": 0, ""unlike_count"": 0, ""score"": 0}, {""post_id"": 33, ""anonymous_code"": ""곰-8551"", ""post_type"": ""trade_share"", ""title"": ""전량 매도 완료... 전쟁 공포에 손절 타격"", ""like_count"": 0, ""unlike_count"": 0, ""score"": 0}, {""post_id"": 34, ""anonymous_code"": ""황소-4980"", ""post_type"": ""impression"", ""title"": ""지정학적 리스크 속에서도 AI는 유효하다"", ""like_count"": 0, ""unlike_count"": 0, ""score"": 0}, {""post_id"": 35, ""anonymous_code"": ""여우-1683"", ""post_type"": ""trade_share"", ""title"": ""떨어질수록 사는 원칙, 오늘도 검증 중입니다."", ""like_count"": 0, ""unlike_count"": 0, ""score"": 0}, {""post_id"": 36, ""anonymous_code"": ""독수리-9332"", ""post_type"": ""impression"", ""title"": ""폭락장 속 초고수들의 매수... 저평가 구간인가?"", ""like_count"": 0, ""unlike_count"": 0, ""score"": 0}, {""post_id"": 37, ""anonymous_code"": ""황소-6990"", ""post_type"": ""trade_share"", ""title"": ""다시 한 번 무릎에서 사왔습니다. (삼성전자)"", ""like_count"": 0, ""unlike_count"": 0, ""score"": 0}, {""post_id"": 38, ""anonymous_code"": ""펭귄-5408"", ""post_type"": ""trade_share"", ""title"": ""17 만 원대 매수 완료... 떨어질수록 사는 법의 시련"", ""like_count"": 0, ""unlike_count"": 0, ""score"": 0}, {""post_id"": 39, ""anonymous_code"": ""독수리-1692"", ""post_type"": ""trade_share"", ""title"": ""급락장에서의 손절매... 이제야 원칙을 지킨다."", ""like_count"": 0, ""unlike_count"": 0, ""score"": 0}, {""post_id"": 40, ""anonymous_code"": ""독수리-6722"", ""post_type"": ""trade_share"", ""title"": ""검은 수요일의 공포, 초고수들은 사는데 나는 팔았다..."", ""like_count"": 0, ""unlike_count"": 0, ""score"": 0}, {""post_id"": 41, ""anonymous_code"": ""곰-5671"", ""post_type"": ""profit_share"", ""title"": ""손절매로 마무리... 지갑은 비었지만 교훈은 남았습니다."", ""like_count"": 0, ""unlike_count"": 0, ""score"": 0}, {""post_id"": 42, ""anonymous_code"": ""늑대-3694"", ""post_type"": ""analysis"", ""title"": ""5500 붕괴와 초고수들의 매수: 공포 속의 기회"", ""like_count"": 0, ""unlike_count"": 0, ""score"": 0}]"
RN_COMM_ON_20260917,2026-03-04,6,A084,1,5,13,"[29, 30, 31, 32, 33, 34, 35, 36, 37, 38, 39, 41, 42]","[{""post_id"": 29, ""anonymous_code"": ""사자-8925"", ""post_type"": ""trade_share"", ""title"": ""급락장에서 초고수들 따라 17 만 원대 진입..."", ""like_count"": 0, ""unlike_count"": 0, ""score"": 0}, {""post_id"": 30, ""anonymous_code"": ""황소-1620"", ""post_type"": ""trade_share"", ""title"": ""전쟁 공포에 떨어질수록 사는 중 (17.2 만원)"", ""like_count"": 0, ""unlike_count"": 0, ""score"": 0}, {""post_id"": 31, ""anonymous_code"": ""돌고래-2979"", ""post_type"": ""trade_share"", ""title"": ""검은 수요일, 초고수들이 사모는 곳입니다. 오늘도 저점 매수."", ""like_count"": 0, ""unlike_count"": 0, ""score"": 0}, {""post_id"": 32, ""anonymous_code"": ""황소-4770"", ""post_type"": ""trade_share"", ""title"": ""5500 붕괴장, 초고수들 따라 매수했습니다 (삼성전자)"", ""like_count"": 0, ""unlike_count"": 0, ""score"": 0}, {""post_id"": 33, ""anonymous_code"": ""곰-8551"", ""post_type"": ""trade_share"", ""title"": ""전량 매도 완료... 전쟁 공포에 손절 타격"", ""like_count"": 0, ""unlike_count"": 0, ""score"": 0}, {""post_id"": 34, ""anonymous_code"": ""황소-4980"", ""post_type"": ""impression"", ""title"": ""지정학적 리스크 속에서도 AI는 유효하다"", ""like_count"": 0, ""unlike_count"": 0, ""score"": 0}, {""post_id"": 35, ""anonymous_code"": ""여우-1683"", ""post_type"": ""trade_share"", ""title"": ""떨어질수록 사는 원칙, 오늘도 검증 중입니다."", ""like_count"": 0, ""unlike_count"": 0, ""score"": 0}, {""post_id"": 36, ""anonymous_code"": ""독수리-9332"", ""post_type"": ""impression"", ""title"": ""폭락장 속 초고수들의 매수... 저평가 구간인가?"", ""like_count"": 0, ""unlike_count"": 0, ""score"": 0}, {""post_id"": 37, ""anonymous_code"": ""황소-6990"", ""post_type"": ""trade_share"", ""title"": ""다시 한 번 무릎에서 사왔습니다. (삼성전자)"", ""like_count"": 0, ""unlike_count"": 0, ""score"": 0}, {""post_id"": 38, ""anonymous_code"": ""펭귄-5408"", ""post_type"": ""trade_share"", ""title"": ""17 만 원대 매수 완료... 떨어질수록 사는 법의 시련"", ""like_count"": 0, ""unlike_count"": 0, ""score"": 0}, {""post_id"": 39, ""anonymous_code"": ""독수리-1692"", ""post_type"": ""trade_share"", ""title"": ""급락장에서의 손절매... 이제야 원칙을 지킨다."", ""like_count"": 0, ""unlike_count"": 0, ""score"": 0}, {""post_id"": 41, ""anonymous_code"": ""곰-5671"", ""post_type"": ""profit_share"", ""title"": ""손절매로 마무리... 지갑은 비었지만 교훈은 남았습니다."", ""like_count"": 0, ""unlike_count"": 0, ""score"": 0}, {""post_id"": 42, ""anonymous_code"": ""늑대-3694"", ""post_type"": ""analysis"", ""title"": ""5500 붕괴와 초고수들의 매수: 공포 속의 기회"", ""like_count"": 0, ""unlike_count"": 0, ""score"": 0}]"
RN_COMM_ON_20260917,2026-03-04,6,A085,1,5,14,"[29, 30, 31, 32, 33, 34, 35, 36, 37, 38, 39, 40, 41, 42]","[{""post_id"": 29, ""anonymous_code"": ""사자-8925"", ""post_type"": ""trade_share"", ""title"": ""급락장에서 초고수들 따라 17 만 원대 진입..."", ""like_count"": 0, ""unlike_count"": 0, ""score"": 0}, {""post_id"": 30, ""anonymous_code"": ""황소-1620"", ""post_type"": ""trade_share"", ""title"": ""전쟁 공포에 떨어질수록 사는 중 (17.2 만원)"", ""like_count"": 0, ""unlike_count"": 0, ""score"": 0}, {""post_id"": 31, ""anonymous_code"": ""돌고래-2979"", ""post_type"": ""trade_share"", ""title"": ""검은 수요일, 초고수들이 사모는 곳입니다. 오늘도 저점 매수."", ""like_count"": 0, ""unlike_count"": 0, ""score"": 0}, {""post_id"": 32, ""anonymous_code"": ""황소-4770"", ""post_type"": ""trade_share"", ""title"": ""5500 붕괴장, 초고수들 따라 매수했습니다 (삼성전자)"", ""like_count"": 0, ""unlike_count"": 0, ""score"": 0}, {""post_id"": 33, ""anonymous_code"": ""곰-8551"", ""post_type"": ""trade_share"", ""title"": ""전량 매도 완료... 전쟁 공포에 손절 타격"", ""like_count"": 0, ""unlike_count"": 0, ""score"": 0}, {""post_id"": 34, ""anonymous_code"": ""황소-4980"", ""post_type"": ""impression"", ""title"": ""지정학적 리스크 속에서도 AI는 유효하다"", ""like_count"": 0, ""unlike_count"": 0, ""score"": 0}, {""post_id"": 35, ""anonymous_code"": ""여우-1683"", ""post_type"": ""trade_share"", ""title"": ""떨어질수록 사는 원칙, 오늘도 검증 중입니다."", ""like_count"": 0, ""unlike_count"": 0, ""score"": 0}, {""post_id"": 36, ""anonymous_code"": ""독수리-9332"", ""post_type"": ""impression"", ""title"": ""폭락장 속 초고수들의 매수... 저평가 구간인가?"", ""like_count"": 0, ""unlike_count"": 0, ""score"": 0}, {""post_id"": 37, ""anonymous_code"": ""황소-6990"", ""post_type"": ""trade_share"", ""title"": ""다시 한 번 무릎에서 사왔습니다. (삼성전자)"", ""like_count"": 0, ""unlike_count"": 0, ""score"": 0}, {""post_id"": 38, ""anonymous_code"": ""펭귄-5408"", ""post_type"": ""trade_share"", ""title"": ""17 만 원대 매수 완료... 떨어질수록 사는 법의 시련"", ""like_count"": 0, ""unlike_count"": 0, ""score"": 0}, {""post_id"": 39, ""anonymous_code"": ""독수리-1692"", ""post_type"": ""trade_share"", ""title"": ""급락장에서의 손절매... 이제야 원칙을 지킨다."", ""like_count"": 0, ""unlike_count"": 0, ""score"": 0}, {""post_id"": 40, ""anonymous_code"": ""독수리-6722"", ""post_type"": ""trade_share"", ""title"": ""검은 수요일의 공포, 초고수들은 사는데 나는 팔았다..."", ""like_count"": 0, ""unlike_count"": 0, ""score"": 0}, {""post_id"": 41, ""anonymous_code"": ""곰-5671"", ""post_type"": ""profit_share"", ""title"": ""손절매로 마무리... 지갑은 비었지만 교훈은 남았습니다."", ""like_count"": 0, ""unlike_count"": 0, ""score"": 0}, {""post_id"": 42, ""anonymous_code"": ""늑대-3694"", ""post_type"": ""analysis"", ""title"": ""5500 붕괴와 초고수들의 매수: 공포 속의 기회"", ""like_count"": 0, ""unlike_count"": 0, ""score"": 0}]"
RN_COMM_ON_20260917,2026-03-04,6,A086,1,5,14,"[29, 30, 31, 32, 33, 34, 35, 36, 37, 38, 39, 40, 41, 42]","[{""post_id"": 29, ""anonymous_code"": ""사자-8925"", ""post_type"": ""trade_share"", ""title"": ""급락장에서 초고수들 따라 17 만 원대 진입..."", ""like_count"": 0, ""unlike_count"": 0, ""score"": 0}, {""post_id"": 30, ""anonymous_code"": ""황소-1620"", ""post_type"": ""trade_share"", ""title"": ""전쟁 공포에 떨어질수록 사는 중 (17.2 만원)"", ""like_count"": 0, ""unlike_count"": 0, ""score"": 0}, {""post_id"": 31, ""anonymous_code"": ""돌고래-2979"", ""post_type"": ""trade_share"", ""title"": ""검은 수요일, 초고수들이 사모는 곳입니다. 오늘도 저점 매수."", ""like_count"": 0, ""unlike_count"": 0, ""score"": 0}, {""post_id"": 32, ""anonymous_code"": ""황소-4770"", ""post_type"": ""trade_share"", ""title"": ""5500 붕괴장, 초고수들 따라 매수했습니다 (삼성전자)"", ""like_count"": 0, ""unlike_count"": 0, ""score"": 0}, {""post_id"": 33, ""anonymous_code"": ""곰-8551"", ""post_type"": ""trade_share"", ""title"": ""전량 매도 완료... 전쟁 공포에 손절 타격"", ""like_count"": 0, ""unlike_count"": 0, ""score"": 0}, {""post_id"": 34, ""anonymous_code"": ""황소-4980"", ""post_type"": ""impression"", ""title"": ""지정학적 리스크 속에서도 AI는 유효하다"", ""like_count"": 0, ""unlike_count"": 0, ""score"": 0}, {""post_id"": 35, ""anonymous_code"": ""여우-1683"", ""post_type"": ""trade_share"", ""title"": ""떨어질수록 사는 원칙, 오늘도 검증 중입니다."", ""like_count"": 0, ""unlike_count"": 0, ""score"": 0}, {""post_id"": 36, ""anonymous_code"": ""독수리-9332"", ""post_type"": ""impression"", ""title"": ""폭락장 속 초고수들의 매수... 저평가 구간인가?"", ""like_count"": 0, ""unlike_count"": 0, ""score"": 0}, {""post_id"": 37, ""anonymous_code"": ""황소-6990"", ""post_type"": ""trade_share"", ""title"": ""다시 한 번 무릎에서 사왔습니다. (삼성전자)"", ""like_count"": 0, ""unlike_count"": 0, ""score"": 0}, {""post_id"": 38, ""anonymous_code"": ""펭귄-5408"", ""post_type"": ""trade_share"", ""title"": ""17 만 원대 매수 완료... 떨어질수록 사는 법의 시련"", ""like_count"": 0, ""unlike_count"": 0, ""score"": 0}, {""post_id"": 39, ""anonymous_code"": ""독수리-1692"", ""post_type"": ""trade_share"", ""title"": ""급락장에서의 손절매... 이제야 원칙을 지킨다."", ""like_count"": 0, ""unlike_count"": 0, ""score"": 0}, {""post_id"": 40, ""anonymous_code"": ""독수리-6722"", ""post_type"": ""trade_share"", ""title"": ""검은 수요일의 공포, 초고수들은 사는데 나는 팔았다..."", ""like_count"": 0, ""unlike_count"": 0, ""score"": 0}, {""post_id"": 41, ""anonymous_code"": ""곰-5671"", ""post_type"": ""profit_share"", ""title"": ""손절매로 마무리... 지갑은 비었지만 교훈은 남았습니다."", ""like_count"": 0, ""unlike_count"": 0, ""score"": 0}, {""post_id"": 42, ""anonymous_code"": ""늑대-3694"", ""post_type"": ""analysis"", ""title"": ""5500 붕괴와 초고수들의 매수: 공포 속의 기회"", ""like_count"": 0, ""unlike_count"": 0, ""score"": 0}]"
RN_COMM_ON_20260917,2026-03-04,6,A087,1,5,14,"[29, 30, 31, 32, 33, 34, 35, 36, 37, 38, 39, 40, 41, 42]","[{""post_id"": 29, ""anonymous_code"": ""사자-8925"", ""post_type"": ""trade_share"", ""title"": ""급락장에서 초고수들 따라 17 만 원대 진입..."", ""like_count"": 0, ""unlike_count"": 0, ""score"": 0}, {""post_id"": 30, ""anonymous_code"": ""황소-1620"", ""post_type"": ""trade_share"", ""title"": ""전쟁 공포에 떨어질수록 사는 중 (17.2 만원)"", ""like_count"": 0, ""unlike_count"": 0, ""score"": 0}, {""post_id"": 31, ""anonymous_code"": ""돌고래-2979"", ""post_type"": ""trade_share"", ""title"": ""검은 수요일, 초고수들이 사모는 곳입니다. 오늘도 저점 매수."", ""like_count"": 0, ""unlike_count"": 0, ""score"": 0}, {""post_id"": 32, ""anonymous_code"": ""황소-4770"", ""post_type"": ""trade_share"", ""title"": ""5500 붕괴장, 초고수들 따라 매수했습니다 (삼성전자)"", ""like_count"": 0, ""unlike_count"": 0, ""score"": 0}, {""post_id"": 33, ""anonymous_code"": ""곰-8551"", ""post_type"": ""trade_share"", ""title"": ""전량 매도 완료... 전쟁 공포에 손절 타격"", ""like_count"": 0, ""unlike_count"": 0, ""score"": 0}, {""post_id"": 34, ""anonymous_code"": ""황소-4980"", ""post_type"": ""impression"", ""title"": ""지정학적 리스크 속에서도 AI는 유효하다"", ""like_count"": 0, ""unlike_count"": 0, ""score"": 0}, {""post_id"": 35, ""anonymous_code"": ""여우-1683"", ""post_type"": ""trade_share"", ""title"": ""떨어질수록 사는 원칙, 오늘도 검증 중입니다."", ""like_count"": 0, ""unlike_count"": 0, ""score"": 0}, {""post_id"": 36, ""anonymous_code"": ""독수리-9332"", ""post_type"": ""impression"", ""title"": ""폭락장 속 초고수들의 매수... 저평가 구간인가?"", ""like_count"": 0, ""unlike_count"": 0, ""score"": 0}, {""post_id"": 37, ""anonymous_code"": ""황소-6990"", ""post_type"": ""trade_share"", ""title"": ""다시 한 번 무릎에서 사왔습니다. (삼성전자)"", ""like_count"": 0, ""unlike_count"": 0, ""score"": 0}, {""post_id"": 38, ""anonymous_code"": ""펭귄-5408"", ""post_type"": ""trade_share"", ""title"": ""17 만 원대 매수 완료... 떨어질수록 사는 법의 시련"", ""like_count"": 0, ""unlike_count"": 0, ""score"": 0}, {""post_id"": 39, ""anonymous_code"": ""독수리-1692"", ""post_type"": ""trade_share"", ""title"": ""급락장에서의 손절매... 이제야 원칙을 지킨다."", ""like_count"": 0, ""unlike_count"": 0, ""score"": 0}, {""post_id"": 40, ""anonymous_code"": ""독수리-6722"", ""post_type"": ""trade_share"", ""title"": ""검은 수요일의 공포, 초고수들은 사는데 나는 팔았다..."", ""like_count"": 0, ""unlike_count"": 0, ""score"": 0}, {""post_id"": 41, ""anonymous_code"": ""곰-5671"", ""post_type"": ""profit_share"", ""title"": ""손절매로 마무리... 지갑은 비었지만 교훈은 남았습니다."", ""like_count"": 0, ""unlike_count"": 0, ""score"": 0}, {""post_id"": 42, ""anonymous_code"": ""늑대-3694"", ""post_type"": ""analysis"", ""title"": ""5500 붕괴와 초고수들의 매수: 공포 속의 기회"", ""like_count"": 0, ""unlike_count"": 0, ""score"": 0}]"
RN_COMM_ON_20260917,2026-03-04,6,A089,1,5,14,"[29, 30, 31, 32, 33, 34, 35, 36, 37, 38, 39, 40, 41, 42]","[{""post_id"": 29, ""anonymous_code"": ""사자-8925"", ""post_type"": ""trade_share"", ""title"": ""급락장에서 초고수들 따라 17 만 원대 진입..."", ""like_count"": 0, ""unlike_count"": 0, ""score"": 0}, {""post_id"": 30, ""anonymous_code"": ""황소-1620"", ""post_type"": ""trade_share"", ""title"": ""전쟁 공포에 떨어질수록 사는 중 (17.2 만원)"", ""like_count"": 0, ""unlike_count"": 0, ""score"": 0}, {""post_id"": 31, ""anonymous_code"": ""돌고래-2979"", ""post_type"": ""trade_share"", ""title"": ""검은 수요일, 초고수들이 사모는 곳입니다. 오늘도 저점 매수."", ""like_count"": 0, ""unlike_count"": 0, ""score"": 0}, {""post_id"": 32, ""anonymous_code"": ""황소-4770"", ""post_type"": ""trade_share"", ""title"": ""5500 붕괴장, 초고수들 따라 매수했습니다 (삼성전자)"", ""like_count"": 0, ""unlike_count"": 0, ""score"": 0}, {""post_id"": 33, ""anonymous_code"": ""곰-8551"", ""post_type"": ""trade_share"", ""title"": ""전량 매도 완료... 전쟁 공포에 손절 타격"", ""like_count"": 0, ""unlike_count"": 0, ""score"": 0}, {""post_id"": 34, ""anonymous_code"": ""황소-4980"", ""post_type"": ""impression"", ""title"": ""지정학적 리스크 속에서도 AI는 유효하다"", ""like_count"": 0, ""unlike_count"": 0, ""score"": 0}, {""post_id"": 35, ""anonymous_code"": ""여우-1683"", ""post_type"": ""trade_share"", ""title"": ""떨어질수록 사는 원칙, 오늘도 검증 중입니다."", ""like_count"": 0, ""unlike_count"": 0, ""score"": 0}, {""post_id"": 36, ""anonymous_code"": ""독수리-9332"", ""post_type"": ""impression"", ""title"": ""폭락장 속 초고수들의 매수... 저평가 구간인가?"", ""like_count"": 0, ""unlike_count"": 0, ""score"": 0}, {""post_id"": 37, ""anonymous_code"": ""황소-6990"", ""post_type"": ""trade_share"", ""title"": ""다시 한 번 무릎에서 사왔습니다. (삼성전자)"", ""like_count"": 0, ""unlike_count"": 0, ""score"": 0}, {""post_id"": 38, ""anonymous_code"": ""펭귄-5408"", ""post_type"": ""trade_share"", ""title"": ""17 만 원대 매수 완료... 떨어질수록 사는 법의 시련"", ""like_count"": 0, ""unlike_count"": 0, ""score"": 0}, {""post_id"": 39, ""anonymous_code"": ""독수리-1692"", ""post_type"": ""trade_share"", ""title"": ""급락장에서의 손절매... 이제야 원칙을 지킨다."", ""like_count"": 0, ""unlike_count"": 0, ""score"": 0}, {""post_id"": 40, ""anonymous_code"": ""독수리-6722"", ""post_type"": ""trade_share"", ""title"": ""검은 수요일의 공포, 초고수들은 사는데 나는 팔았다..."", ""like_count"": 0, ""unlike_count"": 0, ""score"": 0}, {""post_id"": 41, ""anonymous_code"": ""곰-5671"", ""post_type"": ""profit_share"", ""title"": ""손절매로 마무리... 지갑은 비었지만 교훈은 남았습니다."", ""like_count"": 0, ""unlike_count"": 0, ""score"": 0}, {""post_id"": 42, ""anonymous_code"": ""늑대-3694"", ""post_type"": ""analysis"", ""title"": ""5500 붕괴와 초고수들의 매수: 공포 속의 기회"", ""like_count"": 0, ""unlike_count"": 0, ""score"": 0}]"
RN_COMM_ON_20260917,2026-03-04,6,A091,2,5,14,"[29, 30, 31, 32, 33, 34, 35, 36, 37, 38, 39, 40, 41, 42]","[{""post_id"": 29, ""anonymous_code"": ""사자-8925"", ""post_type"": ""trade_share"", ""title"": ""급락장에서 초고수들 따라 17 만 원대 진입..."", ""like_count"": 0, ""unlike_count"": 0, ""score"": 0}, {""post_id"": 30, ""anonymous_code"": ""황소-1620"", ""post_type"": ""trade_share"", ""title"": ""전쟁 공포에 떨어질수록 사는 중 (17.2 만원)"", ""like_count"": 0, ""unlike_count"": 0, ""score"": 0}, {""post_id"": 31, ""anonymous_code"": ""돌고래-2979"", ""post_type"": ""trade_share"", ""title"": ""검은 수요일, 초고수들이 사모는 곳입니다. 오늘도 저점 매수."", ""like_count"": 0, ""unlike_count"": 0, ""score"": 0}, {""post_id"": 32, ""anonymous_code"": ""황소-4770"", ""post_type"": ""trade_share"", ""title"": ""5500 붕괴장, 초고수들 따라 매수했습니다 (삼성전자)"", ""like_count"": 0, ""unlike_count"": 0, ""score"": 0}, {""post_id"": 33, ""anonymous_code"": ""곰-8551"", ""post_type"": ""trade_share"", ""title"": ""전량 매도 완료... 전쟁 공포에 손절 타격"", ""like_count"": 0, ""unlike_count"": 0, ""score"": 0}, {""post_id"": 34, ""anonymous_code"": ""황소-4980"", ""post_type"": ""impression"", ""title"": ""지정학적 리스크 속에서도 AI는 유효하다"", ""like_count"": 0, ""unlike_count"": 0, ""score"": 0}, {""post_id"": 35, ""anonymous_code"": ""여우-1683"", ""post_type"": ""trade_share"", ""title"": ""떨어질수록 사는 원칙, 오늘도 검증 중입니다."", ""like_count"": 0, ""unlike_count"": 0, ""score"": 0}, {""post_id"": 36, ""anonymous_code"": ""독수리-9332"", ""post_type"": ""impression"", ""title"": ""폭락장 속 초고수들의 매수... 저평가 구간인가?"", ""like_count"": 0, ""unlike_count"": 0, ""score"": 0}, {""post_id"": 37, ""anonymous_code"": ""황소-6990"", ""post_type"": ""trade_share"", ""title"": ""다시 한 번 무릎에서 사왔습니다. (삼성전자)"", ""like_count"": 0, ""unlike_count"": 0, ""score"": 0}, {""post_id"": 38, ""anonymous_code"": ""펭귄-5408"", ""post_type"": ""trade_share"", ""title"": ""17 만 원대 매수 완료... 떨어질수록 사는 법의 시련"", ""like_count"": 0, ""unlike_count"": 0, ""score"": 0}, {""post_id"": 39, ""anonymous_code"": ""독수리-1692"", ""post_type"": ""trade_share"", ""title"": ""급락장에서의 손절매... 이제야 원칙을 지킨다."", ""like_count"": 0, ""unlike_count"": 0, ""score"": 0}, {""post_id"": 40, ""anonymous_code"": ""독수리-6722"", ""post_type"": ""trade_share"", ""title"": ""검은 수요일의 공포, 초고수들은 사는데 나는 팔았다..."", ""like_count"": 0, ""unlike_count"": 0, ""score"": 0}, {""post_id"": 41, ""anonymous_code"": ""곰-5671"", ""post_type"": ""profit_share"", ""title"": ""손절매로 마무리... 지갑은 비었지만 교훈은 남았습니다."", ""like_count"": 0, ""unlike_count"": 0, ""score"": 0}, {""post_id"": 42, ""anonymous_code"": ""늑대-3694"", ""post_type"": ""analysis"", ""title"": ""5500 붕괴와 초고수들의 매수: 공포 속의 기회"", ""like_count"": 0, ""unlike_count"": 0, ""score"": 0}]"
RN_COMM_ON_20260917,2026-03-04,6,A090,1,5,14,"[29, 30, 31, 32, 33, 34, 35, 36, 37, 38, 39, 40, 41, 42]","[{""post_id"": 29, ""anonymous_code"": ""사자-8925"", ""post_type"": ""trade_share"", ""title"": ""급락장에서 초고수들 따라 17 만 원대 진입..."", ""like_count"": 0, ""unlike_count"": 0, ""score"": 0}, {""post_id"": 30, ""anonymous_code"": ""황소-1620"", ""post_type"": ""trade_share"", ""title"": ""전쟁 공포에 떨어질수록 사는 중 (17.2 만원)"", ""like_count"": 0, ""unlike_count"": 0, ""score"": 0}, {""post_id"": 31, ""anonymous_code"": ""돌고래-2979"", ""post_type"": ""trade_share"", ""title"": ""검은 수요일, 초고수들이 사모는 곳입니다. 오늘도 저점 매수."", ""like_count"": 0, ""unlike_count"": 0, ""score"": 0}, {""post_id"": 32, ""anonymous_code"": ""황소-4770"", ""post_type"": ""trade_share"", ""title"": ""5500 붕괴장, 초고수들 따라 매수했습니다 (삼성전자)"", ""like_count"": 0, ""unlike_count"": 0, ""score"": 0}, {""post_id"": 33, ""anonymous_code"": ""곰-8551"", ""post_type"": ""trade_share"", ""title"": ""전량 매도 완료... 전쟁 공포에 손절 타격"", ""like_count"": 0, ""unlike_count"": 0, ""score"": 0}, {""post_id"": 34, ""anonymous_code"": ""황소-4980"", ""post_type"": ""impression"", ""title"": ""지정학적 리스크 속에서도 AI는 유효하다"", ""like_count"": 0, ""unlike_count"": 0, ""score"": 0}, {""post_id"": 35, ""anonymous_code"": ""여우-1683"", ""post_type"": ""trade_share"", ""title"": ""떨어질수록 사는 원칙, 오늘도 검증 중입니다."", ""like_count"": 0, ""unlike_count"": 0, ""score"": 0}, {""post_id"": 36, ""anonymous_code"": ""독수리-9332"", ""post_type"": ""impression"", ""title"": ""폭락장 속 초고수들의 매수... 저평가 구간인가?"", ""like_count"": 0, ""unlike_count"": 0, ""score"": 0}, {""post_id"": 37, ""anonymous_code"": ""황소-6990"", ""post_type"": ""trade_share"", ""title"": ""다시 한 번 무릎에서 사왔습니다. (삼성전자)"", ""like_count"": 0, ""unlike_count"": 0, ""score"": 0}, {""post_id"": 38, ""anonymous_code"": ""펭귄-5408"", ""post_type"": ""trade_share"", ""title"": ""17 만 원대 매수 완료... 떨어질수록 사는 법의 시련"", ""like_count"": 0, ""unlike_count"": 0, ""score"": 0}, {""post_id"": 39, ""anonymous_code"": ""독수리-1692"", ""post_type"": ""trade_share"", ""title"": ""급락장에서의 손절매... 이제야 원칙을 지킨다."", ""like_count"": 0, ""unlike_count"": 0, ""score"": 0}, {""post_id"": 40, ""anonymous_code"": ""독수리-6722"", ""post_type"": ""trade_share"", ""title"": ""검은 수요일의 공포, 초고수들은 사는데 나는 팔았다..."", ""like_count"": 0, ""unlike_count"": 0, ""score"": 0}, {""post_id"": 41, ""anonymous_code"": ""곰-5671"", ""post_type"": ""profit_share"", ""title"": ""손절매로 마무리... 지갑은 비었지만 교훈은 남았습니다."", ""like_count"": 0, ""unlike_count"": 0, ""score"": 0}, {""post_id"": 42, ""anonymous_code"": ""늑대-3694"", ""post_type"": ""analysis"", ""title"": ""5500 붕괴와 초고수들의 매수: 공포 속의 기회"", ""like_count"": 0, ""unlike_count"": 0, ""score"": 0}]"
RN_COMM_ON_20260917,2026-03-04,6,A092,1,5,14,"[29, 30, 31, 32, 33, 34, 35, 36, 37, 38, 39, 40, 41, 42]","[{""post_id"": 29, ""anonymous_code"": ""사자-8925"", ""post_type"": ""trade_share"", ""title"": ""급락장에서 초고수들 따라 17 만 원대 진입..."", ""like_count"": 0, ""unlike_count"": 0, ""score"": 0}, {""post_id"": 30, ""anonymous_code"": ""황소-1620"", ""post_type"": ""trade_share"", ""title"": ""전쟁 공포에 떨어질수록 사는 중 (17.2 만원)"", ""like_count"": 0, ""unlike_count"": 0, ""score"": 0}, {""post_id"": 31, ""anonymous_code"": ""돌고래-2979"", ""post_type"": ""trade_share"", ""title"": ""검은 수요일, 초고수들이 사모는 곳입니다. 오늘도 저점 매수."", ""like_count"": 0, ""unlike_count"": 0, ""score"": 0}, {""post_id"": 32, ""anonymous_code"": ""황소-4770"", ""post_type"": ""trade_share"", ""title"": ""5500 붕괴장, 초고수들 따라 매수했습니다 (삼성전자)"", ""like_count"": 0, ""unlike_count"": 0, ""score"": 0}, {""post_id"": 33, ""anonymous_code"": ""곰-8551"", ""post_type"": ""trade_share"", ""title"": ""전량 매도 완료... 전쟁 공포에 손절 타격"", ""like_count"": 0, ""unlike_count"": 0, ""score"": 0}, {""post_id"": 34, ""anonymous_code"": ""황소-4980"", ""post_type"": ""impression"", ""title"": ""지정학적 리스크 속에서도 AI는 유효하다"", ""like_count"": 0, ""unlike_count"": 0, ""score"": 0}, {""post_id"": 35, ""anonymous_code"": ""여우-1683"", ""post_type"": ""trade_share"", ""title"": ""떨어질수록 사는 원칙, 오늘도 검증 중입니다."", ""like_count"": 0, ""unlike_count"": 0, ""score"": 0}, {""post_id"": 36, ""anonymous_code"": ""독수리-9332"", ""post_type"": ""impression"", ""title"": ""폭락장 속 초고수들의 매수... 저평가 구간인가?"", ""like_count"": 0, ""unlike_count"": 0, ""score"": 0}, {""post_id"": 37, ""anonymous_code"": ""황소-6990"", ""post_type"": ""trade_share"", ""title"": ""다시 한 번 무릎에서 사왔습니다. (삼성전자)"", ""like_count"": 0, ""unlike_count"": 0, ""score"": 0}, {""post_id"": 38, ""anonymous_code"": ""펭귄-5408"", ""post_type"": ""trade_share"", ""title"": ""17 만 원대 매수 완료... 떨어질수록 사는 법의 시련"", ""like_count"": 0, ""unlike_count"": 0, ""score"": 0}, {""post_id"": 39, ""anonymous_code"": ""독수리-1692"", ""post_type"": ""trade_share"", ""title"": ""급락장에서의 손절매... 이제야 원칙을 지킨다."", ""like_count"": 0, ""unlike_count"": 0, ""score"": 0}, {""post_id"": 40, ""anonymous_code"": ""독수리-6722"", ""post_type"": ""trade_share"", ""title"": ""검은 수요일의 공포, 초고수들은 사는데 나는 팔았다..."", ""like_count"": 0, ""unlike_count"": 0, ""score"": 0}, {""post_id"": 41, ""anonymous_code"": ""곰-5671"", ""post_type"": ""profit_share"", ""title"": ""손절매로 마무리... 지갑은 비었지만 교훈은 남았습니다."", ""like_count"": 0, ""unlike_count"": 0, ""score"": 0}, {""post_id"": 42, ""anonymous_code"": ""늑대-3694"", ""post_type"": ""analysis"", ""title"": ""5500 붕괴와 초고수들의 매수: 공포 속의 기회"", ""like_count"": 0, ""unlike_count"": 0, ""score"": 0}]"
RN_COMM_ON_20260917,2026-03-04,6,A094,1,5,13,"[29, 30, 31, 32, 33, 34, 35, 36, 37, 38, 39, 40, 42]","[{""post_id"": 29, ""anonymous_code"": ""사자-8925"", ""post_type"": ""trade_share"", ""title"": ""급락장에서 초고수들 따라 17 만 원대 진입..."", ""like_count"": 0, ""unlike_count"": 0, ""score"": 0}, {""post_id"": 30, ""anonymous_code"": ""황소-1620"", ""post_type"": ""trade_share"", ""title"": ""전쟁 공포에 떨어질수록 사는 중 (17.2 만원)"", ""like_count"": 0, ""unlike_count"": 0, ""score"": 0}, {""post_id"": 31, ""anonymous_code"": ""돌고래-2979"", ""post_type"": ""trade_share"", ""title"": ""검은 수요일, 초고수들이 사모는 곳입니다. 오늘도 저점 매수."", ""like_count"": 0, ""unlike_count"": 0, ""score"": 0}, {""post_id"": 32, ""anonymous_code"": ""황소-4770"", ""post_type"": ""trade_share"", ""title"": ""5500 붕괴장, 초고수들 따라 매수했습니다 (삼성전자)"", ""like_count"": 0, ""unlike_count"": 0, ""score"": 0}, {""post_id"": 33, ""anonymous_code"": ""곰-8551"", ""post_type"": ""trade_share"", ""title"": ""전량 매도 완료... 전쟁 공포에 손절 타격"", ""like_count"": 0, ""unlike_count"": 0, ""score"": 0}, {""post_id"": 34, ""anonymous_code"": ""황소-4980"", ""post_type"": ""impression"", ""title"": ""지정학적 리스크 속에서도 AI는 유효하다"", ""like_count"": 0, ""unlike_count"": 0, ""score"": 0}, {""post_id"": 35, ""anonymous_code"": ""여우-1683"", ""post_type"": ""trade_share"", ""title"": ""떨어질수록 사는 원칙, 오늘도 검증 중입니다."", ""like_count"": 0, ""unlike_count"": 0, ""score"": 0}, {""post_id"": 36, ""anonymous_code"": ""독수리-9332"", ""post_type"": ""impression"", ""title"": ""폭락장 속 초고수들의 매수... 저평가 구간인가?"", ""like_count"": 0, ""unlike_count"": 0, ""score"": 0}, {""post_id"": 37, ""anonymous_code"": ""황소-6990"", ""post_type"": ""trade_share"", ""title"": ""다시 한 번 무릎에서 사왔습니다. (삼성전자)"", ""like_count"": 0, ""unlike_count"": 0, ""score"": 0}, {""post_id"": 38, ""anonymous_code"": ""펭귄-5408"", ""post_type"": ""trade_share"", ""title"": ""17 만 원대 매수 완료... 떨어질수록 사는 법의 시련"", ""like_count"": 0, ""unlike_count"": 0, ""score"": 0}, {""post_id"": 39, ""anonymous_code"": ""독수리-1692"", ""post_type"": ""trade_share"", ""title"": ""급락장에서의 손절매... 이제야 원칙을 지킨다."", ""like_count"": 0, ""unlike_count"": 0, ""score"": 0}, {""post_id"": 40, ""anonymous_code"": ""독수리-6722"", ""post_type"": ""trade_share"", ""title"": ""검은 수요일의 공포, 초고수들은 사는데 나는 팔았다..."", ""like_count"": 0, ""unlike_count"": 0, ""score"": 0}, {""post_id"": 42, ""anonymous_code"": ""늑대-3694"", ""post_type"": ""analysis"", ""title"": ""5500 붕괴와 초고수들의 매수: 공포 속의 기회"", ""like_count"": 0, ""unlike_count"": 0, ""score"": 0}]"
RN_COMM_ON_20260917,2026-03-04,6,A093,1,5,14,"[29, 30, 31, 32, 33, 34, 35, 36, 37, 38, 39, 40, 41, 42]","[{""post_id"": 29, ""anonymous_code"": ""사자-8925"", ""post_type"": ""trade_share"", ""title"": ""급락장에서 초고수들 따라 17 만 원대 진입..."", ""like_count"": 0, ""unlike_count"": 0, ""score"": 0}, {""post_id"": 30, ""anonymous_code"": ""황소-1620"", ""post_type"": ""trade_share"", ""title"": ""전쟁 공포에 떨어질수록 사는 중 (17.2 만원)"", ""like_count"": 0, ""unlike_count"": 0, ""score"": 0}, {""post_id"": 31, ""anonymous_code"": ""돌고래-2979"", ""post_type"": ""trade_share"", ""title"": ""검은 수요일, 초고수들이 사모는 곳입니다. 오늘도 저점 매수."", ""like_count"": 0, ""unlike_count"": 0, ""score"": 0}, {""post_id"": 32, ""anonymous_code"": ""황소-4770"", ""post_type"": ""trade_share"", ""title"": ""5500 붕괴장, 초고수들 따라 매수했습니다 (삼성전자)"", ""like_count"": 0, ""unlike_count"": 0, ""score"": 0}, {""post_id"": 33, ""anonymous_code"": ""곰-8551"", ""post_type"": ""trade_share"", ""title"": ""전량 매도 완료... 전쟁 공포에 손절 타격"", ""like_count"": 0, ""unlike_count"": 0, ""score"": 0}, {""post_id"": 34, ""anonymous_code"": ""황소-4980"", ""post_type"": ""impression"", ""title"": ""지정학적 리스크 속에서도 AI는 유효하다"", ""like_count"": 0, ""unlike_count"": 0, ""score"": 0}, {""post_id"": 35, ""anonymous_code"": ""여우-1683"", ""post_type"": ""trade_share"", ""title"": ""떨어질수록 사는 원칙, 오늘도 검증 중입니다."", ""like_count"": 0, ""unlike_count"": 0, ""score"": 0}, {""post_id"": 36, ""anonymous_code"": ""독수리-9332"", ""post_type"": ""impression"", ""title"": ""폭락장 속 초고수들의 매수... 저평가 구간인가?"", ""like_count"": 0, ""unlike_count"": 0, ""score"": 0}, {""post_id"": 37, ""anonymous_code"": ""황소-6990"", ""post_type"": ""trade_share"", ""title"": ""다시 한 번 무릎에서 사왔습니다. (삼성전자)"", ""like_count"": 0, ""unlike_count"": 0, ""score"": 0}, {""post_id"": 38, ""anonymous_code"": ""펭귄-5408"", ""post_type"": ""trade_share"", ""title"": ""17 만 원대 매수 완료... 떨어질수록 사는 법의 시련"", ""like_count"": 0, ""unlike_count"": 0, ""score"": 0}, {""post_id"": 39, ""anonymous_code"": ""독수리-1692"", ""post_type"": ""trade_share"", ""title"": ""급락장에서의 손절매... 이제야 원칙을 지킨다."", ""like_count"": 0, ""unlike_count"": 0, ""score"": 0}, {""post_id"": 40, ""anonymous_code"": ""독수리-6722"", ""post_type"": ""trade_share"", ""title"": ""검은 수요일의 공포, 초고수들은 사는데 나는 팔았다..."", ""like_count"": 0, ""unlike_count"": 0, ""score"": 0}, {""post_id"": 41, ""anonymous_code"": ""곰-5671"", ""post_type"": ""profit_share"", ""title"": ""손절매로 마무리... 지갑은 비었지만 교훈은 남았습니다."", ""like_count"": 0, ""unlike_count"": 0, ""score"": 0}, {""post_id"": 42, ""anonymous_code"": ""늑대-3694"", ""post_type"": ""analysis"", ""title"": ""5500 붕괴와 초고수들의 매수: 공포 속의 기회"", ""like_count"": 0, ""unlike_count"": 0, ""score"": 0}]"
RN_COMM_ON_20260917,2026-03-04,6,A095,1,5,14,"[29, 30, 31, 32, 33, 34, 35, 36, 37, 38, 39, 40, 41, 42]","[{""post_id"": 29, ""anonymous_code"": ""사자-8925"", ""post_type"": ""trade_share"", ""title"": ""급락장에서 초고수들 따라 17 만 원대 진입..."", ""like_count"": 0, ""unlike_count"": 0, ""score"": 0}, {""post_id"": 30, ""anonymous_code"": ""황소-1620"", ""post_type"": ""trade_share"", ""title"": ""전쟁 공포에 떨어질수록 사는 중 (17.2 만원)"", ""like_count"": 0, ""unlike_count"": 0, ""score"": 0}, {""post_id"": 31, ""anonymous_code"": ""돌고래-2979"", ""post_type"": ""trade_share"", ""title"": ""검은 수요일, 초고수들이 사모는 곳입니다. 오늘도 저점 매수."", ""like_count"": 0, ""unlike_count"": 0, ""score"": 0}, {""post_id"": 32, ""anonymous_code"": ""황소-4770"", ""post_type"": ""trade_share"", ""title"": ""5500 붕괴장, 초고수들 따라 매수했습니다 (삼성전자)"", ""like_count"": 0, ""unlike_count"": 0, ""score"": 0}, {""post_id"": 33, ""anonymous_code"": ""곰-8551"", ""post_type"": ""trade_share"", ""title"": ""전량 매도 완료... 전쟁 공포에 손절 타격"", ""like_count"": 0, ""unlike_count"": 0, ""score"": 0}, {""post_id"": 34, ""anonymous_code"": ""황소-4980"", ""post_type"": ""impression"", ""title"": ""지정학적 리스크 속에서도 AI는 유효하다"", ""like_count"": 0, ""unlike_count"": 0, ""score"": 0}, {""post_id"": 35, ""anonymous_code"": ""여우-1683"", ""post_type"": ""trade_share"", ""title"": ""떨어질수록 사는 원칙, 오늘도 검증 중입니다."", ""like_count"": 0, ""unlike_count"": 0, ""score"": 0}, {""post_id"": 36, ""anonymous_code"": ""독수리-9332"", ""post_type"": ""impression"", ""title"": ""폭락장 속 초고수들의 매수... 저평가 구간인가?"", ""like_count"": 0, ""unlike_count"": 0, ""score"": 0}, {""post_id"": 37, ""anonymous_code"": ""황소-6990"", ""post_type"": ""trade_share"", ""title"": ""다시 한 번 무릎에서 사왔습니다. (삼성전자)"", ""like_count"": 0, ""unlike_count"": 0, ""score"": 0}, {""post_id"": 38, ""anonymous_code"": ""펭귄-5408"", ""post_type"": ""trade_share"", ""title"": ""17 만 원대 매수 완료... 떨어질수록 사는 법의 시련"", ""like_count"": 0, ""unlike_count"": 0, ""score"": 0}, {""post_id"": 39, ""anonymous_code"": ""독수리-1692"", ""post_type"": ""trade_share"", ""title"": ""급락장에서의 손절매... 이제야 원칙을 지킨다."", ""like_count"": 0, ""unlike_count"": 0, ""score"": 0}, {""post_id"": 40, ""anonymous_code"": ""독수리-6722"", ""post_type"": ""trade_share"", ""title"": ""검은 수요일의 공포, 초고수들은 사는데 나는 팔았다..."", ""like_count"": 0, ""unlike_count"": 0, ""score"": 0}, {""post_id"": 41, ""anonymous_code"": ""곰-5671"", ""post_type"": ""profit_share"", ""title"": ""손절매로 마무리... 지갑은 비었지만 교훈은 남았습니다."", ""like_count"": 0, ""unlike_count"": 0, ""score"": 0}, {""post_id"": 42, ""anonymous_code"": ""늑대-3694"", ""post_type"": ""analysis"", ""title"": ""5500 붕괴와 초고수들의 매수: 공포 속의 기회"", ""like_count"": 0, ""unlike_count"": 0, ""score"": 0}]"
RN_COMM_ON_20260917,2026-03-04,6,A097,1,5,14,"[29, 30, 31, 32, 33, 34, 35, 36, 37, 38, 39, 40, 41, 42]","[{""post_id"": 29, ""anonymous_code"": ""사자-8925"", ""post_type"": ""trade_share"", ""title"": ""급락장에서 초고수들 따라 17 만 원대 진입..."", ""like_count"": 0, ""unlike_count"": 0, ""score"": 0}, {""post_id"": 30, ""anonymous_code"": ""황소-1620"", ""post_type"": ""trade_share"", ""title"": ""전쟁 공포에 떨어질수록 사는 중 (17.2 만원)"", ""like_count"": 0, ""unlike_count"": 0, ""score"": 0}, {""post_id"": 31, ""anonymous_code"": ""돌고래-2979"", ""post_type"": ""trade_share"", ""title"": ""검은 수요일, 초고수들이 사모는 곳입니다. 오늘도 저점 매수."", ""like_count"": 0, ""unlike_count"": 0, ""score"": 0}, {""post_id"": 32, ""anonymous_code"": ""황소-4770"", ""post_type"": ""trade_share"", ""title"": ""5500 붕괴장, 초고수들 따라 매수했습니다 (삼성전자)"", ""like_count"": 0, ""unlike_count"": 0, ""score"": 0}, {""post_id"": 33, ""anonymous_code"": ""곰-8551"", ""post_type"": ""trade_share"", ""title"": ""전량 매도 완료... 전쟁 공포에 손절 타격"", ""like_count"": 0, ""unlike_count"": 0, ""score"": 0}, {""post_id"": 34, ""anonymous_code"": ""황소-4980"", ""post_type"": ""impression"", ""title"": ""지정학적 리스크 속에서도 AI는 유효하다"", ""like_count"": 0, ""unlike_count"": 0, ""score"": 0}, {""post_id"": 35, ""anonymous_code"": ""여우-1683"", ""post_type"": ""trade_share"", ""title"": ""떨어질수록 사는 원칙, 오늘도 검증 중입니다."", ""like_count"": 0, ""unlike_count"": 0, ""score"": 0}, {""post_id"": 36, ""anonymous_code"": ""독수리-9332"", ""post_type"": ""impression"", ""title"": ""폭락장 속 초고수들의 매수... 저평가 구간인가?"", ""like_count"": 0, ""unlike_count"": 0, ""score"": 0}, {""post_id"": 37, ""anonymous_code"": ""황소-6990"", ""post_type"": ""trade_share"", ""title"": ""다시 한 번 무릎에서 사왔습니다. (삼성전자)"", ""like_count"": 0, ""unlike_count"": 0, ""score"": 0}, {""post_id"": 38, ""anonymous_code"": ""펭귄-5408"", ""post_type"": ""trade_share"", ""title"": ""17 만 원대 매수 완료... 떨어질수록 사는 법의 시련"", ""like_count"": 0, ""unlike_count"": 0, ""score"": 0}, {""post_id"": 39, ""anonymous_code"": ""독수리-1692"", ""post_type"": ""trade_share"", ""title"": ""급락장에서의 손절매... 이제야 원칙을 지킨다."", ""like_count"": 0, ""unlike_count"": 0, ""score"": 0}, {""post_id"": 40, ""anonymous_code"": ""독수리-6722"", ""post_type"": ""trade_share"", ""title"": ""검은 수요일의 공포, 초고수들은 사는데 나는 팔았다..."", ""like_count"": 0, ""unlike_count"": 0, ""score"": 0}, {""post_id"": 41, ""anonymous_code"": ""곰-5671"", ""post_type"": ""profit_share"", ""title"": ""손절매로 마무리... 지갑은 비었지만 교훈은 남았습니다."", ""like_count"": 0, ""unlike_count"": 0, ""score"": 0}, {""post_id"": 42, ""anonymous_code"": ""늑대-3694"", ""post_type"": ""analysis"", ""title"": ""5500 붕괴와 초고수들의 매수: 공포 속의 기회"", ""like_count"": 0, ""unlike_count"": 0, ""score"": 0}]"
RN_COMM_ON_20260917,2026-03-04,6,A096,2,5,14,"[29, 30, 31, 32, 33, 34, 35, 36, 37, 38, 39, 40, 41, 42]","[{""post_id"": 29, ""anonymous_code"": ""사자-8925"", ""post_type"": ""trade_share"", ""title"": ""급락장에서 초고수들 따라 17 만 원대 진입..."", ""like_count"": 0, ""unlike_count"": 0, ""score"": 0}, {""post_id"": 30, ""anonymous_code"": ""황소-1620"", ""post_type"": ""trade_share"", ""title"": ""전쟁 공포에 떨어질수록 사는 중 (17.2 만원)"", ""like_count"": 0, ""unlike_count"": 0, ""score"": 0}, {""post_id"": 31, ""anonymous_code"": ""돌고래-2979"", ""post_type"": ""trade_share"", ""title"": ""검은 수요일, 초고수들이 사모는 곳입니다. 오늘도 저점 매수."", ""like_count"": 0, ""unlike_count"": 0, ""score"": 0}, {""post_id"": 32, ""anonymous_code"": ""황소-4770"", ""post_type"": ""trade_share"", ""title"": ""5500 붕괴장, 초고수들 따라 매수했습니다 (삼성전자)"", ""like_count"": 0, ""unlike_count"": 0, ""score"": 0}, {""post_id"": 33, ""anonymous_code"": ""곰-8551"", ""post_type"": ""trade_share"", ""title"": ""전량 매도 완료... 전쟁 공포에 손절 타격"", ""like_count"": 0, ""unlike_count"": 0, ""score"": 0}, {""post_id"": 34, ""anonymous_code"": ""황소-4980"", ""post_type"": ""impression"", ""title"": ""지정학적 리스크 속에서도 AI는 유효하다"", ""like_count"": 0, ""unlike_count"": 0, ""score"": 0}, {""post_id"": 35, ""anonymous_code"": ""여우-1683"", ""post_type"": ""trade_share"", ""title"": ""떨어질수록 사는 원칙, 오늘도 검증 중입니다."", ""like_count"": 0, ""unlike_count"": 0, ""score"": 0}, {""post_id"": 36, ""anonymous_code"": ""독수리-9332"", ""post_type"": ""impression"", ""title"": ""폭락장 속 초고수들의 매수... 저평가 구간인가?"", ""like_count"": 0, ""unlike_count"": 0, ""score"": 0}, {""post_id"": 37, ""anonymous_code"": ""황소-6990"", ""post_type"": ""trade_share"", ""title"": ""다시 한 번 무릎에서 사왔습니다. (삼성전자)"", ""like_count"": 0, ""unlike_count"": 0, ""score"": 0}, {""post_id"": 38, ""anonymous_code"": ""펭귄-5408"", ""post_type"": ""trade_share"", ""title"": ""17 만 원대 매수 완료... 떨어질수록 사는 법의 시련"", ""like_count"": 0, ""unlike_count"": 0, ""score"": 0}, {""post_id"": 39, ""anonymous_code"": ""독수리-1692"", ""post_type"": ""trade_share"", ""title"": ""급락장에서의 손절매... 이제야 원칙을 지킨다."", ""like_count"": 0, ""unlike_count"": 0, ""score"": 0}, {""post_id"": 40, ""anonymous_code"": ""독수리-6722"", ""post_type"": ""trade_share"", ""title"": ""검은 수요일의 공포, 초고수들은 사는데 나는 팔았다..."", ""like_count"": 0, ""unlike_count"": 0, ""score"": 0}, {""post_id"": 41, ""anonymous_code"": ""곰-5671"", ""post_type"": ""profit_share"", ""title"": ""손절매로 마무리... 지갑은 비었지만 교훈은 남았습니다."", ""like_count"": 0, ""unlike_count"": 0, ""score"": 0}, {""post_id"": 42, ""anonymous_code"": ""늑대-3694"", ""post_type"": ""analysis"", ""title"": ""5500 붕괴와 초고수들의 매수: 공포 속의 기회"", ""like_count"": 0, ""unlike_count"": 0, ""score"": 0}]"
RN_COMM_ON_20260917,2026-03-04,6,A098,1,5,13,"[29, 30, 31, 32, 33, 34, 35, 36, 37, 38, 39, 40, 41]","[{""post_id"": 29, ""anonymous_code"": ""사자-8925"", ""post_type"": ""trade_share"", ""title"": ""급락장에서 초고수들 따라 17 만 원대 진입..."", ""like_count"": 0, ""unlike_count"": 0, ""score"": 0}, {""post_id"": 30, ""anonymous_code"": ""황소-1620"", ""post_type"": ""trade_share"", ""title"": ""전쟁 공포에 떨어질수록 사는 중 (17.2 만원)"", ""like_count"": 0, ""unlike_count"": 0, ""score"": 0}, {""post_id"": 31, ""anonymous_code"": ""돌고래-2979"", ""post_type"": ""trade_share"", ""title"": ""검은 수요일, 초고수들이 사모는 곳입니다. 오늘도 저점 매수."", ""like_count"": 0, ""unlike_count"": 0, ""score"": 0}, {""post_id"": 32, ""anonymous_code"": ""황소-4770"", ""post_type"": ""trade_share"", ""title"": ""5500 붕괴장, 초고수들 따라 매수했습니다 (삼성전자)"", ""like_count"": 0, ""unlike_count"": 0, ""score"": 0}, {""post_id"": 33, ""anonymous_code"": ""곰-8551"", ""post_type"": ""trade_share"", ""title"": ""전량 매도 완료... 전쟁 공포에 손절 타격"", ""like_count"": 0, ""unlike_count"": 0, ""score"": 0}, {""post_id"": 34, ""anonymous_code"": ""황소-4980"", ""post_type"": ""impression"", ""title"": ""지정학적 리스크 속에서도 AI는 유효하다"", ""like_count"": 0, ""unlike_count"": 0, ""score"": 0}, {""post_id"": 35, ""anonymous_code"": ""여우-1683"", ""post_type"": ""trade_share"", ""title"": ""떨어질수록 사는 원칙, 오늘도 검증 중입니다."", ""like_count"": 0, ""unlike_count"": 0, ""score"": 0}, {""post_id"": 36, ""anonymous_code"": ""독수리-9332"", ""post_type"": ""impression"", ""title"": ""폭락장 속 초고수들의 매수... 저평가 구간인가?"", ""like_count"": 0, ""unlike_count"": 0, ""score"": 0}, {""post_id"": 37, ""anonymous_code"": ""황소-6990"", ""post_type"": ""trade_share"", ""title"": ""다시 한 번 무릎에서 사왔습니다. (삼성전자)"", ""like_count"": 0, ""unlike_count"": 0, ""score"": 0}, {""post_id"": 38, ""anonymous_code"": ""펭귄-5408"", ""post_type"": ""trade_share"", ""title"": ""17 만 원대 매수 완료... 떨어질수록 사는 법의 시련"", ""like_count"": 0, ""unlike_count"": 0, ""score"": 0}, {""post_id"": 39, ""anonymous_code"": ""독수리-1692"", ""post_type"": ""trade_share"", ""title"": ""급락장에서의 손절매... 이제야 원칙을 지킨다."", ""like_count"": 0, ""unlike_count"": 0, ""score"": 0}, {""post_id"": 40, ""anonymous_code"": ""독수리-6722"", ""post_type"": ""trade_share"", ""title"": ""검은 수요일의 공포, 초고수들은 사는데 나는 팔았다..."", ""like_count"": 0, ""unlike_count"": 0, ""score"": 0}, {""post_id"": 41, ""anonymous_code"": ""곰-5671"", ""post_type"": ""profit_share"", ""title"": ""손절매로 마무리... 지갑은 비었지만 교훈은 남았습니다."", ""like_count"": 0, ""unlike_count"": 0, ""score"": 0}]"
RN_COMM_ON_20260917,2026-03-04,6,A100,1,5,14,"[29, 30, 31, 32, 33, 34, 35, 36, 37, 38, 39, 40, 41, 42]","[{""post_id"": 29, ""anonymous_code"": ""사자-8925"", ""post_type"": ""trade_share"", ""title"": ""급락장에서 초고수들 따라 17 만 원대 진입..."", ""like_count"": 0, ""unlike_count"": 0, ""score"": 0}, {""post_id"": 30, ""anonymous_code"": ""황소-1620"", ""post_type"": ""trade_share"", ""title"": ""전쟁 공포에 떨어질수록 사는 중 (17.2 만원)"", ""like_count"": 0, ""unlike_count"": 0, ""score"": 0}, {""post_id"": 31, ""anonymous_code"": ""돌고래-2979"", ""post_type"": ""trade_share"", ""title"": ""검은 수요일, 초고수들이 사모는 곳입니다. 오늘도 저점 매수."", ""like_count"": 0, ""unlike_count"": 0, ""score"": 0}, {""post_id"": 32, ""anonymous_code"": ""황소-4770"", ""post_type"": ""trade_share"", ""title"": ""5500 붕괴장, 초고수들 따라 매수했습니다 (삼성전자)"", ""like_count"": 0, ""unlike_count"": 0, ""score"": 0}, {""post_id"": 33, ""anonymous_code"": ""곰-8551"", ""post_type"": ""trade_share"", ""title"": ""전량 매도 완료... 전쟁 공포에 손절 타격"", ""like_count"": 0, ""unlike_count"": 0, ""score"": 0}, {""post_id"": 34, ""anonymous_code"": ""황소-4980"", ""post_type"": ""impression"", ""title"": ""지정학적 리스크 속에서도 AI는 유효하다"", ""like_count"": 0, ""unlike_count"": 0, ""score"": 0}, {""post_id"": 35, ""anonymous_code"": ""여우-1683"", ""post_type"": ""trade_share"", ""title"": ""떨어질수록 사는 원칙, 오늘도 검증 중입니다."", ""like_count"": 0, ""unlike_count"": 0, ""score"": 0}, {""post_id"": 36, ""anonymous_code"": ""독수리-9332"", ""post_type"": ""impression"", ""title"": ""폭락장 속 초고수들의 매수... 저평가 구간인가?"", ""like_count"": 0, ""unlike_count"": 0, ""score"": 0}, {""post_id"": 37, ""anonymous_code"": ""황소-6990"", ""post_type"": ""trade_share"", ""title"": ""다시 한 번 무릎에서 사왔습니다. (삼성전자)"", ""like_count"": 0, ""unlike_count"": 0, ""score"": 0}, {""post_id"": 38, ""anonymous_code"": ""펭귄-5408"", ""post_type"": ""trade_share"", ""title"": ""17 만 원대 매수 완료... 떨어질수록 사는 법의 시련"", ""like_count"": 0, ""unlike_count"": 0, ""score"": 0}, {""post_id"": 39, ""anonymous_code"": ""독수리-1692"", ""post_type"": ""trade_share"", ""title"": ""급락장에서의 손절매... 이제야 원칙을 지킨다."", ""like_count"": 0, ""unlike_count"": 0, ""score"": 0}, {""post_id"": 40, ""anonymous_code"": ""독수리-6722"", ""post_type"": ""trade_share"", ""title"": ""검은 수요일의 공포, 초고수들은 사는데 나는 팔았다..."", ""like_count"": 0, ""unlike_count"": 0, ""score"": 0}, {""post_id"": 41, ""anonymous_code"": ""곰-5671"", ""post_type"": ""profit_share"", ""title"": ""손절매로 마무리... 지갑은 비었지만 교훈은 남았습니다."", ""like_count"": 0, ""unlike_count"": 0, ""score"": 0}, {""post_id"": 42, ""anonymous_code"": ""늑대-3694"", ""post_type"": ""analysis"", ""title"": ""5500 붕괴와 초고수들의 매수: 공포 속의 기회"", ""like_count"": 0, ""unlike_count"": 0, ""score"": 0}]"
RN_COMM_ON_20260917,2026-03-05,8,A002,1,5,14,"[43, 44, 45, 46, 47, 48, 49, 50, 51, 52, 53, 54, 55, 56]","[{""post_id"": 43, ""anonymous_code"": ""사자-8925"", ""post_type"": ""trade_share"", ""title"": ""반등 확인 후 상승 추세를 믿고 비중 확대했습니다."", ""like_count"": 0, ""unlike_count"": 0, ""score"": 0}, {""post_id"": 44, ""anonymous_code"": ""황소-1620"", ""post_type"": ""profit_share"", ""title"": ""급반등에 팔아치웠습니다. 원칙이 살아있네요."", ""like_count"": 0, ""unlike_count"": 0, ""score"": 0}, {""post_id"": 45, ""anonymous_code"": ""돌고래-2979"", ""post_type"": ""trade_share"", ""title"": ""V자 반등에 다시 한 번 걸었습니다. (삼성전자)"", ""like_count"": 0, ""unlike_count"": 0, ""score"": 0}, {""post_id"": 46, ""anonymous_code"": ""황소-4770"", ""post_type"": ""trade_share"", ""title"": ""나락가는 줄 알았는데... 다시 매수했습니다."", ""like_count"": 0, ""unlike_count"": 0, ""score"": 0}, {""post_id"": 47, ""anonymous_code"": ""곰-8551"", ""post_type"": ""trade_share"", ""title"": ""반도체 섹터 반등 확인! 오늘 삼성전자로 다시 진입했습니다."", ""like_count"": 0, ""unlike_count"": 0, ""score"": 0}, {""post_id"": 48, ""anonymous_code"": ""황소-4980"", ""post_type"": ""trade_share"", ""title"": ""떨리는 손으로 매수했습니다. (삼성전자)"", ""like_count"": 0, ""unlike_count"": 0, ""score"": 0}, {""post_id"": 49, ""anonymous_code"": ""여우-1683"", ""post_type"": ""profit_share"", ""title"": ""급등장에 전량 매도, 손실 확정... 원칙의 한계를 다시 씁니다."", ""like_count"": 0, ""unlike_count"": 0, ""score"": 0}, {""post_id"": 50, ""anonymous_code"": ""독수리-9332"", ""post_type"": ""profit_share"", ""title"": ""10% 수익 확정! 물타기 전략의 승리 (삼성전자)"", ""like_count"": 0, ""unlike_count"": 0, ""score"": 0}, {""post_id"": 51, ""anonymous_code"": ""황소-6990"", ""post_type"": ""trade_share"", ""title"": ""11% 수익 놓치고 매도... 타이밍 조절이 핵심이네요."", ""like_count"": 0, ""unlike_count"": 0, ""score"": 0}, {""post_id"": 52, ""anonymous_code"": ""펭귄-5408"", ""post_type"": ""profit_share"", ""title"": ""급등장에 팔아치웠습니다. 수익 10% 넘으면 바로 손절 (이익)!"", ""like_count"": 0, ""unlike_count"": 0, ""score"": 0}, {""post_id"": 53, ""anonymous_code"": ""독수리-1692"", ""post_type"": ""trade_share"", ""title"": ""19 만 원대 진입 완료... 이번엔 잡지 않겠습니다."", ""like_count"": 0, ""unlike_count"": 0, ""score"": 0}, {""post_id"": 54, ""anonymous_code"": ""독수리-6722"", ""post_type"": ""trade_share"", ""title"": ""다시 한번 손절 라인 확인... 추격 매수는 절대 안 됨!"", ""like_count"": 0, ""unlike_count"": 0, ""score"": 0}, {""post_id"": 55, ""anonymous_code"": ""곰-5671"", ""post_type"": ""trade_share"", ""title"": ""지정학적 공포에 팔았던 저점을 다시 샀습니다. (삼성전자)"", ""like_count"": 0, ""unlike_count"": 0, ""score"": 0}, {""post_id"": 56, ""anonymous_code"": ""늑대-3694"", ""post_type"": ""profit_share"", ""title"": ""10% 수익 원칙 지키며 매도 완료! 반도체 반등 주시 중"", ""like_count"": 0, ""unlike_count"": 0, ""score"": 0}]"
RN_COMM_ON_20260917,2026-03-05,8,A007,1,5,14,"[43, 44, 45, 46, 47, 48, 49, 50, 51, 52, 53, 54, 55, 56]","[{""post_id"": 43, ""anonymous_code"": ""사자-8925"", ""post_type"": ""trade_share"", ""title"": ""반등 확인 후 상승 추세를 믿고 비중 확대했습니다."", ""like_count"": 0, ""unlike_count"": 0, ""score"": 0}, {""post_id"": 44, ""anonymous_code"": ""황소-1620"", ""post_type"": ""profit_share"", ""title"": ""급반등에 팔아치웠습니다. 원칙이 살아있네요."", ""like_count"": 0, ""unlike_count"": 0, ""score"": 0}, {""post_id"": 45, ""anonymous_code"": ""돌고래-2979"", ""post_type"": ""trade_share"", ""title"": ""V자 반등에 다시 한 번 걸었습니다. (삼성전자)"", ""like_count"": 0, ""unlike_count"": 0, ""score"": 0}, {""post_id"": 46, ""anonymous_code"": ""황소-4770"", ""post_type"": ""trade_share"", ""title"": ""나락가는 줄 알았는데... 다시 매수했습니다."", ""like_count"": 0, ""unlike_count"": 0, ""score"": 0}, {""post_id"": 47, ""anonymous_code"": ""곰-8551"", ""post_type"": ""trade_share"", ""title"": ""반도체 섹터 반등 확인! 오늘 삼성전자로 다시 진입했습니다."", ""like_count"": 0, ""unlike_count"": 0, ""score"": 0}, {""post_id"": 48, ""anonymous_code"": ""황소-4980"", ""post_type"": ""trade_share"", ""title"": ""떨리는 손으로 매수했습니다. (삼성전자)"", ""like_count"": 0, ""unlike_count"": 0, ""score"": 0}, {""post_id"": 49, ""anonymous_code"": ""여우-1683"", ""post_type"": ""profit_share"", ""title"": ""급등장에 전량 매도, 손실 확정... 원칙의 한계를 다시 씁니다."", ""like_count"": 0, ""unlike_count"": 0, ""score"": 0}, {""post_id"": 50, ""anonymous_code"": ""독수리-9332"", ""post_type"": ""profit_share"", ""title"": ""10% 수익 확정! 물타기 전략의 승리 (삼성전자)"", ""like_count"": 0, ""unlike_count"": 0, ""score"": 0}, {""post_id"": 51, ""anonymous_code"": ""황소-6990"", ""post_type"": ""trade_share"", ""title"": ""11% 수익 놓치고 매도... 타이밍 조절이 핵심이네요."", ""like_count"": 0, ""unlike_count"": 0, ""score"": 0}, {""post_id"": 52, ""anonymous_code"": ""펭귄-5408"", ""post_type"": ""profit_share"", ""title"": ""급등장에 팔아치웠습니다. 수익 10% 넘으면 바로 손절 (이익)!"", ""like_count"": 0, ""unlike_count"": 0, ""score"": 0}, {""post_id"": 53, ""anonymous_code"": ""독수리-1692"", ""post_type"": ""trade_share"", ""title"": ""19 만 원대 진입 완료... 이번엔 잡지 않겠습니다."", ""like_count"": 0, ""unlike_count"": 0, ""score"": 0}, {""post_id"": 54, ""anonymous_code"": ""독수리-6722"", ""post_type"": ""trade_share"", ""title"": ""다시 한번 손절 라인 확인... 추격 매수는 절대 안 됨!"", ""like_count"": 0, ""unlike_count"": 0, ""score"": 0}, {""post_id"": 55, ""anonymous_code"": ""곰-5671"", ""post_type"": ""trade_share"", ""title"": ""지정학적 공포에 팔았던 저점을 다시 샀습니다. (삼성전자)"", ""like_count"": 0, ""unlike_count"": 0, ""score"": 0}, {""post_id"": 56, ""anonymous_code"": ""늑대-3694"", ""post_type"": ""profit_share"", ""title"": ""10% 수익 원칙 지키며 매도 완료! 반도체 반등 주시 중"", ""like_count"": 0, ""unlike_count"": 0, ""score"": 0}]"
RN_COMM_ON_20260917,2026-03-05,8,A012,1,5,14,"[43, 44, 45, 46, 47, 48, 49, 50, 51, 52, 53, 54, 55, 56]","[{""post_id"": 43, ""anonymous_code"": ""사자-8925"", ""post_type"": ""trade_share"", ""title"": ""반등 확인 후 상승 추세를 믿고 비중 확대했습니다."", ""like_count"": 0, ""unlike_count"": 0, ""score"": 0}, {""post_id"": 44, ""anonymous_code"": ""황소-1620"", ""post_type"": ""profit_share"", ""title"": ""급반등에 팔아치웠습니다. 원칙이 살아있네요."", ""like_count"": 0, ""unlike_count"": 0, ""score"": 0}, {""post_id"": 45, ""anonymous_code"": ""돌고래-2979"", ""post_type"": ""trade_share"", ""title"": ""V자 반등에 다시 한 번 걸었습니다. (삼성전자)"", ""like_count"": 0, ""unlike_count"": 0, ""score"": 0}, {""post_id"": 46, ""anonymous_code"": ""황소-4770"", ""post_type"": ""trade_share"", ""title"": ""나락가는 줄 알았는데... 다시 매수했습니다."", ""like_count"": 0, ""unlike_count"": 0, ""score"": 0}, {""post_id"": 47, ""anonymous_code"": ""곰-8551"", ""post_type"": ""trade_share"", ""title"": ""반도체 섹터 반등 확인! 오늘 삼성전자로 다시 진입했습니다."", ""like_count"": 0, ""unlike_count"": 0, ""score"": 0}, {""post_id"": 48, ""anonymous_code"": ""황소-4980"", ""post_type"": ""trade_share"", ""title"": ""떨리는 손으로 매수했습니다. (삼성전자)"", ""like_count"": 0, ""unlike_count"": 0, ""score"": 0}, {""post_id"": 49, ""anonymous_code"": ""여우-1683"", ""post_type"": ""profit_share"", ""title"": ""급등장에 전량 매도, 손실 확정... 원칙의 한계를 다시 씁니다."", ""like_count"": 0, ""unlike_count"": 0, ""score"": 0}, {""post_id"": 50, ""anonymous_code"": ""독수리-9332"", ""post_type"": ""profit_share"", ""title"": ""10% 수익 확정! 물타기 전략의 승리 (삼성전자)"", ""like_count"": 0, ""unlike_count"": 0, ""score"": 0}, {""post_id"": 51, ""anonymous_code"": ""황소-6990"", ""post_type"": ""trade_share"", ""title"": ""11% 수익 놓치고 매도... 타이밍 조절이 핵심이네요."", ""like_count"": 0, ""unlike_count"": 0, ""score"": 0}, {""post_id"": 52, ""anonymous_code"": ""펭귄-5408"", ""post_type"": ""profit_share"", ""title"": ""급등장에 팔아치웠습니다. 수익 10% 넘으면 바로 손절 (이익)!"", ""like_count"": 0, ""unlike_count"": 0, ""score"": 0}, {""post_id"": 53, ""anonymous_code"": ""독수리-1692"", ""post_type"": ""trade_share"", ""title"": ""19 만 원대 진입 완료... 이번엔 잡지 않겠습니다."", ""like_count"": 0, ""unlike_count"": 0, ""score"": 0}, {""post_id"": 54, ""anonymous_code"": ""독수리-6722"", ""post_type"": ""trade_share"", ""title"": ""다시 한번 손절 라인 확인... 추격 매수는 절대 안 됨!"", ""like_count"": 0, ""unlike_count"": 0, ""score"": 0}, {""post_id"": 55, ""anonymous_code"": ""곰-5671"", ""post_type"": ""trade_share"", ""title"": ""지정학적 공포에 팔았던 저점을 다시 샀습니다. (삼성전자)"", ""like_count"": 0, ""unlike_count"": 0, ""score"": 0}, {""post_id"": 56, ""anonymous_code"": ""늑대-3694"", ""post_type"": ""profit_share"", ""title"": ""10% 수익 원칙 지키며 매도 완료! 반도체 반등 주시 중"", ""like_count"": 0, ""unlike_count"": 0, ""score"": 0}]"
RN_COMM_ON_20260917,2026-03-05,8,A004,1,5,14,"[43, 44, 45, 46, 47, 48, 49, 50, 51, 52, 53, 54, 55, 56]","[{""post_id"": 43, ""anonymous_code"": ""사자-8925"", ""post_type"": ""trade_share"", ""title"": ""반등 확인 후 상승 추세를 믿고 비중 확대했습니다."", ""like_count"": 0, ""unlike_count"": 0, ""score"": 0}, {""post_id"": 44, ""anonymous_code"": ""황소-1620"", ""post_type"": ""profit_share"", ""title"": ""급반등에 팔아치웠습니다. 원칙이 살아있네요."", ""like_count"": 0, ""unlike_count"": 0, ""score"": 0}, {""post_id"": 45, ""anonymous_code"": ""돌고래-2979"", ""post_type"": ""trade_share"", ""title"": ""V자 반등에 다시 한 번 걸었습니다. (삼성전자)"", ""like_count"": 0, ""unlike_count"": 0, ""score"": 0}, {""post_id"": 46, ""anonymous_code"": ""황소-4770"", ""post_type"": ""trade_share"", ""title"": ""나락가는 줄 알았는데... 다시 매수했습니다."", ""like_count"": 0, ""unlike_count"": 0, ""score"": 0}, {""post_id"": 47, ""anonymous_code"": ""곰-8551"", ""post_type"": ""trade_share"", ""title"": ""반도체 섹터 반등 확인! 오늘 삼성전자로 다시 진입했습니다."", ""like_count"": 0, ""unlike_count"": 0, ""score"": 0}, {""post_id"": 48, ""anonymous_code"": ""황소-4980"", ""post_type"": ""trade_share"", ""title"": ""떨리는 손으로 매수했습니다. (삼성전자)"", ""like_count"": 0, ""unlike_count"": 0, ""score"": 0}, {""post_id"": 49, ""anonymous_code"": ""여우-1683"", ""post_type"": ""profit_share"", ""title"": ""급등장에 전량 매도, 손실 확정... 원칙의 한계를 다시 씁니다."", ""like_count"": 0, ""unlike_count"": 0, ""score"": 0}, {""post_id"": 50, ""anonymous_code"": ""독수리-9332"", ""post_type"": ""profit_share"", ""title"": ""10% 수익 확정! 물타기 전략의 승리 (삼성전자)"", ""like_count"": 0, ""unlike_count"": 0, ""score"": 0}, {""post_id"": 51, ""anonymous_code"": ""황소-6990"", ""post_type"": ""trade_share"", ""title"": ""11% 수익 놓치고 매도... 타이밍 조절이 핵심이네요."", ""like_count"": 0, ""unlike_count"": 0, ""score"": 0}, {""post_id"": 52, ""anonymous_code"": ""펭귄-5408"", ""post_type"": ""profit_share"", ""title"": ""급등장에 팔아치웠습니다. 수익 10% 넘으면 바로 손절 (이익)!"", ""like_count"": 0, ""unlike_count"": 0, ""score"": 0}, {""post_id"": 53, ""anonymous_code"": ""독수리-1692"", ""post_type"": ""trade_share"", ""title"": ""19 만 원대 진입 완료... 이번엔 잡지 않겠습니다."", ""like_count"": 0, ""unlike_count"": 0, ""score"": 0}, {""post_id"": 54, ""anonymous_code"": ""독수리-6722"", ""post_type"": ""trade_share"", ""title"": ""다시 한번 손절 라인 확인... 추격 매수는 절대 안 됨!"", ""like_count"": 0, ""unlike_count"": 0, ""score"": 0}, {""post_id"": 55, ""anonymous_code"": ""곰-5671"", ""post_type"": ""trade_share"", ""title"": ""지정학적 공포에 팔았던 저점을 다시 샀습니다. (삼성전자)"", ""like_count"": 0, ""unlike_count"": 0, ""score"": 0}, {""post_id"": 56, ""anonymous_code"": ""늑대-3694"", ""post_type"": ""profit_share"", ""title"": ""10% 수익 원칙 지키며 매도 완료! 반도체 반등 주시 중"", ""like_count"": 0, ""unlike_count"": 0, ""score"": 0}]"
RN_COMM_ON_20260917,2026-03-05,8,A006,1,5,14,"[43, 44, 45, 46, 47, 48, 49, 50, 51, 52, 53, 54, 55, 56]","[{""post_id"": 43, ""anonymous_code"": ""사자-8925"", ""post_type"": ""trade_share"", ""title"": ""반등 확인 후 상승 추세를 믿고 비중 확대했습니다."", ""like_count"": 0, ""unlike_count"": 0, ""score"": 0}, {""post_id"": 44, ""anonymous_code"": ""황소-1620"", ""post_type"": ""profit_share"", ""title"": ""급반등에 팔아치웠습니다. 원칙이 살아있네요."", ""like_count"": 0, ""unlike_count"": 0, ""score"": 0}, {""post_id"": 45, ""anonymous_code"": ""돌고래-2979"", ""post_type"": ""trade_share"", ""title"": ""V자 반등에 다시 한 번 걸었습니다. (삼성전자)"", ""like_count"": 0, ""unlike_count"": 0, ""score"": 0}, {""post_id"": 46, ""anonymous_code"": ""황소-4770"", ""post_type"": ""trade_share"", ""title"": ""나락가는 줄 알았는데... 다시 매수했습니다."", ""like_count"": 0, ""unlike_count"": 0, ""score"": 0}, {""post_id"": 47, ""anonymous_code"": ""곰-8551"", ""post_type"": ""trade_share"", ""title"": ""반도체 섹터 반등 확인! 오늘 삼성전자로 다시 진입했습니다."", ""like_count"": 0, ""unlike_count"": 0, ""score"": 0}, {""post_id"": 48, ""anonymous_code"": ""황소-4980"", ""post_type"": ""trade_share"", ""title"": ""떨리는 손으로 매수했습니다. (삼성전자)"", ""like_count"": 0, ""unlike_count"": 0, ""score"": 0}, {""post_id"": 49, ""anonymous_code"": ""여우-1683"", ""post_type"": ""profit_share"", ""title"": ""급등장에 전량 매도, 손실 확정... 원칙의 한계를 다시 씁니다."", ""like_count"": 0, ""unlike_count"": 0, ""score"": 0}, {""post_id"": 50, ""anonymous_code"": ""독수리-9332"", ""post_type"": ""profit_share"", ""title"": ""10% 수익 확정! 물타기 전략의 승리 (삼성전자)"", ""like_count"": 0, ""unlike_count"": 0, ""score"": 0}, {""post_id"": 51, ""anonymous_code"": ""황소-6990"", ""post_type"": ""trade_share"", ""title"": ""11% 수익 놓치고 매도... 타이밍 조절이 핵심이네요."", ""like_count"": 0, ""unlike_count"": 0, ""score"": 0}, {""post_id"": 52, ""anonymous_code"": ""펭귄-5408"", ""post_type"": ""profit_share"", ""title"": ""급등장에 팔아치웠습니다. 수익 10% 넘으면 바로 손절 (이익)!"", ""like_count"": 0, ""unlike_count"": 0, ""score"": 0}, {""post_id"": 53, ""anonymous_code"": ""독수리-1692"", ""post_type"": ""trade_share"", ""title"": ""19 만 원대 진입 완료... 이번엔 잡지 않겠습니다."", ""like_count"": 0, ""unlike_count"": 0, ""score"": 0}, {""post_id"": 54, ""anonymous_code"": ""독수리-6722"", ""post_type"": ""trade_share"", ""title"": ""다시 한번 손절 라인 확인... 추격 매수는 절대 안 됨!"", ""like_count"": 0, ""unlike_count"": 0, ""score"": 0}, {""post_id"": 55, ""anonymous_code"": ""곰-5671"", ""post_type"": ""trade_share"", ""title"": ""지정학적 공포에 팔았던 저점을 다시 샀습니다. (삼성전자)"", ""like_count"": 0, ""unlike_count"": 0, ""score"": 0}, {""post_id"": 56, ""anonymous_code"": ""늑대-3694"", ""post_type"": ""profit_share"", ""title"": ""10% 수익 원칙 지키며 매도 완료! 반도체 반등 주시 중"", ""like_count"": 0, ""unlike_count"": 0, ""score"": 0}]"
RN_COMM_ON_20260917,2026-03-05,8,A001,1,5,14,"[43, 44, 45, 46, 47, 48, 49, 50, 51, 52, 53, 54, 55, 56]","[{""post_id"": 43, ""anonymous_code"": ""사자-8925"", ""post_type"": ""trade_share"", ""title"": ""반등 확인 후 상승 추세를 믿고 비중 확대했습니다."", ""like_count"": 0, ""unlike_count"": 0, ""score"": 0}, {""post_id"": 44, ""anonymous_code"": ""황소-1620"", ""post_type"": ""profit_share"", ""title"": ""급반등에 팔아치웠습니다. 원칙이 살아있네요."", ""like_count"": 0, ""unlike_count"": 0, ""score"": 0}, {""post_id"": 45, ""anonymous_code"": ""돌고래-2979"", ""post_type"": ""trade_share"", ""title"": ""V자 반등에 다시 한 번 걸었습니다. (삼성전자)"", ""like_count"": 0, ""unlike_count"": 0, ""score"": 0}, {""post_id"": 46, ""anonymous_code"": ""황소-4770"", ""post_type"": ""trade_share"", ""title"": ""나락가는 줄 알았는데... 다시 매수했습니다."", ""like_count"": 0, ""unlike_count"": 0, ""score"": 0}, {""post_id"": 47, ""anonymous_code"": ""곰-8551"", ""post_type"": ""trade_share"", ""title"": ""반도체 섹터 반등 확인! 오늘 삼성전자로 다시 진입했습니다."", ""like_count"": 0, ""unlike_count"": 0, ""score"": 0}, {""post_id"": 48, ""anonymous_code"": ""황소-4980"", ""post_type"": ""trade_share"", ""title"": ""떨리는 손으로 매수했습니다. (삼성전자)"", ""like_count"": 0, ""unlike_count"": 0, ""score"": 0}, {""post_id"": 49, ""anonymous_code"": ""여우-1683"", ""post_type"": ""profit_share"", ""title"": ""급등장에 전량 매도, 손실 확정... 원칙의 한계를 다시 씁니다."", ""like_count"": 0, ""unlike_count"": 0, ""score"": 0}, {""post_id"": 50, ""anonymous_code"": ""독수리-9332"", ""post_type"": ""profit_share"", ""title"": ""10% 수익 확정! 물타기 전략의 승리 (삼성전자)"", ""like_count"": 0, ""unlike_count"": 0, ""score"": 0}, {""post_id"": 51, ""anonymous_code"": ""황소-6990"", ""post_type"": ""trade_share"", ""title"": ""11% 수익 놓치고 매도... 타이밍 조절이 핵심이네요."", ""like_count"": 0, ""unlike_count"": 0, ""score"": 0}, {""post_id"": 52, ""anonymous_code"": ""펭귄-5408"", ""post_type"": ""profit_share"", ""title"": ""급등장에 팔아치웠습니다. 수익 10% 넘으면 바로 손절 (이익)!"", ""like_count"": 0, ""unlike_count"": 0, ""score"": 0}, {""post_id"": 53, ""anonymous_code"": ""독수리-1692"", ""post_type"": ""trade_share"", ""title"": ""19 만 원대 진입 완료... 이번엔 잡지 않겠습니다."", ""like_count"": 0, ""unlike_count"": 0, ""score"": 0}, {""post_id"": 54, ""anonymous_code"": ""독수리-6722"", ""post_type"": ""trade_share"", ""title"": ""다시 한번 손절 라인 확인... 추격 매수는 절대 안 됨!"", ""like_count"": 0, ""unlike_count"": 0, ""score"": 0}, {""post_id"": 55, ""anonymous_code"": ""곰-5671"", ""post_type"": ""trade_share"", ""title"": ""지정학적 공포에 팔았던 저점을 다시 샀습니다. (삼성전자)"", ""like_count"": 0, ""unlike_count"": 0, ""score"": 0}, {""post_id"": 56, ""anonymous_code"": ""늑대-3694"", ""post_type"": ""profit_share"", ""title"": ""10% 수익 원칙 지키며 매도 완료! 반도체 반등 주시 중"", ""like_count"": 0, ""unlike_count"": 0, ""score"": 0}]"
RN_COMM_ON_20260917,2026-03-05,8,A013,1,5,14,"[43, 44, 45, 46, 47, 48, 49, 50, 51, 52, 53, 54, 55, 56]","[{""post_id"": 43, ""anonymous_code"": ""사자-8925"", ""post_type"": ""trade_share"", ""title"": ""반등 확인 후 상승 추세를 믿고 비중 확대했습니다."", ""like_count"": 0, ""unlike_count"": 0, ""score"": 0}, {""post_id"": 44, ""anonymous_code"": ""황소-1620"", ""post_type"": ""profit_share"", ""title"": ""급반등에 팔아치웠습니다. 원칙이 살아있네요."", ""like_count"": 0, ""unlike_count"": 0, ""score"": 0}, {""post_id"": 45, ""anonymous_code"": ""돌고래-2979"", ""post_type"": ""trade_share"", ""title"": ""V자 반등에 다시 한 번 걸었습니다. (삼성전자)"", ""like_count"": 0, ""unlike_count"": 0, ""score"": 0}, {""post_id"": 46, ""anonymous_code"": ""황소-4770"", ""post_type"": ""trade_share"", ""title"": ""나락가는 줄 알았는데... 다시 매수했습니다."", ""like_count"": 0, ""unlike_count"": 0, ""score"": 0}, {""post_id"": 47, ""anonymous_code"": ""곰-8551"", ""post_type"": ""trade_share"", ""title"": ""반도체 섹터 반등 확인! 오늘 삼성전자로 다시 진입했습니다."", ""like_count"": 0, ""unlike_count"": 0, ""score"": 0}, {""post_id"": 48, ""anonymous_code"": ""황소-4980"", ""post_type"": ""trade_share"", ""title"": ""떨리는 손으로 매수했습니다. (삼성전자)"", ""like_count"": 0, ""unlike_count"": 0, ""score"": 0}, {""post_id"": 49, ""anonymous_code"": ""여우-1683"", ""post_type"": ""profit_share"", ""title"": ""급등장에 전량 매도, 손실 확정... 원칙의 한계를 다시 씁니다."", ""like_count"": 0, ""unlike_count"": 0, ""score"": 0}, {""post_id"": 50, ""anonymous_code"": ""독수리-9332"", ""post_type"": ""profit_share"", ""title"": ""10% 수익 확정! 물타기 전략의 승리 (삼성전자)"", ""like_count"": 0, ""unlike_count"": 0, ""score"": 0}, {""post_id"": 51, ""anonymous_code"": ""황소-6990"", ""post_type"": ""trade_share"", ""title"": ""11% 수익 놓치고 매도... 타이밍 조절이 핵심이네요."", ""like_count"": 0, ""unlike_count"": 0, ""score"": 0}, {""post_id"": 52, ""anonymous_code"": ""펭귄-5408"", ""post_type"": ""profit_share"", ""title"": ""급등장에 팔아치웠습니다. 수익 10% 넘으면 바로 손절 (이익)!"", ""like_count"": 0, ""unlike_count"": 0, ""score"": 0}, {""post_id"": 53, ""anonymous_code"": ""독수리-1692"", ""post_type"": ""trade_share"", ""title"": ""19 만 원대 진입 완료... 이번엔 잡지 않겠습니다."", ""like_count"": 0, ""unlike_count"": 0, ""score"": 0}, {""post_id"": 54, ""anonymous_code"": ""독수리-6722"", ""post_type"": ""trade_share"", ""title"": ""다시 한번 손절 라인 확인... 추격 매수는 절대 안 됨!"", ""like_count"": 0, ""unlike_count"": 0, ""score"": 0}, {""post_id"": 55, ""anonymous_code"": ""곰-5671"", ""post_type"": ""trade_share"", ""title"": ""지정학적 공포에 팔았던 저점을 다시 샀습니다. (삼성전자)"", ""like_count"": 0, ""unlike_count"": 0, ""score"": 0}, {""post_id"": 56, ""anonymous_code"": ""늑대-3694"", ""post_type"": ""profit_share"", ""title"": ""10% 수익 원칙 지키며 매도 완료! 반도체 반등 주시 중"", ""like_count"": 0, ""unlike_count"": 0, ""score"": 0}]"
RN_COMM_ON_20260917,2026-03-05,8,A009,1,5,13,"[44, 45, 46, 47, 48, 49, 50, 51, 52, 53, 54, 55, 56]","[{""post_id"": 44, ""anonymous_code"": ""황소-1620"", ""post_type"": ""profit_share"", ""title"": ""급반등에 팔아치웠습니다. 원칙이 살아있네요."", ""like_count"": 0, ""unlike_count"": 0, ""score"": 0}, {""post_id"": 45, ""anonymous_code"": ""돌고래-2979"", ""post_type"": ""trade_share"", ""title"": ""V자 반등에 다시 한 번 걸었습니다. (삼성전자)"", ""like_count"": 0, ""unlike_count"": 0, ""score"": 0}, {""post_id"": 46, ""anonymous_code"": ""황소-4770"", ""post_type"": ""trade_share"", ""title"": ""나락가는 줄 알았는데... 다시 매수했습니다."", ""like_count"": 0, ""unlike_count"": 0, ""score"": 0}, {""post_id"": 47, ""anonymous_code"": ""곰-8551"", ""post_type"": ""trade_share"", ""title"": ""반도체 섹터 반등 확인! 오늘 삼성전자로 다시 진입했습니다."", ""like_count"": 0, ""unlike_count"": 0, ""score"": 0}, {""post_id"": 48, ""anonymous_code"": ""황소-4980"", ""post_type"": ""trade_share"", ""title"": ""떨리는 손으로 매수했습니다. (삼성전자)"", ""like_count"": 0, ""unlike_count"": 0, ""score"": 0}, {""post_id"": 49, ""anonymous_code"": ""여우-1683"", ""post_type"": ""profit_share"", ""title"": ""급등장에 전량 매도, 손실 확정... 원칙의 한계를 다시 씁니다."", ""like_count"": 0, ""unlike_count"": 0, ""score"": 0}, {""post_id"": 50, ""anonymous_code"": ""독수리-9332"", ""post_type"": ""profit_share"", ""title"": ""10% 수익 확정! 물타기 전략의 승리 (삼성전자)"", ""like_count"": 0, ""unlike_count"": 0, ""score"": 0}, {""post_id"": 51, ""anonymous_code"": ""황소-6990"", ""post_type"": ""trade_share"", ""title"": ""11% 수익 놓치고 매도... 타이밍 조절이 핵심이네요."", ""like_count"": 0, ""unlike_count"": 0, ""score"": 0}, {""post_id"": 52, ""anonymous_code"": ""펭귄-5408"", ""post_type"": ""profit_share"", ""title"": ""급등장에 팔아치웠습니다. 수익 10% 넘으면 바로 손절 (이익)!"", ""like_count"": 0, ""unlike_count"": 0, ""score"": 0}, {""post_id"": 53, ""anonymous_code"": ""독수리-1692"", ""post_type"": ""trade_share"", ""title"": ""19 만 원대 진입 완료... 이번엔 잡지 않겠습니다."", ""like_count"": 0, ""unlike_count"": 0, ""score"": 0}, {""post_id"": 54, ""anonymous_code"": ""독수리-6722"", ""post_type"": ""trade_share"", ""title"": ""다시 한번 손절 라인 확인... 추격 매수는 절대 안 됨!"", ""like_count"": 0, ""unlike_count"": 0, ""score"": 0}, {""post_id"": 55, ""anonymous_code"": ""곰-5671"", ""post_type"": ""trade_share"", ""title"": ""지정학적 공포에 팔았던 저점을 다시 샀습니다. (삼성전자)"", ""like_count"": 0, ""unlike_count"": 0, ""score"": 0}, {""post_id"": 56, ""anonymous_code"": ""늑대-3694"", ""post_type"": ""profit_share"", ""title"": ""10% 수익 원칙 지키며 매도 완료! 반도체 반등 주시 중"", ""like_count"": 0, ""unlike_count"": 0, ""score"": 0}]"
RN_COMM_ON_20260917,2026-03-05,8,A014,1,5,14,"[43, 44, 45, 46, 47, 48, 49, 50, 51, 52, 53, 54, 55, 56]","[{""post_id"": 43, ""anonymous_code"": ""사자-8925"", ""post_type"": ""trade_share"", ""title"": ""반등 확인 후 상승 추세를 믿고 비중 확대했습니다."", ""like_count"": 0, ""unlike_count"": 0, ""score"": 0}, {""post_id"": 44, ""anonymous_code"": ""황소-1620"", ""post_type"": ""profit_share"", ""title"": ""급반등에 팔아치웠습니다. 원칙이 살아있네요."", ""like_count"": 0, ""unlike_count"": 0, ""score"": 0}, {""post_id"": 45, ""anonymous_code"": ""돌고래-2979"", ""post_type"": ""trade_share"", ""title"": ""V자 반등에 다시 한 번 걸었습니다. (삼성전자)"", ""like_count"": 0, ""unlike_count"": 0, ""score"": 0}, {""post_id"": 46, ""anonymous_code"": ""황소-4770"", ""post_type"": ""trade_share"", ""title"": ""나락가는 줄 알았는데... 다시 매수했습니다."", ""like_count"": 0, ""unlike_count"": 0, ""score"": 0}, {""post_id"": 47, ""anonymous_code"": ""곰-8551"", ""post_type"": ""trade_share"", ""title"": ""반도체 섹터 반등 확인! 오늘 삼성전자로 다시 진입했습니다."", ""like_count"": 0, ""unlike_count"": 0, ""score"": 0}, {""post_id"": 48, ""anonymous_code"": ""황소-4980"", ""post_type"": ""trade_share"", ""title"": ""떨리는 손으로 매수했습니다. (삼성전자)"", ""like_count"": 0, ""unlike_count"": 0, ""score"": 0}, {""post_id"": 49, ""anonymous_code"": ""여우-1683"", ""post_type"": ""profit_share"", ""title"": ""급등장에 전량 매도, 손실 확정... 원칙의 한계를 다시 씁니다."", ""like_count"": 0, ""unlike_count"": 0, ""score"": 0}, {""post_id"": 50, ""anonymous_code"": ""독수리-9332"", ""post_type"": ""profit_share"", ""title"": ""10% 수익 확정! 물타기 전략의 승리 (삼성전자)"", ""like_count"": 0, ""unlike_count"": 0, ""score"": 0}, {""post_id"": 51, ""anonymous_code"": ""황소-6990"", ""post_type"": ""trade_share"", ""title"": ""11% 수익 놓치고 매도... 타이밍 조절이 핵심이네요."", ""like_count"": 0, ""unlike_count"": 0, ""score"": 0}, {""post_id"": 52, ""anonymous_code"": ""펭귄-5408"", ""post_type"": ""profit_share"", ""title"": ""급등장에 팔아치웠습니다. 수익 10% 넘으면 바로 손절 (이익)!"", ""like_count"": 0, ""unlike_count"": 0, ""score"": 0}, {""post_id"": 53, ""anonymous_code"": ""독수리-1692"", ""post_type"": ""trade_share"", ""title"": ""19 만 원대 진입 완료... 이번엔 잡지 않겠습니다."", ""like_count"": 0, ""unlike_count"": 0, ""score"": 0}, {""post_id"": 54, ""anonymous_code"": ""독수리-6722"", ""post_type"": ""trade_share"", ""title"": ""다시 한번 손절 라인 확인... 추격 매수는 절대 안 됨!"", ""like_count"": 0, ""unlike_count"": 0, ""score"": 0}, {""post_id"": 55, ""anonymous_code"": ""곰-5671"", ""post_type"": ""trade_share"", ""title"": ""지정학적 공포에 팔았던 저점을 다시 샀습니다. (삼성전자)"", ""like_count"": 0, ""unlike_count"": 0, ""score"": 0}, {""post_id"": 56, ""anonymous_code"": ""늑대-3694"", ""post_type"": ""profit_share"", ""title"": ""10% 수익 원칙 지키며 매도 완료! 반도체 반등 주시 중"", ""like_count"": 0, ""unlike_count"": 0, ""score"": 0}]"
RN_COMM_ON_20260917,2026-03-05,8,A015,1,5,14,"[43, 44, 45, 46, 47, 48, 49, 50, 51, 52, 53, 54, 55, 56]","[{""post_id"": 43, ""anonymous_code"": ""사자-8925"", ""post_type"": ""trade_share"", ""title"": ""반등 확인 후 상승 추세를 믿고 비중 확대했습니다."", ""like_count"": 0, ""unlike_count"": 0, ""score"": 0}, {""post_id"": 44, ""anonymous_code"": ""황소-1620"", ""post_type"": ""profit_share"", ""title"": ""급반등에 팔아치웠습니다. 원칙이 살아있네요."", ""like_count"": 0, ""unlike_count"": 0, ""score"": 0}, {""post_id"": 45, ""anonymous_code"": ""돌고래-2979"", ""post_type"": ""trade_share"", ""title"": ""V자 반등에 다시 한 번 걸었습니다. (삼성전자)"", ""like_count"": 0, ""unlike_count"": 0, ""score"": 0}, {""post_id"": 46, ""anonymous_code"": ""황소-4770"", ""post_type"": ""trade_share"", ""title"": ""나락가는 줄 알았는데... 다시 매수했습니다."", ""like_count"": 0, ""unlike_count"": 0, ""score"": 0}, {""post_id"": 47, ""anonymous_code"": ""곰-8551"", ""post_type"": ""trade_share"", ""title"": ""반도체 섹터 반등 확인! 오늘 삼성전자로 다시 진입했습니다."", ""like_count"": 0, ""unlike_count"": 0, ""score"": 0}, {""post_id"": 48, ""anonymous_code"": ""황소-4980"", ""post_type"": ""trade_share"", ""title"": ""떨리는 손으로 매수했습니다. (삼성전자)"", ""like_count"": 0, ""unlike_count"": 0, ""score"": 0}, {""post_id"": 49, ""anonymous_code"": ""여우-1683"", ""post_type"": ""profit_share"", ""title"": ""급등장에 전량 매도, 손실 확정... 원칙의 한계를 다시 씁니다."", ""like_count"": 0, ""unlike_count"": 0, ""score"": 0}, {""post_id"": 50, ""anonymous_code"": ""독수리-9332"", ""post_type"": ""profit_share"", ""title"": ""10% 수익 확정! 물타기 전략의 승리 (삼성전자)"", ""like_count"": 0, ""unlike_count"": 0, ""score"": 0}, {""post_id"": 51, ""anonymous_code"": ""황소-6990"", ""post_type"": ""trade_share"", ""title"": ""11% 수익 놓치고 매도... 타이밍 조절이 핵심이네요."", ""like_count"": 0, ""unlike_count"": 0, ""score"": 0}, {""post_id"": 52, ""anonymous_code"": ""펭귄-5408"", ""post_type"": ""profit_share"", ""title"": ""급등장에 팔아치웠습니다. 수익 10% 넘으면 바로 손절 (이익)!"", ""like_count"": 0, ""unlike_count"": 0, ""score"": 0}, {""post_id"": 53, ""anonymous_code"": ""독수리-1692"", ""post_type"": ""trade_share"", ""title"": ""19 만 원대 진입 완료... 이번엔 잡지 않겠습니다."", ""like_count"": 0, ""unlike_count"": 0, ""score"": 0}, {""post_id"": 54, ""anonymous_code"": ""독수리-6722"", ""post_type"": ""trade_share"", ""title"": ""다시 한번 손절 라인 확인... 추격 매수는 절대 안 됨!"", ""like_count"": 0, ""unlike_count"": 0, ""score"": 0}, {""post_id"": 55, ""anonymous_code"": ""곰-5671"", ""post_type"": ""trade_share"", ""title"": ""지정학적 공포에 팔았던 저점을 다시 샀습니다. (삼성전자)"", ""like_count"": 0, ""unlike_count"": 0, ""score"": 0}, {""post_id"": 56, ""anonymous_code"": ""늑대-3694"", ""post_type"": ""profit_share"", ""title"": ""10% 수익 원칙 지키며 매도 완료! 반도체 반등 주시 중"", ""like_count"": 0, ""unlike_count"": 0, ""score"": 0}]"
RN_COMM_ON_20260917,2026-03-05,8,A020,1,5,14,"[43, 44, 45, 46, 47, 48, 49, 50, 51, 52, 53, 54, 55, 56]","[{""post_id"": 43, ""anonymous_code"": ""사자-8925"", ""post_type"": ""trade_share"", ""title"": ""반등 확인 후 상승 추세를 믿고 비중 확대했습니다."", ""like_count"": 0, ""unlike_count"": 0, ""score"": 0}, {""post_id"": 44, ""anonymous_code"": ""황소-1620"", ""post_type"": ""profit_share"", ""title"": ""급반등에 팔아치웠습니다. 원칙이 살아있네요."", ""like_count"": 0, ""unlike_count"": 0, ""score"": 0}, {""post_id"": 45, ""anonymous_code"": ""돌고래-2979"", ""post_type"": ""trade_share"", ""title"": ""V자 반등에 다시 한 번 걸었습니다. (삼성전자)"", ""like_count"": 0, ""unlike_count"": 0, ""score"": 0}, {""post_id"": 46, ""anonymous_code"": ""황소-4770"", ""post_type"": ""trade_share"", ""title"": ""나락가는 줄 알았는데... 다시 매수했습니다."", ""like_count"": 0, ""unlike_count"": 0, ""score"": 0}, {""post_id"": 47, ""anonymous_code"": ""곰-8551"", ""post_type"": ""trade_share"", ""title"": ""반도체 섹터 반등 확인! 오늘 삼성전자로 다시 진입했습니다."", ""like_count"": 0, ""unlike_count"": 0, ""score"": 0}, {""post_id"": 48, ""anonymous_code"": ""황소-4980"", ""post_type"": ""trade_share"", ""title"": ""떨리는 손으로 매수했습니다. (삼성전자)"", ""like_count"": 0, ""unlike_count"": 0, ""score"": 0}, {""post_id"": 49, ""anonymous_code"": ""여우-1683"", ""post_type"": ""profit_share"", ""title"": ""급등장에 전량 매도, 손실 확정... 원칙의 한계를 다시 씁니다."", ""like_count"": 0, ""unlike_count"": 0, ""score"": 0}, {""post_id"": 50, ""anonymous_code"": ""독수리-9332"", ""post_type"": ""profit_share"", ""title"": ""10% 수익 확정! 물타기 전략의 승리 (삼성전자)"", ""like_count"": 0, ""unlike_count"": 0, ""score"": 0}, {""post_id"": 51, ""anonymous_code"": ""황소-6990"", ""post_type"": ""trade_share"", ""title"": ""11% 수익 놓치고 매도... 타이밍 조절이 핵심이네요."", ""like_count"": 0, ""unlike_count"": 0, ""score"": 0}, {""post_id"": 52, ""anonymous_code"": ""펭귄-5408"", ""post_type"": ""profit_share"", ""title"": ""급등장에 팔아치웠습니다. 수익 10% 넘으면 바로 손절 (이익)!"", ""like_count"": 0, ""unlike_count"": 0, ""score"": 0}, {""post_id"": 53, ""anonymous_code"": ""독수리-1692"", ""post_type"": ""trade_share"", ""title"": ""19 만 원대 진입 완료... 이번엔 잡지 않겠습니다."", ""like_count"": 0, ""unlike_count"": 0, ""score"": 0}, {""post_id"": 54, ""anonymous_code"": ""독수리-6722"", ""post_type"": ""trade_share"", ""title"": ""다시 한번 손절 라인 확인... 추격 매수는 절대 안 됨!"", ""like_count"": 0, ""unlike_count"": 0, ""score"": 0}, {""post_id"": 55, ""anonymous_code"": ""곰-5671"", ""post_type"": ""trade_share"", ""title"": ""지정학적 공포에 팔았던 저점을 다시 샀습니다. (삼성전자)"", ""like_count"": 0, ""unlike_count"": 0, ""score"": 0}, {""post_id"": 56, ""anonymous_code"": ""늑대-3694"", ""post_type"": ""profit_share"", ""title"": ""10% 수익 원칙 지키며 매도 완료! 반도체 반등 주시 중"", ""like_count"": 0, ""unlike_count"": 0, ""score"": 0}]"
RN_COMM_ON_20260917,2026-03-05,8,A019,1,5,14,"[43, 44, 45, 46, 47, 48, 49, 50, 51, 52, 53, 54, 55, 56]","[{""post_id"": 43, ""anonymous_code"": ""사자-8925"", ""post_type"": ""trade_share"", ""title"": ""반등 확인 후 상승 추세를 믿고 비중 확대했습니다."", ""like_count"": 0, ""unlike_count"": 0, ""score"": 0}, {""post_id"": 44, ""anonymous_code"": ""황소-1620"", ""post_type"": ""profit_share"", ""title"": ""급반등에 팔아치웠습니다. 원칙이 살아있네요."", ""like_count"": 0, ""unlike_count"": 0, ""score"": 0}, {""post_id"": 45, ""anonymous_code"": ""돌고래-2979"", ""post_type"": ""trade_share"", ""title"": ""V자 반등에 다시 한 번 걸었습니다. (삼성전자)"", ""like_count"": 0, ""unlike_count"": 0, ""score"": 0}, {""post_id"": 46, ""anonymous_code"": ""황소-4770"", ""post_type"": ""trade_share"", ""title"": ""나락가는 줄 알았는데... 다시 매수했습니다."", ""like_count"": 0, ""unlike_count"": 0, ""score"": 0}, {""post_id"": 47, ""anonymous_code"": ""곰-8551"", ""post_type"": ""trade_share"", ""title"": ""반도체 섹터 반등 확인! 오늘 삼성전자로 다시 진입했습니다."", ""like_count"": 0, ""unlike_count"": 0, ""score"": 0}, {""post_id"": 48, ""anonymous_code"": ""황소-4980"", ""post_type"": ""trade_share"", ""title"": ""떨리는 손으로 매수했습니다. (삼성전자)"", ""like_count"": 0, ""unlike_count"": 0, ""score"": 0}, {""post_id"": 49, ""anonymous_code"": ""여우-1683"", ""post_type"": ""profit_share"", ""title"": ""급등장에 전량 매도, 손실 확정... 원칙의 한계를 다시 씁니다."", ""like_count"": 0, ""unlike_count"": 0, ""score"": 0}, {""post_id"": 50, ""anonymous_code"": ""독수리-9332"", ""post_type"": ""profit_share"", ""title"": ""10% 수익 확정! 물타기 전략의 승리 (삼성전자)"", ""like_count"": 0, ""unlike_count"": 0, ""score"": 0}, {""post_id"": 51, ""anonymous_code"": ""황소-6990"", ""post_type"": ""trade_share"", ""title"": ""11% 수익 놓치고 매도... 타이밍 조절이 핵심이네요."", ""like_count"": 0, ""unlike_count"": 0, ""score"": 0}, {""post_id"": 52, ""anonymous_code"": ""펭귄-5408"", ""post_type"": ""profit_share"", ""title"": ""급등장에 팔아치웠습니다. 수익 10% 넘으면 바로 손절 (이익)!"", ""like_count"": 0, ""unlike_count"": 0, ""score"": 0}, {""post_id"": 53, ""anonymous_code"": ""독수리-1692"", ""post_type"": ""trade_share"", ""title"": ""19 만 원대 진입 완료... 이번엔 잡지 않겠습니다."", ""like_count"": 0, ""unlike_count"": 0, ""score"": 0}, {""post_id"": 54, ""anonymous_code"": ""독수리-6722"", ""post_type"": ""trade_share"", ""title"": ""다시 한번 손절 라인 확인... 추격 매수는 절대 안 됨!"", ""like_count"": 0, ""unlike_count"": 0, ""score"": 0}, {""post_id"": 55, ""anonymous_code"": ""곰-5671"", ""post_type"": ""trade_share"", ""title"": ""지정학적 공포에 팔았던 저점을 다시 샀습니다. (삼성전자)"", ""like_count"": 0, ""unlike_count"": 0, ""score"": 0}, {""post_id"": 56, ""anonymous_code"": ""늑대-3694"", ""post_type"": ""profit_share"", ""title"": ""10% 수익 원칙 지키며 매도 완료! 반도체 반등 주시 중"", ""like_count"": 0, ""unlike_count"": 0, ""score"": 0}]"
RN_COMM_ON_20260917,2026-03-05,8,A023,2,5,13,"[43, 45, 46, 47, 48, 49, 50, 51, 52, 53, 54, 55, 56]","[{""post_id"": 43, ""anonymous_code"": ""사자-8925"", ""post_type"": ""trade_share"", ""title"": ""반등 확인 후 상승 추세를 믿고 비중 확대했습니다."", ""like_count"": 0, ""unlike_count"": 0, ""score"": 0}, {""post_id"": 45, ""anonymous_code"": ""돌고래-2979"", ""post_type"": ""trade_share"", ""title"": ""V자 반등에 다시 한 번 걸었습니다. (삼성전자)"", ""like_count"": 0, ""unlike_count"": 0, ""score"": 0}, {""post_id"": 46, ""anonymous_code"": ""황소-4770"", ""post_type"": ""trade_share"", ""title"": ""나락가는 줄 알았는데... 다시 매수했습니다."", ""like_count"": 0, ""unlike_count"": 0, ""score"": 0}, {""post_id"": 47, ""anonymous_code"": ""곰-8551"", ""post_type"": ""trade_share"", ""title"": ""반도체 섹터 반등 확인! 오늘 삼성전자로 다시 진입했습니다."", ""like_count"": 0, ""unlike_count"": 0, ""score"": 0}, {""post_id"": 48, ""anonymous_code"": ""황소-4980"", ""post_type"": ""trade_share"", ""title"": ""떨리는 손으로 매수했습니다. (삼성전자)"", ""like_count"": 0, ""unlike_count"": 0, ""score"": 0}, {""post_id"": 49, ""anonymous_code"": ""여우-1683"", ""post_type"": ""profit_share"", ""title"": ""급등장에 전량 매도, 손실 확정... 원칙의 한계를 다시 씁니다."", ""like_count"": 0, ""unlike_count"": 0, ""score"": 0}, {""post_id"": 50, ""anonymous_code"": ""독수리-9332"", ""post_type"": ""profit_share"", ""title"": ""10% 수익 확정! 물타기 전략의 승리 (삼성전자)"", ""like_count"": 0, ""unlike_count"": 0, ""score"": 0}, {""post_id"": 51, ""anonymous_code"": ""황소-6990"", ""post_type"": ""trade_share"", ""title"": ""11% 수익 놓치고 매도... 타이밍 조절이 핵심이네요."", ""like_count"": 0, ""unlike_count"": 0, ""score"": 0}, {""post_id"": 52, ""anonymous_code"": ""펭귄-5408"", ""post_type"": ""profit_share"", ""title"": ""급등장에 팔아치웠습니다. 수익 10% 넘으면 바로 손절 (이익)!"", ""like_count"": 0, ""unlike_count"": 0, ""score"": 0}, {""post_id"": 53, ""anonymous_code"": ""독수리-1692"", ""post_type"": ""trade_share"", ""title"": ""19 만 원대 진입 완료... 이번엔 잡지 않겠습니다."", ""like_count"": 0, ""unlike_count"": 0, ""score"": 0}, {""post_id"": 54, ""anonymous_code"": ""독수리-6722"", ""post_type"": ""trade_share"", ""title"": ""다시 한번 손절 라인 확인... 추격 매수는 절대 안 됨!"", ""like_count"": 0, ""unlike_count"": 0, ""score"": 0}, {""post_id"": 55, ""anonymous_code"": ""곰-5671"", ""post_type"": ""trade_share"", ""title"": ""지정학적 공포에 팔았던 저점을 다시 샀습니다. (삼성전자)"", ""like_count"": 0, ""unlike_count"": 0, ""score"": 0}, {""post_id"": 56, ""anonymous_code"": ""늑대-3694"", ""post_type"": ""profit_share"", ""title"": ""10% 수익 원칙 지키며 매도 완료! 반도체 반등 주시 중"", ""like_count"": 0, ""unlike_count"": 0, ""score"": 0}]"
RN_COMM_ON_20260917,2026-03-05,8,A022,2,5,14,"[43, 44, 45, 46, 47, 48, 49, 50, 51, 52, 53, 54, 55, 56]","[{""post_id"": 43, ""anonymous_code"": ""사자-8925"", ""post_type"": ""trade_share"", ""title"": ""반등 확인 후 상승 추세를 믿고 비중 확대했습니다."", ""like_count"": 0, ""unlike_count"": 0, ""score"": 0}, {""post_id"": 44, ""anonymous_code"": ""황소-1620"", ""post_type"": ""profit_share"", ""title"": ""급반등에 팔아치웠습니다. 원칙이 살아있네요."", ""like_count"": 0, ""unlike_count"": 0, ""score"": 0}, {""post_id"": 45, ""anonymous_code"": ""돌고래-2979"", ""post_type"": ""trade_share"", ""title"": ""V자 반등에 다시 한 번 걸었습니다. (삼성전자)"", ""like_count"": 0, ""unlike_count"": 0, ""score"": 0}, {""post_id"": 46, ""anonymous_code"": ""황소-4770"", ""post_type"": ""trade_share"", ""title"": ""나락가는 줄 알았는데... 다시 매수했습니다."", ""like_count"": 0, ""unlike_count"": 0, ""score"": 0}, {""post_id"": 47, ""anonymous_code"": ""곰-8551"", ""post_type"": ""trade_share"", ""title"": ""반도체 섹터 반등 확인! 오늘 삼성전자로 다시 진입했습니다."", ""like_count"": 0, ""unlike_count"": 0, ""score"": 0}, {""post_id"": 48, ""anonymous_code"": ""황소-4980"", ""post_type"": ""trade_share"", ""title"": ""떨리는 손으로 매수했습니다. (삼성전자)"", ""like_count"": 0, ""unlike_count"": 0, ""score"": 0}, {""post_id"": 49, ""anonymous_code"": ""여우-1683"", ""post_type"": ""profit_share"", ""title"": ""급등장에 전량 매도, 손실 확정... 원칙의 한계를 다시 씁니다."", ""like_count"": 0, ""unlike_count"": 0, ""score"": 0}, {""post_id"": 50, ""anonymous_code"": ""독수리-9332"", ""post_type"": ""profit_share"", ""title"": ""10% 수익 확정! 물타기 전략의 승리 (삼성전자)"", ""like_count"": 0, ""unlike_count"": 0, ""score"": 0}, {""post_id"": 51, ""anonymous_code"": ""황소-6990"", ""post_type"": ""trade_share"", ""title"": ""11% 수익 놓치고 매도... 타이밍 조절이 핵심이네요."", ""like_count"": 0, ""unlike_count"": 0, ""score"": 0}, {""post_id"": 52, ""anonymous_code"": ""펭귄-5408"", ""post_type"": ""profit_share"", ""title"": ""급등장에 팔아치웠습니다. 수익 10% 넘으면 바로 손절 (이익)!"", ""like_count"": 0, ""unlike_count"": 0, ""score"": 0}, {""post_id"": 53, ""anonymous_code"": ""독수리-1692"", ""post_type"": ""trade_share"", ""title"": ""19 만 원대 진입 완료... 이번엔 잡지 않겠습니다."", ""like_count"": 0, ""unlike_count"": 0, ""score"": 0}, {""post_id"": 54, ""anonymous_code"": ""독수리-6722"", ""post_type"": ""trade_share"", ""title"": ""다시 한번 손절 라인 확인... 추격 매수는 절대 안 됨!"", ""like_count"": 0, ""unlike_count"": 0, ""score"": 0}, {""post_id"": 55, ""anonymous_code"": ""곰-5671"", ""post_type"": ""trade_share"", ""title"": ""지정학적 공포에 팔았던 저점을 다시 샀습니다. (삼성전자)"", ""like_count"": 0, ""unlike_count"": 0, ""score"": 0}, {""post_id"": 56, ""anonymous_code"": ""늑대-3694"", ""post_type"": ""profit_share"", ""title"": ""10% 수익 원칙 지키며 매도 완료! 반도체 반등 주시 중"", ""like_count"": 0, ""unlike_count"": 0, ""score"": 0}]"
RN_COMM_ON_20260917,2026-03-05,8,A026,1,5,14,"[43, 44, 45, 46, 47, 48, 49, 50, 51, 52, 53, 54, 55, 56]","[{""post_id"": 43, ""anonymous_code"": ""사자-8925"", ""post_type"": ""trade_share"", ""title"": ""반등 확인 후 상승 추세를 믿고 비중 확대했습니다."", ""like_count"": 0, ""unlike_count"": 0, ""score"": 0}, {""post_id"": 44, ""anonymous_code"": ""황소-1620"", ""post_type"": ""profit_share"", ""title"": ""급반등에 팔아치웠습니다. 원칙이 살아있네요."", ""like_count"": 0, ""unlike_count"": 0, ""score"": 0}, {""post_id"": 45, ""anonymous_code"": ""돌고래-2979"", ""post_type"": ""trade_share"", ""title"": ""V자 반등에 다시 한 번 걸었습니다. (삼성전자)"", ""like_count"": 0, ""unlike_count"": 0, ""score"": 0}, {""post_id"": 46, ""anonymous_code"": ""황소-4770"", ""post_type"": ""trade_share"", ""title"": ""나락가는 줄 알았는데... 다시 매수했습니다."", ""like_count"": 0, ""unlike_count"": 0, ""score"": 0}, {""post_id"": 47, ""anonymous_code"": ""곰-8551"", ""post_type"": ""trade_share"", ""title"": ""반도체 섹터 반등 확인! 오늘 삼성전자로 다시 진입했습니다."", ""like_count"": 0, ""unlike_count"": 0, ""score"": 0}, {""post_id"": 48, ""anonymous_code"": ""황소-4980"", ""post_type"": ""trade_share"", ""title"": ""떨리는 손으로 매수했습니다. (삼성전자)"", ""like_count"": 0, ""unlike_count"": 0, ""score"": 0}, {""post_id"": 49, ""anonymous_code"": ""여우-1683"", ""post_type"": ""profit_share"", ""title"": ""급등장에 전량 매도, 손실 확정... 원칙의 한계를 다시 씁니다."", ""like_count"": 0, ""unlike_count"": 0, ""score"": 0}, {""post_id"": 50, ""anonymous_code"": ""독수리-9332"", ""post_type"": ""profit_share"", ""title"": ""10% 수익 확정! 물타기 전략의 승리 (삼성전자)"", ""like_count"": 0, ""unlike_count"": 0, ""score"": 0}, {""post_id"": 51, ""anonymous_code"": ""황소-6990"", ""post_type"": ""trade_share"", ""title"": ""11% 수익 놓치고 매도... 타이밍 조절이 핵심이네요."", ""like_count"": 0, ""unlike_count"": 0, ""score"": 0}, {""post_id"": 52, ""anonymous_code"": ""펭귄-5408"", ""post_type"": ""profit_share"", ""title"": ""급등장에 팔아치웠습니다. 수익 10% 넘으면 바로 손절 (이익)!"", ""like_count"": 0, ""unlike_count"": 0, ""score"": 0}, {""post_id"": 53, ""anonymous_code"": ""독수리-1692"", ""post_type"": ""trade_share"", ""title"": ""19 만 원대 진입 완료... 이번엔 잡지 않겠습니다."", ""like_count"": 0, ""unlike_count"": 0, ""score"": 0}, {""post_id"": 54, ""anonymous_code"": ""독수리-6722"", ""post_type"": ""trade_share"", ""title"": ""다시 한번 손절 라인 확인... 추격 매수는 절대 안 됨!"", ""like_count"": 0, ""unlike_count"": 0, ""score"": 0}, {""post_id"": 55, ""anonymous_code"": ""곰-5671"", ""post_type"": ""trade_share"", ""title"": ""지정학적 공포에 팔았던 저점을 다시 샀습니다. (삼성전자)"", ""like_count"": 0, ""unlike_count"": 0, ""score"": 0}, {""post_id"": 56, ""anonymous_code"": ""늑대-3694"", ""post_type"": ""profit_share"", ""title"": ""10% 수익 원칙 지키며 매도 완료! 반도체 반등 주시 중"", ""like_count"": 0, ""unlike_count"": 0, ""score"": 0}]"
RN_COMM_ON_20260917,2026-03-05,8,A025,1,5,14,"[43, 44, 45, 46, 47, 48, 49, 50, 51, 52, 53, 54, 55, 56]","[{""post_id"": 43, ""anonymous_code"": ""사자-8925"", ""post_type"": ""trade_share"", ""title"": ""반등 확인 후 상승 추세를 믿고 비중 확대했습니다."", ""like_count"": 0, ""unlike_count"": 0, ""score"": 0}, {""post_id"": 44, ""anonymous_code"": ""황소-1620"", ""post_type"": ""profit_share"", ""title"": ""급반등에 팔아치웠습니다. 원칙이 살아있네요."", ""like_count"": 0, ""unlike_count"": 0, ""score"": 0}, {""post_id"": 45, ""anonymous_code"": ""돌고래-2979"", ""post_type"": ""trade_share"", ""title"": ""V자 반등에 다시 한 번 걸었습니다. (삼성전자)"", ""like_count"": 0, ""unlike_count"": 0, ""score"": 0}, {""post_id"": 46, ""anonymous_code"": ""황소-4770"", ""post_type"": ""trade_share"", ""title"": ""나락가는 줄 알았는데... 다시 매수했습니다."", ""like_count"": 0, ""unlike_count"": 0, ""score"": 0}, {""post_id"": 47, ""anonymous_code"": ""곰-8551"", ""post_type"": ""trade_share"", ""title"": ""반도체 섹터 반등 확인! 오늘 삼성전자로 다시 진입했습니다."", ""like_count"": 0, ""unlike_count"": 0, ""score"": 0}, {""post_id"": 48, ""anonymous_code"": ""황소-4980"", ""post_type"": ""trade_share"", ""title"": ""떨리는 손으로 매수했습니다. (삼성전자)"", ""like_count"": 0, ""unlike_count"": 0, ""score"": 0}, {""post_id"": 49, ""anonymous_code"": ""여우-1683"", ""post_type"": ""profit_share"", ""title"": ""급등장에 전량 매도, 손실 확정... 원칙의 한계를 다시 씁니다."", ""like_count"": 0, ""unlike_count"": 0, ""score"": 0}, {""post_id"": 50, ""anonymous_code"": ""독수리-9332"", ""post_type"": ""profit_share"", ""title"": ""10% 수익 확정! 물타기 전략의 승리 (삼성전자)"", ""like_count"": 0, ""unlike_count"": 0, ""score"": 0}, {""post_id"": 51, ""anonymous_code"": ""황소-6990"", ""post_type"": ""trade_share"", ""title"": ""11% 수익 놓치고 매도... 타이밍 조절이 핵심이네요."", ""like_count"": 0, ""unlike_count"": 0, ""score"": 0}, {""post_id"": 52, ""anonymous_code"": ""펭귄-5408"", ""post_type"": ""profit_share"", ""title"": ""급등장에 팔아치웠습니다. 수익 10% 넘으면 바로 손절 (이익)!"", ""like_count"": 0, ""unlike_count"": 0, ""score"": 0}, {""post_id"": 53, ""anonymous_code"": ""독수리-1692"", ""post_type"": ""trade_share"", ""title"": ""19 만 원대 진입 완료... 이번엔 잡지 않겠습니다."", ""like_count"": 0, ""unlike_count"": 0, ""score"": 0}, {""post_id"": 54, ""anonymous_code"": ""독수리-6722"", ""post_type"": ""trade_share"", ""title"": ""다시 한번 손절 라인 확인... 추격 매수는 절대 안 됨!"", ""like_count"": 0, ""unlike_count"": 0, ""score"": 0}, {""post_id"": 55, ""anonymous_code"": ""곰-5671"", ""post_type"": ""trade_share"", ""title"": ""지정학적 공포에 팔았던 저점을 다시 샀습니다. (삼성전자)"", ""like_count"": 0, ""unlike_count"": 0, ""score"": 0}, {""post_id"": 56, ""anonymous_code"": ""늑대-3694"", ""post_type"": ""profit_share"", ""title"": ""10% 수익 원칙 지키며 매도 완료! 반도체 반등 주시 중"", ""like_count"": 0, ""unlike_count"": 0, ""score"": 0}]"
RN_COMM_ON_20260917,2026-03-05,8,A029,1,5,14,"[43, 44, 45, 46, 47, 48, 49, 50, 51, 52, 53, 54, 55, 56]","[{""post_id"": 43, ""anonymous_code"": ""사자-8925"", ""post_type"": ""trade_share"", ""title"": ""반등 확인 후 상승 추세를 믿고 비중 확대했습니다."", ""like_count"": 0, ""unlike_count"": 0, ""score"": 0}, {""post_id"": 44, ""anonymous_code"": ""황소-1620"", ""post_type"": ""profit_share"", ""title"": ""급반등에 팔아치웠습니다. 원칙이 살아있네요."", ""like_count"": 0, ""unlike_count"": 0, ""score"": 0}, {""post_id"": 45, ""anonymous_code"": ""돌고래-2979"", ""post_type"": ""trade_share"", ""title"": ""V자 반등에 다시 한 번 걸었습니다. (삼성전자)"", ""like_count"": 0, ""unlike_count"": 0, ""score"": 0}, {""post_id"": 46, ""anonymous_code"": ""황소-4770"", ""post_type"": ""trade_share"", ""title"": ""나락가는 줄 알았는데... 다시 매수했습니다."", ""like_count"": 0, ""unlike_count"": 0, ""score"": 0}, {""post_id"": 47, ""anonymous_code"": ""곰-8551"", ""post_type"": ""trade_share"", ""title"": ""반도체 섹터 반등 확인! 오늘 삼성전자로 다시 진입했습니다."", ""like_count"": 0, ""unlike_count"": 0, ""score"": 0}, {""post_id"": 48, ""anonymous_code"": ""황소-4980"", ""post_type"": ""trade_share"", ""title"": ""떨리는 손으로 매수했습니다. (삼성전자)"", ""like_count"": 0, ""unlike_count"": 0, ""score"": 0}, {""post_id"": 49, ""anonymous_code"": ""여우-1683"", ""post_type"": ""profit_share"", ""title"": ""급등장에 전량 매도, 손실 확정... 원칙의 한계를 다시 씁니다."", ""like_count"": 0, ""unlike_count"": 0, ""score"": 0}, {""post_id"": 50, ""anonymous_code"": ""독수리-9332"", ""post_type"": ""profit_share"", ""title"": ""10% 수익 확정! 물타기 전략의 승리 (삼성전자)"", ""like_count"": 0, ""unlike_count"": 0, ""score"": 0}, {""post_id"": 51, ""anonymous_code"": ""황소-6990"", ""post_type"": ""trade_share"", ""title"": ""11% 수익 놓치고 매도... 타이밍 조절이 핵심이네요."", ""like_count"": 0, ""unlike_count"": 0, ""score"": 0}, {""post_id"": 52, ""anonymous_code"": ""펭귄-5408"", ""post_type"": ""profit_share"", ""title"": ""급등장에 팔아치웠습니다. 수익 10% 넘으면 바로 손절 (이익)!"", ""like_count"": 0, ""unlike_count"": 0, ""score"": 0}, {""post_id"": 53, ""anonymous_code"": ""독수리-1692"", ""post_type"": ""trade_share"", ""title"": ""19 만 원대 진입 완료... 이번엔 잡지 않겠습니다."", ""like_count"": 0, ""unlike_count"": 0, ""score"": 0}, {""post_id"": 54, ""anonymous_code"": ""독수리-6722"", ""post_type"": ""trade_share"", ""title"": ""다시 한번 손절 라인 확인... 추격 매수는 절대 안 됨!"", ""like_count"": 0, ""unlike_count"": 0, ""score"": 0}, {""post_id"": 55, ""anonymous_code"": ""곰-5671"", ""post_type"": ""trade_share"", ""title"": ""지정학적 공포에 팔았던 저점을 다시 샀습니다. (삼성전자)"", ""like_count"": 0, ""unlike_count"": 0, ""score"": 0}, {""post_id"": 56, ""anonymous_code"": ""늑대-3694"", ""post_type"": ""profit_share"", ""title"": ""10% 수익 원칙 지키며 매도 완료! 반도체 반등 주시 중"", ""like_count"": 0, ""unlike_count"": 0, ""score"": 0}]"
RN_COMM_ON_20260917,2026-03-05,8,A031,2,5,14,"[43, 44, 45, 46, 47, 48, 49, 50, 51, 52, 53, 54, 55, 56]","[{""post_id"": 43, ""anonymous_code"": ""사자-8925"", ""post_type"": ""trade_share"", ""title"": ""반등 확인 후 상승 추세를 믿고 비중 확대했습니다."", ""like_count"": 0, ""unlike_count"": 0, ""score"": 0}, {""post_id"": 44, ""anonymous_code"": ""황소-1620"", ""post_type"": ""profit_share"", ""title"": ""급반등에 팔아치웠습니다. 원칙이 살아있네요."", ""like_count"": 0, ""unlike_count"": 0, ""score"": 0}, {""post_id"": 45, ""anonymous_code"": ""돌고래-2979"", ""post_type"": ""trade_share"", ""title"": ""V자 반등에 다시 한 번 걸었습니다. (삼성전자)"", ""like_count"": 0, ""unlike_count"": 0, ""score"": 0}, {""post_id"": 46, ""anonymous_code"": ""황소-4770"", ""post_type"": ""trade_share"", ""title"": ""나락가는 줄 알았는데... 다시 매수했습니다."", ""like_count"": 0, ""unlike_count"": 0, ""score"": 0}, {""post_id"": 47, ""anonymous_code"": ""곰-8551"", ""post_type"": ""trade_share"", ""title"": ""반도체 섹터 반등 확인! 오늘 삼성전자로 다시 진입했습니다."", ""like_count"": 0, ""unlike_count"": 0, ""score"": 0}, {""post_id"": 48, ""anonymous_code"": ""황소-4980"", ""post_type"": ""trade_share"", ""title"": ""떨리는 손으로 매수했습니다. (삼성전자)"", ""like_count"": 0, ""unlike_count"": 0, ""score"": 0}, {""post_id"": 49, ""anonymous_code"": ""여우-1683"", ""post_type"": ""profit_share"", ""title"": ""급등장에 전량 매도, 손실 확정... 원칙의 한계를 다시 씁니다."", ""like_count"": 0, ""unlike_count"": 0, ""score"": 0}, {""post_id"": 50, ""anonymous_code"": ""독수리-9332"", ""post_type"": ""profit_share"", ""title"": ""10% 수익 확정! 물타기 전략의 승리 (삼성전자)"", ""like_count"": 0, ""unlike_count"": 0, ""score"": 0}, {""post_id"": 51, ""anonymous_code"": ""황소-6990"", ""post_type"": ""trade_share"", ""title"": ""11% 수익 놓치고 매도... 타이밍 조절이 핵심이네요."", ""like_count"": 0, ""unlike_count"": 0, ""score"": 0}, {""post_id"": 52, ""anonymous_code"": ""펭귄-5408"", ""post_type"": ""profit_share"", ""title"": ""급등장에 팔아치웠습니다. 수익 10% 넘으면 바로 손절 (이익)!"", ""like_count"": 0, ""unlike_count"": 0, ""score"": 0}, {""post_id"": 53, ""anonymous_code"": ""독수리-1692"", ""post_type"": ""trade_share"", ""title"": ""19 만 원대 진입 완료... 이번엔 잡지 않겠습니다."", ""like_count"": 0, ""unlike_count"": 0, ""score"": 0}, {""post_id"": 54, ""anonymous_code"": ""독수리-6722"", ""post_type"": ""trade_share"", ""title"": ""다시 한번 손절 라인 확인... 추격 매수는 절대 안 됨!"", ""like_count"": 0, ""unlike_count"": 0, ""score"": 0}, {""post_id"": 55, ""anonymous_code"": ""곰-5671"", ""post_type"": ""trade_share"", ""title"": ""지정학적 공포에 팔았던 저점을 다시 샀습니다. (삼성전자)"", ""like_count"": 0, ""unlike_count"": 0, ""score"": 0}, {""post_id"": 56, ""anonymous_code"": ""늑대-3694"", ""post_type"": ""profit_share"", ""title"": ""10% 수익 원칙 지키며 매도 완료! 반도체 반등 주시 중"", ""like_count"": 0, ""unlike_count"": 0, ""score"": 0}]"
RN_COMM_ON_20260917,2026-03-05,8,A028,1,5,14,"[43, 44, 45, 46, 47, 48, 49, 50, 51, 52, 53, 54, 55, 56]","[{""post_id"": 43, ""anonymous_code"": ""사자-8925"", ""post_type"": ""trade_share"", ""title"": ""반등 확인 후 상승 추세를 믿고 비중 확대했습니다."", ""like_count"": 0, ""unlike_count"": 0, ""score"": 0}, {""post_id"": 44, ""anonymous_code"": ""황소-1620"", ""post_type"": ""profit_share"", ""title"": ""급반등에 팔아치웠습니다. 원칙이 살아있네요."", ""like_count"": 0, ""unlike_count"": 0, ""score"": 0}, {""post_id"": 45, ""anonymous_code"": ""돌고래-2979"", ""post_type"": ""trade_share"", ""title"": ""V자 반등에 다시 한 번 걸었습니다. (삼성전자)"", ""like_count"": 0, ""unlike_count"": 0, ""score"": 0}, {""post_id"": 46, ""anonymous_code"": ""황소-4770"", ""post_type"": ""trade_share"", ""title"": ""나락가는 줄 알았는데... 다시 매수했습니다."", ""like_count"": 0, ""unlike_count"": 0, ""score"": 0}, {""post_id"": 47, ""anonymous_code"": ""곰-8551"", ""post_type"": ""trade_share"", ""title"": ""반도체 섹터 반등 확인! 오늘 삼성전자로 다시 진입했습니다."", ""like_count"": 0, ""unlike_count"": 0, ""score"": 0}, {""post_id"": 48, ""anonymous_code"": ""황소-4980"", ""post_type"": ""trade_share"", ""title"": ""떨리는 손으로 매수했습니다. (삼성전자)"", ""like_count"": 0, ""unlike_count"": 0, ""score"": 0}, {""post_id"": 49, ""anonymous_code"": ""여우-1683"", ""post_type"": ""profit_share"", ""title"": ""급등장에 전량 매도, 손실 확정... 원칙의 한계를 다시 씁니다."", ""like_count"": 0, ""unlike_count"": 0, ""score"": 0}, {""post_id"": 50, ""anonymous_code"": ""독수리-9332"", ""post_type"": ""profit_share"", ""title"": ""10% 수익 확정! 물타기 전략의 승리 (삼성전자)"", ""like_count"": 0, ""unlike_count"": 0, ""score"": 0}, {""post_id"": 51, ""anonymous_code"": ""황소-6990"", ""post_type"": ""trade_share"", ""title"": ""11% 수익 놓치고 매도... 타이밍 조절이 핵심이네요."", ""like_count"": 0, ""unlike_count"": 0, ""score"": 0}, {""post_id"": 52, ""anonymous_code"": ""펭귄-5408"", ""post_type"": ""profit_share"", ""title"": ""급등장에 팔아치웠습니다. 수익 10% 넘으면 바로 손절 (이익)!"", ""like_count"": 0, ""unlike_count"": 0, ""score"": 0}, {""post_id"": 53, ""anonymous_code"": ""독수리-1692"", ""post_type"": ""trade_share"", ""title"": ""19 만 원대 진입 완료... 이번엔 잡지 않겠습니다."", ""like_count"": 0, ""unlike_count"": 0, ""score"": 0}, {""post_id"": 54, ""anonymous_code"": ""독수리-6722"", ""post_type"": ""trade_share"", ""title"": ""다시 한번 손절 라인 확인... 추격 매수는 절대 안 됨!"", ""like_count"": 0, ""unlike_count"": 0, ""score"": 0}, {""post_id"": 55, ""anonymous_code"": ""곰-5671"", ""post_type"": ""trade_share"", ""title"": ""지정학적 공포에 팔았던 저점을 다시 샀습니다. (삼성전자)"", ""like_count"": 0, ""unlike_count"": 0, ""score"": 0}, {""post_id"": 56, ""anonymous_code"": ""늑대-3694"", ""post_type"": ""profit_share"", ""title"": ""10% 수익 원칙 지키며 매도 완료! 반도체 반등 주시 중"", ""like_count"": 0, ""unlike_count"": 0, ""score"": 0}]"
RN_COMM_ON_20260917,2026-03-05,8,A027,2,5,14,"[43, 44, 45, 46, 47, 48, 49, 50, 51, 52, 53, 54, 55, 56]","[{""post_id"": 43, ""anonymous_code"": ""사자-8925"", ""post_type"": ""trade_share"", ""title"": ""반등 확인 후 상승 추세를 믿고 비중 확대했습니다."", ""like_count"": 0, ""unlike_count"": 0, ""score"": 0}, {""post_id"": 44, ""anonymous_code"": ""황소-1620"", ""post_type"": ""profit_share"", ""title"": ""급반등에 팔아치웠습니다. 원칙이 살아있네요."", ""like_count"": 0, ""unlike_count"": 0, ""score"": 0}, {""post_id"": 45, ""anonymous_code"": ""돌고래-2979"", ""post_type"": ""trade_share"", ""title"": ""V자 반등에 다시 한 번 걸었습니다. (삼성전자)"", ""like_count"": 0, ""unlike_count"": 0, ""score"": 0}, {""post_id"": 46, ""anonymous_code"": ""황소-4770"", ""post_type"": ""trade_share"", ""title"": ""나락가는 줄 알았는데... 다시 매수했습니다."", ""like_count"": 0, ""unlike_count"": 0, ""score"": 0}, {""post_id"": 47, ""anonymous_code"": ""곰-8551"", ""post_type"": ""trade_share"", ""title"": ""반도체 섹터 반등 확인! 오늘 삼성전자로 다시 진입했습니다."", ""like_count"": 0, ""unlike_count"": 0, ""score"": 0}, {""post_id"": 48, ""anonymous_code"": ""황소-4980"", ""post_type"": ""trade_share"", ""title"": ""떨리는 손으로 매수했습니다. (삼성전자)"", ""like_count"": 0, ""unlike_count"": 0, ""score"": 0}, {""post_id"": 49, ""anonymous_code"": ""여우-1683"", ""post_type"": ""profit_share"", ""title"": ""급등장에 전량 매도, 손실 확정... 원칙의 한계를 다시 씁니다."", ""like_count"": 0, ""unlike_count"": 0, ""score"": 0}, {""post_id"": 50, ""anonymous_code"": ""독수리-9332"", ""post_type"": ""profit_share"", ""title"": ""10% 수익 확정! 물타기 전략의 승리 (삼성전자)"", ""like_count"": 0, ""unlike_count"": 0, ""score"": 0}, {""post_id"": 51, ""anonymous_code"": ""황소-6990"", ""post_type"": ""trade_share"", ""title"": ""11% 수익 놓치고 매도... 타이밍 조절이 핵심이네요."", ""like_count"": 0, ""unlike_count"": 0, ""score"": 0}, {""post_id"": 52, ""anonymous_code"": ""펭귄-5408"", ""post_type"": ""profit_share"", ""title"": ""급등장에 팔아치웠습니다. 수익 10% 넘으면 바로 손절 (이익)!"", ""like_count"": 0, ""unlike_count"": 0, ""score"": 0}, {""post_id"": 53, ""anonymous_code"": ""독수리-1692"", ""post_type"": ""trade_share"", ""title"": ""19 만 원대 진입 완료... 이번엔 잡지 않겠습니다."", ""like_count"": 0, ""unlike_count"": 0, ""score"": 0}, {""post_id"": 54, ""anonymous_code"": ""독수리-6722"", ""post_type"": ""trade_share"", ""title"": ""다시 한번 손절 라인 확인... 추격 매수는 절대 안 됨!"", ""like_count"": 0, ""unlike_count"": 0, ""score"": 0}, {""post_id"": 55, ""anonymous_code"": ""곰-5671"", ""post_type"": ""trade_share"", ""title"": ""지정학적 공포에 팔았던 저점을 다시 샀습니다. (삼성전자)"", ""like_count"": 0, ""unlike_count"": 0, ""score"": 0}, {""post_id"": 56, ""anonymous_code"": ""늑대-3694"", ""post_type"": ""profit_share"", ""title"": ""10% 수익 원칙 지키며 매도 완료! 반도체 반등 주시 중"", ""like_count"": 0, ""unlike_count"": 0, ""score"": 0}]"
RN_COMM_ON_20260917,2026-03-05,8,A034,1,5,13,"[43, 44, 46, 47, 48, 49, 50, 51, 52, 53, 54, 55, 56]","[{""post_id"": 43, ""anonymous_code"": ""사자-8925"", ""post_type"": ""trade_share"", ""title"": ""반등 확인 후 상승 추세를 믿고 비중 확대했습니다."", ""like_count"": 0, ""unlike_count"": 0, ""score"": 0}, {""post_id"": 44, ""anonymous_code"": ""황소-1620"", ""post_type"": ""profit_share"", ""title"": ""급반등에 팔아치웠습니다. 원칙이 살아있네요."", ""like_count"": 0, ""unlike_count"": 0, ""score"": 0}, {""post_id"": 46, ""anonymous_code"": ""황소-4770"", ""post_type"": ""trade_share"", ""title"": ""나락가는 줄 알았는데... 다시 매수했습니다."", ""like_count"": 0, ""unlike_count"": 0, ""score"": 0}, {""post_id"": 47, ""anonymous_code"": ""곰-8551"", ""post_type"": ""trade_share"", ""title"": ""반도체 섹터 반등 확인! 오늘 삼성전자로 다시 진입했습니다."", ""like_count"": 0, ""unlike_count"": 0, ""score"": 0}, {""post_id"": 48, ""anonymous_code"": ""황소-4980"", ""post_type"": ""trade_share"", ""title"": ""떨리는 손으로 매수했습니다. (삼성전자)"", ""like_count"": 0, ""unlike_count"": 0, ""score"": 0}, {""post_id"": 49, ""anonymous_code"": ""여우-1683"", ""post_type"": ""profit_share"", ""title"": ""급등장에 전량 매도, 손실 확정... 원칙의 한계를 다시 씁니다."", ""like_count"": 0, ""unlike_count"": 0, ""score"": 0}, {""post_id"": 50, ""anonymous_code"": ""독수리-9332"", ""post_type"": ""profit_share"", ""title"": ""10% 수익 확정! 물타기 전략의 승리 (삼성전자)"", ""like_count"": 0, ""unlike_count"": 0, ""score"": 0}, {""post_id"": 51, ""anonymous_code"": ""황소-6990"", ""post_type"": ""trade_share"", ""title"": ""11% 수익 놓치고 매도... 타이밍 조절이 핵심이네요."", ""like_count"": 0, ""unlike_count"": 0, ""score"": 0}, {""post_id"": 52, ""anonymous_code"": ""펭귄-5408"", ""post_type"": ""profit_share"", ""title"": ""급등장에 팔아치웠습니다. 수익 10% 넘으면 바로 손절 (이익)!"", ""like_count"": 0, ""unlike_count"": 0, ""score"": 0}, {""post_id"": 53, ""anonymous_code"": ""독수리-1692"", ""post_type"": ""trade_share"", ""title"": ""19 만 원대 진입 완료... 이번엔 잡지 않겠습니다."", ""like_count"": 0, ""unlike_count"": 0, ""score"": 0}, {""post_id"": 54, ""anonymous_code"": ""독수리-6722"", ""post_type"": ""trade_share"", ""title"": ""다시 한번 손절 라인 확인... 추격 매수는 절대 안 됨!"", ""like_count"": 0, ""unlike_count"": 0, ""score"": 0}, {""post_id"": 55, ""anonymous_code"": ""곰-5671"", ""post_type"": ""trade_share"", ""title"": ""지정학적 공포에 팔았던 저점을 다시 샀습니다. (삼성전자)"", ""like_count"": 0, ""unlike_count"": 0, ""score"": 0}, {""post_id"": 56, ""anonymous_code"": ""늑대-3694"", ""post_type"": ""profit_share"", ""title"": ""10% 수익 원칙 지키며 매도 완료! 반도체 반등 주시 중"", ""like_count"": 0, ""unlike_count"": 0, ""score"": 0}]"
RN_COMM_ON_20260917,2026-03-05,8,A036,2,5,14,"[43, 44, 45, 46, 47, 48, 49, 50, 51, 52, 53, 54, 55, 56]","[{""post_id"": 43, ""anonymous_code"": ""사자-8925"", ""post_type"": ""trade_share"", ""title"": ""반등 확인 후 상승 추세를 믿고 비중 확대했습니다."", ""like_count"": 0, ""unlike_count"": 0, ""score"": 0}, {""post_id"": 44, ""anonymous_code"": ""황소-1620"", ""post_type"": ""profit_share"", ""title"": ""급반등에 팔아치웠습니다. 원칙이 살아있네요."", ""like_count"": 0, ""unlike_count"": 0, ""score"": 0}, {""post_id"": 45, ""anonymous_code"": ""돌고래-2979"", ""post_type"": ""trade_share"", ""title"": ""V자 반등에 다시 한 번 걸었습니다. (삼성전자)"", ""like_count"": 0, ""unlike_count"": 0, ""score"": 0}, {""post_id"": 46, ""anonymous_code"": ""황소-4770"", ""post_type"": ""trade_share"", ""title"": ""나락가는 줄 알았는데... 다시 매수했습니다."", ""like_count"": 0, ""unlike_count"": 0, ""score"": 0}, {""post_id"": 47, ""anonymous_code"": ""곰-8551"", ""post_type"": ""trade_share"", ""title"": ""반도체 섹터 반등 확인! 오늘 삼성전자로 다시 진입했습니다."", ""like_count"": 0, ""unlike_count"": 0, ""score"": 0}, {""post_id"": 48, ""anonymous_code"": ""황소-4980"", ""post_type"": ""trade_share"", ""title"": ""떨리는 손으로 매수했습니다. (삼성전자)"", ""like_count"": 0, ""unlike_count"": 0, ""score"": 0}, {""post_id"": 49, ""anonymous_code"": ""여우-1683"", ""post_type"": ""profit_share"", ""title"": ""급등장에 전량 매도, 손실 확정... 원칙의 한계를 다시 씁니다."", ""like_count"": 0, ""unlike_count"": 0, ""score"": 0}, {""post_id"": 50, ""anonymous_code"": ""독수리-9332"", ""post_type"": ""profit_share"", ""title"": ""10% 수익 확정! 물타기 전략의 승리 (삼성전자)"", ""like_count"": 0, ""unlike_count"": 0, ""score"": 0}, {""post_id"": 51, ""anonymous_code"": ""황소-6990"", ""post_type"": ""trade_share"", ""title"": ""11% 수익 놓치고 매도... 타이밍 조절이 핵심이네요."", ""like_count"": 0, ""unlike_count"": 0, ""score"": 0}, {""post_id"": 52, ""anonymous_code"": ""펭귄-5408"", ""post_type"": ""profit_share"", ""title"": ""급등장에 팔아치웠습니다. 수익 10% 넘으면 바로 손절 (이익)!"", ""like_count"": 0, ""unlike_count"": 0, ""score"": 0}, {""post_id"": 53, ""anonymous_code"": ""독수리-1692"", ""post_type"": ""trade_share"", ""title"": ""19 만 원대 진입 완료... 이번엔 잡지 않겠습니다."", ""like_count"": 0, ""unlike_count"": 0, ""score"": 0}, {""post_id"": 54, ""anonymous_code"": ""독수리-6722"", ""post_type"": ""trade_share"", ""title"": ""다시 한번 손절 라인 확인... 추격 매수는 절대 안 됨!"", ""like_count"": 0, ""unlike_count"": 0, ""score"": 0}, {""post_id"": 55, ""anonymous_code"": ""곰-5671"", ""post_type"": ""trade_share"", ""title"": ""지정학적 공포에 팔았던 저점을 다시 샀습니다. (삼성전자)"", ""like_count"": 0, ""unlike_count"": 0, ""score"": 0}, {""post_id"": 56, ""anonymous_code"": ""늑대-3694"", ""post_type"": ""profit_share"", ""title"": ""10% 수익 원칙 지키며 매도 완료! 반도체 반등 주시 중"", ""like_count"": 0, ""unlike_count"": 0, ""score"": 0}]"
RN_COMM_ON_20260917,2026-03-05,8,A037,1,5,14,"[43, 44, 45, 46, 47, 48, 49, 50, 51, 52, 53, 54, 55, 56]","[{""post_id"": 43, ""anonymous_code"": ""사자-8925"", ""post_type"": ""trade_share"", ""title"": ""반등 확인 후 상승 추세를 믿고 비중 확대했습니다."", ""like_count"": 0, ""unlike_count"": 0, ""score"": 0}, {""post_id"": 44, ""anonymous_code"": ""황소-1620"", ""post_type"": ""profit_share"", ""title"": ""급반등에 팔아치웠습니다. 원칙이 살아있네요."", ""like_count"": 0, ""unlike_count"": 0, ""score"": 0}, {""post_id"": 45, ""anonymous_code"": ""돌고래-2979"", ""post_type"": ""trade_share"", ""title"": ""V자 반등에 다시 한 번 걸었습니다. (삼성전자)"", ""like_count"": 0, ""unlike_count"": 0, ""score"": 0}, {""post_id"": 46, ""anonymous_code"": ""황소-4770"", ""post_type"": ""trade_share"", ""title"": ""나락가는 줄 알았는데... 다시 매수했습니다."", ""like_count"": 0, ""unlike_count"": 0, ""score"": 0}, {""post_id"": 47, ""anonymous_code"": ""곰-8551"", ""post_type"": ""trade_share"", ""title"": ""반도체 섹터 반등 확인! 오늘 삼성전자로 다시 진입했습니다."", ""like_count"": 0, ""unlike_count"": 0, ""score"": 0}, {""post_id"": 48, ""anonymous_code"": ""황소-4980"", ""post_type"": ""trade_share"", ""title"": ""떨리는 손으로 매수했습니다. (삼성전자)"", ""like_count"": 0, ""unlike_count"": 0, ""score"": 0}, {""post_id"": 49, ""anonymous_code"": ""여우-1683"", ""post_type"": ""profit_share"", ""title"": ""급등장에 전량 매도, 손실 확정... 원칙의 한계를 다시 씁니다."", ""like_count"": 0, ""unlike_count"": 0, ""score"": 0}, {""post_id"": 50, ""anonymous_code"": ""독수리-9332"", ""post_type"": ""profit_share"", ""title"": ""10% 수익 확정! 물타기 전략의 승리 (삼성전자)"", ""like_count"": 0, ""unlike_count"": 0, ""score"": 0}, {""post_id"": 51, ""anonymous_code"": ""황소-6990"", ""post_type"": ""trade_share"", ""title"": ""11% 수익 놓치고 매도... 타이밍 조절이 핵심이네요."", ""like_count"": 0, ""unlike_count"": 0, ""score"": 0}, {""post_id"": 52, ""anonymous_code"": ""펭귄-5408"", ""post_type"": ""profit_share"", ""title"": ""급등장에 팔아치웠습니다. 수익 10% 넘으면 바로 손절 (이익)!"", ""like_count"": 0, ""unlike_count"": 0, ""score"": 0}, {""post_id"": 53, ""anonymous_code"": ""독수리-1692"", ""post_type"": ""trade_share"", ""title"": ""19 만 원대 진입 완료... 이번엔 잡지 않겠습니다."", ""like_count"": 0, ""unlike_count"": 0, ""score"": 0}, {""post_id"": 54, ""anonymous_code"": ""독수리-6722"", ""post_type"": ""trade_share"", ""title"": ""다시 한번 손절 라인 확인... 추격 매수는 절대 안 됨!"", ""like_count"": 0, ""unlike_count"": 0, ""score"": 0}, {""post_id"": 55, ""anonymous_code"": ""곰-5671"", ""post_type"": ""trade_share"", ""title"": ""지정학적 공포에 팔았던 저점을 다시 샀습니다. (삼성전자)"", ""like_count"": 0, ""unlike_count"": 0, ""score"": 0}, {""post_id"": 56, ""anonymous_code"": ""늑대-3694"", ""post_type"": ""profit_share"", ""title"": ""10% 수익 원칙 지키며 매도 완료! 반도체 반등 주시 중"", ""like_count"": 0, ""unlike_count"": 0, ""score"": 0}]"
RN_COMM_ON_20260917,2026-03-05,8,A035,1,5,14,"[43, 44, 45, 46, 47, 48, 49, 50, 51, 52, 53, 54, 55, 56]","[{""post_id"": 43, ""anonymous_code"": ""사자-8925"", ""post_type"": ""trade_share"", ""title"": ""반등 확인 후 상승 추세를 믿고 비중 확대했습니다."", ""like_count"": 0, ""unlike_count"": 0, ""score"": 0}, {""post_id"": 44, ""anonymous_code"": ""황소-1620"", ""post_type"": ""profit_share"", ""title"": ""급반등에 팔아치웠습니다. 원칙이 살아있네요."", ""like_count"": 0, ""unlike_count"": 0, ""score"": 0}, {""post_id"": 45, ""anonymous_code"": ""돌고래-2979"", ""post_type"": ""trade_share"", ""title"": ""V자 반등에 다시 한 번 걸었습니다. (삼성전자)"", ""like_count"": 0, ""unlike_count"": 0, ""score"": 0}, {""post_id"": 46, ""anonymous_code"": ""황소-4770"", ""post_type"": ""trade_share"", ""title"": ""나락가는 줄 알았는데... 다시 매수했습니다."", ""like_count"": 0, ""unlike_count"": 0, ""score"": 0}, {""post_id"": 47, ""anonymous_code"": ""곰-8551"", ""post_type"": ""trade_share"", ""title"": ""반도체 섹터 반등 확인! 오늘 삼성전자로 다시 진입했습니다."", ""like_count"": 0, ""unlike_count"": 0, ""score"": 0}, {""post_id"": 48, ""anonymous_code"": ""황소-4980"", ""post_type"": ""trade_share"", ""title"": ""떨리는 손으로 매수했습니다. (삼성전자)"", ""like_count"": 0, ""unlike_count"": 0, ""score"": 0}, {""post_id"": 49, ""anonymous_code"": ""여우-1683"", ""post_type"": ""profit_share"", ""title"": ""급등장에 전량 매도, 손실 확정... 원칙의 한계를 다시 씁니다."", ""like_count"": 0, ""unlike_count"": 0, ""score"": 0}, {""post_id"": 50, ""anonymous_code"": ""독수리-9332"", ""post_type"": ""profit_share"", ""title"": ""10% 수익 확정! 물타기 전략의 승리 (삼성전자)"", ""like_count"": 0, ""unlike_count"": 0, ""score"": 0}, {""post_id"": 51, ""anonymous_code"": ""황소-6990"", ""post_type"": ""trade_share"", ""title"": ""11% 수익 놓치고 매도... 타이밍 조절이 핵심이네요."", ""like_count"": 0, ""unlike_count"": 0, ""score"": 0}, {""post_id"": 52, ""anonymous_code"": ""펭귄-5408"", ""post_type"": ""profit_share"", ""title"": ""급등장에 팔아치웠습니다. 수익 10% 넘으면 바로 손절 (이익)!"", ""like_count"": 0, ""unlike_count"": 0, ""score"": 0}, {""post_id"": 53, ""anonymous_code"": ""독수리-1692"", ""post_type"": ""trade_share"", ""title"": ""19 만 원대 진입 완료... 이번엔 잡지 않겠습니다."", ""like_count"": 0, ""unlike_count"": 0, ""score"": 0}, {""post_id"": 54, ""anonymous_code"": ""독수리-6722"", ""post_type"": ""trade_share"", ""title"": ""다시 한번 손절 라인 확인... 추격 매수는 절대 안 됨!"", ""like_count"": 0, ""unlike_count"": 0, ""score"": 0}, {""post_id"": 55, ""anonymous_code"": ""곰-5671"", ""post_type"": ""trade_share"", ""title"": ""지정학적 공포에 팔았던 저점을 다시 샀습니다. (삼성전자)"", ""like_count"": 0, ""unlike_count"": 0, ""score"": 0}, {""post_id"": 56, ""anonymous_code"": ""늑대-3694"", ""post_type"": ""profit_share"", ""title"": ""10% 수익 원칙 지키며 매도 완료! 반도체 반등 주시 중"", ""like_count"": 0, ""unlike_count"": 0, ""score"": 0}]"
RN_COMM_ON_20260917,2026-03-05,8,A038,1,5,14,"[43, 44, 45, 46, 47, 48, 49, 50, 51, 52, 53, 54, 55, 56]","[{""post_id"": 43, ""anonymous_code"": ""사자-8925"", ""post_type"": ""trade_share"", ""title"": ""반등 확인 후 상승 추세를 믿고 비중 확대했습니다."", ""like_count"": 0, ""unlike_count"": 0, ""score"": 0}, {""post_id"": 44, ""anonymous_code"": ""황소-1620"", ""post_type"": ""profit_share"", ""title"": ""급반등에 팔아치웠습니다. 원칙이 살아있네요."", ""like_count"": 0, ""unlike_count"": 0, ""score"": 0}, {""post_id"": 45, ""anonymous_code"": ""돌고래-2979"", ""post_type"": ""trade_share"", ""title"": ""V자 반등에 다시 한 번 걸었습니다. (삼성전자)"", ""like_count"": 0, ""unlike_count"": 0, ""score"": 0}, {""post_id"": 46, ""anonymous_code"": ""황소-4770"", ""post_type"": ""trade_share"", ""title"": ""나락가는 줄 알았는데... 다시 매수했습니다."", ""like_count"": 0, ""unlike_count"": 0, ""score"": 0}, {""post_id"": 47, ""anonymous_code"": ""곰-8551"", ""post_type"": ""trade_share"", ""title"": ""반도체 섹터 반등 확인! 오늘 삼성전자로 다시 진입했습니다."", ""like_count"": 0, ""unlike_count"": 0, ""score"": 0}, {""post_id"": 48, ""anonymous_code"": ""황소-4980"", ""post_type"": ""trade_share"", ""title"": ""떨리는 손으로 매수했습니다. (삼성전자)"", ""like_count"": 0, ""unlike_count"": 0, ""score"": 0}, {""post_id"": 49, ""anonymous_code"": ""여우-1683"", ""post_type"": ""profit_share"", ""title"": ""급등장에 전량 매도, 손실 확정... 원칙의 한계를 다시 씁니다."", ""like_count"": 0, ""unlike_count"": 0, ""score"": 0}, {""post_id"": 50, ""anonymous_code"": ""독수리-9332"", ""post_type"": ""profit_share"", ""title"": ""10% 수익 확정! 물타기 전략의 승리 (삼성전자)"", ""like_count"": 0, ""unlike_count"": 0, ""score"": 0}, {""post_id"": 51, ""anonymous_code"": ""황소-6990"", ""post_type"": ""trade_share"", ""title"": ""11% 수익 놓치고 매도... 타이밍 조절이 핵심이네요."", ""like_count"": 0, ""unlike_count"": 0, ""score"": 0}, {""post_id"": 52, ""anonymous_code"": ""펭귄-5408"", ""post_type"": ""profit_share"", ""title"": ""급등장에 팔아치웠습니다. 수익 10% 넘으면 바로 손절 (이익)!"", ""like_count"": 0, ""unlike_count"": 0, ""score"": 0}, {""post_id"": 53, ""anonymous_code"": ""독수리-1692"", ""post_type"": ""trade_share"", ""title"": ""19 만 원대 진입 완료... 이번엔 잡지 않겠습니다."", ""like_count"": 0, ""unlike_count"": 0, ""score"": 0}, {""post_id"": 54, ""anonymous_code"": ""독수리-6722"", ""post_type"": ""trade_share"", ""title"": ""다시 한번 손절 라인 확인... 추격 매수는 절대 안 됨!"", ""like_count"": 0, ""unlike_count"": 0, ""score"": 0}, {""post_id"": 55, ""anonymous_code"": ""곰-5671"", ""post_type"": ""trade_share"", ""title"": ""지정학적 공포에 팔았던 저점을 다시 샀습니다. (삼성전자)"", ""like_count"": 0, ""unlike_count"": 0, ""score"": 0}, {""post_id"": 56, ""anonymous_code"": ""늑대-3694"", ""post_type"": ""profit_share"", ""title"": ""10% 수익 원칙 지키며 매도 완료! 반도체 반등 주시 중"", ""like_count"": 0, ""unlike_count"": 0, ""score"": 0}]"
RN_COMM_ON_20260917,2026-03-05,8,A042,1,5,14,"[43, 44, 45, 46, 47, 48, 49, 50, 51, 52, 53, 54, 55, 56]","[{""post_id"": 43, ""anonymous_code"": ""사자-8925"", ""post_type"": ""trade_share"", ""title"": ""반등 확인 후 상승 추세를 믿고 비중 확대했습니다."", ""like_count"": 0, ""unlike_count"": 0, ""score"": 0}, {""post_id"": 44, ""anonymous_code"": ""황소-1620"", ""post_type"": ""profit_share"", ""title"": ""급반등에 팔아치웠습니다. 원칙이 살아있네요."", ""like_count"": 0, ""unlike_count"": 0, ""score"": 0}, {""post_id"": 45, ""anonymous_code"": ""돌고래-2979"", ""post_type"": ""trade_share"", ""title"": ""V자 반등에 다시 한 번 걸었습니다. (삼성전자)"", ""like_count"": 0, ""unlike_count"": 0, ""score"": 0}, {""post_id"": 46, ""anonymous_code"": ""황소-4770"", ""post_type"": ""trade_share"", ""title"": ""나락가는 줄 알았는데... 다시 매수했습니다."", ""like_count"": 0, ""unlike_count"": 0, ""score"": 0}, {""post_id"": 47, ""anonymous_code"": ""곰-8551"", ""post_type"": ""trade_share"", ""title"": ""반도체 섹터 반등 확인! 오늘 삼성전자로 다시 진입했습니다."", ""like_count"": 0, ""unlike_count"": 0, ""score"": 0}, {""post_id"": 48, ""anonymous_code"": ""황소-4980"", ""post_type"": ""trade_share"", ""title"": ""떨리는 손으로 매수했습니다. (삼성전자)"", ""like_count"": 0, ""unlike_count"": 0, ""score"": 0}, {""post_id"": 49, ""anonymous_code"": ""여우-1683"", ""post_type"": ""profit_share"", ""title"": ""급등장에 전량 매도, 손실 확정... 원칙의 한계를 다시 씁니다."", ""like_count"": 0, ""unlike_count"": 0, ""score"": 0}, {""post_id"": 50, ""anonymous_code"": ""독수리-9332"", ""post_type"": ""profit_share"", ""title"": ""10% 수익 확정! 물타기 전략의 승리 (삼성전자)"", ""like_count"": 0, ""unlike_count"": 0, ""score"": 0}, {""post_id"": 51, ""anonymous_code"": ""황소-6990"", ""post_type"": ""trade_share"", ""title"": ""11% 수익 놓치고 매도... 타이밍 조절이 핵심이네요."", ""like_count"": 0, ""unlike_count"": 0, ""score"": 0}, {""post_id"": 52, ""anonymous_code"": ""펭귄-5408"", ""post_type"": ""profit_share"", ""title"": ""급등장에 팔아치웠습니다. 수익 10% 넘으면 바로 손절 (이익)!"", ""like_count"": 0, ""unlike_count"": 0, ""score"": 0}, {""post_id"": 53, ""anonymous_code"": ""독수리-1692"", ""post_type"": ""trade_share"", ""title"": ""19 만 원대 진입 완료... 이번엔 잡지 않겠습니다."", ""like_count"": 0, ""unlike_count"": 0, ""score"": 0}, {""post_id"": 54, ""anonymous_code"": ""독수리-6722"", ""post_type"": ""trade_share"", ""title"": ""다시 한번 손절 라인 확인... 추격 매수는 절대 안 됨!"", ""like_count"": 0, ""unlike_count"": 0, ""score"": 0}, {""post_id"": 55, ""anonymous_code"": ""곰-5671"", ""post_type"": ""trade_share"", ""title"": ""지정학적 공포에 팔았던 저점을 다시 샀습니다. (삼성전자)"", ""like_count"": 0, ""unlike_count"": 0, ""score"": 0}, {""post_id"": 56, ""anonymous_code"": ""늑대-3694"", ""post_type"": ""profit_share"", ""title"": ""10% 수익 원칙 지키며 매도 완료! 반도체 반등 주시 중"", ""like_count"": 0, ""unlike_count"": 0, ""score"": 0}]"
RN_COMM_ON_20260917,2026-03-05,8,A041,1,5,14,"[43, 44, 45, 46, 47, 48, 49, 50, 51, 52, 53, 54, 55, 56]","[{""post_id"": 43, ""anonymous_code"": ""사자-8925"", ""post_type"": ""trade_share"", ""title"": ""반등 확인 후 상승 추세를 믿고 비중 확대했습니다."", ""like_count"": 0, ""unlike_count"": 0, ""score"": 0}, {""post_id"": 44, ""anonymous_code"": ""황소-1620"", ""post_type"": ""profit_share"", ""title"": ""급반등에 팔아치웠습니다. 원칙이 살아있네요."", ""like_count"": 0, ""unlike_count"": 0, ""score"": 0}, {""post_id"": 45, ""anonymous_code"": ""돌고래-2979"", ""post_type"": ""trade_share"", ""title"": ""V자 반등에 다시 한 번 걸었습니다. (삼성전자)"", ""like_count"": 0, ""unlike_count"": 0, ""score"": 0}, {""post_id"": 46, ""anonymous_code"": ""황소-4770"", ""post_type"": ""trade_share"", ""title"": ""나락가는 줄 알았는데... 다시 매수했습니다."", ""like_count"": 0, ""unlike_count"": 0, ""score"": 0}, {""post_id"": 47, ""anonymous_code"": ""곰-8551"", ""post_type"": ""trade_share"", ""title"": ""반도체 섹터 반등 확인! 오늘 삼성전자로 다시 진입했습니다."", ""like_count"": 0, ""unlike_count"": 0, ""score"": 0}, {""post_id"": 48, ""anonymous_code"": ""황소-4980"", ""post_type"": ""trade_share"", ""title"": ""떨리는 손으로 매수했습니다. (삼성전자)"", ""like_count"": 0, ""unlike_count"": 0, ""score"": 0}, {""post_id"": 49, ""anonymous_code"": ""여우-1683"", ""post_type"": ""profit_share"", ""title"": ""급등장에 전량 매도, 손실 확정... 원칙의 한계를 다시 씁니다."", ""like_count"": 0, ""unlike_count"": 0, ""score"": 0}, {""post_id"": 50, ""anonymous_code"": ""독수리-9332"", ""post_type"": ""profit_share"", ""title"": ""10% 수익 확정! 물타기 전략의 승리 (삼성전자)"", ""like_count"": 0, ""unlike_count"": 0, ""score"": 0}, {""post_id"": 51, ""anonymous_code"": ""황소-6990"", ""post_type"": ""trade_share"", ""title"": ""11% 수익 놓치고 매도... 타이밍 조절이 핵심이네요."", ""like_count"": 0, ""unlike_count"": 0, ""score"": 0}, {""post_id"": 52, ""anonymous_code"": ""펭귄-5408"", ""post_type"": ""profit_share"", ""title"": ""급등장에 팔아치웠습니다. 수익 10% 넘으면 바로 손절 (이익)!"", ""like_count"": 0, ""unlike_count"": 0, ""score"": 0}, {""post_id"": 53, ""anonymous_code"": ""독수리-1692"", ""post_type"": ""trade_share"", ""title"": ""19 만 원대 진입 완료... 이번엔 잡지 않겠습니다."", ""like_count"": 0, ""unlike_count"": 0, ""score"": 0}, {""post_id"": 54, ""anonymous_code"": ""독수리-6722"", ""post_type"": ""trade_share"", ""title"": ""다시 한번 손절 라인 확인... 추격 매수는 절대 안 됨!"", ""like_count"": 0, ""unlike_count"": 0, ""score"": 0}, {""post_id"": 55, ""anonymous_code"": ""곰-5671"", ""post_type"": ""trade_share"", ""title"": ""지정학적 공포에 팔았던 저점을 다시 샀습니다. (삼성전자)"", ""like_count"": 0, ""unlike_count"": 0, ""score"": 0}, {""post_id"": 56, ""anonymous_code"": ""늑대-3694"", ""post_type"": ""profit_share"", ""title"": ""10% 수익 원칙 지키며 매도 완료! 반도체 반등 주시 중"", ""like_count"": 0, ""unlike_count"": 0, ""score"": 0}]"
RN_COMM_ON_20260917,2026-03-05,8,A040,1,5,14,"[43, 44, 45, 46, 47, 48, 49, 50, 51, 52, 53, 54, 55, 56]","[{""post_id"": 43, ""anonymous_code"": ""사자-8925"", ""post_type"": ""trade_share"", ""title"": ""반등 확인 후 상승 추세를 믿고 비중 확대했습니다."", ""like_count"": 0, ""unlike_count"": 0, ""score"": 0}, {""post_id"": 44, ""anonymous_code"": ""황소-1620"", ""post_type"": ""profit_share"", ""title"": ""급반등에 팔아치웠습니다. 원칙이 살아있네요."", ""like_count"": 0, ""unlike_count"": 0, ""score"": 0}, {""post_id"": 45, ""anonymous_code"": ""돌고래-2979"", ""post_type"": ""trade_share"", ""title"": ""V자 반등에 다시 한 번 걸었습니다. (삼성전자)"", ""like_count"": 0, ""unlike_count"": 0, ""score"": 0}, {""post_id"": 46, ""anonymous_code"": ""황소-4770"", ""post_type"": ""trade_share"", ""title"": ""나락가는 줄 알았는데... 다시 매수했습니다."", ""like_count"": 0, ""unlike_count"": 0, ""score"": 0}, {""post_id"": 47, ""anonymous_code"": ""곰-8551"", ""post_type"": ""trade_share"", ""title"": ""반도체 섹터 반등 확인! 오늘 삼성전자로 다시 진입했습니다."", ""like_count"": 0, ""unlike_count"": 0, ""score"": 0}, {""post_id"": 48, ""anonymous_code"": ""황소-4980"", ""post_type"": ""trade_share"", ""title"": ""떨리는 손으로 매수했습니다. (삼성전자)"", ""like_count"": 0, ""unlike_count"": 0, ""score"": 0}, {""post_id"": 49, ""anonymous_code"": ""여우-1683"", ""post_type"": ""profit_share"", ""title"": ""급등장에 전량 매도, 손실 확정... 원칙의 한계를 다시 씁니다."", ""like_count"": 0, ""unlike_count"": 0, ""score"": 0}, {""post_id"": 50, ""anonymous_code"": ""독수리-9332"", ""post_type"": ""profit_share"", ""title"": ""10% 수익 확정! 물타기 전략의 승리 (삼성전자)"", ""like_count"": 0, ""unlike_count"": 0, ""score"": 0}, {""post_id"": 51, ""anonymous_code"": ""황소-6990"", ""post_type"": ""trade_share"", ""title"": ""11% 수익 놓치고 매도... 타이밍 조절이 핵심이네요."", ""like_count"": 0, ""unlike_count"": 0, ""score"": 0}, {""post_id"": 52, ""anonymous_code"": ""펭귄-5408"", ""post_type"": ""profit_share"", ""title"": ""급등장에 팔아치웠습니다. 수익 10% 넘으면 바로 손절 (이익)!"", ""like_count"": 0, ""unlike_count"": 0, ""score"": 0}, {""post_id"": 53, ""anonymous_code"": ""독수리-1692"", ""post_type"": ""trade_share"", ""title"": ""19 만 원대 진입 완료... 이번엔 잡지 않겠습니다."", ""like_count"": 0, ""unlike_count"": 0, ""score"": 0}, {""post_id"": 54, ""anonymous_code"": ""독수리-6722"", ""post_type"": ""trade_share"", ""title"": ""다시 한번 손절 라인 확인... 추격 매수는 절대 안 됨!"", ""like_count"": 0, ""unlike_count"": 0, ""score"": 0}, {""post_id"": 55, ""anonymous_code"": ""곰-5671"", ""post_type"": ""trade_share"", ""title"": ""지정학적 공포에 팔았던 저점을 다시 샀습니다. (삼성전자)"", ""like_count"": 0, ""unlike_count"": 0, ""score"": 0}, {""post_id"": 56, ""anonymous_code"": ""늑대-3694"", ""post_type"": ""profit_share"", ""title"": ""10% 수익 원칙 지키며 매도 완료! 반도체 반등 주시 중"", ""like_count"": 0, ""unlike_count"": 0, ""score"": 0}]"
RN_COMM_ON_20260917,2026-03-05,8,A044,1,5,13,"[43, 44, 45, 47, 48, 49, 50, 51, 52, 53, 54, 55, 56]","[{""post_id"": 43, ""anonymous_code"": ""사자-8925"", ""post_type"": ""trade_share"", ""title"": ""반등 확인 후 상승 추세를 믿고 비중 확대했습니다."", ""like_count"": 0, ""unlike_count"": 0, ""score"": 0}, {""post_id"": 44, ""anonymous_code"": ""황소-1620"", ""post_type"": ""profit_share"", ""title"": ""급반등에 팔아치웠습니다. 원칙이 살아있네요."", ""like_count"": 0, ""unlike_count"": 0, ""score"": 0}, {""post_id"": 45, ""anonymous_code"": ""돌고래-2979"", ""post_type"": ""trade_share"", ""title"": ""V자 반등에 다시 한 번 걸었습니다. (삼성전자)"", ""like_count"": 0, ""unlike_count"": 0, ""score"": 0}, {""post_id"": 47, ""anonymous_code"": ""곰-8551"", ""post_type"": ""trade_share"", ""title"": ""반도체 섹터 반등 확인! 오늘 삼성전자로 다시 진입했습니다."", ""like_count"": 0, ""unlike_count"": 0, ""score"": 0}, {""post_id"": 48, ""anonymous_code"": ""황소-4980"", ""post_type"": ""trade_share"", ""title"": ""떨리는 손으로 매수했습니다. (삼성전자)"", ""like_count"": 0, ""unlike_count"": 0, ""score"": 0}, {""post_id"": 49, ""anonymous_code"": ""여우-1683"", ""post_type"": ""profit_share"", ""title"": ""급등장에 전량 매도, 손실 확정... 원칙의 한계를 다시 씁니다."", ""like_count"": 0, ""unlike_count"": 0, ""score"": 0}, {""post_id"": 50, ""anonymous_code"": ""독수리-9332"", ""post_type"": ""profit_share"", ""title"": ""10% 수익 확정! 물타기 전략의 승리 (삼성전자)"", ""like_count"": 0, ""unlike_count"": 0, ""score"": 0}, {""post_id"": 51, ""anonymous_code"": ""황소-6990"", ""post_type"": ""trade_share"", ""title"": ""11% 수익 놓치고 매도... 타이밍 조절이 핵심이네요."", ""like_count"": 0, ""unlike_count"": 0, ""score"": 0}, {""post_id"": 52, ""anonymous_code"": ""펭귄-5408"", ""post_type"": ""profit_share"", ""title"": ""급등장에 팔아치웠습니다. 수익 10% 넘으면 바로 손절 (이익)!"", ""like_count"": 0, ""unlike_count"": 0, ""score"": 0}, {""post_id"": 53, ""anonymous_code"": ""독수리-1692"", ""post_type"": ""trade_share"", ""title"": ""19 만 원대 진입 완료... 이번엔 잡지 않겠습니다."", ""like_count"": 0, ""unlike_count"": 0, ""score"": 0}, {""post_id"": 54, ""anonymous_code"": ""독수리-6722"", ""post_type"": ""trade_share"", ""title"": ""다시 한번 손절 라인 확인... 추격 매수는 절대 안 됨!"", ""like_count"": 0, ""unlike_count"": 0, ""score"": 0}, {""post_id"": 55, ""anonymous_code"": ""곰-5671"", ""post_type"": ""trade_share"", ""title"": ""지정학적 공포에 팔았던 저점을 다시 샀습니다. (삼성전자)"", ""like_count"": 0, ""unlike_count"": 0, ""score"": 0}, {""post_id"": 56, ""anonymous_code"": ""늑대-3694"", ""post_type"": ""profit_share"", ""title"": ""10% 수익 원칙 지키며 매도 완료! 반도체 반등 주시 중"", ""like_count"": 0, ""unlike_count"": 0, ""score"": 0}]"
RN_COMM_ON_20260917,2026-03-05,8,A045,1,5,14,"[43, 44, 45, 46, 47, 48, 49, 50, 51, 52, 53, 54, 55, 56]","[{""post_id"": 43, ""anonymous_code"": ""사자-8925"", ""post_type"": ""trade_share"", ""title"": ""반등 확인 후 상승 추세를 믿고 비중 확대했습니다."", ""like_count"": 0, ""unlike_count"": 0, ""score"": 0}, {""post_id"": 44, ""anonymous_code"": ""황소-1620"", ""post_type"": ""profit_share"", ""title"": ""급반등에 팔아치웠습니다. 원칙이 살아있네요."", ""like_count"": 0, ""unlike_count"": 0, ""score"": 0}, {""post_id"": 45, ""anonymous_code"": ""돌고래-2979"", ""post_type"": ""trade_share"", ""title"": ""V자 반등에 다시 한 번 걸었습니다. (삼성전자)"", ""like_count"": 0, ""unlike_count"": 0, ""score"": 0}, {""post_id"": 46, ""anonymous_code"": ""황소-4770"", ""post_type"": ""trade_share"", ""title"": ""나락가는 줄 알았는데... 다시 매수했습니다."", ""like_count"": 0, ""unlike_count"": 0, ""score"": 0}, {""post_id"": 47, ""anonymous_code"": ""곰-8551"", ""post_type"": ""trade_share"", ""title"": ""반도체 섹터 반등 확인! 오늘 삼성전자로 다시 진입했습니다."", ""like_count"": 0, ""unlike_count"": 0, ""score"": 0}, {""post_id"": 48, ""anonymous_code"": ""황소-4980"", ""post_type"": ""trade_share"", ""title"": ""떨리는 손으로 매수했습니다. (삼성전자)"", ""like_count"": 0, ""unlike_count"": 0, ""score"": 0}, {""post_id"": 49, ""anonymous_code"": ""여우-1683"", ""post_type"": ""profit_share"", ""title"": ""급등장에 전량 매도, 손실 확정... 원칙의 한계를 다시 씁니다."", ""like_count"": 0, ""unlike_count"": 0, ""score"": 0}, {""post_id"": 50, ""anonymous_code"": ""독수리-9332"", ""post_type"": ""profit_share"", ""title"": ""10% 수익 확정! 물타기 전략의 승리 (삼성전자)"", ""like_count"": 0, ""unlike_count"": 0, ""score"": 0}, {""post_id"": 51, ""anonymous_code"": ""황소-6990"", ""post_type"": ""trade_share"", ""title"": ""11% 수익 놓치고 매도... 타이밍 조절이 핵심이네요."", ""like_count"": 0, ""unlike_count"": 0, ""score"": 0}, {""post_id"": 52, ""anonymous_code"": ""펭귄-5408"", ""post_type"": ""profit_share"", ""title"": ""급등장에 팔아치웠습니다. 수익 10% 넘으면 바로 손절 (이익)!"", ""like_count"": 0, ""unlike_count"": 0, ""score"": 0}, {""post_id"": 53, ""anonymous_code"": ""독수리-1692"", ""post_type"": ""trade_share"", ""title"": ""19 만 원대 진입 완료... 이번엔 잡지 않겠습니다."", ""like_count"": 0, ""unlike_count"": 0, ""score"": 0}, {""post_id"": 54, ""anonymous_code"": ""독수리-6722"", ""post_type"": ""trade_share"", ""title"": ""다시 한번 손절 라인 확인... 추격 매수는 절대 안 됨!"", ""like_count"": 0, ""unlike_count"": 0, ""score"": 0}, {""post_id"": 55, ""anonymous_code"": ""곰-5671"", ""post_type"": ""trade_share"", ""title"": ""지정학적 공포에 팔았던 저점을 다시 샀습니다. (삼성전자)"", ""like_count"": 0, ""unlike_count"": 0, ""score"": 0}, {""post_id"": 56, ""anonymous_code"": ""늑대-3694"", ""post_type"": ""profit_share"", ""title"": ""10% 수익 원칙 지키며 매도 완료! 반도체 반등 주시 중"", ""like_count"": 0, ""unlike_count"": 0, ""score"": 0}]"
RN_COMM_ON_20260917,2026-03-05,8,A046,1,5,13,"[43, 44, 45, 46, 48, 49, 50, 51, 52, 53, 54, 55, 56]","[{""post_id"": 43, ""anonymous_code"": ""사자-8925"", ""post_type"": ""trade_share"", ""title"": ""반등 확인 후 상승 추세를 믿고 비중 확대했습니다."", ""like_count"": 0, ""unlike_count"": 0, ""score"": 0}, {""post_id"": 44, ""anonymous_code"": ""황소-1620"", ""post_type"": ""profit_share"", ""title"": ""급반등에 팔아치웠습니다. 원칙이 살아있네요."", ""like_count"": 0, ""unlike_count"": 0, ""score"": 0}, {""post_id"": 45, ""anonymous_code"": ""돌고래-2979"", ""post_type"": ""trade_share"", ""title"": ""V자 반등에 다시 한 번 걸었습니다. (삼성전자)"", ""like_count"": 0, ""unlike_count"": 0, ""score"": 0}, {""post_id"": 46, ""anonymous_code"": ""황소-4770"", ""post_type"": ""trade_share"", ""title"": ""나락가는 줄 알았는데... 다시 매수했습니다."", ""like_count"": 0, ""unlike_count"": 0, ""score"": 0}, {""post_id"": 48, ""anonymous_code"": ""황소-4980"", ""post_type"": ""trade_share"", ""title"": ""떨리는 손으로 매수했습니다. (삼성전자)"", ""like_count"": 0, ""unlike_count"": 0, ""score"": 0}, {""post_id"": 49, ""anonymous_code"": ""여우-1683"", ""post_type"": ""profit_share"", ""title"": ""급등장에 전량 매도, 손실 확정... 원칙의 한계를 다시 씁니다."", ""like_count"": 0, ""unlike_count"": 0, ""score"": 0}, {""post_id"": 50, ""anonymous_code"": ""독수리-9332"", ""post_type"": ""profit_share"", ""title"": ""10% 수익 확정! 물타기 전략의 승리 (삼성전자)"", ""like_count"": 0, ""unlike_count"": 0, ""score"": 0}, {""post_id"": 51, ""anonymous_code"": ""황소-6990"", ""post_type"": ""trade_share"", ""title"": ""11% 수익 놓치고 매도... 타이밍 조절이 핵심이네요."", ""like_count"": 0, ""unlike_count"": 0, ""score"": 0}, {""post_id"": 52, ""anonymous_code"": ""펭귄-5408"", ""post_type"": ""profit_share"", ""title"": ""급등장에 팔아치웠습니다. 수익 10% 넘으면 바로 손절 (이익)!"", ""like_count"": 0, ""unlike_count"": 0, ""score"": 0}, {""post_id"": 53, ""anonymous_code"": ""독수리-1692"", ""post_type"": ""trade_share"", ""title"": ""19 만 원대 진입 완료... 이번엔 잡지 않겠습니다."", ""like_count"": 0, ""unlike_count"": 0, ""score"": 0}, {""post_id"": 54, ""anonymous_code"": ""독수리-6722"", ""post_type"": ""trade_share"", ""title"": ""다시 한번 손절 라인 확인... 추격 매수는 절대 안 됨!"", ""like_count"": 0, ""unlike_count"": 0, ""score"": 0}, {""post_id"": 55, ""anonymous_code"": ""곰-5671"", ""post_type"": ""trade_share"", ""title"": ""지정학적 공포에 팔았던 저점을 다시 샀습니다. (삼성전자)"", ""like_count"": 0, ""unlike_count"": 0, ""score"": 0}, {""post_id"": 56, ""anonymous_code"": ""늑대-3694"", ""post_type"": ""profit_share"", ""title"": ""10% 수익 원칙 지키며 매도 완료! 반도체 반등 주시 중"", ""like_count"": 0, ""unlike_count"": 0, ""score"": 0}]"
RN_COMM_ON_20260917,2026-03-05,8,A047,1,5,14,"[43, 44, 45, 46, 47, 48, 49, 50, 51, 52, 53, 54, 55, 56]","[{""post_id"": 43, ""anonymous_code"": ""사자-8925"", ""post_type"": ""trade_share"", ""title"": ""반등 확인 후 상승 추세를 믿고 비중 확대했습니다."", ""like_count"": 0, ""unlike_count"": 0, ""score"": 0}, {""post_id"": 44, ""anonymous_code"": ""황소-1620"", ""post_type"": ""profit_share"", ""title"": ""급반등에 팔아치웠습니다. 원칙이 살아있네요."", ""like_count"": 0, ""unlike_count"": 0, ""score"": 0}, {""post_id"": 45, ""anonymous_code"": ""돌고래-2979"", ""post_type"": ""trade_share"", ""title"": ""V자 반등에 다시 한 번 걸었습니다. (삼성전자)"", ""like_count"": 0, ""unlike_count"": 0, ""score"": 0}, {""post_id"": 46, ""anonymous_code"": ""황소-4770"", ""post_type"": ""trade_share"", ""title"": ""나락가는 줄 알았는데... 다시 매수했습니다."", ""like_count"": 0, ""unlike_count"": 0, ""score"": 0}, {""post_id"": 47, ""anonymous_code"": ""곰-8551"", ""post_type"": ""trade_share"", ""title"": ""반도체 섹터 반등 확인! 오늘 삼성전자로 다시 진입했습니다."", ""like_count"": 0, ""unlike_count"": 0, ""score"": 0}, {""post_id"": 48, ""anonymous_code"": ""황소-4980"", ""post_type"": ""trade_share"", ""title"": ""떨리는 손으로 매수했습니다. (삼성전자)"", ""like_count"": 0, ""unlike_count"": 0, ""score"": 0}, {""post_id"": 49, ""anonymous_code"": ""여우-1683"", ""post_type"": ""profit_share"", ""title"": ""급등장에 전량 매도, 손실 확정... 원칙의 한계를 다시 씁니다."", ""like_count"": 0, ""unlike_count"": 0, ""score"": 0}, {""post_id"": 50, ""anonymous_code"": ""독수리-9332"", ""post_type"": ""profit_share"", ""title"": ""10% 수익 확정! 물타기 전략의 승리 (삼성전자)"", ""like_count"": 0, ""unlike_count"": 0, ""score"": 0}, {""post_id"": 51, ""anonymous_code"": ""황소-6990"", ""post_type"": ""trade_share"", ""title"": ""11% 수익 놓치고 매도... 타이밍 조절이 핵심이네요."", ""like_count"": 0, ""unlike_count"": 0, ""score"": 0}, {""post_id"": 52, ""anonymous_code"": ""펭귄-5408"", ""post_type"": ""profit_share"", ""title"": ""급등장에 팔아치웠습니다. 수익 10% 넘으면 바로 손절 (이익)!"", ""like_count"": 0, ""unlike_count"": 0, ""score"": 0}, {""post_id"": 53, ""anonymous_code"": ""독수리-1692"", ""post_type"": ""trade_share"", ""title"": ""19 만 원대 진입 완료... 이번엔 잡지 않겠습니다."", ""like_count"": 0, ""unlike_count"": 0, ""score"": 0}, {""post_id"": 54, ""anonymous_code"": ""독수리-6722"", ""post_type"": ""trade_share"", ""title"": ""다시 한번 손절 라인 확인... 추격 매수는 절대 안 됨!"", ""like_count"": 0, ""unlike_count"": 0, ""score"": 0}, {""post_id"": 55, ""anonymous_code"": ""곰-5671"", ""post_type"": ""trade_share"", ""title"": ""지정학적 공포에 팔았던 저점을 다시 샀습니다. (삼성전자)"", ""like_count"": 0, ""unlike_count"": 0, ""score"": 0}, {""post_id"": 56, ""anonymous_code"": ""늑대-3694"", ""post_type"": ""profit_share"", ""title"": ""10% 수익 원칙 지키며 매도 완료! 반도체 반등 주시 중"", ""like_count"": 0, ""unlike_count"": 0, ""score"": 0}]"
RN_COMM_ON_20260917,2026-03-05,8,A050,1,5,14,"[43, 44, 45, 46, 47, 48, 49, 50, 51, 52, 53, 54, 55, 56]","[{""post_id"": 43, ""anonymous_code"": ""사자-8925"", ""post_type"": ""trade_share"", ""title"": ""반등 확인 후 상승 추세를 믿고 비중 확대했습니다."", ""like_count"": 0, ""unlike_count"": 0, ""score"": 0}, {""post_id"": 44, ""anonymous_code"": ""황소-1620"", ""post_type"": ""profit_share"", ""title"": ""급반등에 팔아치웠습니다. 원칙이 살아있네요."", ""like_count"": 0, ""unlike_count"": 0, ""score"": 0}, {""post_id"": 45, ""anonymous_code"": ""돌고래-2979"", ""post_type"": ""trade_share"", ""title"": ""V자 반등에 다시 한 번 걸었습니다. (삼성전자)"", ""like_count"": 0, ""unlike_count"": 0, ""score"": 0}, {""post_id"": 46, ""anonymous_code"": ""황소-4770"", ""post_type"": ""trade_share"", ""title"": ""나락가는 줄 알았는데... 다시 매수했습니다."", ""like_count"": 0, ""unlike_count"": 0, ""score"": 0}, {""post_id"": 47, ""anonymous_code"": ""곰-8551"", ""post_type"": ""trade_share"", ""title"": ""반도체 섹터 반등 확인! 오늘 삼성전자로 다시 진입했습니다."", ""like_count"": 0, ""unlike_count"": 0, ""score"": 0}, {""post_id"": 48, ""anonymous_code"": ""황소-4980"", ""post_type"": ""trade_share"", ""title"": ""떨리는 손으로 매수했습니다. (삼성전자)"", ""like_count"": 0, ""unlike_count"": 0, ""score"": 0}, {""post_id"": 49, ""anonymous_code"": ""여우-1683"", ""post_type"": ""profit_share"", ""title"": ""급등장에 전량 매도, 손실 확정... 원칙의 한계를 다시 씁니다."", ""like_count"": 0, ""unlike_count"": 0, ""score"": 0}, {""post_id"": 50, ""anonymous_code"": ""독수리-9332"", ""post_type"": ""profit_share"", ""title"": ""10% 수익 확정! 물타기 전략의 승리 (삼성전자)"", ""like_count"": 0, ""unlike_count"": 0, ""score"": 0}, {""post_id"": 51, ""anonymous_code"": ""황소-6990"", ""post_type"": ""trade_share"", ""title"": ""11% 수익 놓치고 매도... 타이밍 조절이 핵심이네요."", ""like_count"": 0, ""unlike_count"": 0, ""score"": 0}, {""post_id"": 52, ""anonymous_code"": ""펭귄-5408"", ""post_type"": ""profit_share"", ""title"": ""급등장에 팔아치웠습니다. 수익 10% 넘으면 바로 손절 (이익)!"", ""like_count"": 0, ""unlike_count"": 0, ""score"": 0}, {""post_id"": 53, ""anonymous_code"": ""독수리-1692"", ""post_type"": ""trade_share"", ""title"": ""19 만 원대 진입 완료... 이번엔 잡지 않겠습니다."", ""like_count"": 0, ""unlike_count"": 0, ""score"": 0}, {""post_id"": 54, ""anonymous_code"": ""독수리-6722"", ""post_type"": ""trade_share"", ""title"": ""다시 한번 손절 라인 확인... 추격 매수는 절대 안 됨!"", ""like_count"": 0, ""unlike_count"": 0, ""score"": 0}, {""post_id"": 55, ""anonymous_code"": ""곰-5671"", ""post_type"": ""trade_share"", ""title"": ""지정학적 공포에 팔았던 저점을 다시 샀습니다. (삼성전자)"", ""like_count"": 0, ""unlike_count"": 0, ""score"": 0}, {""post_id"": 56, ""anonymous_code"": ""늑대-3694"", ""post_type"": ""profit_share"", ""title"": ""10% 수익 원칙 지키며 매도 완료! 반도체 반등 주시 중"", ""like_count"": 0, ""unlike_count"": 0, ""score"": 0}]"
RN_COMM_ON_20260917,2026-03-05,8,A051,1,5,14,"[43, 44, 45, 46, 47, 48, 49, 50, 51, 52, 53, 54, 55, 56]","[{""post_id"": 43, ""anonymous_code"": ""사자-8925"", ""post_type"": ""trade_share"", ""title"": ""반등 확인 후 상승 추세를 믿고 비중 확대했습니다."", ""like_count"": 0, ""unlike_count"": 0, ""score"": 0}, {""post_id"": 44, ""anonymous_code"": ""황소-1620"", ""post_type"": ""profit_share"", ""title"": ""급반등에 팔아치웠습니다. 원칙이 살아있네요."", ""like_count"": 0, ""unlike_count"": 0, ""score"": 0}, {""post_id"": 45, ""anonymous_code"": ""돌고래-2979"", ""post_type"": ""trade_share"", ""title"": ""V자 반등에 다시 한 번 걸었습니다. (삼성전자)"", ""like_count"": 0, ""unlike_count"": 0, ""score"": 0}, {""post_id"": 46, ""anonymous_code"": ""황소-4770"", ""post_type"": ""trade_share"", ""title"": ""나락가는 줄 알았는데... 다시 매수했습니다."", ""like_count"": 0, ""unlike_count"": 0, ""score"": 0}, {""post_id"": 47, ""anonymous_code"": ""곰-8551"", ""post_type"": ""trade_share"", ""title"": ""반도체 섹터 반등 확인! 오늘 삼성전자로 다시 진입했습니다."", ""like_count"": 0, ""unlike_count"": 0, ""score"": 0}, {""post_id"": 48, ""anonymous_code"": ""황소-4980"", ""post_type"": ""trade_share"", ""title"": ""떨리는 손으로 매수했습니다. (삼성전자)"", ""like_count"": 0, ""unlike_count"": 0, ""score"": 0}, {""post_id"": 49, ""anonymous_code"": ""여우-1683"", ""post_type"": ""profit_share"", ""title"": ""급등장에 전량 매도, 손실 확정... 원칙의 한계를 다시 씁니다."", ""like_count"": 0, ""unlike_count"": 0, ""score"": 0}, {""post_id"": 50, ""anonymous_code"": ""독수리-9332"", ""post_type"": ""profit_share"", ""title"": ""10% 수익 확정! 물타기 전략의 승리 (삼성전자)"", ""like_count"": 0, ""unlike_count"": 0, ""score"": 0}, {""post_id"": 51, ""anonymous_code"": ""황소-6990"", ""post_type"": ""trade_share"", ""title"": ""11% 수익 놓치고 매도... 타이밍 조절이 핵심이네요."", ""like_count"": 0, ""unlike_count"": 0, ""score"": 0}, {""post_id"": 52, ""anonymous_code"": ""펭귄-5408"", ""post_type"": ""profit_share"", ""title"": ""급등장에 팔아치웠습니다. 수익 10% 넘으면 바로 손절 (이익)!"", ""like_count"": 0, ""unlike_count"": 0, ""score"": 0}, {""post_id"": 53, ""anonymous_code"": ""독수리-1692"", ""post_type"": ""trade_share"", ""title"": ""19 만 원대 진입 완료... 이번엔 잡지 않겠습니다."", ""like_count"": 0, ""unlike_count"": 0, ""score"": 0}, {""post_id"": 54, ""anonymous_code"": ""독수리-6722"", ""post_type"": ""trade_share"", ""title"": ""다시 한번 손절 라인 확인... 추격 매수는 절대 안 됨!"", ""like_count"": 0, ""unlike_count"": 0, ""score"": 0}, {""post_id"": 55, ""anonymous_code"": ""곰-5671"", ""post_type"": ""trade_share"", ""title"": ""지정학적 공포에 팔았던 저점을 다시 샀습니다. (삼성전자)"", ""like_count"": 0, ""unlike_count"": 0, ""score"": 0}, {""post_id"": 56, ""anonymous_code"": ""늑대-3694"", ""post_type"": ""profit_share"", ""title"": ""10% 수익 원칙 지키며 매도 완료! 반도체 반등 주시 중"", ""like_count"": 0, ""unlike_count"": 0, ""score"": 0}]"
RN_COMM_ON_20260917,2026-03-05,8,A053,2,5,14,"[43, 44, 45, 46, 47, 48, 49, 50, 51, 52, 53, 54, 55, 56]","[{""post_id"": 43, ""anonymous_code"": ""사자-8925"", ""post_type"": ""trade_share"", ""title"": ""반등 확인 후 상승 추세를 믿고 비중 확대했습니다."", ""like_count"": 0, ""unlike_count"": 0, ""score"": 0}, {""post_id"": 44, ""anonymous_code"": ""황소-1620"", ""post_type"": ""profit_share"", ""title"": ""급반등에 팔아치웠습니다. 원칙이 살아있네요."", ""like_count"": 0, ""unlike_count"": 0, ""score"": 0}, {""post_id"": 45, ""anonymous_code"": ""돌고래-2979"", ""post_type"": ""trade_share"", ""title"": ""V자 반등에 다시 한 번 걸었습니다. (삼성전자)"", ""like_count"": 0, ""unlike_count"": 0, ""score"": 0}, {""post_id"": 46, ""anonymous_code"": ""황소-4770"", ""post_type"": ""trade_share"", ""title"": ""나락가는 줄 알았는데... 다시 매수했습니다."", ""like_count"": 0, ""unlike_count"": 0, ""score"": 0}, {""post_id"": 47, ""anonymous_code"": ""곰-8551"", ""post_type"": ""trade_share"", ""title"": ""반도체 섹터 반등 확인! 오늘 삼성전자로 다시 진입했습니다."", ""like_count"": 0, ""unlike_count"": 0, ""score"": 0}, {""post_id"": 48, ""anonymous_code"": ""황소-4980"", ""post_type"": ""trade_share"", ""title"": ""떨리는 손으로 매수했습니다. (삼성전자)"", ""like_count"": 0, ""unlike_count"": 0, ""score"": 0}, {""post_id"": 49, ""anonymous_code"": ""여우-1683"", ""post_type"": ""profit_share"", ""title"": ""급등장에 전량 매도, 손실 확정... 원칙의 한계를 다시 씁니다."", ""like_count"": 0, ""unlike_count"": 0, ""score"": 0}, {""post_id"": 50, ""anonymous_code"": ""독수리-9332"", ""post_type"": ""profit_share"", ""title"": ""10% 수익 확정! 물타기 전략의 승리 (삼성전자)"", ""like_count"": 0, ""unlike_count"": 0, ""score"": 0}, {""post_id"": 51, ""anonymous_code"": ""황소-6990"", ""post_type"": ""trade_share"", ""title"": ""11% 수익 놓치고 매도... 타이밍 조절이 핵심이네요."", ""like_count"": 0, ""unlike_count"": 0, ""score"": 0}, {""post_id"": 52, ""anonymous_code"": ""펭귄-5408"", ""post_type"": ""profit_share"", ""title"": ""급등장에 팔아치웠습니다. 수익 10% 넘으면 바로 손절 (이익)!"", ""like_count"": 0, ""unlike_count"": 0, ""score"": 0}, {""post_id"": 53, ""anonymous_code"": ""독수리-1692"", ""post_type"": ""trade_share"", ""title"": ""19 만 원대 진입 완료... 이번엔 잡지 않겠습니다."", ""like_count"": 0, ""unlike_count"": 0, ""score"": 0}, {""post_id"": 54, ""anonymous_code"": ""독수리-6722"", ""post_type"": ""trade_share"", ""title"": ""다시 한번 손절 라인 확인... 추격 매수는 절대 안 됨!"", ""like_count"": 0, ""unlike_count"": 0, ""score"": 0}, {""post_id"": 55, ""anonymous_code"": ""곰-5671"", ""post_type"": ""trade_share"", ""title"": ""지정학적 공포에 팔았던 저점을 다시 샀습니다. (삼성전자)"", ""like_count"": 0, ""unlike_count"": 0, ""score"": 0}, {""post_id"": 56, ""anonymous_code"": ""늑대-3694"", ""post_type"": ""profit_share"", ""title"": ""10% 수익 원칙 지키며 매도 완료! 반도체 반등 주시 중"", ""like_count"": 0, ""unlike_count"": 0, ""score"": 0}]"
RN_COMM_ON_20260917,2026-03-05,8,A055,2,5,13,"[43, 44, 45, 46, 47, 49, 50, 51, 52, 53, 54, 55, 56]","[{""post_id"": 43, ""anonymous_code"": ""사자-8925"", ""post_type"": ""trade_share"", ""title"": ""반등 확인 후 상승 추세를 믿고 비중 확대했습니다."", ""like_count"": 0, ""unlike_count"": 0, ""score"": 0}, {""post_id"": 44, ""anonymous_code"": ""황소-1620"", ""post_type"": ""profit_share"", ""title"": ""급반등에 팔아치웠습니다. 원칙이 살아있네요."", ""like_count"": 0, ""unlike_count"": 0, ""score"": 0}, {""post_id"": 45, ""anonymous_code"": ""돌고래-2979"", ""post_type"": ""trade_share"", ""title"": ""V자 반등에 다시 한 번 걸었습니다. (삼성전자)"", ""like_count"": 0, ""unlike_count"": 0, ""score"": 0}, {""post_id"": 46, ""anonymous_code"": ""황소-4770"", ""post_type"": ""trade_share"", ""title"": ""나락가는 줄 알았는데... 다시 매수했습니다."", ""like_count"": 0, ""unlike_count"": 0, ""score"": 0}, {""post_id"": 47, ""anonymous_code"": ""곰-8551"", ""post_type"": ""trade_share"", ""title"": ""반도체 섹터 반등 확인! 오늘 삼성전자로 다시 진입했습니다."", ""like_count"": 0, ""unlike_count"": 0, ""score"": 0}, {""post_id"": 49, ""anonymous_code"": ""여우-1683"", ""post_type"": ""profit_share"", ""title"": ""급등장에 전량 매도, 손실 확정... 원칙의 한계를 다시 씁니다."", ""like_count"": 0, ""unlike_count"": 0, ""score"": 0}, {""post_id"": 50, ""anonymous_code"": ""독수리-9332"", ""post_type"": ""profit_share"", ""title"": ""10% 수익 확정! 물타기 전략의 승리 (삼성전자)"", ""like_count"": 0, ""unlike_count"": 0, ""score"": 0}, {""post_id"": 51, ""anonymous_code"": ""황소-6990"", ""post_type"": ""trade_share"", ""title"": ""11% 수익 놓치고 매도... 타이밍 조절이 핵심이네요."", ""like_count"": 0, ""unlike_count"": 0, ""score"": 0}, {""post_id"": 52, ""anonymous_code"": ""펭귄-5408"", ""post_type"": ""profit_share"", ""title"": ""급등장에 팔아치웠습니다. 수익 10% 넘으면 바로 손절 (이익)!"", ""like_count"": 0, ""unlike_count"": 0, ""score"": 0}, {""post_id"": 53, ""anonymous_code"": ""독수리-1692"", ""post_type"": ""trade_share"", ""title"": ""19 만 원대 진입 완료... 이번엔 잡지 않겠습니다."", ""like_count"": 0, ""unlike_count"": 0, ""score"": 0}, {""post_id"": 54, ""anonymous_code"": ""독수리-6722"", ""post_type"": ""trade_share"", ""title"": ""다시 한번 손절 라인 확인... 추격 매수는 절대 안 됨!"", ""like_count"": 0, ""unlike_count"": 0, ""score"": 0}, {""post_id"": 55, ""anonymous_code"": ""곰-5671"", ""post_type"": ""trade_share"", ""title"": ""지정학적 공포에 팔았던 저점을 다시 샀습니다. (삼성전자)"", ""like_count"": 0, ""unlike_count"": 0, ""score"": 0}, {""post_id"": 56, ""anonymous_code"": ""늑대-3694"", ""post_type"": ""profit_share"", ""title"": ""10% 수익 원칙 지키며 매도 완료! 반도체 반등 주시 중"", ""like_count"": 0, ""unlike_count"": 0, ""score"": 0}]"
RN_COMM_ON_20260917,2026-03-05,8,A054,1,5,14,"[43, 44, 45, 46, 47, 48, 49, 50, 51, 52, 53, 54, 55, 56]","[{""post_id"": 43, ""anonymous_code"": ""사자-8925"", ""post_type"": ""trade_share"", ""title"": ""반등 확인 후 상승 추세를 믿고 비중 확대했습니다."", ""like_count"": 0, ""unlike_count"": 0, ""score"": 0}, {""post_id"": 44, ""anonymous_code"": ""황소-1620"", ""post_type"": ""profit_share"", ""title"": ""급반등에 팔아치웠습니다. 원칙이 살아있네요."", ""like_count"": 0, ""unlike_count"": 0, ""score"": 0}, {""post_id"": 45, ""anonymous_code"": ""돌고래-2979"", ""post_type"": ""trade_share"", ""title"": ""V자 반등에 다시 한 번 걸었습니다. (삼성전자)"", ""like_count"": 0, ""unlike_count"": 0, ""score"": 0}, {""post_id"": 46, ""anonymous_code"": ""황소-4770"", ""post_type"": ""trade_share"", ""title"": ""나락가는 줄 알았는데... 다시 매수했습니다."", ""like_count"": 0, ""unlike_count"": 0, ""score"": 0}, {""post_id"": 47, ""anonymous_code"": ""곰-8551"", ""post_type"": ""trade_share"", ""title"": ""반도체 섹터 반등 확인! 오늘 삼성전자로 다시 진입했습니다."", ""like_count"": 0, ""unlike_count"": 0, ""score"": 0}, {""post_id"": 48, ""anonymous_code"": ""황소-4980"", ""post_type"": ""trade_share"", ""title"": ""떨리는 손으로 매수했습니다. (삼성전자)"", ""like_count"": 0, ""unlike_count"": 0, ""score"": 0}, {""post_id"": 49, ""anonymous_code"": ""여우-1683"", ""post_type"": ""profit_share"", ""title"": ""급등장에 전량 매도, 손실 확정... 원칙의 한계를 다시 씁니다."", ""like_count"": 0, ""unlike_count"": 0, ""score"": 0}, {""post_id"": 50, ""anonymous_code"": ""독수리-9332"", ""post_type"": ""profit_share"", ""title"": ""10% 수익 확정! 물타기 전략의 승리 (삼성전자)"", ""like_count"": 0, ""unlike_count"": 0, ""score"": 0}, {""post_id"": 51, ""anonymous_code"": ""황소-6990"", ""post_type"": ""trade_share"", ""title"": ""11% 수익 놓치고 매도... 타이밍 조절이 핵심이네요."", ""like_count"": 0, ""unlike_count"": 0, ""score"": 0}, {""post_id"": 52, ""anonymous_code"": ""펭귄-5408"", ""post_type"": ""profit_share"", ""title"": ""급등장에 팔아치웠습니다. 수익 10% 넘으면 바로 손절 (이익)!"", ""like_count"": 0, ""unlike_count"": 0, ""score"": 0}, {""post_id"": 53, ""anonymous_code"": ""독수리-1692"", ""post_type"": ""trade_share"", ""title"": ""19 만 원대 진입 완료... 이번엔 잡지 않겠습니다."", ""like_count"": 0, ""unlike_count"": 0, ""score"": 0}, {""post_id"": 54, ""anonymous_code"": ""독수리-6722"", ""post_type"": ""trade_share"", ""title"": ""다시 한번 손절 라인 확인... 추격 매수는 절대 안 됨!"", ""like_count"": 0, ""unlike_count"": 0, ""score"": 0}, {""post_id"": 55, ""anonymous_code"": ""곰-5671"", ""post_type"": ""trade_share"", ""title"": ""지정학적 공포에 팔았던 저점을 다시 샀습니다. (삼성전자)"", ""like_count"": 0, ""unlike_count"": 0, ""score"": 0}, {""post_id"": 56, ""anonymous_code"": ""늑대-3694"", ""post_type"": ""profit_share"", ""title"": ""10% 수익 원칙 지키며 매도 완료! 반도체 반등 주시 중"", ""like_count"": 0, ""unlike_count"": 0, ""score"": 0}]"
RN_COMM_ON_20260917,2026-03-05,8,A056,1,5,13,"[43, 44, 45, 46, 47, 48, 50, 51, 52, 53, 54, 55, 56]","[{""post_id"": 43, ""anonymous_code"": ""사자-8925"", ""post_type"": ""trade_share"", ""title"": ""반등 확인 후 상승 추세를 믿고 비중 확대했습니다."", ""like_count"": 0, ""unlike_count"": 0, ""score"": 0}, {""post_id"": 44, ""anonymous_code"": ""황소-1620"", ""post_type"": ""profit_share"", ""title"": ""급반등에 팔아치웠습니다. 원칙이 살아있네요."", ""like_count"": 0, ""unlike_count"": 0, ""score"": 0}, {""post_id"": 45, ""anonymous_code"": ""돌고래-2979"", ""post_type"": ""trade_share"", ""title"": ""V자 반등에 다시 한 번 걸었습니다. (삼성전자)"", ""like_count"": 0, ""unlike_count"": 0, ""score"": 0}, {""post_id"": 46, ""anonymous_code"": ""황소-4770"", ""post_type"": ""trade_share"", ""title"": ""나락가는 줄 알았는데... 다시 매수했습니다."", ""like_count"": 0, ""unlike_count"": 0, ""score"": 0}, {""post_id"": 47, ""anonymous_code"": ""곰-8551"", ""post_type"": ""trade_share"", ""title"": ""반도체 섹터 반등 확인! 오늘 삼성전자로 다시 진입했습니다."", ""like_count"": 0, ""unlike_count"": 0, ""score"": 0}, {""post_id"": 48, ""anonymous_code"": ""황소-4980"", ""post_type"": ""trade_share"", ""title"": ""떨리는 손으로 매수했습니다. (삼성전자)"", ""like_count"": 0, ""unlike_count"": 0, ""score"": 0}, {""post_id"": 50, ""anonymous_code"": ""독수리-9332"", ""post_type"": ""profit_share"", ""title"": ""10% 수익 확정! 물타기 전략의 승리 (삼성전자)"", ""like_count"": 0, ""unlike_count"": 0, ""score"": 0}, {""post_id"": 51, ""anonymous_code"": ""황소-6990"", ""post_type"": ""trade_share"", ""title"": ""11% 수익 놓치고 매도... 타이밍 조절이 핵심이네요."", ""like_count"": 0, ""unlike_count"": 0, ""score"": 0}, {""post_id"": 52, ""anonymous_code"": ""펭귄-5408"", ""post_type"": ""profit_share"", ""title"": ""급등장에 팔아치웠습니다. 수익 10% 넘으면 바로 손절 (이익)!"", ""like_count"": 0, ""unlike_count"": 0, ""score"": 0}, {""post_id"": 53, ""anonymous_code"": ""독수리-1692"", ""post_type"": ""trade_share"", ""title"": ""19 만 원대 진입 완료... 이번엔 잡지 않겠습니다."", ""like_count"": 0, ""unlike_count"": 0, ""score"": 0}, {""post_id"": 54, ""anonymous_code"": ""독수리-6722"", ""post_type"": ""trade_share"", ""title"": ""다시 한번 손절 라인 확인... 추격 매수는 절대 안 됨!"", ""like_count"": 0, ""unlike_count"": 0, ""score"": 0}, {""post_id"": 55, ""anonymous_code"": ""곰-5671"", ""post_type"": ""trade_share"", ""title"": ""지정학적 공포에 팔았던 저점을 다시 샀습니다. (삼성전자)"", ""like_count"": 0, ""unlike_count"": 0, ""score"": 0}, {""post_id"": 56, ""anonymous_code"": ""늑대-3694"", ""post_type"": ""profit_share"", ""title"": ""10% 수익 원칙 지키며 매도 완료! 반도체 반등 주시 중"", ""like_count"": 0, ""unlike_count"": 0, ""score"": 0}]"
RN_COMM_ON_20260917,2026-03-05,8,A058,2,5,13,"[43, 44, 45, 46, 47, 48, 49, 51, 52, 53, 54, 55, 56]","[{""post_id"": 43, ""anonymous_code"": ""사자-8925"", ""post_type"": ""trade_share"", ""title"": ""반등 확인 후 상승 추세를 믿고 비중 확대했습니다."", ""like_count"": 0, ""unlike_count"": 0, ""score"": 0}, {""post_id"": 44, ""anonymous_code"": ""황소-1620"", ""post_type"": ""profit_share"", ""title"": ""급반등에 팔아치웠습니다. 원칙이 살아있네요."", ""like_count"": 0, ""unlike_count"": 0, ""score"": 0}, {""post_id"": 45, ""anonymous_code"": ""돌고래-2979"", ""post_type"": ""trade_share"", ""title"": ""V자 반등에 다시 한 번 걸었습니다. (삼성전자)"", ""like_count"": 0, ""unlike_count"": 0, ""score"": 0}, {""post_id"": 46, ""anonymous_code"": ""황소-4770"", ""post_type"": ""trade_share"", ""title"": ""나락가는 줄 알았는데... 다시 매수했습니다."", ""like_count"": 0, ""unlike_count"": 0, ""score"": 0}, {""post_id"": 47, ""anonymous_code"": ""곰-8551"", ""post_type"": ""trade_share"", ""title"": ""반도체 섹터 반등 확인! 오늘 삼성전자로 다시 진입했습니다."", ""like_count"": 0, ""unlike_count"": 0, ""score"": 0}, {""post_id"": 48, ""anonymous_code"": ""황소-4980"", ""post_type"": ""trade_share"", ""title"": ""떨리는 손으로 매수했습니다. (삼성전자)"", ""like_count"": 0, ""unlike_count"": 0, ""score"": 0}, {""post_id"": 49, ""anonymous_code"": ""여우-1683"", ""post_type"": ""profit_share"", ""title"": ""급등장에 전량 매도, 손실 확정... 원칙의 한계를 다시 씁니다."", ""like_count"": 0, ""unlike_count"": 0, ""score"": 0}, {""post_id"": 51, ""anonymous_code"": ""황소-6990"", ""post_type"": ""trade_share"", ""title"": ""11% 수익 놓치고 매도... 타이밍 조절이 핵심이네요."", ""like_count"": 0, ""unlike_count"": 0, ""score"": 0}, {""post_id"": 52, ""anonymous_code"": ""펭귄-5408"", ""post_type"": ""profit_share"", ""title"": ""급등장에 팔아치웠습니다. 수익 10% 넘으면 바로 손절 (이익)!"", ""like_count"": 0, ""unlike_count"": 0, ""score"": 0}, {""post_id"": 53, ""anonymous_code"": ""독수리-1692"", ""post_type"": ""trade_share"", ""title"": ""19 만 원대 진입 완료... 이번엔 잡지 않겠습니다."", ""like_count"": 0, ""unlike_count"": 0, ""score"": 0}, {""post_id"": 54, ""anonymous_code"": ""독수리-6722"", ""post_type"": ""trade_share"", ""title"": ""다시 한번 손절 라인 확인... 추격 매수는 절대 안 됨!"", ""like_count"": 0, ""unlike_count"": 0, ""score"": 0}, {""post_id"": 55, ""anonymous_code"": ""곰-5671"", ""post_type"": ""trade_share"", ""title"": ""지정학적 공포에 팔았던 저점을 다시 샀습니다. (삼성전자)"", ""like_count"": 0, ""unlike_count"": 0, ""score"": 0}, {""post_id"": 56, ""anonymous_code"": ""늑대-3694"", ""post_type"": ""profit_share"", ""title"": ""10% 수익 원칙 지키며 매도 완료! 반도체 반등 주시 중"", ""like_count"": 0, ""unlike_count"": 0, ""score"": 0}]"
RN_COMM_ON_20260917,2026-03-05,8,A059,2,5,14,"[43, 44, 45, 46, 47, 48, 49, 50, 51, 52, 53, 54, 55, 56]","[{""post_id"": 43, ""anonymous_code"": ""사자-8925"", ""post_type"": ""trade_share"", ""title"": ""반등 확인 후 상승 추세를 믿고 비중 확대했습니다."", ""like_count"": 0, ""unlike_count"": 0, ""score"": 0}, {""post_id"": 44, ""anonymous_code"": ""황소-1620"", ""post_type"": ""profit_share"", ""title"": ""급반등에 팔아치웠습니다. 원칙이 살아있네요."", ""like_count"": 0, ""unlike_count"": 0, ""score"": 0}, {""post_id"": 45, ""anonymous_code"": ""돌고래-2979"", ""post_type"": ""trade_share"", ""title"": ""V자 반등에 다시 한 번 걸었습니다. (삼성전자)"", ""like_count"": 0, ""unlike_count"": 0, ""score"": 0}, {""post_id"": 46, ""anonymous_code"": ""황소-4770"", ""post_type"": ""trade_share"", ""title"": ""나락가는 줄 알았는데... 다시 매수했습니다."", ""like_count"": 0, ""unlike_count"": 0, ""score"": 0}, {""post_id"": 47, ""anonymous_code"": ""곰-8551"", ""post_type"": ""trade_share"", ""title"": ""반도체 섹터 반등 확인! 오늘 삼성전자로 다시 진입했습니다."", ""like_count"": 0, ""unlike_count"": 0, ""score"": 0}, {""post_id"": 48, ""anonymous_code"": ""황소-4980"", ""post_type"": ""trade_share"", ""title"": ""떨리는 손으로 매수했습니다. (삼성전자)"", ""like_count"": 0, ""unlike_count"": 0, ""score"": 0}, {""post_id"": 49, ""anonymous_code"": ""여우-1683"", ""post_type"": ""profit_share"", ""title"": ""급등장에 전량 매도, 손실 확정... 원칙의 한계를 다시 씁니다."", ""like_count"": 0, ""unlike_count"": 0, ""score"": 0}, {""post_id"": 50, ""anonymous_code"": ""독수리-9332"", ""post_type"": ""profit_share"", ""title"": ""10% 수익 확정! 물타기 전략의 승리 (삼성전자)"", ""like_count"": 0, ""unlike_count"": 0, ""score"": 0}, {""post_id"": 51, ""anonymous_code"": ""황소-6990"", ""post_type"": ""trade_share"", ""title"": ""11% 수익 놓치고 매도... 타이밍 조절이 핵심이네요."", ""like_count"": 0, ""unlike_count"": 0, ""score"": 0}, {""post_id"": 52, ""anonymous_code"": ""펭귄-5408"", ""post_type"": ""profit_share"", ""title"": ""급등장에 팔아치웠습니다. 수익 10% 넘으면 바로 손절 (이익)!"", ""like_count"": 0, ""unlike_count"": 0, ""score"": 0}, {""post_id"": 53, ""anonymous_code"": ""독수리-1692"", ""post_type"": ""trade_share"", ""title"": ""19 만 원대 진입 완료... 이번엔 잡지 않겠습니다."", ""like_count"": 0, ""unlike_count"": 0, ""score"": 0}, {""post_id"": 54, ""anonymous_code"": ""독수리-6722"", ""post_type"": ""trade_share"", ""title"": ""다시 한번 손절 라인 확인... 추격 매수는 절대 안 됨!"", ""like_count"": 0, ""unlike_count"": 0, ""score"": 0}, {""post_id"": 55, ""anonymous_code"": ""곰-5671"", ""post_type"": ""trade_share"", ""title"": ""지정학적 공포에 팔았던 저점을 다시 샀습니다. (삼성전자)"", ""like_count"": 0, ""unlike_count"": 0, ""score"": 0}, {""post_id"": 56, ""anonymous_code"": ""늑대-3694"", ""post_type"": ""profit_share"", ""title"": ""10% 수익 원칙 지키며 매도 완료! 반도체 반등 주시 중"", ""like_count"": 0, ""unlike_count"": 0, ""score"": 0}]"
RN_COMM_ON_20260917,2026-03-05,8,A061,1,5,14,"[43, 44, 45, 46, 47, 48, 49, 50, 51, 52, 53, 54, 55, 56]","[{""post_id"": 43, ""anonymous_code"": ""사자-8925"", ""post_type"": ""trade_share"", ""title"": ""반등 확인 후 상승 추세를 믿고 비중 확대했습니다."", ""like_count"": 0, ""unlike_count"": 0, ""score"": 0}, {""post_id"": 44, ""anonymous_code"": ""황소-1620"", ""post_type"": ""profit_share"", ""title"": ""급반등에 팔아치웠습니다. 원칙이 살아있네요."", ""like_count"": 0, ""unlike_count"": 0, ""score"": 0}, {""post_id"": 45, ""anonymous_code"": ""돌고래-2979"", ""post_type"": ""trade_share"", ""title"": ""V자 반등에 다시 한 번 걸었습니다. (삼성전자)"", ""like_count"": 0, ""unlike_count"": 0, ""score"": 0}, {""post_id"": 46, ""anonymous_code"": ""황소-4770"", ""post_type"": ""trade_share"", ""title"": ""나락가는 줄 알았는데... 다시 매수했습니다."", ""like_count"": 0, ""unlike_count"": 0, ""score"": 0}, {""post_id"": 47, ""anonymous_code"": ""곰-8551"", ""post_type"": ""trade_share"", ""title"": ""반도체 섹터 반등 확인! 오늘 삼성전자로 다시 진입했습니다."", ""like_count"": 0, ""unlike_count"": 0, ""score"": 0}, {""post_id"": 48, ""anonymous_code"": ""황소-4980"", ""post_type"": ""trade_share"", ""title"": ""떨리는 손으로 매수했습니다. (삼성전자)"", ""like_count"": 0, ""unlike_count"": 0, ""score"": 0}, {""post_id"": 49, ""anonymous_code"": ""여우-1683"", ""post_type"": ""profit_share"", ""title"": ""급등장에 전량 매도, 손실 확정... 원칙의 한계를 다시 씁니다."", ""like_count"": 0, ""unlike_count"": 0, ""score"": 0}, {""post_id"": 50, ""anonymous_code"": ""독수리-9332"", ""post_type"": ""profit_share"", ""title"": ""10% 수익 확정! 물타기 전략의 승리 (삼성전자)"", ""like_count"": 0, ""unlike_count"": 0, ""score"": 0}, {""post_id"": 51, ""anonymous_code"": ""황소-6990"", ""post_type"": ""trade_share"", ""title"": ""11% 수익 놓치고 매도... 타이밍 조절이 핵심이네요."", ""like_count"": 0, ""unlike_count"": 0, ""score"": 0}, {""post_id"": 52, ""anonymous_code"": ""펭귄-5408"", ""post_type"": ""profit_share"", ""title"": ""급등장에 팔아치웠습니다. 수익 10% 넘으면 바로 손절 (이익)!"", ""like_count"": 0, ""unlike_count"": 0, ""score"": 0}, {""post_id"": 53, ""anonymous_code"": ""독수리-1692"", ""post_type"": ""trade_share"", ""title"": ""19 만 원대 진입 완료... 이번엔 잡지 않겠습니다."", ""like_count"": 0, ""unlike_count"": 0, ""score"": 0}, {""post_id"": 54, ""anonymous_code"": ""독수리-6722"", ""post_type"": ""trade_share"", ""title"": ""다시 한번 손절 라인 확인... 추격 매수는 절대 안 됨!"", ""like_count"": 0, ""unlike_count"": 0, ""score"": 0}, {""post_id"": 55, ""anonymous_code"": ""곰-5671"", ""post_type"": ""trade_share"", ""title"": ""지정학적 공포에 팔았던 저점을 다시 샀습니다. (삼성전자)"", ""like_count"": 0, ""unlike_count"": 0, ""score"": 0}, {""post_id"": 56, ""anonymous_code"": ""늑대-3694"", ""post_type"": ""profit_share"", ""title"": ""10% 수익 원칙 지키며 매도 완료! 반도체 반등 주시 중"", ""like_count"": 0, ""unlike_count"": 0, ""score"": 0}]"
RN_COMM_ON_20260917,2026-03-05,8,A063,1,5,14,"[43, 44, 45, 46, 47, 48, 49, 50, 51, 52, 53, 54, 55, 56]","[{""post_id"": 43, ""anonymous_code"": ""사자-8925"", ""post_type"": ""trade_share"", ""title"": ""반등 확인 후 상승 추세를 믿고 비중 확대했습니다."", ""like_count"": 0, ""unlike_count"": 0, ""score"": 0}, {""post_id"": 44, ""anonymous_code"": ""황소-1620"", ""post_type"": ""profit_share"", ""title"": ""급반등에 팔아치웠습니다. 원칙이 살아있네요."", ""like_count"": 0, ""unlike_count"": 0, ""score"": 0}, {""post_id"": 45, ""anonymous_code"": ""돌고래-2979"", ""post_type"": ""trade_share"", ""title"": ""V자 반등에 다시 한 번 걸었습니다. (삼성전자)"", ""like_count"": 0, ""unlike_count"": 0, ""score"": 0}, {""post_id"": 46, ""anonymous_code"": ""황소-4770"", ""post_type"": ""trade_share"", ""title"": ""나락가는 줄 알았는데... 다시 매수했습니다."", ""like_count"": 0, ""unlike_count"": 0, ""score"": 0}, {""post_id"": 47, ""anonymous_code"": ""곰-8551"", ""post_type"": ""trade_share"", ""title"": ""반도체 섹터 반등 확인! 오늘 삼성전자로 다시 진입했습니다."", ""like_count"": 0, ""unlike_count"": 0, ""score"": 0}, {""post_id"": 48, ""anonymous_code"": ""황소-4980"", ""post_type"": ""trade_share"", ""title"": ""떨리는 손으로 매수했습니다. (삼성전자)"", ""like_count"": 0, ""unlike_count"": 0, ""score"": 0}, {""post_id"": 49, ""anonymous_code"": ""여우-1683"", ""post_type"": ""profit_share"", ""title"": ""급등장에 전량 매도, 손실 확정... 원칙의 한계를 다시 씁니다."", ""like_count"": 0, ""unlike_count"": 0, ""score"": 0}, {""post_id"": 50, ""anonymous_code"": ""독수리-9332"", ""post_type"": ""profit_share"", ""title"": ""10% 수익 확정! 물타기 전략의 승리 (삼성전자)"", ""like_count"": 0, ""unlike_count"": 0, ""score"": 0}, {""post_id"": 51, ""anonymous_code"": ""황소-6990"", ""post_type"": ""trade_share"", ""title"": ""11% 수익 놓치고 매도... 타이밍 조절이 핵심이네요."", ""like_count"": 0, ""unlike_count"": 0, ""score"": 0}, {""post_id"": 52, ""anonymous_code"": ""펭귄-5408"", ""post_type"": ""profit_share"", ""title"": ""급등장에 팔아치웠습니다. 수익 10% 넘으면 바로 손절 (이익)!"", ""like_count"": 0, ""unlike_count"": 0, ""score"": 0}, {""post_id"": 53, ""anonymous_code"": ""독수리-1692"", ""post_type"": ""trade_share"", ""title"": ""19 만 원대 진입 완료... 이번엔 잡지 않겠습니다."", ""like_count"": 0, ""unlike_count"": 0, ""score"": 0}, {""post_id"": 54, ""anonymous_code"": ""독수리-6722"", ""post_type"": ""trade_share"", ""title"": ""다시 한번 손절 라인 확인... 추격 매수는 절대 안 됨!"", ""like_count"": 0, ""unlike_count"": 0, ""score"": 0}, {""post_id"": 55, ""anonymous_code"": ""곰-5671"", ""post_type"": ""trade_share"", ""title"": ""지정학적 공포에 팔았던 저점을 다시 샀습니다. (삼성전자)"", ""like_count"": 0, ""unlike_count"": 0, ""score"": 0}, {""post_id"": 56, ""anonymous_code"": ""늑대-3694"", ""post_type"": ""profit_share"", ""title"": ""10% 수익 원칙 지키며 매도 완료! 반도체 반등 주시 중"", ""like_count"": 0, ""unlike_count"": 0, ""score"": 0}]"
RN_COMM_ON_20260917,2026-03-05,8,A066,1,5,14,"[43, 44, 45, 46, 47, 48, 49, 50, 51, 52, 53, 54, 55, 56]","[{""post_id"": 43, ""anonymous_code"": ""사자-8925"", ""post_type"": ""trade_share"", ""title"": ""반등 확인 후 상승 추세를 믿고 비중 확대했습니다."", ""like_count"": 0, ""unlike_count"": 0, ""score"": 0}, {""post_id"": 44, ""anonymous_code"": ""황소-1620"", ""post_type"": ""profit_share"", ""title"": ""급반등에 팔아치웠습니다. 원칙이 살아있네요."", ""like_count"": 0, ""unlike_count"": 0, ""score"": 0}, {""post_id"": 45, ""anonymous_code"": ""돌고래-2979"", ""post_type"": ""trade_share"", ""title"": ""V자 반등에 다시 한 번 걸었습니다. (삼성전자)"", ""like_count"": 0, ""unlike_count"": 0, ""score"": 0}, {""post_id"": 46, ""anonymous_code"": ""황소-4770"", ""post_type"": ""trade_share"", ""title"": ""나락가는 줄 알았는데... 다시 매수했습니다."", ""like_count"": 0, ""unlike_count"": 0, ""score"": 0}, {""post_id"": 47, ""anonymous_code"": ""곰-8551"", ""post_type"": ""trade_share"", ""title"": ""반도체 섹터 반등 확인! 오늘 삼성전자로 다시 진입했습니다."", ""like_count"": 0, ""unlike_count"": 0, ""score"": 0}, {""post_id"": 48, ""anonymous_code"": ""황소-4980"", ""post_type"": ""trade_share"", ""title"": ""떨리는 손으로 매수했습니다. (삼성전자)"", ""like_count"": 0, ""unlike_count"": 0, ""score"": 0}, {""post_id"": 49, ""anonymous_code"": ""여우-1683"", ""post_type"": ""profit_share"", ""title"": ""급등장에 전량 매도, 손실 확정... 원칙의 한계를 다시 씁니다."", ""like_count"": 0, ""unlike_count"": 0, ""score"": 0}, {""post_id"": 50, ""anonymous_code"": ""독수리-9332"", ""post_type"": ""profit_share"", ""title"": ""10% 수익 확정! 물타기 전략의 승리 (삼성전자)"", ""like_count"": 0, ""unlike_count"": 0, ""score"": 0}, {""post_id"": 51, ""anonymous_code"": ""황소-6990"", ""post_type"": ""trade_share"", ""title"": ""11% 수익 놓치고 매도... 타이밍 조절이 핵심이네요."", ""like_count"": 0, ""unlike_count"": 0, ""score"": 0}, {""post_id"": 52, ""anonymous_code"": ""펭귄-5408"", ""post_type"": ""profit_share"", ""title"": ""급등장에 팔아치웠습니다. 수익 10% 넘으면 바로 손절 (이익)!"", ""like_count"": 0, ""unlike_count"": 0, ""score"": 0}, {""post_id"": 53, ""anonymous_code"": ""독수리-1692"", ""post_type"": ""trade_share"", ""title"": ""19 만 원대 진입 완료... 이번엔 잡지 않겠습니다."", ""like_count"": 0, ""unlike_count"": 0, ""score"": 0}, {""post_id"": 54, ""anonymous_code"": ""독수리-6722"", ""post_type"": ""trade_share"", ""title"": ""다시 한번 손절 라인 확인... 추격 매수는 절대 안 됨!"", ""like_count"": 0, ""unlike_count"": 0, ""score"": 0}, {""post_id"": 55, ""anonymous_code"": ""곰-5671"", ""post_type"": ""trade_share"", ""title"": ""지정학적 공포에 팔았던 저점을 다시 샀습니다. (삼성전자)"", ""like_count"": 0, ""unlike_count"": 0, ""score"": 0}, {""post_id"": 56, ""anonymous_code"": ""늑대-3694"", ""post_type"": ""profit_share"", ""title"": ""10% 수익 원칙 지키며 매도 완료! 반도체 반등 주시 중"", ""like_count"": 0, ""unlike_count"": 0, ""score"": 0}]"
RN_COMM_ON_20260917,2026-03-05,8,A065,1,5,14,"[43, 44, 45, 46, 47, 48, 49, 50, 51, 52, 53, 54, 55, 56]","[{""post_id"": 43, ""anonymous_code"": ""사자-8925"", ""post_type"": ""trade_share"", ""title"": ""반등 확인 후 상승 추세를 믿고 비중 확대했습니다."", ""like_count"": 0, ""unlike_count"": 0, ""score"": 0}, {""post_id"": 44, ""anonymous_code"": ""황소-1620"", ""post_type"": ""profit_share"", ""title"": ""급반등에 팔아치웠습니다. 원칙이 살아있네요."", ""like_count"": 0, ""unlike_count"": 0, ""score"": 0}, {""post_id"": 45, ""anonymous_code"": ""돌고래-2979"", ""post_type"": ""trade_share"", ""title"": ""V자 반등에 다시 한 번 걸었습니다. (삼성전자)"", ""like_count"": 0, ""unlike_count"": 0, ""score"": 0}, {""post_id"": 46, ""anonymous_code"": ""황소-4770"", ""post_type"": ""trade_share"", ""title"": ""나락가는 줄 알았는데... 다시 매수했습니다."", ""like_count"": 0, ""unlike_count"": 0, ""score"": 0}, {""post_id"": 47, ""anonymous_code"": ""곰-8551"", ""post_type"": ""trade_share"", ""title"": ""반도체 섹터 반등 확인! 오늘 삼성전자로 다시 진입했습니다."", ""like_count"": 0, ""unlike_count"": 0, ""score"": 0}, {""post_id"": 48, ""anonymous_code"": ""황소-4980"", ""post_type"": ""trade_share"", ""title"": ""떨리는 손으로 매수했습니다. (삼성전자)"", ""like_count"": 0, ""unlike_count"": 0, ""score"": 0}, {""post_id"": 49, ""anonymous_code"": ""여우-1683"", ""post_type"": ""profit_share"", ""title"": ""급등장에 전량 매도, 손실 확정... 원칙의 한계를 다시 씁니다."", ""like_count"": 0, ""unlike_count"": 0, ""score"": 0}, {""post_id"": 50, ""anonymous_code"": ""독수리-9332"", ""post_type"": ""profit_share"", ""title"": ""10% 수익 확정! 물타기 전략의 승리 (삼성전자)"", ""like_count"": 0, ""unlike_count"": 0, ""score"": 0}, {""post_id"": 51, ""anonymous_code"": ""황소-6990"", ""post_type"": ""trade_share"", ""title"": ""11% 수익 놓치고 매도... 타이밍 조절이 핵심이네요."", ""like_count"": 0, ""unlike_count"": 0, ""score"": 0}, {""post_id"": 52, ""anonymous_code"": ""펭귄-5408"", ""post_type"": ""profit_share"", ""title"": ""급등장에 팔아치웠습니다. 수익 10% 넘으면 바로 손절 (이익)!"", ""like_count"": 0, ""unlike_count"": 0, ""score"": 0}, {""post_id"": 53, ""anonymous_code"": ""독수리-1692"", ""post_type"": ""trade_share"", ""title"": ""19 만 원대 진입 완료... 이번엔 잡지 않겠습니다."", ""like_count"": 0, ""unlike_count"": 0, ""score"": 0}, {""post_id"": 54, ""anonymous_code"": ""독수리-6722"", ""post_type"": ""trade_share"", ""title"": ""다시 한번 손절 라인 확인... 추격 매수는 절대 안 됨!"", ""like_count"": 0, ""unlike_count"": 0, ""score"": 0}, {""post_id"": 55, ""anonymous_code"": ""곰-5671"", ""post_type"": ""trade_share"", ""title"": ""지정학적 공포에 팔았던 저점을 다시 샀습니다. (삼성전자)"", ""like_count"": 0, ""unlike_count"": 0, ""score"": 0}, {""post_id"": 56, ""anonymous_code"": ""늑대-3694"", ""post_type"": ""profit_share"", ""title"": ""10% 수익 원칙 지키며 매도 완료! 반도체 반등 주시 중"", ""like_count"": 0, ""unlike_count"": 0, ""score"": 0}]"
RN_COMM_ON_20260917,2026-03-05,8,A064,1,5,13,"[43, 44, 45, 46, 47, 48, 49, 50, 52, 53, 54, 55, 56]","[{""post_id"": 43, ""anonymous_code"": ""사자-8925"", ""post_type"": ""trade_share"", ""title"": ""반등 확인 후 상승 추세를 믿고 비중 확대했습니다."", ""like_count"": 0, ""unlike_count"": 0, ""score"": 0}, {""post_id"": 44, ""anonymous_code"": ""황소-1620"", ""post_type"": ""profit_share"", ""title"": ""급반등에 팔아치웠습니다. 원칙이 살아있네요."", ""like_count"": 0, ""unlike_count"": 0, ""score"": 0}, {""post_id"": 45, ""anonymous_code"": ""돌고래-2979"", ""post_type"": ""trade_share"", ""title"": ""V자 반등에 다시 한 번 걸었습니다. (삼성전자)"", ""like_count"": 0, ""unlike_count"": 0, ""score"": 0}, {""post_id"": 46, ""anonymous_code"": ""황소-4770"", ""post_type"": ""trade_share"", ""title"": ""나락가는 줄 알았는데... 다시 매수했습니다."", ""like_count"": 0, ""unlike_count"": 0, ""score"": 0}, {""post_id"": 47, ""anonymous_code"": ""곰-8551"", ""post_type"": ""trade_share"", ""title"": ""반도체 섹터 반등 확인! 오늘 삼성전자로 다시 진입했습니다."", ""like_count"": 0, ""unlike_count"": 0, ""score"": 0}, {""post_id"": 48, ""anonymous_code"": ""황소-4980"", ""post_type"": ""trade_share"", ""title"": ""떨리는 손으로 매수했습니다. (삼성전자)"", ""like_count"": 0, ""unlike_count"": 0, ""score"": 0}, {""post_id"": 49, ""anonymous_code"": ""여우-1683"", ""post_type"": ""profit_share"", ""title"": ""급등장에 전량 매도, 손실 확정... 원칙의 한계를 다시 씁니다."", ""like_count"": 0, ""unlike_count"": 0, ""score"": 0}, {""post_id"": 50, ""anonymous_code"": ""독수리-9332"", ""post_type"": ""profit_share"", ""title"": ""10% 수익 확정! 물타기 전략의 승리 (삼성전자)"", ""like_count"": 0, ""unlike_count"": 0, ""score"": 0}, {""post_id"": 52, ""anonymous_code"": ""펭귄-5408"", ""post_type"": ""profit_share"", ""title"": ""급등장에 팔아치웠습니다. 수익 10% 넘으면 바로 손절 (이익)!"", ""like_count"": 0, ""unlike_count"": 0, ""score"": 0}, {""post_id"": 53, ""anonymous_code"": ""독수리-1692"", ""post_type"": ""trade_share"", ""title"": ""19 만 원대 진입 완료... 이번엔 잡지 않겠습니다."", ""like_count"": 0, ""unlike_count"": 0, ""score"": 0}, {""post_id"": 54, ""anonymous_code"": ""독수리-6722"", ""post_type"": ""trade_share"", ""title"": ""다시 한번 손절 라인 확인... 추격 매수는 절대 안 됨!"", ""like_count"": 0, ""unlike_count"": 0, ""score"": 0}, {""post_id"": 55, ""anonymous_code"": ""곰-5671"", ""post_type"": ""trade_share"", ""title"": ""지정학적 공포에 팔았던 저점을 다시 샀습니다. (삼성전자)"", ""like_count"": 0, ""unlike_count"": 0, ""score"": 0}, {""post_id"": 56, ""anonymous_code"": ""늑대-3694"", ""post_type"": ""profit_share"", ""title"": ""10% 수익 원칙 지키며 매도 완료! 반도체 반등 주시 중"", ""like_count"": 0, ""unlike_count"": 0, ""score"": 0}]"
RN_COMM_ON_20260917,2026-03-05,8,A069,1,5,14,"[43, 44, 45, 46, 47, 48, 49, 50, 51, 52, 53, 54, 55, 56]","[{""post_id"": 43, ""anonymous_code"": ""사자-8925"", ""post_type"": ""trade_share"", ""title"": ""반등 확인 후 상승 추세를 믿고 비중 확대했습니다."", ""like_count"": 0, ""unlike_count"": 0, ""score"": 0}, {""post_id"": 44, ""anonymous_code"": ""황소-1620"", ""post_type"": ""profit_share"", ""title"": ""급반등에 팔아치웠습니다. 원칙이 살아있네요."", ""like_count"": 0, ""unlike_count"": 0, ""score"": 0}, {""post_id"": 45, ""anonymous_code"": ""돌고래-2979"", ""post_type"": ""trade_share"", ""title"": ""V자 반등에 다시 한 번 걸었습니다. (삼성전자)"", ""like_count"": 0, ""unlike_count"": 0, ""score"": 0}, {""post_id"": 46, ""anonymous_code"": ""황소-4770"", ""post_type"": ""trade_share"", ""title"": ""나락가는 줄 알았는데... 다시 매수했습니다."", ""like_count"": 0, ""unlike_count"": 0, ""score"": 0}, {""post_id"": 47, ""anonymous_code"": ""곰-8551"", ""post_type"": ""trade_share"", ""title"": ""반도체 섹터 반등 확인! 오늘 삼성전자로 다시 진입했습니다."", ""like_count"": 0, ""unlike_count"": 0, ""score"": 0}, {""post_id"": 48, ""anonymous_code"": ""황소-4980"", ""post_type"": ""trade_share"", ""title"": ""떨리는 손으로 매수했습니다. (삼성전자)"", ""like_count"": 0, ""unlike_count"": 0, ""score"": 0}, {""post_id"": 49, ""anonymous_code"": ""여우-1683"", ""post_type"": ""profit_share"", ""title"": ""급등장에 전량 매도, 손실 확정... 원칙의 한계를 다시 씁니다."", ""like_count"": 0, ""unlike_count"": 0, ""score"": 0}, {""post_id"": 50, ""anonymous_code"": ""독수리-9332"", ""post_type"": ""profit_share"", ""title"": ""10% 수익 확정! 물타기 전략의 승리 (삼성전자)"", ""like_count"": 0, ""unlike_count"": 0, ""score"": 0}, {""post_id"": 51, ""anonymous_code"": ""황소-6990"", ""post_type"": ""trade_share"", ""title"": ""11% 수익 놓치고 매도... 타이밍 조절이 핵심이네요."", ""like_count"": 0, ""unlike_count"": 0, ""score"": 0}, {""post_id"": 52, ""anonymous_code"": ""펭귄-5408"", ""post_type"": ""profit_share"", ""title"": ""급등장에 팔아치웠습니다. 수익 10% 넘으면 바로 손절 (이익)!"", ""like_count"": 0, ""unlike_count"": 0, ""score"": 0}, {""post_id"": 53, ""anonymous_code"": ""독수리-1692"", ""post_type"": ""trade_share"", ""title"": ""19 만 원대 진입 완료... 이번엔 잡지 않겠습니다."", ""like_count"": 0, ""unlike_count"": 0, ""score"": 0}, {""post_id"": 54, ""anonymous_code"": ""독수리-6722"", ""post_type"": ""trade_share"", ""title"": ""다시 한번 손절 라인 확인... 추격 매수는 절대 안 됨!"", ""like_count"": 0, ""unlike_count"": 0, ""score"": 0}, {""post_id"": 55, ""anonymous_code"": ""곰-5671"", ""post_type"": ""trade_share"", ""title"": ""지정학적 공포에 팔았던 저점을 다시 샀습니다. (삼성전자)"", ""like_count"": 0, ""unlike_count"": 0, ""score"": 0}, {""post_id"": 56, ""anonymous_code"": ""늑대-3694"", ""post_type"": ""profit_share"", ""title"": ""10% 수익 원칙 지키며 매도 완료! 반도체 반등 주시 중"", ""like_count"": 0, ""unlike_count"": 0, ""score"": 0}]"
RN_COMM_ON_20260917,2026-03-05,8,A070,1,5,14,"[43, 44, 45, 46, 47, 48, 49, 50, 51, 52, 53, 54, 55, 56]","[{""post_id"": 43, ""anonymous_code"": ""사자-8925"", ""post_type"": ""trade_share"", ""title"": ""반등 확인 후 상승 추세를 믿고 비중 확대했습니다."", ""like_count"": 0, ""unlike_count"": 0, ""score"": 0}, {""post_id"": 44, ""anonymous_code"": ""황소-1620"", ""post_type"": ""profit_share"", ""title"": ""급반등에 팔아치웠습니다. 원칙이 살아있네요."", ""like_count"": 0, ""unlike_count"": 0, ""score"": 0}, {""post_id"": 45, ""anonymous_code"": ""돌고래-2979"", ""post_type"": ""trade_share"", ""title"": ""V자 반등에 다시 한 번 걸었습니다. (삼성전자)"", ""like_count"": 0, ""unlike_count"": 0, ""score"": 0}, {""post_id"": 46, ""anonymous_code"": ""황소-4770"", ""post_type"": ""trade_share"", ""title"": ""나락가는 줄 알았는데... 다시 매수했습니다."", ""like_count"": 0, ""unlike_count"": 0, ""score"": 0}, {""post_id"": 47, ""anonymous_code"": ""곰-8551"", ""post_type"": ""trade_share"", ""title"": ""반도체 섹터 반등 확인! 오늘 삼성전자로 다시 진입했습니다."", ""like_count"": 0, ""unlike_count"": 0, ""score"": 0}, {""post_id"": 48, ""anonymous_code"": ""황소-4980"", ""post_type"": ""trade_share"", ""title"": ""떨리는 손으로 매수했습니다. (삼성전자)"", ""like_count"": 0, ""unlike_count"": 0, ""score"": 0}, {""post_id"": 49, ""anonymous_code"": ""여우-1683"", ""post_type"": ""profit_share"", ""title"": ""급등장에 전량 매도, 손실 확정... 원칙의 한계를 다시 씁니다."", ""like_count"": 0, ""unlike_count"": 0, ""score"": 0}, {""post_id"": 50, ""anonymous_code"": ""독수리-9332"", ""post_type"": ""profit_share"", ""title"": ""10% 수익 확정! 물타기 전략의 승리 (삼성전자)"", ""like_count"": 0, ""unlike_count"": 0, ""score"": 0}, {""post_id"": 51, ""anonymous_code"": ""황소-6990"", ""post_type"": ""trade_share"", ""title"": ""11% 수익 놓치고 매도... 타이밍 조절이 핵심이네요."", ""like_count"": 0, ""unlike_count"": 0, ""score"": 0}, {""post_id"": 52, ""anonymous_code"": ""펭귄-5408"", ""post_type"": ""profit_share"", ""title"": ""급등장에 팔아치웠습니다. 수익 10% 넘으면 바로 손절 (이익)!"", ""like_count"": 0, ""unlike_count"": 0, ""score"": 0}, {""post_id"": 53, ""anonymous_code"": ""독수리-1692"", ""post_type"": ""trade_share"", ""title"": ""19 만 원대 진입 완료... 이번엔 잡지 않겠습니다."", ""like_count"": 0, ""unlike_count"": 0, ""score"": 0}, {""post_id"": 54, ""anonymous_code"": ""독수리-6722"", ""post_type"": ""trade_share"", ""title"": ""다시 한번 손절 라인 확인... 추격 매수는 절대 안 됨!"", ""like_count"": 0, ""unlike_count"": 0, ""score"": 0}, {""post_id"": 55, ""anonymous_code"": ""곰-5671"", ""post_type"": ""trade_share"", ""title"": ""지정학적 공포에 팔았던 저점을 다시 샀습니다. (삼성전자)"", ""like_count"": 0, ""unlike_count"": 0, ""score"": 0}, {""post_id"": 56, ""anonymous_code"": ""늑대-3694"", ""post_type"": ""profit_share"", ""title"": ""10% 수익 원칙 지키며 매도 완료! 반도체 반등 주시 중"", ""like_count"": 0, ""unlike_count"": 0, ""score"": 0}]"
RN_COMM_ON_20260917,2026-03-05,8,A073,2,5,13,"[43, 44, 45, 46, 47, 48, 49, 50, 51, 52, 54, 55, 56]","[{""post_id"": 43, ""anonymous_code"": ""사자-8925"", ""post_type"": ""trade_share"", ""title"": ""반등 확인 후 상승 추세를 믿고 비중 확대했습니다."", ""like_count"": 0, ""unlike_count"": 0, ""score"": 0}, {""post_id"": 44, ""anonymous_code"": ""황소-1620"", ""post_type"": ""profit_share"", ""title"": ""급반등에 팔아치웠습니다. 원칙이 살아있네요."", ""like_count"": 0, ""unlike_count"": 0, ""score"": 0}, {""post_id"": 45, ""anonymous_code"": ""돌고래-2979"", ""post_type"": ""trade_share"", ""title"": ""V자 반등에 다시 한 번 걸었습니다. (삼성전자)"", ""like_count"": 0, ""unlike_count"": 0, ""score"": 0}, {""post_id"": 46, ""anonymous_code"": ""황소-4770"", ""post_type"": ""trade_share"", ""title"": ""나락가는 줄 알았는데... 다시 매수했습니다."", ""like_count"": 0, ""unlike_count"": 0, ""score"": 0}, {""post_id"": 47, ""anonymous_code"": ""곰-8551"", ""post_type"": ""trade_share"", ""title"": ""반도체 섹터 반등 확인! 오늘 삼성전자로 다시 진입했습니다."", ""like_count"": 0, ""unlike_count"": 0, ""score"": 0}, {""post_id"": 48, ""anonymous_code"": ""황소-4980"", ""post_type"": ""trade_share"", ""title"": ""떨리는 손으로 매수했습니다. (삼성전자)"", ""like_count"": 0, ""unlike_count"": 0, ""score"": 0}, {""post_id"": 49, ""anonymous_code"": ""여우-1683"", ""post_type"": ""profit_share"", ""title"": ""급등장에 전량 매도, 손실 확정... 원칙의 한계를 다시 씁니다."", ""like_count"": 0, ""unlike_count"": 0, ""score"": 0}, {""post_id"": 50, ""anonymous_code"": ""독수리-9332"", ""post_type"": ""profit_share"", ""title"": ""10% 수익 확정! 물타기 전략의 승리 (삼성전자)"", ""like_count"": 0, ""unlike_count"": 0, ""score"": 0}, {""post_id"": 51, ""anonymous_code"": ""황소-6990"", ""post_type"": ""trade_share"", ""title"": ""11% 수익 놓치고 매도... 타이밍 조절이 핵심이네요."", ""like_count"": 0, ""unlike_count"": 0, ""score"": 0}, {""post_id"": 52, ""anonymous_code"": ""펭귄-5408"", ""post_type"": ""profit_share"", ""title"": ""급등장에 팔아치웠습니다. 수익 10% 넘으면 바로 손절 (이익)!"", ""like_count"": 0, ""unlike_count"": 0, ""score"": 0}, {""post_id"": 54, ""anonymous_code"": ""독수리-6722"", ""post_type"": ""trade_share"", ""title"": ""다시 한번 손절 라인 확인... 추격 매수는 절대 안 됨!"", ""like_count"": 0, ""unlike_count"": 0, ""score"": 0}, {""post_id"": 55, ""anonymous_code"": ""곰-5671"", ""post_type"": ""trade_share"", ""title"": ""지정학적 공포에 팔았던 저점을 다시 샀습니다. (삼성전자)"", ""like_count"": 0, ""unlike_count"": 0, ""score"": 0}, {""post_id"": 56, ""anonymous_code"": ""늑대-3694"", ""post_type"": ""profit_share"", ""title"": ""10% 수익 원칙 지키며 매도 완료! 반도체 반등 주시 중"", ""like_count"": 0, ""unlike_count"": 0, ""score"": 0}]"
RN_COMM_ON_20260917,2026-03-05,8,A075,1,5,14,"[43, 44, 45, 46, 47, 48, 49, 50, 51, 52, 53, 54, 55, 56]","[{""post_id"": 43, ""anonymous_code"": ""사자-8925"", ""post_type"": ""trade_share"", ""title"": ""반등 확인 후 상승 추세를 믿고 비중 확대했습니다."", ""like_count"": 0, ""unlike_count"": 0, ""score"": 0}, {""post_id"": 44, ""anonymous_code"": ""황소-1620"", ""post_type"": ""profit_share"", ""title"": ""급반등에 팔아치웠습니다. 원칙이 살아있네요."", ""like_count"": 0, ""unlike_count"": 0, ""score"": 0}, {""post_id"": 45, ""anonymous_code"": ""돌고래-2979"", ""post_type"": ""trade_share"", ""title"": ""V자 반등에 다시 한 번 걸었습니다. (삼성전자)"", ""like_count"": 0, ""unlike_count"": 0, ""score"": 0}, {""post_id"": 46, ""anonymous_code"": ""황소-4770"", ""post_type"": ""trade_share"", ""title"": ""나락가는 줄 알았는데... 다시 매수했습니다."", ""like_count"": 0, ""unlike_count"": 0, ""score"": 0}, {""post_id"": 47, ""anonymous_code"": ""곰-8551"", ""post_type"": ""trade_share"", ""title"": ""반도체 섹터 반등 확인! 오늘 삼성전자로 다시 진입했습니다."", ""like_count"": 0, ""unlike_count"": 0, ""score"": 0}, {""post_id"": 48, ""anonymous_code"": ""황소-4980"", ""post_type"": ""trade_share"", ""title"": ""떨리는 손으로 매수했습니다. (삼성전자)"", ""like_count"": 0, ""unlike_count"": 0, ""score"": 0}, {""post_id"": 49, ""anonymous_code"": ""여우-1683"", ""post_type"": ""profit_share"", ""title"": ""급등장에 전량 매도, 손실 확정... 원칙의 한계를 다시 씁니다."", ""like_count"": 0, ""unlike_count"": 0, ""score"": 0}, {""post_id"": 50, ""anonymous_code"": ""독수리-9332"", ""post_type"": ""profit_share"", ""title"": ""10% 수익 확정! 물타기 전략의 승리 (삼성전자)"", ""like_count"": 0, ""unlike_count"": 0, ""score"": 0}, {""post_id"": 51, ""anonymous_code"": ""황소-6990"", ""post_type"": ""trade_share"", ""title"": ""11% 수익 놓치고 매도... 타이밍 조절이 핵심이네요."", ""like_count"": 0, ""unlike_count"": 0, ""score"": 0}, {""post_id"": 52, ""anonymous_code"": ""펭귄-5408"", ""post_type"": ""profit_share"", ""title"": ""급등장에 팔아치웠습니다. 수익 10% 넘으면 바로 손절 (이익)!"", ""like_count"": 0, ""unlike_count"": 0, ""score"": 0}, {""post_id"": 53, ""anonymous_code"": ""독수리-1692"", ""post_type"": ""trade_share"", ""title"": ""19 만 원대 진입 완료... 이번엔 잡지 않겠습니다."", ""like_count"": 0, ""unlike_count"": 0, ""score"": 0}, {""post_id"": 54, ""anonymous_code"": ""독수리-6722"", ""post_type"": ""trade_share"", ""title"": ""다시 한번 손절 라인 확인... 추격 매수는 절대 안 됨!"", ""like_count"": 0, ""unlike_count"": 0, ""score"": 0}, {""post_id"": 55, ""anonymous_code"": ""곰-5671"", ""post_type"": ""trade_share"", ""title"": ""지정학적 공포에 팔았던 저점을 다시 샀습니다. (삼성전자)"", ""like_count"": 0, ""unlike_count"": 0, ""score"": 0}, {""post_id"": 56, ""anonymous_code"": ""늑대-3694"", ""post_type"": ""profit_share"", ""title"": ""10% 수익 원칙 지키며 매도 완료! 반도체 반등 주시 중"", ""like_count"": 0, ""unlike_count"": 0, ""score"": 0}]"
RN_COMM_ON_20260917,2026-03-05,8,A071,2,5,13,"[43, 44, 45, 46, 47, 48, 49, 50, 51, 53, 54, 55, 56]","[{""post_id"": 43, ""anonymous_code"": ""사자-8925"", ""post_type"": ""trade_share"", ""title"": ""반등 확인 후 상승 추세를 믿고 비중 확대했습니다."", ""like_count"": 0, ""unlike_count"": 0, ""score"": 0}, {""post_id"": 44, ""anonymous_code"": ""황소-1620"", ""post_type"": ""profit_share"", ""title"": ""급반등에 팔아치웠습니다. 원칙이 살아있네요."", ""like_count"": 0, ""unlike_count"": 0, ""score"": 0}, {""post_id"": 45, ""anonymous_code"": ""돌고래-2979"", ""post_type"": ""trade_share"", ""title"": ""V자 반등에 다시 한 번 걸었습니다. (삼성전자)"", ""like_count"": 0, ""unlike_count"": 0, ""score"": 0}, {""post_id"": 46, ""anonymous_code"": ""황소-4770"", ""post_type"": ""trade_share"", ""title"": ""나락가는 줄 알았는데... 다시 매수했습니다."", ""like_count"": 0, ""unlike_count"": 0, ""score"": 0}, {""post_id"": 47, ""anonymous_code"": ""곰-8551"", ""post_type"": ""trade_share"", ""title"": ""반도체 섹터 반등 확인! 오늘 삼성전자로 다시 진입했습니다."", ""like_count"": 0, ""unlike_count"": 0, ""score"": 0}, {""post_id"": 48, ""anonymous_code"": ""황소-4980"", ""post_type"": ""trade_share"", ""title"": ""떨리는 손으로 매수했습니다. (삼성전자)"", ""like_count"": 0, ""unlike_count"": 0, ""score"": 0}, {""post_id"": 49, ""anonymous_code"": ""여우-1683"", ""post_type"": ""profit_share"", ""title"": ""급등장에 전량 매도, 손실 확정... 원칙의 한계를 다시 씁니다."", ""like_count"": 0, ""unlike_count"": 0, ""score"": 0}, {""post_id"": 50, ""anonymous_code"": ""독수리-9332"", ""post_type"": ""profit_share"", ""title"": ""10% 수익 확정! 물타기 전략의 승리 (삼성전자)"", ""like_count"": 0, ""unlike_count"": 0, ""score"": 0}, {""post_id"": 51, ""anonymous_code"": ""황소-6990"", ""post_type"": ""trade_share"", ""title"": ""11% 수익 놓치고 매도... 타이밍 조절이 핵심이네요."", ""like_count"": 0, ""unlike_count"": 0, ""score"": 0}, {""post_id"": 53, ""anonymous_code"": ""독수리-1692"", ""post_type"": ""trade_share"", ""title"": ""19 만 원대 진입 완료... 이번엔 잡지 않겠습니다."", ""like_count"": 0, ""unlike_count"": 0, ""score"": 0}, {""post_id"": 54, ""anonymous_code"": ""독수리-6722"", ""post_type"": ""trade_share"", ""title"": ""다시 한번 손절 라인 확인... 추격 매수는 절대 안 됨!"", ""like_count"": 0, ""unlike_count"": 0, ""score"": 0}, {""post_id"": 55, ""anonymous_code"": ""곰-5671"", ""post_type"": ""trade_share"", ""title"": ""지정학적 공포에 팔았던 저점을 다시 샀습니다. (삼성전자)"", ""like_count"": 0, ""unlike_count"": 0, ""score"": 0}, {""post_id"": 56, ""anonymous_code"": ""늑대-3694"", ""post_type"": ""profit_share"", ""title"": ""10% 수익 원칙 지키며 매도 완료! 반도체 반등 주시 중"", ""like_count"": 0, ""unlike_count"": 0, ""score"": 0}]"
RN_COMM_ON_20260917,2026-03-05,8,A076,2,5,14,"[43, 44, 45, 46, 47, 48, 49, 50, 51, 52, 53, 54, 55, 56]","[{""post_id"": 43, ""anonymous_code"": ""사자-8925"", ""post_type"": ""trade_share"", ""title"": ""반등 확인 후 상승 추세를 믿고 비중 확대했습니다."", ""like_count"": 0, ""unlike_count"": 0, ""score"": 0}, {""post_id"": 44, ""anonymous_code"": ""황소-1620"", ""post_type"": ""profit_share"", ""title"": ""급반등에 팔아치웠습니다. 원칙이 살아있네요."", ""like_count"": 0, ""unlike_count"": 0, ""score"": 0}, {""post_id"": 45, ""anonymous_code"": ""돌고래-2979"", ""post_type"": ""trade_share"", ""title"": ""V자 반등에 다시 한 번 걸었습니다. (삼성전자)"", ""like_count"": 0, ""unlike_count"": 0, ""score"": 0}, {""post_id"": 46, ""anonymous_code"": ""황소-4770"", ""post_type"": ""trade_share"", ""title"": ""나락가는 줄 알았는데... 다시 매수했습니다."", ""like_count"": 0, ""unlike_count"": 0, ""score"": 0}, {""post_id"": 47, ""anonymous_code"": ""곰-8551"", ""post_type"": ""trade_share"", ""title"": ""반도체 섹터 반등 확인! 오늘 삼성전자로 다시 진입했습니다."", ""like_count"": 0, ""unlike_count"": 0, ""score"": 0}, {""post_id"": 48, ""anonymous_code"": ""황소-4980"", ""post_type"": ""trade_share"", ""title"": ""떨리는 손으로 매수했습니다. (삼성전자)"", ""like_count"": 0, ""unlike_count"": 0, ""score"": 0}, {""post_id"": 49, ""anonymous_code"": ""여우-1683"", ""post_type"": ""profit_share"", ""title"": ""급등장에 전량 매도, 손실 확정... 원칙의 한계를 다시 씁니다."", ""like_count"": 0, ""unlike_count"": 0, ""score"": 0}, {""post_id"": 50, ""anonymous_code"": ""독수리-9332"", ""post_type"": ""profit_share"", ""title"": ""10% 수익 확정! 물타기 전략의 승리 (삼성전자)"", ""like_count"": 0, ""unlike_count"": 0, ""score"": 0}, {""post_id"": 51, ""anonymous_code"": ""황소-6990"", ""post_type"": ""trade_share"", ""title"": ""11% 수익 놓치고 매도... 타이밍 조절이 핵심이네요."", ""like_count"": 0, ""unlike_count"": 0, ""score"": 0}, {""post_id"": 52, ""anonymous_code"": ""펭귄-5408"", ""post_type"": ""profit_share"", ""title"": ""급등장에 팔아치웠습니다. 수익 10% 넘으면 바로 손절 (이익)!"", ""like_count"": 0, ""unlike_count"": 0, ""score"": 0}, {""post_id"": 53, ""anonymous_code"": ""독수리-1692"", ""post_type"": ""trade_share"", ""title"": ""19 만 원대 진입 완료... 이번엔 잡지 않겠습니다."", ""like_count"": 0, ""unlike_count"": 0, ""score"": 0}, {""post_id"": 54, ""anonymous_code"": ""독수리-6722"", ""post_type"": ""trade_share"", ""title"": ""다시 한번 손절 라인 확인... 추격 매수는 절대 안 됨!"", ""like_count"": 0, ""unlike_count"": 0, ""score"": 0}, {""post_id"": 55, ""anonymous_code"": ""곰-5671"", ""post_type"": ""trade_share"", ""title"": ""지정학적 공포에 팔았던 저점을 다시 샀습니다. (삼성전자)"", ""like_count"": 0, ""unlike_count"": 0, ""score"": 0}, {""post_id"": 56, ""anonymous_code"": ""늑대-3694"", ""post_type"": ""profit_share"", ""title"": ""10% 수익 원칙 지키며 매도 완료! 반도체 반등 주시 중"", ""like_count"": 0, ""unlike_count"": 0, ""score"": 0}]"
RN_COMM_ON_20260917,2026-03-05,8,A077,1,5,14,"[43, 44, 45, 46, 47, 48, 49, 50, 51, 52, 53, 54, 55, 56]","[{""post_id"": 43, ""anonymous_code"": ""사자-8925"", ""post_type"": ""trade_share"", ""title"": ""반등 확인 후 상승 추세를 믿고 비중 확대했습니다."", ""like_count"": 0, ""unlike_count"": 0, ""score"": 0}, {""post_id"": 44, ""anonymous_code"": ""황소-1620"", ""post_type"": ""profit_share"", ""title"": ""급반등에 팔아치웠습니다. 원칙이 살아있네요."", ""like_count"": 0, ""unlike_count"": 0, ""score"": 0}, {""post_id"": 45, ""anonymous_code"": ""돌고래-2979"", ""post_type"": ""trade_share"", ""title"": ""V자 반등에 다시 한 번 걸었습니다. (삼성전자)"", ""like_count"": 0, ""unlike_count"": 0, ""score"": 0}, {""post_id"": 46, ""anonymous_code"": ""황소-4770"", ""post_type"": ""trade_share"", ""title"": ""나락가는 줄 알았는데... 다시 매수했습니다."", ""like_count"": 0, ""unlike_count"": 0, ""score"": 0}, {""post_id"": 47, ""anonymous_code"": ""곰-8551"", ""post_type"": ""trade_share"", ""title"": ""반도체 섹터 반등 확인! 오늘 삼성전자로 다시 진입했습니다."", ""like_count"": 0, ""unlike_count"": 0, ""score"": 0}, {""post_id"": 48, ""anonymous_code"": ""황소-4980"", ""post_type"": ""trade_share"", ""title"": ""떨리는 손으로 매수했습니다. (삼성전자)"", ""like_count"": 0, ""unlike_count"": 0, ""score"": 0}, {""post_id"": 49, ""anonymous_code"": ""여우-1683"", ""post_type"": ""profit_share"", ""title"": ""급등장에 전량 매도, 손실 확정... 원칙의 한계를 다시 씁니다."", ""like_count"": 0, ""unlike_count"": 0, ""score"": 0}, {""post_id"": 50, ""anonymous_code"": ""독수리-9332"", ""post_type"": ""profit_share"", ""title"": ""10% 수익 확정! 물타기 전략의 승리 (삼성전자)"", ""like_count"": 0, ""unlike_count"": 0, ""score"": 0}, {""post_id"": 51, ""anonymous_code"": ""황소-6990"", ""post_type"": ""trade_share"", ""title"": ""11% 수익 놓치고 매도... 타이밍 조절이 핵심이네요."", ""like_count"": 0, ""unlike_count"": 0, ""score"": 0}, {""post_id"": 52, ""anonymous_code"": ""펭귄-5408"", ""post_type"": ""profit_share"", ""title"": ""급등장에 팔아치웠습니다. 수익 10% 넘으면 바로 손절 (이익)!"", ""like_count"": 0, ""unlike_count"": 0, ""score"": 0}, {""post_id"": 53, ""anonymous_code"": ""독수리-1692"", ""post_type"": ""trade_share"", ""title"": ""19 만 원대 진입 완료... 이번엔 잡지 않겠습니다."", ""like_count"": 0, ""unlike_count"": 0, ""score"": 0}, {""post_id"": 54, ""anonymous_code"": ""독수리-6722"", ""post_type"": ""trade_share"", ""title"": ""다시 한번 손절 라인 확인... 추격 매수는 절대 안 됨!"", ""like_count"": 0, ""unlike_count"": 0, ""score"": 0}, {""post_id"": 55, ""anonymous_code"": ""곰-5671"", ""post_type"": ""trade_share"", ""title"": ""지정학적 공포에 팔았던 저점을 다시 샀습니다. (삼성전자)"", ""like_count"": 0, ""unlike_count"": 0, ""score"": 0}, {""post_id"": 56, ""anonymous_code"": ""늑대-3694"", ""post_type"": ""profit_share"", ""title"": ""10% 수익 원칙 지키며 매도 완료! 반도체 반등 주시 중"", ""like_count"": 0, ""unlike_count"": 0, ""score"": 0}]"
RN_COMM_ON_20260917,2026-03-05,8,A079,1,5,14,"[43, 44, 45, 46, 47, 48, 49, 50, 51, 52, 53, 54, 55, 56]","[{""post_id"": 43, ""anonymous_code"": ""사자-8925"", ""post_type"": ""trade_share"", ""title"": ""반등 확인 후 상승 추세를 믿고 비중 확대했습니다."", ""like_count"": 0, ""unlike_count"": 0, ""score"": 0}, {""post_id"": 44, ""anonymous_code"": ""황소-1620"", ""post_type"": ""profit_share"", ""title"": ""급반등에 팔아치웠습니다. 원칙이 살아있네요."", ""like_count"": 0, ""unlike_count"": 0, ""score"": 0}, {""post_id"": 45, ""anonymous_code"": ""돌고래-2979"", ""post_type"": ""trade_share"", ""title"": ""V자 반등에 다시 한 번 걸었습니다. (삼성전자)"", ""like_count"": 0, ""unlike_count"": 0, ""score"": 0}, {""post_id"": 46, ""anonymous_code"": ""황소-4770"", ""post_type"": ""trade_share"", ""title"": ""나락가는 줄 알았는데... 다시 매수했습니다."", ""like_count"": 0, ""unlike_count"": 0, ""score"": 0}, {""post_id"": 47, ""anonymous_code"": ""곰-8551"", ""post_type"": ""trade_share"", ""title"": ""반도체 섹터 반등 확인! 오늘 삼성전자로 다시 진입했습니다."", ""like_count"": 0, ""unlike_count"": 0, ""score"": 0}, {""post_id"": 48, ""anonymous_code"": ""황소-4980"", ""post_type"": ""trade_share"", ""title"": ""떨리는 손으로 매수했습니다. (삼성전자)"", ""like_count"": 0, ""unlike_count"": 0, ""score"": 0}, {""post_id"": 49, ""anonymous_code"": ""여우-1683"", ""post_type"": ""profit_share"", ""title"": ""급등장에 전량 매도, 손실 확정... 원칙의 한계를 다시 씁니다."", ""like_count"": 0, ""unlike_count"": 0, ""score"": 0}, {""post_id"": 50, ""anonymous_code"": ""독수리-9332"", ""post_type"": ""profit_share"", ""title"": ""10% 수익 확정! 물타기 전략의 승리 (삼성전자)"", ""like_count"": 0, ""unlike_count"": 0, ""score"": 0}, {""post_id"": 51, ""anonymous_code"": ""황소-6990"", ""post_type"": ""trade_share"", ""title"": ""11% 수익 놓치고 매도... 타이밍 조절이 핵심이네요."", ""like_count"": 0, ""unlike_count"": 0, ""score"": 0}, {""post_id"": 52, ""anonymous_code"": ""펭귄-5408"", ""post_type"": ""profit_share"", ""title"": ""급등장에 팔아치웠습니다. 수익 10% 넘으면 바로 손절 (이익)!"", ""like_count"": 0, ""unlike_count"": 0, ""score"": 0}, {""post_id"": 53, ""anonymous_code"": ""독수리-1692"", ""post_type"": ""trade_share"", ""title"": ""19 만 원대 진입 완료... 이번엔 잡지 않겠습니다."", ""like_count"": 0, ""unlike_count"": 0, ""score"": 0}, {""post_id"": 54, ""anonymous_code"": ""독수리-6722"", ""post_type"": ""trade_share"", ""title"": ""다시 한번 손절 라인 확인... 추격 매수는 절대 안 됨!"", ""like_count"": 0, ""unlike_count"": 0, ""score"": 0}, {""post_id"": 55, ""anonymous_code"": ""곰-5671"", ""post_type"": ""trade_share"", ""title"": ""지정학적 공포에 팔았던 저점을 다시 샀습니다. (삼성전자)"", ""like_count"": 0, ""unlike_count"": 0, ""score"": 0}, {""post_id"": 56, ""anonymous_code"": ""늑대-3694"", ""post_type"": ""profit_share"", ""title"": ""10% 수익 원칙 지키며 매도 완료! 반도체 반등 주시 중"", ""like_count"": 0, ""unlike_count"": 0, ""score"": 0}]"
RN_COMM_ON_20260917,2026-03-05,8,A080,1,5,14,"[43, 44, 45, 46, 47, 48, 49, 50, 51, 52, 53, 54, 55, 56]","[{""post_id"": 43, ""anonymous_code"": ""사자-8925"", ""post_type"": ""trade_share"", ""title"": ""반등 확인 후 상승 추세를 믿고 비중 확대했습니다."", ""like_count"": 0, ""unlike_count"": 0, ""score"": 0}, {""post_id"": 44, ""anonymous_code"": ""황소-1620"", ""post_type"": ""profit_share"", ""title"": ""급반등에 팔아치웠습니다. 원칙이 살아있네요."", ""like_count"": 0, ""unlike_count"": 0, ""score"": 0}, {""post_id"": 45, ""anonymous_code"": ""돌고래-2979"", ""post_type"": ""trade_share"", ""title"": ""V자 반등에 다시 한 번 걸었습니다. (삼성전자)"", ""like_count"": 0, ""unlike_count"": 0, ""score"": 0}, {""post_id"": 46, ""anonymous_code"": ""황소-4770"", ""post_type"": ""trade_share"", ""title"": ""나락가는 줄 알았는데... 다시 매수했습니다."", ""like_count"": 0, ""unlike_count"": 0, ""score"": 0}, {""post_id"": 47, ""anonymous_code"": ""곰-8551"", ""post_type"": ""trade_share"", ""title"": ""반도체 섹터 반등 확인! 오늘 삼성전자로 다시 진입했습니다."", ""like_count"": 0, ""unlike_count"": 0, ""score"": 0}, {""post_id"": 48, ""anonymous_code"": ""황소-4980"", ""post_type"": ""trade_share"", ""title"": ""떨리는 손으로 매수했습니다. (삼성전자)"", ""like_count"": 0, ""unlike_count"": 0, ""score"": 0}, {""post_id"": 49, ""anonymous_code"": ""여우-1683"", ""post_type"": ""profit_share"", ""title"": ""급등장에 전량 매도, 손실 확정... 원칙의 한계를 다시 씁니다."", ""like_count"": 0, ""unlike_count"": 0, ""score"": 0}, {""post_id"": 50, ""anonymous_code"": ""독수리-9332"", ""post_type"": ""profit_share"", ""title"": ""10% 수익 확정! 물타기 전략의 승리 (삼성전자)"", ""like_count"": 0, ""unlike_count"": 0, ""score"": 0}, {""post_id"": 51, ""anonymous_code"": ""황소-6990"", ""post_type"": ""trade_share"", ""title"": ""11% 수익 놓치고 매도... 타이밍 조절이 핵심이네요."", ""like_count"": 0, ""unlike_count"": 0, ""score"": 0}, {""post_id"": 52, ""anonymous_code"": ""펭귄-5408"", ""post_type"": ""profit_share"", ""title"": ""급등장에 팔아치웠습니다. 수익 10% 넘으면 바로 손절 (이익)!"", ""like_count"": 0, ""unlike_count"": 0, ""score"": 0}, {""post_id"": 53, ""anonymous_code"": ""독수리-1692"", ""post_type"": ""trade_share"", ""title"": ""19 만 원대 진입 완료... 이번엔 잡지 않겠습니다."", ""like_count"": 0, ""unlike_count"": 0, ""score"": 0}, {""post_id"": 54, ""anonymous_code"": ""독수리-6722"", ""post_type"": ""trade_share"", ""title"": ""다시 한번 손절 라인 확인... 추격 매수는 절대 안 됨!"", ""like_count"": 0, ""unlike_count"": 0, ""score"": 0}, {""post_id"": 55, ""anonymous_code"": ""곰-5671"", ""post_type"": ""trade_share"", ""title"": ""지정학적 공포에 팔았던 저점을 다시 샀습니다. (삼성전자)"", ""like_count"": 0, ""unlike_count"": 0, ""score"": 0}, {""post_id"": 56, ""anonymous_code"": ""늑대-3694"", ""post_type"": ""profit_share"", ""title"": ""10% 수익 원칙 지키며 매도 완료! 반도체 반등 주시 중"", ""like_count"": 0, ""unlike_count"": 0, ""score"": 0}]"
RN_COMM_ON_20260917,2026-03-05,8,A083,2,5,14,"[43, 44, 45, 46, 47, 48, 49, 50, 51, 52, 53, 54, 55, 56]","[{""post_id"": 43, ""anonymous_code"": ""사자-8925"", ""post_type"": ""trade_share"", ""title"": ""반등 확인 후 상승 추세를 믿고 비중 확대했습니다."", ""like_count"": 0, ""unlike_count"": 0, ""score"": 0}, {""post_id"": 44, ""anonymous_code"": ""황소-1620"", ""post_type"": ""profit_share"", ""title"": ""급반등에 팔아치웠습니다. 원칙이 살아있네요."", ""like_count"": 0, ""unlike_count"": 0, ""score"": 0}, {""post_id"": 45, ""anonymous_code"": ""돌고래-2979"", ""post_type"": ""trade_share"", ""title"": ""V자 반등에 다시 한 번 걸었습니다. (삼성전자)"", ""like_count"": 0, ""unlike_count"": 0, ""score"": 0}, {""post_id"": 46, ""anonymous_code"": ""황소-4770"", ""post_type"": ""trade_share"", ""title"": ""나락가는 줄 알았는데... 다시 매수했습니다."", ""like_count"": 0, ""unlike_count"": 0, ""score"": 0}, {""post_id"": 47, ""anonymous_code"": ""곰-8551"", ""post_type"": ""trade_share"", ""title"": ""반도체 섹터 반등 확인! 오늘 삼성전자로 다시 진입했습니다."", ""like_count"": 0, ""unlike_count"": 0, ""score"": 0}, {""post_id"": 48, ""anonymous_code"": ""황소-4980"", ""post_type"": ""trade_share"", ""title"": ""떨리는 손으로 매수했습니다. (삼성전자)"", ""like_count"": 0, ""unlike_count"": 0, ""score"": 0}, {""post_id"": 49, ""anonymous_code"": ""여우-1683"", ""post_type"": ""profit_share"", ""title"": ""급등장에 전량 매도, 손실 확정... 원칙의 한계를 다시 씁니다."", ""like_count"": 0, ""unlike_count"": 0, ""score"": 0}, {""post_id"": 50, ""anonymous_code"": ""독수리-9332"", ""post_type"": ""profit_share"", ""title"": ""10% 수익 확정! 물타기 전략의 승리 (삼성전자)"", ""like_count"": 0, ""unlike_count"": 0, ""score"": 0}, {""post_id"": 51, ""anonymous_code"": ""황소-6990"", ""post_type"": ""trade_share"", ""title"": ""11% 수익 놓치고 매도... 타이밍 조절이 핵심이네요."", ""like_count"": 0, ""unlike_count"": 0, ""score"": 0}, {""post_id"": 52, ""anonymous_code"": ""펭귄-5408"", ""post_type"": ""profit_share"", ""title"": ""급등장에 팔아치웠습니다. 수익 10% 넘으면 바로 손절 (이익)!"", ""like_count"": 0, ""unlike_count"": 0, ""score"": 0}, {""post_id"": 53, ""anonymous_code"": ""독수리-1692"", ""post_type"": ""trade_share"", ""title"": ""19 만 원대 진입 완료... 이번엔 잡지 않겠습니다."", ""like_count"": 0, ""unlike_count"": 0, ""score"": 0}, {""post_id"": 54, ""anonymous_code"": ""독수리-6722"", ""post_type"": ""trade_share"", ""title"": ""다시 한번 손절 라인 확인... 추격 매수는 절대 안 됨!"", ""like_count"": 0, ""unlike_count"": 0, ""score"": 0}, {""post_id"": 55, ""anonymous_code"": ""곰-5671"", ""post_type"": ""trade_share"", ""title"": ""지정학적 공포에 팔았던 저점을 다시 샀습니다. (삼성전자)"", ""like_count"": 0, ""unlike_count"": 0, ""score"": 0}, {""post_id"": 56, ""anonymous_code"": ""늑대-3694"", ""post_type"": ""profit_share"", ""title"": ""10% 수익 원칙 지키며 매도 완료! 반도체 반등 주시 중"", ""like_count"": 0, ""unlike_count"": 0, ""score"": 0}]"
RN_COMM_ON_20260917,2026-03-05,8,A084,1,5,13,"[43, 44, 45, 46, 47, 48, 49, 50, 51, 52, 53, 55, 56]","[{""post_id"": 43, ""anonymous_code"": ""사자-8925"", ""post_type"": ""trade_share"", ""title"": ""반등 확인 후 상승 추세를 믿고 비중 확대했습니다."", ""like_count"": 0, ""unlike_count"": 0, ""score"": 0}, {""post_id"": 44, ""anonymous_code"": ""황소-1620"", ""post_type"": ""profit_share"", ""title"": ""급반등에 팔아치웠습니다. 원칙이 살아있네요."", ""like_count"": 0, ""unlike_count"": 0, ""score"": 0}, {""post_id"": 45, ""anonymous_code"": ""돌고래-2979"", ""post_type"": ""trade_share"", ""title"": ""V자 반등에 다시 한 번 걸었습니다. (삼성전자)"", ""like_count"": 0, ""unlike_count"": 0, ""score"": 0}, {""post_id"": 46, ""anonymous_code"": ""황소-4770"", ""post_type"": ""trade_share"", ""title"": ""나락가는 줄 알았는데... 다시 매수했습니다."", ""like_count"": 0, ""unlike_count"": 0, ""score"": 0}, {""post_id"": 47, ""anonymous_code"": ""곰-8551"", ""post_type"": ""trade_share"", ""title"": ""반도체 섹터 반등 확인! 오늘 삼성전자로 다시 진입했습니다."", ""like_count"": 0, ""unlike_count"": 0, ""score"": 0}, {""post_id"": 48, ""anonymous_code"": ""황소-4980"", ""post_type"": ""trade_share"", ""title"": ""떨리는 손으로 매수했습니다. (삼성전자)"", ""like_count"": 0, ""unlike_count"": 0, ""score"": 0}, {""post_id"": 49, ""anonymous_code"": ""여우-1683"", ""post_type"": ""profit_share"", ""title"": ""급등장에 전량 매도, 손실 확정... 원칙의 한계를 다시 씁니다."", ""like_count"": 0, ""unlike_count"": 0, ""score"": 0}, {""post_id"": 50, ""anonymous_code"": ""독수리-9332"", ""post_type"": ""profit_share"", ""title"": ""10% 수익 확정! 물타기 전략의 승리 (삼성전자)"", ""like_count"": 0, ""unlike_count"": 0, ""score"": 0}, {""post_id"": 51, ""anonymous_code"": ""황소-6990"", ""post_type"": ""trade_share"", ""title"": ""11% 수익 놓치고 매도... 타이밍 조절이 핵심이네요."", ""like_count"": 0, ""unlike_count"": 0, ""score"": 0}, {""post_id"": 52, ""anonymous_code"": ""펭귄-5408"", ""post_type"": ""profit_share"", ""title"": ""급등장에 팔아치웠습니다. 수익 10% 넘으면 바로 손절 (이익)!"", ""like_count"": 0, ""unlike_count"": 0, ""score"": 0}, {""post_id"": 53, ""anonymous_code"": ""독수리-1692"", ""post_type"": ""trade_share"", ""title"": ""19 만 원대 진입 완료... 이번엔 잡지 않겠습니다."", ""like_count"": 0, ""unlike_count"": 0, ""score"": 0}, {""post_id"": 55, ""anonymous_code"": ""곰-5671"", ""post_type"": ""trade_share"", ""title"": ""지정학적 공포에 팔았던 저점을 다시 샀습니다. (삼성전자)"", ""like_count"": 0, ""unlike_count"": 0, ""score"": 0}, {""post_id"": 56, ""anonymous_code"": ""늑대-3694"", ""post_type"": ""profit_share"", ""title"": ""10% 수익 원칙 지키며 매도 완료! 반도체 반등 주시 중"", ""like_count"": 0, ""unlike_count"": 0, ""score"": 0}]"
RN_COMM_ON_20260917,2026-03-05,8,A085,1,5,14,"[43, 44, 45, 46, 47, 48, 49, 50, 51, 52, 53, 54, 55, 56]","[{""post_id"": 43, ""anonymous_code"": ""사자-8925"", ""post_type"": ""trade_share"", ""title"": ""반등 확인 후 상승 추세를 믿고 비중 확대했습니다."", ""like_count"": 0, ""unlike_count"": 0, ""score"": 0}, {""post_id"": 44, ""anonymous_code"": ""황소-1620"", ""post_type"": ""profit_share"", ""title"": ""급반등에 팔아치웠습니다. 원칙이 살아있네요."", ""like_count"": 0, ""unlike_count"": 0, ""score"": 0}, {""post_id"": 45, ""anonymous_code"": ""돌고래-2979"", ""post_type"": ""trade_share"", ""title"": ""V자 반등에 다시 한 번 걸었습니다. (삼성전자)"", ""like_count"": 0, ""unlike_count"": 0, ""score"": 0}, {""post_id"": 46, ""anonymous_code"": ""황소-4770"", ""post_type"": ""trade_share"", ""title"": ""나락가는 줄 알았는데... 다시 매수했습니다."", ""like_count"": 0, ""unlike_count"": 0, ""score"": 0}, {""post_id"": 47, ""anonymous_code"": ""곰-8551"", ""post_type"": ""trade_share"", ""title"": ""반도체 섹터 반등 확인! 오늘 삼성전자로 다시 진입했습니다."", ""like_count"": 0, ""unlike_count"": 0, ""score"": 0}, {""post_id"": 48, ""anonymous_code"": ""황소-4980"", ""post_type"": ""trade_share"", ""title"": ""떨리는 손으로 매수했습니다. (삼성전자)"", ""like_count"": 0, ""unlike_count"": 0, ""score"": 0}, {""post_id"": 49, ""anonymous_code"": ""여우-1683"", ""post_type"": ""profit_share"", ""title"": ""급등장에 전량 매도, 손실 확정... 원칙의 한계를 다시 씁니다."", ""like_count"": 0, ""unlike_count"": 0, ""score"": 0}, {""post_id"": 50, ""anonymous_code"": ""독수리-9332"", ""post_type"": ""profit_share"", ""title"": ""10% 수익 확정! 물타기 전략의 승리 (삼성전자)"", ""like_count"": 0, ""unlike_count"": 0, ""score"": 0}, {""post_id"": 51, ""anonymous_code"": ""황소-6990"", ""post_type"": ""trade_share"", ""title"": ""11% 수익 놓치고 매도... 타이밍 조절이 핵심이네요."", ""like_count"": 0, ""unlike_count"": 0, ""score"": 0}, {""post_id"": 52, ""anonymous_code"": ""펭귄-5408"", ""post_type"": ""profit_share"", ""title"": ""급등장에 팔아치웠습니다. 수익 10% 넘으면 바로 손절 (이익)!"", ""like_count"": 0, ""unlike_count"": 0, ""score"": 0}, {""post_id"": 53, ""anonymous_code"": ""독수리-1692"", ""post_type"": ""trade_share"", ""title"": ""19 만 원대 진입 완료... 이번엔 잡지 않겠습니다."", ""like_count"": 0, ""unlike_count"": 0, ""score"": 0}, {""post_id"": 54, ""anonymous_code"": ""독수리-6722"", ""post_type"": ""trade_share"", ""title"": ""다시 한번 손절 라인 확인... 추격 매수는 절대 안 됨!"", ""like_count"": 0, ""unlike_count"": 0, ""score"": 0}, {""post_id"": 55, ""anonymous_code"": ""곰-5671"", ""post_type"": ""trade_share"", ""title"": ""지정학적 공포에 팔았던 저점을 다시 샀습니다. (삼성전자)"", ""like_count"": 0, ""unlike_count"": 0, ""score"": 0}, {""post_id"": 56, ""anonymous_code"": ""늑대-3694"", ""post_type"": ""profit_share"", ""title"": ""10% 수익 원칙 지키며 매도 완료! 반도체 반등 주시 중"", ""like_count"": 0, ""unlike_count"": 0, ""score"": 0}]"
RN_COMM_ON_20260917,2026-03-05,8,A086,1,5,14,"[43, 44, 45, 46, 47, 48, 49, 50, 51, 52, 53, 54, 55, 56]","[{""post_id"": 43, ""anonymous_code"": ""사자-8925"", ""post_type"": ""trade_share"", ""title"": ""반등 확인 후 상승 추세를 믿고 비중 확대했습니다."", ""like_count"": 0, ""unlike_count"": 0, ""score"": 0}, {""post_id"": 44, ""anonymous_code"": ""황소-1620"", ""post_type"": ""profit_share"", ""title"": ""급반등에 팔아치웠습니다. 원칙이 살아있네요."", ""like_count"": 0, ""unlike_count"": 0, ""score"": 0}, {""post_id"": 45, ""anonymous_code"": ""돌고래-2979"", ""post_type"": ""trade_share"", ""title"": ""V자 반등에 다시 한 번 걸었습니다. (삼성전자)"", ""like_count"": 0, ""unlike_count"": 0, ""score"": 0}, {""post_id"": 46, ""anonymous_code"": ""황소-4770"", ""post_type"": ""trade_share"", ""title"": ""나락가는 줄 알았는데... 다시 매수했습니다."", ""like_count"": 0, ""unlike_count"": 0, ""score"": 0}, {""post_id"": 47, ""anonymous_code"": ""곰-8551"", ""post_type"": ""trade_share"", ""title"": ""반도체 섹터 반등 확인! 오늘 삼성전자로 다시 진입했습니다."", ""like_count"": 0, ""unlike_count"": 0, ""score"": 0}, {""post_id"": 48, ""anonymous_code"": ""황소-4980"", ""post_type"": ""trade_share"", ""title"": ""떨리는 손으로 매수했습니다. (삼성전자)"", ""like_count"": 0, ""unlike_count"": 0, ""score"": 0}, {""post_id"": 49, ""anonymous_code"": ""여우-1683"", ""post_type"": ""profit_share"", ""title"": ""급등장에 전량 매도, 손실 확정... 원칙의 한계를 다시 씁니다."", ""like_count"": 0, ""unlike_count"": 0, ""score"": 0}, {""post_id"": 50, ""anonymous_code"": ""독수리-9332"", ""post_type"": ""profit_share"", ""title"": ""10% 수익 확정! 물타기 전략의 승리 (삼성전자)"", ""like_count"": 0, ""unlike_count"": 0, ""score"": 0}, {""post_id"": 51, ""anonymous_code"": ""황소-6990"", ""post_type"": ""trade_share"", ""title"": ""11% 수익 놓치고 매도... 타이밍 조절이 핵심이네요."", ""like_count"": 0, ""unlike_count"": 0, ""score"": 0}, {""post_id"": 52, ""anonymous_code"": ""펭귄-5408"", ""post_type"": ""profit_share"", ""title"": ""급등장에 팔아치웠습니다. 수익 10% 넘으면 바로 손절 (이익)!"", ""like_count"": 0, ""unlike_count"": 0, ""score"": 0}, {""post_id"": 53, ""anonymous_code"": ""독수리-1692"", ""post_type"": ""trade_share"", ""title"": ""19 만 원대 진입 완료... 이번엔 잡지 않겠습니다."", ""like_count"": 0, ""unlike_count"": 0, ""score"": 0}, {""post_id"": 54, ""anonymous_code"": ""독수리-6722"", ""post_type"": ""trade_share"", ""title"": ""다시 한번 손절 라인 확인... 추격 매수는 절대 안 됨!"", ""like_count"": 0, ""unlike_count"": 0, ""score"": 0}, {""post_id"": 55, ""anonymous_code"": ""곰-5671"", ""post_type"": ""trade_share"", ""title"": ""지정학적 공포에 팔았던 저점을 다시 샀습니다. (삼성전자)"", ""like_count"": 0, ""unlike_count"": 0, ""score"": 0}, {""post_id"": 56, ""anonymous_code"": ""늑대-3694"", ""post_type"": ""profit_share"", ""title"": ""10% 수익 원칙 지키며 매도 완료! 반도체 반등 주시 중"", ""like_count"": 0, ""unlike_count"": 0, ""score"": 0}]"
RN_COMM_ON_20260917,2026-03-05,8,A087,1,5,14,"[43, 44, 45, 46, 47, 48, 49, 50, 51, 52, 53, 54, 55, 56]","[{""post_id"": 43, ""anonymous_code"": ""사자-8925"", ""post_type"": ""trade_share"", ""title"": ""반등 확인 후 상승 추세를 믿고 비중 확대했습니다."", ""like_count"": 0, ""unlike_count"": 0, ""score"": 0}, {""post_id"": 44, ""anonymous_code"": ""황소-1620"", ""post_type"": ""profit_share"", ""title"": ""급반등에 팔아치웠습니다. 원칙이 살아있네요."", ""like_count"": 0, ""unlike_count"": 0, ""score"": 0}, {""post_id"": 45, ""anonymous_code"": ""돌고래-2979"", ""post_type"": ""trade_share"", ""title"": ""V자 반등에 다시 한 번 걸었습니다. (삼성전자)"", ""like_count"": 0, ""unlike_count"": 0, ""score"": 0}, {""post_id"": 46, ""anonymous_code"": ""황소-4770"", ""post_type"": ""trade_share"", ""title"": ""나락가는 줄 알았는데... 다시 매수했습니다."", ""like_count"": 0, ""unlike_count"": 0, ""score"": 0}, {""post_id"": 47, ""anonymous_code"": ""곰-8551"", ""post_type"": ""trade_share"", ""title"": ""반도체 섹터 반등 확인! 오늘 삼성전자로 다시 진입했습니다."", ""like_count"": 0, ""unlike_count"": 0, ""score"": 0}, {""post_id"": 48, ""anonymous_code"": ""황소-4980"", ""post_type"": ""trade_share"", ""title"": ""떨리는 손으로 매수했습니다. (삼성전자)"", ""like_count"": 0, ""unlike_count"": 0, ""score"": 0}, {""post_id"": 49, ""anonymous_code"": ""여우-1683"", ""post_type"": ""profit_share"", ""title"": ""급등장에 전량 매도, 손실 확정... 원칙의 한계를 다시 씁니다."", ""like_count"": 0, ""unlike_count"": 0, ""score"": 0}, {""post_id"": 50, ""anonymous_code"": ""독수리-9332"", ""post_type"": ""profit_share"", ""title"": ""10% 수익 확정! 물타기 전략의 승리 (삼성전자)"", ""like_count"": 0, ""unlike_count"": 0, ""score"": 0}, {""post_id"": 51, ""anonymous_code"": ""황소-6990"", ""post_type"": ""trade_share"", ""title"": ""11% 수익 놓치고 매도... 타이밍 조절이 핵심이네요."", ""like_count"": 0, ""unlike_count"": 0, ""score"": 0}, {""post_id"": 52, ""anonymous_code"": ""펭귄-5408"", ""post_type"": ""profit_share"", ""title"": ""급등장에 팔아치웠습니다. 수익 10% 넘으면 바로 손절 (이익)!"", ""like_count"": 0, ""unlike_count"": 0, ""score"": 0}, {""post_id"": 53, ""anonymous_code"": ""독수리-1692"", ""post_type"": ""trade_share"", ""title"": ""19 만 원대 진입 완료... 이번엔 잡지 않겠습니다."", ""like_count"": 0, ""unlike_count"": 0, ""score"": 0}, {""post_id"": 54, ""anonymous_code"": ""독수리-6722"", ""post_type"": ""trade_share"", ""title"": ""다시 한번 손절 라인 확인... 추격 매수는 절대 안 됨!"", ""like_count"": 0, ""unlike_count"": 0, ""score"": 0}, {""post_id"": 55, ""anonymous_code"": ""곰-5671"", ""post_type"": ""trade_share"", ""title"": ""지정학적 공포에 팔았던 저점을 다시 샀습니다. (삼성전자)"", ""like_count"": 0, ""unlike_count"": 0, ""score"": 0}, {""post_id"": 56, ""anonymous_code"": ""늑대-3694"", ""post_type"": ""profit_share"", ""title"": ""10% 수익 원칙 지키며 매도 완료! 반도체 반등 주시 중"", ""like_count"": 0, ""unlike_count"": 0, ""score"": 0}]"
RN_COMM_ON_20260917,2026-03-05,8,A090,1,5,14,"[43, 44, 45, 46, 47, 48, 49, 50, 51, 52, 53, 54, 55, 56]","[{""post_id"": 43, ""anonymous_code"": ""사자-8925"", ""post_type"": ""trade_share"", ""title"": ""반등 확인 후 상승 추세를 믿고 비중 확대했습니다."", ""like_count"": 0, ""unlike_count"": 0, ""score"": 0}, {""post_id"": 44, ""anonymous_code"": ""황소-1620"", ""post_type"": ""profit_share"", ""title"": ""급반등에 팔아치웠습니다. 원칙이 살아있네요."", ""like_count"": 0, ""unlike_count"": 0, ""score"": 0}, {""post_id"": 45, ""anonymous_code"": ""돌고래-2979"", ""post_type"": ""trade_share"", ""title"": ""V자 반등에 다시 한 번 걸었습니다. (삼성전자)"", ""like_count"": 0, ""unlike_count"": 0, ""score"": 0}, {""post_id"": 46, ""anonymous_code"": ""황소-4770"", ""post_type"": ""trade_share"", ""title"": ""나락가는 줄 알았는데... 다시 매수했습니다."", ""like_count"": 0, ""unlike_count"": 0, ""score"": 0}, {""post_id"": 47, ""anonymous_code"": ""곰-8551"", ""post_type"": ""trade_share"", ""title"": ""반도체 섹터 반등 확인! 오늘 삼성전자로 다시 진입했습니다."", ""like_count"": 0, ""unlike_count"": 0, ""score"": 0}, {""post_id"": 48, ""anonymous_code"": ""황소-4980"", ""post_type"": ""trade_share"", ""title"": ""떨리는 손으로 매수했습니다. (삼성전자)"", ""like_count"": 0, ""unlike_count"": 0, ""score"": 0}, {""post_id"": 49, ""anonymous_code"": ""여우-1683"", ""post_type"": ""profit_share"", ""title"": ""급등장에 전량 매도, 손실 확정... 원칙의 한계를 다시 씁니다."", ""like_count"": 0, ""unlike_count"": 0, ""score"": 0}, {""post_id"": 50, ""anonymous_code"": ""독수리-9332"", ""post_type"": ""profit_share"", ""title"": ""10% 수익 확정! 물타기 전략의 승리 (삼성전자)"", ""like_count"": 0, ""unlike_count"": 0, ""score"": 0}, {""post_id"": 51, ""anonymous_code"": ""황소-6990"", ""post_type"": ""trade_share"", ""title"": ""11% 수익 놓치고 매도... 타이밍 조절이 핵심이네요."", ""like_count"": 0, ""unlike_count"": 0, ""score"": 0}, {""post_id"": 52, ""anonymous_code"": ""펭귄-5408"", ""post_type"": ""profit_share"", ""title"": ""급등장에 팔아치웠습니다. 수익 10% 넘으면 바로 손절 (이익)!"", ""like_count"": 0, ""unlike_count"": 0, ""score"": 0}, {""post_id"": 53, ""anonymous_code"": ""독수리-1692"", ""post_type"": ""trade_share"", ""title"": ""19 만 원대 진입 완료... 이번엔 잡지 않겠습니다."", ""like_count"": 0, ""unlike_count"": 0, ""score"": 0}, {""post_id"": 54, ""anonymous_code"": ""독수리-6722"", ""post_type"": ""trade_share"", ""title"": ""다시 한번 손절 라인 확인... 추격 매수는 절대 안 됨!"", ""like_count"": 0, ""unlike_count"": 0, ""score"": 0}, {""post_id"": 55, ""anonymous_code"": ""곰-5671"", ""post_type"": ""trade_share"", ""title"": ""지정학적 공포에 팔았던 저점을 다시 샀습니다. (삼성전자)"", ""like_count"": 0, ""unlike_count"": 0, ""score"": 0}, {""post_id"": 56, ""anonymous_code"": ""늑대-3694"", ""post_type"": ""profit_share"", ""title"": ""10% 수익 원칙 지키며 매도 완료! 반도체 반등 주시 중"", ""like_count"": 0, ""unlike_count"": 0, ""score"": 0}]"
RN_COMM_ON_20260917,2026-03-05,8,A089,1,5,14,"[43, 44, 45, 46, 47, 48, 49, 50, 51, 52, 53, 54, 55, 56]","[{""post_id"": 43, ""anonymous_code"": ""사자-8925"", ""post_type"": ""trade_share"", ""title"": ""반등 확인 후 상승 추세를 믿고 비중 확대했습니다."", ""like_count"": 0, ""unlike_count"": 0, ""score"": 0}, {""post_id"": 44, ""anonymous_code"": ""황소-1620"", ""post_type"": ""profit_share"", ""title"": ""급반등에 팔아치웠습니다. 원칙이 살아있네요."", ""like_count"": 0, ""unlike_count"": 0, ""score"": 0}, {""post_id"": 45, ""anonymous_code"": ""돌고래-2979"", ""post_type"": ""trade_share"", ""title"": ""V자 반등에 다시 한 번 걸었습니다. (삼성전자)"", ""like_count"": 0, ""unlike_count"": 0, ""score"": 0}, {""post_id"": 46, ""anonymous_code"": ""황소-4770"", ""post_type"": ""trade_share"", ""title"": ""나락가는 줄 알았는데... 다시 매수했습니다."", ""like_count"": 0, ""unlike_count"": 0, ""score"": 0}, {""post_id"": 47, ""anonymous_code"": ""곰-8551"", ""post_type"": ""trade_share"", ""title"": ""반도체 섹터 반등 확인! 오늘 삼성전자로 다시 진입했습니다."", ""like_count"": 0, ""unlike_count"": 0, ""score"": 0}, {""post_id"": 48, ""anonymous_code"": ""황소-4980"", ""post_type"": ""trade_share"", ""title"": ""떨리는 손으로 매수했습니다. (삼성전자)"", ""like_count"": 0, ""unlike_count"": 0, ""score"": 0}, {""post_id"": 49, ""anonymous_code"": ""여우-1683"", ""post_type"": ""profit_share"", ""title"": ""급등장에 전량 매도, 손실 확정... 원칙의 한계를 다시 씁니다."", ""like_count"": 0, ""unlike_count"": 0, ""score"": 0}, {""post_id"": 50, ""anonymous_code"": ""독수리-9332"", ""post_type"": ""profit_share"", ""title"": ""10% 수익 확정! 물타기 전략의 승리 (삼성전자)"", ""like_count"": 0, ""unlike_count"": 0, ""score"": 0}, {""post_id"": 51, ""anonymous_code"": ""황소-6990"", ""post_type"": ""trade_share"", ""title"": ""11% 수익 놓치고 매도... 타이밍 조절이 핵심이네요."", ""like_count"": 0, ""unlike_count"": 0, ""score"": 0}, {""post_id"": 52, ""anonymous_code"": ""펭귄-5408"", ""post_type"": ""profit_share"", ""title"": ""급등장에 팔아치웠습니다. 수익 10% 넘으면 바로 손절 (이익)!"", ""like_count"": 0, ""unlike_count"": 0, ""score"": 0}, {""post_id"": 53, ""anonymous_code"": ""독수리-1692"", ""post_type"": ""trade_share"", ""title"": ""19 만 원대 진입 완료... 이번엔 잡지 않겠습니다."", ""like_count"": 0, ""unlike_count"": 0, ""score"": 0}, {""post_id"": 54, ""anonymous_code"": ""독수리-6722"", ""post_type"": ""trade_share"", ""title"": ""다시 한번 손절 라인 확인... 추격 매수는 절대 안 됨!"", ""like_count"": 0, ""unlike_count"": 0, ""score"": 0}, {""post_id"": 55, ""anonymous_code"": ""곰-5671"", ""post_type"": ""trade_share"", ""title"": ""지정학적 공포에 팔았던 저점을 다시 샀습니다. (삼성전자)"", ""like_count"": 0, ""unlike_count"": 0, ""score"": 0}, {""post_id"": 56, ""anonymous_code"": ""늑대-3694"", ""post_type"": ""profit_share"", ""title"": ""10% 수익 원칙 지키며 매도 완료! 반도체 반등 주시 중"", ""like_count"": 0, ""unlike_count"": 0, ""score"": 0}]"
RN_COMM_ON_20260917,2026-03-05,8,A091,2,5,14,"[43, 44, 45, 46, 47, 48, 49, 50, 51, 52, 53, 54, 55, 56]","[{""post_id"": 43, ""anonymous_code"": ""사자-8925"", ""post_type"": ""trade_share"", ""title"": ""반등 확인 후 상승 추세를 믿고 비중 확대했습니다."", ""like_count"": 0, ""unlike_count"": 0, ""score"": 0}, {""post_id"": 44, ""anonymous_code"": ""황소-1620"", ""post_type"": ""profit_share"", ""title"": ""급반등에 팔아치웠습니다. 원칙이 살아있네요."", ""like_count"": 0, ""unlike_count"": 0, ""score"": 0}, {""post_id"": 45, ""anonymous_code"": ""돌고래-2979"", ""post_type"": ""trade_share"", ""title"": ""V자 반등에 다시 한 번 걸었습니다. (삼성전자)"", ""like_count"": 0, ""unlike_count"": 0, ""score"": 0}, {""post_id"": 46, ""anonymous_code"": ""황소-4770"", ""post_type"": ""trade_share"", ""title"": ""나락가는 줄 알았는데... 다시 매수했습니다."", ""like_count"": 0, ""unlike_count"": 0, ""score"": 0}, {""post_id"": 47, ""anonymous_code"": ""곰-8551"", ""post_type"": ""trade_share"", ""title"": ""반도체 섹터 반등 확인! 오늘 삼성전자로 다시 진입했습니다."", ""like_count"": 0, ""unlike_count"": 0, ""score"": 0}, {""post_id"": 48, ""anonymous_code"": ""황소-4980"", ""post_type"": ""trade_share"", ""title"": ""떨리는 손으로 매수했습니다. (삼성전자)"", ""like_count"": 0, ""unlike_count"": 0, ""score"": 0}, {""post_id"": 49, ""anonymous_code"": ""여우-1683"", ""post_type"": ""profit_share"", ""title"": ""급등장에 전량 매도, 손실 확정... 원칙의 한계를 다시 씁니다."", ""like_count"": 0, ""unlike_count"": 0, ""score"": 0}, {""post_id"": 50, ""anonymous_code"": ""독수리-9332"", ""post_type"": ""profit_share"", ""title"": ""10% 수익 확정! 물타기 전략의 승리 (삼성전자)"", ""like_count"": 0, ""unlike_count"": 0, ""score"": 0}, {""post_id"": 51, ""anonymous_code"": ""황소-6990"", ""post_type"": ""trade_share"", ""title"": ""11% 수익 놓치고 매도... 타이밍 조절이 핵심이네요."", ""like_count"": 0, ""unlike_count"": 0, ""score"": 0}, {""post_id"": 52, ""anonymous_code"": ""펭귄-5408"", ""post_type"": ""profit_share"", ""title"": ""급등장에 팔아치웠습니다. 수익 10% 넘으면 바로 손절 (이익)!"", ""like_count"": 0, ""unlike_count"": 0, ""score"": 0}, {""post_id"": 53, ""anonymous_code"": ""독수리-1692"", ""post_type"": ""trade_share"", ""title"": ""19 만 원대 진입 완료... 이번엔 잡지 않겠습니다."", ""like_count"": 0, ""unlike_count"": 0, ""score"": 0}, {""post_id"": 54, ""anonymous_code"": ""독수리-6722"", ""post_type"": ""trade_share"", ""title"": ""다시 한번 손절 라인 확인... 추격 매수는 절대 안 됨!"", ""like_count"": 0, ""unlike_count"": 0, ""score"": 0}, {""post_id"": 55, ""anonymous_code"": ""곰-5671"", ""post_type"": ""trade_share"", ""title"": ""지정학적 공포에 팔았던 저점을 다시 샀습니다. (삼성전자)"", ""like_count"": 0, ""unlike_count"": 0, ""score"": 0}, {""post_id"": 56, ""anonymous_code"": ""늑대-3694"", ""post_type"": ""profit_share"", ""title"": ""10% 수익 원칙 지키며 매도 완료! 반도체 반등 주시 중"", ""like_count"": 0, ""unlike_count"": 0, ""score"": 0}]"
RN_COMM_ON_20260917,2026-03-05,8,A092,1,5,14,"[43, 44, 45, 46, 47, 48, 49, 50, 51, 52, 53, 54, 55, 56]","[{""post_id"": 43, ""anonymous_code"": ""사자-8925"", ""post_type"": ""trade_share"", ""title"": ""반등 확인 후 상승 추세를 믿고 비중 확대했습니다."", ""like_count"": 0, ""unlike_count"": 0, ""score"": 0}, {""post_id"": 44, ""anonymous_code"": ""황소-1620"", ""post_type"": ""profit_share"", ""title"": ""급반등에 팔아치웠습니다. 원칙이 살아있네요."", ""like_count"": 0, ""unlike_count"": 0, ""score"": 0}, {""post_id"": 45, ""anonymous_code"": ""돌고래-2979"", ""post_type"": ""trade_share"", ""title"": ""V자 반등에 다시 한 번 걸었습니다. (삼성전자)"", ""like_count"": 0, ""unlike_count"": 0, ""score"": 0}, {""post_id"": 46, ""anonymous_code"": ""황소-4770"", ""post_type"": ""trade_share"", ""title"": ""나락가는 줄 알았는데... 다시 매수했습니다."", ""like_count"": 0, ""unlike_count"": 0, ""score"": 0}, {""post_id"": 47, ""anonymous_code"": ""곰-8551"", ""post_type"": ""trade_share"", ""title"": ""반도체 섹터 반등 확인! 오늘 삼성전자로 다시 진입했습니다."", ""like_count"": 0, ""unlike_count"": 0, ""score"": 0}, {""post_id"": 48, ""anonymous_code"": ""황소-4980"", ""post_type"": ""trade_share"", ""title"": ""떨리는 손으로 매수했습니다. (삼성전자)"", ""like_count"": 0, ""unlike_count"": 0, ""score"": 0}, {""post_id"": 49, ""anonymous_code"": ""여우-1683"", ""post_type"": ""profit_share"", ""title"": ""급등장에 전량 매도, 손실 확정... 원칙의 한계를 다시 씁니다."", ""like_count"": 0, ""unlike_count"": 0, ""score"": 0}, {""post_id"": 50, ""anonymous_code"": ""독수리-9332"", ""post_type"": ""profit_share"", ""title"": ""10% 수익 확정! 물타기 전략의 승리 (삼성전자)"", ""like_count"": 0, ""unlike_count"": 0, ""score"": 0}, {""post_id"": 51, ""anonymous_code"": ""황소-6990"", ""post_type"": ""trade_share"", ""title"": ""11% 수익 놓치고 매도... 타이밍 조절이 핵심이네요."", ""like_count"": 0, ""unlike_count"": 0, ""score"": 0}, {""post_id"": 52, ""anonymous_code"": ""펭귄-5408"", ""post_type"": ""profit_share"", ""title"": ""급등장에 팔아치웠습니다. 수익 10% 넘으면 바로 손절 (이익)!"", ""like_count"": 0, ""unlike_count"": 0, ""score"": 0}, {""post_id"": 53, ""anonymous_code"": ""독수리-1692"", ""post_type"": ""trade_share"", ""title"": ""19 만 원대 진입 완료... 이번엔 잡지 않겠습니다."", ""like_count"": 0, ""unlike_count"": 0, ""score"": 0}, {""post_id"": 54, ""anonymous_code"": ""독수리-6722"", ""post_type"": ""trade_share"", ""title"": ""다시 한번 손절 라인 확인... 추격 매수는 절대 안 됨!"", ""like_count"": 0, ""unlike_count"": 0, ""score"": 0}, {""post_id"": 55, ""anonymous_code"": ""곰-5671"", ""post_type"": ""trade_share"", ""title"": ""지정학적 공포에 팔았던 저점을 다시 샀습니다. (삼성전자)"", ""like_count"": 0, ""unlike_count"": 0, ""score"": 0}, {""post_id"": 56, ""anonymous_code"": ""늑대-3694"", ""post_type"": ""profit_share"", ""title"": ""10% 수익 원칙 지키며 매도 완료! 반도체 반등 주시 중"", ""like_count"": 0, ""unlike_count"": 0, ""score"": 0}]"
RN_COMM_ON_20260917,2026-03-05,8,A093,1,5,14,"[43, 44, 45, 46, 47, 48, 49, 50, 51, 52, 53, 54, 55, 56]","[{""post_id"": 43, ""anonymous_code"": ""사자-8925"", ""post_type"": ""trade_share"", ""title"": ""반등 확인 후 상승 추세를 믿고 비중 확대했습니다."", ""like_count"": 0, ""unlike_count"": 0, ""score"": 0}, {""post_id"": 44, ""anonymous_code"": ""황소-1620"", ""post_type"": ""profit_share"", ""title"": ""급반등에 팔아치웠습니다. 원칙이 살아있네요."", ""like_count"": 0, ""unlike_count"": 0, ""score"": 0}, {""post_id"": 45, ""anonymous_code"": ""돌고래-2979"", ""post_type"": ""trade_share"", ""title"": ""V자 반등에 다시 한 번 걸었습니다. (삼성전자)"", ""like_count"": 0, ""unlike_count"": 0, ""score"": 0}, {""post_id"": 46, ""anonymous_code"": ""황소-4770"", ""post_type"": ""trade_share"", ""title"": ""나락가는 줄 알았는데... 다시 매수했습니다."", ""like_count"": 0, ""unlike_count"": 0, ""score"": 0}, {""post_id"": 47, ""anonymous_code"": ""곰-8551"", ""post_type"": ""trade_share"", ""title"": ""반도체 섹터 반등 확인! 오늘 삼성전자로 다시 진입했습니다."", ""like_count"": 0, ""unlike_count"": 0, ""score"": 0}, {""post_id"": 48, ""anonymous_code"": ""황소-4980"", ""post_type"": ""trade_share"", ""title"": ""떨리는 손으로 매수했습니다. (삼성전자)"", ""like_count"": 0, ""unlike_count"": 0, ""score"": 0}, {""post_id"": 49, ""anonymous_code"": ""여우-1683"", ""post_type"": ""profit_share"", ""title"": ""급등장에 전량 매도, 손실 확정... 원칙의 한계를 다시 씁니다."", ""like_count"": 0, ""unlike_count"": 0, ""score"": 0}, {""post_id"": 50, ""anonymous_code"": ""독수리-9332"", ""post_type"": ""profit_share"", ""title"": ""10% 수익 확정! 물타기 전략의 승리 (삼성전자)"", ""like_count"": 0, ""unlike_count"": 0, ""score"": 0}, {""post_id"": 51, ""anonymous_code"": ""황소-6990"", ""post_type"": ""trade_share"", ""title"": ""11% 수익 놓치고 매도... 타이밍 조절이 핵심이네요."", ""like_count"": 0, ""unlike_count"": 0, ""score"": 0}, {""post_id"": 52, ""anonymous_code"": ""펭귄-5408"", ""post_type"": ""profit_share"", ""title"": ""급등장에 팔아치웠습니다. 수익 10% 넘으면 바로 손절 (이익)!"", ""like_count"": 0, ""unlike_count"": 0, ""score"": 0}, {""post_id"": 53, ""anonymous_code"": ""독수리-1692"", ""post_type"": ""trade_share"", ""title"": ""19 만 원대 진입 완료... 이번엔 잡지 않겠습니다."", ""like_count"": 0, ""unlike_count"": 0, ""score"": 0}, {""post_id"": 54, ""anonymous_code"": ""독수리-6722"", ""post_type"": ""trade_share"", ""title"": ""다시 한번 손절 라인 확인... 추격 매수는 절대 안 됨!"", ""like_count"": 0, ""unlike_count"": 0, ""score"": 0}, {""post_id"": 55, ""anonymous_code"": ""곰-5671"", ""post_type"": ""trade_share"", ""title"": ""지정학적 공포에 팔았던 저점을 다시 샀습니다. (삼성전자)"", ""like_count"": 0, ""unlike_count"": 0, ""score"": 0}, {""post_id"": 56, ""anonymous_code"": ""늑대-3694"", ""post_type"": ""profit_share"", ""title"": ""10% 수익 원칙 지키며 매도 완료! 반도체 반등 주시 중"", ""like_count"": 0, ""unlike_count"": 0, ""score"": 0}]"
RN_COMM_ON_20260917,2026-03-05,8,A095,1,5,14,"[43, 44, 45, 46, 47, 48, 49, 50, 51, 52, 53, 54, 55, 56]","[{""post_id"": 43, ""anonymous_code"": ""사자-8925"", ""post_type"": ""trade_share"", ""title"": ""반등 확인 후 상승 추세를 믿고 비중 확대했습니다."", ""like_count"": 0, ""unlike_count"": 0, ""score"": 0}, {""post_id"": 44, ""anonymous_code"": ""황소-1620"", ""post_type"": ""profit_share"", ""title"": ""급반등에 팔아치웠습니다. 원칙이 살아있네요."", ""like_count"": 0, ""unlike_count"": 0, ""score"": 0}, {""post_id"": 45, ""anonymous_code"": ""돌고래-2979"", ""post_type"": ""trade_share"", ""title"": ""V자 반등에 다시 한 번 걸었습니다. (삼성전자)"", ""like_count"": 0, ""unlike_count"": 0, ""score"": 0}, {""post_id"": 46, ""anonymous_code"": ""황소-4770"", ""post_type"": ""trade_share"", ""title"": ""나락가는 줄 알았는데... 다시 매수했습니다."", ""like_count"": 0, ""unlike_count"": 0, ""score"": 0}, {""post_id"": 47, ""anonymous_code"": ""곰-8551"", ""post_type"": ""trade_share"", ""title"": ""반도체 섹터 반등 확인! 오늘 삼성전자로 다시 진입했습니다."", ""like_count"": 0, ""unlike_count"": 0, ""score"": 0}, {""post_id"": 48, ""anonymous_code"": ""황소-4980"", ""post_type"": ""trade_share"", ""title"": ""떨리는 손으로 매수했습니다. (삼성전자)"", ""like_count"": 0, ""unlike_count"": 0, ""score"": 0}, {""post_id"": 49, ""anonymous_code"": ""여우-1683"", ""post_type"": ""profit_share"", ""title"": ""급등장에 전량 매도, 손실 확정... 원칙의 한계를 다시 씁니다."", ""like_count"": 0, ""unlike_count"": 0, ""score"": 0}, {""post_id"": 50, ""anonymous_code"": ""독수리-9332"", ""post_type"": ""profit_share"", ""title"": ""10% 수익 확정! 물타기 전략의 승리 (삼성전자)"", ""like_count"": 0, ""unlike_count"": 0, ""score"": 0}, {""post_id"": 51, ""anonymous_code"": ""황소-6990"", ""post_type"": ""trade_share"", ""title"": ""11% 수익 놓치고 매도... 타이밍 조절이 핵심이네요."", ""like_count"": 0, ""unlike_count"": 0, ""score"": 0}, {""post_id"": 52, ""anonymous_code"": ""펭귄-5408"", ""post_type"": ""profit_share"", ""title"": ""급등장에 팔아치웠습니다. 수익 10% 넘으면 바로 손절 (이익)!"", ""like_count"": 0, ""unlike_count"": 0, ""score"": 0}, {""post_id"": 53, ""anonymous_code"": ""독수리-1692"", ""post_type"": ""trade_share"", ""title"": ""19 만 원대 진입 완료... 이번엔 잡지 않겠습니다."", ""like_count"": 0, ""unlike_count"": 0, ""score"": 0}, {""post_id"": 54, ""anonymous_code"": ""독수리-6722"", ""post_type"": ""trade_share"", ""title"": ""다시 한번 손절 라인 확인... 추격 매수는 절대 안 됨!"", ""like_count"": 0, ""unlike_count"": 0, ""score"": 0}, {""post_id"": 55, ""anonymous_code"": ""곰-5671"", ""post_type"": ""trade_share"", ""title"": ""지정학적 공포에 팔았던 저점을 다시 샀습니다. (삼성전자)"", ""like_count"": 0, ""unlike_count"": 0, ""score"": 0}, {""post_id"": 56, ""anonymous_code"": ""늑대-3694"", ""post_type"": ""profit_share"", ""title"": ""10% 수익 원칙 지키며 매도 완료! 반도체 반등 주시 중"", ""like_count"": 0, ""unlike_count"": 0, ""score"": 0}]"
RN_COMM_ON_20260917,2026-03-05,8,A096,2,5,14,"[43, 44, 45, 46, 47, 48, 49, 50, 51, 52, 53, 54, 55, 56]","[{""post_id"": 43, ""anonymous_code"": ""사자-8925"", ""post_type"": ""trade_share"", ""title"": ""반등 확인 후 상승 추세를 믿고 비중 확대했습니다."", ""like_count"": 0, ""unlike_count"": 0, ""score"": 0}, {""post_id"": 44, ""anonymous_code"": ""황소-1620"", ""post_type"": ""profit_share"", ""title"": ""급반등에 팔아치웠습니다. 원칙이 살아있네요."", ""like_count"": 0, ""unlike_count"": 0, ""score"": 0}, {""post_id"": 45, ""anonymous_code"": ""돌고래-2979"", ""post_type"": ""trade_share"", ""title"": ""V자 반등에 다시 한 번 걸었습니다. (삼성전자)"", ""like_count"": 0, ""unlike_count"": 0, ""score"": 0}, {""post_id"": 46, ""anonymous_code"": ""황소-4770"", ""post_type"": ""trade_share"", ""title"": ""나락가는 줄 알았는데... 다시 매수했습니다."", ""like_count"": 0, ""unlike_count"": 0, ""score"": 0}, {""post_id"": 47, ""anonymous_code"": ""곰-8551"", ""post_type"": ""trade_share"", ""title"": ""반도체 섹터 반등 확인! 오늘 삼성전자로 다시 진입했습니다."", ""like_count"": 0, ""unlike_count"": 0, ""score"": 0}, {""post_id"": 48, ""anonymous_code"": ""황소-4980"", ""post_type"": ""trade_share"", ""title"": ""떨리는 손으로 매수했습니다. (삼성전자)"", ""like_count"": 0, ""unlike_count"": 0, ""score"": 0}, {""post_id"": 49, ""anonymous_code"": ""여우-1683"", ""post_type"": ""profit_share"", ""title"": ""급등장에 전량 매도, 손실 확정... 원칙의 한계를 다시 씁니다."", ""like_count"": 0, ""unlike_count"": 0, ""score"": 0}, {""post_id"": 50, ""anonymous_code"": ""독수리-9332"", ""post_type"": ""profit_share"", ""title"": ""10% 수익 확정! 물타기 전략의 승리 (삼성전자)"", ""like_count"": 0, ""unlike_count"": 0, ""score"": 0}, {""post_id"": 51, ""anonymous_code"": ""황소-6990"", ""post_type"": ""trade_share"", ""title"": ""11% 수익 놓치고 매도... 타이밍 조절이 핵심이네요."", ""like_count"": 0, ""unlike_count"": 0, ""score"": 0}, {""post_id"": 52, ""anonymous_code"": ""펭귄-5408"", ""post_type"": ""profit_share"", ""title"": ""급등장에 팔아치웠습니다. 수익 10% 넘으면 바로 손절 (이익)!"", ""like_count"": 0, ""unlike_count"": 0, ""score"": 0}, {""post_id"": 53, ""anonymous_code"": ""독수리-1692"", ""post_type"": ""trade_share"", ""title"": ""19 만 원대 진입 완료... 이번엔 잡지 않겠습니다."", ""like_count"": 0, ""unlike_count"": 0, ""score"": 0}, {""post_id"": 54, ""anonymous_code"": ""독수리-6722"", ""post_type"": ""trade_share"", ""title"": ""다시 한번 손절 라인 확인... 추격 매수는 절대 안 됨!"", ""like_count"": 0, ""unlike_count"": 0, ""score"": 0}, {""post_id"": 55, ""anonymous_code"": ""곰-5671"", ""post_type"": ""trade_share"", ""title"": ""지정학적 공포에 팔았던 저점을 다시 샀습니다. (삼성전자)"", ""like_count"": 0, ""unlike_count"": 0, ""score"": 0}, {""post_id"": 56, ""anonymous_code"": ""늑대-3694"", ""post_type"": ""profit_share"", ""title"": ""10% 수익 원칙 지키며 매도 완료! 반도체 반등 주시 중"", ""like_count"": 0, ""unlike_count"": 0, ""score"": 0}]"
RN_COMM_ON_20260917,2026-03-05,8,A097,1,5,14,"[43, 44, 45, 46, 47, 48, 49, 50, 51, 52, 53, 54, 55, 56]","[{""post_id"": 43, ""anonymous_code"": ""사자-8925"", ""post_type"": ""trade_share"", ""title"": ""반등 확인 후 상승 추세를 믿고 비중 확대했습니다."", ""like_count"": 0, ""unlike_count"": 0, ""score"": 0}, {""post_id"": 44, ""anonymous_code"": ""황소-1620"", ""post_type"": ""profit_share"", ""title"": ""급반등에 팔아치웠습니다. 원칙이 살아있네요."", ""like_count"": 0, ""unlike_count"": 0, ""score"": 0}, {""post_id"": 45, ""anonymous_code"": ""돌고래-2979"", ""post_type"": ""trade_share"", ""title"": ""V자 반등에 다시 한 번 걸었습니다. (삼성전자)"", ""like_count"": 0, ""unlike_count"": 0, ""score"": 0}, {""post_id"": 46, ""anonymous_code"": ""황소-4770"", ""post_type"": ""trade_share"", ""title"": ""나락가는 줄 알았는데... 다시 매수했습니다."", ""like_count"": 0, ""unlike_count"": 0, ""score"": 0}, {""post_id"": 47, ""anonymous_code"": ""곰-8551"", ""post_type"": ""trade_share"", ""title"": ""반도체 섹터 반등 확인! 오늘 삼성전자로 다시 진입했습니다."", ""like_count"": 0, ""unlike_count"": 0, ""score"": 0}, {""post_id"": 48, ""anonymous_code"": ""황소-4980"", ""post_type"": ""trade_share"", ""title"": ""떨리는 손으로 매수했습니다. (삼성전자)"", ""like_count"": 0, ""unlike_count"": 0, ""score"": 0}, {""post_id"": 49, ""anonymous_code"": ""여우-1683"", ""post_type"": ""profit_share"", ""title"": ""급등장에 전량 매도, 손실 확정... 원칙의 한계를 다시 씁니다."", ""like_count"": 0, ""unlike_count"": 0, ""score"": 0}, {""post_id"": 50, ""anonymous_code"": ""독수리-9332"", ""post_type"": ""profit_share"", ""title"": ""10% 수익 확정! 물타기 전략의 승리 (삼성전자)"", ""like_count"": 0, ""unlike_count"": 0, ""score"": 0}, {""post_id"": 51, ""anonymous_code"": ""황소-6990"", ""post_type"": ""trade_share"", ""title"": ""11% 수익 놓치고 매도... 타이밍 조절이 핵심이네요."", ""like_count"": 0, ""unlike_count"": 0, ""score"": 0}, {""post_id"": 52, ""anonymous_code"": ""펭귄-5408"", ""post_type"": ""profit_share"", ""title"": ""급등장에 팔아치웠습니다. 수익 10% 넘으면 바로 손절 (이익)!"", ""like_count"": 0, ""unlike_count"": 0, ""score"": 0}, {""post_id"": 53, ""anonymous_code"": ""독수리-1692"", ""post_type"": ""trade_share"", ""title"": ""19 만 원대 진입 완료... 이번엔 잡지 않겠습니다."", ""like_count"": 0, ""unlike_count"": 0, ""score"": 0}, {""post_id"": 54, ""anonymous_code"": ""독수리-6722"", ""post_type"": ""trade_share"", ""title"": ""다시 한번 손절 라인 확인... 추격 매수는 절대 안 됨!"", ""like_count"": 0, ""unlike_count"": 0, ""score"": 0}, {""post_id"": 55, ""anonymous_code"": ""곰-5671"", ""post_type"": ""trade_share"", ""title"": ""지정학적 공포에 팔았던 저점을 다시 샀습니다. (삼성전자)"", ""like_count"": 0, ""unlike_count"": 0, ""score"": 0}, {""post_id"": 56, ""anonymous_code"": ""늑대-3694"", ""post_type"": ""profit_share"", ""title"": ""10% 수익 원칙 지키며 매도 완료! 반도체 반등 주시 중"", ""like_count"": 0, ""unlike_count"": 0, ""score"": 0}]"
RN_COMM_ON_20260917,2026-03-05,8,A098,1,5,13,"[43, 44, 45, 46, 47, 48, 49, 50, 51, 52, 53, 54, 55]","[{""post_id"": 43, ""anonymous_code"": ""사자-8925"", ""post_type"": ""trade_share"", ""title"": ""반등 확인 후 상승 추세를 믿고 비중 확대했습니다."", ""like_count"": 0, ""unlike_count"": 0, ""score"": 0}, {""post_id"": 44, ""anonymous_code"": ""황소-1620"", ""post_type"": ""profit_share"", ""title"": ""급반등에 팔아치웠습니다. 원칙이 살아있네요."", ""like_count"": 0, ""unlike_count"": 0, ""score"": 0}, {""post_id"": 45, ""anonymous_code"": ""돌고래-2979"", ""post_type"": ""trade_share"", ""title"": ""V자 반등에 다시 한 번 걸었습니다. (삼성전자)"", ""like_count"": 0, ""unlike_count"": 0, ""score"": 0}, {""post_id"": 46, ""anonymous_code"": ""황소-4770"", ""post_type"": ""trade_share"", ""title"": ""나락가는 줄 알았는데... 다시 매수했습니다."", ""like_count"": 0, ""unlike_count"": 0, ""score"": 0}, {""post_id"": 47, ""anonymous_code"": ""곰-8551"", ""post_type"": ""trade_share"", ""title"": ""반도체 섹터 반등 확인! 오늘 삼성전자로 다시 진입했습니다."", ""like_count"": 0, ""unlike_count"": 0, ""score"": 0}, {""post_id"": 48, ""anonymous_code"": ""황소-4980"", ""post_type"": ""trade_share"", ""title"": ""떨리는 손으로 매수했습니다. (삼성전자)"", ""like_count"": 0, ""unlike_count"": 0, ""score"": 0}, {""post_id"": 49, ""anonymous_code"": ""여우-1683"", ""post_type"": ""profit_share"", ""title"": ""급등장에 전량 매도, 손실 확정... 원칙의 한계를 다시 씁니다."", ""like_count"": 0, ""unlike_count"": 0, ""score"": 0}, {""post_id"": 50, ""anonymous_code"": ""독수리-9332"", ""post_type"": ""profit_share"", ""title"": ""10% 수익 확정! 물타기 전략의 승리 (삼성전자)"", ""like_count"": 0, ""unlike_count"": 0, ""score"": 0}, {""post_id"": 51, ""anonymous_code"": ""황소-6990"", ""post_type"": ""trade_share"", ""title"": ""11% 수익 놓치고 매도... 타이밍 조절이 핵심이네요."", ""like_count"": 0, ""unlike_count"": 0, ""score"": 0}, {""post_id"": 52, ""anonymous_code"": ""펭귄-5408"", ""post_type"": ""profit_share"", ""title"": ""급등장에 팔아치웠습니다. 수익 10% 넘으면 바로 손절 (이익)!"", ""like_count"": 0, ""unlike_count"": 0, ""score"": 0}, {""post_id"": 53, ""anonymous_code"": ""독수리-1692"", ""post_type"": ""trade_share"", ""title"": ""19 만 원대 진입 완료... 이번엔 잡지 않겠습니다."", ""like_count"": 0, ""unlike_count"": 0, ""score"": 0}, {""post_id"": 54, ""anonymous_code"": ""독수리-6722"", ""post_type"": ""trade_share"", ""title"": ""다시 한번 손절 라인 확인... 추격 매수는 절대 안 됨!"", ""like_count"": 0, ""unlike_count"": 0, ""score"": 0}, {""post_id"": 55, ""anonymous_code"": ""곰-5671"", ""post_type"": ""trade_share"", ""title"": ""지정학적 공포에 팔았던 저점을 다시 샀습니다. (삼성전자)"", ""like_count"": 0, ""unlike_count"": 0, ""score"": 0}]"
RN_COMM_ON_20260917,2026-03-05,8,A094,1,5,13,"[43, 44, 45, 46, 47, 48, 49, 50, 51, 52, 53, 54, 56]","[{""post_id"": 43, ""anonymous_code"": ""사자-8925"", ""post_type"": ""trade_share"", ""title"": ""반등 확인 후 상승 추세를 믿고 비중 확대했습니다."", ""like_count"": 0, ""unlike_count"": 0, ""score"": 0}, {""post_id"": 44, ""anonymous_code"": ""황소-1620"", ""post_type"": ""profit_share"", ""title"": ""급반등에 팔아치웠습니다. 원칙이 살아있네요."", ""like_count"": 0, ""unlike_count"": 0, ""score"": 0}, {""post_id"": 45, ""anonymous_code"": ""돌고래-2979"", ""post_type"": ""trade_share"", ""title"": ""V자 반등에 다시 한 번 걸었습니다. (삼성전자)"", ""like_count"": 0, ""unlike_count"": 0, ""score"": 0}, {""post_id"": 46, ""anonymous_code"": ""황소-4770"", ""post_type"": ""trade_share"", ""title"": ""나락가는 줄 알았는데... 다시 매수했습니다."", ""like_count"": 0, ""unlike_count"": 0, ""score"": 0}, {""post_id"": 47, ""anonymous_code"": ""곰-8551"", ""post_type"": ""trade_share"", ""title"": ""반도체 섹터 반등 확인! 오늘 삼성전자로 다시 진입했습니다."", ""like_count"": 0, ""unlike_count"": 0, ""score"": 0}, {""post_id"": 48, ""anonymous_code"": ""황소-4980"", ""post_type"": ""trade_share"", ""title"": ""떨리는 손으로 매수했습니다. (삼성전자)"", ""like_count"": 0, ""unlike_count"": 0, ""score"": 0}, {""post_id"": 49, ""anonymous_code"": ""여우-1683"", ""post_type"": ""profit_share"", ""title"": ""급등장에 전량 매도, 손실 확정... 원칙의 한계를 다시 씁니다."", ""like_count"": 0, ""unlike_count"": 0, ""score"": 0}, {""post_id"": 50, ""anonymous_code"": ""독수리-9332"", ""post_type"": ""profit_share"", ""title"": ""10% 수익 확정! 물타기 전략의 승리 (삼성전자)"", ""like_count"": 0, ""unlike_count"": 0, ""score"": 0}, {""post_id"": 51, ""anonymous_code"": ""황소-6990"", ""post_type"": ""trade_share"", ""title"": ""11% 수익 놓치고 매도... 타이밍 조절이 핵심이네요."", ""like_count"": 0, ""unlike_count"": 0, ""score"": 0}, {""post_id"": 52, ""anonymous_code"": ""펭귄-5408"", ""post_type"": ""profit_share"", ""title"": ""급등장에 팔아치웠습니다. 수익 10% 넘으면 바로 손절 (이익)!"", ""like_count"": 0, ""unlike_count"": 0, ""score"": 0}, {""post_id"": 53, ""anonymous_code"": ""독수리-1692"", ""post_type"": ""trade_share"", ""title"": ""19 만 원대 진입 완료... 이번엔 잡지 않겠습니다."", ""like_count"": 0, ""unlike_count"": 0, ""score"": 0}, {""post_id"": 54, ""anonymous_code"": ""독수리-6722"", ""post_type"": ""trade_share"", ""title"": ""다시 한번 손절 라인 확인... 추격 매수는 절대 안 됨!"", ""like_count"": 0, ""unlike_count"": 0, ""score"": 0}, {""post_id"": 56, ""anonymous_code"": ""늑대-3694"", ""post_type"": ""profit_share"", ""title"": ""10% 수익 원칙 지키며 매도 완료! 반도체 반등 주시 중"", ""like_count"": 0, ""unlike_count"": 0, ""score"": 0}]"
RN_COMM_ON_20260917,2026-03-05,8,A100,1,5,14,"[43, 44, 45, 46, 47, 48, 49, 50, 51, 52, 53, 54, 55, 56]","[{""post_id"": 43, ""anonymous_code"": ""사자-8925"", ""post_type"": ""trade_share"", ""title"": ""반등 확인 후 상승 추세를 믿고 비중 확대했습니다."", ""like_count"": 0, ""unlike_count"": 0, ""score"": 0}, {""post_id"": 44, ""anonymous_code"": ""황소-1620"", ""post_type"": ""profit_share"", ""title"": ""급반등에 팔아치웠습니다. 원칙이 살아있네요."", ""like_count"": 0, ""unlike_count"": 0, ""score"": 0}, {""post_id"": 45, ""anonymous_code"": ""돌고래-2979"", ""post_type"": ""trade_share"", ""title"": ""V자 반등에 다시 한 번 걸었습니다. (삼성전자)"", ""like_count"": 0, ""unlike_count"": 0, ""score"": 0}, {""post_id"": 46, ""anonymous_code"": ""황소-4770"", ""post_type"": ""trade_share"", ""title"": ""나락가는 줄 알았는데... 다시 매수했습니다."", ""like_count"": 0, ""unlike_count"": 0, ""score"": 0}, {""post_id"": 47, ""anonymous_code"": ""곰-8551"", ""post_type"": ""trade_share"", ""title"": ""반도체 섹터 반등 확인! 오늘 삼성전자로 다시 진입했습니다."", ""like_count"": 0, ""unlike_count"": 0, ""score"": 0}, {""post_id"": 48, ""anonymous_code"": ""황소-4980"", ""post_type"": ""trade_share"", ""title"": ""떨리는 손으로 매수했습니다. (삼성전자)"", ""like_count"": 0, ""unlike_count"": 0, ""score"": 0}, {""post_id"": 49, ""anonymous_code"": ""여우-1683"", ""post_type"": ""profit_share"", ""title"": ""급등장에 전량 매도, 손실 확정... 원칙의 한계를 다시 씁니다."", ""like_count"": 0, ""unlike_count"": 0, ""score"": 0}, {""post_id"": 50, ""anonymous_code"": ""독수리-9332"", ""post_type"": ""profit_share"", ""title"": ""10% 수익 확정! 물타기 전략의 승리 (삼성전자)"", ""like_count"": 0, ""unlike_count"": 0, ""score"": 0}, {""post_id"": 51, ""anonymous_code"": ""황소-6990"", ""post_type"": ""trade_share"", ""title"": ""11% 수익 놓치고 매도... 타이밍 조절이 핵심이네요."", ""like_count"": 0, ""unlike_count"": 0, ""score"": 0}, {""post_id"": 52, ""anonymous_code"": ""펭귄-5408"", ""post_type"": ""profit_share"", ""title"": ""급등장에 팔아치웠습니다. 수익 10% 넘으면 바로 손절 (이익)!"", ""like_count"": 0, ""unlike_count"": 0, ""score"": 0}, {""post_id"": 53, ""anonymous_code"": ""독수리-1692"", ""post_type"": ""trade_share"", ""title"": ""19 만 원대 진입 완료... 이번엔 잡지 않겠습니다."", ""like_count"": 0, ""unlike_count"": 0, ""score"": 0}, {""post_id"": 54, ""anonymous_code"": ""독수리-6722"", ""post_type"": ""trade_share"", ""title"": ""다시 한번 손절 라인 확인... 추격 매수는 절대 안 됨!"", ""like_count"": 0, ""unlike_count"": 0, ""score"": 0}, {""post_id"": 55, ""anonymous_code"": ""곰-5671"", ""post_type"": ""trade_share"", ""title"": ""지정학적 공포에 팔았던 저점을 다시 샀습니다. (삼성전자)"", ""like_count"": 0, ""unlike_count"": 0, ""score"": 0}, {""post_id"": 56, ""anonymous_code"": ""늑대-3694"", ""post_type"": ""profit_share"", ""title"": ""10% 수익 원칙 지키며 매도 완료! 반도체 반등 주시 중"", ""like_count"": 0, ""unlike_count"": 0, ""score"": 0}]"
RN_COMM_ON_20260917,2026-03-06,10,A004,1,5,14,"[57, 58, 59, 60, 61, 62, 63, 64, 65, 66, 67, 68, 69, 70]","[{""post_id"": 57, ""anonymous_code"": ""사자-8925"", ""post_type"": ""trade_share"", ""title"": ""하락장에서도 매수 타이밍은 찾아야 합니다. (삼성전자)"", ""like_count"": 0, ""unlike_count"": 0, ""score"": 0}, {""post_id"": 58, ""anonymous_code"": ""황소-1620"", ""post_type"": ""trade_share"", ""title"": ""하락장일수록 매수 원칙 지킵니다 (삼성전자)"", ""like_count"": 0, ""unlike_count"": 0, ""score"": 0}, {""post_id"": 59, ""anonymous_code"": ""돌고래-2979"", ""post_type"": ""trade_share"", ""title"": ""떨어질수록 사들인다는 원칙, 오늘도 지키다"", ""like_count"": 0, ""unlike_count"": 0, ""score"": 0}, {""post_id"": 60, ""anonymous_code"": ""황소-4770"", ""post_type"": ""trade_share"", ""title"": ""하락장인데 반대로 매수했습니다 (분할)"", ""like_count"": 0, ""unlike_count"": 0, ""score"": 0}, {""post_id"": 61, ""anonymous_code"": ""곰-8551"", ""post_type"": ""analysis"", ""title"": ""과매도 구간 진입? 유가 폭등 vs 메모리 반등, 타이밍이 핵심이다"", ""like_count"": 0, ""unlike_count"": 0, ""score"": 0}, {""post_id"": 62, ""anonymous_code"": ""황소-4980"", ""post_type"": ""trade_share"", ""title"": ""떨리는 손으로 매수했습니다. (삼성전자)"", ""like_count"": 0, ""unlike_count"": 0, ""score"": 0}, {""post_id"": 63, ""anonymous_code"": ""여우-1683"", ""post_type"": ""trade_share"", ""title"": ""급등장인데... 떨어질 때 사야 할까 고민 중입니다."", ""like_count"": 0, ""unlike_count"": 0, ""score"": 0}, {""post_id"": 64, ""anonymous_code"": ""독수리-9332"", ""post_type"": ""trade_share"", ""title"": ""전량 손절 후 다시 매수... 타이밍이 빨랐나?"", ""like_count"": 0, ""unlike_count"": 0, ""score"": 0}, {""post_id"": 65, ""anonymous_code"": ""황소-6990"", ""post_type"": ""trade_share"", ""title"": ""다시 한번 하락을 기다려 매수했습니다. (삼성전자)"", ""like_count"": 0, ""unlike_count"": 0, ""score"": 0}, {""post_id"": 66, ""anonymous_code"": ""펭귄-5408"", ""post_type"": ""trade_share"", ""title"": ""떨어질 때 사서 성공! 삼성전자의 매력 확인"", ""like_count"": 0, ""unlike_count"": 0, ""score"": 0}, {""post_id"": 67, ""anonymous_code"": ""독수리-1692"", ""post_type"": ""analysis"", ""title"": ""기술적 추세 붕괴, 외국인과 기관이 팔고 있다 (삼성전자)"", ""like_count"": 0, ""unlike_count"": 0, ""score"": 0}, {""post_id"": 68, ""anonymous_code"": ""독수리-6722"", ""post_type"": ""trade_share"", ""title"": ""떨리는 손으로 다시 샀습니다. (삼성전자)"", ""like_count"": 0, ""unlike_count"": 0, ""score"": 0}, {""post_id"": 69, ""anonymous_code"": ""곰-5671"", ""post_type"": ""trade_share"", ""title"": ""저평가 구간에서 분할 매수, 단기 손실은 감내해야 할 것 같습니다."", ""like_count"": 0, ""unlike_count"": 0, ""score"": 0}, {""post_id"": 70, ""anonymous_code"": ""늑대-3694"", ""post_type"": ""trade_share"", ""title"": ""하락장인데 매수... 메모리 가격 폭등 믿고 분산 매수했습니다."", ""like_count"": 0, ""unlike_count"": 0, ""score"": 0}]"
RN_COMM_ON_20260917,2026-03-06,10,A009,1,5,13,"[58, 59, 60, 61, 62, 63, 64, 65, 66, 67, 68, 69, 70]","[{""post_id"": 58, ""anonymous_code"": ""황소-1620"", ""post_type"": ""trade_share"", ""title"": ""하락장일수록 매수 원칙 지킵니다 (삼성전자)"", ""like_count"": 0, ""unlike_count"": 0, ""score"": 0}, {""post_id"": 59, ""anonymous_code"": ""돌고래-2979"", ""post_type"": ""trade_share"", ""title"": ""떨어질수록 사들인다는 원칙, 오늘도 지키다"", ""like_count"": 0, ""unlike_count"": 0, ""score"": 0}, {""post_id"": 60, ""anonymous_code"": ""황소-4770"", ""post_type"": ""trade_share"", ""title"": ""하락장인데 반대로 매수했습니다 (분할)"", ""like_count"": 0, ""unlike_count"": 0, ""score"": 0}, {""post_id"": 61, ""anonymous_code"": ""곰-8551"", ""post_type"": ""analysis"", ""title"": ""과매도 구간 진입? 유가 폭등 vs 메모리 반등, 타이밍이 핵심이다"", ""like_count"": 0, ""unlike_count"": 0, ""score"": 0}, {""post_id"": 62, ""anonymous_code"": ""황소-4980"", ""post_type"": ""trade_share"", ""title"": ""떨리는 손으로 매수했습니다. (삼성전자)"", ""like_count"": 0, ""unlike_count"": 0, ""score"": 0}, {""post_id"": 63, ""anonymous_code"": ""여우-1683"", ""post_type"": ""trade_share"", ""title"": ""급등장인데... 떨어질 때 사야 할까 고민 중입니다."", ""like_count"": 0, ""unlike_count"": 0, ""score"": 0}, {""post_id"": 64, ""anonymous_code"": ""독수리-9332"", ""post_type"": ""trade_share"", ""title"": ""전량 손절 후 다시 매수... 타이밍이 빨랐나?"", ""like_count"": 0, ""unlike_count"": 0, ""score"": 0}, {""post_id"": 65, ""anonymous_code"": ""황소-6990"", ""post_type"": ""trade_share"", ""title"": ""다시 한번 하락을 기다려 매수했습니다. (삼성전자)"", ""like_count"": 0, ""unlike_count"": 0, ""score"": 0}, {""post_id"": 66, ""anonymous_code"": ""펭귄-5408"", ""post_type"": ""trade_share"", ""title"": ""떨어질 때 사서 성공! 삼성전자의 매력 확인"", ""like_count"": 0, ""unlike_count"": 0, ""score"": 0}, {""post_id"": 67, ""anonymous_code"": ""독수리-1692"", ""post_type"": ""analysis"", ""title"": ""기술적 추세 붕괴, 외국인과 기관이 팔고 있다 (삼성전자)"", ""like_count"": 0, ""unlike_count"": 0, ""score"": 0}, {""post_id"": 68, ""anonymous_code"": ""독수리-6722"", ""post_type"": ""trade_share"", ""title"": ""떨리는 손으로 다시 샀습니다. (삼성전자)"", ""like_count"": 0, ""unlike_count"": 0, ""score"": 0}, {""post_id"": 69, ""anonymous_code"": ""곰-5671"", ""post_type"": ""trade_share"", ""title"": ""저평가 구간에서 분할 매수, 단기 손실은 감내해야 할 것 같습니다."", ""like_count"": 0, ""unlike_count"": 0, ""score"": 0}, {""post_id"": 70, ""anonymous_code"": ""늑대-3694"", ""post_type"": ""trade_share"", ""title"": ""하락장인데 매수... 메모리 가격 폭등 믿고 분산 매수했습니다."", ""like_count"": 0, ""unlike_count"": 0, ""score"": 0}]"
RN_COMM_ON_20260917,2026-03-06,10,A007,1,5,14,"[57, 58, 59, 60, 61, 62, 63, 64, 65, 66, 67, 68, 69, 70]","[{""post_id"": 57, ""anonymous_code"": ""사자-8925"", ""post_type"": ""trade_share"", ""title"": ""하락장에서도 매수 타이밍은 찾아야 합니다. (삼성전자)"", ""like_count"": 0, ""unlike_count"": 0, ""score"": 0}, {""post_id"": 58, ""anonymous_code"": ""황소-1620"", ""post_type"": ""trade_share"", ""title"": ""하락장일수록 매수 원칙 지킵니다 (삼성전자)"", ""like_count"": 0, ""unlike_count"": 0, ""score"": 0}, {""post_id"": 59, ""anonymous_code"": ""돌고래-2979"", ""post_type"": ""trade_share"", ""title"": ""떨어질수록 사들인다는 원칙, 오늘도 지키다"", ""like_count"": 0, ""unlike_count"": 0, ""score"": 0}, {""post_id"": 60, ""anonymous_code"": ""황소-4770"", ""post_type"": ""trade_share"", ""title"": ""하락장인데 반대로 매수했습니다 (분할)"", ""like_count"": 0, ""unlike_count"": 0, ""score"": 0}, {""post_id"": 61, ""anonymous_code"": ""곰-8551"", ""post_type"": ""analysis"", ""title"": ""과매도 구간 진입? 유가 폭등 vs 메모리 반등, 타이밍이 핵심이다"", ""like_count"": 0, ""unlike_count"": 0, ""score"": 0}, {""post_id"": 62, ""anonymous_code"": ""황소-4980"", ""post_type"": ""trade_share"", ""title"": ""떨리는 손으로 매수했습니다. (삼성전자)"", ""like_count"": 0, ""unlike_count"": 0, ""score"": 0}, {""post_id"": 63, ""anonymous_code"": ""여우-1683"", ""post_type"": ""trade_share"", ""title"": ""급등장인데... 떨어질 때 사야 할까 고민 중입니다."", ""like_count"": 0, ""unlike_count"": 0, ""score"": 0}, {""post_id"": 64, ""anonymous_code"": ""독수리-9332"", ""post_type"": ""trade_share"", ""title"": ""전량 손절 후 다시 매수... 타이밍이 빨랐나?"", ""like_count"": 0, ""unlike_count"": 0, ""score"": 0}, {""post_id"": 65, ""anonymous_code"": ""황소-6990"", ""post_type"": ""trade_share"", ""title"": ""다시 한번 하락을 기다려 매수했습니다. (삼성전자)"", ""like_count"": 0, ""unlike_count"": 0, ""score"": 0}, {""post_id"": 66, ""anonymous_code"": ""펭귄-5408"", ""post_type"": ""trade_share"", ""title"": ""떨어질 때 사서 성공! 삼성전자의 매력 확인"", ""like_count"": 0, ""unlike_count"": 0, ""score"": 0}, {""post_id"": 67, ""anonymous_code"": ""독수리-1692"", ""post_type"": ""analysis"", ""title"": ""기술적 추세 붕괴, 외국인과 기관이 팔고 있다 (삼성전자)"", ""like_count"": 0, ""unlike_count"": 0, ""score"": 0}, {""post_id"": 68, ""anonymous_code"": ""독수리-6722"", ""post_type"": ""trade_share"", ""title"": ""떨리는 손으로 다시 샀습니다. (삼성전자)"", ""like_count"": 0, ""unlike_count"": 0, ""score"": 0}, {""post_id"": 69, ""anonymous_code"": ""곰-5671"", ""post_type"": ""trade_share"", ""title"": ""저평가 구간에서 분할 매수, 단기 손실은 감내해야 할 것 같습니다."", ""like_count"": 0, ""unlike_count"": 0, ""score"": 0}, {""post_id"": 70, ""anonymous_code"": ""늑대-3694"", ""post_type"": ""trade_share"", ""title"": ""하락장인데 매수... 메모리 가격 폭등 믿고 분산 매수했습니다."", ""like_count"": 0, ""unlike_count"": 0, ""score"": 0}]"
RN_COMM_ON_20260917,2026-03-06,10,A006,1,5,14,"[57, 58, 59, 60, 61, 62, 63, 64, 65, 66, 67, 68, 69, 70]","[{""post_id"": 57, ""anonymous_code"": ""사자-8925"", ""post_type"": ""trade_share"", ""title"": ""하락장에서도 매수 타이밍은 찾아야 합니다. (삼성전자)"", ""like_count"": 0, ""unlike_count"": 0, ""score"": 0}, {""post_id"": 58, ""anonymous_code"": ""황소-1620"", ""post_type"": ""trade_share"", ""title"": ""하락장일수록 매수 원칙 지킵니다 (삼성전자)"", ""like_count"": 0, ""unlike_count"": 0, ""score"": 0}, {""post_id"": 59, ""anonymous_code"": ""돌고래-2979"", ""post_type"": ""trade_share"", ""title"": ""떨어질수록 사들인다는 원칙, 오늘도 지키다"", ""like_count"": 0, ""unlike_count"": 0, ""score"": 0}, {""post_id"": 60, ""anonymous_code"": ""황소-4770"", ""post_type"": ""trade_share"", ""title"": ""하락장인데 반대로 매수했습니다 (분할)"", ""like_count"": 0, ""unlike_count"": 0, ""score"": 0}, {""post_id"": 61, ""anonymous_code"": ""곰-8551"", ""post_type"": ""analysis"", ""title"": ""과매도 구간 진입? 유가 폭등 vs 메모리 반등, 타이밍이 핵심이다"", ""like_count"": 0, ""unlike_count"": 0, ""score"": 0}, {""post_id"": 62, ""anonymous_code"": ""황소-4980"", ""post_type"": ""trade_share"", ""title"": ""떨리는 손으로 매수했습니다. (삼성전자)"", ""like_count"": 0, ""unlike_count"": 0, ""score"": 0}, {""post_id"": 63, ""anonymous_code"": ""여우-1683"", ""post_type"": ""trade_share"", ""title"": ""급등장인데... 떨어질 때 사야 할까 고민 중입니다."", ""like_count"": 0, ""unlike_count"": 0, ""score"": 0}, {""post_id"": 64, ""anonymous_code"": ""독수리-9332"", ""post_type"": ""trade_share"", ""title"": ""전량 손절 후 다시 매수... 타이밍이 빨랐나?"", ""like_count"": 0, ""unlike_count"": 0, ""score"": 0}, {""post_id"": 65, ""anonymous_code"": ""황소-6990"", ""post_type"": ""trade_share"", ""title"": ""다시 한번 하락을 기다려 매수했습니다. (삼성전자)"", ""like_count"": 0, ""unlike_count"": 0, ""score"": 0}, {""post_id"": 66, ""anonymous_code"": ""펭귄-5408"", ""post_type"": ""trade_share"", ""title"": ""떨어질 때 사서 성공! 삼성전자의 매력 확인"", ""like_count"": 0, ""unlike_count"": 0, ""score"": 0}, {""post_id"": 67, ""anonymous_code"": ""독수리-1692"", ""post_type"": ""analysis"", ""title"": ""기술적 추세 붕괴, 외국인과 기관이 팔고 있다 (삼성전자)"", ""like_count"": 0, ""unlike_count"": 0, ""score"": 0}, {""post_id"": 68, ""anonymous_code"": ""독수리-6722"", ""post_type"": ""trade_share"", ""title"": ""떨리는 손으로 다시 샀습니다. (삼성전자)"", ""like_count"": 0, ""unlike_count"": 0, ""score"": 0}, {""post_id"": 69, ""anonymous_code"": ""곰-5671"", ""post_type"": ""trade_share"", ""title"": ""저평가 구간에서 분할 매수, 단기 손실은 감내해야 할 것 같습니다."", ""like_count"": 0, ""unlike_count"": 0, ""score"": 0}, {""post_id"": 70, ""anonymous_code"": ""늑대-3694"", ""post_type"": ""trade_share"", ""title"": ""하락장인데 매수... 메모리 가격 폭등 믿고 분산 매수했습니다."", ""like_count"": 0, ""unlike_count"": 0, ""score"": 0}]"
RN_COMM_ON_20260917,2026-03-06,10,A002,1,5,14,"[57, 58, 59, 60, 61, 62, 63, 64, 65, 66, 67, 68, 69, 70]","[{""post_id"": 57, ""anonymous_code"": ""사자-8925"", ""post_type"": ""trade_share"", ""title"": ""하락장에서도 매수 타이밍은 찾아야 합니다. (삼성전자)"", ""like_count"": 0, ""unlike_count"": 0, ""score"": 0}, {""post_id"": 58, ""anonymous_code"": ""황소-1620"", ""post_type"": ""trade_share"", ""title"": ""하락장일수록 매수 원칙 지킵니다 (삼성전자)"", ""like_count"": 0, ""unlike_count"": 0, ""score"": 0}, {""post_id"": 59, ""anonymous_code"": ""돌고래-2979"", ""post_type"": ""trade_share"", ""title"": ""떨어질수록 사들인다는 원칙, 오늘도 지키다"", ""like_count"": 0, ""unlike_count"": 0, ""score"": 0}, {""post_id"": 60, ""anonymous_code"": ""황소-4770"", ""post_type"": ""trade_share"", ""title"": ""하락장인데 반대로 매수했습니다 (분할)"", ""like_count"": 0, ""unlike_count"": 0, ""score"": 0}, {""post_id"": 61, ""anonymous_code"": ""곰-8551"", ""post_type"": ""analysis"", ""title"": ""과매도 구간 진입? 유가 폭등 vs 메모리 반등, 타이밍이 핵심이다"", ""like_count"": 0, ""unlike_count"": 0, ""score"": 0}, {""post_id"": 62, ""anonymous_code"": ""황소-4980"", ""post_type"": ""trade_share"", ""title"": ""떨리는 손으로 매수했습니다. (삼성전자)"", ""like_count"": 0, ""unlike_count"": 0, ""score"": 0}, {""post_id"": 63, ""anonymous_code"": ""여우-1683"", ""post_type"": ""trade_share"", ""title"": ""급등장인데... 떨어질 때 사야 할까 고민 중입니다."", ""like_count"": 0, ""unlike_count"": 0, ""score"": 0}, {""post_id"": 64, ""anonymous_code"": ""독수리-9332"", ""post_type"": ""trade_share"", ""title"": ""전량 손절 후 다시 매수... 타이밍이 빨랐나?"", ""like_count"": 0, ""unlike_count"": 0, ""score"": 0}, {""post_id"": 65, ""anonymous_code"": ""황소-6990"", ""post_type"": ""trade_share"", ""title"": ""다시 한번 하락을 기다려 매수했습니다. (삼성전자)"", ""like_count"": 0, ""unlike_count"": 0, ""score"": 0}, {""post_id"": 66, ""anonymous_code"": ""펭귄-5408"", ""post_type"": ""trade_share"", ""title"": ""떨어질 때 사서 성공! 삼성전자의 매력 확인"", ""like_count"": 0, ""unlike_count"": 0, ""score"": 0}, {""post_id"": 67, ""anonymous_code"": ""독수리-1692"", ""post_type"": ""analysis"", ""title"": ""기술적 추세 붕괴, 외국인과 기관이 팔고 있다 (삼성전자)"", ""like_count"": 0, ""unlike_count"": 0, ""score"": 0}, {""post_id"": 68, ""anonymous_code"": ""독수리-6722"", ""post_type"": ""trade_share"", ""title"": ""떨리는 손으로 다시 샀습니다. (삼성전자)"", ""like_count"": 0, ""unlike_count"": 0, ""score"": 0}, {""post_id"": 69, ""anonymous_code"": ""곰-5671"", ""post_type"": ""trade_share"", ""title"": ""저평가 구간에서 분할 매수, 단기 손실은 감내해야 할 것 같습니다."", ""like_count"": 0, ""unlike_count"": 0, ""score"": 0}, {""post_id"": 70, ""anonymous_code"": ""늑대-3694"", ""post_type"": ""trade_share"", ""title"": ""하락장인데 매수... 메모리 가격 폭등 믿고 분산 매수했습니다."", ""like_count"": 0, ""unlike_count"": 0, ""score"": 0}]"
RN_COMM_ON_20260917,2026-03-06,10,A012,1,5,14,"[57, 58, 59, 60, 61, 62, 63, 64, 65, 66, 67, 68, 69, 70]","[{""post_id"": 57, ""anonymous_code"": ""사자-8925"", ""post_type"": ""trade_share"", ""title"": ""하락장에서도 매수 타이밍은 찾아야 합니다. (삼성전자)"", ""like_count"": 0, ""unlike_count"": 0, ""score"": 0}, {""post_id"": 58, ""anonymous_code"": ""황소-1620"", ""post_type"": ""trade_share"", ""title"": ""하락장일수록 매수 원칙 지킵니다 (삼성전자)"", ""like_count"": 0, ""unlike_count"": 0, ""score"": 0}, {""post_id"": 59, ""anonymous_code"": ""돌고래-2979"", ""post_type"": ""trade_share"", ""title"": ""떨어질수록 사들인다는 원칙, 오늘도 지키다"", ""like_count"": 0, ""unlike_count"": 0, ""score"": 0}, {""post_id"": 60, ""anonymous_code"": ""황소-4770"", ""post_type"": ""trade_share"", ""title"": ""하락장인데 반대로 매수했습니다 (분할)"", ""like_count"": 0, ""unlike_count"": 0, ""score"": 0}, {""post_id"": 61, ""anonymous_code"": ""곰-8551"", ""post_type"": ""analysis"", ""title"": ""과매도 구간 진입? 유가 폭등 vs 메모리 반등, 타이밍이 핵심이다"", ""like_count"": 0, ""unlike_count"": 0, ""score"": 0}, {""post_id"": 62, ""anonymous_code"": ""황소-4980"", ""post_type"": ""trade_share"", ""title"": ""떨리는 손으로 매수했습니다. (삼성전자)"", ""like_count"": 0, ""unlike_count"": 0, ""score"": 0}, {""post_id"": 63, ""anonymous_code"": ""여우-1683"", ""post_type"": ""trade_share"", ""title"": ""급등장인데... 떨어질 때 사야 할까 고민 중입니다."", ""like_count"": 0, ""unlike_count"": 0, ""score"": 0}, {""post_id"": 64, ""anonymous_code"": ""독수리-9332"", ""post_type"": ""trade_share"", ""title"": ""전량 손절 후 다시 매수... 타이밍이 빨랐나?"", ""like_count"": 0, ""unlike_count"": 0, ""score"": 0}, {""post_id"": 65, ""anonymous_code"": ""황소-6990"", ""post_type"": ""trade_share"", ""title"": ""다시 한번 하락을 기다려 매수했습니다. (삼성전자)"", ""like_count"": 0, ""unlike_count"": 0, ""score"": 0}, {""post_id"": 66, ""anonymous_code"": ""펭귄-5408"", ""post_type"": ""trade_share"", ""title"": ""떨어질 때 사서 성공! 삼성전자의 매력 확인"", ""like_count"": 0, ""unlike_count"": 0, ""score"": 0}, {""post_id"": 67, ""anonymous_code"": ""독수리-1692"", ""post_type"": ""analysis"", ""title"": ""기술적 추세 붕괴, 외국인과 기관이 팔고 있다 (삼성전자)"", ""like_count"": 0, ""unlike_count"": 0, ""score"": 0}, {""post_id"": 68, ""anonymous_code"": ""독수리-6722"", ""post_type"": ""trade_share"", ""title"": ""떨리는 손으로 다시 샀습니다. (삼성전자)"", ""like_count"": 0, ""unlike_count"": 0, ""score"": 0}, {""post_id"": 69, ""anonymous_code"": ""곰-5671"", ""post_type"": ""trade_share"", ""title"": ""저평가 구간에서 분할 매수, 단기 손실은 감내해야 할 것 같습니다."", ""like_count"": 0, ""unlike_count"": 0, ""score"": 0}, {""post_id"": 70, ""anonymous_code"": ""늑대-3694"", ""post_type"": ""trade_share"", ""title"": ""하락장인데 매수... 메모리 가격 폭등 믿고 분산 매수했습니다."", ""like_count"": 0, ""unlike_count"": 0, ""score"": 0}]"
RN_COMM_ON_20260917,2026-03-06,10,A013,1,5,14,"[57, 58, 59, 60, 61, 62, 63, 64, 65, 66, 67, 68, 69, 70]","[{""post_id"": 57, ""anonymous_code"": ""사자-8925"", ""post_type"": ""trade_share"", ""title"": ""하락장에서도 매수 타이밍은 찾아야 합니다. (삼성전자)"", ""like_count"": 0, ""unlike_count"": 0, ""score"": 0}, {""post_id"": 58, ""anonymous_code"": ""황소-1620"", ""post_type"": ""trade_share"", ""title"": ""하락장일수록 매수 원칙 지킵니다 (삼성전자)"", ""like_count"": 0, ""unlike_count"": 0, ""score"": 0}, {""post_id"": 59, ""anonymous_code"": ""돌고래-2979"", ""post_type"": ""trade_share"", ""title"": ""떨어질수록 사들인다는 원칙, 오늘도 지키다"", ""like_count"": 0, ""unlike_count"": 0, ""score"": 0}, {""post_id"": 60, ""anonymous_code"": ""황소-4770"", ""post_type"": ""trade_share"", ""title"": ""하락장인데 반대로 매수했습니다 (분할)"", ""like_count"": 0, ""unlike_count"": 0, ""score"": 0}, {""post_id"": 61, ""anonymous_code"": ""곰-8551"", ""post_type"": ""analysis"", ""title"": ""과매도 구간 진입? 유가 폭등 vs 메모리 반등, 타이밍이 핵심이다"", ""like_count"": 0, ""unlike_count"": 0, ""score"": 0}, {""post_id"": 62, ""anonymous_code"": ""황소-4980"", ""post_type"": ""trade_share"", ""title"": ""떨리는 손으로 매수했습니다. (삼성전자)"", ""like_count"": 0, ""unlike_count"": 0, ""score"": 0}, {""post_id"": 63, ""anonymous_code"": ""여우-1683"", ""post_type"": ""trade_share"", ""title"": ""급등장인데... 떨어질 때 사야 할까 고민 중입니다."", ""like_count"": 0, ""unlike_count"": 0, ""score"": 0}, {""post_id"": 64, ""anonymous_code"": ""독수리-9332"", ""post_type"": ""trade_share"", ""title"": ""전량 손절 후 다시 매수... 타이밍이 빨랐나?"", ""like_count"": 0, ""unlike_count"": 0, ""score"": 0}, {""post_id"": 65, ""anonymous_code"": ""황소-6990"", ""post_type"": ""trade_share"", ""title"": ""다시 한번 하락을 기다려 매수했습니다. (삼성전자)"", ""like_count"": 0, ""unlike_count"": 0, ""score"": 0}, {""post_id"": 66, ""anonymous_code"": ""펭귄-5408"", ""post_type"": ""trade_share"", ""title"": ""떨어질 때 사서 성공! 삼성전자의 매력 확인"", ""like_count"": 0, ""unlike_count"": 0, ""score"": 0}, {""post_id"": 67, ""anonymous_code"": ""독수리-1692"", ""post_type"": ""analysis"", ""title"": ""기술적 추세 붕괴, 외국인과 기관이 팔고 있다 (삼성전자)"", ""like_count"": 0, ""unlike_count"": 0, ""score"": 0}, {""post_id"": 68, ""anonymous_code"": ""독수리-6722"", ""post_type"": ""trade_share"", ""title"": ""떨리는 손으로 다시 샀습니다. (삼성전자)"", ""like_count"": 0, ""unlike_count"": 0, ""score"": 0}, {""post_id"": 69, ""anonymous_code"": ""곰-5671"", ""post_type"": ""trade_share"", ""title"": ""저평가 구간에서 분할 매수, 단기 손실은 감내해야 할 것 같습니다."", ""like_count"": 0, ""unlike_count"": 0, ""score"": 0}, {""post_id"": 70, ""anonymous_code"": ""늑대-3694"", ""post_type"": ""trade_share"", ""title"": ""하락장인데 매수... 메모리 가격 폭등 믿고 분산 매수했습니다."", ""like_count"": 0, ""unlike_count"": 0, ""score"": 0}]"
RN_COMM_ON_20260917,2026-03-06,10,A001,1,5,14,"[57, 58, 59, 60, 61, 62, 63, 64, 65, 66, 67, 68, 69, 70]","[{""post_id"": 57, ""anonymous_code"": ""사자-8925"", ""post_type"": ""trade_share"", ""title"": ""하락장에서도 매수 타이밍은 찾아야 합니다. (삼성전자)"", ""like_count"": 0, ""unlike_count"": 0, ""score"": 0}, {""post_id"": 58, ""anonymous_code"": ""황소-1620"", ""post_type"": ""trade_share"", ""title"": ""하락장일수록 매수 원칙 지킵니다 (삼성전자)"", ""like_count"": 0, ""unlike_count"": 0, ""score"": 0}, {""post_id"": 59, ""anonymous_code"": ""돌고래-2979"", ""post_type"": ""trade_share"", ""title"": ""떨어질수록 사들인다는 원칙, 오늘도 지키다"", ""like_count"": 0, ""unlike_count"": 0, ""score"": 0}, {""post_id"": 60, ""anonymous_code"": ""황소-4770"", ""post_type"": ""trade_share"", ""title"": ""하락장인데 반대로 매수했습니다 (분할)"", ""like_count"": 0, ""unlike_count"": 0, ""score"": 0}, {""post_id"": 61, ""anonymous_code"": ""곰-8551"", ""post_type"": ""analysis"", ""title"": ""과매도 구간 진입? 유가 폭등 vs 메모리 반등, 타이밍이 핵심이다"", ""like_count"": 0, ""unlike_count"": 0, ""score"": 0}, {""post_id"": 62, ""anonymous_code"": ""황소-4980"", ""post_type"": ""trade_share"", ""title"": ""떨리는 손으로 매수했습니다. (삼성전자)"", ""like_count"": 0, ""unlike_count"": 0, ""score"": 0}, {""post_id"": 63, ""anonymous_code"": ""여우-1683"", ""post_type"": ""trade_share"", ""title"": ""급등장인데... 떨어질 때 사야 할까 고민 중입니다."", ""like_count"": 0, ""unlike_count"": 0, ""score"": 0}, {""post_id"": 64, ""anonymous_code"": ""독수리-9332"", ""post_type"": ""trade_share"", ""title"": ""전량 손절 후 다시 매수... 타이밍이 빨랐나?"", ""like_count"": 0, ""unlike_count"": 0, ""score"": 0}, {""post_id"": 65, ""anonymous_code"": ""황소-6990"", ""post_type"": ""trade_share"", ""title"": ""다시 한번 하락을 기다려 매수했습니다. (삼성전자)"", ""like_count"": 0, ""unlike_count"": 0, ""score"": 0}, {""post_id"": 66, ""anonymous_code"": ""펭귄-5408"", ""post_type"": ""trade_share"", ""title"": ""떨어질 때 사서 성공! 삼성전자의 매력 확인"", ""like_count"": 0, ""unlike_count"": 0, ""score"": 0}, {""post_id"": 67, ""anonymous_code"": ""독수리-1692"", ""post_type"": ""analysis"", ""title"": ""기술적 추세 붕괴, 외국인과 기관이 팔고 있다 (삼성전자)"", ""like_count"": 0, ""unlike_count"": 0, ""score"": 0}, {""post_id"": 68, ""anonymous_code"": ""독수리-6722"", ""post_type"": ""trade_share"", ""title"": ""떨리는 손으로 다시 샀습니다. (삼성전자)"", ""like_count"": 0, ""unlike_count"": 0, ""score"": 0}, {""post_id"": 69, ""anonymous_code"": ""곰-5671"", ""post_type"": ""trade_share"", ""title"": ""저평가 구간에서 분할 매수, 단기 손실은 감내해야 할 것 같습니다."", ""like_count"": 0, ""unlike_count"": 0, ""score"": 0}, {""post_id"": 70, ""anonymous_code"": ""늑대-3694"", ""post_type"": ""trade_share"", ""title"": ""하락장인데 매수... 메모리 가격 폭등 믿고 분산 매수했습니다."", ""like_count"": 0, ""unlike_count"": 0, ""score"": 0}]"
RN_COMM_ON_20260917,2026-03-06,10,A014,1,5,14,"[57, 58, 59, 60, 61, 62, 63, 64, 65, 66, 67, 68, 69, 70]","[{""post_id"": 57, ""anonymous_code"": ""사자-8925"", ""post_type"": ""trade_share"", ""title"": ""하락장에서도 매수 타이밍은 찾아야 합니다. (삼성전자)"", ""like_count"": 0, ""unlike_count"": 0, ""score"": 0}, {""post_id"": 58, ""anonymous_code"": ""황소-1620"", ""post_type"": ""trade_share"", ""title"": ""하락장일수록 매수 원칙 지킵니다 (삼성전자)"", ""like_count"": 0, ""unlike_count"": 0, ""score"": 0}, {""post_id"": 59, ""anonymous_code"": ""돌고래-2979"", ""post_type"": ""trade_share"", ""title"": ""떨어질수록 사들인다는 원칙, 오늘도 지키다"", ""like_count"": 0, ""unlike_count"": 0, ""score"": 0}, {""post_id"": 60, ""anonymous_code"": ""황소-4770"", ""post_type"": ""trade_share"", ""title"": ""하락장인데 반대로 매수했습니다 (분할)"", ""like_count"": 0, ""unlike_count"": 0, ""score"": 0}, {""post_id"": 61, ""anonymous_code"": ""곰-8551"", ""post_type"": ""analysis"", ""title"": ""과매도 구간 진입? 유가 폭등 vs 메모리 반등, 타이밍이 핵심이다"", ""like_count"": 0, ""unlike_count"": 0, ""score"": 0}, {""post_id"": 62, ""anonymous_code"": ""황소-4980"", ""post_type"": ""trade_share"", ""title"": ""떨리는 손으로 매수했습니다. (삼성전자)"", ""like_count"": 0, ""unlike_count"": 0, ""score"": 0}, {""post_id"": 63, ""anonymous_code"": ""여우-1683"", ""post_type"": ""trade_share"", ""title"": ""급등장인데... 떨어질 때 사야 할까 고민 중입니다."", ""like_count"": 0, ""unlike_count"": 0, ""score"": 0}, {""post_id"": 64, ""anonymous_code"": ""독수리-9332"", ""post_type"": ""trade_share"", ""title"": ""전량 손절 후 다시 매수... 타이밍이 빨랐나?"", ""like_count"": 0, ""unlike_count"": 0, ""score"": 0}, {""post_id"": 65, ""anonymous_code"": ""황소-6990"", ""post_type"": ""trade_share"", ""title"": ""다시 한번 하락을 기다려 매수했습니다. (삼성전자)"", ""like_count"": 0, ""unlike_count"": 0, ""score"": 0}, {""post_id"": 66, ""anonymous_code"": ""펭귄-5408"", ""post_type"": ""trade_share"", ""title"": ""떨어질 때 사서 성공! 삼성전자의 매력 확인"", ""like_count"": 0, ""unlike_count"": 0, ""score"": 0}, {""post_id"": 67, ""anonymous_code"": ""독수리-1692"", ""post_type"": ""analysis"", ""title"": ""기술적 추세 붕괴, 외국인과 기관이 팔고 있다 (삼성전자)"", ""like_count"": 0, ""unlike_count"": 0, ""score"": 0}, {""post_id"": 68, ""anonymous_code"": ""독수리-6722"", ""post_type"": ""trade_share"", ""title"": ""떨리는 손으로 다시 샀습니다. (삼성전자)"", ""like_count"": 0, ""unlike_count"": 0, ""score"": 0}, {""post_id"": 69, ""anonymous_code"": ""곰-5671"", ""post_type"": ""trade_share"", ""title"": ""저평가 구간에서 분할 매수, 단기 손실은 감내해야 할 것 같습니다."", ""like_count"": 0, ""unlike_count"": 0, ""score"": 0}, {""post_id"": 70, ""anonymous_code"": ""늑대-3694"", ""post_type"": ""trade_share"", ""title"": ""하락장인데 매수... 메모리 가격 폭등 믿고 분산 매수했습니다."", ""like_count"": 0, ""unlike_count"": 0, ""score"": 0}]"
RN_COMM_ON_20260917,2026-03-06,10,A022,2,5,14,"[57, 58, 59, 60, 61, 62, 63, 64, 65, 66, 67, 68, 69, 70]","[{""post_id"": 57, ""anonymous_code"": ""사자-8925"", ""post_type"": ""trade_share"", ""title"": ""하락장에서도 매수 타이밍은 찾아야 합니다. (삼성전자)"", ""like_count"": 0, ""unlike_count"": 0, ""score"": 0}, {""post_id"": 58, ""anonymous_code"": ""황소-1620"", ""post_type"": ""trade_share"", ""title"": ""하락장일수록 매수 원칙 지킵니다 (삼성전자)"", ""like_count"": 0, ""unlike_count"": 0, ""score"": 0}, {""post_id"": 59, ""anonymous_code"": ""돌고래-2979"", ""post_type"": ""trade_share"", ""title"": ""떨어질수록 사들인다는 원칙, 오늘도 지키다"", ""like_count"": 0, ""unlike_count"": 0, ""score"": 0}, {""post_id"": 60, ""anonymous_code"": ""황소-4770"", ""post_type"": ""trade_share"", ""title"": ""하락장인데 반대로 매수했습니다 (분할)"", ""like_count"": 0, ""unlike_count"": 0, ""score"": 0}, {""post_id"": 61, ""anonymous_code"": ""곰-8551"", ""post_type"": ""analysis"", ""title"": ""과매도 구간 진입? 유가 폭등 vs 메모리 반등, 타이밍이 핵심이다"", ""like_count"": 0, ""unlike_count"": 0, ""score"": 0}, {""post_id"": 62, ""anonymous_code"": ""황소-4980"", ""post_type"": ""trade_share"", ""title"": ""떨리는 손으로 매수했습니다. (삼성전자)"", ""like_count"": 0, ""unlike_count"": 0, ""score"": 0}, {""post_id"": 63, ""anonymous_code"": ""여우-1683"", ""post_type"": ""trade_share"", ""title"": ""급등장인데... 떨어질 때 사야 할까 고민 중입니다."", ""like_count"": 0, ""unlike_count"": 0, ""score"": 0}, {""post_id"": 64, ""anonymous_code"": ""독수리-9332"", ""post_type"": ""trade_share"", ""title"": ""전량 손절 후 다시 매수... 타이밍이 빨랐나?"", ""like_count"": 0, ""unlike_count"": 0, ""score"": 0}, {""post_id"": 65, ""anonymous_code"": ""황소-6990"", ""post_type"": ""trade_share"", ""title"": ""다시 한번 하락을 기다려 매수했습니다. (삼성전자)"", ""like_count"": 0, ""unlike_count"": 0, ""score"": 0}, {""post_id"": 66, ""anonymous_code"": ""펭귄-5408"", ""post_type"": ""trade_share"", ""title"": ""떨어질 때 사서 성공! 삼성전자의 매력 확인"", ""like_count"": 0, ""unlike_count"": 0, ""score"": 0}, {""post_id"": 67, ""anonymous_code"": ""독수리-1692"", ""post_type"": ""analysis"", ""title"": ""기술적 추세 붕괴, 외국인과 기관이 팔고 있다 (삼성전자)"", ""like_count"": 0, ""unlike_count"": 0, ""score"": 0}, {""post_id"": 68, ""anonymous_code"": ""독수리-6722"", ""post_type"": ""trade_share"", ""title"": ""떨리는 손으로 다시 샀습니다. (삼성전자)"", ""like_count"": 0, ""unlike_count"": 0, ""score"": 0}, {""post_id"": 69, ""anonymous_code"": ""곰-5671"", ""post_type"": ""trade_share"", ""title"": ""저평가 구간에서 분할 매수, 단기 손실은 감내해야 할 것 같습니다."", ""like_count"": 0, ""unlike_count"": 0, ""score"": 0}, {""post_id"": 70, ""anonymous_code"": ""늑대-3694"", ""post_type"": ""trade_share"", ""title"": ""하락장인데 매수... 메모리 가격 폭등 믿고 분산 매수했습니다."", ""like_count"": 0, ""unlike_count"": 0, ""score"": 0}]"
RN_COMM_ON_20260917,2026-03-06,10,A025,1,5,14,"[57, 58, 59, 60, 61, 62, 63, 64, 65, 66, 67, 68, 69, 70]","[{""post_id"": 57, ""anonymous_code"": ""사자-8925"", ""post_type"": ""trade_share"", ""title"": ""하락장에서도 매수 타이밍은 찾아야 합니다. (삼성전자)"", ""like_count"": 0, ""unlike_count"": 0, ""score"": 0}, {""post_id"": 58, ""anonymous_code"": ""황소-1620"", ""post_type"": ""trade_share"", ""title"": ""하락장일수록 매수 원칙 지킵니다 (삼성전자)"", ""like_count"": 0, ""unlike_count"": 0, ""score"": 0}, {""post_id"": 59, ""anonymous_code"": ""돌고래-2979"", ""post_type"": ""trade_share"", ""title"": ""떨어질수록 사들인다는 원칙, 오늘도 지키다"", ""like_count"": 0, ""unlike_count"": 0, ""score"": 0}, {""post_id"": 60, ""anonymous_code"": ""황소-4770"", ""post_type"": ""trade_share"", ""title"": ""하락장인데 반대로 매수했습니다 (분할)"", ""like_count"": 0, ""unlike_count"": 0, ""score"": 0}, {""post_id"": 61, ""anonymous_code"": ""곰-8551"", ""post_type"": ""analysis"", ""title"": ""과매도 구간 진입? 유가 폭등 vs 메모리 반등, 타이밍이 핵심이다"", ""like_count"": 0, ""unlike_count"": 0, ""score"": 0}, {""post_id"": 62, ""anonymous_code"": ""황소-4980"", ""post_type"": ""trade_share"", ""title"": ""떨리는 손으로 매수했습니다. (삼성전자)"", ""like_count"": 0, ""unlike_count"": 0, ""score"": 0}, {""post_id"": 63, ""anonymous_code"": ""여우-1683"", ""post_type"": ""trade_share"", ""title"": ""급등장인데... 떨어질 때 사야 할까 고민 중입니다."", ""like_count"": 0, ""unlike_count"": 0, ""score"": 0}, {""post_id"": 64, ""anonymous_code"": ""독수리-9332"", ""post_type"": ""trade_share"", ""title"": ""전량 손절 후 다시 매수... 타이밍이 빨랐나?"", ""like_count"": 0, ""unlike_count"": 0, ""score"": 0}, {""post_id"": 65, ""anonymous_code"": ""황소-6990"", ""post_type"": ""trade_share"", ""title"": ""다시 한번 하락을 기다려 매수했습니다. (삼성전자)"", ""like_count"": 0, ""unlike_count"": 0, ""score"": 0}, {""post_id"": 66, ""anonymous_code"": ""펭귄-5408"", ""post_type"": ""trade_share"", ""title"": ""떨어질 때 사서 성공! 삼성전자의 매력 확인"", ""like_count"": 0, ""unlike_count"": 0, ""score"": 0}, {""post_id"": 67, ""anonymous_code"": ""독수리-1692"", ""post_type"": ""analysis"", ""title"": ""기술적 추세 붕괴, 외국인과 기관이 팔고 있다 (삼성전자)"", ""like_count"": 0, ""unlike_count"": 0, ""score"": 0}, {""post_id"": 68, ""anonymous_code"": ""독수리-6722"", ""post_type"": ""trade_share"", ""title"": ""떨리는 손으로 다시 샀습니다. (삼성전자)"", ""like_count"": 0, ""unlike_count"": 0, ""score"": 0}, {""post_id"": 69, ""anonymous_code"": ""곰-5671"", ""post_type"": ""trade_share"", ""title"": ""저평가 구간에서 분할 매수, 단기 손실은 감내해야 할 것 같습니다."", ""like_count"": 0, ""unlike_count"": 0, ""score"": 0}, {""post_id"": 70, ""anonymous_code"": ""늑대-3694"", ""post_type"": ""trade_share"", ""title"": ""하락장인데 매수... 메모리 가격 폭등 믿고 분산 매수했습니다."", ""like_count"": 0, ""unlike_count"": 0, ""score"": 0}]"
RN_COMM_ON_20260917,2026-03-06,10,A019,1,5,14,"[57, 58, 59, 60, 61, 62, 63, 64, 65, 66, 67, 68, 69, 70]","[{""post_id"": 57, ""anonymous_code"": ""사자-8925"", ""post_type"": ""trade_share"", ""title"": ""하락장에서도 매수 타이밍은 찾아야 합니다. (삼성전자)"", ""like_count"": 0, ""unlike_count"": 0, ""score"": 0}, {""post_id"": 58, ""anonymous_code"": ""황소-1620"", ""post_type"": ""trade_share"", ""title"": ""하락장일수록 매수 원칙 지킵니다 (삼성전자)"", ""like_count"": 0, ""unlike_count"": 0, ""score"": 0}, {""post_id"": 59, ""anonymous_code"": ""돌고래-2979"", ""post_type"": ""trade_share"", ""title"": ""떨어질수록 사들인다는 원칙, 오늘도 지키다"", ""like_count"": 0, ""unlike_count"": 0, ""score"": 0}, {""post_id"": 60, ""anonymous_code"": ""황소-4770"", ""post_type"": ""trade_share"", ""title"": ""하락장인데 반대로 매수했습니다 (분할)"", ""like_count"": 0, ""unlike_count"": 0, ""score"": 0}, {""post_id"": 61, ""anonymous_code"": ""곰-8551"", ""post_type"": ""analysis"", ""title"": ""과매도 구간 진입? 유가 폭등 vs 메모리 반등, 타이밍이 핵심이다"", ""like_count"": 0, ""unlike_count"": 0, ""score"": 0}, {""post_id"": 62, ""anonymous_code"": ""황소-4980"", ""post_type"": ""trade_share"", ""title"": ""떨리는 손으로 매수했습니다. (삼성전자)"", ""like_count"": 0, ""unlike_count"": 0, ""score"": 0}, {""post_id"": 63, ""anonymous_code"": ""여우-1683"", ""post_type"": ""trade_share"", ""title"": ""급등장인데... 떨어질 때 사야 할까 고민 중입니다."", ""like_count"": 0, ""unlike_count"": 0, ""score"": 0}, {""post_id"": 64, ""anonymous_code"": ""독수리-9332"", ""post_type"": ""trade_share"", ""title"": ""전량 손절 후 다시 매수... 타이밍이 빨랐나?"", ""like_count"": 0, ""unlike_count"": 0, ""score"": 0}, {""post_id"": 65, ""anonymous_code"": ""황소-6990"", ""post_type"": ""trade_share"", ""title"": ""다시 한번 하락을 기다려 매수했습니다. (삼성전자)"", ""like_count"": 0, ""unlike_count"": 0, ""score"": 0}, {""post_id"": 66, ""anonymous_code"": ""펭귄-5408"", ""post_type"": ""trade_share"", ""title"": ""떨어질 때 사서 성공! 삼성전자의 매력 확인"", ""like_count"": 0, ""unlike_count"": 0, ""score"": 0}, {""post_id"": 67, ""anonymous_code"": ""독수리-1692"", ""post_type"": ""analysis"", ""title"": ""기술적 추세 붕괴, 외국인과 기관이 팔고 있다 (삼성전자)"", ""like_count"": 0, ""unlike_count"": 0, ""score"": 0}, {""post_id"": 68, ""anonymous_code"": ""독수리-6722"", ""post_type"": ""trade_share"", ""title"": ""떨리는 손으로 다시 샀습니다. (삼성전자)"", ""like_count"": 0, ""unlike_count"": 0, ""score"": 0}, {""post_id"": 69, ""anonymous_code"": ""곰-5671"", ""post_type"": ""trade_share"", ""title"": ""저평가 구간에서 분할 매수, 단기 손실은 감내해야 할 것 같습니다."", ""like_count"": 0, ""unlike_count"": 0, ""score"": 0}, {""post_id"": 70, ""anonymous_code"": ""늑대-3694"", ""post_type"": ""trade_share"", ""title"": ""하락장인데 매수... 메모리 가격 폭등 믿고 분산 매수했습니다."", ""like_count"": 0, ""unlike_count"": 0, ""score"": 0}]"
RN_COMM_ON_20260917,2026-03-06,10,A023,2,5,13,"[57, 59, 60, 61, 62, 63, 64, 65, 66, 67, 68, 69, 70]","[{""post_id"": 57, ""anonymous_code"": ""사자-8925"", ""post_type"": ""trade_share"", ""title"": ""하락장에서도 매수 타이밍은 찾아야 합니다. (삼성전자)"", ""like_count"": 0, ""unlike_count"": 0, ""score"": 0}, {""post_id"": 59, ""anonymous_code"": ""돌고래-2979"", ""post_type"": ""trade_share"", ""title"": ""떨어질수록 사들인다는 원칙, 오늘도 지키다"", ""like_count"": 0, ""unlike_count"": 0, ""score"": 0}, {""post_id"": 60, ""anonymous_code"": ""황소-4770"", ""post_type"": ""trade_share"", ""title"": ""하락장인데 반대로 매수했습니다 (분할)"", ""like_count"": 0, ""unlike_count"": 0, ""score"": 0}, {""post_id"": 61, ""anonymous_code"": ""곰-8551"", ""post_type"": ""analysis"", ""title"": ""과매도 구간 진입? 유가 폭등 vs 메모리 반등, 타이밍이 핵심이다"", ""like_count"": 0, ""unlike_count"": 0, ""score"": 0}, {""post_id"": 62, ""anonymous_code"": ""황소-4980"", ""post_type"": ""trade_share"", ""title"": ""떨리는 손으로 매수했습니다. (삼성전자)"", ""like_count"": 0, ""unlike_count"": 0, ""score"": 0}, {""post_id"": 63, ""anonymous_code"": ""여우-1683"", ""post_type"": ""trade_share"", ""title"": ""급등장인데... 떨어질 때 사야 할까 고민 중입니다."", ""like_count"": 0, ""unlike_count"": 0, ""score"": 0}, {""post_id"": 64, ""anonymous_code"": ""독수리-9332"", ""post_type"": ""trade_share"", ""title"": ""전량 손절 후 다시 매수... 타이밍이 빨랐나?"", ""like_count"": 0, ""unlike_count"": 0, ""score"": 0}, {""post_id"": 65, ""anonymous_code"": ""황소-6990"", ""post_type"": ""trade_share"", ""title"": ""다시 한번 하락을 기다려 매수했습니다. (삼성전자)"", ""like_count"": 0, ""unlike_count"": 0, ""score"": 0}, {""post_id"": 66, ""anonymous_code"": ""펭귄-5408"", ""post_type"": ""trade_share"", ""title"": ""떨어질 때 사서 성공! 삼성전자의 매력 확인"", ""like_count"": 0, ""unlike_count"": 0, ""score"": 0}, {""post_id"": 67, ""anonymous_code"": ""독수리-1692"", ""post_type"": ""analysis"", ""title"": ""기술적 추세 붕괴, 외국인과 기관이 팔고 있다 (삼성전자)"", ""like_count"": 0, ""unlike_count"": 0, ""score"": 0}, {""post_id"": 68, ""anonymous_code"": ""독수리-6722"", ""post_type"": ""trade_share"", ""title"": ""떨리는 손으로 다시 샀습니다. (삼성전자)"", ""like_count"": 0, ""unlike_count"": 0, ""score"": 0}, {""post_id"": 69, ""anonymous_code"": ""곰-5671"", ""post_type"": ""trade_share"", ""title"": ""저평가 구간에서 분할 매수, 단기 손실은 감내해야 할 것 같습니다."", ""like_count"": 0, ""unlike_count"": 0, ""score"": 0}, {""post_id"": 70, ""anonymous_code"": ""늑대-3694"", ""post_type"": ""trade_share"", ""title"": ""하락장인데 매수... 메모리 가격 폭등 믿고 분산 매수했습니다."", ""like_count"": 0, ""unlike_count"": 0, ""score"": 0}]"
RN_COMM_ON_20260917,2026-03-06,10,A015,1,5,14,"[57, 58, 59, 60, 61, 62, 63, 64, 65, 66, 67, 68, 69, 70]","[{""post_id"": 57, ""anonymous_code"": ""사자-8925"", ""post_type"": ""trade_share"", ""title"": ""하락장에서도 매수 타이밍은 찾아야 합니다. (삼성전자)"", ""like_count"": 0, ""unlike_count"": 0, ""score"": 0}, {""post_id"": 58, ""anonymous_code"": ""황소-1620"", ""post_type"": ""trade_share"", ""title"": ""하락장일수록 매수 원칙 지킵니다 (삼성전자)"", ""like_count"": 0, ""unlike_count"": 0, ""score"": 0}, {""post_id"": 59, ""anonymous_code"": ""돌고래-2979"", ""post_type"": ""trade_share"", ""title"": ""떨어질수록 사들인다는 원칙, 오늘도 지키다"", ""like_count"": 0, ""unlike_count"": 0, ""score"": 0}, {""post_id"": 60, ""anonymous_code"": ""황소-4770"", ""post_type"": ""trade_share"", ""title"": ""하락장인데 반대로 매수했습니다 (분할)"", ""like_count"": 0, ""unlike_count"": 0, ""score"": 0}, {""post_id"": 61, ""anonymous_code"": ""곰-8551"", ""post_type"": ""analysis"", ""title"": ""과매도 구간 진입? 유가 폭등 vs 메모리 반등, 타이밍이 핵심이다"", ""like_count"": 0, ""unlike_count"": 0, ""score"": 0}, {""post_id"": 62, ""anonymous_code"": ""황소-4980"", ""post_type"": ""trade_share"", ""title"": ""떨리는 손으로 매수했습니다. (삼성전자)"", ""like_count"": 0, ""unlike_count"": 0, ""score"": 0}, {""post_id"": 63, ""anonymous_code"": ""여우-1683"", ""post_type"": ""trade_share"", ""title"": ""급등장인데... 떨어질 때 사야 할까 고민 중입니다."", ""like_count"": 0, ""unlike_count"": 0, ""score"": 0}, {""post_id"": 64, ""anonymous_code"": ""독수리-9332"", ""post_type"": ""trade_share"", ""title"": ""전량 손절 후 다시 매수... 타이밍이 빨랐나?"", ""like_count"": 0, ""unlike_count"": 0, ""score"": 0}, {""post_id"": 65, ""anonymous_code"": ""황소-6990"", ""post_type"": ""trade_share"", ""title"": ""다시 한번 하락을 기다려 매수했습니다. (삼성전자)"", ""like_count"": 0, ""unlike_count"": 0, ""score"": 0}, {""post_id"": 66, ""anonymous_code"": ""펭귄-5408"", ""post_type"": ""trade_share"", ""title"": ""떨어질 때 사서 성공! 삼성전자의 매력 확인"", ""like_count"": 0, ""unlike_count"": 0, ""score"": 0}, {""post_id"": 67, ""anonymous_code"": ""독수리-1692"", ""post_type"": ""analysis"", ""title"": ""기술적 추세 붕괴, 외국인과 기관이 팔고 있다 (삼성전자)"", ""like_count"": 0, ""unlike_count"": 0, ""score"": 0}, {""post_id"": 68, ""anonymous_code"": ""독수리-6722"", ""post_type"": ""trade_share"", ""title"": ""떨리는 손으로 다시 샀습니다. (삼성전자)"", ""like_count"": 0, ""unlike_count"": 0, ""score"": 0}, {""post_id"": 69, ""anonymous_code"": ""곰-5671"", ""post_type"": ""trade_share"", ""title"": ""저평가 구간에서 분할 매수, 단기 손실은 감내해야 할 것 같습니다."", ""like_count"": 0, ""unlike_count"": 0, ""score"": 0}, {""post_id"": 70, ""anonymous_code"": ""늑대-3694"", ""post_type"": ""trade_share"", ""title"": ""하락장인데 매수... 메모리 가격 폭등 믿고 분산 매수했습니다."", ""like_count"": 0, ""unlike_count"": 0, ""score"": 0}]"
RN_COMM_ON_20260917,2026-03-06,10,A020,1,5,14,"[57, 58, 59, 60, 61, 62, 63, 64, 65, 66, 67, 68, 69, 70]","[{""post_id"": 57, ""anonymous_code"": ""사자-8925"", ""post_type"": ""trade_share"", ""title"": ""하락장에서도 매수 타이밍은 찾아야 합니다. (삼성전자)"", ""like_count"": 0, ""unlike_count"": 0, ""score"": 0}, {""post_id"": 58, ""anonymous_code"": ""황소-1620"", ""post_type"": ""trade_share"", ""title"": ""하락장일수록 매수 원칙 지킵니다 (삼성전자)"", ""like_count"": 0, ""unlike_count"": 0, ""score"": 0}, {""post_id"": 59, ""anonymous_code"": ""돌고래-2979"", ""post_type"": ""trade_share"", ""title"": ""떨어질수록 사들인다는 원칙, 오늘도 지키다"", ""like_count"": 0, ""unlike_count"": 0, ""score"": 0}, {""post_id"": 60, ""anonymous_code"": ""황소-4770"", ""post_type"": ""trade_share"", ""title"": ""하락장인데 반대로 매수했습니다 (분할)"", ""like_count"": 0, ""unlike_count"": 0, ""score"": 0}, {""post_id"": 61, ""anonymous_code"": ""곰-8551"", ""post_type"": ""analysis"", ""title"": ""과매도 구간 진입? 유가 폭등 vs 메모리 반등, 타이밍이 핵심이다"", ""like_count"": 0, ""unlike_count"": 0, ""score"": 0}, {""post_id"": 62, ""anonymous_code"": ""황소-4980"", ""post_type"": ""trade_share"", ""title"": ""떨리는 손으로 매수했습니다. (삼성전자)"", ""like_count"": 0, ""unlike_count"": 0, ""score"": 0}, {""post_id"": 63, ""anonymous_code"": ""여우-1683"", ""post_type"": ""trade_share"", ""title"": ""급등장인데... 떨어질 때 사야 할까 고민 중입니다."", ""like_count"": 0, ""unlike_count"": 0, ""score"": 0}, {""post_id"": 64, ""anonymous_code"": ""독수리-9332"", ""post_type"": ""trade_share"", ""title"": ""전량 손절 후 다시 매수... 타이밍이 빨랐나?"", ""like_count"": 0, ""unlike_count"": 0, ""score"": 0}, {""post_id"": 65, ""anonymous_code"": ""황소-6990"", ""post_type"": ""trade_share"", ""title"": ""다시 한번 하락을 기다려 매수했습니다. (삼성전자)"", ""like_count"": 0, ""unlike_count"": 0, ""score"": 0}, {""post_id"": 66, ""anonymous_code"": ""펭귄-5408"", ""post_type"": ""trade_share"", ""title"": ""떨어질 때 사서 성공! 삼성전자의 매력 확인"", ""like_count"": 0, ""unlike_count"": 0, ""score"": 0}, {""post_id"": 67, ""anonymous_code"": ""독수리-1692"", ""post_type"": ""analysis"", ""title"": ""기술적 추세 붕괴, 외국인과 기관이 팔고 있다 (삼성전자)"", ""like_count"": 0, ""unlike_count"": 0, ""score"": 0}, {""post_id"": 68, ""anonymous_code"": ""독수리-6722"", ""post_type"": ""trade_share"", ""title"": ""떨리는 손으로 다시 샀습니다. (삼성전자)"", ""like_count"": 0, ""unlike_count"": 0, ""score"": 0}, {""post_id"": 69, ""anonymous_code"": ""곰-5671"", ""post_type"": ""trade_share"", ""title"": ""저평가 구간에서 분할 매수, 단기 손실은 감내해야 할 것 같습니다."", ""like_count"": 0, ""unlike_count"": 0, ""score"": 0}, {""post_id"": 70, ""anonymous_code"": ""늑대-3694"", ""post_type"": ""trade_share"", ""title"": ""하락장인데 매수... 메모리 가격 폭등 믿고 분산 매수했습니다."", ""like_count"": 0, ""unlike_count"": 0, ""score"": 0}]"
RN_COMM_ON_20260917,2026-03-06,10,A026,1,5,14,"[57, 58, 59, 60, 61, 62, 63, 64, 65, 66, 67, 68, 69, 70]","[{""post_id"": 57, ""anonymous_code"": ""사자-8925"", ""post_type"": ""trade_share"", ""title"": ""하락장에서도 매수 타이밍은 찾아야 합니다. (삼성전자)"", ""like_count"": 0, ""unlike_count"": 0, ""score"": 0}, {""post_id"": 58, ""anonymous_code"": ""황소-1620"", ""post_type"": ""trade_share"", ""title"": ""하락장일수록 매수 원칙 지킵니다 (삼성전자)"", ""like_count"": 0, ""unlike_count"": 0, ""score"": 0}, {""post_id"": 59, ""anonymous_code"": ""돌고래-2979"", ""post_type"": ""trade_share"", ""title"": ""떨어질수록 사들인다는 원칙, 오늘도 지키다"", ""like_count"": 0, ""unlike_count"": 0, ""score"": 0}, {""post_id"": 60, ""anonymous_code"": ""황소-4770"", ""post_type"": ""trade_share"", ""title"": ""하락장인데 반대로 매수했습니다 (분할)"", ""like_count"": 0, ""unlike_count"": 0, ""score"": 0}, {""post_id"": 61, ""anonymous_code"": ""곰-8551"", ""post_type"": ""analysis"", ""title"": ""과매도 구간 진입? 유가 폭등 vs 메모리 반등, 타이밍이 핵심이다"", ""like_count"": 0, ""unlike_count"": 0, ""score"": 0}, {""post_id"": 62, ""anonymous_code"": ""황소-4980"", ""post_type"": ""trade_share"", ""title"": ""떨리는 손으로 매수했습니다. (삼성전자)"", ""like_count"": 0, ""unlike_count"": 0, ""score"": 0}, {""post_id"": 63, ""anonymous_code"": ""여우-1683"", ""post_type"": ""trade_share"", ""title"": ""급등장인데... 떨어질 때 사야 할까 고민 중입니다."", ""like_count"": 0, ""unlike_count"": 0, ""score"": 0}, {""post_id"": 64, ""anonymous_code"": ""독수리-9332"", ""post_type"": ""trade_share"", ""title"": ""전량 손절 후 다시 매수... 타이밍이 빨랐나?"", ""like_count"": 0, ""unlike_count"": 0, ""score"": 0}, {""post_id"": 65, ""anonymous_code"": ""황소-6990"", ""post_type"": ""trade_share"", ""title"": ""다시 한번 하락을 기다려 매수했습니다. (삼성전자)"", ""like_count"": 0, ""unlike_count"": 0, ""score"": 0}, {""post_id"": 66, ""anonymous_code"": ""펭귄-5408"", ""post_type"": ""trade_share"", ""title"": ""떨어질 때 사서 성공! 삼성전자의 매력 확인"", ""like_count"": 0, ""unlike_count"": 0, ""score"": 0}, {""post_id"": 67, ""anonymous_code"": ""독수리-1692"", ""post_type"": ""analysis"", ""title"": ""기술적 추세 붕괴, 외국인과 기관이 팔고 있다 (삼성전자)"", ""like_count"": 0, ""unlike_count"": 0, ""score"": 0}, {""post_id"": 68, ""anonymous_code"": ""독수리-6722"", ""post_type"": ""trade_share"", ""title"": ""떨리는 손으로 다시 샀습니다. (삼성전자)"", ""like_count"": 0, ""unlike_count"": 0, ""score"": 0}, {""post_id"": 69, ""anonymous_code"": ""곰-5671"", ""post_type"": ""trade_share"", ""title"": ""저평가 구간에서 분할 매수, 단기 손실은 감내해야 할 것 같습니다."", ""like_count"": 0, ""unlike_count"": 0, ""score"": 0}, {""post_id"": 70, ""anonymous_code"": ""늑대-3694"", ""post_type"": ""trade_share"", ""title"": ""하락장인데 매수... 메모리 가격 폭등 믿고 분산 매수했습니다."", ""like_count"": 0, ""unlike_count"": 0, ""score"": 0}]"
RN_COMM_ON_20260917,2026-03-06,10,A027,2,5,14,"[57, 58, 59, 60, 61, 62, 63, 64, 65, 66, 67, 68, 69, 70]","[{""post_id"": 57, ""anonymous_code"": ""사자-8925"", ""post_type"": ""trade_share"", ""title"": ""하락장에서도 매수 타이밍은 찾아야 합니다. (삼성전자)"", ""like_count"": 0, ""unlike_count"": 0, ""score"": 0}, {""post_id"": 58, ""anonymous_code"": ""황소-1620"", ""post_type"": ""trade_share"", ""title"": ""하락장일수록 매수 원칙 지킵니다 (삼성전자)"", ""like_count"": 0, ""unlike_count"": 0, ""score"": 0}, {""post_id"": 59, ""anonymous_code"": ""돌고래-2979"", ""post_type"": ""trade_share"", ""title"": ""떨어질수록 사들인다는 원칙, 오늘도 지키다"", ""like_count"": 0, ""unlike_count"": 0, ""score"": 0}, {""post_id"": 60, ""anonymous_code"": ""황소-4770"", ""post_type"": ""trade_share"", ""title"": ""하락장인데 반대로 매수했습니다 (분할)"", ""like_count"": 0, ""unlike_count"": 0, ""score"": 0}, {""post_id"": 61, ""anonymous_code"": ""곰-8551"", ""post_type"": ""analysis"", ""title"": ""과매도 구간 진입? 유가 폭등 vs 메모리 반등, 타이밍이 핵심이다"", ""like_count"": 0, ""unlike_count"": 0, ""score"": 0}, {""post_id"": 62, ""anonymous_code"": ""황소-4980"", ""post_type"": ""trade_share"", ""title"": ""떨리는 손으로 매수했습니다. (삼성전자)"", ""like_count"": 0, ""unlike_count"": 0, ""score"": 0}, {""post_id"": 63, ""anonymous_code"": ""여우-1683"", ""post_type"": ""trade_share"", ""title"": ""급등장인데... 떨어질 때 사야 할까 고민 중입니다."", ""like_count"": 0, ""unlike_count"": 0, ""score"": 0}, {""post_id"": 64, ""anonymous_code"": ""독수리-9332"", ""post_type"": ""trade_share"", ""title"": ""전량 손절 후 다시 매수... 타이밍이 빨랐나?"", ""like_count"": 0, ""unlike_count"": 0, ""score"": 0}, {""post_id"": 65, ""anonymous_code"": ""황소-6990"", ""post_type"": ""trade_share"", ""title"": ""다시 한번 하락을 기다려 매수했습니다. (삼성전자)"", ""like_count"": 0, ""unlike_count"": 0, ""score"": 0}, {""post_id"": 66, ""anonymous_code"": ""펭귄-5408"", ""post_type"": ""trade_share"", ""title"": ""떨어질 때 사서 성공! 삼성전자의 매력 확인"", ""like_count"": 0, ""unlike_count"": 0, ""score"": 0}, {""post_id"": 67, ""anonymous_code"": ""독수리-1692"", ""post_type"": ""analysis"", ""title"": ""기술적 추세 붕괴, 외국인과 기관이 팔고 있다 (삼성전자)"", ""like_count"": 0, ""unlike_count"": 0, ""score"": 0}, {""post_id"": 68, ""anonymous_code"": ""독수리-6722"", ""post_type"": ""trade_share"", ""title"": ""떨리는 손으로 다시 샀습니다. (삼성전자)"", ""like_count"": 0, ""unlike_count"": 0, ""score"": 0}, {""post_id"": 69, ""anonymous_code"": ""곰-5671"", ""post_type"": ""trade_share"", ""title"": ""저평가 구간에서 분할 매수, 단기 손실은 감내해야 할 것 같습니다."", ""like_count"": 0, ""unlike_count"": 0, ""score"": 0}, {""post_id"": 70, ""anonymous_code"": ""늑대-3694"", ""post_type"": ""trade_share"", ""title"": ""하락장인데 매수... 메모리 가격 폭등 믿고 분산 매수했습니다."", ""like_count"": 0, ""unlike_count"": 0, ""score"": 0}]"
RN_COMM_ON_20260917,2026-03-06,10,A028,1,5,14,"[57, 58, 59, 60, 61, 62, 63, 64, 65, 66, 67, 68, 69, 70]","[{""post_id"": 57, ""anonymous_code"": ""사자-8925"", ""post_type"": ""trade_share"", ""title"": ""하락장에서도 매수 타이밍은 찾아야 합니다. (삼성전자)"", ""like_count"": 0, ""unlike_count"": 0, ""score"": 0}, {""post_id"": 58, ""anonymous_code"": ""황소-1620"", ""post_type"": ""trade_share"", ""title"": ""하락장일수록 매수 원칙 지킵니다 (삼성전자)"", ""like_count"": 0, ""unlike_count"": 0, ""score"": 0}, {""post_id"": 59, ""anonymous_code"": ""돌고래-2979"", ""post_type"": ""trade_share"", ""title"": ""떨어질수록 사들인다는 원칙, 오늘도 지키다"", ""like_count"": 0, ""unlike_count"": 0, ""score"": 0}, {""post_id"": 60, ""anonymous_code"": ""황소-4770"", ""post_type"": ""trade_share"", ""title"": ""하락장인데 반대로 매수했습니다 (분할)"", ""like_count"": 0, ""unlike_count"": 0, ""score"": 0}, {""post_id"": 61, ""anonymous_code"": ""곰-8551"", ""post_type"": ""analysis"", ""title"": ""과매도 구간 진입? 유가 폭등 vs 메모리 반등, 타이밍이 핵심이다"", ""like_count"": 0, ""unlike_count"": 0, ""score"": 0}, {""post_id"": 62, ""anonymous_code"": ""황소-4980"", ""post_type"": ""trade_share"", ""title"": ""떨리는 손으로 매수했습니다. (삼성전자)"", ""like_count"": 0, ""unlike_count"": 0, ""score"": 0}, {""post_id"": 63, ""anonymous_code"": ""여우-1683"", ""post_type"": ""trade_share"", ""title"": ""급등장인데... 떨어질 때 사야 할까 고민 중입니다."", ""like_count"": 0, ""unlike_count"": 0, ""score"": 0}, {""post_id"": 64, ""anonymous_code"": ""독수리-9332"", ""post_type"": ""trade_share"", ""title"": ""전량 손절 후 다시 매수... 타이밍이 빨랐나?"", ""like_count"": 0, ""unlike_count"": 0, ""score"": 0}, {""post_id"": 65, ""anonymous_code"": ""황소-6990"", ""post_type"": ""trade_share"", ""title"": ""다시 한번 하락을 기다려 매수했습니다. (삼성전자)"", ""like_count"": 0, ""unlike_count"": 0, ""score"": 0}, {""post_id"": 66, ""anonymous_code"": ""펭귄-5408"", ""post_type"": ""trade_share"", ""title"": ""떨어질 때 사서 성공! 삼성전자의 매력 확인"", ""like_count"": 0, ""unlike_count"": 0, ""score"": 0}, {""post_id"": 67, ""anonymous_code"": ""독수리-1692"", ""post_type"": ""analysis"", ""title"": ""기술적 추세 붕괴, 외국인과 기관이 팔고 있다 (삼성전자)"", ""like_count"": 0, ""unlike_count"": 0, ""score"": 0}, {""post_id"": 68, ""anonymous_code"": ""독수리-6722"", ""post_type"": ""trade_share"", ""title"": ""떨리는 손으로 다시 샀습니다. (삼성전자)"", ""like_count"": 0, ""unlike_count"": 0, ""score"": 0}, {""post_id"": 69, ""anonymous_code"": ""곰-5671"", ""post_type"": ""trade_share"", ""title"": ""저평가 구간에서 분할 매수, 단기 손실은 감내해야 할 것 같습니다."", ""like_count"": 0, ""unlike_count"": 0, ""score"": 0}, {""post_id"": 70, ""anonymous_code"": ""늑대-3694"", ""post_type"": ""trade_share"", ""title"": ""하락장인데 매수... 메모리 가격 폭등 믿고 분산 매수했습니다."", ""like_count"": 0, ""unlike_count"": 0, ""score"": 0}]"
RN_COMM_ON_20260917,2026-03-06,10,A031,2,5,14,"[57, 58, 59, 60, 61, 62, 63, 64, 65, 66, 67, 68, 69, 70]","[{""post_id"": 57, ""anonymous_code"": ""사자-8925"", ""post_type"": ""trade_share"", ""title"": ""하락장에서도 매수 타이밍은 찾아야 합니다. (삼성전자)"", ""like_count"": 0, ""unlike_count"": 0, ""score"": 0}, {""post_id"": 58, ""anonymous_code"": ""황소-1620"", ""post_type"": ""trade_share"", ""title"": ""하락장일수록 매수 원칙 지킵니다 (삼성전자)"", ""like_count"": 0, ""unlike_count"": 0, ""score"": 0}, {""post_id"": 59, ""anonymous_code"": ""돌고래-2979"", ""post_type"": ""trade_share"", ""title"": ""떨어질수록 사들인다는 원칙, 오늘도 지키다"", ""like_count"": 0, ""unlike_count"": 0, ""score"": 0}, {""post_id"": 60, ""anonymous_code"": ""황소-4770"", ""post_type"": ""trade_share"", ""title"": ""하락장인데 반대로 매수했습니다 (분할)"", ""like_count"": 0, ""unlike_count"": 0, ""score"": 0}, {""post_id"": 61, ""anonymous_code"": ""곰-8551"", ""post_type"": ""analysis"", ""title"": ""과매도 구간 진입? 유가 폭등 vs 메모리 반등, 타이밍이 핵심이다"", ""like_count"": 0, ""unlike_count"": 0, ""score"": 0}, {""post_id"": 62, ""anonymous_code"": ""황소-4980"", ""post_type"": ""trade_share"", ""title"": ""떨리는 손으로 매수했습니다. (삼성전자)"", ""like_count"": 0, ""unlike_count"": 0, ""score"": 0}, {""post_id"": 63, ""anonymous_code"": ""여우-1683"", ""post_type"": ""trade_share"", ""title"": ""급등장인데... 떨어질 때 사야 할까 고민 중입니다."", ""like_count"": 0, ""unlike_count"": 0, ""score"": 0}, {""post_id"": 64, ""anonymous_code"": ""독수리-9332"", ""post_type"": ""trade_share"", ""title"": ""전량 손절 후 다시 매수... 타이밍이 빨랐나?"", ""like_count"": 0, ""unlike_count"": 0, ""score"": 0}, {""post_id"": 65, ""anonymous_code"": ""황소-6990"", ""post_type"": ""trade_share"", ""title"": ""다시 한번 하락을 기다려 매수했습니다. (삼성전자)"", ""like_count"": 0, ""unlike_count"": 0, ""score"": 0}, {""post_id"": 66, ""anonymous_code"": ""펭귄-5408"", ""post_type"": ""trade_share"", ""title"": ""떨어질 때 사서 성공! 삼성전자의 매력 확인"", ""like_count"": 0, ""unlike_count"": 0, ""score"": 0}, {""post_id"": 67, ""anonymous_code"": ""독수리-1692"", ""post_type"": ""analysis"", ""title"": ""기술적 추세 붕괴, 외국인과 기관이 팔고 있다 (삼성전자)"", ""like_count"": 0, ""unlike_count"": 0, ""score"": 0}, {""post_id"": 68, ""anonymous_code"": ""독수리-6722"", ""post_type"": ""trade_share"", ""title"": ""떨리는 손으로 다시 샀습니다. (삼성전자)"", ""like_count"": 0, ""unlike_count"": 0, ""score"": 0}, {""post_id"": 69, ""anonymous_code"": ""곰-5671"", ""post_type"": ""trade_share"", ""title"": ""저평가 구간에서 분할 매수, 단기 손실은 감내해야 할 것 같습니다."", ""like_count"": 0, ""unlike_count"": 0, ""score"": 0}, {""post_id"": 70, ""anonymous_code"": ""늑대-3694"", ""post_type"": ""trade_share"", ""title"": ""하락장인데 매수... 메모리 가격 폭등 믿고 분산 매수했습니다."", ""like_count"": 0, ""unlike_count"": 0, ""score"": 0}]"
RN_COMM_ON_20260917,2026-03-06,10,A035,1,5,14,"[57, 58, 59, 60, 61, 62, 63, 64, 65, 66, 67, 68, 69, 70]","[{""post_id"": 57, ""anonymous_code"": ""사자-8925"", ""post_type"": ""trade_share"", ""title"": ""하락장에서도 매수 타이밍은 찾아야 합니다. (삼성전자)"", ""like_count"": 0, ""unlike_count"": 0, ""score"": 0}, {""post_id"": 58, ""anonymous_code"": ""황소-1620"", ""post_type"": ""trade_share"", ""title"": ""하락장일수록 매수 원칙 지킵니다 (삼성전자)"", ""like_count"": 0, ""unlike_count"": 0, ""score"": 0}, {""post_id"": 59, ""anonymous_code"": ""돌고래-2979"", ""post_type"": ""trade_share"", ""title"": ""떨어질수록 사들인다는 원칙, 오늘도 지키다"", ""like_count"": 0, ""unlike_count"": 0, ""score"": 0}, {""post_id"": 60, ""anonymous_code"": ""황소-4770"", ""post_type"": ""trade_share"", ""title"": ""하락장인데 반대로 매수했습니다 (분할)"", ""like_count"": 0, ""unlike_count"": 0, ""score"": 0}, {""post_id"": 61, ""anonymous_code"": ""곰-8551"", ""post_type"": ""analysis"", ""title"": ""과매도 구간 진입? 유가 폭등 vs 메모리 반등, 타이밍이 핵심이다"", ""like_count"": 0, ""unlike_count"": 0, ""score"": 0}, {""post_id"": 62, ""anonymous_code"": ""황소-4980"", ""post_type"": ""trade_share"", ""title"": ""떨리는 손으로 매수했습니다. (삼성전자)"", ""like_count"": 0, ""unlike_count"": 0, ""score"": 0}, {""post_id"": 63, ""anonymous_code"": ""여우-1683"", ""post_type"": ""trade_share"", ""title"": ""급등장인데... 떨어질 때 사야 할까 고민 중입니다."", ""like_count"": 0, ""unlike_count"": 0, ""score"": 0}, {""post_id"": 64, ""anonymous_code"": ""독수리-9332"", ""post_type"": ""trade_share"", ""title"": ""전량 손절 후 다시 매수... 타이밍이 빨랐나?"", ""like_count"": 0, ""unlike_count"": 0, ""score"": 0}, {""post_id"": 65, ""anonymous_code"": ""황소-6990"", ""post_type"": ""trade_share"", ""title"": ""다시 한번 하락을 기다려 매수했습니다. (삼성전자)"", ""like_count"": 0, ""unlike_count"": 0, ""score"": 0}, {""post_id"": 66, ""anonymous_code"": ""펭귄-5408"", ""post_type"": ""trade_share"", ""title"": ""떨어질 때 사서 성공! 삼성전자의 매력 확인"", ""like_count"": 0, ""unlike_count"": 0, ""score"": 0}, {""post_id"": 67, ""anonymous_code"": ""독수리-1692"", ""post_type"": ""analysis"", ""title"": ""기술적 추세 붕괴, 외국인과 기관이 팔고 있다 (삼성전자)"", ""like_count"": 0, ""unlike_count"": 0, ""score"": 0}, {""post_id"": 68, ""anonymous_code"": ""독수리-6722"", ""post_type"": ""trade_share"", ""title"": ""떨리는 손으로 다시 샀습니다. (삼성전자)"", ""like_count"": 0, ""unlike_count"": 0, ""score"": 0}, {""post_id"": 69, ""anonymous_code"": ""곰-5671"", ""post_type"": ""trade_share"", ""title"": ""저평가 구간에서 분할 매수, 단기 손실은 감내해야 할 것 같습니다."", ""like_count"": 0, ""unlike_count"": 0, ""score"": 0}, {""post_id"": 70, ""anonymous_code"": ""늑대-3694"", ""post_type"": ""trade_share"", ""title"": ""하락장인데 매수... 메모리 가격 폭등 믿고 분산 매수했습니다."", ""like_count"": 0, ""unlike_count"": 0, ""score"": 0}]"
RN_COMM_ON_20260917,2026-03-06,10,A029,1,5,14,"[57, 58, 59, 60, 61, 62, 63, 64, 65, 66, 67, 68, 69, 70]","[{""post_id"": 57, ""anonymous_code"": ""사자-8925"", ""post_type"": ""trade_share"", ""title"": ""하락장에서도 매수 타이밍은 찾아야 합니다. (삼성전자)"", ""like_count"": 0, ""unlike_count"": 0, ""score"": 0}, {""post_id"": 58, ""anonymous_code"": ""황소-1620"", ""post_type"": ""trade_share"", ""title"": ""하락장일수록 매수 원칙 지킵니다 (삼성전자)"", ""like_count"": 0, ""unlike_count"": 0, ""score"": 0}, {""post_id"": 59, ""anonymous_code"": ""돌고래-2979"", ""post_type"": ""trade_share"", ""title"": ""떨어질수록 사들인다는 원칙, 오늘도 지키다"", ""like_count"": 0, ""unlike_count"": 0, ""score"": 0}, {""post_id"": 60, ""anonymous_code"": ""황소-4770"", ""post_type"": ""trade_share"", ""title"": ""하락장인데 반대로 매수했습니다 (분할)"", ""like_count"": 0, ""unlike_count"": 0, ""score"": 0}, {""post_id"": 61, ""anonymous_code"": ""곰-8551"", ""post_type"": ""analysis"", ""title"": ""과매도 구간 진입? 유가 폭등 vs 메모리 반등, 타이밍이 핵심이다"", ""like_count"": 0, ""unlike_count"": 0, ""score"": 0}, {""post_id"": 62, ""anonymous_code"": ""황소-4980"", ""post_type"": ""trade_share"", ""title"": ""떨리는 손으로 매수했습니다. (삼성전자)"", ""like_count"": 0, ""unlike_count"": 0, ""score"": 0}, {""post_id"": 63, ""anonymous_code"": ""여우-1683"", ""post_type"": ""trade_share"", ""title"": ""급등장인데... 떨어질 때 사야 할까 고민 중입니다."", ""like_count"": 0, ""unlike_count"": 0, ""score"": 0}, {""post_id"": 64, ""anonymous_code"": ""독수리-9332"", ""post_type"": ""trade_share"", ""title"": ""전량 손절 후 다시 매수... 타이밍이 빨랐나?"", ""like_count"": 0, ""unlike_count"": 0, ""score"": 0}, {""post_id"": 65, ""anonymous_code"": ""황소-6990"", ""post_type"": ""trade_share"", ""title"": ""다시 한번 하락을 기다려 매수했습니다. (삼성전자)"", ""like_count"": 0, ""unlike_count"": 0, ""score"": 0}, {""post_id"": 66, ""anonymous_code"": ""펭귄-5408"", ""post_type"": ""trade_share"", ""title"": ""떨어질 때 사서 성공! 삼성전자의 매력 확인"", ""like_count"": 0, ""unlike_count"": 0, ""score"": 0}, {""post_id"": 67, ""anonymous_code"": ""독수리-1692"", ""post_type"": ""analysis"", ""title"": ""기술적 추세 붕괴, 외국인과 기관이 팔고 있다 (삼성전자)"", ""like_count"": 0, ""unlike_count"": 0, ""score"": 0}, {""post_id"": 68, ""anonymous_code"": ""독수리-6722"", ""post_type"": ""trade_share"", ""title"": ""떨리는 손으로 다시 샀습니다. (삼성전자)"", ""like_count"": 0, ""unlike_count"": 0, ""score"": 0}, {""post_id"": 69, ""anonymous_code"": ""곰-5671"", ""post_type"": ""trade_share"", ""title"": ""저평가 구간에서 분할 매수, 단기 손실은 감내해야 할 것 같습니다."", ""like_count"": 0, ""unlike_count"": 0, ""score"": 0}, {""post_id"": 70, ""anonymous_code"": ""늑대-3694"", ""post_type"": ""trade_share"", ""title"": ""하락장인데 매수... 메모리 가격 폭등 믿고 분산 매수했습니다."", ""like_count"": 0, ""unlike_count"": 0, ""score"": 0}]"
RN_COMM_ON_20260917,2026-03-06,10,A034,1,5,13,"[57, 58, 60, 61, 62, 63, 64, 65, 66, 67, 68, 69, 70]","[{""post_id"": 57, ""anonymous_code"": ""사자-8925"", ""post_type"": ""trade_share"", ""title"": ""하락장에서도 매수 타이밍은 찾아야 합니다. (삼성전자)"", ""like_count"": 0, ""unlike_count"": 0, ""score"": 0}, {""post_id"": 58, ""anonymous_code"": ""황소-1620"", ""post_type"": ""trade_share"", ""title"": ""하락장일수록 매수 원칙 지킵니다 (삼성전자)"", ""like_count"": 0, ""unlike_count"": 0, ""score"": 0}, {""post_id"": 60, ""anonymous_code"": ""황소-4770"", ""post_type"": ""trade_share"", ""title"": ""하락장인데 반대로 매수했습니다 (분할)"", ""like_count"": 0, ""unlike_count"": 0, ""score"": 0}, {""post_id"": 61, ""anonymous_code"": ""곰-8551"", ""post_type"": ""analysis"", ""title"": ""과매도 구간 진입? 유가 폭등 vs 메모리 반등, 타이밍이 핵심이다"", ""like_count"": 0, ""unlike_count"": 0, ""score"": 0}, {""post_id"": 62, ""anonymous_code"": ""황소-4980"", ""post_type"": ""trade_share"", ""title"": ""떨리는 손으로 매수했습니다. (삼성전자)"", ""like_count"": 0, ""unlike_count"": 0, ""score"": 0}, {""post_id"": 63, ""anonymous_code"": ""여우-1683"", ""post_type"": ""trade_share"", ""title"": ""급등장인데... 떨어질 때 사야 할까 고민 중입니다."", ""like_count"": 0, ""unlike_count"": 0, ""score"": 0}, {""post_id"": 64, ""anonymous_code"": ""독수리-9332"", ""post_type"": ""trade_share"", ""title"": ""전량 손절 후 다시 매수... 타이밍이 빨랐나?"", ""like_count"": 0, ""unlike_count"": 0, ""score"": 0}, {""post_id"": 65, ""anonymous_code"": ""황소-6990"", ""post_type"": ""trade_share"", ""title"": ""다시 한번 하락을 기다려 매수했습니다. (삼성전자)"", ""like_count"": 0, ""unlike_count"": 0, ""score"": 0}, {""post_id"": 66, ""anonymous_code"": ""펭귄-5408"", ""post_type"": ""trade_share"", ""title"": ""떨어질 때 사서 성공! 삼성전자의 매력 확인"", ""like_count"": 0, ""unlike_count"": 0, ""score"": 0}, {""post_id"": 67, ""anonymous_code"": ""독수리-1692"", ""post_type"": ""analysis"", ""title"": ""기술적 추세 붕괴, 외국인과 기관이 팔고 있다 (삼성전자)"", ""like_count"": 0, ""unlike_count"": 0, ""score"": 0}, {""post_id"": 68, ""anonymous_code"": ""독수리-6722"", ""post_type"": ""trade_share"", ""title"": ""떨리는 손으로 다시 샀습니다. (삼성전자)"", ""like_count"": 0, ""unlike_count"": 0, ""score"": 0}, {""post_id"": 69, ""anonymous_code"": ""곰-5671"", ""post_type"": ""trade_share"", ""title"": ""저평가 구간에서 분할 매수, 단기 손실은 감내해야 할 것 같습니다."", ""like_count"": 0, ""unlike_count"": 0, ""score"": 0}, {""post_id"": 70, ""anonymous_code"": ""늑대-3694"", ""post_type"": ""trade_share"", ""title"": ""하락장인데 매수... 메모리 가격 폭등 믿고 분산 매수했습니다."", ""like_count"": 0, ""unlike_count"": 0, ""score"": 0}]"
RN_COMM_ON_20260917,2026-03-06,10,A037,1,5,14,"[57, 58, 59, 60, 61, 62, 63, 64, 65, 66, 67, 68, 69, 70]","[{""post_id"": 57, ""anonymous_code"": ""사자-8925"", ""post_type"": ""trade_share"", ""title"": ""하락장에서도 매수 타이밍은 찾아야 합니다. (삼성전자)"", ""like_count"": 0, ""unlike_count"": 0, ""score"": 0}, {""post_id"": 58, ""anonymous_code"": ""황소-1620"", ""post_type"": ""trade_share"", ""title"": ""하락장일수록 매수 원칙 지킵니다 (삼성전자)"", ""like_count"": 0, ""unlike_count"": 0, ""score"": 0}, {""post_id"": 59, ""anonymous_code"": ""돌고래-2979"", ""post_type"": ""trade_share"", ""title"": ""떨어질수록 사들인다는 원칙, 오늘도 지키다"", ""like_count"": 0, ""unlike_count"": 0, ""score"": 0}, {""post_id"": 60, ""anonymous_code"": ""황소-4770"", ""post_type"": ""trade_share"", ""title"": ""하락장인데 반대로 매수했습니다 (분할)"", ""like_count"": 0, ""unlike_count"": 0, ""score"": 0}, {""post_id"": 61, ""anonymous_code"": ""곰-8551"", ""post_type"": ""analysis"", ""title"": ""과매도 구간 진입? 유가 폭등 vs 메모리 반등, 타이밍이 핵심이다"", ""like_count"": 0, ""unlike_count"": 0, ""score"": 0}, {""post_id"": 62, ""anonymous_code"": ""황소-4980"", ""post_type"": ""trade_share"", ""title"": ""떨리는 손으로 매수했습니다. (삼성전자)"", ""like_count"": 0, ""unlike_count"": 0, ""score"": 0}, {""post_id"": 63, ""anonymous_code"": ""여우-1683"", ""post_type"": ""trade_share"", ""title"": ""급등장인데... 떨어질 때 사야 할까 고민 중입니다."", ""like_count"": 0, ""unlike_count"": 0, ""score"": 0}, {""post_id"": 64, ""anonymous_code"": ""독수리-9332"", ""post_type"": ""trade_share"", ""title"": ""전량 손절 후 다시 매수... 타이밍이 빨랐나?"", ""like_count"": 0, ""unlike_count"": 0, ""score"": 0}, {""post_id"": 65, ""anonymous_code"": ""황소-6990"", ""post_type"": ""trade_share"", ""title"": ""다시 한번 하락을 기다려 매수했습니다. (삼성전자)"", ""like_count"": 0, ""unlike_count"": 0, ""score"": 0}, {""post_id"": 66, ""anonymous_code"": ""펭귄-5408"", ""post_type"": ""trade_share"", ""title"": ""떨어질 때 사서 성공! 삼성전자의 매력 확인"", ""like_count"": 0, ""unlike_count"": 0, ""score"": 0}, {""post_id"": 67, ""anonymous_code"": ""독수리-1692"", ""post_type"": ""analysis"", ""title"": ""기술적 추세 붕괴, 외국인과 기관이 팔고 있다 (삼성전자)"", ""like_count"": 0, ""unlike_count"": 0, ""score"": 0}, {""post_id"": 68, ""anonymous_code"": ""독수리-6722"", ""post_type"": ""trade_share"", ""title"": ""떨리는 손으로 다시 샀습니다. (삼성전자)"", ""like_count"": 0, ""unlike_count"": 0, ""score"": 0}, {""post_id"": 69, ""anonymous_code"": ""곰-5671"", ""post_type"": ""trade_share"", ""title"": ""저평가 구간에서 분할 매수, 단기 손실은 감내해야 할 것 같습니다."", ""like_count"": 0, ""unlike_count"": 0, ""score"": 0}, {""post_id"": 70, ""anonymous_code"": ""늑대-3694"", ""post_type"": ""trade_share"", ""title"": ""하락장인데 매수... 메모리 가격 폭등 믿고 분산 매수했습니다."", ""like_count"": 0, ""unlike_count"": 0, ""score"": 0}]"
RN_COMM_ON_20260917,2026-03-06,10,A036,2,5,14,"[57, 58, 59, 60, 61, 62, 63, 64, 65, 66, 67, 68, 69, 70]","[{""post_id"": 57, ""anonymous_code"": ""사자-8925"", ""post_type"": ""trade_share"", ""title"": ""하락장에서도 매수 타이밍은 찾아야 합니다. (삼성전자)"", ""like_count"": 0, ""unlike_count"": 0, ""score"": 0}, {""post_id"": 58, ""anonymous_code"": ""황소-1620"", ""post_type"": ""trade_share"", ""title"": ""하락장일수록 매수 원칙 지킵니다 (삼성전자)"", ""like_count"": 0, ""unlike_count"": 0, ""score"": 0}, {""post_id"": 59, ""anonymous_code"": ""돌고래-2979"", ""post_type"": ""trade_share"", ""title"": ""떨어질수록 사들인다는 원칙, 오늘도 지키다"", ""like_count"": 0, ""unlike_count"": 0, ""score"": 0}, {""post_id"": 60, ""anonymous_code"": ""황소-4770"", ""post_type"": ""trade_share"", ""title"": ""하락장인데 반대로 매수했습니다 (분할)"", ""like_count"": 0, ""unlike_count"": 0, ""score"": 0}, {""post_id"": 61, ""anonymous_code"": ""곰-8551"", ""post_type"": ""analysis"", ""title"": ""과매도 구간 진입? 유가 폭등 vs 메모리 반등, 타이밍이 핵심이다"", ""like_count"": 0, ""unlike_count"": 0, ""score"": 0}, {""post_id"": 62, ""anonymous_code"": ""황소-4980"", ""post_type"": ""trade_share"", ""title"": ""떨리는 손으로 매수했습니다. (삼성전자)"", ""like_count"": 0, ""unlike_count"": 0, ""score"": 0}, {""post_id"": 63, ""anonymous_code"": ""여우-1683"", ""post_type"": ""trade_share"", ""title"": ""급등장인데... 떨어질 때 사야 할까 고민 중입니다."", ""like_count"": 0, ""unlike_count"": 0, ""score"": 0}, {""post_id"": 64, ""anonymous_code"": ""독수리-9332"", ""post_type"": ""trade_share"", ""title"": ""전량 손절 후 다시 매수... 타이밍이 빨랐나?"", ""like_count"": 0, ""unlike_count"": 0, ""score"": 0}, {""post_id"": 65, ""anonymous_code"": ""황소-6990"", ""post_type"": ""trade_share"", ""title"": ""다시 한번 하락을 기다려 매수했습니다. (삼성전자)"", ""like_count"": 0, ""unlike_count"": 0, ""score"": 0}, {""post_id"": 66, ""anonymous_code"": ""펭귄-5408"", ""post_type"": ""trade_share"", ""title"": ""떨어질 때 사서 성공! 삼성전자의 매력 확인"", ""like_count"": 0, ""unlike_count"": 0, ""score"": 0}, {""post_id"": 67, ""anonymous_code"": ""독수리-1692"", ""post_type"": ""analysis"", ""title"": ""기술적 추세 붕괴, 외국인과 기관이 팔고 있다 (삼성전자)"", ""like_count"": 0, ""unlike_count"": 0, ""score"": 0}, {""post_id"": 68, ""anonymous_code"": ""독수리-6722"", ""post_type"": ""trade_share"", ""title"": ""떨리는 손으로 다시 샀습니다. (삼성전자)"", ""like_count"": 0, ""unlike_count"": 0, ""score"": 0}, {""post_id"": 69, ""anonymous_code"": ""곰-5671"", ""post_type"": ""trade_share"", ""title"": ""저평가 구간에서 분할 매수, 단기 손실은 감내해야 할 것 같습니다."", ""like_count"": 0, ""unlike_count"": 0, ""score"": 0}, {""post_id"": 70, ""anonymous_code"": ""늑대-3694"", ""post_type"": ""trade_share"", ""title"": ""하락장인데 매수... 메모리 가격 폭등 믿고 분산 매수했습니다."", ""like_count"": 0, ""unlike_count"": 0, ""score"": 0}]"
RN_COMM_ON_20260917,2026-03-06,10,A038,1,5,14,"[57, 58, 59, 60, 61, 62, 63, 64, 65, 66, 67, 68, 69, 70]","[{""post_id"": 57, ""anonymous_code"": ""사자-8925"", ""post_type"": ""trade_share"", ""title"": ""하락장에서도 매수 타이밍은 찾아야 합니다. (삼성전자)"", ""like_count"": 0, ""unlike_count"": 0, ""score"": 0}, {""post_id"": 58, ""anonymous_code"": ""황소-1620"", ""post_type"": ""trade_share"", ""title"": ""하락장일수록 매수 원칙 지킵니다 (삼성전자)"", ""like_count"": 0, ""unlike_count"": 0, ""score"": 0}, {""post_id"": 59, ""anonymous_code"": ""돌고래-2979"", ""post_type"": ""trade_share"", ""title"": ""떨어질수록 사들인다는 원칙, 오늘도 지키다"", ""like_count"": 0, ""unlike_count"": 0, ""score"": 0}, {""post_id"": 60, ""anonymous_code"": ""황소-4770"", ""post_type"": ""trade_share"", ""title"": ""하락장인데 반대로 매수했습니다 (분할)"", ""like_count"": 0, ""unlike_count"": 0, ""score"": 0}, {""post_id"": 61, ""anonymous_code"": ""곰-8551"", ""post_type"": ""analysis"", ""title"": ""과매도 구간 진입? 유가 폭등 vs 메모리 반등, 타이밍이 핵심이다"", ""like_count"": 0, ""unlike_count"": 0, ""score"": 0}, {""post_id"": 62, ""anonymous_code"": ""황소-4980"", ""post_type"": ""trade_share"", ""title"": ""떨리는 손으로 매수했습니다. (삼성전자)"", ""like_count"": 0, ""unlike_count"": 0, ""score"": 0}, {""post_id"": 63, ""anonymous_code"": ""여우-1683"", ""post_type"": ""trade_share"", ""title"": ""급등장인데... 떨어질 때 사야 할까 고민 중입니다."", ""like_count"": 0, ""unlike_count"": 0, ""score"": 0}, {""post_id"": 64, ""anonymous_code"": ""독수리-9332"", ""post_type"": ""trade_share"", ""title"": ""전량 손절 후 다시 매수... 타이밍이 빨랐나?"", ""like_count"": 0, ""unlike_count"": 0, ""score"": 0}, {""post_id"": 65, ""anonymous_code"": ""황소-6990"", ""post_type"": ""trade_share"", ""title"": ""다시 한번 하락을 기다려 매수했습니다. (삼성전자)"", ""like_count"": 0, ""unlike_count"": 0, ""score"": 0}, {""post_id"": 66, ""anonymous_code"": ""펭귄-5408"", ""post_type"": ""trade_share"", ""title"": ""떨어질 때 사서 성공! 삼성전자의 매력 확인"", ""like_count"": 0, ""unlike_count"": 0, ""score"": 0}, {""post_id"": 67, ""anonymous_code"": ""독수리-1692"", ""post_type"": ""analysis"", ""title"": ""기술적 추세 붕괴, 외국인과 기관이 팔고 있다 (삼성전자)"", ""like_count"": 0, ""unlike_count"": 0, ""score"": 0}, {""post_id"": 68, ""anonymous_code"": ""독수리-6722"", ""post_type"": ""trade_share"", ""title"": ""떨리는 손으로 다시 샀습니다. (삼성전자)"", ""like_count"": 0, ""unlike_count"": 0, ""score"": 0}, {""post_id"": 69, ""anonymous_code"": ""곰-5671"", ""post_type"": ""trade_share"", ""title"": ""저평가 구간에서 분할 매수, 단기 손실은 감내해야 할 것 같습니다."", ""like_count"": 0, ""unlike_count"": 0, ""score"": 0}, {""post_id"": 70, ""anonymous_code"": ""늑대-3694"", ""post_type"": ""trade_share"", ""title"": ""하락장인데 매수... 메모리 가격 폭등 믿고 분산 매수했습니다."", ""like_count"": 0, ""unlike_count"": 0, ""score"": 0}]"
RN_COMM_ON_20260917,2026-03-06,10,A040,1,5,14,"[57, 58, 59, 60, 61, 62, 63, 64, 65, 66, 67, 68, 69, 70]","[{""post_id"": 57, ""anonymous_code"": ""사자-8925"", ""post_type"": ""trade_share"", ""title"": ""하락장에서도 매수 타이밍은 찾아야 합니다. (삼성전자)"", ""like_count"": 0, ""unlike_count"": 0, ""score"": 0}, {""post_id"": 58, ""anonymous_code"": ""황소-1620"", ""post_type"": ""trade_share"", ""title"": ""하락장일수록 매수 원칙 지킵니다 (삼성전자)"", ""like_count"": 0, ""unlike_count"": 0, ""score"": 0}, {""post_id"": 59, ""anonymous_code"": ""돌고래-2979"", ""post_type"": ""trade_share"", ""title"": ""떨어질수록 사들인다는 원칙, 오늘도 지키다"", ""like_count"": 0, ""unlike_count"": 0, ""score"": 0}, {""post_id"": 60, ""anonymous_code"": ""황소-4770"", ""post_type"": ""trade_share"", ""title"": ""하락장인데 반대로 매수했습니다 (분할)"", ""like_count"": 0, ""unlike_count"": 0, ""score"": 0}, {""post_id"": 61, ""anonymous_code"": ""곰-8551"", ""post_type"": ""analysis"", ""title"": ""과매도 구간 진입? 유가 폭등 vs 메모리 반등, 타이밍이 핵심이다"", ""like_count"": 0, ""unlike_count"": 0, ""score"": 0}, {""post_id"": 62, ""anonymous_code"": ""황소-4980"", ""post_type"": ""trade_share"", ""title"": ""떨리는 손으로 매수했습니다. (삼성전자)"", ""like_count"": 0, ""unlike_count"": 0, ""score"": 0}, {""post_id"": 63, ""anonymous_code"": ""여우-1683"", ""post_type"": ""trade_share"", ""title"": ""급등장인데... 떨어질 때 사야 할까 고민 중입니다."", ""like_count"": 0, ""unlike_count"": 0, ""score"": 0}, {""post_id"": 64, ""anonymous_code"": ""독수리-9332"", ""post_type"": ""trade_share"", ""title"": ""전량 손절 후 다시 매수... 타이밍이 빨랐나?"", ""like_count"": 0, ""unlike_count"": 0, ""score"": 0}, {""post_id"": 65, ""anonymous_code"": ""황소-6990"", ""post_type"": ""trade_share"", ""title"": ""다시 한번 하락을 기다려 매수했습니다. (삼성전자)"", ""like_count"": 0, ""unlike_count"": 0, ""score"": 0}, {""post_id"": 66, ""anonymous_code"": ""펭귄-5408"", ""post_type"": ""trade_share"", ""title"": ""떨어질 때 사서 성공! 삼성전자의 매력 확인"", ""like_count"": 0, ""unlike_count"": 0, ""score"": 0}, {""post_id"": 67, ""anonymous_code"": ""독수리-1692"", ""post_type"": ""analysis"", ""title"": ""기술적 추세 붕괴, 외국인과 기관이 팔고 있다 (삼성전자)"", ""like_count"": 0, ""unlike_count"": 0, ""score"": 0}, {""post_id"": 68, ""anonymous_code"": ""독수리-6722"", ""post_type"": ""trade_share"", ""title"": ""떨리는 손으로 다시 샀습니다. (삼성전자)"", ""like_count"": 0, ""unlike_count"": 0, ""score"": 0}, {""post_id"": 69, ""anonymous_code"": ""곰-5671"", ""post_type"": ""trade_share"", ""title"": ""저평가 구간에서 분할 매수, 단기 손실은 감내해야 할 것 같습니다."", ""like_count"": 0, ""unlike_count"": 0, ""score"": 0}, {""post_id"": 70, ""anonymous_code"": ""늑대-3694"", ""post_type"": ""trade_share"", ""title"": ""하락장인데 매수... 메모리 가격 폭등 믿고 분산 매수했습니다."", ""like_count"": 0, ""unlike_count"": 0, ""score"": 0}]"
RN_COMM_ON_20260917,2026-03-06,10,A041,1,5,14,"[57, 58, 59, 60, 61, 62, 63, 64, 65, 66, 67, 68, 69, 70]","[{""post_id"": 57, ""anonymous_code"": ""사자-8925"", ""post_type"": ""trade_share"", ""title"": ""하락장에서도 매수 타이밍은 찾아야 합니다. (삼성전자)"", ""like_count"": 0, ""unlike_count"": 0, ""score"": 0}, {""post_id"": 58, ""anonymous_code"": ""황소-1620"", ""post_type"": ""trade_share"", ""title"": ""하락장일수록 매수 원칙 지킵니다 (삼성전자)"", ""like_count"": 0, ""unlike_count"": 0, ""score"": 0}, {""post_id"": 59, ""anonymous_code"": ""돌고래-2979"", ""post_type"": ""trade_share"", ""title"": ""떨어질수록 사들인다는 원칙, 오늘도 지키다"", ""like_count"": 0, ""unlike_count"": 0, ""score"": 0}, {""post_id"": 60, ""anonymous_code"": ""황소-4770"", ""post_type"": ""trade_share"", ""title"": ""하락장인데 반대로 매수했습니다 (분할)"", ""like_count"": 0, ""unlike_count"": 0, ""score"": 0}, {""post_id"": 61, ""anonymous_code"": ""곰-8551"", ""post_type"": ""analysis"", ""title"": ""과매도 구간 진입? 유가 폭등 vs 메모리 반등, 타이밍이 핵심이다"", ""like_count"": 0, ""unlike_count"": 0, ""score"": 0}, {""post_id"": 62, ""anonymous_code"": ""황소-4980"", ""post_type"": ""trade_share"", ""title"": ""떨리는 손으로 매수했습니다. (삼성전자)"", ""like_count"": 0, ""unlike_count"": 0, ""score"": 0}, {""post_id"": 63, ""anonymous_code"": ""여우-1683"", ""post_type"": ""trade_share"", ""title"": ""급등장인데... 떨어질 때 사야 할까 고민 중입니다."", ""like_count"": 0, ""unlike_count"": 0, ""score"": 0}, {""post_id"": 64, ""anonymous_code"": ""독수리-9332"", ""post_type"": ""trade_share"", ""title"": ""전량 손절 후 다시 매수... 타이밍이 빨랐나?"", ""like_count"": 0, ""unlike_count"": 0, ""score"": 0}, {""post_id"": 65, ""anonymous_code"": ""황소-6990"", ""post_type"": ""trade_share"", ""title"": ""다시 한번 하락을 기다려 매수했습니다. (삼성전자)"", ""like_count"": 0, ""unlike_count"": 0, ""score"": 0}, {""post_id"": 66, ""anonymous_code"": ""펭귄-5408"", ""post_type"": ""trade_share"", ""title"": ""떨어질 때 사서 성공! 삼성전자의 매력 확인"", ""like_count"": 0, ""unlike_count"": 0, ""score"": 0}, {""post_id"": 67, ""anonymous_code"": ""독수리-1692"", ""post_type"": ""analysis"", ""title"": ""기술적 추세 붕괴, 외국인과 기관이 팔고 있다 (삼성전자)"", ""like_count"": 0, ""unlike_count"": 0, ""score"": 0}, {""post_id"": 68, ""anonymous_code"": ""독수리-6722"", ""post_type"": ""trade_share"", ""title"": ""떨리는 손으로 다시 샀습니다. (삼성전자)"", ""like_count"": 0, ""unlike_count"": 0, ""score"": 0}, {""post_id"": 69, ""anonymous_code"": ""곰-5671"", ""post_type"": ""trade_share"", ""title"": ""저평가 구간에서 분할 매수, 단기 손실은 감내해야 할 것 같습니다."", ""like_count"": 0, ""unlike_count"": 0, ""score"": 0}, {""post_id"": 70, ""anonymous_code"": ""늑대-3694"", ""post_type"": ""trade_share"", ""title"": ""하락장인데 매수... 메모리 가격 폭등 믿고 분산 매수했습니다."", ""like_count"": 0, ""unlike_count"": 0, ""score"": 0}]"
RN_COMM_ON_20260917,2026-03-06,10,A042,1,5,14,"[57, 58, 59, 60, 61, 62, 63, 64, 65, 66, 67, 68, 69, 70]","[{""post_id"": 57, ""anonymous_code"": ""사자-8925"", ""post_type"": ""trade_share"", ""title"": ""하락장에서도 매수 타이밍은 찾아야 합니다. (삼성전자)"", ""like_count"": 0, ""unlike_count"": 0, ""score"": 0}, {""post_id"": 58, ""anonymous_code"": ""황소-1620"", ""post_type"": ""trade_share"", ""title"": ""하락장일수록 매수 원칙 지킵니다 (삼성전자)"", ""like_count"": 0, ""unlike_count"": 0, ""score"": 0}, {""post_id"": 59, ""anonymous_code"": ""돌고래-2979"", ""post_type"": ""trade_share"", ""title"": ""떨어질수록 사들인다는 원칙, 오늘도 지키다"", ""like_count"": 0, ""unlike_count"": 0, ""score"": 0}, {""post_id"": 60, ""anonymous_code"": ""황소-4770"", ""post_type"": ""trade_share"", ""title"": ""하락장인데 반대로 매수했습니다 (분할)"", ""like_count"": 0, ""unlike_count"": 0, ""score"": 0}, {""post_id"": 61, ""anonymous_code"": ""곰-8551"", ""post_type"": ""analysis"", ""title"": ""과매도 구간 진입? 유가 폭등 vs 메모리 반등, 타이밍이 핵심이다"", ""like_count"": 0, ""unlike_count"": 0, ""score"": 0}, {""post_id"": 62, ""anonymous_code"": ""황소-4980"", ""post_type"": ""trade_share"", ""title"": ""떨리는 손으로 매수했습니다. (삼성전자)"", ""like_count"": 0, ""unlike_count"": 0, ""score"": 0}, {""post_id"": 63, ""anonymous_code"": ""여우-1683"", ""post_type"": ""trade_share"", ""title"": ""급등장인데... 떨어질 때 사야 할까 고민 중입니다."", ""like_count"": 0, ""unlike_count"": 0, ""score"": 0}, {""post_id"": 64, ""anonymous_code"": ""독수리-9332"", ""post_type"": ""trade_share"", ""title"": ""전량 손절 후 다시 매수... 타이밍이 빨랐나?"", ""like_count"": 0, ""unlike_count"": 0, ""score"": 0}, {""post_id"": 65, ""anonymous_code"": ""황소-6990"", ""post_type"": ""trade_share"", ""title"": ""다시 한번 하락을 기다려 매수했습니다. (삼성전자)"", ""like_count"": 0, ""unlike_count"": 0, ""score"": 0}, {""post_id"": 66, ""anonymous_code"": ""펭귄-5408"", ""post_type"": ""trade_share"", ""title"": ""떨어질 때 사서 성공! 삼성전자의 매력 확인"", ""like_count"": 0, ""unlike_count"": 0, ""score"": 0}, {""post_id"": 67, ""anonymous_code"": ""독수리-1692"", ""post_type"": ""analysis"", ""title"": ""기술적 추세 붕괴, 외국인과 기관이 팔고 있다 (삼성전자)"", ""like_count"": 0, ""unlike_count"": 0, ""score"": 0}, {""post_id"": 68, ""anonymous_code"": ""독수리-6722"", ""post_type"": ""trade_share"", ""title"": ""떨리는 손으로 다시 샀습니다. (삼성전자)"", ""like_count"": 0, ""unlike_count"": 0, ""score"": 0}, {""post_id"": 69, ""anonymous_code"": ""곰-5671"", ""post_type"": ""trade_share"", ""title"": ""저평가 구간에서 분할 매수, 단기 손실은 감내해야 할 것 같습니다."", ""like_count"": 0, ""unlike_count"": 0, ""score"": 0}, {""post_id"": 70, ""anonymous_code"": ""늑대-3694"", ""post_type"": ""trade_share"", ""title"": ""하락장인데 매수... 메모리 가격 폭등 믿고 분산 매수했습니다."", ""like_count"": 0, ""unlike_count"": 0, ""score"": 0}]"
RN_COMM_ON_20260917,2026-03-06,10,A045,1,5,14,"[57, 58, 59, 60, 61, 62, 63, 64, 65, 66, 67, 68, 69, 70]","[{""post_id"": 57, ""anonymous_code"": ""사자-8925"", ""post_type"": ""trade_share"", ""title"": ""하락장에서도 매수 타이밍은 찾아야 합니다. (삼성전자)"", ""like_count"": 0, ""unlike_count"": 0, ""score"": 0}, {""post_id"": 58, ""anonymous_code"": ""황소-1620"", ""post_type"": ""trade_share"", ""title"": ""하락장일수록 매수 원칙 지킵니다 (삼성전자)"", ""like_count"": 0, ""unlike_count"": 0, ""score"": 0}, {""post_id"": 59, ""anonymous_code"": ""돌고래-2979"", ""post_type"": ""trade_share"", ""title"": ""떨어질수록 사들인다는 원칙, 오늘도 지키다"", ""like_count"": 0, ""unlike_count"": 0, ""score"": 0}, {""post_id"": 60, ""anonymous_code"": ""황소-4770"", ""post_type"": ""trade_share"", ""title"": ""하락장인데 반대로 매수했습니다 (분할)"", ""like_count"": 0, ""unlike_count"": 0, ""score"": 0}, {""post_id"": 61, ""anonymous_code"": ""곰-8551"", ""post_type"": ""analysis"", ""title"": ""과매도 구간 진입? 유가 폭등 vs 메모리 반등, 타이밍이 핵심이다"", ""like_count"": 0, ""unlike_count"": 0, ""score"": 0}, {""post_id"": 62, ""anonymous_code"": ""황소-4980"", ""post_type"": ""trade_share"", ""title"": ""떨리는 손으로 매수했습니다. (삼성전자)"", ""like_count"": 0, ""unlike_count"": 0, ""score"": 0}, {""post_id"": 63, ""anonymous_code"": ""여우-1683"", ""post_type"": ""trade_share"", ""title"": ""급등장인데... 떨어질 때 사야 할까 고민 중입니다."", ""like_count"": 0, ""unlike_count"": 0, ""score"": 0}, {""post_id"": 64, ""anonymous_code"": ""독수리-9332"", ""post_type"": ""trade_share"", ""title"": ""전량 손절 후 다시 매수... 타이밍이 빨랐나?"", ""like_count"": 0, ""unlike_count"": 0, ""score"": 0}, {""post_id"": 65, ""anonymous_code"": ""황소-6990"", ""post_type"": ""trade_share"", ""title"": ""다시 한번 하락을 기다려 매수했습니다. (삼성전자)"", ""like_count"": 0, ""unlike_count"": 0, ""score"": 0}, {""post_id"": 66, ""anonymous_code"": ""펭귄-5408"", ""post_type"": ""trade_share"", ""title"": ""떨어질 때 사서 성공! 삼성전자의 매력 확인"", ""like_count"": 0, ""unlike_count"": 0, ""score"": 0}, {""post_id"": 67, ""anonymous_code"": ""독수리-1692"", ""post_type"": ""analysis"", ""title"": ""기술적 추세 붕괴, 외국인과 기관이 팔고 있다 (삼성전자)"", ""like_count"": 0, ""unlike_count"": 0, ""score"": 0}, {""post_id"": 68, ""anonymous_code"": ""독수리-6722"", ""post_type"": ""trade_share"", ""title"": ""떨리는 손으로 다시 샀습니다. (삼성전자)"", ""like_count"": 0, ""unlike_count"": 0, ""score"": 0}, {""post_id"": 69, ""anonymous_code"": ""곰-5671"", ""post_type"": ""trade_share"", ""title"": ""저평가 구간에서 분할 매수, 단기 손실은 감내해야 할 것 같습니다."", ""like_count"": 0, ""unlike_count"": 0, ""score"": 0}, {""post_id"": 70, ""anonymous_code"": ""늑대-3694"", ""post_type"": ""trade_share"", ""title"": ""하락장인데 매수... 메모리 가격 폭등 믿고 분산 매수했습니다."", ""like_count"": 0, ""unlike_count"": 0, ""score"": 0}]"
RN_COMM_ON_20260917,2026-03-06,10,A044,1,5,13,"[57, 58, 59, 61, 62, 63, 64, 65, 66, 67, 68, 69, 70]","[{""post_id"": 57, ""anonymous_code"": ""사자-8925"", ""post_type"": ""trade_share"", ""title"": ""하락장에서도 매수 타이밍은 찾아야 합니다. (삼성전자)"", ""like_count"": 0, ""unlike_count"": 0, ""score"": 0}, {""post_id"": 58, ""anonymous_code"": ""황소-1620"", ""post_type"": ""trade_share"", ""title"": ""하락장일수록 매수 원칙 지킵니다 (삼성전자)"", ""like_count"": 0, ""unlike_count"": 0, ""score"": 0}, {""post_id"": 59, ""anonymous_code"": ""돌고래-2979"", ""post_type"": ""trade_share"", ""title"": ""떨어질수록 사들인다는 원칙, 오늘도 지키다"", ""like_count"": 0, ""unlike_count"": 0, ""score"": 0}, {""post_id"": 61, ""anonymous_code"": ""곰-8551"", ""post_type"": ""analysis"", ""title"": ""과매도 구간 진입? 유가 폭등 vs 메모리 반등, 타이밍이 핵심이다"", ""like_count"": 0, ""unlike_count"": 0, ""score"": 0}, {""post_id"": 62, ""anonymous_code"": ""황소-4980"", ""post_type"": ""trade_share"", ""title"": ""떨리는 손으로 매수했습니다. (삼성전자)"", ""like_count"": 0, ""unlike_count"": 0, ""score"": 0}, {""post_id"": 63, ""anonymous_code"": ""여우-1683"", ""post_type"": ""trade_share"", ""title"": ""급등장인데... 떨어질 때 사야 할까 고민 중입니다."", ""like_count"": 0, ""unlike_count"": 0, ""score"": 0}, {""post_id"": 64, ""anonymous_code"": ""독수리-9332"", ""post_type"": ""trade_share"", ""title"": ""전량 손절 후 다시 매수... 타이밍이 빨랐나?"", ""like_count"": 0, ""unlike_count"": 0, ""score"": 0}, {""post_id"": 65, ""anonymous_code"": ""황소-6990"", ""post_type"": ""trade_share"", ""title"": ""다시 한번 하락을 기다려 매수했습니다. (삼성전자)"", ""like_count"": 0, ""unlike_count"": 0, ""score"": 0}, {""post_id"": 66, ""anonymous_code"": ""펭귄-5408"", ""post_type"": ""trade_share"", ""title"": ""떨어질 때 사서 성공! 삼성전자의 매력 확인"", ""like_count"": 0, ""unlike_count"": 0, ""score"": 0}, {""post_id"": 67, ""anonymous_code"": ""독수리-1692"", ""post_type"": ""analysis"", ""title"": ""기술적 추세 붕괴, 외국인과 기관이 팔고 있다 (삼성전자)"", ""like_count"": 0, ""unlike_count"": 0, ""score"": 0}, {""post_id"": 68, ""anonymous_code"": ""독수리-6722"", ""post_type"": ""trade_share"", ""title"": ""떨리는 손으로 다시 샀습니다. (삼성전자)"", ""like_count"": 0, ""unlike_count"": 0, ""score"": 0}, {""post_id"": 69, ""anonymous_code"": ""곰-5671"", ""post_type"": ""trade_share"", ""title"": ""저평가 구간에서 분할 매수, 단기 손실은 감내해야 할 것 같습니다."", ""like_count"": 0, ""unlike_count"": 0, ""score"": 0}, {""post_id"": 70, ""anonymous_code"": ""늑대-3694"", ""post_type"": ""trade_share"", ""title"": ""하락장인데 매수... 메모리 가격 폭등 믿고 분산 매수했습니다."", ""like_count"": 0, ""unlike_count"": 0, ""score"": 0}]"
RN_COMM_ON_20260917,2026-03-06,10,A047,1,5,14,"[57, 58, 59, 60, 61, 62, 63, 64, 65, 66, 67, 68, 69, 70]","[{""post_id"": 57, ""anonymous_code"": ""사자-8925"", ""post_type"": ""trade_share"", ""title"": ""하락장에서도 매수 타이밍은 찾아야 합니다. (삼성전자)"", ""like_count"": 0, ""unlike_count"": 0, ""score"": 0}, {""post_id"": 58, ""anonymous_code"": ""황소-1620"", ""post_type"": ""trade_share"", ""title"": ""하락장일수록 매수 원칙 지킵니다 (삼성전자)"", ""like_count"": 0, ""unlike_count"": 0, ""score"": 0}, {""post_id"": 59, ""anonymous_code"": ""돌고래-2979"", ""post_type"": ""trade_share"", ""title"": ""떨어질수록 사들인다는 원칙, 오늘도 지키다"", ""like_count"": 0, ""unlike_count"": 0, ""score"": 0}, {""post_id"": 60, ""anonymous_code"": ""황소-4770"", ""post_type"": ""trade_share"", ""title"": ""하락장인데 반대로 매수했습니다 (분할)"", ""like_count"": 0, ""unlike_count"": 0, ""score"": 0}, {""post_id"": 61, ""anonymous_code"": ""곰-8551"", ""post_type"": ""analysis"", ""title"": ""과매도 구간 진입? 유가 폭등 vs 메모리 반등, 타이밍이 핵심이다"", ""like_count"": 0, ""unlike_count"": 0, ""score"": 0}, {""post_id"": 62, ""anonymous_code"": ""황소-4980"", ""post_type"": ""trade_share"", ""title"": ""떨리는 손으로 매수했습니다. (삼성전자)"", ""like_count"": 0, ""unlike_count"": 0, ""score"": 0}, {""post_id"": 63, ""anonymous_code"": ""여우-1683"", ""post_type"": ""trade_share"", ""title"": ""급등장인데... 떨어질 때 사야 할까 고민 중입니다."", ""like_count"": 0, ""unlike_count"": 0, ""score"": 0}, {""post_id"": 64, ""anonymous_code"": ""독수리-9332"", ""post_type"": ""trade_share"", ""title"": ""전량 손절 후 다시 매수... 타이밍이 빨랐나?"", ""like_count"": 0, ""unlike_count"": 0, ""score"": 0}, {""post_id"": 65, ""anonymous_code"": ""황소-6990"", ""post_type"": ""trade_share"", ""title"": ""다시 한번 하락을 기다려 매수했습니다. (삼성전자)"", ""like_count"": 0, ""unlike_count"": 0, ""score"": 0}, {""post_id"": 66, ""anonymous_code"": ""펭귄-5408"", ""post_type"": ""trade_share"", ""title"": ""떨어질 때 사서 성공! 삼성전자의 매력 확인"", ""like_count"": 0, ""unlike_count"": 0, ""score"": 0}, {""post_id"": 67, ""anonymous_code"": ""독수리-1692"", ""post_type"": ""analysis"", ""title"": ""기술적 추세 붕괴, 외국인과 기관이 팔고 있다 (삼성전자)"", ""like_count"": 0, ""unlike_count"": 0, ""score"": 0}, {""post_id"": 68, ""anonymous_code"": ""독수리-6722"", ""post_type"": ""trade_share"", ""title"": ""떨리는 손으로 다시 샀습니다. (삼성전자)"", ""like_count"": 0, ""unlike_count"": 0, ""score"": 0}, {""post_id"": 69, ""anonymous_code"": ""곰-5671"", ""post_type"": ""trade_share"", ""title"": ""저평가 구간에서 분할 매수, 단기 손실은 감내해야 할 것 같습니다."", ""like_count"": 0, ""unlike_count"": 0, ""score"": 0}, {""post_id"": 70, ""anonymous_code"": ""늑대-3694"", ""post_type"": ""trade_share"", ""title"": ""하락장인데 매수... 메모리 가격 폭등 믿고 분산 매수했습니다."", ""like_count"": 0, ""unlike_count"": 0, ""score"": 0}]"
RN_COMM_ON_20260917,2026-03-06,10,A046,1,5,13,"[57, 58, 59, 60, 62, 63, 64, 65, 66, 67, 68, 69, 70]","[{""post_id"": 57, ""anonymous_code"": ""사자-8925"", ""post_type"": ""trade_share"", ""title"": ""하락장에서도 매수 타이밍은 찾아야 합니다. (삼성전자)"", ""like_count"": 0, ""unlike_count"": 0, ""score"": 0}, {""post_id"": 58, ""anonymous_code"": ""황소-1620"", ""post_type"": ""trade_share"", ""title"": ""하락장일수록 매수 원칙 지킵니다 (삼성전자)"", ""like_count"": 0, ""unlike_count"": 0, ""score"": 0}, {""post_id"": 59, ""anonymous_code"": ""돌고래-2979"", ""post_type"": ""trade_share"", ""title"": ""떨어질수록 사들인다는 원칙, 오늘도 지키다"", ""like_count"": 0, ""unlike_count"": 0, ""score"": 0}, {""post_id"": 60, ""anonymous_code"": ""황소-4770"", ""post_type"": ""trade_share"", ""title"": ""하락장인데 반대로 매수했습니다 (분할)"", ""like_count"": 0, ""unlike_count"": 0, ""score"": 0}, {""post_id"": 62, ""anonymous_code"": ""황소-4980"", ""post_type"": ""trade_share"", ""title"": ""떨리는 손으로 매수했습니다. (삼성전자)"", ""like_count"": 0, ""unlike_count"": 0, ""score"": 0}, {""post_id"": 63, ""anonymous_code"": ""여우-1683"", ""post_type"": ""trade_share"", ""title"": ""급등장인데... 떨어질 때 사야 할까 고민 중입니다."", ""like_count"": 0, ""unlike_count"": 0, ""score"": 0}, {""post_id"": 64, ""anonymous_code"": ""독수리-9332"", ""post_type"": ""trade_share"", ""title"": ""전량 손절 후 다시 매수... 타이밍이 빨랐나?"", ""like_count"": 0, ""unlike_count"": 0, ""score"": 0}, {""post_id"": 65, ""anonymous_code"": ""황소-6990"", ""post_type"": ""trade_share"", ""title"": ""다시 한번 하락을 기다려 매수했습니다. (삼성전자)"", ""like_count"": 0, ""unlike_count"": 0, ""score"": 0}, {""post_id"": 66, ""anonymous_code"": ""펭귄-5408"", ""post_type"": ""trade_share"", ""title"": ""떨어질 때 사서 성공! 삼성전자의 매력 확인"", ""like_count"": 0, ""unlike_count"": 0, ""score"": 0}, {""post_id"": 67, ""anonymous_code"": ""독수리-1692"", ""post_type"": ""analysis"", ""title"": ""기술적 추세 붕괴, 외국인과 기관이 팔고 있다 (삼성전자)"", ""like_count"": 0, ""unlike_count"": 0, ""score"": 0}, {""post_id"": 68, ""anonymous_code"": ""독수리-6722"", ""post_type"": ""trade_share"", ""title"": ""떨리는 손으로 다시 샀습니다. (삼성전자)"", ""like_count"": 0, ""unlike_count"": 0, ""score"": 0}, {""post_id"": 69, ""anonymous_code"": ""곰-5671"", ""post_type"": ""trade_share"", ""title"": ""저평가 구간에서 분할 매수, 단기 손실은 감내해야 할 것 같습니다."", ""like_count"": 0, ""unlike_count"": 0, ""score"": 0}, {""post_id"": 70, ""anonymous_code"": ""늑대-3694"", ""post_type"": ""trade_share"", ""title"": ""하락장인데 매수... 메모리 가격 폭등 믿고 분산 매수했습니다."", ""like_count"": 0, ""unlike_count"": 0, ""score"": 0}]"
RN_COMM_ON_20260917,2026-03-06,10,A050,1,5,14,"[57, 58, 59, 60, 61, 62, 63, 64, 65, 66, 67, 68, 69, 70]","[{""post_id"": 57, ""anonymous_code"": ""사자-8925"", ""post_type"": ""trade_share"", ""title"": ""하락장에서도 매수 타이밍은 찾아야 합니다. (삼성전자)"", ""like_count"": 0, ""unlike_count"": 0, ""score"": 0}, {""post_id"": 58, ""anonymous_code"": ""황소-1620"", ""post_type"": ""trade_share"", ""title"": ""하락장일수록 매수 원칙 지킵니다 (삼성전자)"", ""like_count"": 0, ""unlike_count"": 0, ""score"": 0}, {""post_id"": 59, ""anonymous_code"": ""돌고래-2979"", ""post_type"": ""trade_share"", ""title"": ""떨어질수록 사들인다는 원칙, 오늘도 지키다"", ""like_count"": 0, ""unlike_count"": 0, ""score"": 0}, {""post_id"": 60, ""anonymous_code"": ""황소-4770"", ""post_type"": ""trade_share"", ""title"": ""하락장인데 반대로 매수했습니다 (분할)"", ""like_count"": 0, ""unlike_count"": 0, ""score"": 0}, {""post_id"": 61, ""anonymous_code"": ""곰-8551"", ""post_type"": ""analysis"", ""title"": ""과매도 구간 진입? 유가 폭등 vs 메모리 반등, 타이밍이 핵심이다"", ""like_count"": 0, ""unlike_count"": 0, ""score"": 0}, {""post_id"": 62, ""anonymous_code"": ""황소-4980"", ""post_type"": ""trade_share"", ""title"": ""떨리는 손으로 매수했습니다. (삼성전자)"", ""like_count"": 0, ""unlike_count"": 0, ""score"": 0}, {""post_id"": 63, ""anonymous_code"": ""여우-1683"", ""post_type"": ""trade_share"", ""title"": ""급등장인데... 떨어질 때 사야 할까 고민 중입니다."", ""like_count"": 0, ""unlike_count"": 0, ""score"": 0}, {""post_id"": 64, ""anonymous_code"": ""독수리-9332"", ""post_type"": ""trade_share"", ""title"": ""전량 손절 후 다시 매수... 타이밍이 빨랐나?"", ""like_count"": 0, ""unlike_count"": 0, ""score"": 0}, {""post_id"": 65, ""anonymous_code"": ""황소-6990"", ""post_type"": ""trade_share"", ""title"": ""다시 한번 하락을 기다려 매수했습니다. (삼성전자)"", ""like_count"": 0, ""unlike_count"": 0, ""score"": 0}, {""post_id"": 66, ""anonymous_code"": ""펭귄-5408"", ""post_type"": ""trade_share"", ""title"": ""떨어질 때 사서 성공! 삼성전자의 매력 확인"", ""like_count"": 0, ""unlike_count"": 0, ""score"": 0}, {""post_id"": 67, ""anonymous_code"": ""독수리-1692"", ""post_type"": ""analysis"", ""title"": ""기술적 추세 붕괴, 외국인과 기관이 팔고 있다 (삼성전자)"", ""like_count"": 0, ""unlike_count"": 0, ""score"": 0}, {""post_id"": 68, ""anonymous_code"": ""독수리-6722"", ""post_type"": ""trade_share"", ""title"": ""떨리는 손으로 다시 샀습니다. (삼성전자)"", ""like_count"": 0, ""unlike_count"": 0, ""score"": 0}, {""post_id"": 69, ""anonymous_code"": ""곰-5671"", ""post_type"": ""trade_share"", ""title"": ""저평가 구간에서 분할 매수, 단기 손실은 감내해야 할 것 같습니다."", ""like_count"": 0, ""unlike_count"": 0, ""score"": 0}, {""post_id"": 70, ""anonymous_code"": ""늑대-3694"", ""post_type"": ""trade_share"", ""title"": ""하락장인데 매수... 메모리 가격 폭등 믿고 분산 매수했습니다."", ""like_count"": 0, ""unlike_count"": 0, ""score"": 0}]"
RN_COMM_ON_20260917,2026-03-06,10,A051,1,5,14,"[57, 58, 59, 60, 61, 62, 63, 64, 65, 66, 67, 68, 69, 70]","[{""post_id"": 57, ""anonymous_code"": ""사자-8925"", ""post_type"": ""trade_share"", ""title"": ""하락장에서도 매수 타이밍은 찾아야 합니다. (삼성전자)"", ""like_count"": 0, ""unlike_count"": 0, ""score"": 0}, {""post_id"": 58, ""anonymous_code"": ""황소-1620"", ""post_type"": ""trade_share"", ""title"": ""하락장일수록 매수 원칙 지킵니다 (삼성전자)"", ""like_count"": 0, ""unlike_count"": 0, ""score"": 0}, {""post_id"": 59, ""anonymous_code"": ""돌고래-2979"", ""post_type"": ""trade_share"", ""title"": ""떨어질수록 사들인다는 원칙, 오늘도 지키다"", ""like_count"": 0, ""unlike_count"": 0, ""score"": 0}, {""post_id"": 60, ""anonymous_code"": ""황소-4770"", ""post_type"": ""trade_share"", ""title"": ""하락장인데 반대로 매수했습니다 (분할)"", ""like_count"": 0, ""unlike_count"": 0, ""score"": 0}, {""post_id"": 61, ""anonymous_code"": ""곰-8551"", ""post_type"": ""analysis"", ""title"": ""과매도 구간 진입? 유가 폭등 vs 메모리 반등, 타이밍이 핵심이다"", ""like_count"": 0, ""unlike_count"": 0, ""score"": 0}, {""post_id"": 62, ""anonymous_code"": ""황소-4980"", ""post_type"": ""trade_share"", ""title"": ""떨리는 손으로 매수했습니다. (삼성전자)"", ""like_count"": 0, ""unlike_count"": 0, ""score"": 0}, {""post_id"": 63, ""anonymous_code"": ""여우-1683"", ""post_type"": ""trade_share"", ""title"": ""급등장인데... 떨어질 때 사야 할까 고민 중입니다."", ""like_count"": 0, ""unlike_count"": 0, ""score"": 0}, {""post_id"": 64, ""anonymous_code"": ""독수리-9332"", ""post_type"": ""trade_share"", ""title"": ""전량 손절 후 다시 매수... 타이밍이 빨랐나?"", ""like_count"": 0, ""unlike_count"": 0, ""score"": 0}, {""post_id"": 65, ""anonymous_code"": ""황소-6990"", ""post_type"": ""trade_share"", ""title"": ""다시 한번 하락을 기다려 매수했습니다. (삼성전자)"", ""like_count"": 0, ""unlike_count"": 0, ""score"": 0}, {""post_id"": 66, ""anonymous_code"": ""펭귄-5408"", ""post_type"": ""trade_share"", ""title"": ""떨어질 때 사서 성공! 삼성전자의 매력 확인"", ""like_count"": 0, ""unlike_count"": 0, ""score"": 0}, {""post_id"": 67, ""anonymous_code"": ""독수리-1692"", ""post_type"": ""analysis"", ""title"": ""기술적 추세 붕괴, 외국인과 기관이 팔고 있다 (삼성전자)"", ""like_count"": 0, ""unlike_count"": 0, ""score"": 0}, {""post_id"": 68, ""anonymous_code"": ""독수리-6722"", ""post_type"": ""trade_share"", ""title"": ""떨리는 손으로 다시 샀습니다. (삼성전자)"", ""like_count"": 0, ""unlike_count"": 0, ""score"": 0}, {""post_id"": 69, ""anonymous_code"": ""곰-5671"", ""post_type"": ""trade_share"", ""title"": ""저평가 구간에서 분할 매수, 단기 손실은 감내해야 할 것 같습니다."", ""like_count"": 0, ""unlike_count"": 0, ""score"": 0}, {""post_id"": 70, ""anonymous_code"": ""늑대-3694"", ""post_type"": ""trade_share"", ""title"": ""하락장인데 매수... 메모리 가격 폭등 믿고 분산 매수했습니다."", ""like_count"": 0, ""unlike_count"": 0, ""score"": 0}]"
RN_COMM_ON_20260917,2026-03-06,10,A054,1,5,14,"[57, 58, 59, 60, 61, 62, 63, 64, 65, 66, 67, 68, 69, 70]","[{""post_id"": 57, ""anonymous_code"": ""사자-8925"", ""post_type"": ""trade_share"", ""title"": ""하락장에서도 매수 타이밍은 찾아야 합니다. (삼성전자)"", ""like_count"": 0, ""unlike_count"": 0, ""score"": 0}, {""post_id"": 58, ""anonymous_code"": ""황소-1620"", ""post_type"": ""trade_share"", ""title"": ""하락장일수록 매수 원칙 지킵니다 (삼성전자)"", ""like_count"": 0, ""unlike_count"": 0, ""score"": 0}, {""post_id"": 59, ""anonymous_code"": ""돌고래-2979"", ""post_type"": ""trade_share"", ""title"": ""떨어질수록 사들인다는 원칙, 오늘도 지키다"", ""like_count"": 0, ""unlike_count"": 0, ""score"": 0}, {""post_id"": 60, ""anonymous_code"": ""황소-4770"", ""post_type"": ""trade_share"", ""title"": ""하락장인데 반대로 매수했습니다 (분할)"", ""like_count"": 0, ""unlike_count"": 0, ""score"": 0}, {""post_id"": 61, ""anonymous_code"": ""곰-8551"", ""post_type"": ""analysis"", ""title"": ""과매도 구간 진입? 유가 폭등 vs 메모리 반등, 타이밍이 핵심이다"", ""like_count"": 0, ""unlike_count"": 0, ""score"": 0}, {""post_id"": 62, ""anonymous_code"": ""황소-4980"", ""post_type"": ""trade_share"", ""title"": ""떨리는 손으로 매수했습니다. (삼성전자)"", ""like_count"": 0, ""unlike_count"": 0, ""score"": 0}, {""post_id"": 63, ""anonymous_code"": ""여우-1683"", ""post_type"": ""trade_share"", ""title"": ""급등장인데... 떨어질 때 사야 할까 고민 중입니다."", ""like_count"": 0, ""unlike_count"": 0, ""score"": 0}, {""post_id"": 64, ""anonymous_code"": ""독수리-9332"", ""post_type"": ""trade_share"", ""title"": ""전량 손절 후 다시 매수... 타이밍이 빨랐나?"", ""like_count"": 0, ""unlike_count"": 0, ""score"": 0}, {""post_id"": 65, ""anonymous_code"": ""황소-6990"", ""post_type"": ""trade_share"", ""title"": ""다시 한번 하락을 기다려 매수했습니다. (삼성전자)"", ""like_count"": 0, ""unlike_count"": 0, ""score"": 0}, {""post_id"": 66, ""anonymous_code"": ""펭귄-5408"", ""post_type"": ""trade_share"", ""title"": ""떨어질 때 사서 성공! 삼성전자의 매력 확인"", ""like_count"": 0, ""unlike_count"": 0, ""score"": 0}, {""post_id"": 67, ""anonymous_code"": ""독수리-1692"", ""post_type"": ""analysis"", ""title"": ""기술적 추세 붕괴, 외국인과 기관이 팔고 있다 (삼성전자)"", ""like_count"": 0, ""unlike_count"": 0, ""score"": 0}, {""post_id"": 68, ""anonymous_code"": ""독수리-6722"", ""post_type"": ""trade_share"", ""title"": ""떨리는 손으로 다시 샀습니다. (삼성전자)"", ""like_count"": 0, ""unlike_count"": 0, ""score"": 0}, {""post_id"": 69, ""anonymous_code"": ""곰-5671"", ""post_type"": ""trade_share"", ""title"": ""저평가 구간에서 분할 매수, 단기 손실은 감내해야 할 것 같습니다."", ""like_count"": 0, ""unlike_count"": 0, ""score"": 0}, {""post_id"": 70, ""anonymous_code"": ""늑대-3694"", ""post_type"": ""trade_share"", ""title"": ""하락장인데 매수... 메모리 가격 폭등 믿고 분산 매수했습니다."", ""like_count"": 0, ""unlike_count"": 0, ""score"": 0}]"
RN_COMM_ON_20260917,2026-03-06,10,A053,2,5,14,"[57, 58, 59, 60, 61, 62, 63, 64, 65, 66, 67, 68, 69, 70]","[{""post_id"": 57, ""anonymous_code"": ""사자-8925"", ""post_type"": ""trade_share"", ""title"": ""하락장에서도 매수 타이밍은 찾아야 합니다. (삼성전자)"", ""like_count"": 0, ""unlike_count"": 0, ""score"": 0}, {""post_id"": 58, ""anonymous_code"": ""황소-1620"", ""post_type"": ""trade_share"", ""title"": ""하락장일수록 매수 원칙 지킵니다 (삼성전자)"", ""like_count"": 0, ""unlike_count"": 0, ""score"": 0}, {""post_id"": 59, ""anonymous_code"": ""돌고래-2979"", ""post_type"": ""trade_share"", ""title"": ""떨어질수록 사들인다는 원칙, 오늘도 지키다"", ""like_count"": 0, ""unlike_count"": 0, ""score"": 0}, {""post_id"": 60, ""anonymous_code"": ""황소-4770"", ""post_type"": ""trade_share"", ""title"": ""하락장인데 반대로 매수했습니다 (분할)"", ""like_count"": 0, ""unlike_count"": 0, ""score"": 0}, {""post_id"": 61, ""anonymous_code"": ""곰-8551"", ""post_type"": ""analysis"", ""title"": ""과매도 구간 진입? 유가 폭등 vs 메모리 반등, 타이밍이 핵심이다"", ""like_count"": 0, ""unlike_count"": 0, ""score"": 0}, {""post_id"": 62, ""anonymous_code"": ""황소-4980"", ""post_type"": ""trade_share"", ""title"": ""떨리는 손으로 매수했습니다. (삼성전자)"", ""like_count"": 0, ""unlike_count"": 0, ""score"": 0}, {""post_id"": 63, ""anonymous_code"": ""여우-1683"", ""post_type"": ""trade_share"", ""title"": ""급등장인데... 떨어질 때 사야 할까 고민 중입니다."", ""like_count"": 0, ""unlike_count"": 0, ""score"": 0}, {""post_id"": 64, ""anonymous_code"": ""독수리-9332"", ""post_type"": ""trade_share"", ""title"": ""전량 손절 후 다시 매수... 타이밍이 빨랐나?"", ""like_count"": 0, ""unlike_count"": 0, ""score"": 0}, {""post_id"": 65, ""anonymous_code"": ""황소-6990"", ""post_type"": ""trade_share"", ""title"": ""다시 한번 하락을 기다려 매수했습니다. (삼성전자)"", ""like_count"": 0, ""unlike_count"": 0, ""score"": 0}, {""post_id"": 66, ""anonymous_code"": ""펭귄-5408"", ""post_type"": ""trade_share"", ""title"": ""떨어질 때 사서 성공! 삼성전자의 매력 확인"", ""like_count"": 0, ""unlike_count"": 0, ""score"": 0}, {""post_id"": 67, ""anonymous_code"": ""독수리-1692"", ""post_type"": ""analysis"", ""title"": ""기술적 추세 붕괴, 외국인과 기관이 팔고 있다 (삼성전자)"", ""like_count"": 0, ""unlike_count"": 0, ""score"": 0}, {""post_id"": 68, ""anonymous_code"": ""독수리-6722"", ""post_type"": ""trade_share"", ""title"": ""떨리는 손으로 다시 샀습니다. (삼성전자)"", ""like_count"": 0, ""unlike_count"": 0, ""score"": 0}, {""post_id"": 69, ""anonymous_code"": ""곰-5671"", ""post_type"": ""trade_share"", ""title"": ""저평가 구간에서 분할 매수, 단기 손실은 감내해야 할 것 같습니다."", ""like_count"": 0, ""unlike_count"": 0, ""score"": 0}, {""post_id"": 70, ""anonymous_code"": ""늑대-3694"", ""post_type"": ""trade_share"", ""title"": ""하락장인데 매수... 메모리 가격 폭등 믿고 분산 매수했습니다."", ""like_count"": 0, ""unlike_count"": 0, ""score"": 0}]"
RN_COMM_ON_20260917,2026-03-06,10,A056,1,5,13,"[57, 58, 59, 60, 61, 62, 64, 65, 66, 67, 68, 69, 70]","[{""post_id"": 57, ""anonymous_code"": ""사자-8925"", ""post_type"": ""trade_share"", ""title"": ""하락장에서도 매수 타이밍은 찾아야 합니다. (삼성전자)"", ""like_count"": 0, ""unlike_count"": 0, ""score"": 0}, {""post_id"": 58, ""anonymous_code"": ""황소-1620"", ""post_type"": ""trade_share"", ""title"": ""하락장일수록 매수 원칙 지킵니다 (삼성전자)"", ""like_count"": 0, ""unlike_count"": 0, ""score"": 0}, {""post_id"": 59, ""anonymous_code"": ""돌고래-2979"", ""post_type"": ""trade_share"", ""title"": ""떨어질수록 사들인다는 원칙, 오늘도 지키다"", ""like_count"": 0, ""unlike_count"": 0, ""score"": 0}, {""post_id"": 60, ""anonymous_code"": ""황소-4770"", ""post_type"": ""trade_share"", ""title"": ""하락장인데 반대로 매수했습니다 (분할)"", ""like_count"": 0, ""unlike_count"": 0, ""score"": 0}, {""post_id"": 61, ""anonymous_code"": ""곰-8551"", ""post_type"": ""analysis"", ""title"": ""과매도 구간 진입? 유가 폭등 vs 메모리 반등, 타이밍이 핵심이다"", ""like_count"": 0, ""unlike_count"": 0, ""score"": 0}, {""post_id"": 62, ""anonymous_code"": ""황소-4980"", ""post_type"": ""trade_share"", ""title"": ""떨리는 손으로 매수했습니다. (삼성전자)"", ""like_count"": 0, ""unlike_count"": 0, ""score"": 0}, {""post_id"": 64, ""anonymous_code"": ""독수리-9332"", ""post_type"": ""trade_share"", ""title"": ""전량 손절 후 다시 매수... 타이밍이 빨랐나?"", ""like_count"": 0, ""unlike_count"": 0, ""score"": 0}, {""post_id"": 65, ""anonymous_code"": ""황소-6990"", ""post_type"": ""trade_share"", ""title"": ""다시 한번 하락을 기다려 매수했습니다. (삼성전자)"", ""like_count"": 0, ""unlike_count"": 0, ""score"": 0}, {""post_id"": 66, ""anonymous_code"": ""펭귄-5408"", ""post_type"": ""trade_share"", ""title"": ""떨어질 때 사서 성공! 삼성전자의 매력 확인"", ""like_count"": 0, ""unlike_count"": 0, ""score"": 0}, {""post_id"": 67, ""anonymous_code"": ""독수리-1692"", ""post_type"": ""analysis"", ""title"": ""기술적 추세 붕괴, 외국인과 기관이 팔고 있다 (삼성전자)"", ""like_count"": 0, ""unlike_count"": 0, ""score"": 0}, {""post_id"": 68, ""anonymous_code"": ""독수리-6722"", ""post_type"": ""trade_share"", ""title"": ""떨리는 손으로 다시 샀습니다. (삼성전자)"", ""like_count"": 0, ""unlike_count"": 0, ""score"": 0}, {""post_id"": 69, ""anonymous_code"": ""곰-5671"", ""post_type"": ""trade_share"", ""title"": ""저평가 구간에서 분할 매수, 단기 손실은 감내해야 할 것 같습니다."", ""like_count"": 0, ""unlike_count"": 0, ""score"": 0}, {""post_id"": 70, ""anonymous_code"": ""늑대-3694"", ""post_type"": ""trade_share"", ""title"": ""하락장인데 매수... 메모리 가격 폭등 믿고 분산 매수했습니다."", ""like_count"": 0, ""unlike_count"": 0, ""score"": 0}]"
RN_COMM_ON_20260917,2026-03-06,10,A055,2,5,13,"[57, 58, 59, 60, 61, 63, 64, 65, 66, 67, 68, 69, 70]","[{""post_id"": 57, ""anonymous_code"": ""사자-8925"", ""post_type"": ""trade_share"", ""title"": ""하락장에서도 매수 타이밍은 찾아야 합니다. (삼성전자)"", ""like_count"": 0, ""unlike_count"": 0, ""score"": 0}, {""post_id"": 58, ""anonymous_code"": ""황소-1620"", ""post_type"": ""trade_share"", ""title"": ""하락장일수록 매수 원칙 지킵니다 (삼성전자)"", ""like_count"": 0, ""unlike_count"": 0, ""score"": 0}, {""post_id"": 59, ""anonymous_code"": ""돌고래-2979"", ""post_type"": ""trade_share"", ""title"": ""떨어질수록 사들인다는 원칙, 오늘도 지키다"", ""like_count"": 0, ""unlike_count"": 0, ""score"": 0}, {""post_id"": 60, ""anonymous_code"": ""황소-4770"", ""post_type"": ""trade_share"", ""title"": ""하락장인데 반대로 매수했습니다 (분할)"", ""like_count"": 0, ""unlike_count"": 0, ""score"": 0}, {""post_id"": 61, ""anonymous_code"": ""곰-8551"", ""post_type"": ""analysis"", ""title"": ""과매도 구간 진입? 유가 폭등 vs 메모리 반등, 타이밍이 핵심이다"", ""like_count"": 0, ""unlike_count"": 0, ""score"": 0}, {""post_id"": 63, ""anonymous_code"": ""여우-1683"", ""post_type"": ""trade_share"", ""title"": ""급등장인데... 떨어질 때 사야 할까 고민 중입니다."", ""like_count"": 0, ""unlike_count"": 0, ""score"": 0}, {""post_id"": 64, ""anonymous_code"": ""독수리-9332"", ""post_type"": ""trade_share"", ""title"": ""전량 손절 후 다시 매수... 타이밍이 빨랐나?"", ""like_count"": 0, ""unlike_count"": 0, ""score"": 0}, {""post_id"": 65, ""anonymous_code"": ""황소-6990"", ""post_type"": ""trade_share"", ""title"": ""다시 한번 하락을 기다려 매수했습니다. (삼성전자)"", ""like_count"": 0, ""unlike_count"": 0, ""score"": 0}, {""post_id"": 66, ""anonymous_code"": ""펭귄-5408"", ""post_type"": ""trade_share"", ""title"": ""떨어질 때 사서 성공! 삼성전자의 매력 확인"", ""like_count"": 0, ""unlike_count"": 0, ""score"": 0}, {""post_id"": 67, ""anonymous_code"": ""독수리-1692"", ""post_type"": ""analysis"", ""title"": ""기술적 추세 붕괴, 외국인과 기관이 팔고 있다 (삼성전자)"", ""like_count"": 0, ""unlike_count"": 0, ""score"": 0}, {""post_id"": 68, ""anonymous_code"": ""독수리-6722"", ""post_type"": ""trade_share"", ""title"": ""떨리는 손으로 다시 샀습니다. (삼성전자)"", ""like_count"": 0, ""unlike_count"": 0, ""score"": 0}, {""post_id"": 69, ""anonymous_code"": ""곰-5671"", ""post_type"": ""trade_share"", ""title"": ""저평가 구간에서 분할 매수, 단기 손실은 감내해야 할 것 같습니다."", ""like_count"": 0, ""unlike_count"": 0, ""score"": 0}, {""post_id"": 70, ""anonymous_code"": ""늑대-3694"", ""post_type"": ""trade_share"", ""title"": ""하락장인데 매수... 메모리 가격 폭등 믿고 분산 매수했습니다."", ""like_count"": 0, ""unlike_count"": 0, ""score"": 0}]"
RN_COMM_ON_20260917,2026-03-06,10,A058,2,5,13,"[57, 58, 59, 60, 61, 62, 63, 65, 66, 67, 68, 69, 70]","[{""post_id"": 57, ""anonymous_code"": ""사자-8925"", ""post_type"": ""trade_share"", ""title"": ""하락장에서도 매수 타이밍은 찾아야 합니다. (삼성전자)"", ""like_count"": 0, ""unlike_count"": 0, ""score"": 0}, {""post_id"": 58, ""anonymous_code"": ""황소-1620"", ""post_type"": ""trade_share"", ""title"": ""하락장일수록 매수 원칙 지킵니다 (삼성전자)"", ""like_count"": 0, ""unlike_count"": 0, ""score"": 0}, {""post_id"": 59, ""anonymous_code"": ""돌고래-2979"", ""post_type"": ""trade_share"", ""title"": ""떨어질수록 사들인다는 원칙, 오늘도 지키다"", ""like_count"": 0, ""unlike_count"": 0, ""score"": 0}, {""post_id"": 60, ""anonymous_code"": ""황소-4770"", ""post_type"": ""trade_share"", ""title"": ""하락장인데 반대로 매수했습니다 (분할)"", ""like_count"": 0, ""unlike_count"": 0, ""score"": 0}, {""post_id"": 61, ""anonymous_code"": ""곰-8551"", ""post_type"": ""analysis"", ""title"": ""과매도 구간 진입? 유가 폭등 vs 메모리 반등, 타이밍이 핵심이다"", ""like_count"": 0, ""unlike_count"": 0, ""score"": 0}, {""post_id"": 62, ""anonymous_code"": ""황소-4980"", ""post_type"": ""trade_share"", ""title"": ""떨리는 손으로 매수했습니다. (삼성전자)"", ""like_count"": 0, ""unlike_count"": 0, ""score"": 0}, {""post_id"": 63, ""anonymous_code"": ""여우-1683"", ""post_type"": ""trade_share"", ""title"": ""급등장인데... 떨어질 때 사야 할까 고민 중입니다."", ""like_count"": 0, ""unlike_count"": 0, ""score"": 0}, {""post_id"": 65, ""anonymous_code"": ""황소-6990"", ""post_type"": ""trade_share"", ""title"": ""다시 한번 하락을 기다려 매수했습니다. (삼성전자)"", ""like_count"": 0, ""unlike_count"": 0, ""score"": 0}, {""post_id"": 66, ""anonymous_code"": ""펭귄-5408"", ""post_type"": ""trade_share"", ""title"": ""떨어질 때 사서 성공! 삼성전자의 매력 확인"", ""like_count"": 0, ""unlike_count"": 0, ""score"": 0}, {""post_id"": 67, ""anonymous_code"": ""독수리-1692"", ""post_type"": ""analysis"", ""title"": ""기술적 추세 붕괴, 외국인과 기관이 팔고 있다 (삼성전자)"", ""like_count"": 0, ""unlike_count"": 0, ""score"": 0}, {""post_id"": 68, ""anonymous_code"": ""독수리-6722"", ""post_type"": ""trade_share"", ""title"": ""떨리는 손으로 다시 샀습니다. (삼성전자)"", ""like_count"": 0, ""unlike_count"": 0, ""score"": 0}, {""post_id"": 69, ""anonymous_code"": ""곰-5671"", ""post_type"": ""trade_share"", ""title"": ""저평가 구간에서 분할 매수, 단기 손실은 감내해야 할 것 같습니다."", ""like_count"": 0, ""unlike_count"": 0, ""score"": 0}, {""post_id"": 70, ""anonymous_code"": ""늑대-3694"", ""post_type"": ""trade_share"", ""title"": ""하락장인데 매수... 메모리 가격 폭등 믿고 분산 매수했습니다."", ""like_count"": 0, ""unlike_count"": 0, ""score"": 0}]"
RN_COMM_ON_20260917,2026-03-06,10,A059,2,5,14,"[57, 58, 59, 60, 61, 62, 63, 64, 65, 66, 67, 68, 69, 70]","[{""post_id"": 57, ""anonymous_code"": ""사자-8925"", ""post_type"": ""trade_share"", ""title"": ""하락장에서도 매수 타이밍은 찾아야 합니다. (삼성전자)"", ""like_count"": 0, ""unlike_count"": 0, ""score"": 0}, {""post_id"": 58, ""anonymous_code"": ""황소-1620"", ""post_type"": ""trade_share"", ""title"": ""하락장일수록 매수 원칙 지킵니다 (삼성전자)"", ""like_count"": 0, ""unlike_count"": 0, ""score"": 0}, {""post_id"": 59, ""anonymous_code"": ""돌고래-2979"", ""post_type"": ""trade_share"", ""title"": ""떨어질수록 사들인다는 원칙, 오늘도 지키다"", ""like_count"": 0, ""unlike_count"": 0, ""score"": 0}, {""post_id"": 60, ""anonymous_code"": ""황소-4770"", ""post_type"": ""trade_share"", ""title"": ""하락장인데 반대로 매수했습니다 (분할)"", ""like_count"": 0, ""unlike_count"": 0, ""score"": 0}, {""post_id"": 61, ""anonymous_code"": ""곰-8551"", ""post_type"": ""analysis"", ""title"": ""과매도 구간 진입? 유가 폭등 vs 메모리 반등, 타이밍이 핵심이다"", ""like_count"": 0, ""unlike_count"": 0, ""score"": 0}, {""post_id"": 62, ""anonymous_code"": ""황소-4980"", ""post_type"": ""trade_share"", ""title"": ""떨리는 손으로 매수했습니다. (삼성전자)"", ""like_count"": 0, ""unlike_count"": 0, ""score"": 0}, {""post_id"": 63, ""anonymous_code"": ""여우-1683"", ""post_type"": ""trade_share"", ""title"": ""급등장인데... 떨어질 때 사야 할까 고민 중입니다."", ""like_count"": 0, ""unlike_count"": 0, ""score"": 0}, {""post_id"": 64, ""anonymous_code"": ""독수리-9332"", ""post_type"": ""trade_share"", ""title"": ""전량 손절 후 다시 매수... 타이밍이 빨랐나?"", ""like_count"": 0, ""unlike_count"": 0, ""score"": 0}, {""post_id"": 65, ""anonymous_code"": ""황소-6990"", ""post_type"": ""trade_share"", ""title"": ""다시 한번 하락을 기다려 매수했습니다. (삼성전자)"", ""like_count"": 0, ""unlike_count"": 0, ""score"": 0}, {""post_id"": 66, ""anonymous_code"": ""펭귄-5408"", ""post_type"": ""trade_share"", ""title"": ""떨어질 때 사서 성공! 삼성전자의 매력 확인"", ""like_count"": 0, ""unlike_count"": 0, ""score"": 0}, {""post_id"": 67, ""anonymous_code"": ""독수리-1692"", ""post_type"": ""analysis"", ""title"": ""기술적 추세 붕괴, 외국인과 기관이 팔고 있다 (삼성전자)"", ""like_count"": 0, ""unlike_count"": 0, ""score"": 0}, {""post_id"": 68, ""anonymous_code"": ""독수리-6722"", ""post_type"": ""trade_share"", ""title"": ""떨리는 손으로 다시 샀습니다. (삼성전자)"", ""like_count"": 0, ""unlike_count"": 0, ""score"": 0}, {""post_id"": 69, ""anonymous_code"": ""곰-5671"", ""post_type"": ""trade_share"", ""title"": ""저평가 구간에서 분할 매수, 단기 손실은 감내해야 할 것 같습니다."", ""like_count"": 0, ""unlike_count"": 0, ""score"": 0}, {""post_id"": 70, ""anonymous_code"": ""늑대-3694"", ""post_type"": ""trade_share"", ""title"": ""하락장인데 매수... 메모리 가격 폭등 믿고 분산 매수했습니다."", ""like_count"": 0, ""unlike_count"": 0, ""score"": 0}]"
RN_COMM_ON_20260917,2026-03-06,10,A063,1,5,14,"[57, 58, 59, 60, 61, 62, 63, 64, 65, 66, 67, 68, 69, 70]","[{""post_id"": 57, ""anonymous_code"": ""사자-8925"", ""post_type"": ""trade_share"", ""title"": ""하락장에서도 매수 타이밍은 찾아야 합니다. (삼성전자)"", ""like_count"": 0, ""unlike_count"": 0, ""score"": 0}, {""post_id"": 58, ""anonymous_code"": ""황소-1620"", ""post_type"": ""trade_share"", ""title"": ""하락장일수록 매수 원칙 지킵니다 (삼성전자)"", ""like_count"": 0, ""unlike_count"": 0, ""score"": 0}, {""post_id"": 59, ""anonymous_code"": ""돌고래-2979"", ""post_type"": ""trade_share"", ""title"": ""떨어질수록 사들인다는 원칙, 오늘도 지키다"", ""like_count"": 0, ""unlike_count"": 0, ""score"": 0}, {""post_id"": 60, ""anonymous_code"": ""황소-4770"", ""post_type"": ""trade_share"", ""title"": ""하락장인데 반대로 매수했습니다 (분할)"", ""like_count"": 0, ""unlike_count"": 0, ""score"": 0}, {""post_id"": 61, ""anonymous_code"": ""곰-8551"", ""post_type"": ""analysis"", ""title"": ""과매도 구간 진입? 유가 폭등 vs 메모리 반등, 타이밍이 핵심이다"", ""like_count"": 0, ""unlike_count"": 0, ""score"": 0}, {""post_id"": 62, ""anonymous_code"": ""황소-4980"", ""post_type"": ""trade_share"", ""title"": ""떨리는 손으로 매수했습니다. (삼성전자)"", ""like_count"": 0, ""unlike_count"": 0, ""score"": 0}, {""post_id"": 63, ""anonymous_code"": ""여우-1683"", ""post_type"": ""trade_share"", ""title"": ""급등장인데... 떨어질 때 사야 할까 고민 중입니다."", ""like_count"": 0, ""unlike_count"": 0, ""score"": 0}, {""post_id"": 64, ""anonymous_code"": ""독수리-9332"", ""post_type"": ""trade_share"", ""title"": ""전량 손절 후 다시 매수... 타이밍이 빨랐나?"", ""like_count"": 0, ""unlike_count"": 0, ""score"": 0}, {""post_id"": 65, ""anonymous_code"": ""황소-6990"", ""post_type"": ""trade_share"", ""title"": ""다시 한번 하락을 기다려 매수했습니다. (삼성전자)"", ""like_count"": 0, ""unlike_count"": 0, ""score"": 0}, {""post_id"": 66, ""anonymous_code"": ""펭귄-5408"", ""post_type"": ""trade_share"", ""title"": ""떨어질 때 사서 성공! 삼성전자의 매력 확인"", ""like_count"": 0, ""unlike_count"": 0, ""score"": 0}, {""post_id"": 67, ""anonymous_code"": ""독수리-1692"", ""post_type"": ""analysis"", ""title"": ""기술적 추세 붕괴, 외국인과 기관이 팔고 있다 (삼성전자)"", ""like_count"": 0, ""unlike_count"": 0, ""score"": 0}, {""post_id"": 68, ""anonymous_code"": ""독수리-6722"", ""post_type"": ""trade_share"", ""title"": ""떨리는 손으로 다시 샀습니다. (삼성전자)"", ""like_count"": 0, ""unlike_count"": 0, ""score"": 0}, {""post_id"": 69, ""anonymous_code"": ""곰-5671"", ""post_type"": ""trade_share"", ""title"": ""저평가 구간에서 분할 매수, 단기 손실은 감내해야 할 것 같습니다."", ""like_count"": 0, ""unlike_count"": 0, ""score"": 0}, {""post_id"": 70, ""anonymous_code"": ""늑대-3694"", ""post_type"": ""trade_share"", ""title"": ""하락장인데 매수... 메모리 가격 폭등 믿고 분산 매수했습니다."", ""like_count"": 0, ""unlike_count"": 0, ""score"": 0}]"
RN_COMM_ON_20260917,2026-03-06,10,A061,1,5,14,"[57, 58, 59, 60, 61, 62, 63, 64, 65, 66, 67, 68, 69, 70]","[{""post_id"": 57, ""anonymous_code"": ""사자-8925"", ""post_type"": ""trade_share"", ""title"": ""하락장에서도 매수 타이밍은 찾아야 합니다. (삼성전자)"", ""like_count"": 0, ""unlike_count"": 0, ""score"": 0}, {""post_id"": 58, ""anonymous_code"": ""황소-1620"", ""post_type"": ""trade_share"", ""title"": ""하락장일수록 매수 원칙 지킵니다 (삼성전자)"", ""like_count"": 0, ""unlike_count"": 0, ""score"": 0}, {""post_id"": 59, ""anonymous_code"": ""돌고래-2979"", ""post_type"": ""trade_share"", ""title"": ""떨어질수록 사들인다는 원칙, 오늘도 지키다"", ""like_count"": 0, ""unlike_count"": 0, ""score"": 0}, {""post_id"": 60, ""anonymous_code"": ""황소-4770"", ""post_type"": ""trade_share"", ""title"": ""하락장인데 반대로 매수했습니다 (분할)"", ""like_count"": 0, ""unlike_count"": 0, ""score"": 0}, {""post_id"": 61, ""anonymous_code"": ""곰-8551"", ""post_type"": ""analysis"", ""title"": ""과매도 구간 진입? 유가 폭등 vs 메모리 반등, 타이밍이 핵심이다"", ""like_count"": 0, ""unlike_count"": 0, ""score"": 0}, {""post_id"": 62, ""anonymous_code"": ""황소-4980"", ""post_type"": ""trade_share"", ""title"": ""떨리는 손으로 매수했습니다. (삼성전자)"", ""like_count"": 0, ""unlike_count"": 0, ""score"": 0}, {""post_id"": 63, ""anonymous_code"": ""여우-1683"", ""post_type"": ""trade_share"", ""title"": ""급등장인데... 떨어질 때 사야 할까 고민 중입니다."", ""like_count"": 0, ""unlike_count"": 0, ""score"": 0}, {""post_id"": 64, ""anonymous_code"": ""독수리-9332"", ""post_type"": ""trade_share"", ""title"": ""전량 손절 후 다시 매수... 타이밍이 빨랐나?"", ""like_count"": 0, ""unlike_count"": 0, ""score"": 0}, {""post_id"": 65, ""anonymous_code"": ""황소-6990"", ""post_type"": ""trade_share"", ""title"": ""다시 한번 하락을 기다려 매수했습니다. (삼성전자)"", ""like_count"": 0, ""unlike_count"": 0, ""score"": 0}, {""post_id"": 66, ""anonymous_code"": ""펭귄-5408"", ""post_type"": ""trade_share"", ""title"": ""떨어질 때 사서 성공! 삼성전자의 매력 확인"", ""like_count"": 0, ""unlike_count"": 0, ""score"": 0}, {""post_id"": 67, ""anonymous_code"": ""독수리-1692"", ""post_type"": ""analysis"", ""title"": ""기술적 추세 붕괴, 외국인과 기관이 팔고 있다 (삼성전자)"", ""like_count"": 0, ""unlike_count"": 0, ""score"": 0}, {""post_id"": 68, ""anonymous_code"": ""독수리-6722"", ""post_type"": ""trade_share"", ""title"": ""떨리는 손으로 다시 샀습니다. (삼성전자)"", ""like_count"": 0, ""unlike_count"": 0, ""score"": 0}, {""post_id"": 69, ""anonymous_code"": ""곰-5671"", ""post_type"": ""trade_share"", ""title"": ""저평가 구간에서 분할 매수, 단기 손실은 감내해야 할 것 같습니다."", ""like_count"": 0, ""unlike_count"": 0, ""score"": 0}, {""post_id"": 70, ""anonymous_code"": ""늑대-3694"", ""post_type"": ""trade_share"", ""title"": ""하락장인데 매수... 메모리 가격 폭등 믿고 분산 매수했습니다."", ""like_count"": 0, ""unlike_count"": 0, ""score"": 0}]"
RN_COMM_ON_20260917,2026-03-06,10,A064,1,5,13,"[57, 58, 59, 60, 61, 62, 63, 64, 66, 67, 68, 69, 70]","[{""post_id"": 57, ""anonymous_code"": ""사자-8925"", ""post_type"": ""trade_share"", ""title"": ""하락장에서도 매수 타이밍은 찾아야 합니다. (삼성전자)"", ""like_count"": 0, ""unlike_count"": 0, ""score"": 0}, {""post_id"": 58, ""anonymous_code"": ""황소-1620"", ""post_type"": ""trade_share"", ""title"": ""하락장일수록 매수 원칙 지킵니다 (삼성전자)"", ""like_count"": 0, ""unlike_count"": 0, ""score"": 0}, {""post_id"": 59, ""anonymous_code"": ""돌고래-2979"", ""post_type"": ""trade_share"", ""title"": ""떨어질수록 사들인다는 원칙, 오늘도 지키다"", ""like_count"": 0, ""unlike_count"": 0, ""score"": 0}, {""post_id"": 60, ""anonymous_code"": ""황소-4770"", ""post_type"": ""trade_share"", ""title"": ""하락장인데 반대로 매수했습니다 (분할)"", ""like_count"": 0, ""unlike_count"": 0, ""score"": 0}, {""post_id"": 61, ""anonymous_code"": ""곰-8551"", ""post_type"": ""analysis"", ""title"": ""과매도 구간 진입? 유가 폭등 vs 메모리 반등, 타이밍이 핵심이다"", ""like_count"": 0, ""unlike_count"": 0, ""score"": 0}, {""post_id"": 62, ""anonymous_code"": ""황소-4980"", ""post_type"": ""trade_share"", ""title"": ""떨리는 손으로 매수했습니다. (삼성전자)"", ""like_count"": 0, ""unlike_count"": 0, ""score"": 0}, {""post_id"": 63, ""anonymous_code"": ""여우-1683"", ""post_type"": ""trade_share"", ""title"": ""급등장인데... 떨어질 때 사야 할까 고민 중입니다."", ""like_count"": 0, ""unlike_count"": 0, ""score"": 0}, {""post_id"": 64, ""anonymous_code"": ""독수리-9332"", ""post_type"": ""trade_share"", ""title"": ""전량 손절 후 다시 매수... 타이밍이 빨랐나?"", ""like_count"": 0, ""unlike_count"": 0, ""score"": 0}, {""post_id"": 66, ""anonymous_code"": ""펭귄-5408"", ""post_type"": ""trade_share"", ""title"": ""떨어질 때 사서 성공! 삼성전자의 매력 확인"", ""like_count"": 0, ""unlike_count"": 0, ""score"": 0}, {""post_id"": 67, ""anonymous_code"": ""독수리-1692"", ""post_type"": ""analysis"", ""title"": ""기술적 추세 붕괴, 외국인과 기관이 팔고 있다 (삼성전자)"", ""like_count"": 0, ""unlike_count"": 0, ""score"": 0}, {""post_id"": 68, ""anonymous_code"": ""독수리-6722"", ""post_type"": ""trade_share"", ""title"": ""떨리는 손으로 다시 샀습니다. (삼성전자)"", ""like_count"": 0, ""unlike_count"": 0, ""score"": 0}, {""post_id"": 69, ""anonymous_code"": ""곰-5671"", ""post_type"": ""trade_share"", ""title"": ""저평가 구간에서 분할 매수, 단기 손실은 감내해야 할 것 같습니다."", ""like_count"": 0, ""unlike_count"": 0, ""score"": 0}, {""post_id"": 70, ""anonymous_code"": ""늑대-3694"", ""post_type"": ""trade_share"", ""title"": ""하락장인데 매수... 메모리 가격 폭등 믿고 분산 매수했습니다."", ""like_count"": 0, ""unlike_count"": 0, ""score"": 0}]"
RN_COMM_ON_20260917,2026-03-06,10,A066,1,5,14,"[57, 58, 59, 60, 61, 62, 63, 64, 65, 66, 67, 68, 69, 70]","[{""post_id"": 57, ""anonymous_code"": ""사자-8925"", ""post_type"": ""trade_share"", ""title"": ""하락장에서도 매수 타이밍은 찾아야 합니다. (삼성전자)"", ""like_count"": 0, ""unlike_count"": 0, ""score"": 0}, {""post_id"": 58, ""anonymous_code"": ""황소-1620"", ""post_type"": ""trade_share"", ""title"": ""하락장일수록 매수 원칙 지킵니다 (삼성전자)"", ""like_count"": 0, ""unlike_count"": 0, ""score"": 0}, {""post_id"": 59, ""anonymous_code"": ""돌고래-2979"", ""post_type"": ""trade_share"", ""title"": ""떨어질수록 사들인다는 원칙, 오늘도 지키다"", ""like_count"": 0, ""unlike_count"": 0, ""score"": 0}, {""post_id"": 60, ""anonymous_code"": ""황소-4770"", ""post_type"": ""trade_share"", ""title"": ""하락장인데 반대로 매수했습니다 (분할)"", ""like_count"": 0, ""unlike_count"": 0, ""score"": 0}, {""post_id"": 61, ""anonymous_code"": ""곰-8551"", ""post_type"": ""analysis"", ""title"": ""과매도 구간 진입? 유가 폭등 vs 메모리 반등, 타이밍이 핵심이다"", ""like_count"": 0, ""unlike_count"": 0, ""score"": 0}, {""post_id"": 62, ""anonymous_code"": ""황소-4980"", ""post_type"": ""trade_share"", ""title"": ""떨리는 손으로 매수했습니다. (삼성전자)"", ""like_count"": 0, ""unlike_count"": 0, ""score"": 0}, {""post_id"": 63, ""anonymous_code"": ""여우-1683"", ""post_type"": ""trade_share"", ""title"": ""급등장인데... 떨어질 때 사야 할까 고민 중입니다."", ""like_count"": 0, ""unlike_count"": 0, ""score"": 0}, {""post_id"": 64, ""anonymous_code"": ""독수리-9332"", ""post_type"": ""trade_share"", ""title"": ""전량 손절 후 다시 매수... 타이밍이 빨랐나?"", ""like_count"": 0, ""unlike_count"": 0, ""score"": 0}, {""post_id"": 65, ""anonymous_code"": ""황소-6990"", ""post_type"": ""trade_share"", ""title"": ""다시 한번 하락을 기다려 매수했습니다. (삼성전자)"", ""like_count"": 0, ""unlike_count"": 0, ""score"": 0}, {""post_id"": 66, ""anonymous_code"": ""펭귄-5408"", ""post_type"": ""trade_share"", ""title"": ""떨어질 때 사서 성공! 삼성전자의 매력 확인"", ""like_count"": 0, ""unlike_count"": 0, ""score"": 0}, {""post_id"": 67, ""anonymous_code"": ""독수리-1692"", ""post_type"": ""analysis"", ""title"": ""기술적 추세 붕괴, 외국인과 기관이 팔고 있다 (삼성전자)"", ""like_count"": 0, ""unlike_count"": 0, ""score"": 0}, {""post_id"": 68, ""anonymous_code"": ""독수리-6722"", ""post_type"": ""trade_share"", ""title"": ""떨리는 손으로 다시 샀습니다. (삼성전자)"", ""like_count"": 0, ""unlike_count"": 0, ""score"": 0}, {""post_id"": 69, ""anonymous_code"": ""곰-5671"", ""post_type"": ""trade_share"", ""title"": ""저평가 구간에서 분할 매수, 단기 손실은 감내해야 할 것 같습니다."", ""like_count"": 0, ""unlike_count"": 0, ""score"": 0}, {""post_id"": 70, ""anonymous_code"": ""늑대-3694"", ""post_type"": ""trade_share"", ""title"": ""하락장인데 매수... 메모리 가격 폭등 믿고 분산 매수했습니다."", ""like_count"": 0, ""unlike_count"": 0, ""score"": 0}]"
RN_COMM_ON_20260917,2026-03-06,10,A069,1,5,14,"[57, 58, 59, 60, 61, 62, 63, 64, 65, 66, 67, 68, 69, 70]","[{""post_id"": 57, ""anonymous_code"": ""사자-8925"", ""post_type"": ""trade_share"", ""title"": ""하락장에서도 매수 타이밍은 찾아야 합니다. (삼성전자)"", ""like_count"": 0, ""unlike_count"": 0, ""score"": 0}, {""post_id"": 58, ""anonymous_code"": ""황소-1620"", ""post_type"": ""trade_share"", ""title"": ""하락장일수록 매수 원칙 지킵니다 (삼성전자)"", ""like_count"": 0, ""unlike_count"": 0, ""score"": 0}, {""post_id"": 59, ""anonymous_code"": ""돌고래-2979"", ""post_type"": ""trade_share"", ""title"": ""떨어질수록 사들인다는 원칙, 오늘도 지키다"", ""like_count"": 0, ""unlike_count"": 0, ""score"": 0}, {""post_id"": 60, ""anonymous_code"": ""황소-4770"", ""post_type"": ""trade_share"", ""title"": ""하락장인데 반대로 매수했습니다 (분할)"", ""like_count"": 0, ""unlike_count"": 0, ""score"": 0}, {""post_id"": 61, ""anonymous_code"": ""곰-8551"", ""post_type"": ""analysis"", ""title"": ""과매도 구간 진입? 유가 폭등 vs 메모리 반등, 타이밍이 핵심이다"", ""like_count"": 0, ""unlike_count"": 0, ""score"": 0}, {""post_id"": 62, ""anonymous_code"": ""황소-4980"", ""post_type"": ""trade_share"", ""title"": ""떨리는 손으로 매수했습니다. (삼성전자)"", ""like_count"": 0, ""unlike_count"": 0, ""score"": 0}, {""post_id"": 63, ""anonymous_code"": ""여우-1683"", ""post_type"": ""trade_share"", ""title"": ""급등장인데... 떨어질 때 사야 할까 고민 중입니다."", ""like_count"": 0, ""unlike_count"": 0, ""score"": 0}, {""post_id"": 64, ""anonymous_code"": ""독수리-9332"", ""post_type"": ""trade_share"", ""title"": ""전량 손절 후 다시 매수... 타이밍이 빨랐나?"", ""like_count"": 0, ""unlike_count"": 0, ""score"": 0}, {""post_id"": 65, ""anonymous_code"": ""황소-6990"", ""post_type"": ""trade_share"", ""title"": ""다시 한번 하락을 기다려 매수했습니다. (삼성전자)"", ""like_count"": 0, ""unlike_count"": 0, ""score"": 0}, {""post_id"": 66, ""anonymous_code"": ""펭귄-5408"", ""post_type"": ""trade_share"", ""title"": ""떨어질 때 사서 성공! 삼성전자의 매력 확인"", ""like_count"": 0, ""unlike_count"": 0, ""score"": 0}, {""post_id"": 67, ""anonymous_code"": ""독수리-1692"", ""post_type"": ""analysis"", ""title"": ""기술적 추세 붕괴, 외국인과 기관이 팔고 있다 (삼성전자)"", ""like_count"": 0, ""unlike_count"": 0, ""score"": 0}, {""post_id"": 68, ""anonymous_code"": ""독수리-6722"", ""post_type"": ""trade_share"", ""title"": ""떨리는 손으로 다시 샀습니다. (삼성전자)"", ""like_count"": 0, ""unlike_count"": 0, ""score"": 0}, {""post_id"": 69, ""anonymous_code"": ""곰-5671"", ""post_type"": ""trade_share"", ""title"": ""저평가 구간에서 분할 매수, 단기 손실은 감내해야 할 것 같습니다."", ""like_count"": 0, ""unlike_count"": 0, ""score"": 0}, {""post_id"": 70, ""anonymous_code"": ""늑대-3694"", ""post_type"": ""trade_share"", ""title"": ""하락장인데 매수... 메모리 가격 폭등 믿고 분산 매수했습니다."", ""like_count"": 0, ""unlike_count"": 0, ""score"": 0}]"
RN_COMM_ON_20260917,2026-03-06,10,A065,1,5,14,"[57, 58, 59, 60, 61, 62, 63, 64, 65, 66, 67, 68, 69, 70]","[{""post_id"": 57, ""anonymous_code"": ""사자-8925"", ""post_type"": ""trade_share"", ""title"": ""하락장에서도 매수 타이밍은 찾아야 합니다. (삼성전자)"", ""like_count"": 0, ""unlike_count"": 0, ""score"": 0}, {""post_id"": 58, ""anonymous_code"": ""황소-1620"", ""post_type"": ""trade_share"", ""title"": ""하락장일수록 매수 원칙 지킵니다 (삼성전자)"", ""like_count"": 0, ""unlike_count"": 0, ""score"": 0}, {""post_id"": 59, ""anonymous_code"": ""돌고래-2979"", ""post_type"": ""trade_share"", ""title"": ""떨어질수록 사들인다는 원칙, 오늘도 지키다"", ""like_count"": 0, ""unlike_count"": 0, ""score"": 0}, {""post_id"": 60, ""anonymous_code"": ""황소-4770"", ""post_type"": ""trade_share"", ""title"": ""하락장인데 반대로 매수했습니다 (분할)"", ""like_count"": 0, ""unlike_count"": 0, ""score"": 0}, {""post_id"": 61, ""anonymous_code"": ""곰-8551"", ""post_type"": ""analysis"", ""title"": ""과매도 구간 진입? 유가 폭등 vs 메모리 반등, 타이밍이 핵심이다"", ""like_count"": 0, ""unlike_count"": 0, ""score"": 0}, {""post_id"": 62, ""anonymous_code"": ""황소-4980"", ""post_type"": ""trade_share"", ""title"": ""떨리는 손으로 매수했습니다. (삼성전자)"", ""like_count"": 0, ""unlike_count"": 0, ""score"": 0}, {""post_id"": 63, ""anonymous_code"": ""여우-1683"", ""post_type"": ""trade_share"", ""title"": ""급등장인데... 떨어질 때 사야 할까 고민 중입니다."", ""like_count"": 0, ""unlike_count"": 0, ""score"": 0}, {""post_id"": 64, ""anonymous_code"": ""독수리-9332"", ""post_type"": ""trade_share"", ""title"": ""전량 손절 후 다시 매수... 타이밍이 빨랐나?"", ""like_count"": 0, ""unlike_count"": 0, ""score"": 0}, {""post_id"": 65, ""anonymous_code"": ""황소-6990"", ""post_type"": ""trade_share"", ""title"": ""다시 한번 하락을 기다려 매수했습니다. (삼성전자)"", ""like_count"": 0, ""unlike_count"": 0, ""score"": 0}, {""post_id"": 66, ""anonymous_code"": ""펭귄-5408"", ""post_type"": ""trade_share"", ""title"": ""떨어질 때 사서 성공! 삼성전자의 매력 확인"", ""like_count"": 0, ""unlike_count"": 0, ""score"": 0}, {""post_id"": 67, ""anonymous_code"": ""독수리-1692"", ""post_type"": ""analysis"", ""title"": ""기술적 추세 붕괴, 외국인과 기관이 팔고 있다 (삼성전자)"", ""like_count"": 0, ""unlike_count"": 0, ""score"": 0}, {""post_id"": 68, ""anonymous_code"": ""독수리-6722"", ""post_type"": ""trade_share"", ""title"": ""떨리는 손으로 다시 샀습니다. (삼성전자)"", ""like_count"": 0, ""unlike_count"": 0, ""score"": 0}, {""post_id"": 69, ""anonymous_code"": ""곰-5671"", ""post_type"": ""trade_share"", ""title"": ""저평가 구간에서 분할 매수, 단기 손실은 감내해야 할 것 같습니다."", ""like_count"": 0, ""unlike_count"": 0, ""score"": 0}, {""post_id"": 70, ""anonymous_code"": ""늑대-3694"", ""post_type"": ""trade_share"", ""title"": ""하락장인데 매수... 메모리 가격 폭등 믿고 분산 매수했습니다."", ""like_count"": 0, ""unlike_count"": 0, ""score"": 0}]"
RN_COMM_ON_20260917,2026-03-06,10,A070,1,5,14,"[57, 58, 59, 60, 61, 62, 63, 64, 65, 66, 67, 68, 69, 70]","[{""post_id"": 57, ""anonymous_code"": ""사자-8925"", ""post_type"": ""trade_share"", ""title"": ""하락장에서도 매수 타이밍은 찾아야 합니다. (삼성전자)"", ""like_count"": 0, ""unlike_count"": 0, ""score"": 0}, {""post_id"": 58, ""anonymous_code"": ""황소-1620"", ""post_type"": ""trade_share"", ""title"": ""하락장일수록 매수 원칙 지킵니다 (삼성전자)"", ""like_count"": 0, ""unlike_count"": 0, ""score"": 0}, {""post_id"": 59, ""anonymous_code"": ""돌고래-2979"", ""post_type"": ""trade_share"", ""title"": ""떨어질수록 사들인다는 원칙, 오늘도 지키다"", ""like_count"": 0, ""unlike_count"": 0, ""score"": 0}, {""post_id"": 60, ""anonymous_code"": ""황소-4770"", ""post_type"": ""trade_share"", ""title"": ""하락장인데 반대로 매수했습니다 (분할)"", ""like_count"": 0, ""unlike_count"": 0, ""score"": 0}, {""post_id"": 61, ""anonymous_code"": ""곰-8551"", ""post_type"": ""analysis"", ""title"": ""과매도 구간 진입? 유가 폭등 vs 메모리 반등, 타이밍이 핵심이다"", ""like_count"": 0, ""unlike_count"": 0, ""score"": 0}, {""post_id"": 62, ""anonymous_code"": ""황소-4980"", ""post_type"": ""trade_share"", ""title"": ""떨리는 손으로 매수했습니다. (삼성전자)"", ""like_count"": 0, ""unlike_count"": 0, ""score"": 0}, {""post_id"": 63, ""anonymous_code"": ""여우-1683"", ""post_type"": ""trade_share"", ""title"": ""급등장인데... 떨어질 때 사야 할까 고민 중입니다."", ""like_count"": 0, ""unlike_count"": 0, ""score"": 0}, {""post_id"": 64, ""anonymous_code"": ""독수리-9332"", ""post_type"": ""trade_share"", ""title"": ""전량 손절 후 다시 매수... 타이밍이 빨랐나?"", ""like_count"": 0, ""unlike_count"": 0, ""score"": 0}, {""post_id"": 65, ""anonymous_code"": ""황소-6990"", ""post_type"": ""trade_share"", ""title"": ""다시 한번 하락을 기다려 매수했습니다. (삼성전자)"", ""like_count"": 0, ""unlike_count"": 0, ""score"": 0}, {""post_id"": 66, ""anonymous_code"": ""펭귄-5408"", ""post_type"": ""trade_share"", ""title"": ""떨어질 때 사서 성공! 삼성전자의 매력 확인"", ""like_count"": 0, ""unlike_count"": 0, ""score"": 0}, {""post_id"": 67, ""anonymous_code"": ""독수리-1692"", ""post_type"": ""analysis"", ""title"": ""기술적 추세 붕괴, 외국인과 기관이 팔고 있다 (삼성전자)"", ""like_count"": 0, ""unlike_count"": 0, ""score"": 0}, {""post_id"": 68, ""anonymous_code"": ""독수리-6722"", ""post_type"": ""trade_share"", ""title"": ""떨리는 손으로 다시 샀습니다. (삼성전자)"", ""like_count"": 0, ""unlike_count"": 0, ""score"": 0}, {""post_id"": 69, ""anonymous_code"": ""곰-5671"", ""post_type"": ""trade_share"", ""title"": ""저평가 구간에서 분할 매수, 단기 손실은 감내해야 할 것 같습니다."", ""like_count"": 0, ""unlike_count"": 0, ""score"": 0}, {""post_id"": 70, ""anonymous_code"": ""늑대-3694"", ""post_type"": ""trade_share"", ""title"": ""하락장인데 매수... 메모리 가격 폭등 믿고 분산 매수했습니다."", ""like_count"": 0, ""unlike_count"": 0, ""score"": 0}]"
RN_COMM_ON_20260917,2026-03-06,10,A073,2,5,13,"[57, 58, 59, 60, 61, 62, 63, 64, 65, 66, 68, 69, 70]","[{""post_id"": 57, ""anonymous_code"": ""사자-8925"", ""post_type"": ""trade_share"", ""title"": ""하락장에서도 매수 타이밍은 찾아야 합니다. (삼성전자)"", ""like_count"": 0, ""unlike_count"": 0, ""score"": 0}, {""post_id"": 58, ""anonymous_code"": ""황소-1620"", ""post_type"": ""trade_share"", ""title"": ""하락장일수록 매수 원칙 지킵니다 (삼성전자)"", ""like_count"": 0, ""unlike_count"": 0, ""score"": 0}, {""post_id"": 59, ""anonymous_code"": ""돌고래-2979"", ""post_type"": ""trade_share"", ""title"": ""떨어질수록 사들인다는 원칙, 오늘도 지키다"", ""like_count"": 0, ""unlike_count"": 0, ""score"": 0}, {""post_id"": 60, ""anonymous_code"": ""황소-4770"", ""post_type"": ""trade_share"", ""title"": ""하락장인데 반대로 매수했습니다 (분할)"", ""like_count"": 0, ""unlike_count"": 0, ""score"": 0}, {""post_id"": 61, ""anonymous_code"": ""곰-8551"", ""post_type"": ""analysis"", ""title"": ""과매도 구간 진입? 유가 폭등 vs 메모리 반등, 타이밍이 핵심이다"", ""like_count"": 0, ""unlike_count"": 0, ""score"": 0}, {""post_id"": 62, ""anonymous_code"": ""황소-4980"", ""post_type"": ""trade_share"", ""title"": ""떨리는 손으로 매수했습니다. (삼성전자)"", ""like_count"": 0, ""unlike_count"": 0, ""score"": 0}, {""post_id"": 63, ""anonymous_code"": ""여우-1683"", ""post_type"": ""trade_share"", ""title"": ""급등장인데... 떨어질 때 사야 할까 고민 중입니다."", ""like_count"": 0, ""unlike_count"": 0, ""score"": 0}, {""post_id"": 64, ""anonymous_code"": ""독수리-9332"", ""post_type"": ""trade_share"", ""title"": ""전량 손절 후 다시 매수... 타이밍이 빨랐나?"", ""like_count"": 0, ""unlike_count"": 0, ""score"": 0}, {""post_id"": 65, ""anonymous_code"": ""황소-6990"", ""post_type"": ""trade_share"", ""title"": ""다시 한번 하락을 기다려 매수했습니다. (삼성전자)"", ""like_count"": 0, ""unlike_count"": 0, ""score"": 0}, {""post_id"": 66, ""anonymous_code"": ""펭귄-5408"", ""post_type"": ""trade_share"", ""title"": ""떨어질 때 사서 성공! 삼성전자의 매력 확인"", ""like_count"": 0, ""unlike_count"": 0, ""score"": 0}, {""post_id"": 68, ""anonymous_code"": ""독수리-6722"", ""post_type"": ""trade_share"", ""title"": ""떨리는 손으로 다시 샀습니다. (삼성전자)"", ""like_count"": 0, ""unlike_count"": 0, ""score"": 0}, {""post_id"": 69, ""anonymous_code"": ""곰-5671"", ""post_type"": ""trade_share"", ""title"": ""저평가 구간에서 분할 매수, 단기 손실은 감내해야 할 것 같습니다."", ""like_count"": 0, ""unlike_count"": 0, ""score"": 0}, {""post_id"": 70, ""anonymous_code"": ""늑대-3694"", ""post_type"": ""trade_share"", ""title"": ""하락장인데 매수... 메모리 가격 폭등 믿고 분산 매수했습니다."", ""like_count"": 0, ""unlike_count"": 0, ""score"": 0}]"
RN_COMM_ON_20260917,2026-03-06,10,A071,2,5,13,"[57, 58, 59, 60, 61, 62, 63, 64, 65, 67, 68, 69, 70]","[{""post_id"": 57, ""anonymous_code"": ""사자-8925"", ""post_type"": ""trade_share"", ""title"": ""하락장에서도 매수 타이밍은 찾아야 합니다. (삼성전자)"", ""like_count"": 0, ""unlike_count"": 0, ""score"": 0}, {""post_id"": 58, ""anonymous_code"": ""황소-1620"", ""post_type"": ""trade_share"", ""title"": ""하락장일수록 매수 원칙 지킵니다 (삼성전자)"", ""like_count"": 0, ""unlike_count"": 0, ""score"": 0}, {""post_id"": 59, ""anonymous_code"": ""돌고래-2979"", ""post_type"": ""trade_share"", ""title"": ""떨어질수록 사들인다는 원칙, 오늘도 지키다"", ""like_count"": 0, ""unlike_count"": 0, ""score"": 0}, {""post_id"": 60, ""anonymous_code"": ""황소-4770"", ""post_type"": ""trade_share"", ""title"": ""하락장인데 반대로 매수했습니다 (분할)"", ""like_count"": 0, ""unlike_count"": 0, ""score"": 0}, {""post_id"": 61, ""anonymous_code"": ""곰-8551"", ""post_type"": ""analysis"", ""title"": ""과매도 구간 진입? 유가 폭등 vs 메모리 반등, 타이밍이 핵심이다"", ""like_count"": 0, ""unlike_count"": 0, ""score"": 0}, {""post_id"": 62, ""anonymous_code"": ""황소-4980"", ""post_type"": ""trade_share"", ""title"": ""떨리는 손으로 매수했습니다. (삼성전자)"", ""like_count"": 0, ""unlike_count"": 0, ""score"": 0}, {""post_id"": 63, ""anonymous_code"": ""여우-1683"", ""post_type"": ""trade_share"", ""title"": ""급등장인데... 떨어질 때 사야 할까 고민 중입니다."", ""like_count"": 0, ""unlike_count"": 0, ""score"": 0}, {""post_id"": 64, ""anonymous_code"": ""독수리-9332"", ""post_type"": ""trade_share"", ""title"": ""전량 손절 후 다시 매수... 타이밍이 빨랐나?"", ""like_count"": 0, ""unlike_count"": 0, ""score"": 0}, {""post_id"": 65, ""anonymous_code"": ""황소-6990"", ""post_type"": ""trade_share"", ""title"": ""다시 한번 하락을 기다려 매수했습니다. (삼성전자)"", ""like_count"": 0, ""unlike_count"": 0, ""score"": 0}, {""post_id"": 67, ""anonymous_code"": ""독수리-1692"", ""post_type"": ""analysis"", ""title"": ""기술적 추세 붕괴, 외국인과 기관이 팔고 있다 (삼성전자)"", ""like_count"": 0, ""unlike_count"": 0, ""score"": 0}, {""post_id"": 68, ""anonymous_code"": ""독수리-6722"", ""post_type"": ""trade_share"", ""title"": ""떨리는 손으로 다시 샀습니다. (삼성전자)"", ""like_count"": 0, ""unlike_count"": 0, ""score"": 0}, {""post_id"": 69, ""anonymous_code"": ""곰-5671"", ""post_type"": ""trade_share"", ""title"": ""저평가 구간에서 분할 매수, 단기 손실은 감내해야 할 것 같습니다."", ""like_count"": 0, ""unlike_count"": 0, ""score"": 0}, {""post_id"": 70, ""anonymous_code"": ""늑대-3694"", ""post_type"": ""trade_share"", ""title"": ""하락장인데 매수... 메모리 가격 폭등 믿고 분산 매수했습니다."", ""like_count"": 0, ""unlike_count"": 0, ""score"": 0}]"
RN_COMM_ON_20260917,2026-03-06,10,A075,1,5,14,"[57, 58, 59, 60, 61, 62, 63, 64, 65, 66, 67, 68, 69, 70]","[{""post_id"": 57, ""anonymous_code"": ""사자-8925"", ""post_type"": ""trade_share"", ""title"": ""하락장에서도 매수 타이밍은 찾아야 합니다. (삼성전자)"", ""like_count"": 0, ""unlike_count"": 0, ""score"": 0}, {""post_id"": 58, ""anonymous_code"": ""황소-1620"", ""post_type"": ""trade_share"", ""title"": ""하락장일수록 매수 원칙 지킵니다 (삼성전자)"", ""like_count"": 0, ""unlike_count"": 0, ""score"": 0}, {""post_id"": 59, ""anonymous_code"": ""돌고래-2979"", ""post_type"": ""trade_share"", ""title"": ""떨어질수록 사들인다는 원칙, 오늘도 지키다"", ""like_count"": 0, ""unlike_count"": 0, ""score"": 0}, {""post_id"": 60, ""anonymous_code"": ""황소-4770"", ""post_type"": ""trade_share"", ""title"": ""하락장인데 반대로 매수했습니다 (분할)"", ""like_count"": 0, ""unlike_count"": 0, ""score"": 0}, {""post_id"": 61, ""anonymous_code"": ""곰-8551"", ""post_type"": ""analysis"", ""title"": ""과매도 구간 진입? 유가 폭등 vs 메모리 반등, 타이밍이 핵심이다"", ""like_count"": 0, ""unlike_count"": 0, ""score"": 0}, {""post_id"": 62, ""anonymous_code"": ""황소-4980"", ""post_type"": ""trade_share"", ""title"": ""떨리는 손으로 매수했습니다. (삼성전자)"", ""like_count"": 0, ""unlike_count"": 0, ""score"": 0}, {""post_id"": 63, ""anonymous_code"": ""여우-1683"", ""post_type"": ""trade_share"", ""title"": ""급등장인데... 떨어질 때 사야 할까 고민 중입니다."", ""like_count"": 0, ""unlike_count"": 0, ""score"": 0}, {""post_id"": 64, ""anonymous_code"": ""독수리-9332"", ""post_type"": ""trade_share"", ""title"": ""전량 손절 후 다시 매수... 타이밍이 빨랐나?"", ""like_count"": 0, ""unlike_count"": 0, ""score"": 0}, {""post_id"": 65, ""anonymous_code"": ""황소-6990"", ""post_type"": ""trade_share"", ""title"": ""다시 한번 하락을 기다려 매수했습니다. (삼성전자)"", ""like_count"": 0, ""unlike_count"": 0, ""score"": 0}, {""post_id"": 66, ""anonymous_code"": ""펭귄-5408"", ""post_type"": ""trade_share"", ""title"": ""떨어질 때 사서 성공! 삼성전자의 매력 확인"", ""like_count"": 0, ""unlike_count"": 0, ""score"": 0}, {""post_id"": 67, ""anonymous_code"": ""독수리-1692"", ""post_type"": ""analysis"", ""title"": ""기술적 추세 붕괴, 외국인과 기관이 팔고 있다 (삼성전자)"", ""like_count"": 0, ""unlike_count"": 0, ""score"": 0}, {""post_id"": 68, ""anonymous_code"": ""독수리-6722"", ""post_type"": ""trade_share"", ""title"": ""떨리는 손으로 다시 샀습니다. (삼성전자)"", ""like_count"": 0, ""unlike_count"": 0, ""score"": 0}, {""post_id"": 69, ""anonymous_code"": ""곰-5671"", ""post_type"": ""trade_share"", ""title"": ""저평가 구간에서 분할 매수, 단기 손실은 감내해야 할 것 같습니다."", ""like_count"": 0, ""unlike_count"": 0, ""score"": 0}, {""post_id"": 70, ""anonymous_code"": ""늑대-3694"", ""post_type"": ""trade_share"", ""title"": ""하락장인데 매수... 메모리 가격 폭등 믿고 분산 매수했습니다."", ""like_count"": 0, ""unlike_count"": 0, ""score"": 0}]"
RN_COMM_ON_20260917,2026-03-06,10,A077,1,5,14,"[57, 58, 59, 60, 61, 62, 63, 64, 65, 66, 67, 68, 69, 70]","[{""post_id"": 57, ""anonymous_code"": ""사자-8925"", ""post_type"": ""trade_share"", ""title"": ""하락장에서도 매수 타이밍은 찾아야 합니다. (삼성전자)"", ""like_count"": 0, ""unlike_count"": 0, ""score"": 0}, {""post_id"": 58, ""anonymous_code"": ""황소-1620"", ""post_type"": ""trade_share"", ""title"": ""하락장일수록 매수 원칙 지킵니다 (삼성전자)"", ""like_count"": 0, ""unlike_count"": 0, ""score"": 0}, {""post_id"": 59, ""anonymous_code"": ""돌고래-2979"", ""post_type"": ""trade_share"", ""title"": ""떨어질수록 사들인다는 원칙, 오늘도 지키다"", ""like_count"": 0, ""unlike_count"": 0, ""score"": 0}, {""post_id"": 60, ""anonymous_code"": ""황소-4770"", ""post_type"": ""trade_share"", ""title"": ""하락장인데 반대로 매수했습니다 (분할)"", ""like_count"": 0, ""unlike_count"": 0, ""score"": 0}, {""post_id"": 61, ""anonymous_code"": ""곰-8551"", ""post_type"": ""analysis"", ""title"": ""과매도 구간 진입? 유가 폭등 vs 메모리 반등, 타이밍이 핵심이다"", ""like_count"": 0, ""unlike_count"": 0, ""score"": 0}, {""post_id"": 62, ""anonymous_code"": ""황소-4980"", ""post_type"": ""trade_share"", ""title"": ""떨리는 손으로 매수했습니다. (삼성전자)"", ""like_count"": 0, ""unlike_count"": 0, ""score"": 0}, {""post_id"": 63, ""anonymous_code"": ""여우-1683"", ""post_type"": ""trade_share"", ""title"": ""급등장인데... 떨어질 때 사야 할까 고민 중입니다."", ""like_count"": 0, ""unlike_count"": 0, ""score"": 0}, {""post_id"": 64, ""anonymous_code"": ""독수리-9332"", ""post_type"": ""trade_share"", ""title"": ""전량 손절 후 다시 매수... 타이밍이 빨랐나?"", ""like_count"": 0, ""unlike_count"": 0, ""score"": 0}, {""post_id"": 65, ""anonymous_code"": ""황소-6990"", ""post_type"": ""trade_share"", ""title"": ""다시 한번 하락을 기다려 매수했습니다. (삼성전자)"", ""like_count"": 0, ""unlike_count"": 0, ""score"": 0}, {""post_id"": 66, ""anonymous_code"": ""펭귄-5408"", ""post_type"": ""trade_share"", ""title"": ""떨어질 때 사서 성공! 삼성전자의 매력 확인"", ""like_count"": 0, ""unlike_count"": 0, ""score"": 0}, {""post_id"": 67, ""anonymous_code"": ""독수리-1692"", ""post_type"": ""analysis"", ""title"": ""기술적 추세 붕괴, 외국인과 기관이 팔고 있다 (삼성전자)"", ""like_count"": 0, ""unlike_count"": 0, ""score"": 0}, {""post_id"": 68, ""anonymous_code"": ""독수리-6722"", ""post_type"": ""trade_share"", ""title"": ""떨리는 손으로 다시 샀습니다. (삼성전자)"", ""like_count"": 0, ""unlike_count"": 0, ""score"": 0}, {""post_id"": 69, ""anonymous_code"": ""곰-5671"", ""post_type"": ""trade_share"", ""title"": ""저평가 구간에서 분할 매수, 단기 손실은 감내해야 할 것 같습니다."", ""like_count"": 0, ""unlike_count"": 0, ""score"": 0}, {""post_id"": 70, ""anonymous_code"": ""늑대-3694"", ""post_type"": ""trade_share"", ""title"": ""하락장인데 매수... 메모리 가격 폭등 믿고 분산 매수했습니다."", ""like_count"": 0, ""unlike_count"": 0, ""score"": 0}]"
RN_COMM_ON_20260917,2026-03-06,10,A076,2,5,14,"[57, 58, 59, 60, 61, 62, 63, 64, 65, 66, 67, 68, 69, 70]","[{""post_id"": 57, ""anonymous_code"": ""사자-8925"", ""post_type"": ""trade_share"", ""title"": ""하락장에서도 매수 타이밍은 찾아야 합니다. (삼성전자)"", ""like_count"": 0, ""unlike_count"": 0, ""score"": 0}, {""post_id"": 58, ""anonymous_code"": ""황소-1620"", ""post_type"": ""trade_share"", ""title"": ""하락장일수록 매수 원칙 지킵니다 (삼성전자)"", ""like_count"": 0, ""unlike_count"": 0, ""score"": 0}, {""post_id"": 59, ""anonymous_code"": ""돌고래-2979"", ""post_type"": ""trade_share"", ""title"": ""떨어질수록 사들인다는 원칙, 오늘도 지키다"", ""like_count"": 0, ""unlike_count"": 0, ""score"": 0}, {""post_id"": 60, ""anonymous_code"": ""황소-4770"", ""post_type"": ""trade_share"", ""title"": ""하락장인데 반대로 매수했습니다 (분할)"", ""like_count"": 0, ""unlike_count"": 0, ""score"": 0}, {""post_id"": 61, ""anonymous_code"": ""곰-8551"", ""post_type"": ""analysis"", ""title"": ""과매도 구간 진입? 유가 폭등 vs 메모리 반등, 타이밍이 핵심이다"", ""like_count"": 0, ""unlike_count"": 0, ""score"": 0}, {""post_id"": 62, ""anonymous_code"": ""황소-4980"", ""post_type"": ""trade_share"", ""title"": ""떨리는 손으로 매수했습니다. (삼성전자)"", ""like_count"": 0, ""unlike_count"": 0, ""score"": 0}, {""post_id"": 63, ""anonymous_code"": ""여우-1683"", ""post_type"": ""trade_share"", ""title"": ""급등장인데... 떨어질 때 사야 할까 고민 중입니다."", ""like_count"": 0, ""unlike_count"": 0, ""score"": 0}, {""post_id"": 64, ""anonymous_code"": ""독수리-9332"", ""post_type"": ""trade_share"", ""title"": ""전량 손절 후 다시 매수... 타이밍이 빨랐나?"", ""like_count"": 0, ""unlike_count"": 0, ""score"": 0}, {""post_id"": 65, ""anonymous_code"": ""황소-6990"", ""post_type"": ""trade_share"", ""title"": ""다시 한번 하락을 기다려 매수했습니다. (삼성전자)"", ""like_count"": 0, ""unlike_count"": 0, ""score"": 0}, {""post_id"": 66, ""anonymous_code"": ""펭귄-5408"", ""post_type"": ""trade_share"", ""title"": ""떨어질 때 사서 성공! 삼성전자의 매력 확인"", ""like_count"": 0, ""unlike_count"": 0, ""score"": 0}, {""post_id"": 67, ""anonymous_code"": ""독수리-1692"", ""post_type"": ""analysis"", ""title"": ""기술적 추세 붕괴, 외국인과 기관이 팔고 있다 (삼성전자)"", ""like_count"": 0, ""unlike_count"": 0, ""score"": 0}, {""post_id"": 68, ""anonymous_code"": ""독수리-6722"", ""post_type"": ""trade_share"", ""title"": ""떨리는 손으로 다시 샀습니다. (삼성전자)"", ""like_count"": 0, ""unlike_count"": 0, ""score"": 0}, {""post_id"": 69, ""anonymous_code"": ""곰-5671"", ""post_type"": ""trade_share"", ""title"": ""저평가 구간에서 분할 매수, 단기 손실은 감내해야 할 것 같습니다."", ""like_count"": 0, ""unlike_count"": 0, ""score"": 0}, {""post_id"": 70, ""anonymous_code"": ""늑대-3694"", ""post_type"": ""trade_share"", ""title"": ""하락장인데 매수... 메모리 가격 폭등 믿고 분산 매수했습니다."", ""like_count"": 0, ""unlike_count"": 0, ""score"": 0}]"
RN_COMM_ON_20260917,2026-03-06,10,A079,1,5,14,"[57, 58, 59, 60, 61, 62, 63, 64, 65, 66, 67, 68, 69, 70]","[{""post_id"": 57, ""anonymous_code"": ""사자-8925"", ""post_type"": ""trade_share"", ""title"": ""하락장에서도 매수 타이밍은 찾아야 합니다. (삼성전자)"", ""like_count"": 0, ""unlike_count"": 0, ""score"": 0}, {""post_id"": 58, ""anonymous_code"": ""황소-1620"", ""post_type"": ""trade_share"", ""title"": ""하락장일수록 매수 원칙 지킵니다 (삼성전자)"", ""like_count"": 0, ""unlike_count"": 0, ""score"": 0}, {""post_id"": 59, ""anonymous_code"": ""돌고래-2979"", ""post_type"": ""trade_share"", ""title"": ""떨어질수록 사들인다는 원칙, 오늘도 지키다"", ""like_count"": 0, ""unlike_count"": 0, ""score"": 0}, {""post_id"": 60, ""anonymous_code"": ""황소-4770"", ""post_type"": ""trade_share"", ""title"": ""하락장인데 반대로 매수했습니다 (분할)"", ""like_count"": 0, ""unlike_count"": 0, ""score"": 0}, {""post_id"": 61, ""anonymous_code"": ""곰-8551"", ""post_type"": ""analysis"", ""title"": ""과매도 구간 진입? 유가 폭등 vs 메모리 반등, 타이밍이 핵심이다"", ""like_count"": 0, ""unlike_count"": 0, ""score"": 0}, {""post_id"": 62, ""anonymous_code"": ""황소-4980"", ""post_type"": ""trade_share"", ""title"": ""떨리는 손으로 매수했습니다. (삼성전자)"", ""like_count"": 0, ""unlike_count"": 0, ""score"": 0}, {""post_id"": 63, ""anonymous_code"": ""여우-1683"", ""post_type"": ""trade_share"", ""title"": ""급등장인데... 떨어질 때 사야 할까 고민 중입니다."", ""like_count"": 0, ""unlike_count"": 0, ""score"": 0}, {""post_id"": 64, ""anonymous_code"": ""독수리-9332"", ""post_type"": ""trade_share"", ""title"": ""전량 손절 후 다시 매수... 타이밍이 빨랐나?"", ""like_count"": 0, ""unlike_count"": 0, ""score"": 0}, {""post_id"": 65, ""anonymous_code"": ""황소-6990"", ""post_type"": ""trade_share"", ""title"": ""다시 한번 하락을 기다려 매수했습니다. (삼성전자)"", ""like_count"": 0, ""unlike_count"": 0, ""score"": 0}, {""post_id"": 66, ""anonymous_code"": ""펭귄-5408"", ""post_type"": ""trade_share"", ""title"": ""떨어질 때 사서 성공! 삼성전자의 매력 확인"", ""like_count"": 0, ""unlike_count"": 0, ""score"": 0}, {""post_id"": 67, ""anonymous_code"": ""독수리-1692"", ""post_type"": ""analysis"", ""title"": ""기술적 추세 붕괴, 외국인과 기관이 팔고 있다 (삼성전자)"", ""like_count"": 0, ""unlike_count"": 0, ""score"": 0}, {""post_id"": 68, ""anonymous_code"": ""독수리-6722"", ""post_type"": ""trade_share"", ""title"": ""떨리는 손으로 다시 샀습니다. (삼성전자)"", ""like_count"": 0, ""unlike_count"": 0, ""score"": 0}, {""post_id"": 69, ""anonymous_code"": ""곰-5671"", ""post_type"": ""trade_share"", ""title"": ""저평가 구간에서 분할 매수, 단기 손실은 감내해야 할 것 같습니다."", ""like_count"": 0, ""unlike_count"": 0, ""score"": 0}, {""post_id"": 70, ""anonymous_code"": ""늑대-3694"", ""post_type"": ""trade_share"", ""title"": ""하락장인데 매수... 메모리 가격 폭등 믿고 분산 매수했습니다."", ""like_count"": 0, ""unlike_count"": 0, ""score"": 0}]"
RN_COMM_ON_20260917,2026-03-06,10,A083,2,5,14,"[57, 58, 59, 60, 61, 62, 63, 64, 65, 66, 67, 68, 69, 70]","[{""post_id"": 57, ""anonymous_code"": ""사자-8925"", ""post_type"": ""trade_share"", ""title"": ""하락장에서도 매수 타이밍은 찾아야 합니다. (삼성전자)"", ""like_count"": 0, ""unlike_count"": 0, ""score"": 0}, {""post_id"": 58, ""anonymous_code"": ""황소-1620"", ""post_type"": ""trade_share"", ""title"": ""하락장일수록 매수 원칙 지킵니다 (삼성전자)"", ""like_count"": 0, ""unlike_count"": 0, ""score"": 0}, {""post_id"": 59, ""anonymous_code"": ""돌고래-2979"", ""post_type"": ""trade_share"", ""title"": ""떨어질수록 사들인다는 원칙, 오늘도 지키다"", ""like_count"": 0, ""unlike_count"": 0, ""score"": 0}, {""post_id"": 60, ""anonymous_code"": ""황소-4770"", ""post_type"": ""trade_share"", ""title"": ""하락장인데 반대로 매수했습니다 (분할)"", ""like_count"": 0, ""unlike_count"": 0, ""score"": 0}, {""post_id"": 61, ""anonymous_code"": ""곰-8551"", ""post_type"": ""analysis"", ""title"": ""과매도 구간 진입? 유가 폭등 vs 메모리 반등, 타이밍이 핵심이다"", ""like_count"": 0, ""unlike_count"": 0, ""score"": 0}, {""post_id"": 62, ""anonymous_code"": ""황소-4980"", ""post_type"": ""trade_share"", ""title"": ""떨리는 손으로 매수했습니다. (삼성전자)"", ""like_count"": 0, ""unlike_count"": 0, ""score"": 0}, {""post_id"": 63, ""anonymous_code"": ""여우-1683"", ""post_type"": ""trade_share"", ""title"": ""급등장인데... 떨어질 때 사야 할까 고민 중입니다."", ""like_count"": 0, ""unlike_count"": 0, ""score"": 0}, {""post_id"": 64, ""anonymous_code"": ""독수리-9332"", ""post_type"": ""trade_share"", ""title"": ""전량 손절 후 다시 매수... 타이밍이 빨랐나?"", ""like_count"": 0, ""unlike_count"": 0, ""score"": 0}, {""post_id"": 65, ""anonymous_code"": ""황소-6990"", ""post_type"": ""trade_share"", ""title"": ""다시 한번 하락을 기다려 매수했습니다. (삼성전자)"", ""like_count"": 0, ""unlike_count"": 0, ""score"": 0}, {""post_id"": 66, ""anonymous_code"": ""펭귄-5408"", ""post_type"": ""trade_share"", ""title"": ""떨어질 때 사서 성공! 삼성전자의 매력 확인"", ""like_count"": 0, ""unlike_count"": 0, ""score"": 0}, {""post_id"": 67, ""anonymous_code"": ""독수리-1692"", ""post_type"": ""analysis"", ""title"": ""기술적 추세 붕괴, 외국인과 기관이 팔고 있다 (삼성전자)"", ""like_count"": 0, ""unlike_count"": 0, ""score"": 0}, {""post_id"": 68, ""anonymous_code"": ""독수리-6722"", ""post_type"": ""trade_share"", ""title"": ""떨리는 손으로 다시 샀습니다. (삼성전자)"", ""like_count"": 0, ""unlike_count"": 0, ""score"": 0}, {""post_id"": 69, ""anonymous_code"": ""곰-5671"", ""post_type"": ""trade_share"", ""title"": ""저평가 구간에서 분할 매수, 단기 손실은 감내해야 할 것 같습니다."", ""like_count"": 0, ""unlike_count"": 0, ""score"": 0}, {""post_id"": 70, ""anonymous_code"": ""늑대-3694"", ""post_type"": ""trade_share"", ""title"": ""하락장인데 매수... 메모리 가격 폭등 믿고 분산 매수했습니다."", ""like_count"": 0, ""unlike_count"": 0, ""score"": 0}]"
RN_COMM_ON_20260917,2026-03-06,10,A080,1,5,14,"[57, 58, 59, 60, 61, 62, 63, 64, 65, 66, 67, 68, 69, 70]","[{""post_id"": 57, ""anonymous_code"": ""사자-8925"", ""post_type"": ""trade_share"", ""title"": ""하락장에서도 매수 타이밍은 찾아야 합니다. (삼성전자)"", ""like_count"": 0, ""unlike_count"": 0, ""score"": 0}, {""post_id"": 58, ""anonymous_code"": ""황소-1620"", ""post_type"": ""trade_share"", ""title"": ""하락장일수록 매수 원칙 지킵니다 (삼성전자)"", ""like_count"": 0, ""unlike_count"": 0, ""score"": 0}, {""post_id"": 59, ""anonymous_code"": ""돌고래-2979"", ""post_type"": ""trade_share"", ""title"": ""떨어질수록 사들인다는 원칙, 오늘도 지키다"", ""like_count"": 0, ""unlike_count"": 0, ""score"": 0}, {""post_id"": 60, ""anonymous_code"": ""황소-4770"", ""post_type"": ""trade_share"", ""title"": ""하락장인데 반대로 매수했습니다 (분할)"", ""like_count"": 0, ""unlike_count"": 0, ""score"": 0}, {""post_id"": 61, ""anonymous_code"": ""곰-8551"", ""post_type"": ""analysis"", ""title"": ""과매도 구간 진입? 유가 폭등 vs 메모리 반등, 타이밍이 핵심이다"", ""like_count"": 0, ""unlike_count"": 0, ""score"": 0}, {""post_id"": 62, ""anonymous_code"": ""황소-4980"", ""post_type"": ""trade_share"", ""title"": ""떨리는 손으로 매수했습니다. (삼성전자)"", ""like_count"": 0, ""unlike_count"": 0, ""score"": 0}, {""post_id"": 63, ""anonymous_code"": ""여우-1683"", ""post_type"": ""trade_share"", ""title"": ""급등장인데... 떨어질 때 사야 할까 고민 중입니다."", ""like_count"": 0, ""unlike_count"": 0, ""score"": 0}, {""post_id"": 64, ""anonymous_code"": ""독수리-9332"", ""post_type"": ""trade_share"", ""title"": ""전량 손절 후 다시 매수... 타이밍이 빨랐나?"", ""like_count"": 0, ""unlike_count"": 0, ""score"": 0}, {""post_id"": 65, ""anonymous_code"": ""황소-6990"", ""post_type"": ""trade_share"", ""title"": ""다시 한번 하락을 기다려 매수했습니다. (삼성전자)"", ""like_count"": 0, ""unlike_count"": 0, ""score"": 0}, {""post_id"": 66, ""anonymous_code"": ""펭귄-5408"", ""post_type"": ""trade_share"", ""title"": ""떨어질 때 사서 성공! 삼성전자의 매력 확인"", ""like_count"": 0, ""unlike_count"": 0, ""score"": 0}, {""post_id"": 67, ""anonymous_code"": ""독수리-1692"", ""post_type"": ""analysis"", ""title"": ""기술적 추세 붕괴, 외국인과 기관이 팔고 있다 (삼성전자)"", ""like_count"": 0, ""unlike_count"": 0, ""score"": 0}, {""post_id"": 68, ""anonymous_code"": ""독수리-6722"", ""post_type"": ""trade_share"", ""title"": ""떨리는 손으로 다시 샀습니다. (삼성전자)"", ""like_count"": 0, ""unlike_count"": 0, ""score"": 0}, {""post_id"": 69, ""anonymous_code"": ""곰-5671"", ""post_type"": ""trade_share"", ""title"": ""저평가 구간에서 분할 매수, 단기 손실은 감내해야 할 것 같습니다."", ""like_count"": 0, ""unlike_count"": 0, ""score"": 0}, {""post_id"": 70, ""anonymous_code"": ""늑대-3694"", ""post_type"": ""trade_share"", ""title"": ""하락장인데 매수... 메모리 가격 폭등 믿고 분산 매수했습니다."", ""like_count"": 0, ""unlike_count"": 0, ""score"": 0}]"
RN_COMM_ON_20260917,2026-03-06,10,A084,1,5,13,"[57, 58, 59, 60, 61, 62, 63, 64, 65, 66, 67, 69, 70]","[{""post_id"": 57, ""anonymous_code"": ""사자-8925"", ""post_type"": ""trade_share"", ""title"": ""하락장에서도 매수 타이밍은 찾아야 합니다. (삼성전자)"", ""like_count"": 0, ""unlike_count"": 0, ""score"": 0}, {""post_id"": 58, ""anonymous_code"": ""황소-1620"", ""post_type"": ""trade_share"", ""title"": ""하락장일수록 매수 원칙 지킵니다 (삼성전자)"", ""like_count"": 0, ""unlike_count"": 0, ""score"": 0}, {""post_id"": 59, ""anonymous_code"": ""돌고래-2979"", ""post_type"": ""trade_share"", ""title"": ""떨어질수록 사들인다는 원칙, 오늘도 지키다"", ""like_count"": 0, ""unlike_count"": 0, ""score"": 0}, {""post_id"": 60, ""anonymous_code"": ""황소-4770"", ""post_type"": ""trade_share"", ""title"": ""하락장인데 반대로 매수했습니다 (분할)"", ""like_count"": 0, ""unlike_count"": 0, ""score"": 0}, {""post_id"": 61, ""anonymous_code"": ""곰-8551"", ""post_type"": ""analysis"", ""title"": ""과매도 구간 진입? 유가 폭등 vs 메모리 반등, 타이밍이 핵심이다"", ""like_count"": 0, ""unlike_count"": 0, ""score"": 0}, {""post_id"": 62, ""anonymous_code"": ""황소-4980"", ""post_type"": ""trade_share"", ""title"": ""떨리는 손으로 매수했습니다. (삼성전자)"", ""like_count"": 0, ""unlike_count"": 0, ""score"": 0}, {""post_id"": 63, ""anonymous_code"": ""여우-1683"", ""post_type"": ""trade_share"", ""title"": ""급등장인데... 떨어질 때 사야 할까 고민 중입니다."", ""like_count"": 0, ""unlike_count"": 0, ""score"": 0}, {""post_id"": 64, ""anonymous_code"": ""독수리-9332"", ""post_type"": ""trade_share"", ""title"": ""전량 손절 후 다시 매수... 타이밍이 빨랐나?"", ""like_count"": 0, ""unlike_count"": 0, ""score"": 0}, {""post_id"": 65, ""anonymous_code"": ""황소-6990"", ""post_type"": ""trade_share"", ""title"": ""다시 한번 하락을 기다려 매수했습니다. (삼성전자)"", ""like_count"": 0, ""unlike_count"": 0, ""score"": 0}, {""post_id"": 66, ""anonymous_code"": ""펭귄-5408"", ""post_type"": ""trade_share"", ""title"": ""떨어질 때 사서 성공! 삼성전자의 매력 확인"", ""like_count"": 0, ""unlike_count"": 0, ""score"": 0}, {""post_id"": 67, ""anonymous_code"": ""독수리-1692"", ""post_type"": ""analysis"", ""title"": ""기술적 추세 붕괴, 외국인과 기관이 팔고 있다 (삼성전자)"", ""like_count"": 0, ""unlike_count"": 0, ""score"": 0}, {""post_id"": 69, ""anonymous_code"": ""곰-5671"", ""post_type"": ""trade_share"", ""title"": ""저평가 구간에서 분할 매수, 단기 손실은 감내해야 할 것 같습니다."", ""like_count"": 0, ""unlike_count"": 0, ""score"": 0}, {""post_id"": 70, ""anonymous_code"": ""늑대-3694"", ""post_type"": ""trade_share"", ""title"": ""하락장인데 매수... 메모리 가격 폭등 믿고 분산 매수했습니다."", ""like_count"": 0, ""unlike_count"": 0, ""score"": 0}]"
RN_COMM_ON_20260917,2026-03-06,10,A085,1,5,14,"[57, 58, 59, 60, 61, 62, 63, 64, 65, 66, 67, 68, 69, 70]","[{""post_id"": 57, ""anonymous_code"": ""사자-8925"", ""post_type"": ""trade_share"", ""title"": ""하락장에서도 매수 타이밍은 찾아야 합니다. (삼성전자)"", ""like_count"": 0, ""unlike_count"": 0, ""score"": 0}, {""post_id"": 58, ""anonymous_code"": ""황소-1620"", ""post_type"": ""trade_share"", ""title"": ""하락장일수록 매수 원칙 지킵니다 (삼성전자)"", ""like_count"": 0, ""unlike_count"": 0, ""score"": 0}, {""post_id"": 59, ""anonymous_code"": ""돌고래-2979"", ""post_type"": ""trade_share"", ""title"": ""떨어질수록 사들인다는 원칙, 오늘도 지키다"", ""like_count"": 0, ""unlike_count"": 0, ""score"": 0}, {""post_id"": 60, ""anonymous_code"": ""황소-4770"", ""post_type"": ""trade_share"", ""title"": ""하락장인데 반대로 매수했습니다 (분할)"", ""like_count"": 0, ""unlike_count"": 0, ""score"": 0}, {""post_id"": 61, ""anonymous_code"": ""곰-8551"", ""post_type"": ""analysis"", ""title"": ""과매도 구간 진입? 유가 폭등 vs 메모리 반등, 타이밍이 핵심이다"", ""like_count"": 0, ""unlike_count"": 0, ""score"": 0}, {""post_id"": 62, ""anonymous_code"": ""황소-4980"", ""post_type"": ""trade_share"", ""title"": ""떨리는 손으로 매수했습니다. (삼성전자)"", ""like_count"": 0, ""unlike_count"": 0, ""score"": 0}, {""post_id"": 63, ""anonymous_code"": ""여우-1683"", ""post_type"": ""trade_share"", ""title"": ""급등장인데... 떨어질 때 사야 할까 고민 중입니다."", ""like_count"": 0, ""unlike_count"": 0, ""score"": 0}, {""post_id"": 64, ""anonymous_code"": ""독수리-9332"", ""post_type"": ""trade_share"", ""title"": ""전량 손절 후 다시 매수... 타이밍이 빨랐나?"", ""like_count"": 0, ""unlike_count"": 0, ""score"": 0}, {""post_id"": 65, ""anonymous_code"": ""황소-6990"", ""post_type"": ""trade_share"", ""title"": ""다시 한번 하락을 기다려 매수했습니다. (삼성전자)"", ""like_count"": 0, ""unlike_count"": 0, ""score"": 0}, {""post_id"": 66, ""anonymous_code"": ""펭귄-5408"", ""post_type"": ""trade_share"", ""title"": ""떨어질 때 사서 성공! 삼성전자의 매력 확인"", ""like_count"": 0, ""unlike_count"": 0, ""score"": 0}, {""post_id"": 67, ""anonymous_code"": ""독수리-1692"", ""post_type"": ""analysis"", ""title"": ""기술적 추세 붕괴, 외국인과 기관이 팔고 있다 (삼성전자)"", ""like_count"": 0, ""unlike_count"": 0, ""score"": 0}, {""post_id"": 68, ""anonymous_code"": ""독수리-6722"", ""post_type"": ""trade_share"", ""title"": ""떨리는 손으로 다시 샀습니다. (삼성전자)"", ""like_count"": 0, ""unlike_count"": 0, ""score"": 0}, {""post_id"": 69, ""anonymous_code"": ""곰-5671"", ""post_type"": ""trade_share"", ""title"": ""저평가 구간에서 분할 매수, 단기 손실은 감내해야 할 것 같습니다."", ""like_count"": 0, ""unlike_count"": 0, ""score"": 0}, {""post_id"": 70, ""anonymous_code"": ""늑대-3694"", ""post_type"": ""trade_share"", ""title"": ""하락장인데 매수... 메모리 가격 폭등 믿고 분산 매수했습니다."", ""like_count"": 0, ""unlike_count"": 0, ""score"": 0}]"
RN_COMM_ON_20260917,2026-03-06,10,A086,1,5,14,"[57, 58, 59, 60, 61, 62, 63, 64, 65, 66, 67, 68, 69, 70]","[{""post_id"": 57, ""anonymous_code"": ""사자-8925"", ""post_type"": ""trade_share"", ""title"": ""하락장에서도 매수 타이밍은 찾아야 합니다. (삼성전자)"", ""like_count"": 0, ""unlike_count"": 0, ""score"": 0}, {""post_id"": 58, ""anonymous_code"": ""황소-1620"", ""post_type"": ""trade_share"", ""title"": ""하락장일수록 매수 원칙 지킵니다 (삼성전자)"", ""like_count"": 0, ""unlike_count"": 0, ""score"": 0}, {""post_id"": 59, ""anonymous_code"": ""돌고래-2979"", ""post_type"": ""trade_share"", ""title"": ""떨어질수록 사들인다는 원칙, 오늘도 지키다"", ""like_count"": 0, ""unlike_count"": 0, ""score"": 0}, {""post_id"": 60, ""anonymous_code"": ""황소-4770"", ""post_type"": ""trade_share"", ""title"": ""하락장인데 반대로 매수했습니다 (분할)"", ""like_count"": 0, ""unlike_count"": 0, ""score"": 0}, {""post_id"": 61, ""anonymous_code"": ""곰-8551"", ""post_type"": ""analysis"", ""title"": ""과매도 구간 진입? 유가 폭등 vs 메모리 반등, 타이밍이 핵심이다"", ""like_count"": 0, ""unlike_count"": 0, ""score"": 0}, {""post_id"": 62, ""anonymous_code"": ""황소-4980"", ""post_type"": ""trade_share"", ""title"": ""떨리는 손으로 매수했습니다. (삼성전자)"", ""like_count"": 0, ""unlike_count"": 0, ""score"": 0}, {""post_id"": 63, ""anonymous_code"": ""여우-1683"", ""post_type"": ""trade_share"", ""title"": ""급등장인데... 떨어질 때 사야 할까 고민 중입니다."", ""like_count"": 0, ""unlike_count"": 0, ""score"": 0}, {""post_id"": 64, ""anonymous_code"": ""독수리-9332"", ""post_type"": ""trade_share"", ""title"": ""전량 손절 후 다시 매수... 타이밍이 빨랐나?"", ""like_count"": 0, ""unlike_count"": 0, ""score"": 0}, {""post_id"": 65, ""anonymous_code"": ""황소-6990"", ""post_type"": ""trade_share"", ""title"": ""다시 한번 하락을 기다려 매수했습니다. (삼성전자)"", ""like_count"": 0, ""unlike_count"": 0, ""score"": 0}, {""post_id"": 66, ""anonymous_code"": ""펭귄-5408"", ""post_type"": ""trade_share"", ""title"": ""떨어질 때 사서 성공! 삼성전자의 매력 확인"", ""like_count"": 0, ""unlike_count"": 0, ""score"": 0}, {""post_id"": 67, ""anonymous_code"": ""독수리-1692"", ""post_type"": ""analysis"", ""title"": ""기술적 추세 붕괴, 외국인과 기관이 팔고 있다 (삼성전자)"", ""like_count"": 0, ""unlike_count"": 0, ""score"": 0}, {""post_id"": 68, ""anonymous_code"": ""독수리-6722"", ""post_type"": ""trade_share"", ""title"": ""떨리는 손으로 다시 샀습니다. (삼성전자)"", ""like_count"": 0, ""unlike_count"": 0, ""score"": 0}, {""post_id"": 69, ""anonymous_code"": ""곰-5671"", ""post_type"": ""trade_share"", ""title"": ""저평가 구간에서 분할 매수, 단기 손실은 감내해야 할 것 같습니다."", ""like_count"": 0, ""unlike_count"": 0, ""score"": 0}, {""post_id"": 70, ""anonymous_code"": ""늑대-3694"", ""post_type"": ""trade_share"", ""title"": ""하락장인데 매수... 메모리 가격 폭등 믿고 분산 매수했습니다."", ""like_count"": 0, ""unlike_count"": 0, ""score"": 0}]"
RN_COMM_ON_20260917,2026-03-06,10,A090,1,5,14,"[57, 58, 59, 60, 61, 62, 63, 64, 65, 66, 67, 68, 69, 70]","[{""post_id"": 57, ""anonymous_code"": ""사자-8925"", ""post_type"": ""trade_share"", ""title"": ""하락장에서도 매수 타이밍은 찾아야 합니다. (삼성전자)"", ""like_count"": 0, ""unlike_count"": 0, ""score"": 0}, {""post_id"": 58, ""anonymous_code"": ""황소-1620"", ""post_type"": ""trade_share"", ""title"": ""하락장일수록 매수 원칙 지킵니다 (삼성전자)"", ""like_count"": 0, ""unlike_count"": 0, ""score"": 0}, {""post_id"": 59, ""anonymous_code"": ""돌고래-2979"", ""post_type"": ""trade_share"", ""title"": ""떨어질수록 사들인다는 원칙, 오늘도 지키다"", ""like_count"": 0, ""unlike_count"": 0, ""score"": 0}, {""post_id"": 60, ""anonymous_code"": ""황소-4770"", ""post_type"": ""trade_share"", ""title"": ""하락장인데 반대로 매수했습니다 (분할)"", ""like_count"": 0, ""unlike_count"": 0, ""score"": 0}, {""post_id"": 61, ""anonymous_code"": ""곰-8551"", ""post_type"": ""analysis"", ""title"": ""과매도 구간 진입? 유가 폭등 vs 메모리 반등, 타이밍이 핵심이다"", ""like_count"": 0, ""unlike_count"": 0, ""score"": 0}, {""post_id"": 62, ""anonymous_code"": ""황소-4980"", ""post_type"": ""trade_share"", ""title"": ""떨리는 손으로 매수했습니다. (삼성전자)"", ""like_count"": 0, ""unlike_count"": 0, ""score"": 0}, {""post_id"": 63, ""anonymous_code"": ""여우-1683"", ""post_type"": ""trade_share"", ""title"": ""급등장인데... 떨어질 때 사야 할까 고민 중입니다."", ""like_count"": 0, ""unlike_count"": 0, ""score"": 0}, {""post_id"": 64, ""anonymous_code"": ""독수리-9332"", ""post_type"": ""trade_share"", ""title"": ""전량 손절 후 다시 매수... 타이밍이 빨랐나?"", ""like_count"": 0, ""unlike_count"": 0, ""score"": 0}, {""post_id"": 65, ""anonymous_code"": ""황소-6990"", ""post_type"": ""trade_share"", ""title"": ""다시 한번 하락을 기다려 매수했습니다. (삼성전자)"", ""like_count"": 0, ""unlike_count"": 0, ""score"": 0}, {""post_id"": 66, ""anonymous_code"": ""펭귄-5408"", ""post_type"": ""trade_share"", ""title"": ""떨어질 때 사서 성공! 삼성전자의 매력 확인"", ""like_count"": 0, ""unlike_count"": 0, ""score"": 0}, {""post_id"": 67, ""anonymous_code"": ""독수리-1692"", ""post_type"": ""analysis"", ""title"": ""기술적 추세 붕괴, 외국인과 기관이 팔고 있다 (삼성전자)"", ""like_count"": 0, ""unlike_count"": 0, ""score"": 0}, {""post_id"": 68, ""anonymous_code"": ""독수리-6722"", ""post_type"": ""trade_share"", ""title"": ""떨리는 손으로 다시 샀습니다. (삼성전자)"", ""like_count"": 0, ""unlike_count"": 0, ""score"": 0}, {""post_id"": 69, ""anonymous_code"": ""곰-5671"", ""post_type"": ""trade_share"", ""title"": ""저평가 구간에서 분할 매수, 단기 손실은 감내해야 할 것 같습니다."", ""like_count"": 0, ""unlike_count"": 0, ""score"": 0}, {""post_id"": 70, ""anonymous_code"": ""늑대-3694"", ""post_type"": ""trade_share"", ""title"": ""하락장인데 매수... 메모리 가격 폭등 믿고 분산 매수했습니다."", ""like_count"": 0, ""unlike_count"": 0, ""score"": 0}]"
RN_COMM_ON_20260917,2026-03-06,10,A087,1,5,14,"[57, 58, 59, 60, 61, 62, 63, 64, 65, 66, 67, 68, 69, 70]","[{""post_id"": 57, ""anonymous_code"": ""사자-8925"", ""post_type"": ""trade_share"", ""title"": ""하락장에서도 매수 타이밍은 찾아야 합니다. (삼성전자)"", ""like_count"": 0, ""unlike_count"": 0, ""score"": 0}, {""post_id"": 58, ""anonymous_code"": ""황소-1620"", ""post_type"": ""trade_share"", ""title"": ""하락장일수록 매수 원칙 지킵니다 (삼성전자)"", ""like_count"": 0, ""unlike_count"": 0, ""score"": 0}, {""post_id"": 59, ""anonymous_code"": ""돌고래-2979"", ""post_type"": ""trade_share"", ""title"": ""떨어질수록 사들인다는 원칙, 오늘도 지키다"", ""like_count"": 0, ""unlike_count"": 0, ""score"": 0}, {""post_id"": 60, ""anonymous_code"": ""황소-4770"", ""post_type"": ""trade_share"", ""title"": ""하락장인데 반대로 매수했습니다 (분할)"", ""like_count"": 0, ""unlike_count"": 0, ""score"": 0}, {""post_id"": 61, ""anonymous_code"": ""곰-8551"", ""post_type"": ""analysis"", ""title"": ""과매도 구간 진입? 유가 폭등 vs 메모리 반등, 타이밍이 핵심이다"", ""like_count"": 0, ""unlike_count"": 0, ""score"": 0}, {""post_id"": 62, ""anonymous_code"": ""황소-4980"", ""post_type"": ""trade_share"", ""title"": ""떨리는 손으로 매수했습니다. (삼성전자)"", ""like_count"": 0, ""unlike_count"": 0, ""score"": 0}, {""post_id"": 63, ""anonymous_code"": ""여우-1683"", ""post_type"": ""trade_share"", ""title"": ""급등장인데... 떨어질 때 사야 할까 고민 중입니다."", ""like_count"": 0, ""unlike_count"": 0, ""score"": 0}, {""post_id"": 64, ""anonymous_code"": ""독수리-9332"", ""post_type"": ""trade_share"", ""title"": ""전량 손절 후 다시 매수... 타이밍이 빨랐나?"", ""like_count"": 0, ""unlike_count"": 0, ""score"": 0}, {""post_id"": 65, ""anonymous_code"": ""황소-6990"", ""post_type"": ""trade_share"", ""title"": ""다시 한번 하락을 기다려 매수했습니다. (삼성전자)"", ""like_count"": 0, ""unlike_count"": 0, ""score"": 0}, {""post_id"": 66, ""anonymous_code"": ""펭귄-5408"", ""post_type"": ""trade_share"", ""title"": ""떨어질 때 사서 성공! 삼성전자의 매력 확인"", ""like_count"": 0, ""unlike_count"": 0, ""score"": 0}, {""post_id"": 67, ""anonymous_code"": ""독수리-1692"", ""post_type"": ""analysis"", ""title"": ""기술적 추세 붕괴, 외국인과 기관이 팔고 있다 (삼성전자)"", ""like_count"": 0, ""unlike_count"": 0, ""score"": 0}, {""post_id"": 68, ""anonymous_code"": ""독수리-6722"", ""post_type"": ""trade_share"", ""title"": ""떨리는 손으로 다시 샀습니다. (삼성전자)"", ""like_count"": 0, ""unlike_count"": 0, ""score"": 0}, {""post_id"": 69, ""anonymous_code"": ""곰-5671"", ""post_type"": ""trade_share"", ""title"": ""저평가 구간에서 분할 매수, 단기 손실은 감내해야 할 것 같습니다."", ""like_count"": 0, ""unlike_count"": 0, ""score"": 0}, {""post_id"": 70, ""anonymous_code"": ""늑대-3694"", ""post_type"": ""trade_share"", ""title"": ""하락장인데 매수... 메모리 가격 폭등 믿고 분산 매수했습니다."", ""like_count"": 0, ""unlike_count"": 0, ""score"": 0}]"
RN_COMM_ON_20260917,2026-03-06,10,A089,1,5,14,"[57, 58, 59, 60, 61, 62, 63, 64, 65, 66, 67, 68, 69, 70]","[{""post_id"": 57, ""anonymous_code"": ""사자-8925"", ""post_type"": ""trade_share"", ""title"": ""하락장에서도 매수 타이밍은 찾아야 합니다. (삼성전자)"", ""like_count"": 0, ""unlike_count"": 0, ""score"": 0}, {""post_id"": 58, ""anonymous_code"": ""황소-1620"", ""post_type"": ""trade_share"", ""title"": ""하락장일수록 매수 원칙 지킵니다 (삼성전자)"", ""like_count"": 0, ""unlike_count"": 0, ""score"": 0}, {""post_id"": 59, ""anonymous_code"": ""돌고래-2979"", ""post_type"": ""trade_share"", ""title"": ""떨어질수록 사들인다는 원칙, 오늘도 지키다"", ""like_count"": 0, ""unlike_count"": 0, ""score"": 0}, {""post_id"": 60, ""anonymous_code"": ""황소-4770"", ""post_type"": ""trade_share"", ""title"": ""하락장인데 반대로 매수했습니다 (분할)"", ""like_count"": 0, ""unlike_count"": 0, ""score"": 0}, {""post_id"": 61, ""anonymous_code"": ""곰-8551"", ""post_type"": ""analysis"", ""title"": ""과매도 구간 진입? 유가 폭등 vs 메모리 반등, 타이밍이 핵심이다"", ""like_count"": 0, ""unlike_count"": 0, ""score"": 0}, {""post_id"": 62, ""anonymous_code"": ""황소-4980"", ""post_type"": ""trade_share"", ""title"": ""떨리는 손으로 매수했습니다. (삼성전자)"", ""like_count"": 0, ""unlike_count"": 0, ""score"": 0}, {""post_id"": 63, ""anonymous_code"": ""여우-1683"", ""post_type"": ""trade_share"", ""title"": ""급등장인데... 떨어질 때 사야 할까 고민 중입니다."", ""like_count"": 0, ""unlike_count"": 0, ""score"": 0}, {""post_id"": 64, ""anonymous_code"": ""독수리-9332"", ""post_type"": ""trade_share"", ""title"": ""전량 손절 후 다시 매수... 타이밍이 빨랐나?"", ""like_count"": 0, ""unlike_count"": 0, ""score"": 0}, {""post_id"": 65, ""anonymous_code"": ""황소-6990"", ""post_type"": ""trade_share"", ""title"": ""다시 한번 하락을 기다려 매수했습니다. (삼성전자)"", ""like_count"": 0, ""unlike_count"": 0, ""score"": 0}, {""post_id"": 66, ""anonymous_code"": ""펭귄-5408"", ""post_type"": ""trade_share"", ""title"": ""떨어질 때 사서 성공! 삼성전자의 매력 확인"", ""like_count"": 0, ""unlike_count"": 0, ""score"": 0}, {""post_id"": 67, ""anonymous_code"": ""독수리-1692"", ""post_type"": ""analysis"", ""title"": ""기술적 추세 붕괴, 외국인과 기관이 팔고 있다 (삼성전자)"", ""like_count"": 0, ""unlike_count"": 0, ""score"": 0}, {""post_id"": 68, ""anonymous_code"": ""독수리-6722"", ""post_type"": ""trade_share"", ""title"": ""떨리는 손으로 다시 샀습니다. (삼성전자)"", ""like_count"": 0, ""unlike_count"": 0, ""score"": 0}, {""post_id"": 69, ""anonymous_code"": ""곰-5671"", ""post_type"": ""trade_share"", ""title"": ""저평가 구간에서 분할 매수, 단기 손실은 감내해야 할 것 같습니다."", ""like_count"": 0, ""unlike_count"": 0, ""score"": 0}, {""post_id"": 70, ""anonymous_code"": ""늑대-3694"", ""post_type"": ""trade_share"", ""title"": ""하락장인데 매수... 메모리 가격 폭등 믿고 분산 매수했습니다."", ""like_count"": 0, ""unlike_count"": 0, ""score"": 0}]"
RN_COMM_ON_20260917,2026-03-06,10,A092,1,5,14,"[57, 58, 59, 60, 61, 62, 63, 64, 65, 66, 67, 68, 69, 70]","[{""post_id"": 57, ""anonymous_code"": ""사자-8925"", ""post_type"": ""trade_share"", ""title"": ""하락장에서도 매수 타이밍은 찾아야 합니다. (삼성전자)"", ""like_count"": 0, ""unlike_count"": 0, ""score"": 0}, {""post_id"": 58, ""anonymous_code"": ""황소-1620"", ""post_type"": ""trade_share"", ""title"": ""하락장일수록 매수 원칙 지킵니다 (삼성전자)"", ""like_count"": 0, ""unlike_count"": 0, ""score"": 0}, {""post_id"": 59, ""anonymous_code"": ""돌고래-2979"", ""post_type"": ""trade_share"", ""title"": ""떨어질수록 사들인다는 원칙, 오늘도 지키다"", ""like_count"": 0, ""unlike_count"": 0, ""score"": 0}, {""post_id"": 60, ""anonymous_code"": ""황소-4770"", ""post_type"": ""trade_share"", ""title"": ""하락장인데 반대로 매수했습니다 (분할)"", ""like_count"": 0, ""unlike_count"": 0, ""score"": 0}, {""post_id"": 61, ""anonymous_code"": ""곰-8551"", ""post_type"": ""analysis"", ""title"": ""과매도 구간 진입? 유가 폭등 vs 메모리 반등, 타이밍이 핵심이다"", ""like_count"": 0, ""unlike_count"": 0, ""score"": 0}, {""post_id"": 62, ""anonymous_code"": ""황소-4980"", ""post_type"": ""trade_share"", ""title"": ""떨리는 손으로 매수했습니다. (삼성전자)"", ""like_count"": 0, ""unlike_count"": 0, ""score"": 0}, {""post_id"": 63, ""anonymous_code"": ""여우-1683"", ""post_type"": ""trade_share"", ""title"": ""급등장인데... 떨어질 때 사야 할까 고민 중입니다."", ""like_count"": 0, ""unlike_count"": 0, ""score"": 0}, {""post_id"": 64, ""anonymous_code"": ""독수리-9332"", ""post_type"": ""trade_share"", ""title"": ""전량 손절 후 다시 매수... 타이밍이 빨랐나?"", ""like_count"": 0, ""unlike_count"": 0, ""score"": 0}, {""post_id"": 65, ""anonymous_code"": ""황소-6990"", ""post_type"": ""trade_share"", ""title"": ""다시 한번 하락을 기다려 매수했습니다. (삼성전자)"", ""like_count"": 0, ""unlike_count"": 0, ""score"": 0}, {""post_id"": 66, ""anonymous_code"": ""펭귄-5408"", ""post_type"": ""trade_share"", ""title"": ""떨어질 때 사서 성공! 삼성전자의 매력 확인"", ""like_count"": 0, ""unlike_count"": 0, ""score"": 0}, {""post_id"": 67, ""anonymous_code"": ""독수리-1692"", ""post_type"": ""analysis"", ""title"": ""기술적 추세 붕괴, 외국인과 기관이 팔고 있다 (삼성전자)"", ""like_count"": 0, ""unlike_count"": 0, ""score"": 0}, {""post_id"": 68, ""anonymous_code"": ""독수리-6722"", ""post_type"": ""trade_share"", ""title"": ""떨리는 손으로 다시 샀습니다. (삼성전자)"", ""like_count"": 0, ""unlike_count"": 0, ""score"": 0}, {""post_id"": 69, ""anonymous_code"": ""곰-5671"", ""post_type"": ""trade_share"", ""title"": ""저평가 구간에서 분할 매수, 단기 손실은 감내해야 할 것 같습니다."", ""like_count"": 0, ""unlike_count"": 0, ""score"": 0}, {""post_id"": 70, ""anonymous_code"": ""늑대-3694"", ""post_type"": ""trade_share"", ""title"": ""하락장인데 매수... 메모리 가격 폭등 믿고 분산 매수했습니다."", ""like_count"": 0, ""unlike_count"": 0, ""score"": 0}]"
RN_COMM_ON_20260917,2026-03-06,10,A091,2,5,14,"[57, 58, 59, 60, 61, 62, 63, 64, 65, 66, 67, 68, 69, 70]","[{""post_id"": 57, ""anonymous_code"": ""사자-8925"", ""post_type"": ""trade_share"", ""title"": ""하락장에서도 매수 타이밍은 찾아야 합니다. (삼성전자)"", ""like_count"": 0, ""unlike_count"": 0, ""score"": 0}, {""post_id"": 58, ""anonymous_code"": ""황소-1620"", ""post_type"": ""trade_share"", ""title"": ""하락장일수록 매수 원칙 지킵니다 (삼성전자)"", ""like_count"": 0, ""unlike_count"": 0, ""score"": 0}, {""post_id"": 59, ""anonymous_code"": ""돌고래-2979"", ""post_type"": ""trade_share"", ""title"": ""떨어질수록 사들인다는 원칙, 오늘도 지키다"", ""like_count"": 0, ""unlike_count"": 0, ""score"": 0}, {""post_id"": 60, ""anonymous_code"": ""황소-4770"", ""post_type"": ""trade_share"", ""title"": ""하락장인데 반대로 매수했습니다 (분할)"", ""like_count"": 0, ""unlike_count"": 0, ""score"": 0}, {""post_id"": 61, ""anonymous_code"": ""곰-8551"", ""post_type"": ""analysis"", ""title"": ""과매도 구간 진입? 유가 폭등 vs 메모리 반등, 타이밍이 핵심이다"", ""like_count"": 0, ""unlike_count"": 0, ""score"": 0}, {""post_id"": 62, ""anonymous_code"": ""황소-4980"", ""post_type"": ""trade_share"", ""title"": ""떨리는 손으로 매수했습니다. (삼성전자)"", ""like_count"": 0, ""unlike_count"": 0, ""score"": 0}, {""post_id"": 63, ""anonymous_code"": ""여우-1683"", ""post_type"": ""trade_share"", ""title"": ""급등장인데... 떨어질 때 사야 할까 고민 중입니다."", ""like_count"": 0, ""unlike_count"": 0, ""score"": 0}, {""post_id"": 64, ""anonymous_code"": ""독수리-9332"", ""post_type"": ""trade_share"", ""title"": ""전량 손절 후 다시 매수... 타이밍이 빨랐나?"", ""like_count"": 0, ""unlike_count"": 0, ""score"": 0}, {""post_id"": 65, ""anonymous_code"": ""황소-6990"", ""post_type"": ""trade_share"", ""title"": ""다시 한번 하락을 기다려 매수했습니다. (삼성전자)"", ""like_count"": 0, ""unlike_count"": 0, ""score"": 0}, {""post_id"": 66, ""anonymous_code"": ""펭귄-5408"", ""post_type"": ""trade_share"", ""title"": ""떨어질 때 사서 성공! 삼성전자의 매력 확인"", ""like_count"": 0, ""unlike_count"": 0, ""score"": 0}, {""post_id"": 67, ""anonymous_code"": ""독수리-1692"", ""post_type"": ""analysis"", ""title"": ""기술적 추세 붕괴, 외국인과 기관이 팔고 있다 (삼성전자)"", ""like_count"": 0, ""unlike_count"": 0, ""score"": 0}, {""post_id"": 68, ""anonymous_code"": ""독수리-6722"", ""post_type"": ""trade_share"", ""title"": ""떨리는 손으로 다시 샀습니다. (삼성전자)"", ""like_count"": 0, ""unlike_count"": 0, ""score"": 0}, {""post_id"": 69, ""anonymous_code"": ""곰-5671"", ""post_type"": ""trade_share"", ""title"": ""저평가 구간에서 분할 매수, 단기 손실은 감내해야 할 것 같습니다."", ""like_count"": 0, ""unlike_count"": 0, ""score"": 0}, {""post_id"": 70, ""anonymous_code"": ""늑대-3694"", ""post_type"": ""trade_share"", ""title"": ""하락장인데 매수... 메모리 가격 폭등 믿고 분산 매수했습니다."", ""like_count"": 0, ""unlike_count"": 0, ""score"": 0}]"
RN_COMM_ON_20260917,2026-03-06,10,A093,1,5,14,"[57, 58, 59, 60, 61, 62, 63, 64, 65, 66, 67, 68, 69, 70]","[{""post_id"": 57, ""anonymous_code"": ""사자-8925"", ""post_type"": ""trade_share"", ""title"": ""하락장에서도 매수 타이밍은 찾아야 합니다. (삼성전자)"", ""like_count"": 0, ""unlike_count"": 0, ""score"": 0}, {""post_id"": 58, ""anonymous_code"": ""황소-1620"", ""post_type"": ""trade_share"", ""title"": ""하락장일수록 매수 원칙 지킵니다 (삼성전자)"", ""like_count"": 0, ""unlike_count"": 0, ""score"": 0}, {""post_id"": 59, ""anonymous_code"": ""돌고래-2979"", ""post_type"": ""trade_share"", ""title"": ""떨어질수록 사들인다는 원칙, 오늘도 지키다"", ""like_count"": 0, ""unlike_count"": 0, ""score"": 0}, {""post_id"": 60, ""anonymous_code"": ""황소-4770"", ""post_type"": ""trade_share"", ""title"": ""하락장인데 반대로 매수했습니다 (분할)"", ""like_count"": 0, ""unlike_count"": 0, ""score"": 0}, {""post_id"": 61, ""anonymous_code"": ""곰-8551"", ""post_type"": ""analysis"", ""title"": ""과매도 구간 진입? 유가 폭등 vs 메모리 반등, 타이밍이 핵심이다"", ""like_count"": 0, ""unlike_count"": 0, ""score"": 0}, {""post_id"": 62, ""anonymous_code"": ""황소-4980"", ""post_type"": ""trade_share"", ""title"": ""떨리는 손으로 매수했습니다. (삼성전자)"", ""like_count"": 0, ""unlike_count"": 0, ""score"": 0}, {""post_id"": 63, ""anonymous_code"": ""여우-1683"", ""post_type"": ""trade_share"", ""title"": ""급등장인데... 떨어질 때 사야 할까 고민 중입니다."", ""like_count"": 0, ""unlike_count"": 0, ""score"": 0}, {""post_id"": 64, ""anonymous_code"": ""독수리-9332"", ""post_type"": ""trade_share"", ""title"": ""전량 손절 후 다시 매수... 타이밍이 빨랐나?"", ""like_count"": 0, ""unlike_count"": 0, ""score"": 0}, {""post_id"": 65, ""anonymous_code"": ""황소-6990"", ""post_type"": ""trade_share"", ""title"": ""다시 한번 하락을 기다려 매수했습니다. (삼성전자)"", ""like_count"": 0, ""unlike_count"": 0, ""score"": 0}, {""post_id"": 66, ""anonymous_code"": ""펭귄-5408"", ""post_type"": ""trade_share"", ""title"": ""떨어질 때 사서 성공! 삼성전자의 매력 확인"", ""like_count"": 0, ""unlike_count"": 0, ""score"": 0}, {""post_id"": 67, ""anonymous_code"": ""독수리-1692"", ""post_type"": ""analysis"", ""title"": ""기술적 추세 붕괴, 외국인과 기관이 팔고 있다 (삼성전자)"", ""like_count"": 0, ""unlike_count"": 0, ""score"": 0}, {""post_id"": 68, ""anonymous_code"": ""독수리-6722"", ""post_type"": ""trade_share"", ""title"": ""떨리는 손으로 다시 샀습니다. (삼성전자)"", ""like_count"": 0, ""unlike_count"": 0, ""score"": 0}, {""post_id"": 69, ""anonymous_code"": ""곰-5671"", ""post_type"": ""trade_share"", ""title"": ""저평가 구간에서 분할 매수, 단기 손실은 감내해야 할 것 같습니다."", ""like_count"": 0, ""unlike_count"": 0, ""score"": 0}, {""post_id"": 70, ""anonymous_code"": ""늑대-3694"", ""post_type"": ""trade_share"", ""title"": ""하락장인데 매수... 메모리 가격 폭등 믿고 분산 매수했습니다."", ""like_count"": 0, ""unlike_count"": 0, ""score"": 0}]"
RN_COMM_ON_20260917,2026-03-06,10,A094,1,5,13,"[57, 58, 59, 60, 61, 62, 63, 64, 65, 66, 67, 68, 70]","[{""post_id"": 57, ""anonymous_code"": ""사자-8925"", ""post_type"": ""trade_share"", ""title"": ""하락장에서도 매수 타이밍은 찾아야 합니다. (삼성전자)"", ""like_count"": 0, ""unlike_count"": 0, ""score"": 0}, {""post_id"": 58, ""anonymous_code"": ""황소-1620"", ""post_type"": ""trade_share"", ""title"": ""하락장일수록 매수 원칙 지킵니다 (삼성전자)"", ""like_count"": 0, ""unlike_count"": 0, ""score"": 0}, {""post_id"": 59, ""anonymous_code"": ""돌고래-2979"", ""post_type"": ""trade_share"", ""title"": ""떨어질수록 사들인다는 원칙, 오늘도 지키다"", ""like_count"": 0, ""unlike_count"": 0, ""score"": 0}, {""post_id"": 60, ""anonymous_code"": ""황소-4770"", ""post_type"": ""trade_share"", ""title"": ""하락장인데 반대로 매수했습니다 (분할)"", ""like_count"": 0, ""unlike_count"": 0, ""score"": 0}, {""post_id"": 61, ""anonymous_code"": ""곰-8551"", ""post_type"": ""analysis"", ""title"": ""과매도 구간 진입? 유가 폭등 vs 메모리 반등, 타이밍이 핵심이다"", ""like_count"": 0, ""unlike_count"": 0, ""score"": 0}, {""post_id"": 62, ""anonymous_code"": ""황소-4980"", ""post_type"": ""trade_share"", ""title"": ""떨리는 손으로 매수했습니다. (삼성전자)"", ""like_count"": 0, ""unlike_count"": 0, ""score"": 0}, {""post_id"": 63, ""anonymous_code"": ""여우-1683"", ""post_type"": ""trade_share"", ""title"": ""급등장인데... 떨어질 때 사야 할까 고민 중입니다."", ""like_count"": 0, ""unlike_count"": 0, ""score"": 0}, {""post_id"": 64, ""anonymous_code"": ""독수리-9332"", ""post_type"": ""trade_share"", ""title"": ""전량 손절 후 다시 매수... 타이밍이 빨랐나?"", ""like_count"": 0, ""unlike_count"": 0, ""score"": 0}, {""post_id"": 65, ""anonymous_code"": ""황소-6990"", ""post_type"": ""trade_share"", ""title"": ""다시 한번 하락을 기다려 매수했습니다. (삼성전자)"", ""like_count"": 0, ""unlike_count"": 0, ""score"": 0}, {""post_id"": 66, ""anonymous_code"": ""펭귄-5408"", ""post_type"": ""trade_share"", ""title"": ""떨어질 때 사서 성공! 삼성전자의 매력 확인"", ""like_count"": 0, ""unlike_count"": 0, ""score"": 0}, {""post_id"": 67, ""anonymous_code"": ""독수리-1692"", ""post_type"": ""analysis"", ""title"": ""기술적 추세 붕괴, 외국인과 기관이 팔고 있다 (삼성전자)"", ""like_count"": 0, ""unlike_count"": 0, ""score"": 0}, {""post_id"": 68, ""anonymous_code"": ""독수리-6722"", ""post_type"": ""trade_share"", ""title"": ""떨리는 손으로 다시 샀습니다. (삼성전자)"", ""like_count"": 0, ""unlike_count"": 0, ""score"": 0}, {""post_id"": 70, ""anonymous_code"": ""늑대-3694"", ""post_type"": ""trade_share"", ""title"": ""하락장인데 매수... 메모리 가격 폭등 믿고 분산 매수했습니다."", ""like_count"": 0, ""unlike_count"": 0, ""score"": 0}]"
RN_COMM_ON_20260917,2026-03-06,10,A096,2,5,14,"[57, 58, 59, 60, 61, 62, 63, 64, 65, 66, 67, 68, 69, 70]","[{""post_id"": 57, ""anonymous_code"": ""사자-8925"", ""post_type"": ""trade_share"", ""title"": ""하락장에서도 매수 타이밍은 찾아야 합니다. (삼성전자)"", ""like_count"": 0, ""unlike_count"": 0, ""score"": 0}, {""post_id"": 58, ""anonymous_code"": ""황소-1620"", ""post_type"": ""trade_share"", ""title"": ""하락장일수록 매수 원칙 지킵니다 (삼성전자)"", ""like_count"": 0, ""unlike_count"": 0, ""score"": 0}, {""post_id"": 59, ""anonymous_code"": ""돌고래-2979"", ""post_type"": ""trade_share"", ""title"": ""떨어질수록 사들인다는 원칙, 오늘도 지키다"", ""like_count"": 0, ""unlike_count"": 0, ""score"": 0}, {""post_id"": 60, ""anonymous_code"": ""황소-4770"", ""post_type"": ""trade_share"", ""title"": ""하락장인데 반대로 매수했습니다 (분할)"", ""like_count"": 0, ""unlike_count"": 0, ""score"": 0}, {""post_id"": 61, ""anonymous_code"": ""곰-8551"", ""post_type"": ""analysis"", ""title"": ""과매도 구간 진입? 유가 폭등 vs 메모리 반등, 타이밍이 핵심이다"", ""like_count"": 0, ""unlike_count"": 0, ""score"": 0}, {""post_id"": 62, ""anonymous_code"": ""황소-4980"", ""post_type"": ""trade_share"", ""title"": ""떨리는 손으로 매수했습니다. (삼성전자)"", ""like_count"": 0, ""unlike_count"": 0, ""score"": 0}, {""post_id"": 63, ""anonymous_code"": ""여우-1683"", ""post_type"": ""trade_share"", ""title"": ""급등장인데... 떨어질 때 사야 할까 고민 중입니다."", ""like_count"": 0, ""unlike_count"": 0, ""score"": 0}, {""post_id"": 64, ""anonymous_code"": ""독수리-9332"", ""post_type"": ""trade_share"", ""title"": ""전량 손절 후 다시 매수... 타이밍이 빨랐나?"", ""like_count"": 0, ""unlike_count"": 0, ""score"": 0}, {""post_id"": 65, ""anonymous_code"": ""황소-6990"", ""post_type"": ""trade_share"", ""title"": ""다시 한번 하락을 기다려 매수했습니다. (삼성전자)"", ""like_count"": 0, ""unlike_count"": 0, ""score"": 0}, {""post_id"": 66, ""anonymous_code"": ""펭귄-5408"", ""post_type"": ""trade_share"", ""title"": ""떨어질 때 사서 성공! 삼성전자의 매력 확인"", ""like_count"": 0, ""unlike_count"": 0, ""score"": 0}, {""post_id"": 67, ""anonymous_code"": ""독수리-1692"", ""post_type"": ""analysis"", ""title"": ""기술적 추세 붕괴, 외국인과 기관이 팔고 있다 (삼성전자)"", ""like_count"": 0, ""unlike_count"": 0, ""score"": 0}, {""post_id"": 68, ""anonymous_code"": ""독수리-6722"", ""post_type"": ""trade_share"", ""title"": ""떨리는 손으로 다시 샀습니다. (삼성전자)"", ""like_count"": 0, ""unlike_count"": 0, ""score"": 0}, {""post_id"": 69, ""anonymous_code"": ""곰-5671"", ""post_type"": ""trade_share"", ""title"": ""저평가 구간에서 분할 매수, 단기 손실은 감내해야 할 것 같습니다."", ""like_count"": 0, ""unlike_count"": 0, ""score"": 0}, {""post_id"": 70, ""anonymous_code"": ""늑대-3694"", ""post_type"": ""trade_share"", ""title"": ""하락장인데 매수... 메모리 가격 폭등 믿고 분산 매수했습니다."", ""like_count"": 0, ""unlike_count"": 0, ""score"": 0}]"
RN_COMM_ON_20260917,2026-03-06,10,A095,1,5,14,"[57, 58, 59, 60, 61, 62, 63, 64, 65, 66, 67, 68, 69, 70]","[{""post_id"": 57, ""anonymous_code"": ""사자-8925"", ""post_type"": ""trade_share"", ""title"": ""하락장에서도 매수 타이밍은 찾아야 합니다. (삼성전자)"", ""like_count"": 0, ""unlike_count"": 0, ""score"": 0}, {""post_id"": 58, ""anonymous_code"": ""황소-1620"", ""post_type"": ""trade_share"", ""title"": ""하락장일수록 매수 원칙 지킵니다 (삼성전자)"", ""like_count"": 0, ""unlike_count"": 0, ""score"": 0}, {""post_id"": 59, ""anonymous_code"": ""돌고래-2979"", ""post_type"": ""trade_share"", ""title"": ""떨어질수록 사들인다는 원칙, 오늘도 지키다"", ""like_count"": 0, ""unlike_count"": 0, ""score"": 0}, {""post_id"": 60, ""anonymous_code"": ""황소-4770"", ""post_type"": ""trade_share"", ""title"": ""하락장인데 반대로 매수했습니다 (분할)"", ""like_count"": 0, ""unlike_count"": 0, ""score"": 0}, {""post_id"": 61, ""anonymous_code"": ""곰-8551"", ""post_type"": ""analysis"", ""title"": ""과매도 구간 진입? 유가 폭등 vs 메모리 반등, 타이밍이 핵심이다"", ""like_count"": 0, ""unlike_count"": 0, ""score"": 0}, {""post_id"": 62, ""anonymous_code"": ""황소-4980"", ""post_type"": ""trade_share"", ""title"": ""떨리는 손으로 매수했습니다. (삼성전자)"", ""like_count"": 0, ""unlike_count"": 0, ""score"": 0}, {""post_id"": 63, ""anonymous_code"": ""여우-1683"", ""post_type"": ""trade_share"", ""title"": ""급등장인데... 떨어질 때 사야 할까 고민 중입니다."", ""like_count"": 0, ""unlike_count"": 0, ""score"": 0}, {""post_id"": 64, ""anonymous_code"": ""독수리-9332"", ""post_type"": ""trade_share"", ""title"": ""전량 손절 후 다시 매수... 타이밍이 빨랐나?"", ""like_count"": 0, ""unlike_count"": 0, ""score"": 0}, {""post_id"": 65, ""anonymous_code"": ""황소-6990"", ""post_type"": ""trade_share"", ""title"": ""다시 한번 하락을 기다려 매수했습니다. (삼성전자)"", ""like_count"": 0, ""unlike_count"": 0, ""score"": 0}, {""post_id"": 66, ""anonymous_code"": ""펭귄-5408"", ""post_type"": ""trade_share"", ""title"": ""떨어질 때 사서 성공! 삼성전자의 매력 확인"", ""like_count"": 0, ""unlike_count"": 0, ""score"": 0}, {""post_id"": 67, ""anonymous_code"": ""독수리-1692"", ""post_type"": ""analysis"", ""title"": ""기술적 추세 붕괴, 외국인과 기관이 팔고 있다 (삼성전자)"", ""like_count"": 0, ""unlike_count"": 0, ""score"": 0}, {""post_id"": 68, ""anonymous_code"": ""독수리-6722"", ""post_type"": ""trade_share"", ""title"": ""떨리는 손으로 다시 샀습니다. (삼성전자)"", ""like_count"": 0, ""unlike_count"": 0, ""score"": 0}, {""post_id"": 69, ""anonymous_code"": ""곰-5671"", ""post_type"": ""trade_share"", ""title"": ""저평가 구간에서 분할 매수, 단기 손실은 감내해야 할 것 같습니다."", ""like_count"": 0, ""unlike_count"": 0, ""score"": 0}, {""post_id"": 70, ""anonymous_code"": ""늑대-3694"", ""post_type"": ""trade_share"", ""title"": ""하락장인데 매수... 메모리 가격 폭등 믿고 분산 매수했습니다."", ""like_count"": 0, ""unlike_count"": 0, ""score"": 0}]"
RN_COMM_ON_20260917,2026-03-06,10,A098,1,5,13,"[57, 58, 59, 60, 61, 62, 63, 64, 65, 66, 67, 68, 69]","[{""post_id"": 57, ""anonymous_code"": ""사자-8925"", ""post_type"": ""trade_share"", ""title"": ""하락장에서도 매수 타이밍은 찾아야 합니다. (삼성전자)"", ""like_count"": 0, ""unlike_count"": 0, ""score"": 0}, {""post_id"": 58, ""anonymous_code"": ""황소-1620"", ""post_type"": ""trade_share"", ""title"": ""하락장일수록 매수 원칙 지킵니다 (삼성전자)"", ""like_count"": 0, ""unlike_count"": 0, ""score"": 0}, {""post_id"": 59, ""anonymous_code"": ""돌고래-2979"", ""post_type"": ""trade_share"", ""title"": ""떨어질수록 사들인다는 원칙, 오늘도 지키다"", ""like_count"": 0, ""unlike_count"": 0, ""score"": 0}, {""post_id"": 60, ""anonymous_code"": ""황소-4770"", ""post_type"": ""trade_share"", ""title"": ""하락장인데 반대로 매수했습니다 (분할)"", ""like_count"": 0, ""unlike_count"": 0, ""score"": 0}, {""post_id"": 61, ""anonymous_code"": ""곰-8551"", ""post_type"": ""analysis"", ""title"": ""과매도 구간 진입? 유가 폭등 vs 메모리 반등, 타이밍이 핵심이다"", ""like_count"": 0, ""unlike_count"": 0, ""score"": 0}, {""post_id"": 62, ""anonymous_code"": ""황소-4980"", ""post_type"": ""trade_share"", ""title"": ""떨리는 손으로 매수했습니다. (삼성전자)"", ""like_count"": 0, ""unlike_count"": 0, ""score"": 0}, {""post_id"": 63, ""anonymous_code"": ""여우-1683"", ""post_type"": ""trade_share"", ""title"": ""급등장인데... 떨어질 때 사야 할까 고민 중입니다."", ""like_count"": 0, ""unlike_count"": 0, ""score"": 0}, {""post_id"": 64, ""anonymous_code"": ""독수리-9332"", ""post_type"": ""trade_share"", ""title"": ""전량 손절 후 다시 매수... 타이밍이 빨랐나?"", ""like_count"": 0, ""unlike_count"": 0, ""score"": 0}, {""post_id"": 65, ""anonymous_code"": ""황소-6990"", ""post_type"": ""trade_share"", ""title"": ""다시 한번 하락을 기다려 매수했습니다. (삼성전자)"", ""like_count"": 0, ""unlike_count"": 0, ""score"": 0}, {""post_id"": 66, ""anonymous_code"": ""펭귄-5408"", ""post_type"": ""trade_share"", ""title"": ""떨어질 때 사서 성공! 삼성전자의 매력 확인"", ""like_count"": 0, ""unlike_count"": 0, ""score"": 0}, {""post_id"": 67, ""anonymous_code"": ""독수리-1692"", ""post_type"": ""analysis"", ""title"": ""기술적 추세 붕괴, 외국인과 기관이 팔고 있다 (삼성전자)"", ""like_count"": 0, ""unlike_count"": 0, ""score"": 0}, {""post_id"": 68, ""anonymous_code"": ""독수리-6722"", ""post_type"": ""trade_share"", ""title"": ""떨리는 손으로 다시 샀습니다. (삼성전자)"", ""like_count"": 0, ""unlike_count"": 0, ""score"": 0}, {""post_id"": 69, ""anonymous_code"": ""곰-5671"", ""post_type"": ""trade_share"", ""title"": ""저평가 구간에서 분할 매수, 단기 손실은 감내해야 할 것 같습니다."", ""like_count"": 0, ""unlike_count"": 0, ""score"": 0}]"
RN_COMM_ON_20260917,2026-03-06,10,A097,1,5,14,"[57, 58, 59, 60, 61, 62, 63, 64, 65, 66, 67, 68, 69, 70]","[{""post_id"": 57, ""anonymous_code"": ""사자-8925"", ""post_type"": ""trade_share"", ""title"": ""하락장에서도 매수 타이밍은 찾아야 합니다. (삼성전자)"", ""like_count"": 0, ""unlike_count"": 0, ""score"": 0}, {""post_id"": 58, ""anonymous_code"": ""황소-1620"", ""post_type"": ""trade_share"", ""title"": ""하락장일수록 매수 원칙 지킵니다 (삼성전자)"", ""like_count"": 0, ""unlike_count"": 0, ""score"": 0}, {""post_id"": 59, ""anonymous_code"": ""돌고래-2979"", ""post_type"": ""trade_share"", ""title"": ""떨어질수록 사들인다는 원칙, 오늘도 지키다"", ""like_count"": 0, ""unlike_count"": 0, ""score"": 0}, {""post_id"": 60, ""anonymous_code"": ""황소-4770"", ""post_type"": ""trade_share"", ""title"": ""하락장인데 반대로 매수했습니다 (분할)"", ""like_count"": 0, ""unlike_count"": 0, ""score"": 0}, {""post_id"": 61, ""anonymous_code"": ""곰-8551"", ""post_type"": ""analysis"", ""title"": ""과매도 구간 진입? 유가 폭등 vs 메모리 반등, 타이밍이 핵심이다"", ""like_count"": 0, ""unlike_count"": 0, ""score"": 0}, {""post_id"": 62, ""anonymous_code"": ""황소-4980"", ""post_type"": ""trade_share"", ""title"": ""떨리는 손으로 매수했습니다. (삼성전자)"", ""like_count"": 0, ""unlike_count"": 0, ""score"": 0}, {""post_id"": 63, ""anonymous_code"": ""여우-1683"", ""post_type"": ""trade_share"", ""title"": ""급등장인데... 떨어질 때 사야 할까 고민 중입니다."", ""like_count"": 0, ""unlike_count"": 0, ""score"": 0}, {""post_id"": 64, ""anonymous_code"": ""독수리-9332"", ""post_type"": ""trade_share"", ""title"": ""전량 손절 후 다시 매수... 타이밍이 빨랐나?"", ""like_count"": 0, ""unlike_count"": 0, ""score"": 0}, {""post_id"": 65, ""anonymous_code"": ""황소-6990"", ""post_type"": ""trade_share"", ""title"": ""다시 한번 하락을 기다려 매수했습니다. (삼성전자)"", ""like_count"": 0, ""unlike_count"": 0, ""score"": 0}, {""post_id"": 66, ""anonymous_code"": ""펭귄-5408"", ""post_type"": ""trade_share"", ""title"": ""떨어질 때 사서 성공! 삼성전자의 매력 확인"", ""like_count"": 0, ""unlike_count"": 0, ""score"": 0}, {""post_id"": 67, ""anonymous_code"": ""독수리-1692"", ""post_type"": ""analysis"", ""title"": ""기술적 추세 붕괴, 외국인과 기관이 팔고 있다 (삼성전자)"", ""like_count"": 0, ""unlike_count"": 0, ""score"": 0}, {""post_id"": 68, ""anonymous_code"": ""독수리-6722"", ""post_type"": ""trade_share"", ""title"": ""떨리는 손으로 다시 샀습니다. (삼성전자)"", ""like_count"": 0, ""unlike_count"": 0, ""score"": 0}, {""post_id"": 69, ""anonymous_code"": ""곰-5671"", ""post_type"": ""trade_share"", ""title"": ""저평가 구간에서 분할 매수, 단기 손실은 감내해야 할 것 같습니다."", ""like_count"": 0, ""unlike_count"": 0, ""score"": 0}, {""post_id"": 70, ""anonymous_code"": ""늑대-3694"", ""post_type"": ""trade_share"", ""title"": ""하락장인데 매수... 메모리 가격 폭등 믿고 분산 매수했습니다."", ""like_count"": 0, ""unlike_count"": 0, ""score"": 0}]"
RN_COMM_ON_20260917,2026-03-06,10,A100,1,5,14,"[57, 58, 59, 60, 61, 62, 63, 64, 65, 66, 67, 68, 69, 70]","[{""post_id"": 57, ""anonymous_code"": ""사자-8925"", ""post_type"": ""trade_share"", ""title"": ""하락장에서도 매수 타이밍은 찾아야 합니다. (삼성전자)"", ""like_count"": 0, ""unlike_count"": 0, ""score"": 0}, {""post_id"": 58, ""anonymous_code"": ""황소-1620"", ""post_type"": ""trade_share"", ""title"": ""하락장일수록 매수 원칙 지킵니다 (삼성전자)"", ""like_count"": 0, ""unlike_count"": 0, ""score"": 0}, {""post_id"": 59, ""anonymous_code"": ""돌고래-2979"", ""post_type"": ""trade_share"", ""title"": ""떨어질수록 사들인다는 원칙, 오늘도 지키다"", ""like_count"": 0, ""unlike_count"": 0, ""score"": 0}, {""post_id"": 60, ""anonymous_code"": ""황소-4770"", ""post_type"": ""trade_share"", ""title"": ""하락장인데 반대로 매수했습니다 (분할)"", ""like_count"": 0, ""unlike_count"": 0, ""score"": 0}, {""post_id"": 61, ""anonymous_code"": ""곰-8551"", ""post_type"": ""analysis"", ""title"": ""과매도 구간 진입? 유가 폭등 vs 메모리 반등, 타이밍이 핵심이다"", ""like_count"": 0, ""unlike_count"": 0, ""score"": 0}, {""post_id"": 62, ""anonymous_code"": ""황소-4980"", ""post_type"": ""trade_share"", ""title"": ""떨리는 손으로 매수했습니다. (삼성전자)"", ""like_count"": 0, ""unlike_count"": 0, ""score"": 0}, {""post_id"": 63, ""anonymous_code"": ""여우-1683"", ""post_type"": ""trade_share"", ""title"": ""급등장인데... 떨어질 때 사야 할까 고민 중입니다."", ""like_count"": 0, ""unlike_count"": 0, ""score"": 0}, {""post_id"": 64, ""anonymous_code"": ""독수리-9332"", ""post_type"": ""trade_share"", ""title"": ""전량 손절 후 다시 매수... 타이밍이 빨랐나?"", ""like_count"": 0, ""unlike_count"": 0, ""score"": 0}, {""post_id"": 65, ""anonymous_code"": ""황소-6990"", ""post_type"": ""trade_share"", ""title"": ""다시 한번 하락을 기다려 매수했습니다. (삼성전자)"", ""like_count"": 0, ""unlike_count"": 0, ""score"": 0}, {""post_id"": 66, ""anonymous_code"": ""펭귄-5408"", ""post_type"": ""trade_share"", ""title"": ""떨어질 때 사서 성공! 삼성전자의 매력 확인"", ""like_count"": 0, ""unlike_count"": 0, ""score"": 0}, {""post_id"": 67, ""anonymous_code"": ""독수리-1692"", ""post_type"": ""analysis"", ""title"": ""기술적 추세 붕괴, 외국인과 기관이 팔고 있다 (삼성전자)"", ""like_count"": 0, ""unlike_count"": 0, ""score"": 0}, {""post_id"": 68, ""anonymous_code"": ""독수리-6722"", ""post_type"": ""trade_share"", ""title"": ""떨리는 손으로 다시 샀습니다. (삼성전자)"", ""like_count"": 0, ""unlike_count"": 0, ""score"": 0}, {""post_id"": 69, ""anonymous_code"": ""곰-5671"", ""post_type"": ""trade_share"", ""title"": ""저평가 구간에서 분할 매수, 단기 손실은 감내해야 할 것 같습니다."", ""like_count"": 0, ""unlike_count"": 0, ""score"": 0}, {""post_id"": 70, ""anonymous_code"": ""늑대-3694"", ""post_type"": ""trade_share"", ""title"": ""하락장인데 매수... 메모리 가격 폭등 믿고 분산 매수했습니다."", ""like_count"": 0, ""unlike_count"": 0, ""score"": 0}]"
