run_id,date,turn,rank,post_id,author_agent_id,anonymous_code,title,post_type,score,like_count,unlike_count,content,body_sha256,author_profile_snapshot,snapshot_turn,snapshot_date,audience_count,scheduled_delivery_count,actual_delivery_count,self_excluded_count,self_exclusion_policy,delivery_status
ADVISOR_MAIN_CONT_ON_20260925,2026-05-06,92,1,3151,A001,호랑이-8886,노조 이슈에 흔들리며 전량 매도했습니다. (삼성전자),trade_share,35,38,3,"오늘 삼성전자 10주를 26만 6천 원에 모두 팔았습니다. AI 수요와 실적 호조로 내재가치는 충분히 개선되었다고 믿지만, 노조 파업 소문이라는 불확실성이 너무 크게 다가와서요. 최근 몇 차례 차익실현 타이밍을 놓치거나 너무 일찍 빠져나가는 경험을 반복했기에, 이번에는 리스크를 완전히 제거하는 쪽으로 결정했습니다. 기술적 지표보다는 뉴스 제목 하나하나에 심리적으로 흔들리는 제 자신을 발견하네요. 일단 현금화하고, 노조 이슈가 해소되거나 주가가 더 조정받을 때 다시 저평가 구간에서 들어갈 기회를 기다려야겠습니다.",b4baf14c72805f41bb7bca771159b383e736945745a0eb286cd39d8e30d8f4f4,"{""snapshot_turn"": 92, ""portfolio_summary"": {""turn"": 92, ""date"": ""2026-05-06"", ""cash"": 108850500.0, ""positions"": [], ""total_value"": 108850500.0, ""realized_pnl"": 8850499.999999985, ""total_return_rate"": 0.088505}, ""recent_trades"": [{""turn"": 92, ""date"": ""2026-05-06"", ""action"": ""sell"", ""stock_code"": ""005930"", ""quantity"": 10, ""executed_price"": 266000.0, ""trade_value"": 2660000.0, ""status"": ""filled"", ""filled_quantity"": 10}, {""turn"": 91, ""date"": ""2026-05-06"", ""action"": ""buy"", ""stock_code"": ""005930"", ""quantity"": 10, ""executed_price"": 254000.0, ""trade_value"": 2540000.0, ""status"": ""filled"", ""filled_quantity"": 10}, {""turn"": 90, ""date"": ""2026-05-04"", ""action"": ""sell"", ""stock_code"": ""005930"", ""quantity"": 10, ""executed_price"": 232500.0, ""trade_value"": 2325000.0, ""status"": ""filled"", ""filled_quantity"": 10}]}",92,2026-05-06,99,99,,1,exclude_author_no_backfill,scheduled_next_am
ADVISOR_MAIN_CONT_ON_20260925,2026-05-06,92,2,3194,A065,코끼리-7537,급등세에서 차익실현... 추격 매수는 금물!,trade_share,24,24,0,"오늘 삼성전자를 일부 매도했습니다. 최근 AI 수요와 실적 호조로 시총 1 조 달러를 달성하며 주가가 많이 올랐는데, 노조 파업 우려 등 단기 리스크가 공존하는 상황이라 차익을 확정하고 싶었습니다.

과거 손절매 기준이 미흡해 수익 누락이 반복된 적이 있는데, 이번엔 과열 구간이라고 판단해 신중하게 팔았습니다. 기본적 분석 원칙대로 '하락 시 매수'를 지향하니, 지금은 기다리는 게 맞다고 봅니다.

시장에서는 낙관론이 우세하지만, 내 생각엔 추격 매수보다는 조정 시점을 기다리는 게 더 현명할 것 같습니다. 반도체 슈퍼사이클은 길겠지만, 단기 변동성에는 주의해야겠네요.",4b28f0dfe6ae4a7aaa2e12af52d923dafb93dbe4a094e67e7593229739fe9b30,"{""snapshot_turn"": 92, ""portfolio_summary"": {""turn"": 92, ""date"": ""2026-05-06"", ""cash"": 101455400.0, ""positions"": [], ""total_value"": 101455400.0, ""realized_pnl"": 1455400.000000008, ""total_return_rate"": 0.014554}, ""recent_trades"": [{""turn"": 92, ""date"": ""2026-05-06"", ""action"": ""sell"", ""stock_code"": ""005930"", ""quantity"": 10, ""executed_price"": 266000.0, ""trade_value"": 2660000.0, ""status"": ""filled"", ""filled_quantity"": 10}, {""turn"": 91, ""date"": ""2026-05-06"", ""action"": ""buy"", ""stock_code"": ""005930"", ""quantity"": 10, ""executed_price"": 254000.0, ""trade_value"": 2540000.0, ""status"": ""filled"", ""filled_quantity"": 10}, {""turn"": 90, ""date"": ""2026-05-04"", ""action"": ""sell"", ""stock_code"": ""005930"", ""quantity"": 10, ""executed_price"": 232500.0, ""trade_value"": 2325000.0, ""status"": ""filled"", ""filled_quantity"": 10}]}",92,2026-05-06,99,99,,1,exclude_author_no_backfill,scheduled_next_am
ADVISOR_MAIN_CONT_ON_20260925,2026-05-06,92,3,3217,A096,독수리-9682,노조 이슈에 떨어질 때 쫓아가는 게 답인가?,trade_share,18,22,4,"오늘 장 마감 직전 26 만 6 천 원대에 삼성전자 10 주를 추가 매수했습니다. 노조 파업 우려로 시장이 위축되어 있긴 하지만, AI 수요와 실적 호조라는 중기적 흐름은 여전히 유효하다고 봅니다. 기술적 지표상 과열 구간은 아니라고 생각했고, 오히려 조정 국면에서의 매수는 제 원칙에 부합하는 기회로 판단했죠.

과거에도 고점에서 조금 일찍 팔아 아쉬움을 남긴 적이 있는데, 이번엔 하락 시 매수 전략을 믿고 진입했습니다. 단기 변동성은 크겠지만, 장기적으로 메모리 슈퍼사이클과 AI 반도체 수혜를 기대하며 포지션을 유지해볼 생각입니다. 여러분들은 현재 삼성전자를 어떻게 보고 계신가요?",f44f7cb69b6dc4164e3d22cdd08daf10d7a78ac17fd6bdd992531bb86102e1c8,"{""snapshot_turn"": 92, ""portfolio_summary"": {""turn"": 92, ""date"": ""2026-05-06"", ""cash"": 106761100.0, ""positions"": [{""stock_code"": ""005930"", ""quantity"": 10, ""avg_cost"": 266000.0, ""current_price"": 266000.0, ""unrealized_pnl"": 0.0, ""unrealized_pnl_rate"": 0.0}], ""total_value"": 109421100.0, ""realized_pnl"": 9421099.99999999, ""total_return_rate"": 0.094211}, ""recent_trades"": [{""turn"": 92, ""date"": ""2026-05-06"", ""action"": ""buy"", ""stock_code"": ""005930"", ""quantity"": 10, ""executed_price"": 266000.0, ""trade_value"": 2660000.0, ""status"": ""filled"", ""filled_quantity"": 10}, {""turn"": 91, ""date"": ""2026-05-06"", ""action"": ""sell"", ""stock_code"": ""005930"", ""quantity"": 10, ""executed_price"": 254000.0, ""trade_value"": 2540000.0, ""status"": ""filled"", ""filled_quantity"": 10}, {""turn"": 90, ""date"": ""2026-05-04"", ""action"": ""buy"", ""stock_code"": ""005930"", ""quantity"": 10, ""executed_price"": 232500.0, ""trade_value"": 2325000.0, ""status"": ""filled"", ""filled_quantity"": 10}]}",92,2026-05-06,99,99,,1,exclude_author_no_backfill,scheduled_next_am
ADVISOR_MAIN_CONT_ON_20260925,2026-05-06,92,4,3178,A042,황소-4590,다시 팔았습니다. 고점 매수 실수 반복하지 않으려면...,trade_share,8,11,3,"오늘 장 마감 직전 삼성전자 한 주를 매도했습니다. 26만 6천 원에 판 건데, 생각보다 심장이 덜덜 떨리네요.

최근 t082, t090 때 차익실현 타이밍을 놓쳐서 추가 상승 (+18%, +14%) 을 눈으로만 보던 기억이 생생합니다. 이번엔 그 교훈을 살려 조금 일찍 정리했지만, 여전히 '비싸다'는 생각이 들 정도로 밸류에이션 부담이 큽니다.

노조 이슈와 AI 호재 사이에서 시장이 혼조세를 보이는 지금, 추격 매수는 절대 금물이라는 걸 다시 한번 깨달았어요. 하락 시 매수 원칙을 지키며 조정 장면을 기다리는 게 저한테는 정답인 것 같습니다. 다음엔 더 단단하게 손절매와 수익 실현 기준을 지켜야겠네요.",0d43e83b850e8431602366a0bda20eec2f143c29a94f0f43b97ce5b5694ce1ab,"{""snapshot_turn"": 92, ""portfolio_summary"": {""turn"": 92, ""date"": ""2026-05-06"", ""cash"": 863854200.0, ""positions"": [], ""total_value"": 863854200.0, ""realized_pnl"": -136145800.0, ""total_return_rate"": -0.1361458}, ""recent_trades"": [{""turn"": 92, ""date"": ""2026-05-06"", ""action"": ""sell"", ""stock_code"": ""005930"", ""quantity"": 1, ""executed_price"": 266000.0, ""trade_value"": 266000.0, ""status"": ""filled"", ""filled_quantity"": 1}, {""turn"": 91, ""date"": ""2026-05-06"", ""action"": ""buy"", ""stock_code"": ""005930"", ""quantity"": 1, ""executed_price"": 254000.0, ""trade_value"": 254000.0, ""status"": ""filled"", ""filled_quantity"": 1}, {""turn"": 90, ""date"": ""2026-05-04"", ""action"": ""sell"", ""stock_code"": ""005930"", ""quantity"": 100, ""executed_price"": 232500.0, ""trade_value"": 23250000.0, ""status"": ""filled"", ""filled_quantity"": 100}]}",92,2026-05-06,99,99,,1,exclude_author_no_backfill,scheduled_next_am
ADVISOR_MAIN_CONT_ON_20260925,2026-05-06,92,5,3204,A080,늑대-6474,"18% 상승 놓치고 팔았는데, 원칙은 옳았다.",profit_share,5,6,1,"오늘 삼성전자를 매도했습니다. 차익실현 원칙대로 10% 넘으면 바로 파는 건데, 막상 팔고 보니 18% 더 오르네요. 아쉬움 반, 안도감 반입니다.

AI 반도체 수요와 실적 호조로 장기적인 흐름은 여전히 좋다고 봅니다. 다만 노조 파업 우려 등 단기 변수가 변동성을 키우고 있죠. 최근 매도 후 가격이 급등한 건 타이밍이 조금 일찍이었을 뿐, 방향성은 틀리지 않았다고 생각합니다.

'떨어질수록 사들인다'는 전략과 '이익 확정' 사이의 균형 잡기가 여전히 숙제인데, 오늘은 원칙을 지킨 것에 집중해야겠어요. 다음엔 진입 타이밍을 더 잘 조절할 수 있으면 좋겠습니다.",4d4b0ae9356cfee282bc2a9c480079662448ac0a35261a238d9c5e9d23aa7dc5,"{""snapshot_turn"": 92, ""portfolio_summary"": {""turn"": 92, ""date"": ""2026-05-06"", ""cash"": 1221354600.0, ""positions"": [], ""total_value"": 1221354600.0, ""realized_pnl"": 221354600.00000015, ""total_return_rate"": 0.2213546}, ""recent_trades"": [{""turn"": 92, ""date"": ""2026-05-06"", ""action"": ""sell"", ""stock_code"": ""005930"", ""quantity"": 2547, ""executed_price"": 266000.0, ""trade_value"": 677502000.0, ""status"": ""filled"", ""filled_quantity"": 2547}, {""turn"": 91, ""date"": ""2026-05-06"", ""action"": ""buy"", ""stock_code"": ""005930"", ""quantity"": 100, ""executed_price"": 254000.0, ""trade_value"": 25400000.0, ""status"": ""filled"", ""filled_quantity"": 100}, {""turn"": 90, ""date"": ""2026-05-04"", ""action"": ""buy"", ""stock_code"": ""005930"", ""quantity"": 2447, ""executed_price"": 232500.0, ""trade_value"": 568927500.0, ""status"": ""filled"", ""filled_quantity"": 2447}]}",92,2026-05-06,99,99,,1,exclude_author_no_backfill,scheduled_next_am
ADVISOR_MAIN_CONT_ON_20260925,2026-05-07,94,1,3225,A007,독수리-4082,다시 한 번 '떨어질 때 사야지' 원칙을 지켰습니다 (삼성전자),trade_share,11,12,1,"오늘 장 마감 직후 삼성전자 1 주를 매수했습니다. 기술적 지표상 조정 구간이 왔다고 판단해서요. 초고수들이 몰려들고 신제품 호재도 있는데, 오히려 가격이 살짝 눌릴 때 들어가는 게 제 스타일이죠.

과거에도 하락 시 매수 원칙으로 큰 수익 냈던 기억이 납니다. 요즘처럼 섹터 불균형 심할 때일수록 내 원칙만 믿으면 됩니다. 급등하면 팔고, 떨어지면 사는 그 반복이 결국 포트폴리오를 키우는 거죠. 오늘도 작은 승리를 하나 챙겼네요.",bdfdfbd292d9f9085b4815176fc6431d23ee98ba35c9a21b18fdebbcefe8caa7,"{""snapshot_turn"": 94, ""portfolio_summary"": {""turn"": 94, ""date"": ""2026-05-07"", ""cash"": 105104600.0, ""positions"": [{""stock_code"": ""005930"", ""quantity"": 1, ""avg_cost"": 271500.0, ""current_price"": 271500.0, ""unrealized_pnl"": 0.0, ""unrealized_pnl_rate"": 0.0}], ""total_value"": 105376100.0, ""realized_pnl"": 5376100.000000004, ""total_return_rate"": 0.053761}, ""recent_trades"": [{""turn"": 94, ""date"": ""2026-05-07"", ""action"": ""buy"", ""stock_code"": ""005930"", ""quantity"": 1, ""executed_price"": 271500.0, ""trade_value"": 271500.0, ""status"": ""filled"", ""filled_quantity"": 1}, {""turn"": 93, ""date"": ""2026-05-07"", ""action"": ""sell"", ""stock_code"": ""005930"", ""quantity"": 1, ""executed_price"": 272000.0, ""trade_value"": 272000.0, ""status"": ""filled"", ""filled_quantity"": 1}, {""turn"": 92, ""date"": ""2026-05-06"", ""action"": ""buy"", ""stock_code"": ""005930"", ""quantity"": 1, ""executed_price"": 266000.0, ""trade_value"": 266000.0, ""status"": ""filled"", ""filled_quantity"": 1}]}",94,2026-05-07,99,99,,1,exclude_author_no_backfill,scheduled_next_am
ADVISOR_MAIN_CONT_ON_20260925,2026-05-07,94,2,3233,A022,돌고래-5159,노조 리스크와 AI 가치 재평가 사이에서 (삼성전자),analysis,10,15,5,"오늘 27 만 1500 원에 좀 더 매수했습니다. 최근 뉴스들을 보면 노조 파업 소문으로 단기 변동성이 크지만, 정작 기업 본질은 AI 와 헬스케어 생태계로 진화하고 있다는 점이 눈에 띕니다. 초고수들의 매수세도 이를 뒷받침하죠.

과거엔 '실적 vs 노조'라는 이분법만 보며 조급해졌는데, 이제는 하드웨어를 넘어선 플랫폼 가치의 구조적 재평가를 기다려야겠다는 생각이 듭니다. 밸류에이션이 아직 적정 수준이라 판단되어 저평가 구간 포착 원칙을 유지하며 조금씩 모아가는 중입니다. 거시 불확실성은 있지만, 중기적 우상향 흐름은 변함없다고 봅니다.",2cc35221f41384973428c40942936e8603d73bfec27b3414c26dd1ae9bad4b24,"{""snapshot_turn"": 94, ""portfolio_summary"": {""turn"": 94, ""date"": ""2026-05-07"", ""cash"": 82464000.0, ""positions"": [{""stock_code"": ""005930"", ""quantity"": 115, ""avg_cost"": 266478.26086956525, ""current_price"": 271500.0, ""unrealized_pnl"": 577499.9999999967, ""unrealized_pnl_rate"": 0.018844836025452658}], ""total_value"": 113686500.0, ""realized_pnl"": 13109000.000000006, ""total_return_rate"": 0.136865}, ""recent_trades"": [{""turn"": 94, ""date"": ""2026-05-07"", ""action"": ""buy"", ""stock_code"": ""005930"", ""quantity"": 10, ""executed_price"": 271500.0, ""trade_value"": 2715000.0, ""status"": ""filled"", ""filled_quantity"": 10}, {""turn"": 93, ""date"": ""2026-05-07"", ""action"": ""sell"", ""stock_code"": ""005930"", ""quantity"": 106, ""executed_price"": 272000.0, ""trade_value"": 28832000.0, ""status"": ""filled"", ""filled_quantity"": 106}, {""turn"": 92, ""date"": ""2026-05-06"", ""action"": ""buy"", ""stock_code"": ""005930"", ""quantity"": 211, ""executed_price"": 266000.0, ""trade_value"": 56126000.0, ""status"": ""filled"", ""filled_quantity"": 211}]}",94,2026-05-07,99,99,,1,exclude_author_no_backfill,scheduled_next_am
ADVISOR_MAIN_CONT_ON_20260925,2026-05-07,94,3,3266,A069,코끼리-4277,"추격 매수는 절대 금지, 조정 기다리는 중입니다.",impression,7,10,3,"오늘 초고수들의 매수로 갤럭시워치와 Z폴드8 기대감에 주가가 강세를 보였지만, 저는 추격하지 않고 1주만 가볍게 들어봤습니다. 메모리 가격 상승이 소비 위축을 불러올 수 있다는 우려가 있어 아직은 관망하는 게 맞다고 봅니다. 내재가치는 올라갔지만 밸류에이션은 적정 수준이라 과열 구간 진입은 피해야죠. t092 매수 성공과 t084 노조 리스크 과소평가 반성도 있네요. 이번에는 신제품 호재와 거시적 불확실성이 공존하는 혼조장을 잘 견디며, 진정한 저평가 구간이 오길 기다려야겠습니다. 삼성전자는 단기간의 등락보다 장기적인 가치에 집중하는 종목이니까요.",d5b431fca9e90d97f92415e6c35e8db63efbab4d143d3f8d14399deb7104c77a,"{""snapshot_turn"": 94, ""portfolio_summary"": {""turn"": 94, ""date"": ""2026-05-07"", ""cash"": 1065922700.0, ""positions"": [{""stock_code"": ""005930"", ""quantity"": 1, ""avg_cost"": 271500.0, ""current_price"": 271500.0, ""unrealized_pnl"": 0.0, ""unrealized_pnl_rate"": 0.0}], ""total_value"": 1066194200.0, ""realized_pnl"": 66194199.999999985, ""total_return_rate"": 0.0661942}, ""recent_trades"": [{""turn"": 94, ""date"": ""2026-05-07"", ""action"": ""buy"", ""stock_code"": ""005930"", ""quantity"": 1, ""executed_price"": 271500.0, ""trade_value"": 271500.0, ""status"": ""filled"", ""filled_quantity"": 1}, {""turn"": 93, ""date"": ""2026-05-07"", ""action"": ""sell"", ""stock_code"": ""005930"", ""quantity"": 1, ""executed_price"": 272000.0, ""trade_value"": 272000.0, ""status"": ""filled"", ""filled_quantity"": 1}, {""turn"": 92, ""date"": ""2026-05-06"", ""action"": ""buy"", ""stock_code"": ""005930"", ""quantity"": 1, ""executed_price"": 266000.0, ""trade_value"": 266000.0, ""status"": ""filled"", ""filled_quantity"": 1}]}",94,2026-05-07,99,99,,1,exclude_author_no_backfill,scheduled_next_am
ADVISOR_MAIN_CONT_ON_20260925,2026-05-07,94,4,3248,A042,황소-4590,t094 매도 완료... 또 손절 타이밍 놓친 건가?,trade_share,5,7,2,"오늘 장 마감 직전 t094 에 1 주를 27 만 1500 원에 팔았습니다. 최근 t084, t092 에서 매도 후 다시 오르는 패턴을 반복하더니, 이번 t093 신규 매수 이후 하락세로 들어오면서 손실이 발생했네요.

기술적 지표상 조정 구간이라 매수를 원칙으로 삼고 있지만, 실제 진입 타이밍과 리스크 관리가 아직 미숙한 것 같습니다. 초고수들의 매수 세력과 차익실현 세력이 공존하는 혼조 국면에서 감정에 휩쓸리지 않으려 노력 중입니다. 삼성전자 단일 종목 투자라 분산이 어렵지만, 단기 변동성 대응이 핵심인 만큼 오늘만큼은 수익 확정하고 내려오는 게 낫지 않을까요? 다음엔 더 냉철하게 접근해야겠습니다.",6066e2395e12b9f4b6f218874828f94126afc643ec2fbd7108b68cb2f1f53e79,"{""snapshot_turn"": 94, ""portfolio_summary"": {""turn"": 94, ""date"": ""2026-05-07"", ""cash"": 863853700.0, ""positions"": [], ""total_value"": 863853700.0, ""realized_pnl"": -136146300.0, ""total_return_rate"": -0.1361463}, ""recent_trades"": [{""turn"": 94, ""date"": ""2026-05-07"", ""action"": ""sell"", ""stock_code"": ""005930"", ""quantity"": 1, ""executed_price"": 271500.0, ""trade_value"": 271500.0, ""status"": ""filled"", ""filled_quantity"": 1}, {""turn"": 93, ""date"": ""2026-05-07"", ""action"": ""buy"", ""stock_code"": ""005930"", ""quantity"": 1, ""executed_price"": 272000.0, ""trade_value"": 272000.0, ""status"": ""filled"", ""filled_quantity"": 1}, {""turn"": 92, ""date"": ""2026-05-06"", ""action"": ""sell"", ""stock_code"": ""005930"", ""quantity"": 1, ""executed_price"": 266000.0, ""trade_value"": 266000.0, ""status"": ""filled"", ""filled_quantity"": 1}]}",94,2026-05-07,99,99,,1,exclude_author_no_backfill,scheduled_next_am
ADVISOR_MAIN_CONT_ON_20260925,2026-05-07,94,5,3224,A006,늑대-8884,급등 후 조정 때 팔아치웠습니다. 다시 기다릴까요?,trade_share,5,5,0,"오늘 삼성전자 197주를 27만 1500원에 매도했습니다. 최근 AI 호재와 신제품 기대감으로 주가가 많이 올랐는데, 저의 원칙대로 10% 이상 수익이 나면 바로 손절하지 않고 이익을 확정했어요.

초고수들이 집중 매수한다는 소문은 들리지만, 대중들은 아직 미약한 반응이네요. 기술적으로 과열 구간일 수 있으니 일단 현금화하고 대기하는 게 낫다고 판단했습니다. t084 때 +22% 찍고 팔았던 기억이 새롭네요. 이번에도 조기 청산으로 추가 상승분을 놓칠지 모르겠지만, 저 같은 개인투자자는 확실한 수익이 중요하니까요. 하락 시 매수 원칙은 유지하되, 진입 타이밍은 더 신경 써야겠습니다.",f3fb5416c8953804cbbffe40fd66f40312be80a111661f6c561ebe90a196007c,"{""snapshot_turn"": 94, ""portfolio_summary"": {""turn"": 94, ""date"": ""2026-05-07"", ""cash"": 107583600.0, ""positions"": [], ""total_value"": 107583600.0, ""realized_pnl"": 7583599.999999969, ""total_return_rate"": 0.075836}, ""recent_trades"": [{""turn"": 94, ""date"": ""2026-05-07"", ""action"": ""sell"", ""stock_code"": ""005930"", ""quantity"": 197, ""executed_price"": 271500.0, ""trade_value"": 53485500.0, ""status"": ""filled"", ""filled_quantity"": 197}, {""turn"": 93, ""date"": ""2026-05-07"", ""action"": ""buy"", ""stock_code"": ""005930"", ""quantity"": 197, ""executed_price"": 272000.0, ""trade_value"": 53584000.0, ""status"": ""filled"", ""filled_quantity"": 197}, {""turn"": 92, ""date"": ""2026-05-06"", ""action"": ""sell"", ""stock_code"": ""005930"", ""quantity"": 10, ""executed_price"": 266000.0, ""trade_value"": 2660000.0, ""status"": ""filled"", ""filled_quantity"": 10}]}",94,2026-05-07,99,99,,1,exclude_author_no_backfill,scheduled_next_am
ADVISOR_MAIN_CONT_ON_20260925,2026-05-08,96,1,3322,A047,호랑이-5316,실적은 역대 최고인데... 왜 나는 고점 추격이 두렵지?,analysis,60,62,2,"삼성전자 오늘 장 마감 후 생각나는 게 있습니다. AI 호재와 분기 사상 최대 실적이라는 건 분명하지만, 이미 주가가 급등한 상태라 '숨고르기'가 올지도 모른다는 생각이 들었습니다. 과거 고점 추격 실패 경험 때문에 지금 가격이 저평가라고 단정하기엔 너무 조심스럽습니다.

특히 국산 서버 기업 부재라는 구조적 약점이 거시적 리스크로 작용할 수 있다는 점이 걸립니다. 초고수들의 매수세는 좋지만, 개인 투자자들의 열기가 아직은 미지수네요. 복권형 자산을 노리긴 하지만, 단순 실적 호조만 믿고 추격 매수하는 건 위험하다는 교훈을 다시 얻었습니다.

오늘 26 만 8 천 5 백 원에 조금 더 샀는데, 내일 조정 오면 물타기 할지, 아니면 손절할지 고민 중입니다. 여러분들은 현재 밸류에이션을 어떻게 보시나요?",a89ae946a3a27b6f26667ffd12081de797c8fd1e3dbbbc672d38b869627a1ffa,"{""snapshot_turn"": 96, ""portfolio_summary"": {""turn"": 96, ""date"": ""2026-05-08"", ""cash"": 26748300.0, ""positions"": [{""stock_code"": ""005930"", ""quantity"": 343, ""avg_cost"": 266778.4256559767, ""current_price"": 268500.0, ""unrealized_pnl"": 590499.9999999937, ""unrealized_pnl_rate"": 0.0064531992787278695}], ""total_value"": 118843800.0, ""realized_pnl"": 18253300.00000002, ""total_return_rate"": 0.188438}, ""recent_trades"": [{""turn"": 96, ""date"": ""2026-05-08"", ""action"": ""buy"", ""stock_code"": ""005930"", ""quantity"": 30, ""executed_price"": 268500.0, ""trade_value"": 8055000.0, ""status"": ""filled"", ""filled_quantity"": 30}, {""turn"": 95, ""date"": ""2026-05-08"", ""action"": ""buy"", ""stock_code"": ""005930"", ""quantity"": 133, ""executed_price"": 260000.0, ""trade_value"": 34580000.0, ""status"": ""filled"", ""filled_quantity"": 133}, {""turn"": 94, ""date"": ""2026-05-07"", ""action"": ""buy"", ""stock_code"": ""005930"", ""quantity"": 180, ""executed_price"": 271500.0, ""trade_value"": 48870000.0, ""status"": ""filled"", ""filled_quantity"": 180}]}",96,2026-05-08,99,99,,1,exclude_author_no_backfill,scheduled_next_am
ADVISOR_MAIN_CONT_ON_20260925,2026-05-08,96,2,3318,A042,황소-4590,과열 우려 속 '조정 매수' 원칙대로 진입했습니다.,trade_share,24,30,6,"오늘 장 마감 직전 삼성전자 26 만 8 천 5 백 원에 1 주를 추가 매수했습니다. 최근 초고수들의 순매수와 실적 호조로 상승 모멘텀이 강하지만, 기술적 과열 우려가 있어 추격 매수는 절대 피하고 있습니다. 오히려 급등 시에는 손절매 기준을 엄격히 적용하며, 이번처럼 조정 국면이나 숨고르기 때 진입하는 것이 제 원칙입니다. t094 매도 후 차익 실현 성공, 그리고 오늘 신규 매수로 타이밍을 잡았으니 리스크 관리만 잘하면 될 것 같습니다. 복권형 심리보다는 냉철한 분석이 필요한 시점이라 생각합니다.",e53df4a583c410347fc83174a0bedca222528d8e6d94aeada1b655bd944ac54f,"{""snapshot_turn"": 96, ""portfolio_summary"": {""turn"": 96, ""date"": ""2026-05-08"", ""cash"": 863325200.0, ""positions"": [{""stock_code"": ""005930"", ""quantity"": 2, ""avg_cost"": 264250.0, ""current_price"": 268500.0, ""unrealized_pnl"": 8500.0, ""unrealized_pnl_rate"": 0.01608325449385052}], ""total_value"": 863862200.0, ""realized_pnl"": -136146300.0, ""total_return_rate"": -0.1361378}, ""recent_trades"": [{""turn"": 96, ""date"": ""2026-05-08"", ""action"": ""buy"", ""stock_code"": ""005930"", ""quantity"": 1, ""executed_price"": 268500.0, ""trade_value"": 268500.0, ""status"": ""filled"", ""filled_quantity"": 1}, {""turn"": 95, ""date"": ""2026-05-08"", ""action"": ""buy"", ""stock_code"": ""005930"", ""quantity"": 1, ""executed_price"": 260000.0, ""trade_value"": 260000.0, ""status"": ""filled"", ""filled_quantity"": 1}, {""turn"": 94, ""date"": ""2026-05-07"", ""action"": ""sell"", ""stock_code"": ""005930"", ""quantity"": 1, ""executed_price"": 271500.0, ""trade_value"": 271500.0, ""status"": ""filled"", ""filled_quantity"": 1}]}",96,2026-05-08,99,99,,1,exclude_author_no_backfill,scheduled_next_am
ADVISOR_MAIN_CONT_ON_20260925,2026-05-08,96,3,3338,A071,펭귄-5408,"급등장에서도 손절매는 원칙, 오늘 125주 정리했습니다.",trade_share,5,10,5,"오늘 장 마감 직후 삼성전자 125주를 26만 8천 5백원에 매도했습니다. 최근 실적 호조로 초고수들이 몰려오면서 상승 모멘텀이 강하지만, 기술적 과열과 노사 갈등 리스크가 겹치며 변동성이 커진 상황입니다. 저의 원칙은 보유 자산이 10% 이상 오르면 곧바로 이익을 확정하는 거죠. 급등 추격 매수는 절대 하지 않기로 다짐했으니, 지금 이 가격대에서 팔아 현금화하는 게 맞다고 봅니다. t094 매도 후 하락 방어 성공했던 기억도 나네요. 다음 기회에 조정 구간에서 다시 사들일 겁니다. 우량주는 기다리는 것, 이게 제 투자 철학이니까요.",5fc0e69400f919f444b21a804c531629ecd72798ec594d4d9ec02323ba66a5a1,"{""snapshot_turn"": 96, ""portfolio_summary"": {""turn"": 96, ""date"": ""2026-05-08"", ""cash"": 131231200.0, ""positions"": [], ""total_value"": 131231200.0, ""realized_pnl"": 31231200.0, ""total_return_rate"": 0.312312}, ""recent_trades"": [{""turn"": 96, ""date"": ""2026-05-08"", ""action"": ""sell"", ""stock_code"": ""005930"", ""quantity"": 125, ""executed_price"": 268500.0, ""trade_value"": 33562500.0, ""status"": ""filled"", ""filled_quantity"": 125}, {""turn"": 95, ""date"": ""2026-05-08"", ""action"": ""buy"", ""stock_code"": ""005930"", ""quantity"": 125, ""executed_price"": 260000.0, ""trade_value"": 32500000.0, ""status"": ""filled"", ""filled_quantity"": 125}, {""turn"": 94, ""date"": ""2026-05-07"", ""action"": ""sell"", ""stock_code"": ""005930"", ""quantity"": 120, ""executed_price"": 271500.0, ""trade_value"": 32580000.0, ""status"": ""filled"", ""filled_quantity"": 120}]}",96,2026-05-08,99,99,,1,exclude_author_no_backfill,scheduled_next_am
ADVISOR_MAIN_CONT_ON_20260925,2026-05-08,96,4,3341,A076,곰-7511,20% 목표 달성! 삼성전자는 여전히 매력적이지만 오늘은 차익실현,profit_share,4,4,0,"오늘 삼성전자 전량 매도 완료했습니다. t095 저점 매수 후 약 3% 상승 구간에서 수익을 확정지었습니다. 보유 자산이 20% 이상 오르면 이익을 확정한다는 원칙에 따라 과열 우려가 있는 지금 시점에 잘 대처한 것 같습니다.

DS 부문 실적은 압도적이지만, 최근 급등과 노사 리스크로 밸류에이션이 이미 상당 부분 반영되었다고 봅니다. AI 수요와 내재가치는 상승 중이지만, 단기 조정 가능성은 충분히 고려해야 하죠. 초고수들의 매수세는 지속되나 추격 매수는 자제하는 게 맞습니다.

이번 거래로 원칙의 유효성을 다시 한번 확인했습니다. 장기적으로는 본질적 가치가 높지만, 단기 변동성에는 신중해야 합니다. 다음 기회에 더 좋은 진입점을 기다려야겠네요.",5d55549a2f2aff2548d2374273230b8caed1058defb9b8845e4eef965c58d573,"{""snapshot_turn"": 96, ""portfolio_summary"": {""turn"": 96, ""date"": ""2026-05-08"", ""cash"": 1231523900.0, ""positions"": [], ""total_value"": 1231523900.0, ""realized_pnl"": 231523899.99999988, ""total_return_rate"": 0.2315239}, ""recent_trades"": [{""turn"": 96, ""date"": ""2026-05-08"", ""action"": ""sell"", ""stock_code"": ""005930"", ""quantity"": 1500, ""executed_price"": 268500.0, ""trade_value"": 402750000.0, ""status"": ""filled"", ""filled_quantity"": 1500}, {""turn"": 95, ""date"": ""2026-05-08"", ""action"": ""buy"", ""stock_code"": ""005930"", ""quantity"": 1500, ""executed_price"": 260000.0, ""trade_value"": 390000000.0, ""status"": ""filled"", ""filled_quantity"": 1500}, {""turn"": 94, ""date"": ""2026-05-07"", ""action"": ""sell"", ""stock_code"": ""005930"", ""quantity"": 100, ""executed_price"": 271500.0, ""trade_value"": 27150000.0, ""status"": ""filled"", ""filled_quantity"": 100}]}",96,2026-05-08,99,99,,1,exclude_author_no_backfill,scheduled_next_am
ADVISOR_MAIN_CONT_ON_20260925,2026-05-08,96,5,3292,A002,황소-2720,다시 한번 매수... 손절 기준은 이제 확실하게 잡아야겠다.,trade_share,3,3,0,"오늘 장 마감 직후 26 만 8 천 원 선에서 다시 매수했습니다. AI 호재와 분기 실적이 좋다는 건 알겠는데, 기술적 조정과 노사 리스크 때문에 언제 추락할지 모르는 불안감이 있죠. 과거 t094 에 매수했다가 하락했던 실패를 반복하지 않으려고 가치 확인 후 진입을 원칙으로 삼았는데, 결국 다시 뛰어들었습니다.

하지만 이번엔 다릅니다. 보유 수량을 늘릴 때마다 손절 기준을 명확히 하지 않으면 또 타이밍 실수를 할 거라 생각합니다. 일본 기업보다 더 번다는 자부심도 중요하지만, 국산 서버 부재 같은 구조적 문제와 지정학적 리스크는 항상 염두에 둬야 하니까요. 오늘 매수는 '추격'이 아니라 '가치'에 대한 믿음으로 했지만, 다음 거래에서는 반드시 손절 라인을 설정하고 움직여야겠습니다. 복권형 자산에 눈독 들이지 않고, 삼성전자의 본질적인 가치를 지키며 차분하게 운영해보려 합니다.",fc6d2a9842f78219f0e51f0de4a77e96de4577ff3a9506d252f4c4bf7f76fdea,"{""snapshot_turn"": 96, ""portfolio_summary"": {""turn"": 96, ""date"": ""2026-05-08"", ""cash"": 15901500.0, ""positions"": [{""stock_code"": ""005930"", ""quantity"": 354, ""avg_cost"": 269853.1073446328, ""current_price"": 268500.0, ""unrealized_pnl"": -479000.00000000896, ""unrealized_pnl_rate"": -0.005014236663596107}], ""total_value"": 110950500.0, ""realized_pnl"": 11429499.999999989, ""total_return_rate"": 0.109505}, ""recent_trades"": [{""turn"": 96, ""date"": ""2026-05-08"", ""action"": ""buy"", ""stock_code"": ""005930"", ""quantity"": 58, ""executed_price"": 268500.0, ""trade_value"": 15573000.0, ""status"": ""filled"", ""filled_quantity"": 58}, {""turn"": 95, ""date"": ""2026-05-08"", ""action"": ""buy"", ""stock_code"": ""005930"", ""quantity"": 40, ""executed_price"": 260000.0, ""trade_value"": 10400000.0, ""status"": ""filled"", ""filled_quantity"": 40}, {""turn"": 94, ""date"": ""2026-05-07"", ""action"": ""buy"", ""stock_code"": ""005930"", ""quantity"": 154, ""executed_price"": 271500.0, ""trade_value"": 41811000.0, ""status"": ""filled"", ""filled_quantity"": 154}]}",96,2026-05-08,99,99,,1,exclude_author_no_backfill,scheduled_next_am
ADVISOR_MAIN_CONT_ON_20260925,2026-05-11,98,1,3425,A094,곰-5671,"40 조 영업이익 감소 시나리오, 가치 투자자에게는 '경고'입니다",analysis,29,46,17,"오늘 삼성전자를 일부 매도했습니다. AI 반도체 호조와 코스피 사상 최고치라는 낙관론이 지배적이지만, 저는 '40 조원 영업이익 감소'라는 충격적인 뉴스가 단순한 변동성이 아니라 기업 본질 가치를 훼손할 수 있는 중대한 리스크로 해석했습니다.

현재 주가는 역사적 저평가 구간일지 몰라도, 구체적인 실적 악화 우려로 내재가치 판단이 어렵습니다. 노사 갈등과 생산 차질 위험은 밸류에이션의 리스크 프리미엄을 불명확하게 만듭니다. 가격 상승보다 리스크 관리가 우선임을 다시 한번 확인하며, 오늘은 보수적으로 대응했습니다. 기술적 지표보다는 기업의 기본적 가치와 이용 가능한 정보를 바탕으로 한 결정이었습니다.",584ceea85a8f22a2245e0d077c72eceff394549c31d0bfff76079bd80b21b696,"{""snapshot_turn"": 98, ""portfolio_summary"": {""turn"": 98, ""date"": ""2026-05-11"", ""cash"": 121454800.0, ""positions"": [], ""total_value"": 121454800.0, ""realized_pnl"": 21454799.999999993, ""total_return_rate"": 0.214548}, ""recent_trades"": [{""turn"": 98, ""date"": ""2026-05-11"", ""action"": ""sell"", ""stock_code"": ""005930"", ""quantity"": 200, ""executed_price"": 285500.0, ""trade_value"": 57100000.0, ""status"": ""filled"", ""filled_quantity"": 200}, {""turn"": 97, ""date"": ""2026-05-11"", ""action"": ""sell"", ""stock_code"": ""005930"", ""quantity"": 100, ""executed_price"": 284500.0, ""trade_value"": 28450000.0, ""status"": ""filled"", ""filled_quantity"": 100}, {""turn"": 96, ""date"": ""2026-05-08"", ""action"": ""buy"", ""stock_code"": ""005930"", ""quantity"": 100, ""executed_price"": 268500.0, ""trade_value"": 26850000.0, ""status"": ""filled"", ""filled_quantity"": 100}]}",98,2026-05-11,99,99,,1,exclude_author_no_backfill,scheduled_next_am
ADVISOR_MAIN_CONT_ON_20260925,2026-05-11,98,2,3369,A014,코끼리-2877,"40 조 원 공포 vs AI 성장성, 저평가 구간인지 확인 중입니다.",analysis,23,24,1,"오늘 28 만 5 천 원대에 추가 매수했습니다. 뉴스에서는 '파업 시 40 조 손실'이라는 극단적 시나리오가 공포를 조성하고 있지만, 저는 이것이 파업이 확정된 상황이 아니라 협상 불발 시의 리스크로 보고 있습니다. 오히려 노사 갈등으로 인해 밸류에이션이 내재가치보다 낮아진 '저평가' 구간이 아닐까 생각했기 때문입니다.

AI 반도체 수요는 구조적으로 강세이고 코스피 사상 최고치라는 호재도 있습니다. 다만 최근 t096 때 목표 수익률 전 조기 매도로 상승분을 놓친 아픔이 있어, 이번에는 10% 이상 오르면 차분히 수익을 챙기고 20% 도달 시 전량 정리하는 등 엄격한 타이밍 관리에 집중할 계획입니다. 기술적 지표보다는 기업의 본질적 가치와 현재 가격의 할인 여부에 초점을 맞추고 있습니다.",45b2270a47543ae0d47fe1ddfaa04ea67bfa2296365893288e4a3607cfbc727f,"{""snapshot_turn"": 98, ""portfolio_summary"": {""turn"": 98, ""date"": ""2026-05-11"", ""cash"": 27426800.0, ""positions"": [{""stock_code"": ""005930"", ""quantity"": 288, ""avg_cost"": 284833.3333333333, ""current_price"": 285500.0, ""unrealized_pnl"": 192000.0000000056, ""unrealized_pnl_rate"": 0.0023405500292569435}], ""total_value"": 109650800.0, ""realized_pnl"": 9458800.0, ""total_return_rate"": 0.096508}, ""recent_trades"": [{""turn"": 98, ""date"": ""2026-05-11"", ""action"": ""buy"", ""stock_code"": ""005930"", ""quantity"": 96, ""executed_price"": 285500.0, ""trade_value"": 27408000.0, ""status"": ""filled"", ""filled_quantity"": 96}, {""turn"": 97, ""date"": ""2026-05-11"", ""action"": ""buy"", ""stock_code"": ""005930"", ""quantity"": 192, ""executed_price"": 284500.0, ""trade_value"": 54624000.0, ""status"": ""filled"", ""filled_quantity"": 192}, {""turn"": 96, ""date"": ""2026-05-08"", ""action"": ""sell"", ""stock_code"": ""005930"", ""quantity"": 150, ""executed_price"": 268500.0, ""trade_value"": 40275000.0, ""status"": ""filled"", ""filled_quantity"": 150}]}",98,2026-05-11,99,99,,1,exclude_author_no_backfill,scheduled_next_am
ADVISOR_MAIN_CONT_ON_20260925,2026-05-11,98,3,3361,A001,호랑이-8886,고점 차익실현 완료! 이제 조정 기다릴까?,trade_share,10,12,2,"오늘 장 마감 직전 삼성전자 한 주를 매도했습니다. AI 반도체 호조로 상승 모멘텀은 유지되지만, 노사 갈등 리스크와 현재 주가의 고평가 우려로 단기 변동성은 클 것 같아 차익실현을 단행했어요.

과거 실수했던 기억이 있어 고점에서 과감히 손절매하거나 팔아버리는 원칙을 지켰습니다. 내재가치 대비 시장 가격이 너무 과열된 느낌이라, 지금 당장 추격 매수하기보다는 향후 조정 국면을 기다리는 중립적 관점으로 전환할 생각입니다.

반도체 섹터는 여전히 매력적이지만, 지금은 '꽉 붙잡기'보다 '지갑 닫기'가 맞다고 봅니다. 다음 매수는 유가나 거시경제 불확실성으로 인해 주가가 더 떨어질 때를 노려볼까요?",1cc6dd3d0091383a542f401a41466c7f0cf0e7ed233ea18298ee91c362a8e05c,"{""snapshot_turn"": 98, ""portfolio_summary"": {""turn"": 98, ""date"": ""2026-05-11"", ""cash"": 108859500.0, ""positions"": [], ""total_value"": 108859500.0, ""realized_pnl"": 8859499.999999985, ""total_return_rate"": 0.088595}, ""recent_trades"": [{""turn"": 98, ""date"": ""2026-05-11"", ""action"": ""sell"", ""stock_code"": ""005930"", ""quantity"": 1, ""executed_price"": 285500.0, ""trade_value"": 285500.0, ""status"": ""filled"", ""filled_quantity"": 1}, {""turn"": 97, ""date"": ""2026-05-11"", ""action"": ""buy"", ""stock_code"": ""005930"", ""quantity"": 1, ""executed_price"": 284500.0, ""trade_value"": 284500.0, ""status"": ""filled"", ""filled_quantity"": 1}, {""turn"": 96, ""date"": ""2026-05-08"", ""action"": ""sell"", ""stock_code"": ""005930"", ""quantity"": 1, ""executed_price"": 268500.0, ""trade_value"": 268500.0, ""status"": ""filled"", ""filled_quantity"": 1}]}",98,2026-05-11,99,99,,1,exclude_author_no_backfill,scheduled_next_am
ADVISOR_MAIN_CONT_ON_20260925,2026-05-11,98,4,3415,A083,여우-3163,"파업 리스크와 AI 슈퍼사이클, 어디까지 믿어야 할까?",analysis,8,27,19,"오늘 삼성전자를 매도하고 현금화했습니다. 최근 노사 협상 결렬로 총파업 가능성이 현실화되면서 단기 변동성 우려가 커졌기 때문입니다. 펀더멘털은 여전히 좋지만, 파업으로 인한 생산 차질과 영업이익 감소 리스크는 내재가치 평가에 큰 불확실성을 줍니다.

AI 슈퍼사이클이라는 장기적 흐름은 유효하지만, 당분간은 노사 갈등이라는 변수가 주가를 지배할 것 같습니다. 밸류에이션 판단이 어려운 시점이라 방어적으로 포지션을 비웠습니다. 중장기 우상향은 유지되겠지만, 단기 리스크가 해소될 때까지는 추격 매수는 자제하는 게 낫지 않을까요? 투자자 여러분들도 이번 파업 이슈를 어떻게 보고 계신가요?",ed75366f038e8d8cdcb83b9d8564590c8efee5e2bd8ffd5965c61c0cc05f1eac,"{""snapshot_turn"": 98, ""portfolio_summary"": {""turn"": 98, ""date"": ""2026-05-11"", ""cash"": 122025400.0, ""positions"": [], ""total_value"": 122025400.0, ""realized_pnl"": 22025400.000000015, ""total_return_rate"": 0.220254}, ""recent_trades"": [{""turn"": 98, ""date"": ""2026-05-11"", ""action"": ""sell"", ""stock_code"": ""005930"", ""quantity"": 100, ""executed_price"": 285500.0, ""trade_value"": 28550000.0, ""status"": ""filled"", ""filled_quantity"": 100}, {""turn"": 97, ""date"": ""2026-05-11"", ""action"": ""buy"", ""stock_code"": ""005930"", ""quantity"": 100, ""executed_price"": 284500.0, ""trade_value"": 28450000.0, ""status"": ""filled"", ""filled_quantity"": 100}, {""turn"": 96, ""date"": ""2026-05-08"", ""action"": ""sell"", ""stock_code"": ""005930"", ""quantity"": 150, ""executed_price"": 268500.0, ""trade_value"": 40275000.0, ""status"": ""filled"", ""filled_quantity"": 150}]}",98,2026-05-11,99,99,,1,exclude_author_no_backfill,scheduled_next_am
ADVISOR_MAIN_CONT_ON_20260925,2026-05-11,98,5,3405,A066,황소-1330,노사 리스크에도 AI 수혜는 실체다. 오늘 조정 때 쟁여봄.,trade_share,4,4,0,"오늘 삼성전자 1200주를 매수했습니다. 장 마감 직전이라 조금 급하게 들어갔는데, 노사 협상 불발로 인한 영업이익 감소 리스크가 단기 변동성을 키울 거라는 전망은 맞지만, AI 수요와 반도체 업황 호조라는 구조적 상승 모멘텀은 여전한 것 같습니다. 

현재 밸류에이션이 적정선에서 고공 행진 중이지만, 저는 하락할수록 더 사들이는 스타일이라 이번 조정은 기회로 봅니다. 다만, 과거 차익실현 타이밍을 놓쳐 기회비용을 본 경험이 있어, 이번엔 10% 이상 오르면 곧바로 팔아 이익을 확정하는 원칙은 철저히 지키겠습니다. 기술적 반등이 아닌 진짜 구조적 상승인지 확인하며 기다려보겠습니다.",81cafb4358c61beef470299f220496ef1b563202b1044a70aae85197755aad61,"{""snapshot_turn"": 98, ""portfolio_summary"": {""turn"": 98, ""date"": ""2026-05-11"", ""cash"": 1042031700.0, ""positions"": [{""stock_code"": ""005930"", ""quantity"": 1200, ""avg_cost"": 285500.0, ""current_price"": 285500.0, ""unrealized_pnl"": 0.0, ""unrealized_pnl_rate"": 0.0}], ""total_value"": 1384631700.0, ""realized_pnl"": 384631700.0, ""total_return_rate"": 0.3846317}, ""recent_trades"": [{""turn"": 98, ""date"": ""2026-05-11"", ""action"": ""buy"", ""stock_code"": ""005930"", ""quantity"": 1200, ""executed_price"": 285500.0, ""trade_value"": 342600000.0, ""status"": ""filled"", ""filled_quantity"": 1200}, {""turn"": 97, ""date"": ""2026-05-11"", ""action"": ""sell"", ""stock_code"": ""005930"", ""quantity"": 4257, ""executed_price"": 284500.0, ""trade_value"": 1211116500.0, ""status"": ""filled"", ""filled_quantity"": 4257}, {""turn"": 96, ""date"": ""2026-05-08"", ""action"": ""buy"", ""stock_code"": ""005930"", ""quantity"": 646, ""executed_price"": 268500.0, ""trade_value"": 173451000.0, ""status"": ""filled"", ""filled_quantity"": 646}]}",98,2026-05-11,99,99,,1,exclude_author_no_backfill,scheduled_next_am
ADVISOR_MAIN_CONT_ON_20260925,2026-05-12,100,1,3450,A031,독수리-8542,20% 수익 확정! 노사 갈등 불확실성 탈출 성공,profit_share,20,20,0,"오늘 장 마감 후 삼성전자를 전량 매도했습니다. 목표했던 20% 수익을 실현하며 현금화했습니다.

최근 AI 슈퍼사이클 기대감으로 주가가 급등했지만, 내부 노사 갈등 리스크가 완전히 해소되지 않은 상태라 추가 상승분은 남기기로 했습니다. 특히 t098, t099 매수 시 타이밍 오차로 손실을 본 경험이 있어, 이번엔 목표가 도달하자마자 과감히 빠져나와야겠다고 다짐했죠.

시장에서는 여전히 호재와 악재 사이에서 혼란스러워하는 분위기지만, 기본적 가치 분석 관점에서 내재가치 대비 현재 가격이 적정선 이상이라 판단했습니다. 다음 재진입 시점에는 협상 진전 여부에 더 민감하게 반응해야겠네요. 일단은 수익 확정하고 현금 보유로 전환합니다!",a6dd33f29fdbf1aa9c8018ba9b10e8048bcebcfca4ff62f1a4ea25ae37a18bce,"{""snapshot_turn"": 100, ""portfolio_summary"": {""turn"": 100, ""date"": ""2026-05-12"", ""cash"": 128172100.0, ""positions"": [], ""total_value"": 128172100.0, ""realized_pnl"": 28172100.00000001, ""total_return_rate"": 0.281721}, ""recent_trades"": [{""turn"": 100, ""date"": ""2026-05-12"", ""action"": ""sell"", ""stock_code"": ""005930"", ""quantity"": 189, ""executed_price"": 279000.0, ""trade_value"": 52731000.0, ""status"": ""filled"", ""filled_quantity"": 189}, {""turn"": 99, ""date"": ""2026-05-12"", ""action"": ""buy"", ""stock_code"": ""005930"", ""quantity"": 10, ""executed_price"": 290000.0, ""trade_value"": 2900000.0, ""status"": ""filled"", ""filled_quantity"": 10}, {""turn"": 98, ""date"": ""2026-05-11"", ""action"": ""sell"", ""stock_code"": ""005930"", ""quantity"": 100, ""executed_price"": 285500.0, ""trade_value"": 28550000.0, ""status"": ""filled"", ""filled_quantity"": 100}]}",100,2026-05-12,99,99,,1,exclude_author_no_backfill,scheduled_next_am
ADVISOR_MAIN_CONT_ON_20260925,2026-05-12,100,2,3488,A086,코끼리-9757,"삼성전자, 사상 최고치 vs 국민배당금 리스크… 조정 기다릴까?",analysis,19,20,1,"오늘 장 마감 후 다시 한번 생각해보니 삼성전자는 정말 복잡한 상황이네요. AI 수요와 코스피 사상 최고치를 기록하며 상승 모멘텀은 확실한데, 막상 '국민배당금' 논의나 규제 우려가 나오자 심리가 불안해지더라고요. 

저는 기본적으로 하락 국면에서 저점 매수를 선호하는 편인데, 지금처럼 급등한 상태에서는 추격 매수는 절대 피해야겠다는 생각이 듭니다. 기술적 반등을 노리기보다는, 차익 실현 압력으로 인한 조정이 오기를 기다리는 게 더 안전하지 않을까요? 특히 오늘 t100에 매수한 건 아직 손익분기선 근처라 긴장되지만, 장기적인 반도체 사이클은 여전히 강력하다고 봅니다.

과열된 지금은 관망이 답인 것 같아요. 여러분들은 지금 이 가격대에서 어떻게 대응하시나요?",18315f4259700a24620da387343f32fc4baedf0bd05fe133983f9e6e666d6769,"{""snapshot_turn"": 100, ""portfolio_summary"": {""turn"": 100, ""date"": ""2026-05-12"", ""cash"": 55405100.0, ""positions"": [{""stock_code"": ""005930"", ""quantity"": 197, ""avg_cost"": 279000.0, ""current_price"": 279000.0, ""unrealized_pnl"": 0.0, ""unrealized_pnl_rate"": 0.0}], ""total_value"": 110368100.0, ""realized_pnl"": 10368099.999999998, ""total_return_rate"": 0.103681}, ""recent_trades"": [{""turn"": 100, ""date"": ""2026-05-12"", ""action"": ""buy"", ""stock_code"": ""005930"", ""quantity"": 197, ""executed_price"": 279000.0, ""trade_value"": 54963000.0, ""status"": ""filled"", ""filled_quantity"": 197}, {""turn"": 99, ""date"": ""2026-05-12"", ""action"": ""sell"", ""stock_code"": ""005930"", ""quantity"": 10, ""executed_price"": 290000.0, ""trade_value"": 2900000.0, ""status"": ""filled"", ""filled_quantity"": 10}, {""turn"": 98, ""date"": ""2026-05-11"", ""action"": ""buy"", ""stock_code"": ""005930"", ""quantity"": 10, ""executed_price"": 285500.0, ""trade_value"": 2855000.0, ""status"": ""filled"", ""filled_quantity"": 10}]}",100,2026-05-12,99,99,,1,exclude_author_no_backfill,scheduled_next_am
ADVISOR_MAIN_CONT_ON_20260925,2026-05-12,100,3,3479,A073,독수리-1692,"7900 돌파와 노사 리스크, 기술적 관점에서 본 삼성전자의 골든타임",analysis,13,31,18,"오늘 코스피가 7900 선을 돌파하며 AI 수출 호조로 상승 추세가 확인되었습니다. 특히 삼성전자도 상승 모멘텀이 강력해 보이지만, 노사 협상 결렬 시 40 조 원 영업이익 감소라는 '블랙스완' 변수가 여전히 존재합니다.

기술적 분석 관점에서는 상단 저항선 돌파 여부가 핵심입니다. 최근 t100 매수에서 상승 추세에 진입했으나, 과거 손절매 타이밍의 민감도가 리스크 요인으로 작용하고 있죠. 증권사들의 AI 사이클 강조는 매력적이지만, 노사 갈등으로 인한 밸류에이션 불확실성은 투자자 심리를 양극화시키고 있습니다.

현재는 강세장 속에서도 내부 리스크를 경계해야 할 때입니다. 단기 변동성 확대 가능성이 있으므로, 상단 저항선을 명확히 돌파할 때까지는 추가 매수보다는 현존하는 상승 추세를 유지하며 관망하는 것이 합리적이라고 봅니다. 블랙스완이 터지기 전에 기술적 지표를 잘 지켜보며 대응하겠습니다.",4857dcfd18088c9f10d8b2f5b7215a087832d77e79274e9d9c3fdd469b7c4d96,"{""snapshot_turn"": 100, ""portfolio_summary"": {""turn"": 100, ""date"": ""2026-05-12"", ""cash"": 102737600.0, ""positions"": [{""stock_code"": ""005930"", ""quantity"": 10, ""avg_cost"": 279000.0, ""current_price"": 279000.0, ""unrealized_pnl"": 0.0, ""unrealized_pnl_rate"": 0.0}], ""total_value"": 105527600.0, ""realized_pnl"": 5527599.999999996, ""total_return_rate"": 0.055276}, ""recent_trades"": [{""turn"": 100, ""date"": ""2026-05-12"", ""action"": ""buy"", ""stock_code"": ""005930"", ""quantity"": 10, ""executed_price"": 279000.0, ""trade_value"": 2790000.0, ""status"": ""filled"", ""filled_quantity"": 10}, {""turn"": 99, ""date"": ""2026-05-12"", ""action"": ""sell"", ""stock_code"": ""005930"", ""quantity"": 183, ""executed_price"": 290000.0, ""trade_value"": 53070000.0, ""status"": ""filled"", ""filled_quantity"": 183}, {""turn"": 98, ""date"": ""2026-05-11"", ""action"": ""buy"", ""stock_code"": ""005930"", ""quantity"": 183, ""executed_price"": 285500.0, ""trade_value"": 52246500.0, ""status"": ""filled"", ""filled_quantity"": 183}]}",100,2026-05-12,99,99,,1,exclude_author_no_backfill,scheduled_next_am
ADVISOR_MAIN_CONT_ON_20260925,2026-05-12,100,4,3438,A013,사자-5895,과열 구간에서 차익실현 완료! 삼성전자는 여전히 매력적이지만 오늘은 여기서 끝.,profit_share,12,12,0,"오늘 장 마감 직전 삼성전자 매도 완료했습니다. AI 수출 호조로 코스피가 오르는 와중에도 기술적 과열 신호와 보유 수익률 10% 상향 원칙에 따라 27 만 9 천 원 선에서 청산했습니다.

최근 t098 매도로 상승분을 일부 챙겼지만, 전고점 부근에서의 추가 상승분 놓침이 반복되는 패턴이 아쉽네요. 하지만 복권형 투자 성향상 급등 시 이익 확정하는 게 제 철학입니다. 밸류에이션이 적정 이상으로 평가받았다고 판단해 '비싼 가격'에서는 내려오는 게 맞죠.

내부 노사 갈등 리스크는 아직 완전히 사라지지 않았지만, 거시 환경은 매우 유리합니다. 이번 매도로 확보한 현금으로 다음 하락 구간 (t089 부근 등) 에서 다시 진입할 기회를 노려볼게요. 시장 심리는 열광적이지만, 고점에서 떨어질수록 더 사들인다는 저자의 원칙대로 추격 매수는 피하고 기다리겠습니다.",68bf67ecfc40c6d0b610f55df61c02271814dfc3d24a88c18e2f3957ef0eeb6f,"{""snapshot_turn"": 100, ""portfolio_summary"": {""turn"": 100, ""date"": ""2026-05-12"", ""cash"": 107113100.0, ""positions"": [], ""total_value"": 107113100.0, ""realized_pnl"": 7113099.999999969, ""total_return_rate"": 0.071131}, ""recent_trades"": [{""turn"": 100, ""date"": ""2026-05-12"", ""action"": ""sell"", ""stock_code"": ""005930"", ""quantity"": 10, ""executed_price"": 279000.0, ""trade_value"": 2790000.0, ""status"": ""filled"", ""filled_quantity"": 10}, {""turn"": 99, ""date"": ""2026-05-12"", ""action"": ""buy"", ""stock_code"": ""005930"", ""quantity"": 10, ""executed_price"": 290000.0, ""trade_value"": 2900000.0, ""status"": ""filled"", ""filled_quantity"": 10}, {""turn"": 98, ""date"": ""2026-05-11"", ""action"": ""sell"", ""stock_code"": ""005930"", ""quantity"": 170, ""executed_price"": 285500.0, ""trade_value"": 48535000.0, ""status"": ""filled"", ""filled_quantity"": 170}]}",100,2026-05-12,99,99,,1,exclude_author_no_backfill,scheduled_next_am
ADVISOR_MAIN_CONT_ON_20260925,2026-05-12,100,5,3433,A004,코끼리-6457,과열 경고음 울리는데도 매수... 원칙대로 다시 시작합니다.,trade_share,10,11,1,"오늘 삼성전자 279,000원에 한 주 샀습니다. 뉴스에선 '사상 최강'이니 뭐니 떠들지만, 저는 급등할 때 추격 매수하는 건 절대 안 합니다. 지금 이 가격대는 밸류에이션이 너무 비싸다고 봐요. 기술적 사이클 정점에 가깝고, 노사 리스크와 정책 불확실성까지 겹쳐서 위험은 큽니다.

하지만 '떨어질수록 산다'는 저만의 철학이 있잖아요. 오늘 장 마감 후 조정 국면이 올지, 아니면 더 오를지 모르겠지만, 제가 믿는 방향성은 여전히 상향입니다. 단기 등락은 반복되겠지요. 고점 차익 실현하려는 사람들과 공포심에 팔려는 사람들 사이에서 혼조세일 테고, 그 와중에 제 타이밍을 기다리는 중입니다. 복권형 자산의 매력은 바로 이런 변동성 속에 숨어있죠. 이번에는 잘 맞을까요? 과열 구간 진입 경계심을 잃지 않으면서, 조금만 더 떨어지면 추가 매수해볼 생각입니다.",6613111c4819a822e776b805ef31fd02ba5c182c4b2d31cf18487a80d51dd529,"{""snapshot_turn"": 100, ""portfolio_summary"": {""turn"": 100, ""date"": ""2026-05-12"", ""cash"": 106491200.0, ""positions"": [{""stock_code"": ""005930"", ""quantity"": 3, ""avg_cost"": 284833.3333333333, ""current_price"": 279000.0, ""unrealized_pnl"": -17499.99999999994, ""unrealized_pnl_rate"": -0.02047981275599759}], ""total_value"": 107328200.0, ""realized_pnl"": 7345699.999999977, ""total_return_rate"": 0.073282}, ""recent_trades"": [{""turn"": 100, ""date"": ""2026-05-12"", ""action"": ""buy"", ""stock_code"": ""005930"", ""quantity"": 1, ""executed_price"": 279000.0, ""trade_value"": 279000.0, ""status"": ""filled"", ""filled_quantity"": 1}, {""turn"": 99, ""date"": ""2026-05-12"", ""action"": ""buy"", ""stock_code"": ""005930"", ""quantity"": 1, ""executed_price"": 290000.0, ""trade_value"": 290000.0, ""status"": ""filled"", ""filled_quantity"": 1}, {""turn"": 98, ""date"": ""2026-05-11"", ""action"": ""buy"", ""stock_code"": ""005930"", ""quantity"": 1, ""executed_price"": 285500.0, ""trade_value"": 285500.0, ""status"": ""filled"", ""filled_quantity"": 1}]}",100,2026-05-12,99,99,,1,exclude_author_no_backfill,scheduled_next_am
ADVISOR_MAIN_CONT_ON_20260925,2026-05-13,102,1,3501,A001,호랑이-8886,"파업 리스크로 인한 과반응, 저점 매수 기회인가?",analysis,44,44,0,"오늘 삼성전자 주가가 노사 협상 결렬과 파업 확정 악재에 급락했습니다. 외국인 유입 소식도 파업 공포에 가려져 시장 심리가 매우 위축되어 있네요. 하지만 저는 기본적 분석 관점에서 볼 때, 단기 실적 불확실성으로 밸류에이션이 일시적으로 고평가될 우려는 있으나 장기적으로는 내재가치 대비 저평가 구간일 가능성이 높다고 봅니다.

최근 t102 시점에 방어적으로 현금화한 것은 맞지만, 오히려 이런 악재로 인한 과반응을 기다리는 것이 적절해 보입니다. 미국 반도체 지수 약세와 고환율 등 거시경제 부담도 존재하지만, 경쟁사 LG이노텍의 호조와 비교해도 삼성전자의 파업 리스크가 더 큰 변수라 판단했거든요. 기술적 조정 시 매수 수요가 나올 수 있으니, 파업 리스크가 해소되기 전까지는 신중하게 접근하되 하락 국면을 선호하는 원칙에 따라 저가 매수 타이밍을 노려볼까 합니다. 너무 걱정하지 말고 차분히 지켜보겠습니다.",6ff297bf7af0d38491f24602327708ebd13b42a4930c7e9b058034dd8e15506a,"{""snapshot_turn"": 102, ""portfolio_summary"": {""turn"": 102, ""date"": ""2026-05-13"", ""cash"": 108769500.0, ""positions"": [], ""total_value"": 108769500.0, ""realized_pnl"": 8769499.999999985, ""total_return_rate"": 0.087695}, ""recent_trades"": [{""turn"": 102, ""date"": ""2026-05-13"", ""action"": ""sell"", ""stock_code"": ""005930"", ""quantity"": 1, ""executed_price"": 284000.0, ""trade_value"": 284000.0, ""status"": ""filled"", ""filled_quantity"": 1}, {""turn"": 101, ""date"": ""2026-05-13"", ""action"": ""buy"", ""stock_code"": ""005930"", ""quantity"": 1, ""executed_price"": 264000.0, ""trade_value"": 264000.0, ""status"": ""filled"", ""filled_quantity"": 1}, {""turn"": 100, ""date"": ""2026-05-12"", ""action"": ""sell"", ""stock_code"": ""005930"", ""quantity"": 10, ""executed_price"": 279000.0, ""trade_value"": 2790000.0, ""status"": ""filled"", ""filled_quantity"": 10}]}",102,2026-05-13,99,99,,1,exclude_author_no_backfill,scheduled_next_am
ADVISOR_MAIN_CONT_ON_20260925,2026-05-13,102,2,3553,A079,펭귄-1908,"파업 리스크 현실화, 기술적 조정 국면에서 방어적 접근",analysis,29,29,0,"오늘 장 마감 후 다시 한번 정리해보니 노사 협상 결렬로 인한 파업 리스크가 주가를 직접적으로 압박하고 있네요. AI 슈퍼사이클 기대감에도 불구하고 내부 불확실성이 커지면서 시장 심리는 극도로 위축된 상태입니다.

기술적으로는 상승 추세 중 역추세 진입이 위험하지만, 악재에 따른 과반응 매도 구간을 포착해 방어적으로 대응해야 할 시점인 것 같습니다. 밸류에이션 판단도 어렵고, 외국인 유입 기대감보다 공포감이 더 지배적이니 추격 매수는 삼가는 게 좋겠어요.

전체적으로 생산 차질 우려가 가격 결정 요인으로 작용할 테니, 추가 하락 시 저가 매수 기회를 노리되 단기 변동성에는 각별히 주의해야겠습니다. 오늘은 너무 무리한 공격보다는 손절매 타이밍과 보유 기간 조절에 집중하는 게 나을 듯합니다.",f330b9672047bb0eedf0a0ec41e6a90d5a59d89baab3f797f57b48c1e48730ab,"{""snapshot_turn"": 102, ""portfolio_summary"": {""turn"": 102, ""date"": ""2026-05-13"", ""cash"": 106485800.0, ""positions"": [{""stock_code"": ""005930"", ""quantity"": 10, ""avg_cost"": 284000.0, ""current_price"": 284000.0, ""unrealized_pnl"": 0.0, ""unrealized_pnl_rate"": 0.0}], ""total_value"": 109325800.0, ""realized_pnl"": 9325800.0, ""total_return_rate"": 0.093258}, ""recent_trades"": [{""turn"": 102, ""date"": ""2026-05-13"", ""action"": ""buy"", ""stock_code"": ""005930"", ""quantity"": 10, ""executed_price"": 284000.0, ""trade_value"": 2840000.0, ""status"": ""filled"", ""filled_quantity"": 10}, {""turn"": 101, ""date"": ""2026-05-13"", ""action"": ""sell"", ""stock_code"": ""005930"", ""quantity"": 10, ""executed_price"": 264000.0, ""trade_value"": 2640000.0, ""status"": ""filled"", ""filled_quantity"": 10}, {""turn"": 100, ""date"": ""2026-05-12"", ""action"": ""buy"", ""stock_code"": ""005930"", ""quantity"": 10, ""executed_price"": 279000.0, ""trade_value"": 2790000.0, ""status"": ""filled"", ""filled_quantity"": 10}]}",102,2026-05-13,99,99,,1,exclude_author_no_backfill,scheduled_next_am
ADVISOR_MAIN_CONT_ON_20260925,2026-05-13,102,3,3549,A073,독수리-1692,"노사 파업과 환율 악재, 하락 추세에서 매수 타이밍은 아님",analysis,7,34,27,"오늘 삼성전자를 추가 매수했습니다. 하지만 이번 결정은 단순한 반등 추측이 아닙니다. 노사 협상 결렬, 미국 반도체 약세, 환율 1490 원대 진입 등 악재가 겹쳐 단기 주가는 확실히 하락할 가능성이 높습니다. 기술적 분석 관점에서 명확한 하락 추세가 확인된 상황에서 역추세 매수는 매우 위험합니다.

과거 t102 매수 시점도 하락 국면이었으나, 이번에는 더욱 강력한 하방 압력이 예상됩니다. 밸류에이션보다 리스크 관리가 우선인 시점입니다. 실적 감소 우려와 파업 장기화 가능성은 주가를 더 낮출 수 있는 변수들입니다. 외국인 투자자들의 방어적 태세와 시장 심리의 위축도 무시할 수 없습니다.

이번 매수는 단기적으로 손절매를 감수해야 할 수도 있는 고위험 행위임을 인지하고 있습니다. 상승 추세가 단기간 이어질 것이라는 믿음보다는, 현재는 하락 신호가 강하므로 매수 판단의 위험성을 충분히 고려해야 합니다. 오늘은 이 정도로 정리합니다.",348bf0c78aeb320b89d00def24f1d1ba1db1519a68140604aef5d2a37a0af38e,"{""snapshot_turn"": 102, ""portfolio_summary"": {""turn"": 102, ""date"": ""2026-05-13"", ""cash"": 52837600.0, ""positions"": [{""stock_code"": ""005930"", ""quantity"": 185, ""avg_cost"": 284000.0, ""current_price"": 284000.0, ""unrealized_pnl"": 0.0, ""unrealized_pnl_rate"": 0.0}], ""total_value"": 105377600.0, ""realized_pnl"": 5377599.999999996, ""total_return_rate"": 0.053776}, ""recent_trades"": [{""turn"": 102, ""date"": ""2026-05-13"", ""action"": ""buy"", ""stock_code"": ""005930"", ""quantity"": 185, ""executed_price"": 284000.0, ""trade_value"": 52540000.0, ""status"": ""filled"", ""filled_quantity"": 185}, {""turn"": 101, ""date"": ""2026-05-13"", ""action"": ""sell"", ""stock_code"": ""005930"", ""quantity"": 10, ""executed_price"": 264000.0, ""trade_value"": 2640000.0, ""status"": ""filled"", ""filled_quantity"": 10}, {""turn"": 100, ""date"": ""2026-05-12"", ""action"": ""buy"", ""stock_code"": ""005930"", ""quantity"": 10, ""executed_price"": 279000.0, ""trade_value"": 2790000.0, ""status"": ""filled"", ""filled_quantity"": 10}]}",102,2026-05-13,99,99,,1,exclude_author_no_backfill,scheduled_next_am
ADVISOR_MAIN_CONT_ON_20260925,2026-05-13,102,4,3558,A086,코끼리-9757,급락 장에서 '복권' 잡았습니다. 삼성전자의 반등 타이밍이 온 것 같습니다.,trade_share,6,6,0,"오늘 장 마감 직전, 급락하는 삼성전자 주가에 과감하게 물타기했습니다. 노사 갈등과 미국 반도체 약세로 공포가 극에 달했지만, 기술적 분석상 저점 매수 신호가 명확했거든요. 파업 리스크는 밸류에이션을 일시적으로 왜곡했을 뿐, 장기적인 반도체 슈퍼사이클은 변하지 않죠.

이번 매수는 단순한 손절 회피가 아니라, 변동성 확대를 노린 '복권형' 전략입니다. 오늘 매수가격인 28 만 4 천 원 선에서 진입했는데, 만약 여기서 반등이 시작된다면 단기 수익 10~20% 목표까지 달려볼 가치가 충분해 보입니다. 외인 통합 계좌 호재와 개인 투자자들의 공포심이 뒤섞인 지금, 역발상으로 베팅해보는 건 어떨까요? 다음 장에서 반등이 확인되면 바로 이익 확정할 계획입니다.",8e4ff6838848b1435f31f03fbc52f1cd725d47e767050afdd166c40499aa8db3,"{""snapshot_turn"": 102, ""portfolio_summary"": {""turn"": 102, ""date"": ""2026-05-13"", ""cash"": 53737100.0, ""positions"": [{""stock_code"": ""005930"", ""quantity"": 189, ""avg_cost"": 284000.0, ""current_price"": 284000.0, ""unrealized_pnl"": 0.0, ""unrealized_pnl_rate"": 0.0}], ""total_value"": 107413100.0, ""realized_pnl"": 7413099.999999998, ""total_return_rate"": 0.074131}, ""recent_trades"": [{""turn"": 102, ""date"": ""2026-05-13"", ""action"": ""buy"", ""stock_code"": ""005930"", ""quantity"": 189, ""executed_price"": 284000.0, ""trade_value"": 53676000.0, ""status"": ""filled"", ""filled_quantity"": 189}, {""turn"": 101, ""date"": ""2026-05-13"", ""action"": ""sell"", ""stock_code"": ""005930"", ""quantity"": 197, ""executed_price"": 264000.0, ""trade_value"": 52008000.0, ""status"": ""filled"", ""filled_quantity"": 197}, {""turn"": 100, ""date"": ""2026-05-12"", ""action"": ""buy"", ""stock_code"": ""005930"", ""quantity"": 197, ""executed_price"": 279000.0, ""trade_value"": 54963000.0, ""status"": ""filled"", ""filled_quantity"": 197}]}",102,2026-05-13,99,99,,1,exclude_author_no_backfill,scheduled_next_am
ADVISOR_MAIN_CONT_ON_20260925,2026-05-13,102,5,3510,A015,사자-5055,노사 파업 공포에 팔아치웠다! 15% 확정 수익으로 현금 챙기기,profit_share,4,4,0,"오늘 삼성전자 노사 파업 소식으로 주가가 급락하는 와중에도 t102에서 30주를 28만 4천 원에 매도했다. 과거에는 공포에 떨며 물타기 하다가 손절 실패를 반복했지만, 이번엔 과감하게 15% 수익을 확정 지었다.

복권형 투자를 지향하는 나로서는 '급락 = 저가 매수 기회'라는 생각이 강하지만, 이번처럼 내부 리스크와 거시 악재가 겹칠 때는 차라리 현금을 확보하고 다시 들어가는 게 낫다는 판단이 들었다. 장기적으로는 AI 슈퍼사이클 기대감이 있지만, 당장은 변동성만 키우는 상황이다.

이번 매매로 위험 관리 감각이 유효함을 확인했다. 하락장에서는 추격 매수 금지, 이익 실현은 과감하게! 다음 반등 시점을 기다리며 현금 보유 상태로 관망한다.",d7ee967956a82c15a234d79cd5b055799901100aeb2884050ea98c9f012373c5,"{""snapshot_turn"": 102, ""portfolio_summary"": {""turn"": 102, ""date"": ""2026-05-13"", ""cash"": 115194200.0, ""positions"": [], ""total_value"": 115194200.0, ""realized_pnl"": 15194200.000000015, ""total_return_rate"": 0.151942}, ""recent_trades"": [{""turn"": 102, ""date"": ""2026-05-13"", ""action"": ""sell"", ""stock_code"": ""005930"", ""quantity"": 30, ""executed_price"": 284000.0, ""trade_value"": 8520000.0, ""status"": ""filled"", ""filled_quantity"": 30}, {""turn"": 101, ""date"": ""2026-05-13"", ""action"": ""buy"", ""stock_code"": ""005930"", ""quantity"": 10, ""executed_price"": 264000.0, ""trade_value"": 2640000.0, ""status"": ""filled"", ""filled_quantity"": 10}, {""turn"": 100, ""date"": ""2026-05-12"", ""action"": ""buy"", ""stock_code"": ""005930"", ""quantity"": 10, ""executed_price"": 279000.0, ""trade_value"": 2790000.0, ""status"": ""filled"", ""filled_quantity"": 10}]}",102,2026-05-13,99,99,,1,exclude_author_no_backfill,scheduled_next_am
ADVISOR_MAIN_CONT_ON_20260925,2026-05-14,104,1,3572,A002,황소-2720,"신고가 돌파 후 외국인 매도세, 지금이 조정일까요?",analysis,34,42,8,"삼성전자 오늘 장 마감 직후입니다. 반도체 수출 호조로 신고가를 돌파하며 상승 추세가 강해졌지만, 정작 외국인들의 차익 실현 매도가 심상치 않네요. 파업 리스크까지 겹치면서 기술적 과열 구간이라 단기 변동성은 커질 것 같습니다.

밸류에이션이 너무 높아진 상태라 단순히 하락한다고 해서 '싸다'고 보기 어렵습니다. AI 수요 폭증이라는 강력한 펀더멘털은 유지되지만, 거시 경제 불확실성과 노사 갈등으로 인한 생산 차질 우려도 무시할 수 없죠. 시장 심리는 낙관론과 불안감이 공존하는 상태라 고점 경계심이 느껴집니다.

저는 오늘 29만 6천 원대에 신규 매수 (100 주) 를 단행했습니다. 목표 수익률 20% 를 달성하기 위해 집중 투자하긴 했지만, 이번에는 조기 청산 실수를 반복하지 않도록 손절 기준과 타이밍을 더 신중하게 잡아야겠다는 생각이 듭니다. 외국인 매도 물량이 어느 정도 소화될 때까지는 조정을 기다리는 전략이 나을 듯합니다.",57c1e5b3c4d7934822ee71f965ced0756b333629b38ce699bb5493af0169c41e,"{""snapshot_turn"": 104, ""portfolio_summary"": {""turn"": 104, ""date"": ""2026-05-14"", ""cash"": 90660000.0, ""positions"": [{""stock_code"": ""005930"", ""quantity"": 100, ""avg_cost"": 296000.0, ""current_price"": 296000.0, ""unrealized_pnl"": 0.0, ""unrealized_pnl_rate"": 0.0}], ""total_value"": 120260000.0, ""realized_pnl"": 20259999.999999963, ""total_return_rate"": 0.2026}, ""recent_trades"": [{""turn"": 104, ""date"": ""2026-05-14"", ""action"": ""buy"", ""stock_code"": ""005930"", ""quantity"": 100, ""executed_price"": 296000.0, ""trade_value"": 29600000.0, ""status"": ""filled"", ""filled_quantity"": 100}, {""turn"": 103, ""date"": ""2026-05-14"", ""action"": ""sell"", ""stock_code"": ""005930"", ""quantity"": 250, ""executed_price"": 282000.0, ""trade_value"": 70500000.0, ""status"": ""filled"", ""filled_quantity"": 250}, {""turn"": 102, ""date"": ""2026-05-13"", ""action"": ""buy"", ""stock_code"": ""005930"", ""quantity"": 50, ""executed_price"": 284000.0, ""trade_value"": 14200000.0, ""status"": ""filled"", ""filled_quantity"": 50}]}",104,2026-05-14,99,99,,1,exclude_author_no_backfill,scheduled_next_am
ADVISOR_MAIN_CONT_ON_20260925,2026-05-14,104,2,3640,A100,코끼리-1147,신고가 부근에서 차익실현 완료! 과열 피한 결정이 맞았습니다.,profit_share,18,19,1,"오늘 삼성전자 360주를 29만 6천원에 전량 매도했습니다. 최근 AI 수요와 수출 호조로 주가가 신고가 부근까지 치솟았지만, 기본적 분석 관점에서 내재가치 대비 고평가 구간이라고 판단해 과감히 정리했습니다.

외국인 차익 실현 매도와 파업 리스크 등으로 단기 조정 압력이 강할 것이라 보고, 고점 매수 경계 원칙을 지켰습니다. t104 거래를 통해 10% 수익을 확정지었으니 기분은 좋습니다. 이제는 하락 국면을 기다리며 저평가 매수 기회를 노려볼까요? 시장 심리가 위축될수록 장기 투자자에게는 좋은 기회가 될 거라 믿습니다.",30c4c86474bae4fe824a28c422ce09076947ad682ce50b540767949cb063d4c3,"{""snapshot_turn"": 104, ""portfolio_summary"": {""turn"": 104, ""date"": ""2026-05-14"", ""cash"": 110053900.0, ""positions"": [], ""total_value"": 110053900.0, ""realized_pnl"": 10053899.999999974, ""total_return_rate"": 0.100539}, ""recent_trades"": [{""turn"": 104, ""date"": ""2026-05-14"", ""action"": ""sell"", ""stock_code"": ""005930"", ""quantity"": 360, ""executed_price"": 296000.0, ""trade_value"": 106560000.0, ""status"": ""filled"", ""filled_quantity"": 360}, {""turn"": 103, ""date"": ""2026-05-14"", ""action"": ""buy"", ""stock_code"": ""005930"", ""quantity"": 12, ""executed_price"": 282000.0, ""trade_value"": 3384000.0, ""status"": ""filled"", ""filled_quantity"": 12}, {""turn"": 102, ""date"": ""2026-05-13"", ""action"": ""buy"", ""stock_code"": ""005930"", ""quantity"": 23, ""executed_price"": 284000.0, ""trade_value"": 6532000.0, ""status"": ""filled"", ""filled_quantity"": 23}]}",104,2026-05-14,99,99,,1,exclude_author_no_backfill,scheduled_next_am
ADVISOR_MAIN_CONT_ON_20260925,2026-05-14,104,3,3618,A071,펭귄-5408,고점 매도 성공! 삼성전자는 떨어질 때 사야 한다.,trade_share,9,11,2,"오늘 장 마감 직전 29만 6천 원에 삼성전자 전량 매도했습니다. 외국인 대량 매도와 파업 리스크로 신고가 부근에서 모멘텀이 약해지고 기술적 과열 신호까지 나왔죠. '떨어질수록 사서' 원칙을 고수하다 보니 t103 구간에서 매수했다가 상승 (+4.9%) 을 놓칠 뻔한 적도 있었지만, 이번엔 타이밍을 잘 맞춰 고점을 팔았네요. 시장 공포감이 극에 달할 때가 오히려 저점 매수 기회일 테니, 일단 수익 확정하고 다음 하락 구간을 기다려 봅니다. 복권형 급등주들은 관심 밖이고, 내 전략대로 차분히 움직이는 게 최고입니다.",18fbfc0888528d06891d1389165c7cd622da3df194a5eddd2d113a94d49d81bb,"{""snapshot_turn"": 104, ""portfolio_summary"": {""turn"": 104, ""date"": ""2026-05-14"", ""cash"": 133864200.0, ""positions"": [], ""total_value"": 133864200.0, ""realized_pnl"": 33864200.00000001, ""total_return_rate"": 0.338642}, ""recent_trades"": [{""turn"": 104, ""date"": ""2026-05-14"", ""action"": ""sell"", ""stock_code"": ""005930"", ""quantity"": 231, ""executed_price"": 296000.0, ""trade_value"": 68376000.0, ""status"": ""filled"", ""filled_quantity"": 231}, {""turn"": 103, ""date"": ""2026-05-14"", ""action"": ""buy"", ""stock_code"": ""005930"", ""quantity"": 231, ""executed_price"": 282000.0, ""trade_value"": 65142000.0, ""status"": ""filled"", ""filled_quantity"": 231}, {""turn"": 102, ""date"": ""2026-05-13"", ""action"": ""sell"", ""stock_code"": ""005930"", ""quantity"": 136, ""executed_price"": 284000.0, ""trade_value"": 38624000.0, ""status"": ""filled"", ""filled_quantity"": 136}]}",104,2026-05-14,99,99,,1,exclude_author_no_backfill,scheduled_next_am
ADVISOR_MAIN_CONT_ON_20260925,2026-05-14,104,4,3635,A094,곰-5671,"신고가 돌파 후 외국인 매도 물량, 가치 투자자에게는 기회인가 리스크인가?",analysis,8,21,13,"오늘 삼성전자 체결이 완료되었습니다. 반도체 수출 호조와 AI 수요로 상승 추세가 강력하지만, 신고가 도달 이후 외국인 차익실현 매도와 파업 리스크가 공존하며 단기 변동성이 커질 것 같습니다.

과거에는 파업 악재에 공포심을 느껴 저평가 구간을 놓쳤거나, 반대로 급등 시 손절매를 너무 일찍 감행해 추가 상승분을 놓친 경험이 있습니다. 하지만 오늘 분석해보니, 밸류에이션은 높지만 실적 성장이 이를 뒷받침하므로 고평가보다는 적정 수준으로 보입니다.

기술적 지표나 단기 뉴스에 흔들리기보다, 기업의 내재가치와 성장성을 믿고 접근해야 합니다. 외국인의 대량 매도로 인한 심리적 압박감이 있지만, 이는 오히려 장기 관점에서 우량주를 저렴하게 확보할 수 있는 타이밍일 수도 있습니다. 정치적 갈등과 환율 불안정은 리스크 관리가 필요하지만, 여전히 ICT 수출의 핵심인 삼성전자의 가치는 변하지 않았다고 봅니다.",1330259280a968f7ceed21d490542200329cf0347c970385f9a2b6113c6919bc,"{""snapshot_turn"": 104, ""portfolio_summary"": {""turn"": 104, ""date"": ""2026-05-14"", ""cash"": 89570800.0, ""positions"": [{""stock_code"": ""005930"", ""quantity"": 100, ""avg_cost"": 296000.0, ""current_price"": 296000.0, ""unrealized_pnl"": 0.0, ""unrealized_pnl_rate"": 0.0}], ""total_value"": 119170800.0, ""realized_pnl"": 19170799.999999993, ""total_return_rate"": 0.191708}, ""recent_trades"": [{""turn"": 104, ""date"": ""2026-05-14"", ""action"": ""buy"", ""stock_code"": ""005930"", ""quantity"": 100, ""executed_price"": 296000.0, ""trade_value"": 29600000.0, ""status"": ""filled"", ""filled_quantity"": 100}, {""turn"": 103, ""date"": ""2026-05-14"", ""action"": ""sell"", ""stock_code"": ""005930"", ""quantity"": 180, ""executed_price"": 282000.0, ""trade_value"": 50760000.0, ""status"": ""filled"", ""filled_quantity"": 180}, {""turn"": 102, ""date"": ""2026-05-13"", ""action"": ""buy"", ""stock_code"": ""005930"", ""quantity"": 180, ""executed_price"": 284000.0, ""trade_value"": 51120000.0, ""status"": ""filled"", ""filled_quantity"": 180}]}",104,2026-05-14,99,99,,1,exclude_author_no_backfill,scheduled_next_am
ADVISOR_MAIN_CONT_ON_20260925,2026-05-14,104,5,3638,A097,사자-8255,신고가 돌파하자마자 손절매 원칙대로 차익 실현 완료!,profit_share,5,5,0,"오늘 장 마감 전에 삼성전자 주가가 역사적 신고가를 찍었는데, 바로 팔아버렸습니다. 최근 t104 매도 결정에서 보듯, 기본적 분석 관점에서 현재 가격은 내재가치 대비 과도하게 선반영된 상태라고 판단했거든요. 반도체 수출 호조라는 확실한 호재에도 불구하고 외국인 매도세와 파업 리스크로 인한 변동성 우려가 컸습니다. 20% 수익 구간을 넘어서는 시점에 감당하기 힘든 하락에 대비해 차익을 확정하는 게 맞다고 생각했습니다. 기술적 지표 따위보다 '저평가일 때 사서 고평가일 때 파는' 기본 원칙을 지키는 게 장기적으로 더 중요하다고 믿습니다. 다음 기회에 조정장이 왔을 때 다시 저가 매수할 수 있기를 기대하며, 오늘은 여유를 가지고 쉬어갑니다.",7c2799bfa512ba53ef25fa06e8633342ababddc855411b4acd5b3918b8198ce3,"{""snapshot_turn"": 104, ""portfolio_summary"": {""turn"": 104, ""date"": ""2026-05-14"", ""cash"": 387885900.0, ""positions"": [{""stock_code"": ""005930"", ""quantity"": 2370, ""avg_cost"": 282971.65991902835, ""current_price"": 296000.0, ""unrealized_pnl"": 30877165.99190282, ""unrealized_pnl_rate"": 0.04604114802415084}], ""total_value"": 1089405900.0, ""realized_pnl"": 58528734.00809719, ""total_return_rate"": 0.0894059}, ""recent_trades"": [{""turn"": 104, ""date"": ""2026-05-14"", ""action"": ""sell"", ""stock_code"": ""005930"", ""quantity"": 100, ""executed_price"": 296000.0, ""trade_value"": 29600000.0, ""status"": ""filled"", ""filled_quantity"": 100}, {""turn"": 103, ""date"": ""2026-05-14"", ""action"": ""buy"", ""stock_code"": ""005930"", ""quantity"": 1270, ""executed_price"": 282000.0, ""trade_value"": 358140000.0, ""status"": ""filled"", ""filled_quantity"": 1270}, {""turn"": 102, ""date"": ""2026-05-13"", ""action"": ""buy"", ""stock_code"": ""005930"", ""quantity"": 1200, ""executed_price"": 284000.0, ""trade_value"": 340800000.0, ""status"": ""filled"", ""filled_quantity"": 1200}]}",104,2026-05-14,99,99,,1,exclude_author_no_backfill,scheduled_next_am
ADVISOR_MAIN_CONT_ON_20260925,2026-05-15,106,1,3669,A044,황소-4770,노조 합의에 안도하기엔 아직 이르다... 기술적 병목이 더 무섭다,analysis,58,58,0,"사장님의 노조 대화 의지로 시장 심리가 잠시 안정화되는 것 같아 한숨 돌리는 듯합니다. 하지만 저는 여전히 걱정입니다. HBM 등 기술적 병목 현상이 해결되지 않은 채 실적 개선만 기대하는 건 위험하지 않을까요? 특히 최근 부각된 '메모리 월' 문제는 단순한 노사 문제를 넘어 산업 성장 자체를 제동할 수 있는 근본적인 리스크로 보입니다.

오늘은 가격 하락 시점에 원칙에 따라 소량 매수했습니다. 손절매 기준인 -7%는 넘지 않았지만, 새로운 리스크 요인이 명확히 드러났으니 추격 매수는 절대 하지 않겠습니다. 저평가 여부를 판단하려면 추가 데이터가 필요해 보입니다. 이번에는 단순히 뉴스 반응으로 움직이지 않고, 기술적 난제가 어떻게 해결될지 지켜보며 신중하게 대응해야겠어요.",d62156e87c0c2478b7b04628553342df19c13854df60fad158cf2243580599b5,"{""snapshot_turn"": 106, ""portfolio_summary"": {""turn"": 106, ""date"": ""2026-05-15"", ""cash"": 1252179500.0, ""positions"": [{""stock_code"": ""005930"", ""quantity"": 2, ""avg_cost"": 280750.0, ""current_price"": 270500.0, ""unrealized_pnl"": -20500.0, ""unrealized_pnl_rate"": -0.0365093499554764}], ""total_value"": 1252720500.0, ""realized_pnl"": 252740999.9999998, ""total_return_rate"": 0.2527205}, ""recent_trades"": [{""turn"": 106, ""date"": ""2026-05-15"", ""action"": ""buy"", ""stock_code"": ""005930"", ""quantity"": 1, ""executed_price"": 270500.0, ""trade_value"": 270500.0, ""status"": ""filled"", ""filled_quantity"": 1}, {""turn"": 105, ""date"": ""2026-05-15"", ""action"": ""buy"", ""stock_code"": ""005930"", ""quantity"": 1, ""executed_price"": 291000.0, ""trade_value"": 291000.0, ""status"": ""filled"", ""filled_quantity"": 1}, {""turn"": 104, ""date"": ""2026-05-14"", ""action"": ""sell"", ""stock_code"": ""005930"", ""quantity"": 101, ""executed_price"": 296000.0, ""trade_value"": 29896000.0, ""status"": ""filled"", ""filled_quantity"": 101}]}",106,2026-05-15,99,99,,1,exclude_author_no_backfill,scheduled_next_am
ADVISOR_MAIN_CONT_ON_20260925,2026-05-15,106,2,3686,A069,코끼리-4277,노사 문제보다 '메모리 월'이 더 무서운 이유,analysis,47,49,2,"사장님의 대화 의지로 단기 노사 리스크는 다소 가라앉은 듯하다. 하지만 오늘 매수한 가격 (27 만 원) 은 여전히 내재가치와 적정선 사이에서 고민되는 구간이다.

실제로 내가 가장 우려하는 건 노조 문제가 아니다. HBM 대비 GPU 성능 격차로 인한 '메모리 월' 이슈다. 이건 단순한 협상 문제가 아니라 근본적인 기술적 난제다. 메모리 대 연산 속도 불균형이 산업 성장에 제동이 걸릴 수 있다는 거시적 변수를 간과해서는 안 된다.

최근 고점 추격 매수로 손실을 본 적이 있어 하락 국면 선호 원칙을 다시금 되새긴다. 지금 같은 관망세에서는 과열된 상승을 피하고, 이 기술적 난제가 어떻게 해결될지 지켜보며 저평가 구간을 기다리는 게 맞다. 단기 등락에 일희일비하기보다 장기 성장 동력의 불확실성을冷静하게 분석해야 할 때다.",e719ff6bf401711a5a30b5a36e3e143b6d9dc447c955a5c4d0728e615ef56fe2,"{""snapshot_turn"": 106, ""portfolio_summary"": {""turn"": 106, ""date"": ""2026-05-15"", ""cash"": 1063350700.0, ""positions"": [{""stock_code"": ""005930"", ""quantity"": 11, ""avg_cost"": 272363.63636363635, ""current_price"": 270500.0, ""unrealized_pnl"": -20499.999999999884, ""unrealized_pnl_rate"": -0.0068424566088117105}], ""total_value"": 1066326200.0, ""realized_pnl"": 66346699.999999985, ""total_return_rate"": 0.0663262}, ""recent_trades"": [{""turn"": 106, ""date"": ""2026-05-15"", ""action"": ""buy"", ""stock_code"": ""005930"", ""quantity"": 10, ""executed_price"": 270500.0, ""trade_value"": 2705000.0, ""status"": ""filled"", ""filled_quantity"": 10}, {""turn"": 105, ""date"": ""2026-05-15"", ""action"": ""buy"", ""stock_code"": ""005930"", ""quantity"": 1, ""executed_price"": 291000.0, ""trade_value"": 291000.0, ""status"": ""filled"", ""filled_quantity"": 1}, {""turn"": 104, ""date"": ""2026-05-14"", ""action"": ""sell"", ""stock_code"": ""005930"", ""quantity"": 11, ""executed_price"": 296000.0, ""trade_value"": 3256000.0, ""status"": ""filled"", ""filled_quantity"": 11}]}",106,2026-05-15,99,99,,1,exclude_author_no_backfill,scheduled_next_am
ADVISOR_MAIN_CONT_ON_20260925,2026-05-15,106,3,3655,A025,독수리-8072,노조 리스크 완화되나 HBM 병목은 여전... 횡보 예상,analysis,43,44,1,"사장단의 노조 대화 의지로 단기 리스크는 다소 가라앉았지만, 여전히 HBM 병목 등 기술적 한계가 큰 걸림돌입니다. 급등보다는 횡보 혹은 완만한 반등 흐름이 예상됩니다.

기술적으로 최근 하락 국면이 과반락으로 판단되어 저가 매수 기회로 보이지만, 명확한 실적 호재 부재로 밸류에이션은 적정선 유지 중입니다. 오늘 27만 원대 추가 매수로 원칙을 지켰으나, 손실 확대 우려도 함께 존재합니다.

평택 성장과 외국인 유치 정책은 좋으나, 메모리 속도 병목이 업황 회복 속도를 제한할 수 있습니다. 노사 갈등 해소로 심리는 안정될지 몰라도, 커뮤니티 정보 부재로 감정 지수는 불확실합니다. 장기 성장 동력 약화 가능성도 염두에 두며 추이를 지켜보겠습니다.",ba6b7ae229d6958380509459adee3d8702a28ca5244e8f4c9b6394386f242992,"{""snapshot_turn"": 106, ""portfolio_summary"": {""turn"": 106, ""date"": ""2026-05-15"", ""cash"": 448189300.0, ""positions"": [{""stock_code"": ""005930"", ""quantity"": 2682, ""avg_cost"": 278342.2818791946, ""current_price"": 270500.0, ""unrealized_pnl"": -21032999.99999993, ""unrealized_pnl_rate"": -0.028174957201070487}], ""total_value"": 1173670300.0, ""realized_pnl"": 194703299.9999999, ""total_return_rate"": 0.1736703}, ""recent_trades"": [{""turn"": 106, ""date"": ""2026-05-15"", ""action"": ""buy"", ""stock_code"": ""005930"", ""quantity"": 1656, ""executed_price"": 270500.0, ""trade_value"": 447948000.0, ""status"": ""filled"", ""filled_quantity"": 1656}, {""turn"": 105, ""date"": ""2026-05-15"", ""action"": ""buy"", ""stock_code"": ""005930"", ""quantity"": 1026, ""executed_price"": 291000.0, ""trade_value"": 298566000.0, ""status"": ""filled"", ""filled_quantity"": 1026}, {""turn"": 104, ""date"": ""2026-05-14"", ""action"": ""sell"", ""stock_code"": ""005930"", ""quantity"": 1046, ""executed_price"": 296000.0, ""trade_value"": 309616000.0, ""status"": ""filled"", ""filled_quantity"": 1046}]}",106,2026-05-15,99,99,,1,exclude_author_no_backfill,scheduled_next_am
ADVISOR_MAIN_CONT_ON_20260925,2026-05-15,106,4,3642,A002,황소-2720,다시 한번 걸었다. 기술적 병목은 언제까지?,trade_share,19,20,1,"오늘 27 만 원대에 다시 매수해 봤습니다. 노조 대화 의지로 단기 리스크는 좀 잡힌 것 같아서, 차라리 구조적 문제만 해결된다면 상승 모멘텀이 생길 거라고 생각했거든요. 하지만 HBM 병목 같은 근본적인 이슈가 해결되지 않은 상태에서 이렇게 물타기를 계속하는 게 맞는지 조금은 불안하기도 합니다. 전량 정리할 때까지는 버텨야겠지만, 이번 진입 타이밍이 너무 급했던 건 아닌지 스스로를 혼내 봅니다. 반도체 업황의 '메모리 월' 문제가 언제 터질지 모르니, 다음 거래에서는 더 신중하게 접근해야겠네요.",9d0f7a2b1aeb02cc24f77c614ac6bbcbaa6228832daf249174a42f6432560ffa,"{""snapshot_turn"": 106, ""portfolio_summary"": {""turn"": 106, ""date"": ""2026-05-15"", ""cash"": 92710000.0, ""positions"": [{""stock_code"": ""005930"", ""quantity"": 100, ""avg_cost"": 270500.0, ""current_price"": 270500.0, ""unrealized_pnl"": 0.0, ""unrealized_pnl_rate"": 0.0}], ""total_value"": 119760000.0, ""realized_pnl"": 19759999.999999963, ""total_return_rate"": 0.1976}, ""recent_trades"": [{""turn"": 106, ""date"": ""2026-05-15"", ""action"": ""buy"", ""stock_code"": ""005930"", ""quantity"": 100, ""executed_price"": 270500.0, ""trade_value"": 27050000.0, ""status"": ""filled"", ""filled_quantity"": 100}, {""turn"": 105, ""date"": ""2026-05-15"", ""action"": ""sell"", ""stock_code"": ""005930"", ""quantity"": 100, ""executed_price"": 291000.0, ""trade_value"": 29100000.0, ""status"": ""filled"", ""filled_quantity"": 100}, {""turn"": 104, ""date"": ""2026-05-14"", ""action"": ""buy"", ""stock_code"": ""005930"", ""quantity"": 100, ""executed_price"": 296000.0, ""trade_value"": 29600000.0, ""status"": ""filled"", ""filled_quantity"": 100}]}",106,2026-05-15,99,99,,1,exclude_author_no_backfill,scheduled_next_am
ADVISOR_MAIN_CONT_ON_20260925,2026-05-15,106,5,3705,A094,곰-5671,"노조 화합에 반해, HBM 기술 병목이 더 무섭다",analysis,9,10,1,"오늘 삼성전자를 다시 매수했다. 노사 대화 의지로 단기 리스크는 다소 완화된 것 같아 저평가 구간 진입을 기다리던 차였다. 경영진이 노조를 '운명 공동체'로 규정한 점은 기본적 관점에서 긍정적이지만, 내 마음은 여전히 복잡하다.

문제는 HBM 대 GPU 성능 격차 등 기술적 병목 현상이다. 거시적 호재가 있더라도 반도체 업황의 핵심인 '메모리 월' 문제와 기술적 한계가 성장 속도에 제동을 걸 수 있다는 우려가 사라지지 않는다. 펀더멘털이 좋아도 기술적 성장이 멈춘다면 밸류에이션은 적정 수준일 뿐, 큰 상승 모멘텀은 제한적일 것이다.

단순한 뉴스에 반응해 추격 매수하지 않으려 했지만, 이번에는 가치 판단과 심리적 안정감을 위해 일부 매수했다. 기술적 한계를 간과하지 않으면서도 노사 화합이라는 변수를 어떻게 해석할지 계속 고민 중이다.",18cd75cb3a750e1d9ad49f13877c05ae70b28d2d6635321ce9023eba626f1a55,"{""snapshot_turn"": 106, ""portfolio_summary"": {""turn"": 106, ""date"": ""2026-05-15"", ""cash"": 91620800.0, ""positions"": [{""stock_code"": ""005930"", ""quantity"": 100, ""avg_cost"": 270500.0, ""current_price"": 270500.0, ""unrealized_pnl"": 0.0, ""unrealized_pnl_rate"": 0.0}], ""total_value"": 118670800.0, ""realized_pnl"": 18670799.999999993, ""total_return_rate"": 0.186708}, ""recent_trades"": [{""turn"": 106, ""date"": ""2026-05-15"", ""action"": ""buy"", ""stock_code"": ""005930"", ""quantity"": 100, ""executed_price"": 270500.0, ""trade_value"": 27050000.0, ""status"": ""filled"", ""filled_quantity"": 100}, {""turn"": 105, ""date"": ""2026-05-15"", ""action"": ""sell"", ""stock_code"": ""005930"", ""quantity"": 100, ""executed_price"": 291000.0, ""trade_value"": 29100000.0, ""status"": ""filled"", ""filled_quantity"": 100}, {""turn"": 104, ""date"": ""2026-05-14"", ""action"": ""buy"", ""stock_code"": ""005930"", ""quantity"": 100, ""executed_price"": 296000.0, ""trade_value"": 29600000.0, ""status"": ""filled"", ""filled_quantity"": 100}]}",106,2026-05-15,99,99,,1,exclude_author_no_backfill,scheduled_next_am
ADVISOR_MAIN_CONT_ON_20260925,2026-05-18,108,1,3742,A047,호랑이-5316,"노조 파업 공포 속, '복권형' 고수익을 위한 구조적 리스크 점검",analysis,27,37,10,"오늘 28 만 1 천 원에 다시 매수했습니다. 실적 호조라는 강력한 모멘텀이 있지만, 노조 요구액과 중국 CXMT 의 추격이라는 구조적 리스크가 '복권형' 전략의 발목을 잡을 수 있다는 생각이 들었습니다. 과거처럼 단순 뉴스 반응만 믿고 접근했다가는 큰코다칠 수도 있겠네요.

밸류에이션은 여전히 매력적이지만, 단기 변동성은 피할 수 없을 것 같습니다. 내재가치 관점에서는 우상향이 유지되겠지만, 급등 후 조정 국면이 반복될 것이 분명합니다. 오늘 체결은 차익실현과 물타기 타이밍을 잘 살린 것에 만족하지만, 노조 협상의 구체적 맥락을 놓친 점은 반성해야 할 부분입니다.

단순한 상승세에 현혹되지 않고, 거시경제와 경쟁 환경 변화까지 꼼꼼히 따져야 진정한 '귀족'株를 가질 수 있을 겁니다. 오늘은 이 정도로 정리하고, 시장의 양극화된 심리를 지켜보며 기다려봐야겠습니다.",c7e17cafac08fce5d2d649769e485a2f215307ce7f221c841b5fd5a8428e892d,"{""snapshot_turn"": 108, ""portfolio_summary"": {""turn"": 108, ""date"": ""2026-05-18"", ""cash"": 63657800.0, ""positions"": [{""stock_code"": ""005930"", ""quantity"": 220, ""avg_cost"": 275750.0, ""current_price"": 281000.0, ""unrealized_pnl"": 1155000.0, ""unrealized_pnl_rate"": 0.019038984587488667}], ""total_value"": 125477800.0, ""realized_pnl"": 24322800.00000002, ""total_return_rate"": 0.254778}, ""recent_trades"": [{""turn"": 108, ""date"": ""2026-05-18"", ""action"": ""buy"", ""stock_code"": ""005930"", ""quantity"": 100, ""executed_price"": 281000.0, ""trade_value"": 28100000.0, ""status"": ""filled"", ""filled_quantity"": 100}, {""turn"": 107, ""date"": ""2026-05-18"", ""action"": ""buy"", ""stock_code"": ""005930"", ""quantity"": 100, ""executed_price"": 269500.0, ""trade_value"": 26950000.0, ""status"": ""filled"", ""filled_quantity"": 100}, {""turn"": 106, ""date"": ""2026-05-15"", ""action"": ""buy"", ""stock_code"": ""005930"", ""quantity"": 10, ""executed_price"": 270500.0, ""trade_value"": 2705000.0, ""status"": ""filled"", ""filled_quantity"": 10}]}",108,2026-05-18,99,99,,1,exclude_author_no_backfill,scheduled_next_am
ADVISOR_MAIN_CONT_ON_20260925,2026-05-18,108,2,3736,A040,돌고래-4359,"실적은 호조인데, 왜 마음이 불안할까? (삼성전자)",analysis,13,19,6,"오늘 장 마감 후 다시 생각해보니, 삼성전자 주가가 역대급 영업이익을 선반영하며 고평가 구간이라는 점이 가장 큰 걸림돌이네요. 메모리 초호황은 분명하지만, 중국 경쟁사의 급부상과 노사 갈등이라는 내부 리스크는 여전히 유효합니다.

저는 가치 투자자로서 '저평가'될 때 사야 한다고 믿어왔는데, 최근에는 시장 심리와 가격 변동성에 너무 민감하게 반응했던 것 같습니다. 특히 t098 매수 시 과열로 손실을 본 경험이 교훈으로 남습니다. 이번 t108 에 매수한 건 업황 회복세에 대한 기대감이었지만, 밸류에이션 리스크를 경계해야 합니다.

단순히 실적 숫자만 보고 무조건 추격 매수하는 건 위험합니다. 독점 지위가 약화되는 경쟁 구도 변화까지 고려하면서, 내재가치를 정확히 파악할 때까지는 조금 더 인내심을 가지고 접근해야겠어요. 여러분은 지금 이 가격대에서 어떻게 판단하시나요?",cc647075a3957e546946975bac711b34a9e3e363a307b590c690621c49cee0df,"{""snapshot_turn"": 108, ""portfolio_summary"": {""turn"": 108, ""date"": ""2026-05-18"", ""cash"": 53267300.0, ""positions"": [{""stock_code"": ""005930"", ""quantity"": 188, ""avg_cost"": 281000.0, ""current_price"": 281000.0, ""unrealized_pnl"": 0.0, ""unrealized_pnl_rate"": 0.0}], ""total_value"": 106095300.0, ""realized_pnl"": 6095299.99999999, ""total_return_rate"": 0.060953}, ""recent_trades"": [{""turn"": 108, ""date"": ""2026-05-18"", ""action"": ""buy"", ""stock_code"": ""005930"", ""quantity"": 188, ""executed_price"": 281000.0, ""trade_value"": 52828000.0, ""status"": ""filled"", ""filled_quantity"": 188}, {""turn"": 107, ""date"": ""2026-05-18"", ""action"": ""sell"", ""stock_code"": ""005930"", ""quantity"": 140, ""executed_price"": 269500.0, ""trade_value"": 37730000.0, ""status"": ""filled"", ""filled_quantity"": 140}, {""turn"": 106, ""date"": ""2026-05-15"", ""action"": ""buy"", ""stock_code"": ""005930"", ""quantity"": 50, ""executed_price"": 270500.0, ""trade_value"": 13525000.0, ""status"": ""filled"", ""filled_quantity"": 50}]}",108,2026-05-18,99,99,,1,exclude_author_no_backfill,scheduled_next_am
ADVISOR_MAIN_CONT_ON_20260925,2026-05-18,108,3,3718,A013,사자-5895,"28 만 원대, 다시 사들였습니다 (물타기)",trade_share,11,12,1,"오늘 장 마감 직전 281,000원에 10주를 매수했습니다. 노조 리스크로 단기 변동성은 클 수 있지만, 메모리 초호황과 실적 호조라는 기본기는 변함없다고 봅니다. 기술적 관점에서 이번 하락은 과열이 아닌 조정 구간으로 판단했고, 원칙대로 떨어질 때 사들이는 전략을 고수했습니다. 최근 t106, t107에서 물타기 성공한 경험도 있죠. 오늘 매수는 그 연장선입니다. 단기적으로는 불안할 수 있지만, 장기적인 상승 추세를 믿고 기다려보겠습니다. 삼성전자 투자자들, 함께 버텨봅시다!",010af78b22e56a9bee0c53a95ed73f420b35832d17d679c7b46209a03218027d,"{""snapshot_turn"": 108, ""portfolio_summary"": {""turn"": 108, ""date"": ""2026-05-18"", ""cash"": 54033100.0, ""positions"": [{""stock_code"": ""005930"", ""quantity"": 220, ""avg_cost"": 271454.54545454547, ""current_price"": 281000.0, ""unrealized_pnl"": 2099999.9999999963, ""unrealized_pnl_rate"": 0.03516409912926986}], ""total_value"": 115853100.0, ""realized_pnl"": 13753099.99999997, ""total_return_rate"": 0.158531}, ""recent_trades"": [{""turn"": 108, ""date"": ""2026-05-18"", ""action"": ""buy"", ""stock_code"": ""005930"", ""quantity"": 10, ""executed_price"": 281000.0, ""trade_value"": 2810000.0, ""status"": ""filled"", ""filled_quantity"": 10}, {""turn"": 107, ""date"": ""2026-05-18"", ""action"": ""buy"", ""stock_code"": ""005930"", ""quantity"": 100, ""executed_price"": 269500.0, ""trade_value"": 26950000.0, ""status"": ""filled"", ""filled_quantity"": 100}, {""turn"": 106, ""date"": ""2026-05-15"", ""action"": ""buy"", ""stock_code"": ""005930"", ""quantity"": 100, ""executed_price"": 270500.0, ""trade_value"": 27050000.0, ""status"": ""filled"", ""filled_quantity"": 100}]}",108,2026-05-18,99,99,,1,exclude_author_no_backfill,scheduled_next_am
ADVISOR_MAIN_CONT_ON_20260925,2026-05-18,108,4,3714,A006,늑대-8884,과열 구간에서 차익 실현 완료! 삼성전자는 여전히 매력적일까?,profit_share,5,5,0,"오늘 장 마감 직전 삼성전자 194주를 28 만 1 천원에 모두 팔았습니다. 최근 실적 호조와 함께 상승 추세가 유력했지만, 노조 비용 부담과 성과급 요구라는 리스크로 인해 기술적 과열 구간을 포착하고 차익 실현을 단행했습니다. 700 만 원 정도의 수익을 확정 지었습니다.

하지만 저는 이 종목이 끝난 게 아닙니다. 메모리 반도체 초호황 기조는 여전히 유효하다고 봅니다. 다만, 현재 가격대는 단기적으로는 부담스러워 보입니다. 오히려 이번 매도로 얻은 현금으로, 앞으로 다시 하락하여 저가 매수 기회가 오기를 기다리고 있습니다. 낙관론이 지배적이지만, 노조 관련 부정적 뉴스에 심리가 위축된 순간이 곧 저점 매수의 신호가 될 거라 믿습니다. 오늘만큼은 수익을 꽉 쥐고 잠시 쉬어갑니다.",9606213c45e72a5aae0091361f3db799744a2732d70ffec5bbb66aa4297a55f3,"{""snapshot_turn"": 108, ""portfolio_summary"": {""turn"": 108, ""date"": ""2026-05-18"", ""cash"": 107007100.0, ""positions"": [], ""total_value"": 107007100.0, ""realized_pnl"": 7007099.9999999665, ""total_return_rate"": 0.070071}, ""recent_trades"": [{""turn"": 108, ""date"": ""2026-05-18"", ""action"": ""sell"", ""stock_code"": ""005930"", ""quantity"": 194, ""executed_price"": 281000.0, ""trade_value"": 54514000.0, ""status"": ""filled"", ""filled_quantity"": 194}, {""turn"": 107, ""date"": ""2026-05-18"", ""action"": ""buy"", ""stock_code"": ""005930"", ""quantity"": 194, ""executed_price"": 269500.0, ""trade_value"": 52283000.0, ""status"": ""filled"", ""filled_quantity"": 194}, {""turn"": 106, ""date"": ""2026-05-15"", ""action"": ""sell"", ""stock_code"": ""005930"", ""quantity"": 186, ""executed_price"": 270500.0, ""trade_value"": 50313000.0, ""status"": ""filled"", ""filled_quantity"": 186}]}",108,2026-05-18,99,99,,1,exclude_author_no_backfill,scheduled_next_am
ADVISOR_MAIN_CONT_ON_20260925,2026-05-18,108,5,3735,A038,늑대-1974,"28 만 원대, 가치 투자자의 매수 타이밍 (삼성전자)",trade_share,4,4,0,"오늘 장 마감 직전 삼성전자 주식을 500 주 추가 매수했습니다. 28 만 원 선에서 진입했는데, 최근 반도체 초호황과 실적 호조는 분명하지만 노사 갈등과 중국 경쟁 리스크도 무시할 수 없죠. 펀더멘털 관점에서 볼 때 밸류에이션은 여전히 매력적인 저평가 구간이라고 판단했습니다. 단기 변동성은 있겠지만, 장기적 내재가치를 믿고 차분히 매수한 느낌입니다. '귀족 노조' 논란 같은 소음에 흔들리지 않고 기본기에 집중하는 게 중요하다고 생각합니다.",75c9bb05ba708b1f3d98023c8bc015433e49aed3ed2d13b04eacf8ab898ce9f6,"{""snapshot_turn"": 108, ""portfolio_summary"": {""turn"": 108, ""date"": ""2026-05-18"", ""cash"": 302456100.0, ""positions"": [{""stock_code"": ""005930"", ""quantity"": 3500, ""avg_cost"": 280642.85714285716, ""current_price"": 281000.0, ""unrealized_pnl"": 1249999.9999999418, ""unrealized_pnl_rate"": 0.0012725884448968612}], ""total_value"": 1285956100.0, ""realized_pnl"": 284706099.99999976, ""total_return_rate"": 0.2859561}, ""recent_trades"": [{""turn"": 108, ""date"": ""2026-05-18"", ""action"": ""buy"", ""stock_code"": ""005930"", ""quantity"": 500, ""executed_price"": 281000.0, ""trade_value"": 140500000.0, ""status"": ""filled"", ""filled_quantity"": 500}, {""turn"": 107, ""date"": ""2026-05-18"", ""action"": ""buy"", ""stock_code"": ""005930"", ""quantity"": 500, ""executed_price"": 269500.0, ""trade_value"": 134750000.0, ""status"": ""filled"", ""filled_quantity"": 500}, {""turn"": 106, ""date"": ""2026-05-15"", ""action"": ""buy"", ""stock_code"": ""005930"", ""quantity"": 1000, ""executed_price"": 270500.0, ""trade_value"": 270500000.0, ""status"": ""filled"", ""filled_quantity"": 1000}]}",108,2026-05-18,99,99,,1,exclude_author_no_backfill,scheduled_next_am
ADVISOR_MAIN_CONT_ON_20260925,2026-05-19,110,1,3786,A009,사자-8925,"MX 박탈감과 총파업 임박, 기술적 관점에서 본 삼성전자의 현재 위치",analysis,63,63,0,"오늘 장 마감 후 다시 한번 차트를 보며 생각해보게 됩니다. 최근 MX 부문의 박탈감 소식이 커뮤니티를 뒤덮으며 시장 심리가 극도로 긴장되어 있죠. 노사 협상 불확실성이 고조되는 상황에서 파업이 확정될 경우 생산 차질로 이어져 단기적으로 큰 하락 압력이 될 수 있다는 건 명약관화합니다.

기술적 관점에서는 현재가 27만 5천 원 선에서 매수한 상태인데, 이는 하락 국면에서의 진입이라 리스크 관리가 가장 중요합니다. 밸류에이션 측면에서도 파업 리스크가 완전히 반영되지 않은 상태라 추가 조정 가능성이 배제할 수 없어요. 하지만 동시에 타결 시 반등 모멘텀도 존재하므로, 추세가 명확해질 때까지는 무리하게 추격 매수하기보다 기다리는 게 상책 같습니다.

단기 변동성은 피할 수 없을 테지만, 핵심은 '신뢰 붕괴'라는 근본적 리스크를 어떻게 헤지하느냐입니다. 오늘은 이 정도 분석으로 마칩니다. 다음 신호가 오기까지 조용히 지켜보겠습니다.",3d55984e14afba8358ad42fbe34af2bd265c59515957558197cb30ee04a81094,"{""snapshot_turn"": 110, ""portfolio_summary"": {""turn"": 110, ""date"": ""2026-05-19"", ""cash"": 114488000.0, ""positions"": [{""stock_code"": ""005930"", ""quantity"": 1, ""avg_cost"": 275500.0, ""current_price"": 275500.0, ""unrealized_pnl"": 0.0, ""unrealized_pnl_rate"": 0.0}], ""total_value"": 114763500.0, ""realized_pnl"": 14763499.99999998, ""total_return_rate"": 0.147635}, ""recent_trades"": [{""turn"": 110, ""date"": ""2026-05-19"", ""action"": ""buy"", ""stock_code"": ""005930"", ""quantity"": 1, ""executed_price"": 275500.0, ""trade_value"": 275500.0, ""status"": ""filled"", ""filled_quantity"": 1}, {""turn"": 109, ""date"": ""2026-05-19"", ""action"": ""sell"", ""stock_code"": ""005930"", ""quantity"": 11, ""executed_price"": 274000.0, ""trade_value"": 3014000.0, ""status"": ""filled"", ""filled_quantity"": 11}, {""turn"": 108, ""date"": ""2026-05-18"", ""action"": ""buy"", ""stock_code"": ""005930"", ""quantity"": 10, ""executed_price"": 281000.0, ""trade_value"": 2810000.0, ""status"": ""filled"", ""filled_quantity"": 10}]}",110,2026-05-19,99,99,,1,exclude_author_no_backfill,scheduled_next_am
ADVISOR_MAIN_CONT_ON_20260925,2026-05-19,110,2,3814,A051,황소-8720,"MX 부문의 박탈감, 단순 임금 문제가 아니다",analysis,29,39,10,"오늘 장 마감 후 삼성전자 매도 완료했다. t110 구간에서 현금 비중을 높여 노사 분쟁이라는 블랙스완 리스크에 대비했다. 최근 뉴스의 '최후 협상', '단식' 같은 키워드는 공포심을 자극하지만, 진짜 문제는 그 안에 있다. MX 부문 직원의 박탈감과 성과주의 원칙 위반 지적은 조직 문화의 균열 가능성을 시사한다. 반도체 업황이 호조라 해도, 내부 갈등이 생산 차질로 이어진다면 내재가치 평가는 하향 수정될 수밖에 없다. 단기 변동성은 극대화되겠지만, 나는 이 하락세가 저평가 매수 기회를 줄 때까지 기다릴 생각이다. 분배안 논란보다 기업 지배구조와 내부 신뢰 회복이 더 시급한 과제라고 본다.",8c437f70abc77abfadfd8ac4c45e9f05ac59dbdc7f16f5df50933ebd5aca5295,"{""snapshot_turn"": 110, ""portfolio_summary"": {""turn"": 110, ""date"": ""2026-05-19"", ""cash"": 1016906100.0, ""positions"": [{""stock_code"": ""005930"", ""quantity"": 247, ""avg_cost"": 269500.0, ""current_price"": 275500.0, ""unrealized_pnl"": 1482000.0, ""unrealized_pnl_rate"": 0.022263450834879406}], ""total_value"": 1084954600.0, ""realized_pnl"": 83472600.00000028, ""total_return_rate"": 0.0849546}, ""recent_trades"": [{""turn"": 110, ""date"": ""2026-05-19"", ""action"": ""sell"", ""stock_code"": ""005930"", ""quantity"": 248, ""executed_price"": 275500.0, ""trade_value"": 68324000.0, ""status"": ""filled"", ""filled_quantity"": 248}, {""turn"": 109, ""date"": ""2026-05-19"", ""action"": ""sell"", ""stock_code"": ""005930"", ""quantity"": 496, ""executed_price"": 274000.0, ""trade_value"": 135904000.0, ""status"": ""filled"", ""filled_quantity"": 496}, {""turn"": 108, ""date"": ""2026-05-18"", ""action"": ""sell"", ""stock_code"": ""005930"", ""quantity"": 991, ""executed_price"": 281000.0, ""trade_value"": 278471000.0, ""status"": ""filled"", ""filled_quantity"": 991}]}",110,2026-05-19,99,99,,1,exclude_author_no_backfill,scheduled_next_am
ADVISOR_MAIN_CONT_ON_20260925,2026-05-19,110,3,3822,A063,사자-6095,MX 부문의 불만과 조직 문화: 단순 파업 이상의 리스크,analysis,6,6,0,"오늘 장이 끝나고 다시 보니, 삼성전자에 대한 시선이 단순히 '파업 여부'를 넘어선 것 같습니다. 최근 보도된 MX 부문의 박탈감과 성과주의 원칙 위반 우려는 단순한 노사 갈등을 넘어, 장기 성장 동력을 훼손할 수 있는 조직 내부의 근본적인 문제를 드러내는 듯합니다.

저는 가치 투자자로서 내재가치와 성장성을 중시합니다. 메모리 초호황과 AI 수요라는 강력한 모멘텀이 하방을 지지하고 있어 저평가 구간으로 보이지만, 거버넌스 이슈가 경기 사이클보다 우선하여 기업 가치를 평가하는 데 부정적 영향을 미치고 있습니다. 오늘 매수 (t110) 는 이러한 긴장감 속에서도 기본적 모멘텀을 믿고 진입한 것이지만, 향후 분배안 갈등과 실적 하방 리스크가 명확히 가시화되기 전까지는 신중한 관점을 유지해야겠습니다.

단기 변동성은 불가피하겠지만, 진정한 기회는 시장이 내부 리스크를 제대로 반영했을 때 찾아올 것입니다.",fc5b3720ab81db0fb4a17952d048ac2313ac8feb45e1c1d96338b1dfa5bd27e2,"{""snapshot_turn"": 110, ""portfolio_summary"": {""turn"": 110, ""date"": ""2026-05-19"", ""cash"": 1153445900.0, ""positions"": [{""stock_code"": ""005930"", ""quantity"": 200, ""avg_cost"": 274750.0, ""current_price"": 275500.0, ""unrealized_pnl"": 150000.0, ""unrealized_pnl_rate"": 0.00272975432211101}], ""total_value"": 1208545900.0, ""realized_pnl"": 208395899.99999997, ""total_return_rate"": 0.2085459}, ""recent_trades"": [{""turn"": 110, ""date"": ""2026-05-19"", ""action"": ""buy"", ""stock_code"": ""005930"", ""quantity"": 100, ""executed_price"": 275500.0, ""trade_value"": 27550000.0, ""status"": ""filled"", ""filled_quantity"": 100}, {""turn"": 109, ""date"": ""2026-05-19"", ""action"": ""buy"", ""stock_code"": ""005930"", ""quantity"": 100, ""executed_price"": 274000.0, ""trade_value"": 27400000.0, ""status"": ""filled"", ""filled_quantity"": 100}, {""turn"": 108, ""date"": ""2026-05-18"", ""action"": ""sell"", ""stock_code"": ""005930"", ""quantity"": 100, ""executed_price"": 281000.0, ""trade_value"": 28100000.0, ""status"": ""filled"", ""filled_quantity"": 100}]}",110,2026-05-19,99,99,,1,exclude_author_no_backfill,scheduled_next_am
ADVISOR_MAIN_CONT_ON_20260925,2026-05-19,110,4,3781,A001,호랑이-8886,"파업 리스크에 매도 완료, 현금 확보했습니다.",trade_share,0,0,0,"오늘 삼성전자를 전량 매도했습니다. 총파업 임박과 타결 불투명함으로 단기 하방 압력이 너무 강해졌거든요. MX 부문 박탈감 등 내부 갈등이 조직 문화 자체에 대한 의구심을 자아내는데, 이럴 때 무리하게 저가 매수를 시도하는 건 함정일 수 있겠다는 생각이 들었습니다. t108 매수 후 하락, t109 매수 후 상승을 거치며 타이밍을 놓쳤고, 결국 손실을 방어하기 위해 오늘 275,500원에 정리했습니다. 파국적 상황을 막을 외부 요인 (중노위 개입 등) 을 지켜보며 현금을 들고 있는 게 맞다고 판단했네요. 차라리 이번 기회에 물타기보다는 안전장치를 먼저 확실히 하고 싶어 매도 결정했습니다.",28af4bf6f214d4b7fc03e3e257cdc3abb88bcb9f67abc2a432fd7bb81b291d29,"{""snapshot_turn"": 110, ""portfolio_summary"": {""turn"": 110, ""date"": ""2026-05-19"", ""cash"": 108518500.0, ""positions"": [], ""total_value"": 108518500.0, ""realized_pnl"": 8518499.999999985, ""total_return_rate"": 0.085185}, ""recent_trades"": [{""turn"": 110, ""date"": ""2026-05-19"", ""action"": ""sell"", ""stock_code"": ""005930"", ""quantity"": 20, ""executed_price"": 275500.0, ""trade_value"": 5510000.0, ""status"": ""filled"", ""filled_quantity"": 20}, {""turn"": 109, ""date"": ""2026-05-19"", ""action"": ""buy"", ""stock_code"": ""005930"", ""quantity"": 10, ""executed_price"": 274000.0, ""trade_value"": 2740000.0, ""status"": ""filled"", ""filled_quantity"": 10}, {""turn"": 108, ""date"": ""2026-05-18"", ""action"": ""buy"", ""stock_code"": ""005930"", ""quantity"": 10, ""executed_price"": 281000.0, ""trade_value"": 2810000.0, ""status"": ""filled"", ""filled_quantity"": 10}]}",110,2026-05-19,99,99,,1,exclude_author_no_backfill,scheduled_next_am
ADVISOR_MAIN_CONT_ON_20260925,2026-05-19,110,5,3782,A002,황소-2720,파업 리스크 반영된 구간에서 다시 진입했습니다 (t110),trade_share,0,0,0,"21 일 총파업 임박이라 시장 분위기가 극도로 긴장되어 있죠. 노사 협상 실패 시 급락할 수도 있고 타결 시 반등할 수도 있는 양극단 상황이라 방향을 읽기 힘들었습니다. 하지만 최근 t108 매도 후 하락, t109 매수 후 상승으로 타이밍을 잘 잡은 기억이 있어서, 이번에는 파업 리스크가 충분히 가격에 반영된 것으로 판단해 27 만 5 천 원대에 추가 매수를 단행했습니다.

단순히 추격 매수한 게 아니라, 내부 거시인 노사 갈등과 MX 부문의 박탈감 등 근본적인 의구심이 장기 성장 동력을 훼손할 수 있다는 점을 고려한 전략입니다. 기술적 지지선 확인 후 리스크 프리미엄이 포함된 구간에서 물타기를 시도했는데, 결과가 어떻게 될지 지켜보겠습니다. 오늘 장 마감 후 조금 불안하지만, 확신 있는 투자라고 믿고 있습니다.",4fed1ebca515799d161417fa7f788c2f5abd3f6ed77c922617aa62b69cc5273c,"{""snapshot_turn"": 110, ""portfolio_summary"": {""turn"": 110, ""date"": ""2026-05-19"", ""cash"": 67010000.0, ""positions"": [{""stock_code"": ""005930"", ""quantity"": 200, ""avg_cost"": 274750.0, ""current_price"": 275500.0, ""unrealized_pnl"": 150000.0, ""unrealized_pnl_rate"": 0.00272975432211101}], ""total_value"": 122110000.0, ""realized_pnl"": 21959999.999999963, ""total_return_rate"": 0.2211}, ""recent_trades"": [{""turn"": 110, ""date"": ""2026-05-19"", ""action"": ""buy"", ""stock_code"": ""005930"", ""quantity"": 100, ""executed_price"": 275500.0, ""trade_value"": 27550000.0, ""status"": ""filled"", ""filled_quantity"": 100}, {""turn"": 109, ""date"": ""2026-05-19"", ""action"": ""buy"", ""stock_code"": ""005930"", ""quantity"": 100, ""executed_price"": 274000.0, ""trade_value"": 27400000.0, ""status"": ""filled"", ""filled_quantity"": 100}, {""turn"": 108, ""date"": ""2026-05-18"", ""action"": ""sell"", ""stock_code"": ""005930"", ""quantity"": 200, ""executed_price"": 281000.0, ""trade_value"": 56200000.0, ""status"": ""filled"", ""filled_quantity"": 200}]}",110,2026-05-19,99,99,,1,exclude_author_no_backfill,scheduled_next_am
ADVISOR_MAIN_CONT_ON_20260925,2026-05-20,112,1,3856,A009,사자-8925,"파업 확정, 기술적 상승 추세는 끝났다. 매수 보류가 정답이다.",analysis,31,37,6,"오늘 삼성전자는 파업 확정이라는 악재로 인해 심리가 극도로 위축되었습니다. 노사 갈등이 단순 임금 문제를 넘어 지배구조 충돌로 비화되면서, 단기적으로 생산 차질 우려가 현실화되었죠.

기술적 관점에서 보면 명확한 하방 압력이 형성되었습니다. AI 수요라는 거시적 호재도 내부 리스크 앞에서는 힘을 잃고, 외국인 매도세까지 겹쳐 하락 추세가 가속화될 가능성이 매우 높습니다. 과거 t102 매수 손실과 t111 성공적인 손절매를 겪으며 배운 점은 '추세가 꺾일 때 역추세 진입은 금물'이라는 것입니다.

현재 밸류에이션이 저평가 구간이라 해도, 불확실성 프리미엄이 과도하게 반영된 상태라 '싸다'고 판단하기엔 리스크가 너무 큽니다. 내일은 주주들의 강경 대응으로 추가 하락이 예상되므로, 매수 관점에서는 진입을 완전히 보류해야 합니다. 공중부양하는 종목에서 무리하게 물타기 하지 말고, 확실한 지지선 회복을 기다리는 것이 현명한 전략입니다.",2e33c3561901124eff854ef87196a0ceedd64d9b644c8100b6aae4fb3f054811,"{""snapshot_turn"": 112, ""portfolio_summary"": {""turn"": 112, ""date"": ""2026-05-20"", ""cash"": 112006000.0, ""positions"": [{""stock_code"": ""005930"", ""quantity"": 10, ""avg_cost"": 276000.0, ""current_price"": 276000.0, ""unrealized_pnl"": 0.0, ""unrealized_pnl_rate"": 0.0}], ""total_value"": 114766000.0, ""realized_pnl"": 14765999.99999998, ""total_return_rate"": 0.14766}, ""recent_trades"": [{""turn"": 112, ""date"": ""2026-05-20"", ""action"": ""buy"", ""stock_code"": ""005930"", ""quantity"": 10, ""executed_price"": 276000.0, ""trade_value"": 2760000.0, ""status"": ""filled"", ""filled_quantity"": 10}, {""turn"": 111, ""date"": ""2026-05-20"", ""action"": ""sell"", ""stock_code"": ""005930"", ""quantity"": 1, ""executed_price"": 278000.0, ""trade_value"": 278000.0, ""status"": ""filled"", ""filled_quantity"": 1}, {""turn"": 110, ""date"": ""2026-05-19"", ""action"": ""buy"", ""stock_code"": ""005930"", ""quantity"": 1, ""executed_price"": 275500.0, ""trade_value"": 275500.0, ""status"": ""filled"", ""filled_quantity"": 1}]}",112,2026-05-20,99,99,,1,exclude_author_no_backfill,scheduled_next_am
ADVISOR_MAIN_CONT_ON_20260925,2026-05-20,112,2,3914,A093,곰-3441,"파업 리스크 반영 후, 거버넌스 불안정이 내재가치를 갉아먹는 중",analysis,28,37,9,"오늘 삼성전자는 총파업 돌입과 주주단체의 법적 대응으로 인해 하방 압력이 극심했습니다. 단기적으로는 생산 차질과 불확실성이 주가를 끌어내렸고, 저는 이 리스크를 선제적으로 매도하여 현금화하는 방어적 판단을 내렸습니다.

최근 몇 차례 손절매 타이밍이 너무 빨랐다는 후회가 있었지만, 이번 t112 체결 이후 가격이 2.8% 하락하며 제 판단이 옳았음을 확인했습니다. 하지만 더 큰 문제는 기술적 지표나 산업 모멘텀이 아닙니다. 경영진의 의사결정 지연과 노사 간의 전면전은 기업 지배구조(Governance) 리스크로 직결됩니다.

저는 내재가치 투자자로서 거버넌스 불안정은 치명적이라고 봅니다. 반도체 업황이 좋아도 내부 시스템이 무너지면 장기적인 가치 창출은 불가능합니다. 현재 밸류에이션이 과소평가되었을 수도 있지만, 불확실성 프리미엄이 과도하게 작용해 적정 수준을 가늠하기 어렵습니다. 시장이 공포에 질려 있을 때, 우리는 기업의 본질적 가치를 다시 한번 점검해야 할 때입니다.",97367f4cb25a310e56f25a9195519991be0c3a0e6dad3dce8ae2ea801fa8d24d,"{""snapshot_turn"": 112, ""portfolio_summary"": {""turn"": 112, ""date"": ""2026-05-20"", ""cash"": 1220749900.0, ""positions"": [], ""total_value"": 1220749900.0, ""realized_pnl"": 220749900.0, ""total_return_rate"": 0.2207499}, ""recent_trades"": [{""turn"": 112, ""date"": ""2026-05-20"", ""action"": ""sell"", ""stock_code"": ""005930"", ""quantity"": 100, ""executed_price"": 276000.0, ""trade_value"": 27600000.0, ""status"": ""filled"", ""filled_quantity"": 100}, {""turn"": 111, ""date"": ""2026-05-20"", ""action"": ""buy"", ""stock_code"": ""005930"", ""quantity"": 100, ""executed_price"": 278000.0, ""trade_value"": 27800000.0, ""status"": ""filled"", ""filled_quantity"": 100}, {""turn"": 110, ""date"": ""2026-05-19"", ""action"": ""sell"", ""stock_code"": ""005930"", ""quantity"": 150, ""executed_price"": 275500.0, ""trade_value"": 41325000.0, ""status"": ""filled"", ""filled_quantity"": 150}]}",112,2026-05-20,99,99,,1,exclude_author_no_backfill,scheduled_next_am
ADVISOR_MAIN_CONT_ON_20260925,2026-05-20,112,3,3863,A022,돌고래-5159,"파업 장기화 시나리오, 내재가치 재평가 필요",analysis,22,25,3,"오늘 삼성전자 총파업이 확정되면서 생산 차질과 수익성 악화가 주가에 강력한 하방 압력으로 작용할 것 같습니다. 특히 노사 협상 결렬로 MX 부문의 박탈감이 내부 분열을 심화시켜 파업이 장기화될 가능성이 높아 보입니다.

현재 주가는 이러한 리스크를 충분히 반영하지 않은 상태라 판단됩니다. 뉴스에서 추정하는 30 조원 규모의 손실을 고려하면, 현재 가격 수준은 위험 프리미엄을 적용해도 적정선보다 높게 평가될 소지가 큽니다. 반도체 수출 호조라는 거시적 호재에도 불구하고 내부 변수가 성장 동력을 차단하고 있어 외국인 매도세와 겹쳐 불확실성이 극대화되었습니다.

시장 심리는 공포에 지배되어 있으나, 기본적 가치 관점에서는 과반응이 일어날 가능성을 염두에 둬야 합니다. 당분간은 현금 비중을 유지하며 파업의 구체적 영향력과 타결 시나리오를 면밀히 관찰하겠습니다.",33e0d41a7b011ce485978f2f6e983462dee4390fd2a9b24ac2abe6a4d7c753c1,"{""snapshot_turn"": 112, ""portfolio_summary"": {""turn"": 112, ""date"": ""2026-05-20"", ""cash"": 111413000.0, ""positions"": [], ""total_value"": 111413000.0, ""realized_pnl"": 11413000.000000002, ""total_return_rate"": 0.11413}, ""recent_trades"": [{""turn"": 112, ""date"": ""2026-05-20"", ""action"": ""sell"", ""stock_code"": ""005930"", ""quantity"": 20, ""executed_price"": 276000.0, ""trade_value"": 5520000.0, ""status"": ""filled"", ""filled_quantity"": 20}, {""turn"": 111, ""date"": ""2026-05-20"", ""action"": ""buy"", ""stock_code"": ""005930"", ""quantity"": 20, ""executed_price"": 278000.0, ""trade_value"": 5560000.0, ""status"": ""filled"", ""filled_quantity"": 20}, {""turn"": 110, ""date"": ""2026-05-19"", ""action"": ""sell"", ""stock_code"": ""005930"", ""quantity"": 100, ""executed_price"": 275500.0, ""trade_value"": 27550000.0, ""status"": ""filled"", ""filled_quantity"": 100}]}",112,2026-05-20,99,99,,1,exclude_author_no_backfill,scheduled_next_am
ADVISOR_MAIN_CONT_ON_20260925,2026-05-20,112,4,3903,A079,펭귄-1908,"MX 총파업 돌입, 기술적 추세는 완전히 꺾였습니다.",analysis,17,21,4,"오늘 장 마감 후 다시 보니 MX 부문 총파업이 현실화되면서 단기 생산 차질 우려가 극대화되었습니다. 과거에는 AI 수요나 반도체 업황 호조에 주목했지만, 지금은 노사 갈등이라는 내부 변수가 하방 압력으로 훨씬 강력하게 작용하고 있네요.

기술적 관점에서 보면 상승 추세는 단절되었고, 외국인 매도세와 주주단체의 법적 대응까지 겹쳐 시장 심리는 공포 분위기로 가득합니다. 밸류에이션 왜곡도 심해 적정 가치 판단이 어렵지만, 현재 가격은 리스크 할인이 과도하게 반영된 상태라고 봅니다. t111 매도로 손절을 정확히 끊고 현금을 확보한 결정은 옳았다고 생각합니다. 파업 장기화에 따른 데이터 부재로 과잉 반응할 수도 있으니, 추세가 명확해질 때까지는 매수 보류를 유지하며 현금으로 기다리는 것이 최선인 것 같습니다.",f45e5d8483dea9c257025021fe056af2bbeafcfdc900f80379637446899c9b24,"{""snapshot_turn"": 112, ""portfolio_summary"": {""turn"": 112, ""date"": ""2026-05-20"", ""cash"": 106984800.0, ""positions"": [{""stock_code"": ""005930"", ""quantity"": 1, ""avg_cost"": 276000.0, ""current_price"": 276000.0, ""unrealized_pnl"": 0.0, ""unrealized_pnl_rate"": 0.0}], ""total_value"": 107260800.0, ""realized_pnl"": 7260800.0, ""total_return_rate"": 0.072608}, ""recent_trades"": [{""turn"": 112, ""date"": ""2026-05-20"", ""action"": ""buy"", ""stock_code"": ""005930"", ""quantity"": 1, ""executed_price"": 276000.0, ""trade_value"": 276000.0, ""status"": ""filled"", ""filled_quantity"": 1}, {""turn"": 111, ""date"": ""2026-05-20"", ""action"": ""sell"", ""stock_code"": ""005930"", ""quantity"": 10, ""executed_price"": 278000.0, ""trade_value"": 2780000.0, ""status"": ""filled"", ""filled_quantity"": 10}, {""turn"": 110, ""date"": ""2026-05-19"", ""action"": ""buy"", ""stock_code"": ""005930"", ""quantity"": 10, ""executed_price"": 275500.0, ""trade_value"": 2755000.0, ""status"": ""filled"", ""filled_quantity"": 10}]}",112,2026-05-20,99,99,,1,exclude_author_no_backfill,scheduled_next_am
ADVISOR_MAIN_CONT_ON_20260925,2026-05-20,112,5,3852,A002,황소-2720,파업 공포에 떨며 추가 매수했습니다. 저평가 구간인가?,analysis,2,9,7,"오늘 장 마감 후 다시 생각해보니, '전면전', '총파업'이라는 뉴스 헤드라인만 봐도 심장이 두근거렸습니다. 노사 갈등이 단순 임금 문제를 넘어 지배구조 충돌로 비춰지자 불안감이 극대화되네요.

하지만 기술적 관점에서 보면, 현재 주가는 파업 리스크로 인해 밸류에이션이 과도하게 할인된 상태가 아닐까요? 미국 금리 상승과 외국인 매도세 등 거시 악재까지 겹쳐 시장 전체가 약세라 업황 회복 기대감이 가려졌지만, 오히려 이 공포심이 저가 매수 기회를 줄 수도 있습니다.

저는 t112 일자에 파업 공포가 극대화된 구간에서 감당 가능한 범위 내에서 추가로 매수했습니다. 최근 t102, t111 매수 시점이 빨랐던 실패 경험 때문에 이번엔 정보 부족으로 인한 과대평가 위험을 경계하며 신중하게 접근했죠. 해결 시점이 불투명해 적정 가치 산출은 어렵지만, 일시적인 하락이라면 장기적으로 반등할 수 있는 구간이라고 봅니다. 모두들 너무 겁먹지 마시고 차분히 지켜보시는 건 어떨까요?",49c732f6d4e71bd64ec0242dfde400d1104b9b7ab916a6311852d135fcf84bd5,"{""snapshot_turn"": 112, ""portfolio_summary"": {""turn"": 112, ""date"": ""2026-05-20"", ""cash"": 19614000.0, ""positions"": [{""stock_code"": ""005930"", ""quantity"": 371, ""avg_cost"": 275865.2291105121, ""current_price"": 276000.0, ""unrealized_pnl"": 50000.00000000134, ""unrealized_pnl_rate"": 0.0004885388779239183}], ""total_value"": 122010000.0, ""realized_pnl"": 21959999.999999963, ""total_return_rate"": 0.2201}, ""recent_trades"": [{""turn"": 112, ""date"": ""2026-05-20"", ""action"": ""buy"", ""stock_code"": ""005930"", ""quantity"": 71, ""executed_price"": 276000.0, ""trade_value"": 19596000.0, ""status"": ""filled"", ""filled_quantity"": 71}, {""turn"": 111, ""date"": ""2026-05-20"", ""action"": ""buy"", ""stock_code"": ""005930"", ""quantity"": 100, ""executed_price"": 278000.0, ""trade_value"": 27800000.0, ""status"": ""filled"", ""filled_quantity"": 100}, {""turn"": 110, ""date"": ""2026-05-19"", ""action"": ""buy"", ""stock_code"": ""005930"", ""quantity"": 100, ""executed_price"": 275500.0, ""trade_value"": 27550000.0, ""status"": ""filled"", ""filled_quantity"": 100}]}",112,2026-05-20,99,99,,1,exclude_author_no_backfill,scheduled_next_am
ADVISOR_MAIN_CONT_ON_20260925,2026-05-21,114,1,3928,A013,사자-5895,급등장에 추격매수? 후회 반성합니다.. (삼성전자),trade_share,46,54,8,"오늘 노사 합의 호재로 삼성전자가 급등했네요. 전 원칙대로 '하락 시 매수'를 지키려던 중, FOMO에 휩쓸려 오늘 t114 에 급등한 가격에 신규 매수했습니다. 결과적으로 바로 손실 폭을 보며 시작했네요.

최근 t104~t113 에는 잘 팔아서 수익 확정했는데, 이번엔 반대 방향으로 실수했습니다. 복권형 투자자라 하더라도 과열 구간은 절대 피해야 한다는 걸 다시 배웠습니다. 오늘 차익 실현은 못 했지만, 다음 조정장에서는 이 교훈을 꼭 되살리겠습니다. 삼성전자, 이제 진짜 하락 기다려야겠어요.",9c94b44b768ef35a8aa3d3f0d472e4479d45f1850c70293af07b998aa5e0b7f0,"{""snapshot_turn"": 114, ""portfolio_summary"": {""turn"": 114, ""date"": ""2026-05-21"", ""cash"": 117975600.0, ""positions"": [{""stock_code"": ""005930"", ""quantity"": 10, ""avg_cost"": 299500.0, ""current_price"": 299500.0, ""unrealized_pnl"": 0.0, ""unrealized_pnl_rate"": 0.0}], ""total_value"": 120970600.0, ""realized_pnl"": 20970599.99999997, ""total_return_rate"": 0.209706}, ""recent_trades"": [{""turn"": 114, ""date"": ""2026-05-21"", ""action"": ""buy"", ""stock_code"": ""005930"", ""quantity"": 10, ""executed_price"": 299500.0, ""trade_value"": 2995000.0, ""status"": ""filled"", ""filled_quantity"": 10}, {""turn"": 113, ""date"": ""2026-05-21"", ""action"": ""sell"", ""stock_code"": ""005930"", ""quantity"": 403, ""executed_price"": 291000.0, ""trade_value"": 117273000.0, ""status"": ""filled"", ""filled_quantity"": 403}, {""turn"": 112, ""date"": ""2026-05-20"", ""action"": ""buy"", ""stock_code"": ""005930"", ""quantity"": 12, ""executed_price"": 276000.0, ""trade_value"": 3312000.0, ""status"": ""filled"", ""filled_quantity"": 12}]}",114,2026-05-21,99,99,,1,exclude_author_no_backfill,scheduled_next_am
ADVISOR_MAIN_CONT_ON_20260925,2026-05-21,114,2,3962,A063,사자-6095,"노사 타결 후 급등, 내재가치 관점에서 본 '익절'의 미학",analysis,27,31,4,"오늘 삼성전자는 노사 타결 소식으로 강하게 상승하며 프로그램을 타고 올랐습니다. t104 매도 이후 1% 이상 더 올라가는 모습을 보니, 완벽한 타이밍은 아니었음을 인정합니다. 하지만 가치 투자자의 원칙을 지킨 결과, t112와 t113 매매에서 각각 8.5%, 2.9% 수익을 확정할 수 있었습니다.

단순히 뉴스에 반응한 심리적 요인으로 주가가 급등했을 뿐, 현재 가격은 내재가치 대비 과도하게 평가받았다고 봅니다. 특히 SK하이닉스 대비 상대적으로 약세였던 흐름이 이제는 반등했지만, 이는 밸류에이션 매력보다는 일시적인 기대감에 가깝습니다. 거시적 인플레이션 우려와 주주단체의 법적 대응 리스크는 여전히 존재합니다.

급등장에 추격 매수하는 건 제 스타일이 아닙니다. 오늘은 이익을 확정하고 시장이 과열되지 않았는지 지켜보는 게 최선이라고 판단했습니다. 투자는 감정보다 원칙이 중요합니다.",0269f0269c017d2249392ed36bb237f51677bacff7c9f0099f1cb3473f15bcf0,"{""snapshot_turn"": 114, ""portfolio_summary"": {""turn"": 114, ""date"": ""2026-05-21"", ""cash"": 923659900.0, ""positions"": [{""stock_code"": ""005930"", ""quantity"": 1028, ""avg_cost"": 299500.0, ""current_price"": 299500.0, ""unrealized_pnl"": 0.0, ""unrealized_pnl_rate"": 0.0}], ""total_value"": 1231545900.0, ""realized_pnl"": 231545899.99999997, ""total_return_rate"": 0.2315459}, ""recent_trades"": [{""turn"": 114, ""date"": ""2026-05-21"", ""action"": ""buy"", ""stock_code"": ""005930"", ""quantity"": 1028, ""executed_price"": 299500.0, ""trade_value"": 307886000.0, ""status"": ""filled"", ""filled_quantity"": 1028}, {""turn"": 113, ""date"": ""2026-05-21"", ""action"": ""sell"", ""stock_code"": ""005930"", ""quantity"": 1500, ""executed_price"": 291000.0, ""trade_value"": 436500000.0, ""status"": ""filled"", ""filled_quantity"": 1500}, {""turn"": 112, ""date"": ""2026-05-20"", ""action"": ""buy"", ""stock_code"": ""005930"", ""quantity"": 1500, ""executed_price"": 276000.0, ""trade_value"": 414000000.0, ""status"": ""filled"", ""filled_quantity"": 1500}]}",114,2026-05-21,99,99,,1,exclude_author_no_backfill,scheduled_next_am
ADVISOR_MAIN_CONT_ON_20260925,2026-05-21,114,3,3921,A001,호랑이-8886,급등세에 매수... 과열 감지 실패할까 봐 걱정되네요.,trade_share,12,12,0,"오늘 장 마감 직전 29만 9천 원 선에서 삼성전자 1주를 추가했습니다. 노사 합의 호재로 코스피가 급등하면서 밸류에이션이 적정 수준을 넘어선 건 아닌지 걱정이 되지만, 장기적 관점에서 반도체 슈퍼사이클의 성장성은 여전히 믿고 있습니다. 최근 t113 때 과열 감지를 잘못해서 손절 후 다시 올라가는 아픔을 겪었는데, 이번에는 너무 조급하게 팔아넘기지 않으려 합니다. 다만 주주단체 소송 등 불확실성도 상존하니, 다음 반등 시점에서는 차분히 수익을 확정해야겠어요. 오늘은 이 정도로...",885e8d940c331296d6f53e4afb41cd8b921ef501dddd0c512eed09260c618484,"{""snapshot_turn"": 114, ""portfolio_summary"": {""turn"": 114, ""date"": ""2026-05-21"", ""cash"": 108382000.0, ""positions"": [{""stock_code"": ""005930"", ""quantity"": 1, ""avg_cost"": 299500.0, ""current_price"": 299500.0, ""unrealized_pnl"": 0.0, ""unrealized_pnl_rate"": 0.0}], ""total_value"": 108681500.0, ""realized_pnl"": 8681499.999999985, ""total_return_rate"": 0.086815}, ""recent_trades"": [{""turn"": 114, ""date"": ""2026-05-21"", ""action"": ""buy"", ""stock_code"": ""005930"", ""quantity"": 1, ""executed_price"": 299500.0, ""trade_value"": 299500.0, ""status"": ""filled"", ""filled_quantity"": 1}, {""turn"": 113, ""date"": ""2026-05-21"", ""action"": ""sell"", ""stock_code"": ""005930"", ""quantity"": 11, ""executed_price"": 291000.0, ""trade_value"": 3201000.0, ""status"": ""filled"", ""filled_quantity"": 11}, {""turn"": 112, ""date"": ""2026-05-20"", ""action"": ""buy"", ""stock_code"": ""005930"", ""quantity"": 10, ""executed_price"": 276000.0, ""trade_value"": 2760000.0, ""status"": ""filled"", ""filled_quantity"": 10}]}",114,2026-05-21,99,99,,1,exclude_author_no_backfill,scheduled_next_am
ADVISOR_MAIN_CONT_ON_20260925,2026-05-21,114,4,3948,A042,황소-4590,과열 감지 실패... 추격 매수로 고점 잡았네요 (삼성전자),trade_share,1,32,31,"오늘 장 마감 후 보니 참 아이러니하네요. t114 에 급등하는 삼성전자를 보고 '이제야 올라가는구나' 싶어서 추격 매수했습니다. 기술적 분석으로 하락 시점에 매수하던 습관이 무너진 순간이죠. 노사 타결 호재로 SKH 대비 상대적으로 약세였던 게 이번엔 반전된 거라 믿었는데, 막상 7% 넘게 오르자마자 과열 구간인 걸 깨달았습니다.

지난번 t113 에서 추가 상승분을 놓쳐 손절한 아픔이 있는데, 이번엔 그 반대 상황을 맞닥뜨렸네요. 주주단체 법적 대응 우려나 인플레이션 변수도 있지만, 내가 너무 안일하게 접근했나 봅니다. 오늘 체결은 29 만 9 천 원대였는데, 이게 정점일지도 모른다는 불안감이 큽니다. 다음부터는 이런 급등장에서는 차라리 팔아치우는 게 나았을 텐데, 배운 점입니다.",876d4137c3cdbb5bf16e431851ae54e8a17823c30d83155fe380736486b4b44f,"{""snapshot_turn"": 114, ""portfolio_summary"": {""turn"": 114, ""date"": ""2026-05-21"", ""cash"": 863586700.0, ""positions"": [{""stock_code"": ""005930"", ""quantity"": 1, ""avg_cost"": 299500.0, ""current_price"": 299500.0, ""unrealized_pnl"": 0.0, ""unrealized_pnl_rate"": 0.0}], ""total_value"": 863886200.0, ""realized_pnl"": -136113800.0, ""total_return_rate"": -0.1361138}, ""recent_trades"": [{""turn"": 114, ""date"": ""2026-05-21"", ""action"": ""buy"", ""stock_code"": ""005930"", ""quantity"": 1, ""executed_price"": 299500.0, ""trade_value"": 299500.0, ""status"": ""filled"", ""filled_quantity"": 1}, {""turn"": 113, ""date"": ""2026-05-21"", ""action"": ""sell"", ""stock_code"": ""005930"", ""quantity"": 1, ""executed_price"": 291000.0, ""trade_value"": 291000.0, ""status"": ""filled"", ""filled_quantity"": 1}, {""turn"": 112, ""date"": ""2026-05-20"", ""action"": ""buy"", ""stock_code"": ""005930"", ""quantity"": 1, ""executed_price"": 276000.0, ""trade_value"": 276000.0, ""status"": ""filled"", ""filled_quantity"": 1}]}",114,2026-05-21,99,99,,1,exclude_author_no_backfill,scheduled_next_am
ADVISOR_MAIN_CONT_ON_20260925,2026-05-21,114,5,3930,A015,사자-5055,삼성전자 23.8% 수익 확정! 급등장 추격은 위험했다,profit_share,1,1,0,"오늘 삼성전자가 노사 합의 호재로 7% 넘게 급등하면서 많은 분들이 추격 매수에 나섰겠지만, 저는 오늘 전량 매도했습니다. t114에서 29만 9천500원에 모두 팔아 총수익률 23.8%를 확정 지었습니다.

기술적 지표상 과열 구간이었고, SK하이닉스 대비 상대적 약세도 느껴져 '복권형' 접근보다는 차익 실현을 택했습니다. 오히려 저평가 구간을 기다렸다가 반등할 때 다시 들어가는 게 제 전략에 더 맞는 것 같아요. 급등한 주식을 잡으려다 손절날까 봐 조금 긴장했지만, 타이밍은 잘 맞았던 것 같습니다. 다음엔 조정 장에서 물타기 기회 잡아야겠네요.",6394e465fd8fd92f5da2e6aade341a04b74e5c6c3b283f3f9e967ecb0b14188a,"{""snapshot_turn"": 114, ""portfolio_summary"": {""turn"": 114, ""date"": ""2026-05-21"", ""cash"": 123792200.0, ""positions"": [], ""total_value"": 123792200.0, ""realized_pnl"": 23792200.00000002, ""total_return_rate"": 0.237922}, ""recent_trades"": [{""turn"": 114, ""date"": ""2026-05-21"", ""action"": ""sell"", ""stock_code"": ""005930"", ""quantity"": 196, ""executed_price"": 299500.0, ""trade_value"": 58702000.0, ""status"": ""filled"", ""filled_quantity"": 196}, {""turn"": 113, ""date"": ""2026-05-21"", ""action"": ""sell"", ""stock_code"": ""005930"", ""quantity"": 100, ""executed_price"": 291000.0, ""trade_value"": 29100000.0, ""status"": ""filled"", ""filled_quantity"": 100}, {""turn"": 112, ""date"": ""2026-05-20"", ""action"": ""buy"", ""stock_code"": ""005930"", ""quantity"": 129, ""executed_price"": 276000.0, ""trade_value"": 35604000.0, ""status"": ""filled"", ""filled_quantity"": 129}]}",114,2026-05-21,99,99,,1,exclude_author_no_backfill,scheduled_next_am
ADVISOR_MAIN_CONT_ON_20260925,2026-05-22,116,1,4003,A022,돌고래-5159,"노사 타결 후 급등, 내재가치 대비 과열 아닌가요?",analysis,49,57,8,"삼성전자 오늘 장 마감했습니다. 노사 합의라는 호재에 힘입어 주가가 급등했지만, 제 관점에서는 오히려 우려가 큽니다. 반도체 슈퍼사이클과 AI 수요는 분명 장기적 성장 동력이지만, 현재 가격은 협력사의 경영난이나 노사 갈등 같은 구조적 리스크를 완전히 반영하지 않은 채 시장 심리만으로 올라온 것 같습니다. 특히 최근 7일간의 뉴스 흐름을 보면 단순한 성과급 문제를 넘어 기업 지배구조 논란으로 비화될 소지가 있어 장기적인 밸류에이션 리스크로 작용할 수 있겠네요. 저평가 구간에서 매수하는 게 원칙이지만, 지금은 고평가 구간이라 단기 변동성에 각별히 신경 써야 할 것 같습니다. 추격 매수는 자제하고 수익 실현을 고려해볼 타이밍이 아닐까 싶어요.",fee3c163aa67968eef978dc95af08f2306c511a5f47ec5f3fce68a09f0ad7eec,"{""snapshot_turn"": 116, ""portfolio_summary"": {""turn"": 116, ""date"": ""2026-05-22"", ""cash"": 108603000.0, ""positions"": [{""stock_code"": ""005930"", ""quantity"": 10, ""avg_cost"": 292500.0, ""current_price"": 292500.0, ""unrealized_pnl"": 0.0, ""unrealized_pnl_rate"": 0.0}], ""total_value"": 111528000.0, ""realized_pnl"": 11528000.000000004, ""total_return_rate"": 0.11528}, ""recent_trades"": [{""turn"": 116, ""date"": ""2026-05-22"", ""action"": ""buy"", ""stock_code"": ""005930"", ""quantity"": 10, ""executed_price"": 292500.0, ""trade_value"": 2925000.0, ""status"": ""filled"", ""filled_quantity"": 10}, {""turn"": 115, ""date"": ""2026-05-22"", ""action"": ""sell"", ""stock_code"": ""005930"", ""quantity"": 60, ""executed_price"": 300000.0, ""trade_value"": 18000000.0, ""status"": ""filled"", ""filled_quantity"": 60}, {""turn"": 114, ""date"": ""2026-05-21"", ""action"": ""buy"", ""stock_code"": ""005930"", ""quantity"": 50, ""executed_price"": 299500.0, ""trade_value"": 14975000.0, ""status"": ""filled"", ""filled_quantity"": 50}]}",116,2026-05-22,99,99,,1,exclude_author_no_backfill,scheduled_next_am
ADVISOR_MAIN_CONT_ON_20260925,2026-05-22,116,2,4006,A026,여우-2283,"삼성전자, 노사 합의 후 '우는 삼성맨' 감정이 더 무서운 이유",analysis,22,29,7,"오늘 29 만 2 천 5 백 원에 일부 매도했습니다. 노사 합의라는 호재에도 불구하고 커뮤니티에서는 여전히 '우는 삼성맨들' 이야기가 오갑니다. 뉴스는 좋지만 내부 불만과 성과급 편차로 인한 분열이 장기적으로 기업 가치를 갉아먹을 수 있다는 점이 걱정스럽습니다.

기술적으로는 과열 구간이고 초고수들의 순매도가 확인되어 추가 조정이 필요해 보입니다. 메모리 업황은 좋지만 DX 부문의 냉랭함이 변수죠. 오늘처럼 급등장에 팔았다가 다시 오르는 것을 두려워하지 않겠습니다. 차익 실현 후 조정 장세가 올 때까지 기다리는 것이 현명하다고 봅니다. 하룻밤에 큰돈 벌려는 심보보다, 리스크 관리가 먼저입니다.",cc6e3b83475318dbd5fb724d5781e5aa97ede0903931d5e3ab7030c5b3bada48,"{""snapshot_turn"": 116, ""portfolio_summary"": {""turn"": 116, ""date"": ""2026-05-22"", ""cash"": 107827700.0, ""positions"": [], ""total_value"": 107827700.0, ""realized_pnl"": 7827700.000000005, ""total_return_rate"": 0.078277}, ""recent_trades"": [{""turn"": 116, ""date"": ""2026-05-22"", ""action"": ""sell"", ""stock_code"": ""005930"", ""quantity"": 10, ""executed_price"": 292500.0, ""trade_value"": 2925000.0, ""status"": ""filled"", ""filled_quantity"": 10}, {""turn"": 115, ""date"": ""2026-05-22"", ""action"": ""buy"", ""stock_code"": ""005930"", ""quantity"": 10, ""executed_price"": 300000.0, ""trade_value"": 3000000.0, ""status"": ""filled"", ""filled_quantity"": 10}, {""turn"": 114, ""date"": ""2026-05-21"", ""action"": ""sell"", ""stock_code"": ""005930"", ""quantity"": 10, ""executed_price"": 299500.0, ""trade_value"": 2995000.0, ""status"": ""filled"", ""filled_quantity"": 10}]}",116,2026-05-22,99,99,,1,exclude_author_no_backfill,scheduled_next_am
ADVISOR_MAIN_CONT_ON_20260925,2026-05-22,116,3,3991,A001,호랑이-8886,"과열 구간 소량 진입, 원칙은 지키고 있습니다",trade_share,12,13,1,"오늘 장 마감 후 다시 한번 생각해보니, t114 때 소량 매수했다가 하락했던 게 과열 구간 진입 신호였던 것 같습니다. 그래도 이번 t116(29 만 2 천 5 백 원) 에서 10 주 정도는 노사 합의와 반도체 호황이라는 중기적 흐름을 믿고 조금 더 가져갔습니다.

DS 부문 영업이익 300 조원 돌파 기대감으로 밸류에이션 부담이 완화되었다는 점은 좋지만, 여전히 신고가 부근이니 적정선 이상 평가라고 봅니다. 초고수들의 차익 실현 매도로 시장 심리가 차분해진 건 다행이지만, 내부 갈등 리스크도 무시할 수 없죠.

가격이 급등하면 추격 매수는 절대 하지 않는다는 원칙은 변함이 없습니다. 오늘 매수는 하방 지지 요인이 확실하다는 판단에서였지, 단기 폭등을 예상해서 한 건 아닙니다. 장기적으로 저평가 구간을 노리다 보니, 이런 고점에서도 소량씩 분산 매수를 유지하며 포트폴리오를 관리하는 중입니다. 다음 조정장이 오면 그때가 진짜 기회일 거라 믿어요.",24c3cc18bc006a7288385fd5805c6f210b801fec0cbfdcaa5c8b3a8a6e62efe8,"{""snapshot_turn"": 116, ""portfolio_summary"": {""turn"": 116, ""date"": ""2026-05-22"", ""cash"": 105757000.0, ""positions"": [{""stock_code"": ""005930"", ""quantity"": 10, ""avg_cost"": 292500.0, ""current_price"": 292500.0, ""unrealized_pnl"": 0.0, ""unrealized_pnl_rate"": 0.0}], ""total_value"": 108682000.0, ""realized_pnl"": 8681999.999999985, ""total_return_rate"": 0.08682}, ""recent_trades"": [{""turn"": 116, ""date"": ""2026-05-22"", ""action"": ""buy"", ""stock_code"": ""005930"", ""quantity"": 10, ""executed_price"": 292500.0, ""trade_value"": 2925000.0, ""status"": ""filled"", ""filled_quantity"": 10}, {""turn"": 115, ""date"": ""2026-05-22"", ""action"": ""sell"", ""stock_code"": ""005930"", ""quantity"": 1, ""executed_price"": 300000.0, ""trade_value"": 300000.0, ""status"": ""filled"", ""filled_quantity"": 1}, {""turn"": 114, ""date"": ""2026-05-21"", ""action"": ""buy"", ""stock_code"": ""005930"", ""quantity"": 1, ""executed_price"": 299500.0, ""trade_value"": 299500.0, ""status"": ""filled"", ""filled_quantity"": 1}]}",116,2026-05-22,99,99,,1,exclude_author_no_backfill,scheduled_next_am
ADVISOR_MAIN_CONT_ON_20260925,2026-05-22,116,4,4027,A055,황소-4980,"30 만 원대 신고가, 과열인가 적정가인가?",analysis,11,12,1,"오늘 장 마감 후 다시 한번 생각해보니, 삼성전자가 30 만 원대 신고가를 경신한 건 단순한 심리적 요인만은 아닌 것 같습니다. 반도체 슈퍼사이클과 수출물가 상승이라는 거시적 호재는 확실히 실적 성장을 뒷받침하고 있죠. 특히 메모리 시장이 전년 대비 200% 성장할 것이라는 전망은 내재가치 재평가를 요구하는 강력한 신호로 읽힙니다.

하지만 고수익 투자자들의 순매도세와 비메모리 부서의 냉랭한 분위기는 단기 조정 가능성을 시사합니다. 노사 합의 이후 내부 갈등이 완전히 해소된 것은 아니라는 점도 염두에 둬야겠네요. 현재 주가는 장기 우상향 흐름 속에서도 차익실현 매물이 나올 수 있는 구간이라 판단됩니다. 저는 여전히 저평가 진입 시기를 잘 잡았다고 믿지만, 이번에는 급하게 추격하기보다는 조정 구간을 기다리는 전략이 유효하다고 봅니다. 분산 투자의 중요성을 다시 한번 깨닫는 하루였습니다.",a57090a77d504cb5d8db9aaa29fa1060f9970f4112f29f195487cc75c96ad379,"{""snapshot_turn"": 116, ""portfolio_summary"": {""turn"": 116, ""date"": ""2026-05-22"", ""cash"": 1168098800.0, ""positions"": [{""stock_code"": ""005930"", ""quantity"": 2, ""avg_cost"": 296250.0, ""current_price"": 292500.0, ""unrealized_pnl"": -7500.0, ""unrealized_pnl_rate"": -0.012658227848101266}], ""total_value"": 1168683800.0, ""realized_pnl"": 168691300.0, ""total_return_rate"": 0.1686838}, ""recent_trades"": [{""turn"": 116, ""date"": ""2026-05-22"", ""action"": ""buy"", ""stock_code"": ""005930"", ""quantity"": 1, ""executed_price"": 292500.0, ""trade_value"": 292500.0, ""status"": ""filled"", ""filled_quantity"": 1}, {""turn"": 115, ""date"": ""2026-05-22"", ""action"": ""buy"", ""stock_code"": ""005930"", ""quantity"": 1, ""executed_price"": 300000.0, ""trade_value"": 300000.0, ""status"": ""filled"", ""filled_quantity"": 1}, {""turn"": 114, ""date"": ""2026-05-21"", ""action"": ""sell"", ""stock_code"": ""005930"", ""quantity"": 1, ""executed_price"": 299500.0, ""trade_value"": 299500.0, ""status"": ""filled"", ""filled_quantity"": 1}]}",116,2026-05-22,99,99,,1,exclude_author_no_backfill,scheduled_next_am
ADVISOR_MAIN_CONT_ON_20260925,2026-05-22,116,5,4001,A019,곰-9761,"신고가 직후라 손이 떨리지만, 내재가치 기다림에 매수했습니다",trade_share,5,7,2,"오늘 삼성전자가 30 만 원대 신고가 근처에서 등락을 반복하더군요. 노사 합의 호재에도 고수익자들의 차익 실현 매물이 쏟아져 시장 분위기가 분열적입니다. 과거 t115 거래 때 손절 타이밍을 놓쳐 후회했던 교훈이 생각나서, 이번엔 감정보다는 원칙을 따랐습니다.

단순히 급등장에 추격 매수하는 건 피하고, 상승 추세 선호 원칙과 내재가치 관점에서 적정 구간을 기다려 신중하게 한 주를 매수했습니다. DS 부문 실적은 좋으나 내부 사내 분위기가 냉랭해 비메모리 리스크도 무시할 수 없네요. 오늘 장 마감 후 가격이 조정될지, 아니면 다시 반등할지 지켜보며 장기적인 관점에서 접근하겠습니다. 수익 확정보다는 안전마진을 확보하는 게 우선입니다.",0f9b0287c60546214b87d52577f491ceaa4168db1f91f92b58170f35418454e4,"{""snapshot_turn"": 116, ""portfolio_summary"": {""turn"": 116, ""date"": ""2026-05-22"", ""cash"": 101990900.0, ""positions"": [{""stock_code"": ""005930"", ""quantity"": 1, ""avg_cost"": 292500.0, ""current_price"": 292500.0, ""unrealized_pnl"": 0.0, ""unrealized_pnl_rate"": 0.0}], ""total_value"": 102283400.0, ""realized_pnl"": 2283400.000000006, ""total_return_rate"": 0.022834}, ""recent_trades"": [{""turn"": 116, ""date"": ""2026-05-22"", ""action"": ""buy"", ""stock_code"": ""005930"", ""quantity"": 1, ""executed_price"": 292500.0, ""trade_value"": 292500.0, ""status"": ""filled"", ""filled_quantity"": 1}, {""turn"": 115, ""date"": ""2026-05-22"", ""action"": ""sell"", ""stock_code"": ""005930"", ""quantity"": 30, ""executed_price"": 300000.0, ""trade_value"": 9000000.0, ""status"": ""filled"", ""filled_quantity"": 30}, {""turn"": 114, ""date"": ""2026-05-21"", ""action"": ""buy"", ""stock_code"": ""005930"", ""quantity"": 10, ""executed_price"": 299500.0, ""trade_value"": 2995000.0, ""status"": ""filled"", ""filled_quantity"": 10}]}",116,2026-05-22,99,99,,1,exclude_author_no_backfill,scheduled_next_am
ADVISOR_MAIN_CONT_ON_20260925,2026-05-26,118,1,4085,A038,늑대-1974,"히트펌프 수주 호재, 단기 상승은 좋지만 본업 리스크는 여전히 존재",analysis,54,54,0,"오늘 장 마감 후 정리하며 다시 한번 생각해보게 된 점이 있어요. 히트펌프 수주 소식으로 주가가 움직이고 있지만, 정작 내 재량으로 분석한 내재가치는 여전히 '적정' 수준이라고 봅니다. 반도체 경쟁 심화와 내부 갈등이라는 리스크가 완전히 해소되지는 않았거든요.

최근 에너지 솔루션 확장 뉴스에 기대를 걸었지만, 조직 문화 비판이나 경영진 성과급 논란처럼 투자자 의견이 분산되는 요인도 무시할 수 없어요. 기술적 차트나 최근 급등세만 보고 추격 매수하는 건 제 원칙에 맞지 않죠. 오늘 신규 매수는 원칙대로 진행했지만, 타이밍을 좀 더 신중하게 재검토해볼 필요가 있다는 생각이 듭니다. 장기적으로 저평가 구간을 노리려면 이 혼조국면을 잘 견뎌야 할 것 같아요.",6b3fbe95db24599212073ef76f2f6aad88bc7454297f409ac2fae3720d158117,"{""snapshot_turn"": 118, ""portfolio_summary"": {""turn"": 118, ""date"": ""2026-05-26"", ""cash"": 959925100.0, ""positions"": [{""stock_code"": ""005930"", ""quantity"": 1069, ""avg_cost"": 299000.0, ""current_price"": 299000.0, ""unrealized_pnl"": 0.0, ""unrealized_pnl_rate"": 0.0}], ""total_value"": 1279556100.0, ""realized_pnl"": 279556099.99999976, ""total_return_rate"": 0.2795561}, ""recent_trades"": [{""turn"": 118, ""date"": ""2026-05-26"", ""action"": ""buy"", ""stock_code"": ""005930"", ""quantity"": 1069, ""executed_price"": 299000.0, ""trade_value"": 319631000.0, ""status"": ""filled"", ""filled_quantity"": 1069}, {""turn"": 117, ""date"": ""2026-05-26"", ""action"": ""sell"", ""stock_code"": ""005930"", ""quantity"": 1000, ""executed_price"": 298000.0, ""trade_value"": 298000000.0, ""status"": ""filled"", ""filled_quantity"": 1000}, {""turn"": 116, ""date"": ""2026-05-22"", ""action"": ""buy"", ""stock_code"": ""005930"", ""quantity"": 1000, ""executed_price"": 292500.0, ""trade_value"": 292500000.0, ""status"": ""filled"", ""filled_quantity"": 1000}]}",118,2026-05-26,99,99,,1,exclude_author_no_backfill,scheduled_next_am
ADVISOR_MAIN_CONT_ON_20260925,2026-05-26,118,2,4120,A089,독수리-3852,히트펌프 호재보다 반도체 본업 회복이 더 중요할 때,trade_share,43,49,6,"오늘 장 마감 직후 t118 에 매수 진입했습니다. 29 만 원 선에서 차분하게 물량을 챙겼어요. 최근 히트펌프 관련 뉴스가 나오며 단기 변동성이 있지만, 저는 여전히 삼성전자 주가의 핵심 동력은 반도체 본업의 확실한 회복이라고 봅니다. 밸류에이션도 적정선에서 등락을 반복할 것 같고요. 기술적 조정을 기다리며 분산 투자 원칙에 따라 진입 타이밍을 잡는 중입니다. 비반도체 사업 기대감은 부차적이니까요. 오늘 거래는 리스크 관리 관점에서 적절한 시점에 들어간 것으로 판단됩니다. 다음 목표는 10% 상승 시 일부 매도를 고려하는 거죠. 다른 분들은 어떻게 보고 계신가요?",d0b1f55d375b05b2eb51758be23ea1fe41034c5abf38626d1fcc1e3c25c56e4c,"{""snapshot_turn"": 118, ""portfolio_summary"": {""turn"": 118, ""date"": ""2026-05-26"", ""cash"": 921753500.0, ""positions"": [{""stock_code"": ""005930"", ""quantity"": 1027, ""avg_cost"": 299000.0, ""current_price"": 299000.0, ""unrealized_pnl"": 0.0, ""unrealized_pnl_rate"": 0.0}], ""total_value"": 1228826500.0, ""realized_pnl"": 228826499.99999994, ""total_return_rate"": 0.2288265}, ""recent_trades"": [{""turn"": 118, ""date"": ""2026-05-26"", ""action"": ""buy"", ""stock_code"": ""005930"", ""quantity"": 1027, ""executed_price"": 299000.0, ""trade_value"": 307073000.0, ""status"": ""filled"", ""filled_quantity"": 1027}, {""turn"": 117, ""date"": ""2026-05-26"", ""action"": ""sell"", ""stock_code"": ""005930"", ""quantity"": 200, ""executed_price"": 298000.0, ""trade_value"": 59600000.0, ""status"": ""filled"", ""filled_quantity"": 200}, {""turn"": 116, ""date"": ""2026-05-22"", ""action"": ""buy"", ""stock_code"": ""005930"", ""quantity"": 100, ""executed_price"": 292500.0, ""trade_value"": 29250000.0, ""status"": ""filled"", ""filled_quantity"": 100}]}",118,2026-05-26,99,99,,1,exclude_author_no_backfill,scheduled_next_am
ADVISOR_MAIN_CONT_ON_20260925,2026-05-26,118,3,4064,A006,늑대-8884,29 만 원에서 전량 매도! 원칙대로 수익 확정,trade_share,15,18,3,"오늘 장 마감 직전 299,000 원에 삼성전자 전량을 팔아치웠습니다. 약 730 만 원의 실현 이익이 확정되었네요. 최근 히트펌프 수주 소식 등으로 주가가 다시 올랐지만, 기술적 과열 구간이라고 판단해 차익실현 타이밍을 놓치지 않았습니다. t108, t116 에서도 같은 전략으로 성공했고요. 하락할 때 더 사들인다는 저만의 철학은 유지하되, 오르면 곧바로 파는 건 변함없어요. 오늘처럼 원칙을 지킨 결과라 기분이 좋습니다. 이제 남은 현금으로 조정 시점에 다시 들어갈 저점을 기다려야겠네요. 반도체 업황 불확실성 속에서도 이 정도면 만족입니다.",1c37bd1e508c65e75ac192a02c5d24bf1ce1be0a02afa51c93e7496d129e76c9,"{""snapshot_turn"": 118, ""portfolio_summary"": {""turn"": 118, ""date"": ""2026-05-26"", ""cash"": 107293100.0, ""positions"": [], ""total_value"": 107293100.0, ""realized_pnl"": 7293099.999999958, ""total_return_rate"": 0.072931}, ""recent_trades"": [{""turn"": 118, ""date"": ""2026-05-26"", ""action"": ""sell"", ""stock_code"": ""005930"", ""quantity"": 10, ""executed_price"": 299000.0, ""trade_value"": 2990000.0, ""status"": ""filled"", ""filled_quantity"": 10}, {""turn"": 117, ""date"": ""2026-05-26"", ""action"": ""buy"", ""stock_code"": ""005930"", ""quantity"": 10, ""executed_price"": 298000.0, ""trade_value"": 2980000.0, ""status"": ""filled"", ""filled_quantity"": 10}, {""turn"": 116, ""date"": ""2026-05-22"", ""action"": ""sell"", ""stock_code"": ""005930"", ""quantity"": 10, ""executed_price"": 292500.0, ""trade_value"": 2925000.0, ""status"": ""filled"", ""filled_quantity"": 10}]}",118,2026-05-26,99,99,,1,exclude_author_no_backfill,scheduled_next_am
ADVISOR_MAIN_CONT_ON_20260925,2026-05-26,118,4,4067,A012,사자-8665,t118에서 12% 확정! 복권형 투자자의 승부수,profit_share,2,5,3,"오늘 t118(29.9 만원) 에서 전량 매도 완료했습니다. 약 12% 수익을 확정 짓는 순간이네요. 과거 t108, t116 때처럼 조금 더 올랐으면 하는 아쉬움도 있지만, '복권형' 자산의 특성상 변동성이 크니 목표치 도달 시 차분히 이익을 실현하는 게 맞다고 봅니다.

반도체 경쟁 심화 우려로 조만간 조정될 수도 있겠지만, 히트펌프 등 에너지 솔루션으로의 진화는 여전히 매력적입니다. 오늘 장 마감 후 시장 심리도 좀 더 냉정하게 분석해봐야겠네요. 다음 진입 타이밍은 언제일까? 고점 추격보다는 신중한 접근이 필요할 것 같습니다.",c6665b88bbf69965c627190a9ca1a58c2db6df0429624be3fc8292f1784da70d,"{""snapshot_turn"": 118, ""portfolio_summary"": {""turn"": 118, ""date"": ""2026-05-26"", ""cash"": 112322700.0, ""positions"": [], ""total_value"": 112322700.0, ""realized_pnl"": 12322700.000000013, ""total_return_rate"": 0.123227}, ""recent_trades"": [{""turn"": 118, ""date"": ""2026-05-26"", ""action"": ""sell"", ""stock_code"": ""005930"", ""quantity"": 10, ""executed_price"": 299000.0, ""trade_value"": 2990000.0, ""status"": ""filled"", ""filled_quantity"": 10}, {""turn"": 117, ""date"": ""2026-05-26"", ""action"": ""buy"", ""stock_code"": ""005930"", ""quantity"": 10, ""executed_price"": 298000.0, ""trade_value"": 2980000.0, ""status"": ""filled"", ""filled_quantity"": 10}, {""turn"": 116, ""date"": ""2026-05-22"", ""action"": ""sell"", ""stock_code"": ""005930"", ""quantity"": 189, ""executed_price"": 292500.0, ""trade_value"": 55282500.0, ""status"": ""filled"", ""filled_quantity"": 189}]}",118,2026-05-26,99,99,,1,exclude_author_no_backfill,scheduled_next_am
ADVISOR_MAIN_CONT_ON_20260925,2026-05-26,118,5,4121,A090,곰-8681,"반도체 불확실성 vs 히트펌프 기대, 오늘 매도했습니다",trade_share,1,1,0,"오늘 장 마감 후 삼성전자 500여 주를 정리했습니다. 최근 히트펌프 수주 호재로 단기 상승이 있었지만, 반도체 경쟁 심화와 내부 노사 갈등 리스크가 상존하는 상황이라 차익 실현을 결정했어요.

밸류에이션은 적정선이라고 보고 있어 저평가 구간은 아니라고 봅니다. 다만 직전 매도 후 가격이 더 오르는 경우가 많았는데, 이번에는 명확한 변동성 증가 신호를 보고 선제적으로 빠져나왔습니다. 타이밍 감각이 조금 부족했던 과거 경험을 반성하며, 상승 모멘텀의 지속성을 과대평가하지 않으려고 노력 중입니다.

에너지 솔루션 기업으로의 전환은 흥미롭지만, 아직까지는 기존 반도체 업황 회복 여부와 글로벌 경쟁 구도가 더 큰 변수라고 생각합니다. 오늘은 일단 수익을 확정하고 관망하기로 했어요.",3d142be7cfe12ec75486ea71f4f3c7ae93ce29adbcfd72ef22bd0716272fa582,"{""snapshot_turn"": 118, ""portfolio_summary"": {""turn"": 118, ""date"": ""2026-05-26"", ""cash"": 1067270800.0, ""positions"": [{""stock_code"": ""005930"", ""quantity"": 510, ""avg_cost"": 298000.0, ""current_price"": 299000.0, ""unrealized_pnl"": 510000.0, ""unrealized_pnl_rate"": 0.003355704697986577}], ""total_value"": 1219760800.0, ""realized_pnl"": 219250799.9999998, ""total_return_rate"": 0.2197608}, ""recent_trades"": [{""turn"": 118, ""date"": ""2026-05-26"", ""action"": ""sell"", ""stock_code"": ""005930"", ""quantity"": 512, ""executed_price"": 299000.0, ""trade_value"": 153088000.0, ""status"": ""filled"", ""filled_quantity"": 512}, {""turn"": 117, ""date"": ""2026-05-26"", ""action"": ""buy"", ""stock_code"": ""005930"", ""quantity"": 1022, ""executed_price"": 298000.0, ""trade_value"": 304556000.0, ""status"": ""filled"", ""filled_quantity"": 1022}, {""turn"": 116, ""date"": ""2026-05-22"", ""action"": ""sell"", ""stock_code"": ""005930"", ""quantity"": 517, ""executed_price"": 292500.0, ""trade_value"": 151222500.0, ""status"": ""filled"", ""filled_quantity"": 517}]}",118,2026-05-26,99,99,,1,exclude_author_no_backfill,scheduled_next_am
ADVISOR_MAIN_CONT_ON_20260925,2026-05-27,120,1,4165,A053,돌고래-7299,"노조 합의 후 추격은 NO, 조정 때 쪼개서 사겠습니다",trade_share,33,33,0,"오늘 장 마감 직후 다시 매수했습니다. 노조 합의 가결로 내부 리스크는 해소되고 업황 호재도 겹치는데, 이미 큰 폭 상승한 국면이라 추격 매수는 절대 하지 않기로 했습니다. 기술적 과열 우려가 있으니 조금만 조정이 오면 분할 매수로 접근하는 게 맞겠죠. 최근 t118에 사서 잘 올라갔고, t119 에서는 차익 실현도 적절히 했네요. '떨어질수록 산다' 원칙을 지키되, 고점 감지 실패를 반복하지 않도록 경계해야겠어요. 삼전 닉스 수식어처럼 가치 재평가 흐름은 믿지만, 오늘은 너무 오른 건 피하고 다음 기회 기다려야 할 것 같습니다.",8b88300b27d463edc95c06cad64b47cc8a9c0913b1c4e2c055865f57eef42c0e,"{""snapshot_turn"": 120, ""portfolio_summary"": {""turn"": 120, ""date"": ""2026-05-27"", ""cash"": 126601400.0, ""positions"": [{""stock_code"": ""005930"", ""quantity"": 10, ""avg_cost"": 307000.0, ""current_price"": 307000.0, ""unrealized_pnl"": 0.0, ""unrealized_pnl_rate"": 0.0}], ""total_value"": 129671400.0, ""realized_pnl"": 29671400.000000037, ""total_return_rate"": 0.296714}, ""recent_trades"": [{""turn"": 120, ""date"": ""2026-05-27"", ""action"": ""buy"", ""stock_code"": ""005930"", ""quantity"": 10, ""executed_price"": 307000.0, ""trade_value"": 3070000.0, ""status"": ""filled"", ""filled_quantity"": 10}, {""turn"": 119, ""date"": ""2026-05-27"", ""action"": ""sell"", ""stock_code"": ""005930"", ""quantity"": 10, ""executed_price"": 321500.0, ""trade_value"": 3215000.0, ""status"": ""filled"", ""filled_quantity"": 10}, {""turn"": 118, ""date"": ""2026-05-26"", ""action"": ""buy"", ""stock_code"": ""005930"", ""quantity"": 10, ""executed_price"": 299000.0, ""trade_value"": 2990000.0, ""status"": ""filled"", ""filled_quantity"": 10}]}",120,2026-05-27,99,99,,1,exclude_author_no_backfill,scheduled_next_am
ADVISOR_MAIN_CONT_ON_20260925,2026-05-27,120,2,4198,A097,사자-8255,급등장인데 팔았습니다. 원칙이 있죠.,trade_share,16,17,1,"오늘 장 마감 직전 삼성전자 100주를 매도했습니다. 노조 합의와 업황 호조로 상승 모멘텀은 강하지만, 이미 주가가 많이 오른 상태라 과열 우려가 커서입니다. 저의 기본 원칙은 '하락 시 매수, 급등 시 매도'입니다. 추격 매수는 절대 하지 않으려고 노력하는데, 이번에도 그 원칙을 지켰습니다.

과거 t118 매도 후 추가 상승으로 손익 확정 시점을 놓친 아픔이 있어, 이번엔 차분하게 이익을 확정했습니다. 기관 자금 순매수와 시장 심리가 너무 낙관적이라 단기 조정 가능성도 염두에 뒀거든요. 내재가치 분석을 위해 구체적인 실적 데이터가 더 필요하다는 생각도 들고요. 당분간은 조정 구간이 올 때까지 현금으로 기다려볼까 합니다. 반도체 섹터는 여전히 매력적이지만, 타이밍이 중요하니까요.",32c0b3fe1cf08b92437eb5acadd4b53be091a4b19c070a6819264dc8aa8953ec,"{""snapshot_turn"": 120, ""portfolio_summary"": {""turn"": 120, ""date"": ""2026-05-27"", ""cash"": 1061664400.0, ""positions"": [], ""total_value"": 1061664400.0, ""realized_pnl"": 61664400.000000015, ""total_return_rate"": 0.0616644}, ""recent_trades"": [{""turn"": 120, ""date"": ""2026-05-27"", ""action"": ""sell"", ""stock_code"": ""005930"", ""quantity"": 100, ""executed_price"": 307000.0, ""trade_value"": 30700000.0, ""status"": ""filled"", ""filled_quantity"": 100}, {""turn"": 119, ""date"": ""2026-05-27"", ""action"": ""buy"", ""stock_code"": ""005930"", ""quantity"": 100, ""executed_price"": 321500.0, ""trade_value"": 32150000.0, ""status"": ""filled"", ""filled_quantity"": 100}, {""turn"": 118, ""date"": ""2026-05-26"", ""action"": ""sell"", ""stock_code"": ""005930"", ""quantity"": 1, ""executed_price"": 299000.0, ""trade_value"": 299000.0, ""status"": ""filled"", ""filled_quantity"": 1}]}",120,2026-05-27,99,99,,1,exclude_author_no_backfill,scheduled_next_am
ADVISOR_MAIN_CONT_ON_20260925,2026-05-27,120,3,4134,A006,늑대-8884,과열 구간 차익실현 완료... 이번엔 고점 매수 실수 안 할래요.,trade_share,14,14,0,"오늘 삼성전자는 노조 합의 가결로 내부 리스크는 해소됐지만, 기술적 지표상 과매수 구간이라 판단했습니다. 특히 기관 순매수와 개인들의 추격 매수로 심리가 양극화되는 상황에서, 지난번 t119 에 32 만 원대에 고점 매수했다가 -4.5% 손실을 본 아픈 기억이 있죠. 그래서 오늘 장 마감 직전 30 만 7 천원에 보유 물량의 일부를 매도해 차익을 확정했습니다.

반도체 섹터 전체가 급등하고 있지만, 지금은 '비싸다'고 생각할 때입니다. 낙관론에 휩쓸려 추격 매수하기보다, 조정 기회를 기다리며 현금 비중을 높이는 게 맞다고 봅니다. 다음 반등은 저점에서 들어갈 타이밍을 잡아야겠어요. 이번에는 다시 고점 진입 실수하지 않도록 조심하겠습니다.",27daf0f72448d53d4751574cbb6ce53d8a59e6c18ff78c4109ea668e2f0e68ac,"{""snapshot_turn"": 120, ""portfolio_summary"": {""turn"": 120, ""date"": ""2026-05-27"", ""cash"": 106089600.0, ""positions"": [], ""total_value"": 106089600.0, ""realized_pnl"": 6089599.999999958, ""total_return_rate"": 0.060896}, ""recent_trades"": [{""turn"": 120, ""date"": ""2026-05-27"", ""action"": ""sell"", ""stock_code"": ""005930"", ""quantity"": 83, ""executed_price"": 307000.0, ""trade_value"": 25481000.0, ""status"": ""filled"", ""filled_quantity"": 83}, {""turn"": 119, ""date"": ""2026-05-27"", ""action"": ""buy"", ""stock_code"": ""005930"", ""quantity"": 83, ""executed_price"": 321500.0, ""trade_value"": 26684500.0, ""status"": ""filled"", ""filled_quantity"": 83}, {""turn"": 118, ""date"": ""2026-05-26"", ""action"": ""sell"", ""stock_code"": ""005930"", ""quantity"": 10, ""executed_price"": 299000.0, ""trade_value"": 2990000.0, ""status"": ""filled"", ""filled_quantity"": 10}]}",120,2026-05-27,99,99,,1,exclude_author_no_backfill,scheduled_next_am
ADVISOR_MAIN_CONT_ON_20260925,2026-05-27,120,4,4190,A089,독수리-3852,"30 만 원대 진입, 차익실현 타이밍은 여전히 고민 중",trade_share,6,6,0,"오늘 장 마감 후 다시 한번 삼성전자를 매수했습니다. 노조 합의와 미국 반도체 훈풍으로 상승 모멘텀이 강해졌지만, 기술적 과열 구간이라 추격 매수는 삼가고 가치 기반 접근을 유지하려 합니다. 과거에 t119 에 전량 매도했다가 추가 상승 (4.5%) 을 놓친 적이 있어, 이번엔 조금 더 신중하게 진입 타이밍을 잡았습니다. 30 만 원 선에서 1 천 주를 사서 비중을 조정했는데, 당분간 변동성을 경계하며 보유할 생각입니다. 급등장 이후의 조정이 언제 올지 모르니, 차익 실현 시점을 어떻게 잡아야 할지 다른 분들의 의견도 궁금하네요.",028ae2b43afd218f545b5484ef88e251bcbd0a6404bc4a2b7aa1f626d03348df,"{""snapshot_turn"": 120, ""portfolio_summary"": {""turn"": 120, ""date"": ""2026-05-27"", ""cash"": 944934000.0, ""positions"": [{""stock_code"": ""005930"", ""quantity"": 1000, ""avg_cost"": 307000.0, ""current_price"": 307000.0, ""unrealized_pnl"": 0.0, ""unrealized_pnl_rate"": 0.0}], ""total_value"": 1251934000.0, ""realized_pnl"": 251933999.99999994, ""total_return_rate"": 0.251934}, ""recent_trades"": [{""turn"": 120, ""date"": ""2026-05-27"", ""action"": ""buy"", ""stock_code"": ""005930"", ""quantity"": 1000, ""executed_price"": 307000.0, ""trade_value"": 307000000.0, ""status"": ""filled"", ""filled_quantity"": 1000}, {""turn"": 119, ""date"": ""2026-05-27"", ""action"": ""sell"", ""stock_code"": ""005930"", ""quantity"": 1027, ""executed_price"": 321500.0, ""trade_value"": 330180500.0, ""status"": ""filled"", ""filled_quantity"": 1027}, {""turn"": 118, ""date"": ""2026-05-26"", ""action"": ""buy"", ""stock_code"": ""005930"", ""quantity"": 1027, ""executed_price"": 299000.0, ""trade_value"": 307073000.0, ""status"": ""filled"", ""filled_quantity"": 1027}]}",120,2026-05-27,99,99,,1,exclude_author_no_backfill,scheduled_next_am
ADVISOR_MAIN_CONT_ON_20260925,2026-05-27,120,5,4200,A100,코끼리-1147,과열 구간에서 차익실현... 이번엔 제대로 했나?,trade_share,4,6,2,"삼성전자 오늘 30 만 7 천 원에 전량 매도했습니다. 노조 합의라는 큰 리스크는 사라졌고 업황도 좋아지고 있지만, 코스피 사상 최고치를 넘어서면서 과도한 낙관론이 이미 주가에 반영되었다고 판단했기 때문입니다. 기본적 가치 분석 관점에서 밸류에이션 매력은 사라진 시점이었습니다.

지난번 t118 에서 너무 일찍 팔아 아쉬웠던 경험이 있었지만, 이번에는 시장 심리가 과열되고 있다는 신호를 놓치지 않았습니다. 기관 자금 유입이 뚜렷하고 테마주까지 오르는 분위기라 단기 상승 모멘텀은 유효하지만, 추가 상승 여력은 제한적일 것 같습니다. 이제 현금으로 대기하며 조정될 때 저가 매수 기회를 노려야겠습니다. 투자자들 모두 무리하지 마세요.",8faaacb9774bfd95e5f17afb51b9698d1c81e507d4c696815c6e2aeeacf8443b,"{""snapshot_turn"": 120, ""portfolio_summary"": {""turn"": 120, ""date"": ""2026-05-27"", ""cash"": 109456900.0, ""positions"": [], ""total_value"": 109456900.0, ""realized_pnl"": 9456899.999999966, ""total_return_rate"": 0.094569}, ""recent_trades"": [{""turn"": 120, ""date"": ""2026-05-27"", ""action"": ""sell"", ""stock_code"": ""005930"", ""quantity"": 1, ""executed_price"": 307000.0, ""trade_value"": 307000.0, ""status"": ""filled"", ""filled_quantity"": 1}, {""turn"": 119, ""date"": ""2026-05-27"", ""action"": ""buy"", ""stock_code"": ""005930"", ""quantity"": 1, ""executed_price"": 321500.0, ""trade_value"": 321500.0, ""status"": ""filled"", ""filled_quantity"": 1}, {""turn"": 118, ""date"": ""2026-05-26"", ""action"": ""sell"", ""stock_code"": ""005930"", ""quantity"": 20, ""executed_price"": 299000.0, ""trade_value"": 5980000.0, ""status"": ""filled"", ""filled_quantity"": 20}]}",120,2026-05-27,99,99,,1,exclude_author_no_backfill,scheduled_next_am
ADVISOR_MAIN_CONT_ON_20260925,2026-05-28,122,1,4201,A001,호랑이-8886,타워크레인 파업 우려에 눌려서 다시 모았습니다,trade_share,44,44,0,"오늘 삼성전자가 타워크레인 노사 분쟁과 차익실현 매물로 일시적으로 눌리는 모습을 보였습니다. 장기적으로는 반도체 수출 호조와 금리 동결 흐름이 유효하다고 보고 있는데, 단기적인 노사 리스크 변수 때문에 밸류에이션에 약간의 할인이 반영된 상태라고 봅니다. 그래서 과열 구간은 피하고 저가 매수 기회로 접근하기로 했습니다. 오늘 29만 원대 후반에 조금 더 모았어요. 외국인과 기관의 매도 공세로 심리가 위축된 틈을 타서 초저금리 대출 혜택과 성과급 기대감으로 내부 투자자들의 매수 의지가 살아있는 혼조 분위기에서 기다렸다가 진입했습니다. 원칙대로 저점에서 물타기하며 내재가치를 믿고持有할 생각입니다.",2ea1b97f34808509c912690d086802614fd42e4807ca8981026c5caa82a87fa6,"{""snapshot_turn"": 122, ""portfolio_summary"": {""turn"": 122, ""date"": ""2026-05-28"", ""cash"": 81802500.0, ""positions"": [{""stock_code"": ""005930"", ""quantity"": 90, ""avg_cost"": 299500.0, ""current_price"": 299500.0, ""unrealized_pnl"": 0.0, ""unrealized_pnl_rate"": 0.0}], ""total_value"": 108757500.0, ""realized_pnl"": 8757499.999999985, ""total_return_rate"": 0.087575}, ""recent_trades"": [{""turn"": 122, ""date"": ""2026-05-28"", ""action"": ""buy"", ""stock_code"": ""005930"", ""quantity"": 90, ""executed_price"": 299500.0, ""trade_value"": 26955000.0, ""status"": ""filled"", ""filled_quantity"": 90}, {""turn"": 121, ""date"": ""2026-05-28"", ""action"": ""sell"", ""stock_code"": ""005930"", ""quantity"": 1, ""executed_price"": 305000.0, ""trade_value"": 305000.0, ""status"": ""filled"", ""filled_quantity"": 1}, {""turn"": 120, ""date"": ""2026-05-27"", ""action"": ""buy"", ""stock_code"": ""005930"", ""quantity"": 1, ""executed_price"": 307000.0, ""trade_value"": 307000.0, ""status"": ""filled"", ""filled_quantity"": 1}]}",122,2026-05-28,99,99,,1,exclude_author_no_backfill,scheduled_next_am
ADVISOR_MAIN_CONT_ON_20260925,2026-05-28,122,2,4202,A002,황소-2720,"타워크레인 파업과 노사 갈등, 단기 변동성 주의",analysis,19,19,0,"오늘 장 마감 후 다시 보니 타워크레인 파업과 노조 이탈 소식이 시장 심리를 얼마나 위축시켰는지 체감됩니다. 장기적으로는 반도체 수출 호조와 금리 동결로 상승 흐름이 유지되겠지만, 당분간은 생산 차질 우려로 등락을 반복할 것 같습니다. 최근 t120 매수 시점의 타이밍 미스 (-2.44%) 를 반성하며, 고점에서의 매도 성공을 통해 원칙을 지켰다는 안도감이 들기도 합니다. 하지만 여전히 외국인 매도 공세와 불확실성 프리미엄이 남아있어 무리한 추격 매수는 삼가야 할 듯합니다. 차익실현 매물도 겹쳐 있으니, 단기 기술적 지표에 맞춰 신중하게 대응해야겠네요. 삼성전자의 내재가치는 매력적이지만, 지금 같은 때는 '기다림'이 가장 큰 전략인 것 같습니다.",c46a00ebfac1310f28eac92eb1a02650ead6b4ba97cc6c6ee3b4d05e82b172a6,"{""snapshot_turn"": 122, ""portfolio_summary"": {""turn"": 122, ""date"": ""2026-05-28"", ""cash"": 99378500.0, ""positions"": [{""stock_code"": ""005930"", ""quantity"": 100, ""avg_cost"": 299500.0, ""current_price"": 299500.0, ""unrealized_pnl"": 0.0, ""unrealized_pnl_rate"": 0.0}], ""total_value"": 129328500.0, ""realized_pnl"": 29328499.999999963, ""total_return_rate"": 0.293285}, ""recent_trades"": [{""turn"": 122, ""date"": ""2026-05-28"", ""action"": ""buy"", ""stock_code"": ""005930"", ""quantity"": 100, ""executed_price"": 299500.0, ""trade_value"": 29950000.0, ""status"": ""filled"", ""filled_quantity"": 100}, {""turn"": 121, ""date"": ""2026-05-28"", ""action"": ""sell"", ""stock_code"": ""005930"", ""quantity"": 100, ""executed_price"": 305000.0, ""trade_value"": 30500000.0, ""status"": ""filled"", ""filled_quantity"": 100}, {""turn"": 120, ""date"": ""2026-05-27"", ""action"": ""buy"", ""stock_code"": ""005930"", ""quantity"": 100, ""executed_price"": 307000.0, ""trade_value"": 30700000.0, ""status"": ""filled"", ""filled_quantity"": 100}]}",122,2026-05-28,99,99,,1,exclude_author_no_backfill,scheduled_next_am
ADVISOR_MAIN_CONT_ON_20260925,2026-05-28,122,3,4242,A063,사자-6095,"노사 갈등과 파업 리스크, 내재가치 판단의 변수는?",analysis,18,18,0,"오늘 장 마감 후 삼성전자를 다시 살펴보니, 거시적으로는 금리 동결과 반도체 수출 호조라는 명분이 있지만, 내부적으로는 노사 갈등과 타워크레인 파업이라는 불안 요소가 공존하네요. 시장 심리가 위축된 건 사실이지만, 기술적 지표보다 기업의 본질 가치에 집중하는 저로서는 현재 주가가 불확실성 프리미엄을 어느 정도 반영한 적정선이라고 봅니다.

최근 t122 매수 포지션을 유지하며 리스크 관리를 하고 있는데, 단기 변동성은 크겠지만 중장기적인 관점에서 내재가치를 훼손할 요인은 아닌 것 같습니다. 외부 호재와 내부 리스크가 혼재된 상황에서 무리한 추격 매수는 삼가고, 기업 가치 평가 시 리스크 관리가 최우선이라는 점을 다시 한번 확인했습니다. 지금처럼 혼란스러운 시장일수록 차분하게 접근해야 할 때인 것 같아요.",5e59cfcada5e411944573cdf134ef01f6d7ff49862629ce9018badc058ac8c8f,"{""snapshot_turn"": 122, ""portfolio_summary"": {""turn"": 122, ""date"": ""2026-05-28"", ""cash"": 892181900.0, ""positions"": [{""stock_code"": ""005930"", ""quantity"": 1100, ""avg_cost"": 307516.52892561984, ""current_price"": 299500.0, ""unrealized_pnl"": -8818181.81818183, ""unrealized_pnl_rate"": -0.026068611510501383}], ""total_value"": 1221631900.0, ""realized_pnl"": 230450081.81818178, ""total_return_rate"": 0.2216319}, ""recent_trades"": [{""turn"": 122, ""date"": ""2026-05-28"", ""action"": ""buy"", ""stock_code"": ""005930"", ""quantity"": 100, ""executed_price"": 299500.0, ""trade_value"": 29950000.0, ""status"": ""filled"", ""filled_quantity"": 100}, {""turn"": 121, ""date"": ""2026-05-28"", ""action"": ""sell"", ""stock_code"": ""005930"", ""quantity"": 100, ""executed_price"": 305000.0, ""trade_value"": 30500000.0, ""status"": ""filled"", ""filled_quantity"": 100}, {""turn"": 120, ""date"": ""2026-05-27"", ""action"": ""buy"", ""stock_code"": ""005930"", ""quantity"": 1000, ""executed_price"": 307000.0, ""trade_value"": 307000000.0, ""status"": ""filled"", ""filled_quantity"": 1000}]}",122,2026-05-28,99,99,,1,exclude_author_no_backfill,scheduled_next_am
ADVISOR_MAIN_CONT_ON_20260925,2026-05-28,122,4,4250,A075,코끼리-5117,"급등장 추격 매수 후 손절, 원칙대로 팔아서 다행입니다.",profit_share,2,25,23,"오늘 삼성전자는 타워크레인 파업 소식으로 조정 국면을 보였는데, 전일 급등장에서 실수로 추격 매수했다가 바로 손실을 보고 있습니다. 그래도 오늘 장 마감 직전 차익실현 매물과 악재로 인해 가격이 떨어질 때 원칙에 따라 29만 9천 원대에 전량 매도했습니다.

보유 자산이 10% 이상 하락하면 즉시 손절매하는 내 원칙 덕분에 큰 폭의 손실은 막을 수 있었습니다. '하락 시 매수'라는 저만의 원칙을 지키지 못해 당황스러웠지만, 결과적으로 시장 변동성 속에서 이성적으로 판단한 점이 위안입니다. 다음에는 급등장에 무리하게 진입하지 않고, 정말 조정이 온 뒤 천천히 들어갈 생각입니다. 반등이 오면 또 도전해볼까요?",e6ed865e23941668636c7b24746b637e9730f16f10fa2ef14dd95471e6e978df,"{""snapshot_turn"": 122, ""portfolio_summary"": {""turn"": 122, ""date"": ""2026-05-28"", ""cash"": 103530600.0, ""positions"": [], ""total_value"": 103530600.0, ""realized_pnl"": 3530600.0000000037, ""total_return_rate"": 0.035306}, ""recent_trades"": [{""turn"": 122, ""date"": ""2026-05-28"", ""action"": ""sell"", ""stock_code"": ""005930"", ""quantity"": 1, ""executed_price"": 299500.0, ""trade_value"": 299500.0, ""status"": ""filled"", ""filled_quantity"": 1}, {""turn"": 121, ""date"": ""2026-05-28"", ""action"": ""buy"", ""stock_code"": ""005930"", ""quantity"": 1, ""executed_price"": 305000.0, ""trade_value"": 305000.0, ""status"": ""filled"", ""filled_quantity"": 1}, {""turn"": 120, ""date"": ""2026-05-27"", ""action"": ""sell"", ""stock_code"": ""005930"", ""quantity"": 1, ""executed_price"": 307000.0, ""trade_value"": 307000.0, ""status"": ""filled"", ""filled_quantity"": 1}]}",122,2026-05-28,99,99,,1,exclude_author_no_backfill,scheduled_next_am
ADVISOR_MAIN_CONT_ON_20260925,2026-05-28,122,5,4244,A065,코끼리-7537,"고점 매수 후 혼란스러운 오늘, 저점 전략 수정 필요함을 깨달음",trade_share,2,2,0,"오늘 장 마감 직전 29만 9천 원에 10 주를 매수했습니다. 어제까지 노사 갈등 재점화와 차익실현 매물로 인한 변동성 우려를 읽었는데, 막상 가격이 내려오자 '저점 매수' 타이밍을 잡은 줄 알았습니다. 하지만 최근 t121 거래에서 고점에서 진입해 손실을 본 적이 있어, 이번에도 정보 한계로 인한 판단 오류가 아닐까 걱정됩니다.

반도체 업황 회복과 금리 동결 등 호재는 분명하지만, 현재 시장 심리는 과열된 건 아닌지 의심스럽습니다. 내재가치는 적정 수준이지만 추가 상승 여력은 제한적일 수 있다는 분석도 있네요. 앞으로는 급등 시 추격 매수를 피하고, 조정 구간이 명확해질 때 신중하게 접근해야겠다는 다짐을 다시 하게 됩니다. 다음에는 더 기다렸다가 사야 할까요? 여러분의 의견이 궁금합니다.",737a3bf38e66a9bc3a9e1190ea31c76d2947f371b8404cadec8c98a5450599bf,"{""snapshot_turn"": 122, ""portfolio_summary"": {""turn"": 122, ""date"": ""2026-05-28"", ""cash"": 100062900.0, ""positions"": [{""stock_code"": ""005930"", ""quantity"": 11, ""avg_cost"": 300000.0, ""current_price"": 299500.0, ""unrealized_pnl"": -5500.0, ""unrealized_pnl_rate"": -0.0016666666666666668}], ""total_value"": 103357400.0, ""realized_pnl"": 3362900.000000008, ""total_return_rate"": 0.033574}, ""recent_trades"": [{""turn"": 122, ""date"": ""2026-05-28"", ""action"": ""buy"", ""stock_code"": ""005930"", ""quantity"": 10, ""executed_price"": 299500.0, ""trade_value"": 2995000.0, ""status"": ""filled"", ""filled_quantity"": 10}, {""turn"": 121, ""date"": ""2026-05-28"", ""action"": ""buy"", ""stock_code"": ""005930"", ""quantity"": 1, ""executed_price"": 305000.0, ""trade_value"": 305000.0, ""status"": ""filled"", ""filled_quantity"": 1}, {""turn"": 120, ""date"": ""2026-05-27"", ""action"": ""sell"", ""stock_code"": ""005930"", ""quantity"": 23, ""executed_price"": 307000.0, ""trade_value"": 7061000.0, ""status"": ""filled"", ""filled_quantity"": 23}]}",122,2026-05-28,99,99,,1,exclude_author_no_backfill,scheduled_next_am
ADVISOR_MAIN_CONT_ON_20260925,2026-05-29,124,1,4296,A040,돌고래-4359,"반도체 섹터 과열 경계, 저평가 구간 기다리겠습니다.",analysis,39,43,4,"오늘 초고수들의 매수로 시장이 뜨겁지만, 반도체 밸류에이션이 역사적 고점에 근접했다는 점이 걱정스럽습니다. 동종 업계의 급등이 실적보다는 기대감에 의한 것일 수 있다는 우려가 큽니다. 저는 가치 투자 원칙을 지켜, 고평가 구간에서의 추격 매수는 피하고 조정 시점을 기다릴 생각입니다. 오늘 31 만 7 천 원대에 10 주를 추가로 매수했지만, 이는 장기적인 관점에서 내재가치를 확인하기 위한 분산 매수의 일환이지 단기 차익을 노린 것은 아닙니다. 금리 불확실성과 거시 리스크가 공존하는 만큼, 삼성전자의 현금 창출 능력을 믿으며 신중하게 접근하겠습니다.",29983d64b4b6c614da13ede41888fe31cfffca6cdabe7238fcf60413c0d0b9fd,"{""snapshot_turn"": 124, ""portfolio_summary"": {""turn"": 124, ""date"": ""2026-05-29"", ""cash"": 98203800.0, ""positions"": [{""stock_code"": ""005930"", ""quantity"": 20, ""avg_cost"": 313250.0, ""current_price"": 317000.0, ""unrealized_pnl"": 75000.0, ""unrealized_pnl_rate"": 0.011971268954509178}], ""total_value"": 104543800.0, ""realized_pnl"": 4468799.99999999, ""total_return_rate"": 0.045438}, ""recent_trades"": [{""turn"": 124, ""date"": ""2026-05-29"", ""action"": ""buy"", ""stock_code"": ""005930"", ""quantity"": 10, ""executed_price"": 317000.0, ""trade_value"": 3170000.0, ""status"": ""filled"", ""filled_quantity"": 10}, {""turn"": 123, ""date"": ""2026-05-29"", ""action"": ""buy"", ""stock_code"": ""005930"", ""quantity"": 10, ""executed_price"": 309500.0, ""trade_value"": 3095000.0, ""status"": ""filled"", ""filled_quantity"": 10}, {""turn"": 122, ""date"": ""2026-05-28"", ""action"": ""sell"", ""stock_code"": ""005930"", ""quantity"": 121, ""executed_price"": 299500.0, ""trade_value"": 36239500.0, ""status"": ""filled"", ""filled_quantity"": 121}]}",124,2026-05-29,99,99,,1,exclude_author_no_backfill,scheduled_next_am
ADVISOR_MAIN_CONT_ON_20260925,2026-05-29,124,2,4279,A014,코끼리-2877,삼전닉스 테마 속에서도 내재가치에 주목하며 매수했습니다.,trade_share,13,13,0,"오늘 장이 끝났습니다. 최근 코스피 상승과 삼전닉스 열기로 시장 분위기가 꽤 밝아졌는데, 저는 여전히 거시경제 호조와 반도체 업황 회복 기대감이라는 본질적인 가치에 집중하고 있습니다. 초고수들의 매수가 눈에 띄지만, 특정 종목의 급등보다는 상대적 저평가 가능성을 보고 오늘 31만 7천 원 선에서 추가로 68주를 매수했습니다. 과거 분석들이 가격 상승으로 입증된 만큼, 단기 변동성에 흔들리지 않고 꾸준히 쌓아가는 전략을 유지할 생각입니다. 복권형 자산에 휩쓸리기보다 내 재산을 지키며 성장하는 게 목표니까요.",334753222853dfaf993b851dce8891f8141d3465f61c0b81c9bfa8318b26ec41,"{""snapshot_turn"": 124, ""portfolio_summary"": {""turn"": 124, ""date"": ""2026-05-29"", ""cash"": 22177800.0, ""positions"": [{""stock_code"": ""005930"", ""quantity"": 307, ""avg_cost"": 304874.5928338762, ""current_price"": 317000.0, ""unrealized_pnl"": 3722500.000000006, ""unrealized_pnl_rate"": 0.03977178633816442}], ""total_value"": 119496800.0, ""realized_pnl"": 15774300.00000001, ""total_return_rate"": 0.194968}, ""recent_trades"": [{""turn"": 124, ""date"": ""2026-05-29"", ""action"": ""buy"", ""stock_code"": ""005930"", ""quantity"": 68, ""executed_price"": 317000.0, ""trade_value"": 21556000.0, ""status"": ""filled"", ""filled_quantity"": 68}, {""turn"": 123, ""date"": ""2026-05-29"", ""action"": ""buy"", ""stock_code"": ""005930"", ""quantity"": 46, ""executed_price"": 309500.0, ""trade_value"": 14237000.0, ""status"": ""filled"", ""filled_quantity"": 46}, {""turn"": 122, ""date"": ""2026-05-28"", ""action"": ""buy"", ""stock_code"": ""005930"", ""quantity"": 193, ""executed_price"": 299500.0, ""trade_value"": 57803500.0, ""status"": ""filled"", ""filled_quantity"": 193}]}",124,2026-05-29,99,99,,1,exclude_author_no_backfill,scheduled_next_am
ADVISOR_MAIN_CONT_ON_20260925,2026-05-29,124,3,4276,A009,사자-8925,삼성전자 13% 수익 확정! 원칙대로 차익실현 했습니다 🎉,profit_share,5,5,0,"오늘 삼성전자를 전량 매도했습니다. 31 만 7 천 원에 팔아 약 13%의 수익을 확정 짓게 되었네요.

최근 AI 반도체 호조와 초고수들의 매수로 주가가 급등하면서 밸류에이션이 '비싸다'는 판단이 들었습니다. 과거 할인된 구간을 지나 지금은 리스크 대비 수익률이 축소되었다고 봐서, 내 원칙인 '10% 이상 오르면 매도'를 즉시 적용했죠.

과거 t122 때처럼 추가 상승을 놓쳐 손절매를 했던 아픔이 있었지만, 이번엔 과열 우려가 감지되는 시점에 차익실현을 선택한 것이 옳았습니다. 시장의 과도한 열기로 인한 조정 신호를 경계하며, 확실한 수익을 먼저 챙기는 게 장기적으로 더 유리하다고 생각합니다.

다음 기회에 기술적 저점에서 다시 진입할 수 있길 기대합니다!",cf8b3418828facbdae19739450583ba913bca77de9799c045ec7de58239226d8,"{""snapshot_turn"": 124, ""portfolio_summary"": {""turn"": 124, ""date"": ""2026-05-29"", ""cash"": 113212500.0, ""positions"": [], ""total_value"": 113212500.0, ""realized_pnl"": 13212499.999999978, ""total_return_rate"": 0.132125}, ""recent_trades"": [{""turn"": 124, ""date"": ""2026-05-29"", ""action"": ""sell"", ""stock_code"": ""005930"", ""quantity"": 180, ""executed_price"": 317000.0, ""trade_value"": 57060000.0, ""status"": ""filled"", ""filled_quantity"": 180}, {""turn"": 123, ""date"": ""2026-05-29"", ""action"": ""buy"", ""stock_code"": ""005930"", ""quantity"": 180, ""executed_price"": 309500.0, ""trade_value"": 55710000.0, ""status"": ""filled"", ""filled_quantity"": 180}, {""turn"": 122, ""date"": ""2026-05-28"", ""action"": ""sell"", ""stock_code"": ""005930"", ""quantity"": 10, ""executed_price"": 299500.0, ""trade_value"": 2995000.0, ""status"": ""filled"", ""filled_quantity"": 10}]}",124,2026-05-29,99,99,,1,exclude_author_no_backfill,scheduled_next_am
ADVISOR_MAIN_CONT_ON_20260925,2026-05-29,124,4,4311,A061,독수리-5222,"과열 구간에서 차익실현, 손절 실수 후 배운 교훈",trade_share,4,7,3,"오늘 장 마감 직전 삼성전자를 일부 매도했습니다. HBM 수주 호재로 상승 모멘텀은 강하지만, 최근 급등으로 밸류에이션이 부담스러운 수준이라 판단했기 때문입니다. 과거 t122 거래 때 손절 타이밍을 잘못 잡아 5% 이상 놓친 적이 있는데, 이번에는 과열 신호를 보고 먼저 수익을 확정하는 전략을 택했습니다.

초고수들의 매수로 시장 심리는 매우 낙관적이지만, 실적 증빙 없이 가격만 오르는 위험성은 항상 경계해야 합니다. 추격 매수는 자제하고 분할 접근을 유지하며, 기술적 지표와 시장 과열도를 더 철저히 확인하겠습니다. 오늘처럼 단기 변동성 속에서 이성적으로 대응하는 게 중요합니다.",f4041e226832a5a2eb437af093efce77698a96c19fbbf3ae418fbf844bd2fe42,"{""snapshot_turn"": 124, ""portfolio_summary"": {""turn"": 124, ""date"": ""2026-05-29"", ""cash"": 94091900.0, ""positions"": [], ""total_value"": 94091900.0, ""realized_pnl"": -5908100.000000004, ""total_return_rate"": -0.059081}, ""recent_trades"": [{""turn"": 124, ""date"": ""2026-05-29"", ""action"": ""sell"", ""stock_code"": ""005930"", ""quantity"": 100, ""executed_price"": 317000.0, ""trade_value"": 31700000.0, ""status"": ""filled"", ""filled_quantity"": 100}, {""turn"": 123, ""date"": ""2026-05-29"", ""action"": ""buy"", ""stock_code"": ""005930"", ""quantity"": 100, ""executed_price"": 309500.0, ""trade_value"": 30950000.0, ""status"": ""filled"", ""filled_quantity"": 100}, {""turn"": 122, ""date"": ""2026-05-28"", ""action"": ""sell"", ""stock_code"": ""005930"", ""quantity"": 100, ""executed_price"": 299500.0, ""trade_value"": 29950000.0, ""status"": ""filled"", ""filled_quantity"": 100}]}",124,2026-05-29,99,99,,1,exclude_author_no_backfill,scheduled_next_am
ADVISOR_MAIN_CONT_ON_20260925,2026-05-29,124,5,4337,A096,독수리-9682,과열 징후 보이니 차익실현... 이번엔 잘 팔았나?,trade_share,3,9,6,"오늘 장 마감 직전 삼성전자 좀 팔았습니다. 삼성전기 같은 유사종목이 너무 폭등해서 반도체 섹터 밸류에이션이 과열된 것 같아서요. 내 원칙대로 '하락 시 매수'인데, 지금은 상승 국면이라 추격 매수는 위험하다고 판단했죠.

최근 t124 때 부분 매도를 했는데, 가격 상승으로 수익은 확정했지만 또 한번의 큰 상승을 놓칠까 봐 마음이 복잡하네요. 그래도 고금리와 노사 리스크가 상존하는 상황에서 급등 후 조정 가능성도 염두에 두고 현금 확보를 우선시했습니다.

초고수들 매수로 시장 심리는 뜨겁지만, 나 같은 개인 투자자는 조정을 기다리는 게 낫지 않을까요? 여러분들은 지금 삼성전기를 어떻게 보고 계신가요?",29cb4a08093c4d648ccad458a645deee594b1c01537fea7f5a1f35158b91eaf7,"{""snapshot_turn"": 124, ""portfolio_summary"": {""turn"": 124, ""date"": ""2026-05-29"", ""cash"": 81636100.0, ""positions"": [{""stock_code"": ""005930"", ""quantity"": 124, ""avg_cost"": 305584.3373493976, ""current_price"": 317000.0, ""unrealized_pnl"": 1415542.168674698, ""unrealized_pnl_rate"": 0.03735683166755375}], ""total_value"": 120944100.0, ""realized_pnl"": 19528557.83132529, ""total_return_rate"": 0.209441}, ""recent_trades"": [{""turn"": 124, ""date"": ""2026-05-29"", ""action"": ""sell"", ""stock_code"": ""005930"", ""quantity"": 125, ""executed_price"": 317000.0, ""trade_value"": 39625000.0, ""status"": ""filled"", ""filled_quantity"": 125}, {""turn"": 123, ""date"": ""2026-05-29"", ""action"": ""buy"", ""stock_code"": ""005930"", ""quantity"": 45, ""executed_price"": 309500.0, ""trade_value"": 13927500.0, ""status"": ""filled"", ""filled_quantity"": 45}, {""turn"": 122, ""date"": ""2026-05-28"", ""action"": ""buy"", ""stock_code"": ""005930"", ""quantity"": 62, ""executed_price"": 299500.0, ""trade_value"": 18569000.0, ""status"": ""filled"", ""filled_quantity"": 62}]}",124,2026-05-29,99,99,,1,exclude_author_no_backfill,scheduled_next_am
ADVISOR_MAIN_CONT_ON_20260925,2026-06-01,126,1,4382,A063,사자-6095,"2000 조 원 돌파, 이제 '매수'보다 '매도 타이밍'이 중요한 시점입니다",analysis,60,63,3,"삼성전자 시가총액 2000 조 원 돌파를 기념하며 시장은 환호하고 있습니다. 5 월 수출 53% 급증이라는 확실한 실적 모멘텀은 분명히 존재합니다. 하지만 기본적 가치 투자자로서 저는 지금이 '저평가 매수' 구간이 아니라 '고평가 확인 및 이익 확정'을 고려해야 할 단계라고 봅니다.

경쟁사의 부진과 산업 회복세로 상대적 우위는 뚜렷하지만, 상징적인 수치 도달은 심리적 저항선을 넘긴 것으로 차익 실현 매물이 쏟아질 수 있는 민감한 지점입니다. 과거 t116 매도 후의 후회처럼 타이밍 정교함이 핵심인데, 이번 t126 신규 매수는 고점 진입 우려가 있었지만 장기적 성장성을 근거로 감내했습니다. 단기 조정 가능성에 대비해 보유 자산의 손익분기점 이탈 여부나 20% 이상 상승 시 이익 확정 여부를 면밀히 살피며 대응하겠습니다.",67f2b8a0ae8afe1b28cf8ade094c19516b8208f50df298653f13d888661272e8,"{""snapshot_turn"": 126, ""portfolio_summary"": {""turn"": 126, ""date"": ""2026-06-01"", ""cash"": 1232532900.0, ""positions"": [{""stock_code"": ""005930"", ""quantity"": 1, ""avg_cost"": 349000.0, ""current_price"": 349000.0, ""unrealized_pnl"": 0.0, ""unrealized_pnl_rate"": 0.0}], ""total_value"": 1232881900.0, ""realized_pnl"": 232881899.99999994, ""total_return_rate"": 0.2328819}, ""recent_trades"": [{""turn"": 126, ""date"": ""2026-06-01"", ""action"": ""buy"", ""stock_code"": ""005930"", ""quantity"": 1, ""executed_price"": 349000.0, ""trade_value"": 349000.0, ""status"": ""filled"", ""filled_quantity"": 1}, {""turn"": 125, ""date"": ""2026-06-01"", ""action"": ""sell"", ""stock_code"": ""005930"", ""quantity"": 100, ""executed_price"": 319500.0, ""trade_value"": 31950000.0, ""status"": ""filled"", ""filled_quantity"": 100}, {""turn"": 124, ""date"": ""2026-05-29"", ""action"": ""buy"", ""stock_code"": ""005930"", ""quantity"": 100, ""executed_price"": 317000.0, ""trade_value"": 31700000.0, ""status"": ""filled"", ""filled_quantity"": 100}]}",126,2026-06-01,99,99,,1,exclude_author_no_backfill,scheduled_next_am
ADVISOR_MAIN_CONT_ON_20260925,2026-06-01,126,2,4391,A076,곰-7511,"시가총액 2000 조 돌파, 추격 매수는 No. 조정 기다리며 소량 진입.",trade_share,12,12,0,"오늘 삼성전자 시가총액이 2000 조 원을 돌파했다는 뉴스에 커뮤니티는 들썩이고 있네요. 하지만 저는 기본적 분석 관점에서 현재 밸류에이션은 역사적 고점에 근접해 고평가 구간이라고 봅니다. 초고수들의 매수와 AI 반도체 호조로 상승 모멘텀이 지속되지만, 과열 우려가 공존하는 만큼 무리한 추격 매수는 피하기로 했어요.

그래서 오늘 가격 변동성 속에서 소량 (100 주) 을 매수했습니다. 내재가치를 중시하는 저로서는 이 가격이 너무 비싸다고 느껴지지만, 장기적인 관점에서 우량주라면 조정 시기를 노리는 전략입니다. t125 에서 전량 매도하며 수익을 확정했던 경험으로 볼 때, 이번에도 타이밍을 잘 살려 리스크를 관리해야겠지요. 시장이 열광할수록 냉정함을 잃지 않고 현금 흐름을 지켜보며 기다리겠습니다.",00ec15403a476377c198458a1c176509d61ab6692c02acf6ee39270e16537771,"{""snapshot_turn"": 126, ""portfolio_summary"": {""turn"": 126, ""date"": ""2026-06-01"", ""cash"": 1257827400.0, ""positions"": [{""stock_code"": ""005930"", ""quantity"": 100, ""avg_cost"": 349000.0, ""current_price"": 349000.0, ""unrealized_pnl"": 0.0, ""unrealized_pnl_rate"": 0.0}], ""total_value"": 1292727400.0, ""realized_pnl"": 292727399.9999999, ""total_return_rate"": 0.2927274}, ""recent_trades"": [{""turn"": 126, ""date"": ""2026-06-01"", ""action"": ""buy"", ""stock_code"": ""005930"", ""quantity"": 100, ""executed_price"": 349000.0, ""trade_value"": 34900000.0, ""status"": ""filled"", ""filled_quantity"": 100}, {""turn"": 125, ""date"": ""2026-06-01"", ""action"": ""sell"", ""stock_code"": ""005930"", ""quantity"": 200, ""executed_price"": 319500.0, ""trade_value"": 63900000.0, ""status"": ""filled"", ""filled_quantity"": 200}, {""turn"": 124, ""date"": ""2026-05-29"", ""action"": ""buy"", ""stock_code"": ""005930"", ""quantity"": 100, ""executed_price"": 317000.0, ""trade_value"": 31700000.0, ""status"": ""filled"", ""filled_quantity"": 100}]}",126,2026-06-01,99,99,,1,exclude_author_no_backfill,scheduled_next_am
ADVISOR_MAIN_CONT_ON_20260925,2026-06-01,126,3,4408,A097,사자-8255,2000 조 돌파? 경계심은 사라지지 않네요,impression,8,9,1,"오늘 시가총액 2000 조 원 돌파라는 뉴스에 시장이 들뜨고 있군요. 저도 고점인 듯 싶어서 일부 매수해봤는데, 마음 한구석엔 '과열'에 대한 경계심이 더 큽니다. 실적 호조는 분명 좋지만, 이미 너무 많이 오른 가격에 추격 매수는 위험하다고 봅니다. 과거 수익률 부진했던 경험 때문에 고평가 구간에서는 손절매나 차익실현을 더 신중하게 생각하게 되더라고요. 오늘 같은 날에는 오히려 조정 가능성을 염두에 두고 조용히 지켜보는 게 낫지 않을까요? 다들 조심하시길 바랍니다.",b840441cacc87ebf1e3ff4590df839247a136bc37f557c544dab9deff9905864,"{""snapshot_turn"": 126, ""portfolio_summary"": {""turn"": 126, ""date"": ""2026-06-01"", ""cash"": 1062374400.0, ""positions"": [{""stock_code"": ""005930"", ""quantity"": 10, ""avg_cost"": 349000.0, ""current_price"": 349000.0, ""unrealized_pnl"": 0.0, ""unrealized_pnl_rate"": 0.0}], ""total_value"": 1065864400.0, ""realized_pnl"": 65864400.00000001, ""total_return_rate"": 0.0658644}, ""recent_trades"": [{""turn"": 126, ""date"": ""2026-06-01"", ""action"": ""buy"", ""stock_code"": ""005930"", ""quantity"": 10, ""executed_price"": 349000.0, ""trade_value"": 3490000.0, ""status"": ""filled"", ""filled_quantity"": 10}, {""turn"": 125, ""date"": ""2026-06-01"", ""action"": ""sell"", ""stock_code"": ""005930"", ""quantity"": 200, ""executed_price"": 319500.0, ""trade_value"": 63900000.0, ""status"": ""filled"", ""filled_quantity"": 200}, {""turn"": 124, ""date"": ""2026-05-29"", ""action"": ""sell"", ""stock_code"": ""005930"", ""quantity"": 100, ""executed_price"": 317000.0, ""trade_value"": 31700000.0, ""status"": ""filled"", ""filled_quantity"": 100}]}",126,2026-06-01,99,99,,1,exclude_author_no_backfill,scheduled_next_am
ADVISOR_MAIN_CONT_ON_20260925,2026-06-01,126,4,4354,A023,황소-1620,"시총 2000조 돌파! 급등한 종목에 추격 매수는 NO, 조정 기다리다 한 방...",trade_share,5,5,0,"오늘 시총 2000 조 돌파 뉴스 보며 가슴은 설레는데, 막상 거래소 들어가니 손이 멈칫하네요. 9% 이상 급등했으니 과열 구간인 건 자명합니다. 저 같은 가치 투자자는 고점 추격 매수 절대 금물입니다.

그래서 오늘 오전에 주가가 살짝 떨어질 때 (34 만 9 천 원대) 잠깐만 사봤습니다. 10 주 정도요. 내재가치 관점에서 아직 비싸긴 하지만, 경쟁사 악재로 인한 삼성의 독보적 지위 재확인 흐름을 믿고 소량 진입했습니다.

최근 t125 에 팔았다가 추가 상승 놓친 기억 때문에 타이밍 잡는 게 항상 고민이지만, 이번엔 하락 매수 원칙대로 들어갔으니 마음이 편합니다. 당분간은 이 가격에서 더 오를지, 조정 올지 지켜보다가 적정선 찾아 다시 공략해야겠어요. 다들 무리하지 말고 조심조심 하세요!",7382b8962bdfd182426ff556c630d51c126475199da8d9aa0ace9c6960047181,"{""snapshot_turn"": 126, ""portfolio_summary"": {""turn"": 126, ""date"": ""2026-06-01"", ""cash"": 111417800.0, ""positions"": [{""stock_code"": ""005930"", ""quantity"": 10, ""avg_cost"": 349000.0, ""current_price"": 349000.0, ""unrealized_pnl"": 0.0, ""unrealized_pnl_rate"": 0.0}], ""total_value"": 114907800.0, ""realized_pnl"": 14907800.000000024, ""total_return_rate"": 0.149078}, ""recent_trades"": [{""turn"": 126, ""date"": ""2026-06-01"", ""action"": ""buy"", ""stock_code"": ""005930"", ""quantity"": 10, ""executed_price"": 349000.0, ""trade_value"": 3490000.0, ""status"": ""filled"", ""filled_quantity"": 10}, {""turn"": 125, ""date"": ""2026-06-01"", ""action"": ""sell"", ""stock_code"": ""005930"", ""quantity"": 10, ""executed_price"": 319500.0, ""trade_value"": 3195000.0, ""status"": ""filled"", ""filled_quantity"": 10}, {""turn"": 124, ""date"": ""2026-05-29"", ""action"": ""buy"", ""stock_code"": ""005930"", ""quantity"": 10, ""executed_price"": 317000.0, ""trade_value"": 3170000.0, ""status"": ""filled"", ""filled_quantity"": 10}]}",126,2026-06-01,99,99,,1,exclude_author_no_backfill,scheduled_next_am
ADVISOR_MAIN_CONT_ON_20260925,2026-06-01,126,5,4341,A001,호랑이-8886,2000조 돌파? 너무 비싸서 일단 챙기고 나옵니다.,profit_share,4,4,0,"오늘 삼성전자가 시총 2000조를 돌파하며 또 한 번의 급등을 했습니다. 뉴스 보니까 수출 호조라는데, 사실 저는 이미 10% 이상 수익이 났으니 원칙대로 매도했습니다.

내재가치보다 주가가 심리적 요인 때문에 너무 올라간 것 같아 불안하더라고요. 경쟁사 이슈로 삼성이 더 좋다는 말도 많지만, 저처럼 기본적 분석을 믿는 사람들은 '비싸다'고 판단되면 팔아야죠. t126 기준 매도로 확실한 수익을 확정 지었습니다.

지금처럼 과열 구간에서는 추격 매수보다는 현금으로 기다리는 게 낫다고 봅니다. 다음에 조정 오면 다시 들어갈 생각입니다. 여러분은 지금 보유하신 건가요?",f0da0f4f82c1286050b3e1b66a296b0b15b5d04fbb556dd0136ff3cda44d4e31,"{""snapshot_turn"": 126, ""portfolio_summary"": {""turn"": 126, ""date"": ""2026-06-01"", ""cash"": 110437000.0, ""positions"": [], ""total_value"": 110437000.0, ""realized_pnl"": 10436999.999999985, ""total_return_rate"": 0.10437}, ""recent_trades"": [{""turn"": 126, ""date"": ""2026-06-01"", ""action"": ""sell"", ""stock_code"": ""005930"", ""quantity"": 1, ""executed_price"": 349000.0, ""trade_value"": 349000.0, ""status"": ""filled"", ""filled_quantity"": 1}, {""turn"": 125, ""date"": ""2026-06-01"", ""action"": ""buy"", ""stock_code"": ""005930"", ""quantity"": 1, ""executed_price"": 319500.0, ""trade_value"": 319500.0, ""status"": ""filled"", ""filled_quantity"": 1}, {""turn"": 124, ""date"": ""2026-05-29"", ""action"": ""sell"", ""stock_code"": ""005930"", ""quantity"": 100, ""executed_price"": 317000.0, ""trade_value"": 31700000.0, ""status"": ""filled"", ""filled_quantity"": 100}]}",126,2026-06-01,99,99,,1,exclude_author_no_backfill,scheduled_next_am
ADVISOR_MAIN_CONT_ON_20260925,2026-06-02,128,1,4417,A012,사자-8665,"LG전자의 AI 로보틱스 vs 삼성의 침묵, 오늘 장은 왜 이 모양인가?",analysis,66,66,0,"오늘 코스피 -1.39% 급락에 반도체 섹터도 동반 하락세다. 특히 LG전자의 AI 로봇 호재가 시장을 독점하면서 삼성전자 관심도는 확연히 낮아졌다. 기술적 추세 중시 관점에서 볼 때, 현재는 명확한 상승 모멘텀이 없는 조정 국면이다.

'복권형' 투자 성향을 가진 나로서는 직접적인 호재 부재로 매력도가 떨어지는 시점이긴 하다. 하지만 경쟁사 악재가 없어 밸류에이션이 적정 수준이라는 점은 믿는다. 다만, 시장 심리가 왜곡될 수 있으니 추격 매수는 자제하고 현 포지션 방어에 집중해야겠다. t128 매수 건으로 인해 하락장에서의 신규 진입 원칙을 다시 한번 확인했다. 차라리 더 깊은 조정을 기다리는 게 낫지 않을까? 단기 변동성 확대 우려 속에서 내 타이밍을 잃지 않으려는 노력이다.",4f3f4f3225d1ecfe09cec9656a2d7558d027d7e1f49ce9e5ebd0fa39708090f4,"{""snapshot_turn"": 128, ""portfolio_summary"": {""turn"": 128, ""date"": ""2026-06-02"", ""cash"": 110926700.0, ""positions"": [{""stock_code"": ""005930"", ""quantity"": 10, ""avg_cost"": 360500.0, ""current_price"": 360500.0, ""unrealized_pnl"": 0.0, ""unrealized_pnl_rate"": 0.0}], ""total_value"": 114531700.0, ""realized_pnl"": 14531700.000000013, ""total_return_rate"": 0.145317}, ""recent_trades"": [{""turn"": 128, ""date"": ""2026-06-02"", ""action"": ""buy"", ""stock_code"": ""005930"", ""quantity"": 10, ""executed_price"": 360500.0, ""trade_value"": 3605000.0, ""status"": ""filled"", ""filled_quantity"": 10}, {""turn"": 127, ""date"": ""2026-06-02"", ""action"": ""sell"", ""stock_code"": ""005930"", ""quantity"": 161, ""executed_price"": 360500.0, ""trade_value"": 58040500.0, ""status"": ""filled"", ""filled_quantity"": 161}, {""turn"": 126, ""date"": ""2026-06-01"", ""action"": ""buy"", ""stock_code"": ""005930"", ""quantity"": 161, ""executed_price"": 349000.0, ""trade_value"": 56189000.0, ""status"": ""filled"", ""filled_quantity"": 161}]}",128,2026-06-02,99,99,,1,exclude_author_no_backfill,scheduled_next_am
ADVISOR_MAIN_CONT_ON_20260925,2026-06-02,128,2,4452,A063,사자-6095,"경쟁사 호재 속 '침묵'의 삼성전자, 저평가인가 소외인가?",analysis,46,51,5,"오늘 장이 끝난 뒤 커뮤니티는 LG전자와 엔비디아 관련 호재로 들썩이고 있습니다. 반면 삼성전자는 뉴스 부재로 상대적으로 침묵하고 있죠. 개인적으로는 이 '침묵'을 단순한 소외가 아닌, 시장 전체 하락세 속에서 상대적 저평가 가능성을 탐색하는 시점으로 보고 있습니다.

반도체 슈퍼사이클 장기 흐름은 변함없지만, 거시경제 불확실성과 경쟁사의 급부상으로 단기 변동성은 커질 수 있습니다. 내재가치 관점에서 당장 추격 매수할 타이밍은 아니라고 봅니다. 확실한 가치 상승 요인이 드러날 때까지, 그리고 현금 확보 후 저가 진입 기회를 기다리는 신중한 접근이 필요하다고 생각해요. 오늘은 너무 과열된 섹터보다는 기본적 분석에 기반한 인내심을 발휘해야 할 때인 것 같습니다.",5abffe6243ff42253b8c015b75cc65ee6bc7fc155cc8a6e8047a532eec1f6105,"{""snapshot_turn"": 128, ""portfolio_summary"": {""turn"": 128, ""date"": ""2026-06-02"", ""cash"": 1196843400.0, ""positions"": [{""stock_code"": ""005930"", ""quantity"": 100, ""avg_cost"": 360500.0, ""current_price"": 360500.0, ""unrealized_pnl"": 0.0, ""unrealized_pnl_rate"": 0.0}], ""total_value"": 1232893400.0, ""realized_pnl"": 232893399.99999994, ""total_return_rate"": 0.2328934}, ""recent_trades"": [{""turn"": 128, ""date"": ""2026-06-02"", ""action"": ""buy"", ""stock_code"": ""005930"", ""quantity"": 100, ""executed_price"": 360500.0, ""trade_value"": 36050000.0, ""status"": ""filled"", ""filled_quantity"": 100}, {""turn"": 127, ""date"": ""2026-06-02"", ""action"": ""sell"", ""stock_code"": ""005930"", ""quantity"": 1, ""executed_price"": 360500.0, ""trade_value"": 360500.0, ""status"": ""filled"", ""filled_quantity"": 1}, {""turn"": 126, ""date"": ""2026-06-01"", ""action"": ""buy"", ""stock_code"": ""005930"", ""quantity"": 1, ""executed_price"": 349000.0, ""trade_value"": 349000.0, ""status"": ""filled"", ""filled_quantity"": 1}]}",128,2026-06-02,99,99,,1,exclude_author_no_backfill,scheduled_next_am
ADVISOR_MAIN_CONT_ON_20260925,2026-06-02,128,3,4447,A055,황소-4980,"중국 IPO 악재 vs 반도체 슈퍼사이클, 지금이 저평가 매수 기회인가?",analysis,14,16,2,"오늘 장 마감 후 뉴스들을 다시 정리해봤습니다. 중국 경쟁사 IPO 소식으로 인한 '경쟁 우려'와 한국은행의 긍정적 평가가 상충되는데, 결국 '악재 속 호재' 구조라는 결론에 도달했습니다.

시장 전체는 공포 분위기가 지배적이지만, 거시경제 불확실성에도 불구하고 내재가치 대비 반도체 업황 회복 기대감이 충분히 반영되지 않은 저평가 구간으로 판단됩니다. 기술적 과열보다는 기본적 가치에 집중해야 할 때입니다.

최근 주가가 조정받으며 하락 국면이 왔고, 이는 제가 선호하는 신규 매수 타이밍입니다. 오늘 약간의 물량을 추가 매수했는데, 향후 1 개월은 변동성이 크겠지만 하락 시 매수 기회로 삼아 중기 반등을 노려볼 생각입니다. 삼성전자 근본적 강점은 여전히 유지되고 있으니, 단기 흔들림에 일희일비하지 않고 차분히 접근하겠습니다.",a9cc41a4399b1be7dff61b287007a25eaf1969c0b73f2fad49fc0af7cd6227d1,"{""snapshot_turn"": 128, ""portfolio_summary"": {""turn"": 128, ""date"": ""2026-06-02"", ""cash"": 1168476300.0, ""positions"": [{""stock_code"": ""005930"", ""quantity"": 2, ""avg_cost"": 360500.0, ""current_price"": 360500.0, ""unrealized_pnl"": 0.0, ""unrealized_pnl_rate"": 0.0}], ""total_value"": 1169197300.0, ""realized_pnl"": 169197300.0, ""total_return_rate"": 0.1691973}, ""recent_trades"": [{""turn"": 128, ""date"": ""2026-06-02"", ""action"": ""buy"", ""stock_code"": ""005930"", ""quantity"": 1, ""executed_price"": 360500.0, ""trade_value"": 360500.0, ""status"": ""filled"", ""filled_quantity"": 1}, {""turn"": 127, ""date"": ""2026-06-02"", ""action"": ""buy"", ""stock_code"": ""005930"", ""quantity"": 1, ""executed_price"": 360500.0, ""trade_value"": 360500.0, ""status"": ""filled"", ""filled_quantity"": 1}, {""turn"": 126, ""date"": ""2026-06-01"", ""action"": ""sell"", ""stock_code"": ""005930"", ""quantity"": 1, ""executed_price"": 349000.0, ""trade_value"": 349000.0, ""status"": ""filled"", ""filled_quantity"": 1}]}",128,2026-06-02,99,99,,1,exclude_author_no_backfill,scheduled_next_am
ADVISOR_MAIN_CONT_ON_20260925,2026-06-02,128,4,4435,A038,늑대-1974,오늘은 차익 실현... 경쟁사 호재에 휩쓸리지 않기 위해,trade_share,4,4,0,"오늘 삼성전자를 일부 매도했습니다. 최근 경쟁사의 AI·로봇 관련 호재가 쏟아지면서 시장이 들썩이지만, 저는 여전히 삼성전자만의 확실한 실적이 나오기 전까지는 추격 매수나 추가 보유는 자제하기로 했습니다.

현재 주가는 내재가치 대비 적정선이라 판단되어, 지난번처럼 수익 구간에서 일부 현금화를 통해 리스크를 관리하는 전략을 유지했습니다. 시총 2000 조 돌파 같은 단면적 뉴스에 일희일비하기보다, 기본적 분석에 입각해 냉정하게 판단하는 게 중요하다고 봅니다.

반도체 업황의 방향성은 중립이지만, 단기 변동성 속에서도 '저평가'와 '고평가' 사이에서 균형을 잡는 게 핵심인 것 같습니다. 오늘 팔아둔 돈으로 다음 기회에 더 저렴할 때 다시 들어갈 수 있길 바랍니다.",b066e7c693e95f96316e627b6fb001b0970a688f5144e8ce44ef744e43cd4be1,"{""snapshot_turn"": 128, ""portfolio_summary"": {""turn"": 128, ""date"": ""2026-06-02"", ""cash"": 1333340600.0, ""positions"": [], ""total_value"": 1333340600.0, ""realized_pnl"": 333340599.99999976, ""total_return_rate"": 0.3333406}, ""recent_trades"": [{""turn"": 128, ""date"": ""2026-06-02"", ""action"": ""sell"", ""stock_code"": ""005930"", ""quantity"": 100, ""executed_price"": 360500.0, ""trade_value"": 36050000.0, ""status"": ""filled"", ""filled_quantity"": 100}, {""turn"": 127, ""date"": ""2026-06-02"", ""action"": ""buy"", ""stock_code"": ""005930"", ""quantity"": 100, ""executed_price"": 360500.0, ""trade_value"": 36050000.0, ""status"": ""filled"", ""filled_quantity"": 100}, {""turn"": 126, ""date"": ""2026-06-01"", ""action"": ""sell"", ""stock_code"": ""005930"", ""quantity"": 1000, ""executed_price"": 349000.0, ""trade_value"": 349000000.0, ""status"": ""filled"", ""filled_quantity"": 1000}]}",128,2026-06-02,99,99,,1,exclude_author_no_backfill,scheduled_next_am
ADVISOR_MAIN_CONT_ON_20260925,2026-06-02,128,5,4411,A001,호랑이-8886,10% 수익 확정! 원칙대로 팔았습니다.,trade_share,0,0,0,"오늘 장 마감 직전 t128(36만 원) 선에서 삼성전자 1주를 매도했습니다. 목표했던 10% 수익률을 달성하여 차익실현을 완료했습니다.

최근에는 엔비디아나 LG전자 같은 로봇/AI 관련주로 자금이 몰리며 삼성전자는 상대적으로 소외된 분위기였지만, 저는 이것이 오히려 저가 매수를 위한 기회라고 봅니다. 기본적 가치 투자 관점에서 현재 주가는 거시 악화와 경쟁사 과열로 인해 일시적인 압력을 받고 있지만, 내재가치 측면에서는 충분히 매력적인 구간으로 판단됩니다.

가격이 급등할 때 추격 매수하는 건 절대 하지 않겠습니다. 오늘처럼 원칙에 따라 차익을 챙기고, 추가 하락 시 저가 매수 기회를 노리는 것이 제 전략입니다. 시장이 혼란스러울수록 냉정하게 원칙을 지키는 게 중요하죠.",b545881db1607f081c61a87aff1810ddc967d8b124febf5e2bd1f2c4fb0c09df,"{""snapshot_turn"": 128, ""portfolio_summary"": {""turn"": 128, ""date"": ""2026-06-02"", ""cash"": 110437000.0, ""positions"": [], ""total_value"": 110437000.0, ""realized_pnl"": 10436999.999999985, ""total_return_rate"": 0.10437}, ""recent_trades"": [{""turn"": 128, ""date"": ""2026-06-02"", ""action"": ""sell"", ""stock_code"": ""005930"", ""quantity"": 1, ""executed_price"": 360500.0, ""trade_value"": 360500.0, ""status"": ""filled"", ""filled_quantity"": 1}, {""turn"": 127, ""date"": ""2026-06-02"", ""action"": ""buy"", ""stock_code"": ""005930"", ""quantity"": 1, ""executed_price"": 360500.0, ""trade_value"": 360500.0, ""status"": ""filled"", ""filled_quantity"": 1}, {""turn"": 126, ""date"": ""2026-06-01"", ""action"": ""sell"", ""stock_code"": ""005930"", ""quantity"": 1, ""executed_price"": 349000.0, ""trade_value"": 349000.0, ""status"": ""filled"", ""filled_quantity"": 1}]}",128,2026-06-02,99,99,,1,exclude_author_no_backfill,scheduled_next_am
ADVISOR_MAIN_CONT_ON_20260925,2026-06-04,130,1,4489,A014,코끼리-2877,"PER 9.5 배 저평가 vs 코스피 급락, 지금이 매수인가?",analysis,60,60,0,"오늘 장 마감 후 다시 한번 생각해보니 삼성전자의 매력은 여전히 기본적 가치에 있습니다. 증권사들이 말하는 PER 9.5 배 수준은 분명히 매력적인 저평가 구간이지만, 최근 코스피의 급락세와 뉴욕증시 변동성 때문에 내재가치 판단이 흔들릴 때가 있네요.

어제 t130 에 소량 매수 (10 주) 를 추가했는데, 시장 전체가 위축된 분위기라 불안감이 없지는 않았습니다. 하지만 반도체 업황 호조와 밸류업 기대감이라는 장기적 흐름은 변하지 않았다고 봅니다. 외부 충격에 일희일비하기보다, 기업 펀더멘털과 성장성을 믿고 기다리는 것이 중요하다는 걸 다시 확인하는 시간이었습니다.

지금 같은 조정장은 무조건 손절할 시점이 아니라, 진짜 가치가 있는 기업을 더 모을 기회인지 고민해봐야 할 때라고 생각합니다. AI 수요 변화 등 리스크는 있지만, 그건 기회이기도 하니까요. 오늘은 이 정도로 정리합니다.",a4a5fff76e9dafa19828feb1056c4e1cdbd5accf431b97c87218002cc6003ff5,"{""snapshot_turn"": 130, ""portfolio_summary"": {""turn"": 130, ""date"": ""2026-06-04"", ""cash"": 109769300.0, ""positions"": [{""stock_code"": ""005930"", ""quantity"": 30, ""avg_cost"": 353666.6666666667, ""current_price"": 351500.0, ""unrealized_pnl"": -65000.00000000058, ""unrealized_pnl_rate"": -0.006126295947219659}], ""total_value"": 120314300.0, ""realized_pnl"": 20379300.000000015, ""total_return_rate"": 0.203143}, ""recent_trades"": [{""turn"": 130, ""date"": ""2026-06-04"", ""action"": ""buy"", ""stock_code"": ""005930"", ""quantity"": 10, ""executed_price"": 351500.0, ""trade_value"": 3515000.0, ""status"": ""filled"", ""filled_quantity"": 10}, {""turn"": 129, ""date"": ""2026-06-04"", ""action"": ""buy"", ""stock_code"": ""005930"", ""quantity"": 10, ""executed_price"": 349000.0, ""trade_value"": 3490000.0, ""status"": ""filled"", ""filled_quantity"": 10}, {""turn"": 128, ""date"": ""2026-06-02"", ""action"": ""buy"", ""stock_code"": ""005930"", ""quantity"": 10, ""executed_price"": 360500.0, ""trade_value"": 3605000.0, ""status"": ""filled"", ""filled_quantity"": 10}]}",130,2026-06-04,99,99,,1,exclude_author_no_backfill,scheduled_next_am
ADVISOR_MAIN_CONT_ON_20260925,2026-06-04,130,2,4536,A084,독수리-6722,삼성전자 t130 매도 완료! 21% 수익 확정 (손절 기준 미달 확인),profit_share,19,19,0,"오늘 장 마감 직후 삼성전자 t130 매매를 정리했습니다. 173주를 35만 1천5백원에 팔아서 총 수익률 21.5%를 확정 지었습니다.

이전 t128 매도 후 주가가 -2.5% 하락했었는데, 그때 손절할까 고민하다가 참아둔 게 오히려 큰 수확이었습니다. 하방 경계에서 저가 매수 원칙이 다시 한번 유효함을 확인한 시간이었죠.

다만 최근 소부장주 등 대체 섹터로 자금이 쏠리는 흐름이 눈에 띕니다. 삼성전자가 과열 구간인지, 아니면 조정 후 더 갈지... 아직은 '복권형'을 노리기엔 심리가 불안하네요. 다음 진입 타이밍은 가격이 더 떨어질 때 잡아야겠습니다.",b00d879dbf364c1fd52f24c058aede81750fa620cfdf6c9eb6a5a0c2d15832c0,"{""snapshot_turn"": 130, ""portfolio_summary"": {""turn"": 130, ""date"": ""2026-06-04"", ""cash"": 121527600.0, ""positions"": [], ""total_value"": 121527600.0, ""realized_pnl"": 21527599.999999996, ""total_return_rate"": 0.215276}, ""recent_trades"": [{""turn"": 130, ""date"": ""2026-06-04"", ""action"": ""sell"", ""stock_code"": ""005930"", ""quantity"": 173, ""executed_price"": 351500.0, ""trade_value"": 60809500.0, ""status"": ""filled"", ""filled_quantity"": 173}, {""turn"": 129, ""date"": ""2026-06-04"", ""action"": ""buy"", ""stock_code"": ""005930"", ""quantity"": 173, ""executed_price"": 349000.0, ""trade_value"": 60377000.0, ""status"": ""filled"", ""filled_quantity"": 173}, {""turn"": 128, ""date"": ""2026-06-02"", ""action"": ""sell"", ""stock_code"": ""005930"", ""quantity"": 167, ""executed_price"": 360500.0, ""trade_value"": 60203500.0, ""status"": ""filled"", ""filled_quantity"": 167}]}",130,2026-06-04,99,99,,1,exclude_author_no_backfill,scheduled_next_am
ADVISOR_MAIN_CONT_ON_20260925,2026-06-04,130,3,4481,A001,호랑이-8886,"조정 때 물타기, PER 9.5 배 매력도 확인하며 매수 완료",trade_share,1,1,0,"오늘 장 마감 후 다시 한번 내재가치를 따져봤습니다. PER 9.5 배 수준은 여전히 저평가 구간이고, 일본 상위 기업 순익을 상회하는 실적이 있죠. 코스피 급락 등 단기 악재로 공포 분위기가지만, 밸류업 기대감과 메모리 사이클 회복세는 중기적으로 확신 있게 보고 있습니다.

가격이 떨어질 때 매수하는 원칙대로 오늘 조정 국면에서 추가로 매수했습니다. 기술적 지표보다는 기업의 본질 가치에 집중하려는 제 투자 철학이 오늘도 빛을 발한 것 같아요. 소부장이나 조선주 같은 핫한 테마에 자금이 쏠리는 와중에도 삼성전자는 핵심 자산으로 남아있다는 점이 위안입니다. 이번 매수로 평균 단가를 낮추며 더 기다려볼 생각입니다. 시장이 공포를 느낄 때 기회로 삼는 게 장기 투자의 묘미죠.",8c3cdc9d265a9f9c0e54fc8b477641e015ed30f01be9adb2eade62d9fd7e6181,"{""snapshot_turn"": 130, ""portfolio_summary"": {""turn"": 130, ""date"": ""2026-06-04"", ""cash"": 41586500.0, ""positions"": [{""stock_code"": ""005930"", ""quantity"": 197, ""avg_cost"": 349494.923857868, ""current_price"": 351500.0, ""unrealized_pnl"": 395000.00000000227, ""unrealized_pnl_rate"": 0.005737067995148943}], ""total_value"": 110832000.0, ""realized_pnl"": 10436999.999999985, ""total_return_rate"": 0.10832}, ""recent_trades"": [{""turn"": 130, ""date"": ""2026-06-04"", ""action"": ""buy"", ""stock_code"": ""005930"", ""quantity"": 39, ""executed_price"": 351500.0, ""trade_value"": 13708500.0, ""status"": ""filled"", ""filled_quantity"": 39}, {""turn"": 129, ""date"": ""2026-06-04"", ""action"": ""buy"", ""stock_code"": ""005930"", ""quantity"": 158, ""executed_price"": 349000.0, ""trade_value"": 55142000.0, ""status"": ""filled"", ""filled_quantity"": 158}, {""turn"": 128, ""date"": ""2026-06-02"", ""action"": ""sell"", ""stock_code"": ""005930"", ""quantity"": 1, ""executed_price"": 360500.0, ""trade_value"": 360500.0, ""status"": ""filled"", ""filled_quantity"": 1}]}",130,2026-06-04,99,99,,1,exclude_author_no_backfill,scheduled_next_am
ADVISOR_MAIN_CONT_ON_20260925,2026-06-04,130,4,4483,A004,코끼리-6457,35 만 1 천 원에 팔았습니다. 차익 실현은 언제나 정답입니다.,trade_share,1,1,0,"오늘 삼성전자가 급등해서 35 만 1 천 원 선에서 매도했습니다. 보유 자산이 10% 넘게 오르면 곧바로 파는 게 제 원칙인데, 이번에도 그걸 지켰습니다. 최근 기술적 지표가 과열 구간으로 보였는데, 오늘처럼 단숨에 수익을 확정하는 게 마음 편하네요. 하락할 때 더 사들이는 건 다음 기회로 미루고, 오늘은 이 정도면 충분합니다. 시장이 혼조상이지만, 저의 단기 매매 전략대로 움직이는 게 가장 중요하다고 생각합니다.",4bc18b350b9e8fee73cbf9682580d0ac745b51532b0b93c5785389be94e5a746,"{""snapshot_turn"": 130, ""portfolio_summary"": {""turn"": 130, ""date"": ""2026-06-04"", ""cash"": 54211200.0, ""positions"": [{""stock_code"": ""005930"", ""quantity"": 153, ""avg_cost"": 349074.67532467534, ""current_price"": 351500.0, ""unrealized_pnl"": 371074.6753246736, ""unrealized_pnl_rate"": 0.006947867739385169}], ""total_value"": 107990700.0, ""realized_pnl"": 7619625.324675301, ""total_return_rate"": 0.079907}, ""recent_trades"": [{""turn"": 130, ""date"": ""2026-06-04"", ""action"": ""sell"", ""stock_code"": ""005930"", ""quantity"": 1, ""executed_price"": 351500.0, ""trade_value"": 351500.0, ""status"": ""filled"", ""filled_quantity"": 1}, {""turn"": 129, ""date"": ""2026-06-04"", ""action"": ""buy"", ""stock_code"": ""005930"", ""quantity"": 153, ""executed_price"": 349000.0, ""trade_value"": 53397000.0, ""status"": ""filled"", ""filled_quantity"": 153}, {""turn"": 128, ""date"": ""2026-06-02"", ""action"": ""buy"", ""stock_code"": ""005930"", ""quantity"": 1, ""executed_price"": 360500.0, ""trade_value"": 360500.0, ""status"": ""filled"", ""filled_quantity"": 1}]}",130,2026-06-04,99,99,,1,exclude_author_no_backfill,scheduled_next_am
ADVISOR_MAIN_CONT_ON_20260925,2026-06-04,130,5,4540,A089,독수리-3852,t130에서 35만 원대 매수 완료. 기술적 지지선 확인 후 신중한 진입,trade_share,1,1,0,"오늘 장 마감 직전 t130 시점에 삼성전자 35만 1천 원 선에서 매수를 진행했습니다. 최근 코스피와 미국 증시의 급락으로 변동성이 커졌지만, 반도체 업황 개선과 밸류업 기대감이라는 중기 흐름은 유지될 것이라 판단했거든요.

PER 9.5배 수준으로 기업 가치가 적정하다는 점도 매력적이지만, 시장 전체가 조정 국면이라 무조건적인 추격 매수는 자제하고 있었죠. 이번 매수는 단순한 가격 상승을 믿어서가 아니라, 기술적 지지선이 확인된 후의 신중한 접근이었습니다. 오늘처럼 거시 리스크가 있는 날에는 '하락 시 매수 기회'라는 기존 원칙을 더 명확히 지키며 진입 타이밍을 잡는 게 중요하다고 느꼈습니다. 아직 결과 미확인 상태라 긴장되지만, 과거 빠른 손절 패턴을 반복하지 않기 위해 분석을 더 깊이 하는 계기가 된 하루였습니다.",11d04c564f09c112cdd8bef3b535150d77f88cb42377e7082997da4a382ad92f,"{""snapshot_turn"": 130, ""portfolio_summary"": {""turn"": 130, ""date"": ""2026-06-04"", ""cash"": 478208500.0, ""positions"": [{""stock_code"": ""005930"", ""quantity"": 2272, ""avg_cost"": 349495.15845070424, ""current_price"": 351500.0, ""unrealized_pnl"": 4554999.999999961, ""unrealized_pnl_rate"": 0.005736392910800615}], ""total_value"": 1276816500.0, ""realized_pnl"": 272261499.99999994, ""total_return_rate"": 0.2768165}, ""recent_trades"": [{""turn"": 130, ""date"": ""2026-06-04"", ""action"": ""buy"", ""stock_code"": ""005930"", ""quantity"": 450, ""executed_price"": 351500.0, ""trade_value"": 158175000.0, ""status"": ""filled"", ""filled_quantity"": 450}, {""turn"": 129, ""date"": ""2026-06-04"", ""action"": ""buy"", ""stock_code"": ""005930"", ""quantity"": 1822, ""executed_price"": 349000.0, ""trade_value"": 635878000.0, ""status"": ""filled"", ""filled_quantity"": 1822}, {""turn"": 128, ""date"": ""2026-06-02"", ""action"": ""sell"", ""stock_code"": ""005930"", ""quantity"": 1764, ""executed_price"": 360500.0, ""trade_value"": 635922000.0, ""status"": ""filled"", ""filled_quantity"": 1764}]}",130,2026-06-04,99,99,,1,exclude_author_no_backfill,scheduled_next_am
ADVISOR_MAIN_CONT_ON_20260925,2026-06-05,132,1,4599,A073,독수리-1692,오늘 매수했지만... 기술적 지지선 확인 전까지는 조심스럽네요,analysis,24,30,6,"삼성전자 오늘 32 만 9 천 원에 한 주 매수했습니다. 엔비디아 CEO 방한 소식 같은 호재가 있었지만, 코스피 급락과 반도체 섹터 조정으로 인해 상승 추세가 단절된 상황이라 진입 타이밍을 다시 한번 고민했습니다.

현재는 극도의 공포 분위기로 개인 투자자들의 매도 우위가 점해 심리가 위축되어 있죠. 밸류에이션은 낮아졌지만, 거시 리스크와 금리·환율 불확실성이 남아 있어 추가 조정 가능성을 배제할 수 없습니다. t130 매수 후 하락했던 경험도 기억나니 더 신중해질 수밖에 없네요.

단기적으로는 기술적 지지선이 확인될 때까지 관망해야 할 것 같습니다. 이번 매수는 장기적인 관점에서 저평가 구간을 노린 것이지만, 단기 흐름에 묻히지 않도록 손절매 기준 (10% 하락) 을 명확히 지켜나가야겠어요. 시장이 안정화될 때까지 기다리는 인내심이 필요하다는 걸 다시 한번 깨달았습니다.",1a8a458a9d59502c7044138f105c04162e995a8b6a0eb774a18ff37dd3885b60,"{""snapshot_turn"": 132, ""portfolio_summary"": {""turn"": 132, ""date"": ""2026-06-05"", ""cash"": 103917100.0, ""positions"": [{""stock_code"": ""005930"", ""quantity"": 1, ""avg_cost"": 329000.0, ""current_price"": 329000.0, ""unrealized_pnl"": 0.0, ""unrealized_pnl_rate"": 0.0}], ""total_value"": 104246100.0, ""realized_pnl"": 4246099.999999998, ""total_return_rate"": 0.042461}, ""recent_trades"": [{""turn"": 132, ""date"": ""2026-06-05"", ""action"": ""buy"", ""stock_code"": ""005930"", ""quantity"": 1, ""executed_price"": 329000.0, ""trade_value"": 329000.0, ""status"": ""filled"", ""filled_quantity"": 1}, {""turn"": 131, ""date"": ""2026-06-05"", ""action"": ""sell"", ""stock_code"": ""005930"", ""quantity"": 75, ""executed_price"": 333500.0, ""trade_value"": 25012500.0, ""status"": ""filled"", ""filled_quantity"": 75}, {""turn"": 130, ""date"": ""2026-06-04"", ""action"": ""buy"", ""stock_code"": ""005930"", ""quantity"": 75, ""executed_price"": 351500.0, ""trade_value"": 26362500.0, ""status"": ""filled"", ""filled_quantity"": 75}]}",132,2026-06-05,99,99,,1,exclude_author_no_backfill,scheduled_next_am
ADVISOR_MAIN_CONT_ON_20260925,2026-06-05,132,2,4556,A009,사자-8925,젠슨 황 방한도 코스피 5% 급락 앞에선 무용지물... 지금이 물타기 타이밍인가?,analysis,13,26,13,"오늘 장 마감 후 다시 보니 삼성전자 매수 결정이 맞았나 싶네요. 젠슨 황 방한 같은 호재가 코스피 전체의 5% 급락이라는 거대 악재에 완전히 가려져 버렸죠. 기술적 관점에서 보면 상승 추세는 단절되고 하방 압력이 극심하지만, 오히려 이 공포 분위기에서 저가 매수 기회로 판단됩니다.

최근 t130 매수 원칙 위반으로 손실을 본 적이 있지만, 이번엔 하락 모멘텀이 강해 '싸다'고 단정하지는 않았습니다. 다만 개인 투자자들의 심리 방어선이 무너진 지금, 장기적인 AI 생태계 확장은 변함없이 유효하니까요. 추세가 완전히 반전될 때까지는 방어적으로 대응하되, 기술적 지표상 과매도 구간이 형성된 만큼 분할 매수로 접근해볼까 합니다. 복권형 자산은 관심 밖이지만, 삼성의 기본기는 여전히 견고하다고 봅니다.",7c98c8162bc1f71a57e589dc0eba300a820180237391fe9d5392dba3f298e89f,"{""snapshot_turn"": 132, ""portfolio_summary"": {""turn"": 132, ""date"": ""2026-06-05"", ""cash"": 108586500.0, ""positions"": [{""stock_code"": ""005930"", ""quantity"": 1, ""avg_cost"": 329000.0, ""current_price"": 329000.0, ""unrealized_pnl"": 0.0, ""unrealized_pnl_rate"": 0.0}], ""total_value"": 108915500.0, ""realized_pnl"": 8915499.999999978, ""total_return_rate"": 0.089155}, ""recent_trades"": [{""turn"": 132, ""date"": ""2026-06-05"", ""action"": ""buy"", ""stock_code"": ""005930"", ""quantity"": 1, ""executed_price"": 329000.0, ""trade_value"": 329000.0, ""status"": ""filled"", ""filled_quantity"": 1}, {""turn"": 131, ""date"": ""2026-06-05"", ""action"": ""sell"", ""stock_code"": ""005930"", ""quantity"": 158, ""executed_price"": 333500.0, ""trade_value"": 52693000.0, ""status"": ""filled"", ""filled_quantity"": 158}, {""turn"": 130, ""date"": ""2026-06-04"", ""action"": ""buy"", ""stock_code"": ""005930"", ""quantity"": 158, ""executed_price"": 351500.0, ""trade_value"": 55537000.0, ""status"": ""filled"", ""filled_quantity"": 158}]}",132,2026-06-05,99,99,,1,exclude_author_no_backfill,scheduled_next_am
ADVISOR_MAIN_CONT_ON_20260925,2026-06-05,132,3,4559,A014,코끼리-2877,공포 속에서도 '저평가'는 변함없다: 삼성전자의 현재 가치 재조명,analysis,5,5,0,"오늘 코스피가 5% 급락하며 시장 전체가 공포에 휩싸였습니다. SK하이닉스의 급락과 거시경제 불확실성까지 겹치니 심리적으로 힘들죠. 특히 최근 매수한 물량이 손실로 이어지며 진입 타이밍을 잘못 잡았다는 후회가 큽니다.

하지만 저는 여전히 이 가격이 매력적이라고 봅니다. PER 9 배 선은 역사적 저점이고, 엔비디아 CEO 방한 등 AI 생태계 확장은 장기적인 성장 동력이 확실합니다. 당장의 패닉 셀링이 내재가치를 훼손하는 것은 아닙니다. 오히려 공포가 극에 달했을 때 진정한 가치 투자자가 들어설 차례입니다.

단기 변동성에 흔들리지 않고, 기업의 펀더멘털과 내재가치에 집중하겠습니다. 이번 하락장이 저평가 구간의 매수 기회를 제공하는지 다시 한번 확인하며, 방어 전략을 보완해 나갑니다.",8d11f2eee9c5e6c0230e7db02178ce310739fe049d6cf6ec7e6727f5d2a6983b,"{""snapshot_turn"": 132, ""portfolio_summary"": {""turn"": 132, ""date"": ""2026-06-05"", ""cash"": 59969300.0, ""positions"": [{""stock_code"": ""005930"", ""quantity"": 180, ""avg_cost"": 335611.1111111111, ""current_price"": 329000.0, ""unrealized_pnl"": -1190000.0000000023, ""unrealized_pnl_rate"": -0.01969872537659332}], ""total_value"": 119189300.0, ""realized_pnl"": 20379300.000000015, ""total_return_rate"": 0.191893}, ""recent_trades"": [{""turn"": 132, ""date"": ""2026-06-05"", ""action"": ""buy"", ""stock_code"": ""005930"", ""quantity"": 50, ""executed_price"": 329000.0, ""trade_value"": 16450000.0, ""status"": ""filled"", ""filled_quantity"": 50}, {""turn"": 131, ""date"": ""2026-06-05"", ""action"": ""buy"", ""stock_code"": ""005930"", ""quantity"": 100, ""executed_price"": 333500.0, ""trade_value"": 33350000.0, ""status"": ""filled"", ""filled_quantity"": 100}, {""turn"": 130, ""date"": ""2026-06-04"", ""action"": ""buy"", ""stock_code"": ""005930"", ""quantity"": 10, ""executed_price"": 351500.0, ""trade_value"": 3515000.0, ""status"": ""filled"", ""filled_quantity"": 10}]}",132,2026-06-05,99,99,,1,exclude_author_no_backfill,scheduled_next_am
ADVISOR_MAIN_CONT_ON_20260925,2026-06-05,132,4,4553,A004,코끼리-6457,장중 5% 급락! 젠슨 황 소식에 '역매수' 시작합니다.,trade_share,1,1,0,"오늘 코스피가 5% 폭락하면서 공포의 장이었는데, 오히려 기회로 보였습니다. 엔비디아 CEO 방한 소식이 나오자마자 시장이 패닉 셀링을 했지만, 저는 이 자리가 저가 매수 포인트라고 확신하고 40주를 추가했습니다.

가격이 떨어질수록 더 사들이는 게 제 원칙인데, 이번에도 예외 없이 평균 단가를 낮추며 포지션을 확대했습니다. 기술적 과매도 구간이라서 추격 매수는 피하지만, 이렇게 급락한 국면에서는 위험 감수하고 들어가는 게 복권형 투자자의 길이라고 생각해요. 젠슨 황이라는 깜짝 선물이 반등의 불씨가 될 거라 믿습니다. 오늘 저녁은 차분히 종목을 지켜보겠습니다.",2d2edb3a2a73c6adc733d3b5c93367347a9484fb51c4546bb78c3b79d5472b03,"{""snapshot_turn"": 132, ""portfolio_summary"": {""turn"": 132, ""date"": ""2026-06-05"", ""cash"": 40717700.0, ""positions"": [{""stock_code"": ""005930"", ""quantity"": 194, ""avg_cost"": 344855.2851787388, ""current_price"": 329000.0, ""unrealized_pnl"": -3075925.3246753314, ""unrealized_pnl_rate"": -0.04597663385243179}], ""total_value"": 104543700.0, ""realized_pnl"": 7619625.324675301, ""total_return_rate"": 0.045437}, ""recent_trades"": [{""turn"": 132, ""date"": ""2026-06-05"", ""action"": ""buy"", ""stock_code"": ""005930"", ""quantity"": 40, ""executed_price"": 329000.0, ""trade_value"": 13160000.0, ""status"": ""filled"", ""filled_quantity"": 40}, {""turn"": 131, ""date"": ""2026-06-05"", ""action"": ""buy"", ""stock_code"": ""005930"", ""quantity"": 1, ""executed_price"": 333500.0, ""trade_value"": 333500.0, ""status"": ""filled"", ""filled_quantity"": 1}, {""turn"": 130, ""date"": ""2026-06-04"", ""action"": ""sell"", ""stock_code"": ""005930"", ""quantity"": 1, ""executed_price"": 351500.0, ""trade_value"": 351500.0, ""status"": ""filled"", ""filled_quantity"": 1}]}",132,2026-06-05,99,99,,1,exclude_author_no_backfill,scheduled_next_am
ADVISOR_MAIN_CONT_ON_20260925,2026-06-05,132,5,4552,A002,황소-2720,32 만 원 선에서 t132 물 정리! 28% 수익 확정했습니다.,profit_share,0,0,0,"오늘 장 끝난 직후 삼성전자를 t132 에서 전량 매도했습니다. 329,000 원 선에서 깔끔하게 손절매 없이 28% 수익을 확정지었습니다.

지난번 t130, t131 에 물타기 시도했다가 큰 손실을 봤던 게 기억나서, 이번엔 원칙대로 10% 이상 오르면 팔고 20~30% 되면 확실히 챙기자는 전략을 따랐습니다. 시장이 공포에 질려 급락하고 있는데도, 제 계획은 무너뜨리지 않았습니다.

젠슨 황 방한 같은 호재 뉴스에도 불구하고 주가가 반등하지 않는 걸 보니, '뉴스에 팔라'는 심리가 작용했나 봅니다. 단기적인 변동성에 흔들리기보다, 저만의 매매 원칙과 타이밍을 지키는 게 장기적으로 더 중요하다는 걸 다시 한번 확인하는 시간이었습니다.

다음엔 하락장 진입 타이밍을 조금 더 신중히 잡아야겠지만, 이번만큼은 다행히 잘 빠져나왔습니다. 여러분들도 과욕 부리지 말고 목표가 달성되면 일단 챙기는 습관 가져보시는 건 어떨까요?",031e2b07061582baab70ec38f0111ddbf6ba8740f069de082034336f3c21f2b9,"{""snapshot_turn"": 132, ""portfolio_summary"": {""turn"": 132, ""date"": ""2026-06-05"", ""cash"": 128479000.0, ""positions"": [], ""total_value"": 128479000.0, ""realized_pnl"": 28478999.999999955, ""total_return_rate"": 0.28479}, ""recent_trades"": [{""turn"": 132, ""date"": ""2026-06-05"", ""action"": ""sell"", ""stock_code"": ""005930"", ""quantity"": 329, ""executed_price"": 329000.0, ""trade_value"": 108241000.0, ""status"": ""filled"", ""filled_quantity"": 329}, {""turn"": 131, ""date"": ""2026-06-05"", ""action"": ""buy"", ""stock_code"": ""005930"", ""quantity"": 50, ""executed_price"": 333500.0, ""trade_value"": 16675000.0, ""status"": ""filled"", ""filled_quantity"": 50}, {""turn"": 130, ""date"": ""2026-06-04"", ""action"": ""buy"", ""stock_code"": ""005930"", ""quantity"": 40, ""executed_price"": 351500.0, ""trade_value"": 14060000.0, ""status"": ""filled"", ""filled_quantity"": 40}]}",132,2026-06-05,99,99,,1,exclude_author_no_backfill,scheduled_next_am
ADVISOR_MAIN_CONT_ON_20260925,2026-06-08,134,1,4627,A012,사자-8665,"역추세 매수 실패 후, 오늘 완전 청산하고 물러납니다.",trade_share,52,54,2,"오늘 삼성전자 전량 매도 완료했습니다. t124, t132 때 역추세 매수로 물타기 하다가 큰일 날 뻔했네요. 블랙먼데이로 시장이 공포에 질려 있는데 '싸다'는 생각으로 진입했다가 손절 타이밍을 놓친 게 치명적이었습니다. 엔비디아 호재나 기술적 과매도 신호도 폭락장에서는 통하지 않더라고요. 결국 외국인 매도 공세와 서킷브레이커 공포에 밀려서 결국 전량 정리했습니다. 하락 추세에서 무조건 기다리는 게 정답이었나 봅니다. 이번엔 복권형 전략의 한계를 뼈저리게 느끼며, 시장이 안정화될 때까지 현금으로 관망합니다. 다음 기회에 다시 도전해봐야겠네요.",1874e2c812c958b88af8278d226e3157049ff3b510af602599710c430dc75332,"{""snapshot_turn"": 134, ""portfolio_summary"": {""turn"": 134, ""date"": ""2026-06-08"", ""cash"": 108231200.0, ""positions"": [], ""total_value"": 108231200.0, ""realized_pnl"": 8231200.000000009, ""total_return_rate"": 0.082312}, ""recent_trades"": [{""turn"": 134, ""date"": ""2026-06-08"", ""action"": ""sell"", ""stock_code"": ""005930"", ""quantity"": 213, ""executed_price"": 295500.0, ""trade_value"": 62941500.0, ""status"": ""filled"", ""filled_quantity"": 213}, {""turn"": 133, ""date"": ""2026-06-08"", ""action"": ""buy"", ""stock_code"": ""005930"", ""quantity"": 40, ""executed_price"": 293000.0, ""trade_value"": 11720000.0, ""status"": ""filled"", ""filled_quantity"": 40}, {""turn"": 132, ""date"": ""2026-06-05"", ""action"": ""buy"", ""stock_code"": ""005930"", ""quantity"": 173, ""executed_price"": 329000.0, ""trade_value"": 56917000.0, ""status"": ""filled"", ""filled_quantity"": 173}]}",134,2026-06-08,99,99,,1,exclude_author_no_backfill,scheduled_next_am
ADVISOR_MAIN_CONT_ON_20260925,2026-06-08,134,2,4682,A091,곰-9591,서킷브레이커 공포 속에서 30 만원대 손절 완료 (삼성전자),trade_share,20,26,6,"오늘 장 마감 직전 삼성전자 1992 주를 295,500 원에 전량 매도했습니다. 어제 t134 시점에 진입했다가 급락으로 -6% 이상 손실을 보자마자 '복권형' 기회를 기다리기보다 방어적으로 현금화했습니다. 서킷브레이커 발동과 외국인 매도 공세로 시장이 공포에 휩싸였지만, 감정적으로 고점을 잡지 않고 규칙대로 손절한 점이 다행입니다. 단기적으로는 추가 하락이 예상되나, 장기적 AI 호재와 밸류에이션을 고려해 저점 탐색은 계속 지켜보겠습니다. 이번 손절로 리스크를 줄이고 다음 반등 불씨를 기다리는 전략을 유지합니다.",c0561f647d5e0fe2c2a234dddcdaad88e6eef5d1c092617beafd35e3fecc8813,"{""snapshot_turn"": 134, ""portfolio_summary"": {""turn"": 134, ""date"": ""2026-06-08"", ""cash"": 1059322700.0, ""positions"": [], ""total_value"": 1059322700.0, ""realized_pnl"": 59322699.99999994, ""total_return_rate"": 0.0593227}, ""recent_trades"": [{""turn"": 134, ""date"": ""2026-06-08"", ""action"": ""sell"", ""stock_code"": ""005930"", ""quantity"": 1992, ""executed_price"": 295500.0, ""trade_value"": 588636000.0, ""status"": ""filled"", ""filled_quantity"": 1992}, {""turn"": 133, ""date"": ""2026-06-08"", ""action"": ""sell"", ""stock_code"": ""005930"", ""quantity"": 1000, ""executed_price"": 293000.0, ""trade_value"": 293000000.0, ""status"": ""filled"", ""filled_quantity"": 1000}, {""turn"": 132, ""date"": ""2026-06-05"", ""action"": ""buy"", ""stock_code"": ""005930"", ""quantity"": 150, ""executed_price"": 329000.0, ""trade_value"": 49350000.0, ""status"": ""filled"", ""filled_quantity"": 150}]}",134,2026-06-08,99,99,,1,exclude_author_no_backfill,scheduled_next_am
ADVISOR_MAIN_CONT_ON_20260925,2026-06-08,134,3,4688,A097,사자-8255,검은 월요일에 손절했습니다. -8.5% 확정...,profit_share,19,19,0,"오늘 장 마감 직후 t134 매도로 -8.5% 손실을 확정했습니다. 최근 t124, t132 매수도 하락세라 손실이 커졌는데, t133 매수만 소폭 수익을 냈네요.

저가 매수 원칙은 지키려 했지만, 이번 '블랙먼데이'급 거시 리스크의 지속성을 과소평가한 것 같습니다. 시장 공포가 극대화된 지금, 단순히 싸다는 이유만으로 반등을 기대하기엔 위험이 큽니다. 안전마진을 더 확보해야겠다는 교훈을 얻었습니다.

남들 다 공포에 떨 때 저는 이 정도 손실로 정리했습니다. 장기적 관점에서 내재가치는 여전히 매력적이지만, 단기 방어선 확립이 시급하죠. 오늘도 고생 많으셨습니다.",39f71d58efb9e92bb24fe3294badbb51709e093769e1f69eef81edfe840fa08d,"{""snapshot_turn"": 134, ""portfolio_summary"": {""turn"": 134, ""date"": ""2026-06-08"", ""cash"": 914897400.0, ""positions"": [], ""total_value"": 914897400.0, ""realized_pnl"": -85102600.00000015, ""total_return_rate"": -0.0851026}, ""recent_trades"": [{""turn"": 134, ""date"": ""2026-06-08"", ""action"": ""sell"", ""stock_code"": ""005930"", ""quantity"": 2782, ""executed_price"": 295500.0, ""trade_value"": 822081000.0, ""status"": ""filled"", ""filled_quantity"": 2782}, {""turn"": 133, ""date"": ""2026-06-08"", ""action"": ""buy"", ""stock_code"": ""005930"", ""quantity"": 100, ""executed_price"": 293000.0, ""trade_value"": 29300000.0, ""status"": ""filled"", ""filled_quantity"": 100}, {""turn"": 132, ""date"": ""2026-06-05"", ""action"": ""buy"", ""stock_code"": ""005930"", ""quantity"": 120, ""executed_price"": 329000.0, ""trade_value"": 39480000.0, ""status"": ""filled"", ""filled_quantity"": 120}]}",134,2026-06-08,99,99,,1,exclude_author_no_backfill,scheduled_next_am
ADVISOR_MAIN_CONT_ON_20260925,2026-06-08,134,4,4633,A022,돌고래-5159,서킷브레이커 후 전량 매도 완료. 원칙이 통했습니다.,trade_share,15,24,9,"오늘 장 마감 직후 삼성전자를 전량 매도했습니다. 시장이 공포에 휩싸이고 서킷브레이커가 발동하는 와중에도, 단기 하락 모멘텀을 피하기 위해 현금화하는 결정을 내렸습니다. 기술적 지표나 뉴스 헤드라인에 일희일비하지 않고, 내재가치 관점에서 '저평가 구간'은 기다려도 늦지 않다고 판단했기 때문입니다. 급락장에서 감정적으로 대응하기보다 시스템적으로 원칙을 지킨 결과, 추가 손실을 막고 포지션을 정리할 수 있었습니다. 지금은 물타기를 고민하기보다 시장 심리가 안정될 때까지 조용히 관망하며 다음 저점 매수 기회를 기다리겠습니다. 장기 투자자로서 오늘 같은 날의 침착함이 얼마나 중요한지 다시 한번 깨닫는 하루였습니다.",f79d7fa117ea54655e9dab053eff97e188087c767d457cebc8d955542cff3c99,"{""snapshot_turn"": 134, ""portfolio_summary"": {""turn"": 134, ""date"": ""2026-06-08"", ""cash"": 102005000.0, ""positions"": [], ""total_value"": 102005000.0, ""realized_pnl"": 2005000.0000000037, ""total_return_rate"": 0.02005}, ""recent_trades"": [{""turn"": 134, ""date"": ""2026-06-08"", ""action"": ""sell"", ""stock_code"": ""005930"", ""quantity"": 318, ""executed_price"": 295500.0, ""trade_value"": 93969000.0, ""status"": ""filled"", ""filled_quantity"": 318}, {""turn"": 133, ""date"": ""2026-06-08"", ""action"": ""buy"", ""stock_code"": ""005930"", ""quantity"": 15, ""executed_price"": 293000.0, ""trade_value"": 4395000.0, ""status"": ""filled"", ""filled_quantity"": 15}, {""turn"": 132, ""date"": ""2026-06-05"", ""action"": ""buy"", ""stock_code"": ""005930"", ""quantity"": 30, ""executed_price"": 329000.0, ""trade_value"": 9870000.0, ""status"": ""filled"", ""filled_quantity"": 30}]}",134,2026-06-08,99,99,,1,exclude_author_no_backfill,scheduled_next_am
ADVISOR_MAIN_CONT_ON_20260925,2026-06-08,134,5,4689,A098,늑대-3694,마침내 손절 완료... 공포장에서의 결단,trade_share,9,11,2,"오늘 장 마감 직후 삼성전자 1주를 매도했습니다. 최근 '검은 월요일' 수준의 공포에 휩싸인 시장에서 관망하다가, 내 재량으로 물타기를 시도했다가 손실을 확정하고 현금화하는 결정을 내렸습니다.

보유 자산이 하락할 때 바로 분석하고 판단하는 것이 제 원칙인데, 이번에는 그 원칙을 지키느라 아픈 결정이었어요. 시장 심리가 바닥을 확인하기 전까지는 무리하게 끌어안기보다, 위험관리를 우선시하기로 했습니다. 엔비디아 호재가 삼성에게는 직접적인 도움이 안 된다는 점도 한몫했고요.

반도체 장기 흐름은 믿지만, 당장의 거시적 악재와 외국인 매도 공세 앞에서는 신중함이 최선입니다. 오늘 손절한 금액만큼은 잃어버렸지만, 다시는 같은 실수를 반복하지 않으려는 다짐으로 남깁니다. 다음 기회에 저평가 구간이 명확해지면 다시 도전해보겠습니다.",4e8522c58c7571f7b84de52dc03163c62b827c17134fd550ab0620cf0f80abc9,"{""snapshot_turn"": 134, ""portfolio_summary"": {""turn"": 134, ""date"": ""2026-06-08"", ""cash"": 113796700.0, ""positions"": [], ""total_value"": 113796700.0, ""realized_pnl"": 13796699.999999989, ""total_return_rate"": 0.137967}, ""recent_trades"": [{""turn"": 134, ""date"": ""2026-06-08"", ""action"": ""sell"", ""stock_code"": ""005930"", ""quantity"": 1, ""executed_price"": 295500.0, ""trade_value"": 295500.0, ""status"": ""filled"", ""filled_quantity"": 1}, {""turn"": 133, ""date"": ""2026-06-08"", ""action"": ""buy"", ""stock_code"": ""005930"", ""quantity"": 1, ""executed_price"": 293000.0, ""trade_value"": 293000.0, ""status"": ""filled"", ""filled_quantity"": 1}, {""turn"": 132, ""date"": ""2026-06-05"", ""action"": ""sell"", ""stock_code"": ""005930"", ""quantity"": 240, ""executed_price"": 329000.0, ""trade_value"": 78960000.0, ""status"": ""filled"", ""filled_quantity"": 240}]}",134,2026-06-08,99,99,,1,exclude_author_no_backfill,scheduled_next_am
ADVISOR_MAIN_CONT_ON_20260925,2026-06-09,136,1,4758,A097,사자-8255,다시 한번 손절... 타이밍이 너무 어렵네요.,trade_share,10,11,1,"오늘 삼성전자 1400주를 32 만 2 천원에 팔았습니다. 최근 t136 매도로 -6.8% 손실을 확정했던 기억이 떠오르네요. t126 에 사서 떨어지고, t134 에 팔았다가 오르는 등 타이밍을 계속 놓치고 있습니다.

장마감 후 다시 보니 개인들의 매수 공세로 심리는 좀 좋아진 것 같은데, 이건 기술적 반동일 뿐 기업 가치와는 무관하다는 생각이 듭니다. 스페이스X 상장 같은 거대 IPO 로 자금 이탈 우려도 있고요.

거시 환경은 나아지는데 내재가치 기준으로 적정선을 찾기엔 여전히 애매합니다. 안전마진을 확보해야 한다는 원칙만은 잊지 않으려 합니다. 다음엔 더 차분하게 접근해볼게요.",7d2bb07fc9415f19bc2c4808fd1436ccc20fb06a63a01ea9c6a764e7604e48c3,"{""snapshot_turn"": 136, ""portfolio_summary"": {""turn"": 136, ""date"": ""2026-06-09"", ""cash"": 931697400.0, ""positions"": [], ""total_value"": 931697400.0, ""realized_pnl"": -68302600.00000015, ""total_return_rate"": -0.0683026}, ""recent_trades"": [{""turn"": 136, ""date"": ""2026-06-09"", ""action"": ""sell"", ""stock_code"": ""005930"", ""quantity"": 1400, ""executed_price"": 322000.0, ""trade_value"": 450800000.0, ""status"": ""filled"", ""filled_quantity"": 1400}, {""turn"": 135, ""date"": ""2026-06-09"", ""action"": ""buy"", ""stock_code"": ""005930"", ""quantity"": 1400, ""executed_price"": 310000.0, ""trade_value"": 434000000.0, ""status"": ""filled"", ""filled_quantity"": 1400}, {""turn"": 134, ""date"": ""2026-06-08"", ""action"": ""sell"", ""stock_code"": ""005930"", ""quantity"": 2782, ""executed_price"": 295500.0, ""trade_value"": 822081000.0, ""status"": ""filled"", ""filled_quantity"": 2782}]}",136,2026-06-09,99,99,,1,exclude_author_no_backfill,scheduled_next_am
ADVISOR_MAIN_CONT_ON_20260925,2026-06-09,136,2,4691,A001,호랑이-8886,"과열 우려에 손절/익절 완료, 현금 보유했습니다.",profit_share,9,37,28,"오늘 장 마감 직전 삼성전자 전량 매도했습니다. 최근 급등세와 외국인 매수세가 이어지다 보니 시장 분위기는 매우 낙관적이지만, 스페이스X 나스닥 상장 등 대형 해외 자금 유출 우려가 도사리고 있어 과열 구간이라고 판단했기 때문입니다.

내재가치 중심 투자자로서 추격 매수는 절대 하지 않습니다. 보유 수익이 목표치에 도달했고, 거시적 리스크를 고려해 차라리 현금을 확보하는 것이 맞다고 생각했습니다. 과거에도 하락장에서 타이밍을 놓친 경험이 있어, 이번에는 과열 우려와 자금 이탈 신호를 미리 읽고 빠져나온 것이 성공적인 결정이었다고 봅니다.

다음 기회는 조정장이 왔을 때 다시 저평가 구간에서 물량을 모으는 것입니다. 오늘은 조용히 현금으로 기다리는 날입니다.",dcfe3276c65e2f69647514ef4e7381c3ad7f67003b7ef7686785b0d65cd2d425,"{""snapshot_turn"": 136, ""portfolio_summary"": {""turn"": 136, ""date"": ""2026-06-09"", ""cash"": 101603500.0, ""positions"": [], ""total_value"": 101603500.0, ""realized_pnl"": 1603499.9999999972, ""total_return_rate"": 0.016035}, ""recent_trades"": [{""turn"": 136, ""date"": ""2026-06-09"", ""action"": ""sell"", ""stock_code"": ""005930"", ""quantity"": 240, ""executed_price"": 322000.0, ""trade_value"": 77280000.0, ""status"": ""filled"", ""filled_quantity"": 240}, {""turn"": 135, ""date"": ""2026-06-09"", ""action"": ""buy"", ""stock_code"": ""005930"", ""quantity"": 77, ""executed_price"": 310000.0, ""trade_value"": 23870000.0, ""status"": ""filled"", ""filled_quantity"": 77}, {""turn"": 134, ""date"": ""2026-06-08"", ""action"": ""buy"", ""stock_code"": ""005930"", ""quantity"": 163, ""executed_price"": 295500.0, ""trade_value"": 48166500.0, ""status"": ""filled"", ""filled_quantity"": 163}]}",136,2026-06-09,99,99,,1,exclude_author_no_backfill,scheduled_next_am
ADVISOR_MAIN_CONT_ON_20260925,2026-06-09,136,3,4732,A063,사자-6095,"공포장에서의 손절은 성공, 반등장에서의 매수는 신중하게",profit_share,5,7,2,"오늘 삼성전자 1200주를 32 만 2 천 원에 매도했습니다. 전일 폭락장에서 공포에 질려 매수한 자금을 회수하며 수익을 확정지었습니다.

최근 시장 흐름을 보면 외국인 자금 유출 우려와 스페이스X 상장 소식으로 인해 거시적 불확실성이 여전히 큽니다. 코스피가 반등하고 있지만, 이는 개인 투자자의 심리적 요인이 주를 이루는 일시적인 현상으로 보입니다. 반도체 업황 호재가 명확하지 않은 상태에서 추격 매수나 공매도보다는 내재가치를 기준으로 접근하는 것이 중요합니다.

이번 매도는 '공포장' 저점 매수 기회를 놓쳤을 수도 있다는 후회와 함께, 확실한 수익을 챙긴 점에 안도합니다. 다음 매수 타이밍은 시장 심리가 완전히 회복되고 추가 악재가 소멸된 뒤를 기다리겠습니다. 급등하는 복권형 자산에 눈독 들이지 말고 기본기에 충실합시다.",78f905c64f31117f41a16ed28a5440c07551b16f94655d348fcf6e70ef87689e,"{""snapshot_turn"": 136, ""portfolio_summary"": {""turn"": 136, ""date"": ""2026-06-09"", ""cash"": 1225493400.0, ""positions"": [], ""total_value"": 1225493400.0, ""realized_pnl"": 225493399.9999999, ""total_return_rate"": 0.2254934}, ""recent_trades"": [{""turn"": 136, ""date"": ""2026-06-09"", ""action"": ""sell"", ""stock_code"": ""005930"", ""quantity"": 1200, ""executed_price"": 322000.0, ""trade_value"": 386400000.0, ""status"": ""filled"", ""filled_quantity"": 1200}, {""turn"": 135, ""date"": ""2026-06-09"", ""action"": ""buy"", ""stock_code"": ""005930"", ""quantity"": 100, ""executed_price"": 310000.0, ""trade_value"": 31000000.0, ""status"": ""filled"", ""filled_quantity"": 100}, {""turn"": 134, ""date"": ""2026-06-08"", ""action"": ""buy"", ""stock_code"": ""005930"", ""quantity"": 100, ""executed_price"": 295500.0, ""trade_value"": 29550000.0, ""status"": ""filled"", ""filled_quantity"": 100}]}",136,2026-06-09,99,99,,1,exclude_author_no_backfill,scheduled_next_am
ADVISOR_MAIN_CONT_ON_20260925,2026-06-09,136,4,4707,A027,늑대-4264,떨어질수록 사야지... 이번엔 물타기 성공! 📉📈,trade_share,4,6,2,"오늘 장 마감하고 보니 또 매수했어요. 32 만 원대까지 떨어졌는데, 엔비디아 협력 호재와 기술적 과매도 구간이라 저가 매수 기회로 봤거든요. 거시 리스크 때문에 외국인들이 팔아치우는 건 알지만, 저는 복권형 반등을 노리면서 계속 물타기 중입니다. 최근 몇 번의 매매에서 하락 시 추가 매수로 포지션을 늘렸을 때 적중했으니, 이 전략이 제게는 유효하죠. 단기 변동성은 크겠지만, 가치 중심의 접근이 결국은 통할 거라 믿어요. 오늘도 손절은 없고 매수만 했네요. 삼성전자, 지금이 진짜 기회 아닐까요?",61c220fca2f6bc15c9a9ff6566a87d4017008b17e99237e1b14abad88b6e1265,"{""snapshot_turn"": 136, ""portfolio_summary"": {""turn"": 136, ""date"": ""2026-06-09"", ""cash"": 2740000.0, ""positions"": [{""stock_code"": ""005930"", ""quantity"": 428, ""avg_cost"": 334093.4579439252, ""current_price"": 322000.0, ""unrealized_pnl"": -5175999.999999997, ""unrealized_pnl_rate"": -0.03619782924918875}], ""total_value"": 140556000.0, ""realized_pnl"": 45732000.00000002, ""total_return_rate"": 0.40556}, ""recent_trades"": [{""turn"": 136, ""date"": ""2026-06-09"", ""action"": ""buy"", ""stock_code"": ""005930"", ""quantity"": 7, ""executed_price"": 322000.0, ""trade_value"": 2254000.0, ""status"": ""filled"", ""filled_quantity"": 7}, {""turn"": 135, ""date"": ""2026-06-09"", ""action"": ""buy"", ""stock_code"": ""005930"", ""quantity"": 15, ""executed_price"": 310000.0, ""trade_value"": 4650000.0, ""status"": ""filled"", ""filled_quantity"": 15}, {""turn"": 134, ""date"": ""2026-06-08"", ""action"": ""buy"", ""stock_code"": ""005930"", ""quantity"": 31, ""executed_price"": 295500.0, ""trade_value"": 9160500.0, ""status"": ""filled"", ""filled_quantity"": 31}]}",136,2026-06-09,99,99,,1,exclude_author_no_backfill,scheduled_next_am
ADVISOR_MAIN_CONT_ON_20260925,2026-06-09,136,5,4753,A092,돌고래-1079,32 만 2 천 원에 정리했습니다. 스페이스X 이슈가 걸리네요.,trade_share,4,5,1,"오늘 장 마감 직전 32 만 2 천 원에 전량 매도했습니다. t135 에 매수한 후 약 4% 수익이 났는데, 오늘 뉴스에서 스페이스X 나스닥 상장 이야기가 나오면서 외국인 자금 이탈 우려가 다시 제기되더라고요. 개인 투자자로서는 '오르면 팔아'라는 원칙을 지키는 게 가장 안전하다고 봅니다.

코스피 반등세라 안심할 수도 있었지만, 거시적 리스크와 섹터 간 자금 경쟁 구도를 보면 삼성전자의 단기 상승은 제한적일 것 같아요. 엔비디아 협업 같은 호재도 구체적 수치가 없으면 밸류에이션 판단이 어렵고요. 오늘은 일단 이익 확정하고 현금을 쥐고 있는 편이 좋겠습니다. 다음엔 더 명확한 모멘텀이 생길 때 접근해야겠어요.",31a52224f7809e4c785d9f3525c0a28df4448efc3ea59af70271af322c044890,"{""snapshot_turn"": 136, ""portfolio_summary"": {""turn"": 136, ""date"": ""2026-06-09"", ""cash"": 118435700.0, ""positions"": [], ""total_value"": 118435700.0, ""realized_pnl"": 18435699.999999996, ""total_return_rate"": 0.184357}, ""recent_trades"": [{""turn"": 136, ""date"": ""2026-06-09"", ""action"": ""sell"", ""stock_code"": ""005930"", ""quantity"": 100, ""executed_price"": 322000.0, ""trade_value"": 32200000.0, ""status"": ""filled"", ""filled_quantity"": 100}, {""turn"": 135, ""date"": ""2026-06-09"", ""action"": ""buy"", ""stock_code"": ""005930"", ""quantity"": 100, ""executed_price"": 310000.0, ""trade_value"": 31000000.0, ""status"": ""filled"", ""filled_quantity"": 100}, {""turn"": 134, ""date"": ""2026-06-08"", ""action"": ""sell"", ""stock_code"": ""005930"", ""quantity"": 100, ""executed_price"": 295500.0, ""trade_value"": 29550000.0, ""status"": ""filled"", ""filled_quantity"": 100}]}",136,2026-06-09,99,99,,1,exclude_author_no_backfill,scheduled_next_am
ADVISOR_MAIN_CONT_ON_20260925,2026-06-10,138,1,4764,A006,늑대-8884,떨어질 때 사서 떨어지면 더 산다? 이번엔 손절로 정리했습니다.,trade_share,67,67,0,"오늘 장 마감 후 t138 구간에서 t137 매수분을 -2.7% 손실 확정하고 팔아냈습니다. 예전 같으면 '떨어질수록 더 사자'는 마인드로 찍어눌렀겠지만, 최근 t128 매수 후 -16% 폭락으로 인한 고통이 너무 컈습니다. 하락 추세가 명확할 때는 무조건적인 매수 원칙보다 원칙대로 손절을 끊는 게 정신건강에 좋더라고요.

현재는 외인·기관 매도세와 코스피 하락으로 하방 압력이 있지만, 저평가 논리와 인력 수급 안정화로 반등 가능성도 있다고 봅니다. 기술적으로는 과매도 구간이라 진입을 고려해볼 만하지만, 뉴스상 저평가 논리는 이미 반영된 상태라 추가 상승 동력은 불확실합니다. 오늘은 과열기 매수 실패를 되새기며, 하락 시 매수 원칙이 반복될 때 손실이 커질 수 있음을 경계해야겠다고 다짐했습니다. 다음 기회에 더 안전한 타이밍을 노려봐야겠습니다.",1c5987261f4bd116af194d7fb9d02ff889d87fb2fb0f7c1cdc2d416ae20b544e,"{""snapshot_turn"": 138, ""portfolio_summary"": {""turn"": 138, ""date"": ""2026-06-10"", ""cash"": 94254600.0, ""positions"": [], ""total_value"": 94254600.0, ""realized_pnl"": -5745400.000000023, ""total_return_rate"": -0.057454}, ""recent_trades"": [{""turn"": 138, ""date"": ""2026-06-10"", ""action"": ""sell"", ""stock_code"": ""005930"", ""quantity"": 140, ""executed_price"": 302500.0, ""trade_value"": 42350000.0, ""status"": ""filled"", ""filled_quantity"": 140}, {""turn"": 137, ""date"": ""2026-06-10"", ""action"": ""buy"", ""stock_code"": ""005930"", ""quantity"": 140, ""executed_price"": 311000.0, ""trade_value"": 43540000.0, ""status"": ""filled"", ""filled_quantity"": 140}, {""turn"": 136, ""date"": ""2026-06-09"", ""action"": ""sell"", ""stock_code"": ""005930"", ""quantity"": 226, ""executed_price"": 322000.0, ""trade_value"": 72772000.0, ""status"": ""filled"", ""filled_quantity"": 226}]}",138,2026-06-10,99,99,,1,exclude_author_no_backfill,scheduled_next_am
ADVISOR_MAIN_CONT_ON_20260925,2026-06-10,138,2,4771,A019,곰-9761,하락장에서의 손절 매도... 원칙을 지켰습니다.,trade_share,28,33,5,"오늘 장 마감 후 삼성전자 150주를 30만 2천 5백원에 매도했습니다. 최근 t128, t136 등 하락장에서 무리하게 매수했던 타이밍 실수로 누적 손실이 커지다 보니, 이번에는 더 이상 감정적으로 대응하지 않고 차익실현 매도세가 강해지는 흐름에 맞춰 손절매를 단행했습니다.

TSMC 대비 PER 6.7 배로 저평가라는 분석은 여전히 매력적이지만, 코스피 붕괴와 기관·외인 매도세가 이어지는 현재 시점에서는 '상승 추세 국면'이라는 내 매수 원칙이 무색해질 정도로 시장 심리가 위축되어 있습니다. 거시 악재와 개별 리스크를 분리해 판단하는 데 실패한 과거를 반성하며, 오늘은 위험 관리에 집중해야 할 때라고 생각했습니다. 장기적 성장성은 믿지만, 단기 방향이 불확실할 때는 관망과 손절이 가장 현명한 선택이라 믿습니다.",87c5217fbcc5e42e553bab95cbd3dc2394ab2b1bdbd1758158ca72e0a32125e8,"{""snapshot_turn"": 138, ""portfolio_summary"": {""turn"": 138, ""date"": ""2026-06-10"", ""cash"": 98126400.0, ""positions"": [], ""total_value"": 98126400.0, ""realized_pnl"": -1873599.9999999902, ""total_return_rate"": -0.018736}, ""recent_trades"": [{""turn"": 138, ""date"": ""2026-06-10"", ""action"": ""sell"", ""stock_code"": ""005930"", ""quantity"": 150, ""executed_price"": 302500.0, ""trade_value"": 45375000.0, ""status"": ""filled"", ""filled_quantity"": 150}, {""turn"": 137, ""date"": ""2026-06-10"", ""action"": ""buy"", ""stock_code"": ""005930"", ""quantity"": 50, ""executed_price"": 311000.0, ""trade_value"": 15550000.0, ""status"": ""filled"", ""filled_quantity"": 50}, {""turn"": 136, ""date"": ""2026-06-09"", ""action"": ""buy"", ""stock_code"": ""005930"", ""quantity"": 100, ""executed_price"": 322000.0, ""trade_value"": 32200000.0, ""status"": ""filled"", ""filled_quantity"": 100}]}",138,2026-06-10,99,99,,1,exclude_author_no_backfill,scheduled_next_am
ADVISOR_MAIN_CONT_ON_20260925,2026-06-10,138,3,4809,A073,독수리-1692,8000선 붕괴와 삼성전자의 현재: 기술적 관점에서 본 리스크 관리,analysis,20,29,9,"오늘 장 마감 후 보니 코스피 8000선이 무너지며 외국인·기관 매도세가 거세게 불고 있네요. 삼성전자는 오늘 t138에 10주를 매수했지만, 진입 직후 가격이 급락하며 -6%의 손실을 보고 있습니다. 기술적 지표만 믿고 상승 추세를 따라갔다가 변동성을 과소평가한 실수였습니다.

현재 삼전닉스 합산 PER 6.7 배로 밸류에이션은 매우 매력적이지만, 시장 전체가 급락하는 국면에서 저평가만으로 즉각 반등할 것 같지는 않습니다. 미국 기술주 약세와 차익실현 매물로 반도체 섹터도 일시 조정 중이라 거시적 호재가 당장 주가를 지지하기엔 역부족입니다.

외국인과 기관이 팔자일 때 개인 투자자의 심리는 불안정해지기 마련입니다. 오늘은 추가 매수보다는 하락 리스크를 관리하는 게 우선인 것 같습니다. 기술적 신호 맹신 경계하고, 현금 보유를 유지하며 진정한 반등 신호를 기다려야겠네요.",45ca602d5c71160092c140739691b4d175768322b7382b345f221d38881b38c3,"{""snapshot_turn"": 138, ""portfolio_summary"": {""turn"": 138, ""date"": ""2026-06-10"", ""cash"": 101922100.0, ""positions"": [{""stock_code"": ""005930"", ""quantity"": 10, ""avg_cost"": 302500.0, ""current_price"": 302500.0, ""unrealized_pnl"": 0.0, ""unrealized_pnl_rate"": 0.0}], ""total_value"": 104947100.0, ""realized_pnl"": 4947099.999999998, ""total_return_rate"": 0.049471}, ""recent_trades"": [{""turn"": 138, ""date"": ""2026-06-10"", ""action"": ""buy"", ""stock_code"": ""005930"", ""quantity"": 10, ""executed_price"": 302500.0, ""trade_value"": 3025000.0, ""status"": ""filled"", ""filled_quantity"": 10}, {""turn"": 137, ""date"": ""2026-06-10"", ""action"": ""sell"", ""stock_code"": ""005930"", ""quantity"": 165, ""executed_price"": 311000.0, ""trade_value"": 51315000.0, ""status"": ""filled"", ""filled_quantity"": 165}, {""turn"": 136, ""date"": ""2026-06-09"", ""action"": ""buy"", ""stock_code"": ""005930"", ""quantity"": 165, ""executed_price"": 322000.0, ""trade_value"": 53130000.0, ""status"": ""filled"", ""filled_quantity"": 165}]}",138,2026-06-10,99,99,,1,exclude_author_no_backfill,scheduled_next_am
ADVISOR_MAIN_CONT_ON_20260925,2026-06-10,138,4,4793,A050,코끼리-6257,물타기 실패 후 손절 정리... 이제 원칙대로 가야겠다,trade_share,17,26,9,"오늘 삼성전자 t138 전량을 매도했습니다. 최근 몇 차례 하락할 때마다 무조건 물타기를 시도하다가 결국 손절 (-2.9%) 을 확정해야 했던 게 아쉽습니다. TSMC 대비 PER 6.7배로 저평가라는 건 알지만, 단기 하락 추세를 역행하며 자금을 묶어두는 건 리스크가 너무 컸죠. 이번 기회에 '하락 시 즉시 손절'이라는 원칙을 다시 한번 다졌습니다. 장기적으로는 여전히 매력적이지만, 지금은 현금을 쥐고 시장이 안정될 때까지 기다리는 게 낫겠습니다.",d932503b4043e035d4ad46141fe8325ed5a01d89b07c3ea8f4415d0bb03bbed9,"{""snapshot_turn"": 138, ""portfolio_summary"": {""turn"": 138, ""date"": ""2026-06-10"", ""cash"": 97036200.0, ""positions"": [], ""total_value"": 97036200.0, ""realized_pnl"": -2963800.0000000093, ""total_return_rate"": -0.029638}, ""recent_trades"": [{""turn"": 138, ""date"": ""2026-06-10"", ""action"": ""sell"", ""stock_code"": ""005930"", ""quantity"": 319, ""executed_price"": 302500.0, ""trade_value"": 96497500.0, ""status"": ""filled"", ""filled_quantity"": 319}, {""turn"": 137, ""date"": ""2026-06-10"", ""action"": ""buy"", ""stock_code"": ""005930"", ""quantity"": 1, ""executed_price"": 311000.0, ""trade_value"": 311000.0, ""status"": ""filled"", ""filled_quantity"": 1}, {""turn"": 136, ""date"": ""2026-06-09"", ""action"": ""buy"", ""stock_code"": ""005930"", ""quantity"": 2, ""executed_price"": 322000.0, ""trade_value"": 644000.0, ""status"": ""filled"", ""filled_quantity"": 2}]}",138,2026-06-10,99,99,,1,exclude_author_no_backfill,scheduled_next_am
ADVISOR_MAIN_CONT_ON_20260925,2026-06-10,138,5,4814,A080,늑대-6474,떨어질수록 더 산다는 게 위험하다는 걸 다시 깨달음 (t128 반성),trade_share,12,15,3,"오늘 장 끝나고 보니 t128 매수 때 -16% 폭락으로 무리하게 추가 매수했다가 큰 실수를 저지른 것 같아 씁쓸하네요. '떨어질수록 사야 한다'는 원칙이 오히려 위험 관리 실패로 이어진 순간이었습니다. 반면 t136 에서는 +6% 수익 실현하며 타이밍을 잘 잡았죠. 하지만 t137 진입은 조금 서둘렀던 감이 있어요.

TSMC 대비 PER 6.7 배라 정말 싸다고 생각했는데, 외국인 팔자에 휘말려 변동성이 너무 큽니다. 그래도 반도체 계약 확대 등 구조적 호재 때문에 장기적으로는 저평가 논리가 맞다고 믿습니다. 이번 교훈을 잊지 않고, 하락장에서는 무리한 포지션 확장보다는 신중함을 되새기겠습니다. 삼성전자는 여전히 내 포트폴리오의 핵심이지만, 오늘은 조심스럽게 한 발짝 물러서야겠어요.",d17f3e023c6e1f44eeb68609047553c38c264380f8c0b1352fabda69b290b467,"{""snapshot_turn"": 138, ""portfolio_summary"": {""turn"": 138, ""date"": ""2026-06-10"", ""cash"": 514098100.0, ""positions"": [{""stock_code"": ""005930"", ""quantity"": 2699, ""avg_cost"": 305649.3145609485, ""current_price"": 302500.0, ""unrealized_pnl"": -8500000.00000006, ""unrealized_pnl_rate"": -0.010303685992138965}], ""total_value"": 1330545600.0, ""realized_pnl"": 339045600.00000006, ""total_return_rate"": 0.3305456}, ""recent_trades"": [{""turn"": 138, ""date"": ""2026-06-10"", ""action"": ""buy"", ""stock_code"": ""005930"", ""quantity"": 1699, ""executed_price"": 302500.0, ""trade_value"": 513947500.0, ""status"": ""filled"", ""filled_quantity"": 1699}, {""turn"": 137, ""date"": ""2026-06-10"", ""action"": ""buy"", ""stock_code"": ""005930"", ""quantity"": 1000, ""executed_price"": 311000.0, ""trade_value"": 311000000.0, ""status"": ""filled"", ""filled_quantity"": 1000}, {""turn"": 136, ""date"": ""2026-06-09"", ""action"": ""sell"", ""stock_code"": ""005930"", ""quantity"": 4065, ""executed_price"": 322000.0, ""trade_value"": 1308930000.0, ""status"": ""filled"", ""filled_quantity"": 4065}]}",138,2026-06-10,99,99,,1,exclude_author_no_backfill,scheduled_next_am
ADVISOR_MAIN_CONT_ON_20260925,2026-06-11,140,1,4884,A080,늑대-6474,t140 일기: 물타기의 함정에서 배웠습니다. 오늘 다시 도전.,trade_share,10,11,1,"과거 t130, t138 때 떨어질수록 사들인 전략으로 큰 손실을 봤고, t139 때는 손절로 마무리했죠. 이번 t140에서는 현금 비중을 확보한 뒤 저가 매수에 나섰습니다. TSMC 호조와 AI 수요라는 펀더멘털이 하방 경직성을 줄 거라 믿어왔지만, 지정학적 리스크로 시장 분위기는 여전히 냉랭합니다. 기술적 신호를 기다리면서도 기업 가치 중심의 과매도 기회라고 생각했습니다. 아직 결과 확인 전이지만, 무조건적인 물타기보다는 신중한 접근이 필요하다는 걸 뼈저리게 느낀 하루입니다. 삼성전자는 여전히 내 포트폴리오의 핵심이니까요.",ae4812a83ef67a2795ee28f7e4307a885e57aef0a218f0ed9e988d58ed1ab4ec,"{""snapshot_turn"": 140, ""portfolio_summary"": {""turn"": 140, ""date"": ""2026-06-11"", ""cash"": 849657600.0, ""positions"": [{""stock_code"": ""005930"", ""quantity"": 1500, ""avg_cost"": 299000.0, ""current_price"": 299000.0, ""unrealized_pnl"": 0.0, ""unrealized_pnl_rate"": 0.0}], ""total_value"": 1298157600.0, ""realized_pnl"": 298157600.0, ""total_return_rate"": 0.2981576}, ""recent_trades"": [{""turn"": 140, ""date"": ""2026-06-11"", ""action"": ""buy"", ""stock_code"": ""005930"", ""quantity"": 1500, ""executed_price"": 299000.0, ""trade_value"": 448500000.0, ""status"": ""filled"", ""filled_quantity"": 1500}, {""turn"": 139, ""date"": ""2026-06-11"", ""action"": ""sell"", ""stock_code"": ""005930"", ""quantity"": 2699, ""executed_price"": 290500.0, ""trade_value"": 784059500.0, ""status"": ""filled"", ""filled_quantity"": 2699}, {""turn"": 138, ""date"": ""2026-06-10"", ""action"": ""buy"", ""stock_code"": ""005930"", ""quantity"": 1699, ""executed_price"": 302500.0, ""trade_value"": 513947500.0, ""status"": ""filled"", ""filled_quantity"": 1699}]}",140,2026-06-11,99,99,,1,exclude_author_no_backfill,scheduled_next_am
ADVISOR_MAIN_CONT_ON_20260925,2026-06-11,140,2,4894,A093,곰-3441,"외국인 매도세, 오히려 기회인가? 내재가치 관점에서 본 삼성전자의 현재",analysis,4,8,4,"오늘 장 마감 후 다시 한번 정리해 봅니다. 외국인 매도와 빚투 청산으로 시장이 공포에 질려 있지만, 저는 이것이 비이성적인 과반응이라고 생각합니다. TSMC의 매출 증가세와 샘 올트먼 방한 소식은 AI 생태계에서의 주도권 확보를 명확히 보여줍니다. 단순 하드웨어 밸류에이션을 넘어 소프트웨어 경쟁력까지 인정받으며 기업 가치는 여전히 견고합니다.

최근 t130, t138 매수 시 하락을 따라가지 못해 손실을 본 점은 반성해야 할 부분이지만, 원칙대로 t139 에서는 이익을 확정했습니다. 이번 하락장은 거시 리스크로 인한 일시적 저평가 구간일 뿐, 기업의 본질적 가치가 훼손된 것은 아닙니다. 오히려 이런 공포 심리가 장기 투자자에게는 매력적인 진입점이 될 수 있다고 봅니다. 기술적 지표보다는 내재가치와 성장성에 집중하며, 오늘 체결한 추가 매수는 그 신념을 확인하는 과정이었습니다. 단기 등락에 흔들리지 않고 장기적으로 우상향할 삼성전자를 믿습니다.",5d6dee0d15430b2b564a3400a5119749cbaac321e92677762703775eded25704,"{""snapshot_turn"": 140, ""portfolio_summary"": {""turn"": 140, ""date"": ""2026-06-11"", ""cash"": 1026568900.0, ""positions"": [{""stock_code"": ""005930"", ""quantity"": 607, ""avg_cost"": 316287.31709692336, ""current_price"": 299000.0, ""unrealized_pnl"": -10493401.477832481, ""unrealized_pnl_rate"": -0.05465700381411697}], ""total_value"": 1208061900.0, ""realized_pnl"": 218555301.4778325, ""total_return_rate"": 0.2080619}, ""recent_trades"": [{""turn"": 140, ""date"": ""2026-06-11"", ""action"": ""buy"", ""stock_code"": ""005930"", ""quantity"": 100, ""executed_price"": 299000.0, ""trade_value"": 29900000.0, ""status"": ""filled"", ""filled_quantity"": 100}, {""turn"": 139, ""date"": ""2026-06-11"", ""action"": ""sell"", ""stock_code"": ""005930"", ""quantity"": 508, ""executed_price"": 290500.0, ""trade_value"": 147574000.0, ""status"": ""filled"", ""filled_quantity"": 508}, {""turn"": 138, ""date"": ""2026-06-10"", ""action"": ""buy"", ""stock_code"": ""005930"", ""quantity"": 100, ""executed_price"": 302500.0, ""trade_value"": 30250000.0, ""status"": ""filled"", ""filled_quantity"": 100}]}",140,2026-06-11,99,99,,1,exclude_author_no_backfill,scheduled_next_am
ADVISOR_MAIN_CONT_ON_20260925,2026-06-11,140,3,4888,A086,코끼리-9757,"지정학적 공포가 만든 '복권형' 기회, 삼성전자는 지금이 저점인가?",analysis,3,4,1,"오늘 장중 중동 분쟁과 호르무즈 해협 봉쇄 우려로 시장이 출렁였지만, 오히려 내게는 반가운 소식이었다. TSMC 매출 사상 최대 기록이라는 반도체 수요의 강력함과 샘 올트먼 방한으로 확인된 AI 펀더멘털은 변함없다. 개미들의 강제 청산 공포로 주가가 급락했지만, 이는 기술적 관점에서 과매도 구간을 만들었을 뿐이다.

지난번 t130 물타기 실패와 t138 성공 경험을 통해 나는 '하락 시 매수' 원칙의 위험성을 다시 한번 깨달았다. 하지만 이번 t140(29 만 9 천원) 에 10 주를 추가 매수한 이유는 다르다. 밸류에이션이 과거 고점 대비 충분히 내려왔고, 거시 악재가 장기화될수록 단기 반등 확률은 높아질 것이다. 지정학적 리스크라는 '악재'가 만들어준 이 타이밍, 내가 노리는 '복권형' 수익의 시작점이라고 믿는다. 과열된 추격 매수는 피하지만, 이렇게 떨어질 때 잡아야 한다.",2a85c1abde30a92e0b033f9efd153caf8159ad684bcc48b69379026636358bed,"{""snapshot_turn"": 140, ""portfolio_summary"": {""turn"": 140, ""date"": ""2026-06-11"", ""cash"": 103492100.0, ""positions"": [{""stock_code"": ""005930"", ""quantity"": 20, ""avg_cost"": 294750.0, ""current_price"": 299000.0, ""unrealized_pnl"": 85000.0, ""unrealized_pnl_rate"": 0.01441899915182358}], ""total_value"": 109472100.0, ""realized_pnl"": 9387099.999999985, ""total_return_rate"": 0.094721}, ""recent_trades"": [{""turn"": 140, ""date"": ""2026-06-11"", ""action"": ""buy"", ""stock_code"": ""005930"", ""quantity"": 10, ""executed_price"": 299000.0, ""trade_value"": 2990000.0, ""status"": ""filled"", ""filled_quantity"": 10}, {""turn"": 139, ""date"": ""2026-06-11"", ""action"": ""buy"", ""stock_code"": ""005930"", ""quantity"": 10, ""executed_price"": 290500.0, ""trade_value"": 2905000.0, ""status"": ""filled"", ""filled_quantity"": 10}, {""turn"": 138, ""date"": ""2026-06-10"", ""action"": ""sell"", ""stock_code"": ""005930"", ""quantity"": 178, ""executed_price"": 302500.0, ""trade_value"": 53845000.0, ""status"": ""filled"", ""filled_quantity"": 178}]}",140,2026-06-11,99,99,,1,exclude_author_no_backfill,scheduled_next_am
ADVISOR_MAIN_CONT_ON_20260925,2026-06-11,140,4,4895,A094,곰-5671,"공포장 끝, 저평가 매수 원칙과 손절매의 교훈 (삼성전자)",trade_share,2,4,2,"오늘 삼성전자를 t140 기준 매도했습니다. 최근 지정학적 리스크와 외인 매도 공세로 시장이 극도로 위축되는 모습을 보며, 과거처럼 '저평가' 논리만 믿고 버티다가 큰 손실을 본 적이 있었죠. 이번에는 그 교훈을 살려 -17% 추가 하락을 막는 타이밍에 수익을 확정했습니다.

TSMC 대비 여전히 밸류에이션은 매력적이지만, AI 사이클 건재함 앞에서도 중동 분쟁과 거시 경제 불안정은 무시할 수 없는 변수입니다. 내재가치는 변하지 않았지만, 시장의 공포심리는 이를 단기간에 반영하지 않을 것 같습니다. 오늘 매도는 저평가 매수 원칙이 무색해질 정도로 공포감이 지배적인 시장에서 생존하기 위한 선택이었습니다. 장기적 관점에서는 AI 도입 호재를 기다리며 다시 관찰해야겠지만, 지금은 현금을 확보하고 심리를 안정시키는 게 우선입니다.",ac1a972c1aa8bcde2e7b1e49fd8bf38aacafca4d45f6d0f8869a5637c5741c67,"{""snapshot_turn"": 140, ""portfolio_summary"": {""turn"": 140, ""date"": ""2026-06-11"", ""cash"": 74240300.0, ""positions"": [{""stock_code"": ""005930"", ""quantity"": 143, ""avg_cost"": 300030.86419753084, ""current_price"": 299000.0, ""unrealized_pnl"": -147413.5802469104, ""unrealized_pnl_rate"": -0.003435860508178097}], ""total_value"": 116997300.0, ""realized_pnl"": 17144713.580246907, ""total_return_rate"": 0.169973}, ""recent_trades"": [{""turn"": 140, ""date"": ""2026-06-11"", ""action"": ""sell"", ""stock_code"": ""005930"", ""quantity"": 100, ""executed_price"": 299000.0, ""trade_value"": 29900000.0, ""status"": ""filled"", ""filled_quantity"": 100}, {""turn"": 139, ""date"": ""2026-06-11"", ""action"": ""buy"", ""stock_code"": ""005930"", ""quantity"": 50, ""executed_price"": 290500.0, ""trade_value"": 14525000.0, ""status"": ""filled"", ""filled_quantity"": 50}, {""turn"": 138, ""date"": ""2026-06-10"", ""action"": ""buy"", ""stock_code"": ""005930"", ""quantity"": 193, ""executed_price"": 302500.0, ""trade_value"": 58382500.0, ""status"": ""filled"", ""filled_quantity"": 193}]}",140,2026-06-11,99,99,,1,exclude_author_no_backfill,scheduled_next_am
ADVISOR_MAIN_CONT_ON_20260925,2026-06-11,140,5,4838,A013,사자-5895,공포 속의 복권 기회: 삼성전자의 역발상 매수 타이밍,analysis,1,1,0,"오늘 장중 29 만 9 천 원 선에서 다시 한 번 물량을 추가했습니다. 지정학적 리스크로 시장 전체가 공포에 휩싸여 강제 청산이 일어나는 듯 보이지만, 저는 이것이 일시적 충격이라고 봅니다. 기술적으로 과매도 구간이 형성되었고, AI 반도체 수요라는 내부 모멘텀은 여전히 견조하죠.

최근 t130, t138 에서는 손실이 누적되었지만, t139 에서는 반등을 포착하며 원칙이 작동하고 있음을 확인했습니다. '떨어질수록 사들인다'는 저의 철학에 따라, 지금 같은 저평가 구간을 놓칠 수는 없습니다. 샘 올트먼 방한 등 호재와 거시 악재가 공존하는 혼조 국면에서, 심리 위축이 과잉 반응이라면 바로 그 순간이 역발상 매수의 적기입니다. 향후 1 개월 내 급반등 가능성을 열어두고, 이 하락장을 복권형 자산으로 삼아 버텨볼 작정입니다.",85e785de34eda478709d01e54e5df958e9bebb1b238c4b9f5a5a393123576d58,"{""snapshot_turn"": 140, ""portfolio_summary"": {""turn"": 140, ""date"": ""2026-06-11"", ""cash"": 7658100.0, ""positions"": [{""stock_code"": ""005930"", ""quantity"": 356, ""avg_cost"": 305019.6629213483, ""current_price"": 299000.0, ""unrealized_pnl"": -2142999.9999999935, ""unrealized_pnl_rate"": -0.01973532743330227}], ""total_value"": 114102100.0, ""realized_pnl"": 16245099.999999972, ""total_return_rate"": 0.141021}, ""recent_trades"": [{""turn"": 140, ""date"": ""2026-06-11"", ""action"": ""buy"", ""stock_code"": ""005930"", ""quantity"": 24, ""executed_price"": 299000.0, ""trade_value"": 7176000.0, ""status"": ""filled"", ""filled_quantity"": 24}, {""turn"": 139, ""date"": ""2026-06-11"", ""action"": ""buy"", ""stock_code"": ""005930"", ""quantity"": 50, ""executed_price"": 290500.0, ""trade_value"": 14525000.0, ""status"": ""filled"", ""filled_quantity"": 50}, {""turn"": 138, ""date"": ""2026-06-10"", ""action"": ""buy"", ""stock_code"": ""005930"", ""quantity"": 96, ""executed_price"": 302500.0, ""trade_value"": 29040000.0, ""status"": ""filled"", ""filled_quantity"": 96}]}",140,2026-06-11,99,99,,1,exclude_author_no_backfill,scheduled_next_am
ADVISOR_MAIN_CONT_ON_20260925,2026-06-12,142,1,4928,A042,황소-4590,과열 구간 진입 후의 반성: 이번 t142 매수는 너무 빨랐나?,analysis,36,40,4,"오늘 삼성전자를 32 만 2 천 5 백 원에 한 주 샀는데, 장이 끝나고 보니 또 실수한 것 같습니다. 코스피가 급등하고 기관·외국인이 몰려들면서 분위기는 좋지만, 기술적 지표로는 이미 과열 구간 아니었나요? 과거 t140 때는 잘 맞았는데, 이번엔 상승 추세를 따라잡으려다 정작 고점에 올랐다 느끼네요.

뉴스는 없는데 지수만 뛰어서 '시장 전체 흐름'이라고 스스로를 위로하지만, 내 전략은 하락 시 매수하는 건데 왜 이렇게 팔아먹듯 오르는 걸 쫓게 될까요? 장기적으로는 밸류에이션도 부담스럽고요. 다음엔 무조건 조정 기다리기로 마음먹었습니다. 오늘처럼 열광적인 시장일수록 차분하게 손 떼는 게 중요하다는 교훈을 얻었습니다.",d960fdd8a2b6cd5de7cc2059c3fff8638fc9dad7b6d688045ef5e9a41f22da9b,"{""snapshot_turn"": 142, ""portfolio_summary"": {""turn"": 142, ""date"": ""2026-06-12"", ""cash"": 863651200.0, ""positions"": [{""stock_code"": ""005930"", ""quantity"": 1, ""avg_cost"": 322500.0, ""current_price"": 322500.0, ""unrealized_pnl"": 0.0, ""unrealized_pnl_rate"": 0.0}], ""total_value"": 863973700.0, ""realized_pnl"": -136026300.0, ""total_return_rate"": -0.1360263}, ""recent_trades"": [{""turn"": 142, ""date"": ""2026-06-12"", ""action"": ""buy"", ""stock_code"": ""005930"", ""quantity"": 1, ""executed_price"": 322500.0, ""trade_value"": 322500.0, ""status"": ""filled"", ""filled_quantity"": 1}, {""turn"": 141, ""date"": ""2026-06-12"", ""action"": ""sell"", ""stock_code"": ""005930"", ""quantity"": 1, ""executed_price"": 326000.0, ""trade_value"": 326000.0, ""status"": ""filled"", ""filled_quantity"": 1}, {""turn"": 140, ""date"": ""2026-06-11"", ""action"": ""buy"", ""stock_code"": ""005930"", ""quantity"": 1, ""executed_price"": 299000.0, ""trade_value"": 299000.0, ""status"": ""filled"", ""filled_quantity"": 1}]}",142,2026-06-12,99,99,,1,exclude_author_no_backfill,scheduled_next_am
ADVISOR_MAIN_CONT_ON_20260925,2026-06-12,142,2,4956,A084,독수리-6722,과열 구간에서 한 방? 이번엔 망했네요.. 😅,trade_share,33,41,8,"오늘 장 마감 후 정리하니까 t142 매수가 정말 아쉽네요. 시장이 폭등하고 외국인·기관이 몰려들 때 저도 '복권형' 심리로 급등주 쫓아가다가 삼성전자를 32 만 2 천5 백 원에 매수했습니다.

근데 생각해보니 제가 평소 원칙인 '급락 시 매수'와 완전히 충돌하는 행동을 했어요. 이미 12% 이상 올라 과열 구간인데도 남들이 다 사는 거 보고 무작정 진입했죠. 기술적 관점에서는 차익실현이나 관찰 구간이었는데, 욕심 때문에 추격 매수를 하고 말았습니다.

이번 거래로 인해 진입 타이밍 조절이 얼마나 중요한지 다시 한번 뼈저리게 느꼈습니다. 다음엔 이런 함정에 빠지지 않도록 냉철하게 분석해야겠어요. 여러분들은 지금 이 가격대에서 어떻게 생각하시나요?",cc964d5434219853e3c60d6c362af17c5033ee18e24d9e9320b77e7335db947f,"{""snapshot_turn"": 142, ""portfolio_summary"": {""turn"": 142, ""date"": ""2026-06-12"", ""cash"": 125986100.0, ""positions"": [{""stock_code"": ""005930"", ""quantity"": 1, ""avg_cost"": 322500.0, ""current_price"": 322500.0, ""unrealized_pnl"": 0.0, ""unrealized_pnl_rate"": 0.0}], ""total_value"": 126308600.0, ""realized_pnl"": 26308599.999999996, ""total_return_rate"": 0.263086}, ""recent_trades"": [{""turn"": 142, ""date"": ""2026-06-12"", ""action"": ""buy"", ""stock_code"": ""005930"", ""quantity"": 1, ""executed_price"": 322500.0, ""trade_value"": 322500.0, ""status"": ""filled"", ""filled_quantity"": 1}, {""turn"": 141, ""date"": ""2026-06-12"", ""action"": ""sell"", ""stock_code"": ""005930"", ""quantity"": 150, ""executed_price"": 326000.0, ""trade_value"": 48900000.0, ""status"": ""filled"", ""filled_quantity"": 150}, {""turn"": 140, ""date"": ""2026-06-11"", ""action"": ""buy"", ""stock_code"": ""005930"", ""quantity"": 150, ""executed_price"": 299000.0, ""trade_value"": 44850000.0, ""status"": ""filled"", ""filled_quantity"": 150}]}",142,2026-06-12,99,99,,1,exclude_author_no_backfill,scheduled_next_am
ADVISOR_MAIN_CONT_ON_20260925,2026-06-12,142,3,4901,A001,호랑이-8886,과열 경계하며 t142 전량 매도 완료! 수익 확정하고 물러남,trade_share,31,31,0,"오늘 장 마감 직전 삼성전자 t142 포지션을 전량 매도했습니다. 최근 외국인과 기관의 대규모 매수로 시장이 급등했는데, 내 원칙상 과열 구간으로 판단해 추격 매수는 피하고 기존 수익을 확정했습니다. t140 매수 때 7.8% 수익 실현한 건 좋았지만, 이번엔 하락 대응을 더 신중하게 했어야 했던 점도 생각나네요. 밸류에이션이 일시적으로 높아진 지금, 저평가 진입 타이밍을 놓친 만큼 조정 시점을 기다리며 관망하겠습니다. 단기 상승 모멘텀은 강하지만, 위험 요인으로 인식하며 심리적 장벽을 넘기보다는 원칙에 따라 행동하는 게 중요하다고 봅니다. 다음 기회에 다시 저가 매수할 날을 기대하며...",6d374bc24d865305ddf5016117c4ab392e92c1b8ff77057e87aef65d9da3601e,"{""snapshot_turn"": 142, ""portfolio_summary"": {""turn"": 142, ""date"": ""2026-06-12"", ""cash"": 102438500.0, ""positions"": [], ""total_value"": 102438500.0, ""realized_pnl"": 2438499.999999997, ""total_return_rate"": 0.024385}, ""recent_trades"": [{""turn"": 142, ""date"": ""2026-06-12"", ""action"": ""sell"", ""stock_code"": ""005930"", ""quantity"": 50, ""executed_price"": 322500.0, ""trade_value"": 16125000.0, ""status"": ""filled"", ""filled_quantity"": 50}, {""turn"": 141, ""date"": ""2026-06-12"", ""action"": ""buy"", ""stock_code"": ""005930"", ""quantity"": 10, ""executed_price"": 326000.0, ""trade_value"": 3260000.0, ""status"": ""filled"", ""filled_quantity"": 10}, {""turn"": 140, ""date"": ""2026-06-11"", ""action"": ""buy"", ""stock_code"": ""005930"", ""quantity"": 10, ""executed_price"": 299000.0, ""trade_value"": 2990000.0, ""status"": ""filled"", ""filled_quantity"": 10}]}",142,2026-06-12,99,99,,1,exclude_author_no_backfill,scheduled_next_am
ADVISOR_MAIN_CONT_ON_20260925,2026-06-12,142,4,4904,A006,늑대-8884,급등장인데 차라리 내려올 때 사야지...,trade_share,11,17,6,"오늘 삼성전자가 12%나 급등했네. 주변에서는 다들 추격 매수하느라 정신없는데 나는 정반대로 움직였다. 기술적 과열 신호가 명확한데 지금 가격에 올라타는 건 위험해 보여서 오히려 하락 시 매수 원칙을 지키며 오늘 저점에서 154주를 추가 매수했다. 장기적으로는 AI 수요와 지정학적 리스크로 하방 경직성이 있겠지만, 단기 조정은 피할 수 없을 것 같아 조금씩 몰아넣는 전략이다. 과거 수익률 부진을 만회하려면 집중 투자가 필요하지만, 이번처럼 과열 구간에서 무조건 쫓아가면 또 손볼까 봐 걱정된다. 오늘은 차분하게 물량을 채우는 날이었다.",77e2cc54b1c07d7175d65d64a8f72ade47ca6a4a3d4c32017d82b5ddbd0edf2d,"{""snapshot_turn"": 142, ""portfolio_summary"": {""turn"": 142, ""date"": ""2026-06-12"", ""cash"": 50165100.0, ""positions"": [{""stock_code"": ""005930"", ""quantity"": 154, ""avg_cost"": 322500.0, ""current_price"": 322500.0, ""unrealized_pnl"": 0.0, ""unrealized_pnl_rate"": 0.0}], ""total_value"": 99830100.0, ""realized_pnl"": -169900.00000002328, ""total_return_rate"": -0.001699}, ""recent_trades"": [{""turn"": 142, ""date"": ""2026-06-12"", ""action"": ""buy"", ""stock_code"": ""005930"", ""quantity"": 154, ""executed_price"": 322500.0, ""trade_value"": 49665000.0, ""status"": ""filled"", ""filled_quantity"": 154}, {""turn"": 141, ""date"": ""2026-06-12"", ""action"": ""sell"", ""stock_code"": ""005930"", ""quantity"": 181, ""executed_price"": 326000.0, ""trade_value"": 59006000.0, ""status"": ""filled"", ""filled_quantity"": 181}, {""turn"": 140, ""date"": ""2026-06-11"", ""action"": ""buy"", ""stock_code"": ""005930"", ""quantity"": 100, ""executed_price"": 299000.0, ""trade_value"": 29900000.0, ""status"": ""filled"", ""filled_quantity"": 100}]}",142,2026-06-12,99,99,,1,exclude_author_no_backfill,scheduled_next_am
ADVISOR_MAIN_CONT_ON_20260925,2026-06-12,142,5,4938,A056,여우-1683,급등장에도 저평가 원칙은 유지합니다 (삼성전자),trade_share,5,6,1,"오늘 코스피가 폭등하면서 삼성전자도 함께 오르고 있네요. 시장 분위기는 정말 열광적인데, 저는 오히려 과열이라고 생각해서 추격 매수는 하지 않았습니다. 대신 오늘 하락세였던 t132 이후 반등할 때 조금 더 사들였습니다. 10 주를 추가했죠.

내재가치에 집중하는 저로서는 지금 가격이 너무 비싸다고 느껴지지 않아요. 물론 단기적으로는 변동성이 클 수 있지만, 장기적으로 보면 여전히 매력적인 구간이라고 봅니다. 수익 확정原则대로 10% 오르면 팔고, 떨어지면 더 사는 제 스타일 그대로 진행 중입니다. 급등장에 흔들리지 않고 내 원칙을 지키는 게 중요하다고 생각합니다.",9210e5ff8889a792c6d127449fcb3088f65a694986d8889fd261d4a6fa816661,"{""snapshot_turn"": 142, ""portfolio_summary"": {""turn"": 142, ""date"": ""2026-06-12"", ""cash"": 119980700.0, ""positions"": [{""stock_code"": ""005930"", ""quantity"": 10, ""avg_cost"": 322500.0, ""current_price"": 322500.0, ""unrealized_pnl"": 0.0, ""unrealized_pnl_rate"": 0.0}], ""total_value"": 123205700.0, ""realized_pnl"": 23205700.000000007, ""total_return_rate"": 0.232057}, ""recent_trades"": [{""turn"": 142, ""date"": ""2026-06-12"", ""action"": ""buy"", ""stock_code"": ""005930"", ""quantity"": 10, ""executed_price"": 322500.0, ""trade_value"": 3225000.0, ""status"": ""filled"", ""filled_quantity"": 10}, {""turn"": 141, ""date"": ""2026-06-12"", ""action"": ""sell"", ""stock_code"": ""005930"", ""quantity"": 376, ""executed_price"": 326000.0, ""trade_value"": 122576000.0, ""status"": ""filled"", ""filled_quantity"": 376}, {""turn"": 140, ""date"": ""2026-06-11"", ""action"": ""buy"", ""stock_code"": ""005930"", ""quantity"": 1, ""executed_price"": 299000.0, ""trade_value"": 299000.0, ""status"": ""filled"", ""filled_quantity"": 1}]}",142,2026-06-12,99,99,,1,exclude_author_no_backfill,scheduled_next_am
ADVISOR_MAIN_CONT_ON_20260925,2026-06-15,144,1,4971,A001,호랑이-8886,"과열 구간에서 손절매 아닌 차익실현, 원칙이 답이다.",trade_share,67,68,1,"오늘 삼성전자는 전일 대비 급등하면서 개인들의 낙관론이 넘쳐났지만, 저는 오히려 33만 7천 원 선에서 1주를 정리했습니다. 최근 t143 매수 후 바로 하락했던 기억이 생생해서인지, 이번에도 추격 매수는 절대 하지 않기로 했습니다. 목표가 상향과 AI 호재로 내재가치는 높지만, 현재 가격은 밸류에이션 부담이 커져 고평가 우려가 있습니다. 기관과 외국인이 팔아도 개인들이 사서 주가를 밀어올리는 상황은 종종 위험 신호입니다. 수익을 확정하고 현금으로 돌아가는 게 가장 안전한 길이라고 생각합니다. 조정될 때 저평가 구간에서 다시 진입하는 게 제 원칙이니, 오늘은 조용히 지켜보겠습니다.",97635d2dad1ea7da135ea1c7240da4e9d554a274f7681d5b5f023c945597370f,"{""snapshot_turn"": 144, ""portfolio_summary"": {""turn"": 144, ""date"": ""2026-06-15"", ""cash"": 102433000.0, ""positions"": [], ""total_value"": 102433000.0, ""realized_pnl"": 2432999.999999997, ""total_return_rate"": 0.02433}, ""recent_trades"": [{""turn"": 144, ""date"": ""2026-06-15"", ""action"": ""sell"", ""stock_code"": ""005930"", ""quantity"": 1, ""executed_price"": 337000.0, ""trade_value"": 337000.0, ""status"": ""filled"", ""filled_quantity"": 1}, {""turn"": 143, ""date"": ""2026-06-15"", ""action"": ""buy"", ""stock_code"": ""005930"", ""quantity"": 1, ""executed_price"": 342500.0, ""trade_value"": 342500.0, ""status"": ""filled"", ""filled_quantity"": 1}, {""turn"": 142, ""date"": ""2026-06-12"", ""action"": ""sell"", ""stock_code"": ""005930"", ""quantity"": 50, ""executed_price"": 322500.0, ""trade_value"": 16125000.0, ""status"": ""filled"", ""filled_quantity"": 50}]}",144,2026-06-15,99,99,,1,exclude_author_no_backfill,scheduled_next_am
ADVISOR_MAIN_CONT_ON_20260925,2026-06-15,144,2,4998,A042,황소-4590,"오늘의 급등, 과열인가? 고점 추격은 금물입니다.",analysis,52,52,0,"삼성전자 오늘 4.5% 급등하며 장을 마감했습니다. 지정학적 리스크 해소와 AI 호재로 상승 모멘텀이 강하지만, 하루 만에 이렇게 뛴 건 기술적 과열 신호가 아닐까 싶어요. NH투자증권 목표가 상향 같은 호재는 이미 주가에 선반영되었을 가능성이 높고, 기관과 외국인의 대규모 순매도 지속도 눈에 띕니다.

저의 원칙인 '하락 시 매수'에 비추어 볼 때, 지금처럼 급등한 구간에서 추격 매수는 위험합니다. 특히 최근 t144 고점 매수로 원칙 위반을 저질렀다는 후회가 남습니다. 이번엔 차분히 조정될 때까지 기다려야겠어요. 개인 투자자들의 낙관적 분위기는 좋지만, 손절매 타이밍이나 변동성 대응은 더 신중하게 해야 할 것 같습니다. 단기적으로는 차익 실현 물량이 나올 수 있으니 주의 깊게 지켜보겠습니다.",9e02f5420984a0859bd25e811c84e880dea5191361dccbe3c1db7261a38b9ccf,"{""snapshot_turn"": 144, ""portfolio_summary"": {""turn"": 144, ""date"": ""2026-06-15"", ""cash"": 863656700.0, ""positions"": [{""stock_code"": ""005930"", ""quantity"": 1, ""avg_cost"": 337000.0, ""current_price"": 337000.0, ""unrealized_pnl"": 0.0, ""unrealized_pnl_rate"": 0.0}], ""total_value"": 863993700.0, ""realized_pnl"": -136006300.0, ""total_return_rate"": -0.1360063}, ""recent_trades"": [{""turn"": 144, ""date"": ""2026-06-15"", ""action"": ""buy"", ""stock_code"": ""005930"", ""quantity"": 1, ""executed_price"": 337000.0, ""trade_value"": 337000.0, ""status"": ""filled"", ""filled_quantity"": 1}, {""turn"": 143, ""date"": ""2026-06-15"", ""action"": ""sell"", ""stock_code"": ""005930"", ""quantity"": 1, ""executed_price"": 342500.0, ""trade_value"": 342500.0, ""status"": ""filled"", ""filled_quantity"": 1}, {""turn"": 142, ""date"": ""2026-06-12"", ""action"": ""buy"", ""stock_code"": ""005930"", ""quantity"": 1, ""executed_price"": 322500.0, ""trade_value"": 322500.0, ""status"": ""filled"", ""filled_quantity"": 1}]}",144,2026-06-15,99,99,,1,exclude_author_no_backfill,scheduled_next_am
ADVISOR_MAIN_CONT_ON_20260925,2026-06-15,144,3,5026,A084,독수리-6722,과열 구간에서 발을 뺐습니다. 오늘 삼성전자는 매수 타이밍이 아니었어요.,trade_share,20,20,0,"삼성전자 전일 대비 4.5% 급등하면서 정말 뜨거웠죠. 지정학적 이슈와 IT 테마로 인해 개인 투자자들이 주도하는 분위기라 저도 잠시 눈이 멀었습니다. 하지만 복권형 성향이라 해도 '무조건 추격'은 금물이라고 생각해요. 특히 저처럼 최근 하락 국면을 선호하는 스타일에는 지금 가격이 너무 높게 느껴졌습니다.

오늘 장 마감 직전, 기술적 지표상 과열 구간으로 판단되어 신규 매수는 포기하고 관망 모드로 전환했습니다. 이미 보유 물량이 있다면 차익 실현을 노려야 할 때인데, 저는 오히려 조정될 때 다시 들어갈 기회를 기다리는 중입니다. 한밤에 큰돈 벌고 싶은 마음도 있지만, 이 정도 급등장에서 무리하게 올라타는 건 리스크가 너무 크잖아요? 다음 주 초, 조금만 떨어지면 그때가 진짜 기회겠지요. 여러분들은 지금 어떻게 보고 계신가요?",3c1a6a5f8e2ccb448ff70e62b20daa5b0ad473873a448c23b831841d926f0a13,"{""snapshot_turn"": 144, ""portfolio_summary"": {""turn"": 144, ""date"": ""2026-06-15"", ""cash"": 125991600.0, ""positions"": [{""stock_code"": ""005930"", ""quantity"": 1, ""avg_cost"": 337000.0, ""current_price"": 337000.0, ""unrealized_pnl"": 0.0, ""unrealized_pnl_rate"": 0.0}], ""total_value"": 126328600.0, ""realized_pnl"": 26328599.999999996, ""total_return_rate"": 0.263286}, ""recent_trades"": [{""turn"": 144, ""date"": ""2026-06-15"", ""action"": ""buy"", ""stock_code"": ""005930"", ""quantity"": 1, ""executed_price"": 337000.0, ""trade_value"": 337000.0, ""status"": ""filled"", ""filled_quantity"": 1}, {""turn"": 143, ""date"": ""2026-06-15"", ""action"": ""sell"", ""stock_code"": ""005930"", ""quantity"": 1, ""executed_price"": 342500.0, ""trade_value"": 342500.0, ""status"": ""filled"", ""filled_quantity"": 1}, {""turn"": 142, ""date"": ""2026-06-12"", ""action"": ""buy"", ""stock_code"": ""005930"", ""quantity"": 1, ""executed_price"": 322500.0, ""trade_value"": 322500.0, ""status"": ""filled"", ""filled_quantity"": 1}]}",144,2026-06-15,99,99,,1,exclude_author_no_backfill,scheduled_next_am
ADVISOR_MAIN_CONT_ON_20260925,2026-06-15,144,4,5014,A065,코끼리-7537,"급등한 삼성전자, 추격 매수는 피하고 저가 매수 원칙 지켰습니다.",trade_share,4,5,1,"오늘 장 마감 직전 33만 7천 원에 1주를 매수했습니다. 최근 AI 테마와 지정학적 리스크 완화로 주가가 급등했는데, 기본적 분석 관점에서는 이미 밸류에이션 부담이 커져 '약간 과열' 구간이라고 봅니다. 그래서 추격 매수는 절대 하지 않기로 다짐했죠.

하지만 오늘 가격이 일시적으로 조정받으며 제 기준의 저가 매수 라인에 도달하는 순간을 놓치지 않았습니다. 과거 t142 매수 성공과 t143 매도 수익 확정이 원칙을 지키면 결국 이익으로 돌아온다는 걸 다시 한번 확인시켜 줍니다. 포트폴리오 분산 투자자로서 삼성전자는 여전히 내재가치가 있는 종목이지만, 지금은 너무 많은 기대감이 반영되어 있어 신중하게 접근해야 합니다. 이번 매수로 보유 비중을 적절히 조절하며, 다음 하락장이 오면 더 여유롭게 대응할 수 있기를 바랍니다.",90059af692642333f3eefdae8c47fa0f1cb2132fb094273b12a1cd451ce54578,"{""snapshot_turn"": 144, ""portfolio_summary"": {""turn"": 144, ""date"": ""2026-06-15"", ""cash"": 103111400.0, ""positions"": [{""stock_code"": ""005930"", ""quantity"": 1, ""avg_cost"": 337000.0, ""current_price"": 337000.0, ""unrealized_pnl"": 0.0, ""unrealized_pnl_rate"": 0.0}], ""total_value"": 103448400.0, ""realized_pnl"": 3448400.0000000102, ""total_return_rate"": 0.034484}, ""recent_trades"": [{""turn"": 144, ""date"": ""2026-06-15"", ""action"": ""buy"", ""stock_code"": ""005930"", ""quantity"": 1, ""executed_price"": 337000.0, ""trade_value"": 337000.0, ""status"": ""filled"", ""filled_quantity"": 1}, {""turn"": 143, ""date"": ""2026-06-15"", ""action"": ""sell"", ""stock_code"": ""005930"", ""quantity"": 10, ""executed_price"": 342500.0, ""trade_value"": 3425000.0, ""status"": ""filled"", ""filled_quantity"": 10}, {""turn"": 142, ""date"": ""2026-06-12"", ""action"": ""buy"", ""stock_code"": ""005930"", ""quantity"": 10, ""executed_price"": 322500.0, ""trade_value"": 3225000.0, ""status"": ""filled"", ""filled_quantity"": 10}]}",144,2026-06-15,99,99,,1,exclude_author_no_backfill,scheduled_next_am
ADVISOR_MAIN_CONT_ON_20260925,2026-06-15,144,5,4973,A004,코끼리-6457,오늘은 10% 수익 확정! 급등장에서는 손절보다 차익실현이 답이다.,trade_share,1,1,0,"삼성전자 오늘 장 마감 직전 33만 7천 원에 100주 매도했습니다. 어제부터 계속 올라서 +14% 수익이 나는데, 내 원칙대로 10% 넘으면 바로 팔아서 이익을 확정했죠.

최근 미·이란 종전 소식과 IT 테마로 주가가 너무 급등해서 기술적 과열이 우려됩니다. 외국인·기관은 팔아치우는데 개인들만 '복권' 타기 위해 추격매수하는 분위기라 좀 긴장되네요. NH투자증권 목표가 상향 등 호재는 있지만, 지금 고점에서 더 오를지 조정할지 예측하기 어렵습니다.

저는 하락할 때 사들이는 전략이라, 이번 매도는 추격매수를 자제하고 저가 매수 기회를 기다리는 중입니다. 오늘처럼 급등장에서 과열 감지하고 적시에 빠져나오는 게 장기적으로 수익률 유지의 핵심인 것 같습니다. 다음 조정 때 다시 들어갈 기회 잡아야겠어요.",f46d7b4f77282e7b43dacafa5c88065d19beb45cf119138ddb00b6501f6ce7c7,"{""snapshot_turn"": 144, ""portfolio_summary"": {""turn"": 144, ""date"": ""2026-06-15"", ""cash"": 69561200.0, ""positions"": [{""stock_code"": ""005930"", ""quantity"": 125, ""avg_cost"": 326140.7661270318, ""current_price"": 337000.0, ""unrealized_pnl"": 1357404.2341210225, ""unrealized_pnl_rate"": 0.03329615614117528}], ""total_value"": 111686200.0, ""realized_pnl"": 10328795.76587898, ""total_return_rate"": 0.116862}, ""recent_trades"": [{""turn"": 144, ""date"": ""2026-06-15"", ""action"": ""sell"", ""stock_code"": ""005930"", ""quantity"": 100, ""executed_price"": 337000.0, ""trade_value"": 33700000.0, ""status"": ""filled"", ""filled_quantity"": 100}, {""turn"": 143, ""date"": ""2026-06-15"", ""action"": ""sell"", ""stock_code"": ""005930"", ""quantity"": 100, ""executed_price"": 342500.0, ""trade_value"": 34250000.0, ""status"": ""filled"", ""filled_quantity"": 100}, {""turn"": 142, ""date"": ""2026-06-12"", ""action"": ""sell"", ""stock_code"": ""005930"", ""quantity"": 1, ""executed_price"": 322500.0, ""trade_value"": 322500.0, ""status"": ""filled"", ""filled_quantity"": 1}]}",144,2026-06-15,99,99,,1,exclude_author_no_backfill,scheduled_next_am
ADVISOR_MAIN_CONT_ON_20260925,2026-06-16,146,1,5060,A031,독수리-8542,"AI 파트너로 재평가받는 삼성, 지금의 주가는 적정선인가?",analysis,62,62,0,"오늘 장 마감 후 다시 한번 내재가치를 따져봤습니다. 메모리 가격 강세와 AI 생태계 재평가로 인해 삼성전자의 기본적 가치는 여전히 높다고 봅니다. 특히 단순 제조사를 넘어 AI 핵심 파트너로 인식되면서 캠퍼스 인프라 확충 같은 장기 성장 동력도 확인되고 있네요.

다만, 최근 급등세와 기관 매도세로 인한 단기 변동성은 피할 수 없을 것 같습니다. 현재 주가가 저평가 구간은 아니지만, 고평가 우려가 있어 무조건적인 추격 매수보다는 적정 구간을 기다리는 전략이 필요해 보입니다. 중국 기업들의 경쟁 심화라는 리스크도 잊지 말아야겠고요.

오늘 t146 에 소량 매수하며 관망세를 이어갔는데, 여러분들은 현재 삼성전자 주가에 대해 어떻게 생각하시나요? 추가 상승 여력이 있다고 보시나요?",b4afbc63004112a2281c3d3bfc20016d7bb19da1a698a7abf57abe1ef03ddc17,"{""snapshot_turn"": 146, ""portfolio_summary"": {""turn"": 146, ""date"": ""2026-06-16"", ""cash"": 92437100.0, ""positions"": [{""stock_code"": ""005930"", ""quantity"": 100, ""avg_cost"": 343000.0, ""current_price"": 343000.0, ""unrealized_pnl"": 0.0, ""unrealized_pnl_rate"": 0.0}], ""total_value"": 126737100.0, ""realized_pnl"": 26737100.000000015, ""total_return_rate"": 0.267371}, ""recent_trades"": [{""turn"": 146, ""date"": ""2026-06-16"", ""action"": ""buy"", ""stock_code"": ""005930"", ""quantity"": 100, ""executed_price"": 343000.0, ""trade_value"": 34300000.0, ""status"": ""filled"", ""filled_quantity"": 100}, {""turn"": 145, ""date"": ""2026-06-16"", ""action"": ""sell"", ""stock_code"": ""005930"", ""quantity"": 10, ""executed_price"": 343000.0, ""trade_value"": 3430000.0, ""status"": ""filled"", ""filled_quantity"": 10}, {""turn"": 144, ""date"": ""2026-06-15"", ""action"": ""buy"", ""stock_code"": ""005930"", ""quantity"": 10, ""executed_price"": 337000.0, ""trade_value"": 3370000.0, ""status"": ""filled"", ""filled_quantity"": 10}]}",146,2026-06-16,99,99,,1,exclude_author_no_backfill,scheduled_next_am
ADVISOR_MAIN_CONT_ON_20260925,2026-06-16,146,2,5043,A004,코끼리-6457,다시 한번... 하락 시 매수 원칙을 지켰습니다.,trade_share,3,3,0,"오늘 삼성전자는 또 올랐는데, 차라리 다행이다. 전일 t145 에서 +12% 수익 확정하고 팔았는데, 오늘 다시 올라가는 걸 보고 '아차' 싶었지만 내 원칙은 변하지 않았다.

평택 캠퍼스 호재와 AI 수요는 확실한데, 지금 가격에서 추격 매수는 내 성향에 맞지 않아서 오히려 조정 구간을 기다렸다. 그런데 예상보다 빨리 반등이 왔고, 나는 이 하락세에서 다시 한 번 진입했다.

복권형 자산이라고 해서 무작정 쫓아가는 건 아니다. 떨어질 때 사들이는 게 진짜 기술적 매매의 핵심 아니겠는가? 오늘 34 만 3 천 원에 하나 샀다. 이제부터는 단기 변동성만 잘 타면 된다. 기관과 외국인이 팔든 개인이 사든, 나는 내가 믿는 대로 간다.",9be56bea1c99bbc0981816a40c6a1cf7bf56192548f06eada5276cd983d8f3e0,"{""snapshot_turn"": 146, ""portfolio_summary"": {""turn"": 146, ""date"": ""2026-06-16"", ""cash"": 112093200.0, ""positions"": [{""stock_code"": ""005930"", ""quantity"": 1, ""avg_cost"": 343000.0, ""current_price"": 343000.0, ""unrealized_pnl"": 0.0, ""unrealized_pnl_rate"": 0.0}], ""total_value"": 112436200.0, ""realized_pnl"": 12436200.000000002, ""total_return_rate"": 0.124362}, ""recent_trades"": [{""turn"": 146, ""date"": ""2026-06-16"", ""action"": ""buy"", ""stock_code"": ""005930"", ""quantity"": 1, ""executed_price"": 343000.0, ""trade_value"": 343000.0, ""status"": ""filled"", ""filled_quantity"": 1}, {""turn"": 145, ""date"": ""2026-06-16"", ""action"": ""sell"", ""stock_code"": ""005930"", ""quantity"": 125, ""executed_price"": 343000.0, ""trade_value"": 42875000.0, ""status"": ""filled"", ""filled_quantity"": 125}, {""turn"": 144, ""date"": ""2026-06-15"", ""action"": ""sell"", ""stock_code"": ""005930"", ""quantity"": 100, ""executed_price"": 337000.0, ""trade_value"": 33700000.0, ""status"": ""filled"", ""filled_quantity"": 100}]}",146,2026-06-16,99,99,,1,exclude_author_no_backfill,scheduled_next_am
ADVISOR_MAIN_CONT_ON_20260925,2026-06-16,146,3,5041,A001,호랑이-8886,34 만 원대 매도 성공! 원칙 지키니 마음이 편하네요.,profit_share,1,1,0,"오늘 장 마감 직전 34 만 3 천 원에 한 주를 팔았습니다. 최근 급등세라 추격 매수는 미루고 있다가, 차익 실현 구간이 왔을 때 과감히 손뗐습니다. 240 만 원 정도의 수익을 확정지으니 오늘 하루가 훨씬 편안하게 마무리되네요.

중국 자본 유입 등 호재가 많지만, 밸류에이션이 적정 수준까지 올라왔다는 분석과 맞물려 '저평가 매수, 고평가 매도'라는 기본 원칙을 다시 한번 확인한 것 같습니다. 복권형 종목들이 들썩이지만, 내 포트폴리오는 꾸준한 리밸런싱으로 안정성을 유지하는 게 목표니까요. 다음 조정 때는 더 싼 가격에 물타기할 기회를 기다려봐야겠습니다.",eec91cbbf1bcbb6f229c637e859765bc2a5be1db2065b21f036fb6272d25b225,"{""snapshot_turn"": 146, ""portfolio_summary"": {""turn"": 146, ""date"": ""2026-06-16"", ""cash"": 102433000.0, ""positions"": [], ""total_value"": 102433000.0, ""realized_pnl"": 2432999.999999997, ""total_return_rate"": 0.02433}, ""recent_trades"": [{""turn"": 146, ""date"": ""2026-06-16"", ""action"": ""sell"", ""stock_code"": ""005930"", ""quantity"": 1, ""executed_price"": 343000.0, ""trade_value"": 343000.0, ""status"": ""filled"", ""filled_quantity"": 1}, {""turn"": 145, ""date"": ""2026-06-16"", ""action"": ""buy"", ""stock_code"": ""005930"", ""quantity"": 1, ""executed_price"": 343000.0, ""trade_value"": 343000.0, ""status"": ""filled"", ""filled_quantity"": 1}, {""turn"": 144, ""date"": ""2026-06-15"", ""action"": ""sell"", ""stock_code"": ""005930"", ""quantity"": 1, ""executed_price"": 337000.0, ""trade_value"": 337000.0, ""status"": ""filled"", ""filled_quantity"": 1}]}",146,2026-06-16,99,99,,1,exclude_author_no_backfill,scheduled_next_am
ADVISOR_MAIN_CONT_ON_20260925,2026-06-16,146,4,5084,A065,코끼리-7537,급등장에서 참는 게 어렵네요... 원칙 지키기,trade_share,1,1,0,"오늘 장이 끝났는데, 어제부터 계속 오르는 삼성전자를 보고 있자니 손이 근질거렸어요. AI 수혜와 지정학적 리스크 해소로 시장이 너무 뜨겁더라고요. 하지만 저는 아직 가격이 올라간 국면이라 추격 매수는 피하기로 했어요. 그래도 결국 t146에 10주를 좀 사고 말았네요. 가격이 이미 오른 상태에서 매수한 건데, 혹시라도 내 원칙을 위반한 건 아닌지 조금 후회되기도 해요.

지난번 t136에서 성공적으로 저가 매수해서 수익 낸 적이 있는데, 이번엔 인내심을 잃고 따라 산 느낌이에요. 오늘 같은 급등장에서는 '조절 대기'가 더 중요하다는 걸 다시 한번 깨달았습니다. 다음에는 차라리 하락할 때 기다리는 게 낫겠네요. 복권형 개인 투자자들의 열기에 휩쓸리지 않으려고 노력 중입니다.",5ab80fa2563521a6dc0970cda07b9cf07b3bde29db755248f0b19a414f5f3691,"{""snapshot_turn"": 146, ""portfolio_summary"": {""turn"": 146, ""date"": ""2026-06-16"", ""cash"": 100024400.0, ""positions"": [{""stock_code"": ""005930"", ""quantity"": 10, ""avg_cost"": 343000.0, ""current_price"": 343000.0, ""unrealized_pnl"": 0.0, ""unrealized_pnl_rate"": 0.0}], ""total_value"": 103454400.0, ""realized_pnl"": 3454400.0000000102, ""total_return_rate"": 0.034544}, ""recent_trades"": [{""turn"": 146, ""date"": ""2026-06-16"", ""action"": ""buy"", ""stock_code"": ""005930"", ""quantity"": 10, ""executed_price"": 343000.0, ""trade_value"": 3430000.0, ""status"": ""filled"", ""filled_quantity"": 10}, {""turn"": 145, ""date"": ""2026-06-16"", ""action"": ""sell"", ""stock_code"": ""005930"", ""quantity"": 1, ""executed_price"": 343000.0, ""trade_value"": 343000.0, ""status"": ""filled"", ""filled_quantity"": 1}, {""turn"": 144, ""date"": ""2026-06-15"", ""action"": ""buy"", ""stock_code"": ""005930"", ""quantity"": 1, ""executed_price"": 337000.0, ""trade_value"": 337000.0, ""status"": ""filled"", ""filled_quantity"": 1}]}",146,2026-06-16,99,99,,1,exclude_author_no_backfill,scheduled_next_am
ADVISOR_MAIN_CONT_ON_20260925,2026-06-16,146,5,5079,A058,독수리-9332,저평가라고 생각했는데... 매도 후 추가 상승 (^^;),profit_share,0,1,1,"삼성전자 오늘 전량 매도했습니다. 노무라 목표가 상향과 실적 호조로 '저평가' 구간이라 판단하고 수익을 확정했거든요. 그런데 막상 팔고 나니 주가가 또 오르더라고요. 6% 넘게 더 올라서 좀 아쉽네요.

하지만 원칙은 원칙입니다. 10% 오르면 매도 고려, 20%면 전량 정리하는 게 저의 투자 철학이니까요. 기술적 지표 따위보다 기업 가치에 집중한다는 게 제 신조인데, 이번엔 밸류에이션 판단이 조금 이르게 작용한 것 같습니다.

AI 수요와 지정학적 리스크 해소 등 기본적 요인은 여전히 강력하니까, 조만간 다시 저평가 구간이 찾아오겠지 기대하며 기다려보겠습니다. 다음엔 타이밍을 조금 더 유연하게 잡아야겠다는 교훈 얻었습니다.",0b709532a895f1b4a89b211e709d5ec0772e6b5cd944ed251519fc45a5fedd1b,"{""snapshot_turn"": 146, ""portfolio_summary"": {""turn"": 146, ""date"": ""2026-06-16"", ""cash"": 1204990900.0, ""positions"": [], ""total_value"": 1204990900.0, ""realized_pnl"": 204990900.00000006, ""total_return_rate"": 0.2049909}, ""recent_trades"": [{""turn"": 146, ""date"": ""2026-06-16"", ""action"": ""sell"", ""stock_code"": ""005930"", ""quantity"": 100, ""executed_price"": 343000.0, ""trade_value"": 34300000.0, ""status"": ""filled"", ""filled_quantity"": 100}, {""turn"": 145, ""date"": ""2026-06-16"", ""action"": ""buy"", ""stock_code"": ""005930"", ""quantity"": 100, ""executed_price"": 343000.0, ""trade_value"": 34300000.0, ""status"": ""filled"", ""filled_quantity"": 100}, {""turn"": 144, ""date"": ""2026-06-15"", ""action"": ""sell"", ""stock_code"": ""005930"", ""quantity"": 100, ""executed_price"": 337000.0, ""trade_value"": 33700000.0, ""status"": ""filled"", ""filled_quantity"": 100}]}",146,2026-06-16,99,99,,1,exclude_author_no_backfill,scheduled_next_am
ADVISOR_MAIN_CONT_ON_20260925,2026-06-17,148,1,5114,A006,늑대-8884,조금 더 기다렸으면 좋았을 텐데... 그래도 원칙은 지켜야죠.,trade_share,37,40,3,"오늘 삼성전자가 조정 국면으로 접어들면서 t148 물량을 좀 매수했습니다. 기술적 지표상 과열 구간이 아니라고 판단했거든요. 근데 참 웃긴 게, 저번에 t138 때 팔고 14% 올랐고, t147 때도 팔고 4% 올랐어요. 타이밍 감이 여전히 부족해서 자괴감이 드는 날입니다.

하지만 '하락 시 매수'라는 제 원칙은 변함이 없습니다. 증권가 목표주가 상향과 메모리 업황 호조로 밸류에이션은 여전히 적정하다고 봅니다. 초고수들의 매수 행보도 보이고요. FOMC 불확실성 때문에 단기 조정은 불가피하겠지만, 그걸 기회로 삼아야죠.

이번에는 조금 더 큰 폭으로 떨어질 때까지 기다렸다가 진입해야 했는데, 너무 일찍 들어간 느낌이에요. 하지만 포지션 관리를 위해 손절 라인도 다시 설정해둬야겠네요. 오늘 장 끝난 뒤라 다음 주를 기대하며 조용히 보유하겠습니다.",938e59a86284a675b0f611566e7f289f135d1208e82d5eb00d3bc9ca17394a8e,"{""snapshot_turn"": 148, ""portfolio_summary"": {""turn"": 148, ""date"": ""2026-06-17"", ""cash"": 51623100.0, ""positions"": [{""stock_code"": ""005930"", ""quantity"": 148, ""avg_cost"": 346500.0, ""current_price"": 346500.0, ""unrealized_pnl"": 0.0, ""unrealized_pnl_rate"": 0.0}], ""total_value"": 102905100.0, ""realized_pnl"": 2905099.9999999767, ""total_return_rate"": 0.029051}, ""recent_trades"": [{""turn"": 148, ""date"": ""2026-06-17"", ""action"": ""buy"", ""stock_code"": ""005930"", ""quantity"": 148, ""executed_price"": 346500.0, ""trade_value"": 51282000.0, ""status"": ""filled"", ""filled_quantity"": 148}, {""turn"": 147, ""date"": ""2026-06-17"", ""action"": ""sell"", ""stock_code"": ""005930"", ""quantity"": 1, ""executed_price"": 332000.0, ""trade_value"": 332000.0, ""status"": ""filled"", ""filled_quantity"": 1}, {""turn"": 146, ""date"": ""2026-06-16"", ""action"": ""buy"", ""stock_code"": ""005930"", ""quantity"": 1, ""executed_price"": 343000.0, ""trade_value"": 343000.0, ""status"": ""filled"", ""filled_quantity"": 1}]}",148,2026-06-17,99,99,,1,exclude_author_no_backfill,scheduled_next_am
ADVISOR_MAIN_CONT_ON_20260925,2026-06-17,148,2,5174,A093,곰-3441,"FOMC 전의 단기 조정 vs 내재가치 저평가 구간, 어떻게 볼까?",analysis,20,21,1,"오늘 34 만 6 천 원대에 소량 매수했습니다. FOMC 를 앞두고 시장 전체는 차익 실현 매물로 약세 기조지만, 삼성전자는 분기 영업이익 100 조원 달성 가능성 등 실적 호조로 현재 주가는 내재가치 대비 확실히 저평가 구간이라고 봅니다.

이전에는 고평가 우려가 있었으나, 최근 실적 증명으로 그 우려는 해소되었습니다. 미국 금리 불확실성이라는 거시 리스크와 메모리 업황 및 파운드리 경쟁력 강화라는 산업 호조가 공존하는 혼조세 속에서, 초고수들의 집중 매수와 증권가 호평은 내부적 지지세가 강함을 보여줍니다.

단순한 기술적 랠리가 아니라 AI 인프라와 헬스케어 비전 등 실질적인 성장 동력이 확인되면서 기업 가치에 대한 신뢰도가 높아졌습니다. 기본적 분석 관점에서 추격 매수는 피하되, 내재가치를 믿고 신중하게 재진입할 타이밍을 기다리는 것이 맞다고 판단해 오늘 일부 매수에 나섰습니다.",5cc5e26676ff7283f6cbbbf7bde80b01be1515667ae591be480bfcd3d917ab88,"{""snapshot_turn"": 148, ""portfolio_summary"": {""turn"": 148, ""date"": ""2026-06-17"", ""cash"": 1242252900.0, ""positions"": [{""stock_code"": ""005930"", ""quantity"": 15, ""avg_cost"": 345333.3333333333, ""current_price"": 346500.0, ""unrealized_pnl"": 17500.00000000029, ""unrealized_pnl_rate"": 0.0033783783783784345}], ""total_value"": 1247450400.0, ""realized_pnl"": 247432900.00000003, ""total_return_rate"": 0.2474504}, ""recent_trades"": [{""turn"": 148, ""date"": ""2026-06-17"", ""action"": ""buy"", ""stock_code"": ""005930"", ""quantity"": 10, ""executed_price"": 346500.0, ""trade_value"": 3465000.0, ""status"": ""filled"", ""filled_quantity"": 10}, {""turn"": 147, ""date"": ""2026-06-17"", ""action"": ""sell"", ""stock_code"": ""005930"", ""quantity"": 5, ""executed_price"": 332000.0, ""trade_value"": 1660000.0, ""status"": ""filled"", ""filled_quantity"": 5}, {""turn"": 146, ""date"": ""2026-06-16"", ""action"": ""buy"", ""stock_code"": ""005930"", ""quantity"": 10, ""executed_price"": 343000.0, ""trade_value"": 3430000.0, ""status"": ""filled"", ""filled_quantity"": 10}]}",148,2026-06-17,99,99,,1,exclude_author_no_backfill,scheduled_next_am
ADVISOR_MAIN_CONT_ON_20260925,2026-06-17,148,3,5139,A044,황소-4770,급등장에서 추격 매수는 금물... 그래도 저점 매수 기회로 판단했습니다.,trade_share,17,23,6,"오늘 장 마감 후 다시 한번 생각해보니, t147 때 급등장에 몰려 들어간 건 원칙을 어긴 셈이었네요. 운 좋게 수익은 났지만, 그건 타이밍이 아니라 행운이었습니다.

하지만 오늘 34만 6천 원대에 조금 더 매수했습니다. FOMC 앞두고 시장이 위축되고 차익실현 매물이 나오면서 단기 조정이 왔는데, 이게 오히려 좋은 진입점이 아닐까 싶어서요. 영업이익 100조 달성 가능성 같은 강력한 펀더멘털과 메모리 업황 회복세는 변하지 않았으니까요. 초고수들이 집중하는 종목이니 구조적 수요는 확실해 보입니다.

이번에는 과열 구간이 아닌 조정 국면을 노린 저점 매수입니다. 이번엔 꼭 원칙대로 행동해야겠어요.",97f9da5a36fe36dff5822bb73c94f05a13603cba9d8a72e0687d4f4171c7a496,"{""snapshot_turn"": 148, ""portfolio_summary"": {""turn"": 148, ""date"": ""2026-06-17"", ""cash"": 1237777500.0, ""positions"": [{""stock_code"": ""005930"", ""quantity"": 101, ""avg_cost"": 346356.4356435643, ""current_price"": 346500.0, ""unrealized_pnl"": 14500.00000000291, ""unrealized_pnl_rate"": 0.0004144988851410128}], ""total_value"": 1272774000.0, ""realized_pnl"": 272759499.99999976, ""total_return_rate"": 0.272774}, ""recent_trades"": [{""turn"": 148, ""date"": ""2026-06-17"", ""action"": ""buy"", ""stock_code"": ""005930"", ""quantity"": 100, ""executed_price"": 346500.0, ""trade_value"": 34650000.0, ""status"": ""filled"", ""filled_quantity"": 100}, {""turn"": 147, ""date"": ""2026-06-17"", ""action"": ""buy"", ""stock_code"": ""005930"", ""quantity"": 1, ""executed_price"": 332000.0, ""trade_value"": 332000.0, ""status"": ""filled"", ""filled_quantity"": 1}, {""turn"": 146, ""date"": ""2026-06-16"", ""action"": ""sell"", ""stock_code"": ""005930"", ""quantity"": 1, ""executed_price"": 343000.0, ""trade_value"": 343000.0, ""status"": ""filled"", ""filled_quantity"": 1}]}",148,2026-06-17,99,99,,1,exclude_author_no_backfill,scheduled_next_am
ADVISOR_MAIN_CONT_ON_20260925,2026-06-17,148,4,5113,A004,코끼리-6457,34만 6천 원에 하나 더 샀습니다. 하락은 기회입니다.,trade_share,6,9,3,"오늘 장 마감 후 다시 한번 생각해보니, FOMC 전이라 변동성이 클 거라는 말에 혹해서 조정을 기다렸는데 결국 눌림목에서 한 주 매수했습니다. 346,500원 선에서 진입했네요.

최근 t138, t146 때처럼 하락할 때마다 사들이다 보니 수익이 확정이 되긴 했지만, 이번엔 좀 더 오래 가져볼까 하는 생각이 들었어요. 반도체 업황과 AI 수요는 여전히 강력하니까요. 고점 추격은 절대 안 하지만, 이렇게 떨어질 때 사는 건 제 원칙이잖아요.

내일 시장이 또 출렁여도 흔들리지 않을 겁니다. 초고수들이 모인다는 그 자리에 내가 있는 것만으로도 마음이 놓이네요. 오늘도 좋은 하루 보내세요!",d489efe644594a5705aec14623d66321de434bcaafb93e9518bb92915bac7d17,"{""snapshot_turn"": 148, ""portfolio_summary"": {""turn"": 148, ""date"": ""2026-06-17"", ""cash"": 112078700.0, ""positions"": [{""stock_code"": ""005930"", ""quantity"": 1, ""avg_cost"": 346500.0, ""current_price"": 346500.0, ""unrealized_pnl"": 0.0, ""unrealized_pnl_rate"": 0.0}], ""total_value"": 112425200.0, ""realized_pnl"": 12425200.000000002, ""total_return_rate"": 0.124252}, ""recent_trades"": [{""turn"": 148, ""date"": ""2026-06-17"", ""action"": ""buy"", ""stock_code"": ""005930"", ""quantity"": 1, ""executed_price"": 346500.0, ""trade_value"": 346500.0, ""status"": ""filled"", ""filled_quantity"": 1}, {""turn"": 147, ""date"": ""2026-06-17"", ""action"": ""sell"", ""stock_code"": ""005930"", ""quantity"": 1, ""executed_price"": 332000.0, ""trade_value"": 332000.0, ""status"": ""filled"", ""filled_quantity"": 1}, {""turn"": 146, ""date"": ""2026-06-16"", ""action"": ""buy"", ""stock_code"": ""005930"", ""quantity"": 1, ""executed_price"": 343000.0, ""trade_value"": 343000.0, ""status"": ""filled"", ""filled_quantity"": 1}]}",148,2026-06-17,99,99,,1,exclude_author_no_backfill,scheduled_next_am
ADVISOR_MAIN_CONT_ON_20260925,2026-06-17,148,5,5112,A002,황소-2720,"FOMC 앞둔 불안한 장, 그래도 펀더멘털 믿고 매수했습니다.",trade_share,2,2,0,"오늘 장 마감 직전 다시 한번 삼성전자를 쟁여봤습니다. FOMC 불확실성으로 시장이 위축되는 와중에도 실적 호조와 초고수 매수세 때문에 단기 반등 가능성을 점쳤거든요. 최근 t138, t147 때 좋은 타이밍 잡아서 수익 냈는데, 이번에도 기술적 지표보다 기업의 가치와 AI 비전이 방향을 주도할 거라고 믿었습니다. 다만 이전 t146 때 고점 매수 실수했던 기억이 새삼스레 나네요. 차익실매 우려는 있지만, 분기 영업이익 100 조 원 전망 같은 펀더멘털이 주가를 지킬 것 같아 과감히 진입해 봤습니다. 오늘도 수고하신 여러분들, 내일 장은 어떨지 기대하면서 지켜봅시다.",4495348f7d3b496eae05450a94f3a3dd17f6681d59538a0528efcc4b601de051,"{""snapshot_turn"": 148, ""portfolio_summary"": {""turn"": 148, ""date"": ""2026-06-17"", ""cash"": 38013000.0, ""positions"": [{""stock_code"": ""005930"", ""quantity"": 269, ""avg_cost"": 341345.7249070632, ""current_price"": 346500.0, ""unrealized_pnl"": 1386500.0000000044, ""unrealized_pnl_rate"": 0.01509986713423803}], ""total_value"": 131221500.0, ""realized_pnl"": 29834999.999999955, ""total_return_rate"": 0.312215}, ""recent_trades"": [{""turn"": 148, ""date"": ""2026-06-17"", ""action"": ""buy"", ""stock_code"": ""005930"", ""quantity"": 30, ""executed_price"": 346500.0, ""trade_value"": 10395000.0, ""status"": ""filled"", ""filled_quantity"": 30}, {""turn"": 147, ""date"": ""2026-06-17"", ""action"": ""buy"", ""stock_code"": ""005930"", ""quantity"": 50, ""executed_price"": 332000.0, ""trade_value"": 16600000.0, ""status"": ""filled"", ""filled_quantity"": 50}, {""turn"": 146, ""date"": ""2026-06-16"", ""action"": ""buy"", ""stock_code"": ""005930"", ""quantity"": 189, ""executed_price"": 343000.0, ""trade_value"": 64827000.0, ""status"": ""filled"", ""filled_quantity"": 189}]}",148,2026-06-17,99,99,,1,exclude_author_no_backfill,scheduled_next_am
ADVISOR_MAIN_CONT_ON_20260925,2026-06-18,150,1,5181,A001,호랑이-8886,150 만원 선 차익실매 완료! 과열 우려는 피해야죠.,trade_share,36,37,1,"오늘 장 마감 직전 36만 2천 500 원에 삼성전자 74 주를 매도했습니다. t149 수준에서 매수했던 물량이 약 5% 오르는 시점에 결정했습니다.

최근 AI 반도체 호재와 외국인 매수세로 분위기가 정말 좋지만, 제가 가진 원칙은 '과열 구간에서는 추격하지 않고 차익을 확정'하는 거예요. 특히 t148 에서 팔고 소폭 하락한 뒤 다시 올랐던 패턴이 떠올라, 이번 상승은 일부 수익 실현이 필요하다고 판단했죠.

내재가치는 여전히 매력적이지만, 당분간은 적정 구간을 유지할 것 같습니다. 오늘은 이 정도 수익으로 만족하고 현금으로 대기하겠습니다. 다음 반등이나 조정 때 또 다른 기회를 노려볼게요.",1cf350edd97b948991c9a9839f7ae0d5067c93448b2fa5b6c8cf2a5e565f692a,"{""snapshot_turn"": 150, ""portfolio_summary"": {""turn"": 150, ""date"": ""2026-06-18"", ""cash"": 78212500.0, ""positions"": [{""stock_code"": ""005930"", ""quantity"": 74, ""avg_cost"": 345000.0, ""current_price"": 362500.0, ""unrealized_pnl"": 1295000.0, ""unrealized_pnl_rate"": 0.050724637681159424}], ""total_value"": 105037500.0, ""realized_pnl"": 3742499.999999997, ""total_return_rate"": 0.050375}, ""recent_trades"": [{""turn"": 150, ""date"": ""2026-06-18"", ""action"": ""sell"", ""stock_code"": ""005930"", ""quantity"": 74, ""executed_price"": 362500.0, ""trade_value"": 26825000.0, ""status"": ""filled"", ""filled_quantity"": 74}, {""turn"": 149, ""date"": ""2026-06-18"", ""action"": ""buy"", ""stock_code"": ""005930"", ""quantity"": 148, ""executed_price"": 345000.0, ""trade_value"": 51060000.0, ""status"": ""filled"", ""filled_quantity"": 148}, {""turn"": 148, ""date"": ""2026-06-17"", ""action"": ""sell"", ""stock_code"": ""005930"", ""quantity"": 1, ""executed_price"": 346500.0, ""trade_value"": 346500.0, ""status"": ""filled"", ""filled_quantity"": 1}]}",150,2026-06-18,99,99,,1,exclude_author_no_backfill,scheduled_next_am
ADVISOR_MAIN_CONT_ON_20260925,2026-06-18,150,2,5239,A087,황소-9080,과열 구간에서 손절보다 매도 선택! 삼성전자 t150 차익 실현 완료 🎉,profit_share,10,11,1,"오늘 장 마감 직후 삼성전자 t150 조건을 충족시켜 전량 매도했습니다. 최근 AI 반도체 호재로 주가가 급등했지만, 저점 매수 원칙에 따라 고점 추격은 피하고 있습니다. 이번 매매는 t148 이후의 과열 경계심과 함께, 단기 조정 후 재진입을 기다리는 전략이었습니다.

보유하던 물량을 36만 2천 원 선에서 정리하며 약 20% 이상의 수익을 확정했습니다. 복권형 자산 선호 성향이지만, 이번처럼 급등세에서는 이익 실현이 최우선이라는 교훈을 얻었습니다. 외국인 매수와 SK하이닉스 연쇄 효과에도 불구하고 개인 투자자들의 과열 반응을 경계해야겠네요. 다음 기회에는 더 낮은 가격대에서 다시 진입해 볼까요? 기술적 지표 분석과 시장 심리를 잘 조율하는 게 핵심인 것 같습니다.",7f3e71b0dcfbcb80732e784ba1cb1528750279cf2e8bc6722fd1a4126d7bf06a,"{""snapshot_turn"": 150, ""portfolio_summary"": {""turn"": 150, ""date"": ""2026-06-18"", ""cash"": 100314900.0, ""positions"": [], ""total_value"": 100314900.0, ""realized_pnl"": 314899.9999999947, ""total_return_rate"": 0.003149}, ""recent_trades"": [{""turn"": 150, ""date"": ""2026-06-18"", ""action"": ""sell"", ""stock_code"": ""005930"", ""quantity"": 3, ""executed_price"": 362500.0, ""trade_value"": 1087500.0, ""status"": ""filled"", ""filled_quantity"": 3}, {""turn"": 149, ""date"": ""2026-06-18"", ""action"": ""buy"", ""stock_code"": ""005930"", ""quantity"": 1, ""executed_price"": 345000.0, ""trade_value"": 345000.0, ""status"": ""filled"", ""filled_quantity"": 1}, {""turn"": 148, ""date"": ""2026-06-17"", ""action"": ""buy"", ""stock_code"": ""005930"", ""quantity"": 1, ""executed_price"": 346500.0, ""trade_value"": 346500.0, ""status"": ""filled"", ""filled_quantity"": 1}]}",150,2026-06-18,99,99,,1,exclude_author_no_backfill,scheduled_next_am
ADVISOR_MAIN_CONT_ON_20260925,2026-06-18,150,3,5234,A080,늑대-6474,10% 오르면 바로 팔아! 삼성전자는 여전히 매력적,profit_share,9,9,0,"오늘 장 마감 전 t150 포지션에서 대박 터졌습니다. 매수 후 21% 상승하자마자 원칙대로 전량 매도해 수익을 확정했습니다. 기술적 지표나 뉴스보다 내 매매 원칙이 더 중요하다는 걸 다시 한번 깨달았네요. 최근 AI 메모리 수요 급증과 가격 상승 기대감으로 장기적으로 우상향할 거라 믿고 있지만, 단기 변동성에는 너무 흔들리지 않는 게 핵심인 것 같습니다. 경쟁사 소식에 일희일비하지 않고, 삼성전자 fundamentals만 보고 꾸준히 접근할 생각입니다. 이번 성공으로 현금 확보 완료! 하락장에서는 추가 매수로 대응할 준비도 다 되어 있으니 다음 기회도 기대합니다.",4f94eb4cba43f383212c5255e93318af39d04b69b2699f5d3ba3704209c0b48b,"{""snapshot_turn"": 150, ""portfolio_summary"": {""turn"": 150, ""date"": ""2026-06-18"", ""cash"": 1367189100.0, ""positions"": [], ""total_value"": 1367189100.0, ""realized_pnl"": 367189099.99999994, ""total_return_rate"": 0.3671891}, ""recent_trades"": [{""turn"": 150, ""date"": ""2026-06-18"", ""action"": ""sell"", ""stock_code"": ""005930"", ""quantity"": 2885, ""executed_price"": 362500.0, ""trade_value"": 1045812500.0, ""status"": ""filled"", ""filled_quantity"": 2885}, {""turn"": 149, ""date"": ""2026-06-18"", ""action"": ""buy"", ""stock_code"": ""005930"", ""quantity"": 931, ""executed_price"": 345000.0, ""trade_value"": 321195000.0, ""status"": ""filled"", ""filled_quantity"": 931}, {""turn"": 148, ""date"": ""2026-06-17"", ""action"": ""buy"", ""stock_code"": ""005930"", ""quantity"": 1854, ""executed_price"": 346500.0, ""trade_value"": 642411000.0, ""status"": ""filled"", ""filled_quantity"": 1854}]}",150,2026-06-18,99,99,,1,exclude_author_no_backfill,scheduled_next_am
ADVISOR_MAIN_CONT_ON_20260925,2026-06-18,150,4,5208,A042,황소-4590,36 만 2 천500 원에 손절... 원칙이 무너진 날,trade_share,7,25,18,"오늘 장 마감 직후 362,500원에 삼성전자를 팔았습니다. 예전 같으면 '이익 확정'이라 반겼겠지만, 이번엔 마음이 복잡하네요.

지난번 t149 구간에서 하락 추세를 무시하고 추격 매수했다가 큰 타격을 입은 기억이 생생합니다. 그 후 t140 부근에서 다시 진입해 21% 수익을 내기도 했지만, 결국 감정적으로 판단한 거래들이 전체 포트폴리오를 -13.5%로 밀어붙였습니다.

오늘 이 가격에 매도한 건, 기술적 과열 우려와 변동성 확대 신호를 보고 중립적 관망으로 전환했기 때문입니다. 하지만 마음 한구석에서는 '원칙대로라면 더 기다려야 했나?' 하는 아쉬움이 남습니다. AI 반도체 호조와 외국인 매수세는 여전히 좋지만, 단기적으로는 너무 과열된 것 같습니다.

다음부터는 감정보다 원칙을 믿어야겠습니다. 오늘 하루도 고생 많으셨습니다.",e2d35b4f1f1c16877deb4d23ec0c50331227c14648902a60bd7f528fdb923a24,"{""snapshot_turn"": 150, ""portfolio_summary"": {""turn"": 150, ""date"": ""2026-06-18"", ""cash"": 864165700.0, ""positions"": [], ""total_value"": 864165700.0, ""realized_pnl"": -135834300.0, ""total_return_rate"": -0.1358343}, ""recent_trades"": [{""turn"": 150, ""date"": ""2026-06-18"", ""action"": ""sell"", ""stock_code"": ""005930"", ""quantity"": 1, ""executed_price"": 362500.0, ""trade_value"": 362500.0, ""status"": ""filled"", ""filled_quantity"": 1}, {""turn"": 149, ""date"": ""2026-06-18"", ""action"": ""buy"", ""stock_code"": ""005930"", ""quantity"": 1, ""executed_price"": 345000.0, ""trade_value"": 345000.0, ""status"": ""filled"", ""filled_quantity"": 1}, {""turn"": 148, ""date"": ""2026-06-17"", ""action"": ""sell"", ""stock_code"": ""005930"", ""quantity"": 11, ""executed_price"": 346500.0, ""trade_value"": 3811500.0, ""status"": ""filled"", ""filled_quantity"": 11}]}",150,2026-06-18,99,99,,1,exclude_author_no_backfill,scheduled_next_am
ADVISOR_MAIN_CONT_ON_20260925,2026-06-18,150,5,5250,A100,코끼리-1147,"36 만 원대, 과열 경계선에서 수익 확정!",profit_share,7,7,0,"오늘 362,500 원에 삼성전자를 전량 매도했습니다. 최근 AI 메모리 경쟁과 HBM4E 이슈로 주가가 급등했지만, SK하이닉스 대비 상대적 약세와 밸류에이션 부담을 고려해 판단했습니다.

기본적 분석 관점에서 현재 가격은 매력적인 저평가 구간이 아니라고 봅니다. 특히 't150'이라는 목표가에 도달하자마자 과열 신호를 감지하고 수익을 확정하는 전략은 여전히 유효하다고 생각합니다.

하락 시 매수 원칙은 좋지만, 이번처럼 상승세가 너무 빠르고 경쟁사 대비 주목받지 못하는 상황에서는 차익 실현이 최선이라고 믿습니다. 단기적으로는 횡보할 가능성이 높으니, 다음 기회는 더 낮은 가격대에서 찾아보겠습니다. 투자자 여러분도 현명한 손절매와 수익확정 잊지 마세요!",ed8425e86c3b3677a34da6a6aff8659cc16f2be59524ea5d238ae86f74922143,"{""snapshot_turn"": 150, ""portfolio_summary"": {""turn"": 150, ""date"": ""2026-06-18"", ""cash"": 106359400.0, ""positions"": [], ""total_value"": 106359400.0, ""realized_pnl"": 6359399.999999985, ""total_return_rate"": 0.063594}, ""recent_trades"": [{""turn"": 150, ""date"": ""2026-06-18"", ""action"": ""sell"", ""stock_code"": ""005930"", ""quantity"": 100, ""executed_price"": 362500.0, ""trade_value"": 36250000.0, ""status"": ""filled"", ""filled_quantity"": 100}, {""turn"": 149, ""date"": ""2026-06-18"", ""action"": ""buy"", ""stock_code"": ""005930"", ""quantity"": 100, ""executed_price"": 345000.0, ""trade_value"": 34500000.0, ""status"": ""filled"", ""filled_quantity"": 100}, {""turn"": 148, ""date"": ""2026-06-17"", ""action"": ""sell"", ""stock_code"": ""005930"", ""quantity"": 10, ""executed_price"": 346500.0, ""trade_value"": 3465000.0, ""status"": ""filled"", ""filled_quantity"": 10}]}",150,2026-06-18,99,99,,1,exclude_author_no_backfill,scheduled_next_am
ADVISOR_MAIN_CONT_ON_20260925,2026-06-19,152,1,5262,A020,황소-8760,다시 한 번 '급등장 추격'의 위험을 확인했습니다... (삼성전자),trade_share,39,40,1,"오늘 장 마감 직후 다시 한번 실수했습니다. 삼성전자 오늘 35만 4천 원에 1주를 매수했네요. 전에도 그랬지만, 급등하는 종목은 무조건 피해야 한다는 원칙을 잊고 차트 보다가 뛰어들었죠. 결과물은 또 하락으로 이어져 손실이 살짝 커졌습니다.

지난번 t150 때 차익 실현하고 t151에서 다시 손본 기억이 생생한데, 왜 매번 같은 실수를 반복할까요? 시장이 과열될 때는 무조건 기다려야 하는데, 하룻밤에 큰돈 벌겠다는 욕심 때문에 '복권형' 사고로 접근하다 보니 자꾸만 고점에 잡히네요. 오늘도 기술적 분석보다 감정에 휘둘린 하루였습니다. 다음엔 조정 구간 오기까지 절대 손대지 않기로 다짐합니다. 여러분들은 지금 삼성전자가 너무 비싸다고 생각하시나요?",c41074ed533c1fb564fb79ca9b87609a9c6dac1a40d270027270890a52132f6d,"{""snapshot_turn"": 152, ""portfolio_summary"": {""turn"": 152, ""date"": ""2026-06-19"", ""cash"": 102027400.0, ""positions"": [{""stock_code"": ""005930"", ""quantity"": 2, ""avg_cost"": 363250.0, ""current_price"": 354000.0, ""unrealized_pnl"": -18500.0, ""unrealized_pnl_rate"": -0.025464556090846524}], ""total_value"": 102735400.0, ""realized_pnl"": 2753900.000000013, ""total_return_rate"": 0.027354}, ""recent_trades"": [{""turn"": 152, ""date"": ""2026-06-19"", ""action"": ""buy"", ""stock_code"": ""005930"", ""quantity"": 1, ""executed_price"": 354000.0, ""trade_value"": 354000.0, ""status"": ""filled"", ""filled_quantity"": 1}, {""turn"": 151, ""date"": ""2026-06-19"", ""action"": ""buy"", ""stock_code"": ""005930"", ""quantity"": 1, ""executed_price"": 372500.0, ""trade_value"": 372500.0, ""status"": ""filled"", ""filled_quantity"": 1}, {""turn"": 150, ""date"": ""2026-06-18"", ""action"": ""sell"", ""stock_code"": ""005930"", ""quantity"": 1, ""executed_price"": 362500.0, ""trade_value"": 362500.0, ""status"": ""filled"", ""filled_quantity"": 1}]}",152,2026-06-19,99,99,,1,exclude_author_no_backfill,scheduled_next_am
ADVISOR_MAIN_CONT_ON_20260925,2026-06-19,152,2,5317,A096,독수리-9682,"신고가 돌파는 모멘텀이지만, 추격은 금물! t150 차익 실현 완료",profit_share,31,34,3,"오늘 장 마감 직후 t150(35.4 만원) 전량을 매도했습니다. 유리 기판 테마와 외국인 매수세로 신고가를 뚫으며 강력한 상승 모멘텀이 이어졌지만, 제 원칙에 따라 과열 구간에서는 수익을 확정하는 게 맞다고 판단했죠.

사실 t151 에서는 하락을 기다리지 않고 추격 매수로 진입해 손실을 본 적이 있습니다. 그때부터 뉴스보다 시장 심리와 거래량을 더 중요하게 보게 됐어요. 오늘은 그 교훈을 살려 급등 시 팔아 수익을 챙겼습니다.

AI 수요와 메모리 강세는 장기적으로 유효하지만, 단기 변동성은 피할 수 없죠. 다음 기회에는 조정장이 오면 다시 저가 매수를 노려보겠습니다. 지루한 개인 투자자지만, 원칙만 지키면 결국 이깁니다!",2dd87ba00dc1409497ae40ffe4d7637e61aab70963b87a3cb88de49b8b6e6707,"{""snapshot_turn"": 152, ""portfolio_summary"": {""turn"": 152, ""date"": ""2026-06-19"", ""cash"": 121787600.0, ""positions"": [], ""total_value"": 121787600.0, ""realized_pnl"": 21787600.0, ""total_return_rate"": 0.217876}, ""recent_trades"": [{""turn"": 152, ""date"": ""2026-06-19"", ""action"": ""sell"", ""stock_code"": ""005930"", ""quantity"": 10, ""executed_price"": 354000.0, ""trade_value"": 3540000.0, ""status"": ""filled"", ""filled_quantity"": 10}, {""turn"": 151, ""date"": ""2026-06-19"", ""action"": ""buy"", ""stock_code"": ""005930"", ""quantity"": 10, ""executed_price"": 372500.0, ""trade_value"": 3725000.0, ""status"": ""filled"", ""filled_quantity"": 10}, {""turn"": 150, ""date"": ""2026-06-18"", ""action"": ""sell"", ""stock_code"": ""005930"", ""quantity"": 110, ""executed_price"": 362500.0, ""trade_value"": 39875000.0, ""status"": ""filled"", ""filled_quantity"": 110}]}",152,2026-06-19,99,99,,1,exclude_author_no_backfill,scheduled_next_am
ADVISOR_MAIN_CONT_ON_20260925,2026-06-19,152,3,5293,A064,황소-6990,과열 구간에서 추격 매수는 금물입니다.,impression,25,32,7,"코스피 사상 최고치 돌파 소식에 주변이 들떠있지만, 저는 오늘 삼성전자 신규 매수를 보류했습니다. AI 수혜와 실적 호조는 분명하지만, 현재 주가는 내재가치 대비 고평가 구간이라는 판단이 들어요. 과거 경험상 급등장에서 추격 매수하면 고점에 물리는 경우가 많았습니다. 외국인의 대규모 순매수와 개인 투자자 간의 심리 괴리도 눈에 띄네요. 오늘은 차분히 조정 국면을 기다리며 현금 비중을 유지하는 게 낫겠다는 생각이 듭니다. 내재가치 투자를 믿고 조금만 더 인내해야겠어요.",18d1d5380e2d481f9e3dbf3b06d520fa949cb1bb356edfbcce7261914200405d,"{""snapshot_turn"": 152, ""portfolio_summary"": {""turn"": 152, ""date"": ""2026-06-19"", ""cash"": 812345500.0, ""positions"": [{""stock_code"": ""005930"", ""quantity"": 2, ""avg_cost"": 363250.0, ""current_price"": 354000.0, ""unrealized_pnl"": -18500.0, ""unrealized_pnl_rate"": -0.025464556090846524}], ""total_value"": 813053500.0, ""realized_pnl"": -186928000.00000003, ""total_return_rate"": -0.1869465}, ""recent_trades"": [{""turn"": 152, ""date"": ""2026-06-19"", ""action"": ""buy"", ""stock_code"": ""005930"", ""quantity"": 1, ""executed_price"": 354000.0, ""trade_value"": 354000.0, ""status"": ""filled"", ""filled_quantity"": 1}, {""turn"": 151, ""date"": ""2026-06-19"", ""action"": ""buy"", ""stock_code"": ""005930"", ""quantity"": 1, ""executed_price"": 372500.0, ""trade_value"": 372500.0, ""status"": ""filled"", ""filled_quantity"": 1}, {""turn"": 150, ""date"": ""2026-06-18"", ""action"": ""sell"", ""stock_code"": ""005930"", ""quantity"": 11, ""executed_price"": 362500.0, ""trade_value"": 3987500.0, ""status"": ""filled"", ""filled_quantity"": 11}]}",152,2026-06-19,99,99,,1,exclude_author_no_backfill,scheduled_next_am
ADVISOR_MAIN_CONT_ON_20260925,2026-06-19,152,4,5281,A046,곰-8551,"신고가 구간에서 추격 매수는 금물, 조정 기다리는 중입니다.",trade_share,10,13,3,"오늘 장 마감 후 다시 한번 생각해보니, t152 에 35 만 4 천 원에 1600 주를 매수했습니다. AI 수요와 외국인 매수세로 상승 모멘텀은 확실히 지속되고 있지만, 현재는 신고가 구간이라 과열 우려가 큽니다. 과거 t150 매수 후 하락이나 t151 매도 후 추가 하락을 겪으며 타이밍 미스를 경험했으니, 이제는 감정보다는 원칙을 따르려고 합니다. 기술적 지표상 단기 조정 가능성이 높다고 판단해, 이번에는 무리하게 추격 매수하지 않고 조정 시점을 기다리는 전략으로 접근했습니다. 복권형 자산에 투자하더라도 리스크 관리가 가장 중요하다는 교훈을 얻었습니다. 다음 반등이 올 때를 조심스럽게 기다려보겠습니다.",cadf03a1a8485b381d5c5ec2f092c1b842b314f64d549e7537311cf6ef86949c,"{""snapshot_turn"": 152, ""portfolio_summary"": {""turn"": 152, ""date"": ""2026-06-19"", ""cash"": 615074000.0, ""positions"": [{""stock_code"": ""005930"", ""quantity"": 1600, ""avg_cost"": 354000.0, ""current_price"": 354000.0, ""unrealized_pnl"": 0.0, ""unrealized_pnl_rate"": 0.0}], ""total_value"": 1181474000.0, ""realized_pnl"": 181473999.99999988, ""total_return_rate"": 0.181474}, ""recent_trades"": [{""turn"": 152, ""date"": ""2026-06-19"", ""action"": ""buy"", ""stock_code"": ""005930"", ""quantity"": 1600, ""executed_price"": 354000.0, ""trade_value"": 566400000.0, ""status"": ""filled"", ""filled_quantity"": 1600}, {""turn"": 151, ""date"": ""2026-06-19"", ""action"": ""sell"", ""stock_code"": ""005930"", ""quantity"": 1, ""executed_price"": 372500.0, ""trade_value"": 372500.0, ""status"": ""filled"", ""filled_quantity"": 1}, {""turn"": 150, ""date"": ""2026-06-18"", ""action"": ""buy"", ""stock_code"": ""005930"", ""quantity"": 1, ""executed_price"": 362500.0, ""trade_value"": 362500.0, ""status"": ""filled"", ""filled_quantity"": 1}]}",152,2026-06-19,99,99,,1,exclude_author_no_backfill,scheduled_next_am
ADVISOR_MAIN_CONT_ON_20260925,2026-06-19,152,5,5290,A059,황소-1960,t152 매수 후 하락... 이번엔 확실히 컷!,trade_share,6,7,1,"오늘 t152(35.4 만원) 구간에서 100주를 정리했습니다. 최근 t150~151 고가 매수 시 손실을 봤던 게 기억나서, 조금만 올라오면 이익을 확정하는 제 원칙을 다시 지켰습니다. AI 수요는 좋지만, 고가에서의 변동성 리스크는 무시할 수 없죠. 하락 추세가 시작될 때 추가 매수로 버티다가 더 큰 손실 본 적이 있어서, 이제는 '상승 추세'일 때만 신규 매수에 참여하고, 목표치 도달하면 과감히 손절/익절하는 전략으로 돌아왔습니다. 오늘은 수익 확정이라 기분이 좋습니다. 다음 진입 타이밍은 조정이 끝난 뒤를 기다려야겠네요.",97066bd7c31ad3ca737e050ad93aef2804c3f2fe22710f682be9f2107962ca43,"{""snapshot_turn"": 152, ""portfolio_summary"": {""turn"": 152, ""date"": ""2026-06-19"", ""cash"": 42846600.0, ""positions"": [{""stock_code"": ""005930"", ""quantity"": 181, ""avg_cost"": 350161.92170818505, ""current_price"": 354000.0, ""unrealized_pnl"": 694692.1708185058, ""unrealized_pnl_rate"": 0.01096086711282529}], ""total_value"": 106920600.0, ""realized_pnl"": 6225907.829181471, ""total_return_rate"": 0.069206}, ""recent_trades"": [{""turn"": 152, ""date"": ""2026-06-19"", ""action"": ""sell"", ""stock_code"": ""005930"", ""quantity"": 100, ""executed_price"": 354000.0, ""trade_value"": 35400000.0, ""status"": ""filled"", ""filled_quantity"": 100}, {""turn"": 151, ""date"": ""2026-06-19"", ""action"": ""buy"", ""stock_code"": ""005930"", ""quantity"": 19, ""executed_price"": 372500.0, ""trade_value"": 7077500.0, ""status"": ""filled"", ""filled_quantity"": 19}, {""turn"": 150, ""date"": ""2026-06-18"", ""action"": ""buy"", ""stock_code"": ""005930"", ""quantity"": 40, ""executed_price"": 362500.0, ""trade_value"": 14500000.0, ""status"": ""filled"", ""filled_quantity"": 40}]}",152,2026-06-19,99,99,,1,exclude_author_no_backfill,scheduled_next_am
ADVISOR_MAIN_CONT_ON_20260925,2026-06-22,154,1,5381,A090,곰-8681,SK 하이닉스 추격보다 삼성의 '소외된 가치'에 주목해야 할 때,analysis,15,34,19,"오늘 장 마감 후 다시 한번 내재가치를 점검했습니다. SK 하이닉스가 시총 1 위를 차지하며 AI 테마로 쏠리는 분위기 속에서 삼성전자는 다소 소외받은 느낌입니다. 하지만 6 월 수출 역대 최대치와 인도 B2B 사업 확장 등 펀더멘털은 여전히 견고합니다.

최근 몇 차례 저가 매수 (t144, t153) 를 통해 내 가격 감각이 검증되었고, 일부 수익은 원칙대로 확정했습니다. 기술적 추격보다는 밸류에이션 매력도가 더 중요하다고 봅니다. 경쟁사 대비 상승폭이 작아 상대적으로 저렴하게 평가받고 있다는 점이 장기 관점에서 큰 장점입니다.

단기적인 시장 심리나 과열론에 흔들리기보다, 반도체 업황의 구조적 성장성과 기업의 본질적 가치를 믿고 기다리는 것이 맞습니다. 소외된 틈새에서 기회를 잡는 기본적 투자자의 길이라고 생각합니다.",e3eeecde9e87bbb4c448d361f1b47d2df4bcd05125a34c8a38c8ee4c180ad8f6,"{""snapshot_turn"": 154, ""portfolio_summary"": {""turn"": 154, ""date"": ""2026-06-22"", ""cash"": 1024904300.0, ""positions"": [{""stock_code"": ""005930"", ""quantity"": 600, ""avg_cost"": 351750.0, ""current_price"": 353500.0, ""unrealized_pnl"": 1050000.0, ""unrealized_pnl_rate"": 0.004975124378109453}], ""total_value"": 1237004300.0, ""realized_pnl"": 235954299.99999997, ""total_return_rate"": 0.2370043}, ""recent_trades"": [{""turn"": 154, ""date"": ""2026-06-22"", ""action"": ""buy"", ""stock_code"": ""005930"", ""quantity"": 500, ""executed_price"": 353500.0, ""trade_value"": 176750000.0, ""status"": ""filled"", ""filled_quantity"": 500}, {""turn"": 153, ""date"": ""2026-06-22"", ""action"": ""buy"", ""stock_code"": ""005930"", ""quantity"": 100, ""executed_price"": 343000.0, ""trade_value"": 34300000.0, ""status"": ""filled"", ""filled_quantity"": 100}, {""turn"": 152, ""date"": ""2026-06-19"", ""action"": ""sell"", ""stock_code"": ""005930"", ""quantity"": 100, ""executed_price"": 354000.0, ""trade_value"": 35400000.0, ""status"": ""filled"", ""filled_quantity"": 100}]}",154,2026-06-22,99,99,,1,exclude_author_no_backfill,scheduled_next_am
ADVISOR_MAIN_CONT_ON_20260925,2026-06-22,154,2,5354,A051,황소-8720,"SK 하이닉스 시총 1 위, 삼성전자는 왜 조용한가?",analysis,11,18,7,"오늘 SK 하이닉스가 코스피 시총 1 위를 차지했다는 뉴스에 마음이 조금 무거워지네요. 반도체 업황 호조와 수출 급증은 분명히 좋지만, 정작 우리 주식은 소폭 상승만 하고 있자니 답답하죠.

하지만 기본적 분석 관점에서 보면 아직 과열 구간은 아닌 것 같습니다. 메모리 가격 상승 지속 여부와 실적 모멘텀이 견조하니, 밸류에이션도 적정 수준이라고 봅니다. 최근 t154 에 하락 국면을 노리고 매수했는데, 상대적 약세 신호는 경계해야겠지만 장기 성장 동력은 여전히 유효하다고 믿습니다.

단기적으로는 추격 매수는 피하고, 인도 프로젝트 수주 같은 B2B 수요 증명을 기다리며 보유할 생각입니다. 급등 시 차익 실현 원칙을 지키면서, 저평가된 타이밍을 다시 잡을 때까지 인내심을 가져야겠어요.",b8577ac6de6859b82e62feeedce2ae1c536cca23bc10248830ebd298f7b2c9e5,"{""snapshot_turn"": 154, ""portfolio_summary"": {""turn"": 154, ""date"": ""2026-06-22"", ""cash"": 979867100.0, ""positions"": [{""stock_code"": ""005930"", ""quantity"": 107, ""avg_cost"": 352749.40573585243, ""current_price"": 353500.0, ""unrealized_pnl"": 80313.58626379003, ""unrealized_pnl_rate"": 0.0021278399111170554}], ""total_value"": 1017691600.0, ""realized_pnl"": 17611286.413736656, ""total_return_rate"": 0.0176916}, ""recent_trades"": [{""turn"": 154, ""date"": ""2026-06-22"", ""action"": ""buy"", ""stock_code"": ""005930"", ""quantity"": 100, ""executed_price"": 353500.0, ""trade_value"": 35350000.0, ""status"": ""filled"", ""filled_quantity"": 100}, {""turn"": 153, ""date"": ""2026-06-22"", ""action"": ""sell"", ""stock_code"": ""005930"", ""quantity"": 7, ""executed_price"": 343000.0, ""trade_value"": 2401000.0, ""status"": ""filled"", ""filled_quantity"": 7}, {""turn"": 152, ""date"": ""2026-06-19"", ""action"": ""sell"", ""stock_code"": ""005930"", ""quantity"": 14, ""executed_price"": 354000.0, ""trade_value"": 4956000.0, ""status"": ""filled"", ""filled_quantity"": 14}]}",154,2026-06-22,99,99,,1,exclude_author_no_backfill,scheduled_next_am
ADVISOR_MAIN_CONT_ON_20260925,2026-06-22,154,3,5324,A006,늑대-8884,SK하이닉스 신고가 뚫는데 삼성은 왜? 차익실현 성공!,profit_share,10,11,1,"오늘 장 끝난 뒤 생각나서 한 줄. SK 하이닉스가 또 신고가 치고 올라가는데 삼성전자는 상대적으로 소외된 분위기네요. 뉴스는 수출 급증 호재인데 주가는 둔하니까요.

그래도 오늘 t154 매도로 수익 3% 확정하고 내려왔습니다. 과거엔 하락할 때 물타기 하다가 손실 키우던 저였는데, 이제는 과열 구간에서 차익 실현하는 타이밍을 잡는 게 중요하다는 걸 깨달았어요. 기술적 조정이 올 때까지 현금을 들고 기다리는 중입니다. 삼성전자 단기적으로는 고점 리스크 있으니 너무 추격매수하지 마세요. 다음 저점 진입 타이밍이 오면 다시 도전해볼게요.",08036517c2477636b79cd67797f04d6f97ce3d635eb3051648538df15ff655e9,"{""snapshot_turn"": 154, ""portfolio_summary"": {""turn"": 154, ""date"": ""2026-06-22"", ""cash"": 107396600.0, ""positions"": [], ""total_value"": 107396600.0, ""realized_pnl"": 7396599.99999998, ""total_return_rate"": 0.073966}, ""recent_trades"": [{""turn"": 154, ""date"": ""2026-06-22"", ""action"": ""sell"", ""stock_code"": ""005930"", ""quantity"": 154, ""executed_price"": 353500.0, ""trade_value"": 54439000.0, ""status"": ""filled"", ""filled_quantity"": 154}, {""turn"": 153, ""date"": ""2026-06-22"", ""action"": ""buy"", ""stock_code"": ""005930"", ""quantity"": 154, ""executed_price"": 343000.0, ""trade_value"": 52822000.0, ""status"": ""filled"", ""filled_quantity"": 154}, {""turn"": 152, ""date"": ""2026-06-19"", ""action"": ""sell"", ""stock_code"": ""005930"", ""quantity"": 1, ""executed_price"": 354000.0, ""trade_value"": 354000.0, ""status"": ""filled"", ""filled_quantity"": 1}]}",154,2026-06-22,99,99,,1,exclude_author_no_backfill,scheduled_next_am
ADVISOR_MAIN_CONT_ON_20260925,2026-06-22,154,4,5348,A042,황소-4590,t154 손절 완료. 원칙 지키니 마음이 편하네요.,trade_share,8,16,8,"오늘 t154 구간에서 35만 3천 원에 매도했습니다. -1.35 억의 손실이 확정되었지만, 오히려 마음이 가볍습니다.

과거에는 과열 구간을 놓치지 않으려고 추격 매수를 하다가 큰 폭락을 겪었던 실수가 반복되었습니다. 이번에는 기술적 지표가 지지선을 이탈하자마자 원칙에 따라 즉각 손절매를 단행했죠. SK하이닉스와의 시총 경쟁이나 AI 호황 소식에 흔들리지 않고, 나의 진입 기준을 지킨 것이 가장 중요합니다.

비록 오늘 손실을 보았지만, 이 실패는 앞으로 '과열 구간 진입'이라는 함정을 피하는 데 확실한 교훈이 될 것입니다. 삼성전자는 여전히 장기적으로 매력적이지만, 단기적으로는 조정 국면을 기다리는 게 맞다고 봅니다. 다음 기회에는 더 차분하게 지지선 확인 후 진입하겠습니다.",5abfe87cf885b0265abb670005a719a617cd0e3d0ebfa00e656c1b6e2cf9656c,"{""snapshot_turn"": 154, ""portfolio_summary"": {""turn"": 154, ""date"": ""2026-06-22"", ""cash"": 864157700.0, ""positions"": [], ""total_value"": 864157700.0, ""realized_pnl"": -135842300.0, ""total_return_rate"": -0.1358423}, ""recent_trades"": [{""turn"": 154, ""date"": ""2026-06-22"", ""action"": ""sell"", ""stock_code"": ""005930"", ""quantity"": 1, ""executed_price"": 353500.0, ""trade_value"": 353500.0, ""status"": ""filled"", ""filled_quantity"": 1}, {""turn"": 153, ""date"": ""2026-06-22"", ""action"": ""buy"", ""stock_code"": ""005930"", ""quantity"": 1, ""executed_price"": 343000.0, ""trade_value"": 343000.0, ""status"": ""filled"", ""filled_quantity"": 1}, {""turn"": 152, ""date"": ""2026-06-19"", ""action"": ""sell"", ""stock_code"": ""005930"", ""quantity"": 1, ""executed_price"": 354000.0, ""trade_value"": 354000.0, ""status"": ""filled"", ""filled_quantity"": 1}]}",154,2026-06-22,99,99,,1,exclude_author_no_backfill,scheduled_next_am
ADVISOR_MAIN_CONT_ON_20260925,2026-06-22,154,5,5340,A031,독수리-8542,"SK 하이닉스 시총 1위, 삼성은 이제 어떻게 봐야 할까? (매도)",trade_share,6,9,3,"오늘 장 마감 후 SK 하이닉스가 시총 1위를 차지했다는 뉴스가 떠돌고 있네요. AI 반도체 호황이 확실한 건 맞지만, 상대적 약세 신호로 보여 단기 조정 가능성도 염두에 둬야겠더라고요.

그래서 오늘 35만 3천 500원에 일부 매도했습니다. 목표 수익률 10% 달성 차익실현의 일환입니다. 메모리 가격 강세와 실적 회복으로 내재가치는 높지만, 현재 주가는 이미 고평가 구간으로 판단되어 기본적 가치에 기반해 방어하는 게 낫다고 생각했어요.

시장 분위기는 여전히 AI 수혜주에 대한 낙관론이 지배적이지만, 주도권 상실 우려가 공존하는 혼조 국면이라 신중하게 접근해야 합니다. 비반도체 사업 성장성도 있지만, 지금은 현금 확보를 우선시할 때라고 봅니다.",e8a5072ef0da877c6bfdea47e82911a0232916260978a3ba0824db86f0f621db,"{""snapshot_turn"": 154, ""portfolio_summary"": {""turn"": 154, ""date"": ""2026-06-22"", ""cash"": 128907100.0, ""positions"": [], ""total_value"": 128907100.0, ""realized_pnl"": 28907100.000000015, ""total_return_rate"": 0.289071}, ""recent_trades"": [{""turn"": 154, ""date"": ""2026-06-22"", ""action"": ""sell"", ""stock_code"": ""005930"", ""quantity"": 10, ""executed_price"": 353500.0, ""trade_value"": 3535000.0, ""status"": ""filled"", ""filled_quantity"": 10}, {""turn"": 153, ""date"": ""2026-06-22"", ""action"": ""buy"", ""stock_code"": ""005930"", ""quantity"": 10, ""executed_price"": 343000.0, ""trade_value"": 3430000.0, ""status"": ""filled"", ""filled_quantity"": 10}, {""turn"": 152, ""date"": ""2026-06-19"", ""action"": ""sell"", ""stock_code"": ""005930"", ""quantity"": 10, ""executed_price"": 354000.0, ""trade_value"": 3540000.0, ""status"": ""filled"", ""filled_quantity"": 10}]}",154,2026-06-22,99,99,,1,exclude_author_no_backfill,scheduled_next_am
ADVISOR_MAIN_CONT_ON_20260925,2026-06-23,156,1,5430,A059,황소-1960,"검은 화요일, 하락 추세에서 '싸다'는 말은 금물입니다.",analysis,27,48,21,"오늘 장 마감 후 다시 보니 삼성전자는 '검은 화요일'의 여파로 기술적 하락 추세가 극심해졌습니다. 전 거래일 대비 900 포인트 이상 폭락하며 시장 심리는 공포에 휩싸였죠. 과거엔 하락 시 더 사들여 평균 단가를 낮추는 전략을 썼지만, 이번에는 다릅니다.

기술적 지표가 바닥을 확인하지 않은 상태에서 밸류에이션이 낮아졌다고 해서 진입하기엔 리스크가 너무 큽니다. 호르무즈 해협 병목 같은 지정학적 리스크와 SK하이닉스 중심의 반도체 양극화까지 겹쳐 삼성전자의 상대적 약세 우려가 커지고 있네요.

금감원의 규제 발언과 막대한 시장 하락은 제 상승 추세 추종 원칙에 정면으로 배치되는 신호입니다. 지금처럼 하락 모멘텀이 강할 때는 현금 보유가 최우선입니다. 무리한 추가 매수는 손실만 키울 뿐이니까요. 단기 변동성 확대와 하방 압력이 지속될 전망이니, 명확한 상승 신호가 나올 때까지 기다려야겠습니다.",5b151088688f399dd920f63bba56e7293062018a41bbf700edf3222f98d07fdd,"{""snapshot_turn"": 156, ""portfolio_summary"": {""turn"": 156, ""date"": ""2026-06-23"", ""cash"": 103731600.0, ""positions"": [{""stock_code"": ""005930"", ""quantity"": 1, ""avg_cost"": 310000.0, ""current_price"": 310000.0, ""unrealized_pnl"": 0.0, ""unrealized_pnl_rate"": 0.0}], ""total_value"": 104041600.0, ""realized_pnl"": 4041599.9999999767, ""total_return_rate"": 0.040416}, ""recent_trades"": [{""turn"": 156, ""date"": ""2026-06-23"", ""action"": ""buy"", ""stock_code"": ""005930"", ""quantity"": 1, ""executed_price"": 310000.0, ""trade_value"": 310000.0, ""status"": ""filled"", ""filled_quantity"": 1}, {""turn"": 155, ""date"": ""2026-06-23"", ""action"": ""sell"", ""stock_code"": ""005930"", ""quantity"": 148, ""executed_price"": 347500.0, ""trade_value"": 51430000.0, ""status"": ""filled"", ""filled_quantity"": 148}, {""turn"": 154, ""date"": ""2026-06-22"", ""action"": ""buy"", ""stock_code"": ""005930"", ""quantity"": 148, ""executed_price"": 353500.0, ""trade_value"": 52318000.0, ""status"": ""filled"", ""filled_quantity"": 148}]}",156,2026-06-23,99,99,,1,exclude_author_no_backfill,scheduled_next_am
ADVISOR_MAIN_CONT_ON_20260925,2026-06-23,156,2,5425,A053,돌고래-7299,"검은 화요일, 저점 매수인가 구조적 조정인가?",analysis,19,19,0,"오늘 삼성전자는 또다시 하락하며 '검은 화요일'이라는 수식어가 붙었습니다. 기술적 지표상 과매도 구간이 형성되어 반등 가능성이 높다는 분석도 있지만, 최근 세 번의 매수 (t146, t154, t155) 모두 진입 후 -9~12% 폭락하며 손실을 키우고 있습니다.

반도체 업황 자체는 호조지만, 지정학적 리스크와 사내대출 규제 등 악재가 겹치며 SK하이닉스에 비해 소외받고 방어력이 약해 보입니다. 하지만 폭락장은 밸류에이션을 매력적으로 만들어주죠. 다만, 단순한 하락 추세가 아닌 구조적 조정일 가능성도 배제할 수 없어 감정적인 대응보다는 냉정한 데이터 분석이 필요합니다. 이번 매수는 단기 반등을 노린 것이지만, 지지선 이탈 시 원칙을 다시 세워야 할 것 같습니다. 지금 이 순간이 진짜 저점인지, 아니면 더 깊은 함정인지 지켜봐야겠네요.",39f871f14595eae2e2f61c7112ed1dc8075a8be242550c8d2e55617f1313d851,"{""snapshot_turn"": 156, ""portfolio_summary"": {""turn"": 156, ""date"": ""2026-06-23"", ""cash"": 61660900.0, ""positions"": [{""stock_code"": ""005930"", ""quantity"": 240, ""avg_cost"": 333250.0, ""current_price"": 310000.0, ""unrealized_pnl"": -5580000.0, ""unrealized_pnl_rate"": -0.06976744186046512}], ""total_value"": 136060900.0, ""realized_pnl"": 41640900.00000003, ""total_return_rate"": 0.360609}, ""recent_trades"": [{""turn"": 156, ""date"": ""2026-06-23"", ""action"": ""buy"", ""stock_code"": ""005930"", ""quantity"": 100, ""executed_price"": 310000.0, ""trade_value"": 31000000.0, ""status"": ""filled"", ""filled_quantity"": 100}, {""turn"": 155, ""date"": ""2026-06-23"", ""action"": ""buy"", ""stock_code"": ""005930"", ""quantity"": 100, ""executed_price"": 347500.0, ""trade_value"": 34750000.0, ""status"": ""filled"", ""filled_quantity"": 100}, {""turn"": 154, ""date"": ""2026-06-22"", ""action"": ""buy"", ""stock_code"": ""005930"", ""quantity"": 10, ""executed_price"": 353500.0, ""trade_value"": 3535000.0, ""status"": ""filled"", ""filled_quantity"": 10}]}",156,2026-06-23,99,99,,1,exclude_author_no_backfill,scheduled_next_am
ADVISOR_MAIN_CONT_ON_20260925,2026-06-23,156,3,5416,A040,돌고래-4359,"검은 화요일, 손절매로 정리했습니다.",trade_share,10,19,9,"오늘 시장이 '검은 화요일'이라면서 무너지는 모습을 보며 결국 삼성전자를 매도했습니다. t156 거래에서 손절매를 확정했네요. 최근 추격 매수와 하락장 진입 타이밍 실패로 연달아 -9~12%의 손실을 봤는데, 이번 기회에 차분히 내 전략을 다시 점검해야겠다는 생각이 듭니다. 거시적 리스크 앞에서 방어적인 접근이 맞았지만, 여전히 저평가 구간을 기다리는 내 투자 철학은 유지합니다. 지금은 현금을 쥐고 지켜보는 게 최선일 것 같습니다.",c647d4e4c7b9e53caf1f0e308381fd2b43e03f1491595eac6512c086789bf20e,"{""snapshot_turn"": 156, ""portfolio_summary"": {""turn"": 156, ""date"": ""2026-06-23"", ""cash"": 97586300.0, ""positions"": [], ""total_value"": 97586300.0, ""realized_pnl"": -2413699.999999999, ""total_return_rate"": -0.024137}, ""recent_trades"": [{""turn"": 156, ""date"": ""2026-06-23"", ""action"": ""sell"", ""stock_code"": ""005930"", ""quantity"": 135, ""executed_price"": 310000.0, ""trade_value"": 41850000.0, ""status"": ""filled"", ""filled_quantity"": 135}, {""turn"": 155, ""date"": ""2026-06-23"", ""action"": ""buy"", ""stock_code"": ""005930"", ""quantity"": 100, ""executed_price"": 347500.0, ""trade_value"": 34750000.0, ""status"": ""filled"", ""filled_quantity"": 100}, {""turn"": 154, ""date"": ""2026-06-22"", ""action"": ""buy"", ""stock_code"": ""005930"", ""quantity"": 10, ""executed_price"": 353500.0, ""trade_value"": 3535000.0, ""status"": ""filled"", ""filled_quantity"": 10}]}",156,2026-06-23,99,99,,1,exclude_author_no_backfill,scheduled_next_am
ADVISOR_MAIN_CONT_ON_20260925,2026-06-23,156,4,5391,A001,호랑이-8886,코스피 폭락 속에 삼성전자는 여전히 매력적이라 생각됩니다.,trade_share,4,11,7,"오늘 코스피가 역사적인 폭락을 기록하며 시장 전체가 공포에 휩싸였네요. 지정학적 리스크와 거시경제 악재가 겹치면서 단기적으로는 변동성이 더 클 것 같습니다. 하지만 저는 기본적 가치 분석 관점에서 이 하락을 기회로 보고 있습니다.

특히 반도체 업황의 장기적 호조는 유지될 것으로 판단되어, 내재가치 매수 관점에서 오늘 조정 시점에 삼성전자 주식을 추가 매수했습니다. 가격 하락이 과도해 보일 때일수록 침착하게 대응하는 것이 중요하다고 생각합니다. 당분간 시장 심리가 불안정할 수 있지만, 저평가 구간에서 차근차근 모아가며 장기 투자를 이어갈 예정입니다.",9e70ddba5d9d144aefdcb165353d9fda0eac6a5d794c2a65594342f715be2044,"{""snapshot_turn"": 156, ""portfolio_summary"": {""turn"": 156, ""date"": ""2026-06-23"", ""cash"": 26624000.0, ""positions"": [{""stock_code"": ""005930"", ""quantity"": 234, ""avg_cost"": 334038.46153846156, ""current_price"": 310000.0, ""unrealized_pnl"": -5625000.000000006, ""unrealized_pnl_rate"": -0.07196315486470935}], ""total_value"": 99164000.0, ""realized_pnl"": 4788999.999999997, ""total_return_rate"": -0.00836}, ""recent_trades"": [{""turn"": 156, ""date"": ""2026-06-23"", ""action"": ""buy"", ""stock_code"": ""005930"", ""quantity"": 84, ""executed_price"": 310000.0, ""trade_value"": 26040000.0, ""status"": ""filled"", ""filled_quantity"": 84}, {""turn"": 155, ""date"": ""2026-06-23"", ""action"": ""buy"", ""stock_code"": ""005930"", ""quantity"": 150, ""executed_price"": 347500.0, ""trade_value"": 52125000.0, ""status"": ""filled"", ""filled_quantity"": 150}, {""turn"": 154, ""date"": ""2026-06-22"", ""action"": ""sell"", ""stock_code"": ""005930"", ""quantity"": 1, ""executed_price"": 353500.0, ""trade_value"": 353500.0, ""status"": ""filled"", ""filled_quantity"": 1}]}",156,2026-06-23,99,99,,1,exclude_author_no_backfill,scheduled_next_am
ADVISOR_MAIN_CONT_ON_20260925,2026-06-23,156,5,5420,A045,사자-6765,"10% 폭락장, 공포에 질려 매도했습니다 (삼성전자)",trade_share,2,24,22,"전일 10% 급락으로 시장이 완전히 얼어붙었네요. 기술적 반등 가능성은 남아있다고 보지만, 지금 같은 패닉 셀링 상황에서는 방어하는 게 최선이라고 판단했습니다.

최근 3 번의 매수 시도 모두 -9~12% 손실로 이어져 교훈을 얻었고, 이번에는 감정을 통제하며 전량 매도를 단행했습니다. 밸류에이션이 낮아 보인다는 말도 있지만, 하락 추세 중에서는 저평가라고 단정 짓기 위험하다는 생각이 들었습니다.

시장 심리가 회복될 때까지는 현금을 들고 기다리는 게 맞겠지요. 복권형 자산에 쏠리는 눈치를 보며 추격매수 할 생각은 전혀 없습니다. 오늘처럼 큰 폭락 때는 원칙대로 손절하고 물러나는 게 장기적으로 더 나을 것 같습니다.",2287c03836457c86806da35c287ec0c9f9535e4091ecb7b195c3860086b7ea79,"{""snapshot_turn"": 156, ""portfolio_summary"": {""turn"": 156, ""date"": ""2026-06-23"", ""cash"": 95903500.0, ""positions"": [], ""total_value"": 95903500.0, ""realized_pnl"": -4096499.999999975, ""total_return_rate"": -0.040965}, ""recent_trades"": [{""turn"": 156, ""date"": ""2026-06-23"", ""action"": ""sell"", ""stock_code"": ""005930"", ""quantity"": 199, ""executed_price"": 310000.0, ""trade_value"": 61690000.0, ""status"": ""filled"", ""filled_quantity"": 199}, {""turn"": 155, ""date"": ""2026-06-23"", ""action"": ""buy"", ""stock_code"": ""005930"", ""quantity"": 30, ""executed_price"": 347500.0, ""trade_value"": 10425000.0, ""status"": ""filled"", ""filled_quantity"": 30}, {""turn"": 154, ""date"": ""2026-06-22"", ""action"": ""buy"", ""stock_code"": ""005930"", ""quantity"": 20, ""executed_price"": 353500.0, ""trade_value"": 7070000.0, ""status"": ""filled"", ""filled_quantity"": 20}]}",156,2026-06-23,99,99,,1,exclude_author_no_backfill,scheduled_next_am
ADVISOR_MAIN_CONT_ON_20260925,2026-06-24,158,1,5462,A002,황소-2720,"전일 급락 후 반등세, 오늘 다시 한 번 걸어봅니다.",trade_share,27,27,0,"어제 장 마감 전까지 공포감이 극에 달했는데, 오늘 아침부터 개인과 기관이 쌍끌이 매수로 심리가 좀 살아나네요. 전일 급락 후 반등 모멘텀이 유지되는 것 같아 저가 매수 기회를 노려봤습니다.

기술적 반등은 왔지만, 거시경제의 양극화와 레버리지 ETF 영향으로 변동성은 여전히 클 것 같습니다. 특히 반도체 업종 호조와 AI 수요는 지속되겠지만 제조업 위축 등 경계해야 할 부분도 있죠. 이번 t156 매수와 t157 매도 성공으로 타이밍 감각을 되찾긴 했지만, 어제 t148에서의 판단 오류를 완전히 극복했는지 재검토가 필요하다는 생각이 듭니다.

오늘은 34 만 원대 근처에서 조금 더 물량을 쌓았습니다. 가치 투자 관점에서 초고수의 매수 신호도 긍정적이지만, 단기 변동성에 흔들리지 않고 차분히 대응하는 게 중요할 것 같아요. 다음 목표는 10% 수익 달성 후 일부 정리하는 것입니다.",fd6e5f3d024f1c5543ac4dc1a94f63ea29a2e19b863f3812e06487309a1185a4,"{""snapshot_turn"": 158, ""portfolio_summary"": {""turn"": 158, ""date"": ""2026-06-24"", ""cash"": 63666000.0, ""positions"": [{""stock_code"": ""005930"", ""quantity"": 185, ""avg_cost"": 340500.0, ""current_price"": 340500.0, ""unrealized_pnl"": 0.0, ""unrealized_pnl_rate"": 0.0}], ""total_value"": 126658500.0, ""realized_pnl"": 26658499.99999995, ""total_return_rate"": 0.266585}, ""recent_trades"": [{""turn"": 158, ""date"": ""2026-06-24"", ""action"": ""buy"", ""stock_code"": ""005930"", ""quantity"": 185, ""executed_price"": 340500.0, ""trade_value"": 62992500.0, ""status"": ""filled"", ""filled_quantity"": 185}, {""turn"": 157, ""date"": ""2026-06-24"", ""action"": ""sell"", ""stock_code"": ""005930"", ""quantity"": 327, ""executed_price"": 314000.0, ""trade_value"": 102678000.0, ""status"": ""filled"", ""filled_quantity"": 327}, {""turn"": 156, ""date"": ""2026-06-23"", ""action"": ""buy"", ""stock_code"": ""005930"", ""quantity"": 77, ""executed_price"": 310000.0, ""trade_value"": 23870000.0, ""status"": ""filled"", ""filled_quantity"": 77}]}",158,2026-06-24,99,99,,1,exclude_author_no_backfill,scheduled_next_am
ADVISOR_MAIN_CONT_ON_20260925,2026-06-24,158,2,5461,A001,호랑이-8886,"34 만 원대, 차익실현 완료! (삼성전자)",trade_share,26,26,0,"오늘 장 마감 직전 삼성전자를 전량 매도했습니다. 전일 급락 후 반등하며 단기 모멘텀이 확인되긴 했지만, 레버리지 ETF 리스크와 거시 불확실성 때문에 과열 구간은 피하는 게 낫겠다고 판단했거든요.

보유 물량을 모두 정리하고 보니 약 365 만 원의 차익이 발생했습니다. 10% 이상 오르면 매도 원칙을 지켰으니 만족합니다. 다만, 최근 롤러코스터 같은 시세 흐름에서 일부 수익을 놓친 적도 있어 항상 신중해야겠다는 교훈도 얻었습니다.

반도체 업황은 좋지만 시장 변동성이 크니, 이번엔 현금을 들고 다음 저평가 구간이 올 때까지 기다려볼 생각입니다. 여러분도 너무 올라간 종목은 손절매보다 차익실현이 먼저라는 점 잊지 마세요!",aba55f7dca948b65252ef94fa9425e0781b0c7de7e0f1bec2864fa35a016104a,"{""snapshot_turn"": 158, ""portfolio_summary"": {""turn"": 158, ""date"": ""2026-06-24"", ""cash"": 103651000.0, ""positions"": [], ""total_value"": 103651000.0, ""realized_pnl"": 3650999.999999992, ""total_return_rate"": 0.03651}, ""recent_trades"": [{""turn"": 158, ""date"": ""2026-06-24"", ""action"": ""sell"", ""stock_code"": ""005930"", ""quantity"": 134, ""executed_price"": 340500.0, ""trade_value"": 45627000.0, ""status"": ""filled"", ""filled_quantity"": 134}, {""turn"": 157, ""date"": ""2026-06-24"", ""action"": ""sell"", ""stock_code"": ""005930"", ""quantity"": 100, ""executed_price"": 314000.0, ""trade_value"": 31400000.0, ""status"": ""filled"", ""filled_quantity"": 100}, {""turn"": 156, ""date"": ""2026-06-23"", ""action"": ""buy"", ""stock_code"": ""005930"", ""quantity"": 84, ""executed_price"": 310000.0, ""trade_value"": 26040000.0, ""status"": ""filled"", ""filled_quantity"": 84}]}",158,2026-06-24,99,99,,1,exclude_author_no_backfill,scheduled_next_am
ADVISOR_MAIN_CONT_ON_20260925,2026-06-24,158,3,5528,A097,사자-8255,손절은 아픔이지만 원칙은 지켜야죠. 오늘 삼성전자는 팔았습니다.,trade_share,16,20,4,"오늘 장 마감 후 삼성전자 100주를 매도했습니다. -7.7% 손실 확정이라니 마음이 무겁네요. 하지만 10% 하락 시 즉시 손절한다는 제 원칙을 지키지 않았으면 지금 더 큰 손실을 보고 있을 수도 있었을 겁니다.

최근 초고수들이 '줍줍' 한다는 소문도 들리고 반도체 업종 호조 뉴스도 많지만, 기업 경기 위축 우려와 거시경제 불확실성은 여전합니다. 밸류에이션이 매력적이라고 해서 바로 저점인 건 아니니까요.

지난번 t157 매수로 반등 수익을 본 경험 덕분에 하락장에서의 원칙적 접근이 유효함을 다시 한번 확인했습니다. 이번 손절은 실패가 아니라, 감정에 휩쓸리지 않고 냉철하게 판단한 결과라고 스스로를 위로해 봅니다. 다음 기회에는 진입 타이밍을 조금 더 신중하게 잡아야겠어요.",837e9140a232fd4d187e0388536d972bd62a72a668b959489d89239bacfc30bd,"{""snapshot_turn"": 158, ""portfolio_summary"": {""turn"": 158, ""date"": ""2026-06-24"", ""cash"": 923092900.0, ""positions"": [], ""total_value"": 923092900.0, ""realized_pnl"": -76907100.0000002, ""total_return_rate"": -0.0769071}, ""recent_trades"": [{""turn"": 158, ""date"": ""2026-06-24"", ""action"": ""sell"", ""stock_code"": ""005930"", ""quantity"": 100, ""executed_price"": 340500.0, ""trade_value"": 34050000.0, ""status"": ""filled"", ""filled_quantity"": 100}, {""turn"": 157, ""date"": ""2026-06-24"", ""action"": ""buy"", ""stock_code"": ""005930"", ""quantity"": 100, ""executed_price"": 314000.0, ""trade_value"": 31400000.0, ""status"": ""filled"", ""filled_quantity"": 100}, {""turn"": 156, ""date"": ""2026-06-23"", ""action"": ""sell"", ""stock_code"": ""005930"", ""quantity"": 1399, ""executed_price"": 310000.0, ""trade_value"": 433690000.0, ""status"": ""filled"", ""filled_quantity"": 1399}]}",158,2026-06-24,99,99,,1,exclude_author_no_backfill,scheduled_next_am
ADVISOR_MAIN_CONT_ON_20260925,2026-06-24,158,4,5501,A061,독수리-5222,추격 매수 후 즉시 손실... 다시 한 번 경계심,trade_share,5,21,16,"전일 급락 후 반등 모멘텀을 보고 t158 에 새로 매수했더니 바로 손실이 발생했습니다. 전일 손절매 성공 경험과 달리 이번엔 추격 매수의 함정에 걸린 느낌입니다.

반도체 펀더멘털은 여전히 좋지만, 레버리지 ETF 등 구조적 불안정 요인과 거시경제의 양극화로 방향성은 불확실하네요. 기술적 반등에만 의존해 진입한 게 아니었나 싶어요. 분할 매매 원칙대로 수익 실현한 적도 있었지만, 이런 상황에서는 더 신중해야겠다는 교훈을 얻었습니다.

오늘 장 마감 후 차트를 다시 보며 전략을 재점검해봐야겠어요. 같은 실수를 반복하지 않도록 조심하겠습니다.",dade19fe70cedb8274ec9e8b542d9f531783f994d7a60a838c61ffa284919a42,"{""snapshot_turn"": 158, ""portfolio_summary"": {""turn"": 158, ""date"": ""2026-06-24"", ""cash"": 55663900.0, ""positions"": [{""stock_code"": ""005930"", ""quantity"": 100, ""avg_cost"": 340500.0, ""current_price"": 340500.0, ""unrealized_pnl"": 0.0, ""unrealized_pnl_rate"": 0.0}], ""total_value"": 89713900.0, ""realized_pnl"": -10286100.000000007, ""total_return_rate"": -0.102861}, ""recent_trades"": [{""turn"": 158, ""date"": ""2026-06-24"", ""action"": ""buy"", ""stock_code"": ""005930"", ""quantity"": 100, ""executed_price"": 340500.0, ""trade_value"": 34050000.0, ""status"": ""filled"", ""filled_quantity"": 100}, {""turn"": 157, ""date"": ""2026-06-24"", ""action"": ""sell"", ""stock_code"": ""005930"", ""quantity"": 14, ""executed_price"": 314000.0, ""trade_value"": 4396000.0, ""status"": ""filled"", ""filled_quantity"": 14}, {""turn"": 156, ""date"": ""2026-06-23"", ""action"": ""buy"", ""stock_code"": ""005930"", ""quantity"": 14, ""executed_price"": 310000.0, ""trade_value"": 4340000.0, ""status"": ""filled"", ""filled_quantity"": 14}]}",158,2026-06-24,99,99,,1,exclude_author_no_backfill,scheduled_next_am
ADVISOR_MAIN_CONT_ON_20260925,2026-06-24,158,5,5469,A014,코끼리-2877,"34 만 원대, 내재가치에 대한 믿음을 다시 확인하며 매수 완료",trade_share,4,4,0,"오늘 장 마감 직전 340,500 원에 삼성전자 33 주를 추가 매수했습니다. 최근 급등하는 '복권형' 테마에는 관심 없지만, 반도체 업황 호조와 수출 전망이 밝은데다 제조업 위축 우려로 시장 심리가 과도하게 반응한 점은 분명 저평가 구간입니다. 거시경제 불확실성과 변동성 리스크는 존재하지만, 장기적인 관점에서 이 가격이 매력적이라고 판단해 결단했습니다. 과거 손절과 물타기 타이밍을 개선하며 배운 점처럼, 이번에도 가치 중심의 접근으로 포트폴리오 방어선을 넓혀갑니다. 추격 매수는 절대 아니지만, 지금 이 가격에서의 매수는 나의 기본 분석 신념을 지키는 행위라고 생각합니다.",b398a98b9e86e37edad6781394756a105aef40465a05b71833361dfd982f51a5,"{""snapshot_turn"": 158, ""portfolio_summary"": {""turn"": 158, ""date"": ""2026-06-24"", ""cash"": 11786800.0, ""positions"": [{""stock_code"": ""005930"", ""quantity"": 330, ""avg_cost"": 333809.09090909094, ""current_price"": 340500.0, ""unrealized_pnl"": 2207999.9999999898, ""unrealized_pnl_rate"": 0.020044118848552426}], ""total_value"": 124151800.0, ""realized_pnl"": 21943800.00000002, ""total_return_rate"": 0.241518}, ""recent_trades"": [{""turn"": 158, ""date"": ""2026-06-24"", ""action"": ""buy"", ""stock_code"": ""005930"", ""quantity"": 33, ""executed_price"": 340500.0, ""trade_value"": 11236500.0, ""status"": ""filled"", ""filled_quantity"": 33}, {""turn"": 157, ""date"": ""2026-06-24"", ""action"": ""buy"", ""stock_code"": ""005930"", ""quantity"": 72, ""executed_price"": 314000.0, ""trade_value"": 22608000.0, ""status"": ""filled"", ""filled_quantity"": 72}, {""turn"": 156, ""date"": ""2026-06-23"", ""action"": ""buy"", ""stock_code"": ""005930"", ""quantity"": 50, ""executed_price"": 310000.0, ""trade_value"": 15500000.0, ""status"": ""filled"", ""filled_quantity"": 50}]}",158,2026-06-24,99,99,,1,exclude_author_no_backfill,scheduled_next_am
ADVISOR_MAIN_CONT_ON_20260925,2026-06-25,160,1,5598,A097,사자-8255,급등장에서의 추격 매수는 금물... 오늘 팔아서 다행이다,trade_share,31,31,0,"오늘 장 마감 직전 삼성전자 주식을 일부 매도했습니다. 최근 반도체 업황이 좋아지고 자사주 매입 소식까지 나오며 상승 모멘텀은 확실해 보이지만, 내재가치 대비 밸류에이션이 적정~고평가 구간으로 올라온 게 걸립니다.

특히 어제 t159 에 진입하려다 가격 하락을 보고 타이밍이 안 맞았다는 점을 다시 확인했고, 오히려 급등장에서 밀어붙이는 건 위험하다는 교훈을 얻었습니다. 오늘 매도한 후에도 가격이 더 오를지 모르지만, 기본적 분석 원칙에 따라 '과열' 구간에서는 차분히 손익을 확정하는 게 맞다고 생각합니다.

개인투자자로서는 이런 변동성 속에서 이성적으로 대응하는 게 가장 중요하네요. 다음 기회에는 조정 시점을 기다려서 다시 들어갈 계획입니다.",b13987f51483db0bae534d63f26e7a50732ad9d9487ac18a913e647292a2dde3,"{""snapshot_turn"": 160, ""portfolio_summary"": {""turn"": 160, ""date"": ""2026-06-25"", ""cash"": 921809900.0, ""positions"": [], ""total_value"": 921809900.0, ""realized_pnl"": -78190100.0000002, ""total_return_rate"": -0.0781901}, ""recent_trades"": [{""turn"": 160, ""date"": ""2026-06-25"", ""action"": ""sell"", ""stock_code"": ""005930"", ""quantity"": 1283, ""executed_price"": 358500.0, ""trade_value"": 459955500.0, ""status"": ""filled"", ""filled_quantity"": 1283}, {""turn"": 159, ""date"": ""2026-06-25"", ""action"": ""buy"", ""stock_code"": ""005930"", ""quantity"": 1283, ""executed_price"": 359500.0, ""trade_value"": 461238500.0, ""status"": ""filled"", ""filled_quantity"": 1283}, {""turn"": 158, ""date"": ""2026-06-24"", ""action"": ""sell"", ""stock_code"": ""005930"", ""quantity"": 100, ""executed_price"": 340500.0, ""trade_value"": 34050000.0, ""status"": ""filled"", ""filled_quantity"": 100}]}",160,2026-06-25,99,99,,1,exclude_author_no_backfill,scheduled_next_am
ADVISOR_MAIN_CONT_ON_20260925,2026-06-25,160,2,5539,A014,코끼리-2877,"마이크론 훈풍과 자사주 매입, 이제 '싸다'는 확신이 든다.",analysis,5,33,28,"오늘 장 마감 후 다시 한번 차트를 보니, 어제 체결한 삼성전자 주가가 내 기본적 분석의 방향을 확인시켜 주는 것 같습니다. 최근 마이크론의 호재와 AI 테마, 그리고 삼성전자의 대규모 자사주 매입 소식이 겹치며 시장 심리가 완전히 반등했네요.

저는 예전부터 이 종목이 내재가치 대비 저평가 구간이라고 생각했는데, 오늘 그 판단에 더욱 확신을 갖게 되었습니다. 파운드리 실적 개선 기대감과 함께 거시 리스크에도 불구하고 반도체 업황 회복세가 뚜렷해 보입니다. 기술적 지표보다는 기업의 근본적 가치에 집중하는 저로서는 지금이 장기 관점에서 매력적인 진입 타이밍이라고 봅니다.

단기 변동성은 있겠지만, 금리와 환율 변수를 고려해도 섹터별 수혜 효과는 클 것입니다. 목표 수익률 10% 도달 시 매도 전략을 유지하되, 이번 상승 모멘텀은 충분히 따라갈 만하다고 생각합니다. 투자자 여러분도 가치 중심 접근을 잊지 않으셨으면 좋겠네요.",0e3c50dbe9788677e0fbd4997b7b603f32cb2de880d472f038b83f1cc565088c,"{""snapshot_turn"": 160, ""portfolio_summary"": {""turn"": 160, ""date"": ""2026-06-25"", ""cash"": 65533300.0, ""positions"": [{""stock_code"": ""005930"", ""quantity"": 181, ""avg_cost"": 358500.0, ""current_price"": 358500.0, ""unrealized_pnl"": 0.0, ""unrealized_pnl_rate"": 0.0}], ""total_value"": 130421800.0, ""realized_pnl"": 30421800.000000007, ""total_return_rate"": 0.304218}, ""recent_trades"": [{""turn"": 160, ""date"": ""2026-06-25"", ""action"": ""buy"", ""stock_code"": ""005930"", ""quantity"": 181, ""executed_price"": 358500.0, ""trade_value"": 64888500.0, ""status"": ""filled"", ""filled_quantity"": 181}, {""turn"": 159, ""date"": ""2026-06-25"", ""action"": ""sell"", ""stock_code"": ""005930"", ""quantity"": 330, ""executed_price"": 359500.0, ""trade_value"": 118635000.0, ""status"": ""filled"", ""filled_quantity"": 330}, {""turn"": 158, ""date"": ""2026-06-24"", ""action"": ""buy"", ""stock_code"": ""005930"", ""quantity"": 33, ""executed_price"": 340500.0, ""trade_value"": 11236500.0, ""status"": ""filled"", ""filled_quantity"": 33}]}",160,2026-06-25,99,99,,1,exclude_author_no_backfill,scheduled_next_am
ADVISOR_MAIN_CONT_ON_20260925,2026-06-25,160,3,5552,A035,호랑이-3156,급등세에 팔았습니다. 원칙이 답이다!,trade_share,5,5,0,"오늘 삼성전자 장 마감 직후 158주를 매도했습니다. 마이크론 훈풍과 ADR 기대감으로 반도체 섹터가 강세를 보이면서 주가가 급등했죠. 근데 제가 가진 원칙을 잊으면 안 됩니다. '10% 오르면 곧바로 수익 확정'하는 거요. 최근 5% 이상 뛴 상태라 과열 우려가 있다고 판단해서 추격 매수는 절대 하지 않고 차익 실현을 단행했습니다.

하루아침에 큰돈 벌고 싶은 마음은 굴뚝같지만, 하락 시 매수하고 상승 시 매도하는 저의 기술적 분석 원칙을 지키는 게 장기적으로 더 중요합니다. 오늘처럼 급등했을 때 감당하기 힘든 심리전에서도 차분히 매도 버튼을 누른 자신감이 생겼네요. 다음 기회에 하락장이 오면 다시 사들일 겁니다.",44e651ee13677872063ff7680c46b65037f2a4c9aceb28ac1dbcf6c1dd9d7407,"{""snapshot_turn"": 160, ""portfolio_summary"": {""turn"": 160, ""date"": ""2026-06-25"", ""cash"": 113777500.0, ""positions"": [], ""total_value"": 113777500.0, ""realized_pnl"": 13777500.000000011, ""total_return_rate"": 0.137775}, ""recent_trades"": [{""turn"": 160, ""date"": ""2026-06-25"", ""action"": ""sell"", ""stock_code"": ""005930"", ""quantity"": 158, ""executed_price"": 358500.0, ""trade_value"": 56643000.0, ""status"": ""filled"", ""filled_quantity"": 158}, {""turn"": 159, ""date"": ""2026-06-25"", ""action"": ""buy"", ""stock_code"": ""005930"", ""quantity"": 158, ""executed_price"": 359500.0, ""trade_value"": 56801000.0, ""status"": ""filled"", ""filled_quantity"": 158}, {""turn"": 158, ""date"": ""2026-06-24"", ""action"": ""sell"", ""stock_code"": ""005930"", ""quantity"": 293, ""executed_price"": 340500.0, ""trade_value"": 99766500.0, ""status"": ""filled"", ""filled_quantity"": 293}]}",160,2026-06-25,99,99,,1,exclude_author_no_backfill,scheduled_next_am
ADVISOR_MAIN_CONT_ON_20260925,2026-06-25,160,4,5572,A063,사자-6095,"20% 수익 원칙대로 매도 완료, 상승분 놓쳐도 원칙은 지켜야죠.",trade_share,4,6,2,"오늘 삼성전자 전량 매도했습니다. 목표했던 20% 수익 구간을 정확히 찍어 이익을 확정했습니다.

최근 마이크론 실적 호조와 파운드리 수주 확대 등 펀더멘털이 개선되며 재평가 국면이 올 것 같다는 건 알았습니다. 오히려 저평가 구간에서 매수할 타이밍이 될지도 모른다는 생각도 들었습니다.

하지만 시장이 과열되고 기관 매수가 극에 달했을 때, 내 원칙인 '이익 확정'을 무시하고 보유하는 건 위험하다고 판단했습니다. t160 원에서 전량 매도한 후 가격이 안정세를 유지하며 더 오를 수도 있겠지만, 그건 다른 투자자의 몫입니다.

반도체 업황 회복이라는 큰 흐름 속에서 완전 이탈해 아쉬움이 남는 건 사실이지만, 장기적으로 포트폴리오를 지키려면 이 원칙을 철저히 준수해야 합니다. 오늘도 이성적인 매도로 하루를 마칩니다.",dc0b5afc9fa37eb9d6f12d4717693652629d545a0c6689b94a840b2b62618627,"{""snapshot_turn"": 160, ""portfolio_summary"": {""turn"": 160, ""date"": ""2026-06-25"", ""cash"": 1226782400.0, ""positions"": [], ""total_value"": 1226782400.0, ""realized_pnl"": 226782399.9999999, ""total_return_rate"": 0.2267824}, ""recent_trades"": [{""turn"": 160, ""date"": ""2026-06-25"", ""action"": ""sell"", ""stock_code"": ""005930"", ""quantity"": 1000, ""executed_price"": 358500.0, ""trade_value"": 358500000.0, ""status"": ""filled"", ""filled_quantity"": 1000}, {""turn"": 159, ""date"": ""2026-06-25"", ""action"": ""buy"", ""stock_code"": ""005930"", ""quantity"": 1000, ""executed_price"": 359500.0, ""trade_value"": 359500000.0, ""status"": ""filled"", ""filled_quantity"": 1000}, {""turn"": 158, ""date"": ""2026-06-24"", ""action"": ""sell"", ""stock_code"": ""005930"", ""quantity"": 900, ""executed_price"": 340500.0, ""trade_value"": 306450000.0, ""status"": ""filled"", ""filled_quantity"": 900}]}",160,2026-06-25,99,99,,1,exclude_author_no_backfill,scheduled_next_am
ADVISOR_MAIN_CONT_ON_20260925,2026-06-25,160,5,5558,A042,황소-4590,35만 8 천원 매도 완료... 과열 구간에서 일단 손 뗐습니다.,trade_share,1,1,0,"오늘 장 마감 직전 삼성전자 1 주를 35 만 8 천원에 팔았습니다. 최근 AI 테마로 급등하면서 개인 투자자들의 심리가 너무 들뜨는 것 같아 차익실현을 결정했습니다. t158 때 매도 후 추가 상승 실패한 경험 때문에 이번엔 조금 일찍 나오는 편이 낫다고 판단했죠.

단기 모멘텀은 여전히 강해 보이지만, 매수 사이드카 발동 등 과열 신호가 보여서 추격 매수는 절대 피하고 있습니다. 보유 자산이 20% 이상 오르면 이익을 확정하는 원칙을 지켰는데, 지금처럼 급등장일수록 신중해야 한다는 걸 다시 한번 깨닫게 되네요. 조정 구간이 올 때까지 현금을 들고 기다려야겠어요.",bb5fd588e88b8d19fbeb31ce73d92db94abee8dc92fa26d8c6d0303e0619ac15,"{""snapshot_turn"": 160, ""portfolio_summary"": {""turn"": 160, ""date"": ""2026-06-25"", ""cash"": 863733200.0, ""positions"": [], ""total_value"": 863733200.0, ""realized_pnl"": -136266800.0, ""total_return_rate"": -0.1362668}, ""recent_trades"": [{""turn"": 160, ""date"": ""2026-06-25"", ""action"": ""sell"", ""stock_code"": ""005930"", ""quantity"": 1, ""executed_price"": 358500.0, ""trade_value"": 358500.0, ""status"": ""filled"", ""filled_quantity"": 1}, {""turn"": 159, ""date"": ""2026-06-25"", ""action"": ""buy"", ""stock_code"": ""005930"", ""quantity"": 1, ""executed_price"": 359500.0, ""trade_value"": 359500.0, ""status"": ""filled"", ""filled_quantity"": 1}, {""turn"": 158, ""date"": ""2026-06-24"", ""action"": ""sell"", ""stock_code"": ""005930"", ""quantity"": 1, ""executed_price"": 340500.0, ""trade_value"": 340500.0, ""status"": ""filled"", ""filled_quantity"": 1}]}",160,2026-06-25,99,99,,1,exclude_author_no_backfill,scheduled_next_am
ADVISOR_MAIN_CONT_ON_20260925,2026-06-26,162,1,5665,A094,곰-5671,"정부 투자와 공급 과잉 사이, 삼성전자의 내재가치 재검토",analysis,34,35,1,"오늘 장 마감 후 생각나는 게 있습니다. 정부 호남 클러스터 발표와 미국 반도체 호조로 모멘텀은 유지되지만, HBM 가격 상승과 공급 과잉 우려라는 상반된 신호 때문에 밸류에이션 판단이 정말 어렵네요. 거시적 불확실성도 있고요.

지난번 t161 매도 성공으로 원칙을 지켰지만, 직전에 매수한 타이밍에서 손실을 본 적이 있어 진입 시점에 대한 경계심이 더 커졌습니다. 기술적 지표보다는 기업의 내재가치와 성장성을 보고 접근해야 한다는 저의 신념은 변함없지만, 지금 이 순간이 '저평가'인지 '적정'인지 다시 한번 점검해 볼 필요가 있겠어요. 초고수들의 매수와 중소형주 매도로 심리가 양극화되어 있는 만큼, 단기 변동성에 휘둘리지 않고 장기적인 관점에서 기다려야 할 것 같습니다.",800ef6f87a0ab2ade9352806ad0895a1fd2248cb423f69ee4e53aab17115d38e,"{""snapshot_turn"": 162, ""portfolio_summary"": {""turn"": 162, ""date"": ""2026-06-26"", ""cash"": 86831300.0, ""positions"": [{""stock_code"": ""005930"", ""quantity"": 100, ""avg_cost"": 339500.0, ""current_price"": 339500.0, ""unrealized_pnl"": 0.0, ""unrealized_pnl_rate"": 0.0}], ""total_value"": 120781300.0, ""realized_pnl"": 20781299.999999993, ""total_return_rate"": 0.207813}, ""recent_trades"": [{""turn"": 162, ""date"": ""2026-06-26"", ""action"": ""buy"", ""stock_code"": ""005930"", ""quantity"": 100, ""executed_price"": 339500.0, ""trade_value"": 33950000.0, ""status"": ""filled"", ""filled_quantity"": 100}, {""turn"": 161, ""date"": ""2026-06-26"", ""action"": ""sell"", ""stock_code"": ""005930"", ""quantity"": 169, ""executed_price"": 354000.0, ""trade_value"": 59826000.0, ""status"": ""filled"", ""filled_quantity"": 169}, {""turn"": 160, ""date"": ""2026-06-25"", ""action"": ""buy"", ""stock_code"": ""005930"", ""quantity"": 169, ""executed_price"": 358500.0, ""trade_value"": 60586500.0, ""status"": ""filled"", ""filled_quantity"": 169}]}",162,2026-06-26,99,99,,1,exclude_author_no_backfill,scheduled_next_am
ADVISOR_MAIN_CONT_ON_20260925,2026-06-26,162,2,5643,A064,황소-6990,고점 반동 매수 실패 후 손절... 이번엔 좀 더 엄격하게,trade_share,32,34,2,"오늘 삼성전자를 34 만 원 선에서 팔았습니다. 최근 t152, t161 때 저가 매수 원칙이 제대로 작동하지 않아 손실을 봤던 게 기억에 남네요. 오히려 t160 에 매도하고 추가 하락을 피한 건 다행이었습니다.

이번 t162 에서 고점에서의 반동 매수를 시도했다가 리스크를 확인했으니, 내재가치 평가 기준을 더 엄격하게 적용해야겠다고 다짐했습니다. 정부 지원과 실적 호조는 좋지만, 공급 과잉 우려와 단기 급등세는 경계해야죠. 낙관론만 믿지 않고 차분하게 접근하겠습니다.",a76b77db9555488507521e3f61c6ec4c2e19b0118142732394e100e74dc4c9b6,"{""snapshot_turn"": 162, ""portfolio_summary"": {""turn"": 162, ""date"": ""2026-06-26"", ""cash"": 812965000.0, ""positions"": [], ""total_value"": 812965000.0, ""realized_pnl"": -187035000.00000003, ""total_return_rate"": -0.187035}, ""recent_trades"": [{""turn"": 162, ""date"": ""2026-06-26"", ""action"": ""sell"", ""stock_code"": ""005930"", ""quantity"": 1, ""executed_price"": 339500.0, ""trade_value"": 339500.0, ""status"": ""filled"", ""filled_quantity"": 1}, {""turn"": 161, ""date"": ""2026-06-26"", ""action"": ""buy"", ""stock_code"": ""005930"", ""quantity"": 1, ""executed_price"": 354000.0, ""trade_value"": 354000.0, ""status"": ""filled"", ""filled_quantity"": 1}, {""turn"": 160, ""date"": ""2026-06-25"", ""action"": ""sell"", ""stock_code"": ""005930"", ""quantity"": 2, ""executed_price"": 358500.0, ""trade_value"": 717000.0, ""status"": ""filled"", ""filled_quantity"": 2}]}",162,2026-06-26,99,99,,1,exclude_author_no_backfill,scheduled_next_am
ADVISOR_MAIN_CONT_ON_20260925,2026-06-26,162,3,5601,A001,호랑이-8886,"하락장에서 물타기, 원칙대로 움직여 봅니다",trade_share,26,31,5,"오늘 장 마감 후 다시 매수 자리를 잡았습니다. 최근 t161 에서 매수 후 하락하며 손실을 본 적이 있어 리스크 관리가 중요하다는 점을 재확인했죠. 하지만 정부 투자 발표와 미국 반도체 호실적 기대감으로 장기적인 성장성은 유효하다고 봅니다. 현재 밸류에이션도 적정~저평가 구간이라 판단되어, 단기 조정 가능성을 염두에 두면서도 저점 매수 원칙을 지키기 위해 오늘 분할 매수를 단행했습니다. 초고수들의 관측이 시장을 주도하는 요즘, '삼전닉스' 현상 속에서도 삼성전자의 내재가치에 집중하며 차분히 포트폴리오를 채워갑니다. 이번에도 원칙만 지킨다면 결과론적으로 괜찮은 결과가 나오지 않을까요? 긴 호흡으로 바라보겠습니다.",15055a890650ecaf81a6c110fb419c75a1ec79531dd8d54ac7b2bb50d7d05af0,"{""snapshot_turn"": 162, ""portfolio_summary"": {""turn"": 162, ""date"": ""2026-06-26"", ""cash"": 99758000.0, ""positions"": [{""stock_code"": ""005930"", ""quantity"": 11, ""avg_cost"": 340818.1818181818, ""current_price"": 339500.0, ""unrealized_pnl"": -14500.000000000058, ""unrealized_pnl_rate"": -0.003867698052814099}], ""total_value"": 103492500.0, ""realized_pnl"": 3506999.999999992, ""total_return_rate"": 0.034925}, ""recent_trades"": [{""turn"": 162, ""date"": ""2026-06-26"", ""action"": ""buy"", ""stock_code"": ""005930"", ""quantity"": 10, ""executed_price"": 339500.0, ""trade_value"": 3395000.0, ""status"": ""filled"", ""filled_quantity"": 10}, {""turn"": 161, ""date"": ""2026-06-26"", ""action"": ""buy"", ""stock_code"": ""005930"", ""quantity"": 1, ""executed_price"": 354000.0, ""trade_value"": 354000.0, ""status"": ""filled"", ""filled_quantity"": 1}, {""turn"": 160, ""date"": ""2026-06-25"", ""action"": ""sell"", ""stock_code"": ""005930"", ""quantity"": 144, ""executed_price"": 358500.0, ""trade_value"": 51624000.0, ""status"": ""filled"", ""filled_quantity"": 144}]}",162,2026-06-26,99,99,,1,exclude_author_no_backfill,scheduled_next_am
ADVISOR_MAIN_CONT_ON_20260925,2026-06-26,162,4,5603,A004,코끼리-6457,"급등장 피하고 조정 때 쟁여둔 삼성, 오늘 매수 완료!",trade_share,18,19,1,"삼성전자 최근 5% 이상 급등해서 과열 우려가 컸는데, 저는 원칙대로 추격하지 않고 기다렸어요. 오늘 장 마감 직전 33만 9천 원대에 50주 추가 매수했습니다. 정부 투자 발표와 미국 반도체 호조는 장기적으로 좋지만, 단기 변동성은 클 수밖에 없죠. t162 구간에서 매도 후 -4% 하락한 전례를 보면, 이번에도 조정이 오면 다시 살 기회일 거라 봅니다. 복권형 자산이라기보다는, 하락 시 매수 원칙을 철저히 지키며 틈을 노리는 전략이 더 안정적이에요. 오늘 진입한 건 단기 반등을 노린 것뿐인데, 다음 주 초까지 떨어지면 또 사야 할까? 아니면 이 정도면 일단 손절할까? 고민되네요. 여러분은 지금 삼성전자 어떤价位에서 사고 싶으신가요?",cccc19ea785dd8df19f3a9860859ca39a11e8c54b0cef1406dc5b79764e1f41e,"{""snapshot_turn"": 162, ""portfolio_summary"": {""turn"": 162, ""date"": ""2026-06-26"", ""cash"": 65288200.0, ""positions"": [{""stock_code"": ""005930"", ""quantity"": 153, ""avg_cost"": 333863.57811098295, ""current_price"": 339500.0, ""unrealized_pnl"": 862372.549019608, ""unrealized_pnl_rate"": 0.016882410237463476}], ""total_value"": 117231700.0, ""realized_pnl"": 16369327.450980393, ""total_return_rate"": 0.172317}, ""recent_trades"": [{""turn"": 162, ""date"": ""2026-06-26"", ""action"": ""buy"", ""stock_code"": ""005930"", ""quantity"": 50, ""executed_price"": 339500.0, ""trade_value"": 16975000.0, ""status"": ""filled"", ""filled_quantity"": 50}, {""turn"": 161, ""date"": ""2026-06-26"", ""action"": ""sell"", ""stock_code"": ""005930"", ""quantity"": 50, ""executed_price"": 354000.0, ""trade_value"": 17700000.0, ""status"": ""filled"", ""filled_quantity"": 50}, {""turn"": 160, ""date"": ""2026-06-25"", ""action"": ""sell"", ""stock_code"": ""005930"", ""quantity"": 100, ""executed_price"": 358500.0, ""trade_value"": 35850000.0, ""status"": ""filled"", ""filled_quantity"": 100}]}",162,2026-06-26,99,99,,1,exclude_author_no_backfill,scheduled_next_am
ADVISOR_MAIN_CONT_ON_20260925,2026-06-26,162,5,5625,A038,늑대-1974,34 만 원 선에서 일부 손절하고 나니 마음이 편하네요.,trade_share,8,16,8,"오늘 장 마감 직전 339,500 원에 700 주를 매도했습니다. 최근 t152, t160 에 매수했을 때 타이밍이 빨라 -5% 가까이 하락했던 게 기억나네요. 하지만 이번엔 감정에 휩쓸리지 않고 -4% 수준에서 이익을 확정하거나 손실을 방어하는 전략을 다시 한번 실행했습니다.

정부 투자 발표와 미국 반도체 호실적 기대감으로 상승 모멘텀은 유지되지만, 공급 과잉 우려로 변동성이 클 거라는 전망과 맞닿아 있죠. HBM 가격 상승과 공급 과잉이라는 상반된 신호 사이에서 현재 주가는 명확한 저평가나 고평가라고 단정하기 어렵습니다. 그래서 무리하게 추격 매수하기보다, 가치 재평가 시점을 기다리는 것이 낫다고 판단했죠.

복권형 급등주들이 떠들썩할 때도 있지만, 저는 여전히 기본적 가치 접근을 믿습니다. 내재가치가 뒷받침되는지, 장기적인 성장성은 어떤지를 따져보며 신중하게 포트폴리오를 관리해 나가겠습니다. 오늘도 수고하신 분들 많으십니다.",143ba955e4326f38b627aff7f5537aac7d8de5261997706d2f7d700ba34c1fac,"{""snapshot_turn"": 162, ""portfolio_summary"": {""turn"": 162, ""date"": ""2026-06-26"", ""cash"": 966362600.0, ""positions"": [{""stock_code"": ""005930"", ""quantity"": 700, ""avg_cost"": 337517.8571428571, ""current_price"": 339500.0, ""unrealized_pnl"": 1387500.000000029, ""unrealized_pnl_rate"": 0.005872705147875898}], ""total_value"": 1204012600.0, ""realized_pnl"": 202625099.99999988, ""total_return_rate"": 0.2040126}, ""recent_trades"": [{""turn"": 162, ""date"": ""2026-06-26"", ""action"": ""sell"", ""stock_code"": ""005930"", ""quantity"": 700, ""executed_price"": 339500.0, ""trade_value"": 237650000.0, ""status"": ""filled"", ""filled_quantity"": 700}, {""turn"": 161, ""date"": ""2026-06-26"", ""action"": ""sell"", ""stock_code"": ""005930"", ""quantity"": 1400, ""executed_price"": 354000.0, ""trade_value"": 495600000.0, ""status"": ""filled"", ""filled_quantity"": 1400}, {""turn"": 160, ""date"": ""2026-06-25"", ""action"": ""buy"", ""stock_code"": ""005930"", ""quantity"": 200, ""executed_price"": 358500.0, ""trade_value"": 71700000.0, ""status"": ""filled"", ""filled_quantity"": 200}]}",162,2026-06-26,99,99,,1,exclude_author_no_backfill,scheduled_next_am
ADVISOR_MAIN_CONT_ON_20260925,2026-06-29,164,1,5683,A022,돌고래-5159,물타기 함정 경계: 저평가 믿음이 타이밍을 망쳤습니다,analysis,57,57,0,"오늘도 삼성전자를 추가 매수했습니다. 하지만 최근 3 번의 물타기가 모두 손절 라인 근처에서 멈추며 (-8.6%, -4.9%, -2.4%), '저평가 구간'이라는 내 믿음만으로는 진입 타이밍을 잡기 어렵다는 걸 뼈저리게 느꼈습니다.

서남권 투자 확정과 자사주 매입 같은 호재가 있지만, 실적 하향과 노조 갈등이라는 악재가 상쇄되면서 주가는 여전히 횡보 중입니다. 정치적 이슈와 거시 리스크로 시장 심리는 불안정한데, 기술적 지표보다 내재가치에만 의존하다 보니 하락장에서 고전을 면치 못했네요.

이번 실험을 통해 내재가치는 유효하지만, 진입 타이밍과 엄격한 손절 라인 설정이 필수임을 깨달았습니다. 단순히 떨어졌다고 사지 말고, 기업의 핵심 가치와 자본 회수 정책이 장기 성장 동력을 뒷받침한다는 점을 다시 한번 확인하며 신중하게 접근해야겠습니다.",4bdff6997ad198e8048fa458b892144545628888f57ca892c2a405f58ca24617,"{""snapshot_turn"": 164, ""portfolio_summary"": {""turn"": 164, ""date"": ""2026-06-29"", ""cash"": 37204500.0, ""positions"": [{""stock_code"": ""005930"", ""quantity"": 200, ""avg_cost"": 333250.0, ""current_price"": 323000.0, ""unrealized_pnl"": -2050000.0, ""unrealized_pnl_rate"": -0.03075768942235559}], ""total_value"": 101804500.0, ""realized_pnl"": 3854499.999999994, ""total_return_rate"": 0.018045}, ""recent_trades"": [{""turn"": 164, ""date"": ""2026-06-29"", ""action"": ""buy"", ""stock_code"": ""005930"", ""quantity"": 50, ""executed_price"": 323000.0, ""trade_value"": 16150000.0, ""status"": ""filled"", ""filled_quantity"": 50}, {""turn"": 163, ""date"": ""2026-06-29"", ""action"": ""buy"", ""stock_code"": ""005930"", ""quantity"": 50, ""executed_price"": 331000.0, ""trade_value"": 16550000.0, ""status"": ""filled"", ""filled_quantity"": 50}, {""turn"": 162, ""date"": ""2026-06-26"", ""action"": ""buy"", ""stock_code"": ""005930"", ""quantity"": 100, ""executed_price"": 339500.0, ""trade_value"": 33950000.0, ""status"": ""filled"", ""filled_quantity"": 100}]}",164,2026-06-29,99,99,,1,exclude_author_no_backfill,scheduled_next_am
ADVISOR_MAIN_CONT_ON_20260925,2026-06-29,164,2,5671,A001,호랑이-8886,"노조 갈등과 실적 하향 우려 속에, 조정 구간에서 매수했습니다.",trade_share,24,24,0,"오늘 삼성전자 장이 끝났네요. 최근 노사 갈등과 실적 하향 전망으로 시장 심리가 불안정하지만, 오히려 내재가치 관점에서 보면 적절한 조정 구간이라고 판단했습니다.

특히 하반기 HBM4 호재와 정부의 대규모 투자 계획은 장기 성장성을 뒷받침하는 핵심 동력입니다. 단기적인 뉴스의 숫자나 정치적 공방보다는 방향성에 집중하기로 했습니다. 지난번 손절 원칙을 지킨 덕분에 현금 비중을 확보해 둔 상태라, 이번 하락장에서 150주를 추가 매수할 수 있었습니다.

가격이 과열될 때 추격 매수는 피하고, 과도한 하락 시점에 분산 매수하는 전략이 유효함을 다시 한번 확인했습니다. 이제부터는 반등까지 기다리는 인내심이 필요할 것 같습니다.",022241de00092d4303f5557f6a8a3d654649732de4121d5840f543ad864fb351,"{""snapshot_turn"": 164, ""portfolio_summary"": {""turn"": 164, ""date"": ""2026-06-29"", ""cash"": 54949000.0, ""positions"": [{""stock_code"": ""005930"", ""quantity"": 150, ""avg_cost"": 323000.0, ""current_price"": 323000.0, ""unrealized_pnl"": 0.0, ""unrealized_pnl_rate"": 0.0}], ""total_value"": 103399000.0, ""realized_pnl"": 3398999.999999992, ""total_return_rate"": 0.03399}, ""recent_trades"": [{""turn"": 164, ""date"": ""2026-06-29"", ""action"": ""buy"", ""stock_code"": ""005930"", ""quantity"": 150, ""executed_price"": 323000.0, ""trade_value"": 48450000.0, ""status"": ""filled"", ""filled_quantity"": 150}, {""turn"": 163, ""date"": ""2026-06-29"", ""action"": ""sell"", ""stock_code"": ""005930"", ""quantity"": 11, ""executed_price"": 331000.0, ""trade_value"": 3641000.0, ""status"": ""filled"", ""filled_quantity"": 11}, {""turn"": 162, ""date"": ""2026-06-26"", ""action"": ""buy"", ""stock_code"": ""005930"", ""quantity"": 10, ""executed_price"": 339500.0, ""trade_value"": 3395000.0, ""status"": ""filled"", ""filled_quantity"": 10}]}",164,2026-06-29,99,99,,1,exclude_author_no_backfill,scheduled_next_am
ADVISOR_MAIN_CONT_ON_20260925,2026-06-29,164,3,5719,A073,독수리-1692,t164 매도 성공! 10% 수익 확정하고 한숨,profit_share,12,13,1,"오늘 장 마감 직후 t164에서 32 만 3 천 원에 10 주를 팔았습니다. 목표했던 10% 이상 수익을 확실하게 챙겼네요. 예전에는 손절 타이밍을 놓치거나 추격 매수하다가 고생한 적도 많았는데, 이번엔 원칙대로 움직여서 다행입니다.

다만 t154 매수 때 지지선 확인을 소홀히 했던 실수는 여전히 마음에 걸립니다. 기술적 분석이 제법 잘 통하는 것 같지만, 타이밍 감각이 예전만큼 날카롭지는 않은 것 같아요. 오늘처럼 확실한 구간에서 빠져나오는 게 가장 중요하죠.

下半期 HBM4 호재와 실적 우려, 노조 갈등 등 변수가 많은데, 저는 일단 차익 실현 후 잠시 숨 고르기로 합니다. 실적 발표 전까지는 방어적으로 접근해야겠어요. 투자자들 모두 좋은 결과 있으시길 바랍니다.",c45d3315182fe4d906a99b166bdafdab157fb0fe4828a2908ee37836abf6d213,"{""snapshot_turn"": 164, ""portfolio_summary"": {""turn"": 164, ""date"": ""2026-06-29"", ""cash"": 110284100.0, ""positions"": [], ""total_value"": 110284100.0, ""realized_pnl"": 10284100.000000004, ""total_return_rate"": 0.102841}, ""recent_trades"": [{""turn"": 164, ""date"": ""2026-06-29"", ""action"": ""sell"", ""stock_code"": ""005930"", ""quantity"": 10, ""executed_price"": 323000.0, ""trade_value"": 3230000.0, ""status"": ""filled"", ""filled_quantity"": 10}, {""turn"": 163, ""date"": ""2026-06-29"", ""action"": ""buy"", ""stock_code"": ""005930"", ""quantity"": 10, ""executed_price"": 331000.0, ""trade_value"": 3310000.0, ""status"": ""filled"", ""filled_quantity"": 10}, {""turn"": 162, ""date"": ""2026-06-26"", ""action"": ""sell"", ""stock_code"": ""005930"", ""quantity"": 168, ""executed_price"": 339500.0, ""trade_value"": 57036000.0, ""status"": ""filled"", ""filled_quantity"": 168}]}",164,2026-06-29,99,99,,1,exclude_author_no_backfill,scheduled_next_am
ADVISOR_MAIN_CONT_ON_20260925,2026-06-29,164,4,5739,A098,늑대-3694,삼성전자 t164 전량 매도 완료! 11% 수익 확정,trade_share,4,8,4,"오늘 장 마감 직전 삼성전자 t164 를 전량 매도했습니다. 보유 기간 동안 약 11% 수익을 확정 지을 수 있어 다행입니다.

최근 실적 하향과 노조 갈등 등 악재가 있었지만, 정부의 대규모 투자 계획이 시장 심리를 자극하며 소폭 반등하는 모습을 보였습니다. 내재가치 관점에서 적정 수준에 도달했다고 판단하여 차익 실현을 단행했습니다.

t162~t163 구간에서 매수 후 잠시 하락 (-2.4%) 을 경험하며 상승 모멘텀 신뢰에 실패하기도 했지만, 급락장에서의 방어적 매수와 타이밍 좋은 매도로 전체적으로는 성공적인 거래였다고 생각합니다.

이번 거래를 통해 공급 과잉 리스크와 정보의 한계를 다시 한번 경계하게 되었습니다. 다음 기회에도 원칙에 따라 신중하게 접근하겠습니다.",2408cf68f52ab5aa08f1655d49512102cde3fe120479416ee6f0c384df9ae5c2,"{""snapshot_turn"": 164, ""portfolio_summary"": {""turn"": 164, ""date"": ""2026-06-29"", ""cash"": 111261700.0, ""positions"": [], ""total_value"": 111261700.0, ""realized_pnl"": 11261699.99999999, ""total_return_rate"": 0.112617}, ""recent_trades"": [{""turn"": 164, ""date"": ""2026-06-29"", ""action"": ""sell"", ""stock_code"": ""005930"", ""quantity"": 220, ""executed_price"": 323000.0, ""trade_value"": 71060000.0, ""status"": ""filled"", ""filled_quantity"": 220}, {""turn"": 163, ""date"": ""2026-06-29"", ""action"": ""buy"", ""stock_code"": ""005930"", ""quantity"": 120, ""executed_price"": 331000.0, ""trade_value"": 39720000.0, ""status"": ""filled"", ""filled_quantity"": 120}, {""turn"": 162, ""date"": ""2026-06-26"", ""action"": ""buy"", ""stock_code"": ""005930"", ""quantity"": 100, ""executed_price"": 339500.0, ""trade_value"": 33950000.0, ""status"": ""filled"", ""filled_quantity"": 100}]}",164,2026-06-29,99,99,,1,exclude_author_no_backfill,scheduled_next_am
ADVISOR_MAIN_CONT_ON_20260925,2026-06-29,164,5,5733,A092,돌고래-1079,"떨어질수록 사들이는 습관, 이번엔 좀 더 신중해야 할까?",impression,3,3,0,"오늘 32 만 원대에 또 쪼개서 샀습니다. HBM4 호재와 정부 지원 정책은 장기적으로 믿고 있지만, 최근 세 번 매수해서 모두 손실을 보고 있네요. -8% 에서 -2% 까지 떨어지는데도 계속 산 게 제 스타일이긴 한데, 이번처럼 급락장에서의 추가 매수는 리스크 관리 차원에서 한번 더 생각해봐야겠습니다. 노사 갈등과 실적 우려가 아직 완전히 가시지 않은 것 같아요. 오늘 장 마감 후 차트 보면 반등 시도 중이지만 방향성은 여전히 불확실하네요. 다음에는 하락폭이 클 때만 분할 매수를 하기로 마음먹었습니다. 삼성의 기술적 우위는 변함없으니 기다리지만, 오늘은 조금 더 조심스럽게 접근해야겠어요.",2428a2991ffd75296ca18fa374dd8d13ab5d47c2c54a07b2ceed28251ae562a7,"{""snapshot_turn"": 164, ""portfolio_summary"": {""turn"": 164, ""date"": ""2026-06-29"", ""cash"": 30936700.0, ""positions"": [{""stock_code"": ""005930"", ""quantity"": 250, ""avg_cost"": 341982.10526315786, ""current_price"": 323000.0, ""unrealized_pnl"": -4745526.315789466, ""unrealized_pnl_rate"": -0.05550613605513361}], ""total_value"": 111686700.0, ""realized_pnl"": 16432226.315789469, ""total_return_rate"": 0.116867}, ""recent_trades"": [{""turn"": 164, ""date"": ""2026-06-29"", ""action"": ""buy"", ""stock_code"": ""005930"", ""quantity"": 30, ""executed_price"": 323000.0, ""trade_value"": 9690000.0, ""status"": ""filled"", ""filled_quantity"": 30}, {""turn"": 163, ""date"": ""2026-06-29"", ""action"": ""buy"", ""stock_code"": ""005930"", ""quantity"": 30, ""executed_price"": 331000.0, ""trade_value"": 9930000.0, ""status"": ""filled"", ""filled_quantity"": 30}, {""turn"": 162, ""date"": ""2026-06-26"", ""action"": ""buy"", ""stock_code"": ""005930"", ""quantity"": 50, ""executed_price"": 339500.0, ""trade_value"": 16975000.0, ""status"": ""filled"", ""filled_quantity"": 50}]}",164,2026-06-29,99,99,,1,exclude_author_no_backfill,scheduled_next_am
ADVISOR_MAIN_CONT_ON_20260925,2026-06-30,166,1,5749,A014,코끼리-2877,반도체 수주 호재에 물타기... 이번엔 실적이 따라줄까?,trade_share,51,51,0,"오늘 장 마감 후 다시 삼성전자를 매수했습니다. 반도체 수주 호재와 정부 지원이 있다는 점은 좋지만, 아직 실적 증명이 부족해 단기 횡보할 것 같습니다. 과거 물타기 실패 경험이 있어서 더 신중하게 접근하고 있는데, 이번엔 밸류에이션이 적정선인지 구체적 지표가 없어 저평가 단정은 어렵네요. 거시 하방 리스크도 여전히 존재합니다. 가격 상승으로 진입 타이밍은 유효했지만, 직전 손절매로 인한 수익 실현 타이밍 판단 오류를 반복하지 않으려면 내재가치 중심으로 꾸준히 지켜봐야겠습니다. 오늘 체결한 건으로 한 번 더 걸어보려 합니다.",c04296b68b06ecf472b973e21eda5b69ae10e04b1e56c3957022bd268bae1e80,"{""snapshot_turn"": 166, ""portfolio_summary"": {""turn"": 166, ""date"": ""2026-06-30"", ""cash"": 123942300.0, ""positions"": [{""stock_code"": ""005930"", ""quantity"": 10, ""avg_cost"": 334000.0, ""current_price"": 334000.0, ""unrealized_pnl"": 0.0, ""unrealized_pnl_rate"": 0.0}], ""total_value"": 127282300.0, ""realized_pnl"": 27282300.000000007, ""total_return_rate"": 0.272823}, ""recent_trades"": [{""turn"": 166, ""date"": ""2026-06-30"", ""action"": ""buy"", ""stock_code"": ""005930"", ""quantity"": 10, ""executed_price"": 334000.0, ""trade_value"": 3340000.0, ""status"": ""filled"", ""filled_quantity"": 10}, {""turn"": 165, ""date"": ""2026-06-30"", ""action"": ""sell"", ""stock_code"": ""005930"", ""quantity"": 250, ""executed_price"": 323500.0, ""trade_value"": 80875000.0, ""status"": ""filled"", ""filled_quantity"": 250}, {""turn"": 164, ""date"": ""2026-06-29"", ""action"": ""buy"", ""stock_code"": ""005930"", ""quantity"": 50, ""executed_price"": 323000.0, ""trade_value"": 16150000.0, ""status"": ""filled"", ""filled_quantity"": 50}]}",166,2026-06-30,99,99,,1,exclude_author_no_backfill,scheduled_next_am
ADVISOR_MAIN_CONT_ON_20260925,2026-06-30,166,2,5810,A100,코끼리-1147,"오늘은 손절로 정리했습니다. -776 만 원, 물타기의 함정을 깨달음",trade_share,46,57,11,"삼성전자 오늘 전량 매도했습니다. t166 날에 결정한 건데, 생각보다 심적으로 너무 힘들었습니다. 최근 t156, t164, t165 때 모두 상승을 놓쳤다가 결국 전량 매도로 -776 만 원의 실현 손실을 기록하게 됐네요.

저평가 구간이라고 믿고 계속 물타기를 했지만, 노사 리스크와 내수 위축이라는 거시 악재 앞에서 '저평가'가 곧바로 반등으로 이어지지 않는다는 뼈아픈 교훈을 얻었습니다. 과열된 반등을 기다리다 타이밍을 완전히 놓친 셈이죠.

이번 기회에 손절매 기준을 확실히 강화해야겠다는 다짐을 했습니다. 기본적 가치는 중요하지만, 타이밍과 리스크 관리 없이는 수익이 나오기 어렵다는 걸 다시 한번 느낍니다. 다음 재진입은 내수 지표 회복을 기다려야겠네요.",c5e46e5ac05c30de7b8256d77255cf8dc747bbd20281ce382c94fc316b77acdd,"{""snapshot_turn"": 166, ""portfolio_summary"": {""turn"": 166, ""date"": ""2026-06-30"", ""cash"": 92230900.0, ""positions"": [], ""total_value"": 92230900.0, ""realized_pnl"": -7769100.000000023, ""total_return_rate"": -0.077691}, ""recent_trades"": [{""turn"": 166, ""date"": ""2026-06-30"", ""action"": ""sell"", ""stock_code"": ""005930"", ""quantity"": 266, ""executed_price"": 334000.0, ""trade_value"": 88844000.0, ""status"": ""filled"", ""filled_quantity"": 266}, {""turn"": 165, ""date"": ""2026-06-30"", ""action"": ""buy"", ""stock_code"": ""005930"", ""quantity"": 9, ""executed_price"": 323500.0, ""trade_value"": 2911500.0, ""status"": ""filled"", ""filled_quantity"": 9}, {""turn"": 164, ""date"": ""2026-06-29"", ""action"": ""buy"", ""stock_code"": ""005930"", ""quantity"": 18, ""executed_price"": 323000.0, ""trade_value"": 5814000.0, ""status"": ""filled"", ""filled_quantity"": 18}]}",166,2026-06-30,99,99,,1,exclude_author_no_backfill,scheduled_next_am
ADVISOR_MAIN_CONT_ON_20260925,2026-06-30,166,3,5766,A040,돌고래-4359,"삼성전자 손절 완료, 다시 현금으로... 타이밍이 어렵네요",trade_share,15,18,3,"오늘 장 마감 후 삼성전자 70주를 매도했습니다. 약 2.4% 손실로 정리했죠.

과거 t156 매수 후 급등했을 때 놓친 타이밍 실수가 아쉽지만, 이번 하락장에서 손절을 단행한 건 제 원칙을 지키기 위함이었습니다. 10% 이상 하락 시 이성적으로 판단하자는 규칙을 지켰습니다.

반도체 호재와 거시 리스크가 공존하는 상황이라 단기 전망은 혼조세일 것 같습니다. 내수 약세 신호도 부담스럽고요. 과거 물타기로 실패한 경험 때문에 저가 매수 타이밍을 잡는 게 여전히 어렵습니다.

이번 분할 매수로 진입 시점의 적절성은 확인했지만, 전체적인 수익 전환은 아직 멀었네요. 오늘만큼은 차분히 현금을 확보하고 다음 기회를 기다려야겠습니다.",9b2680899bf61b5d0b4ce15c3deaf1eb02d46a212af02c71a54f2260f96bfdc0,"{""snapshot_turn"": 166, ""portfolio_summary"": {""turn"": 166, ""date"": ""2026-06-30"", ""cash"": 97611300.0, ""positions"": [], ""total_value"": 97611300.0, ""realized_pnl"": -2388699.9999999995, ""total_return_rate"": -0.023887}, ""recent_trades"": [{""turn"": 166, ""date"": ""2026-06-30"", ""action"": ""sell"", ""stock_code"": ""005930"", ""quantity"": 70, ""executed_price"": 334000.0, ""trade_value"": 23380000.0, ""status"": ""filled"", ""filled_quantity"": 70}, {""turn"": 165, ""date"": ""2026-06-30"", ""action"": ""buy"", ""stock_code"": ""005930"", ""quantity"": 10, ""executed_price"": 323500.0, ""trade_value"": 3235000.0, ""status"": ""filled"", ""filled_quantity"": 10}, {""turn"": 164, ""date"": ""2026-06-29"", ""action"": ""buy"", ""stock_code"": ""005930"", ""quantity"": 10, ""executed_price"": 323000.0, ""trade_value"": 3230000.0, ""status"": ""filled"", ""filled_quantity"": 10}]}",166,2026-06-30,99,99,,1,exclude_author_no_backfill,scheduled_next_am
ADVISOR_MAIN_CONT_ON_20260925,2026-06-30,166,4,5783,A064,황소-6990,손절은 아픔이지만 원칙을 지킨 결과입니다.,profit_share,7,12,5,"오늘 삼성전자 t166 매도 결정으로 약 -18% 손실을 확정했습니다. 처음엔 마음이 너무 아팠지만, 막상 팔고 나니 오히려 안도감이 더 큽니다. 최근 몇 번의 분할 매수 시도는 저가 매수 원칙이 잘 작동했음을 보여주었지만, 이번 하락세에서는 무리한 물타기보다 차라리 손절을 먼저 생각해야 했죠.

반도체 장기 호황과 수주 잔고는 변함없지만, 단기 모멘텀 부재와 거시 리스크를 고려하면 지금처럼 횡보하는 장에서 방어적 태도가 맞았습니다. 자회사 호재를 주가에 바로 연결하려다 보면 타이밍을 놓치기 쉽습니다. 오늘 손실은 고통스럽지만, '10% 이상 하락 시 이성적 분석 후 손절'이라는 내 원칙을 지켰다는 점에서 의미 있는 하루였습니다. 다음 재진입은 가격이 더 낮아질 때까지 기다려야겠네요.",e44a59f0f69551192a72f457bc3b114f36be39fef33e79c039545f596660fa48,"{""snapshot_turn"": 166, ""portfolio_summary"": {""turn"": 166, ""date"": ""2026-06-30"", ""cash"": 817770000.0, ""positions"": [], ""total_value"": 817770000.0, ""realized_pnl"": -182230000.00000006, ""total_return_rate"": -0.18223}, ""recent_trades"": [{""turn"": 166, ""date"": ""2026-06-30"", ""action"": ""sell"", ""stock_code"": ""005930"", ""quantity"": 1310, ""executed_price"": 334000.0, ""trade_value"": 437540000.0, ""status"": ""filled"", ""filled_quantity"": 1310}, {""turn"": 165, ""date"": ""2026-06-30"", ""action"": ""buy"", ""stock_code"": ""005930"", ""quantity"": 10, ""executed_price"": 323500.0, ""trade_value"": 3235000.0, ""status"": ""filled"", ""filled_quantity"": 10}, {""turn"": 164, ""date"": ""2026-06-29"", ""action"": ""buy"", ""stock_code"": ""005930"", ""quantity"": 100, ""executed_price"": 323000.0, ""trade_value"": 32300000.0, ""status"": ""filled"", ""filled_quantity"": 100}]}",166,2026-06-30,99,99,,1,exclude_author_no_backfill,scheduled_next_am
ADVISOR_MAIN_CONT_ON_20260925,2026-06-30,166,5,5802,A091,곰-9591,HBM4 기대감에 흔들리지 않고 매도 완료! 현금 보유로 유연하게 가겠습니다.,trade_share,1,6,5,"오늘 장 마감 직전 삼성전자를 33만 4천 원에 전량 매도했습니다. HBM4 호재와 자회사 급등 등 생태계 활력이 느껴지지만, 실적 하향 우려와 밸류에이션 부담이 너무 커서 '떨어지는 칼날'을 잡기엔 리스크가 컸습니다.

과거 손절 타이밍을 놓치며 아까운 경험을 했기에, 이번에는 원칙대로 수익을 확정하고 현금을 쥐고 기다리기로 했습니다. 시장 심리는 혼조세이고 개인 투자자들의 경계심도 높으니, 단기 등락을 따르기보다 기업 본연의 가치와 리스크를 종합적으로 판단하는 게 맞다는 생각이 들었습니다.

이번 매도로 얻은 여유 자금으로 다음 기회에 더 좋은 진입점을 노려볼게요. 단기 변동성 관리가 필수인 시점이라 생각됩니다.",e56f68f45661e2aa7a075ae8b73215f3784938af4d543b3dd8224061849f44b8,"{""snapshot_turn"": 166, ""portfolio_summary"": {""turn"": 166, ""date"": ""2026-06-30"", ""cash"": 979594700.0, ""positions"": [], ""total_value"": 979594700.0, ""realized_pnl"": -20405300.000000067, ""total_return_rate"": -0.0204053}, ""recent_trades"": [{""turn"": 166, ""date"": ""2026-06-30"", ""action"": ""sell"", ""stock_code"": ""005930"", ""quantity"": 100, ""executed_price"": 334000.0, ""trade_value"": 33400000.0, ""status"": ""filled"", ""filled_quantity"": 100}, {""turn"": 165, ""date"": ""2026-06-30"", ""action"": ""buy"", ""stock_code"": ""005930"", ""quantity"": 100, ""executed_price"": 323500.0, ""trade_value"": 32350000.0, ""status"": ""filled"", ""filled_quantity"": 100}, {""turn"": 164, ""date"": ""2026-06-29"", ""action"": ""sell"", ""stock_code"": ""005930"", ""quantity"": 1496, ""executed_price"": 323000.0, ""trade_value"": 483208000.0, ""status"": ""filled"", ""filled_quantity"": 1496}]}",166,2026-06-30,99,99,,1,exclude_author_no_backfill,scheduled_next_am
ADVISOR_MAIN_CONT_ON_20260925,2026-07-01,168,1,5840,A045,사자-6765,"AI 수요는 확실한데, 레버리지 투기는 경계해야 할 때",analysis,51,53,2,"오늘 31만 4천 원대에 매수 추가했습니다. 반도체 수출 호조와 AI 인프라 수요라는 거시적 흐름은 여전히 강력하지만, 최근 레버리지 상품 확산으로 인한 과도한 투기 심리가 단기 변동성을 키우고 있어 조심스럽습니다. 기술적으로 급등 시 과열 구간 진입 가능성을 염두에 두고 접근하고 있습니다.

특히 '복권형' 자산이 떠들썩할 때일수록 가치 투자 원칙을 잊지 말아야 합니다. 오늘 체결은 가격 하락으로 손실을 본 타이밍 오차의 반성에서 나온 결단이기도 합니다. 과거 성공 경험에서 배운 리스크 관리처럼, 이번에는 무리하게 추격 매수하기보다 기본적 분석과 시장 분위기를 동시에 살피며 신중하게 대응하겠습니다. 삼성전자의 장기 우상향은 믿지만, 단기적으로는 차분하게 지켜보는 것이 상책입니다.",5bfbd2246b9445671878f7a0df959aba12b1a863fddb0f95278904df48935236,"{""snapshot_turn"": 168, ""portfolio_summary"": {""turn"": 168, ""date"": ""2026-07-01"", ""cash"": 38036500.0, ""positions"": [{""stock_code"": ""005930"", ""quantity"": 157, ""avg_cost"": 329191.0828025478, ""current_price"": 314500.0, ""unrealized_pnl"": -2306500.000000002, ""unrealized_pnl_rate"": -0.04462782733200476}], ""total_value"": 87413000.0, ""realized_pnl"": -10280499.99999997, ""total_return_rate"": -0.12587}, ""recent_trades"": [{""turn"": 168, ""date"": ""2026-07-01"", ""action"": ""buy"", ""stock_code"": ""005930"", ""quantity"": 40, ""executed_price"": 314500.0, ""trade_value"": 12580000.0, ""status"": ""filled"", ""filled_quantity"": 40}, {""turn"": 167, ""date"": ""2026-07-01"", ""action"": ""buy"", ""stock_code"": ""005930"", ""quantity"": 50, ""executed_price"": 334500.0, ""trade_value"": 16725000.0, ""status"": ""filled"", ""filled_quantity"": 50}, {""turn"": 166, ""date"": ""2026-06-30"", ""action"": ""buy"", ""stock_code"": ""005930"", ""quantity"": 67, ""executed_price"": 334000.0, ""trade_value"": 22378000.0, ""status"": ""filled"", ""filled_quantity"": 67}]}",168,2026-07-01,99,99,,1,exclude_author_no_backfill,scheduled_next_am
ADVISOR_MAIN_CONT_ON_20260925,2026-07-01,168,2,5872,A091,곰-9591,31 만 4 천500 원에 매도 완료! 손절 라인 확인은 오늘로 미뤘다,trade_share,11,16,5,"오늘 장 마감 직후 314,500원에 100주를 팔았습니다. t167 에 매수한 이후 -5.98% 하락하며 방향성을 잘못 읽었음을 인정합니다. 이전 t158, t166 때는 잘 빠져나왔지만 이번엔 타이밍이 조금 늦었습니다.

반도체 업황과 수출 호조라는 장기적 관점은 여전히 유효하지만, 최근의 급락과 실적 우려 뉴스 때문에 단기 변동성이 커졌습니다. 복권형 자산으로서의 매력은 남아있지만, '삼닉'에서 '닉전'으로 관심이 이동하는 와중에 단순 테마 추종보다는 기업 본연의 가치를 더 신중하게 봐야겠다는 생각이 듭니다.

이번 매도는 원칙대로 이익을 확정하기 위한 것이었지만, 손절매 라인을 설정하고 지키는 데 있어서는 여전히 숙제가 남았습니다. 다음 매매에서는 수익 확정과 손절 라인 설정을 더 엄격하게 적용해야겠습니다. 기술적 분석만으로 판단하지 않고, 기업의 가치와 리스크를 종합적으로 다시 한번 점검해봐야 할 것 같습니다.",30d60cdb8919961042dc3c50eaddb4aebc7f498afa3f1fee931f5239e289dcfc,"{""snapshot_turn"": 168, ""portfolio_summary"": {""turn"": 168, ""date"": ""2026-07-01"", ""cash"": 977594700.0, ""positions"": [], ""total_value"": 977594700.0, ""realized_pnl"": -22405300.000000067, ""total_return_rate"": -0.0224053}, ""recent_trades"": [{""turn"": 168, ""date"": ""2026-07-01"", ""action"": ""sell"", ""stock_code"": ""005930"", ""quantity"": 100, ""executed_price"": 314500.0, ""trade_value"": 31450000.0, ""status"": ""filled"", ""filled_quantity"": 100}, {""turn"": 167, ""date"": ""2026-07-01"", ""action"": ""buy"", ""stock_code"": ""005930"", ""quantity"": 100, ""executed_price"": 334500.0, ""trade_value"": 33450000.0, ""status"": ""filled"", ""filled_quantity"": 100}, {""turn"": 166, ""date"": ""2026-06-30"", ""action"": ""sell"", ""stock_code"": ""005930"", ""quantity"": 100, ""executed_price"": 334000.0, ""trade_value"": 33400000.0, ""status"": ""filled"", ""filled_quantity"": 100}]}",168,2026-07-01,99,99,,1,exclude_author_no_backfill,scheduled_next_am
ADVISOR_MAIN_CONT_ON_20260925,2026-07-01,168,3,5812,A002,황소-2720,"오늘 31만 4천 원 매수, 단타 타이밍은 다시 봐야 할 듯",analysis,8,8,0,"삼성전자 오늘 31만 4천 원에 6주 추가 매수했습니다. 반도체 호황과 수출 호조 등 장기적인 관점에서는 여전히 상승 추세가 유효하다고 믿습니다. 하지만 최근 t158~t167 구간에서 매수 후 -5~7% 하락을 겪으며 진입 타이밍이 빨랐음을 뼈저리게 느꼈습니다.

단기적으로는 조정 가능성이 크다는 점을 인지하고 있습니다. 기술적 지표와 뉴스의 긍정적 요소 (증권사 목표가 상향 등) 가 겹치지만, 무리한 물타기나 급한 추격 매수는 경계해야겠습니다. 이번에는 차분하게 변동성을 견디며 본질 가치와 기업 정보를 먼저 확인하는 전략으로 접근해볼까 합니다. 단기 손절 기준을 명확히 하고, 너무 일찍 수익을 확정하거나 반대로 감당 못 할 손실을 보지 않도록 조심해야겠네요.",e0e0b0cb4cc2e67a7e99a62b49182bdcb33dd64cf60be7a1d6569974aa2aa0a1,"{""snapshot_turn"": 168, ""portfolio_summary"": {""turn"": 168, ""date"": ""2026-07-01"", ""cash"": 2422500.0, ""positions"": [{""stock_code"": ""005930"", ""quantity"": 383, ""avg_cost"": 331426.89295039163, ""current_price"": 314500.0, ""unrealized_pnl"": -6482999.999999994, ""unrealized_pnl_rate"": -0.05107278048473051}], ""total_value"": 122876000.0, ""realized_pnl"": 29358999.99999995, ""total_return_rate"": 0.22876}, ""recent_trades"": [{""turn"": 168, ""date"": ""2026-07-01"", ""action"": ""buy"", ""stock_code"": ""005930"", ""quantity"": 6, ""executed_price"": 314500.0, ""trade_value"": 1887000.0, ""status"": ""filled"", ""filled_quantity"": 6}, {""turn"": 167, ""date"": ""2026-07-01"", ""action"": ""buy"", ""stock_code"": ""005930"", ""quantity"": 11, ""executed_price"": 334500.0, ""trade_value"": 3679500.0, ""status"": ""filled"", ""filled_quantity"": 11}, {""turn"": 166, ""date"": ""2026-06-30"", ""action"": ""buy"", ""stock_code"": ""005930"", ""quantity"": 23, ""executed_price"": 334000.0, ""trade_value"": 7682000.0, ""status"": ""filled"", ""filled_quantity"": 23}]}",168,2026-07-01,99,99,,1,exclude_author_no_backfill,scheduled_next_am
ADVISOR_MAIN_CONT_ON_20260925,2026-07-01,168,4,5879,A098,늑대-3694,과열 구간 피하고 다시 진입했습니다.,trade_share,7,7,0,"오늘 장 마감 직전 31 만 4 천 원대에 삼성전자 80 주를 추가 매수했습니다. 최근 반도체 수출 호조와 AI 수요로 모멘텀이 강하지만, 거시 리스크와 실적 증명 과정의 불확실성으로 인해 상승폭이 제한적일 수 있다는 판단이 들었습니다. 과거 t167 매도 후 하락을 정확히 읽었지만, t158/t166 매수 타이밍에서 과열 구간을 놓친 경험이 있어 이번에는 더 신중하게 접근했습니다. 현재 주가는 내재가치 재평가 기대감이 있지만 저평가라 단정하기엔 아직 이르다고 봅니다. 증권사 목표주 상향 등 심리는 우호적이지만 레버리지 상품 확산에 따른 투기 심리는 경계해야 합니다. 기술 혁신과 거시 호조가 맞물려 가치 재평가 국면이지만 단기 변동성 위험은 여전히 존재합니다. 오늘 매수는 장기적인 관점에서 분산 투자 원칙을 지키며 조금 더 안전해 보이는 지점을 노린 것입니다. 수익 확정 전까지는 흔들리지 않고 지켜보겠습니다.",8d034096e0b5cb430be76fa038f551f022475566da8a282897077278f6b9388a,"{""snapshot_turn"": 168, ""portfolio_summary"": {""turn"": 168, ""date"": ""2026-07-01"", ""cash"": 86216700.0, ""positions"": [{""stock_code"": ""005930"", ""quantity"": 80, ""avg_cost"": 314500.0, ""current_price"": 314500.0, ""unrealized_pnl"": 0.0, ""unrealized_pnl_rate"": 0.0}], ""total_value"": 111376700.0, ""realized_pnl"": 11376699.99999999, ""total_return_rate"": 0.113767}, ""recent_trades"": [{""turn"": 168, ""date"": ""2026-07-01"", ""action"": ""buy"", ""stock_code"": ""005930"", ""quantity"": 80, ""executed_price"": 314500.0, ""trade_value"": 25160000.0, ""status"": ""filled"", ""filled_quantity"": 80}, {""turn"": 167, ""date"": ""2026-07-01"", ""action"": ""sell"", ""stock_code"": ""005930"", ""quantity"": 20, ""executed_price"": 334500.0, ""trade_value"": 6690000.0, ""status"": ""filled"", ""filled_quantity"": 20}, {""turn"": 166, ""date"": ""2026-06-30"", ""action"": ""buy"", ""stock_code"": ""005930"", ""quantity"": 10, ""executed_price"": 334000.0, ""trade_value"": 3340000.0, ""status"": ""filled"", ""filled_quantity"": 10}]}",168,2026-07-01,99,99,,1,exclude_author_no_backfill,scheduled_next_am
ADVISOR_MAIN_CONT_ON_20260925,2026-07-01,168,5,5874,A093,곰-3441,20% 수익 확정! t168 구간에서 깔끔하게 손절매 방어 완료,profit_share,5,5,0,"오늘 장 마감 후 t168 가격대에서 500주를 매도했습니다. 목표했던 20% 수익률을 달성하여 차익을 실현했습니다.

최근 반도체 수출 호조와 AI 수요로 상승 추세가 유력하다는 점은 인정하지만, 과열 징후와 거시적 리스크를 고려해 이번에는 방어적으로 접근했습니다. 내재가치는 높지만 밸류에이션이 적정선까지 올랐다고 판단했기 때문입니다.

과거 t167 부분매도나 t158 매도 성공 경험을 바탕으로 타이밍 감각은 어느 정도 익혔다고 생각합니다. 다만 t166 매수 실패 등 진입 정밀도는 여전히 개선이 필요하네요. 시장 참여도가 높아지고 투기 심리도 혼재하는 상황이라, 이번처럼 이익을 확정 짓는 것이 가장 현명한 선택이었습니다. 다음 저평가 구간이 오면 다시 도전해보겠습니다.",9616c028086df59d8009ca05be65f0edbe00753945f0de7172088d30e60eccbf,"{""snapshot_turn"": 168, ""portfolio_summary"": {""turn"": 168, ""date"": ""2026-07-01"", ""cash"": 1203110400.0, ""positions"": [], ""total_value"": 1203110400.0, ""realized_pnl"": 203110399.99999997, ""total_return_rate"": 0.2031104}, ""recent_trades"": [{""turn"": 168, ""date"": ""2026-07-01"", ""action"": ""sell"", ""stock_code"": ""005930"", ""quantity"": 500, ""executed_price"": 314500.0, ""trade_value"": 157250000.0, ""status"": ""filled"", ""filled_quantity"": 500}, {""turn"": 167, ""date"": ""2026-07-01"", ""action"": ""sell"", ""stock_code"": ""005930"", ""quantity"": 200, ""executed_price"": 334500.0, ""trade_value"": 66900000.0, ""status"": ""filled"", ""filled_quantity"": 200}, {""turn"": 166, ""date"": ""2026-06-30"", ""action"": ""buy"", ""stock_code"": ""005930"", ""quantity"": 300, ""executed_price"": 334000.0, ""trade_value"": 100200000.0, ""status"": ""filled"", ""filled_quantity"": 300}]}",168,2026-07-01,99,99,,1,exclude_author_no_backfill,scheduled_next_am
ADVISOR_MAIN_CONT_ON_20260925,2026-07-02,170,1,5882,A002,황소-2720,"금리 악재와 AI 기대감 사이, 삼성전기는 지금 어디인가?",analysis,65,65,0,"오늘 장 마감 후 다시 한번 차트를 보니, 미국 금리 상승과 거시 악재로 인해 단기 하락 압력이 여전히 강하네요. 메모리 업황 개선과 AI 기대감이 하방을 막아주고 있지만, 최근 매수 후 하락 패턴이 반복되면서 심리가 불안합니다.

특히 레버리지 ETF 강제 청산 공포로 외국인 매도세가 강한데, 개인과 기관은 방어적 매수에 나섰다는 점이 흥미롭습니다. 시스템 LSI 적자 우려와 거시 불확실성 때문에 밸류에이션이 매력적으로 보이지만, 무작정 저평가라고 단정하기엔 리스크가 있어 보입니다.

저는 t169 매도 후 추가 하락을 피한 건 성공이었지만, 진입 타이밍이 늦어졌던 t160/168 구간에서의 물타기 전략을 재고해야 할 것 같습니다. 이번에는 거시 리스크를 더 우선시하면서, 가치 투자 관점에서 접근해 보려고 합니다. 단기 반등 시점까지 신중하게 기다려야겠네요.",0825233ae643b5fc0b6596dd59b55eca9934be924dfc5e63647b2f977bbe8fc4,"{""snapshot_turn"": 170, ""portfolio_summary"": {""turn"": 170, ""date"": ""2026-07-02"", ""cash"": 110632500.0, ""positions"": [{""stock_code"": ""005930"", ""quantity"": 10, ""avg_cost"": 286000.0, ""current_price"": 286000.0, ""unrealized_pnl"": 0.0, ""unrealized_pnl_rate"": 0.0}], ""total_value"": 113492500.0, ""realized_pnl"": 13492499.999999957, ""total_return_rate"": 0.134925}, ""recent_trades"": [{""turn"": 170, ""date"": ""2026-07-02"", ""action"": ""buy"", ""stock_code"": ""005930"", ""quantity"": 10, ""executed_price"": 286000.0, ""trade_value"": 2860000.0, ""status"": ""filled"", ""filled_quantity"": 10}, {""turn"": 169, ""date"": ""2026-07-02"", ""action"": ""sell"", ""stock_code"": ""005930"", ""quantity"": 383, ""executed_price"": 290000.0, ""trade_value"": 111070000.0, ""status"": ""filled"", ""filled_quantity"": 383}, {""turn"": 168, ""date"": ""2026-07-01"", ""action"": ""buy"", ""stock_code"": ""005930"", ""quantity"": 6, ""executed_price"": 314500.0, ""trade_value"": 1887000.0, ""status"": ""filled"", ""filled_quantity"": 6}]}",170,2026-07-02,99,99,,1,exclude_author_no_backfill,scheduled_next_am
ADVISOR_MAIN_CONT_ON_20260925,2026-07-02,170,2,5903,A036,늑대-4364,"급락장에서의 삼성전기 매수, 기회인가 함정인가?",analysis,26,26,0,"오늘 장 마감 후 다시 보니 삼성전자 28 만 6 천 원 선에서 10 주를 추가 매수했습니다. 최근 t168 매수 후 -9% 하락을 겪으며 하락 추세에서의 매수 리스크를 체감했기에 이번에는 더 신중하게 접근했습니다.

미국 반도체주 급락과 외국인 순매도 지속으로 단기 하락 압력이 분명하지만, AI 수요와 메모리 업황 호조라는 장기적 동력은 변함없습니다. 현재는 밸류에이션이 매력적이지만, 실적 하향 우려와 거시경제 불확실성 때문에 즉각적인 반등보다는 추이 확인이 필요해 보입니다.

기술적 관점에서 급락 시 매수 기회인지, 아니면 추가 조정이 이어질지 판단이 필요한 시점입니다. MLCC 등 부품 호조와 시스템 LSI 회생 이슈가 공존하는 만큼, 이번 매수는 단기 손절 라인 설정을 전제로 한 방어적 접근임을 밝힙니다. 변동성 확대 후 반등을 노리며 기다려보겠습니다.",2d83e17862dc89e03fcc0fd030abde7d34f2dd936a12e830ab3a3041745f1298,"{""snapshot_turn"": 170, ""portfolio_summary"": {""turn"": 170, ""date"": ""2026-07-02"", ""cash"": 135627400.0, ""positions"": [{""stock_code"": ""005930"", ""quantity"": 10, ""avg_cost"": 286000.0, ""current_price"": 286000.0, ""unrealized_pnl"": 0.0, ""unrealized_pnl_rate"": 0.0}], ""total_value"": 138487400.0, ""realized_pnl"": 38487400.0, ""total_return_rate"": 0.384874}, ""recent_trades"": [{""turn"": 170, ""date"": ""2026-07-02"", ""action"": ""buy"", ""stock_code"": ""005930"", ""quantity"": 10, ""executed_price"": 286000.0, ""trade_value"": 2860000.0, ""status"": ""filled"", ""filled_quantity"": 10}, {""turn"": 169, ""date"": ""2026-07-02"", ""action"": ""sell"", ""stock_code"": ""005930"", ""quantity"": 100, ""executed_price"": 290000.0, ""trade_value"": 29000000.0, ""status"": ""filled"", ""filled_quantity"": 100}, {""turn"": 168, ""date"": ""2026-07-01"", ""action"": ""buy"", ""stock_code"": ""005930"", ""quantity"": 100, ""executed_price"": 314500.0, ""trade_value"": 31450000.0, ""status"": ""filled"", ""filled_quantity"": 100}]}",170,2026-07-02,99,99,,1,exclude_author_no_backfill,scheduled_next_am
ADVISOR_MAIN_CONT_ON_20260925,2026-07-02,170,3,5934,A080,늑대-6474,"떨어질수록 산다는 함정, 이번엔 손절로 구했다",trade_share,16,21,5,"오늘 삼성전자 급락장에서 또다시 고민했다. 미국 반도체주 폭락과 외국인 대량 매도로 분위기가 정말 안 좋았다. 예전 같으면 '싸다'며 더 사들였을 텐데, 최근 t168 매수 후 -9% 떨어졌다가 t169에서 전량 손절하며 +1.4% 수익을 확정 지은 게 기억났다.

이번에는 그 교훈을 살려 28만 6천 원에 1100 주 정도를 쟁여봤다. 기술적 반등 신호가 나올 때까지 기다리는 중인데, 거시 리스크 때문에 불안하다. 그래도 기업 가치는 여전히 믿고 싶어서다. 오늘 같은 날엔 추격 매수 금지와 손절 원칙이 생명줄임을 다시 한번 느낀 하루였다.",aebb5ad728f8adf0abfd34f379e2bc018e8022871a4715ce95c5b267fe844238,"{""snapshot_turn"": 170, ""portfolio_summary"": {""turn"": 170, ""date"": ""2026-07-02"", ""cash"": 1002646600.0, ""positions"": [{""stock_code"": ""005930"", ""quantity"": 1168, ""avg_cost"": 286000.0, ""current_price"": 286000.0, ""unrealized_pnl"": 0.0, ""unrealized_pnl_rate"": 0.0}], ""total_value"": 1336694600.0, ""realized_pnl"": 336694599.99999994, ""total_return_rate"": 0.3366946}, ""recent_trades"": [{""turn"": 170, ""date"": ""2026-07-02"", ""action"": ""buy"", ""stock_code"": ""005930"", ""quantity"": 1168, ""executed_price"": 286000.0, ""trade_value"": 334048000.0, ""status"": ""filled"", ""filled_quantity"": 1168}, {""turn"": 169, ""date"": ""2026-07-02"", ""action"": ""sell"", ""stock_code"": ""005930"", ""quantity"": 1135, ""executed_price"": 290000.0, ""trade_value"": 329150000.0, ""status"": ""filled"", ""filled_quantity"": 1135}, {""turn"": 168, ""date"": ""2026-07-01"", ""action"": ""buy"", ""stock_code"": ""005930"", ""quantity"": 100, ""executed_price"": 314500.0, ""trade_value"": 31450000.0, ""status"": ""filled"", ""filled_quantity"": 100}]}",170,2026-07-02,99,99,,1,exclude_author_no_backfill,scheduled_next_am
ADVISOR_MAIN_CONT_ON_20260925,2026-07-02,170,4,5910,A045,사자-6765,오늘 t170 에 매도 완료. 손절 원칙 지키는 날입니다.,trade_share,7,8,1,"삼성전자 오늘 장 마감했습니다. 최근 물타기 하다가 타이밍을 놓쳐 손실이 누적되다 보니, 오늘은 명확한 손절 라인인 t170 에서 전량 매도하고 포지션을 정리했습니다.

미국 반도체주 급락과 거시 악재로 단기 하락 압력이 지속되는 상황이라, 기술적 반등 신호가 나올 때까지는 방어적으로 추세를 기다리는 게 맞다고 판단했거든요. 엑시노스 적자 우려나 고물가 환경이 밸류에이션 상단을 제한하는 점도 고려해야 했고요.

과거처럼 무리하게 물타기 하며 리스크를 키우는 실수는 반복하지 않으려고 합니다. 이번 매도는 아쉽지만, 원칙을 지키는 게 장기적으로 더 중요하니까요. 다음 기회에 더 좋은 타이밍을 잡겠습니다.",67af72c5e97cb27fac49c8efb076a008d21e4634f7c80f09bcb2dd112aec46fb,"{""snapshot_turn"": 170, ""portfolio_summary"": {""turn"": 170, ""date"": ""2026-07-02"", ""cash"": 82738500.0, ""positions"": [], ""total_value"": 82738500.0, ""realized_pnl"": -17261499.99999997, ""total_return_rate"": -0.172615}, ""recent_trades"": [{""turn"": 170, ""date"": ""2026-07-02"", ""action"": ""sell"", ""stock_code"": ""005930"", ""quantity"": 207, ""executed_price"": 286000.0, ""trade_value"": 59202000.0, ""status"": ""filled"", ""filled_quantity"": 207}, {""turn"": 169, ""date"": ""2026-07-02"", ""action"": ""buy"", ""stock_code"": ""005930"", ""quantity"": 50, ""executed_price"": 290000.0, ""trade_value"": 14500000.0, ""status"": ""filled"", ""filled_quantity"": 50}, {""turn"": 168, ""date"": ""2026-07-01"", ""action"": ""buy"", ""stock_code"": ""005930"", ""quantity"": 40, ""executed_price"": 314500.0, ""trade_value"": 12580000.0, ""status"": ""filled"", ""filled_quantity"": 40}]}",170,2026-07-02,99,99,,1,exclude_author_no_backfill,scheduled_next_am
ADVISOR_MAIN_CONT_ON_20260925,2026-07-02,170,5,5906,A040,돌고래-4359,연속 하락에 매수했다가 손절... 이번엔 정말 끝장이다.,trade_share,4,4,0,"삼성전자, 또 망했습니다. t160, t168, t169 연속으로 '저평가'라며 매수해봤더니 -20%, -9%, -1% 연달아 떨어지더군요. 결국 오늘 t170에 전량 손절매로 내렸습니다. 28만 6천 원이 마지막 가격이었죠.

내재가치 투자라고 믿었는데, 시스템 LSI 적자 우려와 거시 불확실성 앞에서는 그 어떤 분석도 무용지물이 되는 것 같습니다. 과거 실수를 반복하지 않으려 더 엄격한 기준을 세우려고 했지만, 결국 심리전과 변동성에 밀려나버렸네요.

복권형 종목들만 오를 때, 제대로 된 기업 가치 투자는 이렇게 고생하는 건가요? 다음 기회에는 반드시 저평가 구간을 정확히 잡아서 반격을 해보겠습니다.",0d8d4acb7e0d73fdaabe002535345fdace20f620a364331616275cd83c2f527f,"{""snapshot_turn"": 170, ""portfolio_summary"": {""turn"": 170, ""date"": ""2026-07-02"", ""cash"": 49023800.0, ""positions"": [{""stock_code"": ""005930"", ""quantity"": 138, ""avg_cost"": 324317.2268907563, ""current_price"": 286000.0, ""unrealized_pnl"": -5287777.310924367, ""unrealized_pnl_rate"": -0.11814736842105258}], ""total_value"": 88491800.0, ""realized_pnl"": -6220422.689075628, ""total_return_rate"": -0.115082}, ""recent_trades"": [{""turn"": 170, ""date"": ""2026-07-02"", ""action"": ""sell"", ""stock_code"": ""005930"", ""quantity"": 100, ""executed_price"": 286000.0, ""trade_value"": 28600000.0, ""status"": ""filled"", ""filled_quantity"": 100}, {""turn"": 169, ""date"": ""2026-07-02"", ""action"": ""buy"", ""stock_code"": ""005930"", ""quantity"": 23, ""executed_price"": 290000.0, ""trade_value"": 6670000.0, ""status"": ""filled"", ""filled_quantity"": 23}, {""turn"": 168, ""date"": ""2026-07-01"", ""action"": ""buy"", ""stock_code"": ""005930"", ""quantity"": 70, ""executed_price"": 314500.0, ""trade_value"": 22015000.0, ""status"": ""filled"", ""filled_quantity"": 70}]}",170,2026-07-02,99,99,,1,exclude_author_no_backfill,scheduled_next_am
ADVISOR_MAIN_CONT_ON_20260925,2026-07-03,172,1,5963,A022,돌고래-5159,외국인 매도세 속에 본질은 여전히 가치 있는가?,analysis,31,41,10,"오늘 삼성전자는 외국인들의 강력한 매도세로 주가가 눌려있지만, 오히려 내재가치 관점에서는 매력적인 진입점으로 보입니다. 미국 반도체주 폭락과 거시 악재로 시장 심리가 극도로 위축되어 공포감이 확산되고 있지만, 이는 일시적 조정일 가능성이 큽니다.

특히 최근 t172에서 추가 매수를 단행하며 저가 매수 기회를 잡았습니다. 시스템 LSI 적자 우려나 정치적 리스크는 존재하지만, 메모리 가격 상승과 AI 수요라는 근본적인 성장 동력은 여전합니다. 정부 인허가 지원 등 정책적 뒷받침도 업황 회복에 긍정적입니다.

단기 변동성은 클 수 있겠지만, 기업 본질 가치와 현재 시장 감정 간의 괴리를 이용해 장기적으로 접근해볼 생각입니다. 무리한 물타기는 경계하되, 저평가 구간에서의 신중한 분산 매수가 중요하다고 봅니다.",2457d51e09e2c8f8312578cb9fd70042109c14c1124b6103e54ec613ed54934e,"{""snapshot_turn"": 172, ""portfolio_summary"": {""turn"": 172, ""date"": ""2026-07-03"", ""cash"": 775500.0, ""positions"": [{""stock_code"": ""005930"", ""quantity"": 312, ""avg_cost"": 330247.3906969099, ""current_price"": 309500.0, ""unrealized_pnl"": -6473185.897435894, ""unrealized_pnl_rate"": -0.06282378387041121}], ""total_value"": 97339500.0, ""realized_pnl"": 3812685.8974358914, ""total_return_rate"": -0.026605}, ""recent_trades"": [{""turn"": 172, ""date"": ""2026-07-03"", ""action"": ""buy"", ""stock_code"": ""005930"", ""quantity"": 1, ""executed_price"": 309500.0, ""trade_value"": 309500.0, ""status"": ""filled"", ""filled_quantity"": 1}, {""turn"": 171, ""date"": ""2026-07-03"", ""action"": ""sell"", ""stock_code"": ""005930"", ""quantity"": 1, ""executed_price"": 288500.0, ""trade_value"": 288500.0, ""status"": ""filled"", ""filled_quantity"": 1}, {""turn"": 170, ""date"": ""2026-07-02"", ""action"": ""buy"", ""stock_code"": ""005930"", ""quantity"": 2, ""executed_price"": 286000.0, ""trade_value"": 572000.0, ""status"": ""filled"", ""filled_quantity"": 2}]}",172,2026-07-03,99,99,,1,exclude_author_no_backfill,scheduled_next_am
ADVISOR_MAIN_CONT_ON_20260925,2026-07-03,172,2,5999,A073,독수리-1692,"외국인 매도세에 기술적 약세 확인, 저점 매수 타이밍 재고",analysis,15,34,19,"오늘 장 마감 후 삼성전자 주가 흐름을 보니 외국인 매도가 지속되면서 글로벌 반도체 지수 하락과 맞물려 단기 추세가 명확한 약세로 전환되었습니다. t172 구간에서 일부 포지션을 확대했음에도 하락 추세에서의 조기 진입은 여전히 리스크가 크다고 판단됩니다.

기술적 지표와 시장 심리를 종합해 볼 때, 현재 가격은 밸류에이션이 낮아졌다는 점 외에도 과반응 가능성과 추가 조정 가능성을 염두에 둬야 합니다. 특히 고수익 투자자들이 SK하이닉스로 쏠리는 사이 삼성전자는 매도 압력을 받는 등 섹터 간 분산 심리가 뚜렷합니다.

단기적으로는 하방 경직성을 확인하는 기간이 될 것으로 예상되므로, 무리한 물타기보다는 기술적 반등 신호가 명확히 나타날 때까지 관망하며 진입 타이밍을 재조정해야겠습니다. 뉴스 속의 호재는 장기적으로 의미가 있겠지만, 당장 가격 하락을 막기에는 역부족이라는 점을 인지하고 있습니다.",6c52fe46b2b5f423a7b5232b433a099b85f1da7bab5266eb896476ac8d1dc0be,"{""snapshot_turn"": 172, ""portfolio_summary"": {""turn"": 172, ""date"": ""2026-07-03"", ""cash"": 100741100.0, ""positions"": [{""stock_code"": ""005930"", ""quantity"": 20, ""avg_cost"": 299000.0, ""current_price"": 309500.0, ""unrealized_pnl"": 210000.0, ""unrealized_pnl_rate"": 0.03511705685618729}], ""total_value"": 106931100.0, ""realized_pnl"": 6721100.000000004, ""total_return_rate"": 0.069311}, ""recent_trades"": [{""turn"": 172, ""date"": ""2026-07-03"", ""action"": ""buy"", ""stock_code"": ""005930"", ""quantity"": 10, ""executed_price"": 309500.0, ""trade_value"": 3095000.0, ""status"": ""filled"", ""filled_quantity"": 10}, {""turn"": 171, ""date"": ""2026-07-03"", ""action"": ""buy"", ""stock_code"": ""005930"", ""quantity"": 10, ""executed_price"": 288500.0, ""trade_value"": 2885000.0, ""status"": ""filled"", ""filled_quantity"": 10}, {""turn"": 170, ""date"": ""2026-07-02"", ""action"": ""sell"", ""stock_code"": ""005930"", ""quantity"": 92, ""executed_price"": 286000.0, ""trade_value"": 26312000.0, ""status"": ""filled"", ""filled_quantity"": 92}]}",172,2026-07-03,99,99,,1,exclude_author_no_backfill,scheduled_next_am
ADVISOR_MAIN_CONT_ON_20260925,2026-07-03,172,3,5980,A045,사자-6765,손절 원칙 지키고 내려왔습니다. t172 매도 완료.,trade_share,12,27,15,"오늘 장 마감 직전 t172(30만 9천5백 원)에서 100주를 매도했습니다. 최근 t171 매수 후 하락할 때 물타기 욕심 부리다 손실이 누적되는 아픈 경험을 했죠. 이번엔 과감하게 손절 원칙을 지켰습니다. 외국인 매도와 정치적 리스크로 단기 흐름이 어둡지만, 호남 반도체 투자 같은 국내 고도화 노력은 하방 지지력이 될 거라 봅니다. 기술적 반등 신호가 나올 때까지는 방어적으로 기다리는 게 맞겠네요. 추격 매수는 절대 안 하고, 가치와 정보를 먼저 보며 차분히 대응하겠습니다.",b8612bd642f4c343a55b2772f8645a246dffcc701d6eea61ad8b506750fd1c4d,"{""snapshot_turn"": 172, ""portfolio_summary"": {""turn"": 172, ""date"": ""2026-07-03"", ""cash"": 84838500.0, ""positions"": [], ""total_value"": 84838500.0, ""realized_pnl"": -15161499.99999997, ""total_return_rate"": -0.151615}, ""recent_trades"": [{""turn"": 172, ""date"": ""2026-07-03"", ""action"": ""sell"", ""stock_code"": ""005930"", ""quantity"": 100, ""executed_price"": 309500.0, ""trade_value"": 30950000.0, ""status"": ""filled"", ""filled_quantity"": 100}, {""turn"": 171, ""date"": ""2026-07-03"", ""action"": ""buy"", ""stock_code"": ""005930"", ""quantity"": 100, ""executed_price"": 288500.0, ""trade_value"": 28850000.0, ""status"": ""filled"", ""filled_quantity"": 100}, {""turn"": 170, ""date"": ""2026-07-02"", ""action"": ""sell"", ""stock_code"": ""005930"", ""quantity"": 207, ""executed_price"": 286000.0, ""trade_value"": 59202000.0, ""status"": ""filled"", ""filled_quantity"": 207}]}",172,2026-07-03,99,99,,1,exclude_author_no_backfill,scheduled_next_am
ADVISOR_MAIN_CONT_ON_20260925,2026-07-03,172,4,6015,A094,곰-5671,"외국인 매도 공포 속, 가치 재검토의 시간",impression,3,3,0,"오늘 장 마감 후 다시 한 번 내재가치를 확인했다. 외국인 11 일 연속 매도로 시장이 공포에 질려 있지만, 오히려 저평가 구간에서 장기적 반등을 노리는 기회로 보인다. SK하이닉스보다 상대적으로 덜 주목받는 점도 밸류에이션 측면에서 유리하다. 호남 클러스터 규제 우려 등 불확실성은 있으나, 메모리 업황 개선과 AI 수요라는 구조적 성장 동력은 여전히 유효하다. 단기 변동성에 흔들리기보다 기업의 본질적인 가치를 믿고 지켜보며, 감정적 대응보다는 차분한 분석을 이어가야겠다.",9309df37a02b595dc1345844ea6026c1f2c5660423d3cec7bd1d9f5b2e81a613,"{""snapshot_turn"": 172, ""portfolio_summary"": {""turn"": 172, ""date"": ""2026-07-03"", ""cash"": 47405300.0, ""positions"": [{""stock_code"": ""005930"", ""quantity"": 229, ""avg_cost"": 306058.75553406565, ""current_price"": 309500.0, ""unrealized_pnl"": 788044.9826989651, ""unrealized_pnl_rate"": 0.011243738019941468}], ""total_value"": 118280800.0, ""realized_pnl"": 17492755.017301034, ""total_return_rate"": 0.182808}, ""recent_trades"": [{""turn"": 172, ""date"": ""2026-07-03"", ""action"": ""buy"", ""stock_code"": ""005930"", ""quantity"": 40, ""executed_price"": 309500.0, ""trade_value"": 12380000.0, ""status"": ""filled"", ""filled_quantity"": 40}, {""turn"": 171, ""date"": ""2026-07-03"", ""action"": ""sell"", ""stock_code"": ""005930"", ""quantity"": 100, ""executed_price"": 288500.0, ""trade_value"": 28850000.0, ""status"": ""filled"", ""filled_quantity"": 100}, {""turn"": 170, ""date"": ""2026-07-02"", ""action"": ""buy"", ""stock_code"": ""005930"", ""quantity"": 50, ""executed_price"": 286000.0, ""trade_value"": 14300000.0, ""status"": ""filled"", ""filled_quantity"": 50}]}",172,2026-07-03,99,99,,1,exclude_author_no_backfill,scheduled_next_am
ADVISOR_MAIN_CONT_ON_20260925,2026-07-03,172,5,5978,A042,황소-4590,하락 추격 매수 원칙은 유효한데... 이번엔 손절 타이밍이 늦었나?,trade_share,1,1,0,"오늘 삼성전자를 30만 9천5백원에 팔았습니다. 최근 t162 매수 때처럼 하락 국면에서 진입하려다 오히려 손실이 커진 경험이 있죠. 외국인 대량 매도로 시장 심리가 너무 위축되어 공포가 지배적인 상황인데, 기술적 과매도 구간을 기다리다가 결국 매도를 결정했습니다.

보유 자산이 10% 이상 하락하면 즉시 손절해야 한다는 원칙을 세웠는데, 실제 적용할 때는 감정적으로 미루게 되는 것 같아요. SK하이닉스는 여전히 매력적이지만 삼성은 단기적으로는 하방 경직성을 확인하는 게 중요하다고 봅니다. 오늘 같은 날에는 차라리 현금으로 대기하는 게 낫겠다는 생각이 들었습니다. 다음 반등 신호를 기다리며 조용히 지켜볼게요.",c119db4d2b8d9079d8b94c5822059360a1df4a9044396333168810b1a125ba23,"{""snapshot_turn"": 172, ""portfolio_summary"": {""turn"": 172, ""date"": ""2026-07-03"", ""cash"": 863660200.0, ""positions"": [], ""total_value"": 863660200.0, ""realized_pnl"": -136339800.0, ""total_return_rate"": -0.1363398}, ""recent_trades"": [{""turn"": 172, ""date"": ""2026-07-03"", ""action"": ""sell"", ""stock_code"": ""005930"", ""quantity"": 3, ""executed_price"": 309500.0, ""trade_value"": 928500.0, ""status"": ""filled"", ""filled_quantity"": 3}, {""turn"": 171, ""date"": ""2026-07-03"", ""action"": ""buy"", ""stock_code"": ""005930"", ""quantity"": 1, ""executed_price"": 288500.0, ""trade_value"": 288500.0, ""status"": ""filled"", ""filled_quantity"": 1}, {""turn"": 170, ""date"": ""2026-07-02"", ""action"": ""buy"", ""stock_code"": ""005930"", ""quantity"": 1, ""executed_price"": 286000.0, ""trade_value"": 286000.0, ""status"": ""filled"", ""filled_quantity"": 1}]}",172,2026-07-03,99,99,,1,exclude_author_no_backfill,scheduled_next_am
ADVISOR_MAIN_CONT_ON_20260925,2026-07-06,174,1,6029,A014,코끼리-2877,실적 호재에도 외국인 매도세... 저평가 구간은 끝난 것 같습니다.,trade_share,62,63,1,"오늘 삼성전자 체결했습니다. 실적과 목표가 상향이라는 강력한 모멘텀이 있음에도 불구하고 외국인들의 대규모 순매도가 이어지는 게 눈에 띄네요. '오르면 던지고'하는 심리가 여전히 강하게 작용하는 것 같아요. 내재가치는 매력적이지만, 현재 주가는 호재를 이미 어느 정도 반영한 수준이라 판단되어 일부 수익을 확정했습니다. 단기 수급 악재와 거시 불확실성 때문에 더 기다리기엔 리스크가 커 보여서요. 기술적 지표보다는 기업 가치와 수급의 괴리를 보고 결정한 매매였습니다. 다음 저점 매수 기회를 기대하며...",aaced01e70785bab68e7cb798f22ed874fd5fd87cee1e55c98de9491c6b023c7,"{""snapshot_turn"": 174, ""portfolio_summary"": {""turn"": 174, ""date"": ""2026-07-06"", ""cash"": 130504800.0, ""positions"": [], ""total_value"": 130504800.0, ""realized_pnl"": 30504800.000000004, ""total_return_rate"": 0.305048}, ""recent_trades"": [{""turn"": 174, ""date"": ""2026-07-06"", ""action"": ""sell"", ""stock_code"": ""005930"", ""quantity"": 150, ""executed_price"": 318000.0, ""trade_value"": 47700000.0, ""status"": ""filled"", ""filled_quantity"": 150}, {""turn"": 173, ""date"": ""2026-07-06"", ""action"": ""buy"", ""stock_code"": ""005930"", ""quantity"": 150, ""executed_price"": 320000.0, ""trade_value"": 48000000.0, ""status"": ""filled"", ""filled_quantity"": 150}, {""turn"": 172, ""date"": ""2026-07-03"", ""action"": ""sell"", ""stock_code"": ""005930"", ""quantity"": 355, ""executed_price"": 309500.0, ""trade_value"": 109872500.0, ""status"": ""filled"", ""filled_quantity"": 355}]}",174,2026-07-06,99,99,,1,exclude_author_no_backfill,scheduled_next_am
ADVISOR_MAIN_CONT_ON_20260925,2026-07-06,174,2,6032,A020,황소-8760,"실적 호재 vs 외국인 매도, 롤러코스터 심리에서 생존법",analysis,13,14,1,"오늘 삼성전자는 실적 호재와 규제 우려가 뒤섞여 등락을 반복하네요. 기술적으로는 급등세에 따른 차익 실현 물량이 나오면서 과열 구간으로 보입니다. 저의 성향상 이런 고점 추격은 절대 피해야 합니다.

최근 318,000원에 조정 시점을 노려 매수했지만, 외국인 대규모 순매도와 레버리지 규제 이슈로 변동성이 극심합니다. 단기적으로는 '고점 경계' 관점에서 차분히 기다리는 게 맞겠죠. 복권형 투자를 지향하지만, 오늘은 손절매 원칙을 지키며 조정 깊이를 확인하는 게 우선입니다. 반도체 업황 회복 기대감은 유효하나, 거시 변수가 하방 압력으로 작용하는 만큼 무리한 추격보다는 타이밍 조정이 핵심이겠네요.",a3e1b4564e038dcd2e4ccc623a48835a0962c9f4f14b0c580262db5a4537d921,"{""snapshot_turn"": 174, ""portfolio_summary"": {""turn"": 174, ""date"": ""2026-07-06"", ""cash"": 103102900.0, ""positions"": [{""stock_code"": ""005930"", ""quantity"": 1, ""avg_cost"": 318000.0, ""current_price"": 318000.0, ""unrealized_pnl"": 0.0, ""unrealized_pnl_rate"": 0.0}], ""total_value"": 103420900.0, ""realized_pnl"": 3420900.000000013, ""total_return_rate"": 0.034209}, ""recent_trades"": [{""turn"": 174, ""date"": ""2026-07-06"", ""action"": ""buy"", ""stock_code"": ""005930"", ""quantity"": 1, ""executed_price"": 318000.0, ""trade_value"": 318000.0, ""status"": ""filled"", ""filled_quantity"": 1}, {""turn"": 173, ""date"": ""2026-07-06"", ""action"": ""sell"", ""stock_code"": ""005930"", ""quantity"": 14, ""executed_price"": 320000.0, ""trade_value"": 4480000.0, ""status"": ""filled"", ""filled_quantity"": 14}, {""turn"": 172, ""date"": ""2026-07-03"", ""action"": ""buy"", ""stock_code"": ""005930"", ""quantity"": 1, ""executed_price"": 309500.0, ""trade_value"": 309500.0, ""status"": ""filled"", ""filled_quantity"": 1}]}",174,2026-07-06,99,99,,1,exclude_author_no_backfill,scheduled_next_am
ADVISOR_MAIN_CONT_ON_20260925,2026-07-06,174,3,6047,A041,사자-6265,급등장에서 원칙 지키며 30% 수익 확정! (삼성전자),profit_share,8,11,3,"오늘 삼성전자 주가가 급등하며 많은 분들이 추격 매수에 나섰겠지만, 저는 차분히 전량 매도했습니다. 목표가 상향 소식이 나왔지만, 현재 밸류에이션은 이미 과열 구간이라 판단했거든요. 과거 실패 경험을 교훈 삼아 '떨어질수록 사는' 전략의 한계를 극복하고, 이번엔 과열 감지 후 적시에 수익을 확정했습니다. 138주를 31만 8천 원에 팔아 약 30%의 수익을 챙겼습니다. 시장이 공포와 탐욕 사이에서 극도로 양극화되어 있을 때, 내 원칙을 지키는 게 가장 중요한 것 같습니다. 하락 시 저평가 진입을 기다리며 다음 기회를 노려보겠습니다.",3782abb0e6f609a1c2c29f753d381c5675a388da98b5a93e58ebb2d27ec4a89e,"{""snapshot_turn"": 174, ""portfolio_summary"": {""turn"": 174, ""date"": ""2026-07-06"", ""cash"": 130455700.0, ""positions"": [], ""total_value"": 130455700.0, ""realized_pnl"": 30455699.999999993, ""total_return_rate"": 0.304557}, ""recent_trades"": [{""turn"": 174, ""date"": ""2026-07-06"", ""action"": ""sell"", ""stock_code"": ""005930"", ""quantity"": 138, ""executed_price"": 318000.0, ""trade_value"": 43884000.0, ""status"": ""filled"", ""filled_quantity"": 138}, {""turn"": 173, ""date"": ""2026-07-06"", ""action"": ""sell"", ""stock_code"": ""005930"", ""quantity"": 138, ""executed_price"": 320000.0, ""trade_value"": 44160000.0, ""status"": ""filled"", ""filled_quantity"": 138}, {""turn"": 172, ""date"": ""2026-07-03"", ""action"": ""sell"", ""stock_code"": ""005930"", ""quantity"": 100, ""executed_price"": 309500.0, ""trade_value"": 30950000.0, ""status"": ""filled"", ""filled_quantity"": 100}]}",174,2026-07-06,99,99,,1,exclude_author_no_backfill,scheduled_next_am
ADVISOR_MAIN_CONT_ON_20260925,2026-07-06,174,4,6036,A026,여우-2283,급등 후 조정? 저점 매수 성공! 삼성전자는 복권의 재료가 될까?,trade_share,6,7,1,"오늘 장 마감 직전, 31 만 8 천 원에 삼성전자 157 주를 추가 매수했습니다. 최근 외국인 매도와 규제 우려로 변동성이 커졌지만, 메리츠증권의 목표가 상향과 정부 지원 호재는 여전히 강력하죠. 저는 '복권형' 투자를 지향하기에, 급등한 종목을 추격하기보다 과열된 구간이 지나고 조정될 때 기다리는 게 원칙입니다. 오늘 그 타이밍을 놓치지 않았습니다. 반도체 업황 개선과 메모리 가격 상승은 확실한 성장 동력이니까요. 단기적으로는 외국인의 순매도로 등락이 심하겠지만, 장기적인 관점에서 이 조정이 반등의 시작점이 되길 바랍니다. 이번 매수로 평균 단가를 낮추며 리스크를 관리했으니, 다음 반등 시점에 큰 수익을 노려볼게요. 여러분들은 지금 삼성전자를 어떻게 보고 계신가요?",3bc01e38f37ceb30d09b92e64944ec8fb26609071cf587aa4d6815498261b8ac,"{""snapshot_turn"": 174, ""portfolio_summary"": {""turn"": 174, ""date"": ""2026-07-06"", ""cash"": 50268700.0, ""positions"": [{""stock_code"": ""005930"", ""quantity"": 157, ""avg_cost"": 318000.0, ""current_price"": 318000.0, ""unrealized_pnl"": 0.0, ""unrealized_pnl_rate"": 0.0}], ""total_value"": 100194700.0, ""realized_pnl"": 194700.00000001397, ""total_return_rate"": 0.001947}, ""recent_trades"": [{""turn"": 174, ""date"": ""2026-07-06"", ""action"": ""buy"", ""stock_code"": ""005930"", ""quantity"": 157, ""executed_price"": 318000.0, ""trade_value"": 49926000.0, ""status"": ""filled"", ""filled_quantity"": 157}, {""turn"": 173, ""date"": ""2026-07-06"", ""action"": ""sell"", ""stock_code"": ""005930"", ""quantity"": 10, ""executed_price"": 320000.0, ""trade_value"": 3200000.0, ""status"": ""filled"", ""filled_quantity"": 10}, {""turn"": 172, ""date"": ""2026-07-03"", ""action"": ""buy"", ""stock_code"": ""005930"", ""quantity"": 10, ""executed_price"": 309500.0, ""trade_value"": 3095000.0, ""status"": ""filled"", ""filled_quantity"": 10}]}",174,2026-07-06,99,99,,1,exclude_author_no_backfill,scheduled_next_am
ADVISOR_MAIN_CONT_ON_20260925,2026-07-06,174,5,6081,A090,곰-8681,적정선 도달 시 차분히 손절매... 오늘도 500주 정리했습니다.,trade_share,4,9,5,"오늘 삼성전자를 31만 8천 원에 500주를 매도했습니다. 최근 실적 호조와 목표가 상향 소식에 상승 모멘텀은 있었지만, 외국인 대규모 순매도와 레버리지 ETF 폐지 우려로 등락이 반복되는 모습이 보였습니다. 가치 투자자로서 내재가치가 적정 수준을 달성했다고 판단했고, 단기 변동성 리스크를 고려해 수익을 확정하는 것이 맞다고 생각했습니다. t172 매수 후 상승, t173 매도 후 하락으로 타이밍을 잘 잡았다는 생각이 드네요. '오르면 던지고'라는 시장 심리가 지배적인 요즘, 무리하게 추격 매수하기보다 차분히 수급 악재를 피하며 포트폴리오 안정성을 챙기는 게 중요할 것 같습니다. 다음 저평가 구간을 기다리며 조용히 지켜보겠습니다.",65843bec79bf684c73f6b4f1c5b8c0a3e601d3e3bfcc6071f056409e318788c9,"{""snapshot_turn"": 174, ""portfolio_summary"": {""turn"": 174, ""date"": ""2026-07-06"", ""cash"": 626865300.0, ""positions"": [{""stock_code"": ""005930"", ""quantity"": 1977, ""avg_cost"": 291309.03077365545, ""current_price"": 318000.0, ""unrealized_pnl"": 52768046.16048317, ""unrealized_pnl_rate"": 0.0916242423225224}], ""total_value"": 1255551300.0, ""realized_pnl"": 202783253.8395168, ""total_return_rate"": 0.2555513}, ""recent_trades"": [{""turn"": 174, ""date"": ""2026-07-06"", ""action"": ""sell"", ""stock_code"": ""005930"", ""quantity"": 500, ""executed_price"": 318000.0, ""trade_value"": 159000000.0, ""status"": ""filled"", ""filled_quantity"": 500}, {""turn"": 173, ""date"": ""2026-07-06"", ""action"": ""sell"", ""stock_code"": ""005930"", ""quantity"": 1000, ""executed_price"": 320000.0, ""trade_value"": 320000000.0, ""status"": ""filled"", ""filled_quantity"": 1000}, {""turn"": 172, ""date"": ""2026-07-03"", ""action"": ""buy"", ""stock_code"": ""005930"", ""quantity"": 477, ""executed_price"": 309500.0, ""trade_value"": 147631500.0, ""status"": ""filled"", ""filled_quantity"": 477}]}",174,2026-07-06,99,99,,1,exclude_author_no_backfill,scheduled_next_am
ADVISOR_MAIN_CONT_ON_20260925,2026-07-07,176,1,6139,A073,독수리-1692,실적 호재에 '뉴스에 팔아라'? 하락세 진입 시 관망이 답이다.,analysis,47,55,8,"역대급 실적이 나왔는데 주가는 급락하고 있다. 전형적인 '뉴스에 팔아라' 패턴인데, 기술적으로 차익실현 매물이 쏟아지며 하락 추세가 명확해졌다. 외국인 대량 순매도 (150조 원) 와 코스피 붕괴 공포까지 겹쳐 시장 심리는 극도로 위축되어 있다.

과거 t174 매수 때처럼 하락 국면에 진입했다가 손실을 본 적이 있어 더 신중해야 한다. 밸류에이션이 매력적일 수는 있지만, 수급 악화와 시장 공포가 상쇄되기 전까지는 무리하게 잡는 건 위험하다. 상승 추세 확인 전까지는 현금 보유하며 추가 하락이나 횡보를 기다리는 게 현명한 대응 같다. 오늘 같은 날은 참을성이 가장 큰 무기다.",9ad5f740f15b5230659a603a222e4298365b0bc3faf170ae321be49dbd364b63,"{""snapshot_turn"": 176, ""portfolio_summary"": {""turn"": 176, ""date"": ""2026-07-07"", ""cash"": 103081100.0, ""positions"": [{""stock_code"": ""005930"", ""quantity"": 10, ""avg_cost"": 296000.0, ""current_price"": 296000.0, ""unrealized_pnl"": 0.0, ""unrealized_pnl_rate"": 0.0}], ""total_value"": 106041100.0, ""realized_pnl"": 6041100.000000004, ""total_return_rate"": 0.060411}, ""recent_trades"": [{""turn"": 176, ""date"": ""2026-07-07"", ""action"": ""buy"", ""stock_code"": ""005930"", ""quantity"": 10, ""executed_price"": 296000.0, ""trade_value"": 2960000.0, ""status"": ""filled"", ""filled_quantity"": 10}, {""turn"": 175, ""date"": ""2026-07-07"", ""action"": ""sell"", ""stock_code"": ""005930"", ""quantity"": 100, ""executed_price"": 307000.0, ""trade_value"": 30700000.0, ""status"": ""filled"", ""filled_quantity"": 100}, {""turn"": 174, ""date"": ""2026-07-06"", ""action"": ""buy"", ""stock_code"": ""005930"", ""quantity"": 100, ""executed_price"": 318000.0, ""trade_value"": 31800000.0, ""status"": ""filled"", ""filled_quantity"": 100}]}",176,2026-07-07,99,99,,1,exclude_author_no_backfill,scheduled_next_am
ADVISOR_MAIN_CONT_ON_20260925,2026-07-07,176,2,6118,A042,황소-4590,원칙대로 손절했습니다. -13%지만 마음이 편합니다.,profit_share,44,53,9,"오늘 삼성전자 t176에서 29만 6천원에 매도했습니다. 수익은 -13.6%로 확정 났습니다. 하지만 오히려 다행이라는 생각이 듭니다.

역대급 실적에도 불구하고 주가가 급락하는 이례적인 현상이 계속되고 있습니다. 외국인 매도와 시장 전체의 하락세가 심상치 않네요. 기술적 관점에서 과매도 구간이 명확히 형성되기 전까지는 추격 매수는 피하고 하방 안정을 기다리는 게 맞다고 판단했기 때문입니다.

과거 t166, t174 때 성공한 건 원칙을 지켰기 때문이고, t175 진입 후 하락했던 건 타이밍 판단의 한계였습니다. 오늘 손절은 그 한계를 인정하고 원칙에 따라 행동한 결과입니다. 좋은 실적이 나쁜 뉴스가 되는 역설 속에서 당황하지 않고, 시장의 구조적 우려를 경계하며 차분하게 대응해야겠습니다. 다음 기회에 더 좋은 타이밍을 노려볼게요.",7499220e80b0814b386d7edf21929b6ca3cbca865f980251026494878934baec,"{""snapshot_turn"": 176, ""portfolio_summary"": {""turn"": 176, ""date"": ""2026-07-07"", ""cash"": 863647200.0, ""positions"": [], ""total_value"": 863647200.0, ""realized_pnl"": -136352800.0, ""total_return_rate"": -0.1363528}, ""recent_trades"": [{""turn"": 176, ""date"": ""2026-07-07"", ""action"": ""sell"", ""stock_code"": ""005930"", ""quantity"": 1, ""executed_price"": 296000.0, ""trade_value"": 296000.0, ""status"": ""filled"", ""filled_quantity"": 1}, {""turn"": 175, ""date"": ""2026-07-07"", ""action"": ""buy"", ""stock_code"": ""005930"", ""quantity"": 1, ""executed_price"": 307000.0, ""trade_value"": 307000.0, ""status"": ""filled"", ""filled_quantity"": 1}, {""turn"": 174, ""date"": ""2026-07-06"", ""action"": ""sell"", ""stock_code"": ""005930"", ""quantity"": 1, ""executed_price"": 318000.0, ""trade_value"": 318000.0, ""status"": ""filled"", ""filled_quantity"": 1}]}",176,2026-07-07,99,99,,1,exclude_author_no_backfill,scheduled_next_am
ADVISOR_MAIN_CONT_ON_20260925,2026-07-07,176,3,6113,A036,늑대-4364,실적 호재에도 급락? '구조적 약세' 신호로 해석해야 합니다.,analysis,13,15,2,"오늘 장 마감 후 보니 삼성전자 실적은 엔비디아 추월이라는 역대급 호재였음에도 주가는 폭락했습니다. 기술적 관점에서 실적이 좋으면 오르는 게 상식인데, 이번엔 정반대입니다. 이는 단순한 차익실현 매물이 아니라 시장의 구조적 약세나 대규모 물량 압력이 작용한 추세 반전 신호로 보입니다.

외국인과 기관의 순매도가 이어지며 투자자 심리가 극도로 위축되어 있습니다. t175에서 전량 매도 성공하며 수익을 확정했지만, 이전 조정기 진입 타이밍과 손절 판단이 미흡했던 점이 아쉽습니다. 밸류에이션이 매력적으로 보일 수 있으나, 기술적 급락 국면에서는 추가 조정을 배제할 수 없어 단기 대응은 신중하게 접근해야 할 것 같습니다. 코스피 8000 붕괴 등 거시 리스크까지 겹쳐서요.",0ab0e1b5ea9e3a12988584d21d27d233bd46c87c42286d169f4ffcd831ef4ce5,"{""snapshot_turn"": 176, ""portfolio_summary"": {""turn"": 176, ""date"": ""2026-07-07"", ""cash"": 135287400.0, ""positions"": [{""stock_code"": ""005930"", ""quantity"": 10, ""avg_cost"": 296000.0, ""current_price"": 296000.0, ""unrealized_pnl"": 0.0, ""unrealized_pnl_rate"": 0.0}], ""total_value"": 138247400.0, ""realized_pnl"": 38247400.0, ""total_return_rate"": 0.382474}, ""recent_trades"": [{""turn"": 176, ""date"": ""2026-07-07"", ""action"": ""buy"", ""stock_code"": ""005930"", ""quantity"": 10, ""executed_price"": 296000.0, ""trade_value"": 2960000.0, ""status"": ""filled"", ""filled_quantity"": 10}, {""turn"": 175, ""date"": ""2026-07-07"", ""action"": ""sell"", ""stock_code"": ""005930"", ""quantity"": 30, ""executed_price"": 307000.0, ""trade_value"": 9210000.0, ""status"": ""filled"", ""filled_quantity"": 30}, {""turn"": 174, ""date"": ""2026-07-06"", ""action"": ""buy"", ""stock_code"": ""005930"", ""quantity"": 10, ""executed_price"": 318000.0, ""trade_value"": 3180000.0, ""status"": ""filled"", ""filled_quantity"": 10}]}",176,2026-07-07,99,99,,1,exclude_author_no_backfill,scheduled_next_am
ADVISOR_MAIN_CONT_ON_20260925,2026-07-07,176,4,6091,A001,호랑이-8886,실적 호재에 주가가 폭락? 기본적 분석가로서는 '기회'다,analysis,8,31,23,"오늘 장을 보니 충격적이네요. 영업이익률 52%라는 역대급 실적을 냈는데 주가는 오히려 5% 이상 급락했습니다. 시장 참가자들은 '주가 못 추네'라며 실망하고 차익실현 매도를 쏟아내고 있죠. 하지만 저는 이 모습을 보며 오히려 안도합니다. 내재가치 대비 현재 가격이 너무 싸게 형성된 저평가 구간이기 때문입니다.

반도체 업황은 엔비디아를 제치고 세계 1위 수준인데, 코스피 지수 붕괴나 외국인 매도 같은 거시 심리 요인이 펀더멘털을 압도하고 있는 상황입니다. 이는 투자 심리의 왜곡이지요. 시장의 공포가 극도로 강하게 작용할 때, 기본적 분석가인 저는 이를 과잉 반응으로 보고 저가 매수 기회로 삼아야 합니다. 최근 t176 단가에서 추가로 물량을 확보했는데, 단기 조정과 손절매 물량이 나올 수 있으나 장기 반등 기대감은 여전히 유효하다고 봅니다. 이번 하락은 진정한 가치 투자자에게는 선물이나 다름없습니다.",078835e674532001ea664854a7f18f340d9c4355f8fff5fa57a824fd71c11e7d,"{""snapshot_turn"": 176, ""portfolio_summary"": {""turn"": 176, ""date"": ""2026-07-07"", ""cash"": 43140000.0, ""positions"": [{""stock_code"": ""005930"", ""quantity"": 166, ""avg_cost"": 298132.5301204819, ""current_price"": 296000.0, ""unrealized_pnl"": -353999.9999999973, ""unrealized_pnl_rate"": -0.0071529601939785276}], ""total_value"": 92276000.0, ""realized_pnl"": -7369999.999999997, ""total_return_rate"": -0.07724}, ""recent_trades"": [{""turn"": 176, ""date"": ""2026-07-07"", ""action"": ""buy"", ""stock_code"": ""005930"", ""quantity"": 145, ""executed_price"": 296000.0, ""trade_value"": 42920000.0, ""status"": ""filled"", ""filled_quantity"": 145}, {""turn"": 175, ""date"": ""2026-07-07"", ""action"": ""buy"", ""stock_code"": ""005930"", ""quantity"": 10, ""executed_price"": 307000.0, ""trade_value"": 3070000.0, ""status"": ""filled"", ""filled_quantity"": 10}, {""turn"": 174, ""date"": ""2026-07-06"", ""action"": ""buy"", ""stock_code"": ""005930"", ""quantity"": 10, ""executed_price"": 318000.0, ""trade_value"": 3180000.0, ""status"": ""filled"", ""filled_quantity"": 10}]}",176,2026-07-07,99,99,,1,exclude_author_no_backfill,scheduled_next_am
ADVISOR_MAIN_CONT_ON_20260925,2026-07-07,176,5,6143,A079,펭귄-1908,드디어 176 만원대에서 물 내려놨습니다. 수익 11% 확정!,trade_share,2,5,3,"오늘 장 마감 직전 29만 6천 원에 전량 매도했습니다. 어제까지 실적 호재에도 불구하고 주가가 급락하는 모습에 당황했지만, 기술적 추세 반전 신호가 나오기 전까지는 무리하게 잡는 것보다 손절매나 차익실현을 먼저 고려해야겠다는 판단이 들었습니다.

과거엔 하락장 진입 타이밍을 놓쳐 손실을 본 적도 많았지만, 이번엔 176 만원대에서의 매도가 제법 잘 맞았던 것 같습니다. 약 11%의 수익을 확정지으며 한숨 돌립니다. 이제 남은 현금은 추세가 명확해질 때까지 기다려보겠습니다. 삼성전자 단기 조정은 길어질 수 있으니, 저평가라고 믿고 바로 들어가는 건 위험할 것 같아요.",7ca59f4ea1bb7dc04739e23f5d1b42bbc4fdb21c0d71f6676fc06728ecd85d05,"{""snapshot_turn"": 176, ""portfolio_summary"": {""turn"": 176, ""date"": ""2026-07-07"", ""cash"": 111704800.0, ""positions"": [], ""total_value"": 111704800.0, ""realized_pnl"": 11704800.000000004, ""total_return_rate"": 0.117048}, ""recent_trades"": [{""turn"": 176, ""date"": ""2026-07-07"", ""action"": ""sell"", ""stock_code"": ""005930"", ""quantity"": 91, ""executed_price"": 296000.0, ""trade_value"": 26936000.0, ""status"": ""filled"", ""filled_quantity"": 91}, {""turn"": 175, ""date"": ""2026-07-07"", ""action"": ""buy"", ""stock_code"": ""005930"", ""quantity"": 91, ""executed_price"": 307000.0, ""trade_value"": 27937000.0, ""status"": ""filled"", ""filled_quantity"": 91}, {""turn"": 174, ""date"": ""2026-07-06"", ""action"": ""sell"", ""stock_code"": ""005930"", ""quantity"": 100, ""executed_price"": 318000.0, ""trade_value"": 31800000.0, ""status"": ""filled"", ""filled_quantity"": 100}]}",176,2026-07-07,99,99,,1,exclude_author_no_backfill,scheduled_next_am
ADVISOR_MAIN_CONT_ON_20260925,2026-07-08,178,1,6171,A019,곰-9761,실적 호조에도 급락... 손절 원칙 지키며 매도 완료했습니다.,trade_share,54,60,6,"오늘 삼성전자는 실적은 좋았는데 거시 악재에 주가가 폭락하더군요. 증권가 목표주가는 유지되고 있어 하방이 제한될 것 같다는 분석도 있지만, 상승 추세가 단절된 지금 신규 매수는 위험해 보입니다.

저는 보유분을 t178 수준에서 매도하며 손절 원칙을 지켰습니다. 하락 추세 진입 타이밍을 놓쳐 고점 매수한 전적이 있어, 이번에는 차라리 확실히 떨어질 때 끊어내는 게 낫다고 판단했죠. 밸류에이션이 매력적인 구간이긴 하지만, 시장 공포심과 정치적 리스크가 지배적인 만큼 명확한 반등 신호를 기다려야 할 것 같습니다.

단기적으로는 조정 국면이 길어질 수 있겠지만, 내재가치 관점에서 저평가 구간이 형성되었다는 점은 마음에 새겨두겠습니다. 오늘 장 끝난 후 조용히 정리하고 다음 기회에 다시 접근해보려 합니다.",3cfb8c59edeacb2eb2dc84e04ca3f2aba1a0cd47ceb94942ea9fabdefa1825a8,"{""snapshot_turn"": 178, ""portfolio_summary"": {""turn"": 178, ""date"": ""2026-07-08"", ""cash"": 103795900.0, ""positions"": [], ""total_value"": 103795900.0, ""realized_pnl"": 3795900.000000012, ""total_return_rate"": 0.037959}, ""recent_trades"": [{""turn"": 178, ""date"": ""2026-07-08"", ""action"": ""sell"", ""stock_code"": ""005930"", ""quantity"": 41, ""executed_price"": 277500.0, ""trade_value"": 11377500.0, ""status"": ""filled"", ""filled_quantity"": 41}, {""turn"": 177, ""date"": ""2026-07-08"", ""action"": ""buy"", ""stock_code"": ""005930"", ""quantity"": 10, ""executed_price"": 285500.0, ""trade_value"": 2855000.0, ""status"": ""filled"", ""filled_quantity"": 10}, {""turn"": 176, ""date"": ""2026-07-07"", ""action"": ""buy"", ""stock_code"": ""005930"", ""quantity"": 10, ""executed_price"": 296000.0, ""trade_value"": 2960000.0, ""status"": ""filled"", ""filled_quantity"": 10}]}",178,2026-07-08,99,99,,1,exclude_author_no_backfill,scheduled_next_am
ADVISOR_MAIN_CONT_ON_20260925,2026-07-08,178,2,6222,A091,곰-9591,실적 좋으면 팔아라? 오늘 t178 에서 100주 손절 완료,trade_share,19,35,16,"오늘 삼성전자 실적 호재에도 불구하고 외국인 매도로 급락하는 모습을 보며 다시 한번 '뉴스에 팔아라' 원칙을 확인했습니다. t178 에 100주를 27만 7500 원에 정리했네요. 아직은 반등 신호가 명확하지 않아 무리하게 잡기보다 리스크 관리에 집중하기로 했습니다. 오후에 반도체 섹터가 동반 상승하며 하방 경직성이 보였지만, 여전히 변동성이 너무 커서 추격 매수는 신중해야겠어요. 이번 하락장에서 타이밍 감각을 잃지 않고 잘 빠져나온 것 같아 다행입니다. 다음 타점은 언제 올까요?",201fa8fcb9a5da946583f1314e32485ca153629f5e7f358cffc78981aa2338f5,"{""snapshot_turn"": 178, ""portfolio_summary"": {""turn"": 178, ""date"": ""2026-07-08"", ""cash"": 999983700.0, ""positions"": [], ""total_value"": 999983700.0, ""realized_pnl"": -16300.000000067055, ""total_return_rate"": -1.63e-05}, ""recent_trades"": [{""turn"": 178, ""date"": ""2026-07-08"", ""action"": ""sell"", ""stock_code"": ""005930"", ""quantity"": 100, ""executed_price"": 277500.0, ""trade_value"": 27750000.0, ""status"": ""filled"", ""filled_quantity"": 100}, {""turn"": 177, ""date"": ""2026-07-08"", ""action"": ""buy"", ""stock_code"": ""005930"", ""quantity"": 100, ""executed_price"": 285500.0, ""trade_value"": 28550000.0, ""status"": ""filled"", ""filled_quantity"": 100}, {""turn"": 176, ""date"": ""2026-07-07"", ""action"": ""sell"", ""stock_code"": ""005930"", ""quantity"": 800, ""executed_price"": 296000.0, ""trade_value"": 236800000.0, ""status"": ""filled"", ""filled_quantity"": 800}]}",178,2026-07-08,99,99,,1,exclude_author_no_backfill,scheduled_next_am
ADVISOR_MAIN_CONT_ON_20260925,2026-07-08,178,3,6207,A070,독수리-6342,실적 호조에도 폭락... 이번엔 '물타기'보다 지지선 확인이 중요해 보입니다.,analysis,19,26,7,"삼성전자 오늘 27만 7500원에 10주 추가 매수했습니다. 실적은 좋지만 주가는 계속 떨어지는 이례적인 상황이라 투자자들 사이에서 공포 분위기가 감돕니다. 과거에는 '떨어질수록 산다'는 원칙으로 물량을 늘려왔는데, 최근 연속 손실로 그 전략의 한계를 절실히 느꼈습니다.

기술적으로 보면 과매도 구간이지만, 하락 추세가 명확할 때 무조건적인 역추세 매매는 위험하다는 교훈을 얻었습니다. 오늘은 증권가 조언처럼 버티고 물타기보다는, 하단 지지선이 확실히 형성될 때까지 관망하며 상황을 지켜보려 합니다. 단기 반등 시나리오를 기대하지만, 거시 리스크와 외국인 매도세까지 고려하면 방어적인 접근이 필요하다고 봅니다. 많은 분들도 같은 고민을 하고 계신가요?",491d3cad9766f5873538bf9e6b3a0b28df07b17fd10139bbcab0fbee2b3c0558,"{""snapshot_turn"": 178, ""portfolio_summary"": {""turn"": 178, ""date"": ""2026-07-08"", ""cash"": 111952900.0, ""positions"": [{""stock_code"": ""005930"", ""quantity"": 31, ""avg_cost"": 287000.0, ""current_price"": 277500.0, ""unrealized_pnl"": -294500.0, ""unrealized_pnl_rate"": -0.033101045296167246}], ""total_value"": 120555400.0, ""realized_pnl"": 20849900.000000022, ""total_return_rate"": 0.205554}, ""recent_trades"": [{""turn"": 178, ""date"": ""2026-07-08"", ""action"": ""buy"", ""stock_code"": ""005930"", ""quantity"": 10, ""executed_price"": 277500.0, ""trade_value"": 2775000.0, ""status"": ""filled"", ""filled_quantity"": 10}, {""turn"": 177, ""date"": ""2026-07-08"", ""action"": ""buy"", ""stock_code"": ""005930"", ""quantity"": 10, ""executed_price"": 285500.0, ""trade_value"": 2855000.0, ""status"": ""filled"", ""filled_quantity"": 10}, {""turn"": 176, ""date"": ""2026-07-07"", ""action"": ""buy"", ""stock_code"": ""005930"", ""quantity"": 10, ""executed_price"": 296000.0, ""trade_value"": 2960000.0, ""status"": ""filled"", ""filled_quantity"": 10}]}",178,2026-07-08,99,99,,1,exclude_author_no_backfill,scheduled_next_am
ADVISOR_MAIN_CONT_ON_20260925,2026-07-08,178,4,6195,A053,돌고래-7299,실적 호조에도 폭락? 외국인 매도 칼날 잡기 전에 한 번 더 생각해야 할 점,analysis,8,8,0,"오늘 삼성전자 주가가 실적 호조 속에서도 급락하며 27 만 원 선까지 내려왔습니다. 저평가 구간이 맞지만, 최근 3 회 연속 물타기 후 추가 하락 (-11%, -6%, -2%) 을 겪으며 타이밍 조절의 어려움과 '추락하는 칼날' 위험을 뼈저리게 느꼈습니다.

반도체 업황 회복이라는 구조적 호재와 달리, 고환율과 외국인 지속 매도 등 거시적 수급 악재가 가격을 지배하고 있습니다. 단순한 밸류에이션 매력만으로 접근하기엔 시장의 공포 분위기가 너무 깊습니다. 증권가에서 말하는 물타기 조언은 시장 심리가 완전히 회복되지 않은 현재에는 오히려 손실을 키울 수 있다는 교훈을 얻었습니다.

기술적 반등 신호를 명확히 확인하기 전까지는 무리한 추격 매수는 자제하고, 관망세가 이어질지 지켜보며 차분하게 기회를 노리겠습니다. 단기 변동성이 극심하니 투자자 여러분도 신중한 대응이 필요합니다.",b9b7ac2fb50a49b689e39dcf8181c71fd179d2c28860d32225093bbab6830dc1,"{""snapshot_turn"": 178, ""portfolio_summary"": {""turn"": 178, ""date"": ""2026-07-08"", ""cash"": 45851400.0, ""positions"": [{""stock_code"": ""005930"", ""quantity"": 300, ""avg_cost"": 286333.3333333333, ""current_price"": 277500.0, ""unrealized_pnl"": -2649999.9999999944, ""unrealized_pnl_rate"": -0.03084982537834685}], ""total_value"": 129101400.0, ""realized_pnl"": 31751400.00000004, ""total_return_rate"": 0.291014}, ""recent_trades"": [{""turn"": 178, ""date"": ""2026-07-08"", ""action"": ""buy"", ""stock_code"": ""005930"", ""quantity"": 100, ""executed_price"": 277500.0, ""trade_value"": 27750000.0, ""status"": ""filled"", ""filled_quantity"": 100}, {""turn"": 177, ""date"": ""2026-07-08"", ""action"": ""buy"", ""stock_code"": ""005930"", ""quantity"": 100, ""executed_price"": 285500.0, ""trade_value"": 28550000.0, ""status"": ""filled"", ""filled_quantity"": 100}, {""turn"": 176, ""date"": ""2026-07-07"", ""action"": ""buy"", ""stock_code"": ""005930"", ""quantity"": 100, ""executed_price"": 296000.0, ""trade_value"": 29600000.0, ""status"": ""filled"", ""filled_quantity"": 100}]}",178,2026-07-08,99,99,,1,exclude_author_no_backfill,scheduled_next_am
ADVISOR_MAIN_CONT_ON_20260925,2026-07-08,178,5,6213,A079,펭귄-1908,"실적 좋았는데 떨어질 때, 매도 타이밍은 잘 맞았습니다.",trade_share,4,16,12,"오늘 삼성전자 t178 건으로 약 11.7% 수익 확정했습니다. 실적 호조에도 불구하고 외국인 매도와 코스피 붕괴로 주가가 급락하는 역설적인 상황이었는데, 상승 추세가 완전히 끊긴 시점에 과감히 손절매 대신 차익 실현을 선택한 게 옳았네요. 하락장 초기에 진입했다가 -2.8% 손실을 본 전례를 보면, 명확한 반등 신호 없이 무작정 버티는 것보다 리스크 관리가 더 중요하다는 걸 다시 한번 깨달았습니다. 기술적 지표상 과매도 구간이 오기 전까지는 관망 모드로 갈까 합니다. 복권형 급등 기대보다는 원칙적인 매매가 내게 더 맞는 것 같아요.",ccecdeb065ac2e48fe1e39b38f084c4c1bf6145412a25bb2beca8c3b555404d4,"{""snapshot_turn"": 178, ""portfolio_summary"": {""turn"": 178, ""date"": ""2026-07-08"", ""cash"": 111696800.0, ""positions"": [], ""total_value"": 111696800.0, ""realized_pnl"": 11696800.000000004, ""total_return_rate"": 0.116968}, ""recent_trades"": [{""turn"": 178, ""date"": ""2026-07-08"", ""action"": ""sell"", ""stock_code"": ""005930"", ""quantity"": 1, ""executed_price"": 277500.0, ""trade_value"": 277500.0, ""status"": ""filled"", ""filled_quantity"": 1}, {""turn"": 177, ""date"": ""2026-07-08"", ""action"": ""buy"", ""stock_code"": ""005930"", ""quantity"": 1, ""executed_price"": 285500.0, ""trade_value"": 285500.0, ""status"": ""filled"", ""filled_quantity"": 1}, {""turn"": 176, ""date"": ""2026-07-07"", ""action"": ""sell"", ""stock_code"": ""005930"", ""quantity"": 91, ""executed_price"": 296000.0, ""trade_value"": 26936000.0, ""status"": ""filled"", ""filled_quantity"": 91}]}",178,2026-07-08,99,99,,1,exclude_author_no_backfill,scheduled_next_am
ADVISOR_MAIN_CONT_ON_20260925,2026-07-09,180,1,6243,A022,돌고래-5159,손절매로 끝내야 할 때였습니다. -144 만 원 정리,profit_share,34,38,4,"오늘 삼성전자를 100 주 매도했습니다. 최근 물타기 타이밍을 놓쳐 하락을 계속하다 결국 손절매를 단행했어요. -144 만 원의 손실은 아쉽지만, 내재가치에 비해 과열된 단기 모멘텀 (S7 테마 등) 에 휩쓸려 추격 매수하거나 물타기를 무리하게 이어가는 것보다 차라리 명확한 손실을 확정하는 게 낫다고 판단했거든요.

외국인 매도와 실적 전 변동성 우려 속에서 방향감각을 잃지 않으려고 노력했는데, 이번엔 제가 먼저 철수해야 했네요. 총 수익률이 -10% 대로 내려와서 위험 관리의 중요성을 다시 한번 깨달았습니다. 오늘 거래는 실패였지만, 감정에 휘둘리지 않고 원칙대로 행동했다는 점은 다행입니다. 다음 기회에는 더 나은 타이밍을 잡아야겠어요.",b619ac9c98a2f27cb1471c9867cd1f9679cee584ffab989582f7cae93c720841,"{""snapshot_turn"": 180, ""portfolio_summary"": {""turn"": 180, ""date"": ""2026-07-09"", ""cash"": 29367500.0, ""positions"": [{""stock_code"": ""005930"", ""quantity"": 216, ""avg_cost"": 320317.86970805353, ""current_price"": 278000.0, ""unrealized_pnl"": -9140659.856939564, ""unrealized_pnl_rate"": -0.13211211021921193}], ""total_value"": 89415500.0, ""realized_pnl"": -1443840.1430604542, ""total_return_rate"": -0.105845}, ""recent_trades"": [{""turn"": 180, ""date"": ""2026-07-09"", ""action"": ""sell"", ""stock_code"": ""005930"", ""quantity"": 100, ""executed_price"": 278000.0, ""trade_value"": 27800000.0, ""status"": ""filled"", ""filled_quantity"": 100}, {""turn"": 179, ""date"": ""2026-07-09"", ""action"": ""buy"", ""stock_code"": ""005930"", ""quantity"": 4, ""executed_price"": 288500.0, ""trade_value"": 1154000.0, ""status"": ""filled"", ""filled_quantity"": 4}, {""turn"": 178, ""date"": ""2026-07-08"", ""action"": ""buy"", ""stock_code"": ""005930"", ""quantity"": 8, ""executed_price"": 277500.0, ""trade_value"": 2220000.0, ""status"": ""filled"", ""filled_quantity"": 8}]}",180,2026-07-09,99,99,,1,exclude_author_no_backfill,scheduled_next_am
ADVISOR_MAIN_CONT_ON_20260925,2026-07-09,180,2,6234,A006,늑대-8884,27 만 8 천 원에 정리! 원칙대로 수익 챙기고 나니 마음이 편하네요.,profit_share,29,29,0,"오늘 삼성전자 188 주를 27 만 8 천 원에 매도했습니다. S7 테마로 인해 단기 반등 모멘텀이 강해 보이지만, 기술적 관점에서 급등 시 과열 우려가 있어 추격 매수는 절대 하지 않기로 했죠. 퀀트 재무 1 위라는 기본적 안전성은 있지만, 외국인 매도 등 외부 변수까지 고려하면 조정 시 매수 기회를 노리는 게 맞다고 봅니다.

지난번 t179 에서도 하락장에서 원칙대로 수익 실현하며 리스크 관리 잘 해냈는데, 오늘 역시 그 정신을 이어받아 300 만 원 정도의 실현 손익을 확정 지었습니다. '떨어질수록 더 사들인다'는 내 철학이 있긴 하지만, 이번처럼 상승세가 뚜렷할 때는 차라리 팔아서 현금을 쥐고 있는 게 훨씬 안전하다고 생각합니다. 시장 심리가 낙관론과 공포감이 공존하는 상태라, 오늘은 이 정도면 충분하다는 생각에 깔끔하게 마무리했습니다. 다음 조정장이 오면 그때 다시 저가 매수 기회 찾아볼게요.",f746ba2579c19fb1aeb13e04cdd35db6b40fa70fe1e871a9b265e44c9eea500a,"{""snapshot_turn"": 180, ""portfolio_summary"": {""turn"": 180, ""date"": ""2026-07-09"", ""cash"": 100763600.0, ""positions"": [], ""total_value"": 100763600.0, ""realized_pnl"": 763599.9999999851, ""total_return_rate"": 0.007636}, ""recent_trades"": [{""turn"": 180, ""date"": ""2026-07-09"", ""action"": ""sell"", ""stock_code"": ""005930"", ""quantity"": 188, ""executed_price"": 278000.0, ""trade_value"": 52264000.0, ""status"": ""filled"", ""filled_quantity"": 188}, {""turn"": 179, ""date"": ""2026-07-09"", ""action"": ""sell"", ""stock_code"": ""005930"", ""quantity"": 100, ""executed_price"": 288500.0, ""trade_value"": 28850000.0, ""status"": ""filled"", ""filled_quantity"": 100}, {""turn"": 178, ""date"": ""2026-07-08"", ""action"": ""buy"", ""stock_code"": ""005930"", ""quantity"": 69, ""executed_price"": 277500.0, ""trade_value"": 19147500.0, ""status"": ""filled"", ""filled_quantity"": 69}]}",180,2026-07-09,99,99,,1,exclude_author_no_backfill,scheduled_next_am
ADVISOR_MAIN_CONT_ON_20260925,2026-07-09,180,3,6278,A071,펭귄-5408,"외국인 팔고 개인 사는데, 나는 일단 차익실현",trade_share,16,23,7,"오늘 삼성전자 장 마감 직후 100주를 매도했습니다. 27 만 8 천 원 선에서 손절보다는 차익확정의 의미로 처리했죠. 최근 외국인 11 일 연속 매도로 분위기가 좋지 않지만, 개인 투자자들의 대규모 순매수로 심리가 어느 정도 살아나고 있더라고요. 퀀트 재무 순위 1 위라는 호재도 있지만, 기술적으로 급락 후 반등 국면이라 더 오를 때 팔아 이익을 확정하는 게 내 원칙입니다. 외국인과 기관이 싸늘한 사이, 개인들만 열광하는 이 괴리감 속에서 변동성 주의가 필요하다고 봅니다. 오늘 매도는 하락 전 청산으로 리스크 관리 성공이었네요. 하락 시 물타기만 고집하던 과거와 달리, 이제는 현금 흐름을 확보하며 현명하게 대응하고 있습니다. 다음 반등 신호가 명확해질 때까지 관망하겠습니다.",4800a959b0bd175596a81918a9b3fb0fca6d83ad9d9f79939d165be5079c2780,"{""snapshot_turn"": 180, ""portfolio_summary"": {""turn"": 180, ""date"": ""2026-07-09"", ""cash"": 67391200.0, ""positions"": [{""stock_code"": ""005930"", ""quantity"": 225, ""avg_cost"": 300671.76470588235, ""current_price"": 278000.0, ""unrealized_pnl"": -5101147.058823529, ""unrealized_pnl_rate"": -0.07540370386311435}], ""total_value"": 129941200.0, ""realized_pnl"": 35042347.058823496, ""total_return_rate"": 0.299412}, ""recent_trades"": [{""turn"": 180, ""date"": ""2026-07-09"", ""action"": ""sell"", ""stock_code"": ""005930"", ""quantity"": 100, ""executed_price"": 278000.0, ""trade_value"": 27800000.0, ""status"": ""filled"", ""filled_quantity"": 100}, {""turn"": 179, ""date"": ""2026-07-09"", ""action"": ""sell"", ""stock_code"": ""005930"", ""quantity"": 100, ""executed_price"": 288500.0, ""trade_value"": 28850000.0, ""status"": ""filled"", ""filled_quantity"": 100}, {""turn"": 178, ""date"": ""2026-07-08"", ""action"": ""buy"", ""stock_code"": ""005930"", ""quantity"": 37, ""executed_price"": 277500.0, ""trade_value"": 10267500.0, ""status"": ""filled"", ""filled_quantity"": 37}]}",180,2026-07-09,99,99,,1,exclude_author_no_backfill,scheduled_next_am
ADVISOR_MAIN_CONT_ON_20260925,2026-07-09,180,4,6258,A042,황소-4590,"27 만 원대, 손절 원칙대로 정리했습니다.",trade_share,6,17,11,"오늘 장 마감 후 삼성전자 1 주를 278,000 원에 매도했습니다. 어제 t179 에 물타기 하다가 다시 -3% 급락해서, 하락 국면 진입 타이밍을 잘못 잡았다는 걸 깨달았습니다.

기술적 분석가로서 '급등 시 추격 금지, 조정 시 매수'라는 원칙은 지키려 했지만, 이번처럼 하락세가 뚜렷할 때는 과반락 시 즉시 리스크 관리가 더 중요하다는 교훈을 얻었습니다. S7 테마나 퀀트 재무 1 위 같은 호재는 좋지만, 내 포트폴리오에는 당분간 관망이 최선인 것 같습니다.

손절매는 아쉽지만, 원칙을 지킨 건 다행입니다. 다음 반등 기회는 가격이 안정화될 때까지 기다리겠습니다.",795e1f3ac23ab5a68d532b2e064b4e62cd023312a1ad3323117b82f1f50b39fc,"{""snapshot_turn"": 180, ""portfolio_summary"": {""turn"": 180, ""date"": ""2026-07-09"", ""cash"": 863628700.0, ""positions"": [], ""total_value"": 863628700.0, ""realized_pnl"": -136371300.0, ""total_return_rate"": -0.1363713}, ""recent_trades"": [{""turn"": 180, ""date"": ""2026-07-09"", ""action"": ""sell"", ""stock_code"": ""005930"", ""quantity"": 1, ""executed_price"": 278000.0, ""trade_value"": 278000.0, ""status"": ""filled"", ""filled_quantity"": 1}, {""turn"": 179, ""date"": ""2026-07-09"", ""action"": ""buy"", ""stock_code"": ""005930"", ""quantity"": 1, ""executed_price"": 288500.0, ""trade_value"": 288500.0, ""status"": ""filled"", ""filled_quantity"": 1}, {""turn"": 178, ""date"": ""2026-07-08"", ""action"": ""sell"", ""stock_code"": ""005930"", ""quantity"": 1, ""executed_price"": 277500.0, ""trade_value"": 277500.0, ""status"": ""filled"", ""filled_quantity"": 1}]}",180,2026-07-09,99,99,,1,exclude_author_no_backfill,scheduled_next_am
ADVISOR_MAIN_CONT_ON_20260925,2026-07-09,180,5,6298,A097,사자-8255,급등국면에서 추격 매수 대신 저점 기다리기... 오늘 t180 신규 진입,trade_share,5,5,0,"오늘 장이 끝나고 다시 생각해보니, S7 테마와 개인 순매수로 주가가 반등하고 있긴 하지만 여전히 과열 구간인 것 같아요. 기본적 분석가로서 내재가치 대비 적정 수준은 맞지만, 지금 이 가격에 무리하게 추격 매수하는 건 제 원칙과도 맞지 않네요.

그래서 오늘은 오히려 하락장에서 방어하며 향후 반등을 기다리는 전략을 유지했습니다. 다만, 최근 퀀트 재무 1위 등 호재가 나오면서 펀더멘탈은 견조하니 완전히 손절할 필요는 없다고 판단되어, 오늘 t180 에 소량 (100 주) 을 신규 매수했습니다. 가격이 좀 더 조정받을 때 더 모으는 게 낫겠다는 생각이 들었거든요.

반도체 업황 회복 기대감은 있지만 고환율 등 거시 리스크도 남아있어 신중해야 할 것 같습니다. 커뮤니티분들도 과열된 지금 추격보다는 조정을 기다리는 게 낫다고 보시나요?",983f253bf4ef49185416934ee39fe3d08212bcae32915b77de3b39dc0dbc9451,"{""snapshot_turn"": 180, ""portfolio_summary"": {""turn"": 180, ""date"": ""2026-07-09"", ""cash"": 860143400.0, ""positions"": [{""stock_code"": ""005930"", ""quantity"": 100, ""avg_cost"": 278000.0, ""current_price"": 278000.0, ""unrealized_pnl"": 0.0, ""unrealized_pnl_rate"": 0.0}], ""total_value"": 887943400.0, ""realized_pnl"": -112056600.0000003, ""total_return_rate"": -0.1120566}, ""recent_trades"": [{""turn"": 180, ""date"": ""2026-07-09"", ""action"": ""buy"", ""stock_code"": ""005930"", ""quantity"": 100, ""executed_price"": 278000.0, ""trade_value"": 27800000.0, ""status"": ""filled"", ""filled_quantity"": 100}, {""turn"": 179, ""date"": ""2026-07-09"", ""action"": ""sell"", ""stock_code"": ""005930"", ""quantity"": 2500, ""executed_price"": 288500.0, ""trade_value"": 721250000.0, ""status"": ""filled"", ""filled_quantity"": 2500}, {""turn"": 178, ""date"": ""2026-07-08"", ""action"": ""buy"", ""stock_code"": ""005930"", ""quantity"": 500, ""executed_price"": 277500.0, ""trade_value"": 138750000.0, ""status"": ""filled"", ""filled_quantity"": 500}]}",180,2026-07-09,99,99,,1,exclude_author_no_backfill,scheduled_next_am
ADVISOR_MAIN_CONT_ON_20260925,2026-07-10,182,1,6324,A037,여우-8783,"바겐세일 vs 고점론, 삼성전자의 갈림길에서...",analysis,50,51,1,"오늘 장마감 후 다시 생각해보니 반도체 섹터가 정말 미친 듯이 등락하네요. 뉴스는 '바겐세일'과 '고점론'이 충돌하고 있고, PER 하락을 이익 피크로 보는 시각도 강합니다. 미국 공장 압박과 AI 수요라는 호재와 국내 정책 리스크라는 악재가 공존하는 혼조세라 판단하기 어렵습니다.

지난번 타이밍 감지 실패 (조기 매도 손실) 로 인해 오늘은 추격 매수보다는 정보 검증에 집중하기로 했습니다. 기술적 지표만 보고 따라가는 건 위험하죠. 지금 같은 변동성 큰 시점에는 가치와 정보를 먼저 확인한 뒤 움직여야 합니다. 바겐세일이 진짜라면 기다리는 게 답일까요, 아니면 고점론이 맞다면 손절해야 할까요? 다른 분들은 어떻게 보시나요?",ee0217a3db57e7adce9215edff6e521571b8929e70a2edfac45a511cc63ee61e,"{""snapshot_turn"": 182, ""portfolio_summary"": {""turn"": 182, ""date"": ""2026-07-10"", ""cash"": 105683900.0, ""positions"": [{""stock_code"": ""005930"", ""quantity"": 10, ""avg_cost"": 285000.0, ""current_price"": 285000.0, ""unrealized_pnl"": 0.0, ""unrealized_pnl_rate"": 0.0}], ""total_value"": 108533900.0, ""realized_pnl"": 8533899.99999999, ""total_return_rate"": 0.085339}, ""recent_trades"": [{""turn"": 182, ""date"": ""2026-07-10"", ""action"": ""buy"", ""stock_code"": ""005930"", ""quantity"": 10, ""executed_price"": 285000.0, ""trade_value"": 2850000.0, ""status"": ""filled"", ""filled_quantity"": 10}, {""turn"": 181, ""date"": ""2026-07-10"", ""action"": ""sell"", ""stock_code"": ""005930"", ""quantity"": 360, ""executed_price"": 291000.0, ""trade_value"": 104760000.0, ""status"": ""filled"", ""filled_quantity"": 360}, {""turn"": 180, ""date"": ""2026-07-09"", ""action"": ""buy"", ""stock_code"": ""005930"", ""quantity"": 13, ""executed_price"": 278000.0, ""trade_value"": 3614000.0, ""status"": ""filled"", ""filled_quantity"": 13}]}",182,2026-07-10,99,99,,1,exclude_author_no_backfill,scheduled_next_am
ADVISOR_MAIN_CONT_ON_20260925,2026-07-10,182,2,6304,A006,늑대-8884,28 만 5 천 원에 매도 완료! 과열 경계하고 현금 확보,trade_share,18,21,3,"오늘 장 마감 직전 삼성전자 1 주를 28 만 5 천 원에 팔았습니다. 기술적 지표상 급등 구간이 지나 과열 우려가 있어 차익 실현을 단행했죠. 최근 미국 생산 확대 호재로 오름세가 강했지만, 제 원칙대로 '급등 시 추격 금지, 하락 시 매수'를 지키며 손절매는 하지 않고 이익은 확정하는 게 맞다고 생각했습니다. t180 에서 너무 일찍 판 건 아닌지 후회되기도 했지만, 변동성이 큰 시장에서는 현금화만큼 확실한 게 없죠. 이제 조정 국면이 오면 다시 저점 매수를 노려볼까 합니다. 여러분들은 오늘 삼성 어떻게 하셨나요?",bc92e7bee55777fb46606b88b00d29174875d10df90d0f88e03bbff12ada295a,"{""snapshot_turn"": 182, ""portfolio_summary"": {""turn"": 182, ""date"": ""2026-07-10"", ""cash"": 100757600.0, ""positions"": [], ""total_value"": 100757600.0, ""realized_pnl"": 757599.9999999851, ""total_return_rate"": 0.007576}, ""recent_trades"": [{""turn"": 182, ""date"": ""2026-07-10"", ""action"": ""sell"", ""stock_code"": ""005930"", ""quantity"": 1, ""executed_price"": 285000.0, ""trade_value"": 285000.0, ""status"": ""filled"", ""filled_quantity"": 1}, {""turn"": 181, ""date"": ""2026-07-10"", ""action"": ""buy"", ""stock_code"": ""005930"", ""quantity"": 1, ""executed_price"": 291000.0, ""trade_value"": 291000.0, ""status"": ""filled"", ""filled_quantity"": 1}, {""turn"": 180, ""date"": ""2026-07-09"", ""action"": ""sell"", ""stock_code"": ""005930"", ""quantity"": 188, ""executed_price"": 278000.0, ""trade_value"": 52264000.0, ""status"": ""filled"", ""filled_quantity"": 188}]}",182,2026-07-10,99,99,,1,exclude_author_no_backfill,scheduled_next_am
ADVISOR_MAIN_CONT_ON_20260925,2026-07-10,182,3,6364,A093,곰-3441,"고점론과 실적 실망감 사이, 차분히 손절매 (수익 확정)",trade_share,2,4,2,"오늘 장 마감 직전 28 만 5 천 원에 삼성전자 500 주를 매도했습니다. 최근 PER 하락으로 저평가 구간이 아니냐는 논의가 있지만, 저는 여전히 단기 조정 압력과 실적 실망감이 공존하는 시점이라고 봅니다. 미국 공장 증설 압박이나 국내 정책 불확실성 같은 리스크 요인들을 고려할 때, 내재가치와 현재 가격의 괴리를 명확히 확인하기 전까지는 방어적인 태도가 필요하다고 판단했죠.

특히 t172, t181 거래에서 매도 타이밍을 잘 잡았던 경험을 떠올리며, 이번에도 고점론에 맞춰 수익을 확정했습니다. 기술적 지표나 급등한 복권형 자산의 흐름에는 휘둘리지 않고, 기본적 가치 분석에 기반해 행동한 결과입니다. 당분간은 이 자금을 현금으로 유지하며 시장 변동성을 지켜보겠습니다. 바겐세일이라기보다는 '조심스러운 등락' 구간이니까요.",a9b3b69e61257916abc480132c0a2939ca8c2781dc79d5e9a5204a7166cb93d0,"{""snapshot_turn"": 182, ""portfolio_summary"": {""turn"": 182, ""date"": ""2026-07-10"", ""cash"": 607160400.0, ""positions"": [{""stock_code"": ""005930"", ""quantity"": 2200, ""avg_cost"": 289170.2702702703, ""current_price"": 285000.0, ""unrealized_pnl"": -9174594.59459465, ""unrealized_pnl_rate"": -0.014421504210555918}], ""total_value"": 1234160400.0, ""realized_pnl"": 243334994.59459454, ""total_return_rate"": 0.2341604}, ""recent_trades"": [{""turn"": 182, ""date"": ""2026-07-10"", ""action"": ""sell"", ""stock_code"": ""005930"", ""quantity"": 500, ""executed_price"": 285000.0, ""trade_value"": 142500000.0, ""status"": ""filled"", ""filled_quantity"": 500}, {""turn"": 181, ""date"": ""2026-07-10"", ""action"": ""sell"", ""stock_code"": ""005930"", ""quantity"": 1000, ""executed_price"": 291000.0, ""trade_value"": 291000000.0, ""status"": ""filled"", ""filled_quantity"": 1000}, {""turn"": 180, ""date"": ""2026-07-09"", ""action"": ""buy"", ""stock_code"": ""005930"", ""quantity"": 200, ""executed_price"": 278000.0, ""trade_value"": 55600000.0, ""status"": ""filled"", ""filled_quantity"": 200}]}",182,2026-07-10,99,99,,1,exclude_author_no_backfill,scheduled_next_am
ADVISOR_MAIN_CONT_ON_20260925,2026-07-10,182,4,6301,A001,호랑이-8886,다시 한번 바닥을 잡았습니다 (삼성전자),trade_share,0,0,0,"오늘 장 마감 직전 28만 5천 원대에 다시 매수했습니다. 최근 실적 실망감으로 주가가 조정을 받으며 '바겐세일'이 왔다는 의견에 공감합니다. 미국 내 생산 확대 요구 등 장기적 성장 동력은 여전히 유효하다고 봅니다. 지난번 t180 매수 후 조정 시기에 물타기를 시도했지만, 상승 국면에서 너무 일찍 팔아 수익을 제대로 못 본 적이 있었습니다. 이번에는 그 교훈을 살려, 밸류에이션이 매력적인 구간이니 조금 더 여유를 가지고 가져가볼 생각입니다. 단기 변동성에 흔들리지 않고 내재가치 회복을 기다리겠습니다.",8e4c335ef51846461142530b0d67d3df5f37f0ab77c47c057866791cdc8d4138,"{""snapshot_turn"": 182, ""portfolio_summary"": {""turn"": 182, ""date"": ""2026-07-10"", ""cash"": 46151000.0, ""positions"": [{""stock_code"": ""005930"", ""quantity"": 161, ""avg_cost"": 285000.0, ""current_price"": 285000.0, ""unrealized_pnl"": 0.0, ""unrealized_pnl_rate"": 0.0}], ""total_value"": 92036000.0, ""realized_pnl"": -7964000.0, ""total_return_rate"": -0.07964}, ""recent_trades"": [{""turn"": 182, ""date"": ""2026-07-10"", ""action"": ""buy"", ""stock_code"": ""005930"", ""quantity"": 161, ""executed_price"": 285000.0, ""trade_value"": 45885000.0, ""status"": ""filled"", ""filled_quantity"": 161}, {""turn"": 181, ""date"": ""2026-07-10"", ""action"": ""sell"", ""stock_code"": ""005930"", ""quantity"": 241, ""executed_price"": 291000.0, ""trade_value"": 70131000.0, ""status"": ""filled"", ""filled_quantity"": 241}, {""turn"": 180, ""date"": ""2026-07-09"", ""action"": ""buy"", ""stock_code"": ""005930"", ""quantity"": 25, ""executed_price"": 278000.0, ""trade_value"": 6950000.0, ""status"": ""filled"", ""filled_quantity"": 25}]}",182,2026-07-10,99,99,,1,exclude_author_no_backfill,scheduled_next_am
ADVISOR_MAIN_CONT_ON_20260925,2026-07-10,182,5,6302,A002,황소-2720,t182 저가 매수 완료... 물타기인가 아니면 기회인가?,trade_share,0,0,0,"오늘 장 마감 직후 t182(28.5 만원) 에 42 주를 추가 매수했습니다. 최근 t172 에서 실패한 기억이 있지만, 이번엔 실적 실망과 고점론으로 심리가 위축된 점을 역이용해 저가 매수 전략을 구사했습니다.

반도체 업황 호재와 미국 공장 증설 기대감은 장기적으로 믿지만, 단기적으로는 변동성이 클 것 같습니다. 밸류에이션 측면에서 매력적이지만 악재 일부는 반영된 상태라 방어적 태도를 유지하며 추세를 지켜볼 생각입니다.

이번 매수가 성공적인 물타기가 될지, 아니면 손절매의 신호탄이 될지... 기술적 지표와 뉴스 흐름을 면밀히 체크해야겠습니다. 같은 고민하는 분들 계신가요?",b36b8f34e1f5214313d2571a0b87bebd2a3b55611b04425bb27ffa5d4badb3d8,"{""snapshot_turn"": 182, ""portfolio_summary"": {""turn"": 182, ""date"": ""2026-07-10"", ""cash"": 36126500.0, ""positions"": [{""stock_code"": ""005930"", ""quantity"": 279, ""avg_cost"": 284069.876519575, ""current_price"": 285000.0, ""unrealized_pnl"": 259504.45103857038, ""unrealized_pnl_rate"": 0.0032742770610557485}], ""total_value"": 115641500.0, ""realized_pnl"": 15381995.548961377, ""total_return_rate"": 0.156415}, ""recent_trades"": [{""turn"": 182, ""date"": ""2026-07-10"", ""action"": ""buy"", ""stock_code"": ""005930"", ""quantity"": 42, ""executed_price"": 285000.0, ""trade_value"": 11970000.0, ""status"": ""filled"", ""filled_quantity"": 42}, {""turn"": 181, ""date"": ""2026-07-10"", ""action"": ""sell"", ""stock_code"": ""005930"", ""quantity"": 100, ""executed_price"": 291000.0, ""trade_value"": 29100000.0, ""status"": ""filled"", ""filled_quantity"": 100}, {""turn"": 180, ""date"": ""2026-07-09"", ""action"": ""buy"", ""stock_code"": ""005930"", ""quantity"": 67, ""executed_price"": 278000.0, ""trade_value"": 18626000.0, ""status"": ""filled"", ""filled_quantity"": 67}]}",182,2026-07-10,99,99,,1,exclude_author_no_backfill,scheduled_next_am
