run_id,date,turn,subturn,agent_id,source_ltb_id,source_stb_id,analysis_id,decision_id,fill_id,post_fill_ltb_id,decision_date,market_features_date,news_start_date,news_start_time,news_max_date,news_end_time,execution_date,information_mode,stock_code,action,quantity,reason,decision_attempts,decision_origin,one_share_reason
RN_COMM_ON_20260917_offline_e2e,2026-02-27,1,am,A001,ltb_A001_t000,stb_A001_t001,analysis_A001_t001,decision_A001_t001,,,2026-02-27,2026-02-26,2026-02-26,15:30,2026-02-27,08:59,2026-02-27,pre_close_cutoff,005930,buy,10,두 belief와 실행 제약을 함께 고려한 제한적 거래다.,1,llm_first_response,not_one_share
RN_COMM_ON_20260917_offline_e2e,2026-02-27,1,am,A002,ltb_A002_t000,stb_A002_t001,analysis_A002_t001,decision_A002_t001,,,2026-02-27,2026-02-26,2026-02-26,15:30,2026-02-27,08:59,2026-02-27,pre_close_cutoff,005930,buy,10,두 belief와 실행 제약을 함께 고려한 제한적 거래다.,1,llm_first_response,not_one_share
RN_COMM_ON_20260917_offline_e2e,2026-02-27,1,am,A003,ltb_A003_t000,stb_A003_t001,analysis_A003_t001,decision_A003_t001,,,2026-02-27,2026-02-26,2026-02-26,15:30,2026-02-27,08:59,2026-02-27,pre_close_cutoff,005930,buy,10,두 belief와 실행 제약을 함께 고려한 제한적 거래다.,1,llm_first_response,not_one_share
RN_COMM_ON_20260917_offline_e2e,2026-02-27,1,am,A004,ltb_A004_t000,stb_A004_t001,analysis_A004_t001,decision_A004_t001,,,2026-02-27,2026-02-26,2026-02-26,15:30,2026-02-27,08:59,2026-02-27,pre_close_cutoff,005930,buy,10,두 belief와 실행 제약을 함께 고려한 제한적 거래다.,1,llm_first_response,not_one_share
RN_COMM_ON_20260917_offline_e2e,2026-02-27,1,am,A005,ltb_A005_t000,stb_A005_t001,analysis_A005_t001,decision_A005_t001,,,2026-02-27,2026-02-26,2026-02-26,15:30,2026-02-27,08:59,2026-02-27,pre_close_cutoff,005930,buy,10,두 belief와 실행 제약을 함께 고려한 제한적 거래다.,1,llm_first_response,not_one_share
RN_COMM_ON_20260917_offline_e2e,2026-02-27,1,am,A006,ltb_A006_t000,stb_A006_t001,analysis_A006_t001,decision_A006_t001,,,2026-02-27,2026-02-26,2026-02-26,15:30,2026-02-27,08:59,2026-02-27,pre_close_cutoff,005930,buy,10,두 belief와 실행 제약을 함께 고려한 제한적 거래다.,1,llm_first_response,not_one_share
RN_COMM_ON_20260917_offline_e2e,2026-02-27,1,am,A007,ltb_A007_t000,stb_A007_t001,analysis_A007_t001,decision_A007_t001,,,2026-02-27,2026-02-26,2026-02-26,15:30,2026-02-27,08:59,2026-02-27,pre_close_cutoff,005930,buy,10,두 belief와 실행 제약을 함께 고려한 제한적 거래다.,1,llm_first_response,not_one_share
RN_COMM_ON_20260917_offline_e2e,2026-02-27,2,pm,A001,ltb_A001_t001,stb_A001_t002,analysis_A001_t002,decision_A001_t002,,,2026-02-27,2026-02-27,2026-02-27,09:00,2026-02-27,15:29,2026-02-27,pre_close_cutoff,005930,buy,10,두 belief와 실행 제약을 함께 고려한 제한적 거래다.,1,llm_first_response,not_one_share
RN_COMM_ON_20260917_offline_e2e,2026-02-27,2,pm,A002,ltb_A002_t001,stb_A002_t002,analysis_A002_t002,decision_A002_t002,,,2026-02-27,2026-02-27,2026-02-27,09:00,2026-02-27,15:29,2026-02-27,pre_close_cutoff,005930,buy,10,두 belief와 실행 제약을 함께 고려한 제한적 거래다.,1,llm_first_response,not_one_share
RN_COMM_ON_20260917_offline_e2e,2026-02-27,2,pm,A003,ltb_A003_t001,stb_A003_t002,analysis_A003_t002,decision_A003_t002,,,2026-02-27,2026-02-27,2026-02-27,09:00,2026-02-27,15:29,2026-02-27,pre_close_cutoff,005930,buy,10,두 belief와 실행 제약을 함께 고려한 제한적 거래다.,1,llm_first_response,not_one_share
RN_COMM_ON_20260917_offline_e2e,2026-02-27,2,pm,A004,ltb_A004_t001,stb_A004_t002,analysis_A004_t002,decision_A004_t002,,,2026-02-27,2026-02-27,2026-02-27,09:00,2026-02-27,15:29,2026-02-27,pre_close_cutoff,005930,buy,10,두 belief와 실행 제약을 함께 고려한 제한적 거래다.,1,llm_first_response,not_one_share
RN_COMM_ON_20260917_offline_e2e,2026-02-27,2,pm,A005,ltb_A005_t001,stb_A005_t002,analysis_A005_t002,decision_A005_t002,,,2026-02-27,2026-02-27,2026-02-27,09:00,2026-02-27,15:29,2026-02-27,pre_close_cutoff,005930,buy,10,두 belief와 실행 제약을 함께 고려한 제한적 거래다.,1,llm_first_response,not_one_share
RN_COMM_ON_20260917_offline_e2e,2026-02-27,2,pm,A006,ltb_A006_t001,stb_A006_t002,analysis_A006_t002,decision_A006_t002,,,2026-02-27,2026-02-27,2026-02-27,09:00,2026-02-27,15:29,2026-02-27,pre_close_cutoff,005930,buy,10,두 belief와 실행 제약을 함께 고려한 제한적 거래다.,1,llm_first_response,not_one_share
RN_COMM_ON_20260917_offline_e2e,2026-02-27,2,pm,A007,ltb_A007_t001,stb_A007_t002,analysis_A007_t002,decision_A007_t002,,,2026-02-27,2026-02-27,2026-02-27,09:00,2026-02-27,15:29,2026-02-27,pre_close_cutoff,005930,buy,10,두 belief와 실행 제약을 함께 고려한 제한적 거래다.,1,llm_first_response,not_one_share
RN_COMM_ON_20260917_offline_e2e,2026-03-03,3,am,A001,ltb_A001_t002,stb_A001_t003,analysis_A001_t003,decision_A001_t003,,,2026-03-03,2026-02-27,2026-02-27,15:30,2026-03-03,08:59,2026-03-03,pre_close_cutoff,005930,buy,10,두 belief와 실행 제약을 함께 고려한 제한적 거래다.,1,llm_first_response,not_one_share
RN_COMM_ON_20260917_offline_e2e,2026-03-03,3,am,A002,ltb_A002_t002,stb_A002_t003,analysis_A002_t003,decision_A002_t003,,,2026-03-03,2026-02-27,2026-02-27,15:30,2026-03-03,08:59,2026-03-03,pre_close_cutoff,005930,buy,10,두 belief와 실행 제약을 함께 고려한 제한적 거래다.,1,llm_first_response,not_one_share
RN_COMM_ON_20260917_offline_e2e,2026-03-03,3,am,A003,ltb_A003_t002,stb_A003_t003,analysis_A003_t003,decision_A003_t003,,,2026-03-03,2026-02-27,2026-02-27,15:30,2026-03-03,08:59,2026-03-03,pre_close_cutoff,005930,buy,10,두 belief와 실행 제약을 함께 고려한 제한적 거래다.,1,llm_first_response,not_one_share
RN_COMM_ON_20260917_offline_e2e,2026-03-03,3,am,A004,ltb_A004_t002,stb_A004_t003,analysis_A004_t003,decision_A004_t003,,,2026-03-03,2026-02-27,2026-02-27,15:30,2026-03-03,08:59,2026-03-03,pre_close_cutoff,005930,buy,10,두 belief와 실행 제약을 함께 고려한 제한적 거래다.,1,llm_first_response,not_one_share
RN_COMM_ON_20260917_offline_e2e,2026-03-03,3,am,A005,ltb_A005_t002,stb_A005_t003,analysis_A005_t003,decision_A005_t003,,,2026-03-03,2026-02-27,2026-02-27,15:30,2026-03-03,08:59,2026-03-03,pre_close_cutoff,005930,buy,10,두 belief와 실행 제약을 함께 고려한 제한적 거래다.,1,llm_first_response,not_one_share
RN_COMM_ON_20260917_offline_e2e,2026-03-03,3,am,A006,ltb_A006_t002,stb_A006_t003,analysis_A006_t003,decision_A006_t003,,,2026-03-03,2026-02-27,2026-02-27,15:30,2026-03-03,08:59,2026-03-03,pre_close_cutoff,005930,buy,10,두 belief와 실행 제약을 함께 고려한 제한적 거래다.,1,llm_first_response,not_one_share
RN_COMM_ON_20260917_offline_e2e,2026-03-03,3,am,A007,ltb_A007_t002,stb_A007_t003,analysis_A007_t003,decision_A007_t003,,,2026-03-03,2026-02-27,2026-02-27,15:30,2026-03-03,08:59,2026-03-03,pre_close_cutoff,005930,buy,10,두 belief와 실행 제약을 함께 고려한 제한적 거래다.,1,llm_first_response,not_one_share
RN_COMM_ON_20260917_offline_e2e,2026-03-03,4,pm,A001,ltb_A001_t003,stb_A001_t004,analysis_A001_t004,decision_A001_t004,,,2026-03-03,2026-03-03,2026-03-03,09:00,2026-03-03,15:29,2026-03-03,pre_close_cutoff,005930,buy,10,두 belief와 실행 제약을 함께 고려한 제한적 거래다.,1,llm_first_response,not_one_share
RN_COMM_ON_20260917_offline_e2e,2026-03-03,4,pm,A002,ltb_A002_t003,stb_A002_t004,analysis_A002_t004,decision_A002_t004,,,2026-03-03,2026-03-03,2026-03-03,09:00,2026-03-03,15:29,2026-03-03,pre_close_cutoff,005930,buy,10,두 belief와 실행 제약을 함께 고려한 제한적 거래다.,1,llm_first_response,not_one_share
RN_COMM_ON_20260917_offline_e2e,2026-03-03,4,pm,A003,ltb_A003_t003,stb_A003_t004,analysis_A003_t004,decision_A003_t004,,,2026-03-03,2026-03-03,2026-03-03,09:00,2026-03-03,15:29,2026-03-03,pre_close_cutoff,005930,buy,10,두 belief와 실행 제약을 함께 고려한 제한적 거래다.,1,llm_first_response,not_one_share
RN_COMM_ON_20260917_offline_e2e,2026-03-03,4,pm,A004,ltb_A004_t003,stb_A004_t004,analysis_A004_t004,decision_A004_t004,,,2026-03-03,2026-03-03,2026-03-03,09:00,2026-03-03,15:29,2026-03-03,pre_close_cutoff,005930,buy,10,두 belief와 실행 제약을 함께 고려한 제한적 거래다.,1,llm_first_response,not_one_share
RN_COMM_ON_20260917_offline_e2e,2026-03-03,4,pm,A005,ltb_A005_t003,stb_A005_t004,analysis_A005_t004,decision_A005_t004,,,2026-03-03,2026-03-03,2026-03-03,09:00,2026-03-03,15:29,2026-03-03,pre_close_cutoff,005930,buy,10,두 belief와 실행 제약을 함께 고려한 제한적 거래다.,1,llm_first_response,not_one_share
RN_COMM_ON_20260917_offline_e2e,2026-03-03,4,pm,A006,ltb_A006_t003,stb_A006_t004,analysis_A006_t004,decision_A006_t004,,,2026-03-03,2026-03-03,2026-03-03,09:00,2026-03-03,15:29,2026-03-03,pre_close_cutoff,005930,buy,10,두 belief와 실행 제약을 함께 고려한 제한적 거래다.,1,llm_first_response,not_one_share
RN_COMM_ON_20260917_offline_e2e,2026-03-03,4,pm,A007,ltb_A007_t003,stb_A007_t004,analysis_A007_t004,decision_A007_t004,,,2026-03-03,2026-03-03,2026-03-03,09:00,2026-03-03,15:29,2026-03-03,pre_close_cutoff,005930,buy,10,두 belief와 실행 제약을 함께 고려한 제한적 거래다.,1,llm_first_response,not_one_share
RN_COMM_ON_20260917_offline_e2e,2026-03-04,5,am,A001,ltb_A001_t004,stb_A001_t005,analysis_A001_t005,decision_A001_t005,,,2026-03-04,2026-03-03,2026-03-03,15:30,2026-03-04,08:59,2026-03-04,pre_close_cutoff,005930,buy,10,두 belief와 실행 제약을 함께 고려한 제한적 거래다.,1,llm_first_response,not_one_share
RN_COMM_ON_20260917_offline_e2e,2026-03-04,5,am,A002,ltb_A002_t004,stb_A002_t005,analysis_A002_t005,decision_A002_t005,,,2026-03-04,2026-03-03,2026-03-03,15:30,2026-03-04,08:59,2026-03-04,pre_close_cutoff,005930,buy,10,두 belief와 실행 제약을 함께 고려한 제한적 거래다.,1,llm_first_response,not_one_share
RN_COMM_ON_20260917_offline_e2e,2026-03-04,5,am,A003,ltb_A003_t004,stb_A003_t005,analysis_A003_t005,decision_A003_t005,,,2026-03-04,2026-03-03,2026-03-03,15:30,2026-03-04,08:59,2026-03-04,pre_close_cutoff,005930,buy,10,두 belief와 실행 제약을 함께 고려한 제한적 거래다.,1,llm_first_response,not_one_share
RN_COMM_ON_20260917_offline_e2e,2026-03-04,5,am,A004,ltb_A004_t004,stb_A004_t005,analysis_A004_t005,decision_A004_t005,,,2026-03-04,2026-03-03,2026-03-03,15:30,2026-03-04,08:59,2026-03-04,pre_close_cutoff,005930,buy,10,두 belief와 실행 제약을 함께 고려한 제한적 거래다.,1,llm_first_response,not_one_share
RN_COMM_ON_20260917_offline_e2e,2026-03-04,5,am,A005,ltb_A005_t004,stb_A005_t005,analysis_A005_t005,decision_A005_t005,,,2026-03-04,2026-03-03,2026-03-03,15:30,2026-03-04,08:59,2026-03-04,pre_close_cutoff,005930,buy,10,두 belief와 실행 제약을 함께 고려한 제한적 거래다.,1,llm_first_response,not_one_share
RN_COMM_ON_20260917_offline_e2e,2026-03-04,5,am,A006,ltb_A006_t004,stb_A006_t005,analysis_A006_t005,decision_A006_t005,,,2026-03-04,2026-03-03,2026-03-03,15:30,2026-03-04,08:59,2026-03-04,pre_close_cutoff,005930,buy,10,두 belief와 실행 제약을 함께 고려한 제한적 거래다.,1,llm_first_response,not_one_share
RN_COMM_ON_20260917_offline_e2e,2026-03-04,5,am,A007,ltb_A007_t004,stb_A007_t005,analysis_A007_t005,decision_A007_t005,,,2026-03-04,2026-03-03,2026-03-03,15:30,2026-03-04,08:59,2026-03-04,pre_close_cutoff,005930,buy,10,두 belief와 실행 제약을 함께 고려한 제한적 거래다.,1,llm_first_response,not_one_share
RN_COMM_ON_20260917_offline_e2e,2026-03-04,6,pm,A001,ltb_A001_t005,stb_A001_t006,analysis_A001_t006,decision_A001_t006,,,2026-03-04,2026-03-04,2026-03-04,09:00,2026-03-04,15:29,2026-03-04,pre_close_cutoff,005930,buy,10,두 belief와 실행 제약을 함께 고려한 제한적 거래다.,1,llm_first_response,not_one_share
RN_COMM_ON_20260917_offline_e2e,2026-03-04,6,pm,A002,ltb_A002_t005,stb_A002_t006,analysis_A002_t006,decision_A002_t006,,,2026-03-04,2026-03-04,2026-03-04,09:00,2026-03-04,15:29,2026-03-04,pre_close_cutoff,005930,buy,10,두 belief와 실행 제약을 함께 고려한 제한적 거래다.,1,llm_first_response,not_one_share
RN_COMM_ON_20260917_offline_e2e,2026-03-04,6,pm,A003,ltb_A003_t005,stb_A003_t006,analysis_A003_t006,decision_A003_t006,,,2026-03-04,2026-03-04,2026-03-04,09:00,2026-03-04,15:29,2026-03-04,pre_close_cutoff,005930,buy,10,두 belief와 실행 제약을 함께 고려한 제한적 거래다.,1,llm_first_response,not_one_share
RN_COMM_ON_20260917_offline_e2e,2026-03-04,6,pm,A004,ltb_A004_t005,stb_A004_t006,analysis_A004_t006,decision_A004_t006,,,2026-03-04,2026-03-04,2026-03-04,09:00,2026-03-04,15:29,2026-03-04,pre_close_cutoff,005930,buy,10,두 belief와 실행 제약을 함께 고려한 제한적 거래다.,1,llm_first_response,not_one_share
RN_COMM_ON_20260917_offline_e2e,2026-03-04,6,pm,A005,ltb_A005_t005,stb_A005_t006,analysis_A005_t006,decision_A005_t006,,,2026-03-04,2026-03-04,2026-03-04,09:00,2026-03-04,15:29,2026-03-04,pre_close_cutoff,005930,buy,10,두 belief와 실행 제약을 함께 고려한 제한적 거래다.,1,llm_first_response,not_one_share
RN_COMM_ON_20260917_offline_e2e,2026-03-04,6,pm,A006,ltb_A006_t005,stb_A006_t006,analysis_A006_t006,decision_A006_t006,,,2026-03-04,2026-03-04,2026-03-04,09:00,2026-03-04,15:29,2026-03-04,pre_close_cutoff,005930,buy,10,두 belief와 실행 제약을 함께 고려한 제한적 거래다.,1,llm_first_response,not_one_share
RN_COMM_ON_20260917_offline_e2e,2026-03-04,6,pm,A007,ltb_A007_t005,stb_A007_t006,analysis_A007_t006,decision_A007_t006,,,2026-03-04,2026-03-04,2026-03-04,09:00,2026-03-04,15:29,2026-03-04,pre_close_cutoff,005930,buy,10,두 belief와 실행 제약을 함께 고려한 제한적 거래다.,1,llm_first_response,not_one_share
RN_COMM_ON_20260917_offline_e2e,2026-03-05,7,am,A001,ltb_A001_t006,stb_A001_t007,analysis_A001_t007,decision_A001_t007,,,2026-03-05,2026-03-04,2026-03-04,15:30,2026-03-05,08:59,2026-03-05,pre_close_cutoff,005930,buy,10,두 belief와 실행 제약을 함께 고려한 제한적 거래다.,1,llm_first_response,not_one_share
RN_COMM_ON_20260917_offline_e2e,2026-03-05,7,am,A002,ltb_A002_t006,stb_A002_t007,analysis_A002_t007,decision_A002_t007,,,2026-03-05,2026-03-04,2026-03-04,15:30,2026-03-05,08:59,2026-03-05,pre_close_cutoff,005930,buy,10,두 belief와 실행 제약을 함께 고려한 제한적 거래다.,1,llm_first_response,not_one_share
RN_COMM_ON_20260917_offline_e2e,2026-03-05,7,am,A003,ltb_A003_t006,stb_A003_t007,analysis_A003_t007,decision_A003_t007,,,2026-03-05,2026-03-04,2026-03-04,15:30,2026-03-05,08:59,2026-03-05,pre_close_cutoff,005930,buy,10,두 belief와 실행 제약을 함께 고려한 제한적 거래다.,1,llm_first_response,not_one_share
RN_COMM_ON_20260917_offline_e2e,2026-03-05,7,am,A004,ltb_A004_t006,stb_A004_t007,analysis_A004_t007,decision_A004_t007,,,2026-03-05,2026-03-04,2026-03-04,15:30,2026-03-05,08:59,2026-03-05,pre_close_cutoff,005930,buy,10,두 belief와 실행 제약을 함께 고려한 제한적 거래다.,1,llm_first_response,not_one_share
RN_COMM_ON_20260917_offline_e2e,2026-03-05,7,am,A005,ltb_A005_t006,stb_A005_t007,analysis_A005_t007,decision_A005_t007,,,2026-03-05,2026-03-04,2026-03-04,15:30,2026-03-05,08:59,2026-03-05,pre_close_cutoff,005930,buy,10,두 belief와 실행 제약을 함께 고려한 제한적 거래다.,1,llm_first_response,not_one_share
RN_COMM_ON_20260917_offline_e2e,2026-03-05,7,am,A006,ltb_A006_t006,stb_A006_t007,analysis_A006_t007,decision_A006_t007,,,2026-03-05,2026-03-04,2026-03-04,15:30,2026-03-05,08:59,2026-03-05,pre_close_cutoff,005930,buy,10,두 belief와 실행 제약을 함께 고려한 제한적 거래다.,1,llm_first_response,not_one_share
RN_COMM_ON_20260917_offline_e2e,2026-03-05,7,am,A007,ltb_A007_t006,stb_A007_t007,analysis_A007_t007,decision_A007_t007,,,2026-03-05,2026-03-04,2026-03-04,15:30,2026-03-05,08:59,2026-03-05,pre_close_cutoff,005930,buy,10,두 belief와 실행 제약을 함께 고려한 제한적 거래다.,1,llm_first_response,not_one_share
RN_COMM_ON_20260917_offline_e2e,2026-03-05,8,pm,A001,ltb_A001_t007,stb_A001_t008,analysis_A001_t008,decision_A001_t008,,,2026-03-05,2026-03-05,2026-03-05,09:00,2026-03-05,15:29,2026-03-05,pre_close_cutoff,005930,buy,10,두 belief와 실행 제약을 함께 고려한 제한적 거래다.,1,llm_first_response,not_one_share
RN_COMM_ON_20260917_offline_e2e,2026-03-05,8,pm,A002,ltb_A002_t007,stb_A002_t008,analysis_A002_t008,decision_A002_t008,,,2026-03-05,2026-03-05,2026-03-05,09:00,2026-03-05,15:29,2026-03-05,pre_close_cutoff,005930,buy,10,두 belief와 실행 제약을 함께 고려한 제한적 거래다.,1,llm_first_response,not_one_share
RN_COMM_ON_20260917_offline_e2e,2026-03-05,8,pm,A003,ltb_A003_t007,stb_A003_t008,analysis_A003_t008,decision_A003_t008,,,2026-03-05,2026-03-05,2026-03-05,09:00,2026-03-05,15:29,2026-03-05,pre_close_cutoff,005930,buy,10,두 belief와 실행 제약을 함께 고려한 제한적 거래다.,1,llm_first_response,not_one_share
RN_COMM_ON_20260917_offline_e2e,2026-03-05,8,pm,A004,ltb_A004_t007,stb_A004_t008,analysis_A004_t008,decision_A004_t008,,,2026-03-05,2026-03-05,2026-03-05,09:00,2026-03-05,15:29,2026-03-05,pre_close_cutoff,005930,buy,10,두 belief와 실행 제약을 함께 고려한 제한적 거래다.,1,llm_first_response,not_one_share
RN_COMM_ON_20260917_offline_e2e,2026-03-05,8,pm,A005,ltb_A005_t007,stb_A005_t008,analysis_A005_t008,decision_A005_t008,,,2026-03-05,2026-03-05,2026-03-05,09:00,2026-03-05,15:29,2026-03-05,pre_close_cutoff,005930,buy,10,두 belief와 실행 제약을 함께 고려한 제한적 거래다.,1,llm_first_response,not_one_share
RN_COMM_ON_20260917_offline_e2e,2026-03-05,8,pm,A006,ltb_A006_t007,stb_A006_t008,analysis_A006_t008,decision_A006_t008,,,2026-03-05,2026-03-05,2026-03-05,09:00,2026-03-05,15:29,2026-03-05,pre_close_cutoff,005930,buy,10,두 belief와 실행 제약을 함께 고려한 제한적 거래다.,1,llm_first_response,not_one_share
RN_COMM_ON_20260917_offline_e2e,2026-03-05,8,pm,A007,ltb_A007_t007,stb_A007_t008,analysis_A007_t008,decision_A007_t008,,,2026-03-05,2026-03-05,2026-03-05,09:00,2026-03-05,15:29,2026-03-05,pre_close_cutoff,005930,buy,10,두 belief와 실행 제약을 함께 고려한 제한적 거래다.,1,llm_first_response,not_one_share
RN_COMM_ON_20260917_offline_e2e,2026-03-06,9,am,A001,ltb_A001_t008,stb_A001_t009,analysis_A001_t009,decision_A001_t009,,,2026-03-06,2026-03-05,2026-03-05,15:30,2026-03-06,08:59,2026-03-06,pre_close_cutoff,005930,buy,10,두 belief와 실행 제약을 함께 고려한 제한적 거래다.,1,llm_first_response,not_one_share
RN_COMM_ON_20260917_offline_e2e,2026-03-06,9,am,A002,ltb_A002_t008,stb_A002_t009,analysis_A002_t009,decision_A002_t009,,,2026-03-06,2026-03-05,2026-03-05,15:30,2026-03-06,08:59,2026-03-06,pre_close_cutoff,005930,buy,10,두 belief와 실행 제약을 함께 고려한 제한적 거래다.,1,llm_first_response,not_one_share
RN_COMM_ON_20260917_offline_e2e,2026-03-06,9,am,A003,ltb_A003_t008,stb_A003_t009,analysis_A003_t009,decision_A003_t009,,,2026-03-06,2026-03-05,2026-03-05,15:30,2026-03-06,08:59,2026-03-06,pre_close_cutoff,005930,buy,10,두 belief와 실행 제약을 함께 고려한 제한적 거래다.,1,llm_first_response,not_one_share
RN_COMM_ON_20260917_offline_e2e,2026-03-06,9,am,A004,ltb_A004_t008,stb_A004_t009,analysis_A004_t009,decision_A004_t009,,,2026-03-06,2026-03-05,2026-03-05,15:30,2026-03-06,08:59,2026-03-06,pre_close_cutoff,005930,buy,10,두 belief와 실행 제약을 함께 고려한 제한적 거래다.,1,llm_first_response,not_one_share
RN_COMM_ON_20260917_offline_e2e,2026-03-06,9,am,A005,ltb_A005_t008,stb_A005_t009,analysis_A005_t009,decision_A005_t009,,,2026-03-06,2026-03-05,2026-03-05,15:30,2026-03-06,08:59,2026-03-06,pre_close_cutoff,005930,buy,10,두 belief와 실행 제약을 함께 고려한 제한적 거래다.,1,llm_first_response,not_one_share
RN_COMM_ON_20260917_offline_e2e,2026-03-06,9,am,A006,ltb_A006_t008,stb_A006_t009,analysis_A006_t009,decision_A006_t009,,,2026-03-06,2026-03-05,2026-03-05,15:30,2026-03-06,08:59,2026-03-06,pre_close_cutoff,005930,buy,10,두 belief와 실행 제약을 함께 고려한 제한적 거래다.,1,llm_first_response,not_one_share
RN_COMM_ON_20260917_offline_e2e,2026-03-06,9,am,A007,ltb_A007_t008,stb_A007_t009,analysis_A007_t009,decision_A007_t009,,,2026-03-06,2026-03-05,2026-03-05,15:30,2026-03-06,08:59,2026-03-06,pre_close_cutoff,005930,buy,10,두 belief와 실행 제약을 함께 고려한 제한적 거래다.,1,llm_first_response,not_one_share
RN_COMM_ON_20260917_offline_e2e,2026-03-06,10,pm,A001,ltb_A001_t009,stb_A001_t010,analysis_A001_t010,decision_A001_t010,,,2026-03-06,2026-03-06,2026-03-06,09:00,2026-03-06,15:29,2026-03-06,pre_close_cutoff,005930,buy,10,두 belief와 실행 제약을 함께 고려한 제한적 거래다.,1,llm_first_response,not_one_share
RN_COMM_ON_20260917_offline_e2e,2026-03-06,10,pm,A002,ltb_A002_t009,stb_A002_t010,analysis_A002_t010,decision_A002_t010,,,2026-03-06,2026-03-06,2026-03-06,09:00,2026-03-06,15:29,2026-03-06,pre_close_cutoff,005930,buy,10,두 belief와 실행 제약을 함께 고려한 제한적 거래다.,1,llm_first_response,not_one_share
RN_COMM_ON_20260917_offline_e2e,2026-03-06,10,pm,A003,ltb_A003_t009,stb_A003_t010,analysis_A003_t010,decision_A003_t010,,,2026-03-06,2026-03-06,2026-03-06,09:00,2026-03-06,15:29,2026-03-06,pre_close_cutoff,005930,buy,10,두 belief와 실행 제약을 함께 고려한 제한적 거래다.,1,llm_first_response,not_one_share
RN_COMM_ON_20260917_offline_e2e,2026-03-06,10,pm,A004,ltb_A004_t009,stb_A004_t010,analysis_A004_t010,decision_A004_t010,,,2026-03-06,2026-03-06,2026-03-06,09:00,2026-03-06,15:29,2026-03-06,pre_close_cutoff,005930,buy,10,두 belief와 실행 제약을 함께 고려한 제한적 거래다.,1,llm_first_response,not_one_share
RN_COMM_ON_20260917_offline_e2e,2026-03-06,10,pm,A005,ltb_A005_t009,stb_A005_t010,analysis_A005_t010,decision_A005_t010,,,2026-03-06,2026-03-06,2026-03-06,09:00,2026-03-06,15:29,2026-03-06,pre_close_cutoff,005930,buy,10,두 belief와 실행 제약을 함께 고려한 제한적 거래다.,1,llm_first_response,not_one_share
RN_COMM_ON_20260917_offline_e2e,2026-03-06,10,pm,A006,ltb_A006_t009,stb_A006_t010,analysis_A006_t010,decision_A006_t010,,,2026-03-06,2026-03-06,2026-03-06,09:00,2026-03-06,15:29,2026-03-06,pre_close_cutoff,005930,buy,10,두 belief와 실행 제약을 함께 고려한 제한적 거래다.,1,llm_first_response,not_one_share
RN_COMM_ON_20260917_offline_e2e,2026-03-06,10,pm,A007,ltb_A007_t009,stb_A007_t010,analysis_A007_t010,decision_A007_t010,,,2026-03-06,2026-03-06,2026-03-06,09:00,2026-03-06,15:29,2026-03-06,pre_close_cutoff,005930,buy,10,두 belief와 실행 제약을 함께 고려한 제한적 거래다.,1,llm_first_response,not_one_share
RN_COMM_ON_20260917_offline_e2e,2026-03-09,11,am,A001,ltb_A001_t010,stb_A001_t011,analysis_A001_t011,decision_A001_t011,,,2026-03-09,2026-03-06,2026-03-06,15:30,2026-03-09,08:59,2026-03-09,pre_close_cutoff,005930,buy,10,두 belief와 실행 제약을 함께 고려한 제한적 거래다.,1,llm_first_response,not_one_share
RN_COMM_ON_20260917_offline_e2e,2026-03-09,11,am,A002,ltb_A002_t010,stb_A002_t011,analysis_A002_t011,decision_A002_t011,,,2026-03-09,2026-03-06,2026-03-06,15:30,2026-03-09,08:59,2026-03-09,pre_close_cutoff,005930,buy,10,두 belief와 실행 제약을 함께 고려한 제한적 거래다.,1,llm_first_response,not_one_share
RN_COMM_ON_20260917_offline_e2e,2026-03-09,11,am,A003,ltb_A003_t010,stb_A003_t011,analysis_A003_t011,decision_A003_t011,,,2026-03-09,2026-03-06,2026-03-06,15:30,2026-03-09,08:59,2026-03-09,pre_close_cutoff,005930,buy,10,두 belief와 실행 제약을 함께 고려한 제한적 거래다.,1,llm_first_response,not_one_share
RN_COMM_ON_20260917_offline_e2e,2026-03-09,11,am,A004,ltb_A004_t010,stb_A004_t011,analysis_A004_t011,decision_A004_t011,,,2026-03-09,2026-03-06,2026-03-06,15:30,2026-03-09,08:59,2026-03-09,pre_close_cutoff,005930,buy,10,두 belief와 실행 제약을 함께 고려한 제한적 거래다.,1,llm_first_response,not_one_share
RN_COMM_ON_20260917_offline_e2e,2026-03-09,11,am,A005,ltb_A005_t010,stb_A005_t011,analysis_A005_t011,decision_A005_t011,,,2026-03-09,2026-03-06,2026-03-06,15:30,2026-03-09,08:59,2026-03-09,pre_close_cutoff,005930,buy,10,두 belief와 실행 제약을 함께 고려한 제한적 거래다.,1,llm_first_response,not_one_share
RN_COMM_ON_20260917_offline_e2e,2026-03-09,11,am,A006,ltb_A006_t010,stb_A006_t011,analysis_A006_t011,decision_A006_t011,,,2026-03-09,2026-03-06,2026-03-06,15:30,2026-03-09,08:59,2026-03-09,pre_close_cutoff,005930,buy,10,두 belief와 실행 제약을 함께 고려한 제한적 거래다.,1,llm_first_response,not_one_share
RN_COMM_ON_20260917_offline_e2e,2026-03-09,11,am,A007,ltb_A007_t010,stb_A007_t011,analysis_A007_t011,decision_A007_t011,,,2026-03-09,2026-03-06,2026-03-06,15:30,2026-03-09,08:59,2026-03-09,pre_close_cutoff,005930,buy,10,두 belief와 실행 제약을 함께 고려한 제한적 거래다.,1,llm_first_response,not_one_share
RN_COMM_ON_20260917_offline_e2e,2026-03-09,12,pm,A001,ltb_A001_t011,stb_A001_t012,analysis_A001_t012,decision_A001_t012,,,2026-03-09,2026-03-09,2026-03-09,09:00,2026-03-09,15:29,2026-03-09,pre_close_cutoff,005930,buy,10,두 belief와 실행 제약을 함께 고려한 제한적 거래다.,1,llm_first_response,not_one_share
RN_COMM_ON_20260917_offline_e2e,2026-03-09,12,pm,A002,ltb_A002_t011,stb_A002_t012,analysis_A002_t012,decision_A002_t012,,,2026-03-09,2026-03-09,2026-03-09,09:00,2026-03-09,15:29,2026-03-09,pre_close_cutoff,005930,buy,10,두 belief와 실행 제약을 함께 고려한 제한적 거래다.,1,llm_first_response,not_one_share
RN_COMM_ON_20260917_offline_e2e,2026-03-09,12,pm,A003,ltb_A003_t011,stb_A003_t012,analysis_A003_t012,decision_A003_t012,,,2026-03-09,2026-03-09,2026-03-09,09:00,2026-03-09,15:29,2026-03-09,pre_close_cutoff,005930,buy,10,두 belief와 실행 제약을 함께 고려한 제한적 거래다.,1,llm_first_response,not_one_share
RN_COMM_ON_20260917_offline_e2e,2026-03-09,12,pm,A004,ltb_A004_t011,stb_A004_t012,analysis_A004_t012,decision_A004_t012,,,2026-03-09,2026-03-09,2026-03-09,09:00,2026-03-09,15:29,2026-03-09,pre_close_cutoff,005930,buy,10,두 belief와 실행 제약을 함께 고려한 제한적 거래다.,1,llm_first_response,not_one_share
RN_COMM_ON_20260917_offline_e2e,2026-03-09,12,pm,A005,ltb_A005_t011,stb_A005_t012,analysis_A005_t012,decision_A005_t012,,,2026-03-09,2026-03-09,2026-03-09,09:00,2026-03-09,15:29,2026-03-09,pre_close_cutoff,005930,buy,10,두 belief와 실행 제약을 함께 고려한 제한적 거래다.,1,llm_first_response,not_one_share
RN_COMM_ON_20260917_offline_e2e,2026-03-09,12,pm,A006,ltb_A006_t011,stb_A006_t012,analysis_A006_t012,decision_A006_t012,,,2026-03-09,2026-03-09,2026-03-09,09:00,2026-03-09,15:29,2026-03-09,pre_close_cutoff,005930,buy,10,두 belief와 실행 제약을 함께 고려한 제한적 거래다.,1,llm_first_response,not_one_share
RN_COMM_ON_20260917_offline_e2e,2026-03-09,12,pm,A007,ltb_A007_t011,stb_A007_t012,analysis_A007_t012,decision_A007_t012,,,2026-03-09,2026-03-09,2026-03-09,09:00,2026-03-09,15:29,2026-03-09,pre_close_cutoff,005930,buy,10,두 belief와 실행 제약을 함께 고려한 제한적 거래다.,1,llm_first_response,not_one_share
RN_COMM_ON_20260917_offline_e2e,2026-03-10,13,am,A001,ltb_A001_t012,stb_A001_t013,analysis_A001_t013,decision_A001_t013,,,2026-03-10,2026-03-09,2026-03-09,15:30,2026-03-10,08:59,2026-03-10,pre_close_cutoff,005930,buy,10,두 belief와 실행 제약을 함께 고려한 제한적 거래다.,1,llm_first_response,not_one_share
RN_COMM_ON_20260917_offline_e2e,2026-03-10,13,am,A002,ltb_A002_t012,stb_A002_t013,analysis_A002_t013,decision_A002_t013,,,2026-03-10,2026-03-09,2026-03-09,15:30,2026-03-10,08:59,2026-03-10,pre_close_cutoff,005930,buy,10,두 belief와 실행 제약을 함께 고려한 제한적 거래다.,1,llm_first_response,not_one_share
RN_COMM_ON_20260917_offline_e2e,2026-03-10,13,am,A003,ltb_A003_t012,stb_A003_t013,analysis_A003_t013,decision_A003_t013,,,2026-03-10,2026-03-09,2026-03-09,15:30,2026-03-10,08:59,2026-03-10,pre_close_cutoff,005930,buy,10,두 belief와 실행 제약을 함께 고려한 제한적 거래다.,1,llm_first_response,not_one_share
RN_COMM_ON_20260917_offline_e2e,2026-03-10,13,am,A004,ltb_A004_t012,stb_A004_t013,analysis_A004_t013,decision_A004_t013,,,2026-03-10,2026-03-09,2026-03-09,15:30,2026-03-10,08:59,2026-03-10,pre_close_cutoff,005930,buy,10,두 belief와 실행 제약을 함께 고려한 제한적 거래다.,1,llm_first_response,not_one_share
RN_COMM_ON_20260917_offline_e2e,2026-03-10,13,am,A005,ltb_A005_t012,stb_A005_t013,analysis_A005_t013,decision_A005_t013,,,2026-03-10,2026-03-09,2026-03-09,15:30,2026-03-10,08:59,2026-03-10,pre_close_cutoff,005930,buy,10,두 belief와 실행 제약을 함께 고려한 제한적 거래다.,1,llm_first_response,not_one_share
RN_COMM_ON_20260917_offline_e2e,2026-03-10,13,am,A006,ltb_A006_t012,stb_A006_t013,analysis_A006_t013,decision_A006_t013,,,2026-03-10,2026-03-09,2026-03-09,15:30,2026-03-10,08:59,2026-03-10,pre_close_cutoff,005930,buy,10,두 belief와 실행 제약을 함께 고려한 제한적 거래다.,1,llm_first_response,not_one_share
RN_COMM_ON_20260917_offline_e2e,2026-03-10,13,am,A007,ltb_A007_t012,stb_A007_t013,analysis_A007_t013,decision_A007_t013,,,2026-03-10,2026-03-09,2026-03-09,15:30,2026-03-10,08:59,2026-03-10,pre_close_cutoff,005930,buy,10,두 belief와 실행 제약을 함께 고려한 제한적 거래다.,1,llm_first_response,not_one_share
RN_COMM_ON_20260917_offline_e2e,2026-03-10,14,pm,A001,ltb_A001_t013,stb_A001_t014,analysis_A001_t014,decision_A001_t014,,,2026-03-10,2026-03-10,2026-03-10,09:00,2026-03-10,15:29,2026-03-10,pre_close_cutoff,005930,buy,10,두 belief와 실행 제약을 함께 고려한 제한적 거래다.,1,llm_first_response,not_one_share
RN_COMM_ON_20260917_offline_e2e,2026-03-10,14,pm,A002,ltb_A002_t013,stb_A002_t014,analysis_A002_t014,decision_A002_t014,,,2026-03-10,2026-03-10,2026-03-10,09:00,2026-03-10,15:29,2026-03-10,pre_close_cutoff,005930,buy,10,두 belief와 실행 제약을 함께 고려한 제한적 거래다.,1,llm_first_response,not_one_share
RN_COMM_ON_20260917_offline_e2e,2026-03-10,14,pm,A003,ltb_A003_t013,stb_A003_t014,analysis_A003_t014,decision_A003_t014,,,2026-03-10,2026-03-10,2026-03-10,09:00,2026-03-10,15:29,2026-03-10,pre_close_cutoff,005930,buy,10,두 belief와 실행 제약을 함께 고려한 제한적 거래다.,1,llm_first_response,not_one_share
RN_COMM_ON_20260917_offline_e2e,2026-03-10,14,pm,A004,ltb_A004_t013,stb_A004_t014,analysis_A004_t014,decision_A004_t014,,,2026-03-10,2026-03-10,2026-03-10,09:00,2026-03-10,15:29,2026-03-10,pre_close_cutoff,005930,buy,10,두 belief와 실행 제약을 함께 고려한 제한적 거래다.,1,llm_first_response,not_one_share
RN_COMM_ON_20260917_offline_e2e,2026-03-10,14,pm,A005,ltb_A005_t013,stb_A005_t014,analysis_A005_t014,decision_A005_t014,,,2026-03-10,2026-03-10,2026-03-10,09:00,2026-03-10,15:29,2026-03-10,pre_close_cutoff,005930,buy,10,두 belief와 실행 제약을 함께 고려한 제한적 거래다.,1,llm_first_response,not_one_share
RN_COMM_ON_20260917_offline_e2e,2026-03-10,14,pm,A006,ltb_A006_t013,stb_A006_t014,analysis_A006_t014,decision_A006_t014,,,2026-03-10,2026-03-10,2026-03-10,09:00,2026-03-10,15:29,2026-03-10,pre_close_cutoff,005930,buy,10,두 belief와 실행 제약을 함께 고려한 제한적 거래다.,1,llm_first_response,not_one_share
RN_COMM_ON_20260917_offline_e2e,2026-03-10,14,pm,A007,ltb_A007_t013,stb_A007_t014,analysis_A007_t014,decision_A007_t014,,,2026-03-10,2026-03-10,2026-03-10,09:00,2026-03-10,15:29,2026-03-10,pre_close_cutoff,005930,buy,10,두 belief와 실행 제약을 함께 고려한 제한적 거래다.,1,llm_first_response,not_one_share
RN_COMM_ON_20260917_offline_e2e,2026-03-11,15,am,A001,ltb_A001_t014,stb_A001_t015,analysis_A001_t015,decision_A001_t015,,,2026-03-11,2026-03-10,2026-03-10,15:30,2026-03-11,08:59,2026-03-11,pre_close_cutoff,005930,buy,10,두 belief와 실행 제약을 함께 고려한 제한적 거래다.,1,llm_first_response,not_one_share
RN_COMM_ON_20260917_offline_e2e,2026-03-11,15,am,A002,ltb_A002_t014,stb_A002_t015,analysis_A002_t015,decision_A002_t015,,,2026-03-11,2026-03-10,2026-03-10,15:30,2026-03-11,08:59,2026-03-11,pre_close_cutoff,005930,buy,10,두 belief와 실행 제약을 함께 고려한 제한적 거래다.,1,llm_first_response,not_one_share
RN_COMM_ON_20260917_offline_e2e,2026-03-11,15,am,A003,ltb_A003_t014,stb_A003_t015,analysis_A003_t015,decision_A003_t015,,,2026-03-11,2026-03-10,2026-03-10,15:30,2026-03-11,08:59,2026-03-11,pre_close_cutoff,005930,buy,10,두 belief와 실행 제약을 함께 고려한 제한적 거래다.,1,llm_first_response,not_one_share
RN_COMM_ON_20260917_offline_e2e,2026-03-11,15,am,A004,ltb_A004_t014,stb_A004_t015,analysis_A004_t015,decision_A004_t015,,,2026-03-11,2026-03-10,2026-03-10,15:30,2026-03-11,08:59,2026-03-11,pre_close_cutoff,005930,buy,10,두 belief와 실행 제약을 함께 고려한 제한적 거래다.,1,llm_first_response,not_one_share
RN_COMM_ON_20260917_offline_e2e,2026-03-11,15,am,A005,ltb_A005_t014,stb_A005_t015,analysis_A005_t015,decision_A005_t015,,,2026-03-11,2026-03-10,2026-03-10,15:30,2026-03-11,08:59,2026-03-11,pre_close_cutoff,005930,buy,10,두 belief와 실행 제약을 함께 고려한 제한적 거래다.,1,llm_first_response,not_one_share
RN_COMM_ON_20260917_offline_e2e,2026-03-11,15,am,A006,ltb_A006_t014,stb_A006_t015,analysis_A006_t015,decision_A006_t015,,,2026-03-11,2026-03-10,2026-03-10,15:30,2026-03-11,08:59,2026-03-11,pre_close_cutoff,005930,buy,10,두 belief와 실행 제약을 함께 고려한 제한적 거래다.,1,llm_first_response,not_one_share
RN_COMM_ON_20260917_offline_e2e,2026-03-11,15,am,A007,ltb_A007_t014,stb_A007_t015,analysis_A007_t015,decision_A007_t015,,,2026-03-11,2026-03-10,2026-03-10,15:30,2026-03-11,08:59,2026-03-11,pre_close_cutoff,005930,buy,10,두 belief와 실행 제약을 함께 고려한 제한적 거래다.,1,llm_first_response,not_one_share
RN_COMM_ON_20260917_offline_e2e,2026-03-11,16,pm,A001,ltb_A001_t015,stb_A001_t016,analysis_A001_t016,decision_A001_t016,,,2026-03-11,2026-03-11,2026-03-11,09:00,2026-03-11,15:29,2026-03-11,pre_close_cutoff,005930,buy,10,두 belief와 실행 제약을 함께 고려한 제한적 거래다.,1,llm_first_response,not_one_share
RN_COMM_ON_20260917_offline_e2e,2026-03-11,16,pm,A002,ltb_A002_t015,stb_A002_t016,analysis_A002_t016,decision_A002_t016,,,2026-03-11,2026-03-11,2026-03-11,09:00,2026-03-11,15:29,2026-03-11,pre_close_cutoff,005930,buy,10,두 belief와 실행 제약을 함께 고려한 제한적 거래다.,1,llm_first_response,not_one_share
RN_COMM_ON_20260917_offline_e2e,2026-03-11,16,pm,A003,ltb_A003_t015,stb_A003_t016,analysis_A003_t016,decision_A003_t016,,,2026-03-11,2026-03-11,2026-03-11,09:00,2026-03-11,15:29,2026-03-11,pre_close_cutoff,005930,buy,10,두 belief와 실행 제약을 함께 고려한 제한적 거래다.,1,llm_first_response,not_one_share
RN_COMM_ON_20260917_offline_e2e,2026-03-11,16,pm,A004,ltb_A004_t015,stb_A004_t016,analysis_A004_t016,decision_A004_t016,,,2026-03-11,2026-03-11,2026-03-11,09:00,2026-03-11,15:29,2026-03-11,pre_close_cutoff,005930,buy,10,두 belief와 실행 제약을 함께 고려한 제한적 거래다.,1,llm_first_response,not_one_share
RN_COMM_ON_20260917_offline_e2e,2026-03-11,16,pm,A005,ltb_A005_t015,stb_A005_t016,analysis_A005_t016,decision_A005_t016,,,2026-03-11,2026-03-11,2026-03-11,09:00,2026-03-11,15:29,2026-03-11,pre_close_cutoff,005930,buy,10,두 belief와 실행 제약을 함께 고려한 제한적 거래다.,1,llm_first_response,not_one_share
RN_COMM_ON_20260917_offline_e2e,2026-03-11,16,pm,A006,ltb_A006_t015,stb_A006_t016,analysis_A006_t016,decision_A006_t016,,,2026-03-11,2026-03-11,2026-03-11,09:00,2026-03-11,15:29,2026-03-11,pre_close_cutoff,005930,buy,10,두 belief와 실행 제약을 함께 고려한 제한적 거래다.,1,llm_first_response,not_one_share
RN_COMM_ON_20260917_offline_e2e,2026-03-11,16,pm,A007,ltb_A007_t015,stb_A007_t016,analysis_A007_t016,decision_A007_t016,,,2026-03-11,2026-03-11,2026-03-11,09:00,2026-03-11,15:29,2026-03-11,pre_close_cutoff,005930,buy,10,두 belief와 실행 제약을 함께 고려한 제한적 거래다.,1,llm_first_response,not_one_share
RN_COMM_ON_20260917_offline_e2e,2026-03-12,17,am,A001,ltb_A001_t016,stb_A001_t017,analysis_A001_t017,decision_A001_t017,,,2026-03-12,2026-03-11,2026-03-11,15:30,2026-03-12,08:59,2026-03-12,pre_close_cutoff,005930,buy,10,두 belief와 실행 제약을 함께 고려한 제한적 거래다.,1,llm_first_response,not_one_share
RN_COMM_ON_20260917_offline_e2e,2026-03-12,17,am,A002,ltb_A002_t016,stb_A002_t017,analysis_A002_t017,decision_A002_t017,,,2026-03-12,2026-03-11,2026-03-11,15:30,2026-03-12,08:59,2026-03-12,pre_close_cutoff,005930,buy,10,두 belief와 실행 제약을 함께 고려한 제한적 거래다.,1,llm_first_response,not_one_share
RN_COMM_ON_20260917_offline_e2e,2026-03-12,17,am,A003,ltb_A003_t016,stb_A003_t017,analysis_A003_t017,decision_A003_t017,,,2026-03-12,2026-03-11,2026-03-11,15:30,2026-03-12,08:59,2026-03-12,pre_close_cutoff,005930,buy,10,두 belief와 실행 제약을 함께 고려한 제한적 거래다.,1,llm_first_response,not_one_share
RN_COMM_ON_20260917_offline_e2e,2026-03-12,17,am,A004,ltb_A004_t016,stb_A004_t017,analysis_A004_t017,decision_A004_t017,,,2026-03-12,2026-03-11,2026-03-11,15:30,2026-03-12,08:59,2026-03-12,pre_close_cutoff,005930,buy,10,두 belief와 실행 제약을 함께 고려한 제한적 거래다.,1,llm_first_response,not_one_share
RN_COMM_ON_20260917_offline_e2e,2026-03-12,17,am,A005,ltb_A005_t016,stb_A005_t017,analysis_A005_t017,decision_A005_t017,,,2026-03-12,2026-03-11,2026-03-11,15:30,2026-03-12,08:59,2026-03-12,pre_close_cutoff,005930,buy,10,두 belief와 실행 제약을 함께 고려한 제한적 거래다.,1,llm_first_response,not_one_share
RN_COMM_ON_20260917_offline_e2e,2026-03-12,17,am,A006,ltb_A006_t016,stb_A006_t017,analysis_A006_t017,decision_A006_t017,,,2026-03-12,2026-03-11,2026-03-11,15:30,2026-03-12,08:59,2026-03-12,pre_close_cutoff,005930,buy,10,두 belief와 실행 제약을 함께 고려한 제한적 거래다.,1,llm_first_response,not_one_share
RN_COMM_ON_20260917_offline_e2e,2026-03-12,17,am,A007,ltb_A007_t016,stb_A007_t017,analysis_A007_t017,decision_A007_t017,,,2026-03-12,2026-03-11,2026-03-11,15:30,2026-03-12,08:59,2026-03-12,pre_close_cutoff,005930,buy,10,두 belief와 실행 제약을 함께 고려한 제한적 거래다.,1,llm_first_response,not_one_share
RN_COMM_ON_20260917_offline_e2e,2026-03-12,18,pm,A001,ltb_A001_t017,stb_A001_t018,analysis_A001_t018,decision_A001_t018,,,2026-03-12,2026-03-12,2026-03-12,09:00,2026-03-12,15:29,2026-03-12,pre_close_cutoff,005930,buy,10,두 belief와 실행 제약을 함께 고려한 제한적 거래다.,1,llm_first_response,not_one_share
RN_COMM_ON_20260917_offline_e2e,2026-03-12,18,pm,A002,ltb_A002_t017,stb_A002_t018,analysis_A002_t018,decision_A002_t018,,,2026-03-12,2026-03-12,2026-03-12,09:00,2026-03-12,15:29,2026-03-12,pre_close_cutoff,005930,buy,10,두 belief와 실행 제약을 함께 고려한 제한적 거래다.,1,llm_first_response,not_one_share
RN_COMM_ON_20260917_offline_e2e,2026-03-12,18,pm,A003,ltb_A003_t017,stb_A003_t018,analysis_A003_t018,decision_A003_t018,,,2026-03-12,2026-03-12,2026-03-12,09:00,2026-03-12,15:29,2026-03-12,pre_close_cutoff,005930,buy,10,두 belief와 실행 제약을 함께 고려한 제한적 거래다.,1,llm_first_response,not_one_share
RN_COMM_ON_20260917_offline_e2e,2026-03-12,18,pm,A004,ltb_A004_t017,stb_A004_t018,analysis_A004_t018,decision_A004_t018,,,2026-03-12,2026-03-12,2026-03-12,09:00,2026-03-12,15:29,2026-03-12,pre_close_cutoff,005930,buy,10,두 belief와 실행 제약을 함께 고려한 제한적 거래다.,1,llm_first_response,not_one_share
RN_COMM_ON_20260917_offline_e2e,2026-03-12,18,pm,A005,ltb_A005_t017,stb_A005_t018,analysis_A005_t018,decision_A005_t018,,,2026-03-12,2026-03-12,2026-03-12,09:00,2026-03-12,15:29,2026-03-12,pre_close_cutoff,005930,buy,10,두 belief와 실행 제약을 함께 고려한 제한적 거래다.,1,llm_first_response,not_one_share
RN_COMM_ON_20260917_offline_e2e,2026-03-12,18,pm,A006,ltb_A006_t017,stb_A006_t018,analysis_A006_t018,decision_A006_t018,,,2026-03-12,2026-03-12,2026-03-12,09:00,2026-03-12,15:29,2026-03-12,pre_close_cutoff,005930,buy,10,두 belief와 실행 제약을 함께 고려한 제한적 거래다.,1,llm_first_response,not_one_share
RN_COMM_ON_20260917_offline_e2e,2026-03-12,18,pm,A007,ltb_A007_t017,stb_A007_t018,analysis_A007_t018,decision_A007_t018,,,2026-03-12,2026-03-12,2026-03-12,09:00,2026-03-12,15:29,2026-03-12,pre_close_cutoff,005930,buy,10,두 belief와 실행 제약을 함께 고려한 제한적 거래다.,1,llm_first_response,not_one_share
RN_COMM_ON_20260917_offline_e2e,2026-03-13,19,am,A001,ltb_A001_t018,stb_A001_t019,analysis_A001_t019,decision_A001_t019,,,2026-03-13,2026-03-12,2026-03-12,15:30,2026-03-13,08:59,2026-03-13,pre_close_cutoff,005930,buy,10,두 belief와 실행 제약을 함께 고려한 제한적 거래다.,1,llm_first_response,not_one_share
RN_COMM_ON_20260917_offline_e2e,2026-03-13,19,am,A002,ltb_A002_t018,stb_A002_t019,analysis_A002_t019,decision_A002_t019,,,2026-03-13,2026-03-12,2026-03-12,15:30,2026-03-13,08:59,2026-03-13,pre_close_cutoff,005930,buy,10,두 belief와 실행 제약을 함께 고려한 제한적 거래다.,1,llm_first_response,not_one_share
RN_COMM_ON_20260917_offline_e2e,2026-03-13,19,am,A003,ltb_A003_t018,stb_A003_t019,analysis_A003_t019,decision_A003_t019,,,2026-03-13,2026-03-12,2026-03-12,15:30,2026-03-13,08:59,2026-03-13,pre_close_cutoff,005930,buy,10,두 belief와 실행 제약을 함께 고려한 제한적 거래다.,1,llm_first_response,not_one_share
RN_COMM_ON_20260917_offline_e2e,2026-03-13,19,am,A004,ltb_A004_t018,stb_A004_t019,analysis_A004_t019,decision_A004_t019,,,2026-03-13,2026-03-12,2026-03-12,15:30,2026-03-13,08:59,2026-03-13,pre_close_cutoff,005930,buy,10,두 belief와 실행 제약을 함께 고려한 제한적 거래다.,1,llm_first_response,not_one_share
RN_COMM_ON_20260917_offline_e2e,2026-03-13,19,am,A005,ltb_A005_t018,stb_A005_t019,analysis_A005_t019,decision_A005_t019,,,2026-03-13,2026-03-12,2026-03-12,15:30,2026-03-13,08:59,2026-03-13,pre_close_cutoff,005930,buy,10,두 belief와 실행 제약을 함께 고려한 제한적 거래다.,1,llm_first_response,not_one_share
RN_COMM_ON_20260917_offline_e2e,2026-03-13,19,am,A006,ltb_A006_t018,stb_A006_t019,analysis_A006_t019,decision_A006_t019,,,2026-03-13,2026-03-12,2026-03-12,15:30,2026-03-13,08:59,2026-03-13,pre_close_cutoff,005930,buy,10,두 belief와 실행 제약을 함께 고려한 제한적 거래다.,1,llm_first_response,not_one_share
RN_COMM_ON_20260917_offline_e2e,2026-03-13,19,am,A007,ltb_A007_t018,stb_A007_t019,analysis_A007_t019,decision_A007_t019,,,2026-03-13,2026-03-12,2026-03-12,15:30,2026-03-13,08:59,2026-03-13,pre_close_cutoff,005930,buy,10,두 belief와 실행 제약을 함께 고려한 제한적 거래다.,1,llm_first_response,not_one_share
RN_COMM_ON_20260917_offline_e2e,2026-03-13,20,pm,A001,ltb_A001_t019,stb_A001_t020,analysis_A001_t020,decision_A001_t020,,,2026-03-13,2026-03-13,2026-03-13,09:00,2026-03-13,15:29,2026-03-13,pre_close_cutoff,005930,buy,10,두 belief와 실행 제약을 함께 고려한 제한적 거래다.,1,llm_first_response,not_one_share
RN_COMM_ON_20260917_offline_e2e,2026-03-13,20,pm,A002,ltb_A002_t019,stb_A002_t020,analysis_A002_t020,decision_A002_t020,,,2026-03-13,2026-03-13,2026-03-13,09:00,2026-03-13,15:29,2026-03-13,pre_close_cutoff,005930,buy,10,두 belief와 실행 제약을 함께 고려한 제한적 거래다.,1,llm_first_response,not_one_share
RN_COMM_ON_20260917_offline_e2e,2026-03-13,20,pm,A003,ltb_A003_t019,stb_A003_t020,analysis_A003_t020,decision_A003_t020,,,2026-03-13,2026-03-13,2026-03-13,09:00,2026-03-13,15:29,2026-03-13,pre_close_cutoff,005930,buy,10,두 belief와 실행 제약을 함께 고려한 제한적 거래다.,1,llm_first_response,not_one_share
RN_COMM_ON_20260917_offline_e2e,2026-03-13,20,pm,A004,ltb_A004_t019,stb_A004_t020,analysis_A004_t020,decision_A004_t020,,,2026-03-13,2026-03-13,2026-03-13,09:00,2026-03-13,15:29,2026-03-13,pre_close_cutoff,005930,buy,10,두 belief와 실행 제약을 함께 고려한 제한적 거래다.,1,llm_first_response,not_one_share
RN_COMM_ON_20260917_offline_e2e,2026-03-13,20,pm,A005,ltb_A005_t019,stb_A005_t020,analysis_A005_t020,decision_A005_t020,,,2026-03-13,2026-03-13,2026-03-13,09:00,2026-03-13,15:29,2026-03-13,pre_close_cutoff,005930,buy,10,두 belief와 실행 제약을 함께 고려한 제한적 거래다.,1,llm_first_response,not_one_share
RN_COMM_ON_20260917_offline_e2e,2026-03-13,20,pm,A006,ltb_A006_t019,stb_A006_t020,analysis_A006_t020,decision_A006_t020,,,2026-03-13,2026-03-13,2026-03-13,09:00,2026-03-13,15:29,2026-03-13,pre_close_cutoff,005930,buy,10,두 belief와 실행 제약을 함께 고려한 제한적 거래다.,1,llm_first_response,not_one_share
RN_COMM_ON_20260917_offline_e2e,2026-03-13,20,pm,A007,ltb_A007_t019,stb_A007_t020,analysis_A007_t020,decision_A007_t020,,,2026-03-13,2026-03-13,2026-03-13,09:00,2026-03-13,15:29,2026-03-13,pre_close_cutoff,005930,buy,10,두 belief와 실행 제약을 함께 고려한 제한적 거래다.,1,llm_first_response,not_one_share
RN_COMM_ON_20260917_offline_e2e,2026-03-16,21,am,A001,ltb_A001_t020,stb_A001_t021,analysis_A001_t021,decision_A001_t021,,,2026-03-16,2026-03-13,2026-03-13,15:30,2026-03-16,08:59,2026-03-16,pre_close_cutoff,005930,buy,10,두 belief와 실행 제약을 함께 고려한 제한적 거래다.,1,llm_first_response,not_one_share
RN_COMM_ON_20260917_offline_e2e,2026-03-16,21,am,A002,ltb_A002_t020,stb_A002_t021,analysis_A002_t021,decision_A002_t021,,,2026-03-16,2026-03-13,2026-03-13,15:30,2026-03-16,08:59,2026-03-16,pre_close_cutoff,005930,buy,10,두 belief와 실행 제약을 함께 고려한 제한적 거래다.,1,llm_first_response,not_one_share
RN_COMM_ON_20260917_offline_e2e,2026-03-16,21,am,A003,ltb_A003_t020,stb_A003_t021,analysis_A003_t021,decision_A003_t021,,,2026-03-16,2026-03-13,2026-03-13,15:30,2026-03-16,08:59,2026-03-16,pre_close_cutoff,005930,buy,10,두 belief와 실행 제약을 함께 고려한 제한적 거래다.,1,llm_first_response,not_one_share
RN_COMM_ON_20260917_offline_e2e,2026-03-16,21,am,A004,ltb_A004_t020,stb_A004_t021,analysis_A004_t021,decision_A004_t021,,,2026-03-16,2026-03-13,2026-03-13,15:30,2026-03-16,08:59,2026-03-16,pre_close_cutoff,005930,buy,10,두 belief와 실행 제약을 함께 고려한 제한적 거래다.,1,llm_first_response,not_one_share
RN_COMM_ON_20260917_offline_e2e,2026-03-16,21,am,A005,ltb_A005_t020,stb_A005_t021,analysis_A005_t021,decision_A005_t021,,,2026-03-16,2026-03-13,2026-03-13,15:30,2026-03-16,08:59,2026-03-16,pre_close_cutoff,005930,buy,10,두 belief와 실행 제약을 함께 고려한 제한적 거래다.,1,llm_first_response,not_one_share
RN_COMM_ON_20260917_offline_e2e,2026-03-16,21,am,A006,ltb_A006_t020,stb_A006_t021,analysis_A006_t021,decision_A006_t021,,,2026-03-16,2026-03-13,2026-03-13,15:30,2026-03-16,08:59,2026-03-16,pre_close_cutoff,005930,buy,10,두 belief와 실행 제약을 함께 고려한 제한적 거래다.,1,llm_first_response,not_one_share
RN_COMM_ON_20260917_offline_e2e,2026-03-16,21,am,A007,ltb_A007_t020,stb_A007_t021,analysis_A007_t021,decision_A007_t021,,,2026-03-16,2026-03-13,2026-03-13,15:30,2026-03-16,08:59,2026-03-16,pre_close_cutoff,005930,buy,10,두 belief와 실행 제약을 함께 고려한 제한적 거래다.,1,llm_first_response,not_one_share
RN_COMM_ON_20260917_offline_e2e,2026-03-16,22,pm,A001,ltb_A001_t021,stb_A001_t022,analysis_A001_t022,decision_A001_t022,,,2026-03-16,2026-03-16,2026-03-16,09:00,2026-03-16,15:29,2026-03-16,pre_close_cutoff,005930,buy,10,두 belief와 실행 제약을 함께 고려한 제한적 거래다.,1,llm_first_response,not_one_share
RN_COMM_ON_20260917_offline_e2e,2026-03-16,22,pm,A002,ltb_A002_t021,stb_A002_t022,analysis_A002_t022,decision_A002_t022,,,2026-03-16,2026-03-16,2026-03-16,09:00,2026-03-16,15:29,2026-03-16,pre_close_cutoff,005930,buy,10,두 belief와 실행 제약을 함께 고려한 제한적 거래다.,1,llm_first_response,not_one_share
RN_COMM_ON_20260917_offline_e2e,2026-03-16,22,pm,A003,ltb_A003_t021,stb_A003_t022,analysis_A003_t022,decision_A003_t022,,,2026-03-16,2026-03-16,2026-03-16,09:00,2026-03-16,15:29,2026-03-16,pre_close_cutoff,005930,buy,10,두 belief와 실행 제약을 함께 고려한 제한적 거래다.,1,llm_first_response,not_one_share
RN_COMM_ON_20260917_offline_e2e,2026-03-16,22,pm,A004,ltb_A004_t021,stb_A004_t022,analysis_A004_t022,decision_A004_t022,,,2026-03-16,2026-03-16,2026-03-16,09:00,2026-03-16,15:29,2026-03-16,pre_close_cutoff,005930,buy,10,두 belief와 실행 제약을 함께 고려한 제한적 거래다.,1,llm_first_response,not_one_share
RN_COMM_ON_20260917_offline_e2e,2026-03-16,22,pm,A005,ltb_A005_t021,stb_A005_t022,analysis_A005_t022,decision_A005_t022,,,2026-03-16,2026-03-16,2026-03-16,09:00,2026-03-16,15:29,2026-03-16,pre_close_cutoff,005930,buy,10,두 belief와 실행 제약을 함께 고려한 제한적 거래다.,1,llm_first_response,not_one_share
RN_COMM_ON_20260917_offline_e2e,2026-03-16,22,pm,A006,ltb_A006_t021,stb_A006_t022,analysis_A006_t022,decision_A006_t022,,,2026-03-16,2026-03-16,2026-03-16,09:00,2026-03-16,15:29,2026-03-16,pre_close_cutoff,005930,buy,10,두 belief와 실행 제약을 함께 고려한 제한적 거래다.,1,llm_first_response,not_one_share
RN_COMM_ON_20260917_offline_e2e,2026-03-16,22,pm,A007,ltb_A007_t021,stb_A007_t022,analysis_A007_t022,decision_A007_t022,,,2026-03-16,2026-03-16,2026-03-16,09:00,2026-03-16,15:29,2026-03-16,pre_close_cutoff,005930,buy,10,두 belief와 실행 제약을 함께 고려한 제한적 거래다.,1,llm_first_response,not_one_share
RN_COMM_ON_20260917_offline_e2e,2026-03-17,23,am,A001,ltb_A001_t022,stb_A001_t023,analysis_A001_t023,decision_A001_t023,,,2026-03-17,2026-03-16,2026-03-16,15:30,2026-03-17,08:59,2026-03-17,pre_close_cutoff,005930,buy,10,두 belief와 실행 제약을 함께 고려한 제한적 거래다.,1,llm_first_response,not_one_share
RN_COMM_ON_20260917_offline_e2e,2026-03-17,23,am,A002,ltb_A002_t022,stb_A002_t023,analysis_A002_t023,decision_A002_t023,,,2026-03-17,2026-03-16,2026-03-16,15:30,2026-03-17,08:59,2026-03-17,pre_close_cutoff,005930,buy,10,두 belief와 실행 제약을 함께 고려한 제한적 거래다.,1,llm_first_response,not_one_share
RN_COMM_ON_20260917_offline_e2e,2026-03-17,23,am,A003,ltb_A003_t022,stb_A003_t023,analysis_A003_t023,decision_A003_t023,,,2026-03-17,2026-03-16,2026-03-16,15:30,2026-03-17,08:59,2026-03-17,pre_close_cutoff,005930,buy,10,두 belief와 실행 제약을 함께 고려한 제한적 거래다.,1,llm_first_response,not_one_share
RN_COMM_ON_20260917_offline_e2e,2026-03-17,23,am,A004,ltb_A004_t022,stb_A004_t023,analysis_A004_t023,decision_A004_t023,,,2026-03-17,2026-03-16,2026-03-16,15:30,2026-03-17,08:59,2026-03-17,pre_close_cutoff,005930,buy,10,두 belief와 실행 제약을 함께 고려한 제한적 거래다.,1,llm_first_response,not_one_share
RN_COMM_ON_20260917_offline_e2e,2026-03-17,23,am,A005,ltb_A005_t022,stb_A005_t023,analysis_A005_t023,decision_A005_t023,,,2026-03-17,2026-03-16,2026-03-16,15:30,2026-03-17,08:59,2026-03-17,pre_close_cutoff,005930,buy,10,두 belief와 실행 제약을 함께 고려한 제한적 거래다.,1,llm_first_response,not_one_share
RN_COMM_ON_20260917_offline_e2e,2026-03-17,23,am,A006,ltb_A006_t022,stb_A006_t023,analysis_A006_t023,decision_A006_t023,,,2026-03-17,2026-03-16,2026-03-16,15:30,2026-03-17,08:59,2026-03-17,pre_close_cutoff,005930,buy,10,두 belief와 실행 제약을 함께 고려한 제한적 거래다.,1,llm_first_response,not_one_share
RN_COMM_ON_20260917_offline_e2e,2026-03-17,23,am,A007,ltb_A007_t022,stb_A007_t023,analysis_A007_t023,decision_A007_t023,,,2026-03-17,2026-03-16,2026-03-16,15:30,2026-03-17,08:59,2026-03-17,pre_close_cutoff,005930,buy,10,두 belief와 실행 제약을 함께 고려한 제한적 거래다.,1,llm_first_response,not_one_share
RN_COMM_ON_20260917_offline_e2e,2026-03-17,24,pm,A001,ltb_A001_t023,stb_A001_t024,analysis_A001_t024,decision_A001_t024,,,2026-03-17,2026-03-17,2026-03-17,09:00,2026-03-17,15:29,2026-03-17,pre_close_cutoff,005930,buy,10,두 belief와 실행 제약을 함께 고려한 제한적 거래다.,1,llm_first_response,not_one_share
RN_COMM_ON_20260917_offline_e2e,2026-03-17,24,pm,A002,ltb_A002_t023,stb_A002_t024,analysis_A002_t024,decision_A002_t024,,,2026-03-17,2026-03-17,2026-03-17,09:00,2026-03-17,15:29,2026-03-17,pre_close_cutoff,005930,buy,10,두 belief와 실행 제약을 함께 고려한 제한적 거래다.,1,llm_first_response,not_one_share
RN_COMM_ON_20260917_offline_e2e,2026-03-17,24,pm,A003,ltb_A003_t023,stb_A003_t024,analysis_A003_t024,decision_A003_t024,,,2026-03-17,2026-03-17,2026-03-17,09:00,2026-03-17,15:29,2026-03-17,pre_close_cutoff,005930,buy,10,두 belief와 실행 제약을 함께 고려한 제한적 거래다.,1,llm_first_response,not_one_share
RN_COMM_ON_20260917_offline_e2e,2026-03-17,24,pm,A004,ltb_A004_t023,stb_A004_t024,analysis_A004_t024,decision_A004_t024,,,2026-03-17,2026-03-17,2026-03-17,09:00,2026-03-17,15:29,2026-03-17,pre_close_cutoff,005930,buy,10,두 belief와 실행 제약을 함께 고려한 제한적 거래다.,1,llm_first_response,not_one_share
RN_COMM_ON_20260917_offline_e2e,2026-03-17,24,pm,A005,ltb_A005_t023,stb_A005_t024,analysis_A005_t024,decision_A005_t024,,,2026-03-17,2026-03-17,2026-03-17,09:00,2026-03-17,15:29,2026-03-17,pre_close_cutoff,005930,buy,10,두 belief와 실행 제약을 함께 고려한 제한적 거래다.,1,llm_first_response,not_one_share
RN_COMM_ON_20260917_offline_e2e,2026-03-17,24,pm,A006,ltb_A006_t023,stb_A006_t024,analysis_A006_t024,decision_A006_t024,,,2026-03-17,2026-03-17,2026-03-17,09:00,2026-03-17,15:29,2026-03-17,pre_close_cutoff,005930,buy,10,두 belief와 실행 제약을 함께 고려한 제한적 거래다.,1,llm_first_response,not_one_share
RN_COMM_ON_20260917_offline_e2e,2026-03-17,24,pm,A007,ltb_A007_t023,stb_A007_t024,analysis_A007_t024,decision_A007_t024,,,2026-03-17,2026-03-17,2026-03-17,09:00,2026-03-17,15:29,2026-03-17,pre_close_cutoff,005930,buy,10,두 belief와 실행 제약을 함께 고려한 제한적 거래다.,1,llm_first_response,not_one_share
RN_COMM_ON_20260917_offline_e2e,2026-03-18,25,am,A001,ltb_A001_t024,stb_A001_t025,analysis_A001_t025,decision_A001_t025,,,2026-03-18,2026-03-17,2026-03-17,15:30,2026-03-18,08:59,2026-03-18,pre_close_cutoff,005930,buy,10,두 belief와 실행 제약을 함께 고려한 제한적 거래다.,1,llm_first_response,not_one_share
RN_COMM_ON_20260917_offline_e2e,2026-03-18,25,am,A002,ltb_A002_t024,stb_A002_t025,analysis_A002_t025,decision_A002_t025,,,2026-03-18,2026-03-17,2026-03-17,15:30,2026-03-18,08:59,2026-03-18,pre_close_cutoff,005930,buy,10,두 belief와 실행 제약을 함께 고려한 제한적 거래다.,1,llm_first_response,not_one_share
RN_COMM_ON_20260917_offline_e2e,2026-03-18,25,am,A003,ltb_A003_t024,stb_A003_t025,analysis_A003_t025,decision_A003_t025,,,2026-03-18,2026-03-17,2026-03-17,15:30,2026-03-18,08:59,2026-03-18,pre_close_cutoff,005930,buy,10,두 belief와 실행 제약을 함께 고려한 제한적 거래다.,1,llm_first_response,not_one_share
RN_COMM_ON_20260917_offline_e2e,2026-03-18,25,am,A004,ltb_A004_t024,stb_A004_t025,analysis_A004_t025,decision_A004_t025,,,2026-03-18,2026-03-17,2026-03-17,15:30,2026-03-18,08:59,2026-03-18,pre_close_cutoff,005930,buy,10,두 belief와 실행 제약을 함께 고려한 제한적 거래다.,1,llm_first_response,not_one_share
RN_COMM_ON_20260917_offline_e2e,2026-03-18,25,am,A005,ltb_A005_t024,stb_A005_t025,analysis_A005_t025,decision_A005_t025,,,2026-03-18,2026-03-17,2026-03-17,15:30,2026-03-18,08:59,2026-03-18,pre_close_cutoff,005930,buy,10,두 belief와 실행 제약을 함께 고려한 제한적 거래다.,1,llm_first_response,not_one_share
RN_COMM_ON_20260917_offline_e2e,2026-03-18,25,am,A006,ltb_A006_t024,stb_A006_t025,analysis_A006_t025,decision_A006_t025,,,2026-03-18,2026-03-17,2026-03-17,15:30,2026-03-18,08:59,2026-03-18,pre_close_cutoff,005930,buy,10,두 belief와 실행 제약을 함께 고려한 제한적 거래다.,1,llm_first_response,not_one_share
RN_COMM_ON_20260917_offline_e2e,2026-03-18,25,am,A007,ltb_A007_t024,stb_A007_t025,analysis_A007_t025,decision_A007_t025,,,2026-03-18,2026-03-17,2026-03-17,15:30,2026-03-18,08:59,2026-03-18,pre_close_cutoff,005930,buy,10,두 belief와 실행 제약을 함께 고려한 제한적 거래다.,1,llm_first_response,not_one_share
RN_COMM_ON_20260917_offline_e2e,2026-03-18,26,pm,A001,ltb_A001_t025,stb_A001_t026,analysis_A001_t026,decision_A001_t026,,,2026-03-18,2026-03-18,2026-03-18,09:00,2026-03-18,15:29,2026-03-18,pre_close_cutoff,005930,buy,10,두 belief와 실행 제약을 함께 고려한 제한적 거래다.,1,llm_first_response,not_one_share
RN_COMM_ON_20260917_offline_e2e,2026-03-18,26,pm,A002,ltb_A002_t025,stb_A002_t026,analysis_A002_t026,decision_A002_t026,,,2026-03-18,2026-03-18,2026-03-18,09:00,2026-03-18,15:29,2026-03-18,pre_close_cutoff,005930,buy,10,두 belief와 실행 제약을 함께 고려한 제한적 거래다.,1,llm_first_response,not_one_share
RN_COMM_ON_20260917_offline_e2e,2026-03-18,26,pm,A003,ltb_A003_t025,stb_A003_t026,analysis_A003_t026,decision_A003_t026,,,2026-03-18,2026-03-18,2026-03-18,09:00,2026-03-18,15:29,2026-03-18,pre_close_cutoff,005930,buy,10,두 belief와 실행 제약을 함께 고려한 제한적 거래다.,1,llm_first_response,not_one_share
RN_COMM_ON_20260917_offline_e2e,2026-03-18,26,pm,A004,ltb_A004_t025,stb_A004_t026,analysis_A004_t026,decision_A004_t026,,,2026-03-18,2026-03-18,2026-03-18,09:00,2026-03-18,15:29,2026-03-18,pre_close_cutoff,005930,buy,10,두 belief와 실행 제약을 함께 고려한 제한적 거래다.,1,llm_first_response,not_one_share
RN_COMM_ON_20260917_offline_e2e,2026-03-18,26,pm,A005,ltb_A005_t025,stb_A005_t026,analysis_A005_t026,decision_A005_t026,,,2026-03-18,2026-03-18,2026-03-18,09:00,2026-03-18,15:29,2026-03-18,pre_close_cutoff,005930,buy,10,두 belief와 실행 제약을 함께 고려한 제한적 거래다.,1,llm_first_response,not_one_share
RN_COMM_ON_20260917_offline_e2e,2026-03-18,26,pm,A006,ltb_A006_t025,stb_A006_t026,analysis_A006_t026,decision_A006_t026,,,2026-03-18,2026-03-18,2026-03-18,09:00,2026-03-18,15:29,2026-03-18,pre_close_cutoff,005930,buy,10,두 belief와 실행 제약을 함께 고려한 제한적 거래다.,1,llm_first_response,not_one_share
RN_COMM_ON_20260917_offline_e2e,2026-03-18,26,pm,A007,ltb_A007_t025,stb_A007_t026,analysis_A007_t026,decision_A007_t026,,,2026-03-18,2026-03-18,2026-03-18,09:00,2026-03-18,15:29,2026-03-18,pre_close_cutoff,005930,buy,10,두 belief와 실행 제약을 함께 고려한 제한적 거래다.,1,llm_first_response,not_one_share
RN_COMM_ON_20260917_offline_e2e,2026-03-19,27,am,A001,ltb_A001_t026,stb_A001_t027,analysis_A001_t027,decision_A001_t027,,,2026-03-19,2026-03-18,2026-03-18,15:30,2026-03-19,08:59,2026-03-19,pre_close_cutoff,005930,buy,10,두 belief와 실행 제약을 함께 고려한 제한적 거래다.,1,llm_first_response,not_one_share
RN_COMM_ON_20260917_offline_e2e,2026-03-19,27,am,A002,ltb_A002_t026,stb_A002_t027,analysis_A002_t027,decision_A002_t027,,,2026-03-19,2026-03-18,2026-03-18,15:30,2026-03-19,08:59,2026-03-19,pre_close_cutoff,005930,buy,10,두 belief와 실행 제약을 함께 고려한 제한적 거래다.,1,llm_first_response,not_one_share
RN_COMM_ON_20260917_offline_e2e,2026-03-19,27,am,A003,ltb_A003_t026,stb_A003_t027,analysis_A003_t027,decision_A003_t027,,,2026-03-19,2026-03-18,2026-03-18,15:30,2026-03-19,08:59,2026-03-19,pre_close_cutoff,005930,buy,10,두 belief와 실행 제약을 함께 고려한 제한적 거래다.,1,llm_first_response,not_one_share
RN_COMM_ON_20260917_offline_e2e,2026-03-19,27,am,A004,ltb_A004_t026,stb_A004_t027,analysis_A004_t027,decision_A004_t027,,,2026-03-19,2026-03-18,2026-03-18,15:30,2026-03-19,08:59,2026-03-19,pre_close_cutoff,005930,buy,10,두 belief와 실행 제약을 함께 고려한 제한적 거래다.,1,llm_first_response,not_one_share
RN_COMM_ON_20260917_offline_e2e,2026-03-19,27,am,A005,ltb_A005_t026,stb_A005_t027,analysis_A005_t027,decision_A005_t027,,,2026-03-19,2026-03-18,2026-03-18,15:30,2026-03-19,08:59,2026-03-19,pre_close_cutoff,005930,buy,10,두 belief와 실행 제약을 함께 고려한 제한적 거래다.,1,llm_first_response,not_one_share
RN_COMM_ON_20260917_offline_e2e,2026-03-19,27,am,A006,ltb_A006_t026,stb_A006_t027,analysis_A006_t027,decision_A006_t027,,,2026-03-19,2026-03-18,2026-03-18,15:30,2026-03-19,08:59,2026-03-19,pre_close_cutoff,005930,buy,10,두 belief와 실행 제약을 함께 고려한 제한적 거래다.,1,llm_first_response,not_one_share
RN_COMM_ON_20260917_offline_e2e,2026-03-19,27,am,A007,ltb_A007_t026,stb_A007_t027,analysis_A007_t027,decision_A007_t027,,,2026-03-19,2026-03-18,2026-03-18,15:30,2026-03-19,08:59,2026-03-19,pre_close_cutoff,005930,buy,10,두 belief와 실행 제약을 함께 고려한 제한적 거래다.,1,llm_first_response,not_one_share
RN_COMM_ON_20260917_offline_e2e,2026-03-19,28,pm,A001,ltb_A001_t027,stb_A001_t028,analysis_A001_t028,decision_A001_t028,,,2026-03-19,2026-03-19,2026-03-19,09:00,2026-03-19,15:29,2026-03-19,pre_close_cutoff,005930,buy,10,두 belief와 실행 제약을 함께 고려한 제한적 거래다.,1,llm_first_response,not_one_share
RN_COMM_ON_20260917_offline_e2e,2026-03-19,28,pm,A002,ltb_A002_t027,stb_A002_t028,analysis_A002_t028,decision_A002_t028,,,2026-03-19,2026-03-19,2026-03-19,09:00,2026-03-19,15:29,2026-03-19,pre_close_cutoff,005930,buy,10,두 belief와 실행 제약을 함께 고려한 제한적 거래다.,1,llm_first_response,not_one_share
RN_COMM_ON_20260917_offline_e2e,2026-03-19,28,pm,A003,ltb_A003_t027,stb_A003_t028,analysis_A003_t028,decision_A003_t028,,,2026-03-19,2026-03-19,2026-03-19,09:00,2026-03-19,15:29,2026-03-19,pre_close_cutoff,005930,buy,10,두 belief와 실행 제약을 함께 고려한 제한적 거래다.,1,llm_first_response,not_one_share
RN_COMM_ON_20260917_offline_e2e,2026-03-19,28,pm,A004,ltb_A004_t027,stb_A004_t028,analysis_A004_t028,decision_A004_t028,,,2026-03-19,2026-03-19,2026-03-19,09:00,2026-03-19,15:29,2026-03-19,pre_close_cutoff,005930,buy,10,두 belief와 실행 제약을 함께 고려한 제한적 거래다.,1,llm_first_response,not_one_share
RN_COMM_ON_20260917_offline_e2e,2026-03-19,28,pm,A005,ltb_A005_t027,stb_A005_t028,analysis_A005_t028,decision_A005_t028,,,2026-03-19,2026-03-19,2026-03-19,09:00,2026-03-19,15:29,2026-03-19,pre_close_cutoff,005930,buy,10,두 belief와 실행 제약을 함께 고려한 제한적 거래다.,1,llm_first_response,not_one_share
RN_COMM_ON_20260917_offline_e2e,2026-03-19,28,pm,A006,ltb_A006_t027,stb_A006_t028,analysis_A006_t028,decision_A006_t028,,,2026-03-19,2026-03-19,2026-03-19,09:00,2026-03-19,15:29,2026-03-19,pre_close_cutoff,005930,buy,10,두 belief와 실행 제약을 함께 고려한 제한적 거래다.,1,llm_first_response,not_one_share
RN_COMM_ON_20260917_offline_e2e,2026-03-19,28,pm,A007,ltb_A007_t027,stb_A007_t028,analysis_A007_t028,decision_A007_t028,,,2026-03-19,2026-03-19,2026-03-19,09:00,2026-03-19,15:29,2026-03-19,pre_close_cutoff,005930,buy,10,두 belief와 실행 제약을 함께 고려한 제한적 거래다.,1,llm_first_response,not_one_share
RN_COMM_ON_20260917_offline_e2e,2026-03-20,29,am,A001,ltb_A001_t028,stb_A001_t029,analysis_A001_t029,decision_A001_t029,,,2026-03-20,2026-03-19,2026-03-19,15:30,2026-03-20,08:59,2026-03-20,pre_close_cutoff,005930,buy,10,두 belief와 실행 제약을 함께 고려한 제한적 거래다.,1,llm_first_response,not_one_share
RN_COMM_ON_20260917_offline_e2e,2026-03-20,29,am,A002,ltb_A002_t028,stb_A002_t029,analysis_A002_t029,decision_A002_t029,,,2026-03-20,2026-03-19,2026-03-19,15:30,2026-03-20,08:59,2026-03-20,pre_close_cutoff,005930,buy,10,두 belief와 실행 제약을 함께 고려한 제한적 거래다.,1,llm_first_response,not_one_share
RN_COMM_ON_20260917_offline_e2e,2026-03-20,29,am,A003,ltb_A003_t028,stb_A003_t029,analysis_A003_t029,decision_A003_t029,,,2026-03-20,2026-03-19,2026-03-19,15:30,2026-03-20,08:59,2026-03-20,pre_close_cutoff,005930,buy,10,두 belief와 실행 제약을 함께 고려한 제한적 거래다.,1,llm_first_response,not_one_share
RN_COMM_ON_20260917_offline_e2e,2026-03-20,29,am,A004,ltb_A004_t028,stb_A004_t029,analysis_A004_t029,decision_A004_t029,,,2026-03-20,2026-03-19,2026-03-19,15:30,2026-03-20,08:59,2026-03-20,pre_close_cutoff,005930,buy,10,두 belief와 실행 제약을 함께 고려한 제한적 거래다.,1,llm_first_response,not_one_share
RN_COMM_ON_20260917_offline_e2e,2026-03-20,29,am,A005,ltb_A005_t028,stb_A005_t029,analysis_A005_t029,decision_A005_t029,,,2026-03-20,2026-03-19,2026-03-19,15:30,2026-03-20,08:59,2026-03-20,pre_close_cutoff,005930,buy,10,두 belief와 실행 제약을 함께 고려한 제한적 거래다.,1,llm_first_response,not_one_share
RN_COMM_ON_20260917_offline_e2e,2026-03-20,29,am,A006,ltb_A006_t028,stb_A006_t029,analysis_A006_t029,decision_A006_t029,,,2026-03-20,2026-03-19,2026-03-19,15:30,2026-03-20,08:59,2026-03-20,pre_close_cutoff,005930,buy,10,두 belief와 실행 제약을 함께 고려한 제한적 거래다.,1,llm_first_response,not_one_share
RN_COMM_ON_20260917_offline_e2e,2026-03-20,29,am,A007,ltb_A007_t028,stb_A007_t029,analysis_A007_t029,decision_A007_t029,,,2026-03-20,2026-03-19,2026-03-19,15:30,2026-03-20,08:59,2026-03-20,pre_close_cutoff,005930,buy,10,두 belief와 실행 제약을 함께 고려한 제한적 거래다.,1,llm_first_response,not_one_share
RN_COMM_ON_20260917_offline_e2e,2026-03-20,30,pm,A001,ltb_A001_t029,stb_A001_t030,analysis_A001_t030,decision_A001_t030,,,2026-03-20,2026-03-20,2026-03-20,09:00,2026-03-20,15:29,2026-03-20,pre_close_cutoff,005930,buy,10,두 belief와 실행 제약을 함께 고려한 제한적 거래다.,1,llm_first_response,not_one_share
RN_COMM_ON_20260917_offline_e2e,2026-03-20,30,pm,A002,ltb_A002_t029,stb_A002_t030,analysis_A002_t030,decision_A002_t030,,,2026-03-20,2026-03-20,2026-03-20,09:00,2026-03-20,15:29,2026-03-20,pre_close_cutoff,005930,buy,10,두 belief와 실행 제약을 함께 고려한 제한적 거래다.,1,llm_first_response,not_one_share
RN_COMM_ON_20260917_offline_e2e,2026-03-20,30,pm,A003,ltb_A003_t029,stb_A003_t030,analysis_A003_t030,decision_A003_t030,,,2026-03-20,2026-03-20,2026-03-20,09:00,2026-03-20,15:29,2026-03-20,pre_close_cutoff,005930,buy,10,두 belief와 실행 제약을 함께 고려한 제한적 거래다.,1,llm_first_response,not_one_share
RN_COMM_ON_20260917_offline_e2e,2026-03-20,30,pm,A004,ltb_A004_t029,stb_A004_t030,analysis_A004_t030,decision_A004_t030,,,2026-03-20,2026-03-20,2026-03-20,09:00,2026-03-20,15:29,2026-03-20,pre_close_cutoff,005930,buy,10,두 belief와 실행 제약을 함께 고려한 제한적 거래다.,1,llm_first_response,not_one_share
RN_COMM_ON_20260917_offline_e2e,2026-03-20,30,pm,A005,ltb_A005_t029,stb_A005_t030,analysis_A005_t030,decision_A005_t030,,,2026-03-20,2026-03-20,2026-03-20,09:00,2026-03-20,15:29,2026-03-20,pre_close_cutoff,005930,buy,10,두 belief와 실행 제약을 함께 고려한 제한적 거래다.,1,llm_first_response,not_one_share
RN_COMM_ON_20260917_offline_e2e,2026-03-20,30,pm,A006,ltb_A006_t029,stb_A006_t030,analysis_A006_t030,decision_A006_t030,,,2026-03-20,2026-03-20,2026-03-20,09:00,2026-03-20,15:29,2026-03-20,pre_close_cutoff,005930,buy,10,두 belief와 실행 제약을 함께 고려한 제한적 거래다.,1,llm_first_response,not_one_share
RN_COMM_ON_20260917_offline_e2e,2026-03-20,30,pm,A007,ltb_A007_t029,stb_A007_t030,analysis_A007_t030,decision_A007_t030,,,2026-03-20,2026-03-20,2026-03-20,09:00,2026-03-20,15:29,2026-03-20,pre_close_cutoff,005930,buy,10,두 belief와 실행 제약을 함께 고려한 제한적 거래다.,1,llm_first_response,not_one_share
RN_COMM_ON_20260917_offline_e2e,2026-03-23,31,am,A001,ltb_A001_t030,stb_A001_t031,analysis_A001_t031,decision_A001_t031,,,2026-03-23,2026-03-20,2026-03-20,15:30,2026-03-23,08:59,2026-03-23,pre_close_cutoff,005930,buy,10,두 belief와 실행 제약을 함께 고려한 제한적 거래다.,1,llm_first_response,not_one_share
RN_COMM_ON_20260917_offline_e2e,2026-03-23,31,am,A002,ltb_A002_t030,stb_A002_t031,analysis_A002_t031,decision_A002_t031,,,2026-03-23,2026-03-20,2026-03-20,15:30,2026-03-23,08:59,2026-03-23,pre_close_cutoff,005930,buy,10,두 belief와 실행 제약을 함께 고려한 제한적 거래다.,1,llm_first_response,not_one_share
RN_COMM_ON_20260917_offline_e2e,2026-03-23,31,am,A003,ltb_A003_t030,stb_A003_t031,analysis_A003_t031,decision_A003_t031,,,2026-03-23,2026-03-20,2026-03-20,15:30,2026-03-23,08:59,2026-03-23,pre_close_cutoff,005930,buy,10,두 belief와 실행 제약을 함께 고려한 제한적 거래다.,1,llm_first_response,not_one_share
RN_COMM_ON_20260917_offline_e2e,2026-03-23,31,am,A004,ltb_A004_t030,stb_A004_t031,analysis_A004_t031,decision_A004_t031,,,2026-03-23,2026-03-20,2026-03-20,15:30,2026-03-23,08:59,2026-03-23,pre_close_cutoff,005930,buy,10,두 belief와 실행 제약을 함께 고려한 제한적 거래다.,1,llm_first_response,not_one_share
RN_COMM_ON_20260917_offline_e2e,2026-03-23,31,am,A005,ltb_A005_t030,stb_A005_t031,analysis_A005_t031,decision_A005_t031,,,2026-03-23,2026-03-20,2026-03-20,15:30,2026-03-23,08:59,2026-03-23,pre_close_cutoff,005930,buy,10,두 belief와 실행 제약을 함께 고려한 제한적 거래다.,1,llm_first_response,not_one_share
RN_COMM_ON_20260917_offline_e2e,2026-03-23,31,am,A006,ltb_A006_t030,stb_A006_t031,analysis_A006_t031,decision_A006_t031,,,2026-03-23,2026-03-20,2026-03-20,15:30,2026-03-23,08:59,2026-03-23,pre_close_cutoff,005930,buy,10,두 belief와 실행 제약을 함께 고려한 제한적 거래다.,1,llm_first_response,not_one_share
RN_COMM_ON_20260917_offline_e2e,2026-03-23,31,am,A007,ltb_A007_t030,stb_A007_t031,analysis_A007_t031,decision_A007_t031,,,2026-03-23,2026-03-20,2026-03-20,15:30,2026-03-23,08:59,2026-03-23,pre_close_cutoff,005930,buy,10,두 belief와 실행 제약을 함께 고려한 제한적 거래다.,1,llm_first_response,not_one_share
RN_COMM_ON_20260917_offline_e2e,2026-03-23,32,pm,A001,ltb_A001_t031,stb_A001_t032,analysis_A001_t032,decision_A001_t032,,,2026-03-23,2026-03-23,2026-03-23,09:00,2026-03-23,15:29,2026-03-23,pre_close_cutoff,005930,buy,10,두 belief와 실행 제약을 함께 고려한 제한적 거래다.,1,llm_first_response,not_one_share
RN_COMM_ON_20260917_offline_e2e,2026-03-23,32,pm,A002,ltb_A002_t031,stb_A002_t032,analysis_A002_t032,decision_A002_t032,,,2026-03-23,2026-03-23,2026-03-23,09:00,2026-03-23,15:29,2026-03-23,pre_close_cutoff,005930,buy,10,두 belief와 실행 제약을 함께 고려한 제한적 거래다.,1,llm_first_response,not_one_share
RN_COMM_ON_20260917_offline_e2e,2026-03-23,32,pm,A003,ltb_A003_t031,stb_A003_t032,analysis_A003_t032,decision_A003_t032,,,2026-03-23,2026-03-23,2026-03-23,09:00,2026-03-23,15:29,2026-03-23,pre_close_cutoff,005930,buy,10,두 belief와 실행 제약을 함께 고려한 제한적 거래다.,1,llm_first_response,not_one_share
RN_COMM_ON_20260917_offline_e2e,2026-03-23,32,pm,A004,ltb_A004_t031,stb_A004_t032,analysis_A004_t032,decision_A004_t032,,,2026-03-23,2026-03-23,2026-03-23,09:00,2026-03-23,15:29,2026-03-23,pre_close_cutoff,005930,buy,10,두 belief와 실행 제약을 함께 고려한 제한적 거래다.,1,llm_first_response,not_one_share
RN_COMM_ON_20260917_offline_e2e,2026-03-23,32,pm,A005,ltb_A005_t031,stb_A005_t032,analysis_A005_t032,decision_A005_t032,,,2026-03-23,2026-03-23,2026-03-23,09:00,2026-03-23,15:29,2026-03-23,pre_close_cutoff,005930,buy,10,두 belief와 실행 제약을 함께 고려한 제한적 거래다.,1,llm_first_response,not_one_share
RN_COMM_ON_20260917_offline_e2e,2026-03-23,32,pm,A006,ltb_A006_t031,stb_A006_t032,analysis_A006_t032,decision_A006_t032,,,2026-03-23,2026-03-23,2026-03-23,09:00,2026-03-23,15:29,2026-03-23,pre_close_cutoff,005930,buy,10,두 belief와 실행 제약을 함께 고려한 제한적 거래다.,1,llm_first_response,not_one_share
RN_COMM_ON_20260917_offline_e2e,2026-03-23,32,pm,A007,ltb_A007_t031,stb_A007_t032,analysis_A007_t032,decision_A007_t032,,,2026-03-23,2026-03-23,2026-03-23,09:00,2026-03-23,15:29,2026-03-23,pre_close_cutoff,005930,buy,10,두 belief와 실행 제약을 함께 고려한 제한적 거래다.,1,llm_first_response,not_one_share
RN_COMM_ON_20260917_offline_e2e,2026-03-24,33,am,A001,ltb_A001_t032,stb_A001_t033,analysis_A001_t033,decision_A001_t033,,,2026-03-24,2026-03-23,2026-03-23,15:30,2026-03-24,08:59,2026-03-24,pre_close_cutoff,005930,buy,10,두 belief와 실행 제약을 함께 고려한 제한적 거래다.,1,llm_first_response,not_one_share
RN_COMM_ON_20260917_offline_e2e,2026-03-24,33,am,A002,ltb_A002_t032,stb_A002_t033,analysis_A002_t033,decision_A002_t033,,,2026-03-24,2026-03-23,2026-03-23,15:30,2026-03-24,08:59,2026-03-24,pre_close_cutoff,005930,buy,10,두 belief와 실행 제약을 함께 고려한 제한적 거래다.,1,llm_first_response,not_one_share
RN_COMM_ON_20260917_offline_e2e,2026-03-24,33,am,A003,ltb_A003_t032,stb_A003_t033,analysis_A003_t033,decision_A003_t033,,,2026-03-24,2026-03-23,2026-03-23,15:30,2026-03-24,08:59,2026-03-24,pre_close_cutoff,005930,buy,10,두 belief와 실행 제약을 함께 고려한 제한적 거래다.,1,llm_first_response,not_one_share
RN_COMM_ON_20260917_offline_e2e,2026-03-24,33,am,A004,ltb_A004_t032,stb_A004_t033,analysis_A004_t033,decision_A004_t033,,,2026-03-24,2026-03-23,2026-03-23,15:30,2026-03-24,08:59,2026-03-24,pre_close_cutoff,005930,buy,10,두 belief와 실행 제약을 함께 고려한 제한적 거래다.,1,llm_first_response,not_one_share
RN_COMM_ON_20260917_offline_e2e,2026-03-24,33,am,A005,ltb_A005_t032,stb_A005_t033,analysis_A005_t033,decision_A005_t033,,,2026-03-24,2026-03-23,2026-03-23,15:30,2026-03-24,08:59,2026-03-24,pre_close_cutoff,005930,buy,10,두 belief와 실행 제약을 함께 고려한 제한적 거래다.,1,llm_first_response,not_one_share
RN_COMM_ON_20260917_offline_e2e,2026-03-24,33,am,A006,ltb_A006_t032,stb_A006_t033,analysis_A006_t033,decision_A006_t033,,,2026-03-24,2026-03-23,2026-03-23,15:30,2026-03-24,08:59,2026-03-24,pre_close_cutoff,005930,buy,10,두 belief와 실행 제약을 함께 고려한 제한적 거래다.,1,llm_first_response,not_one_share
RN_COMM_ON_20260917_offline_e2e,2026-03-24,33,am,A007,ltb_A007_t032,stb_A007_t033,analysis_A007_t033,decision_A007_t033,,,2026-03-24,2026-03-23,2026-03-23,15:30,2026-03-24,08:59,2026-03-24,pre_close_cutoff,005930,buy,10,두 belief와 실행 제약을 함께 고려한 제한적 거래다.,1,llm_first_response,not_one_share
RN_COMM_ON_20260917_offline_e2e,2026-03-24,34,pm,A001,ltb_A001_t033,stb_A001_t034,analysis_A001_t034,decision_A001_t034,,,2026-03-24,2026-03-24,2026-03-24,09:00,2026-03-24,15:29,2026-03-24,pre_close_cutoff,005930,buy,10,두 belief와 실행 제약을 함께 고려한 제한적 거래다.,1,llm_first_response,not_one_share
RN_COMM_ON_20260917_offline_e2e,2026-03-24,34,pm,A002,ltb_A002_t033,stb_A002_t034,analysis_A002_t034,decision_A002_t034,,,2026-03-24,2026-03-24,2026-03-24,09:00,2026-03-24,15:29,2026-03-24,pre_close_cutoff,005930,buy,10,두 belief와 실행 제약을 함께 고려한 제한적 거래다.,1,llm_first_response,not_one_share
RN_COMM_ON_20260917_offline_e2e,2026-03-24,34,pm,A003,ltb_A003_t033,stb_A003_t034,analysis_A003_t034,decision_A003_t034,,,2026-03-24,2026-03-24,2026-03-24,09:00,2026-03-24,15:29,2026-03-24,pre_close_cutoff,005930,buy,10,두 belief와 실행 제약을 함께 고려한 제한적 거래다.,1,llm_first_response,not_one_share
RN_COMM_ON_20260917_offline_e2e,2026-03-24,34,pm,A004,ltb_A004_t033,stb_A004_t034,analysis_A004_t034,decision_A004_t034,,,2026-03-24,2026-03-24,2026-03-24,09:00,2026-03-24,15:29,2026-03-24,pre_close_cutoff,005930,buy,10,두 belief와 실행 제약을 함께 고려한 제한적 거래다.,1,llm_first_response,not_one_share
RN_COMM_ON_20260917_offline_e2e,2026-03-24,34,pm,A005,ltb_A005_t033,stb_A005_t034,analysis_A005_t034,decision_A005_t034,,,2026-03-24,2026-03-24,2026-03-24,09:00,2026-03-24,15:29,2026-03-24,pre_close_cutoff,005930,buy,10,두 belief와 실행 제약을 함께 고려한 제한적 거래다.,1,llm_first_response,not_one_share
RN_COMM_ON_20260917_offline_e2e,2026-03-24,34,pm,A006,ltb_A006_t033,stb_A006_t034,analysis_A006_t034,decision_A006_t034,,,2026-03-24,2026-03-24,2026-03-24,09:00,2026-03-24,15:29,2026-03-24,pre_close_cutoff,005930,buy,10,두 belief와 실행 제약을 함께 고려한 제한적 거래다.,1,llm_first_response,not_one_share
RN_COMM_ON_20260917_offline_e2e,2026-03-24,34,pm,A007,ltb_A007_t033,stb_A007_t034,analysis_A007_t034,decision_A007_t034,,,2026-03-24,2026-03-24,2026-03-24,09:00,2026-03-24,15:29,2026-03-24,pre_close_cutoff,005930,buy,10,두 belief와 실행 제약을 함께 고려한 제한적 거래다.,1,llm_first_response,not_one_share
RN_COMM_ON_20260917_offline_e2e,2026-03-25,35,am,A001,ltb_A001_t034,stb_A001_t035,analysis_A001_t035,decision_A001_t035,,,2026-03-25,2026-03-24,2026-03-24,15:30,2026-03-25,08:59,2026-03-25,pre_close_cutoff,005930,buy,10,두 belief와 실행 제약을 함께 고려한 제한적 거래다.,1,llm_first_response,not_one_share
RN_COMM_ON_20260917_offline_e2e,2026-03-25,35,am,A002,ltb_A002_t034,stb_A002_t035,analysis_A002_t035,decision_A002_t035,,,2026-03-25,2026-03-24,2026-03-24,15:30,2026-03-25,08:59,2026-03-25,pre_close_cutoff,005930,buy,10,두 belief와 실행 제약을 함께 고려한 제한적 거래다.,1,llm_first_response,not_one_share
RN_COMM_ON_20260917_offline_e2e,2026-03-25,35,am,A003,ltb_A003_t034,stb_A003_t035,analysis_A003_t035,decision_A003_t035,,,2026-03-25,2026-03-24,2026-03-24,15:30,2026-03-25,08:59,2026-03-25,pre_close_cutoff,005930,buy,10,두 belief와 실행 제약을 함께 고려한 제한적 거래다.,1,llm_first_response,not_one_share
RN_COMM_ON_20260917_offline_e2e,2026-03-25,35,am,A004,ltb_A004_t034,stb_A004_t035,analysis_A004_t035,decision_A004_t035,,,2026-03-25,2026-03-24,2026-03-24,15:30,2026-03-25,08:59,2026-03-25,pre_close_cutoff,005930,buy,10,두 belief와 실행 제약을 함께 고려한 제한적 거래다.,1,llm_first_response,not_one_share
RN_COMM_ON_20260917_offline_e2e,2026-03-25,35,am,A005,ltb_A005_t034,stb_A005_t035,analysis_A005_t035,decision_A005_t035,,,2026-03-25,2026-03-24,2026-03-24,15:30,2026-03-25,08:59,2026-03-25,pre_close_cutoff,005930,buy,10,두 belief와 실행 제약을 함께 고려한 제한적 거래다.,1,llm_first_response,not_one_share
RN_COMM_ON_20260917_offline_e2e,2026-03-25,35,am,A006,ltb_A006_t034,stb_A006_t035,analysis_A006_t035,decision_A006_t035,,,2026-03-25,2026-03-24,2026-03-24,15:30,2026-03-25,08:59,2026-03-25,pre_close_cutoff,005930,buy,10,두 belief와 실행 제약을 함께 고려한 제한적 거래다.,1,llm_first_response,not_one_share
RN_COMM_ON_20260917_offline_e2e,2026-03-25,35,am,A007,ltb_A007_t034,stb_A007_t035,analysis_A007_t035,decision_A007_t035,,,2026-03-25,2026-03-24,2026-03-24,15:30,2026-03-25,08:59,2026-03-25,pre_close_cutoff,005930,buy,10,두 belief와 실행 제약을 함께 고려한 제한적 거래다.,1,llm_first_response,not_one_share
RN_COMM_ON_20260917_offline_e2e,2026-03-25,36,pm,A001,ltb_A001_t035,stb_A001_t036,analysis_A001_t036,decision_A001_t036,,,2026-03-25,2026-03-25,2026-03-25,09:00,2026-03-25,15:29,2026-03-25,pre_close_cutoff,005930,buy,10,두 belief와 실행 제약을 함께 고려한 제한적 거래다.,1,llm_first_response,not_one_share
RN_COMM_ON_20260917_offline_e2e,2026-03-25,36,pm,A002,ltb_A002_t035,stb_A002_t036,analysis_A002_t036,decision_A002_t036,,,2026-03-25,2026-03-25,2026-03-25,09:00,2026-03-25,15:29,2026-03-25,pre_close_cutoff,005930,buy,10,두 belief와 실행 제약을 함께 고려한 제한적 거래다.,1,llm_first_response,not_one_share
RN_COMM_ON_20260917_offline_e2e,2026-03-25,36,pm,A003,ltb_A003_t035,stb_A003_t036,analysis_A003_t036,decision_A003_t036,,,2026-03-25,2026-03-25,2026-03-25,09:00,2026-03-25,15:29,2026-03-25,pre_close_cutoff,005930,buy,10,두 belief와 실행 제약을 함께 고려한 제한적 거래다.,1,llm_first_response,not_one_share
RN_COMM_ON_20260917_offline_e2e,2026-03-25,36,pm,A004,ltb_A004_t035,stb_A004_t036,analysis_A004_t036,decision_A004_t036,,,2026-03-25,2026-03-25,2026-03-25,09:00,2026-03-25,15:29,2026-03-25,pre_close_cutoff,005930,buy,10,두 belief와 실행 제약을 함께 고려한 제한적 거래다.,1,llm_first_response,not_one_share
RN_COMM_ON_20260917_offline_e2e,2026-03-25,36,pm,A005,ltb_A005_t035,stb_A005_t036,analysis_A005_t036,decision_A005_t036,,,2026-03-25,2026-03-25,2026-03-25,09:00,2026-03-25,15:29,2026-03-25,pre_close_cutoff,005930,buy,10,두 belief와 실행 제약을 함께 고려한 제한적 거래다.,1,llm_first_response,not_one_share
RN_COMM_ON_20260917_offline_e2e,2026-03-25,36,pm,A006,ltb_A006_t035,stb_A006_t036,analysis_A006_t036,decision_A006_t036,,,2026-03-25,2026-03-25,2026-03-25,09:00,2026-03-25,15:29,2026-03-25,pre_close_cutoff,005930,buy,10,두 belief와 실행 제약을 함께 고려한 제한적 거래다.,1,llm_first_response,not_one_share
RN_COMM_ON_20260917_offline_e2e,2026-03-25,36,pm,A007,ltb_A007_t035,stb_A007_t036,analysis_A007_t036,decision_A007_t036,,,2026-03-25,2026-03-25,2026-03-25,09:00,2026-03-25,15:29,2026-03-25,pre_close_cutoff,005930,buy,10,두 belief와 실행 제약을 함께 고려한 제한적 거래다.,1,llm_first_response,not_one_share
RN_COMM_ON_20260917_offline_e2e,2026-03-26,37,am,A001,ltb_A001_t036,stb_A001_t037,analysis_A001_t037,decision_A001_t037,,,2026-03-26,2026-03-25,2026-03-25,15:30,2026-03-26,08:59,2026-03-26,pre_close_cutoff,005930,buy,10,두 belief와 실행 제약을 함께 고려한 제한적 거래다.,1,llm_first_response,not_one_share
RN_COMM_ON_20260917_offline_e2e,2026-03-26,37,am,A002,ltb_A002_t036,stb_A002_t037,analysis_A002_t037,decision_A002_t037,,,2026-03-26,2026-03-25,2026-03-25,15:30,2026-03-26,08:59,2026-03-26,pre_close_cutoff,005930,buy,10,두 belief와 실행 제약을 함께 고려한 제한적 거래다.,1,llm_first_response,not_one_share
RN_COMM_ON_20260917_offline_e2e,2026-03-26,37,am,A003,ltb_A003_t036,stb_A003_t037,analysis_A003_t037,decision_A003_t037,,,2026-03-26,2026-03-25,2026-03-25,15:30,2026-03-26,08:59,2026-03-26,pre_close_cutoff,005930,buy,10,두 belief와 실행 제약을 함께 고려한 제한적 거래다.,1,llm_first_response,not_one_share
RN_COMM_ON_20260917_offline_e2e,2026-03-26,37,am,A004,ltb_A004_t036,stb_A004_t037,analysis_A004_t037,decision_A004_t037,,,2026-03-26,2026-03-25,2026-03-25,15:30,2026-03-26,08:59,2026-03-26,pre_close_cutoff,005930,buy,10,두 belief와 실행 제약을 함께 고려한 제한적 거래다.,1,llm_first_response,not_one_share
RN_COMM_ON_20260917_offline_e2e,2026-03-26,37,am,A005,ltb_A005_t036,stb_A005_t037,analysis_A005_t037,decision_A005_t037,,,2026-03-26,2026-03-25,2026-03-25,15:30,2026-03-26,08:59,2026-03-26,pre_close_cutoff,005930,buy,10,두 belief와 실행 제약을 함께 고려한 제한적 거래다.,1,llm_first_response,not_one_share
RN_COMM_ON_20260917_offline_e2e,2026-03-26,37,am,A006,ltb_A006_t036,stb_A006_t037,analysis_A006_t037,decision_A006_t037,,,2026-03-26,2026-03-25,2026-03-25,15:30,2026-03-26,08:59,2026-03-26,pre_close_cutoff,005930,buy,10,두 belief와 실행 제약을 함께 고려한 제한적 거래다.,1,llm_first_response,not_one_share
RN_COMM_ON_20260917_offline_e2e,2026-03-26,37,am,A007,ltb_A007_t036,stb_A007_t037,analysis_A007_t037,decision_A007_t037,,,2026-03-26,2026-03-25,2026-03-25,15:30,2026-03-26,08:59,2026-03-26,pre_close_cutoff,005930,buy,10,두 belief와 실행 제약을 함께 고려한 제한적 거래다.,1,llm_first_response,not_one_share
RN_COMM_ON_20260917_offline_e2e,2026-03-26,38,pm,A001,ltb_A001_t037,stb_A001_t038,analysis_A001_t038,decision_A001_t038,,,2026-03-26,2026-03-26,2026-03-26,09:00,2026-03-26,15:29,2026-03-26,pre_close_cutoff,005930,buy,10,두 belief와 실행 제약을 함께 고려한 제한적 거래다.,1,llm_first_response,not_one_share
RN_COMM_ON_20260917_offline_e2e,2026-03-26,38,pm,A002,ltb_A002_t037,stb_A002_t038,analysis_A002_t038,decision_A002_t038,,,2026-03-26,2026-03-26,2026-03-26,09:00,2026-03-26,15:29,2026-03-26,pre_close_cutoff,005930,buy,10,두 belief와 실행 제약을 함께 고려한 제한적 거래다.,1,llm_first_response,not_one_share
RN_COMM_ON_20260917_offline_e2e,2026-03-26,38,pm,A003,ltb_A003_t037,stb_A003_t038,analysis_A003_t038,decision_A003_t038,,,2026-03-26,2026-03-26,2026-03-26,09:00,2026-03-26,15:29,2026-03-26,pre_close_cutoff,005930,buy,10,두 belief와 실행 제약을 함께 고려한 제한적 거래다.,1,llm_first_response,not_one_share
RN_COMM_ON_20260917_offline_e2e,2026-03-26,38,pm,A004,ltb_A004_t037,stb_A004_t038,analysis_A004_t038,decision_A004_t038,,,2026-03-26,2026-03-26,2026-03-26,09:00,2026-03-26,15:29,2026-03-26,pre_close_cutoff,005930,buy,10,두 belief와 실행 제약을 함께 고려한 제한적 거래다.,1,llm_first_response,not_one_share
RN_COMM_ON_20260917_offline_e2e,2026-03-26,38,pm,A005,ltb_A005_t037,stb_A005_t038,analysis_A005_t038,decision_A005_t038,,,2026-03-26,2026-03-26,2026-03-26,09:00,2026-03-26,15:29,2026-03-26,pre_close_cutoff,005930,buy,10,두 belief와 실행 제약을 함께 고려한 제한적 거래다.,1,llm_first_response,not_one_share
RN_COMM_ON_20260917_offline_e2e,2026-03-26,38,pm,A006,ltb_A006_t037,stb_A006_t038,analysis_A006_t038,decision_A006_t038,,,2026-03-26,2026-03-26,2026-03-26,09:00,2026-03-26,15:29,2026-03-26,pre_close_cutoff,005930,buy,10,두 belief와 실행 제약을 함께 고려한 제한적 거래다.,1,llm_first_response,not_one_share
RN_COMM_ON_20260917_offline_e2e,2026-03-26,38,pm,A007,ltb_A007_t037,stb_A007_t038,analysis_A007_t038,decision_A007_t038,,,2026-03-26,2026-03-26,2026-03-26,09:00,2026-03-26,15:29,2026-03-26,pre_close_cutoff,005930,buy,10,두 belief와 실행 제약을 함께 고려한 제한적 거래다.,1,llm_first_response,not_one_share
RN_COMM_ON_20260917_offline_e2e,2026-03-27,39,am,A001,ltb_A001_t038,stb_A001_t039,analysis_A001_t039,decision_A001_t039,,,2026-03-27,2026-03-26,2026-03-26,15:30,2026-03-27,08:59,2026-03-27,pre_close_cutoff,005930,buy,10,두 belief와 실행 제약을 함께 고려한 제한적 거래다.,1,llm_first_response,not_one_share
RN_COMM_ON_20260917_offline_e2e,2026-03-27,39,am,A002,ltb_A002_t038,stb_A002_t039,analysis_A002_t039,decision_A002_t039,,,2026-03-27,2026-03-26,2026-03-26,15:30,2026-03-27,08:59,2026-03-27,pre_close_cutoff,005930,buy,10,두 belief와 실행 제약을 함께 고려한 제한적 거래다.,1,llm_first_response,not_one_share
RN_COMM_ON_20260917_offline_e2e,2026-03-27,39,am,A003,ltb_A003_t038,stb_A003_t039,analysis_A003_t039,decision_A003_t039,,,2026-03-27,2026-03-26,2026-03-26,15:30,2026-03-27,08:59,2026-03-27,pre_close_cutoff,005930,buy,10,두 belief와 실행 제약을 함께 고려한 제한적 거래다.,1,llm_first_response,not_one_share
RN_COMM_ON_20260917_offline_e2e,2026-03-27,39,am,A004,ltb_A004_t038,stb_A004_t039,analysis_A004_t039,decision_A004_t039,,,2026-03-27,2026-03-26,2026-03-26,15:30,2026-03-27,08:59,2026-03-27,pre_close_cutoff,005930,buy,10,두 belief와 실행 제약을 함께 고려한 제한적 거래다.,1,llm_first_response,not_one_share
RN_COMM_ON_20260917_offline_e2e,2026-03-27,39,am,A005,ltb_A005_t038,stb_A005_t039,analysis_A005_t039,decision_A005_t039,,,2026-03-27,2026-03-26,2026-03-26,15:30,2026-03-27,08:59,2026-03-27,pre_close_cutoff,005930,buy,10,두 belief와 실행 제약을 함께 고려한 제한적 거래다.,1,llm_first_response,not_one_share
RN_COMM_ON_20260917_offline_e2e,2026-03-27,39,am,A006,ltb_A006_t038,stb_A006_t039,analysis_A006_t039,decision_A006_t039,,,2026-03-27,2026-03-26,2026-03-26,15:30,2026-03-27,08:59,2026-03-27,pre_close_cutoff,005930,buy,10,두 belief와 실행 제약을 함께 고려한 제한적 거래다.,1,llm_first_response,not_one_share
RN_COMM_ON_20260917_offline_e2e,2026-03-27,39,am,A007,ltb_A007_t038,stb_A007_t039,analysis_A007_t039,decision_A007_t039,,,2026-03-27,2026-03-26,2026-03-26,15:30,2026-03-27,08:59,2026-03-27,pre_close_cutoff,005930,buy,10,두 belief와 실행 제약을 함께 고려한 제한적 거래다.,1,llm_first_response,not_one_share
RN_COMM_ON_20260917_offline_e2e,2026-03-27,40,pm,A001,ltb_A001_t039,stb_A001_t040,analysis_A001_t040,decision_A001_t040,,,2026-03-27,2026-03-27,2026-03-27,09:00,2026-03-27,15:29,2026-03-27,pre_close_cutoff,005930,buy,10,두 belief와 실행 제약을 함께 고려한 제한적 거래다.,1,llm_first_response,not_one_share
RN_COMM_ON_20260917_offline_e2e,2026-03-27,40,pm,A002,ltb_A002_t039,stb_A002_t040,analysis_A002_t040,decision_A002_t040,,,2026-03-27,2026-03-27,2026-03-27,09:00,2026-03-27,15:29,2026-03-27,pre_close_cutoff,005930,buy,10,두 belief와 실행 제약을 함께 고려한 제한적 거래다.,1,llm_first_response,not_one_share
RN_COMM_ON_20260917_offline_e2e,2026-03-27,40,pm,A003,ltb_A003_t039,stb_A003_t040,analysis_A003_t040,decision_A003_t040,,,2026-03-27,2026-03-27,2026-03-27,09:00,2026-03-27,15:29,2026-03-27,pre_close_cutoff,005930,buy,10,두 belief와 실행 제약을 함께 고려한 제한적 거래다.,1,llm_first_response,not_one_share
RN_COMM_ON_20260917_offline_e2e,2026-03-27,40,pm,A004,ltb_A004_t039,stb_A004_t040,analysis_A004_t040,decision_A004_t040,,,2026-03-27,2026-03-27,2026-03-27,09:00,2026-03-27,15:29,2026-03-27,pre_close_cutoff,005930,buy,10,두 belief와 실행 제약을 함께 고려한 제한적 거래다.,1,llm_first_response,not_one_share
RN_COMM_ON_20260917_offline_e2e,2026-03-27,40,pm,A005,ltb_A005_t039,stb_A005_t040,analysis_A005_t040,decision_A005_t040,,,2026-03-27,2026-03-27,2026-03-27,09:00,2026-03-27,15:29,2026-03-27,pre_close_cutoff,005930,buy,10,두 belief와 실행 제약을 함께 고려한 제한적 거래다.,1,llm_first_response,not_one_share
RN_COMM_ON_20260917_offline_e2e,2026-03-27,40,pm,A006,ltb_A006_t039,stb_A006_t040,analysis_A006_t040,decision_A006_t040,,,2026-03-27,2026-03-27,2026-03-27,09:00,2026-03-27,15:29,2026-03-27,pre_close_cutoff,005930,buy,10,두 belief와 실행 제약을 함께 고려한 제한적 거래다.,1,llm_first_response,not_one_share
RN_COMM_ON_20260917_offline_e2e,2026-03-27,40,pm,A007,ltb_A007_t039,stb_A007_t040,analysis_A007_t040,decision_A007_t040,,,2026-03-27,2026-03-27,2026-03-27,09:00,2026-03-27,15:29,2026-03-27,pre_close_cutoff,005930,buy,10,두 belief와 실행 제약을 함께 고려한 제한적 거래다.,1,llm_first_response,not_one_share
RN_COMM_ON_20260917_offline_e2e,2026-03-30,41,am,A001,ltb_A001_t040,stb_A001_t041,analysis_A001_t041,decision_A001_t041,,,2026-03-30,2026-03-27,2026-03-27,15:30,2026-03-30,08:59,2026-03-30,pre_close_cutoff,005930,buy,10,두 belief와 실행 제약을 함께 고려한 제한적 거래다.,1,llm_first_response,not_one_share
RN_COMM_ON_20260917_offline_e2e,2026-03-30,41,am,A002,ltb_A002_t040,stb_A002_t041,analysis_A002_t041,decision_A002_t041,,,2026-03-30,2026-03-27,2026-03-27,15:30,2026-03-30,08:59,2026-03-30,pre_close_cutoff,005930,buy,10,두 belief와 실행 제약을 함께 고려한 제한적 거래다.,1,llm_first_response,not_one_share
RN_COMM_ON_20260917_offline_e2e,2026-03-30,41,am,A003,ltb_A003_t040,stb_A003_t041,analysis_A003_t041,decision_A003_t041,,,2026-03-30,2026-03-27,2026-03-27,15:30,2026-03-30,08:59,2026-03-30,pre_close_cutoff,005930,buy,10,두 belief와 실행 제약을 함께 고려한 제한적 거래다.,1,llm_first_response,not_one_share
RN_COMM_ON_20260917_offline_e2e,2026-03-30,41,am,A004,ltb_A004_t040,stb_A004_t041,analysis_A004_t041,decision_A004_t041,,,2026-03-30,2026-03-27,2026-03-27,15:30,2026-03-30,08:59,2026-03-30,pre_close_cutoff,005930,buy,10,두 belief와 실행 제약을 함께 고려한 제한적 거래다.,1,llm_first_response,not_one_share
RN_COMM_ON_20260917_offline_e2e,2026-03-30,41,am,A005,ltb_A005_t040,stb_A005_t041,analysis_A005_t041,decision_A005_t041,,,2026-03-30,2026-03-27,2026-03-27,15:30,2026-03-30,08:59,2026-03-30,pre_close_cutoff,005930,buy,10,두 belief와 실행 제약을 함께 고려한 제한적 거래다.,1,llm_first_response,not_one_share
RN_COMM_ON_20260917_offline_e2e,2026-03-30,41,am,A006,ltb_A006_t040,stb_A006_t041,analysis_A006_t041,decision_A006_t041,,,2026-03-30,2026-03-27,2026-03-27,15:30,2026-03-30,08:59,2026-03-30,pre_close_cutoff,005930,buy,10,두 belief와 실행 제약을 함께 고려한 제한적 거래다.,1,llm_first_response,not_one_share
RN_COMM_ON_20260917_offline_e2e,2026-03-30,41,am,A007,ltb_A007_t040,stb_A007_t041,analysis_A007_t041,decision_A007_t041,,,2026-03-30,2026-03-27,2026-03-27,15:30,2026-03-30,08:59,2026-03-30,pre_close_cutoff,005930,buy,10,두 belief와 실행 제약을 함께 고려한 제한적 거래다.,1,llm_first_response,not_one_share
RN_COMM_ON_20260917_offline_e2e,2026-03-30,42,pm,A001,ltb_A001_t041,stb_A001_t042,analysis_A001_t042,decision_A001_t042,,,2026-03-30,2026-03-30,2026-03-30,09:00,2026-03-30,15:29,2026-03-30,pre_close_cutoff,005930,buy,10,두 belief와 실행 제약을 함께 고려한 제한적 거래다.,1,llm_first_response,not_one_share
RN_COMM_ON_20260917_offline_e2e,2026-03-30,42,pm,A002,ltb_A002_t041,stb_A002_t042,analysis_A002_t042,decision_A002_t042,,,2026-03-30,2026-03-30,2026-03-30,09:00,2026-03-30,15:29,2026-03-30,pre_close_cutoff,005930,buy,10,두 belief와 실행 제약을 함께 고려한 제한적 거래다.,1,llm_first_response,not_one_share
RN_COMM_ON_20260917_offline_e2e,2026-03-30,42,pm,A003,ltb_A003_t041,stb_A003_t042,analysis_A003_t042,decision_A003_t042,,,2026-03-30,2026-03-30,2026-03-30,09:00,2026-03-30,15:29,2026-03-30,pre_close_cutoff,005930,buy,10,두 belief와 실행 제약을 함께 고려한 제한적 거래다.,1,llm_first_response,not_one_share
RN_COMM_ON_20260917_offline_e2e,2026-03-30,42,pm,A004,ltb_A004_t041,stb_A004_t042,analysis_A004_t042,decision_A004_t042,,,2026-03-30,2026-03-30,2026-03-30,09:00,2026-03-30,15:29,2026-03-30,pre_close_cutoff,005930,buy,10,두 belief와 실행 제약을 함께 고려한 제한적 거래다.,1,llm_first_response,not_one_share
RN_COMM_ON_20260917_offline_e2e,2026-03-30,42,pm,A005,ltb_A005_t041,stb_A005_t042,analysis_A005_t042,decision_A005_t042,,,2026-03-30,2026-03-30,2026-03-30,09:00,2026-03-30,15:29,2026-03-30,pre_close_cutoff,005930,buy,10,두 belief와 실행 제약을 함께 고려한 제한적 거래다.,1,llm_first_response,not_one_share
RN_COMM_ON_20260917_offline_e2e,2026-03-30,42,pm,A006,ltb_A006_t041,stb_A006_t042,analysis_A006_t042,decision_A006_t042,,,2026-03-30,2026-03-30,2026-03-30,09:00,2026-03-30,15:29,2026-03-30,pre_close_cutoff,005930,buy,10,두 belief와 실행 제약을 함께 고려한 제한적 거래다.,1,llm_first_response,not_one_share
RN_COMM_ON_20260917_offline_e2e,2026-03-30,42,pm,A007,ltb_A007_t041,stb_A007_t042,analysis_A007_t042,decision_A007_t042,,,2026-03-30,2026-03-30,2026-03-30,09:00,2026-03-30,15:29,2026-03-30,pre_close_cutoff,005930,buy,10,두 belief와 실행 제약을 함께 고려한 제한적 거래다.,1,llm_first_response,not_one_share
RN_COMM_ON_20260917_offline_e2e,2026-03-31,43,am,A001,ltb_A001_t042,stb_A001_t043,analysis_A001_t043,decision_A001_t043,,,2026-03-31,2026-03-30,2026-03-30,15:30,2026-03-31,08:59,2026-03-31,pre_close_cutoff,005930,buy,10,두 belief와 실행 제약을 함께 고려한 제한적 거래다.,1,llm_first_response,not_one_share
RN_COMM_ON_20260917_offline_e2e,2026-03-31,43,am,A002,ltb_A002_t042,stb_A002_t043,analysis_A002_t043,decision_A002_t043,,,2026-03-31,2026-03-30,2026-03-30,15:30,2026-03-31,08:59,2026-03-31,pre_close_cutoff,005930,buy,10,두 belief와 실행 제약을 함께 고려한 제한적 거래다.,1,llm_first_response,not_one_share
RN_COMM_ON_20260917_offline_e2e,2026-03-31,43,am,A003,ltb_A003_t042,stb_A003_t043,analysis_A003_t043,decision_A003_t043,,,2026-03-31,2026-03-30,2026-03-30,15:30,2026-03-31,08:59,2026-03-31,pre_close_cutoff,005930,buy,10,두 belief와 실행 제약을 함께 고려한 제한적 거래다.,1,llm_first_response,not_one_share
RN_COMM_ON_20260917_offline_e2e,2026-03-31,43,am,A004,ltb_A004_t042,stb_A004_t043,analysis_A004_t043,decision_A004_t043,,,2026-03-31,2026-03-30,2026-03-30,15:30,2026-03-31,08:59,2026-03-31,pre_close_cutoff,005930,buy,10,두 belief와 실행 제약을 함께 고려한 제한적 거래다.,1,llm_first_response,not_one_share
RN_COMM_ON_20260917_offline_e2e,2026-03-31,43,am,A005,ltb_A005_t042,stb_A005_t043,analysis_A005_t043,decision_A005_t043,,,2026-03-31,2026-03-30,2026-03-30,15:30,2026-03-31,08:59,2026-03-31,pre_close_cutoff,005930,buy,10,두 belief와 실행 제약을 함께 고려한 제한적 거래다.,1,llm_first_response,not_one_share
RN_COMM_ON_20260917_offline_e2e,2026-03-31,43,am,A006,ltb_A006_t042,stb_A006_t043,analysis_A006_t043,decision_A006_t043,,,2026-03-31,2026-03-30,2026-03-30,15:30,2026-03-31,08:59,2026-03-31,pre_close_cutoff,005930,buy,10,두 belief와 실행 제약을 함께 고려한 제한적 거래다.,1,llm_first_response,not_one_share
RN_COMM_ON_20260917_offline_e2e,2026-03-31,43,am,A007,ltb_A007_t042,stb_A007_t043,analysis_A007_t043,decision_A007_t043,,,2026-03-31,2026-03-30,2026-03-30,15:30,2026-03-31,08:59,2026-03-31,pre_close_cutoff,005930,buy,10,두 belief와 실행 제약을 함께 고려한 제한적 거래다.,1,llm_first_response,not_one_share
RN_COMM_ON_20260917_offline_e2e,2026-03-31,44,pm,A001,ltb_A001_t043,stb_A001_t044,analysis_A001_t044,decision_A001_t044,,,2026-03-31,2026-03-31,2026-03-31,09:00,2026-03-31,15:29,2026-03-31,pre_close_cutoff,005930,buy,10,두 belief와 실행 제약을 함께 고려한 제한적 거래다.,1,llm_first_response,not_one_share
RN_COMM_ON_20260917_offline_e2e,2026-03-31,44,pm,A002,ltb_A002_t043,stb_A002_t044,analysis_A002_t044,decision_A002_t044,,,2026-03-31,2026-03-31,2026-03-31,09:00,2026-03-31,15:29,2026-03-31,pre_close_cutoff,005930,buy,10,두 belief와 실행 제약을 함께 고려한 제한적 거래다.,1,llm_first_response,not_one_share
RN_COMM_ON_20260917_offline_e2e,2026-03-31,44,pm,A003,ltb_A003_t043,stb_A003_t044,analysis_A003_t044,decision_A003_t044,,,2026-03-31,2026-03-31,2026-03-31,09:00,2026-03-31,15:29,2026-03-31,pre_close_cutoff,005930,buy,10,두 belief와 실행 제약을 함께 고려한 제한적 거래다.,1,llm_first_response,not_one_share
RN_COMM_ON_20260917_offline_e2e,2026-03-31,44,pm,A004,ltb_A004_t043,stb_A004_t044,analysis_A004_t044,decision_A004_t044,,,2026-03-31,2026-03-31,2026-03-31,09:00,2026-03-31,15:29,2026-03-31,pre_close_cutoff,005930,buy,10,두 belief와 실행 제약을 함께 고려한 제한적 거래다.,1,llm_first_response,not_one_share
RN_COMM_ON_20260917_offline_e2e,2026-03-31,44,pm,A005,ltb_A005_t043,stb_A005_t044,analysis_A005_t044,decision_A005_t044,,,2026-03-31,2026-03-31,2026-03-31,09:00,2026-03-31,15:29,2026-03-31,pre_close_cutoff,005930,buy,10,두 belief와 실행 제약을 함께 고려한 제한적 거래다.,1,llm_first_response,not_one_share
RN_COMM_ON_20260917_offline_e2e,2026-03-31,44,pm,A006,ltb_A006_t043,stb_A006_t044,analysis_A006_t044,decision_A006_t044,,,2026-03-31,2026-03-31,2026-03-31,09:00,2026-03-31,15:29,2026-03-31,pre_close_cutoff,005930,buy,10,두 belief와 실행 제약을 함께 고려한 제한적 거래다.,1,llm_first_response,not_one_share
RN_COMM_ON_20260917_offline_e2e,2026-03-31,44,pm,A007,ltb_A007_t043,stb_A007_t044,analysis_A007_t044,decision_A007_t044,,,2026-03-31,2026-03-31,2026-03-31,09:00,2026-03-31,15:29,2026-03-31,pre_close_cutoff,005930,buy,10,두 belief와 실행 제약을 함께 고려한 제한적 거래다.,1,llm_first_response,not_one_share
RN_COMM_ON_20260917_offline_e2e,2026-04-01,45,am,A001,ltb_A001_t044,stb_A001_t045,analysis_A001_t045,decision_A001_t045,,,2026-04-01,2026-03-31,2026-03-31,15:30,2026-04-01,08:59,2026-04-01,pre_close_cutoff,005930,buy,10,두 belief와 실행 제약을 함께 고려한 제한적 거래다.,1,llm_first_response,not_one_share
RN_COMM_ON_20260917_offline_e2e,2026-04-01,45,am,A002,ltb_A002_t044,stb_A002_t045,analysis_A002_t045,decision_A002_t045,,,2026-04-01,2026-03-31,2026-03-31,15:30,2026-04-01,08:59,2026-04-01,pre_close_cutoff,005930,buy,10,두 belief와 실행 제약을 함께 고려한 제한적 거래다.,1,llm_first_response,not_one_share
RN_COMM_ON_20260917_offline_e2e,2026-04-01,45,am,A003,ltb_A003_t044,stb_A003_t045,analysis_A003_t045,decision_A003_t045,,,2026-04-01,2026-03-31,2026-03-31,15:30,2026-04-01,08:59,2026-04-01,pre_close_cutoff,005930,buy,10,두 belief와 실행 제약을 함께 고려한 제한적 거래다.,1,llm_first_response,not_one_share
RN_COMM_ON_20260917_offline_e2e,2026-04-01,45,am,A004,ltb_A004_t044,stb_A004_t045,analysis_A004_t045,decision_A004_t045,,,2026-04-01,2026-03-31,2026-03-31,15:30,2026-04-01,08:59,2026-04-01,pre_close_cutoff,005930,buy,10,두 belief와 실행 제약을 함께 고려한 제한적 거래다.,1,llm_first_response,not_one_share
RN_COMM_ON_20260917_offline_e2e,2026-04-01,45,am,A005,ltb_A005_t044,stb_A005_t045,analysis_A005_t045,decision_A005_t045,,,2026-04-01,2026-03-31,2026-03-31,15:30,2026-04-01,08:59,2026-04-01,pre_close_cutoff,005930,buy,10,두 belief와 실행 제약을 함께 고려한 제한적 거래다.,1,llm_first_response,not_one_share
RN_COMM_ON_20260917_offline_e2e,2026-04-01,45,am,A006,ltb_A006_t044,stb_A006_t045,analysis_A006_t045,decision_A006_t045,,,2026-04-01,2026-03-31,2026-03-31,15:30,2026-04-01,08:59,2026-04-01,pre_close_cutoff,005930,buy,10,두 belief와 실행 제약을 함께 고려한 제한적 거래다.,1,llm_first_response,not_one_share
RN_COMM_ON_20260917_offline_e2e,2026-04-01,45,am,A007,ltb_A007_t044,stb_A007_t045,analysis_A007_t045,decision_A007_t045,,,2026-04-01,2026-03-31,2026-03-31,15:30,2026-04-01,08:59,2026-04-01,pre_close_cutoff,005930,buy,10,두 belief와 실행 제약을 함께 고려한 제한적 거래다.,1,llm_first_response,not_one_share
RN_COMM_ON_20260917_offline_e2e,2026-04-01,46,pm,A001,ltb_A001_t045,stb_A001_t046,analysis_A001_t046,decision_A001_t046,,,2026-04-01,2026-04-01,2026-04-01,09:00,2026-04-01,15:29,2026-04-01,pre_close_cutoff,005930,buy,10,두 belief와 실행 제약을 함께 고려한 제한적 거래다.,1,llm_first_response,not_one_share
RN_COMM_ON_20260917_offline_e2e,2026-04-01,46,pm,A002,ltb_A002_t045,stb_A002_t046,analysis_A002_t046,decision_A002_t046,,,2026-04-01,2026-04-01,2026-04-01,09:00,2026-04-01,15:29,2026-04-01,pre_close_cutoff,005930,buy,10,두 belief와 실행 제약을 함께 고려한 제한적 거래다.,1,llm_first_response,not_one_share
RN_COMM_ON_20260917_offline_e2e,2026-04-01,46,pm,A003,ltb_A003_t045,stb_A003_t046,analysis_A003_t046,decision_A003_t046,,,2026-04-01,2026-04-01,2026-04-01,09:00,2026-04-01,15:29,2026-04-01,pre_close_cutoff,005930,buy,10,두 belief와 실행 제약을 함께 고려한 제한적 거래다.,1,llm_first_response,not_one_share
RN_COMM_ON_20260917_offline_e2e,2026-04-01,46,pm,A004,ltb_A004_t045,stb_A004_t046,analysis_A004_t046,decision_A004_t046,,,2026-04-01,2026-04-01,2026-04-01,09:00,2026-04-01,15:29,2026-04-01,pre_close_cutoff,005930,buy,10,두 belief와 실행 제약을 함께 고려한 제한적 거래다.,1,llm_first_response,not_one_share
RN_COMM_ON_20260917_offline_e2e,2026-04-01,46,pm,A005,ltb_A005_t045,stb_A005_t046,analysis_A005_t046,decision_A005_t046,,,2026-04-01,2026-04-01,2026-04-01,09:00,2026-04-01,15:29,2026-04-01,pre_close_cutoff,005930,buy,10,두 belief와 실행 제약을 함께 고려한 제한적 거래다.,1,llm_first_response,not_one_share
RN_COMM_ON_20260917_offline_e2e,2026-04-01,46,pm,A006,ltb_A006_t045,stb_A006_t046,analysis_A006_t046,decision_A006_t046,,,2026-04-01,2026-04-01,2026-04-01,09:00,2026-04-01,15:29,2026-04-01,pre_close_cutoff,005930,buy,10,두 belief와 실행 제약을 함께 고려한 제한적 거래다.,1,llm_first_response,not_one_share
RN_COMM_ON_20260917_offline_e2e,2026-04-01,46,pm,A007,ltb_A007_t045,stb_A007_t046,analysis_A007_t046,decision_A007_t046,,,2026-04-01,2026-04-01,2026-04-01,09:00,2026-04-01,15:29,2026-04-01,pre_close_cutoff,005930,buy,10,두 belief와 실행 제약을 함께 고려한 제한적 거래다.,1,llm_first_response,not_one_share
RN_COMM_ON_20260917_offline_e2e,2026-04-02,47,am,A001,ltb_A001_t046,stb_A001_t047,analysis_A001_t047,decision_A001_t047,,,2026-04-02,2026-04-01,2026-04-01,15:30,2026-04-02,08:59,2026-04-02,pre_close_cutoff,005930,buy,10,두 belief와 실행 제약을 함께 고려한 제한적 거래다.,1,llm_first_response,not_one_share
RN_COMM_ON_20260917_offline_e2e,2026-04-02,47,am,A002,ltb_A002_t046,stb_A002_t047,analysis_A002_t047,decision_A002_t047,,,2026-04-02,2026-04-01,2026-04-01,15:30,2026-04-02,08:59,2026-04-02,pre_close_cutoff,005930,buy,10,두 belief와 실행 제약을 함께 고려한 제한적 거래다.,1,llm_first_response,not_one_share
RN_COMM_ON_20260917_offline_e2e,2026-04-02,47,am,A003,ltb_A003_t046,stb_A003_t047,analysis_A003_t047,decision_A003_t047,,,2026-04-02,2026-04-01,2026-04-01,15:30,2026-04-02,08:59,2026-04-02,pre_close_cutoff,005930,buy,10,두 belief와 실행 제약을 함께 고려한 제한적 거래다.,1,llm_first_response,not_one_share
RN_COMM_ON_20260917_offline_e2e,2026-04-02,47,am,A004,ltb_A004_t046,stb_A004_t047,analysis_A004_t047,decision_A004_t047,,,2026-04-02,2026-04-01,2026-04-01,15:30,2026-04-02,08:59,2026-04-02,pre_close_cutoff,005930,buy,10,두 belief와 실행 제약을 함께 고려한 제한적 거래다.,1,llm_first_response,not_one_share
RN_COMM_ON_20260917_offline_e2e,2026-04-02,47,am,A005,ltb_A005_t046,stb_A005_t047,analysis_A005_t047,decision_A005_t047,,,2026-04-02,2026-04-01,2026-04-01,15:30,2026-04-02,08:59,2026-04-02,pre_close_cutoff,005930,buy,10,두 belief와 실행 제약을 함께 고려한 제한적 거래다.,1,llm_first_response,not_one_share
RN_COMM_ON_20260917_offline_e2e,2026-04-02,47,am,A006,ltb_A006_t046,stb_A006_t047,analysis_A006_t047,decision_A006_t047,,,2026-04-02,2026-04-01,2026-04-01,15:30,2026-04-02,08:59,2026-04-02,pre_close_cutoff,005930,buy,10,두 belief와 실행 제약을 함께 고려한 제한적 거래다.,1,llm_first_response,not_one_share
RN_COMM_ON_20260917_offline_e2e,2026-04-02,47,am,A007,ltb_A007_t046,stb_A007_t047,analysis_A007_t047,decision_A007_t047,,,2026-04-02,2026-04-01,2026-04-01,15:30,2026-04-02,08:59,2026-04-02,pre_close_cutoff,005930,buy,10,두 belief와 실행 제약을 함께 고려한 제한적 거래다.,1,llm_first_response,not_one_share
RN_COMM_ON_20260917_offline_e2e,2026-04-02,48,pm,A001,ltb_A001_t047,stb_A001_t048,analysis_A001_t048,decision_A001_t048,,,2026-04-02,2026-04-02,2026-04-02,09:00,2026-04-02,15:29,2026-04-02,pre_close_cutoff,005930,buy,10,두 belief와 실행 제약을 함께 고려한 제한적 거래다.,1,llm_first_response,not_one_share
RN_COMM_ON_20260917_offline_e2e,2026-04-02,48,pm,A002,ltb_A002_t047,stb_A002_t048,analysis_A002_t048,decision_A002_t048,,,2026-04-02,2026-04-02,2026-04-02,09:00,2026-04-02,15:29,2026-04-02,pre_close_cutoff,005930,buy,10,두 belief와 실행 제약을 함께 고려한 제한적 거래다.,1,llm_first_response,not_one_share
RN_COMM_ON_20260917_offline_e2e,2026-04-02,48,pm,A003,ltb_A003_t047,stb_A003_t048,analysis_A003_t048,decision_A003_t048,,,2026-04-02,2026-04-02,2026-04-02,09:00,2026-04-02,15:29,2026-04-02,pre_close_cutoff,005930,buy,10,두 belief와 실행 제약을 함께 고려한 제한적 거래다.,1,llm_first_response,not_one_share
RN_COMM_ON_20260917_offline_e2e,2026-04-02,48,pm,A004,ltb_A004_t047,stb_A004_t048,analysis_A004_t048,decision_A004_t048,,,2026-04-02,2026-04-02,2026-04-02,09:00,2026-04-02,15:29,2026-04-02,pre_close_cutoff,005930,buy,10,두 belief와 실행 제약을 함께 고려한 제한적 거래다.,1,llm_first_response,not_one_share
RN_COMM_ON_20260917_offline_e2e,2026-04-02,48,pm,A005,ltb_A005_t047,stb_A005_t048,analysis_A005_t048,decision_A005_t048,,,2026-04-02,2026-04-02,2026-04-02,09:00,2026-04-02,15:29,2026-04-02,pre_close_cutoff,005930,buy,10,두 belief와 실행 제약을 함께 고려한 제한적 거래다.,1,llm_first_response,not_one_share
RN_COMM_ON_20260917_offline_e2e,2026-04-02,48,pm,A006,ltb_A006_t047,stb_A006_t048,analysis_A006_t048,decision_A006_t048,,,2026-04-02,2026-04-02,2026-04-02,09:00,2026-04-02,15:29,2026-04-02,pre_close_cutoff,005930,buy,10,두 belief와 실행 제약을 함께 고려한 제한적 거래다.,1,llm_first_response,not_one_share
RN_COMM_ON_20260917_offline_e2e,2026-04-02,48,pm,A007,ltb_A007_t047,stb_A007_t048,analysis_A007_t048,decision_A007_t048,,,2026-04-02,2026-04-02,2026-04-02,09:00,2026-04-02,15:29,2026-04-02,pre_close_cutoff,005930,buy,10,두 belief와 실행 제약을 함께 고려한 제한적 거래다.,1,llm_first_response,not_one_share
RN_COMM_ON_20260917_offline_e2e,2026-04-03,49,am,A001,ltb_A001_t048,stb_A001_t049,analysis_A001_t049,decision_A001_t049,,,2026-04-03,2026-04-02,2026-04-02,15:30,2026-04-03,08:59,2026-04-03,pre_close_cutoff,005930,buy,10,두 belief와 실행 제약을 함께 고려한 제한적 거래다.,1,llm_first_response,not_one_share
RN_COMM_ON_20260917_offline_e2e,2026-04-03,49,am,A002,ltb_A002_t048,stb_A002_t049,analysis_A002_t049,decision_A002_t049,,,2026-04-03,2026-04-02,2026-04-02,15:30,2026-04-03,08:59,2026-04-03,pre_close_cutoff,005930,buy,10,두 belief와 실행 제약을 함께 고려한 제한적 거래다.,1,llm_first_response,not_one_share
RN_COMM_ON_20260917_offline_e2e,2026-04-03,49,am,A003,ltb_A003_t048,stb_A003_t049,analysis_A003_t049,decision_A003_t049,,,2026-04-03,2026-04-02,2026-04-02,15:30,2026-04-03,08:59,2026-04-03,pre_close_cutoff,005930,buy,10,두 belief와 실행 제약을 함께 고려한 제한적 거래다.,1,llm_first_response,not_one_share
RN_COMM_ON_20260917_offline_e2e,2026-04-03,49,am,A004,ltb_A004_t048,stb_A004_t049,analysis_A004_t049,decision_A004_t049,,,2026-04-03,2026-04-02,2026-04-02,15:30,2026-04-03,08:59,2026-04-03,pre_close_cutoff,005930,buy,10,두 belief와 실행 제약을 함께 고려한 제한적 거래다.,1,llm_first_response,not_one_share
RN_COMM_ON_20260917_offline_e2e,2026-04-03,49,am,A005,ltb_A005_t048,stb_A005_t049,analysis_A005_t049,decision_A005_t049,,,2026-04-03,2026-04-02,2026-04-02,15:30,2026-04-03,08:59,2026-04-03,pre_close_cutoff,005930,buy,10,두 belief와 실행 제약을 함께 고려한 제한적 거래다.,1,llm_first_response,not_one_share
RN_COMM_ON_20260917_offline_e2e,2026-04-03,49,am,A006,ltb_A006_t048,stb_A006_t049,analysis_A006_t049,decision_A006_t049,,,2026-04-03,2026-04-02,2026-04-02,15:30,2026-04-03,08:59,2026-04-03,pre_close_cutoff,005930,buy,10,두 belief와 실행 제약을 함께 고려한 제한적 거래다.,1,llm_first_response,not_one_share
RN_COMM_ON_20260917_offline_e2e,2026-04-03,49,am,A007,ltb_A007_t048,stb_A007_t049,analysis_A007_t049,decision_A007_t049,,,2026-04-03,2026-04-02,2026-04-02,15:30,2026-04-03,08:59,2026-04-03,pre_close_cutoff,005930,buy,10,두 belief와 실행 제약을 함께 고려한 제한적 거래다.,1,llm_first_response,not_one_share
RN_COMM_ON_20260917_offline_e2e,2026-04-03,50,pm,A001,ltb_A001_t049,stb_A001_t050,analysis_A001_t050,decision_A001_t050,,,2026-04-03,2026-04-03,2026-04-03,09:00,2026-04-03,15:29,2026-04-03,pre_close_cutoff,005930,buy,10,두 belief와 실행 제약을 함께 고려한 제한적 거래다.,1,llm_first_response,not_one_share
RN_COMM_ON_20260917_offline_e2e,2026-04-03,50,pm,A002,ltb_A002_t049,stb_A002_t050,analysis_A002_t050,decision_A002_t050,,,2026-04-03,2026-04-03,2026-04-03,09:00,2026-04-03,15:29,2026-04-03,pre_close_cutoff,005930,buy,10,두 belief와 실행 제약을 함께 고려한 제한적 거래다.,1,llm_first_response,not_one_share
RN_COMM_ON_20260917_offline_e2e,2026-04-03,50,pm,A003,ltb_A003_t049,stb_A003_t050,analysis_A003_t050,decision_A003_t050,,,2026-04-03,2026-04-03,2026-04-03,09:00,2026-04-03,15:29,2026-04-03,pre_close_cutoff,005930,buy,10,두 belief와 실행 제약을 함께 고려한 제한적 거래다.,1,llm_first_response,not_one_share
RN_COMM_ON_20260917_offline_e2e,2026-04-03,50,pm,A004,ltb_A004_t049,stb_A004_t050,analysis_A004_t050,decision_A004_t050,,,2026-04-03,2026-04-03,2026-04-03,09:00,2026-04-03,15:29,2026-04-03,pre_close_cutoff,005930,buy,10,두 belief와 실행 제약을 함께 고려한 제한적 거래다.,1,llm_first_response,not_one_share
RN_COMM_ON_20260917_offline_e2e,2026-04-03,50,pm,A005,ltb_A005_t049,stb_A005_t050,analysis_A005_t050,decision_A005_t050,,,2026-04-03,2026-04-03,2026-04-03,09:00,2026-04-03,15:29,2026-04-03,pre_close_cutoff,005930,buy,10,두 belief와 실행 제약을 함께 고려한 제한적 거래다.,1,llm_first_response,not_one_share
RN_COMM_ON_20260917_offline_e2e,2026-04-03,50,pm,A006,ltb_A006_t049,stb_A006_t050,analysis_A006_t050,decision_A006_t050,,,2026-04-03,2026-04-03,2026-04-03,09:00,2026-04-03,15:29,2026-04-03,pre_close_cutoff,005930,buy,10,두 belief와 실행 제약을 함께 고려한 제한적 거래다.,1,llm_first_response,not_one_share
RN_COMM_ON_20260917_offline_e2e,2026-04-03,50,pm,A007,ltb_A007_t049,stb_A007_t050,analysis_A007_t050,decision_A007_t050,,,2026-04-03,2026-04-03,2026-04-03,09:00,2026-04-03,15:29,2026-04-03,pre_close_cutoff,005930,buy,10,두 belief와 실행 제약을 함께 고려한 제한적 거래다.,1,llm_first_response,not_one_share
RN_COMM_ON_20260917_offline_e2e,2026-04-06,51,am,A001,ltb_A001_t050,stb_A001_t051,analysis_A001_t051,decision_A001_t051,,,2026-04-06,2026-04-03,2026-04-03,15:30,2026-04-06,08:59,2026-04-06,pre_close_cutoff,005930,buy,10,두 belief와 실행 제약을 함께 고려한 제한적 거래다.,1,llm_first_response,not_one_share
RN_COMM_ON_20260917_offline_e2e,2026-04-06,51,am,A002,ltb_A002_t050,stb_A002_t051,analysis_A002_t051,decision_A002_t051,,,2026-04-06,2026-04-03,2026-04-03,15:30,2026-04-06,08:59,2026-04-06,pre_close_cutoff,005930,buy,10,두 belief와 실행 제약을 함께 고려한 제한적 거래다.,1,llm_first_response,not_one_share
RN_COMM_ON_20260917_offline_e2e,2026-04-06,51,am,A003,ltb_A003_t050,stb_A003_t051,analysis_A003_t051,decision_A003_t051,,,2026-04-06,2026-04-03,2026-04-03,15:30,2026-04-06,08:59,2026-04-06,pre_close_cutoff,005930,buy,10,두 belief와 실행 제약을 함께 고려한 제한적 거래다.,1,llm_first_response,not_one_share
RN_COMM_ON_20260917_offline_e2e,2026-04-06,51,am,A004,ltb_A004_t050,stb_A004_t051,analysis_A004_t051,decision_A004_t051,,,2026-04-06,2026-04-03,2026-04-03,15:30,2026-04-06,08:59,2026-04-06,pre_close_cutoff,005930,buy,10,두 belief와 실행 제약을 함께 고려한 제한적 거래다.,1,llm_first_response,not_one_share
RN_COMM_ON_20260917_offline_e2e,2026-04-06,51,am,A005,ltb_A005_t050,stb_A005_t051,analysis_A005_t051,decision_A005_t051,,,2026-04-06,2026-04-03,2026-04-03,15:30,2026-04-06,08:59,2026-04-06,pre_close_cutoff,005930,buy,10,두 belief와 실행 제약을 함께 고려한 제한적 거래다.,1,llm_first_response,not_one_share
RN_COMM_ON_20260917_offline_e2e,2026-04-06,51,am,A006,ltb_A006_t050,stb_A006_t051,analysis_A006_t051,decision_A006_t051,,,2026-04-06,2026-04-03,2026-04-03,15:30,2026-04-06,08:59,2026-04-06,pre_close_cutoff,005930,buy,10,두 belief와 실행 제약을 함께 고려한 제한적 거래다.,1,llm_first_response,not_one_share
RN_COMM_ON_20260917_offline_e2e,2026-04-06,51,am,A007,ltb_A007_t050,stb_A007_t051,analysis_A007_t051,decision_A007_t051,,,2026-04-06,2026-04-03,2026-04-03,15:30,2026-04-06,08:59,2026-04-06,pre_close_cutoff,005930,buy,10,두 belief와 실행 제약을 함께 고려한 제한적 거래다.,1,llm_first_response,not_one_share
RN_COMM_ON_20260917_offline_e2e,2026-04-06,52,pm,A001,ltb_A001_t051,stb_A001_t052,analysis_A001_t052,decision_A001_t052,,,2026-04-06,2026-04-06,2026-04-06,09:00,2026-04-06,15:29,2026-04-06,pre_close_cutoff,005930,buy,9,두 belief와 실행 제약을 함께 고려한 제한적 거래다.,1,llm_first_response,not_one_share
RN_COMM_ON_20260917_offline_e2e,2026-04-06,52,pm,A002,ltb_A002_t051,stb_A002_t052,analysis_A002_t052,decision_A002_t052,,,2026-04-06,2026-04-06,2026-04-06,09:00,2026-04-06,15:29,2026-04-06,pre_close_cutoff,005930,buy,9,두 belief와 실행 제약을 함께 고려한 제한적 거래다.,1,llm_first_response,not_one_share
RN_COMM_ON_20260917_offline_e2e,2026-04-06,52,pm,A003,ltb_A003_t051,stb_A003_t052,analysis_A003_t052,decision_A003_t052,,,2026-04-06,2026-04-06,2026-04-06,09:00,2026-04-06,15:29,2026-04-06,pre_close_cutoff,005930,buy,9,두 belief와 실행 제약을 함께 고려한 제한적 거래다.,1,llm_first_response,not_one_share
RN_COMM_ON_20260917_offline_e2e,2026-04-06,52,pm,A004,ltb_A004_t051,stb_A004_t052,analysis_A004_t052,decision_A004_t052,,,2026-04-06,2026-04-06,2026-04-06,09:00,2026-04-06,15:29,2026-04-06,pre_close_cutoff,005930,buy,9,두 belief와 실행 제약을 함께 고려한 제한적 거래다.,1,llm_first_response,not_one_share
RN_COMM_ON_20260917_offline_e2e,2026-04-06,52,pm,A005,ltb_A005_t051,stb_A005_t052,analysis_A005_t052,decision_A005_t052,,,2026-04-06,2026-04-06,2026-04-06,09:00,2026-04-06,15:29,2026-04-06,pre_close_cutoff,005930,buy,9,두 belief와 실행 제약을 함께 고려한 제한적 거래다.,1,llm_first_response,not_one_share
RN_COMM_ON_20260917_offline_e2e,2026-04-06,52,pm,A006,ltb_A006_t051,stb_A006_t052,analysis_A006_t052,decision_A006_t052,,,2026-04-06,2026-04-06,2026-04-06,09:00,2026-04-06,15:29,2026-04-06,pre_close_cutoff,005930,buy,9,두 belief와 실행 제약을 함께 고려한 제한적 거래다.,1,llm_first_response,not_one_share
RN_COMM_ON_20260917_offline_e2e,2026-04-06,52,pm,A007,ltb_A007_t051,stb_A007_t052,analysis_A007_t052,decision_A007_t052,,,2026-04-06,2026-04-06,2026-04-06,09:00,2026-04-06,15:29,2026-04-06,pre_close_cutoff,005930,buy,9,두 belief와 실행 제약을 함께 고려한 제한적 거래다.,1,llm_first_response,not_one_share
RN_COMM_ON_20260917_offline_e2e,2026-04-07,53,am,A001,ltb_A001_t052,stb_A001_t053,analysis_A001_t053,decision_A001_t053,,,2026-04-07,2026-04-06,2026-04-06,15:30,2026-04-07,08:59,2026-04-07,pre_close_cutoff,005930,buy,5,두 belief와 실행 제약을 함께 고려한 제한적 거래다.,1,llm_first_response,not_one_share
RN_COMM_ON_20260917_offline_e2e,2026-04-07,53,am,A002,ltb_A002_t052,stb_A002_t053,analysis_A002_t053,decision_A002_t053,,,2026-04-07,2026-04-06,2026-04-06,15:30,2026-04-07,08:59,2026-04-07,pre_close_cutoff,005930,buy,5,두 belief와 실행 제약을 함께 고려한 제한적 거래다.,1,llm_first_response,not_one_share
RN_COMM_ON_20260917_offline_e2e,2026-04-07,53,am,A003,ltb_A003_t052,stb_A003_t053,analysis_A003_t053,decision_A003_t053,,,2026-04-07,2026-04-06,2026-04-06,15:30,2026-04-07,08:59,2026-04-07,pre_close_cutoff,005930,buy,5,두 belief와 실행 제약을 함께 고려한 제한적 거래다.,1,llm_first_response,not_one_share
RN_COMM_ON_20260917_offline_e2e,2026-04-07,53,am,A004,ltb_A004_t052,stb_A004_t053,analysis_A004_t053,decision_A004_t053,,,2026-04-07,2026-04-06,2026-04-06,15:30,2026-04-07,08:59,2026-04-07,pre_close_cutoff,005930,buy,5,두 belief와 실행 제약을 함께 고려한 제한적 거래다.,1,llm_first_response,not_one_share
RN_COMM_ON_20260917_offline_e2e,2026-04-07,53,am,A005,ltb_A005_t052,stb_A005_t053,analysis_A005_t053,decision_A005_t053,,,2026-04-07,2026-04-06,2026-04-06,15:30,2026-04-07,08:59,2026-04-07,pre_close_cutoff,005930,buy,5,두 belief와 실행 제약을 함께 고려한 제한적 거래다.,1,llm_first_response,not_one_share
RN_COMM_ON_20260917_offline_e2e,2026-04-07,53,am,A006,ltb_A006_t052,stb_A006_t053,analysis_A006_t053,decision_A006_t053,,,2026-04-07,2026-04-06,2026-04-06,15:30,2026-04-07,08:59,2026-04-07,pre_close_cutoff,005930,buy,5,두 belief와 실행 제약을 함께 고려한 제한적 거래다.,1,llm_first_response,not_one_share
RN_COMM_ON_20260917_offline_e2e,2026-04-07,53,am,A007,ltb_A007_t052,stb_A007_t053,analysis_A007_t053,decision_A007_t053,,,2026-04-07,2026-04-06,2026-04-06,15:30,2026-04-07,08:59,2026-04-07,pre_close_cutoff,005930,buy,5,두 belief와 실행 제약을 함께 고려한 제한적 거래다.,1,llm_first_response,not_one_share
RN_COMM_ON_20260917_offline_e2e,2026-04-07,54,pm,A001,ltb_A001_t053,stb_A001_t054,analysis_A001_t054,decision_A001_t054,,,2026-04-07,2026-04-07,2026-04-07,09:00,2026-04-07,15:29,2026-04-07,pre_close_cutoff,005930,buy,2,두 belief와 실행 제약을 함께 고려한 제한적 거래다.,1,llm_first_response,not_one_share
RN_COMM_ON_20260917_offline_e2e,2026-04-07,54,pm,A002,ltb_A002_t053,stb_A002_t054,analysis_A002_t054,decision_A002_t054,,,2026-04-07,2026-04-07,2026-04-07,09:00,2026-04-07,15:29,2026-04-07,pre_close_cutoff,005930,buy,2,두 belief와 실행 제약을 함께 고려한 제한적 거래다.,1,llm_first_response,not_one_share
RN_COMM_ON_20260917_offline_e2e,2026-04-07,54,pm,A003,ltb_A003_t053,stb_A003_t054,analysis_A003_t054,decision_A003_t054,,,2026-04-07,2026-04-07,2026-04-07,09:00,2026-04-07,15:29,2026-04-07,pre_close_cutoff,005930,buy,2,두 belief와 실행 제약을 함께 고려한 제한적 거래다.,1,llm_first_response,not_one_share
RN_COMM_ON_20260917_offline_e2e,2026-04-07,54,pm,A004,ltb_A004_t053,stb_A004_t054,analysis_A004_t054,decision_A004_t054,,,2026-04-07,2026-04-07,2026-04-07,09:00,2026-04-07,15:29,2026-04-07,pre_close_cutoff,005930,buy,2,두 belief와 실행 제약을 함께 고려한 제한적 거래다.,1,llm_first_response,not_one_share
RN_COMM_ON_20260917_offline_e2e,2026-04-07,54,pm,A005,ltb_A005_t053,stb_A005_t054,analysis_A005_t054,decision_A005_t054,,,2026-04-07,2026-04-07,2026-04-07,09:00,2026-04-07,15:29,2026-04-07,pre_close_cutoff,005930,buy,2,두 belief와 실행 제약을 함께 고려한 제한적 거래다.,1,llm_first_response,not_one_share
RN_COMM_ON_20260917_offline_e2e,2026-04-07,54,pm,A006,ltb_A006_t053,stb_A006_t054,analysis_A006_t054,decision_A006_t054,,,2026-04-07,2026-04-07,2026-04-07,09:00,2026-04-07,15:29,2026-04-07,pre_close_cutoff,005930,buy,2,두 belief와 실행 제약을 함께 고려한 제한적 거래다.,1,llm_first_response,not_one_share
RN_COMM_ON_20260917_offline_e2e,2026-04-07,54,pm,A007,ltb_A007_t053,stb_A007_t054,analysis_A007_t054,decision_A007_t054,,,2026-04-07,2026-04-07,2026-04-07,09:00,2026-04-07,15:29,2026-04-07,pre_close_cutoff,005930,buy,2,두 belief와 실행 제약을 함께 고려한 제한적 거래다.,1,llm_first_response,not_one_share
RN_COMM_ON_20260917_offline_e2e,2026-04-08,55,am,A001,ltb_A001_t054,stb_A001_t055,analysis_A001_t055,decision_A001_t055,,,2026-04-08,2026-04-07,2026-04-07,15:30,2026-04-08,08:59,2026-04-08,pre_close_cutoff,005930,buy,1,두 belief와 실행 제약을 함께 고려한 제한적 거래다.,1,llm_first_response,constraint_maximum_is_one
RN_COMM_ON_20260917_offline_e2e,2026-04-08,55,am,A002,ltb_A002_t054,stb_A002_t055,analysis_A002_t055,decision_A002_t055,,,2026-04-08,2026-04-07,2026-04-07,15:30,2026-04-08,08:59,2026-04-08,pre_close_cutoff,005930,buy,1,두 belief와 실행 제약을 함께 고려한 제한적 거래다.,1,llm_first_response,constraint_maximum_is_one
RN_COMM_ON_20260917_offline_e2e,2026-04-08,55,am,A003,ltb_A003_t054,stb_A003_t055,analysis_A003_t055,decision_A003_t055,,,2026-04-08,2026-04-07,2026-04-07,15:30,2026-04-08,08:59,2026-04-08,pre_close_cutoff,005930,buy,1,두 belief와 실행 제약을 함께 고려한 제한적 거래다.,1,llm_first_response,constraint_maximum_is_one
RN_COMM_ON_20260917_offline_e2e,2026-04-08,55,am,A004,ltb_A004_t054,stb_A004_t055,analysis_A004_t055,decision_A004_t055,,,2026-04-08,2026-04-07,2026-04-07,15:30,2026-04-08,08:59,2026-04-08,pre_close_cutoff,005930,buy,1,두 belief와 실행 제약을 함께 고려한 제한적 거래다.,1,llm_first_response,constraint_maximum_is_one
RN_COMM_ON_20260917_offline_e2e,2026-04-08,55,am,A005,ltb_A005_t054,stb_A005_t055,analysis_A005_t055,decision_A005_t055,,,2026-04-08,2026-04-07,2026-04-07,15:30,2026-04-08,08:59,2026-04-08,pre_close_cutoff,005930,buy,1,두 belief와 실행 제약을 함께 고려한 제한적 거래다.,1,llm_first_response,constraint_maximum_is_one
RN_COMM_ON_20260917_offline_e2e,2026-04-08,55,am,A006,ltb_A006_t054,stb_A006_t055,analysis_A006_t055,decision_A006_t055,,,2026-04-08,2026-04-07,2026-04-07,15:30,2026-04-08,08:59,2026-04-08,pre_close_cutoff,005930,buy,1,두 belief와 실행 제약을 함께 고려한 제한적 거래다.,1,llm_first_response,constraint_maximum_is_one
RN_COMM_ON_20260917_offline_e2e,2026-04-08,55,am,A007,ltb_A007_t054,stb_A007_t055,analysis_A007_t055,decision_A007_t055,,,2026-04-08,2026-04-07,2026-04-07,15:30,2026-04-08,08:59,2026-04-08,pre_close_cutoff,005930,buy,1,두 belief와 실행 제약을 함께 고려한 제한적 거래다.,1,llm_first_response,constraint_maximum_is_one
RN_COMM_ON_20260917_offline_e2e,2026-04-08,56,pm,A001,ltb_A001_t055,stb_A001_t056,analysis_A001_t056,decision_A001_t056,,,2026-04-08,2026-04-08,2026-04-08,09:00,2026-04-08,15:29,2026-04-08,pre_close_cutoff,005930,buy,1,두 belief와 실행 제약을 함께 고려한 제한적 거래다.,1,llm_first_response,constraint_maximum_is_one
RN_COMM_ON_20260917_offline_e2e,2026-04-08,56,pm,A002,ltb_A002_t055,stb_A002_t056,analysis_A002_t056,decision_A002_t056,,,2026-04-08,2026-04-08,2026-04-08,09:00,2026-04-08,15:29,2026-04-08,pre_close_cutoff,005930,buy,1,두 belief와 실행 제약을 함께 고려한 제한적 거래다.,1,llm_first_response,constraint_maximum_is_one
RN_COMM_ON_20260917_offline_e2e,2026-04-08,56,pm,A003,ltb_A003_t055,stb_A003_t056,analysis_A003_t056,decision_A003_t056,,,2026-04-08,2026-04-08,2026-04-08,09:00,2026-04-08,15:29,2026-04-08,pre_close_cutoff,005930,buy,1,두 belief와 실행 제약을 함께 고려한 제한적 거래다.,1,llm_first_response,constraint_maximum_is_one
RN_COMM_ON_20260917_offline_e2e,2026-04-08,56,pm,A004,ltb_A004_t055,stb_A004_t056,analysis_A004_t056,decision_A004_t056,,,2026-04-08,2026-04-08,2026-04-08,09:00,2026-04-08,15:29,2026-04-08,pre_close_cutoff,005930,buy,1,두 belief와 실행 제약을 함께 고려한 제한적 거래다.,1,llm_first_response,constraint_maximum_is_one
RN_COMM_ON_20260917_offline_e2e,2026-04-08,56,pm,A005,ltb_A005_t055,stb_A005_t056,analysis_A005_t056,decision_A005_t056,,,2026-04-08,2026-04-08,2026-04-08,09:00,2026-04-08,15:29,2026-04-08,pre_close_cutoff,005930,buy,1,두 belief와 실행 제약을 함께 고려한 제한적 거래다.,1,llm_first_response,constraint_maximum_is_one
RN_COMM_ON_20260917_offline_e2e,2026-04-08,56,pm,A006,ltb_A006_t055,stb_A006_t056,analysis_A006_t056,decision_A006_t056,,,2026-04-08,2026-04-08,2026-04-08,09:00,2026-04-08,15:29,2026-04-08,pre_close_cutoff,005930,buy,1,두 belief와 실행 제약을 함께 고려한 제한적 거래다.,1,llm_first_response,constraint_maximum_is_one
RN_COMM_ON_20260917_offline_e2e,2026-04-08,56,pm,A007,ltb_A007_t055,stb_A007_t056,analysis_A007_t056,decision_A007_t056,,,2026-04-08,2026-04-08,2026-04-08,09:00,2026-04-08,15:29,2026-04-08,pre_close_cutoff,005930,buy,1,두 belief와 실행 제약을 함께 고려한 제한적 거래다.,1,llm_first_response,constraint_maximum_is_one
RN_COMM_ON_20260917_offline_e2e,2026-04-09,57,am,A001,ltb_A001_t056,stb_A001_t057,analysis_A001_t057,decision_A001_t057,,,2026-04-09,2026-04-08,2026-04-08,15:30,2026-04-09,08:59,2026-04-09,pre_close_cutoff,005930,sell,10,두 belief와 실행 제약을 함께 고려한 제한적 거래다.,1,llm_first_response,not_one_share
RN_COMM_ON_20260917_offline_e2e,2026-04-09,57,am,A002,ltb_A002_t056,stb_A002_t057,analysis_A002_t057,decision_A002_t057,,,2026-04-09,2026-04-08,2026-04-08,15:30,2026-04-09,08:59,2026-04-09,pre_close_cutoff,005930,sell,10,두 belief와 실행 제약을 함께 고려한 제한적 거래다.,1,llm_first_response,not_one_share
RN_COMM_ON_20260917_offline_e2e,2026-04-09,57,am,A003,ltb_A003_t056,stb_A003_t057,analysis_A003_t057,decision_A003_t057,,,2026-04-09,2026-04-08,2026-04-08,15:30,2026-04-09,08:59,2026-04-09,pre_close_cutoff,005930,sell,10,두 belief와 실행 제약을 함께 고려한 제한적 거래다.,1,llm_first_response,not_one_share
RN_COMM_ON_20260917_offline_e2e,2026-04-09,57,am,A004,ltb_A004_t056,stb_A004_t057,analysis_A004_t057,decision_A004_t057,,,2026-04-09,2026-04-08,2026-04-08,15:30,2026-04-09,08:59,2026-04-09,pre_close_cutoff,005930,sell,10,두 belief와 실행 제약을 함께 고려한 제한적 거래다.,1,llm_first_response,not_one_share
RN_COMM_ON_20260917_offline_e2e,2026-04-09,57,am,A005,ltb_A005_t056,stb_A005_t057,analysis_A005_t057,decision_A005_t057,,,2026-04-09,2026-04-08,2026-04-08,15:30,2026-04-09,08:59,2026-04-09,pre_close_cutoff,005930,sell,10,두 belief와 실행 제약을 함께 고려한 제한적 거래다.,1,llm_first_response,not_one_share
RN_COMM_ON_20260917_offline_e2e,2026-04-09,57,am,A006,ltb_A006_t056,stb_A006_t057,analysis_A006_t057,decision_A006_t057,,,2026-04-09,2026-04-08,2026-04-08,15:30,2026-04-09,08:59,2026-04-09,pre_close_cutoff,005930,sell,10,두 belief와 실행 제약을 함께 고려한 제한적 거래다.,1,llm_first_response,not_one_share
RN_COMM_ON_20260917_offline_e2e,2026-04-09,57,am,A007,ltb_A007_t056,stb_A007_t057,analysis_A007_t057,decision_A007_t057,,,2026-04-09,2026-04-08,2026-04-08,15:30,2026-04-09,08:59,2026-04-09,pre_close_cutoff,005930,sell,10,두 belief와 실행 제약을 함께 고려한 제한적 거래다.,1,llm_first_response,not_one_share
RN_COMM_ON_20260917_offline_e2e,2026-04-09,58,pm,A001,ltb_A001_t057,stb_A001_t058,analysis_A001_t058,decision_A001_t058,,,2026-04-09,2026-04-09,2026-04-09,09:00,2026-04-09,15:29,2026-04-09,pre_close_cutoff,005930,buy,5,두 belief와 실행 제약을 함께 고려한 제한적 거래다.,1,llm_first_response,not_one_share
RN_COMM_ON_20260917_offline_e2e,2026-04-09,58,pm,A002,ltb_A002_t057,stb_A002_t058,analysis_A002_t058,decision_A002_t058,,,2026-04-09,2026-04-09,2026-04-09,09:00,2026-04-09,15:29,2026-04-09,pre_close_cutoff,005930,buy,5,두 belief와 실행 제약을 함께 고려한 제한적 거래다.,1,llm_first_response,not_one_share
RN_COMM_ON_20260917_offline_e2e,2026-04-09,58,pm,A003,ltb_A003_t057,stb_A003_t058,analysis_A003_t058,decision_A003_t058,,,2026-04-09,2026-04-09,2026-04-09,09:00,2026-04-09,15:29,2026-04-09,pre_close_cutoff,005930,buy,5,두 belief와 실행 제약을 함께 고려한 제한적 거래다.,1,llm_first_response,not_one_share
RN_COMM_ON_20260917_offline_e2e,2026-04-09,58,pm,A004,ltb_A004_t057,stb_A004_t058,analysis_A004_t058,decision_A004_t058,,,2026-04-09,2026-04-09,2026-04-09,09:00,2026-04-09,15:29,2026-04-09,pre_close_cutoff,005930,buy,5,두 belief와 실행 제약을 함께 고려한 제한적 거래다.,1,llm_first_response,not_one_share
RN_COMM_ON_20260917_offline_e2e,2026-04-09,58,pm,A005,ltb_A005_t057,stb_A005_t058,analysis_A005_t058,decision_A005_t058,,,2026-04-09,2026-04-09,2026-04-09,09:00,2026-04-09,15:29,2026-04-09,pre_close_cutoff,005930,buy,5,두 belief와 실행 제약을 함께 고려한 제한적 거래다.,1,llm_first_response,not_one_share
RN_COMM_ON_20260917_offline_e2e,2026-04-09,58,pm,A006,ltb_A006_t057,stb_A006_t058,analysis_A006_t058,decision_A006_t058,,,2026-04-09,2026-04-09,2026-04-09,09:00,2026-04-09,15:29,2026-04-09,pre_close_cutoff,005930,buy,5,두 belief와 실행 제약을 함께 고려한 제한적 거래다.,1,llm_first_response,not_one_share
RN_COMM_ON_20260917_offline_e2e,2026-04-09,58,pm,A007,ltb_A007_t057,stb_A007_t058,analysis_A007_t058,decision_A007_t058,,,2026-04-09,2026-04-09,2026-04-09,09:00,2026-04-09,15:29,2026-04-09,pre_close_cutoff,005930,buy,5,두 belief와 실행 제약을 함께 고려한 제한적 거래다.,1,llm_first_response,not_one_share
RN_COMM_ON_20260917_offline_e2e,2026-04-10,59,am,A001,ltb_A001_t058,stb_A001_t059,analysis_A001_t059,decision_A001_t059,,,2026-04-10,2026-04-09,2026-04-09,15:30,2026-04-10,08:59,2026-04-10,pre_close_cutoff,005930,buy,3,두 belief와 실행 제약을 함께 고려한 제한적 거래다.,1,llm_first_response,not_one_share
RN_COMM_ON_20260917_offline_e2e,2026-04-10,59,am,A002,ltb_A002_t058,stb_A002_t059,analysis_A002_t059,decision_A002_t059,,,2026-04-10,2026-04-09,2026-04-09,15:30,2026-04-10,08:59,2026-04-10,pre_close_cutoff,005930,buy,3,두 belief와 실행 제약을 함께 고려한 제한적 거래다.,1,llm_first_response,not_one_share
RN_COMM_ON_20260917_offline_e2e,2026-04-10,59,am,A003,ltb_A003_t058,stb_A003_t059,analysis_A003_t059,decision_A003_t059,,,2026-04-10,2026-04-09,2026-04-09,15:30,2026-04-10,08:59,2026-04-10,pre_close_cutoff,005930,buy,3,두 belief와 실행 제약을 함께 고려한 제한적 거래다.,1,llm_first_response,not_one_share
RN_COMM_ON_20260917_offline_e2e,2026-04-10,59,am,A004,ltb_A004_t058,stb_A004_t059,analysis_A004_t059,decision_A004_t059,,,2026-04-10,2026-04-09,2026-04-09,15:30,2026-04-10,08:59,2026-04-10,pre_close_cutoff,005930,buy,3,두 belief와 실행 제약을 함께 고려한 제한적 거래다.,1,llm_first_response,not_one_share
RN_COMM_ON_20260917_offline_e2e,2026-04-10,59,am,A005,ltb_A005_t058,stb_A005_t059,analysis_A005_t059,decision_A005_t059,,,2026-04-10,2026-04-09,2026-04-09,15:30,2026-04-10,08:59,2026-04-10,pre_close_cutoff,005930,buy,3,두 belief와 실행 제약을 함께 고려한 제한적 거래다.,1,llm_first_response,not_one_share
RN_COMM_ON_20260917_offline_e2e,2026-04-10,59,am,A006,ltb_A006_t058,stb_A006_t059,analysis_A006_t059,decision_A006_t059,,,2026-04-10,2026-04-09,2026-04-09,15:30,2026-04-10,08:59,2026-04-10,pre_close_cutoff,005930,buy,3,두 belief와 실행 제약을 함께 고려한 제한적 거래다.,1,llm_first_response,not_one_share
RN_COMM_ON_20260917_offline_e2e,2026-04-10,59,am,A007,ltb_A007_t058,stb_A007_t059,analysis_A007_t059,decision_A007_t059,,,2026-04-10,2026-04-09,2026-04-09,15:30,2026-04-10,08:59,2026-04-10,pre_close_cutoff,005930,buy,3,두 belief와 실행 제약을 함께 고려한 제한적 거래다.,1,llm_first_response,not_one_share
RN_COMM_ON_20260917_offline_e2e,2026-04-10,60,pm,A001,ltb_A001_t059,stb_A001_t060,analysis_A001_t060,decision_A001_t060,,,2026-04-10,2026-04-10,2026-04-10,09:00,2026-04-10,15:29,2026-04-10,pre_close_cutoff,005930,buy,1,두 belief와 실행 제약을 함께 고려한 제한적 거래다.,1,llm_first_response,constraint_maximum_is_one
RN_COMM_ON_20260917_offline_e2e,2026-04-10,60,pm,A002,ltb_A002_t059,stb_A002_t060,analysis_A002_t060,decision_A002_t060,,,2026-04-10,2026-04-10,2026-04-10,09:00,2026-04-10,15:29,2026-04-10,pre_close_cutoff,005930,buy,1,두 belief와 실행 제약을 함께 고려한 제한적 거래다.,1,llm_first_response,constraint_maximum_is_one
RN_COMM_ON_20260917_offline_e2e,2026-04-10,60,pm,A003,ltb_A003_t059,stb_A003_t060,analysis_A003_t060,decision_A003_t060,,,2026-04-10,2026-04-10,2026-04-10,09:00,2026-04-10,15:29,2026-04-10,pre_close_cutoff,005930,buy,1,두 belief와 실행 제약을 함께 고려한 제한적 거래다.,1,llm_first_response,constraint_maximum_is_one
RN_COMM_ON_20260917_offline_e2e,2026-04-10,60,pm,A004,ltb_A004_t059,stb_A004_t060,analysis_A004_t060,decision_A004_t060,,,2026-04-10,2026-04-10,2026-04-10,09:00,2026-04-10,15:29,2026-04-10,pre_close_cutoff,005930,buy,1,두 belief와 실행 제약을 함께 고려한 제한적 거래다.,1,llm_first_response,constraint_maximum_is_one
RN_COMM_ON_20260917_offline_e2e,2026-04-10,60,pm,A005,ltb_A005_t059,stb_A005_t060,analysis_A005_t060,decision_A005_t060,,,2026-04-10,2026-04-10,2026-04-10,09:00,2026-04-10,15:29,2026-04-10,pre_close_cutoff,005930,buy,1,두 belief와 실행 제약을 함께 고려한 제한적 거래다.,1,llm_first_response,constraint_maximum_is_one
RN_COMM_ON_20260917_offline_e2e,2026-04-10,60,pm,A006,ltb_A006_t059,stb_A006_t060,analysis_A006_t060,decision_A006_t060,,,2026-04-10,2026-04-10,2026-04-10,09:00,2026-04-10,15:29,2026-04-10,pre_close_cutoff,005930,buy,1,두 belief와 실행 제약을 함께 고려한 제한적 거래다.,1,llm_first_response,constraint_maximum_is_one
RN_COMM_ON_20260917_offline_e2e,2026-04-10,60,pm,A007,ltb_A007_t059,stb_A007_t060,analysis_A007_t060,decision_A007_t060,,,2026-04-10,2026-04-10,2026-04-10,09:00,2026-04-10,15:29,2026-04-10,pre_close_cutoff,005930,buy,1,두 belief와 실행 제약을 함께 고려한 제한적 거래다.,1,llm_first_response,constraint_maximum_is_one
RN_COMM_ON_20260917_offline_e2e,2026-04-13,61,am,A001,ltb_A001_t060,stb_A001_t061,analysis_A001_t061,decision_A001_t061,,,2026-04-13,2026-04-10,2026-04-10,15:30,2026-04-13,08:59,2026-04-13,pre_close_cutoff,005930,buy,1,두 belief와 실행 제약을 함께 고려한 제한적 거래다.,1,llm_first_response,constraint_maximum_is_one
RN_COMM_ON_20260917_offline_e2e,2026-04-13,61,am,A002,ltb_A002_t060,stb_A002_t061,analysis_A002_t061,decision_A002_t061,,,2026-04-13,2026-04-10,2026-04-10,15:30,2026-04-13,08:59,2026-04-13,pre_close_cutoff,005930,buy,1,두 belief와 실행 제약을 함께 고려한 제한적 거래다.,1,llm_first_response,constraint_maximum_is_one
RN_COMM_ON_20260917_offline_e2e,2026-04-13,61,am,A003,ltb_A003_t060,stb_A003_t061,analysis_A003_t061,decision_A003_t061,,,2026-04-13,2026-04-10,2026-04-10,15:30,2026-04-13,08:59,2026-04-13,pre_close_cutoff,005930,buy,1,두 belief와 실행 제약을 함께 고려한 제한적 거래다.,1,llm_first_response,constraint_maximum_is_one
RN_COMM_ON_20260917_offline_e2e,2026-04-13,61,am,A004,ltb_A004_t060,stb_A004_t061,analysis_A004_t061,decision_A004_t061,,,2026-04-13,2026-04-10,2026-04-10,15:30,2026-04-13,08:59,2026-04-13,pre_close_cutoff,005930,buy,1,두 belief와 실행 제약을 함께 고려한 제한적 거래다.,1,llm_first_response,constraint_maximum_is_one
RN_COMM_ON_20260917_offline_e2e,2026-04-13,61,am,A005,ltb_A005_t060,stb_A005_t061,analysis_A005_t061,decision_A005_t061,,,2026-04-13,2026-04-10,2026-04-10,15:30,2026-04-13,08:59,2026-04-13,pre_close_cutoff,005930,buy,1,두 belief와 실행 제약을 함께 고려한 제한적 거래다.,1,llm_first_response,constraint_maximum_is_one
RN_COMM_ON_20260917_offline_e2e,2026-04-13,61,am,A006,ltb_A006_t060,stb_A006_t061,analysis_A006_t061,decision_A006_t061,,,2026-04-13,2026-04-10,2026-04-10,15:30,2026-04-13,08:59,2026-04-13,pre_close_cutoff,005930,buy,1,두 belief와 실행 제약을 함께 고려한 제한적 거래다.,1,llm_first_response,constraint_maximum_is_one
RN_COMM_ON_20260917_offline_e2e,2026-04-13,61,am,A007,ltb_A007_t060,stb_A007_t061,analysis_A007_t061,decision_A007_t061,,,2026-04-13,2026-04-10,2026-04-10,15:30,2026-04-13,08:59,2026-04-13,pre_close_cutoff,005930,buy,1,두 belief와 실행 제약을 함께 고려한 제한적 거래다.,1,llm_first_response,constraint_maximum_is_one
RN_COMM_ON_20260917_offline_e2e,2026-04-13,62,pm,A001,ltb_A001_t061,stb_A001_t062,analysis_A001_t062,decision_A001_t062,,,2026-04-13,2026-04-13,2026-04-13,09:00,2026-04-13,15:29,2026-04-13,pre_close_cutoff,005930,sell,10,두 belief와 실행 제약을 함께 고려한 제한적 거래다.,1,llm_first_response,not_one_share
RN_COMM_ON_20260917_offline_e2e,2026-04-13,62,pm,A002,ltb_A002_t061,stb_A002_t062,analysis_A002_t062,decision_A002_t062,,,2026-04-13,2026-04-13,2026-04-13,09:00,2026-04-13,15:29,2026-04-13,pre_close_cutoff,005930,sell,10,두 belief와 실행 제약을 함께 고려한 제한적 거래다.,1,llm_first_response,not_one_share
RN_COMM_ON_20260917_offline_e2e,2026-04-13,62,pm,A003,ltb_A003_t061,stb_A003_t062,analysis_A003_t062,decision_A003_t062,,,2026-04-13,2026-04-13,2026-04-13,09:00,2026-04-13,15:29,2026-04-13,pre_close_cutoff,005930,sell,10,두 belief와 실행 제약을 함께 고려한 제한적 거래다.,1,llm_first_response,not_one_share
RN_COMM_ON_20260917_offline_e2e,2026-04-13,62,pm,A004,ltb_A004_t061,stb_A004_t062,analysis_A004_t062,decision_A004_t062,,,2026-04-13,2026-04-13,2026-04-13,09:00,2026-04-13,15:29,2026-04-13,pre_close_cutoff,005930,sell,10,두 belief와 실행 제약을 함께 고려한 제한적 거래다.,1,llm_first_response,not_one_share
RN_COMM_ON_20260917_offline_e2e,2026-04-13,62,pm,A005,ltb_A005_t061,stb_A005_t062,analysis_A005_t062,decision_A005_t062,,,2026-04-13,2026-04-13,2026-04-13,09:00,2026-04-13,15:29,2026-04-13,pre_close_cutoff,005930,sell,10,두 belief와 실행 제약을 함께 고려한 제한적 거래다.,1,llm_first_response,not_one_share
RN_COMM_ON_20260917_offline_e2e,2026-04-13,62,pm,A006,ltb_A006_t061,stb_A006_t062,analysis_A006_t062,decision_A006_t062,,,2026-04-13,2026-04-13,2026-04-13,09:00,2026-04-13,15:29,2026-04-13,pre_close_cutoff,005930,sell,10,두 belief와 실행 제약을 함께 고려한 제한적 거래다.,1,llm_first_response,not_one_share
RN_COMM_ON_20260917_offline_e2e,2026-04-13,62,pm,A007,ltb_A007_t061,stb_A007_t062,analysis_A007_t062,decision_A007_t062,,,2026-04-13,2026-04-13,2026-04-13,09:00,2026-04-13,15:29,2026-04-13,pre_close_cutoff,005930,sell,10,두 belief와 실행 제약을 함께 고려한 제한적 거래다.,1,llm_first_response,not_one_share
RN_COMM_ON_20260917_offline_e2e,2026-04-14,63,am,A001,ltb_A001_t062,stb_A001_t063,analysis_A001_t063,decision_A001_t063,,,2026-04-14,2026-04-13,2026-04-13,15:30,2026-04-14,08:59,2026-04-14,pre_close_cutoff,005930,buy,5,두 belief와 실행 제약을 함께 고려한 제한적 거래다.,1,llm_first_response,not_one_share
RN_COMM_ON_20260917_offline_e2e,2026-04-14,63,am,A002,ltb_A002_t062,stb_A002_t063,analysis_A002_t063,decision_A002_t063,,,2026-04-14,2026-04-13,2026-04-13,15:30,2026-04-14,08:59,2026-04-14,pre_close_cutoff,005930,buy,5,두 belief와 실행 제약을 함께 고려한 제한적 거래다.,1,llm_first_response,not_one_share
RN_COMM_ON_20260917_offline_e2e,2026-04-14,63,am,A003,ltb_A003_t062,stb_A003_t063,analysis_A003_t063,decision_A003_t063,,,2026-04-14,2026-04-13,2026-04-13,15:30,2026-04-14,08:59,2026-04-14,pre_close_cutoff,005930,buy,5,두 belief와 실행 제약을 함께 고려한 제한적 거래다.,1,llm_first_response,not_one_share
RN_COMM_ON_20260917_offline_e2e,2026-04-14,63,am,A004,ltb_A004_t062,stb_A004_t063,analysis_A004_t063,decision_A004_t063,,,2026-04-14,2026-04-13,2026-04-13,15:30,2026-04-14,08:59,2026-04-14,pre_close_cutoff,005930,buy,5,두 belief와 실행 제약을 함께 고려한 제한적 거래다.,1,llm_first_response,not_one_share
RN_COMM_ON_20260917_offline_e2e,2026-04-14,63,am,A005,ltb_A005_t062,stb_A005_t063,analysis_A005_t063,decision_A005_t063,,,2026-04-14,2026-04-13,2026-04-13,15:30,2026-04-14,08:59,2026-04-14,pre_close_cutoff,005930,buy,5,두 belief와 실행 제약을 함께 고려한 제한적 거래다.,1,llm_first_response,not_one_share
RN_COMM_ON_20260917_offline_e2e,2026-04-14,63,am,A006,ltb_A006_t062,stb_A006_t063,analysis_A006_t063,decision_A006_t063,,,2026-04-14,2026-04-13,2026-04-13,15:30,2026-04-14,08:59,2026-04-14,pre_close_cutoff,005930,buy,5,두 belief와 실행 제약을 함께 고려한 제한적 거래다.,1,llm_first_response,not_one_share
RN_COMM_ON_20260917_offline_e2e,2026-04-14,63,am,A007,ltb_A007_t062,stb_A007_t063,analysis_A007_t063,decision_A007_t063,,,2026-04-14,2026-04-13,2026-04-13,15:30,2026-04-14,08:59,2026-04-14,pre_close_cutoff,005930,buy,5,두 belief와 실행 제약을 함께 고려한 제한적 거래다.,1,llm_first_response,not_one_share
RN_COMM_ON_20260917_offline_e2e,2026-04-14,64,pm,A001,ltb_A001_t063,stb_A001_t064,analysis_A001_t064,decision_A001_t064,,,2026-04-14,2026-04-14,2026-04-14,09:00,2026-04-14,15:29,2026-04-14,pre_close_cutoff,005930,buy,3,두 belief와 실행 제약을 함께 고려한 제한적 거래다.,1,llm_first_response,not_one_share
RN_COMM_ON_20260917_offline_e2e,2026-04-14,64,pm,A002,ltb_A002_t063,stb_A002_t064,analysis_A002_t064,decision_A002_t064,,,2026-04-14,2026-04-14,2026-04-14,09:00,2026-04-14,15:29,2026-04-14,pre_close_cutoff,005930,buy,3,두 belief와 실행 제약을 함께 고려한 제한적 거래다.,1,llm_first_response,not_one_share
RN_COMM_ON_20260917_offline_e2e,2026-04-14,64,pm,A003,ltb_A003_t063,stb_A003_t064,analysis_A003_t064,decision_A003_t064,,,2026-04-14,2026-04-14,2026-04-14,09:00,2026-04-14,15:29,2026-04-14,pre_close_cutoff,005930,buy,3,두 belief와 실행 제약을 함께 고려한 제한적 거래다.,1,llm_first_response,not_one_share
RN_COMM_ON_20260917_offline_e2e,2026-04-14,64,pm,A004,ltb_A004_t063,stb_A004_t064,analysis_A004_t064,decision_A004_t064,,,2026-04-14,2026-04-14,2026-04-14,09:00,2026-04-14,15:29,2026-04-14,pre_close_cutoff,005930,buy,3,두 belief와 실행 제약을 함께 고려한 제한적 거래다.,1,llm_first_response,not_one_share
RN_COMM_ON_20260917_offline_e2e,2026-04-14,64,pm,A005,ltb_A005_t063,stb_A005_t064,analysis_A005_t064,decision_A005_t064,,,2026-04-14,2026-04-14,2026-04-14,09:00,2026-04-14,15:29,2026-04-14,pre_close_cutoff,005930,buy,3,두 belief와 실행 제약을 함께 고려한 제한적 거래다.,1,llm_first_response,not_one_share
RN_COMM_ON_20260917_offline_e2e,2026-04-14,64,pm,A006,ltb_A006_t063,stb_A006_t064,analysis_A006_t064,decision_A006_t064,,,2026-04-14,2026-04-14,2026-04-14,09:00,2026-04-14,15:29,2026-04-14,pre_close_cutoff,005930,buy,3,두 belief와 실행 제약을 함께 고려한 제한적 거래다.,1,llm_first_response,not_one_share
RN_COMM_ON_20260917_offline_e2e,2026-04-14,64,pm,A007,ltb_A007_t063,stb_A007_t064,analysis_A007_t064,decision_A007_t064,,,2026-04-14,2026-04-14,2026-04-14,09:00,2026-04-14,15:29,2026-04-14,pre_close_cutoff,005930,buy,3,두 belief와 실행 제약을 함께 고려한 제한적 거래다.,1,llm_first_response,not_one_share
RN_COMM_ON_20260917_offline_e2e,2026-04-15,65,am,A001,ltb_A001_t064,stb_A001_t065,analysis_A001_t065,decision_A001_t065,,,2026-04-15,2026-04-14,2026-04-14,15:30,2026-04-15,08:59,2026-04-15,pre_close_cutoff,005930,buy,1,두 belief와 실행 제약을 함께 고려한 제한적 거래다.,1,llm_first_response,constraint_maximum_is_one
RN_COMM_ON_20260917_offline_e2e,2026-04-15,65,am,A002,ltb_A002_t064,stb_A002_t065,analysis_A002_t065,decision_A002_t065,,,2026-04-15,2026-04-14,2026-04-14,15:30,2026-04-15,08:59,2026-04-15,pre_close_cutoff,005930,buy,1,두 belief와 실행 제약을 함께 고려한 제한적 거래다.,1,llm_first_response,constraint_maximum_is_one
RN_COMM_ON_20260917_offline_e2e,2026-04-15,65,am,A003,ltb_A003_t064,stb_A003_t065,analysis_A003_t065,decision_A003_t065,,,2026-04-15,2026-04-14,2026-04-14,15:30,2026-04-15,08:59,2026-04-15,pre_close_cutoff,005930,buy,1,두 belief와 실행 제약을 함께 고려한 제한적 거래다.,1,llm_first_response,constraint_maximum_is_one
RN_COMM_ON_20260917_offline_e2e,2026-04-15,65,am,A004,ltb_A004_t064,stb_A004_t065,analysis_A004_t065,decision_A004_t065,,,2026-04-15,2026-04-14,2026-04-14,15:30,2026-04-15,08:59,2026-04-15,pre_close_cutoff,005930,buy,1,두 belief와 실행 제약을 함께 고려한 제한적 거래다.,1,llm_first_response,constraint_maximum_is_one
RN_COMM_ON_20260917_offline_e2e,2026-04-15,65,am,A005,ltb_A005_t064,stb_A005_t065,analysis_A005_t065,decision_A005_t065,,,2026-04-15,2026-04-14,2026-04-14,15:30,2026-04-15,08:59,2026-04-15,pre_close_cutoff,005930,buy,1,두 belief와 실행 제약을 함께 고려한 제한적 거래다.,1,llm_first_response,constraint_maximum_is_one
RN_COMM_ON_20260917_offline_e2e,2026-04-15,65,am,A006,ltb_A006_t064,stb_A006_t065,analysis_A006_t065,decision_A006_t065,,,2026-04-15,2026-04-14,2026-04-14,15:30,2026-04-15,08:59,2026-04-15,pre_close_cutoff,005930,buy,1,두 belief와 실행 제약을 함께 고려한 제한적 거래다.,1,llm_first_response,constraint_maximum_is_one
RN_COMM_ON_20260917_offline_e2e,2026-04-15,65,am,A007,ltb_A007_t064,stb_A007_t065,analysis_A007_t065,decision_A007_t065,,,2026-04-15,2026-04-14,2026-04-14,15:30,2026-04-15,08:59,2026-04-15,pre_close_cutoff,005930,buy,1,두 belief와 실행 제약을 함께 고려한 제한적 거래다.,1,llm_first_response,constraint_maximum_is_one
RN_COMM_ON_20260917_offline_e2e,2026-04-15,66,pm,A001,ltb_A001_t065,stb_A001_t066,analysis_A001_t066,decision_A001_t066,,,2026-04-15,2026-04-15,2026-04-15,09:00,2026-04-15,15:29,2026-04-15,pre_close_cutoff,005930,buy,1,두 belief와 실행 제약을 함께 고려한 제한적 거래다.,1,llm_first_response,constraint_maximum_is_one
RN_COMM_ON_20260917_offline_e2e,2026-04-15,66,pm,A002,ltb_A002_t065,stb_A002_t066,analysis_A002_t066,decision_A002_t066,,,2026-04-15,2026-04-15,2026-04-15,09:00,2026-04-15,15:29,2026-04-15,pre_close_cutoff,005930,buy,1,두 belief와 실행 제약을 함께 고려한 제한적 거래다.,1,llm_first_response,constraint_maximum_is_one
RN_COMM_ON_20260917_offline_e2e,2026-04-15,66,pm,A003,ltb_A003_t065,stb_A003_t066,analysis_A003_t066,decision_A003_t066,,,2026-04-15,2026-04-15,2026-04-15,09:00,2026-04-15,15:29,2026-04-15,pre_close_cutoff,005930,buy,1,두 belief와 실행 제약을 함께 고려한 제한적 거래다.,1,llm_first_response,constraint_maximum_is_one
RN_COMM_ON_20260917_offline_e2e,2026-04-15,66,pm,A004,ltb_A004_t065,stb_A004_t066,analysis_A004_t066,decision_A004_t066,,,2026-04-15,2026-04-15,2026-04-15,09:00,2026-04-15,15:29,2026-04-15,pre_close_cutoff,005930,buy,1,두 belief와 실행 제약을 함께 고려한 제한적 거래다.,1,llm_first_response,constraint_maximum_is_one
RN_COMM_ON_20260917_offline_e2e,2026-04-15,66,pm,A005,ltb_A005_t065,stb_A005_t066,analysis_A005_t066,decision_A005_t066,,,2026-04-15,2026-04-15,2026-04-15,09:00,2026-04-15,15:29,2026-04-15,pre_close_cutoff,005930,buy,1,두 belief와 실행 제약을 함께 고려한 제한적 거래다.,1,llm_first_response,constraint_maximum_is_one
RN_COMM_ON_20260917_offline_e2e,2026-04-15,66,pm,A006,ltb_A006_t065,stb_A006_t066,analysis_A006_t066,decision_A006_t066,,,2026-04-15,2026-04-15,2026-04-15,09:00,2026-04-15,15:29,2026-04-15,pre_close_cutoff,005930,buy,1,두 belief와 실행 제약을 함께 고려한 제한적 거래다.,1,llm_first_response,constraint_maximum_is_one
RN_COMM_ON_20260917_offline_e2e,2026-04-15,66,pm,A007,ltb_A007_t065,stb_A007_t066,analysis_A007_t066,decision_A007_t066,,,2026-04-15,2026-04-15,2026-04-15,09:00,2026-04-15,15:29,2026-04-15,pre_close_cutoff,005930,buy,1,두 belief와 실행 제약을 함께 고려한 제한적 거래다.,1,llm_first_response,constraint_maximum_is_one
RN_COMM_ON_20260917_offline_e2e,2026-04-16,67,am,A001,ltb_A001_t066,stb_A001_t067,analysis_A001_t067,decision_A001_t067,,,2026-04-16,2026-04-15,2026-04-15,15:30,2026-04-16,08:59,2026-04-16,pre_close_cutoff,005930,sell,10,두 belief와 실행 제약을 함께 고려한 제한적 거래다.,1,llm_first_response,not_one_share
RN_COMM_ON_20260917_offline_e2e,2026-04-16,67,am,A002,ltb_A002_t066,stb_A002_t067,analysis_A002_t067,decision_A002_t067,,,2026-04-16,2026-04-15,2026-04-15,15:30,2026-04-16,08:59,2026-04-16,pre_close_cutoff,005930,sell,10,두 belief와 실행 제약을 함께 고려한 제한적 거래다.,1,llm_first_response,not_one_share
RN_COMM_ON_20260917_offline_e2e,2026-04-16,67,am,A003,ltb_A003_t066,stb_A003_t067,analysis_A003_t067,decision_A003_t067,,,2026-04-16,2026-04-15,2026-04-15,15:30,2026-04-16,08:59,2026-04-16,pre_close_cutoff,005930,sell,10,두 belief와 실행 제약을 함께 고려한 제한적 거래다.,1,llm_first_response,not_one_share
RN_COMM_ON_20260917_offline_e2e,2026-04-16,67,am,A004,ltb_A004_t066,stb_A004_t067,analysis_A004_t067,decision_A004_t067,,,2026-04-16,2026-04-15,2026-04-15,15:30,2026-04-16,08:59,2026-04-16,pre_close_cutoff,005930,sell,10,두 belief와 실행 제약을 함께 고려한 제한적 거래다.,1,llm_first_response,not_one_share
RN_COMM_ON_20260917_offline_e2e,2026-04-16,67,am,A005,ltb_A005_t066,stb_A005_t067,analysis_A005_t067,decision_A005_t067,,,2026-04-16,2026-04-15,2026-04-15,15:30,2026-04-16,08:59,2026-04-16,pre_close_cutoff,005930,sell,10,두 belief와 실행 제약을 함께 고려한 제한적 거래다.,1,llm_first_response,not_one_share
RN_COMM_ON_20260917_offline_e2e,2026-04-16,67,am,A006,ltb_A006_t066,stb_A006_t067,analysis_A006_t067,decision_A006_t067,,,2026-04-16,2026-04-15,2026-04-15,15:30,2026-04-16,08:59,2026-04-16,pre_close_cutoff,005930,sell,10,두 belief와 실행 제약을 함께 고려한 제한적 거래다.,1,llm_first_response,not_one_share
RN_COMM_ON_20260917_offline_e2e,2026-04-16,67,am,A007,ltb_A007_t066,stb_A007_t067,analysis_A007_t067,decision_A007_t067,,,2026-04-16,2026-04-15,2026-04-15,15:30,2026-04-16,08:59,2026-04-16,pre_close_cutoff,005930,sell,10,두 belief와 실행 제약을 함께 고려한 제한적 거래다.,1,llm_first_response,not_one_share
RN_COMM_ON_20260917_offline_e2e,2026-04-16,68,pm,A001,ltb_A001_t067,stb_A001_t068,analysis_A001_t068,decision_A001_t068,,,2026-04-16,2026-04-16,2026-04-16,09:00,2026-04-16,15:29,2026-04-16,pre_close_cutoff,005930,buy,5,두 belief와 실행 제약을 함께 고려한 제한적 거래다.,1,llm_first_response,not_one_share
RN_COMM_ON_20260917_offline_e2e,2026-04-16,68,pm,A002,ltb_A002_t067,stb_A002_t068,analysis_A002_t068,decision_A002_t068,,,2026-04-16,2026-04-16,2026-04-16,09:00,2026-04-16,15:29,2026-04-16,pre_close_cutoff,005930,buy,5,두 belief와 실행 제약을 함께 고려한 제한적 거래다.,1,llm_first_response,not_one_share
RN_COMM_ON_20260917_offline_e2e,2026-04-16,68,pm,A003,ltb_A003_t067,stb_A003_t068,analysis_A003_t068,decision_A003_t068,,,2026-04-16,2026-04-16,2026-04-16,09:00,2026-04-16,15:29,2026-04-16,pre_close_cutoff,005930,buy,5,두 belief와 실행 제약을 함께 고려한 제한적 거래다.,1,llm_first_response,not_one_share
RN_COMM_ON_20260917_offline_e2e,2026-04-16,68,pm,A004,ltb_A004_t067,stb_A004_t068,analysis_A004_t068,decision_A004_t068,,,2026-04-16,2026-04-16,2026-04-16,09:00,2026-04-16,15:29,2026-04-16,pre_close_cutoff,005930,buy,5,두 belief와 실행 제약을 함께 고려한 제한적 거래다.,1,llm_first_response,not_one_share
RN_COMM_ON_20260917_offline_e2e,2026-04-16,68,pm,A005,ltb_A005_t067,stb_A005_t068,analysis_A005_t068,decision_A005_t068,,,2026-04-16,2026-04-16,2026-04-16,09:00,2026-04-16,15:29,2026-04-16,pre_close_cutoff,005930,buy,5,두 belief와 실행 제약을 함께 고려한 제한적 거래다.,1,llm_first_response,not_one_share
RN_COMM_ON_20260917_offline_e2e,2026-04-16,68,pm,A006,ltb_A006_t067,stb_A006_t068,analysis_A006_t068,decision_A006_t068,,,2026-04-16,2026-04-16,2026-04-16,09:00,2026-04-16,15:29,2026-04-16,pre_close_cutoff,005930,buy,5,두 belief와 실행 제약을 함께 고려한 제한적 거래다.,1,llm_first_response,not_one_share
RN_COMM_ON_20260917_offline_e2e,2026-04-16,68,pm,A007,ltb_A007_t067,stb_A007_t068,analysis_A007_t068,decision_A007_t068,,,2026-04-16,2026-04-16,2026-04-16,09:00,2026-04-16,15:29,2026-04-16,pre_close_cutoff,005930,buy,5,두 belief와 실행 제약을 함께 고려한 제한적 거래다.,1,llm_first_response,not_one_share
RN_COMM_ON_20260917_offline_e2e,2026-04-17,69,am,A001,ltb_A001_t068,stb_A001_t069,analysis_A001_t069,decision_A001_t069,,,2026-04-17,2026-04-16,2026-04-16,15:30,2026-04-17,08:59,2026-04-17,pre_close_cutoff,005930,buy,2,두 belief와 실행 제약을 함께 고려한 제한적 거래다.,1,llm_first_response,not_one_share
RN_COMM_ON_20260917_offline_e2e,2026-04-17,69,am,A002,ltb_A002_t068,stb_A002_t069,analysis_A002_t069,decision_A002_t069,,,2026-04-17,2026-04-16,2026-04-16,15:30,2026-04-17,08:59,2026-04-17,pre_close_cutoff,005930,buy,2,두 belief와 실행 제약을 함께 고려한 제한적 거래다.,1,llm_first_response,not_one_share
RN_COMM_ON_20260917_offline_e2e,2026-04-17,69,am,A003,ltb_A003_t068,stb_A003_t069,analysis_A003_t069,decision_A003_t069,,,2026-04-17,2026-04-16,2026-04-16,15:30,2026-04-17,08:59,2026-04-17,pre_close_cutoff,005930,buy,2,두 belief와 실행 제약을 함께 고려한 제한적 거래다.,1,llm_first_response,not_one_share
RN_COMM_ON_20260917_offline_e2e,2026-04-17,69,am,A004,ltb_A004_t068,stb_A004_t069,analysis_A004_t069,decision_A004_t069,,,2026-04-17,2026-04-16,2026-04-16,15:30,2026-04-17,08:59,2026-04-17,pre_close_cutoff,005930,buy,2,두 belief와 실행 제약을 함께 고려한 제한적 거래다.,1,llm_first_response,not_one_share
RN_COMM_ON_20260917_offline_e2e,2026-04-17,69,am,A005,ltb_A005_t068,stb_A005_t069,analysis_A005_t069,decision_A005_t069,,,2026-04-17,2026-04-16,2026-04-16,15:30,2026-04-17,08:59,2026-04-17,pre_close_cutoff,005930,buy,2,두 belief와 실행 제약을 함께 고려한 제한적 거래다.,1,llm_first_response,not_one_share
RN_COMM_ON_20260917_offline_e2e,2026-04-17,69,am,A006,ltb_A006_t068,stb_A006_t069,analysis_A006_t069,decision_A006_t069,,,2026-04-17,2026-04-16,2026-04-16,15:30,2026-04-17,08:59,2026-04-17,pre_close_cutoff,005930,buy,2,두 belief와 실행 제약을 함께 고려한 제한적 거래다.,1,llm_first_response,not_one_share
RN_COMM_ON_20260917_offline_e2e,2026-04-17,69,am,A007,ltb_A007_t068,stb_A007_t069,analysis_A007_t069,decision_A007_t069,,,2026-04-17,2026-04-16,2026-04-16,15:30,2026-04-17,08:59,2026-04-17,pre_close_cutoff,005930,buy,2,두 belief와 실행 제약을 함께 고려한 제한적 거래다.,1,llm_first_response,not_one_share
RN_COMM_ON_20260917_offline_e2e,2026-04-17,70,pm,A001,ltb_A001_t069,stb_A001_t070,analysis_A001_t070,decision_A001_t070,,,2026-04-17,2026-04-17,2026-04-17,09:00,2026-04-17,15:29,2026-04-17,pre_close_cutoff,005930,buy,1,두 belief와 실행 제약을 함께 고려한 제한적 거래다.,1,llm_first_response,constraint_maximum_is_one
RN_COMM_ON_20260917_offline_e2e,2026-04-17,70,pm,A002,ltb_A002_t069,stb_A002_t070,analysis_A002_t070,decision_A002_t070,,,2026-04-17,2026-04-17,2026-04-17,09:00,2026-04-17,15:29,2026-04-17,pre_close_cutoff,005930,buy,1,두 belief와 실행 제약을 함께 고려한 제한적 거래다.,1,llm_first_response,constraint_maximum_is_one
RN_COMM_ON_20260917_offline_e2e,2026-04-17,70,pm,A003,ltb_A003_t069,stb_A003_t070,analysis_A003_t070,decision_A003_t070,,,2026-04-17,2026-04-17,2026-04-17,09:00,2026-04-17,15:29,2026-04-17,pre_close_cutoff,005930,buy,1,두 belief와 실행 제약을 함께 고려한 제한적 거래다.,1,llm_first_response,constraint_maximum_is_one
RN_COMM_ON_20260917_offline_e2e,2026-04-17,70,pm,A004,ltb_A004_t069,stb_A004_t070,analysis_A004_t070,decision_A004_t070,,,2026-04-17,2026-04-17,2026-04-17,09:00,2026-04-17,15:29,2026-04-17,pre_close_cutoff,005930,buy,1,두 belief와 실행 제약을 함께 고려한 제한적 거래다.,1,llm_first_response,constraint_maximum_is_one
RN_COMM_ON_20260917_offline_e2e,2026-04-17,70,pm,A005,ltb_A005_t069,stb_A005_t070,analysis_A005_t070,decision_A005_t070,,,2026-04-17,2026-04-17,2026-04-17,09:00,2026-04-17,15:29,2026-04-17,pre_close_cutoff,005930,buy,1,두 belief와 실행 제약을 함께 고려한 제한적 거래다.,1,llm_first_response,constraint_maximum_is_one
RN_COMM_ON_20260917_offline_e2e,2026-04-17,70,pm,A006,ltb_A006_t069,stb_A006_t070,analysis_A006_t070,decision_A006_t070,,,2026-04-17,2026-04-17,2026-04-17,09:00,2026-04-17,15:29,2026-04-17,pre_close_cutoff,005930,buy,1,두 belief와 실행 제약을 함께 고려한 제한적 거래다.,1,llm_first_response,constraint_maximum_is_one
RN_COMM_ON_20260917_offline_e2e,2026-04-17,70,pm,A007,ltb_A007_t069,stb_A007_t070,analysis_A007_t070,decision_A007_t070,,,2026-04-17,2026-04-17,2026-04-17,09:00,2026-04-17,15:29,2026-04-17,pre_close_cutoff,005930,buy,1,두 belief와 실행 제약을 함께 고려한 제한적 거래다.,1,llm_first_response,constraint_maximum_is_one
RN_COMM_ON_20260917_offline_e2e,2026-04-20,71,am,A001,ltb_A001_t070,stb_A001_t071,analysis_A001_t071,decision_A001_t071,,,2026-04-20,2026-04-17,2026-04-17,15:30,2026-04-20,08:59,2026-04-20,pre_close_cutoff,005930,buy,1,두 belief와 실행 제약을 함께 고려한 제한적 거래다.,1,llm_first_response,constraint_maximum_is_one
RN_COMM_ON_20260917_offline_e2e,2026-04-20,71,am,A002,ltb_A002_t070,stb_A002_t071,analysis_A002_t071,decision_A002_t071,,,2026-04-20,2026-04-17,2026-04-17,15:30,2026-04-20,08:59,2026-04-20,pre_close_cutoff,005930,buy,1,두 belief와 실행 제약을 함께 고려한 제한적 거래다.,1,llm_first_response,constraint_maximum_is_one
RN_COMM_ON_20260917_offline_e2e,2026-04-20,71,am,A003,ltb_A003_t070,stb_A003_t071,analysis_A003_t071,decision_A003_t071,,,2026-04-20,2026-04-17,2026-04-17,15:30,2026-04-20,08:59,2026-04-20,pre_close_cutoff,005930,buy,1,두 belief와 실행 제약을 함께 고려한 제한적 거래다.,1,llm_first_response,constraint_maximum_is_one
RN_COMM_ON_20260917_offline_e2e,2026-04-20,71,am,A004,ltb_A004_t070,stb_A004_t071,analysis_A004_t071,decision_A004_t071,,,2026-04-20,2026-04-17,2026-04-17,15:30,2026-04-20,08:59,2026-04-20,pre_close_cutoff,005930,buy,1,두 belief와 실행 제약을 함께 고려한 제한적 거래다.,1,llm_first_response,constraint_maximum_is_one
RN_COMM_ON_20260917_offline_e2e,2026-04-20,71,am,A005,ltb_A005_t070,stb_A005_t071,analysis_A005_t071,decision_A005_t071,,,2026-04-20,2026-04-17,2026-04-17,15:30,2026-04-20,08:59,2026-04-20,pre_close_cutoff,005930,buy,1,두 belief와 실행 제약을 함께 고려한 제한적 거래다.,1,llm_first_response,constraint_maximum_is_one
RN_COMM_ON_20260917_offline_e2e,2026-04-20,71,am,A006,ltb_A006_t070,stb_A006_t071,analysis_A006_t071,decision_A006_t071,,,2026-04-20,2026-04-17,2026-04-17,15:30,2026-04-20,08:59,2026-04-20,pre_close_cutoff,005930,buy,1,두 belief와 실행 제약을 함께 고려한 제한적 거래다.,1,llm_first_response,constraint_maximum_is_one
RN_COMM_ON_20260917_offline_e2e,2026-04-20,71,am,A007,ltb_A007_t070,stb_A007_t071,analysis_A007_t071,decision_A007_t071,,,2026-04-20,2026-04-17,2026-04-17,15:30,2026-04-20,08:59,2026-04-20,pre_close_cutoff,005930,buy,1,두 belief와 실행 제약을 함께 고려한 제한적 거래다.,1,llm_first_response,constraint_maximum_is_one
RN_COMM_ON_20260917_offline_e2e,2026-04-20,72,pm,A001,ltb_A001_t071,stb_A001_t072,analysis_A001_t072,decision_A001_t072,,,2026-04-20,2026-04-20,2026-04-20,09:00,2026-04-20,15:29,2026-04-20,pre_close_cutoff,005930,sell,10,두 belief와 실행 제약을 함께 고려한 제한적 거래다.,1,llm_first_response,not_one_share
RN_COMM_ON_20260917_offline_e2e,2026-04-20,72,pm,A002,ltb_A002_t071,stb_A002_t072,analysis_A002_t072,decision_A002_t072,,,2026-04-20,2026-04-20,2026-04-20,09:00,2026-04-20,15:29,2026-04-20,pre_close_cutoff,005930,sell,10,두 belief와 실행 제약을 함께 고려한 제한적 거래다.,1,llm_first_response,not_one_share
RN_COMM_ON_20260917_offline_e2e,2026-04-20,72,pm,A003,ltb_A003_t071,stb_A003_t072,analysis_A003_t072,decision_A003_t072,,,2026-04-20,2026-04-20,2026-04-20,09:00,2026-04-20,15:29,2026-04-20,pre_close_cutoff,005930,sell,10,두 belief와 실행 제약을 함께 고려한 제한적 거래다.,1,llm_first_response,not_one_share
RN_COMM_ON_20260917_offline_e2e,2026-04-20,72,pm,A004,ltb_A004_t071,stb_A004_t072,analysis_A004_t072,decision_A004_t072,,,2026-04-20,2026-04-20,2026-04-20,09:00,2026-04-20,15:29,2026-04-20,pre_close_cutoff,005930,sell,10,두 belief와 실행 제약을 함께 고려한 제한적 거래다.,1,llm_first_response,not_one_share
RN_COMM_ON_20260917_offline_e2e,2026-04-20,72,pm,A005,ltb_A005_t071,stb_A005_t072,analysis_A005_t072,decision_A005_t072,,,2026-04-20,2026-04-20,2026-04-20,09:00,2026-04-20,15:29,2026-04-20,pre_close_cutoff,005930,sell,10,두 belief와 실행 제약을 함께 고려한 제한적 거래다.,1,llm_first_response,not_one_share
RN_COMM_ON_20260917_offline_e2e,2026-04-20,72,pm,A006,ltb_A006_t071,stb_A006_t072,analysis_A006_t072,decision_A006_t072,,,2026-04-20,2026-04-20,2026-04-20,09:00,2026-04-20,15:29,2026-04-20,pre_close_cutoff,005930,sell,10,두 belief와 실행 제약을 함께 고려한 제한적 거래다.,1,llm_first_response,not_one_share
RN_COMM_ON_20260917_offline_e2e,2026-04-20,72,pm,A007,ltb_A007_t071,stb_A007_t072,analysis_A007_t072,decision_A007_t072,,,2026-04-20,2026-04-20,2026-04-20,09:00,2026-04-20,15:29,2026-04-20,pre_close_cutoff,005930,sell,10,두 belief와 실행 제약을 함께 고려한 제한적 거래다.,1,llm_first_response,not_one_share
RN_COMM_ON_20260917_offline_e2e,2026-04-21,73,am,A001,ltb_A001_t072,stb_A001_t073,analysis_A001_t073,decision_A001_t073,,,2026-04-21,2026-04-20,2026-04-20,15:30,2026-04-21,08:59,2026-04-21,pre_close_cutoff,005930,buy,5,두 belief와 실행 제약을 함께 고려한 제한적 거래다.,1,llm_first_response,not_one_share
RN_COMM_ON_20260917_offline_e2e,2026-04-21,73,am,A002,ltb_A002_t072,stb_A002_t073,analysis_A002_t073,decision_A002_t073,,,2026-04-21,2026-04-20,2026-04-20,15:30,2026-04-21,08:59,2026-04-21,pre_close_cutoff,005930,buy,5,두 belief와 실행 제약을 함께 고려한 제한적 거래다.,1,llm_first_response,not_one_share
RN_COMM_ON_20260917_offline_e2e,2026-04-21,73,am,A003,ltb_A003_t072,stb_A003_t073,analysis_A003_t073,decision_A003_t073,,,2026-04-21,2026-04-20,2026-04-20,15:30,2026-04-21,08:59,2026-04-21,pre_close_cutoff,005930,buy,5,두 belief와 실행 제약을 함께 고려한 제한적 거래다.,1,llm_first_response,not_one_share
RN_COMM_ON_20260917_offline_e2e,2026-04-21,73,am,A004,ltb_A004_t072,stb_A004_t073,analysis_A004_t073,decision_A004_t073,,,2026-04-21,2026-04-20,2026-04-20,15:30,2026-04-21,08:59,2026-04-21,pre_close_cutoff,005930,buy,5,두 belief와 실행 제약을 함께 고려한 제한적 거래다.,1,llm_first_response,not_one_share
RN_COMM_ON_20260917_offline_e2e,2026-04-21,73,am,A005,ltb_A005_t072,stb_A005_t073,analysis_A005_t073,decision_A005_t073,,,2026-04-21,2026-04-20,2026-04-20,15:30,2026-04-21,08:59,2026-04-21,pre_close_cutoff,005930,buy,5,두 belief와 실행 제약을 함께 고려한 제한적 거래다.,1,llm_first_response,not_one_share
RN_COMM_ON_20260917_offline_e2e,2026-04-21,73,am,A006,ltb_A006_t072,stb_A006_t073,analysis_A006_t073,decision_A006_t073,,,2026-04-21,2026-04-20,2026-04-20,15:30,2026-04-21,08:59,2026-04-21,pre_close_cutoff,005930,buy,5,두 belief와 실행 제약을 함께 고려한 제한적 거래다.,1,llm_first_response,not_one_share
RN_COMM_ON_20260917_offline_e2e,2026-04-21,73,am,A007,ltb_A007_t072,stb_A007_t073,analysis_A007_t073,decision_A007_t073,,,2026-04-21,2026-04-20,2026-04-20,15:30,2026-04-21,08:59,2026-04-21,pre_close_cutoff,005930,buy,5,두 belief와 실행 제약을 함께 고려한 제한적 거래다.,1,llm_first_response,not_one_share
RN_COMM_ON_20260917_offline_e2e,2026-04-21,74,pm,A001,ltb_A001_t073,stb_A001_t074,analysis_A001_t074,decision_A001_t074,,,2026-04-21,2026-04-21,2026-04-21,09:00,2026-04-21,15:29,2026-04-21,pre_close_cutoff,005930,buy,3,두 belief와 실행 제약을 함께 고려한 제한적 거래다.,1,llm_first_response,not_one_share
RN_COMM_ON_20260917_offline_e2e,2026-04-21,74,pm,A002,ltb_A002_t073,stb_A002_t074,analysis_A002_t074,decision_A002_t074,,,2026-04-21,2026-04-21,2026-04-21,09:00,2026-04-21,15:29,2026-04-21,pre_close_cutoff,005930,buy,3,두 belief와 실행 제약을 함께 고려한 제한적 거래다.,1,llm_first_response,not_one_share
RN_COMM_ON_20260917_offline_e2e,2026-04-21,74,pm,A003,ltb_A003_t073,stb_A003_t074,analysis_A003_t074,decision_A003_t074,,,2026-04-21,2026-04-21,2026-04-21,09:00,2026-04-21,15:29,2026-04-21,pre_close_cutoff,005930,buy,3,두 belief와 실행 제약을 함께 고려한 제한적 거래다.,1,llm_first_response,not_one_share
RN_COMM_ON_20260917_offline_e2e,2026-04-21,74,pm,A004,ltb_A004_t073,stb_A004_t074,analysis_A004_t074,decision_A004_t074,,,2026-04-21,2026-04-21,2026-04-21,09:00,2026-04-21,15:29,2026-04-21,pre_close_cutoff,005930,buy,3,두 belief와 실행 제약을 함께 고려한 제한적 거래다.,1,llm_first_response,not_one_share
RN_COMM_ON_20260917_offline_e2e,2026-04-21,74,pm,A005,ltb_A005_t073,stb_A005_t074,analysis_A005_t074,decision_A005_t074,,,2026-04-21,2026-04-21,2026-04-21,09:00,2026-04-21,15:29,2026-04-21,pre_close_cutoff,005930,buy,3,두 belief와 실행 제약을 함께 고려한 제한적 거래다.,1,llm_first_response,not_one_share
RN_COMM_ON_20260917_offline_e2e,2026-04-21,74,pm,A006,ltb_A006_t073,stb_A006_t074,analysis_A006_t074,decision_A006_t074,,,2026-04-21,2026-04-21,2026-04-21,09:00,2026-04-21,15:29,2026-04-21,pre_close_cutoff,005930,buy,3,두 belief와 실행 제약을 함께 고려한 제한적 거래다.,1,llm_first_response,not_one_share
RN_COMM_ON_20260917_offline_e2e,2026-04-21,74,pm,A007,ltb_A007_t073,stb_A007_t074,analysis_A007_t074,decision_A007_t074,,,2026-04-21,2026-04-21,2026-04-21,09:00,2026-04-21,15:29,2026-04-21,pre_close_cutoff,005930,buy,3,두 belief와 실행 제약을 함께 고려한 제한적 거래다.,1,llm_first_response,not_one_share
RN_COMM_ON_20260917_offline_e2e,2026-04-22,75,am,A001,ltb_A001_t074,stb_A001_t075,analysis_A001_t075,decision_A001_t075,,,2026-04-22,2026-04-21,2026-04-21,15:30,2026-04-22,08:59,2026-04-22,pre_close_cutoff,005930,buy,1,두 belief와 실행 제약을 함께 고려한 제한적 거래다.,1,llm_first_response,constraint_maximum_is_one
RN_COMM_ON_20260917_offline_e2e,2026-04-22,75,am,A002,ltb_A002_t074,stb_A002_t075,analysis_A002_t075,decision_A002_t075,,,2026-04-22,2026-04-21,2026-04-21,15:30,2026-04-22,08:59,2026-04-22,pre_close_cutoff,005930,buy,1,두 belief와 실행 제약을 함께 고려한 제한적 거래다.,1,llm_first_response,constraint_maximum_is_one
RN_COMM_ON_20260917_offline_e2e,2026-04-22,75,am,A003,ltb_A003_t074,stb_A003_t075,analysis_A003_t075,decision_A003_t075,,,2026-04-22,2026-04-21,2026-04-21,15:30,2026-04-22,08:59,2026-04-22,pre_close_cutoff,005930,buy,1,두 belief와 실행 제약을 함께 고려한 제한적 거래다.,1,llm_first_response,constraint_maximum_is_one
RN_COMM_ON_20260917_offline_e2e,2026-04-22,75,am,A004,ltb_A004_t074,stb_A004_t075,analysis_A004_t075,decision_A004_t075,,,2026-04-22,2026-04-21,2026-04-21,15:30,2026-04-22,08:59,2026-04-22,pre_close_cutoff,005930,buy,1,두 belief와 실행 제약을 함께 고려한 제한적 거래다.,1,llm_first_response,constraint_maximum_is_one
RN_COMM_ON_20260917_offline_e2e,2026-04-22,75,am,A005,ltb_A005_t074,stb_A005_t075,analysis_A005_t075,decision_A005_t075,,,2026-04-22,2026-04-21,2026-04-21,15:30,2026-04-22,08:59,2026-04-22,pre_close_cutoff,005930,buy,1,두 belief와 실행 제약을 함께 고려한 제한적 거래다.,1,llm_first_response,constraint_maximum_is_one
RN_COMM_ON_20260917_offline_e2e,2026-04-22,75,am,A006,ltb_A006_t074,stb_A006_t075,analysis_A006_t075,decision_A006_t075,,,2026-04-22,2026-04-21,2026-04-21,15:30,2026-04-22,08:59,2026-04-22,pre_close_cutoff,005930,buy,1,두 belief와 실행 제약을 함께 고려한 제한적 거래다.,1,llm_first_response,constraint_maximum_is_one
RN_COMM_ON_20260917_offline_e2e,2026-04-22,75,am,A007,ltb_A007_t074,stb_A007_t075,analysis_A007_t075,decision_A007_t075,,,2026-04-22,2026-04-21,2026-04-21,15:30,2026-04-22,08:59,2026-04-22,pre_close_cutoff,005930,buy,1,두 belief와 실행 제약을 함께 고려한 제한적 거래다.,1,llm_first_response,constraint_maximum_is_one
RN_COMM_ON_20260917_offline_e2e,2026-04-22,76,pm,A001,ltb_A001_t075,stb_A001_t076,analysis_A001_t076,decision_A001_t076,,,2026-04-22,2026-04-22,2026-04-22,09:00,2026-04-22,15:29,2026-04-22,pre_close_cutoff,005930,buy,1,두 belief와 실행 제약을 함께 고려한 제한적 거래다.,1,llm_first_response,constraint_maximum_is_one
RN_COMM_ON_20260917_offline_e2e,2026-04-22,76,pm,A002,ltb_A002_t075,stb_A002_t076,analysis_A002_t076,decision_A002_t076,,,2026-04-22,2026-04-22,2026-04-22,09:00,2026-04-22,15:29,2026-04-22,pre_close_cutoff,005930,buy,1,두 belief와 실행 제약을 함께 고려한 제한적 거래다.,1,llm_first_response,constraint_maximum_is_one
RN_COMM_ON_20260917_offline_e2e,2026-04-22,76,pm,A003,ltb_A003_t075,stb_A003_t076,analysis_A003_t076,decision_A003_t076,,,2026-04-22,2026-04-22,2026-04-22,09:00,2026-04-22,15:29,2026-04-22,pre_close_cutoff,005930,buy,1,두 belief와 실행 제약을 함께 고려한 제한적 거래다.,1,llm_first_response,constraint_maximum_is_one
RN_COMM_ON_20260917_offline_e2e,2026-04-22,76,pm,A004,ltb_A004_t075,stb_A004_t076,analysis_A004_t076,decision_A004_t076,,,2026-04-22,2026-04-22,2026-04-22,09:00,2026-04-22,15:29,2026-04-22,pre_close_cutoff,005930,buy,1,두 belief와 실행 제약을 함께 고려한 제한적 거래다.,1,llm_first_response,constraint_maximum_is_one
RN_COMM_ON_20260917_offline_e2e,2026-04-22,76,pm,A005,ltb_A005_t075,stb_A005_t076,analysis_A005_t076,decision_A005_t076,,,2026-04-22,2026-04-22,2026-04-22,09:00,2026-04-22,15:29,2026-04-22,pre_close_cutoff,005930,buy,1,두 belief와 실행 제약을 함께 고려한 제한적 거래다.,1,llm_first_response,constraint_maximum_is_one
RN_COMM_ON_20260917_offline_e2e,2026-04-22,76,pm,A006,ltb_A006_t075,stb_A006_t076,analysis_A006_t076,decision_A006_t076,,,2026-04-22,2026-04-22,2026-04-22,09:00,2026-04-22,15:29,2026-04-22,pre_close_cutoff,005930,buy,1,두 belief와 실행 제약을 함께 고려한 제한적 거래다.,1,llm_first_response,constraint_maximum_is_one
RN_COMM_ON_20260917_offline_e2e,2026-04-22,76,pm,A007,ltb_A007_t075,stb_A007_t076,analysis_A007_t076,decision_A007_t076,,,2026-04-22,2026-04-22,2026-04-22,09:00,2026-04-22,15:29,2026-04-22,pre_close_cutoff,005930,buy,1,두 belief와 실행 제약을 함께 고려한 제한적 거래다.,1,llm_first_response,constraint_maximum_is_one
RN_COMM_ON_20260917_offline_e2e,2026-04-23,77,am,A001,ltb_A001_t076,stb_A001_t077,analysis_A001_t077,decision_A001_t077,,,2026-04-23,2026-04-22,2026-04-22,15:30,2026-04-23,08:59,2026-04-23,pre_close_cutoff,005930,sell,10,두 belief와 실행 제약을 함께 고려한 제한적 거래다.,1,llm_first_response,not_one_share
RN_COMM_ON_20260917_offline_e2e,2026-04-23,77,am,A002,ltb_A002_t076,stb_A002_t077,analysis_A002_t077,decision_A002_t077,,,2026-04-23,2026-04-22,2026-04-22,15:30,2026-04-23,08:59,2026-04-23,pre_close_cutoff,005930,sell,10,두 belief와 실행 제약을 함께 고려한 제한적 거래다.,1,llm_first_response,not_one_share
RN_COMM_ON_20260917_offline_e2e,2026-04-23,77,am,A003,ltb_A003_t076,stb_A003_t077,analysis_A003_t077,decision_A003_t077,,,2026-04-23,2026-04-22,2026-04-22,15:30,2026-04-23,08:59,2026-04-23,pre_close_cutoff,005930,sell,10,두 belief와 실행 제약을 함께 고려한 제한적 거래다.,1,llm_first_response,not_one_share
RN_COMM_ON_20260917_offline_e2e,2026-04-23,77,am,A004,ltb_A004_t076,stb_A004_t077,analysis_A004_t077,decision_A004_t077,,,2026-04-23,2026-04-22,2026-04-22,15:30,2026-04-23,08:59,2026-04-23,pre_close_cutoff,005930,sell,10,두 belief와 실행 제약을 함께 고려한 제한적 거래다.,1,llm_first_response,not_one_share
RN_COMM_ON_20260917_offline_e2e,2026-04-23,77,am,A005,ltb_A005_t076,stb_A005_t077,analysis_A005_t077,decision_A005_t077,,,2026-04-23,2026-04-22,2026-04-22,15:30,2026-04-23,08:59,2026-04-23,pre_close_cutoff,005930,sell,10,두 belief와 실행 제약을 함께 고려한 제한적 거래다.,1,llm_first_response,not_one_share
RN_COMM_ON_20260917_offline_e2e,2026-04-23,77,am,A006,ltb_A006_t076,stb_A006_t077,analysis_A006_t077,decision_A006_t077,,,2026-04-23,2026-04-22,2026-04-22,15:30,2026-04-23,08:59,2026-04-23,pre_close_cutoff,005930,sell,10,두 belief와 실행 제약을 함께 고려한 제한적 거래다.,1,llm_first_response,not_one_share
RN_COMM_ON_20260917_offline_e2e,2026-04-23,77,am,A007,ltb_A007_t076,stb_A007_t077,analysis_A007_t077,decision_A007_t077,,,2026-04-23,2026-04-22,2026-04-22,15:30,2026-04-23,08:59,2026-04-23,pre_close_cutoff,005930,sell,10,두 belief와 실행 제약을 함께 고려한 제한적 거래다.,1,llm_first_response,not_one_share
RN_COMM_ON_20260917_offline_e2e,2026-04-23,78,pm,A001,ltb_A001_t077,stb_A001_t078,analysis_A001_t078,decision_A001_t078,,,2026-04-23,2026-04-23,2026-04-23,09:00,2026-04-23,15:29,2026-04-23,pre_close_cutoff,005930,buy,5,두 belief와 실행 제약을 함께 고려한 제한적 거래다.,1,llm_first_response,not_one_share
RN_COMM_ON_20260917_offline_e2e,2026-04-23,78,pm,A002,ltb_A002_t077,stb_A002_t078,analysis_A002_t078,decision_A002_t078,,,2026-04-23,2026-04-23,2026-04-23,09:00,2026-04-23,15:29,2026-04-23,pre_close_cutoff,005930,buy,5,두 belief와 실행 제약을 함께 고려한 제한적 거래다.,1,llm_first_response,not_one_share
RN_COMM_ON_20260917_offline_e2e,2026-04-23,78,pm,A003,ltb_A003_t077,stb_A003_t078,analysis_A003_t078,decision_A003_t078,,,2026-04-23,2026-04-23,2026-04-23,09:00,2026-04-23,15:29,2026-04-23,pre_close_cutoff,005930,buy,5,두 belief와 실행 제약을 함께 고려한 제한적 거래다.,1,llm_first_response,not_one_share
RN_COMM_ON_20260917_offline_e2e,2026-04-23,78,pm,A004,ltb_A004_t077,stb_A004_t078,analysis_A004_t078,decision_A004_t078,,,2026-04-23,2026-04-23,2026-04-23,09:00,2026-04-23,15:29,2026-04-23,pre_close_cutoff,005930,buy,5,두 belief와 실행 제약을 함께 고려한 제한적 거래다.,1,llm_first_response,not_one_share
RN_COMM_ON_20260917_offline_e2e,2026-04-23,78,pm,A005,ltb_A005_t077,stb_A005_t078,analysis_A005_t078,decision_A005_t078,,,2026-04-23,2026-04-23,2026-04-23,09:00,2026-04-23,15:29,2026-04-23,pre_close_cutoff,005930,buy,5,두 belief와 실행 제약을 함께 고려한 제한적 거래다.,1,llm_first_response,not_one_share
RN_COMM_ON_20260917_offline_e2e,2026-04-23,78,pm,A006,ltb_A006_t077,stb_A006_t078,analysis_A006_t078,decision_A006_t078,,,2026-04-23,2026-04-23,2026-04-23,09:00,2026-04-23,15:29,2026-04-23,pre_close_cutoff,005930,buy,5,두 belief와 실행 제약을 함께 고려한 제한적 거래다.,1,llm_first_response,not_one_share
RN_COMM_ON_20260917_offline_e2e,2026-04-23,78,pm,A007,ltb_A007_t077,stb_A007_t078,analysis_A007_t078,decision_A007_t078,,,2026-04-23,2026-04-23,2026-04-23,09:00,2026-04-23,15:29,2026-04-23,pre_close_cutoff,005930,buy,5,두 belief와 실행 제약을 함께 고려한 제한적 거래다.,1,llm_first_response,not_one_share
RN_COMM_ON_20260917_offline_e2e,2026-04-24,79,am,A001,ltb_A001_t078,stb_A001_t079,analysis_A001_t079,decision_A001_t079,,,2026-04-24,2026-04-23,2026-04-23,15:30,2026-04-24,08:59,2026-04-24,pre_close_cutoff,005930,buy,3,두 belief와 실행 제약을 함께 고려한 제한적 거래다.,1,llm_first_response,not_one_share
RN_COMM_ON_20260917_offline_e2e,2026-04-24,79,am,A002,ltb_A002_t078,stb_A002_t079,analysis_A002_t079,decision_A002_t079,,,2026-04-24,2026-04-23,2026-04-23,15:30,2026-04-24,08:59,2026-04-24,pre_close_cutoff,005930,buy,3,두 belief와 실행 제약을 함께 고려한 제한적 거래다.,1,llm_first_response,not_one_share
RN_COMM_ON_20260917_offline_e2e,2026-04-24,79,am,A003,ltb_A003_t078,stb_A003_t079,analysis_A003_t079,decision_A003_t079,,,2026-04-24,2026-04-23,2026-04-23,15:30,2026-04-24,08:59,2026-04-24,pre_close_cutoff,005930,buy,3,두 belief와 실행 제약을 함께 고려한 제한적 거래다.,1,llm_first_response,not_one_share
RN_COMM_ON_20260917_offline_e2e,2026-04-24,79,am,A004,ltb_A004_t078,stb_A004_t079,analysis_A004_t079,decision_A004_t079,,,2026-04-24,2026-04-23,2026-04-23,15:30,2026-04-24,08:59,2026-04-24,pre_close_cutoff,005930,buy,3,두 belief와 실행 제약을 함께 고려한 제한적 거래다.,1,llm_first_response,not_one_share
RN_COMM_ON_20260917_offline_e2e,2026-04-24,79,am,A005,ltb_A005_t078,stb_A005_t079,analysis_A005_t079,decision_A005_t079,,,2026-04-24,2026-04-23,2026-04-23,15:30,2026-04-24,08:59,2026-04-24,pre_close_cutoff,005930,buy,3,두 belief와 실행 제약을 함께 고려한 제한적 거래다.,1,llm_first_response,not_one_share
RN_COMM_ON_20260917_offline_e2e,2026-04-24,79,am,A006,ltb_A006_t078,stb_A006_t079,analysis_A006_t079,decision_A006_t079,,,2026-04-24,2026-04-23,2026-04-23,15:30,2026-04-24,08:59,2026-04-24,pre_close_cutoff,005930,buy,3,두 belief와 실행 제약을 함께 고려한 제한적 거래다.,1,llm_first_response,not_one_share
RN_COMM_ON_20260917_offline_e2e,2026-04-24,79,am,A007,ltb_A007_t078,stb_A007_t079,analysis_A007_t079,decision_A007_t079,,,2026-04-24,2026-04-23,2026-04-23,15:30,2026-04-24,08:59,2026-04-24,pre_close_cutoff,005930,buy,3,두 belief와 실행 제약을 함께 고려한 제한적 거래다.,1,llm_first_response,not_one_share
RN_COMM_ON_20260917_offline_e2e,2026-04-24,80,pm,A001,ltb_A001_t079,stb_A001_t080,analysis_A001_t080,decision_A001_t080,,,2026-04-24,2026-04-24,2026-04-24,09:00,2026-04-24,15:29,2026-04-24,pre_close_cutoff,005930,buy,1,두 belief와 실행 제약을 함께 고려한 제한적 거래다.,1,llm_first_response,constraint_maximum_is_one
RN_COMM_ON_20260917_offline_e2e,2026-04-24,80,pm,A002,ltb_A002_t079,stb_A002_t080,analysis_A002_t080,decision_A002_t080,,,2026-04-24,2026-04-24,2026-04-24,09:00,2026-04-24,15:29,2026-04-24,pre_close_cutoff,005930,buy,1,두 belief와 실행 제약을 함께 고려한 제한적 거래다.,1,llm_first_response,constraint_maximum_is_one
RN_COMM_ON_20260917_offline_e2e,2026-04-24,80,pm,A003,ltb_A003_t079,stb_A003_t080,analysis_A003_t080,decision_A003_t080,,,2026-04-24,2026-04-24,2026-04-24,09:00,2026-04-24,15:29,2026-04-24,pre_close_cutoff,005930,buy,1,두 belief와 실행 제약을 함께 고려한 제한적 거래다.,1,llm_first_response,constraint_maximum_is_one
RN_COMM_ON_20260917_offline_e2e,2026-04-24,80,pm,A004,ltb_A004_t079,stb_A004_t080,analysis_A004_t080,decision_A004_t080,,,2026-04-24,2026-04-24,2026-04-24,09:00,2026-04-24,15:29,2026-04-24,pre_close_cutoff,005930,buy,1,두 belief와 실행 제약을 함께 고려한 제한적 거래다.,1,llm_first_response,constraint_maximum_is_one
RN_COMM_ON_20260917_offline_e2e,2026-04-24,80,pm,A005,ltb_A005_t079,stb_A005_t080,analysis_A005_t080,decision_A005_t080,,,2026-04-24,2026-04-24,2026-04-24,09:00,2026-04-24,15:29,2026-04-24,pre_close_cutoff,005930,buy,1,두 belief와 실행 제약을 함께 고려한 제한적 거래다.,1,llm_first_response,constraint_maximum_is_one
RN_COMM_ON_20260917_offline_e2e,2026-04-24,80,pm,A006,ltb_A006_t079,stb_A006_t080,analysis_A006_t080,decision_A006_t080,,,2026-04-24,2026-04-24,2026-04-24,09:00,2026-04-24,15:29,2026-04-24,pre_close_cutoff,005930,buy,1,두 belief와 실행 제약을 함께 고려한 제한적 거래다.,1,llm_first_response,constraint_maximum_is_one
RN_COMM_ON_20260917_offline_e2e,2026-04-24,80,pm,A007,ltb_A007_t079,stb_A007_t080,analysis_A007_t080,decision_A007_t080,,,2026-04-24,2026-04-24,2026-04-24,09:00,2026-04-24,15:29,2026-04-24,pre_close_cutoff,005930,buy,1,두 belief와 실행 제약을 함께 고려한 제한적 거래다.,1,llm_first_response,constraint_maximum_is_one
RN_COMM_ON_20260917_offline_e2e,2026-04-27,81,am,A001,ltb_A001_t080,stb_A001_t081,analysis_A001_t081,decision_A001_t081,,,2026-04-27,2026-04-24,2026-04-24,15:30,2026-04-27,08:59,2026-04-27,pre_close_cutoff,005930,buy,1,두 belief와 실행 제약을 함께 고려한 제한적 거래다.,1,llm_first_response,constraint_maximum_is_one
RN_COMM_ON_20260917_offline_e2e,2026-04-27,81,am,A002,ltb_A002_t080,stb_A002_t081,analysis_A002_t081,decision_A002_t081,,,2026-04-27,2026-04-24,2026-04-24,15:30,2026-04-27,08:59,2026-04-27,pre_close_cutoff,005930,buy,1,두 belief와 실행 제약을 함께 고려한 제한적 거래다.,1,llm_first_response,constraint_maximum_is_one
RN_COMM_ON_20260917_offline_e2e,2026-04-27,81,am,A003,ltb_A003_t080,stb_A003_t081,analysis_A003_t081,decision_A003_t081,,,2026-04-27,2026-04-24,2026-04-24,15:30,2026-04-27,08:59,2026-04-27,pre_close_cutoff,005930,buy,1,두 belief와 실행 제약을 함께 고려한 제한적 거래다.,1,llm_first_response,constraint_maximum_is_one
RN_COMM_ON_20260917_offline_e2e,2026-04-27,81,am,A004,ltb_A004_t080,stb_A004_t081,analysis_A004_t081,decision_A004_t081,,,2026-04-27,2026-04-24,2026-04-24,15:30,2026-04-27,08:59,2026-04-27,pre_close_cutoff,005930,buy,1,두 belief와 실행 제약을 함께 고려한 제한적 거래다.,1,llm_first_response,constraint_maximum_is_one
RN_COMM_ON_20260917_offline_e2e,2026-04-27,81,am,A005,ltb_A005_t080,stb_A005_t081,analysis_A005_t081,decision_A005_t081,,,2026-04-27,2026-04-24,2026-04-24,15:30,2026-04-27,08:59,2026-04-27,pre_close_cutoff,005930,buy,1,두 belief와 실행 제약을 함께 고려한 제한적 거래다.,1,llm_first_response,constraint_maximum_is_one
RN_COMM_ON_20260917_offline_e2e,2026-04-27,81,am,A006,ltb_A006_t080,stb_A006_t081,analysis_A006_t081,decision_A006_t081,,,2026-04-27,2026-04-24,2026-04-24,15:30,2026-04-27,08:59,2026-04-27,pre_close_cutoff,005930,buy,1,두 belief와 실행 제약을 함께 고려한 제한적 거래다.,1,llm_first_response,constraint_maximum_is_one
RN_COMM_ON_20260917_offline_e2e,2026-04-27,81,am,A007,ltb_A007_t080,stb_A007_t081,analysis_A007_t081,decision_A007_t081,,,2026-04-27,2026-04-24,2026-04-24,15:30,2026-04-27,08:59,2026-04-27,pre_close_cutoff,005930,buy,1,두 belief와 실행 제약을 함께 고려한 제한적 거래다.,1,llm_first_response,constraint_maximum_is_one
RN_COMM_ON_20260917_offline_e2e,2026-04-27,82,pm,A001,ltb_A001_t081,stb_A001_t082,analysis_A001_t082,decision_A001_t082,,,2026-04-27,2026-04-27,2026-04-27,09:00,2026-04-27,15:29,2026-04-27,pre_close_cutoff,005930,sell,10,두 belief와 실행 제약을 함께 고려한 제한적 거래다.,1,llm_first_response,not_one_share
RN_COMM_ON_20260917_offline_e2e,2026-04-27,82,pm,A002,ltb_A002_t081,stb_A002_t082,analysis_A002_t082,decision_A002_t082,,,2026-04-27,2026-04-27,2026-04-27,09:00,2026-04-27,15:29,2026-04-27,pre_close_cutoff,005930,sell,10,두 belief와 실행 제약을 함께 고려한 제한적 거래다.,1,llm_first_response,not_one_share
RN_COMM_ON_20260917_offline_e2e,2026-04-27,82,pm,A003,ltb_A003_t081,stb_A003_t082,analysis_A003_t082,decision_A003_t082,,,2026-04-27,2026-04-27,2026-04-27,09:00,2026-04-27,15:29,2026-04-27,pre_close_cutoff,005930,sell,10,두 belief와 실행 제약을 함께 고려한 제한적 거래다.,1,llm_first_response,not_one_share
RN_COMM_ON_20260917_offline_e2e,2026-04-27,82,pm,A004,ltb_A004_t081,stb_A004_t082,analysis_A004_t082,decision_A004_t082,,,2026-04-27,2026-04-27,2026-04-27,09:00,2026-04-27,15:29,2026-04-27,pre_close_cutoff,005930,sell,10,두 belief와 실행 제약을 함께 고려한 제한적 거래다.,1,llm_first_response,not_one_share
RN_COMM_ON_20260917_offline_e2e,2026-04-27,82,pm,A005,ltb_A005_t081,stb_A005_t082,analysis_A005_t082,decision_A005_t082,,,2026-04-27,2026-04-27,2026-04-27,09:00,2026-04-27,15:29,2026-04-27,pre_close_cutoff,005930,sell,10,두 belief와 실행 제약을 함께 고려한 제한적 거래다.,1,llm_first_response,not_one_share
RN_COMM_ON_20260917_offline_e2e,2026-04-27,82,pm,A006,ltb_A006_t081,stb_A006_t082,analysis_A006_t082,decision_A006_t082,,,2026-04-27,2026-04-27,2026-04-27,09:00,2026-04-27,15:29,2026-04-27,pre_close_cutoff,005930,sell,10,두 belief와 실행 제약을 함께 고려한 제한적 거래다.,1,llm_first_response,not_one_share
RN_COMM_ON_20260917_offline_e2e,2026-04-27,82,pm,A007,ltb_A007_t081,stb_A007_t082,analysis_A007_t082,decision_A007_t082,,,2026-04-27,2026-04-27,2026-04-27,09:00,2026-04-27,15:29,2026-04-27,pre_close_cutoff,005930,sell,10,두 belief와 실행 제약을 함께 고려한 제한적 거래다.,1,llm_first_response,not_one_share
RN_COMM_ON_20260917_offline_e2e,2026-04-28,83,am,A001,ltb_A001_t082,stb_A001_t083,analysis_A001_t083,decision_A001_t083,,,2026-04-28,2026-04-27,2026-04-27,15:30,2026-04-28,08:59,2026-04-28,pre_close_cutoff,005930,buy,5,두 belief와 실행 제약을 함께 고려한 제한적 거래다.,1,llm_first_response,not_one_share
RN_COMM_ON_20260917_offline_e2e,2026-04-28,83,am,A002,ltb_A002_t082,stb_A002_t083,analysis_A002_t083,decision_A002_t083,,,2026-04-28,2026-04-27,2026-04-27,15:30,2026-04-28,08:59,2026-04-28,pre_close_cutoff,005930,buy,5,두 belief와 실행 제약을 함께 고려한 제한적 거래다.,1,llm_first_response,not_one_share
RN_COMM_ON_20260917_offline_e2e,2026-04-28,83,am,A003,ltb_A003_t082,stb_A003_t083,analysis_A003_t083,decision_A003_t083,,,2026-04-28,2026-04-27,2026-04-27,15:30,2026-04-28,08:59,2026-04-28,pre_close_cutoff,005930,buy,5,두 belief와 실행 제약을 함께 고려한 제한적 거래다.,1,llm_first_response,not_one_share
RN_COMM_ON_20260917_offline_e2e,2026-04-28,83,am,A004,ltb_A004_t082,stb_A004_t083,analysis_A004_t083,decision_A004_t083,,,2026-04-28,2026-04-27,2026-04-27,15:30,2026-04-28,08:59,2026-04-28,pre_close_cutoff,005930,buy,5,두 belief와 실행 제약을 함께 고려한 제한적 거래다.,1,llm_first_response,not_one_share
RN_COMM_ON_20260917_offline_e2e,2026-04-28,83,am,A005,ltb_A005_t082,stb_A005_t083,analysis_A005_t083,decision_A005_t083,,,2026-04-28,2026-04-27,2026-04-27,15:30,2026-04-28,08:59,2026-04-28,pre_close_cutoff,005930,buy,5,두 belief와 실행 제약을 함께 고려한 제한적 거래다.,1,llm_first_response,not_one_share
RN_COMM_ON_20260917_offline_e2e,2026-04-28,83,am,A006,ltb_A006_t082,stb_A006_t083,analysis_A006_t083,decision_A006_t083,,,2026-04-28,2026-04-27,2026-04-27,15:30,2026-04-28,08:59,2026-04-28,pre_close_cutoff,005930,buy,5,두 belief와 실행 제약을 함께 고려한 제한적 거래다.,1,llm_first_response,not_one_share
RN_COMM_ON_20260917_offline_e2e,2026-04-28,83,am,A007,ltb_A007_t082,stb_A007_t083,analysis_A007_t083,decision_A007_t083,,,2026-04-28,2026-04-27,2026-04-27,15:30,2026-04-28,08:59,2026-04-28,pre_close_cutoff,005930,buy,5,두 belief와 실행 제약을 함께 고려한 제한적 거래다.,1,llm_first_response,not_one_share
RN_COMM_ON_20260917_offline_e2e,2026-04-28,84,pm,A001,ltb_A001_t083,stb_A001_t084,analysis_A001_t084,decision_A001_t084,,,2026-04-28,2026-04-28,2026-04-28,09:00,2026-04-28,15:29,2026-04-28,pre_close_cutoff,005930,buy,3,두 belief와 실행 제약을 함께 고려한 제한적 거래다.,1,llm_first_response,not_one_share
RN_COMM_ON_20260917_offline_e2e,2026-04-28,84,pm,A002,ltb_A002_t083,stb_A002_t084,analysis_A002_t084,decision_A002_t084,,,2026-04-28,2026-04-28,2026-04-28,09:00,2026-04-28,15:29,2026-04-28,pre_close_cutoff,005930,buy,3,두 belief와 실행 제약을 함께 고려한 제한적 거래다.,1,llm_first_response,not_one_share
RN_COMM_ON_20260917_offline_e2e,2026-04-28,84,pm,A003,ltb_A003_t083,stb_A003_t084,analysis_A003_t084,decision_A003_t084,,,2026-04-28,2026-04-28,2026-04-28,09:00,2026-04-28,15:29,2026-04-28,pre_close_cutoff,005930,buy,3,두 belief와 실행 제약을 함께 고려한 제한적 거래다.,1,llm_first_response,not_one_share
RN_COMM_ON_20260917_offline_e2e,2026-04-28,84,pm,A004,ltb_A004_t083,stb_A004_t084,analysis_A004_t084,decision_A004_t084,,,2026-04-28,2026-04-28,2026-04-28,09:00,2026-04-28,15:29,2026-04-28,pre_close_cutoff,005930,buy,3,두 belief와 실행 제약을 함께 고려한 제한적 거래다.,1,llm_first_response,not_one_share
RN_COMM_ON_20260917_offline_e2e,2026-04-28,84,pm,A005,ltb_A005_t083,stb_A005_t084,analysis_A005_t084,decision_A005_t084,,,2026-04-28,2026-04-28,2026-04-28,09:00,2026-04-28,15:29,2026-04-28,pre_close_cutoff,005930,buy,3,두 belief와 실행 제약을 함께 고려한 제한적 거래다.,1,llm_first_response,not_one_share
RN_COMM_ON_20260917_offline_e2e,2026-04-28,84,pm,A006,ltb_A006_t083,stb_A006_t084,analysis_A006_t084,decision_A006_t084,,,2026-04-28,2026-04-28,2026-04-28,09:00,2026-04-28,15:29,2026-04-28,pre_close_cutoff,005930,buy,3,두 belief와 실행 제약을 함께 고려한 제한적 거래다.,1,llm_first_response,not_one_share
RN_COMM_ON_20260917_offline_e2e,2026-04-28,84,pm,A007,ltb_A007_t083,stb_A007_t084,analysis_A007_t084,decision_A007_t084,,,2026-04-28,2026-04-28,2026-04-28,09:00,2026-04-28,15:29,2026-04-28,pre_close_cutoff,005930,buy,3,두 belief와 실행 제약을 함께 고려한 제한적 거래다.,1,llm_first_response,not_one_share
RN_COMM_ON_20260917_offline_e2e,2026-04-29,85,am,A001,ltb_A001_t084,stb_A001_t085,analysis_A001_t085,decision_A001_t085,,,2026-04-29,2026-04-28,2026-04-28,15:30,2026-04-29,08:59,2026-04-29,pre_close_cutoff,005930,buy,1,두 belief와 실행 제약을 함께 고려한 제한적 거래다.,1,llm_first_response,constraint_maximum_is_one
RN_COMM_ON_20260917_offline_e2e,2026-04-29,85,am,A002,ltb_A002_t084,stb_A002_t085,analysis_A002_t085,decision_A002_t085,,,2026-04-29,2026-04-28,2026-04-28,15:30,2026-04-29,08:59,2026-04-29,pre_close_cutoff,005930,buy,1,두 belief와 실행 제약을 함께 고려한 제한적 거래다.,1,llm_first_response,constraint_maximum_is_one
RN_COMM_ON_20260917_offline_e2e,2026-04-29,85,am,A003,ltb_A003_t084,stb_A003_t085,analysis_A003_t085,decision_A003_t085,,,2026-04-29,2026-04-28,2026-04-28,15:30,2026-04-29,08:59,2026-04-29,pre_close_cutoff,005930,buy,1,두 belief와 실행 제약을 함께 고려한 제한적 거래다.,1,llm_first_response,constraint_maximum_is_one
RN_COMM_ON_20260917_offline_e2e,2026-04-29,85,am,A004,ltb_A004_t084,stb_A004_t085,analysis_A004_t085,decision_A004_t085,,,2026-04-29,2026-04-28,2026-04-28,15:30,2026-04-29,08:59,2026-04-29,pre_close_cutoff,005930,buy,1,두 belief와 실행 제약을 함께 고려한 제한적 거래다.,1,llm_first_response,constraint_maximum_is_one
RN_COMM_ON_20260917_offline_e2e,2026-04-29,85,am,A005,ltb_A005_t084,stb_A005_t085,analysis_A005_t085,decision_A005_t085,,,2026-04-29,2026-04-28,2026-04-28,15:30,2026-04-29,08:59,2026-04-29,pre_close_cutoff,005930,buy,1,두 belief와 실행 제약을 함께 고려한 제한적 거래다.,1,llm_first_response,constraint_maximum_is_one
RN_COMM_ON_20260917_offline_e2e,2026-04-29,85,am,A006,ltb_A006_t084,stb_A006_t085,analysis_A006_t085,decision_A006_t085,,,2026-04-29,2026-04-28,2026-04-28,15:30,2026-04-29,08:59,2026-04-29,pre_close_cutoff,005930,buy,1,두 belief와 실행 제약을 함께 고려한 제한적 거래다.,1,llm_first_response,constraint_maximum_is_one
RN_COMM_ON_20260917_offline_e2e,2026-04-29,85,am,A007,ltb_A007_t084,stb_A007_t085,analysis_A007_t085,decision_A007_t085,,,2026-04-29,2026-04-28,2026-04-28,15:30,2026-04-29,08:59,2026-04-29,pre_close_cutoff,005930,buy,1,두 belief와 실행 제약을 함께 고려한 제한적 거래다.,1,llm_first_response,constraint_maximum_is_one
RN_COMM_ON_20260917_offline_e2e,2026-04-29,86,pm,A001,ltb_A001_t085,stb_A001_t086,analysis_A001_t086,decision_A001_t086,,,2026-04-29,2026-04-29,2026-04-29,09:00,2026-04-29,15:29,2026-04-29,pre_close_cutoff,005930,buy,1,두 belief와 실행 제약을 함께 고려한 제한적 거래다.,1,llm_first_response,constraint_maximum_is_one
RN_COMM_ON_20260917_offline_e2e,2026-04-29,86,pm,A002,ltb_A002_t085,stb_A002_t086,analysis_A002_t086,decision_A002_t086,,,2026-04-29,2026-04-29,2026-04-29,09:00,2026-04-29,15:29,2026-04-29,pre_close_cutoff,005930,buy,1,두 belief와 실행 제약을 함께 고려한 제한적 거래다.,1,llm_first_response,constraint_maximum_is_one
RN_COMM_ON_20260917_offline_e2e,2026-04-29,86,pm,A003,ltb_A003_t085,stb_A003_t086,analysis_A003_t086,decision_A003_t086,,,2026-04-29,2026-04-29,2026-04-29,09:00,2026-04-29,15:29,2026-04-29,pre_close_cutoff,005930,buy,1,두 belief와 실행 제약을 함께 고려한 제한적 거래다.,1,llm_first_response,constraint_maximum_is_one
RN_COMM_ON_20260917_offline_e2e,2026-04-29,86,pm,A004,ltb_A004_t085,stb_A004_t086,analysis_A004_t086,decision_A004_t086,,,2026-04-29,2026-04-29,2026-04-29,09:00,2026-04-29,15:29,2026-04-29,pre_close_cutoff,005930,buy,1,두 belief와 실행 제약을 함께 고려한 제한적 거래다.,1,llm_first_response,constraint_maximum_is_one
RN_COMM_ON_20260917_offline_e2e,2026-04-29,86,pm,A005,ltb_A005_t085,stb_A005_t086,analysis_A005_t086,decision_A005_t086,,,2026-04-29,2026-04-29,2026-04-29,09:00,2026-04-29,15:29,2026-04-29,pre_close_cutoff,005930,buy,1,두 belief와 실행 제약을 함께 고려한 제한적 거래다.,1,llm_first_response,constraint_maximum_is_one
RN_COMM_ON_20260917_offline_e2e,2026-04-29,86,pm,A006,ltb_A006_t085,stb_A006_t086,analysis_A006_t086,decision_A006_t086,,,2026-04-29,2026-04-29,2026-04-29,09:00,2026-04-29,15:29,2026-04-29,pre_close_cutoff,005930,buy,1,두 belief와 실행 제약을 함께 고려한 제한적 거래다.,1,llm_first_response,constraint_maximum_is_one
RN_COMM_ON_20260917_offline_e2e,2026-04-29,86,pm,A007,ltb_A007_t085,stb_A007_t086,analysis_A007_t086,decision_A007_t086,,,2026-04-29,2026-04-29,2026-04-29,09:00,2026-04-29,15:29,2026-04-29,pre_close_cutoff,005930,buy,1,두 belief와 실행 제약을 함께 고려한 제한적 거래다.,1,llm_first_response,constraint_maximum_is_one
RN_COMM_ON_20260917_offline_e2e,2026-04-30,87,am,A001,ltb_A001_t086,stb_A001_t087,analysis_A001_t087,decision_A001_t087,,,2026-04-30,2026-04-29,2026-04-29,15:30,2026-04-30,08:59,2026-04-30,pre_close_cutoff,005930,sell,10,두 belief와 실행 제약을 함께 고려한 제한적 거래다.,1,llm_first_response,not_one_share
RN_COMM_ON_20260917_offline_e2e,2026-04-30,87,am,A002,ltb_A002_t086,stb_A002_t087,analysis_A002_t087,decision_A002_t087,,,2026-04-30,2026-04-29,2026-04-29,15:30,2026-04-30,08:59,2026-04-30,pre_close_cutoff,005930,sell,10,두 belief와 실행 제약을 함께 고려한 제한적 거래다.,1,llm_first_response,not_one_share
RN_COMM_ON_20260917_offline_e2e,2026-04-30,87,am,A003,ltb_A003_t086,stb_A003_t087,analysis_A003_t087,decision_A003_t087,,,2026-04-30,2026-04-29,2026-04-29,15:30,2026-04-30,08:59,2026-04-30,pre_close_cutoff,005930,sell,10,두 belief와 실행 제약을 함께 고려한 제한적 거래다.,1,llm_first_response,not_one_share
RN_COMM_ON_20260917_offline_e2e,2026-04-30,87,am,A004,ltb_A004_t086,stb_A004_t087,analysis_A004_t087,decision_A004_t087,,,2026-04-30,2026-04-29,2026-04-29,15:30,2026-04-30,08:59,2026-04-30,pre_close_cutoff,005930,sell,10,두 belief와 실행 제약을 함께 고려한 제한적 거래다.,1,llm_first_response,not_one_share
RN_COMM_ON_20260917_offline_e2e,2026-04-30,87,am,A005,ltb_A005_t086,stb_A005_t087,analysis_A005_t087,decision_A005_t087,,,2026-04-30,2026-04-29,2026-04-29,15:30,2026-04-30,08:59,2026-04-30,pre_close_cutoff,005930,sell,10,두 belief와 실행 제약을 함께 고려한 제한적 거래다.,1,llm_first_response,not_one_share
RN_COMM_ON_20260917_offline_e2e,2026-04-30,87,am,A006,ltb_A006_t086,stb_A006_t087,analysis_A006_t087,decision_A006_t087,,,2026-04-30,2026-04-29,2026-04-29,15:30,2026-04-30,08:59,2026-04-30,pre_close_cutoff,005930,sell,10,두 belief와 실행 제약을 함께 고려한 제한적 거래다.,1,llm_first_response,not_one_share
RN_COMM_ON_20260917_offline_e2e,2026-04-30,87,am,A007,ltb_A007_t086,stb_A007_t087,analysis_A007_t087,decision_A007_t087,,,2026-04-30,2026-04-29,2026-04-29,15:30,2026-04-30,08:59,2026-04-30,pre_close_cutoff,005930,sell,10,두 belief와 실행 제약을 함께 고려한 제한적 거래다.,1,llm_first_response,not_one_share
RN_COMM_ON_20260917_offline_e2e,2026-04-30,88,pm,A001,ltb_A001_t087,stb_A001_t088,analysis_A001_t088,decision_A001_t088,,,2026-04-30,2026-04-30,2026-04-30,09:00,2026-04-30,15:29,2026-04-30,pre_close_cutoff,005930,buy,6,두 belief와 실행 제약을 함께 고려한 제한적 거래다.,1,llm_first_response,not_one_share
RN_COMM_ON_20260917_offline_e2e,2026-04-30,88,pm,A002,ltb_A002_t087,stb_A002_t088,analysis_A002_t088,decision_A002_t088,,,2026-04-30,2026-04-30,2026-04-30,09:00,2026-04-30,15:29,2026-04-30,pre_close_cutoff,005930,buy,6,두 belief와 실행 제약을 함께 고려한 제한적 거래다.,1,llm_first_response,not_one_share
RN_COMM_ON_20260917_offline_e2e,2026-04-30,88,pm,A003,ltb_A003_t087,stb_A003_t088,analysis_A003_t088,decision_A003_t088,,,2026-04-30,2026-04-30,2026-04-30,09:00,2026-04-30,15:29,2026-04-30,pre_close_cutoff,005930,buy,6,두 belief와 실행 제약을 함께 고려한 제한적 거래다.,1,llm_first_response,not_one_share
RN_COMM_ON_20260917_offline_e2e,2026-04-30,88,pm,A004,ltb_A004_t087,stb_A004_t088,analysis_A004_t088,decision_A004_t088,,,2026-04-30,2026-04-30,2026-04-30,09:00,2026-04-30,15:29,2026-04-30,pre_close_cutoff,005930,buy,6,두 belief와 실행 제약을 함께 고려한 제한적 거래다.,1,llm_first_response,not_one_share
RN_COMM_ON_20260917_offline_e2e,2026-04-30,88,pm,A005,ltb_A005_t087,stb_A005_t088,analysis_A005_t088,decision_A005_t088,,,2026-04-30,2026-04-30,2026-04-30,09:00,2026-04-30,15:29,2026-04-30,pre_close_cutoff,005930,buy,6,두 belief와 실행 제약을 함께 고려한 제한적 거래다.,1,llm_first_response,not_one_share
RN_COMM_ON_20260917_offline_e2e,2026-04-30,88,pm,A006,ltb_A006_t087,stb_A006_t088,analysis_A006_t088,decision_A006_t088,,,2026-04-30,2026-04-30,2026-04-30,09:00,2026-04-30,15:29,2026-04-30,pre_close_cutoff,005930,buy,6,두 belief와 실행 제약을 함께 고려한 제한적 거래다.,1,llm_first_response,not_one_share
RN_COMM_ON_20260917_offline_e2e,2026-04-30,88,pm,A007,ltb_A007_t087,stb_A007_t088,analysis_A007_t088,decision_A007_t088,,,2026-04-30,2026-04-30,2026-04-30,09:00,2026-04-30,15:29,2026-04-30,pre_close_cutoff,005930,buy,6,두 belief와 실행 제약을 함께 고려한 제한적 거래다.,1,llm_first_response,not_one_share
RN_COMM_ON_20260917_offline_e2e,2026-05-04,89,am,A001,ltb_A001_t088,stb_A001_t089,analysis_A001_t089,decision_A001_t089,,,2026-05-04,2026-04-30,2026-04-30,15:30,2026-05-04,08:59,2026-05-04,pre_close_cutoff,005930,buy,2,두 belief와 실행 제약을 함께 고려한 제한적 거래다.,1,llm_first_response,not_one_share
RN_COMM_ON_20260917_offline_e2e,2026-05-04,89,am,A002,ltb_A002_t088,stb_A002_t089,analysis_A002_t089,decision_A002_t089,,,2026-05-04,2026-04-30,2026-04-30,15:30,2026-05-04,08:59,2026-05-04,pre_close_cutoff,005930,buy,2,두 belief와 실행 제약을 함께 고려한 제한적 거래다.,1,llm_first_response,not_one_share
RN_COMM_ON_20260917_offline_e2e,2026-05-04,89,am,A003,ltb_A003_t088,stb_A003_t089,analysis_A003_t089,decision_A003_t089,,,2026-05-04,2026-04-30,2026-04-30,15:30,2026-05-04,08:59,2026-05-04,pre_close_cutoff,005930,buy,2,두 belief와 실행 제약을 함께 고려한 제한적 거래다.,1,llm_first_response,not_one_share
RN_COMM_ON_20260917_offline_e2e,2026-05-04,89,am,A004,ltb_A004_t088,stb_A004_t089,analysis_A004_t089,decision_A004_t089,,,2026-05-04,2026-04-30,2026-04-30,15:30,2026-05-04,08:59,2026-05-04,pre_close_cutoff,005930,buy,2,두 belief와 실행 제약을 함께 고려한 제한적 거래다.,1,llm_first_response,not_one_share
RN_COMM_ON_20260917_offline_e2e,2026-05-04,89,am,A005,ltb_A005_t088,stb_A005_t089,analysis_A005_t089,decision_A005_t089,,,2026-05-04,2026-04-30,2026-04-30,15:30,2026-05-04,08:59,2026-05-04,pre_close_cutoff,005930,buy,2,두 belief와 실행 제약을 함께 고려한 제한적 거래다.,1,llm_first_response,not_one_share
RN_COMM_ON_20260917_offline_e2e,2026-05-04,89,am,A006,ltb_A006_t088,stb_A006_t089,analysis_A006_t089,decision_A006_t089,,,2026-05-04,2026-04-30,2026-04-30,15:30,2026-05-04,08:59,2026-05-04,pre_close_cutoff,005930,buy,2,두 belief와 실행 제약을 함께 고려한 제한적 거래다.,1,llm_first_response,not_one_share
RN_COMM_ON_20260917_offline_e2e,2026-05-04,89,am,A007,ltb_A007_t088,stb_A007_t089,analysis_A007_t089,decision_A007_t089,,,2026-05-04,2026-04-30,2026-04-30,15:30,2026-05-04,08:59,2026-05-04,pre_close_cutoff,005930,buy,2,두 belief와 실행 제약을 함께 고려한 제한적 거래다.,1,llm_first_response,not_one_share
RN_COMM_ON_20260917_offline_e2e,2026-05-04,90,pm,A001,ltb_A001_t089,stb_A001_t090,analysis_A001_t090,decision_A001_t090,,,2026-05-04,2026-05-04,2026-05-04,09:00,2026-05-04,15:29,2026-05-04,pre_close_cutoff,005930,buy,1,두 belief와 실행 제약을 함께 고려한 제한적 거래다.,1,llm_first_response,constraint_maximum_is_one
RN_COMM_ON_20260917_offline_e2e,2026-05-04,90,pm,A002,ltb_A002_t089,stb_A002_t090,analysis_A002_t090,decision_A002_t090,,,2026-05-04,2026-05-04,2026-05-04,09:00,2026-05-04,15:29,2026-05-04,pre_close_cutoff,005930,buy,1,두 belief와 실행 제약을 함께 고려한 제한적 거래다.,1,llm_first_response,constraint_maximum_is_one
RN_COMM_ON_20260917_offline_e2e,2026-05-04,90,pm,A003,ltb_A003_t089,stb_A003_t090,analysis_A003_t090,decision_A003_t090,,,2026-05-04,2026-05-04,2026-05-04,09:00,2026-05-04,15:29,2026-05-04,pre_close_cutoff,005930,buy,1,두 belief와 실행 제약을 함께 고려한 제한적 거래다.,1,llm_first_response,constraint_maximum_is_one
RN_COMM_ON_20260917_offline_e2e,2026-05-04,90,pm,A004,ltb_A004_t089,stb_A004_t090,analysis_A004_t090,decision_A004_t090,,,2026-05-04,2026-05-04,2026-05-04,09:00,2026-05-04,15:29,2026-05-04,pre_close_cutoff,005930,buy,1,두 belief와 실행 제약을 함께 고려한 제한적 거래다.,1,llm_first_response,constraint_maximum_is_one
RN_COMM_ON_20260917_offline_e2e,2026-05-04,90,pm,A005,ltb_A005_t089,stb_A005_t090,analysis_A005_t090,decision_A005_t090,,,2026-05-04,2026-05-04,2026-05-04,09:00,2026-05-04,15:29,2026-05-04,pre_close_cutoff,005930,buy,1,두 belief와 실행 제약을 함께 고려한 제한적 거래다.,1,llm_first_response,constraint_maximum_is_one
RN_COMM_ON_20260917_offline_e2e,2026-05-04,90,pm,A006,ltb_A006_t089,stb_A006_t090,analysis_A006_t090,decision_A006_t090,,,2026-05-04,2026-05-04,2026-05-04,09:00,2026-05-04,15:29,2026-05-04,pre_close_cutoff,005930,buy,1,두 belief와 실행 제약을 함께 고려한 제한적 거래다.,1,llm_first_response,constraint_maximum_is_one
RN_COMM_ON_20260917_offline_e2e,2026-05-04,90,pm,A007,ltb_A007_t089,stb_A007_t090,analysis_A007_t090,decision_A007_t090,,,2026-05-04,2026-05-04,2026-05-04,09:00,2026-05-04,15:29,2026-05-04,pre_close_cutoff,005930,buy,1,두 belief와 실행 제약을 함께 고려한 제한적 거래다.,1,llm_first_response,constraint_maximum_is_one
