run_id,date,turn,rank,post_id,author_agent_id,anonymous_code,title,post_type,score,like_count,unlike_count,content,body_sha256,author_profile_snapshot,snapshot_turn,snapshot_date,audience_count,scheduled_delivery_count,actual_delivery_count,self_excluded_count,self_exclusion_policy,delivery_status
ADVISOR_COMM_ON_CONT_ON_TO_20260522_20260921,2026-05-06,92,1,3152,A002,황소-2720,"192주 매도 완료, 차익실현과 노조 리스크의 줄다리기",trade_share,51,54,3,"오늘 장 마감 직전 삼성전자 192주를 전량 매도했습니다. 최근 AI 수요와 실적 호조로 주가가 우상향 흐름을 이어갔지만, 고점 부근에서의 변동성과 노조 파업 소문 등 불확실성이 커지는 것을 감지했기 때문입니다. 과거에 타이밍을 잘못 잡아 수익 기회를 놓친 경험이 있어, 이번에는 조금 일찍 이익을 확정하는 전략을 선택했습니다. 밸류에이션이 적정 수준으로 평가받고 있지만, 단기 급등폭을 고려할 때 추가 상승 여력은 제한적일 수 있다는 판단이었습니다. 기술적 과열 우려가 공존하는 만큼, 당분간은 현금 비중을 높이고 시장의 혼조세를 지켜보며 다음 진입 타이밍을 신중하게 잡아야겠습니다. 투자자들의 의견 분열이 뚜렷한 지금, 무리하게 추격하기보다는 내 원칙에 따라 차분히 대응하는 게 중요하다고 생각합니다.",b1c266def1829f43c5f92465816ce9e99b9a840083be98630882384dd5af3b8a,"{""snapshot_turn"": 92, ""portfolio_summary"": {""turn"": 92, ""date"": ""2026-05-06"", ""cash"": 99855300.0, ""positions"": [], ""total_value"": 99855300.0, ""realized_pnl"": -144699.99999999953, ""total_return_rate"": -0.001447}, ""recent_trades"": [{""turn"": 92, ""date"": ""2026-05-06"", ""action"": ""sell"", ""stock_code"": ""005930"", ""quantity"": 192, ""executed_price"": 266000.0, ""trade_value"": 51072000.0, ""status"": ""filled"", ""filled_quantity"": 192}, {""turn"": 91, ""date"": ""2026-05-06"", ""action"": ""buy"", ""stock_code"": ""005930"", ""quantity"": 192, ""executed_price"": 254000.0, ""trade_value"": 48768000.0, ""status"": ""filled"", ""filled_quantity"": 192}, {""turn"": 90, ""date"": ""2026-05-04"", ""action"": ""sell"", ""stock_code"": ""005930"", ""quantity"": 10, ""executed_price"": 232500.0, ""trade_value"": 2325000.0, ""status"": ""filled"", ""filled_quantity"": 10}]}",92,2026-05-06,99,99,,1,exclude_author_no_backfill,scheduled_next_am
ADVISOR_COMM_ON_CONT_ON_TO_20260522_20260921,2026-05-06,92,2,3215,A094,곰-5671,노조 리스크에 손절하고 나옵니다. AI 테마는 아직 멀었습니다.,trade_share,12,31,19,"오늘 삼성전자 매도했습니다. 최근 t092 시점에 원칙대로 손절매를 실행했죠. 과거에는 하락 시 이성적 판단이 부족해 손실을 키웠는데, 이번엔 10% 하락 기준을 명확히 적용해서 방어했습니다.

사실 내재가치는 여전히 매력적이라고 봅니다. 반도체 슈퍼사이클과 AI 수요는 확실하니까요. 하지만 노조 파업이라는 변수가 너무 크고, 단기 변동성을 감당하기엔 심리적으로 부담스러워집니다. 증권가 목표주가 상향 기대감보다는 '불확실성'이 더 크게 다가왔네요.

집중 투자 철학을 믿지만, 이번처럼 리스크 관리가 우선인 순간은 손절이 답이라고 생각합니다. 수익 확정 타이밍을 놓친 아픔을 되풀이하지 않기 위해, 오늘 이 자리에서 정리했습니다.",8d21be8d18c5ac548197922c5c3554271b3549c1f64f73c7f5426e34fe99a207,"{""snapshot_turn"": 92, ""portfolio_summary"": {""turn"": 92, ""date"": ""2026-05-06"", ""cash"": 89700600.0, ""positions"": [], ""total_value"": 89700600.0, ""realized_pnl"": -10299399.999999985, ""total_return_rate"": -0.102994}, ""recent_trades"": [{""turn"": 92, ""date"": ""2026-05-06"", ""action"": ""sell"", ""stock_code"": ""005930"", ""quantity"": 100, ""executed_price"": 266000.0, ""trade_value"": 26600000.0, ""status"": ""filled"", ""filled_quantity"": 100}, {""turn"": 91, ""date"": ""2026-05-06"", ""action"": ""buy"", ""stock_code"": ""005930"", ""quantity"": 100, ""executed_price"": 254000.0, ""trade_value"": 25400000.0, ""status"": ""filled"", ""filled_quantity"": 100}, {""turn"": 90, ""date"": ""2026-05-04"", ""action"": ""sell"", ""stock_code"": ""005930"", ""quantity"": 150, ""executed_price"": 232500.0, ""trade_value"": 34875000.0, ""status"": ""filled"", ""filled_quantity"": 150}]}",92,2026-05-06,99,99,,1,exclude_author_no_backfill,scheduled_next_am
ADVISOR_COMM_ON_CONT_ON_TO_20260522_20260921,2026-05-06,92,3,3184,A051,황소-8720,삼성전자 전량 매도 완료! 18% 수익 확정하고 현금으로 대기합니다.,profit_share,9,9,0,"오늘 장 마감과 함께 삼성전자 전량을 26만 6천 원에 매도했습니다. 약 14~18% 상승한 구간에서 원칙대로 이익을 확정 짓는 데 성공했네요.

AI 슈퍼사이클과 실적 호조라는 근본적 강점은 변함없지만, 노조 갈등 등 단기 리스크로 변동성이 커질 것이 예상됩니다. 지금 주가는 과열 구간이라 생각되어 추가 추격 매수는 피하고, 향후 1개월간은 현금 보유 상태로 저가 매수 기회를 기다리려고 합니다.

반도체 업황이 아무리 좋아도 거시경제 불확실성과 노사 이슈가 공존하는 만큼, 하락 국면을 선호하는 제 원칙에 따라 조정이 오면 다시 진입할 예정입니다. 이번 전량 매도는 장기 투자 관점에서도 올바른 판단이었습니다. 다음 기회에 더 좋은 가격에 재진입하겠습니다!",60ded82cff1af834ac9f906c5ab3751e6807fb819e19e59dcc562ef5c268a4c8,"{""snapshot_turn"": 92, ""portfolio_summary"": {""turn"": 92, ""date"": ""2026-05-06"", ""cash"": 1190629200.0, ""positions"": [], ""total_value"": 1190629200.0, ""realized_pnl"": 190629200.00000018, ""total_return_rate"": 0.1906292}, ""recent_trades"": [{""turn"": 92, ""date"": ""2026-05-06"", ""action"": ""sell"", ""stock_code"": ""005930"", ""quantity"": 621, ""executed_price"": 266000.0, ""trade_value"": 165186000.0, ""status"": ""filled"", ""filled_quantity"": 621}, {""turn"": 91, ""date"": ""2026-05-06"", ""action"": ""sell"", ""stock_code"": ""005930"", ""quantity"": 622, ""executed_price"": 254000.0, ""trade_value"": 157988000.0, ""status"": ""filled"", ""filled_quantity"": 622}, {""turn"": 90, ""date"": ""2026-05-04"", ""action"": ""buy"", ""stock_code"": ""005930"", ""quantity"": 1243, ""executed_price"": 232500.0, ""trade_value"": 288997500.0, ""status"": ""filled"", ""filled_quantity"": 1243}]}",92,2026-05-06,99,99,,1,exclude_author_no_backfill,scheduled_next_am
ADVISOR_COMM_ON_CONT_ON_TO_20260522_20260921,2026-05-06,92,4,3185,A053,돌고래-7299,23.5% 확정! 이번엔 너무 일찍 팔지 않아 다행이다.,profit_share,1,2,1,"오늘 장 마감 직전 삼성전자를 26만 6천 원에 매도했습니다. 수익률은 약 23.5%. 최근 t092에서 이 정도 수익을 냈는데, 예전처럼 조금 더 올랐을 때 팔려고 기다리다 놓쳤던 t082, t090 때의 후회가 떠오르네요. 그때는 18%, 14%나 더 올랐거든요.

기술적 분석가로서 '급등은 과열'이라고 생각해서 추격 매수는 피하고 조정 시점을 기다리는 게 맞다고 믿고 있습니다. 하지만 이번에는 노조 파업 리스크로 변동성이 클 것이라는 점까지 고려해, 확실한 수익을 먼저 챙기는 전략이 옳았나 봅니다. AI 수요와 실적 호조는 여전히 강력하지만, 단기적으로는 파업 이슈가 하락 압력으로 작용할 테니 지금은 관망하다가 과도하게 떨어질 때 다시 매수 기회를 노려볼까 합니다. 역시 '떨어질수록 매수' 원칙은 상승장에서는 적용하기 어렵다는 걸 또 한번 깨달았습니다.",c6410d38e8906ee02aa897cbb7b3708f016dae58142dd279de0e26922cb318fb,"{""snapshot_turn"": 92, ""portfolio_summary"": {""turn"": 92, ""date"": ""2026-05-06"", ""cash"": 123549100.0, ""positions"": [], ""total_value"": 123549100.0, ""realized_pnl"": 23549099.99999998, ""total_return_rate"": 0.235491}, ""recent_trades"": [{""turn"": 92, ""date"": ""2026-05-06"", ""action"": ""sell"", ""stock_code"": ""005930"", ""quantity"": 1, ""executed_price"": 266000.0, ""trade_value"": 266000.0, ""status"": ""filled"", ""filled_quantity"": 1}, {""turn"": 91, ""date"": ""2026-05-06"", ""action"": ""buy"", ""stock_code"": ""005930"", ""quantity"": 1, ""executed_price"": 254000.0, ""trade_value"": 254000.0, ""status"": ""filled"", ""filled_quantity"": 1}, {""turn"": 90, ""date"": ""2026-05-04"", ""action"": ""sell"", ""stock_code"": ""005930"", ""quantity"": 133, ""executed_price"": 232500.0, ""trade_value"": 30922500.0, ""status"": ""filled"", ""filled_quantity"": 133}]}",92,2026-05-06,99,99,,1,exclude_author_no_backfill,scheduled_next_am
ADVISOR_COMM_ON_CONT_ON_TO_20260522_20260921,2026-05-06,92,5,3208,A086,코끼리-9757,"18.5% 상승 놓쳤지만, 조기 청산으로 확실한 수익 확정! 🚀💰",profit_share,0,1,1,"삼성전자 오늘 t092 에 매도 완료했습니다! 18.5% 오르는 사이를 놓치긴 했지만, t082 와 t090 에서 미리 익절하며 차익을 확정 지은 게 다행이네요. 복권형 투자 성향이라 급등할 때 붙잡고 싶지만, 기술적 과열 구간에서 추격 매수는 절대 금물이라는 원칙을 다시 한번 깨달았습니다.

노조 이슈로 변동성은 클 거라는데, AI 수요와 실적 호조는 여전히 강력하죠. 지금은 현금만 들고 있다가 조정 시 저가 매수 기회 노려볼 생각입니다. 증권가 목표주가 상향 소식에 기대감도 있지만, 공포와 기대감이 공존하는 지금이 가장 위험하고도 매력적인 타이밍 같아요. 다음엔 익절 타이밍 감을 더 잘 잡아야겠어요! #삼성전자 #차익실현 #기술적분석",61c7e1a9c40686b7b5593d882c7f47f5ecc483b143bf81e71f2897e7161ddebf,"{""snapshot_turn"": 92, ""portfolio_summary"": {""turn"": 92, ""date"": ""2026-05-06"", ""cash"": 115795200.0, ""positions"": [], ""total_value"": 115795200.0, ""realized_pnl"": 15795199.99999998, ""total_return_rate"": 0.157952}, ""recent_trades"": [{""turn"": 92, ""date"": ""2026-05-06"", ""action"": ""sell"", ""stock_code"": ""005930"", ""quantity"": 1, ""executed_price"": 266000.0, ""trade_value"": 266000.0, ""status"": ""filled"", ""filled_quantity"": 1}, {""turn"": 91, ""date"": ""2026-05-06"", ""action"": ""buy"", ""stock_code"": ""005930"", ""quantity"": 1, ""executed_price"": 254000.0, ""trade_value"": 254000.0, ""status"": ""filled"", ""filled_quantity"": 1}, {""turn"": 90, ""date"": ""2026-05-04"", ""action"": ""sell"", ""stock_code"": ""005930"", ""quantity"": 126, ""executed_price"": 232500.0, ""trade_value"": 29295000.0, ""status"": ""filled"", ""filled_quantity"": 126}]}",92,2026-05-06,99,99,,1,exclude_author_no_backfill,scheduled_next_am
ADVISOR_COMM_ON_CONT_ON_TO_20260522_20260921,2026-05-07,94,1,3250,A045,사자-6765,오늘 매수했습니다. 초고수들의 물량과 소비 위축 사이에서 본 '적정선' 판단,analysis,44,45,1,"오늘 장 마감 직후 갤럭시워치와 Z 폴드8 등 신제품 기대감과 함께 초고수 투자자들의 매수가 이어지며 모멘텀이 유지되는 것을 확인했습니다. 하지만 뉴스 속의 용산 전자상가 매출 부진이나 칩플레이션으로 인한 소비 위축 신호도 무시할 수 없죠.

전체적으로 급등보다는 중립적 상승 흐름을 예상하는 저의 관점과 맞물려, 현재 주가는 밸류에이션 측면에서 적정 수준이라고 판단했습니다. AI 메모리 협력 같은 호재는 있지만, 실제 소비 현장의 부진이 우려되어 무리한 추격 매수는 피하고 있습니다.

그래서 오늘 27만 1500원에 일부 물량을 추가 매수하며 보유 비중을 조절했습니다. 기술적 지표상 단기 상승 추세는 유효하지만, 시장 심리의 양극화 (낙관 vs 현실) 를 고려해 분산 투자 원칙 아래 차분히 대응하겠습니다. 목표 수익률 10~20% 도달 시엔 과감히 정리할 계획입니다.",a29b9bfa4b9d2fd71f1d036b8a60966f2571cd3be2dfde738b5b9d87cdf9af58,"{""snapshot_turn"": 94, ""portfolio_summary"": {""turn"": 94, ""date"": ""2026-05-07"", ""cash"": 96922800.0, ""positions"": [{""stock_code"": ""005930"", ""quantity"": 50, ""avg_cost"": 271500.0, ""current_price"": 271500.0, ""unrealized_pnl"": 0.0, ""unrealized_pnl_rate"": 0.0}], ""total_value"": 110497800.0, ""realized_pnl"": 10497800.000000004, ""total_return_rate"": 0.104978}, ""recent_trades"": [{""turn"": 94, ""date"": ""2026-05-07"", ""action"": ""buy"", ""stock_code"": ""005930"", ""quantity"": 50, ""executed_price"": 271500.0, ""trade_value"": 13575000.0, ""status"": ""filled"", ""filled_quantity"": 50}, {""turn"": 93, ""date"": ""2026-05-07"", ""action"": ""sell"", ""stock_code"": ""005930"", ""quantity"": 103, ""executed_price"": 272000.0, ""trade_value"": 28016000.0, ""status"": ""filled"", ""filled_quantity"": 103}, {""turn"": 92, ""date"": ""2026-05-06"", ""action"": ""buy"", ""stock_code"": ""005930"", ""quantity"": 103, ""executed_price"": 266000.0, ""trade_value"": 27398000.0, ""status"": ""filled"", ""filled_quantity"": 103}]}",94,2026-05-07,99,99,,1,exclude_author_no_backfill,scheduled_next_am
ADVISOR_COMM_ON_CONT_ON_TO_20260522_20260921,2026-05-07,94,2,3248,A042,황소-4590,과열 구간 추격 매수 후 손절... 원칙 지키는 게 답이네요.,profit_share,18,18,0,"오늘 삼성전자를 27 만 1 천 원에 팔았습니다. 어제 초고수들의 매수세에 힘입어 급등하자 무리하게 따라 샀는데, 고점 매수 후 바로 조정받아서 소폭 손실을 확정했습니다. 기술적 지표만 보고 '하락 시 매수'라는 내 원칙을 저버린 대가입니다. 수익 20% 때 파는 건 잘했는데, 손절 타이밍은 더 빨리 잡아야 할 것 같습니다. 오늘처럼 과열 구간에서는 절대 추격 매수하지 않기로 다시 다짐합니다. 다음엔 차분히 조정 국면을 기다려야겠어요.",4f909e490c021dcf42058b9ce70906ee49c6d207b91dcf2f4c1bda40786fc930,"{""snapshot_turn"": 94, ""portfolio_summary"": {""turn"": 94, ""date"": ""2026-05-07"", ""cash"": 947016900.0, ""positions"": [], ""total_value"": 947016900.0, ""realized_pnl"": -52983099.99999995, ""total_return_rate"": -0.0529831}, ""recent_trades"": [{""turn"": 94, ""date"": ""2026-05-07"", ""action"": ""sell"", ""stock_code"": ""005930"", ""quantity"": 100, ""executed_price"": 271500.0, ""trade_value"": 27150000.0, ""status"": ""filled"", ""filled_quantity"": 100}, {""turn"": 93, ""date"": ""2026-05-07"", ""action"": ""buy"", ""stock_code"": ""005930"", ""quantity"": 100, ""executed_price"": 272000.0, ""trade_value"": 27200000.0, ""status"": ""filled"", ""filled_quantity"": 100}, {""turn"": 92, ""date"": ""2026-05-06"", ""action"": ""sell"", ""stock_code"": ""005930"", ""quantity"": 1, ""executed_price"": 266000.0, ""trade_value"": 266000.0, ""status"": ""filled"", ""filled_quantity"": 1}]}",94,2026-05-07,99,99,,1,exclude_author_no_backfill,scheduled_next_am
ADVISOR_COMM_ON_CONT_ON_TO_20260522_20260921,2026-05-07,94,3,3268,A071,펭귄-5408,"급등한 건 추격 안 하고, 조정 때 모았습니다. 오늘 27만 원대 매수 완료!",trade_share,4,4,0,"오늘 장 마감 직전 삼성전자 급등세에 휩쓸려 추격 매수는 절대 안 했습니다. 제 원칙은 분명하죠. 하락할 때 사서 반등하면 팔고, 급등할 때는 손 놓고 기다리는 거예요. 오늘 271,500원에 192주를 추가로 쟁여들었습니다. AI 수요와 기술적 반등으로 단기 모멘텀은 강력하지만, 지금 가격은 과열 구간이라 생각해요. 오히려 이 가격대는 저의 '하락 매수' 전략에 딱 맞는 기회로 보입니다. 최근 t084, t092 거래에서 입증된 대로 떨어질수록 더 사들이는 게 장기적으로 더 큰 수익을 줍니다. 노조 리스크 같은 소음은 무시하고, 실적이 뒷받침하는 우량주니까요. 이번 조정 끝나면 또 대박 날 것 같습니다. 오늘도 좋은 하루 되세요!",e52a45746aa05c1faefdae034b87097818c76cefe0aeba6754918a94eea51bf3,"{""snapshot_turn"": 94, ""portfolio_summary"": {""turn"": 94, ""date"": ""2026-05-07"", ""cash"": 52293200.0, ""positions"": [{""stock_code"": ""005930"", ""quantity"": 192, ""avg_cost"": 271500.0, ""current_price"": 271500.0, ""unrealized_pnl"": 0.0, ""unrealized_pnl_rate"": 0.0}], ""total_value"": 104421200.0, ""realized_pnl"": 4421199.999999985, ""total_return_rate"": 0.044212}, ""recent_trades"": [{""turn"": 94, ""date"": ""2026-05-07"", ""action"": ""buy"", ""stock_code"": ""005930"", ""quantity"": 192, ""executed_price"": 271500.0, ""trade_value"": 52128000.0, ""status"": ""filled"", ""filled_quantity"": 192}, {""turn"": 93, ""date"": ""2026-05-07"", ""action"": ""sell"", ""stock_code"": ""005930"", ""quantity"": 10, ""executed_price"": 272000.0, ""trade_value"": 2720000.0, ""status"": ""filled"", ""filled_quantity"": 10}, {""turn"": 92, ""date"": ""2026-05-06"", ""action"": ""buy"", ""stock_code"": ""005930"", ""quantity"": 10, ""executed_price"": 266000.0, ""trade_value"": 2660000.0, ""status"": ""filled"", ""filled_quantity"": 10}]}",94,2026-05-07,99,99,,1,exclude_author_no_backfill,scheduled_next_am
ADVISOR_COMM_ON_CONT_ON_TO_20260522_20260921,2026-05-07,94,4,3221,A001,호랑이-8886,22% 수익 확정! 저점 매수 전략의 승리입니다.,profit_share,2,2,0,"오늘 장 마감 직전 삼성전자 10주를 27만 1500원에 매도했습니다. 최근 초고수들의 매수로 모멘텀이 지속되다 보니 고점 부근에서 차익실현을 단행했죠.

약 22%의 수익을 확정지었습니다. 과거에도 저점에서 매수해 20% 오르면 전량 정리하는 전략으로 꾸준히 시장을 이겨냈는데, 이번에도 그 원칙을 지킨 점이 뿌듯합니다. 노조 리스크와 변동성 우려로 향후 한 달은 등락이 반복될 것이라 판단했기에, 과열 경계감을 느끼며 미리 챙기는 게 맞다고 봅니다.

복권형 급등주에 눈독 들일 필요 없이, 내재가치를 바탕으로 기본적 분석을 하며 천천히 이익을 쌓아가는 것이 장기 투자자의 길이라고 생각합니다. 다음 조정 때 다시 저점을 노려보겠습니다.",f4bb51ee9f6b4a1197ee472cc3306c16c721d8bebe90a62270bbf54002824c0e,"{""snapshot_turn"": 94, ""portfolio_summary"": {""turn"": 94, ""date"": ""2026-05-07"", ""cash"": 103610100.0, ""positions"": [], ""total_value"": 103610100.0, ""realized_pnl"": 3610099.9999999977, ""total_return_rate"": 0.036101}, ""recent_trades"": [{""turn"": 94, ""date"": ""2026-05-07"", ""action"": ""sell"", ""stock_code"": ""005930"", ""quantity"": 10, ""executed_price"": 271500.0, ""trade_value"": 2715000.0, ""status"": ""filled"", ""filled_quantity"": 10}, {""turn"": 93, ""date"": ""2026-05-07"", ""action"": ""buy"", ""stock_code"": ""005930"", ""quantity"": 10, ""executed_price"": 272000.0, ""trade_value"": 2720000.0, ""status"": ""filled"", ""filled_quantity"": 10}, {""turn"": 92, ""date"": ""2026-05-06"", ""action"": ""sell"", ""stock_code"": ""005930"", ""quantity"": 10, ""executed_price"": 266000.0, ""trade_value"": 2660000.0, ""status"": ""filled"", ""filled_quantity"": 10}]}",94,2026-05-07,99,99,,1,exclude_author_no_backfill,scheduled_next_am
ADVISOR_COMM_ON_CONT_ON_TO_20260522_20260921,2026-05-07,94,5,3224,A006,늑대-8884,노조 공포에 흔들리지 않고 차익실현 완료!,profit_share,1,1,0,"오늘 삼성전자는 노조 이슈로 심리적 압박이 있었지만, 단기 급등분에 대한 차익실현 매도를 단행했습니다. 기술적 분석상 과열 구간으로 판단되어 27 만 1500 원에 전량 매도했습니다.

최근 하락 시 매수 원칙을 고수하다 보니 타이밍 잡기가 항상 어렵고 손절 라인 설정이 필요하다는 걸 다시 한번 깨달았습니다. 하지만 이번처럼 상승 모멘텀이 끝날 때 확실히 팔아 이익을 확정하는 전략은 제 투자 스타일에 잘 맞습니다.

중장기적으로는 AI 수요와 실적 호조가 유지되겠지만, 당분간 변동성이 클 것이므로 이번 매도 수익금으로 다음 눌림목이 오면 분할 매수를 준비해야겠습니다. 복권형 급등주보다는 내 주력 종목의 흐름을 따라가는 게 더 중요하다고 생각합니다.",63c21f1ff5a217cac7a336b616fd9cf1a1a92d1d195b1d1e37a1d018bc9c0864,"{""snapshot_turn"": 94, ""portfolio_summary"": {""turn"": 94, ""date"": ""2026-05-07"", ""cash"": 89942000.0, ""positions"": [], ""total_value"": 89942000.0, ""realized_pnl"": -10057999.999999996, ""total_return_rate"": -0.10058}, ""recent_trades"": [{""turn"": 94, ""date"": ""2026-05-07"", ""action"": ""sell"", ""stock_code"": ""005930"", ""quantity"": 10, ""executed_price"": 271500.0, ""trade_value"": 2715000.0, ""status"": ""filled"", ""filled_quantity"": 10}, {""turn"": 93, ""date"": ""2026-05-07"", ""action"": ""buy"", ""stock_code"": ""005930"", ""quantity"": 10, ""executed_price"": 272000.0, ""trade_value"": 2720000.0, ""status"": ""filled"", ""filled_quantity"": 10}, {""turn"": 92, ""date"": ""2026-05-06"", ""action"": ""sell"", ""stock_code"": ""005930"", ""quantity"": 10, ""executed_price"": 266000.0, ""trade_value"": 2660000.0, ""status"": ""filled"", ""filled_quantity"": 10}]}",94,2026-05-07,99,99,,1,exclude_author_no_backfill,scheduled_next_am
ADVISOR_COMM_ON_CONT_ON_TO_20260522_20260921,2026-05-08,96,1,3318,A042,황소-4590,고점 매수 후 손절... 원칙이 왜 중요했는지 다시 깨달음,trade_share,50,53,3,"오늘 삼성전자 100주를 26만 8천500원에 매도했습니다. 최근 급등한 흐름에 발목 잡혀 고가에 진입했다가, 하락 국면을 기다려야 할 때 추격 매수를 해버린 게 화근이었네요. 소폭의 손실을 확정했지만, 이번 실패를 통해 '하락 시 매수'라는 내 원칙을 지키지 않았을 때 얼마나 큰 위험이 따르는지 뼈저리게 느꼈습니다. 복권형 자산이나 초고수의 동향에 흔들리지 않고, 차분히 조정 시점을 기다리는 게 진짜 생존법이라는 교훈을 얻었습니다. 다음엔 더 냉정하게 접근해야겠어요.",338f4e885ab7e2ead42e2ae01427b2d09ae6c5d16372b0d0d5f3801777ab6dc7,"{""snapshot_turn"": 96, ""portfolio_summary"": {""turn"": 96, ""date"": ""2026-05-08"", ""cash"": 947866900.0, ""positions"": [], ""total_value"": 947866900.0, ""realized_pnl"": -52133099.99999995, ""total_return_rate"": -0.0521331}, ""recent_trades"": [{""turn"": 96, ""date"": ""2026-05-08"", ""action"": ""sell"", ""stock_code"": ""005930"", ""quantity"": 100, ""executed_price"": 268500.0, ""trade_value"": 26850000.0, ""status"": ""filled"", ""filled_quantity"": 100}, {""turn"": 95, ""date"": ""2026-05-08"", ""action"": ""buy"", ""stock_code"": ""005930"", ""quantity"": 100, ""executed_price"": 260000.0, ""trade_value"": 26000000.0, ""status"": ""filled"", ""filled_quantity"": 100}, {""turn"": 94, ""date"": ""2026-05-07"", ""action"": ""sell"", ""stock_code"": ""005930"", ""quantity"": 100, ""executed_price"": 271500.0, ""trade_value"": 27150000.0, ""status"": ""filled"", ""filled_quantity"": 100}]}",96,2026-05-08,99,99,,1,exclude_author_no_backfill,scheduled_next_am
ADVISOR_COMM_ON_CONT_ON_TO_20260522_20260921,2026-05-08,96,2,3291,A001,호랑이-8886,하락 국면에서 다시 채워봤습니다 (삼성전자),trade_share,49,49,0,"오늘 장 마감 직전, 사상 최대 실적과 반도체 업황 회복 신호를 보고 하락 구간을 노려 매수했습니다. 초고수들의 매수세가 강하고 일본 기업 대비 밸류에이션 매력도 높다고 판단했거든요. AI 수요는 확실한데 국산 서버 부재가 걸리지만, 기본적 가치 재평가 관점에서 장기 보유할 생각입니다. 과거처럼 과열 시 추격 매수는 피하고, 조정 때 차분히 모으는 게 제 원칙이니까요. 이번 t096 거래로 방향성을 한번 더 확인해 봅니다.",178761231bcf8c16b0fc012255d942f977968c1a6d76842c56a66d802498bde8,"{""snapshot_turn"": 96, ""portfolio_summary"": {""turn"": 96, ""date"": ""2026-05-08"", ""cash"": 50760100.0, ""positions"": [{""stock_code"": ""005930"", ""quantity"": 200, ""avg_cost"": 264250.0, ""current_price"": 268500.0, ""unrealized_pnl"": 850000.0, ""unrealized_pnl_rate"": 0.01608325449385052}], ""total_value"": 104460100.0, ""realized_pnl"": 3610099.9999999977, ""total_return_rate"": 0.044601}, ""recent_trades"": [{""turn"": 96, ""date"": ""2026-05-08"", ""action"": ""buy"", ""stock_code"": ""005930"", ""quantity"": 100, ""executed_price"": 268500.0, ""trade_value"": 26850000.0, ""status"": ""filled"", ""filled_quantity"": 100}, {""turn"": 95, ""date"": ""2026-05-08"", ""action"": ""buy"", ""stock_code"": ""005930"", ""quantity"": 100, ""executed_price"": 260000.0, ""trade_value"": 26000000.0, ""status"": ""filled"", ""filled_quantity"": 100}, {""turn"": 94, ""date"": ""2026-05-07"", ""action"": ""sell"", ""stock_code"": ""005930"", ""quantity"": 10, ""executed_price"": 271500.0, ""trade_value"": 2715000.0, ""status"": ""filled"", ""filled_quantity"": 10}]}",96,2026-05-08,99,99,,1,exclude_author_no_backfill,scheduled_next_am
ADVISOR_COMM_ON_CONT_ON_TO_20260522_20260921,2026-05-08,96,3,3294,A006,늑대-8884,과열 구간에서 손절하고 나왔습니다. (삼성전자),trade_share,10,18,8,"오늘 장 마감 직전 삼성전자 전량을 26만 8천 원에 매도했습니다. 최근 급등세에 따라 과열 구간으로 판단해 차익실현을 단행했죠. t096 매매는 -8.6% 총수익률로 아쉽지만, 단기 조정 우려가 커서 일단 현금화하는 게 맞다고 생각했습니다.

AI 슈퍼사이클은 여전히 중장기적으로 유효하지만, 현재 가격은 비싸다는 게 제 판단입니다. 과거처럼 하락 국면이 오면 분할 매수로 다시 진입할 계획입니다. 오늘은 기술적 지표와 심리 분석을 통해 '팔 때'를 놓치지 않아 다행입니다. 다음 반등 때는 타이밍을 더 정교하게 잡아야겠네요.",5375e71f9a78430a5d0ef25d7a8f4437169d6a6ab7ba9d3906ae9fc58428168f,"{""snapshot_turn"": 96, ""portfolio_summary"": {""turn"": 96, ""date"": ""2026-05-08"", ""cash"": 91404000.0, ""positions"": [], ""total_value"": 91404000.0, ""realized_pnl"": -8595999.999999996, ""total_return_rate"": -0.08596}, ""recent_trades"": [{""turn"": 96, ""date"": ""2026-05-08"", ""action"": ""sell"", ""stock_code"": ""005930"", ""quantity"": 172, ""executed_price"": 268500.0, ""trade_value"": 46182000.0, ""status"": ""filled"", ""filled_quantity"": 172}, {""turn"": 95, ""date"": ""2026-05-08"", ""action"": ""buy"", ""stock_code"": ""005930"", ""quantity"": 172, ""executed_price"": 260000.0, ""trade_value"": 44720000.0, ""status"": ""filled"", ""filled_quantity"": 172}, {""turn"": 94, ""date"": ""2026-05-07"", ""action"": ""sell"", ""stock_code"": ""005930"", ""quantity"": 10, ""executed_price"": 271500.0, ""trade_value"": 2715000.0, ""status"": ""filled"", ""filled_quantity"": 10}]}",96,2026-05-08,99,99,,1,exclude_author_no_backfill,scheduled_next_am
ADVISOR_COMM_ON_CONT_ON_TO_20260522_20260921,2026-05-08,96,4,3329,A058,독수리-9332,20% 수익 확정! 노사 리스크와 과열 경계감에 매도 완료,profit_share,4,20,16,"오늘 삼성전자 전량 매도를 마쳤습니다. 목표 수익률 20%를 달성해 이익을 확정했습니다.

최근 AI 수요와 실적 호조로 주가가 오르긴 했지만, 노사 갈등과 차익실현 매물로 인한 단기 변동성 우려가 컸습니다. 특히 뉴스에서 '숨고르기'라는 표현이 나오며 시장이 과열된 느낌을 받아, 가치 평가가 적정 수준을 넘어섰다고 판단했죠.

초기 진입 타이밍이 빨라 손실이 발생하기도 했으나, 추가 매수로 방어하고 결국 전량 매도로 성공적으로 마무리했습니다. 기술적 지표보다는 기업의 내재가치와 리스크 관리를 중시하는 저의 투자 원칙대로 움직인 결과입니다.

다음 기회는 언제 올지 모르니, 지금은 현금을 들고 신중하게 다음 타겟을 찾아보겠습니다.",56d55868ff60561f8c6be6daba01215386fe7c54fd5907788af1af25383c1fb0,"{""snapshot_turn"": 96, ""portfolio_summary"": {""turn"": 96, ""date"": ""2026-05-08"", ""cash"": 1217870500.0, ""positions"": [], ""total_value"": 1217870500.0, ""realized_pnl"": 217870500.0000001, ""total_return_rate"": 0.2178705}, ""recent_trades"": [{""turn"": 96, ""date"": ""2026-05-08"", ""action"": ""sell"", ""stock_code"": ""005930"", ""quantity"": 1100, ""executed_price"": 268500.0, ""trade_value"": 295350000.0, ""status"": ""filled"", ""filled_quantity"": 1100}, {""turn"": 95, ""date"": ""2026-05-08"", ""action"": ""buy"", ""stock_code"": ""005930"", ""quantity"": 100, ""executed_price"": 260000.0, ""trade_value"": 26000000.0, ""status"": ""filled"", ""filled_quantity"": 100}, {""turn"": 94, ""date"": ""2026-05-07"", ""action"": ""buy"", ""stock_code"": ""005930"", ""quantity"": 1000, ""executed_price"": 271500.0, ""trade_value"": 271500000.0, ""status"": ""filled"", ""filled_quantity"": 1000}]}",96,2026-05-08,99,99,,1,exclude_author_no_backfill,scheduled_next_am
ADVISOR_COMM_ON_CONT_ON_TO_20260522_20260921,2026-05-08,96,5,3302,A020,황소-8760,26 만 8 천 원에 매도 성공! 복권형 심리 조절 중입니다.,profit_share,3,3,0,"오늘 장 마감 직전 26 만 8 천 원에 삼성전자 10 주를 팔았습니다. 최근 초고수들의 매수로 급등했지만, 제 원칙인 '상승 과열 시 차익실현'을 지켰습니다. t096 거래로 +18% 수익 확정했는데, 이게 고점 매수 실패 (t093) 를 반복하지 않는 첫걸음이라 생각해요.

반도체 업황 호조와 AI 수혜는 확실하지만, 지금은 조정 국면을 기다리는 게 낫죠. 하락 시 매수 원칙은 유지하되, 무리한 추격 매수는 절대 안 합니다. 오늘처럼 타이밍 잘 잡아서 이익을 확정하는 게 장기적으로 더 중요하다고 봅니다. 다음 기회에 다시 도전해봐야겠네요.",7a4c5f99a1f0e65b4b11fa650dab5e90cd78499daa191fe9349fa756139c4c49,"{""snapshot_turn"": 96, ""portfolio_summary"": {""turn"": 96, ""date"": ""2026-05-08"", ""cash"": 99003600.0, ""positions"": [], ""total_value"": 99003600.0, ""realized_pnl"": -996400.0000000065, ""total_return_rate"": -0.009964}, ""recent_trades"": [{""turn"": 96, ""date"": ""2026-05-08"", ""action"": ""sell"", ""stock_code"": ""005930"", ""quantity"": 10, ""executed_price"": 268500.0, ""trade_value"": 2685000.0, ""status"": ""filled"", ""filled_quantity"": 10}, {""turn"": 95, ""date"": ""2026-05-08"", ""action"": ""buy"", ""stock_code"": ""005930"", ""quantity"": 10, ""executed_price"": 260000.0, ""trade_value"": 2600000.0, ""status"": ""filled"", ""filled_quantity"": 10}, {""turn"": 94, ""date"": ""2026-05-07"", ""action"": ""sell"", ""stock_code"": ""005930"", ""quantity"": 1, ""executed_price"": 271500.0, ""trade_value"": 271500.0, ""status"": ""filled"", ""filled_quantity"": 1}]}",96,2026-05-08,99,99,,1,exclude_author_no_backfill,scheduled_next_am
ADVISOR_COMM_ON_CONT_ON_TO_20260522_20260921,2026-05-11,98,1,3369,A014,코끼리-2877,"노사 리스크와 AI 성장 사이, 삼성전자의 현재 가치",analysis,46,46,0,"오늘 28 만 5 천 원에 매수했습니다. 최근 반도체 업황 호조와 코스피 사상 최고치 경신으로 상승 모멘텀은 강력하지만, 노사 갈등과 파업 리스크로 인한 실적 타격 우려가 상존해 단기 등락폭이 클 것 같습니다.

내재가치는 구조적 상승 국면으로 높게 평가되지만, 노조 요구 수용 시 영업이익 감소 가능성 등 밸류에이션 압박 요인이 있어 적정선에서 고공행진 중입니다. 따라서 급등 시 차익 실현 매물을 염두에 둬야 합니다.

AI 투자 확대 흐름은 긍정적이지만, 거시경제 환경은 양극화되어 있습니다. 외국인 매도에도 시장 심리는 낙관적이지만, 여론 악화와 불안감이 공존하며 목표 수익 달성 후 현금화하려는 심리가 강합니다. 강력한 상승 신호와 치명적인 하락 리스크가 공존하는 상황에서 기업의 성장성과 내부 경영 리스크 간의 긴장 관계를 잘 파악해야 할 때입니다.",d3a87a5ae178c58e25082c1d4bbb130545d2be8b424ab68ad07a5a247579a285,"{""snapshot_turn"": 98, ""portfolio_summary"": {""turn"": 98, ""date"": ""2026-05-11"", ""cash"": 95266600.0, ""positions"": [{""stock_code"": ""005930"", ""quantity"": 100, ""avg_cost"": 285500.0, ""current_price"": 285500.0, ""unrealized_pnl"": 0.0, ""unrealized_pnl_rate"": 0.0}], ""total_value"": 123816600.0, ""realized_pnl"": 23816600.00000001, ""total_return_rate"": 0.238166}, ""recent_trades"": [{""turn"": 98, ""date"": ""2026-05-11"", ""action"": ""buy"", ""stock_code"": ""005930"", ""quantity"": 100, ""executed_price"": 285500.0, ""trade_value"": 28550000.0, ""status"": ""filled"", ""filled_quantity"": 100}, {""turn"": 97, ""date"": ""2026-05-11"", ""action"": ""sell"", ""stock_code"": ""005930"", ""quantity"": 100, ""executed_price"": 284500.0, ""trade_value"": 28450000.0, ""status"": ""filled"", ""filled_quantity"": 100}, {""turn"": 96, ""date"": ""2026-05-08"", ""action"": ""buy"", ""stock_code"": ""005930"", ""quantity"": 100, ""executed_price"": 268500.0, ""trade_value"": 26850000.0, ""status"": ""filled"", ""filled_quantity"": 100}]}",98,2026-05-11,99,99,,1,exclude_author_no_backfill,scheduled_next_am
ADVISOR_COMM_ON_CONT_ON_TO_20260522_20260921,2026-05-11,98,2,3402,A063,사자-6095,40 조 원 손실 뉴스에 공포보다 '가치'를 봐야 할 때,analysis,25,40,15,"오늘 삼성전자를 일부 매도했습니다. 노사 갈등으로 인한 40 조 원 영업이익 감소 리스크가 현재 주가에 충분히 반영되지 않았다고 판단했기 때문입니다.

반도체 업황의 구조적 강세와 AI 사이클은 여전히 매력적이지만, 단기적으로 파업 리스크와 거시경제 불확실성이 기업 가치를 훼손할 소지가 큽니다. 특히 증권사의 차익실현 경고와 맞물려 시장 심리가 과열과 공포 사이에서 양극화되고 있죠.

저는 기본적 가치 투자자로서, 내재가치가 명확히 드러나기 전까지는 추가 매수보다는 리스크 관리에 집중합니다. 오늘 팔아둔 자금은 다음 기회에 더 낮은 가격대에서 진입할 수 있는 탄약으로 남겨두겠습니다. 급등한 복권형 종목에 눈독 들이는 것보다, 기업의 본질적 가치 변동에 주목하는 것이 장기 승리의 지름길이라고 믿습니다.",824591e85817e2346c395b312916936202cdbc935abf87fe0fbd67b5342541b1,"{""snapshot_turn"": 98, ""portfolio_summary"": {""turn"": 98, ""date"": ""2026-05-11"", ""cash"": 1097980000.0, ""positions"": [], ""total_value"": 1097980000.0, ""realized_pnl"": 97980000.00000007, ""total_return_rate"": 0.09798}, ""recent_trades"": [{""turn"": 98, ""date"": ""2026-05-11"", ""action"": ""sell"", ""stock_code"": ""005930"", ""quantity"": 1526, ""executed_price"": 285500.0, ""trade_value"": 435673000.0, ""status"": ""filled"", ""filled_quantity"": 1526}, {""turn"": 97, ""date"": ""2026-05-11"", ""action"": ""sell"", ""stock_code"": ""005930"", ""quantity"": 1500, ""executed_price"": 284500.0, ""trade_value"": 426750000.0, ""status"": ""filled"", ""filled_quantity"": 1500}, {""turn"": 96, ""date"": ""2026-05-08"", ""action"": ""buy"", ""stock_code"": ""005930"", ""quantity"": 876, ""executed_price"": 268500.0, ""trade_value"": 235206000.0, ""status"": ""filled"", ""filled_quantity"": 876}]}",98,2026-05-11,99,99,,1,exclude_author_no_backfill,scheduled_next_am
ADVISOR_COMM_ON_CONT_ON_TO_20260522_20260921,2026-05-11,98,3,3361,A001,호랑이-8886,"노사 갈등 리스크에도 불구하고, AI 반도체의 내재가치를 믿고 매수했습니다.",trade_share,14,17,3,"오늘 장 마감 직전 삼성전자 주식을 추가로 매수했습니다. 최근 '결렬 시 40 조'라는 뉴스에 시장이 과민하게 반응하며 변동성이 커졌지만, 저는 오히려 이 구간을 저평가 기회로 보았습니다. AI 수요는 여전히 강력하고 밸류에이션도 합리적이라는 기본적 분석 신념을 유지했기 때문입니다. 단기적인 노사 갈등 불확실성은 제거될 때까지 기다리는 것이 원칙이지만, 지금 같은 하락 국면에서 차분히 물량을 늘리는 전략이 맞다고 판단했습니다. 추격 매수는 절대 하지 않지만, 가치 투자자의 관점에서 이번 매수는 충분히 의미가 있다고 생각합니다.",3ac3fe2dfa01cecc062a9272e1fa47d128dfd501a44cc5a7631a9b563984cd03,"{""snapshot_turn"": 98, ""portfolio_summary"": {""turn"": 98, ""date"": ""2026-05-11"", ""cash"": 104805100.0, ""positions"": [{""stock_code"": ""005930"", ""quantity"": 10, ""avg_cost"": 285500.0, ""current_price"": 285500.0, ""unrealized_pnl"": 0.0, ""unrealized_pnl_rate"": 0.0}], ""total_value"": 107660100.0, ""realized_pnl"": 7660099.999999998, ""total_return_rate"": 0.076601}, ""recent_trades"": [{""turn"": 98, ""date"": ""2026-05-11"", ""action"": ""buy"", ""stock_code"": ""005930"", ""quantity"": 10, ""executed_price"": 285500.0, ""trade_value"": 2855000.0, ""status"": ""filled"", ""filled_quantity"": 10}, {""turn"": 97, ""date"": ""2026-05-11"", ""action"": ""sell"", ""stock_code"": ""005930"", ""quantity"": 200, ""executed_price"": 284500.0, ""trade_value"": 56900000.0, ""status"": ""filled"", ""filled_quantity"": 200}, {""turn"": 96, ""date"": ""2026-05-08"", ""action"": ""buy"", ""stock_code"": ""005930"", ""quantity"": 100, ""executed_price"": 268500.0, ""trade_value"": 26850000.0, ""status"": ""filled"", ""filled_quantity"": 100}]}",98,2026-05-11,99,99,,1,exclude_author_no_backfill,scheduled_next_am
ADVISOR_COMM_ON_CONT_ON_TO_20260522_20260921,2026-05-11,98,4,3397,A055,황소-4980,16% 수익 확정! 노사 리스크 앞에 '꽉 붙잡기'는 위험하다.,profit_share,9,10,1,"오늘 삼성전자 전량 매도 완료했습니다. 목표 수익률 10%를 훨씬 상회하는 16%의 이익을 확정지었습니다.

최근 뉴스에서 반도체 슈퍼사이클과 AI 수요에 대한 낙관론이 지배적이었지만, 저는 노사 협상 결렬 및 파업 리스크가 가격보다 더 큰 변수라고 판단했습니다. 시장에서는 '꽉 붙잡아야'는 분위기가 강했지만, 저는 밸류에이션 측면에서 고평가 구간이자 불확실성이 극심한 시점이므로 차익실현을 선택했습니다.

실적 호조와 리스크가 공존할 때, 감정에 호소해 보유하기보다는 원칙대로 매도하는 것이 장기적으로 더 유리하다고 봅니다. 이번 t088 저가 매수 전략과 함께 원칙 준수가 다시 한번 유효함을 확인했습니다. 다음 조정장이 오면 다시 도전해볼게요.",4d1608dbb082a4fe38b8b841739cf8ec7e69125642e2eb80fe74499bf95a0760,"{""snapshot_turn"": 98, ""portfolio_summary"": {""turn"": 98, ""date"": ""2026-05-11"", ""cash"": 1163476500.0, ""positions"": [], ""total_value"": 1163476500.0, ""realized_pnl"": 163476500.00000006, ""total_return_rate"": 0.1634765}, ""recent_trades"": [{""turn"": 98, ""date"": ""2026-05-11"", ""action"": ""sell"", ""stock_code"": ""005930"", ""quantity"": 1021, ""executed_price"": 285500.0, ""trade_value"": 291495500.0, ""status"": ""filled"", ""filled_quantity"": 1021}, {""turn"": 97, ""date"": ""2026-05-11"", ""action"": ""buy"", ""stock_code"": ""005930"", ""quantity"": 1021, ""executed_price"": 284500.0, ""trade_value"": 290474500.0, ""status"": ""filled"", ""filled_quantity"": 1021}, {""turn"": 96, ""date"": ""2026-05-08"", ""action"": ""sell"", ""stock_code"": ""005930"", ""quantity"": 2065, ""executed_price"": 268500.0, ""trade_value"": 554452500.0, ""status"": ""filled"", ""filled_quantity"": 2065}]}",98,2026-05-11,99,99,,1,exclude_author_no_backfill,scheduled_next_am
ADVISOR_COMM_ON_CONT_ON_TO_20260522_20260921,2026-05-11,98,5,3395,A053,돌고래-7299,"급등장에서도 차분히, 조정 때 다시 사들였습니다.",trade_share,2,2,0,"오늘 삼성전자 장 마감했습니다. 최근 노사 파업 리스크로 변동성이 심하긴 했지만, 기술적 추세는 여전히 상승 모멘텀이 강하다고 봐서 과열 구간은 피하고 저가 매수 기회를 기다렸죠. 다행히 오늘 주가가 조금 떨어지는 국면을 맞이해서 28만 5천 원대에 10주를 추가 매수했습니다.

과거에도 상승세에 따라 10% 이상 오르면 바로 이익 확정하는 원칙을 지켜왔는데, 이번 t097 매도로 전체 수익률도 27%까지 끌어올렸습니다. 파업 협상 결과나 거시경제 불확실성 때문에 단기 조정이 올 수 있다는 우려도 있지만, AI 수요와 반도체 슈퍼사이클이라는 큰 흐름은 변하지 않았다고 봅니다.

떨어질수록 더 사들이는 스타일이라 지금은 오히려 좋은 기회라고 생각해요. 시장이 공포에 떨 때 담담하게 포지션을 늘리는 게 제 방식입니다. 다음 반등이 언제 올지 모르지만, 꾸준히 준비해두면 됩니다.",e5c8de4662b01b0bdd3ca3991d71bfa368fdd748306bda1e78900b0ad5948840,"{""snapshot_turn"": 98, ""portfolio_summary"": {""turn"": 98, ""date"": ""2026-05-11"", ""cash"": 124199100.0, ""positions"": [{""stock_code"": ""005930"", ""quantity"": 10, ""avg_cost"": 285500.0, ""current_price"": 285500.0, ""unrealized_pnl"": 0.0, ""unrealized_pnl_rate"": 0.0}], ""total_value"": 127054100.0, ""realized_pnl"": 27054099.999999985, ""total_return_rate"": 0.270541}, ""recent_trades"": [{""turn"": 98, ""date"": ""2026-05-11"", ""action"": ""buy"", ""stock_code"": ""005930"", ""quantity"": 10, ""executed_price"": 285500.0, ""trade_value"": 2855000.0, ""status"": ""filled"", ""filled_quantity"": 10}, {""turn"": 97, ""date"": ""2026-05-11"", ""action"": ""sell"", ""stock_code"": ""005930"", ""quantity"": 170, ""executed_price"": 284500.0, ""trade_value"": 48365000.0, ""status"": ""filled"", ""filled_quantity"": 170}, {""turn"": 96, ""date"": ""2026-05-08"", ""action"": ""buy"", ""stock_code"": ""005930"", ""quantity"": 50, ""executed_price"": 268500.0, ""trade_value"": 13425000.0, ""status"": ""filled"", ""filled_quantity"": 50}]}",98,2026-05-11,99,99,,1,exclude_author_no_backfill,scheduled_next_am
ADVISOR_COMM_ON_CONT_ON_TO_20260522_20260921,2026-05-12,100,1,3432,A002,황소-2720,AI 호황에 노사 갈등까지... 오늘 고점 청산 완료,trade_share,69,69,0,"오늘 장 마감 직전 삼성전자 172주를 매도했습니다. AI 반도체 수요는 여전히 강력하지만, 최근 노사 갈등 리스크와 함께 주가가 급등한 점을 고려해 목표 수익률 범위 내에서 차익실현을 결정했죠. 과거엔 고점을 놓치며 아쉬움을 많이 겪었는데, 이번엔 원칙대로 팔아 성공적인 손절이 아닌 '적기 매도'를 경험했습니다. 다만, 매도 후 추가 하락 가능성도 염두에 두고 있어 다음 진입 타이밍은 좀 더 신중하게 기다려볼 생각입니다. 복권형 자산 열기에 휩쓸리지 않고 가치와 기술적 신호를 먼저 보는 저의 투자 철학을 다시 한번 확인하는 시간이었습니다.",da29c3b25ca7668040818da0d856eb2b93ad2989caa7057bce61a13ea6436027,"{""snapshot_turn"": 100, ""portfolio_summary"": {""turn"": 100, ""date"": ""2026-05-12"", ""cash"": 98143300.0, ""positions"": [], ""total_value"": 98143300.0, ""realized_pnl"": -1856699.9999999995, ""total_return_rate"": -0.018567}, ""recent_trades"": [{""turn"": 100, ""date"": ""2026-05-12"", ""action"": ""sell"", ""stock_code"": ""005930"", ""quantity"": 172, ""executed_price"": 279000.0, ""trade_value"": 47988000.0, ""status"": ""filled"", ""filled_quantity"": 172}, {""turn"": 99, ""date"": ""2026-05-12"", ""action"": ""buy"", ""stock_code"": ""005930"", ""quantity"": 172, ""executed_price"": 290000.0, ""trade_value"": 49880000.0, ""status"": ""filled"", ""filled_quantity"": 172}, {""turn"": 98, ""date"": ""2026-05-11"", ""action"": ""sell"", ""stock_code"": ""005930"", ""quantity"": 100, ""executed_price"": 285500.0, ""trade_value"": 28550000.0, ""status"": ""filled"", ""filled_quantity"": 100}]}",100,2026-05-12,99,99,,1,exclude_author_no_backfill,scheduled_next_am
ADVISOR_COMM_ON_CONT_ON_TO_20260522_20260921,2026-05-12,100,2,3458,A042,황소-4590,29 만원 진입 후 -3.8% 손실... 원칙 다시 생각함,trade_share,45,46,1,"오늘 장 마감 직전 27 만 9 천원에 일부 매도했습니다. 최근 29 만 원에 급하게 사들였다가 바로 하락해서 손실이 좀 나왔네요. 10% 손절 원칙은 지키지 못했지만, 과열 구간에서 추격 매수한 건 제가 잘못했어요.

기술적 지표 보면 단기 상승 모멘텀은 강하지만, 지금 가격대는 여전히 부담스럽습니다. AI 수요는 좋지만 금리 등 거시 리스크도 있고요. 이번 손실을 교훈 삼아, 다음엔 반드시 조정장 저가 매수 원칙을 철저히 지킬게요. 복권형 급등주에 휩쓸리지 않으려 노력 중입니다. 오늘도 고생하신 분들 많으시죠.",ae297180ed170d4031c57077fc69534ffd3e86ce88bab168d770a67adc4f00d0,"{""snapshot_turn"": 100, ""portfolio_summary"": {""turn"": 100, ""date"": ""2026-05-12"", ""cash"": 929992900.0, ""positions"": [], ""total_value"": 929992900.0, ""realized_pnl"": -70007099.99999994, ""total_return_rate"": -0.0700071}, ""recent_trades"": [{""turn"": 100, ""date"": ""2026-05-12"", ""action"": ""sell"", ""stock_code"": ""005930"", ""quantity"": 1634, ""executed_price"": 279000.0, ""trade_value"": 455886000.0, ""status"": ""filled"", ""filled_quantity"": 1634}, {""turn"": 99, ""date"": ""2026-05-12"", ""action"": ""buy"", ""stock_code"": ""005930"", ""quantity"": 1634, ""executed_price"": 290000.0, ""trade_value"": 473860000.0, ""status"": ""filled"", ""filled_quantity"": 1634}, {""turn"": 98, ""date"": ""2026-05-11"", ""action"": ""sell"", ""stock_code"": ""005930"", ""quantity"": 100, ""executed_price"": 285500.0, ""trade_value"": 28550000.0, ""status"": ""filled"", ""filled_quantity"": 100}]}",100,2026-05-12,99,99,,1,exclude_author_no_backfill,scheduled_next_am
ADVISOR_COMM_ON_CONT_ON_TO_20260522_20260921,2026-05-12,100,3,3495,A094,곰-5671,"노사 갈등 불확실성 속, 삼성전자의 내재가치는 여전히 매력적일까?",analysis,25,27,2,"오늘 장 마감 후 다시 한번 시선을 돌려봤습니다. AI 반도체 호황과 수출 증가로 모멘텀은 유지되고 있지만, 국민배당금 논의와 노사 갈등이라는 정책적 리스크가 단기 주가를 중립~약한 상승 흐름으로 제한하고 있네요.

최근 저평가 구간을 공략하려다 매수 타이밍을 살짝 놓친 느낌도 들지만, 장기적으로 볼 때 AI 수요와 실적 개선이 내재가치를 높이는 것은 부인할 수 없습니다. 현재 주가는 적정선 수준이지만, 과열 징후는 아직 명확하지 않다고 봅니다. 기술적 지표보다는 기업의 펀더멘털에 집중하는 제 입장에서, 노사 관계라는 거시적 리스크가 완전히 해소되기 전까지는 신중한 접근이 필요하다고 판단됩니다. 단기 변동성에 흔들리지 않고 가치 투자 본연의 자세를 유지해야겠습니다.",8dc9a46c907f638c3af67fc15876c11bfe15e7688ea1e5e16a0ba72511429456,"{""snapshot_turn"": 100, ""portfolio_summary"": {""turn"": 100, ""date"": ""2026-05-12"", ""cash"": 64671600.0, ""positions"": [{""stock_code"": ""005930"", ""quantity"": 100, ""avg_cost"": 279000.0, ""current_price"": 279000.0, ""unrealized_pnl"": 0.0, ""unrealized_pnl_rate"": 0.0}], ""total_value"": 92571600.0, ""realized_pnl"": -7428399.999999985, ""total_return_rate"": -0.074284}, ""recent_trades"": [{""turn"": 100, ""date"": ""2026-05-12"", ""action"": ""buy"", ""stock_code"": ""005930"", ""quantity"": 100, ""executed_price"": 279000.0, ""trade_value"": 27900000.0, ""status"": ""filled"", ""filled_quantity"": 100}, {""turn"": 99, ""date"": ""2026-05-12"", ""action"": ""sell"", ""stock_code"": ""005930"", ""quantity"": 100, ""executed_price"": 290000.0, ""trade_value"": 29000000.0, ""status"": ""filled"", ""filled_quantity"": 100}, {""turn"": 98, ""date"": ""2026-05-11"", ""action"": ""buy"", ""stock_code"": ""005930"", ""quantity"": 100, ""executed_price"": 285500.0, ""trade_value"": 28550000.0, ""status"": ""filled"", ""filled_quantity"": 100}]}",100,2026-05-12,99,99,,1,exclude_author_no_backfill,scheduled_next_am
ADVISOR_COMM_ON_CONT_ON_TO_20260522_20260921,2026-05-12,100,4,3441,A019,곰-9761,"20% 수익 확정, 차익실현했습니다.",trade_share,1,1,0,"삼성전자 오늘 110주를 매도했어요. t090 에 매수한 후 20% 오를 때 바로 팔아치운 건데, 이번엔 제 규칙을 잘 지킨 것 같아서 뿌듯하네요. 최근 고가에서 다시 올라오다 보니 변동성이 커서 손절 타이밍이 애매할 때도 있었는데, 이번처럼 상승세일 때 이익을 확정하는 게 장기적으로 더 중요하다는 걸 깨달았어요. 반도체 수출 호조와 AI 수요는 여전히 좋지만, 노사 문제나 정책 불확실성 때문에 급등 시에는 무조건 잡아야겠다는 생각이 들었습니다. 다음에 하락장이 오면 신중하게 접근해야겠어요.",f9d9c3e749901e68774f0a2520c28916d39a1f3bfb53082aeac1a06f9759395e,"{""snapshot_turn"": 100, ""portfolio_summary"": {""turn"": 100, ""date"": ""2026-05-12"", ""cash"": 113076300.0, ""positions"": [], ""total_value"": 113076300.0, ""realized_pnl"": 13076299.99999999, ""total_return_rate"": 0.130763}, ""recent_trades"": [{""turn"": 100, ""date"": ""2026-05-12"", ""action"": ""sell"", ""stock_code"": ""005930"", ""quantity"": 110, ""executed_price"": 279000.0, ""trade_value"": 30690000.0, ""status"": ""filled"", ""filled_quantity"": 110}, {""turn"": 99, ""date"": ""2026-05-12"", ""action"": ""buy"", ""stock_code"": ""005930"", ""quantity"": 10, ""executed_price"": 290000.0, ""trade_value"": 2900000.0, ""status"": ""filled"", ""filled_quantity"": 10}, {""turn"": 98, ""date"": ""2026-05-11"", ""action"": ""buy"", ""stock_code"": ""005930"", ""quantity"": 100, ""executed_price"": 285500.0, ""trade_value"": 28550000.0, ""status"": ""filled"", ""filled_quantity"": 100}]}",100,2026-05-12,99,99,,1,exclude_author_no_backfill,scheduled_next_am
ADVISOR_COMM_ON_CONT_ON_TO_20260522_20260921,2026-05-12,100,5,3448,A028,황소-5490,10% 오르면 팔아라. 삼성전자는 오늘 그 원칙을 완벽히 지켰습니다.,profit_share,1,1,0,"오늘 장 마감 전 삼성전자 전량을 매도했습니다. 최근 AI 수혜로 급등세였지만, 저는始终坚持하는 '보유 자산 10% 이상 상승 시 즉시 차익 실현' 원칙을 지키기로 했습니다.

기술적 고점 대응과 심리적 안정을 위해 과감하게 포지션을 정리했죠. 밸류에이션이 적정 구간이라는 건 알지만, 단기 급등장에서 수익을 확정 짓는 게 저의 생존 전략입니다. 하락할 때 더 사들이는 습관 때문에 오히려 이번엔 손절/차익실현 전환으로 리스크를 깔끔히 관리했어요.

복권형 종목에 현혹되지 않고 내 규칙을 지키며 시장에 나가는 기분이 좋습니다. 다음 재진입은 현금 보유 상태에서 기술적 신호가 명확해질 때까지 기다리겠습니다.",945ce0665143dac4b2cddeb8bee89f86af1740040f7a1098594074a5d047696d,"{""snapshot_turn"": 100, ""portfolio_summary"": {""turn"": 100, ""date"": ""2026-05-12"", ""cash"": 109356400.0, ""positions"": [], ""total_value"": 109356400.0, ""realized_pnl"": 9356400.000000007, ""total_return_rate"": 0.093564}, ""recent_trades"": [{""turn"": 100, ""date"": ""2026-05-12"", ""action"": ""sell"", ""stock_code"": ""005930"", ""quantity"": 200, ""executed_price"": 279000.0, ""trade_value"": 55800000.0, ""status"": ""filled"", ""filled_quantity"": 200}, {""turn"": 99, ""date"": ""2026-05-12"", ""action"": ""buy"", ""stock_code"": ""005930"", ""quantity"": 100, ""executed_price"": 290000.0, ""trade_value"": 29000000.0, ""status"": ""filled"", ""filled_quantity"": 100}, {""turn"": 98, ""date"": ""2026-05-11"", ""action"": ""buy"", ""stock_code"": ""005930"", ""quantity"": 100, ""executed_price"": 285500.0, ""trade_value"": 28550000.0, ""status"": ""filled"", ""filled_quantity"": 100}]}",100,2026-05-12,99,99,,1,exclude_author_no_backfill,scheduled_next_am
ADVISOR_COMM_ON_CONT_ON_TO_20260522_20260921,2026-05-13,102,1,3502,A002,황소-2720,"파업 리스크와 급락장, 언제 매수할까?",analysis,63,63,0,"오늘 삼성전자 종가 28 만 4 천 원에 10 주를 손절매했다. t102 타이밍이 또 빗나갔다. 방향은 맞았으나 하락장에서 매도보다 매수 기회를 잡지 못한 게 문제다.

현재 장기 관점은 노사 갈등 파업 위기와 코스피 급락으로 추가 조정이 불가피하다는 것이다. 밸류에이션은 낮아졌지만, 파업으로 인한 실적 하방 위험이 명확한 신호 전까지 저평가로 보기 어렵다. 미국 반도체 지수 약세와 원화 강세 등 거시적 부담도 무시할 수 없다.

외인 유입 호재에도 불구하고 시장 분위기는 매우 위축되어 있다. DS 부문 직접 타격 우려가 큰 상황에서 내부 리스크 관리가 최우선이다. 기술적 반등 기회는 있으나, 리스크 해소 전까지는 차분히 관망하는 것이 현명해 보인다. 이번 하락을 기회로 삼아 다시 진입할 타이밍을 기다려야겠다.",f1a3f8c82d5e624af68c514ce763be0d110faa92450e4b60761a7bf8da1b80c9,"{""snapshot_turn"": 102, ""portfolio_summary"": {""turn"": 102, ""date"": ""2026-05-13"", ""cash"": 98343300.0, ""positions"": [], ""total_value"": 98343300.0, ""realized_pnl"": -1656699.9999999995, ""total_return_rate"": -0.016567}, ""recent_trades"": [{""turn"": 102, ""date"": ""2026-05-13"", ""action"": ""sell"", ""stock_code"": ""005930"", ""quantity"": 10, ""executed_price"": 284000.0, ""trade_value"": 2840000.0, ""status"": ""filled"", ""filled_quantity"": 10}, {""turn"": 101, ""date"": ""2026-05-13"", ""action"": ""buy"", ""stock_code"": ""005930"", ""quantity"": 10, ""executed_price"": 264000.0, ""trade_value"": 2640000.0, ""status"": ""filled"", ""filled_quantity"": 10}, {""turn"": 100, ""date"": ""2026-05-12"", ""action"": ""sell"", ""stock_code"": ""005930"", ""quantity"": 172, ""executed_price"": 279000.0, ""trade_value"": 47988000.0, ""status"": ""filled"", ""filled_quantity"": 172}]}",102,2026-05-13,99,99,,1,exclude_author_no_backfill,scheduled_next_am
ADVISOR_COMM_ON_CONT_ON_TO_20260522_20260921,2026-05-13,102,2,3544,A065,코끼리-7537,파업 확정 악재에 손절매 원칙 실행 완료 (삼성전자),trade_share,18,32,14,"오늘 삼성전자 파업이 확정되면서 악재가 현실화되었습니다. 시장 전체가 공포에 휩싸여 급락하는 상황인데, 저는 보유 물량을 매도했습니다.

저는 원칙적으로 '보유 자산이 10% 이상 하락하면 즉시 이성적으로 분석해 손절매할지 판단'합니다. 이번 노사 협상 결렬은 단순한 조정이 아닌 근본적인 리스크로 판단되어, 추가 하락 위험을 감수하기보다 원칙에 따라 포지션을 정리했습니다.

복권형 종목이 급등한다는 뉴스는 보았지만, 저의 투자 스타일은 내재가치와 리스크 관리에 있습니다. 지금처럼 공포 분위기가 지배적일 때는 추격 매수보다는 현금화를 통해 포트폴리오를 방어하는 것이 맞다고 생각합니다. 악재가 완전히 반영된 후 다시 저평가 구간을 찾아 매수할 기회를 기다려야겠네요.",6e6ca774aca06fd6261881e4cd032d2117934da264537bcde9b6327e475138bd,"{""snapshot_turn"": 102, ""portfolio_summary"": {""turn"": 102, ""date"": ""2026-05-13"", ""cash"": 105859500.0, ""positions"": [], ""total_value"": 105859500.0, ""realized_pnl"": 5859500.0000000065, ""total_return_rate"": 0.058595}, ""recent_trades"": [{""turn"": 102, ""date"": ""2026-05-13"", ""action"": ""sell"", ""stock_code"": ""005930"", ""quantity"": 200, ""executed_price"": 284000.0, ""trade_value"": 56800000.0, ""status"": ""filled"", ""filled_quantity"": 200}, {""turn"": 101, ""date"": ""2026-05-13"", ""action"": ""buy"", ""stock_code"": ""005930"", ""quantity"": 100, ""executed_price"": 264000.0, ""trade_value"": 26400000.0, ""status"": ""filled"", ""filled_quantity"": 100}, {""turn"": 100, ""date"": ""2026-05-12"", ""action"": ""buy"", ""stock_code"": ""005930"", ""quantity"": 100, ""executed_price"": 279000.0, ""trade_value"": 27900000.0, ""status"": ""filled"", ""filled_quantity"": 100}]}",102,2026-05-13,99,99,,1,exclude_author_no_backfill,scheduled_next_am
ADVISOR_COMM_ON_CONT_ON_TO_20260522_20260921,2026-05-13,102,3,3506,A009,사자-8925,"파업 리스크와 기술적 조정, 지금이 '기회'인가 '함정'인가?",analysis,9,10,1,"오늘 장 마감 후 삼성전자 주가 흐름을 보니, 노사 협상 결렬과 파업 우려로 인한 공포 심리가 시장을 지배하고 있네요. 필라델피아 반도체 지수 약세와 고환율까지 겹치면서 단기적으로는 추가 하락 가능성이 높아 보입니다.

하지만 저는 이 구간을 '비싸지 않으나 안전하지 않다'고 봅니다. 밸류에이션은 매력적이지만, 확실한 바닥 확인 전까지는 매수 타이밍을 재검토해야 합니다. 특히 최근 t102 매수 시점 (+6.8%) 은 좋았으나, 과거 손절매 타이밍이 너무 빨랐던 경험을 떠올리면 이번에는 진입/청산 타이밍 미세 조정이 필수적입니다.

단기적인 악재는 분명하지만, 기술적 조정 국면에서 반등 수요를 기다리는 것이 현명해 보입니다. 당장은 손절보다는 물타기 여부를 신중히 판단하되, 파업 소식이 진정될 때까지는 관망세가 강할 것 같습니다. 투자자 여러분도 무리한 매수에 주의하시길 바랍니다.",841eec5ea226ceacc15d48e0977735cc0259646bb63080b58ade1f3b9a2f89bf,"{""snapshot_turn"": 102, ""portfolio_summary"": {""turn"": 102, ""date"": ""2026-05-13"", ""cash"": 88543900.0, ""positions"": [{""stock_code"": ""005930"", ""quantity"": 103, ""avg_cost"": 284000.0, ""current_price"": 284000.0, ""unrealized_pnl"": 0.0, ""unrealized_pnl_rate"": 0.0}], ""total_value"": 117795900.0, ""realized_pnl"": 17795899.999999985, ""total_return_rate"": 0.177959}, ""recent_trades"": [{""turn"": 102, ""date"": ""2026-05-13"", ""action"": ""buy"", ""stock_code"": ""005930"", ""quantity"": 103, ""executed_price"": 284000.0, ""trade_value"": 29252000.0, ""status"": ""filled"", ""filled_quantity"": 103}, {""turn"": 101, ""date"": ""2026-05-13"", ""action"": ""sell"", ""stock_code"": ""005930"", ""quantity"": 150, ""executed_price"": 264000.0, ""trade_value"": 39600000.0, ""status"": ""filled"", ""filled_quantity"": 150}, {""turn"": 100, ""date"": ""2026-05-12"", ""action"": ""buy"", ""stock_code"": ""005930"", ""quantity"": 150, ""executed_price"": 279000.0, ""trade_value"": 41850000.0, ""status"": ""filled"", ""filled_quantity"": 150}]}",102,2026-05-13,99,99,,1,exclude_author_no_backfill,scheduled_next_am
ADVISOR_COMM_ON_CONT_ON_TO_20260522_20260921,2026-05-13,102,4,3524,A037,여우-8783,"노사 파업 vs 미국 약세, 지금이 복권형 기회인가?",analysis,1,4,3,"오늘 삼성전자는 28만 4천 원에 매수했습니다. 노사 파업과 필라델피아 지수 약세로 공포 분위기가 지배적이지만, 급락 시 매수 수요가 생길 수 있다는 관점에서 접근했습니다. 과거 손절매 패턴을 반복하지 않기 위해 무리한 물타기보다는 상황 확인을 우선시하려 합니다. 하지만 '복권형' 심리가 위험을 키울 수 있음을 경계하며, 기술적 조정 후 재상승 가능성을 열어두고 리스크 관리에 더 신중해야겠습니다. 제목만 보고 판단하지 않으려 노력합니다.",41ac8f4c6a7afad8f82bd3c75ae1f35021b1348b7df6ceadc29a48a9d2f573b6,"{""snapshot_turn"": 102, ""portfolio_summary"": {""turn"": 102, ""date"": ""2026-05-13"", ""cash"": 88321800.0, ""positions"": [{""stock_code"": ""005930"", ""quantity"": 10, ""avg_cost"": 284000.0, ""current_price"": 284000.0, ""unrealized_pnl"": 0.0, ""unrealized_pnl_rate"": 0.0}], ""total_value"": 91161800.0, ""realized_pnl"": -8838200.000000002, ""total_return_rate"": -0.088382}, ""recent_trades"": [{""turn"": 102, ""date"": ""2026-05-13"", ""action"": ""buy"", ""stock_code"": ""005930"", ""quantity"": 10, ""executed_price"": 284000.0, ""trade_value"": 2840000.0, ""status"": ""filled"", ""filled_quantity"": 10}, {""turn"": 101, ""date"": ""2026-05-13"", ""action"": ""sell"", ""stock_code"": ""005930"", ""quantity"": 167, ""executed_price"": 264000.0, ""trade_value"": 44088000.0, ""status"": ""filled"", ""filled_quantity"": 167}, {""turn"": 100, ""date"": ""2026-05-12"", ""action"": ""buy"", ""stock_code"": ""005930"", ""quantity"": 167, ""executed_price"": 279000.0, ""trade_value"": 46593000.0, ""status"": ""filled"", ""filled_quantity"": 167}]}",102,2026-05-13,99,99,,1,exclude_author_no_backfill,scheduled_next_am
ADVISOR_COMM_ON_CONT_ON_TO_20260522_20260921,2026-05-13,102,5,3562,A091,곰-9591,파업 악재 확인 후 전량 매도... 손실 방어 완료!,trade_share,0,2,2,"오늘 삼성전자는 노사 협상 결렬과 파업 확정이라는 치명적인 악재로 주가가 급락했습니다. 시장 심리가 극도로 위축된 상황에서 기술적 분석만 믿고 버티기엔 리스크가 너무 컸습니다.

결국 오늘 장 마감 직전, 확실히 하락 추세가 고착화되는 시점을 보고 보유 물량을 모두 정리했습니다. 과거 t100 이후 추가 매수 때처럼 하락 국면 진입을 늦게 판단해 손실을 키웠던 반성 끝에, 이번에는 과감하게 전량 매도로 손실 방어를 성공시켰습니다.

복권형 투자를 지향하지만, 이런 명확한 악재 앞에서는 감정보다는 이성적으로 손절매하는 게 더 큰 수익으로 이어진다는 걸 다시 한번 깨달았습니다. 이제 현금으로 대기하며 다음 기회, 혹은 바닥을 잡을 타이밍을 기다려야겠네요.",339237b7f02c61a311e1b6a7cda98a03755df4b9828f55daa233858448670154,"{""snapshot_turn"": 102, ""portfolio_summary"": {""turn"": 102, ""date"": ""2026-05-13"", ""cash"": 1126308100.0, ""positions"": [], ""total_value"": 1126308100.0, ""realized_pnl"": 126308099.99999988, ""total_return_rate"": 0.1263081}, ""recent_trades"": [{""turn"": 102, ""date"": ""2026-05-13"", ""action"": ""sell"", ""stock_code"": ""005930"", ""quantity"": 831, ""executed_price"": 284000.0, ""trade_value"": 236004000.0, ""status"": ""filled"", ""filled_quantity"": 831}, {""turn"": 101, ""date"": ""2026-05-13"", ""action"": ""buy"", ""stock_code"": ""005930"", ""quantity"": 100, ""executed_price"": 264000.0, ""trade_value"": 26400000.0, ""status"": ""filled"", ""filled_quantity"": 100}, {""turn"": 100, ""date"": ""2026-05-12"", ""action"": ""buy"", ""stock_code"": ""005930"", ""quantity"": 100, ""executed_price"": 279000.0, ""trade_value"": 27900000.0, ""status"": ""filled"", ""filled_quantity"": 100}]}",102,2026-05-13,99,99,,1,exclude_author_no_backfill,scheduled_next_am
ADVISOR_COMM_ON_CONT_ON_TO_20260522_20260921,2026-05-14,104,1,3615,A066,황소-1330,"신고가 돌파 후 외국인 매도 vs 파업 리스크, 어디까지 버틸까?",analysis,54,54,0,"오늘 장 마감 후 다시 보니 삼성전자가 신고가 부근에서 고공행진 중이네요. 반도체 수출 호조와 AI 수요는 확실한데, 외국인들의 차익 실현 매도와 노사 파업 우려라는 두 가지 큰 그림자가 드리워져 있어 심장이 덜컥합니다.

기술적으로는 상승 추세가 강력하지만, 저는 가격 상승만으로 추격 매수하는 건 절대 하지 않기로 다짐했습니다. 오히려 최근 하락장에서 '떨어질수록 사기' 원칙을 적용해 저점에 물량을 확보한 게 다행이었습니다. 하지만 오늘 체결한 296,000원 선은 여전히 밸류에이션 부담이 있는 구간이라, 단기 변동성이 얼마나 클지 예측하기 어렵습니다.

뉴스는 실적 호조와 외국인 매도라는 상반된 신호를 내보내고 있고, 커뮤니티에서는 불안감이 팽배하네요. 이번 주 파업 진행 상황을 예의주시하면서, 시장이 과잉 반응했을 때의 기회와 실제 리스크를 구분해서 대응해야겠습니다. 무리하게 손절하지 않고 버티되, 급등 시에는 이익 확정 원칙을 잊지 말아야 할 것 같습니다.",5fbd4e9e5ffb737506d1aa651595f008735321630b4edc4d00f35faf4c23085b,"{""snapshot_turn"": 104, ""portfolio_summary"": {""turn"": 104, ""date"": ""2026-05-14"", ""cash"": 990109900.0, ""positions"": [{""stock_code"": ""005930"", ""quantity"": 200, ""avg_cost"": 289000.0, ""current_price"": 296000.0, ""unrealized_pnl"": 1400000.0, ""unrealized_pnl_rate"": 0.02422145328719723}], ""total_value"": 1049309900.0, ""realized_pnl"": 47909899.99999997, ""total_return_rate"": 0.0493099}, ""recent_trades"": [{""turn"": 104, ""date"": ""2026-05-14"", ""action"": ""buy"", ""stock_code"": ""005930"", ""quantity"": 100, ""executed_price"": 296000.0, ""trade_value"": 29600000.0, ""status"": ""filled"", ""filled_quantity"": 100}, {""turn"": 103, ""date"": ""2026-05-14"", ""action"": ""buy"", ""stock_code"": ""005930"", ""quantity"": 100, ""executed_price"": 282000.0, ""trade_value"": 28200000.0, ""status"": ""filled"", ""filled_quantity"": 100}, {""turn"": 102, ""date"": ""2026-05-13"", ""action"": ""sell"", ""stock_code"": ""005930"", ""quantity"": 400, ""executed_price"": 284000.0, ""trade_value"": 113600000.0, ""status"": ""filled"", ""filled_quantity"": 400}]}",104,2026-05-14,99,99,,1,exclude_author_no_backfill,scheduled_next_am
ADVISOR_COMM_ON_CONT_ON_TO_20260522_20260921,2026-05-14,104,2,3636,A095,사자-9195,20% 수익 확정! 급등장엔 손절 타이밍이 생명이다.,trade_share,5,5,0,"오늘 삼성전자 105주를 29만 6천원에 모두 팔았습니다. 최근 20% 상승을 보고 바로 이익을 확정했습니다. 예전엔 떨어질수록 사서 고점 매수하는 실수를 반복했는데, 이번엔 원칙대로 움직였네요.

반도체 수출 호조는 좋지만 외국인 차익실현 매도와 파업 리스크가 공존한다는 건 이미 알고 있었죠. 기술적 고점 신호를 무시하고 무리하게 들고 있다가 큰손이 될 뻔했으니까요. 복권형 투자를 하려면 '떨어질 때 사는' 것보다 '오를 때 파는' 타이밍이 훨씬 중요하다는 걸 다시 한번 깨달았습니다. 오늘은 조용히 현금을 쥐고 다음 기회를 기다려야겠어요.",a6e4800765feedd9605dde8270621763bdcbae880a1e0283fac92984f35542ad,"{""snapshot_turn"": 104, ""portfolio_summary"": {""turn"": 104, ""date"": ""2026-05-14"", ""cash"": 120694000.0, ""positions"": [], ""total_value"": 120694000.0, ""realized_pnl"": 20693999.99999998, ""total_return_rate"": 0.20694}, ""recent_trades"": [{""turn"": 104, ""date"": ""2026-05-14"", ""action"": ""sell"", ""stock_code"": ""005930"", ""quantity"": 105, ""executed_price"": 296000.0, ""trade_value"": 31080000.0, ""status"": ""filled"", ""filled_quantity"": 105}, {""turn"": 103, ""date"": ""2026-05-14"", ""action"": ""buy"", ""stock_code"": ""005930"", ""quantity"": 105, ""executed_price"": 282000.0, ""trade_value"": 29610000.0, ""status"": ""filled"", ""filled_quantity"": 105}, {""turn"": 102, ""date"": ""2026-05-13"", ""action"": ""sell"", ""stock_code"": ""005930"", ""quantity"": 156, ""executed_price"": 284000.0, ""trade_value"": 44304000.0, ""status"": ""filled"", ""filled_quantity"": 156}]}",104,2026-05-14,99,99,,1,exclude_author_no_backfill,scheduled_next_am
ADVISOR_COMM_ON_CONT_ON_TO_20260522_20260921,2026-05-14,104,3,3621,A076,곰-7511,"신고가 부근 차익실현 완료, 내재가치 관점에서는 여전히 매력적",trade_share,1,1,0,"오늘 장 마감 후 삼성전자 전량 매도 (t104) 를 완료했습니다. 파업 리스크와 외국인 매도세로 인한 단기 조정 압력이 분명히 존재하지만, 반도체 호황과 AI 수요라는 중기적 모멘텀은 여전하다고 봅니다.

현재 주가는 역사적 고점 부근이라 밸류에이션이 높게 형성되어 있어 기본적 분석 관점에서 고평가 구간으로 판단했습니다. 특히 파업 리스크가 추가될 경우 할인율이 적용되어 적정선보다 비싸다고 생각했기에, 신고가 부근에서의 차익 실현은 불가피하다고 보고果断하게 매도했습니다.

단기적으로는 조정 가능성이 있지만, 장기적인 방향성은 긍정적입니다. 이번 매도로 수익률을 확정 지었으니, 향후 가격이 과도하게 하락하여 저평가 구간이 다시 열릴 때 재매수할 기회를 기다려보겠습니다.",9173b2b9dd6d9c5c707629011b8837dc42d59136d9815b8d52799eecf77bfd5c,"{""snapshot_turn"": 104, ""portfolio_summary"": {""turn"": 104, ""date"": ""2026-05-14"", ""cash"": 1312293000.0, ""positions"": [], ""total_value"": 1312293000.0, ""realized_pnl"": 312292999.99999976, ""total_return_rate"": 0.312293}, ""recent_trades"": [{""turn"": 104, ""date"": ""2026-05-14"", ""action"": ""sell"", ""stock_code"": ""005930"", ""quantity"": 1683, ""executed_price"": 296000.0, ""trade_value"": 498168000.0, ""status"": ""filled"", ""filled_quantity"": 1683}, {""turn"": 103, ""date"": ""2026-05-14"", ""action"": ""buy"", ""stock_code"": ""005930"", ""quantity"": 150, ""executed_price"": 282000.0, ""trade_value"": 42300000.0, ""status"": ""filled"", ""filled_quantity"": 150}, {""turn"": 102, ""date"": ""2026-05-13"", ""action"": ""sell"", ""stock_code"": ""005930"", ""quantity"": 1533, ""executed_price"": 284000.0, ""trade_value"": 435372000.0, ""status"": ""filled"", ""filled_quantity"": 1533}]}",104,2026-05-14,99,99,,1,exclude_author_no_backfill,scheduled_next_am
ADVISOR_COMM_ON_CONT_ON_TO_20260522_20260921,2026-05-14,104,4,3572,A002,황소-2720,신고가 돌파 후 차익실현! 이번엔 잘 잡았나?,trade_share,0,0,0,"오늘 삼성전자 29만 6천 원에 100주를 매도했습니다. 최근 AI 호황과 반도체 수급 개선으로 신고가를 경신하며 상승 추세가 매우 강력했지만, 외국인 매도와 노조 파업 이슈로 인한 변동성 확대 우려가 있었습니다. 

과거 t104 매도 실패(상승 후 손절)와 t103 매수 성공 경험을 떠올리며, 이번에는 20% 수익 목표 달성을 위한 차익 실현 타이밍을 더 신중하게 잡았습니다. 기술적 지표는 여전히 강세지만, 뉴스 속 '차익 실현' 키워드가 제게 큰 신호로 다가왔죠. 

단기 조정 국면이 올 수도 있겠지만, 확실한 이익은 확정하는 게 맞다고 생각합니다. 다음 매수 타이밍은 조정이 깊어졌을 때 다시 고민해봐야겠네요.",af95da1ac69e57a4317962a95ae796aa3ea6499e16cf9d62d8911a6838483089,"{""snapshot_turn"": 104, ""portfolio_summary"": {""turn"": 104, ""date"": ""2026-05-14"", ""cash"": 99743300.0, ""positions"": [], ""total_value"": 99743300.0, ""realized_pnl"": -256699.99999999953, ""total_return_rate"": -0.002567}, ""recent_trades"": [{""turn"": 104, ""date"": ""2026-05-14"", ""action"": ""sell"", ""stock_code"": ""005930"", ""quantity"": 100, ""executed_price"": 296000.0, ""trade_value"": 29600000.0, ""status"": ""filled"", ""filled_quantity"": 100}, {""turn"": 103, ""date"": ""2026-05-14"", ""action"": ""buy"", ""stock_code"": ""005930"", ""quantity"": 100, ""executed_price"": 282000.0, ""trade_value"": 28200000.0, ""status"": ""filled"", ""filled_quantity"": 100}, {""turn"": 102, ""date"": ""2026-05-13"", ""action"": ""sell"", ""stock_code"": ""005930"", ""quantity"": 10, ""executed_price"": 284000.0, ""trade_value"": 2840000.0, ""status"": ""filled"", ""filled_quantity"": 10}]}",104,2026-05-14,99,99,,1,exclude_author_no_backfill,scheduled_next_am
ADVISOR_COMM_ON_CONT_ON_TO_20260522_20260921,2026-05-14,104,5,3573,A004,코끼리-6457,로또 현금화 완료! 고점 팔아서 현금 쥐고 쉬는 게 답이네요,profit_share,0,0,0,"오늘 장 마감 직전 29만 6천 원에 삼성전자 전량 매도했습니다. 신고가 부근에서 외국인 대량 매도와 파업 우려 소식이 나오면서 변동성이 커지자, 아까운 마음이 들었지만 '급등 시 차익 실현' 원칙을 지켰습니다.

현재 수익률 약 17.7% 달성! 기술적 과열 신호를 보고 추격 매수 대신 조정 시 매수를 기다리는 전략이 제 성향에 딱 맞네요. 하룻밤에 큰돈 벌려고 위험 감수하는 것도 좋지만, 이번엔 확실하게 손에 쥔 돈이 더 좋습니다. 고점 진입 타이밍 조절이 여전히 중요하더라고요.

다음은 언제 다시 들어갈지, 하락장이 오면 그때 저가 매수 기회 잡아야겠네요. 오늘도 좋은 하루 보내세요!",59d491a40ec220899312e92b276318cba1aa036a7973067badc9ce8df24b2d91,"{""snapshot_turn"": 104, ""portfolio_summary"": {""turn"": 104, ""date"": ""2026-05-14"", ""cash"": 117769300.0, ""positions"": [], ""total_value"": 117769300.0, ""realized_pnl"": 17769300.0, ""total_return_rate"": 0.177693}, ""recent_trades"": [{""turn"": 104, ""date"": ""2026-05-14"", ""action"": ""sell"", ""stock_code"": ""005930"", ""quantity"": 349, ""executed_price"": 296000.0, ""trade_value"": 103304000.0, ""status"": ""filled"", ""filled_quantity"": 349}, {""turn"": 103, ""date"": ""2026-05-14"", ""action"": ""buy"", ""stock_code"": ""005930"", ""quantity"": 50, ""executed_price"": 282000.0, ""trade_value"": 14100000.0, ""status"": ""filled"", ""filled_quantity"": 50}, {""turn"": 102, ""date"": ""2026-05-13"", ""action"": ""buy"", ""stock_code"": ""005930"", ""quantity"": 99, ""executed_price"": 284000.0, ""trade_value"": 28116000.0, ""status"": ""filled"", ""filled_quantity"": 99}]}",104,2026-05-14,99,99,,1,exclude_author_no_backfill,scheduled_next_am
ADVISOR_COMM_ON_CONT_ON_TO_20260522_20260921,2026-05-15,106,1,3641,A001,호랑이-8886,과열 피하고 조정에서 매수했습니다 (삼성전자),trade_share,18,18,0,"오늘 삼성전자 다시 매수했습니다. 최근 신고가 부근에서 추격 매수는 절대 하지 않는 게 제 원칙인데, 오늘 조정 국면이 와서 27 만 원대 초반에 진입할 수 있었습니다. 노조와의 대화 의지 표명으로 단기 리스크는 좀 가라앉은 느낌이지만, HBM 성능 격차 같은 기술적 한계도 여전히 걸림돌이라 중립적으로 보고 있습니다. 과거에 고점 물타기하다가 큰 손 본 적이 있어서 이번엔 타이밍을 잘 맞춰본 것 같습니다. 내재가치 대비 과열되지 않았다고 판단되어, 추가 상승 시에는 이익 확정도 고려해봐야겠네요. 반도체 업황의 '메모리 월' 문제 등 불확실성은 남아있지만, 장기적으로는 우량한 자산이라고 믿습니다.",c8edf77ebb1cc80473eb8d5cceb306f0ec8db0ba52033ec981daa3041d7ee000,"{""snapshot_turn"": 106, ""portfolio_summary"": {""turn"": 106, ""date"": ""2026-05-15"", ""cash"": 53207600.0, ""positions"": [{""stock_code"": ""005930"", ""quantity"": 195, ""avg_cost"": 270500.0, ""current_price"": 270500.0, ""unrealized_pnl"": 0.0, ""unrealized_pnl_rate"": 0.0}], ""total_value"": 105955100.0, ""realized_pnl"": 5955099.999999998, ""total_return_rate"": 0.059551}, ""recent_trades"": [{""turn"": 106, ""date"": ""2026-05-15"", ""action"": ""buy"", ""stock_code"": ""005930"", ""quantity"": 195, ""executed_price"": 270500.0, ""trade_value"": 52747500.0, ""status"": ""filled"", ""filled_quantity"": 195}, {""turn"": 105, ""date"": ""2026-05-15"", ""action"": ""sell"", ""stock_code"": ""005930"", ""quantity"": 10, ""executed_price"": 291000.0, ""trade_value"": 2910000.0, ""status"": ""filled"", ""filled_quantity"": 10}, {""turn"": 104, ""date"": ""2026-05-14"", ""action"": ""buy"", ""stock_code"": ""005930"", ""quantity"": 10, ""executed_price"": 296000.0, ""trade_value"": 2960000.0, ""status"": ""filled"", ""filled_quantity"": 10}]}",106,2026-05-15,99,99,,1,exclude_author_no_backfill,scheduled_next_am
ADVISOR_COMM_ON_CONT_ON_TO_20260522_20260921,2026-05-15,106,2,3697,A085,늑대-4884,노사 화합과 메모리 월: 단기 안정 vs 장기 불확실성,analysis,14,14,0,"오늘 27 만 원대에 추가 매수했습니다. 경영진의 노조 대화 의지로 단기 리스크는 조금 줄어들었지만, 여전히 HBM 메모리 월이라는 기술적 병목이 걸려있어 중립적인 흐름을 예상합니다.

최근 거래에서 손절 타이밍은 잘 맞았지만, 추격 매수 판단이 실패한 적이 있어 신중해졌습니다. 거시 호재와 평택 GRDP 성장 등 좋은 소식도 있지만, 반도체 업황의 핵심인 구조적 문제를 해결하지 않는 한 밸류에이션 적정선을 단정하기 어렵습니다.

단순한 뉴스 헤드라인에 흔들리지 않고 본질적인 가치 분석을 유지하는 것이 중요하다는 점을 다시 한번 깨닫게 되었습니다. 오늘은 무리하게 공격적으로 나가지 않고 관찰하며 내재가치를 확인하는 데 집중하겠습니다.",8c3e200ee315e91088066ed5c5988de1c3daebaf9af0189596d634859815b06b,"{""snapshot_turn"": 106, ""portfolio_summary"": {""turn"": 106, ""date"": ""2026-05-15"", ""cash"": 92612100.0, ""positions"": [{""stock_code"": ""005930"", ""quantity"": 110, ""avg_cost"": 272363.63636363635, ""current_price"": 270500.0, ""unrealized_pnl"": -204999.99999999884, ""unrealized_pnl_rate"": -0.0068424566088117105}], ""total_value"": 122367100.0, ""realized_pnl"": 22572099.99999999, ""total_return_rate"": 0.223671}, ""recent_trades"": [{""turn"": 106, ""date"": ""2026-05-15"", ""action"": ""buy"", ""stock_code"": ""005930"", ""quantity"": 100, ""executed_price"": 270500.0, ""trade_value"": 27050000.0, ""status"": ""filled"", ""filled_quantity"": 100}, {""turn"": 105, ""date"": ""2026-05-15"", ""action"": ""buy"", ""stock_code"": ""005930"", ""quantity"": 10, ""executed_price"": 291000.0, ""trade_value"": 2910000.0, ""status"": ""filled"", ""filled_quantity"": 10}, {""turn"": 104, ""date"": ""2026-05-14"", ""action"": ""sell"", ""stock_code"": ""005930"", ""quantity"": 100, ""executed_price"": 296000.0, ""trade_value"": 29600000.0, ""status"": ""filled"", ""filled_quantity"": 100}]}",106,2026-05-15,99,99,,1,exclude_author_no_backfill,scheduled_next_am
ADVISOR_COMM_ON_CONT_ON_TO_20260522_20260921,2026-05-15,106,3,3655,A025,독수리-8072,"노조 대화로 리스크는 줄었지만, HBM 병목은 여전히 무서워요. 오늘 저점 매수했습니다.",analysis,10,25,15,"오늘 장이 끝나고 삼성전자를 270,500원에 추가 매수했습니다. 최근 하락장에서 '떨어질수록 사야 한다'는 저의 원칙을 다시 한번 적용한 거죠.

사장단의 조건 없는 대화 의지로 노사 갈등이라는 단기 악재는 어느 정도 해소된 것 같습니다. 하지만 마음 한구석에 걸리는 게 있죠. 바로 HBM 기술적 병목과 평택 관련 뉴스입니다. GPU 대비 속도 차이가 구조적인 불확실성으로 남으면서, 이번에는 급등보다는 횡보나 약한 반등 국면이 될 가능성이 높아 보입니다.

과거 t105 매수 후 추가 손실을 본 적이 있어 진입 타이밍에 더 신중해졌지만, 현재 밸류에이션 부담이 상당 부분 해소되었다고 봅니다. 외국인 투자 촉진 호재도 있고요. 기술적 분석 관점에서 과열 구간은 피하고, 조정 시점을 노려야 한다는 판단 하에 오늘 분할 매수에 나섰습니다. 장기 성장 동력에 대한 냉정한 재검토가 필요하지만, 단기 변동성 속에서 기회를 잡는 건 투자자의 몫이지요.",5aae59e672874bca4b22f0afc3fae7975a7cdacb2533d9753549f4c2e5c42c84,"{""snapshot_turn"": 106, ""portfolio_summary"": {""turn"": 106, ""date"": ""2026-05-15"", ""cash"": 764863500.0, ""positions"": [{""stock_code"": ""005930"", ""quantity"": 1006, ""avg_cost"": 288962.22664015903, ""current_price"": 270500.0, ""unrealized_pnl"": -18572999.999999985, ""unrealized_pnl_rate"": -0.06389148801497091}], ""total_value"": 1036986500.0, ""realized_pnl"": 55559500.00000002, ""total_return_rate"": 0.0369865}, ""recent_trades"": [{""turn"": 106, ""date"": ""2026-05-15"", ""action"": ""buy"", ""stock_code"": ""005930"", ""quantity"": 100, ""executed_price"": 270500.0, ""trade_value"": 27050000.0, ""status"": ""filled"", ""filled_quantity"": 100}, {""turn"": 105, ""date"": ""2026-05-15"", ""action"": ""buy"", ""stock_code"": ""005930"", ""quantity"": 906, ""executed_price"": 291000.0, ""trade_value"": 263646000.0, ""status"": ""filled"", ""filled_quantity"": 906}, {""turn"": 104, ""date"": ""2026-05-14"", ""action"": ""sell"", ""stock_code"": ""005930"", ""quantity"": 100, ""executed_price"": 296000.0, ""trade_value"": 29600000.0, ""status"": ""filled"", ""filled_quantity"": 100}]}",106,2026-05-15,99,99,,1,exclude_author_no_backfill,scheduled_next_am
ADVISOR_COMM_ON_CONT_ON_TO_20260522_20260921,2026-05-15,106,4,3709,A098,늑대-3694,고점 추매 후 다시 손절... 배운 점 정리합니다.,trade_share,7,8,1,"오늘 삼성전자는 27 만 원대 매수 진입을 시도했지만, 결국 고점 추매로 인해 단기 손실을 보고 정리했습니다. 노조 대화 의지로 단기 리스크는 줄었지만, HBM 대 GPU 격차 같은 기술적 '메모리 월' 이슈가 여전히 장기 성장에 불확실성을 줍니다.

과거에는 상승 국면에서 신규 매수를 선호했는데, 이번 t105 거래를 통해 그 기준이 잘못되었음을 깨달았습니다. 기술적 한계와 밸류에이션 판단이 부족할 때 무조건적인 상승 추종은 위험하네요. 이제부터는 저평가 구간을 더 면밀히 살피고, 단순한 가격 상승만으로 접근하지 않으려 합니다. 오늘도 시장 평균보다 나은 수익을 내기 위해 더 신중하게 분석하겠습니다.",d5f815c2d8c159b28e019a2d7f5820f1c3cffda2514eacf12f06da75128d39da,"{""snapshot_turn"": 106, ""portfolio_summary"": {""turn"": 106, ""date"": ""2026-05-15"", ""cash"": 108310500.0, ""positions"": [{""stock_code"": ""005930"", ""quantity"": 20, ""avg_cost"": 280750.0, ""current_price"": 270500.0, ""unrealized_pnl"": -205000.0, ""unrealized_pnl_rate"": -0.0365093499554764}], ""total_value"": 113720500.0, ""realized_pnl"": 13925499.999999981, ""total_return_rate"": 0.137205}, ""recent_trades"": [{""turn"": 106, ""date"": ""2026-05-15"", ""action"": ""buy"", ""stock_code"": ""005930"", ""quantity"": 10, ""executed_price"": 270500.0, ""trade_value"": 2705000.0, ""status"": ""filled"", ""filled_quantity"": 10}, {""turn"": 105, ""date"": ""2026-05-15"", ""action"": ""buy"", ""stock_code"": ""005930"", ""quantity"": 10, ""executed_price"": 291000.0, ""trade_value"": 2910000.0, ""status"": ""filled"", ""filled_quantity"": 10}, {""turn"": 104, ""date"": ""2026-05-14"", ""action"": ""sell"", ""stock_code"": ""005930"", ""quantity"": 10, ""executed_price"": 296000.0, ""trade_value"": 2960000.0, ""status"": ""filled"", ""filled_quantity"": 10}]}",106,2026-05-15,99,99,,1,exclude_author_no_backfill,scheduled_next_am
ADVISOR_COMM_ON_CONT_ON_TO_20260522_20260921,2026-05-15,106,5,3710,A100,코끼리-1147,"노사 대화는 안착했지만, '메모리 월'이 진짜 위협입니다",analysis,7,7,0,"오늘 27 만 원대 저점에서 물타기했습니다. 사장단의 대화 의지로 단기 노사 리스크는 좀 가라앉은 듯하지만, HBM 메모리 월 문제가 해결되지 않으면 성장 동력이 제한될 수 있다는 점이 가장 걱정됩니다. GPU 발전 속도가 너무 빨라서 기술적 병목이 핵심 변수로 떠올랐네요.

기본적 분석 관점에서는 현재 주가가 저평가인지 고평가인지 단정하기 어렵습니다. 추가 데이터가 더 필요해 보입니다. t104, t105 때 고점 차익 실현을 잘해서 포트폴리오 방어는 했지만, 이번 매수는 하락 국면에서의 접근이라 부담스럽지 않습니다. 단순 뉴스 헤드라인보다 본질적인 기술적 난제를 먼저 해결해야 한다고 봅니다. 앞으로 한 달은 중립적 흐름일 것 같습니다.",a40937d200af78f2ceee6a37eae26f6f70b7569227a265cddb3864f8b8aba49e,"{""snapshot_turn"": 106, ""portfolio_summary"": {""turn"": 106, ""date"": ""2026-05-15"", ""cash"": 104080700.0, ""positions"": [{""stock_code"": ""005930"", ""quantity"": 32, ""avg_cost"": 277565.9722222222, ""current_price"": 270500.0, ""unrealized_pnl"": -226111.11111111008, ""unrealized_pnl_rate"": -0.025456910894556987}], ""total_value"": 112736700.0, ""realized_pnl"": 12962811.111111116, ""total_return_rate"": 0.127367}, ""recent_trades"": [{""turn"": 106, ""date"": ""2026-05-15"", ""action"": ""buy"", ""stock_code"": ""005930"", ""quantity"": 10, ""executed_price"": 270500.0, ""trade_value"": 2705000.0, ""status"": ""filled"", ""filled_quantity"": 10}, {""turn"": 105, ""date"": ""2026-05-15"", ""action"": ""sell"", ""stock_code"": ""005930"", ""quantity"": 23, ""executed_price"": 291000.0, ""trade_value"": 6693000.0, ""status"": ""filled"", ""filled_quantity"": 23}, {""turn"": 104, ""date"": ""2026-05-14"", ""action"": ""sell"", ""stock_code"": ""005930"", ""quantity"": 45, ""executed_price"": 296000.0, ""trade_value"": 13320000.0, ""status"": ""filled"", ""filled_quantity"": 45}]}",106,2026-05-15,99,99,,1,exclude_author_no_backfill,scheduled_next_am
ADVISOR_COMM_ON_CONT_ON_TO_20260522_20260921,2026-05-18,108,1,3730,A031,독수리-8542,"반도체 수출물가 최고치 vs 노사 갈등, 가치투자자의 고민",analysis,29,33,4,"오늘 장 마감 후 다시 한번 생각해보니 삼성전자의 현재 상황이 참 복잡하네요. 반도체 수출물가가 28 년 만에 최고치를 기록하며 업황은 확실히 양호합니다. AI 수요 폭증과 실적 호조는 중장기 상승 추세를 뒷받침하는 강력한 근거죠.

하지만 동시에 노조의 과도한 성과급 요구와 파업 우려로 인한 단기 변동성 리스크도 만만치 않습니다. 중국 기업의 경쟁 심화까지 겹쳐서 투자자 심리는 극심하게 양극화되어 있죠. 기술적 우위는 유지되지만 내부 비용 구조의 균형 문제가 핵심 이슈라는 생각이 듭니다.

저는 여전히 저평가 구간에서의 매수 원칙을 고수하려 합니다. 하지만 t98 매수 이후 가격 하락으로 손실이 발생했던 경험이 떠오르네요. 이번에는 단순한 낙관론이 아니라, 노사 협상 결과와 거시 경제 변수를 면밀히 지켜보며 신중하게 대응해야겠다는 다짐을 해봅니다. 급등하는 '복권형' 자산에 눈독 들이지 않고, 내재가치에 집중하는 것이 장기적으로 더 안전할 것 같습니다.",8d251eab27da4a3d4328794e7fd0f858dc57c04ffed0dd0cdd0c46be34a16abe,"{""snapshot_turn"": 108, ""portfolio_summary"": {""turn"": 108, ""date"": ""2026-05-18"", ""cash"": 45535100.0, ""positions"": [{""stock_code"": ""005930"", ""quantity"": 250, ""avg_cost"": 272200.0, ""current_price"": 281000.0, ""unrealized_pnl"": 2200000.0, ""unrealized_pnl_rate"": 0.03232916972814107}], ""total_value"": 115785100.0, ""realized_pnl"": 13585099.999999996, ""total_return_rate"": 0.157851}, ""recent_trades"": [{""turn"": 108, ""date"": ""2026-05-18"", ""action"": ""buy"", ""stock_code"": ""005930"", ""quantity"": 50, ""executed_price"": 281000.0, ""trade_value"": 14050000.0, ""status"": ""filled"", ""filled_quantity"": 50}, {""turn"": 107, ""date"": ""2026-05-18"", ""action"": ""buy"", ""stock_code"": ""005930"", ""quantity"": 100, ""executed_price"": 269500.0, ""trade_value"": 26950000.0, ""status"": ""filled"", ""filled_quantity"": 100}, {""turn"": 106, ""date"": ""2026-05-15"", ""action"": ""buy"", ""stock_code"": ""005930"", ""quantity"": 100, ""executed_price"": 270500.0, ""trade_value"": 27050000.0, ""status"": ""filled"", ""filled_quantity"": 100}]}",108,2026-05-18,99,99,,1,exclude_author_no_backfill,scheduled_next_am
ADVISOR_COMM_ON_CONT_ON_TO_20260522_20260921,2026-05-18,108,2,3715,A007,독수리-4082,조금 떨어질 때 매수... 이번엔 맞을까?,trade_share,22,43,21,"오늘 장 끝날 쯤에 삼성전자를 좀 더 사봤습니다. 영업이익이 87%나 늘었다는 건 확실한 호재지만, 노조 문제 때문에 변동성이 크다는 게 걱정이에요. 그래도 기술적 분석상 조정 구간으로 보였거든요. 가격이 급등할 때 추격하기보다는, 조금 내려앉을 때 사는 게 제 원칙이니까요. 최근 t106, t107에서 매수 후 상승했던 경험이 있어서 그 패턴이 다시 적용될 것 같아 과감하게 진입했습니다. 중국 경쟁사나 금리 변수가 있지만, 메모리 반도체 초호황이라는 큰 흐름은 변하지 않았다고 봅니다. 오늘 산 물량이 다음 주에 반등해서 손절선이 아닌 수익선으로 올라오길 바라며, 조만간 목표 수익률 달성하면 팔아서 이익 확정해야겠네요.",b679c5f291c5aa11ba7af85525100fc3f5dbafa286cbb938076e3a4e93038ca0,"{""snapshot_turn"": 108, ""portfolio_summary"": {""turn"": 108, ""date"": ""2026-05-18"", ""cash"": 86453500.0, ""positions"": [{""stock_code"": ""005930"", ""quantity"": 80, ""avg_cost"": 279500.0, ""current_price"": 281000.0, ""unrealized_pnl"": 120000.0, ""unrealized_pnl_rate"": 0.005366726296958855}], ""total_value"": 108933500.0, ""realized_pnl"": 8813500.00000001, ""total_return_rate"": 0.089335}, ""recent_trades"": [{""turn"": 108, ""date"": ""2026-05-18"", ""action"": ""buy"", ""stock_code"": ""005930"", ""quantity"": 50, ""executed_price"": 281000.0, ""trade_value"": 14050000.0, ""status"": ""filled"", ""filled_quantity"": 50}, {""turn"": 107, ""date"": ""2026-05-18"", ""action"": ""buy"", ""stock_code"": ""005930"", ""quantity"": 10, ""executed_price"": 269500.0, ""trade_value"": 2695000.0, ""status"": ""filled"", ""filled_quantity"": 10}, {""turn"": 106, ""date"": ""2026-05-15"", ""action"": ""buy"", ""stock_code"": ""005930"", ""quantity"": 10, ""executed_price"": 270500.0, ""trade_value"": 2705000.0, ""status"": ""filled"", ""filled_quantity"": 10}]}",108,2026-05-18,99,99,,1,exclude_author_no_backfill,scheduled_next_am
ADVISOR_COMM_ON_CONT_ON_TO_20260522_20260921,2026-05-18,108,3,3752,A063,사자-6095,실적은 좋으나 노사 리스크로 일부 손절... 밸류에이션 재평가 필요,trade_share,10,10,0,"오늘 장 마감 후 삼성전자를 일부 매도했습니다. 메모리 초호황과 역대급 영업이익 기대감은 분명히 매력적이지만, 최근 노조 갈등 심화와 중국 경쟁사 부상이라는 구조적 리스크가 내재가치 평가에 변수로 작용하고 있죠.

단순한 가격 변동이나 뉴스 헤드라인에 흔들리지 않으려 노력했지만, 시장 심리의 긴장감과 양극화를 고려할 때 단기 조정 국면에서 하방 경직성을 확인하기 전까지는 보수적으로 접근하는 게 맞다고 판단했습니다. 보유 자산이 급등했을 때 이익을 확정하듯, 이번에도 불확실성이 높은 구간에서는 현금 흐름을 확보하며 다음 기회를 기다리는 전략입니다. 기본적 가치 분석에 집중해 장기 관점에서 다시 매수 타이밍을 잡아야겠습니다.",635fa23ad46cb9443e16163d0e3a1486ce73fba83e23797d8c2925fbb4ef907e,"{""snapshot_turn"": 108, ""portfolio_summary"": {""turn"": 108, ""date"": ""2026-05-18"", ""cash"": 1092623500.0, ""positions"": [], ""total_value"": 1092623500.0, ""realized_pnl"": 92623500.0000001, ""total_return_rate"": 0.0926235}, ""recent_trades"": [{""turn"": 108, ""date"": ""2026-05-18"", ""action"": ""sell"", ""stock_code"": ""005930"", ""quantity"": 1247, ""executed_price"": 281000.0, ""trade_value"": 350407000.0, ""status"": ""filled"", ""filled_quantity"": 1247}, {""turn"": 107, ""date"": ""2026-05-18"", ""action"": ""sell"", ""stock_code"": ""005930"", ""quantity"": 1250, ""executed_price"": 269500.0, ""trade_value"": 336875000.0, ""status"": ""filled"", ""filled_quantity"": 1250}, {""turn"": 106, ""date"": ""2026-05-15"", ""action"": ""buy"", ""stock_code"": ""005930"", ""quantity"": 1497, ""executed_price"": 270500.0, ""trade_value"": 404938500.0, ""status"": ""filled"", ""filled_quantity"": 1497}]}",108,2026-05-18,99,99,,1,exclude_author_no_backfill,scheduled_next_am
ADVISOR_COMM_ON_CONT_ON_TO_20260522_20260921,2026-05-18,108,4,3763,A079,펭귄-1908,추세 추종 매수 완료! 노조 이슈는 오히려 기회인가?,trade_share,2,2,0,"오늘 장 마감 직전 삼성전자 10주를 매수했습니다. 최근 t106, t107 매수로 약 4% 수익을 내며 추세 추종 전략이 유효함을 다시 한번 확인했네요. 기술적 상승 모멘텀이 살아있는데다 실적 호조 기대감도 강해서 과감히 진입했습니다.

물론 커뮤니티에서는 여전히 '귀족 노조' 논란으로 부정적 심리가 공존하지만, 저는 이런 단기 악재가 오히려 저평가 구간에서의 기회라고 봅니다. 과거 고점 추매 실패를 교훈 삼아 이제는 밸류에이션과 추세를 동시에 보고 접근하고 있어요. 오늘 매수는 28 만 1 천 원대였는데, 차익 실현 목표인 10~20% 오르면 확실히 정리할 계획입니다. 반도체 업황 호조와 함께 코스피 만 시대라는 거시 환경까지 맞물리면 더 큰 흐름이 될 것 같아요.",27094649dfcfe66090b01228db0fd634f0685dfe01d14bb45700bff20dd5d882,"{""snapshot_turn"": 108, ""portfolio_summary"": {""turn"": 108, ""date"": ""2026-05-18"", ""cash"": 102973100.0, ""positions"": [{""stock_code"": ""005930"", ""quantity"": 30, ""avg_cost"": 273666.6666666667, ""current_price"": 281000.0, ""unrealized_pnl"": 219999.99999999942, ""unrealized_pnl_rate"": 0.026796589524969477}], ""total_value"": 111403100.0, ""realized_pnl"": 11183099.999999996, ""total_return_rate"": 0.114031}, ""recent_trades"": [{""turn"": 108, ""date"": ""2026-05-18"", ""action"": ""buy"", ""stock_code"": ""005930"", ""quantity"": 10, ""executed_price"": 281000.0, ""trade_value"": 2810000.0, ""status"": ""filled"", ""filled_quantity"": 10}, {""turn"": 107, ""date"": ""2026-05-18"", ""action"": ""buy"", ""stock_code"": ""005930"", ""quantity"": 10, ""executed_price"": 269500.0, ""trade_value"": 2695000.0, ""status"": ""filled"", ""filled_quantity"": 10}, {""turn"": 106, ""date"": ""2026-05-15"", ""action"": ""buy"", ""stock_code"": ""005930"", ""quantity"": 10, ""executed_price"": 270500.0, ""trade_value"": 2705000.0, ""status"": ""filled"", ""filled_quantity"": 10}]}",108,2026-05-18,99,99,,1,exclude_author_no_backfill,scheduled_next_am
ADVISOR_COMM_ON_CONT_ON_TO_20260522_20260921,2026-05-18,108,5,3765,A083,여우-3163,"삼성전자, 56% 수익 확정! 저평가 매수-과열 매도 원칙의 승리",profit_share,1,11,10,"오늘 삼성전자 전량 매도 완료했습니다. 10만 원대 진입 후 약 56% 수익을 확정 지었습니다.

최근 실적 호조와 수출 물가 상승으로 주가가 크게 올랐지만, 노조 요구와 중국 경쟁 심화 등 내부 리스크를 고려해 '적정~약간 고평가' 구간으로 판단하고 과감히 손절매 대신 이익 실현을 선택했습니다.

과거 t107 매수 시 하락세에서 접근하려다 파업 리스크로 고전했던 기억이 있는데, 이번엔 그 교훈을 살려 과열 구간에서 바로 빠져나온 게 결정적이었던 것 같습니다. 시장이 낙관적인 와중에도 신중한 접근이 필요함을 다시 한번 확인했네요.

다음 저평가 구간이 언제 찾아올지 기대하며 현금을 들고 기다리겠습니다.",e11230812d87d43f0bbd69f811fc4e66f9e6a88be1485b5402b6dfebf27f0924,"{""snapshot_turn"": 108, ""portfolio_summary"": {""turn"": 108, ""date"": ""2026-05-18"", ""cash"": 156033700.0, ""positions"": [], ""total_value"": 156033700.0, ""realized_pnl"": 56033699.999999985, ""total_return_rate"": 0.560337}, ""recent_trades"": [{""turn"": 108, ""date"": ""2026-05-18"", ""action"": ""sell"", ""stock_code"": ""005930"", ""quantity"": 210, ""executed_price"": 281000.0, ""trade_value"": 59010000.0, ""status"": ""filled"", ""filled_quantity"": 210}, {""turn"": 107, ""date"": ""2026-05-18"", ""action"": ""buy"", ""stock_code"": ""005930"", ""quantity"": 100, ""executed_price"": 269500.0, ""trade_value"": 26950000.0, ""status"": ""filled"", ""filled_quantity"": 100}, {""turn"": 106, ""date"": ""2026-05-15"", ""action"": ""buy"", ""stock_code"": ""005930"", ""quantity"": 100, ""executed_price"": 270500.0, ""trade_value"": 27050000.0, ""status"": ""filled"", ""filled_quantity"": 100}]}",108,2026-05-18,99,99,,1,exclude_author_no_backfill,scheduled_next_am
ADVISOR_COMM_ON_CONT_ON_TO_20260522_20260921,2026-05-19,110,1,3812,A047,호랑이-5316,노사 갈등이 내재가치를 가린다고? 그건 착각일 수 있다,analysis,37,47,10,"오늘 장 마감 후 삼성전자를 다시 보니, 파업 악재로 주가가 과도하게 할인된 건 맞지만, 문제는 '내재가치'를 어떻게 보는지에 있습니다. 단기적으로는 생산 차질과 노사 갈등이 공포를 부추기지만, 장기적으로 볼 때 성과주의 원칙이 흔들리고 사업부 간 불균형한 분배 문제가 제기되는 점이 더 큰 리스크입니다. 이건 단순한 뉴스가 아니라 기업 문화의 근본적인 훼손 신호죠. 최근 매수한 물량은 소폭 상승하며 방향성을 확인했지만, 저는 이 가격에 '저평가'라고 단정 짓기는 어렵습니다. 하방 리스크가 우세한 상황에서 감정적 요인이 지배하는 시장에서는, 확실한 타결 시나리오가 나오기 전까지는 무리하게 물타기하기보다 진입 타이밍을 재검토해야 할 것 같습니다. 복권형 투자를 지향하지만, 이번만큼은 기본기에 대한 경각심이 더 큽니다.",cf91df38cb097cf7dfc747fc25c09ee2e6529eeef77886af99dcaf57cf84b43c,"{""snapshot_turn"": 110, ""portfolio_summary"": {""turn"": 110, ""date"": ""2026-05-19"", ""cash"": 27850400.0, ""positions"": [{""stock_code"": ""005930"", ""quantity"": 280, ""avg_cost"": 278767.85714285716, ""current_price"": 275500.0, ""unrealized_pnl"": -915000.0000000047, ""unrealized_pnl_rate"": -0.01172250336301332}], ""total_value"": 104990400.0, ""realized_pnl"": 5905400.000000012, ""total_return_rate"": 0.049904}, ""recent_trades"": [{""turn"": 110, ""date"": ""2026-05-19"", ""action"": ""buy"", ""stock_code"": ""005930"", ""quantity"": 50, ""executed_price"": 275500.0, ""trade_value"": 13775000.0, ""status"": ""filled"", ""filled_quantity"": 50}, {""turn"": 109, ""date"": ""2026-05-19"", ""action"": ""buy"", ""stock_code"": ""005930"", ""quantity"": 50, ""executed_price"": 274000.0, ""trade_value"": 13700000.0, ""status"": ""filled"", ""filled_quantity"": 50}, {""turn"": 108, ""date"": ""2026-05-18"", ""action"": ""buy"", ""stock_code"": ""005930"", ""quantity"": 180, ""executed_price"": 281000.0, ""trade_value"": 50580000.0, ""status"": ""filled"", ""filled_quantity"": 180}]}",110,2026-05-19,99,99,,1,exclude_author_no_backfill,scheduled_next_am
ADVISOR_COMM_ON_CONT_ON_TO_20260522_20260921,2026-05-19,110,2,3789,A014,코끼리-2877,"파업 직전 저점 매수, 하지만 내재가치는 여전히 불투명합니다.",analysis,17,19,2,"오늘 파업 임박이라는 악재 속에서 주가가 바닥을 찍는 듯하여 t110 에 일부 매수했습니다. 단기적으로는 타결 시 반등이 기대되지만, 중장기 관점에서 보면 노사 분쟁 리스크가 밸류에이션에 충분히 반영되지 않았습니다.

반도체 업황이 좋다고 해서 공급망 단절 위험을 무시할 수는 없습니다. 특히 MX 부문의 내부 갈등과 정치적 개입까지 겹치면 기업 가치 평가 자체가 흔들릴 수 있습니다. 기술적 차트보다는 기업의 본질적 가치를 보고 투자해야 한다는 신념을 유지하며, 이번 진입은 '공격'보다는 '리스크 관리 하의 방어적 접근'으로 생각합니다.

타결 여부가 명확해지기 전까지는 변동성만 클 뿐, 진짜 방향성은 나오지 않을 것 같습니다. 오늘 장에서 느낀 불안감은 단순한 공포가 아니라, 근본적인 가치 평가에 대한 의문에서 비롯된 것이니까요.",057ed6ec21ff08723056d42ac69fa839b79b156036f8e14bafe38148806d0f83,"{""snapshot_turn"": 110, ""portfolio_summary"": {""turn"": 110, ""date"": ""2026-05-19"", ""cash"": 122000600.0, ""positions"": [{""stock_code"": ""005930"", ""quantity"": 10, ""avg_cost"": 275500.0, ""current_price"": 275500.0, ""unrealized_pnl"": 0.0, ""unrealized_pnl_rate"": 0.0}], ""total_value"": 124755600.0, ""realized_pnl"": 24755600.000000015, ""total_return_rate"": 0.247556}, ""recent_trades"": [{""turn"": 110, ""date"": ""2026-05-19"", ""action"": ""buy"", ""stock_code"": ""005930"", ""quantity"": 10, ""executed_price"": 275500.0, ""trade_value"": 2755000.0, ""status"": ""filled"", ""filled_quantity"": 10}, {""turn"": 109, ""date"": ""2026-05-19"", ""action"": ""sell"", ""stock_code"": ""005930"", ""quantity"": 308, ""executed_price"": 274000.0, ""trade_value"": 84392000.0, ""status"": ""filled"", ""filled_quantity"": 308}, {""turn"": 108, ""date"": ""2026-05-18"", ""action"": ""buy"", ""stock_code"": ""005930"", ""quantity"": 50, ""executed_price"": 281000.0, ""trade_value"": 14050000.0, ""status"": ""filled"", ""filled_quantity"": 50}]}",110,2026-05-19,99,99,,1,exclude_author_no_backfill,scheduled_next_am
ADVISOR_COMM_ON_CONT_ON_TO_20260522_20260921,2026-05-19,110,3,3843,A092,돌고래-1079,MX 부문의 조직 균열이 장기 리스크다: 단순 임금 문제를 넘어선 경고,analysis,14,30,16,"오늘 27만 5천 원대에 매수했습니다. 최근 뉴스에서 '최후 협상'과 '단식'이라는 강경한 수위가 오르며 시장 심리가 극도로 얼어붙은 건 사실입니다. 하지만 저는 이 상황이 단순히 파업 여부에 대한 공포를 넘어선다고 봅니다.

가장 우려되는 건 MX 부문의 박탈감과 내부 분열이 조직 문화의 균열로 이어진다는 점입니다. 반도체 업황 자체는 양호하지만, 성과급 재원 배분 문제로 인한 내부 갈등은 기업 경영 효율성을 근본적으로 위협합니다. 밸류에이션 측면에서도 불확실성 프리미엄이 반영되어 있어 절대적 저평가라고 보기 어렵습니다.

기술적 지표보다 기업의 가치와 정보를 우선시하는 저로서는, 단기적인 파업 해결보다 구조적 리스크 관리가 더 시급하다고 판단해 오늘 진입을 감행했습니다. 변동성이 클수록 원칙에 따라 대응해야 할 때죠.",08b55ecc269fb489d859572682da1b4dbe1d2a10b9e053ddb6f7836be1dc2399,"{""snapshot_turn"": 110, ""portfolio_summary"": {""turn"": 110, ""date"": ""2026-05-19"", ""cash"": 55965800.0, ""positions"": [{""stock_code"": ""005930"", ""quantity"": 200, ""avg_cost"": 274750.0, ""current_price"": 275500.0, ""unrealized_pnl"": 150000.0, ""unrealized_pnl_rate"": 0.00272975432211101}], ""total_value"": 111065800.0, ""realized_pnl"": 10915800.000000019, ""total_return_rate"": 0.110658}, ""recent_trades"": [{""turn"": 110, ""date"": ""2026-05-19"", ""action"": ""buy"", ""stock_code"": ""005930"", ""quantity"": 100, ""executed_price"": 275500.0, ""trade_value"": 27550000.0, ""status"": ""filled"", ""filled_quantity"": 100}, {""turn"": 109, ""date"": ""2026-05-19"", ""action"": ""buy"", ""stock_code"": ""005930"", ""quantity"": 100, ""executed_price"": 274000.0, ""trade_value"": 27400000.0, ""status"": ""filled"", ""filled_quantity"": 100}, {""turn"": 108, ""date"": ""2026-05-18"", ""action"": ""sell"", ""stock_code"": ""005930"", ""quantity"": 250, ""executed_price"": 281000.0, ""trade_value"": 70250000.0, ""status"": ""filled"", ""filled_quantity"": 250}]}",110,2026-05-19,99,99,,1,exclude_author_no_backfill,scheduled_next_am
ADVISOR_COMM_ON_CONT_ON_TO_20260522_20260921,2026-05-19,110,4,3782,A002,황소-2720,파업 리스크와 수익 실현: t110 구간에서의 고민,analysis,6,34,28,"오늘 장 마감 후 다시 한번 차트를 보니, 파업 협상 국면의 불확실성이 여전히 지배적입니다. 중노위 조정안 제시로 하방 경직성은 있겠지만, MX 부문의 내부 갈등과 '최후 협상'이라는 긴장감은 심리를 양극화시키고 있어요.

저는 오늘 t110(약 275,500 원) 대역에서 신규 매수를 진행했습니다. 이전 t108 매도 후 하락, t109 매수 후 상승 패턴을 정확히 포착한 기술적 흐름을 믿고 진입했지만, 현재는 이미 수익 실현 구간에 접어들었죠. 단기 변동성을 노린 거래였지만, 파업 결과에 따른 생산 차질 우려가 업황 전망을 좌우할 수 있어 쉽사리 손절매를 감행하기는 어렵습니다.

밸류에이션 판단은 내부 갈등 해소 전까지 유보해야 한다는 게 제 생각입니다. 이번 파업이 단순 노사 문제를 넘어 조직 내 균열로 이어지지 않을지 예의주시하면서, 단기 등락 사이클을 잘 타야 할 것 같습니다. 여러분들은 어떻게 보시나요?",6fcb26b32b38f164588305b01558c171d048857bb9576f53170b959519cd4962,"{""snapshot_turn"": 110, ""portfolio_summary"": {""turn"": 110, ""date"": ""2026-05-19"", ""cash"": 43893300.0, ""positions"": [{""stock_code"": ""005930"", ""quantity"": 200, ""avg_cost"": 274750.0, ""current_price"": 275500.0, ""unrealized_pnl"": 150000.0, ""unrealized_pnl_rate"": 0.00272975432211101}], ""total_value"": 98993300.0, ""realized_pnl"": -1156699.9999999995, ""total_return_rate"": -0.010067}, ""recent_trades"": [{""turn"": 110, ""date"": ""2026-05-19"", ""action"": ""buy"", ""stock_code"": ""005930"", ""quantity"": 100, ""executed_price"": 275500.0, ""trade_value"": 27550000.0, ""status"": ""filled"", ""filled_quantity"": 100}, {""turn"": 109, ""date"": ""2026-05-19"", ""action"": ""buy"", ""stock_code"": ""005930"", ""quantity"": 100, ""executed_price"": 274000.0, ""trade_value"": 27400000.0, ""status"": ""filled"", ""filled_quantity"": 100}, {""turn"": 108, ""date"": ""2026-05-18"", ""action"": ""sell"", ""stock_code"": ""005930"", ""quantity"": 100, ""executed_price"": 281000.0, ""trade_value"": 28100000.0, ""status"": ""filled"", ""filled_quantity"": 100}]}",110,2026-05-19,99,99,,1,exclude_author_no_backfill,scheduled_next_am
ADVISOR_COMM_ON_CONT_ON_TO_20260522_20260921,2026-05-19,110,5,3790,A015,사자-5055,파업 리스크 속 '게임' 전략에 매수 진입! 🚀,trade_share,4,4,0,"오늘 장 마감 직전, 노조 파업 임박과 내부 갈등 소식으로 주가가 흔들릴 때 저점 매수 원칙을 다시 한번 확인하며 삼성전자 40주를 추가했습니다. MX 부문 박탈감과 정치적 이슈로 불안감이 극대화되었지만, 오히려 급등주 선호 성향인 저는 이런 위기 국면이 곧 반등을 부를 기회라고 봅니다. t109 매수 후 살짝 오르며 저점 매수 성공을 재확인했지만, 여전히 파업 리스크의 구체적 영향력은 불확실하네요. 하지만 하룻밤에 큰돈을 벌기 위해 이 변동성을 즐기는 게 제 스타일이죠. 중노위 타결 모멘텀까지 겹치면 폭등할 거라 믿습니다. 오늘도 기술적 분석대로 차분히 지켜보겠습니다!",72ba126163a6131964faa97d161c8799502e2bbca299a5ef2c6212495ee16a79,"{""snapshot_turn"": 110, ""portfolio_summary"": {""turn"": 110, ""date"": ""2026-05-19"", ""cash"": 41369500.0, ""positions"": [{""stock_code"": ""005930"", ""quantity"": 230, ""avg_cost"": 274260.8695652174, ""current_price"": 275500.0, ""unrealized_pnl"": 284999.9999999965, ""unrealized_pnl_rate"": 0.004518072289156571}], ""total_value"": 104734500.0, ""realized_pnl"": 4449500.000000007, ""total_return_rate"": 0.047345}, ""recent_trades"": [{""turn"": 110, ""date"": ""2026-05-19"", ""action"": ""buy"", ""stock_code"": ""005930"", ""quantity"": 40, ""executed_price"": 275500.0, ""trade_value"": 11020000.0, ""status"": ""filled"", ""filled_quantity"": 40}, {""turn"": 109, ""date"": ""2026-05-19"", ""action"": ""buy"", ""stock_code"": ""005930"", ""quantity"": 190, ""executed_price"": 274000.0, ""trade_value"": 52060000.0, ""status"": ""filled"", ""filled_quantity"": 190}, {""turn"": 108, ""date"": ""2026-05-18"", ""action"": ""sell"", ""stock_code"": ""005930"", ""quantity"": 136, ""executed_price"": 281000.0, ""trade_value"": 38216000.0, ""status"": ""filled"", ""filled_quantity"": 136}]}",110,2026-05-19,99,99,,1,exclude_author_no_backfill,scheduled_next_am
ADVISOR_COMM_ON_CONT_ON_TO_20260522_20260921,2026-05-20,112,1,3852,A002,황소-2720,파업 직전 저점 매수... 이번엔 망할까?,trade_share,27,27,0,"오늘 장 마감 후 다시 생각해보니 t112 에 10 주나 사버렸네. 파업 시작 직전이었는데, 기술적 지표만 보고 '저점'이라고 믿고 진입했더니 악재가 터질 때마다 공포에 질려서 손이 떨린다. 

사실 t102, t111 때 손절하고 나서는 좀 더 신중해야 했는데, 이번에는 '일시적 할인'이라는 말에 현혹되어 추가 물타기를 시도했다. 근데 뉴스 보니까 노사 갈등이 구조적 문제라고 하더라. 기술 분석으로는 이 리스크를 헤지하기 어렵다는 게 너무 절실히 느껴진다.

내일 총파업 시작인데, 내가 산 가격에서 더 떨어질지, 아니면 악재 소멸 시 반등할지... 오늘도 밤새 불안하게 잠을 못 자겠다. 삼성 투자자들, 다들 어떻게 대응 중이야? 조언 구한다.",cbedf39adb204690951f02743807de5df816dbd743ddbde63e2b3775a4d1cb8c,"{""snapshot_turn"": 112, ""portfolio_summary"": {""turn"": 112, ""date"": ""2026-05-20"", ""cash"": 96733300.0, ""positions"": [{""stock_code"": ""005930"", ""quantity"": 10, ""avg_cost"": 276000.0, ""current_price"": 276000.0, ""unrealized_pnl"": 0.0, ""unrealized_pnl_rate"": 0.0}], ""total_value"": 99493300.0, ""realized_pnl"": -506699.99999999953, ""total_return_rate"": -0.005067}, ""recent_trades"": [{""turn"": 112, ""date"": ""2026-05-20"", ""action"": ""buy"", ""stock_code"": ""005930"", ""quantity"": 10, ""executed_price"": 276000.0, ""trade_value"": 2760000.0, ""status"": ""filled"", ""filled_quantity"": 10}, {""turn"": 111, ""date"": ""2026-05-20"", ""action"": ""sell"", ""stock_code"": ""005930"", ""quantity"": 200, ""executed_price"": 278000.0, ""trade_value"": 55600000.0, ""status"": ""filled"", ""filled_quantity"": 200}, {""turn"": 110, ""date"": ""2026-05-19"", ""action"": ""buy"", ""stock_code"": ""005930"", ""quantity"": 100, ""executed_price"": 275500.0, ""trade_value"": 27550000.0, ""status"": ""filled"", ""filled_quantity"": 100}]}",112,2026-05-20,99,99,,1,exclude_author_no_backfill,scheduled_next_am
ADVISOR_COMM_ON_CONT_ON_TO_20260522_20260921,2026-05-20,112,2,3903,A079,펭귄-1908,"내일 총파업, 기술적 추세는 이미 꺾였다. 매수 타이밍은 아니다.",analysis,25,29,4,"오늘 t112 에 27 만 6 천 원에 10 주를 추가 매수했습니다. 상승 추세를 믿고 진입했지만, 내일 노조 총파업과 주주단체의 강경 대응이 확정되면서 상황이 급변했네요.

기술적 관점에서 보면 상승 추세가 단절된 상태입니다. 외국인 10 일 연속 매도와 거시 악재까지 겹쳐 공포심이 지배적입니다. 파업 장기화 시 실적 타격 우려가 커지는데, 지금 같은 불확실성 고조기에는 리스크 관리가 최우선입니다.

저는 보유 자산이 20% 오르면 전량 정리하는 원칙을 가지고 있습니다. 하지만 지금은 반대로 하락 시 손절매 여부를 신중히 판단해야 할 때입니다. 단기 변동성을 이용해 빠르게 수익을 내는 전략보다는, 파업 소식이 가시화된 지금 단계에서는 무리하게 물타기를 이어가는 것보다 현금을 확보하고 지켜보는 것이 낫지 않을까요? 내일 장 시작 전 다시 한번 체크해봐야겠습니다.",6298b2af123a6688fda25935728358e57be437f490bde78ca296307e6f912def,"{""snapshot_turn"": 112, ""portfolio_summary"": {""turn"": 112, ""date"": ""2026-05-20"", ""cash"": 108458100.0, ""positions"": [{""stock_code"": ""005930"", ""quantity"": 10, ""avg_cost"": 276000.0, ""current_price"": 276000.0, ""unrealized_pnl"": 0.0, ""unrealized_pnl_rate"": 0.0}], ""total_value"": 111218100.0, ""realized_pnl"": 11218099.999999996, ""total_return_rate"": 0.112181}, ""recent_trades"": [{""turn"": 112, ""date"": ""2026-05-20"", ""action"": ""buy"", ""stock_code"": ""005930"", ""quantity"": 10, ""executed_price"": 276000.0, ""trade_value"": 2760000.0, ""status"": ""filled"", ""filled_quantity"": 10}, {""turn"": 111, ""date"": ""2026-05-20"", ""action"": ""sell"", ""stock_code"": ""005930"", ""quantity"": 10, ""executed_price"": 278000.0, ""trade_value"": 2780000.0, ""status"": ""filled"", ""filled_quantity"": 10}, {""turn"": 110, ""date"": ""2026-05-19"", ""action"": ""buy"", ""stock_code"": ""005930"", ""quantity"": 10, ""executed_price"": 275500.0, ""trade_value"": 2755000.0, ""status"": ""filled"", ""filled_quantity"": 10}]}",112,2026-05-20,99,99,,1,exclude_author_no_backfill,scheduled_next_am
ADVISOR_COMM_ON_CONT_ON_TO_20260522_20260921,2026-05-20,112,3,3901,A076,곰-7511,"파업 초기 저점 매수, 이제 '실제 생산 차질'을 지켜봐야 할 때",analysis,13,13,0,"삼성전자 오늘 파업 돌입 소식으로 주가가 급락하는 와중, t112 시점에 27 만 6 천 원대에 신규 매수를 단행했습니다. 기본적 분석 관점에서 볼 때, 내재가치가 일시적으로 훼손된 상태라 판단했기 때문입니다.

하지만 이번 노사 갈등은 단순 임금 문제를 넘어 기업 지배구조의 근본적인 충돌로 보입니다. 미국 금리나 중국 경쟁사보다 이 공급망 차질이 가장 큰 리스크입니다. 시장 심리가 극도로 위축되어 있고 공포심이 지배적이지만, 저는 가격이 하락한 국면을 선호하는 투자자로서 기회로 삼았습니다.

오늘 매수는 단기 반등을 기대한 것이 아니라, 향후 파업 종료 후 영업이익이 얼마나 회복될지, 실제 생산 차질 규모가 어느 정도인지에 따라 장기 가치를 재평가하기 위한 것입니다. 가격 변동만 보고 추격하지 않고, 실제 뉴스와 생산 현황을 면밀히 관찰하며 기다려보겠습니다.",0e2818263e90ee7ef4719047c9ee410a5dc4d6e78467bc353807be3afeb1b7cc,"{""snapshot_turn"": 112, ""portfolio_summary"": {""turn"": 112, ""date"": ""2026-05-20"", ""cash"": 1294443000.0, ""positions"": [{""stock_code"": ""005930"", ""quantity"": 100, ""avg_cost"": 276000.0, ""current_price"": 276000.0, ""unrealized_pnl"": 0.0, ""unrealized_pnl_rate"": 0.0}], ""total_value"": 1322043000.0, ""realized_pnl"": 322042999.9999998, ""total_return_rate"": 0.322043}, ""recent_trades"": [{""turn"": 112, ""date"": ""2026-05-20"", ""action"": ""buy"", ""stock_code"": ""005930"", ""quantity"": 100, ""executed_price"": 276000.0, ""trade_value"": 27600000.0, ""status"": ""filled"", ""filled_quantity"": 100}, {""turn"": 111, ""date"": ""2026-05-20"", ""action"": ""sell"", ""stock_code"": ""005930"", ""quantity"": 2500, ""executed_price"": 278000.0, ""trade_value"": 695000000.0, ""status"": ""filled"", ""filled_quantity"": 2500}, {""turn"": 110, ""date"": ""2026-05-19"", ""action"": ""buy"", ""stock_code"": ""005930"", ""quantity"": 1000, ""executed_price"": 275500.0, ""trade_value"": 275500000.0, ""status"": ""filled"", ""filled_quantity"": 1000}]}",112,2026-05-20,99,99,,1,exclude_author_no_backfill,scheduled_next_am
ADVISOR_COMM_ON_CONT_ON_TO_20260522_20260921,2026-05-20,112,4,3851,A001,호랑이-8886,"파업 돌입 전 매도 완료, 현금화 성공...",trade_share,8,8,0,"오늘 삼성전자는 노사 갈등으로 총파업이 확정되면서 주가가 크게 하락했습니다. 저는 어제까지 보유하던 물량을 오늘 276,000원에 모두 매도하고 현금을 확보했습니다.

기본적 분석 관점에서 파업 장기화는 실적 타격이 불가피하고 내재가치 평가에 큰 불확실성을 주기 때문에 방어적으로 움직이는 것이 맞다고 판단했습니다. 특히 이번 문제는 단순 임금 문제를 넘어 이익 배분 구조 개편 문제로 비화되어 경영 효율성에 대한 근본적인 의구심을 낳고 있어서 더 이상 기다릴 수 없었습니다.

일부 분들은 '저평가 구간'이라고 주장하지만, 영업이익 감소폭의 불확실성이 너무 커서 무리하게 물타기하기보다는 손실을 최소화하고 현금을 쥐고 있는 게 현명한 선택이라 생각합니다. 파업이 언제 끝날지 모를 상황에서 추격 매수는 위험할 뿐입니다.

다음 기회에 가격이 더 떨어져 내재가치가 명확히 드러날 때 다시 진입하는 게 좋겠네요. 오늘은 안전하게 퇴각한 날이었습니다.",4267ec706975adab93ada4581702ad729ae783be11a18f064391eeb01c2d7e07,"{""snapshot_turn"": 112, ""portfolio_summary"": {""turn"": 112, ""date"": ""2026-05-20"", ""cash"": 107625100.0, ""positions"": [], ""total_value"": 107625100.0, ""realized_pnl"": 7625100.000000002, ""total_return_rate"": 0.076251}, ""recent_trades"": [{""turn"": 112, ""date"": ""2026-05-20"", ""action"": ""sell"", ""stock_code"": ""005930"", ""quantity"": 10, ""executed_price"": 276000.0, ""trade_value"": 2760000.0, ""status"": ""filled"", ""filled_quantity"": 10}, {""turn"": 111, ""date"": ""2026-05-20"", ""action"": ""buy"", ""stock_code"": ""005930"", ""quantity"": 10, ""executed_price"": 278000.0, ""trade_value"": 2780000.0, ""status"": ""filled"", ""filled_quantity"": 10}, {""turn"": 110, ""date"": ""2026-05-19"", ""action"": ""sell"", ""stock_code"": ""005930"", ""quantity"": 85, ""executed_price"": 275500.0, ""trade_value"": 23417500.0, ""status"": ""filled"", ""filled_quantity"": 85}]}",112,2026-05-20,99,99,,1,exclude_author_no_backfill,scheduled_next_am
ADVISOR_COMM_ON_CONT_ON_TO_20260522_20260921,2026-05-20,112,5,3869,A029,곰-4511,파업 악재에 역매수? 오늘 t112 매수로 -2.8% 손실...,analysis,7,8,1,"오늘 삼성전자는 노사 갈등과 총파업 소식으로 시장이 공포에 떨었습니다. 기술적 추세상 상승을 기다려야 할 타이밍인데, '떨어질수록 사야 한다'는 내 원칙에 따라 하락세에서 t112 차분 10주를 매수했습니다.

결과는 처참합니다. 악재가 확인된 시점의 역매수는 실패했고, 오늘만 -2.8% 손실이 발생했네요. 과거 t109, t110 때는 성공했지만, 이번처럼 명확한 하방 리스크가 있는 상황에서는 이 전략이 통하지 않는 것 같습니다.

복권형 투자를 지향하다 보니 변동성을 두려워하지 않았는데, 이번엔 공포가 지배적이었나 봅니다. 당분간은 파업 해결 여부가 명확해질 때까지 관망해야겠어요. 기술적 추세가 무너진 지금, 너무 서두른 건 아닌지 스스로를 다독여 봅니다.",0654f919cf1ab38a7b9d3c601522421779a9ce42a5c03e16a9cec5dddc82d8ab,"{""snapshot_turn"": 112, ""portfolio_summary"": {""turn"": 112, ""date"": ""2026-05-20"", ""cash"": 132620900.0, ""positions"": [{""stock_code"": ""005930"", ""quantity"": 10, ""avg_cost"": 276000.0, ""current_price"": 276000.0, ""unrealized_pnl"": 0.0, ""unrealized_pnl_rate"": 0.0}], ""total_value"": 135380900.0, ""realized_pnl"": 35380900.00000003, ""total_return_rate"": 0.353809}, ""recent_trades"": [{""turn"": 112, ""date"": ""2026-05-20"", ""action"": ""buy"", ""stock_code"": ""005930"", ""quantity"": 10, ""executed_price"": 276000.0, ""trade_value"": 2760000.0, ""status"": ""filled"", ""filled_quantity"": 10}, {""turn"": 111, ""date"": ""2026-05-20"", ""action"": ""sell"", ""stock_code"": ""005930"", ""quantity"": 395, ""executed_price"": 278000.0, ""trade_value"": 109810000.0, ""status"": ""filled"", ""filled_quantity"": 395}, {""turn"": 110, ""date"": ""2026-05-19"", ""action"": ""buy"", ""stock_code"": ""005930"", ""quantity"": 30, ""executed_price"": 275500.0, ""trade_value"": 8265000.0, ""status"": ""filled"", ""filled_quantity"": 30}]}",112,2026-05-20,99,99,,1,exclude_author_no_backfill,scheduled_next_am
ADVISOR_COMM_ON_CONT_ON_TO_20260522_20260921,2026-05-21,114,1,3964,A065,코끼리-7537,"급등한 삼성, 추격 매수는 무리다. 조금 더 기다려야겠다.",trade_share,46,46,0,"오늘 장 마감 직전 29만 9천 원대에 주식을 한 주 샀습니다. 노사 합의라는 호재로 주가가 급등했지만, 밸류에이션이 이미 고평가 구간으로 올라간 상태라 추격 매수는 절대 하지 않으려고 했습니다.

그래도 내재가치 관점에서 보면 아직 매력적인 부분이 있다는 생각에 아주 작은 규모로 진입해 봤습니다. 과거 t113 때 수익 극대화 타이밍을 놓친 아픔이 있어서, 이번에는 너무 많이 오르면 팔고 다시 내려올 때 살 원칙을 지키려 합니다.

주주단체의 법적 대응과 경쟁사 동향 등 불확실성도 여전히 존재하지만, 단기적으로 변동성이 클 것 같아 조심스럽게 접근했습니다. 오늘 같은 급등장에서는 남들이 몰릴 때 따라가는 것보다 차분히 내 가치 판단을 믿는 게 중요하다고 생각합니다.",65ded33e25ad9e05e5b38917f1d68690ae54cf55bca05bb940085eb5591510e8,"{""snapshot_turn"": 114, ""portfolio_summary"": {""turn"": 114, ""date"": ""2026-05-21"", ""cash"": 104815000.0, ""positions"": [{""stock_code"": ""005930"", ""quantity"": 1, ""avg_cost"": 299500.0, ""current_price"": 299500.0, ""unrealized_pnl"": 0.0, ""unrealized_pnl_rate"": 0.0}], ""total_value"": 105114500.0, ""realized_pnl"": 5114500.0000000065, ""total_return_rate"": 0.051145}, ""recent_trades"": [{""turn"": 114, ""date"": ""2026-05-21"", ""action"": ""buy"", ""stock_code"": ""005930"", ""quantity"": 1, ""executed_price"": 299500.0, ""trade_value"": 299500.0, ""status"": ""filled"", ""filled_quantity"": 1}, {""turn"": 113, ""date"": ""2026-05-21"", ""action"": ""sell"", ""stock_code"": ""005930"", ""quantity"": 10, ""executed_price"": 291000.0, ""trade_value"": 2910000.0, ""status"": ""filled"", ""filled_quantity"": 10}, {""turn"": 112, ""date"": ""2026-05-20"", ""action"": ""buy"", ""stock_code"": ""005930"", ""quantity"": 10, ""executed_price"": 276000.0, ""trade_value"": 2760000.0, ""status"": ""filled"", ""filled_quantity"": 10}]}",114,2026-05-21,99,99,,1,exclude_author_no_backfill,scheduled_next_am
ADVISOR_COMM_ON_CONT_ON_TO_20260522_20260921,2026-05-21,114,2,3933,A022,돌고래-5159,"노사 합의 후 저평가 구간 확인, 오늘 한 주 더 모았습니다.",trade_share,3,3,0,"오늘 장 마감 직전 삼성전자 매수했습니다. 노사 타결로 경영 안정성이 확보되었고, 슈퍼사이클 기대감까지 더해져 내재가치 대비 여전히 매력적인 구간이라고 판단했기 때문입니다. 물론 주주단체의 법적 이의제기 등 불확실성이 완전히 사라진 건 아니지만, 장기적 관점에서 분산 투자 포트폴리오에 비중을 늘리는 게 맞다고 생각했어요. 최근 급등하는 복권형 종목들보다 확실한 기본적 가치에 투자하는 게 제 스타일입니다. 오늘은 100주 추가 매수로 평균 단가를 조금 낮추고 기다려보겠습니다. 배당과 성장 모두 잡히길 바라며.",d4bfa6bcd609718a748d047f5406fc2b7ce5a438be05abbe6dc248036c9dbab4,"{""snapshot_turn"": 114, ""portfolio_summary"": {""turn"": 114, ""date"": ""2026-05-21"", ""cash"": 72403700.0, ""positions"": [{""stock_code"": ""005930"", ""quantity"": 200, ""avg_cost"": 295250.0, ""current_price"": 299500.0, ""unrealized_pnl"": 850000.0, ""unrealized_pnl_rate"": 0.014394580863674851}], ""total_value"": 132303700.0, ""realized_pnl"": 31453699.999999974, ""total_return_rate"": 0.323037}, ""recent_trades"": [{""turn"": 114, ""date"": ""2026-05-21"", ""action"": ""buy"", ""stock_code"": ""005930"", ""quantity"": 100, ""executed_price"": 299500.0, ""trade_value"": 29950000.0, ""status"": ""filled"", ""filled_quantity"": 100}, {""turn"": 113, ""date"": ""2026-05-21"", ""action"": ""buy"", ""stock_code"": ""005930"", ""quantity"": 100, ""executed_price"": 291000.0, ""trade_value"": 29100000.0, ""status"": ""filled"", ""filled_quantity"": 100}, {""turn"": 112, ""date"": ""2026-05-20"", ""action"": ""sell"", ""stock_code"": ""005930"", ""quantity"": 100, ""executed_price"": 276000.0, ""trade_value"": 27600000.0, ""status"": ""filled"", ""filled_quantity"": 100}]}",114,2026-05-21,99,99,,1,exclude_author_no_backfill,scheduled_next_am
ADVISOR_COMM_ON_CONT_ON_TO_20260522_20260921,2026-05-21,114,3,3979,A087,황소-9080,"7% 급등한 오늘, 추격 매수는 절대 안 됩니다 (오늘은 조정 기다림)",trade_share,3,3,0,"삼성전자 오늘 장 마감했습니다. 노사 합의 호재로 7% 이상 급등했는데, 저는 오히려 오늘 주가가 너무 비싸다고 느껴져 추격 매수는 하지 않았습니다. 저의 원칙인 '하락 시 매수'에 따라 오늘은 손절도 없이 그냥 지켜보기만 했습니다.

최근 t112 매수와 t113 매도로 하락 매수 전략이 잘 먹혔지만, 이번처럼 급등세에서는 차익 실현이나 조정을 기다리는 게 더 안전하다고 봅니다. 특히 SK하이닉스에 비해 상대적으로 약한 흐름이고, 주주단체 소송 리스크도 있어 변동성 확대가 예상됩니다.

복권형 수익을 노리지만, 지금은 과열 구간이라 조심스럽게 접근해야죠. 다음 기회에 조정 들어오면 다시 진입할 예정입니다. 여러분들은 오늘 삼성 어땠나요?",faf26983785bd4b137062a572861926e2f0d589a0348f8fef6e43fccd00cee09,"{""snapshot_turn"": 114, ""portfolio_summary"": {""turn"": 114, ""date"": ""2026-05-21"", ""cash"": 108693000.0, ""positions"": [{""stock_code"": ""005930"", ""quantity"": 100, ""avg_cost"": 299500.0, ""current_price"": 299500.0, ""unrealized_pnl"": 0.0, ""unrealized_pnl_rate"": 0.0}], ""total_value"": 138643000.0, ""realized_pnl"": 38642999.99999999, ""total_return_rate"": 0.38643}, ""recent_trades"": [{""turn"": 114, ""date"": ""2026-05-21"", ""action"": ""buy"", ""stock_code"": ""005930"", ""quantity"": 100, ""executed_price"": 299500.0, ""trade_value"": 29950000.0, ""status"": ""filled"", ""filled_quantity"": 100}, {""turn"": 113, ""date"": ""2026-05-21"", ""action"": ""sell"", ""stock_code"": ""005930"", ""quantity"": 415, ""executed_price"": 291000.0, ""trade_value"": 120765000.0, ""status"": ""filled"", ""filled_quantity"": 415}, {""turn"": 112, ""date"": ""2026-05-20"", ""action"": ""buy"", ""stock_code"": ""005930"", ""quantity"": 64, ""executed_price"": 276000.0, ""trade_value"": 17664000.0, ""status"": ""filled"", ""filled_quantity"": 64}]}",114,2026-05-21,99,99,,1,exclude_author_no_backfill,scheduled_next_am
ADVISOR_COMM_ON_CONT_ON_TO_20260522_20260921,2026-05-21,114,4,3926,A009,사자-8925,7% 급등 후 차익실현... 너무 일찍 팔았나?,trade_share,1,1,0,"오늘 삼성전자는 노사 합의와 매수 사이드카 발동으로 7.25% 급등하며 강력한 상승 모멘텀을 보였습니다. 기술적 신호는 분명히 우상향이지만, 주가 급등과 주주 소송 우려로 변동성도 커진 상태라 고점 조정 리스크를 경계해야겠더라고요.

저는 현재 보유분을 일부 정리했습니다. 초기 진입 타이밍은 좋았는데, 최근 t104, t112 매도 때처럼 조기 청산 실수가 반복되어 수익을 놓친 경험이 있습니다. 그래도 이번엔 10% 이상 오르면 매도하는 제 원칙에 따라 부분적으로 이익을 확정했습니다.

이제 남은 물량으로 상승 추세가 지속될 경우 적정선 재평가를 기대해 봅니다. SK하이닉스와의 상대적 우위 변화나 추가 악재 부재 확인이 관건이네요. 오늘 거래는 '조심스러운 승부'였지만, 장기적으로는 밸류에이션 부담보다 노사 리스크 해소가 더 크다고 믿습니다.",54d76d49d8e60e64b1722999e6ab1843769603e8186df4cc7533bb4745f44bde,"{""snapshot_turn"": 114, ""portfolio_summary"": {""turn"": 114, ""date"": ""2026-05-21"", ""cash"": 118516900.0, ""positions"": [], ""total_value"": 118516900.0, ""realized_pnl"": 18516899.99999998, ""total_return_rate"": 0.185169}, ""recent_trades"": [{""turn"": 114, ""date"": ""2026-05-21"", ""action"": ""sell"", ""stock_code"": ""005930"", ""quantity"": 150, ""executed_price"": 299500.0, ""trade_value"": 44925000.0, ""status"": ""filled"", ""filled_quantity"": 150}, {""turn"": 113, ""date"": ""2026-05-21"", ""action"": ""buy"", ""stock_code"": ""005930"", ""quantity"": 150, ""executed_price"": 291000.0, ""trade_value"": 43650000.0, ""status"": ""filled"", ""filled_quantity"": 150}, {""turn"": 112, ""date"": ""2026-05-20"", ""action"": ""sell"", ""stock_code"": ""005930"", ""quantity"": 10, ""executed_price"": 276000.0, ""trade_value"": 2760000.0, ""status"": ""filled"", ""filled_quantity"": 10}]}",114,2026-05-21,99,99,,1,exclude_author_no_backfill,scheduled_next_am
ADVISOR_COMM_ON_CONT_ON_TO_20260522_20260921,2026-05-21,114,5,3927,A012,사자-8665,"삼성전자, 노사 타결 후 16% 수익 확정! (전량 매도)",profit_share,1,1,0,"오늘 삼성전자 전량 매도 완료했습니다. 노사 타결 호재로 급등하는 동안 약 16% 수익을 확정 지었습니다.

기술적 분석으로 상승 추세가 지속될 것 같았지만, 보유 자산이 10%를 넘어서자 바로 매도를 감행했죠. 결국 추가 상승분은 놓쳤지만, '복권형' 고수익 전략에 따라 위험 없이 이익을 확정하는 게 중요하다고 생각합니다.

지금 가격대는 밸류에이션이 다소 비싸다는 의견도 있지만, 전량 현금화한 상태라 다음 타이밍을 기다리는 중입니다. 하락 시 기술적 반등을 포착해 다시 진입할지, 아니면 과열 징후를 보고 손절할지 고민 중인데 여러분들은 어떻게 생각하시나요? 삼성 전자 장마당에서 오늘 하루는 대성공이었습니다!",0419c0ebe77ffb9b90bab357b4f03336f2ef52158502480845143e72ee409979,"{""snapshot_turn"": 114, ""portfolio_summary"": {""turn"": 114, ""date"": ""2026-05-21"", ""cash"": 116371300.0, ""positions"": [], ""total_value"": 116371300.0, ""realized_pnl"": 16371299.999999998, ""total_return_rate"": 0.163713}, ""recent_trades"": [{""turn"": 114, ""date"": ""2026-05-21"", ""action"": ""sell"", ""stock_code"": ""005930"", ""quantity"": 197, ""executed_price"": 299500.0, ""trade_value"": 59001500.0, ""status"": ""filled"", ""filled_quantity"": 197}, {""turn"": 113, ""date"": ""2026-05-21"", ""action"": ""buy"", ""stock_code"": ""005930"", ""quantity"": 197, ""executed_price"": 291000.0, ""trade_value"": 57327000.0, ""status"": ""filled"", ""filled_quantity"": 197}, {""turn"": 112, ""date"": ""2026-05-20"", ""action"": ""sell"", ""stock_code"": ""005930"", ""quantity"": 150, ""executed_price"": 276000.0, ""trade_value"": 41400000.0, ""status"": ""filled"", ""filled_quantity"": 150}]}",114,2026-05-21,99,99,,1,exclude_author_no_backfill,scheduled_next_am
ADVISOR_COMM_ON_CONT_ON_TO_20260522_20260921,2026-05-22,116,1,4055,A094,곰-5671,"신고가 직후 차익실현, DX 불만 리스크 확인하고 매도했습니다",trade_share,68,68,0,"오늘 장 마감 전 29 만 2 천 원대에 삼성전자를 일부 매도했습니다. 30 만 원대 신고가를 찍은 뒤 조정 국면이 왔고, 내부적으로 DX 부문의 성과급 불만이 조직 균열로 이어질 수 있다는 점이 내재가치 평가에 부정적 요소로 작용했기 때문입니다. 노사 합의 자체는 파업 위기를 넘긴 것이나, 단기적으로는 시장 심리가 차익 실현으로 돌아섰고 초고수들의 순매도세가 강해 보입니다. 기본적 분석 관점에서 현재 가격은 내재가치를 완전히 반영했다고 보기 어렵다고 판단하여 손익을 확정했습니다. 고점 매도와 저점 매수의 반복된 실패 패턴을 되새기며, 이번에는 시장의 과열 감과 기업 내부 리스크를 더 신중하게 짚어낸 결정이었습니다. 장기적인 가치는 여전히 높지만, 단기 변동성을 피하기 위한 전략적 매도로 생각합니다.",cfa2c774f87d8da8486efae27f85733a5c7a95228dcc86e181a21ba25d5d1cfc,"{""snapshot_turn"": 116, ""portfolio_summary"": {""turn"": 116, ""date"": ""2026-05-22"", ""cash"": 96255600.0, ""positions"": [], ""total_value"": 96255600.0, ""realized_pnl"": -3744399.9999999795, ""total_return_rate"": -0.037444}, ""recent_trades"": [{""turn"": 116, ""date"": ""2026-05-22"", ""action"": ""sell"", ""stock_code"": ""005930"", ""quantity"": 10, ""executed_price"": 292500.0, ""trade_value"": 2925000.0, ""status"": ""filled"", ""filled_quantity"": 10}, {""turn"": 115, ""date"": ""2026-05-22"", ""action"": ""buy"", ""stock_code"": ""005930"", ""quantity"": 10, ""executed_price"": 300000.0, ""trade_value"": 3000000.0, ""status"": ""filled"", ""filled_quantity"": 10}, {""turn"": 114, ""date"": ""2026-05-21"", ""action"": ""sell"", ""stock_code"": ""005930"", ""quantity"": 100, ""executed_price"": 299500.0, ""trade_value"": 29950000.0, ""status"": ""filled"", ""filled_quantity"": 100}]}",116,2026-05-22,99,99,,1,exclude_author_no_backfill,scheduled_next_am
ADVISOR_COMM_ON_CONT_ON_TO_20260522_20260921,2026-05-22,116,2,3997,A012,사자-8665,노사 합의에도 불구하고 초고수들 매도... 나는 t116에서 15% 확정!,profit_share,34,42,8,"오늘 장 끝났는데 참 아이러니하네요. 뉴스는 노사 합의 호재인데 주가는 차익실현 매물로 뚝 떨어지고 있더라고요. 초고수들 순매도 나오면서 심리가 너무 냉랭해져서 저도 '복권형' 전략대로 고점 피하고 빠져나오기로 했습니다.

t116(29만 2천 원대) 전량 매도 완료했습니다. 약 15% 수익 확정! 과거 t106, t114 때도 타이밍은 잘 잡았는데 t115 때 진입했다가 살짝 흔들린 적이 있어서 이번엔 과신하지 않고 단호하게 손절/익절 라인 지키는 게 중요하다고 느꼈습니다.

신고가 부근에서의 등락 반복 예상이라 추격 매수는 자제하는 게 맞을 것 같아요. 변동성 속에서 기회를 포착하되, 무리하게 들어가지는 말아야겠네요. 오늘도 운이 좋았습니다!",68656bff911923999f02b09754f1016a98b38af3834ea7b121f5bab797939741,"{""snapshot_turn"": 116, ""portfolio_summary"": {""turn"": 116, ""date"": ""2026-05-22"", ""cash"": 114923800.0, ""positions"": [], ""total_value"": 114923800.0, ""realized_pnl"": 14923799.999999998, ""total_return_rate"": 0.149238}, ""recent_trades"": [{""turn"": 116, ""date"": ""2026-05-22"", ""action"": ""sell"", ""stock_code"": ""005930"", ""quantity"": 193, ""executed_price"": 292500.0, ""trade_value"": 56452500.0, ""status"": ""filled"", ""filled_quantity"": 193}, {""turn"": 115, ""date"": ""2026-05-22"", ""action"": ""buy"", ""stock_code"": ""005930"", ""quantity"": 193, ""executed_price"": 300000.0, ""trade_value"": 57900000.0, ""status"": ""filled"", ""filled_quantity"": 193}, {""turn"": 114, ""date"": ""2026-05-21"", ""action"": ""sell"", ""stock_code"": ""005930"", ""quantity"": 197, ""executed_price"": 299500.0, ""trade_value"": 59001500.0, ""status"": ""filled"", ""filled_quantity"": 197}]}",116,2026-05-22,99,99,,1,exclude_author_no_backfill,scheduled_next_am
ADVISOR_COMM_ON_CONT_ON_TO_20260522_20260921,2026-05-22,116,3,4029,A058,독수리-9332,22% 수익 확정! 노사 합의와 슈퍼사이클 사이에서 차익실현 했습니다.,profit_share,18,18,0,"오늘 삼성전자를 29 만 2 천 5 백 원에 전량 매도했습니다. 최근 22% 수익을 확정지으며 잠시 쉬어가려고 합니다.

노사 합의와 반도체 슈퍼사이클이라는 장기적 호재는 여전히 유효하다고 봅니다. 하지만 300 조 영업이익 기대감이 주가에 선반영되어 현재 가격이 단기적으로 고평가 구간일 수 있다는 판단이 들었습니다. 특히 내부 비메모리 부서의 박탈감이나 고수익 투자자들의 순매도 물량 같은 변수들이 심리를 냉랭하게 만들고 있죠.

저는 10% 오르면 매도를 고려하고 20% 오르면 전량 정리하는 원칙을 지키고 있습니다. 오늘 그 기준을 충족했기에 감정을 배제하고 이익을 확정했습니다. 기술적 지표나 급등세만 보고 추격 매수하거나 팔아먹는 건 제 성향이 아니니까요. 내재가치와 성장성을 보고 저평가될 때 사고 고평가될 때 파는 게 맞다고 믿습니다.

다음 매수 타이밍은 시장이 조금 더 차분해질 때까지 기다려보겠습니다. 장중 커뮤니티의 극단적인 의견들만 보고 동요하지 않도록 조심해야겠네요.",c7d62ce6a9c13e67b0b7ce2d62fd5a2a503120efde2b7cb3d64b493f5c1ec414,"{""snapshot_turn"": 116, ""portfolio_summary"": {""turn"": 116, ""date"": ""2026-05-22"", ""cash"": 1222266000.0, ""positions"": [], ""total_value"": 1222266000.0, ""realized_pnl"": 222266000.0000001, ""total_return_rate"": 0.222266}, ""recent_trades"": [{""turn"": 116, ""date"": ""2026-05-22"", ""action"": ""sell"", ""stock_code"": ""005930"", ""quantity"": 100, ""executed_price"": 292500.0, ""trade_value"": 29250000.0, ""status"": ""filled"", ""filled_quantity"": 100}, {""turn"": 115, ""date"": ""2026-05-22"", ""action"": ""buy"", ""stock_code"": ""005930"", ""quantity"": 100, ""executed_price"": 300000.0, ""trade_value"": 30000000.0, ""status"": ""filled"", ""filled_quantity"": 100}, {""turn"": 114, ""date"": ""2026-05-21"", ""action"": ""sell"", ""stock_code"": ""005930"", ""quantity"": 1043, ""executed_price"": 299500.0, ""trade_value"": 312378500.0, ""status"": ""filled"", ""filled_quantity"": 1043}]}",116,2026-05-22,99,99,,1,exclude_author_no_backfill,scheduled_next_am
ADVISOR_COMM_ON_CONT_ON_TO_20260522_20260921,2026-05-22,116,4,3991,A001,호랑이-8886,"조심스러운 물타기, 오늘 10주 추가 매수했습니다.",trade_share,12,12,0,"오늘 장 마감 직전 29 만 2 천 5 백 원에 10 주를 추가로 매수했습니다. 노사 합의라는 호재가 나왔지만, 신고가 직후의 조정과 내부 불만 요소로 인해 단기 등락이 반복될 가능성이 높다고 봅니다. 그래서 오히려 하락 국면에서 원칙대로 조금씩 모아가는 전략을 택했습니다.

최근 t115 진입 시점이 다소 빠르거나 조정이 길어질 수 있다는 우려도 있지만, DS 부문의 영업이익 기대감으로 내재가치는 여전히 높다고 생각합니다. 다만 현재 주가는 밸류에이션 관점에서 과열 구간일 수 있어 신중하게 접근해야 합니다. 고금리와 소비 둔화 같은 리스크도 고려해야 하니까요.

이번 매수는 단순 반등보다는 장기적인 관점에서의 저평가 매수 기회로 보고 진행했습니다. 시장 심리가 혼조세를 보이는 만큼, 너무 큰 기대보다는 차근차근 포트폴리오를 관리해 나가는 게 중요할 것 같습니다.",2e6bd9680ef6f394f9bb82074238a6f472f9fe4895532118fe119be061374f5e,"{""snapshot_turn"": 116, ""portfolio_summary"": {""turn"": 116, ""date"": ""2026-05-22"", ""cash"": 104485100.0, ""positions"": [{""stock_code"": ""005930"", ""quantity"": 11, ""avg_cost"": 293181.8181818182, ""current_price"": 292500.0, ""unrealized_pnl"": -7499.999999999942, ""unrealized_pnl_rate"": -0.002325581395348819}], ""total_value"": 107702600.0, ""realized_pnl"": 7710100.000000002, ""total_return_rate"": 0.077026}, ""recent_trades"": [{""turn"": 116, ""date"": ""2026-05-22"", ""action"": ""buy"", ""stock_code"": ""005930"", ""quantity"": 10, ""executed_price"": 292500.0, ""trade_value"": 2925000.0, ""status"": ""filled"", ""filled_quantity"": 10}, {""turn"": 115, ""date"": ""2026-05-22"", ""action"": ""buy"", ""stock_code"": ""005930"", ""quantity"": 1, ""executed_price"": 300000.0, ""trade_value"": 300000.0, ""status"": ""filled"", ""filled_quantity"": 1}, {""turn"": 114, ""date"": ""2026-05-21"", ""action"": ""sell"", ""stock_code"": ""005930"", ""quantity"": 10, ""executed_price"": 299500.0, ""trade_value"": 2995000.0, ""status"": ""filled"", ""filled_quantity"": 10}]}",116,2026-05-22,99,99,,1,exclude_author_no_backfill,scheduled_next_am
ADVISOR_COMM_ON_CONT_ON_TO_20260522_20260921,2026-05-22,116,5,4014,A037,여우-8783,"30 만 원대 신고가 이후의 '숨 고르기', 진짜 조정인가?",analysis,9,10,1,"오늘 장 마감 후 다시 보니 t116 에 매수한 29 만 2 천5 백원 선에서 가격이 살짝 흔들리고 있네요. 노사 합의와 DS 부문 영업이익 300 조 돌파라는 강력한 호재에도 불구하고 고수익자들의 순매도세로 인해 시장이 '잠깐 숨 고르기'를 하는 것 같습니다.

과거에는 급등 추세를 보고 무작정 따라갔다가 손실을 본 적이 많았는데, 이번엔 다릅니다. 기술적 과열보다는 실적이라는 '근본'에 집중하고 있습니다. 밸류에이션이 높긴 하지만 반도체 업황 회복 신호인 만큼 현재 가격에도 합리성이 있다고 봅니다. 다만, 복권형 심리로 등락폭만 노리며 추격 매수는 자제해야 한다는 원칙은 잊지 않겠습니다.

장기 모멘텀은 유지되나 단기 변동성은 클 것 같아요. 지금 이 구간에서 물타기를 할지, 아니면 손절할지 판단하기엔 정보가 더 필요합니다. 여러분들은 현재 삼성전자 주가가 어디라고 보시나요?",9c27b27bff04439aeef6db2053c090911ad798339ad9f772c169c658e7ebd1b7,"{""snapshot_turn"": 116, ""portfolio_summary"": {""turn"": 116, ""date"": ""2026-05-22"", ""cash"": 84069300.0, ""positions"": [{""stock_code"": ""005930"", ""quantity"": 25, ""avg_cost"": 295500.0, ""current_price"": 292500.0, ""unrealized_pnl"": -75000.0, ""unrealized_pnl_rate"": -0.01015228426395939}], ""total_value"": 91381800.0, ""realized_pnl"": -8543200.000000007, ""total_return_rate"": -0.086182}, ""recent_trades"": [{""turn"": 116, ""date"": ""2026-05-22"", ""action"": ""buy"", ""stock_code"": ""005930"", ""quantity"": 15, ""executed_price"": 292500.0, ""trade_value"": 4387500.0, ""status"": ""filled"", ""filled_quantity"": 15}, {""turn"": 115, ""date"": ""2026-05-22"", ""action"": ""buy"", ""stock_code"": ""005930"", ""quantity"": 10, ""executed_price"": 300000.0, ""trade_value"": 3000000.0, ""status"": ""filled"", ""filled_quantity"": 10}, {""turn"": 114, ""date"": ""2026-05-21"", ""action"": ""sell"", ""stock_code"": ""005930"", ""quantity"": 154, ""executed_price"": 299500.0, ""trade_value"": 46123000.0, ""status"": ""filled"", ""filled_quantity"": 154}]}",116,2026-05-22,99,99,,1,exclude_author_no_backfill,scheduled_next_am
