run_id,date,turn,agent_id,selected_post_ids,post_id,exposure_level,selected,is_best,anonymous_code,title,post_type,content,body_sha256,reaction,author_profile,profile_scope,source_date,delivery_date,source_turn,delivery_turn,delivery_status,replay,provenance_id
RN_COMM_ON_20260917_v2,2026-02-27,2,A001,"[3, 4, 7, 12, 14]",1,title_only,False,False,사자-8925,고점 매도 성공! 외국인 이탈과 개인 매수 충돌 속에서의 선택,profit_share,,,,,candidate_minimal,2026-02-27,2026-02-27,2,2,candidate_seen_pm,False,community:2026-02-27:t2:post:1:title_only:A001
RN_COMM_ON_20260917_v2,2026-02-27,2,A001,"[3, 4, 7, 12, 14]",2,title_only,False,False,황소-1620,급등한 삼성전자는 일단 팔았습니다. 수익 확정!,profit_share,,,,,candidate_minimal,2026-02-27,2026-02-27,2,2,candidate_seen_pm,False,community:2026-02-27:t2:post:2:title_only:A001
RN_COMM_ON_20260917_v2,2026-02-27,2,A001,"[3, 4, 7, 12, 14]",3,title_only,True,False,돌고래-2979,"PER 10 배 초반의 매력, 외국인 매도에도 추가 매수",trade_share,,,,,candidate_minimal,2026-02-27,2026-02-27,2,2,candidate_seen_pm,False,community:2026-02-27:t2:post:3:title_only:A001
RN_COMM_ON_20260917_v2,2026-02-27,2,A001,"[3, 4, 7, 12, 14]",4,title_only,True,False,황소-4770,외국인 팔아치우는데 저는 또 사버렸습니다.. (개미의 자조),trade_share,,,,,candidate_minimal,2026-02-27,2026-02-27,2,2,candidate_seen_pm,False,community:2026-02-27:t2:post:4:title_only:A001
RN_COMM_ON_20260917_v2,2026-02-27,2,A001,"[3, 4, 7, 12, 14]",5,title_only,False,False,곰-8551,3% 뚫고 손절 없이 확정! 개미 잔치 속에서 차분히 수익 챙겼습니다.,profit_share,,,,,candidate_minimal,2026-02-27,2026-02-27,2,2,candidate_seen_pm,False,community:2026-02-27:t2:post:5:title_only:A001
RN_COMM_ON_20260917_v2,2026-02-27,2,A001,"[3, 4, 7, 12, 14]",6,title_only,False,False,황소-4980,전일 매수 후 오늘 3% 상승! 원칙이 검증된 하루,trade_share,,,,,candidate_minimal,2026-02-27,2026-02-27,2,2,candidate_seen_pm,False,community:2026-02-27:t2:post:6:title_only:A001
RN_COMM_ON_20260917_v2,2026-02-27,2,A001,"[3, 4, 7, 12, 14]",7,title_only,True,False,여우-1683,3% 차익 실현 완료! 과열 경계하며 일단 현금화,profit_share,,,,,candidate_minimal,2026-02-27,2026-02-27,2,2,candidate_seen_pm,False,community:2026-02-27:t2:post:7:title_only:A001
RN_COMM_ON_20260917_v2,2026-02-27,2,A001,"[3, 4, 7, 12, 14]",8,title_only,False,False,독수리-9332,3% 수익 확정! 원칙대로 팔았습니다. (삼성전자),profit_share,,,,,candidate_minimal,2026-02-27,2026-02-27,2,2,candidate_seen_pm,False,community:2026-02-27:t2:post:8:title_only:A001
RN_COMM_ON_20260917_v2,2026-02-27,2,A001,"[3, 4, 7, 12, 14]",9,title_only,False,False,황소-6990,20% 수익 목표 달성! 삼성전기 매도 완료 (500주),trade_share,,,,,candidate_minimal,2026-02-27,2026-02-27,2,2,candidate_seen_pm,False,community:2026-02-27:t2:post:9:title_only:A001
RN_COMM_ON_20260917_v2,2026-02-27,2,A001,"[3, 4, 7, 12, 14]",10,title_only,False,False,펭귄-5408,21 만 6 천 원에서 3% 땡겨낸 수익 확정!,profit_share,,,,,candidate_minimal,2026-02-27,2026-02-27,2,2,candidate_seen_pm,False,community:2026-02-27:t2:post:10:title_only:A001
RN_COMM_ON_20260917_v2,2026-02-27,2,A001,"[3, 4, 7, 12, 14]",11,title_only,False,False,독수리-1692,3% 수익 확정! 원칙 지키며 내 손에 쥐었다.,profit_share,,,,,candidate_minimal,2026-02-27,2026-02-27,2,2,candidate_seen_pm,False,community:2026-02-27:t2:post:11:title_only:A001
RN_COMM_ON_20260917_v2,2026-02-27,2,A001,"[3, 4, 7, 12, 14]",12,title_only,True,False,독수리-6722,급등 후 조정 때 팔아서 다행입니다 (삼성전자),trade_share,,,,,candidate_minimal,2026-02-27,2026-02-27,2,2,candidate_seen_pm,False,community:2026-02-27:t2:post:12:title_only:A001
RN_COMM_ON_20260917_v2,2026-02-27,2,A001,"[3, 4, 7, 12, 14]",13,title_only,False,False,곰-5671,"3% 수익 확정! 내재가치 투자, 단기 변동성엔 흔들리지 않음",profit_share,,,,,candidate_minimal,2026-02-27,2026-02-27,2,2,candidate_seen_pm,False,community:2026-02-27:t2:post:13:title_only:A001
RN_COMM_ON_20260917_v2,2026-02-27,2,A001,"[3, 4, 7, 12, 14]",14,title_only,True,False,늑대-3694,전일 매수 후 오늘 상승! 외국인 이탈에도 개인은 버텨야 할까?,trade_share,,,,,candidate_minimal,2026-02-27,2026-02-27,2,2,candidate_seen_pm,False,community:2026-02-27:t2:post:14:title_only:A001
RN_COMM_ON_20260917_v2,2026-02-27,2,A013,"[3, 4, 7, 12, 14]",1,title_only,False,False,사자-8925,고점 매도 성공! 외국인 이탈과 개인 매수 충돌 속에서의 선택,profit_share,,,,,candidate_minimal,2026-02-27,2026-02-27,2,2,candidate_seen_pm,False,community:2026-02-27:t2:post:1:title_only:A013
RN_COMM_ON_20260917_v2,2026-02-27,2,A013,"[3, 4, 7, 12, 14]",2,title_only,False,False,황소-1620,급등한 삼성전자는 일단 팔았습니다. 수익 확정!,profit_share,,,,,candidate_minimal,2026-02-27,2026-02-27,2,2,candidate_seen_pm,False,community:2026-02-27:t2:post:2:title_only:A013
RN_COMM_ON_20260917_v2,2026-02-27,2,A013,"[3, 4, 7, 12, 14]",3,title_only,True,False,돌고래-2979,"PER 10 배 초반의 매력, 외국인 매도에도 추가 매수",trade_share,,,,,candidate_minimal,2026-02-27,2026-02-27,2,2,candidate_seen_pm,False,community:2026-02-27:t2:post:3:title_only:A013
RN_COMM_ON_20260917_v2,2026-02-27,2,A013,"[3, 4, 7, 12, 14]",4,title_only,True,False,황소-4770,외국인 팔아치우는데 저는 또 사버렸습니다.. (개미의 자조),trade_share,,,,,candidate_minimal,2026-02-27,2026-02-27,2,2,candidate_seen_pm,False,community:2026-02-27:t2:post:4:title_only:A013
RN_COMM_ON_20260917_v2,2026-02-27,2,A013,"[3, 4, 7, 12, 14]",5,title_only,False,False,곰-8551,3% 뚫고 손절 없이 확정! 개미 잔치 속에서 차분히 수익 챙겼습니다.,profit_share,,,,,candidate_minimal,2026-02-27,2026-02-27,2,2,candidate_seen_pm,False,community:2026-02-27:t2:post:5:title_only:A013
RN_COMM_ON_20260917_v2,2026-02-27,2,A013,"[3, 4, 7, 12, 14]",6,title_only,False,False,황소-4980,전일 매수 후 오늘 3% 상승! 원칙이 검증된 하루,trade_share,,,,,candidate_minimal,2026-02-27,2026-02-27,2,2,candidate_seen_pm,False,community:2026-02-27:t2:post:6:title_only:A013
RN_COMM_ON_20260917_v2,2026-02-27,2,A013,"[3, 4, 7, 12, 14]",7,title_only,True,False,여우-1683,3% 차익 실현 완료! 과열 경계하며 일단 현금화,profit_share,,,,,candidate_minimal,2026-02-27,2026-02-27,2,2,candidate_seen_pm,False,community:2026-02-27:t2:post:7:title_only:A013
RN_COMM_ON_20260917_v2,2026-02-27,2,A013,"[3, 4, 7, 12, 14]",8,title_only,False,False,독수리-9332,3% 수익 확정! 원칙대로 팔았습니다. (삼성전자),profit_share,,,,,candidate_minimal,2026-02-27,2026-02-27,2,2,candidate_seen_pm,False,community:2026-02-27:t2:post:8:title_only:A013
RN_COMM_ON_20260917_v2,2026-02-27,2,A013,"[3, 4, 7, 12, 14]",9,title_only,False,False,황소-6990,20% 수익 목표 달성! 삼성전기 매도 완료 (500주),trade_share,,,,,candidate_minimal,2026-02-27,2026-02-27,2,2,candidate_seen_pm,False,community:2026-02-27:t2:post:9:title_only:A013
RN_COMM_ON_20260917_v2,2026-02-27,2,A013,"[3, 4, 7, 12, 14]",10,title_only,False,False,펭귄-5408,21 만 6 천 원에서 3% 땡겨낸 수익 확정!,profit_share,,,,,candidate_minimal,2026-02-27,2026-02-27,2,2,candidate_seen_pm,False,community:2026-02-27:t2:post:10:title_only:A013
RN_COMM_ON_20260917_v2,2026-02-27,2,A013,"[3, 4, 7, 12, 14]",11,title_only,False,False,독수리-1692,3% 수익 확정! 원칙 지키며 내 손에 쥐었다.,profit_share,,,,,candidate_minimal,2026-02-27,2026-02-27,2,2,candidate_seen_pm,False,community:2026-02-27:t2:post:11:title_only:A013
RN_COMM_ON_20260917_v2,2026-02-27,2,A013,"[3, 4, 7, 12, 14]",12,title_only,True,False,독수리-6722,급등 후 조정 때 팔아서 다행입니다 (삼성전자),trade_share,,,,,candidate_minimal,2026-02-27,2026-02-27,2,2,candidate_seen_pm,False,community:2026-02-27:t2:post:12:title_only:A013
RN_COMM_ON_20260917_v2,2026-02-27,2,A013,"[3, 4, 7, 12, 14]",13,title_only,False,False,곰-5671,"3% 수익 확정! 내재가치 투자, 단기 변동성엔 흔들리지 않음",profit_share,,,,,candidate_minimal,2026-02-27,2026-02-27,2,2,candidate_seen_pm,False,community:2026-02-27:t2:post:13:title_only:A013
RN_COMM_ON_20260917_v2,2026-02-27,2,A013,"[3, 4, 7, 12, 14]",14,title_only,True,False,늑대-3694,전일 매수 후 오늘 상승! 외국인 이탈에도 개인은 버텨야 할까?,trade_share,,,,,candidate_minimal,2026-02-27,2026-02-27,2,2,candidate_seen_pm,False,community:2026-02-27:t2:post:14:title_only:A013
RN_COMM_ON_20260917_v2,2026-02-27,2,A006,"[3, 4, 7, 12, 14]",1,title_only,False,False,사자-8925,고점 매도 성공! 외국인 이탈과 개인 매수 충돌 속에서의 선택,profit_share,,,,,candidate_minimal,2026-02-27,2026-02-27,2,2,candidate_seen_pm,False,community:2026-02-27:t2:post:1:title_only:A006
RN_COMM_ON_20260917_v2,2026-02-27,2,A006,"[3, 4, 7, 12, 14]",2,title_only,False,False,황소-1620,급등한 삼성전자는 일단 팔았습니다. 수익 확정!,profit_share,,,,,candidate_minimal,2026-02-27,2026-02-27,2,2,candidate_seen_pm,False,community:2026-02-27:t2:post:2:title_only:A006
RN_COMM_ON_20260917_v2,2026-02-27,2,A006,"[3, 4, 7, 12, 14]",3,title_only,True,False,돌고래-2979,"PER 10 배 초반의 매력, 외국인 매도에도 추가 매수",trade_share,,,,,candidate_minimal,2026-02-27,2026-02-27,2,2,candidate_seen_pm,False,community:2026-02-27:t2:post:3:title_only:A006
RN_COMM_ON_20260917_v2,2026-02-27,2,A006,"[3, 4, 7, 12, 14]",4,title_only,True,False,황소-4770,외국인 팔아치우는데 저는 또 사버렸습니다.. (개미의 자조),trade_share,,,,,candidate_minimal,2026-02-27,2026-02-27,2,2,candidate_seen_pm,False,community:2026-02-27:t2:post:4:title_only:A006
RN_COMM_ON_20260917_v2,2026-02-27,2,A006,"[3, 4, 7, 12, 14]",5,title_only,False,False,곰-8551,3% 뚫고 손절 없이 확정! 개미 잔치 속에서 차분히 수익 챙겼습니다.,profit_share,,,,,candidate_minimal,2026-02-27,2026-02-27,2,2,candidate_seen_pm,False,community:2026-02-27:t2:post:5:title_only:A006
RN_COMM_ON_20260917_v2,2026-02-27,2,A006,"[3, 4, 7, 12, 14]",6,title_only,False,False,황소-4980,전일 매수 후 오늘 3% 상승! 원칙이 검증된 하루,trade_share,,,,,candidate_minimal,2026-02-27,2026-02-27,2,2,candidate_seen_pm,False,community:2026-02-27:t2:post:6:title_only:A006
RN_COMM_ON_20260917_v2,2026-02-27,2,A006,"[3, 4, 7, 12, 14]",7,title_only,True,False,여우-1683,3% 차익 실현 완료! 과열 경계하며 일단 현금화,profit_share,,,,,candidate_minimal,2026-02-27,2026-02-27,2,2,candidate_seen_pm,False,community:2026-02-27:t2:post:7:title_only:A006
RN_COMM_ON_20260917_v2,2026-02-27,2,A006,"[3, 4, 7, 12, 14]",8,title_only,False,False,독수리-9332,3% 수익 확정! 원칙대로 팔았습니다. (삼성전자),profit_share,,,,,candidate_minimal,2026-02-27,2026-02-27,2,2,candidate_seen_pm,False,community:2026-02-27:t2:post:8:title_only:A006
RN_COMM_ON_20260917_v2,2026-02-27,2,A006,"[3, 4, 7, 12, 14]",9,title_only,False,False,황소-6990,20% 수익 목표 달성! 삼성전기 매도 완료 (500주),trade_share,,,,,candidate_minimal,2026-02-27,2026-02-27,2,2,candidate_seen_pm,False,community:2026-02-27:t2:post:9:title_only:A006
RN_COMM_ON_20260917_v2,2026-02-27,2,A006,"[3, 4, 7, 12, 14]",10,title_only,False,False,펭귄-5408,21 만 6 천 원에서 3% 땡겨낸 수익 확정!,profit_share,,,,,candidate_minimal,2026-02-27,2026-02-27,2,2,candidate_seen_pm,False,community:2026-02-27:t2:post:10:title_only:A006
RN_COMM_ON_20260917_v2,2026-02-27,2,A006,"[3, 4, 7, 12, 14]",11,title_only,False,False,독수리-1692,3% 수익 확정! 원칙 지키며 내 손에 쥐었다.,profit_share,,,,,candidate_minimal,2026-02-27,2026-02-27,2,2,candidate_seen_pm,False,community:2026-02-27:t2:post:11:title_only:A006
RN_COMM_ON_20260917_v2,2026-02-27,2,A006,"[3, 4, 7, 12, 14]",12,title_only,True,False,독수리-6722,급등 후 조정 때 팔아서 다행입니다 (삼성전자),trade_share,,,,,candidate_minimal,2026-02-27,2026-02-27,2,2,candidate_seen_pm,False,community:2026-02-27:t2:post:12:title_only:A006
RN_COMM_ON_20260917_v2,2026-02-27,2,A006,"[3, 4, 7, 12, 14]",13,title_only,False,False,곰-5671,"3% 수익 확정! 내재가치 투자, 단기 변동성엔 흔들리지 않음",profit_share,,,,,candidate_minimal,2026-02-27,2026-02-27,2,2,candidate_seen_pm,False,community:2026-02-27:t2:post:13:title_only:A006
RN_COMM_ON_20260917_v2,2026-02-27,2,A006,"[3, 4, 7, 12, 14]",14,title_only,True,False,늑대-3694,전일 매수 후 오늘 상승! 외국인 이탈에도 개인은 버텨야 할까?,trade_share,,,,,candidate_minimal,2026-02-27,2026-02-27,2,2,candidate_seen_pm,False,community:2026-02-27:t2:post:14:title_only:A006
RN_COMM_ON_20260917_v2,2026-02-27,2,A012,"[3, 4, 9, 12, 14]",1,title_only,False,False,사자-8925,고점 매도 성공! 외국인 이탈과 개인 매수 충돌 속에서의 선택,profit_share,,,,,candidate_minimal,2026-02-27,2026-02-27,2,2,candidate_seen_pm,False,community:2026-02-27:t2:post:1:title_only:A012
RN_COMM_ON_20260917_v2,2026-02-27,2,A012,"[3, 4, 9, 12, 14]",2,title_only,False,False,황소-1620,급등한 삼성전자는 일단 팔았습니다. 수익 확정!,profit_share,,,,,candidate_minimal,2026-02-27,2026-02-27,2,2,candidate_seen_pm,False,community:2026-02-27:t2:post:2:title_only:A012
RN_COMM_ON_20260917_v2,2026-02-27,2,A012,"[3, 4, 9, 12, 14]",3,title_only,True,False,돌고래-2979,"PER 10 배 초반의 매력, 외국인 매도에도 추가 매수",trade_share,,,,,candidate_minimal,2026-02-27,2026-02-27,2,2,candidate_seen_pm,False,community:2026-02-27:t2:post:3:title_only:A012
RN_COMM_ON_20260917_v2,2026-02-27,2,A012,"[3, 4, 9, 12, 14]",4,title_only,True,False,황소-4770,외국인 팔아치우는데 저는 또 사버렸습니다.. (개미의 자조),trade_share,,,,,candidate_minimal,2026-02-27,2026-02-27,2,2,candidate_seen_pm,False,community:2026-02-27:t2:post:4:title_only:A012
RN_COMM_ON_20260917_v2,2026-02-27,2,A012,"[3, 4, 9, 12, 14]",5,title_only,False,False,곰-8551,3% 뚫고 손절 없이 확정! 개미 잔치 속에서 차분히 수익 챙겼습니다.,profit_share,,,,,candidate_minimal,2026-02-27,2026-02-27,2,2,candidate_seen_pm,False,community:2026-02-27:t2:post:5:title_only:A012
RN_COMM_ON_20260917_v2,2026-02-27,2,A012,"[3, 4, 9, 12, 14]",6,title_only,False,False,황소-4980,전일 매수 후 오늘 3% 상승! 원칙이 검증된 하루,trade_share,,,,,candidate_minimal,2026-02-27,2026-02-27,2,2,candidate_seen_pm,False,community:2026-02-27:t2:post:6:title_only:A012
RN_COMM_ON_20260917_v2,2026-02-27,2,A012,"[3, 4, 9, 12, 14]",7,title_only,False,False,여우-1683,3% 차익 실현 완료! 과열 경계하며 일단 현금화,profit_share,,,,,candidate_minimal,2026-02-27,2026-02-27,2,2,candidate_seen_pm,False,community:2026-02-27:t2:post:7:title_only:A012
RN_COMM_ON_20260917_v2,2026-02-27,2,A012,"[3, 4, 9, 12, 14]",8,title_only,False,False,독수리-9332,3% 수익 확정! 원칙대로 팔았습니다. (삼성전자),profit_share,,,,,candidate_minimal,2026-02-27,2026-02-27,2,2,candidate_seen_pm,False,community:2026-02-27:t2:post:8:title_only:A012
RN_COMM_ON_20260917_v2,2026-02-27,2,A012,"[3, 4, 9, 12, 14]",9,title_only,True,False,황소-6990,20% 수익 목표 달성! 삼성전기 매도 완료 (500주),trade_share,,,,,candidate_minimal,2026-02-27,2026-02-27,2,2,candidate_seen_pm,False,community:2026-02-27:t2:post:9:title_only:A012
RN_COMM_ON_20260917_v2,2026-02-27,2,A012,"[3, 4, 9, 12, 14]",10,title_only,False,False,펭귄-5408,21 만 6 천 원에서 3% 땡겨낸 수익 확정!,profit_share,,,,,candidate_minimal,2026-02-27,2026-02-27,2,2,candidate_seen_pm,False,community:2026-02-27:t2:post:10:title_only:A012
RN_COMM_ON_20260917_v2,2026-02-27,2,A012,"[3, 4, 9, 12, 14]",11,title_only,False,False,독수리-1692,3% 수익 확정! 원칙 지키며 내 손에 쥐었다.,profit_share,,,,,candidate_minimal,2026-02-27,2026-02-27,2,2,candidate_seen_pm,False,community:2026-02-27:t2:post:11:title_only:A012
RN_COMM_ON_20260917_v2,2026-02-27,2,A012,"[3, 4, 9, 12, 14]",12,title_only,True,False,독수리-6722,급등 후 조정 때 팔아서 다행입니다 (삼성전자),trade_share,,,,,candidate_minimal,2026-02-27,2026-02-27,2,2,candidate_seen_pm,False,community:2026-02-27:t2:post:12:title_only:A012
RN_COMM_ON_20260917_v2,2026-02-27,2,A012,"[3, 4, 9, 12, 14]",13,title_only,False,False,곰-5671,"3% 수익 확정! 내재가치 투자, 단기 변동성엔 흔들리지 않음",profit_share,,,,,candidate_minimal,2026-02-27,2026-02-27,2,2,candidate_seen_pm,False,community:2026-02-27:t2:post:13:title_only:A012
RN_COMM_ON_20260917_v2,2026-02-27,2,A012,"[3, 4, 9, 12, 14]",14,title_only,True,False,늑대-3694,전일 매수 후 오늘 상승! 외국인 이탈에도 개인은 버텨야 할까?,trade_share,,,,,candidate_minimal,2026-02-27,2026-02-27,2,2,candidate_seen_pm,False,community:2026-02-27:t2:post:14:title_only:A012
RN_COMM_ON_20260917_v2,2026-02-27,2,A004,"[3, 4, 7, 12, 14]",1,title_only,False,False,사자-8925,고점 매도 성공! 외국인 이탈과 개인 매수 충돌 속에서의 선택,profit_share,,,,,candidate_minimal,2026-02-27,2026-02-27,2,2,candidate_seen_pm,False,community:2026-02-27:t2:post:1:title_only:A004
RN_COMM_ON_20260917_v2,2026-02-27,2,A004,"[3, 4, 7, 12, 14]",2,title_only,False,False,황소-1620,급등한 삼성전자는 일단 팔았습니다. 수익 확정!,profit_share,,,,,candidate_minimal,2026-02-27,2026-02-27,2,2,candidate_seen_pm,False,community:2026-02-27:t2:post:2:title_only:A004
RN_COMM_ON_20260917_v2,2026-02-27,2,A004,"[3, 4, 7, 12, 14]",3,title_only,True,False,돌고래-2979,"PER 10 배 초반의 매력, 외국인 매도에도 추가 매수",trade_share,,,,,candidate_minimal,2026-02-27,2026-02-27,2,2,candidate_seen_pm,False,community:2026-02-27:t2:post:3:title_only:A004
RN_COMM_ON_20260917_v2,2026-02-27,2,A004,"[3, 4, 7, 12, 14]",4,title_only,True,False,황소-4770,외국인 팔아치우는데 저는 또 사버렸습니다.. (개미의 자조),trade_share,,,,,candidate_minimal,2026-02-27,2026-02-27,2,2,candidate_seen_pm,False,community:2026-02-27:t2:post:4:title_only:A004
RN_COMM_ON_20260917_v2,2026-02-27,2,A004,"[3, 4, 7, 12, 14]",5,title_only,False,False,곰-8551,3% 뚫고 손절 없이 확정! 개미 잔치 속에서 차분히 수익 챙겼습니다.,profit_share,,,,,candidate_minimal,2026-02-27,2026-02-27,2,2,candidate_seen_pm,False,community:2026-02-27:t2:post:5:title_only:A004
RN_COMM_ON_20260917_v2,2026-02-27,2,A004,"[3, 4, 7, 12, 14]",6,title_only,False,False,황소-4980,전일 매수 후 오늘 3% 상승! 원칙이 검증된 하루,trade_share,,,,,candidate_minimal,2026-02-27,2026-02-27,2,2,candidate_seen_pm,False,community:2026-02-27:t2:post:6:title_only:A004
RN_COMM_ON_20260917_v2,2026-02-27,2,A004,"[3, 4, 7, 12, 14]",7,title_only,True,False,여우-1683,3% 차익 실현 완료! 과열 경계하며 일단 현금화,profit_share,,,,,candidate_minimal,2026-02-27,2026-02-27,2,2,candidate_seen_pm,False,community:2026-02-27:t2:post:7:title_only:A004
RN_COMM_ON_20260917_v2,2026-02-27,2,A004,"[3, 4, 7, 12, 14]",8,title_only,False,False,독수리-9332,3% 수익 확정! 원칙대로 팔았습니다. (삼성전자),profit_share,,,,,candidate_minimal,2026-02-27,2026-02-27,2,2,candidate_seen_pm,False,community:2026-02-27:t2:post:8:title_only:A004
RN_COMM_ON_20260917_v2,2026-02-27,2,A004,"[3, 4, 7, 12, 14]",9,title_only,False,False,황소-6990,20% 수익 목표 달성! 삼성전기 매도 완료 (500주),trade_share,,,,,candidate_minimal,2026-02-27,2026-02-27,2,2,candidate_seen_pm,False,community:2026-02-27:t2:post:9:title_only:A004
RN_COMM_ON_20260917_v2,2026-02-27,2,A004,"[3, 4, 7, 12, 14]",10,title_only,False,False,펭귄-5408,21 만 6 천 원에서 3% 땡겨낸 수익 확정!,profit_share,,,,,candidate_minimal,2026-02-27,2026-02-27,2,2,candidate_seen_pm,False,community:2026-02-27:t2:post:10:title_only:A004
RN_COMM_ON_20260917_v2,2026-02-27,2,A004,"[3, 4, 7, 12, 14]",11,title_only,False,False,독수리-1692,3% 수익 확정! 원칙 지키며 내 손에 쥐었다.,profit_share,,,,,candidate_minimal,2026-02-27,2026-02-27,2,2,candidate_seen_pm,False,community:2026-02-27:t2:post:11:title_only:A004
RN_COMM_ON_20260917_v2,2026-02-27,2,A004,"[3, 4, 7, 12, 14]",12,title_only,True,False,독수리-6722,급등 후 조정 때 팔아서 다행입니다 (삼성전자),trade_share,,,,,candidate_minimal,2026-02-27,2026-02-27,2,2,candidate_seen_pm,False,community:2026-02-27:t2:post:12:title_only:A004
RN_COMM_ON_20260917_v2,2026-02-27,2,A004,"[3, 4, 7, 12, 14]",13,title_only,False,False,곰-5671,"3% 수익 확정! 내재가치 투자, 단기 변동성엔 흔들리지 않음",profit_share,,,,,candidate_minimal,2026-02-27,2026-02-27,2,2,candidate_seen_pm,False,community:2026-02-27:t2:post:13:title_only:A004
RN_COMM_ON_20260917_v2,2026-02-27,2,A004,"[3, 4, 7, 12, 14]",14,title_only,True,False,늑대-3694,전일 매수 후 오늘 상승! 외국인 이탈에도 개인은 버텨야 할까?,trade_share,,,,,candidate_minimal,2026-02-27,2026-02-27,2,2,candidate_seen_pm,False,community:2026-02-27:t2:post:14:title_only:A004
RN_COMM_ON_20260917_v2,2026-02-27,2,A007,"[3, 4, 7, 12, 14]",1,title_only,False,False,사자-8925,고점 매도 성공! 외국인 이탈과 개인 매수 충돌 속에서의 선택,profit_share,,,,,candidate_minimal,2026-02-27,2026-02-27,2,2,candidate_seen_pm,False,community:2026-02-27:t2:post:1:title_only:A007
RN_COMM_ON_20260917_v2,2026-02-27,2,A007,"[3, 4, 7, 12, 14]",2,title_only,False,False,황소-1620,급등한 삼성전자는 일단 팔았습니다. 수익 확정!,profit_share,,,,,candidate_minimal,2026-02-27,2026-02-27,2,2,candidate_seen_pm,False,community:2026-02-27:t2:post:2:title_only:A007
RN_COMM_ON_20260917_v2,2026-02-27,2,A007,"[3, 4, 7, 12, 14]",3,title_only,True,False,돌고래-2979,"PER 10 배 초반의 매력, 외국인 매도에도 추가 매수",trade_share,,,,,candidate_minimal,2026-02-27,2026-02-27,2,2,candidate_seen_pm,False,community:2026-02-27:t2:post:3:title_only:A007
RN_COMM_ON_20260917_v2,2026-02-27,2,A007,"[3, 4, 7, 12, 14]",4,title_only,True,False,황소-4770,외국인 팔아치우는데 저는 또 사버렸습니다.. (개미의 자조),trade_share,,,,,candidate_minimal,2026-02-27,2026-02-27,2,2,candidate_seen_pm,False,community:2026-02-27:t2:post:4:title_only:A007
RN_COMM_ON_20260917_v2,2026-02-27,2,A007,"[3, 4, 7, 12, 14]",5,title_only,False,False,곰-8551,3% 뚫고 손절 없이 확정! 개미 잔치 속에서 차분히 수익 챙겼습니다.,profit_share,,,,,candidate_minimal,2026-02-27,2026-02-27,2,2,candidate_seen_pm,False,community:2026-02-27:t2:post:5:title_only:A007
RN_COMM_ON_20260917_v2,2026-02-27,2,A007,"[3, 4, 7, 12, 14]",6,title_only,False,False,황소-4980,전일 매수 후 오늘 3% 상승! 원칙이 검증된 하루,trade_share,,,,,candidate_minimal,2026-02-27,2026-02-27,2,2,candidate_seen_pm,False,community:2026-02-27:t2:post:6:title_only:A007
RN_COMM_ON_20260917_v2,2026-02-27,2,A007,"[3, 4, 7, 12, 14]",7,title_only,True,False,여우-1683,3% 차익 실현 완료! 과열 경계하며 일단 현금화,profit_share,,,,,candidate_minimal,2026-02-27,2026-02-27,2,2,candidate_seen_pm,False,community:2026-02-27:t2:post:7:title_only:A007
RN_COMM_ON_20260917_v2,2026-02-27,2,A007,"[3, 4, 7, 12, 14]",8,title_only,False,False,독수리-9332,3% 수익 확정! 원칙대로 팔았습니다. (삼성전자),profit_share,,,,,candidate_minimal,2026-02-27,2026-02-27,2,2,candidate_seen_pm,False,community:2026-02-27:t2:post:8:title_only:A007
RN_COMM_ON_20260917_v2,2026-02-27,2,A007,"[3, 4, 7, 12, 14]",9,title_only,False,False,황소-6990,20% 수익 목표 달성! 삼성전기 매도 완료 (500주),trade_share,,,,,candidate_minimal,2026-02-27,2026-02-27,2,2,candidate_seen_pm,False,community:2026-02-27:t2:post:9:title_only:A007
RN_COMM_ON_20260917_v2,2026-02-27,2,A007,"[3, 4, 7, 12, 14]",10,title_only,False,False,펭귄-5408,21 만 6 천 원에서 3% 땡겨낸 수익 확정!,profit_share,,,,,candidate_minimal,2026-02-27,2026-02-27,2,2,candidate_seen_pm,False,community:2026-02-27:t2:post:10:title_only:A007
RN_COMM_ON_20260917_v2,2026-02-27,2,A007,"[3, 4, 7, 12, 14]",11,title_only,False,False,독수리-1692,3% 수익 확정! 원칙 지키며 내 손에 쥐었다.,profit_share,,,,,candidate_minimal,2026-02-27,2026-02-27,2,2,candidate_seen_pm,False,community:2026-02-27:t2:post:11:title_only:A007
RN_COMM_ON_20260917_v2,2026-02-27,2,A007,"[3, 4, 7, 12, 14]",12,title_only,True,False,독수리-6722,급등 후 조정 때 팔아서 다행입니다 (삼성전자),trade_share,,,,,candidate_minimal,2026-02-27,2026-02-27,2,2,candidate_seen_pm,False,community:2026-02-27:t2:post:12:title_only:A007
RN_COMM_ON_20260917_v2,2026-02-27,2,A007,"[3, 4, 7, 12, 14]",13,title_only,False,False,곰-5671,"3% 수익 확정! 내재가치 투자, 단기 변동성엔 흔들리지 않음",profit_share,,,,,candidate_minimal,2026-02-27,2026-02-27,2,2,candidate_seen_pm,False,community:2026-02-27:t2:post:13:title_only:A007
RN_COMM_ON_20260917_v2,2026-02-27,2,A007,"[3, 4, 7, 12, 14]",14,title_only,True,False,늑대-3694,전일 매수 후 오늘 상승! 외국인 이탈에도 개인은 버텨야 할까?,trade_share,,,,,candidate_minimal,2026-02-27,2026-02-27,2,2,candidate_seen_pm,False,community:2026-02-27:t2:post:14:title_only:A007
RN_COMM_ON_20260917_v2,2026-02-27,2,A009,"[3, 4, 7, 12, 14]",2,title_only,False,False,황소-1620,급등한 삼성전자는 일단 팔았습니다. 수익 확정!,profit_share,,,,,candidate_minimal,2026-02-27,2026-02-27,2,2,candidate_seen_pm,False,community:2026-02-27:t2:post:2:title_only:A009
RN_COMM_ON_20260917_v2,2026-02-27,2,A009,"[3, 4, 7, 12, 14]",3,title_only,True,False,돌고래-2979,"PER 10 배 초반의 매력, 외국인 매도에도 추가 매수",trade_share,,,,,candidate_minimal,2026-02-27,2026-02-27,2,2,candidate_seen_pm,False,community:2026-02-27:t2:post:3:title_only:A009
RN_COMM_ON_20260917_v2,2026-02-27,2,A009,"[3, 4, 7, 12, 14]",4,title_only,True,False,황소-4770,외국인 팔아치우는데 저는 또 사버렸습니다.. (개미의 자조),trade_share,,,,,candidate_minimal,2026-02-27,2026-02-27,2,2,candidate_seen_pm,False,community:2026-02-27:t2:post:4:title_only:A009
RN_COMM_ON_20260917_v2,2026-02-27,2,A009,"[3, 4, 7, 12, 14]",5,title_only,False,False,곰-8551,3% 뚫고 손절 없이 확정! 개미 잔치 속에서 차분히 수익 챙겼습니다.,profit_share,,,,,candidate_minimal,2026-02-27,2026-02-27,2,2,candidate_seen_pm,False,community:2026-02-27:t2:post:5:title_only:A009
RN_COMM_ON_20260917_v2,2026-02-27,2,A009,"[3, 4, 7, 12, 14]",6,title_only,False,False,황소-4980,전일 매수 후 오늘 3% 상승! 원칙이 검증된 하루,trade_share,,,,,candidate_minimal,2026-02-27,2026-02-27,2,2,candidate_seen_pm,False,community:2026-02-27:t2:post:6:title_only:A009
RN_COMM_ON_20260917_v2,2026-02-27,2,A009,"[3, 4, 7, 12, 14]",7,title_only,True,False,여우-1683,3% 차익 실현 완료! 과열 경계하며 일단 현금화,profit_share,,,,,candidate_minimal,2026-02-27,2026-02-27,2,2,candidate_seen_pm,False,community:2026-02-27:t2:post:7:title_only:A009
RN_COMM_ON_20260917_v2,2026-02-27,2,A009,"[3, 4, 7, 12, 14]",8,title_only,False,False,독수리-9332,3% 수익 확정! 원칙대로 팔았습니다. (삼성전자),profit_share,,,,,candidate_minimal,2026-02-27,2026-02-27,2,2,candidate_seen_pm,False,community:2026-02-27:t2:post:8:title_only:A009
RN_COMM_ON_20260917_v2,2026-02-27,2,A009,"[3, 4, 7, 12, 14]",9,title_only,False,False,황소-6990,20% 수익 목표 달성! 삼성전기 매도 완료 (500주),trade_share,,,,,candidate_minimal,2026-02-27,2026-02-27,2,2,candidate_seen_pm,False,community:2026-02-27:t2:post:9:title_only:A009
RN_COMM_ON_20260917_v2,2026-02-27,2,A009,"[3, 4, 7, 12, 14]",10,title_only,False,False,펭귄-5408,21 만 6 천 원에서 3% 땡겨낸 수익 확정!,profit_share,,,,,candidate_minimal,2026-02-27,2026-02-27,2,2,candidate_seen_pm,False,community:2026-02-27:t2:post:10:title_only:A009
RN_COMM_ON_20260917_v2,2026-02-27,2,A009,"[3, 4, 7, 12, 14]",11,title_only,False,False,독수리-1692,3% 수익 확정! 원칙 지키며 내 손에 쥐었다.,profit_share,,,,,candidate_minimal,2026-02-27,2026-02-27,2,2,candidate_seen_pm,False,community:2026-02-27:t2:post:11:title_only:A009
RN_COMM_ON_20260917_v2,2026-02-27,2,A009,"[3, 4, 7, 12, 14]",12,title_only,True,False,독수리-6722,급등 후 조정 때 팔아서 다행입니다 (삼성전자),trade_share,,,,,candidate_minimal,2026-02-27,2026-02-27,2,2,candidate_seen_pm,False,community:2026-02-27:t2:post:12:title_only:A009
RN_COMM_ON_20260917_v2,2026-02-27,2,A009,"[3, 4, 7, 12, 14]",13,title_only,False,False,곰-5671,"3% 수익 확정! 내재가치 투자, 단기 변동성엔 흔들리지 않음",profit_share,,,,,candidate_minimal,2026-02-27,2026-02-27,2,2,candidate_seen_pm,False,community:2026-02-27:t2:post:13:title_only:A009
RN_COMM_ON_20260917_v2,2026-02-27,2,A009,"[3, 4, 7, 12, 14]",14,title_only,True,False,늑대-3694,전일 매수 후 오늘 상승! 외국인 이탈에도 개인은 버텨야 할까?,trade_share,,,,,candidate_minimal,2026-02-27,2026-02-27,2,2,candidate_seen_pm,False,community:2026-02-27:t2:post:14:title_only:A009
RN_COMM_ON_20260917_v2,2026-02-27,2,A002,"[3, 4, 7, 9, 12]",1,title_only,False,False,사자-8925,고점 매도 성공! 외국인 이탈과 개인 매수 충돌 속에서의 선택,profit_share,,,,,candidate_minimal,2026-02-27,2026-02-27,2,2,candidate_seen_pm,False,community:2026-02-27:t2:post:1:title_only:A002
RN_COMM_ON_20260917_v2,2026-02-27,2,A002,"[3, 4, 7, 9, 12]",2,title_only,False,False,황소-1620,급등한 삼성전자는 일단 팔았습니다. 수익 확정!,profit_share,,,,,candidate_minimal,2026-02-27,2026-02-27,2,2,candidate_seen_pm,False,community:2026-02-27:t2:post:2:title_only:A002
RN_COMM_ON_20260917_v2,2026-02-27,2,A002,"[3, 4, 7, 9, 12]",3,title_only,True,False,돌고래-2979,"PER 10 배 초반의 매력, 외국인 매도에도 추가 매수",trade_share,,,,,candidate_minimal,2026-02-27,2026-02-27,2,2,candidate_seen_pm,False,community:2026-02-27:t2:post:3:title_only:A002
RN_COMM_ON_20260917_v2,2026-02-27,2,A002,"[3, 4, 7, 9, 12]",4,title_only,True,False,황소-4770,외국인 팔아치우는데 저는 또 사버렸습니다.. (개미의 자조),trade_share,,,,,candidate_minimal,2026-02-27,2026-02-27,2,2,candidate_seen_pm,False,community:2026-02-27:t2:post:4:title_only:A002
RN_COMM_ON_20260917_v2,2026-02-27,2,A002,"[3, 4, 7, 9, 12]",5,title_only,False,False,곰-8551,3% 뚫고 손절 없이 확정! 개미 잔치 속에서 차분히 수익 챙겼습니다.,profit_share,,,,,candidate_minimal,2026-02-27,2026-02-27,2,2,candidate_seen_pm,False,community:2026-02-27:t2:post:5:title_only:A002
RN_COMM_ON_20260917_v2,2026-02-27,2,A002,"[3, 4, 7, 9, 12]",6,title_only,False,False,황소-4980,전일 매수 후 오늘 3% 상승! 원칙이 검증된 하루,trade_share,,,,,candidate_minimal,2026-02-27,2026-02-27,2,2,candidate_seen_pm,False,community:2026-02-27:t2:post:6:title_only:A002
RN_COMM_ON_20260917_v2,2026-02-27,2,A002,"[3, 4, 7, 9, 12]",7,title_only,True,False,여우-1683,3% 차익 실현 완료! 과열 경계하며 일단 현금화,profit_share,,,,,candidate_minimal,2026-02-27,2026-02-27,2,2,candidate_seen_pm,False,community:2026-02-27:t2:post:7:title_only:A002
RN_COMM_ON_20260917_v2,2026-02-27,2,A002,"[3, 4, 7, 9, 12]",8,title_only,False,False,독수리-9332,3% 수익 확정! 원칙대로 팔았습니다. (삼성전자),profit_share,,,,,candidate_minimal,2026-02-27,2026-02-27,2,2,candidate_seen_pm,False,community:2026-02-27:t2:post:8:title_only:A002
RN_COMM_ON_20260917_v2,2026-02-27,2,A002,"[3, 4, 7, 9, 12]",9,title_only,True,False,황소-6990,20% 수익 목표 달성! 삼성전기 매도 완료 (500주),trade_share,,,,,candidate_minimal,2026-02-27,2026-02-27,2,2,candidate_seen_pm,False,community:2026-02-27:t2:post:9:title_only:A002
RN_COMM_ON_20260917_v2,2026-02-27,2,A002,"[3, 4, 7, 9, 12]",10,title_only,False,False,펭귄-5408,21 만 6 천 원에서 3% 땡겨낸 수익 확정!,profit_share,,,,,candidate_minimal,2026-02-27,2026-02-27,2,2,candidate_seen_pm,False,community:2026-02-27:t2:post:10:title_only:A002
RN_COMM_ON_20260917_v2,2026-02-27,2,A002,"[3, 4, 7, 9, 12]",11,title_only,False,False,독수리-1692,3% 수익 확정! 원칙 지키며 내 손에 쥐었다.,profit_share,,,,,candidate_minimal,2026-02-27,2026-02-27,2,2,candidate_seen_pm,False,community:2026-02-27:t2:post:11:title_only:A002
RN_COMM_ON_20260917_v2,2026-02-27,2,A002,"[3, 4, 7, 9, 12]",12,title_only,True,False,독수리-6722,급등 후 조정 때 팔아서 다행입니다 (삼성전자),trade_share,,,,,candidate_minimal,2026-02-27,2026-02-27,2,2,candidate_seen_pm,False,community:2026-02-27:t2:post:12:title_only:A002
RN_COMM_ON_20260917_v2,2026-02-27,2,A002,"[3, 4, 7, 9, 12]",13,title_only,False,False,곰-5671,"3% 수익 확정! 내재가치 투자, 단기 변동성엔 흔들리지 않음",profit_share,,,,,candidate_minimal,2026-02-27,2026-02-27,2,2,candidate_seen_pm,False,community:2026-02-27:t2:post:13:title_only:A002
RN_COMM_ON_20260917_v2,2026-02-27,2,A002,"[3, 4, 7, 9, 12]",14,title_only,False,False,늑대-3694,전일 매수 후 오늘 상승! 외국인 이탈에도 개인은 버텨야 할까?,trade_share,,,,,candidate_minimal,2026-02-27,2026-02-27,2,2,candidate_seen_pm,False,community:2026-02-27:t2:post:14:title_only:A002
RN_COMM_ON_20260917_v2,2026-02-27,2,A014,"[3, 4, 7, 12, 14]",1,title_only,False,False,사자-8925,고점 매도 성공! 외국인 이탈과 개인 매수 충돌 속에서의 선택,profit_share,,,,,candidate_minimal,2026-02-27,2026-02-27,2,2,candidate_seen_pm,False,community:2026-02-27:t2:post:1:title_only:A014
RN_COMM_ON_20260917_v2,2026-02-27,2,A014,"[3, 4, 7, 12, 14]",2,title_only,False,False,황소-1620,급등한 삼성전자는 일단 팔았습니다. 수익 확정!,profit_share,,,,,candidate_minimal,2026-02-27,2026-02-27,2,2,candidate_seen_pm,False,community:2026-02-27:t2:post:2:title_only:A014
RN_COMM_ON_20260917_v2,2026-02-27,2,A014,"[3, 4, 7, 12, 14]",3,title_only,True,False,돌고래-2979,"PER 10 배 초반의 매력, 외국인 매도에도 추가 매수",trade_share,,,,,candidate_minimal,2026-02-27,2026-02-27,2,2,candidate_seen_pm,False,community:2026-02-27:t2:post:3:title_only:A014
RN_COMM_ON_20260917_v2,2026-02-27,2,A014,"[3, 4, 7, 12, 14]",4,title_only,True,False,황소-4770,외국인 팔아치우는데 저는 또 사버렸습니다.. (개미의 자조),trade_share,,,,,candidate_minimal,2026-02-27,2026-02-27,2,2,candidate_seen_pm,False,community:2026-02-27:t2:post:4:title_only:A014
RN_COMM_ON_20260917_v2,2026-02-27,2,A014,"[3, 4, 7, 12, 14]",5,title_only,False,False,곰-8551,3% 뚫고 손절 없이 확정! 개미 잔치 속에서 차분히 수익 챙겼습니다.,profit_share,,,,,candidate_minimal,2026-02-27,2026-02-27,2,2,candidate_seen_pm,False,community:2026-02-27:t2:post:5:title_only:A014
RN_COMM_ON_20260917_v2,2026-02-27,2,A014,"[3, 4, 7, 12, 14]",6,title_only,False,False,황소-4980,전일 매수 후 오늘 3% 상승! 원칙이 검증된 하루,trade_share,,,,,candidate_minimal,2026-02-27,2026-02-27,2,2,candidate_seen_pm,False,community:2026-02-27:t2:post:6:title_only:A014
RN_COMM_ON_20260917_v2,2026-02-27,2,A014,"[3, 4, 7, 12, 14]",7,title_only,True,False,여우-1683,3% 차익 실현 완료! 과열 경계하며 일단 현금화,profit_share,,,,,candidate_minimal,2026-02-27,2026-02-27,2,2,candidate_seen_pm,False,community:2026-02-27:t2:post:7:title_only:A014
RN_COMM_ON_20260917_v2,2026-02-27,2,A014,"[3, 4, 7, 12, 14]",8,title_only,False,False,독수리-9332,3% 수익 확정! 원칙대로 팔았습니다. (삼성전자),profit_share,,,,,candidate_minimal,2026-02-27,2026-02-27,2,2,candidate_seen_pm,False,community:2026-02-27:t2:post:8:title_only:A014
RN_COMM_ON_20260917_v2,2026-02-27,2,A014,"[3, 4, 7, 12, 14]",9,title_only,False,False,황소-6990,20% 수익 목표 달성! 삼성전기 매도 완료 (500주),trade_share,,,,,candidate_minimal,2026-02-27,2026-02-27,2,2,candidate_seen_pm,False,community:2026-02-27:t2:post:9:title_only:A014
RN_COMM_ON_20260917_v2,2026-02-27,2,A014,"[3, 4, 7, 12, 14]",10,title_only,False,False,펭귄-5408,21 만 6 천 원에서 3% 땡겨낸 수익 확정!,profit_share,,,,,candidate_minimal,2026-02-27,2026-02-27,2,2,candidate_seen_pm,False,community:2026-02-27:t2:post:10:title_only:A014
RN_COMM_ON_20260917_v2,2026-02-27,2,A014,"[3, 4, 7, 12, 14]",11,title_only,False,False,독수리-1692,3% 수익 확정! 원칙 지키며 내 손에 쥐었다.,profit_share,,,,,candidate_minimal,2026-02-27,2026-02-27,2,2,candidate_seen_pm,False,community:2026-02-27:t2:post:11:title_only:A014
RN_COMM_ON_20260917_v2,2026-02-27,2,A014,"[3, 4, 7, 12, 14]",12,title_only,True,False,독수리-6722,급등 후 조정 때 팔아서 다행입니다 (삼성전자),trade_share,,,,,candidate_minimal,2026-02-27,2026-02-27,2,2,candidate_seen_pm,False,community:2026-02-27:t2:post:12:title_only:A014
RN_COMM_ON_20260917_v2,2026-02-27,2,A014,"[3, 4, 7, 12, 14]",13,title_only,False,False,곰-5671,"3% 수익 확정! 내재가치 투자, 단기 변동성엔 흔들리지 않음",profit_share,,,,,candidate_minimal,2026-02-27,2026-02-27,2,2,candidate_seen_pm,False,community:2026-02-27:t2:post:13:title_only:A014
RN_COMM_ON_20260917_v2,2026-02-27,2,A014,"[3, 4, 7, 12, 14]",14,title_only,True,False,늑대-3694,전일 매수 후 오늘 상승! 외국인 이탈에도 개인은 버텨야 할까?,trade_share,,,,,candidate_minimal,2026-02-27,2026-02-27,2,2,candidate_seen_pm,False,community:2026-02-27:t2:post:14:title_only:A014
RN_COMM_ON_20260917_v2,2026-02-27,2,A015,"[3, 4, 7, 9, 12]",1,title_only,False,False,사자-8925,고점 매도 성공! 외국인 이탈과 개인 매수 충돌 속에서의 선택,profit_share,,,,,candidate_minimal,2026-02-27,2026-02-27,2,2,candidate_seen_pm,False,community:2026-02-27:t2:post:1:title_only:A015
RN_COMM_ON_20260917_v2,2026-02-27,2,A015,"[3, 4, 7, 9, 12]",2,title_only,False,False,황소-1620,급등한 삼성전자는 일단 팔았습니다. 수익 확정!,profit_share,,,,,candidate_minimal,2026-02-27,2026-02-27,2,2,candidate_seen_pm,False,community:2026-02-27:t2:post:2:title_only:A015
RN_COMM_ON_20260917_v2,2026-02-27,2,A015,"[3, 4, 7, 9, 12]",3,title_only,True,False,돌고래-2979,"PER 10 배 초반의 매력, 외국인 매도에도 추가 매수",trade_share,,,,,candidate_minimal,2026-02-27,2026-02-27,2,2,candidate_seen_pm,False,community:2026-02-27:t2:post:3:title_only:A015
RN_COMM_ON_20260917_v2,2026-02-27,2,A015,"[3, 4, 7, 9, 12]",4,title_only,True,False,황소-4770,외국인 팔아치우는데 저는 또 사버렸습니다.. (개미의 자조),trade_share,,,,,candidate_minimal,2026-02-27,2026-02-27,2,2,candidate_seen_pm,False,community:2026-02-27:t2:post:4:title_only:A015
RN_COMM_ON_20260917_v2,2026-02-27,2,A015,"[3, 4, 7, 9, 12]",5,title_only,False,False,곰-8551,3% 뚫고 손절 없이 확정! 개미 잔치 속에서 차분히 수익 챙겼습니다.,profit_share,,,,,candidate_minimal,2026-02-27,2026-02-27,2,2,candidate_seen_pm,False,community:2026-02-27:t2:post:5:title_only:A015
RN_COMM_ON_20260917_v2,2026-02-27,2,A015,"[3, 4, 7, 9, 12]",6,title_only,False,False,황소-4980,전일 매수 후 오늘 3% 상승! 원칙이 검증된 하루,trade_share,,,,,candidate_minimal,2026-02-27,2026-02-27,2,2,candidate_seen_pm,False,community:2026-02-27:t2:post:6:title_only:A015
RN_COMM_ON_20260917_v2,2026-02-27,2,A015,"[3, 4, 7, 9, 12]",7,title_only,True,False,여우-1683,3% 차익 실현 완료! 과열 경계하며 일단 현금화,profit_share,,,,,candidate_minimal,2026-02-27,2026-02-27,2,2,candidate_seen_pm,False,community:2026-02-27:t2:post:7:title_only:A015
RN_COMM_ON_20260917_v2,2026-02-27,2,A015,"[3, 4, 7, 9, 12]",8,title_only,False,False,독수리-9332,3% 수익 확정! 원칙대로 팔았습니다. (삼성전자),profit_share,,,,,candidate_minimal,2026-02-27,2026-02-27,2,2,candidate_seen_pm,False,community:2026-02-27:t2:post:8:title_only:A015
RN_COMM_ON_20260917_v2,2026-02-27,2,A015,"[3, 4, 7, 9, 12]",9,title_only,True,False,황소-6990,20% 수익 목표 달성! 삼성전기 매도 완료 (500주),trade_share,,,,,candidate_minimal,2026-02-27,2026-02-27,2,2,candidate_seen_pm,False,community:2026-02-27:t2:post:9:title_only:A015
RN_COMM_ON_20260917_v2,2026-02-27,2,A015,"[3, 4, 7, 9, 12]",10,title_only,False,False,펭귄-5408,21 만 6 천 원에서 3% 땡겨낸 수익 확정!,profit_share,,,,,candidate_minimal,2026-02-27,2026-02-27,2,2,candidate_seen_pm,False,community:2026-02-27:t2:post:10:title_only:A015
RN_COMM_ON_20260917_v2,2026-02-27,2,A015,"[3, 4, 7, 9, 12]",11,title_only,False,False,독수리-1692,3% 수익 확정! 원칙 지키며 내 손에 쥐었다.,profit_share,,,,,candidate_minimal,2026-02-27,2026-02-27,2,2,candidate_seen_pm,False,community:2026-02-27:t2:post:11:title_only:A015
RN_COMM_ON_20260917_v2,2026-02-27,2,A015,"[3, 4, 7, 9, 12]",12,title_only,True,False,독수리-6722,급등 후 조정 때 팔아서 다행입니다 (삼성전자),trade_share,,,,,candidate_minimal,2026-02-27,2026-02-27,2,2,candidate_seen_pm,False,community:2026-02-27:t2:post:12:title_only:A015
RN_COMM_ON_20260917_v2,2026-02-27,2,A015,"[3, 4, 7, 9, 12]",13,title_only,False,False,곰-5671,"3% 수익 확정! 내재가치 투자, 단기 변동성엔 흔들리지 않음",profit_share,,,,,candidate_minimal,2026-02-27,2026-02-27,2,2,candidate_seen_pm,False,community:2026-02-27:t2:post:13:title_only:A015
RN_COMM_ON_20260917_v2,2026-02-27,2,A015,"[3, 4, 7, 9, 12]",14,title_only,False,False,늑대-3694,전일 매수 후 오늘 상승! 외국인 이탈에도 개인은 버텨야 할까?,trade_share,,,,,candidate_minimal,2026-02-27,2026-02-27,2,2,candidate_seen_pm,False,community:2026-02-27:t2:post:14:title_only:A015
RN_COMM_ON_20260917_v2,2026-02-27,2,A019,"[3, 4, 7, 12, 14]",1,title_only,False,False,사자-8925,고점 매도 성공! 외국인 이탈과 개인 매수 충돌 속에서의 선택,profit_share,,,,,candidate_minimal,2026-02-27,2026-02-27,2,2,candidate_seen_pm,False,community:2026-02-27:t2:post:1:title_only:A019
RN_COMM_ON_20260917_v2,2026-02-27,2,A019,"[3, 4, 7, 12, 14]",2,title_only,False,False,황소-1620,급등한 삼성전자는 일단 팔았습니다. 수익 확정!,profit_share,,,,,candidate_minimal,2026-02-27,2026-02-27,2,2,candidate_seen_pm,False,community:2026-02-27:t2:post:2:title_only:A019
RN_COMM_ON_20260917_v2,2026-02-27,2,A019,"[3, 4, 7, 12, 14]",3,title_only,True,False,돌고래-2979,"PER 10 배 초반의 매력, 외국인 매도에도 추가 매수",trade_share,,,,,candidate_minimal,2026-02-27,2026-02-27,2,2,candidate_seen_pm,False,community:2026-02-27:t2:post:3:title_only:A019
RN_COMM_ON_20260917_v2,2026-02-27,2,A019,"[3, 4, 7, 12, 14]",4,title_only,True,False,황소-4770,외국인 팔아치우는데 저는 또 사버렸습니다.. (개미의 자조),trade_share,,,,,candidate_minimal,2026-02-27,2026-02-27,2,2,candidate_seen_pm,False,community:2026-02-27:t2:post:4:title_only:A019
RN_COMM_ON_20260917_v2,2026-02-27,2,A019,"[3, 4, 7, 12, 14]",5,title_only,False,False,곰-8551,3% 뚫고 손절 없이 확정! 개미 잔치 속에서 차분히 수익 챙겼습니다.,profit_share,,,,,candidate_minimal,2026-02-27,2026-02-27,2,2,candidate_seen_pm,False,community:2026-02-27:t2:post:5:title_only:A019
RN_COMM_ON_20260917_v2,2026-02-27,2,A019,"[3, 4, 7, 12, 14]",6,title_only,False,False,황소-4980,전일 매수 후 오늘 3% 상승! 원칙이 검증된 하루,trade_share,,,,,candidate_minimal,2026-02-27,2026-02-27,2,2,candidate_seen_pm,False,community:2026-02-27:t2:post:6:title_only:A019
RN_COMM_ON_20260917_v2,2026-02-27,2,A019,"[3, 4, 7, 12, 14]",7,title_only,True,False,여우-1683,3% 차익 실현 완료! 과열 경계하며 일단 현금화,profit_share,,,,,candidate_minimal,2026-02-27,2026-02-27,2,2,candidate_seen_pm,False,community:2026-02-27:t2:post:7:title_only:A019
RN_COMM_ON_20260917_v2,2026-02-27,2,A019,"[3, 4, 7, 12, 14]",8,title_only,False,False,독수리-9332,3% 수익 확정! 원칙대로 팔았습니다. (삼성전자),profit_share,,,,,candidate_minimal,2026-02-27,2026-02-27,2,2,candidate_seen_pm,False,community:2026-02-27:t2:post:8:title_only:A019
RN_COMM_ON_20260917_v2,2026-02-27,2,A019,"[3, 4, 7, 12, 14]",9,title_only,False,False,황소-6990,20% 수익 목표 달성! 삼성전기 매도 완료 (500주),trade_share,,,,,candidate_minimal,2026-02-27,2026-02-27,2,2,candidate_seen_pm,False,community:2026-02-27:t2:post:9:title_only:A019
RN_COMM_ON_20260917_v2,2026-02-27,2,A019,"[3, 4, 7, 12, 14]",10,title_only,False,False,펭귄-5408,21 만 6 천 원에서 3% 땡겨낸 수익 확정!,profit_share,,,,,candidate_minimal,2026-02-27,2026-02-27,2,2,candidate_seen_pm,False,community:2026-02-27:t2:post:10:title_only:A019
RN_COMM_ON_20260917_v2,2026-02-27,2,A019,"[3, 4, 7, 12, 14]",11,title_only,False,False,독수리-1692,3% 수익 확정! 원칙 지키며 내 손에 쥐었다.,profit_share,,,,,candidate_minimal,2026-02-27,2026-02-27,2,2,candidate_seen_pm,False,community:2026-02-27:t2:post:11:title_only:A019
RN_COMM_ON_20260917_v2,2026-02-27,2,A019,"[3, 4, 7, 12, 14]",12,title_only,True,False,독수리-6722,급등 후 조정 때 팔아서 다행입니다 (삼성전자),trade_share,,,,,candidate_minimal,2026-02-27,2026-02-27,2,2,candidate_seen_pm,False,community:2026-02-27:t2:post:12:title_only:A019
RN_COMM_ON_20260917_v2,2026-02-27,2,A019,"[3, 4, 7, 12, 14]",13,title_only,False,False,곰-5671,"3% 수익 확정! 내재가치 투자, 단기 변동성엔 흔들리지 않음",profit_share,,,,,candidate_minimal,2026-02-27,2026-02-27,2,2,candidate_seen_pm,False,community:2026-02-27:t2:post:13:title_only:A019
RN_COMM_ON_20260917_v2,2026-02-27,2,A019,"[3, 4, 7, 12, 14]",14,title_only,True,False,늑대-3694,전일 매수 후 오늘 상승! 외국인 이탈에도 개인은 버텨야 할까?,trade_share,,,,,candidate_minimal,2026-02-27,2026-02-27,2,2,candidate_seen_pm,False,community:2026-02-27:t2:post:14:title_only:A019
RN_COMM_ON_20260917_v2,2026-02-27,2,A020,"[3, 4, 7, 9, 12]",1,title_only,False,False,사자-8925,고점 매도 성공! 외국인 이탈과 개인 매수 충돌 속에서의 선택,profit_share,,,,,candidate_minimal,2026-02-27,2026-02-27,2,2,candidate_seen_pm,False,community:2026-02-27:t2:post:1:title_only:A020
RN_COMM_ON_20260917_v2,2026-02-27,2,A020,"[3, 4, 7, 9, 12]",2,title_only,False,False,황소-1620,급등한 삼성전자는 일단 팔았습니다. 수익 확정!,profit_share,,,,,candidate_minimal,2026-02-27,2026-02-27,2,2,candidate_seen_pm,False,community:2026-02-27:t2:post:2:title_only:A020
RN_COMM_ON_20260917_v2,2026-02-27,2,A020,"[3, 4, 7, 9, 12]",3,title_only,True,False,돌고래-2979,"PER 10 배 초반의 매력, 외국인 매도에도 추가 매수",trade_share,,,,,candidate_minimal,2026-02-27,2026-02-27,2,2,candidate_seen_pm,False,community:2026-02-27:t2:post:3:title_only:A020
RN_COMM_ON_20260917_v2,2026-02-27,2,A020,"[3, 4, 7, 9, 12]",4,title_only,True,False,황소-4770,외국인 팔아치우는데 저는 또 사버렸습니다.. (개미의 자조),trade_share,,,,,candidate_minimal,2026-02-27,2026-02-27,2,2,candidate_seen_pm,False,community:2026-02-27:t2:post:4:title_only:A020
RN_COMM_ON_20260917_v2,2026-02-27,2,A020,"[3, 4, 7, 9, 12]",5,title_only,False,False,곰-8551,3% 뚫고 손절 없이 확정! 개미 잔치 속에서 차분히 수익 챙겼습니다.,profit_share,,,,,candidate_minimal,2026-02-27,2026-02-27,2,2,candidate_seen_pm,False,community:2026-02-27:t2:post:5:title_only:A020
RN_COMM_ON_20260917_v2,2026-02-27,2,A020,"[3, 4, 7, 9, 12]",6,title_only,False,False,황소-4980,전일 매수 후 오늘 3% 상승! 원칙이 검증된 하루,trade_share,,,,,candidate_minimal,2026-02-27,2026-02-27,2,2,candidate_seen_pm,False,community:2026-02-27:t2:post:6:title_only:A020
RN_COMM_ON_20260917_v2,2026-02-27,2,A020,"[3, 4, 7, 9, 12]",7,title_only,True,False,여우-1683,3% 차익 실현 완료! 과열 경계하며 일단 현금화,profit_share,,,,,candidate_minimal,2026-02-27,2026-02-27,2,2,candidate_seen_pm,False,community:2026-02-27:t2:post:7:title_only:A020
RN_COMM_ON_20260917_v2,2026-02-27,2,A020,"[3, 4, 7, 9, 12]",8,title_only,False,False,독수리-9332,3% 수익 확정! 원칙대로 팔았습니다. (삼성전자),profit_share,,,,,candidate_minimal,2026-02-27,2026-02-27,2,2,candidate_seen_pm,False,community:2026-02-27:t2:post:8:title_only:A020
RN_COMM_ON_20260917_v2,2026-02-27,2,A020,"[3, 4, 7, 9, 12]",9,title_only,True,False,황소-6990,20% 수익 목표 달성! 삼성전기 매도 완료 (500주),trade_share,,,,,candidate_minimal,2026-02-27,2026-02-27,2,2,candidate_seen_pm,False,community:2026-02-27:t2:post:9:title_only:A020
RN_COMM_ON_20260917_v2,2026-02-27,2,A020,"[3, 4, 7, 9, 12]",10,title_only,False,False,펭귄-5408,21 만 6 천 원에서 3% 땡겨낸 수익 확정!,profit_share,,,,,candidate_minimal,2026-02-27,2026-02-27,2,2,candidate_seen_pm,False,community:2026-02-27:t2:post:10:title_only:A020
RN_COMM_ON_20260917_v2,2026-02-27,2,A020,"[3, 4, 7, 9, 12]",11,title_only,False,False,독수리-1692,3% 수익 확정! 원칙 지키며 내 손에 쥐었다.,profit_share,,,,,candidate_minimal,2026-02-27,2026-02-27,2,2,candidate_seen_pm,False,community:2026-02-27:t2:post:11:title_only:A020
RN_COMM_ON_20260917_v2,2026-02-27,2,A020,"[3, 4, 7, 9, 12]",12,title_only,True,False,독수리-6722,급등 후 조정 때 팔아서 다행입니다 (삼성전자),trade_share,,,,,candidate_minimal,2026-02-27,2026-02-27,2,2,candidate_seen_pm,False,community:2026-02-27:t2:post:12:title_only:A020
RN_COMM_ON_20260917_v2,2026-02-27,2,A020,"[3, 4, 7, 9, 12]",13,title_only,False,False,곰-5671,"3% 수익 확정! 내재가치 투자, 단기 변동성엔 흔들리지 않음",profit_share,,,,,candidate_minimal,2026-02-27,2026-02-27,2,2,candidate_seen_pm,False,community:2026-02-27:t2:post:13:title_only:A020
RN_COMM_ON_20260917_v2,2026-02-27,2,A020,"[3, 4, 7, 9, 12]",14,title_only,False,False,늑대-3694,전일 매수 후 오늘 상승! 외국인 이탈에도 개인은 버텨야 할까?,trade_share,,,,,candidate_minimal,2026-02-27,2026-02-27,2,2,candidate_seen_pm,False,community:2026-02-27:t2:post:14:title_only:A020
RN_COMM_ON_20260917_v2,2026-02-27,2,A022,"[3, 4, 7, 9, 14]",1,title_only,False,False,사자-8925,고점 매도 성공! 외국인 이탈과 개인 매수 충돌 속에서의 선택,profit_share,,,,,candidate_minimal,2026-02-27,2026-02-27,2,2,candidate_seen_pm,False,community:2026-02-27:t2:post:1:title_only:A022
RN_COMM_ON_20260917_v2,2026-02-27,2,A022,"[3, 4, 7, 9, 14]",2,title_only,False,False,황소-1620,급등한 삼성전자는 일단 팔았습니다. 수익 확정!,profit_share,,,,,candidate_minimal,2026-02-27,2026-02-27,2,2,candidate_seen_pm,False,community:2026-02-27:t2:post:2:title_only:A022
RN_COMM_ON_20260917_v2,2026-02-27,2,A022,"[3, 4, 7, 9, 14]",3,title_only,True,False,돌고래-2979,"PER 10 배 초반의 매력, 외국인 매도에도 추가 매수",trade_share,,,,,candidate_minimal,2026-02-27,2026-02-27,2,2,candidate_seen_pm,False,community:2026-02-27:t2:post:3:title_only:A022
RN_COMM_ON_20260917_v2,2026-02-27,2,A022,"[3, 4, 7, 9, 14]",4,title_only,True,False,황소-4770,외국인 팔아치우는데 저는 또 사버렸습니다.. (개미의 자조),trade_share,,,,,candidate_minimal,2026-02-27,2026-02-27,2,2,candidate_seen_pm,False,community:2026-02-27:t2:post:4:title_only:A022
RN_COMM_ON_20260917_v2,2026-02-27,2,A022,"[3, 4, 7, 9, 14]",5,title_only,False,False,곰-8551,3% 뚫고 손절 없이 확정! 개미 잔치 속에서 차분히 수익 챙겼습니다.,profit_share,,,,,candidate_minimal,2026-02-27,2026-02-27,2,2,candidate_seen_pm,False,community:2026-02-27:t2:post:5:title_only:A022
RN_COMM_ON_20260917_v2,2026-02-27,2,A022,"[3, 4, 7, 9, 14]",6,title_only,False,False,황소-4980,전일 매수 후 오늘 3% 상승! 원칙이 검증된 하루,trade_share,,,,,candidate_minimal,2026-02-27,2026-02-27,2,2,candidate_seen_pm,False,community:2026-02-27:t2:post:6:title_only:A022
RN_COMM_ON_20260917_v2,2026-02-27,2,A022,"[3, 4, 7, 9, 14]",7,title_only,True,False,여우-1683,3% 차익 실현 완료! 과열 경계하며 일단 현금화,profit_share,,,,,candidate_minimal,2026-02-27,2026-02-27,2,2,candidate_seen_pm,False,community:2026-02-27:t2:post:7:title_only:A022
RN_COMM_ON_20260917_v2,2026-02-27,2,A022,"[3, 4, 7, 9, 14]",8,title_only,False,False,독수리-9332,3% 수익 확정! 원칙대로 팔았습니다. (삼성전자),profit_share,,,,,candidate_minimal,2026-02-27,2026-02-27,2,2,candidate_seen_pm,False,community:2026-02-27:t2:post:8:title_only:A022
RN_COMM_ON_20260917_v2,2026-02-27,2,A022,"[3, 4, 7, 9, 14]",9,title_only,True,False,황소-6990,20% 수익 목표 달성! 삼성전기 매도 완료 (500주),trade_share,,,,,candidate_minimal,2026-02-27,2026-02-27,2,2,candidate_seen_pm,False,community:2026-02-27:t2:post:9:title_only:A022
RN_COMM_ON_20260917_v2,2026-02-27,2,A022,"[3, 4, 7, 9, 14]",10,title_only,False,False,펭귄-5408,21 만 6 천 원에서 3% 땡겨낸 수익 확정!,profit_share,,,,,candidate_minimal,2026-02-27,2026-02-27,2,2,candidate_seen_pm,False,community:2026-02-27:t2:post:10:title_only:A022
RN_COMM_ON_20260917_v2,2026-02-27,2,A022,"[3, 4, 7, 9, 14]",11,title_only,False,False,독수리-1692,3% 수익 확정! 원칙 지키며 내 손에 쥐었다.,profit_share,,,,,candidate_minimal,2026-02-27,2026-02-27,2,2,candidate_seen_pm,False,community:2026-02-27:t2:post:11:title_only:A022
RN_COMM_ON_20260917_v2,2026-02-27,2,A022,"[3, 4, 7, 9, 14]",12,title_only,False,False,독수리-6722,급등 후 조정 때 팔아서 다행입니다 (삼성전자),trade_share,,,,,candidate_minimal,2026-02-27,2026-02-27,2,2,candidate_seen_pm,False,community:2026-02-27:t2:post:12:title_only:A022
RN_COMM_ON_20260917_v2,2026-02-27,2,A022,"[3, 4, 7, 9, 14]",13,title_only,False,False,곰-5671,"3% 수익 확정! 내재가치 투자, 단기 변동성엔 흔들리지 않음",profit_share,,,,,candidate_minimal,2026-02-27,2026-02-27,2,2,candidate_seen_pm,False,community:2026-02-27:t2:post:13:title_only:A022
RN_COMM_ON_20260917_v2,2026-02-27,2,A022,"[3, 4, 7, 9, 14]",14,title_only,True,False,늑대-3694,전일 매수 후 오늘 상승! 외국인 이탈에도 개인은 버텨야 할까?,trade_share,,,,,candidate_minimal,2026-02-27,2026-02-27,2,2,candidate_seen_pm,False,community:2026-02-27:t2:post:14:title_only:A022
RN_COMM_ON_20260917_v2,2026-02-27,2,A025,"[3, 4, 7, 12, 14]",1,title_only,False,False,사자-8925,고점 매도 성공! 외국인 이탈과 개인 매수 충돌 속에서의 선택,profit_share,,,,,candidate_minimal,2026-02-27,2026-02-27,2,2,candidate_seen_pm,False,community:2026-02-27:t2:post:1:title_only:A025
RN_COMM_ON_20260917_v2,2026-02-27,2,A025,"[3, 4, 7, 12, 14]",2,title_only,False,False,황소-1620,급등한 삼성전자는 일단 팔았습니다. 수익 확정!,profit_share,,,,,candidate_minimal,2026-02-27,2026-02-27,2,2,candidate_seen_pm,False,community:2026-02-27:t2:post:2:title_only:A025
RN_COMM_ON_20260917_v2,2026-02-27,2,A025,"[3, 4, 7, 12, 14]",3,title_only,True,False,돌고래-2979,"PER 10 배 초반의 매력, 외국인 매도에도 추가 매수",trade_share,,,,,candidate_minimal,2026-02-27,2026-02-27,2,2,candidate_seen_pm,False,community:2026-02-27:t2:post:3:title_only:A025
RN_COMM_ON_20260917_v2,2026-02-27,2,A025,"[3, 4, 7, 12, 14]",4,title_only,True,False,황소-4770,외국인 팔아치우는데 저는 또 사버렸습니다.. (개미의 자조),trade_share,,,,,candidate_minimal,2026-02-27,2026-02-27,2,2,candidate_seen_pm,False,community:2026-02-27:t2:post:4:title_only:A025
RN_COMM_ON_20260917_v2,2026-02-27,2,A025,"[3, 4, 7, 12, 14]",5,title_only,False,False,곰-8551,3% 뚫고 손절 없이 확정! 개미 잔치 속에서 차분히 수익 챙겼습니다.,profit_share,,,,,candidate_minimal,2026-02-27,2026-02-27,2,2,candidate_seen_pm,False,community:2026-02-27:t2:post:5:title_only:A025
RN_COMM_ON_20260917_v2,2026-02-27,2,A025,"[3, 4, 7, 12, 14]",6,title_only,False,False,황소-4980,전일 매수 후 오늘 3% 상승! 원칙이 검증된 하루,trade_share,,,,,candidate_minimal,2026-02-27,2026-02-27,2,2,candidate_seen_pm,False,community:2026-02-27:t2:post:6:title_only:A025
RN_COMM_ON_20260917_v2,2026-02-27,2,A025,"[3, 4, 7, 12, 14]",7,title_only,True,False,여우-1683,3% 차익 실현 완료! 과열 경계하며 일단 현금화,profit_share,,,,,candidate_minimal,2026-02-27,2026-02-27,2,2,candidate_seen_pm,False,community:2026-02-27:t2:post:7:title_only:A025
RN_COMM_ON_20260917_v2,2026-02-27,2,A025,"[3, 4, 7, 12, 14]",8,title_only,False,False,독수리-9332,3% 수익 확정! 원칙대로 팔았습니다. (삼성전자),profit_share,,,,,candidate_minimal,2026-02-27,2026-02-27,2,2,candidate_seen_pm,False,community:2026-02-27:t2:post:8:title_only:A025
RN_COMM_ON_20260917_v2,2026-02-27,2,A025,"[3, 4, 7, 12, 14]",9,title_only,False,False,황소-6990,20% 수익 목표 달성! 삼성전기 매도 완료 (500주),trade_share,,,,,candidate_minimal,2026-02-27,2026-02-27,2,2,candidate_seen_pm,False,community:2026-02-27:t2:post:9:title_only:A025
RN_COMM_ON_20260917_v2,2026-02-27,2,A025,"[3, 4, 7, 12, 14]",10,title_only,False,False,펭귄-5408,21 만 6 천 원에서 3% 땡겨낸 수익 확정!,profit_share,,,,,candidate_minimal,2026-02-27,2026-02-27,2,2,candidate_seen_pm,False,community:2026-02-27:t2:post:10:title_only:A025
RN_COMM_ON_20260917_v2,2026-02-27,2,A025,"[3, 4, 7, 12, 14]",11,title_only,False,False,독수리-1692,3% 수익 확정! 원칙 지키며 내 손에 쥐었다.,profit_share,,,,,candidate_minimal,2026-02-27,2026-02-27,2,2,candidate_seen_pm,False,community:2026-02-27:t2:post:11:title_only:A025
RN_COMM_ON_20260917_v2,2026-02-27,2,A025,"[3, 4, 7, 12, 14]",12,title_only,True,False,독수리-6722,급등 후 조정 때 팔아서 다행입니다 (삼성전자),trade_share,,,,,candidate_minimal,2026-02-27,2026-02-27,2,2,candidate_seen_pm,False,community:2026-02-27:t2:post:12:title_only:A025
RN_COMM_ON_20260917_v2,2026-02-27,2,A025,"[3, 4, 7, 12, 14]",13,title_only,False,False,곰-5671,"3% 수익 확정! 내재가치 투자, 단기 변동성엔 흔들리지 않음",profit_share,,,,,candidate_minimal,2026-02-27,2026-02-27,2,2,candidate_seen_pm,False,community:2026-02-27:t2:post:13:title_only:A025
RN_COMM_ON_20260917_v2,2026-02-27,2,A025,"[3, 4, 7, 12, 14]",14,title_only,True,False,늑대-3694,전일 매수 후 오늘 상승! 외국인 이탈에도 개인은 버텨야 할까?,trade_share,,,,,candidate_minimal,2026-02-27,2026-02-27,2,2,candidate_seen_pm,False,community:2026-02-27:t2:post:14:title_only:A025
RN_COMM_ON_20260917_v2,2026-02-27,2,A026,"[3, 4, 7, 12, 14]",1,title_only,False,False,사자-8925,고점 매도 성공! 외국인 이탈과 개인 매수 충돌 속에서의 선택,profit_share,,,,,candidate_minimal,2026-02-27,2026-02-27,2,2,candidate_seen_pm,False,community:2026-02-27:t2:post:1:title_only:A026
RN_COMM_ON_20260917_v2,2026-02-27,2,A026,"[3, 4, 7, 12, 14]",2,title_only,False,False,황소-1620,급등한 삼성전자는 일단 팔았습니다. 수익 확정!,profit_share,,,,,candidate_minimal,2026-02-27,2026-02-27,2,2,candidate_seen_pm,False,community:2026-02-27:t2:post:2:title_only:A026
RN_COMM_ON_20260917_v2,2026-02-27,2,A026,"[3, 4, 7, 12, 14]",3,title_only,True,False,돌고래-2979,"PER 10 배 초반의 매력, 외국인 매도에도 추가 매수",trade_share,,,,,candidate_minimal,2026-02-27,2026-02-27,2,2,candidate_seen_pm,False,community:2026-02-27:t2:post:3:title_only:A026
RN_COMM_ON_20260917_v2,2026-02-27,2,A026,"[3, 4, 7, 12, 14]",4,title_only,True,False,황소-4770,외국인 팔아치우는데 저는 또 사버렸습니다.. (개미의 자조),trade_share,,,,,candidate_minimal,2026-02-27,2026-02-27,2,2,candidate_seen_pm,False,community:2026-02-27:t2:post:4:title_only:A026
RN_COMM_ON_20260917_v2,2026-02-27,2,A026,"[3, 4, 7, 12, 14]",5,title_only,False,False,곰-8551,3% 뚫고 손절 없이 확정! 개미 잔치 속에서 차분히 수익 챙겼습니다.,profit_share,,,,,candidate_minimal,2026-02-27,2026-02-27,2,2,candidate_seen_pm,False,community:2026-02-27:t2:post:5:title_only:A026
RN_COMM_ON_20260917_v2,2026-02-27,2,A026,"[3, 4, 7, 12, 14]",6,title_only,False,False,황소-4980,전일 매수 후 오늘 3% 상승! 원칙이 검증된 하루,trade_share,,,,,candidate_minimal,2026-02-27,2026-02-27,2,2,candidate_seen_pm,False,community:2026-02-27:t2:post:6:title_only:A026
RN_COMM_ON_20260917_v2,2026-02-27,2,A026,"[3, 4, 7, 12, 14]",7,title_only,True,False,여우-1683,3% 차익 실현 완료! 과열 경계하며 일단 현금화,profit_share,,,,,candidate_minimal,2026-02-27,2026-02-27,2,2,candidate_seen_pm,False,community:2026-02-27:t2:post:7:title_only:A026
RN_COMM_ON_20260917_v2,2026-02-27,2,A026,"[3, 4, 7, 12, 14]",8,title_only,False,False,독수리-9332,3% 수익 확정! 원칙대로 팔았습니다. (삼성전자),profit_share,,,,,candidate_minimal,2026-02-27,2026-02-27,2,2,candidate_seen_pm,False,community:2026-02-27:t2:post:8:title_only:A026
RN_COMM_ON_20260917_v2,2026-02-27,2,A026,"[3, 4, 7, 12, 14]",9,title_only,False,False,황소-6990,20% 수익 목표 달성! 삼성전기 매도 완료 (500주),trade_share,,,,,candidate_minimal,2026-02-27,2026-02-27,2,2,candidate_seen_pm,False,community:2026-02-27:t2:post:9:title_only:A026
RN_COMM_ON_20260917_v2,2026-02-27,2,A026,"[3, 4, 7, 12, 14]",10,title_only,False,False,펭귄-5408,21 만 6 천 원에서 3% 땡겨낸 수익 확정!,profit_share,,,,,candidate_minimal,2026-02-27,2026-02-27,2,2,candidate_seen_pm,False,community:2026-02-27:t2:post:10:title_only:A026
RN_COMM_ON_20260917_v2,2026-02-27,2,A026,"[3, 4, 7, 12, 14]",11,title_only,False,False,독수리-1692,3% 수익 확정! 원칙 지키며 내 손에 쥐었다.,profit_share,,,,,candidate_minimal,2026-02-27,2026-02-27,2,2,candidate_seen_pm,False,community:2026-02-27:t2:post:11:title_only:A026
RN_COMM_ON_20260917_v2,2026-02-27,2,A026,"[3, 4, 7, 12, 14]",12,title_only,True,False,독수리-6722,급등 후 조정 때 팔아서 다행입니다 (삼성전자),trade_share,,,,,candidate_minimal,2026-02-27,2026-02-27,2,2,candidate_seen_pm,False,community:2026-02-27:t2:post:12:title_only:A026
RN_COMM_ON_20260917_v2,2026-02-27,2,A026,"[3, 4, 7, 12, 14]",13,title_only,False,False,곰-5671,"3% 수익 확정! 내재가치 투자, 단기 변동성엔 흔들리지 않음",profit_share,,,,,candidate_minimal,2026-02-27,2026-02-27,2,2,candidate_seen_pm,False,community:2026-02-27:t2:post:13:title_only:A026
RN_COMM_ON_20260917_v2,2026-02-27,2,A026,"[3, 4, 7, 12, 14]",14,title_only,True,False,늑대-3694,전일 매수 후 오늘 상승! 외국인 이탈에도 개인은 버텨야 할까?,trade_share,,,,,candidate_minimal,2026-02-27,2026-02-27,2,2,candidate_seen_pm,False,community:2026-02-27:t2:post:14:title_only:A026
RN_COMM_ON_20260917_v2,2026-02-27,2,A023,"[3, 4, 7, 12, 14]",1,title_only,False,False,사자-8925,고점 매도 성공! 외국인 이탈과 개인 매수 충돌 속에서의 선택,profit_share,,,,,candidate_minimal,2026-02-27,2026-02-27,2,2,candidate_seen_pm,False,community:2026-02-27:t2:post:1:title_only:A023
RN_COMM_ON_20260917_v2,2026-02-27,2,A023,"[3, 4, 7, 12, 14]",3,title_only,True,False,돌고래-2979,"PER 10 배 초반의 매력, 외국인 매도에도 추가 매수",trade_share,,,,,candidate_minimal,2026-02-27,2026-02-27,2,2,candidate_seen_pm,False,community:2026-02-27:t2:post:3:title_only:A023
RN_COMM_ON_20260917_v2,2026-02-27,2,A023,"[3, 4, 7, 12, 14]",4,title_only,True,False,황소-4770,외국인 팔아치우는데 저는 또 사버렸습니다.. (개미의 자조),trade_share,,,,,candidate_minimal,2026-02-27,2026-02-27,2,2,candidate_seen_pm,False,community:2026-02-27:t2:post:4:title_only:A023
RN_COMM_ON_20260917_v2,2026-02-27,2,A023,"[3, 4, 7, 12, 14]",5,title_only,False,False,곰-8551,3% 뚫고 손절 없이 확정! 개미 잔치 속에서 차분히 수익 챙겼습니다.,profit_share,,,,,candidate_minimal,2026-02-27,2026-02-27,2,2,candidate_seen_pm,False,community:2026-02-27:t2:post:5:title_only:A023
RN_COMM_ON_20260917_v2,2026-02-27,2,A023,"[3, 4, 7, 12, 14]",6,title_only,False,False,황소-4980,전일 매수 후 오늘 3% 상승! 원칙이 검증된 하루,trade_share,,,,,candidate_minimal,2026-02-27,2026-02-27,2,2,candidate_seen_pm,False,community:2026-02-27:t2:post:6:title_only:A023
RN_COMM_ON_20260917_v2,2026-02-27,2,A023,"[3, 4, 7, 12, 14]",7,title_only,True,False,여우-1683,3% 차익 실현 완료! 과열 경계하며 일단 현금화,profit_share,,,,,candidate_minimal,2026-02-27,2026-02-27,2,2,candidate_seen_pm,False,community:2026-02-27:t2:post:7:title_only:A023
RN_COMM_ON_20260917_v2,2026-02-27,2,A023,"[3, 4, 7, 12, 14]",8,title_only,False,False,독수리-9332,3% 수익 확정! 원칙대로 팔았습니다. (삼성전자),profit_share,,,,,candidate_minimal,2026-02-27,2026-02-27,2,2,candidate_seen_pm,False,community:2026-02-27:t2:post:8:title_only:A023
RN_COMM_ON_20260917_v2,2026-02-27,2,A023,"[3, 4, 7, 12, 14]",9,title_only,False,False,황소-6990,20% 수익 목표 달성! 삼성전기 매도 완료 (500주),trade_share,,,,,candidate_minimal,2026-02-27,2026-02-27,2,2,candidate_seen_pm,False,community:2026-02-27:t2:post:9:title_only:A023
RN_COMM_ON_20260917_v2,2026-02-27,2,A023,"[3, 4, 7, 12, 14]",10,title_only,False,False,펭귄-5408,21 만 6 천 원에서 3% 땡겨낸 수익 확정!,profit_share,,,,,candidate_minimal,2026-02-27,2026-02-27,2,2,candidate_seen_pm,False,community:2026-02-27:t2:post:10:title_only:A023
RN_COMM_ON_20260917_v2,2026-02-27,2,A023,"[3, 4, 7, 12, 14]",11,title_only,False,False,독수리-1692,3% 수익 확정! 원칙 지키며 내 손에 쥐었다.,profit_share,,,,,candidate_minimal,2026-02-27,2026-02-27,2,2,candidate_seen_pm,False,community:2026-02-27:t2:post:11:title_only:A023
RN_COMM_ON_20260917_v2,2026-02-27,2,A023,"[3, 4, 7, 12, 14]",12,title_only,True,False,독수리-6722,급등 후 조정 때 팔아서 다행입니다 (삼성전자),trade_share,,,,,candidate_minimal,2026-02-27,2026-02-27,2,2,candidate_seen_pm,False,community:2026-02-27:t2:post:12:title_only:A023
RN_COMM_ON_20260917_v2,2026-02-27,2,A023,"[3, 4, 7, 12, 14]",13,title_only,False,False,곰-5671,"3% 수익 확정! 내재가치 투자, 단기 변동성엔 흔들리지 않음",profit_share,,,,,candidate_minimal,2026-02-27,2026-02-27,2,2,candidate_seen_pm,False,community:2026-02-27:t2:post:13:title_only:A023
RN_COMM_ON_20260917_v2,2026-02-27,2,A023,"[3, 4, 7, 12, 14]",14,title_only,True,False,늑대-3694,전일 매수 후 오늘 상승! 외국인 이탈에도 개인은 버텨야 할까?,trade_share,,,,,candidate_minimal,2026-02-27,2026-02-27,2,2,candidate_seen_pm,False,community:2026-02-27:t2:post:14:title_only:A023
RN_COMM_ON_20260917_v2,2026-02-27,2,A027,"[3, 4, 7, 12, 14]",1,title_only,False,False,사자-8925,고점 매도 성공! 외국인 이탈과 개인 매수 충돌 속에서의 선택,profit_share,,,,,candidate_minimal,2026-02-27,2026-02-27,2,2,candidate_seen_pm,False,community:2026-02-27:t2:post:1:title_only:A027
RN_COMM_ON_20260917_v2,2026-02-27,2,A027,"[3, 4, 7, 12, 14]",2,title_only,False,False,황소-1620,급등한 삼성전자는 일단 팔았습니다. 수익 확정!,profit_share,,,,,candidate_minimal,2026-02-27,2026-02-27,2,2,candidate_seen_pm,False,community:2026-02-27:t2:post:2:title_only:A027
RN_COMM_ON_20260917_v2,2026-02-27,2,A027,"[3, 4, 7, 12, 14]",3,title_only,True,False,돌고래-2979,"PER 10 배 초반의 매력, 외국인 매도에도 추가 매수",trade_share,,,,,candidate_minimal,2026-02-27,2026-02-27,2,2,candidate_seen_pm,False,community:2026-02-27:t2:post:3:title_only:A027
RN_COMM_ON_20260917_v2,2026-02-27,2,A027,"[3, 4, 7, 12, 14]",4,title_only,True,False,황소-4770,외국인 팔아치우는데 저는 또 사버렸습니다.. (개미의 자조),trade_share,,,,,candidate_minimal,2026-02-27,2026-02-27,2,2,candidate_seen_pm,False,community:2026-02-27:t2:post:4:title_only:A027
RN_COMM_ON_20260917_v2,2026-02-27,2,A027,"[3, 4, 7, 12, 14]",5,title_only,False,False,곰-8551,3% 뚫고 손절 없이 확정! 개미 잔치 속에서 차분히 수익 챙겼습니다.,profit_share,,,,,candidate_minimal,2026-02-27,2026-02-27,2,2,candidate_seen_pm,False,community:2026-02-27:t2:post:5:title_only:A027
RN_COMM_ON_20260917_v2,2026-02-27,2,A027,"[3, 4, 7, 12, 14]",6,title_only,False,False,황소-4980,전일 매수 후 오늘 3% 상승! 원칙이 검증된 하루,trade_share,,,,,candidate_minimal,2026-02-27,2026-02-27,2,2,candidate_seen_pm,False,community:2026-02-27:t2:post:6:title_only:A027
RN_COMM_ON_20260917_v2,2026-02-27,2,A027,"[3, 4, 7, 12, 14]",7,title_only,True,False,여우-1683,3% 차익 실현 완료! 과열 경계하며 일단 현금화,profit_share,,,,,candidate_minimal,2026-02-27,2026-02-27,2,2,candidate_seen_pm,False,community:2026-02-27:t2:post:7:title_only:A027
RN_COMM_ON_20260917_v2,2026-02-27,2,A027,"[3, 4, 7, 12, 14]",8,title_only,False,False,독수리-9332,3% 수익 확정! 원칙대로 팔았습니다. (삼성전자),profit_share,,,,,candidate_minimal,2026-02-27,2026-02-27,2,2,candidate_seen_pm,False,community:2026-02-27:t2:post:8:title_only:A027
RN_COMM_ON_20260917_v2,2026-02-27,2,A027,"[3, 4, 7, 12, 14]",9,title_only,False,False,황소-6990,20% 수익 목표 달성! 삼성전기 매도 완료 (500주),trade_share,,,,,candidate_minimal,2026-02-27,2026-02-27,2,2,candidate_seen_pm,False,community:2026-02-27:t2:post:9:title_only:A027
RN_COMM_ON_20260917_v2,2026-02-27,2,A027,"[3, 4, 7, 12, 14]",10,title_only,False,False,펭귄-5408,21 만 6 천 원에서 3% 땡겨낸 수익 확정!,profit_share,,,,,candidate_minimal,2026-02-27,2026-02-27,2,2,candidate_seen_pm,False,community:2026-02-27:t2:post:10:title_only:A027
RN_COMM_ON_20260917_v2,2026-02-27,2,A027,"[3, 4, 7, 12, 14]",11,title_only,False,False,독수리-1692,3% 수익 확정! 원칙 지키며 내 손에 쥐었다.,profit_share,,,,,candidate_minimal,2026-02-27,2026-02-27,2,2,candidate_seen_pm,False,community:2026-02-27:t2:post:11:title_only:A027
RN_COMM_ON_20260917_v2,2026-02-27,2,A027,"[3, 4, 7, 12, 14]",12,title_only,True,False,독수리-6722,급등 후 조정 때 팔아서 다행입니다 (삼성전자),trade_share,,,,,candidate_minimal,2026-02-27,2026-02-27,2,2,candidate_seen_pm,False,community:2026-02-27:t2:post:12:title_only:A027
RN_COMM_ON_20260917_v2,2026-02-27,2,A027,"[3, 4, 7, 12, 14]",13,title_only,False,False,곰-5671,"3% 수익 확정! 내재가치 투자, 단기 변동성엔 흔들리지 않음",profit_share,,,,,candidate_minimal,2026-02-27,2026-02-27,2,2,candidate_seen_pm,False,community:2026-02-27:t2:post:13:title_only:A027
RN_COMM_ON_20260917_v2,2026-02-27,2,A027,"[3, 4, 7, 12, 14]",14,title_only,True,False,늑대-3694,전일 매수 후 오늘 상승! 외국인 이탈에도 개인은 버텨야 할까?,trade_share,,,,,candidate_minimal,2026-02-27,2026-02-27,2,2,candidate_seen_pm,False,community:2026-02-27:t2:post:14:title_only:A027
RN_COMM_ON_20260917_v2,2026-02-27,2,A029,"[3, 4, 7, 12, 14]",1,title_only,False,False,사자-8925,고점 매도 성공! 외국인 이탈과 개인 매수 충돌 속에서의 선택,profit_share,,,,,candidate_minimal,2026-02-27,2026-02-27,2,2,candidate_seen_pm,False,community:2026-02-27:t2:post:1:title_only:A029
RN_COMM_ON_20260917_v2,2026-02-27,2,A029,"[3, 4, 7, 12, 14]",2,title_only,False,False,황소-1620,급등한 삼성전자는 일단 팔았습니다. 수익 확정!,profit_share,,,,,candidate_minimal,2026-02-27,2026-02-27,2,2,candidate_seen_pm,False,community:2026-02-27:t2:post:2:title_only:A029
RN_COMM_ON_20260917_v2,2026-02-27,2,A029,"[3, 4, 7, 12, 14]",3,title_only,True,False,돌고래-2979,"PER 10 배 초반의 매력, 외국인 매도에도 추가 매수",trade_share,,,,,candidate_minimal,2026-02-27,2026-02-27,2,2,candidate_seen_pm,False,community:2026-02-27:t2:post:3:title_only:A029
RN_COMM_ON_20260917_v2,2026-02-27,2,A029,"[3, 4, 7, 12, 14]",4,title_only,True,False,황소-4770,외국인 팔아치우는데 저는 또 사버렸습니다.. (개미의 자조),trade_share,,,,,candidate_minimal,2026-02-27,2026-02-27,2,2,candidate_seen_pm,False,community:2026-02-27:t2:post:4:title_only:A029
RN_COMM_ON_20260917_v2,2026-02-27,2,A029,"[3, 4, 7, 12, 14]",5,title_only,False,False,곰-8551,3% 뚫고 손절 없이 확정! 개미 잔치 속에서 차분히 수익 챙겼습니다.,profit_share,,,,,candidate_minimal,2026-02-27,2026-02-27,2,2,candidate_seen_pm,False,community:2026-02-27:t2:post:5:title_only:A029
RN_COMM_ON_20260917_v2,2026-02-27,2,A029,"[3, 4, 7, 12, 14]",6,title_only,False,False,황소-4980,전일 매수 후 오늘 3% 상승! 원칙이 검증된 하루,trade_share,,,,,candidate_minimal,2026-02-27,2026-02-27,2,2,candidate_seen_pm,False,community:2026-02-27:t2:post:6:title_only:A029
RN_COMM_ON_20260917_v2,2026-02-27,2,A029,"[3, 4, 7, 12, 14]",7,title_only,True,False,여우-1683,3% 차익 실현 완료! 과열 경계하며 일단 현금화,profit_share,,,,,candidate_minimal,2026-02-27,2026-02-27,2,2,candidate_seen_pm,False,community:2026-02-27:t2:post:7:title_only:A029
RN_COMM_ON_20260917_v2,2026-02-27,2,A029,"[3, 4, 7, 12, 14]",8,title_only,False,False,독수리-9332,3% 수익 확정! 원칙대로 팔았습니다. (삼성전자),profit_share,,,,,candidate_minimal,2026-02-27,2026-02-27,2,2,candidate_seen_pm,False,community:2026-02-27:t2:post:8:title_only:A029
RN_COMM_ON_20260917_v2,2026-02-27,2,A029,"[3, 4, 7, 12, 14]",9,title_only,False,False,황소-6990,20% 수익 목표 달성! 삼성전기 매도 완료 (500주),trade_share,,,,,candidate_minimal,2026-02-27,2026-02-27,2,2,candidate_seen_pm,False,community:2026-02-27:t2:post:9:title_only:A029
RN_COMM_ON_20260917_v2,2026-02-27,2,A029,"[3, 4, 7, 12, 14]",10,title_only,False,False,펭귄-5408,21 만 6 천 원에서 3% 땡겨낸 수익 확정!,profit_share,,,,,candidate_minimal,2026-02-27,2026-02-27,2,2,candidate_seen_pm,False,community:2026-02-27:t2:post:10:title_only:A029
RN_COMM_ON_20260917_v2,2026-02-27,2,A029,"[3, 4, 7, 12, 14]",11,title_only,False,False,독수리-1692,3% 수익 확정! 원칙 지키며 내 손에 쥐었다.,profit_share,,,,,candidate_minimal,2026-02-27,2026-02-27,2,2,candidate_seen_pm,False,community:2026-02-27:t2:post:11:title_only:A029
RN_COMM_ON_20260917_v2,2026-02-27,2,A029,"[3, 4, 7, 12, 14]",12,title_only,True,False,독수리-6722,급등 후 조정 때 팔아서 다행입니다 (삼성전자),trade_share,,,,,candidate_minimal,2026-02-27,2026-02-27,2,2,candidate_seen_pm,False,community:2026-02-27:t2:post:12:title_only:A029
RN_COMM_ON_20260917_v2,2026-02-27,2,A029,"[3, 4, 7, 12, 14]",13,title_only,False,False,곰-5671,"3% 수익 확정! 내재가치 투자, 단기 변동성엔 흔들리지 않음",profit_share,,,,,candidate_minimal,2026-02-27,2026-02-27,2,2,candidate_seen_pm,False,community:2026-02-27:t2:post:13:title_only:A029
RN_COMM_ON_20260917_v2,2026-02-27,2,A029,"[3, 4, 7, 12, 14]",14,title_only,True,False,늑대-3694,전일 매수 후 오늘 상승! 외국인 이탈에도 개인은 버텨야 할까?,trade_share,,,,,candidate_minimal,2026-02-27,2026-02-27,2,2,candidate_seen_pm,False,community:2026-02-27:t2:post:14:title_only:A029
RN_COMM_ON_20260917_v2,2026-02-27,2,A031,"[3, 7, 14]",1,title_only,False,False,사자-8925,고점 매도 성공! 외국인 이탈과 개인 매수 충돌 속에서의 선택,profit_share,,,,,candidate_minimal,2026-02-27,2026-02-27,2,2,candidate_seen_pm,False,community:2026-02-27:t2:post:1:title_only:A031
RN_COMM_ON_20260917_v2,2026-02-27,2,A031,"[3, 7, 14]",2,title_only,False,False,황소-1620,급등한 삼성전자는 일단 팔았습니다. 수익 확정!,profit_share,,,,,candidate_minimal,2026-02-27,2026-02-27,2,2,candidate_seen_pm,False,community:2026-02-27:t2:post:2:title_only:A031
RN_COMM_ON_20260917_v2,2026-02-27,2,A031,"[3, 7, 14]",3,title_only,True,False,돌고래-2979,"PER 10 배 초반의 매력, 외국인 매도에도 추가 매수",trade_share,,,,,candidate_minimal,2026-02-27,2026-02-27,2,2,candidate_seen_pm,False,community:2026-02-27:t2:post:3:title_only:A031
RN_COMM_ON_20260917_v2,2026-02-27,2,A031,"[3, 7, 14]",4,title_only,False,False,황소-4770,외국인 팔아치우는데 저는 또 사버렸습니다.. (개미의 자조),trade_share,,,,,candidate_minimal,2026-02-27,2026-02-27,2,2,candidate_seen_pm,False,community:2026-02-27:t2:post:4:title_only:A031
RN_COMM_ON_20260917_v2,2026-02-27,2,A031,"[3, 7, 14]",5,title_only,False,False,곰-8551,3% 뚫고 손절 없이 확정! 개미 잔치 속에서 차분히 수익 챙겼습니다.,profit_share,,,,,candidate_minimal,2026-02-27,2026-02-27,2,2,candidate_seen_pm,False,community:2026-02-27:t2:post:5:title_only:A031
RN_COMM_ON_20260917_v2,2026-02-27,2,A031,"[3, 7, 14]",6,title_only,False,False,황소-4980,전일 매수 후 오늘 3% 상승! 원칙이 검증된 하루,trade_share,,,,,candidate_minimal,2026-02-27,2026-02-27,2,2,candidate_seen_pm,False,community:2026-02-27:t2:post:6:title_only:A031
RN_COMM_ON_20260917_v2,2026-02-27,2,A031,"[3, 7, 14]",7,title_only,True,False,여우-1683,3% 차익 실현 완료! 과열 경계하며 일단 현금화,profit_share,,,,,candidate_minimal,2026-02-27,2026-02-27,2,2,candidate_seen_pm,False,community:2026-02-27:t2:post:7:title_only:A031
RN_COMM_ON_20260917_v2,2026-02-27,2,A031,"[3, 7, 14]",8,title_only,False,False,독수리-9332,3% 수익 확정! 원칙대로 팔았습니다. (삼성전자),profit_share,,,,,candidate_minimal,2026-02-27,2026-02-27,2,2,candidate_seen_pm,False,community:2026-02-27:t2:post:8:title_only:A031
RN_COMM_ON_20260917_v2,2026-02-27,2,A031,"[3, 7, 14]",9,title_only,False,False,황소-6990,20% 수익 목표 달성! 삼성전기 매도 완료 (500주),trade_share,,,,,candidate_minimal,2026-02-27,2026-02-27,2,2,candidate_seen_pm,False,community:2026-02-27:t2:post:9:title_only:A031
RN_COMM_ON_20260917_v2,2026-02-27,2,A031,"[3, 7, 14]",10,title_only,False,False,펭귄-5408,21 만 6 천 원에서 3% 땡겨낸 수익 확정!,profit_share,,,,,candidate_minimal,2026-02-27,2026-02-27,2,2,candidate_seen_pm,False,community:2026-02-27:t2:post:10:title_only:A031
RN_COMM_ON_20260917_v2,2026-02-27,2,A031,"[3, 7, 14]",11,title_only,False,False,독수리-1692,3% 수익 확정! 원칙 지키며 내 손에 쥐었다.,profit_share,,,,,candidate_minimal,2026-02-27,2026-02-27,2,2,candidate_seen_pm,False,community:2026-02-27:t2:post:11:title_only:A031
RN_COMM_ON_20260917_v2,2026-02-27,2,A031,"[3, 7, 14]",12,title_only,False,False,독수리-6722,급등 후 조정 때 팔아서 다행입니다 (삼성전자),trade_share,,,,,candidate_minimal,2026-02-27,2026-02-27,2,2,candidate_seen_pm,False,community:2026-02-27:t2:post:12:title_only:A031
RN_COMM_ON_20260917_v2,2026-02-27,2,A031,"[3, 7, 14]",13,title_only,False,False,곰-5671,"3% 수익 확정! 내재가치 투자, 단기 변동성엔 흔들리지 않음",profit_share,,,,,candidate_minimal,2026-02-27,2026-02-27,2,2,candidate_seen_pm,False,community:2026-02-27:t2:post:13:title_only:A031
RN_COMM_ON_20260917_v2,2026-02-27,2,A031,"[3, 7, 14]",14,title_only,True,False,늑대-3694,전일 매수 후 오늘 상승! 외국인 이탈에도 개인은 버텨야 할까?,trade_share,,,,,candidate_minimal,2026-02-27,2026-02-27,2,2,candidate_seen_pm,False,community:2026-02-27:t2:post:14:title_only:A031
RN_COMM_ON_20260917_v2,2026-02-27,2,A028,"[3, 4, 7, 12, 14]",1,title_only,False,False,사자-8925,고점 매도 성공! 외국인 이탈과 개인 매수 충돌 속에서의 선택,profit_share,,,,,candidate_minimal,2026-02-27,2026-02-27,2,2,candidate_seen_pm,False,community:2026-02-27:t2:post:1:title_only:A028
RN_COMM_ON_20260917_v2,2026-02-27,2,A028,"[3, 4, 7, 12, 14]",2,title_only,False,False,황소-1620,급등한 삼성전자는 일단 팔았습니다. 수익 확정!,profit_share,,,,,candidate_minimal,2026-02-27,2026-02-27,2,2,candidate_seen_pm,False,community:2026-02-27:t2:post:2:title_only:A028
RN_COMM_ON_20260917_v2,2026-02-27,2,A028,"[3, 4, 7, 12, 14]",3,title_only,True,False,돌고래-2979,"PER 10 배 초반의 매력, 외국인 매도에도 추가 매수",trade_share,,,,,candidate_minimal,2026-02-27,2026-02-27,2,2,candidate_seen_pm,False,community:2026-02-27:t2:post:3:title_only:A028
RN_COMM_ON_20260917_v2,2026-02-27,2,A028,"[3, 4, 7, 12, 14]",4,title_only,True,False,황소-4770,외국인 팔아치우는데 저는 또 사버렸습니다.. (개미의 자조),trade_share,,,,,candidate_minimal,2026-02-27,2026-02-27,2,2,candidate_seen_pm,False,community:2026-02-27:t2:post:4:title_only:A028
RN_COMM_ON_20260917_v2,2026-02-27,2,A028,"[3, 4, 7, 12, 14]",5,title_only,False,False,곰-8551,3% 뚫고 손절 없이 확정! 개미 잔치 속에서 차분히 수익 챙겼습니다.,profit_share,,,,,candidate_minimal,2026-02-27,2026-02-27,2,2,candidate_seen_pm,False,community:2026-02-27:t2:post:5:title_only:A028
RN_COMM_ON_20260917_v2,2026-02-27,2,A028,"[3, 4, 7, 12, 14]",6,title_only,False,False,황소-4980,전일 매수 후 오늘 3% 상승! 원칙이 검증된 하루,trade_share,,,,,candidate_minimal,2026-02-27,2026-02-27,2,2,candidate_seen_pm,False,community:2026-02-27:t2:post:6:title_only:A028
RN_COMM_ON_20260917_v2,2026-02-27,2,A028,"[3, 4, 7, 12, 14]",7,title_only,True,False,여우-1683,3% 차익 실현 완료! 과열 경계하며 일단 현금화,profit_share,,,,,candidate_minimal,2026-02-27,2026-02-27,2,2,candidate_seen_pm,False,community:2026-02-27:t2:post:7:title_only:A028
RN_COMM_ON_20260917_v2,2026-02-27,2,A028,"[3, 4, 7, 12, 14]",8,title_only,False,False,독수리-9332,3% 수익 확정! 원칙대로 팔았습니다. (삼성전자),profit_share,,,,,candidate_minimal,2026-02-27,2026-02-27,2,2,candidate_seen_pm,False,community:2026-02-27:t2:post:8:title_only:A028
RN_COMM_ON_20260917_v2,2026-02-27,2,A028,"[3, 4, 7, 12, 14]",9,title_only,False,False,황소-6990,20% 수익 목표 달성! 삼성전기 매도 완료 (500주),trade_share,,,,,candidate_minimal,2026-02-27,2026-02-27,2,2,candidate_seen_pm,False,community:2026-02-27:t2:post:9:title_only:A028
RN_COMM_ON_20260917_v2,2026-02-27,2,A028,"[3, 4, 7, 12, 14]",10,title_only,False,False,펭귄-5408,21 만 6 천 원에서 3% 땡겨낸 수익 확정!,profit_share,,,,,candidate_minimal,2026-02-27,2026-02-27,2,2,candidate_seen_pm,False,community:2026-02-27:t2:post:10:title_only:A028
RN_COMM_ON_20260917_v2,2026-02-27,2,A028,"[3, 4, 7, 12, 14]",11,title_only,False,False,독수리-1692,3% 수익 확정! 원칙 지키며 내 손에 쥐었다.,profit_share,,,,,candidate_minimal,2026-02-27,2026-02-27,2,2,candidate_seen_pm,False,community:2026-02-27:t2:post:11:title_only:A028
RN_COMM_ON_20260917_v2,2026-02-27,2,A028,"[3, 4, 7, 12, 14]",12,title_only,True,False,독수리-6722,급등 후 조정 때 팔아서 다행입니다 (삼성전자),trade_share,,,,,candidate_minimal,2026-02-27,2026-02-27,2,2,candidate_seen_pm,False,community:2026-02-27:t2:post:12:title_only:A028
RN_COMM_ON_20260917_v2,2026-02-27,2,A028,"[3, 4, 7, 12, 14]",13,title_only,False,False,곰-5671,"3% 수익 확정! 내재가치 투자, 단기 변동성엔 흔들리지 않음",profit_share,,,,,candidate_minimal,2026-02-27,2026-02-27,2,2,candidate_seen_pm,False,community:2026-02-27:t2:post:13:title_only:A028
RN_COMM_ON_20260917_v2,2026-02-27,2,A028,"[3, 4, 7, 12, 14]",14,title_only,True,False,늑대-3694,전일 매수 후 오늘 상승! 외국인 이탈에도 개인은 버텨야 할까?,trade_share,,,,,candidate_minimal,2026-02-27,2026-02-27,2,2,candidate_seen_pm,False,community:2026-02-27:t2:post:14:title_only:A028
RN_COMM_ON_20260917_v2,2026-02-27,2,A035,"[3, 4, 7, 12, 14]",1,title_only,False,False,사자-8925,고점 매도 성공! 외국인 이탈과 개인 매수 충돌 속에서의 선택,profit_share,,,,,candidate_minimal,2026-02-27,2026-02-27,2,2,candidate_seen_pm,False,community:2026-02-27:t2:post:1:title_only:A035
RN_COMM_ON_20260917_v2,2026-02-27,2,A035,"[3, 4, 7, 12, 14]",2,title_only,False,False,황소-1620,급등한 삼성전자는 일단 팔았습니다. 수익 확정!,profit_share,,,,,candidate_minimal,2026-02-27,2026-02-27,2,2,candidate_seen_pm,False,community:2026-02-27:t2:post:2:title_only:A035
RN_COMM_ON_20260917_v2,2026-02-27,2,A035,"[3, 4, 7, 12, 14]",3,title_only,True,False,돌고래-2979,"PER 10 배 초반의 매력, 외국인 매도에도 추가 매수",trade_share,,,,,candidate_minimal,2026-02-27,2026-02-27,2,2,candidate_seen_pm,False,community:2026-02-27:t2:post:3:title_only:A035
RN_COMM_ON_20260917_v2,2026-02-27,2,A035,"[3, 4, 7, 12, 14]",4,title_only,True,False,황소-4770,외국인 팔아치우는데 저는 또 사버렸습니다.. (개미의 자조),trade_share,,,,,candidate_minimal,2026-02-27,2026-02-27,2,2,candidate_seen_pm,False,community:2026-02-27:t2:post:4:title_only:A035
RN_COMM_ON_20260917_v2,2026-02-27,2,A035,"[3, 4, 7, 12, 14]",5,title_only,False,False,곰-8551,3% 뚫고 손절 없이 확정! 개미 잔치 속에서 차분히 수익 챙겼습니다.,profit_share,,,,,candidate_minimal,2026-02-27,2026-02-27,2,2,candidate_seen_pm,False,community:2026-02-27:t2:post:5:title_only:A035
RN_COMM_ON_20260917_v2,2026-02-27,2,A035,"[3, 4, 7, 12, 14]",6,title_only,False,False,황소-4980,전일 매수 후 오늘 3% 상승! 원칙이 검증된 하루,trade_share,,,,,candidate_minimal,2026-02-27,2026-02-27,2,2,candidate_seen_pm,False,community:2026-02-27:t2:post:6:title_only:A035
RN_COMM_ON_20260917_v2,2026-02-27,2,A035,"[3, 4, 7, 12, 14]",7,title_only,True,False,여우-1683,3% 차익 실현 완료! 과열 경계하며 일단 현금화,profit_share,,,,,candidate_minimal,2026-02-27,2026-02-27,2,2,candidate_seen_pm,False,community:2026-02-27:t2:post:7:title_only:A035
RN_COMM_ON_20260917_v2,2026-02-27,2,A035,"[3, 4, 7, 12, 14]",8,title_only,False,False,독수리-9332,3% 수익 확정! 원칙대로 팔았습니다. (삼성전자),profit_share,,,,,candidate_minimal,2026-02-27,2026-02-27,2,2,candidate_seen_pm,False,community:2026-02-27:t2:post:8:title_only:A035
RN_COMM_ON_20260917_v2,2026-02-27,2,A035,"[3, 4, 7, 12, 14]",9,title_only,False,False,황소-6990,20% 수익 목표 달성! 삼성전기 매도 완료 (500주),trade_share,,,,,candidate_minimal,2026-02-27,2026-02-27,2,2,candidate_seen_pm,False,community:2026-02-27:t2:post:9:title_only:A035
RN_COMM_ON_20260917_v2,2026-02-27,2,A035,"[3, 4, 7, 12, 14]",10,title_only,False,False,펭귄-5408,21 만 6 천 원에서 3% 땡겨낸 수익 확정!,profit_share,,,,,candidate_minimal,2026-02-27,2026-02-27,2,2,candidate_seen_pm,False,community:2026-02-27:t2:post:10:title_only:A035
RN_COMM_ON_20260917_v2,2026-02-27,2,A035,"[3, 4, 7, 12, 14]",11,title_only,False,False,독수리-1692,3% 수익 확정! 원칙 지키며 내 손에 쥐었다.,profit_share,,,,,candidate_minimal,2026-02-27,2026-02-27,2,2,candidate_seen_pm,False,community:2026-02-27:t2:post:11:title_only:A035
RN_COMM_ON_20260917_v2,2026-02-27,2,A035,"[3, 4, 7, 12, 14]",12,title_only,True,False,독수리-6722,급등 후 조정 때 팔아서 다행입니다 (삼성전자),trade_share,,,,,candidate_minimal,2026-02-27,2026-02-27,2,2,candidate_seen_pm,False,community:2026-02-27:t2:post:12:title_only:A035
RN_COMM_ON_20260917_v2,2026-02-27,2,A035,"[3, 4, 7, 12, 14]",13,title_only,False,False,곰-5671,"3% 수익 확정! 내재가치 투자, 단기 변동성엔 흔들리지 않음",profit_share,,,,,candidate_minimal,2026-02-27,2026-02-27,2,2,candidate_seen_pm,False,community:2026-02-27:t2:post:13:title_only:A035
RN_COMM_ON_20260917_v2,2026-02-27,2,A035,"[3, 4, 7, 12, 14]",14,title_only,True,False,늑대-3694,전일 매수 후 오늘 상승! 외국인 이탈에도 개인은 버텨야 할까?,trade_share,,,,,candidate_minimal,2026-02-27,2026-02-27,2,2,candidate_seen_pm,False,community:2026-02-27:t2:post:14:title_only:A035
RN_COMM_ON_20260917_v2,2026-02-27,2,A034,"[4, 12, 13, 14]",1,title_only,False,False,사자-8925,고점 매도 성공! 외국인 이탈과 개인 매수 충돌 속에서의 선택,profit_share,,,,,candidate_minimal,2026-02-27,2026-02-27,2,2,candidate_seen_pm,False,community:2026-02-27:t2:post:1:title_only:A034
RN_COMM_ON_20260917_v2,2026-02-27,2,A034,"[4, 12, 13, 14]",2,title_only,False,False,황소-1620,급등한 삼성전자는 일단 팔았습니다. 수익 확정!,profit_share,,,,,candidate_minimal,2026-02-27,2026-02-27,2,2,candidate_seen_pm,False,community:2026-02-27:t2:post:2:title_only:A034
RN_COMM_ON_20260917_v2,2026-02-27,2,A034,"[4, 12, 13, 14]",4,title_only,True,False,황소-4770,외국인 팔아치우는데 저는 또 사버렸습니다.. (개미의 자조),trade_share,,,,,candidate_minimal,2026-02-27,2026-02-27,2,2,candidate_seen_pm,False,community:2026-02-27:t2:post:4:title_only:A034
RN_COMM_ON_20260917_v2,2026-02-27,2,A034,"[4, 12, 13, 14]",5,title_only,False,False,곰-8551,3% 뚫고 손절 없이 확정! 개미 잔치 속에서 차분히 수익 챙겼습니다.,profit_share,,,,,candidate_minimal,2026-02-27,2026-02-27,2,2,candidate_seen_pm,False,community:2026-02-27:t2:post:5:title_only:A034
RN_COMM_ON_20260917_v2,2026-02-27,2,A034,"[4, 12, 13, 14]",6,title_only,False,False,황소-4980,전일 매수 후 오늘 3% 상승! 원칙이 검증된 하루,trade_share,,,,,candidate_minimal,2026-02-27,2026-02-27,2,2,candidate_seen_pm,False,community:2026-02-27:t2:post:6:title_only:A034
RN_COMM_ON_20260917_v2,2026-02-27,2,A034,"[4, 12, 13, 14]",7,title_only,False,False,여우-1683,3% 차익 실현 완료! 과열 경계하며 일단 현금화,profit_share,,,,,candidate_minimal,2026-02-27,2026-02-27,2,2,candidate_seen_pm,False,community:2026-02-27:t2:post:7:title_only:A034
RN_COMM_ON_20260917_v2,2026-02-27,2,A034,"[4, 12, 13, 14]",8,title_only,False,False,독수리-9332,3% 수익 확정! 원칙대로 팔았습니다. (삼성전자),profit_share,,,,,candidate_minimal,2026-02-27,2026-02-27,2,2,candidate_seen_pm,False,community:2026-02-27:t2:post:8:title_only:A034
RN_COMM_ON_20260917_v2,2026-02-27,2,A034,"[4, 12, 13, 14]",9,title_only,False,False,황소-6990,20% 수익 목표 달성! 삼성전기 매도 완료 (500주),trade_share,,,,,candidate_minimal,2026-02-27,2026-02-27,2,2,candidate_seen_pm,False,community:2026-02-27:t2:post:9:title_only:A034
RN_COMM_ON_20260917_v2,2026-02-27,2,A034,"[4, 12, 13, 14]",10,title_only,False,False,펭귄-5408,21 만 6 천 원에서 3% 땡겨낸 수익 확정!,profit_share,,,,,candidate_minimal,2026-02-27,2026-02-27,2,2,candidate_seen_pm,False,community:2026-02-27:t2:post:10:title_only:A034
RN_COMM_ON_20260917_v2,2026-02-27,2,A034,"[4, 12, 13, 14]",11,title_only,False,False,독수리-1692,3% 수익 확정! 원칙 지키며 내 손에 쥐었다.,profit_share,,,,,candidate_minimal,2026-02-27,2026-02-27,2,2,candidate_seen_pm,False,community:2026-02-27:t2:post:11:title_only:A034
RN_COMM_ON_20260917_v2,2026-02-27,2,A034,"[4, 12, 13, 14]",12,title_only,True,False,독수리-6722,급등 후 조정 때 팔아서 다행입니다 (삼성전자),trade_share,,,,,candidate_minimal,2026-02-27,2026-02-27,2,2,candidate_seen_pm,False,community:2026-02-27:t2:post:12:title_only:A034
RN_COMM_ON_20260917_v2,2026-02-27,2,A034,"[4, 12, 13, 14]",13,title_only,True,False,곰-5671,"3% 수익 확정! 내재가치 투자, 단기 변동성엔 흔들리지 않음",profit_share,,,,,candidate_minimal,2026-02-27,2026-02-27,2,2,candidate_seen_pm,False,community:2026-02-27:t2:post:13:title_only:A034
RN_COMM_ON_20260917_v2,2026-02-27,2,A034,"[4, 12, 13, 14]",14,title_only,True,False,늑대-3694,전일 매수 후 오늘 상승! 외국인 이탈에도 개인은 버텨야 할까?,trade_share,,,,,candidate_minimal,2026-02-27,2026-02-27,2,2,candidate_seen_pm,False,community:2026-02-27:t2:post:14:title_only:A034
RN_COMM_ON_20260917_v2,2026-02-27,2,A036,"[3, 4, 7, 9, 12]",1,title_only,False,False,사자-8925,고점 매도 성공! 외국인 이탈과 개인 매수 충돌 속에서의 선택,profit_share,,,,,candidate_minimal,2026-02-27,2026-02-27,2,2,candidate_seen_pm,False,community:2026-02-27:t2:post:1:title_only:A036
RN_COMM_ON_20260917_v2,2026-02-27,2,A036,"[3, 4, 7, 9, 12]",2,title_only,False,False,황소-1620,급등한 삼성전자는 일단 팔았습니다. 수익 확정!,profit_share,,,,,candidate_minimal,2026-02-27,2026-02-27,2,2,candidate_seen_pm,False,community:2026-02-27:t2:post:2:title_only:A036
RN_COMM_ON_20260917_v2,2026-02-27,2,A036,"[3, 4, 7, 9, 12]",3,title_only,True,False,돌고래-2979,"PER 10 배 초반의 매력, 외국인 매도에도 추가 매수",trade_share,,,,,candidate_minimal,2026-02-27,2026-02-27,2,2,candidate_seen_pm,False,community:2026-02-27:t2:post:3:title_only:A036
RN_COMM_ON_20260917_v2,2026-02-27,2,A036,"[3, 4, 7, 9, 12]",4,title_only,True,False,황소-4770,외국인 팔아치우는데 저는 또 사버렸습니다.. (개미의 자조),trade_share,,,,,candidate_minimal,2026-02-27,2026-02-27,2,2,candidate_seen_pm,False,community:2026-02-27:t2:post:4:title_only:A036
RN_COMM_ON_20260917_v2,2026-02-27,2,A036,"[3, 4, 7, 9, 12]",5,title_only,False,False,곰-8551,3% 뚫고 손절 없이 확정! 개미 잔치 속에서 차분히 수익 챙겼습니다.,profit_share,,,,,candidate_minimal,2026-02-27,2026-02-27,2,2,candidate_seen_pm,False,community:2026-02-27:t2:post:5:title_only:A036
RN_COMM_ON_20260917_v2,2026-02-27,2,A036,"[3, 4, 7, 9, 12]",6,title_only,False,False,황소-4980,전일 매수 후 오늘 3% 상승! 원칙이 검증된 하루,trade_share,,,,,candidate_minimal,2026-02-27,2026-02-27,2,2,candidate_seen_pm,False,community:2026-02-27:t2:post:6:title_only:A036
RN_COMM_ON_20260917_v2,2026-02-27,2,A036,"[3, 4, 7, 9, 12]",7,title_only,True,False,여우-1683,3% 차익 실현 완료! 과열 경계하며 일단 현금화,profit_share,,,,,candidate_minimal,2026-02-27,2026-02-27,2,2,candidate_seen_pm,False,community:2026-02-27:t2:post:7:title_only:A036
RN_COMM_ON_20260917_v2,2026-02-27,2,A036,"[3, 4, 7, 9, 12]",8,title_only,False,False,독수리-9332,3% 수익 확정! 원칙대로 팔았습니다. (삼성전자),profit_share,,,,,candidate_minimal,2026-02-27,2026-02-27,2,2,candidate_seen_pm,False,community:2026-02-27:t2:post:8:title_only:A036
RN_COMM_ON_20260917_v2,2026-02-27,2,A036,"[3, 4, 7, 9, 12]",9,title_only,True,False,황소-6990,20% 수익 목표 달성! 삼성전기 매도 완료 (500주),trade_share,,,,,candidate_minimal,2026-02-27,2026-02-27,2,2,candidate_seen_pm,False,community:2026-02-27:t2:post:9:title_only:A036
RN_COMM_ON_20260917_v2,2026-02-27,2,A036,"[3, 4, 7, 9, 12]",10,title_only,False,False,펭귄-5408,21 만 6 천 원에서 3% 땡겨낸 수익 확정!,profit_share,,,,,candidate_minimal,2026-02-27,2026-02-27,2,2,candidate_seen_pm,False,community:2026-02-27:t2:post:10:title_only:A036
RN_COMM_ON_20260917_v2,2026-02-27,2,A036,"[3, 4, 7, 9, 12]",11,title_only,False,False,독수리-1692,3% 수익 확정! 원칙 지키며 내 손에 쥐었다.,profit_share,,,,,candidate_minimal,2026-02-27,2026-02-27,2,2,candidate_seen_pm,False,community:2026-02-27:t2:post:11:title_only:A036
RN_COMM_ON_20260917_v2,2026-02-27,2,A036,"[3, 4, 7, 9, 12]",12,title_only,True,False,독수리-6722,급등 후 조정 때 팔아서 다행입니다 (삼성전자),trade_share,,,,,candidate_minimal,2026-02-27,2026-02-27,2,2,candidate_seen_pm,False,community:2026-02-27:t2:post:12:title_only:A036
RN_COMM_ON_20260917_v2,2026-02-27,2,A036,"[3, 4, 7, 9, 12]",13,title_only,False,False,곰-5671,"3% 수익 확정! 내재가치 투자, 단기 변동성엔 흔들리지 않음",profit_share,,,,,candidate_minimal,2026-02-27,2026-02-27,2,2,candidate_seen_pm,False,community:2026-02-27:t2:post:13:title_only:A036
RN_COMM_ON_20260917_v2,2026-02-27,2,A036,"[3, 4, 7, 9, 12]",14,title_only,False,False,늑대-3694,전일 매수 후 오늘 상승! 외국인 이탈에도 개인은 버텨야 할까?,trade_share,,,,,candidate_minimal,2026-02-27,2026-02-27,2,2,candidate_seen_pm,False,community:2026-02-27:t2:post:14:title_only:A036
RN_COMM_ON_20260917_v2,2026-02-27,2,A037,"[3, 4, 9, 12, 14]",1,title_only,False,False,사자-8925,고점 매도 성공! 외국인 이탈과 개인 매수 충돌 속에서의 선택,profit_share,,,,,candidate_minimal,2026-02-27,2026-02-27,2,2,candidate_seen_pm,False,community:2026-02-27:t2:post:1:title_only:A037
RN_COMM_ON_20260917_v2,2026-02-27,2,A037,"[3, 4, 9, 12, 14]",2,title_only,False,False,황소-1620,급등한 삼성전자는 일단 팔았습니다. 수익 확정!,profit_share,,,,,candidate_minimal,2026-02-27,2026-02-27,2,2,candidate_seen_pm,False,community:2026-02-27:t2:post:2:title_only:A037
RN_COMM_ON_20260917_v2,2026-02-27,2,A037,"[3, 4, 9, 12, 14]",3,title_only,True,False,돌고래-2979,"PER 10 배 초반의 매력, 외국인 매도에도 추가 매수",trade_share,,,,,candidate_minimal,2026-02-27,2026-02-27,2,2,candidate_seen_pm,False,community:2026-02-27:t2:post:3:title_only:A037
RN_COMM_ON_20260917_v2,2026-02-27,2,A037,"[3, 4, 9, 12, 14]",4,title_only,True,False,황소-4770,외국인 팔아치우는데 저는 또 사버렸습니다.. (개미의 자조),trade_share,,,,,candidate_minimal,2026-02-27,2026-02-27,2,2,candidate_seen_pm,False,community:2026-02-27:t2:post:4:title_only:A037
RN_COMM_ON_20260917_v2,2026-02-27,2,A037,"[3, 4, 9, 12, 14]",5,title_only,False,False,곰-8551,3% 뚫고 손절 없이 확정! 개미 잔치 속에서 차분히 수익 챙겼습니다.,profit_share,,,,,candidate_minimal,2026-02-27,2026-02-27,2,2,candidate_seen_pm,False,community:2026-02-27:t2:post:5:title_only:A037
RN_COMM_ON_20260917_v2,2026-02-27,2,A037,"[3, 4, 9, 12, 14]",6,title_only,False,False,황소-4980,전일 매수 후 오늘 3% 상승! 원칙이 검증된 하루,trade_share,,,,,candidate_minimal,2026-02-27,2026-02-27,2,2,candidate_seen_pm,False,community:2026-02-27:t2:post:6:title_only:A037
RN_COMM_ON_20260917_v2,2026-02-27,2,A037,"[3, 4, 9, 12, 14]",7,title_only,False,False,여우-1683,3% 차익 실현 완료! 과열 경계하며 일단 현금화,profit_share,,,,,candidate_minimal,2026-02-27,2026-02-27,2,2,candidate_seen_pm,False,community:2026-02-27:t2:post:7:title_only:A037
RN_COMM_ON_20260917_v2,2026-02-27,2,A037,"[3, 4, 9, 12, 14]",8,title_only,False,False,독수리-9332,3% 수익 확정! 원칙대로 팔았습니다. (삼성전자),profit_share,,,,,candidate_minimal,2026-02-27,2026-02-27,2,2,candidate_seen_pm,False,community:2026-02-27:t2:post:8:title_only:A037
RN_COMM_ON_20260917_v2,2026-02-27,2,A037,"[3, 4, 9, 12, 14]",9,title_only,True,False,황소-6990,20% 수익 목표 달성! 삼성전기 매도 완료 (500주),trade_share,,,,,candidate_minimal,2026-02-27,2026-02-27,2,2,candidate_seen_pm,False,community:2026-02-27:t2:post:9:title_only:A037
RN_COMM_ON_20260917_v2,2026-02-27,2,A037,"[3, 4, 9, 12, 14]",10,title_only,False,False,펭귄-5408,21 만 6 천 원에서 3% 땡겨낸 수익 확정!,profit_share,,,,,candidate_minimal,2026-02-27,2026-02-27,2,2,candidate_seen_pm,False,community:2026-02-27:t2:post:10:title_only:A037
RN_COMM_ON_20260917_v2,2026-02-27,2,A037,"[3, 4, 9, 12, 14]",11,title_only,False,False,독수리-1692,3% 수익 확정! 원칙 지키며 내 손에 쥐었다.,profit_share,,,,,candidate_minimal,2026-02-27,2026-02-27,2,2,candidate_seen_pm,False,community:2026-02-27:t2:post:11:title_only:A037
RN_COMM_ON_20260917_v2,2026-02-27,2,A037,"[3, 4, 9, 12, 14]",12,title_only,True,False,독수리-6722,급등 후 조정 때 팔아서 다행입니다 (삼성전자),trade_share,,,,,candidate_minimal,2026-02-27,2026-02-27,2,2,candidate_seen_pm,False,community:2026-02-27:t2:post:12:title_only:A037
RN_COMM_ON_20260917_v2,2026-02-27,2,A037,"[3, 4, 9, 12, 14]",13,title_only,False,False,곰-5671,"3% 수익 확정! 내재가치 투자, 단기 변동성엔 흔들리지 않음",profit_share,,,,,candidate_minimal,2026-02-27,2026-02-27,2,2,candidate_seen_pm,False,community:2026-02-27:t2:post:13:title_only:A037
RN_COMM_ON_20260917_v2,2026-02-27,2,A037,"[3, 4, 9, 12, 14]",14,title_only,True,False,늑대-3694,전일 매수 후 오늘 상승! 외국인 이탈에도 개인은 버텨야 할까?,trade_share,,,,,candidate_minimal,2026-02-27,2026-02-27,2,2,candidate_seen_pm,False,community:2026-02-27:t2:post:14:title_only:A037
RN_COMM_ON_20260917_v2,2026-02-27,2,A040,"[3, 4, 7, 9, 12]",1,title_only,False,False,사자-8925,고점 매도 성공! 외국인 이탈과 개인 매수 충돌 속에서의 선택,profit_share,,,,,candidate_minimal,2026-02-27,2026-02-27,2,2,candidate_seen_pm,False,community:2026-02-27:t2:post:1:title_only:A040
RN_COMM_ON_20260917_v2,2026-02-27,2,A040,"[3, 4, 7, 9, 12]",2,title_only,False,False,황소-1620,급등한 삼성전자는 일단 팔았습니다. 수익 확정!,profit_share,,,,,candidate_minimal,2026-02-27,2026-02-27,2,2,candidate_seen_pm,False,community:2026-02-27:t2:post:2:title_only:A040
RN_COMM_ON_20260917_v2,2026-02-27,2,A040,"[3, 4, 7, 9, 12]",3,title_only,True,False,돌고래-2979,"PER 10 배 초반의 매력, 외국인 매도에도 추가 매수",trade_share,,,,,candidate_minimal,2026-02-27,2026-02-27,2,2,candidate_seen_pm,False,community:2026-02-27:t2:post:3:title_only:A040
RN_COMM_ON_20260917_v2,2026-02-27,2,A040,"[3, 4, 7, 9, 12]",4,title_only,True,False,황소-4770,외국인 팔아치우는데 저는 또 사버렸습니다.. (개미의 자조),trade_share,,,,,candidate_minimal,2026-02-27,2026-02-27,2,2,candidate_seen_pm,False,community:2026-02-27:t2:post:4:title_only:A040
RN_COMM_ON_20260917_v2,2026-02-27,2,A040,"[3, 4, 7, 9, 12]",5,title_only,False,False,곰-8551,3% 뚫고 손절 없이 확정! 개미 잔치 속에서 차분히 수익 챙겼습니다.,profit_share,,,,,candidate_minimal,2026-02-27,2026-02-27,2,2,candidate_seen_pm,False,community:2026-02-27:t2:post:5:title_only:A040
RN_COMM_ON_20260917_v2,2026-02-27,2,A040,"[3, 4, 7, 9, 12]",6,title_only,False,False,황소-4980,전일 매수 후 오늘 3% 상승! 원칙이 검증된 하루,trade_share,,,,,candidate_minimal,2026-02-27,2026-02-27,2,2,candidate_seen_pm,False,community:2026-02-27:t2:post:6:title_only:A040
RN_COMM_ON_20260917_v2,2026-02-27,2,A040,"[3, 4, 7, 9, 12]",7,title_only,True,False,여우-1683,3% 차익 실현 완료! 과열 경계하며 일단 현금화,profit_share,,,,,candidate_minimal,2026-02-27,2026-02-27,2,2,candidate_seen_pm,False,community:2026-02-27:t2:post:7:title_only:A040
RN_COMM_ON_20260917_v2,2026-02-27,2,A040,"[3, 4, 7, 9, 12]",8,title_only,False,False,독수리-9332,3% 수익 확정! 원칙대로 팔았습니다. (삼성전자),profit_share,,,,,candidate_minimal,2026-02-27,2026-02-27,2,2,candidate_seen_pm,False,community:2026-02-27:t2:post:8:title_only:A040
RN_COMM_ON_20260917_v2,2026-02-27,2,A040,"[3, 4, 7, 9, 12]",9,title_only,True,False,황소-6990,20% 수익 목표 달성! 삼성전기 매도 완료 (500주),trade_share,,,,,candidate_minimal,2026-02-27,2026-02-27,2,2,candidate_seen_pm,False,community:2026-02-27:t2:post:9:title_only:A040
RN_COMM_ON_20260917_v2,2026-02-27,2,A040,"[3, 4, 7, 9, 12]",10,title_only,False,False,펭귄-5408,21 만 6 천 원에서 3% 땡겨낸 수익 확정!,profit_share,,,,,candidate_minimal,2026-02-27,2026-02-27,2,2,candidate_seen_pm,False,community:2026-02-27:t2:post:10:title_only:A040
RN_COMM_ON_20260917_v2,2026-02-27,2,A040,"[3, 4, 7, 9, 12]",11,title_only,False,False,독수리-1692,3% 수익 확정! 원칙 지키며 내 손에 쥐었다.,profit_share,,,,,candidate_minimal,2026-02-27,2026-02-27,2,2,candidate_seen_pm,False,community:2026-02-27:t2:post:11:title_only:A040
RN_COMM_ON_20260917_v2,2026-02-27,2,A040,"[3, 4, 7, 9, 12]",12,title_only,True,False,독수리-6722,급등 후 조정 때 팔아서 다행입니다 (삼성전자),trade_share,,,,,candidate_minimal,2026-02-27,2026-02-27,2,2,candidate_seen_pm,False,community:2026-02-27:t2:post:12:title_only:A040
RN_COMM_ON_20260917_v2,2026-02-27,2,A040,"[3, 4, 7, 9, 12]",13,title_only,False,False,곰-5671,"3% 수익 확정! 내재가치 투자, 단기 변동성엔 흔들리지 않음",profit_share,,,,,candidate_minimal,2026-02-27,2026-02-27,2,2,candidate_seen_pm,False,community:2026-02-27:t2:post:13:title_only:A040
RN_COMM_ON_20260917_v2,2026-02-27,2,A040,"[3, 4, 7, 9, 12]",14,title_only,False,False,늑대-3694,전일 매수 후 오늘 상승! 외국인 이탈에도 개인은 버텨야 할까?,trade_share,,,,,candidate_minimal,2026-02-27,2026-02-27,2,2,candidate_seen_pm,False,community:2026-02-27:t2:post:14:title_only:A040
RN_COMM_ON_20260917_v2,2026-02-27,2,A042,"[3, 4, 7, 9, 12]",1,title_only,False,False,사자-8925,고점 매도 성공! 외국인 이탈과 개인 매수 충돌 속에서의 선택,profit_share,,,,,candidate_minimal,2026-02-27,2026-02-27,2,2,candidate_seen_pm,False,community:2026-02-27:t2:post:1:title_only:A042
RN_COMM_ON_20260917_v2,2026-02-27,2,A042,"[3, 4, 7, 9, 12]",2,title_only,False,False,황소-1620,급등한 삼성전자는 일단 팔았습니다. 수익 확정!,profit_share,,,,,candidate_minimal,2026-02-27,2026-02-27,2,2,candidate_seen_pm,False,community:2026-02-27:t2:post:2:title_only:A042
RN_COMM_ON_20260917_v2,2026-02-27,2,A042,"[3, 4, 7, 9, 12]",3,title_only,True,False,돌고래-2979,"PER 10 배 초반의 매력, 외국인 매도에도 추가 매수",trade_share,,,,,candidate_minimal,2026-02-27,2026-02-27,2,2,candidate_seen_pm,False,community:2026-02-27:t2:post:3:title_only:A042
RN_COMM_ON_20260917_v2,2026-02-27,2,A042,"[3, 4, 7, 9, 12]",4,title_only,True,False,황소-4770,외국인 팔아치우는데 저는 또 사버렸습니다.. (개미의 자조),trade_share,,,,,candidate_minimal,2026-02-27,2026-02-27,2,2,candidate_seen_pm,False,community:2026-02-27:t2:post:4:title_only:A042
RN_COMM_ON_20260917_v2,2026-02-27,2,A042,"[3, 4, 7, 9, 12]",5,title_only,False,False,곰-8551,3% 뚫고 손절 없이 확정! 개미 잔치 속에서 차분히 수익 챙겼습니다.,profit_share,,,,,candidate_minimal,2026-02-27,2026-02-27,2,2,candidate_seen_pm,False,community:2026-02-27:t2:post:5:title_only:A042
RN_COMM_ON_20260917_v2,2026-02-27,2,A042,"[3, 4, 7, 9, 12]",6,title_only,False,False,황소-4980,전일 매수 후 오늘 3% 상승! 원칙이 검증된 하루,trade_share,,,,,candidate_minimal,2026-02-27,2026-02-27,2,2,candidate_seen_pm,False,community:2026-02-27:t2:post:6:title_only:A042
RN_COMM_ON_20260917_v2,2026-02-27,2,A042,"[3, 4, 7, 9, 12]",7,title_only,True,False,여우-1683,3% 차익 실현 완료! 과열 경계하며 일단 현금화,profit_share,,,,,candidate_minimal,2026-02-27,2026-02-27,2,2,candidate_seen_pm,False,community:2026-02-27:t2:post:7:title_only:A042
RN_COMM_ON_20260917_v2,2026-02-27,2,A042,"[3, 4, 7, 9, 12]",8,title_only,False,False,독수리-9332,3% 수익 확정! 원칙대로 팔았습니다. (삼성전자),profit_share,,,,,candidate_minimal,2026-02-27,2026-02-27,2,2,candidate_seen_pm,False,community:2026-02-27:t2:post:8:title_only:A042
RN_COMM_ON_20260917_v2,2026-02-27,2,A042,"[3, 4, 7, 9, 12]",9,title_only,True,False,황소-6990,20% 수익 목표 달성! 삼성전기 매도 완료 (500주),trade_share,,,,,candidate_minimal,2026-02-27,2026-02-27,2,2,candidate_seen_pm,False,community:2026-02-27:t2:post:9:title_only:A042
RN_COMM_ON_20260917_v2,2026-02-27,2,A042,"[3, 4, 7, 9, 12]",10,title_only,False,False,펭귄-5408,21 만 6 천 원에서 3% 땡겨낸 수익 확정!,profit_share,,,,,candidate_minimal,2026-02-27,2026-02-27,2,2,candidate_seen_pm,False,community:2026-02-27:t2:post:10:title_only:A042
RN_COMM_ON_20260917_v2,2026-02-27,2,A042,"[3, 4, 7, 9, 12]",11,title_only,False,False,독수리-1692,3% 수익 확정! 원칙 지키며 내 손에 쥐었다.,profit_share,,,,,candidate_minimal,2026-02-27,2026-02-27,2,2,candidate_seen_pm,False,community:2026-02-27:t2:post:11:title_only:A042
RN_COMM_ON_20260917_v2,2026-02-27,2,A042,"[3, 4, 7, 9, 12]",12,title_only,True,False,독수리-6722,급등 후 조정 때 팔아서 다행입니다 (삼성전자),trade_share,,,,,candidate_minimal,2026-02-27,2026-02-27,2,2,candidate_seen_pm,False,community:2026-02-27:t2:post:12:title_only:A042
RN_COMM_ON_20260917_v2,2026-02-27,2,A042,"[3, 4, 7, 9, 12]",13,title_only,False,False,곰-5671,"3% 수익 확정! 내재가치 투자, 단기 변동성엔 흔들리지 않음",profit_share,,,,,candidate_minimal,2026-02-27,2026-02-27,2,2,candidate_seen_pm,False,community:2026-02-27:t2:post:13:title_only:A042
RN_COMM_ON_20260917_v2,2026-02-27,2,A042,"[3, 4, 7, 9, 12]",14,title_only,False,False,늑대-3694,전일 매수 후 오늘 상승! 외국인 이탈에도 개인은 버텨야 할까?,trade_share,,,,,candidate_minimal,2026-02-27,2026-02-27,2,2,candidate_seen_pm,False,community:2026-02-27:t2:post:14:title_only:A042
RN_COMM_ON_20260917_v2,2026-02-27,2,A041,"[3, 4, 7, 12, 14]",1,title_only,False,False,사자-8925,고점 매도 성공! 외국인 이탈과 개인 매수 충돌 속에서의 선택,profit_share,,,,,candidate_minimal,2026-02-27,2026-02-27,2,2,candidate_seen_pm,False,community:2026-02-27:t2:post:1:title_only:A041
RN_COMM_ON_20260917_v2,2026-02-27,2,A041,"[3, 4, 7, 12, 14]",2,title_only,False,False,황소-1620,급등한 삼성전자는 일단 팔았습니다. 수익 확정!,profit_share,,,,,candidate_minimal,2026-02-27,2026-02-27,2,2,candidate_seen_pm,False,community:2026-02-27:t2:post:2:title_only:A041
RN_COMM_ON_20260917_v2,2026-02-27,2,A041,"[3, 4, 7, 12, 14]",3,title_only,True,False,돌고래-2979,"PER 10 배 초반의 매력, 외국인 매도에도 추가 매수",trade_share,,,,,candidate_minimal,2026-02-27,2026-02-27,2,2,candidate_seen_pm,False,community:2026-02-27:t2:post:3:title_only:A041
RN_COMM_ON_20260917_v2,2026-02-27,2,A041,"[3, 4, 7, 12, 14]",4,title_only,True,False,황소-4770,외국인 팔아치우는데 저는 또 사버렸습니다.. (개미의 자조),trade_share,,,,,candidate_minimal,2026-02-27,2026-02-27,2,2,candidate_seen_pm,False,community:2026-02-27:t2:post:4:title_only:A041
RN_COMM_ON_20260917_v2,2026-02-27,2,A041,"[3, 4, 7, 12, 14]",5,title_only,False,False,곰-8551,3% 뚫고 손절 없이 확정! 개미 잔치 속에서 차분히 수익 챙겼습니다.,profit_share,,,,,candidate_minimal,2026-02-27,2026-02-27,2,2,candidate_seen_pm,False,community:2026-02-27:t2:post:5:title_only:A041
RN_COMM_ON_20260917_v2,2026-02-27,2,A041,"[3, 4, 7, 12, 14]",6,title_only,False,False,황소-4980,전일 매수 후 오늘 3% 상승! 원칙이 검증된 하루,trade_share,,,,,candidate_minimal,2026-02-27,2026-02-27,2,2,candidate_seen_pm,False,community:2026-02-27:t2:post:6:title_only:A041
RN_COMM_ON_20260917_v2,2026-02-27,2,A041,"[3, 4, 7, 12, 14]",7,title_only,True,False,여우-1683,3% 차익 실현 완료! 과열 경계하며 일단 현금화,profit_share,,,,,candidate_minimal,2026-02-27,2026-02-27,2,2,candidate_seen_pm,False,community:2026-02-27:t2:post:7:title_only:A041
RN_COMM_ON_20260917_v2,2026-02-27,2,A041,"[3, 4, 7, 12, 14]",8,title_only,False,False,독수리-9332,3% 수익 확정! 원칙대로 팔았습니다. (삼성전자),profit_share,,,,,candidate_minimal,2026-02-27,2026-02-27,2,2,candidate_seen_pm,False,community:2026-02-27:t2:post:8:title_only:A041
RN_COMM_ON_20260917_v2,2026-02-27,2,A041,"[3, 4, 7, 12, 14]",9,title_only,False,False,황소-6990,20% 수익 목표 달성! 삼성전기 매도 완료 (500주),trade_share,,,,,candidate_minimal,2026-02-27,2026-02-27,2,2,candidate_seen_pm,False,community:2026-02-27:t2:post:9:title_only:A041
RN_COMM_ON_20260917_v2,2026-02-27,2,A041,"[3, 4, 7, 12, 14]",10,title_only,False,False,펭귄-5408,21 만 6 천 원에서 3% 땡겨낸 수익 확정!,profit_share,,,,,candidate_minimal,2026-02-27,2026-02-27,2,2,candidate_seen_pm,False,community:2026-02-27:t2:post:10:title_only:A041
RN_COMM_ON_20260917_v2,2026-02-27,2,A041,"[3, 4, 7, 12, 14]",11,title_only,False,False,독수리-1692,3% 수익 확정! 원칙 지키며 내 손에 쥐었다.,profit_share,,,,,candidate_minimal,2026-02-27,2026-02-27,2,2,candidate_seen_pm,False,community:2026-02-27:t2:post:11:title_only:A041
RN_COMM_ON_20260917_v2,2026-02-27,2,A041,"[3, 4, 7, 12, 14]",12,title_only,True,False,독수리-6722,급등 후 조정 때 팔아서 다행입니다 (삼성전자),trade_share,,,,,candidate_minimal,2026-02-27,2026-02-27,2,2,candidate_seen_pm,False,community:2026-02-27:t2:post:12:title_only:A041
RN_COMM_ON_20260917_v2,2026-02-27,2,A041,"[3, 4, 7, 12, 14]",13,title_only,False,False,곰-5671,"3% 수익 확정! 내재가치 투자, 단기 변동성엔 흔들리지 않음",profit_share,,,,,candidate_minimal,2026-02-27,2026-02-27,2,2,candidate_seen_pm,False,community:2026-02-27:t2:post:13:title_only:A041
RN_COMM_ON_20260917_v2,2026-02-27,2,A041,"[3, 4, 7, 12, 14]",14,title_only,True,False,늑대-3694,전일 매수 후 오늘 상승! 외국인 이탈에도 개인은 버텨야 할까?,trade_share,,,,,candidate_minimal,2026-02-27,2026-02-27,2,2,candidate_seen_pm,False,community:2026-02-27:t2:post:14:title_only:A041
RN_COMM_ON_20260917_v2,2026-02-27,2,A044,"[3, 7, 12, 14]",1,title_only,False,False,사자-8925,고점 매도 성공! 외국인 이탈과 개인 매수 충돌 속에서의 선택,profit_share,,,,,candidate_minimal,2026-02-27,2026-02-27,2,2,candidate_seen_pm,False,community:2026-02-27:t2:post:1:title_only:A044
RN_COMM_ON_20260917_v2,2026-02-27,2,A044,"[3, 7, 12, 14]",2,title_only,False,False,황소-1620,급등한 삼성전자는 일단 팔았습니다. 수익 확정!,profit_share,,,,,candidate_minimal,2026-02-27,2026-02-27,2,2,candidate_seen_pm,False,community:2026-02-27:t2:post:2:title_only:A044
RN_COMM_ON_20260917_v2,2026-02-27,2,A044,"[3, 7, 12, 14]",3,title_only,True,False,돌고래-2979,"PER 10 배 초반의 매력, 외국인 매도에도 추가 매수",trade_share,,,,,candidate_minimal,2026-02-27,2026-02-27,2,2,candidate_seen_pm,False,community:2026-02-27:t2:post:3:title_only:A044
RN_COMM_ON_20260917_v2,2026-02-27,2,A044,"[3, 7, 12, 14]",5,title_only,False,False,곰-8551,3% 뚫고 손절 없이 확정! 개미 잔치 속에서 차분히 수익 챙겼습니다.,profit_share,,,,,candidate_minimal,2026-02-27,2026-02-27,2,2,candidate_seen_pm,False,community:2026-02-27:t2:post:5:title_only:A044
RN_COMM_ON_20260917_v2,2026-02-27,2,A044,"[3, 7, 12, 14]",6,title_only,False,False,황소-4980,전일 매수 후 오늘 3% 상승! 원칙이 검증된 하루,trade_share,,,,,candidate_minimal,2026-02-27,2026-02-27,2,2,candidate_seen_pm,False,community:2026-02-27:t2:post:6:title_only:A044
RN_COMM_ON_20260917_v2,2026-02-27,2,A044,"[3, 7, 12, 14]",7,title_only,True,False,여우-1683,3% 차익 실현 완료! 과열 경계하며 일단 현금화,profit_share,,,,,candidate_minimal,2026-02-27,2026-02-27,2,2,candidate_seen_pm,False,community:2026-02-27:t2:post:7:title_only:A044
RN_COMM_ON_20260917_v2,2026-02-27,2,A044,"[3, 7, 12, 14]",8,title_only,False,False,독수리-9332,3% 수익 확정! 원칙대로 팔았습니다. (삼성전자),profit_share,,,,,candidate_minimal,2026-02-27,2026-02-27,2,2,candidate_seen_pm,False,community:2026-02-27:t2:post:8:title_only:A044
RN_COMM_ON_20260917_v2,2026-02-27,2,A044,"[3, 7, 12, 14]",9,title_only,False,False,황소-6990,20% 수익 목표 달성! 삼성전기 매도 완료 (500주),trade_share,,,,,candidate_minimal,2026-02-27,2026-02-27,2,2,candidate_seen_pm,False,community:2026-02-27:t2:post:9:title_only:A044
RN_COMM_ON_20260917_v2,2026-02-27,2,A044,"[3, 7, 12, 14]",10,title_only,False,False,펭귄-5408,21 만 6 천 원에서 3% 땡겨낸 수익 확정!,profit_share,,,,,candidate_minimal,2026-02-27,2026-02-27,2,2,candidate_seen_pm,False,community:2026-02-27:t2:post:10:title_only:A044
RN_COMM_ON_20260917_v2,2026-02-27,2,A044,"[3, 7, 12, 14]",11,title_only,False,False,독수리-1692,3% 수익 확정! 원칙 지키며 내 손에 쥐었다.,profit_share,,,,,candidate_minimal,2026-02-27,2026-02-27,2,2,candidate_seen_pm,False,community:2026-02-27:t2:post:11:title_only:A044
RN_COMM_ON_20260917_v2,2026-02-27,2,A044,"[3, 7, 12, 14]",12,title_only,True,False,독수리-6722,급등 후 조정 때 팔아서 다행입니다 (삼성전자),trade_share,,,,,candidate_minimal,2026-02-27,2026-02-27,2,2,candidate_seen_pm,False,community:2026-02-27:t2:post:12:title_only:A044
RN_COMM_ON_20260917_v2,2026-02-27,2,A044,"[3, 7, 12, 14]",13,title_only,False,False,곰-5671,"3% 수익 확정! 내재가치 투자, 단기 변동성엔 흔들리지 않음",profit_share,,,,,candidate_minimal,2026-02-27,2026-02-27,2,2,candidate_seen_pm,False,community:2026-02-27:t2:post:13:title_only:A044
RN_COMM_ON_20260917_v2,2026-02-27,2,A044,"[3, 7, 12, 14]",14,title_only,True,False,늑대-3694,전일 매수 후 오늘 상승! 외국인 이탈에도 개인은 버텨야 할까?,trade_share,,,,,candidate_minimal,2026-02-27,2026-02-27,2,2,candidate_seen_pm,False,community:2026-02-27:t2:post:14:title_only:A044
RN_COMM_ON_20260917_v2,2026-02-27,2,A038,"[3, 4, 7, 12, 14]",1,title_only,False,False,사자-8925,고점 매도 성공! 외국인 이탈과 개인 매수 충돌 속에서의 선택,profit_share,,,,,candidate_minimal,2026-02-27,2026-02-27,2,2,candidate_seen_pm,False,community:2026-02-27:t2:post:1:title_only:A038
RN_COMM_ON_20260917_v2,2026-02-27,2,A038,"[3, 4, 7, 12, 14]",2,title_only,False,False,황소-1620,급등한 삼성전자는 일단 팔았습니다. 수익 확정!,profit_share,,,,,candidate_minimal,2026-02-27,2026-02-27,2,2,candidate_seen_pm,False,community:2026-02-27:t2:post:2:title_only:A038
RN_COMM_ON_20260917_v2,2026-02-27,2,A038,"[3, 4, 7, 12, 14]",3,title_only,True,False,돌고래-2979,"PER 10 배 초반의 매력, 외국인 매도에도 추가 매수",trade_share,,,,,candidate_minimal,2026-02-27,2026-02-27,2,2,candidate_seen_pm,False,community:2026-02-27:t2:post:3:title_only:A038
RN_COMM_ON_20260917_v2,2026-02-27,2,A038,"[3, 4, 7, 12, 14]",4,title_only,True,False,황소-4770,외국인 팔아치우는데 저는 또 사버렸습니다.. (개미의 자조),trade_share,,,,,candidate_minimal,2026-02-27,2026-02-27,2,2,candidate_seen_pm,False,community:2026-02-27:t2:post:4:title_only:A038
RN_COMM_ON_20260917_v2,2026-02-27,2,A038,"[3, 4, 7, 12, 14]",5,title_only,False,False,곰-8551,3% 뚫고 손절 없이 확정! 개미 잔치 속에서 차분히 수익 챙겼습니다.,profit_share,,,,,candidate_minimal,2026-02-27,2026-02-27,2,2,candidate_seen_pm,False,community:2026-02-27:t2:post:5:title_only:A038
RN_COMM_ON_20260917_v2,2026-02-27,2,A038,"[3, 4, 7, 12, 14]",6,title_only,False,False,황소-4980,전일 매수 후 오늘 3% 상승! 원칙이 검증된 하루,trade_share,,,,,candidate_minimal,2026-02-27,2026-02-27,2,2,candidate_seen_pm,False,community:2026-02-27:t2:post:6:title_only:A038
RN_COMM_ON_20260917_v2,2026-02-27,2,A038,"[3, 4, 7, 12, 14]",7,title_only,True,False,여우-1683,3% 차익 실현 완료! 과열 경계하며 일단 현금화,profit_share,,,,,candidate_minimal,2026-02-27,2026-02-27,2,2,candidate_seen_pm,False,community:2026-02-27:t2:post:7:title_only:A038
RN_COMM_ON_20260917_v2,2026-02-27,2,A038,"[3, 4, 7, 12, 14]",8,title_only,False,False,독수리-9332,3% 수익 확정! 원칙대로 팔았습니다. (삼성전자),profit_share,,,,,candidate_minimal,2026-02-27,2026-02-27,2,2,candidate_seen_pm,False,community:2026-02-27:t2:post:8:title_only:A038
RN_COMM_ON_20260917_v2,2026-02-27,2,A038,"[3, 4, 7, 12, 14]",9,title_only,False,False,황소-6990,20% 수익 목표 달성! 삼성전기 매도 완료 (500주),trade_share,,,,,candidate_minimal,2026-02-27,2026-02-27,2,2,candidate_seen_pm,False,community:2026-02-27:t2:post:9:title_only:A038
RN_COMM_ON_20260917_v2,2026-02-27,2,A038,"[3, 4, 7, 12, 14]",10,title_only,False,False,펭귄-5408,21 만 6 천 원에서 3% 땡겨낸 수익 확정!,profit_share,,,,,candidate_minimal,2026-02-27,2026-02-27,2,2,candidate_seen_pm,False,community:2026-02-27:t2:post:10:title_only:A038
RN_COMM_ON_20260917_v2,2026-02-27,2,A038,"[3, 4, 7, 12, 14]",11,title_only,False,False,독수리-1692,3% 수익 확정! 원칙 지키며 내 손에 쥐었다.,profit_share,,,,,candidate_minimal,2026-02-27,2026-02-27,2,2,candidate_seen_pm,False,community:2026-02-27:t2:post:11:title_only:A038
RN_COMM_ON_20260917_v2,2026-02-27,2,A038,"[3, 4, 7, 12, 14]",12,title_only,True,False,독수리-6722,급등 후 조정 때 팔아서 다행입니다 (삼성전자),trade_share,,,,,candidate_minimal,2026-02-27,2026-02-27,2,2,candidate_seen_pm,False,community:2026-02-27:t2:post:12:title_only:A038
RN_COMM_ON_20260917_v2,2026-02-27,2,A038,"[3, 4, 7, 12, 14]",13,title_only,False,False,곰-5671,"3% 수익 확정! 내재가치 투자, 단기 변동성엔 흔들리지 않음",profit_share,,,,,candidate_minimal,2026-02-27,2026-02-27,2,2,candidate_seen_pm,False,community:2026-02-27:t2:post:13:title_only:A038
RN_COMM_ON_20260917_v2,2026-02-27,2,A038,"[3, 4, 7, 12, 14]",14,title_only,True,False,늑대-3694,전일 매수 후 오늘 상승! 외국인 이탈에도 개인은 버텨야 할까?,trade_share,,,,,candidate_minimal,2026-02-27,2026-02-27,2,2,candidate_seen_pm,False,community:2026-02-27:t2:post:14:title_only:A038
RN_COMM_ON_20260917_v2,2026-02-27,2,A045,"[3, 4, 7, 12, 14]",1,title_only,False,False,사자-8925,고점 매도 성공! 외국인 이탈과 개인 매수 충돌 속에서의 선택,profit_share,,,,,candidate_minimal,2026-02-27,2026-02-27,2,2,candidate_seen_pm,False,community:2026-02-27:t2:post:1:title_only:A045
RN_COMM_ON_20260917_v2,2026-02-27,2,A045,"[3, 4, 7, 12, 14]",2,title_only,False,False,황소-1620,급등한 삼성전자는 일단 팔았습니다. 수익 확정!,profit_share,,,,,candidate_minimal,2026-02-27,2026-02-27,2,2,candidate_seen_pm,False,community:2026-02-27:t2:post:2:title_only:A045
RN_COMM_ON_20260917_v2,2026-02-27,2,A045,"[3, 4, 7, 12, 14]",3,title_only,True,False,돌고래-2979,"PER 10 배 초반의 매력, 외국인 매도에도 추가 매수",trade_share,,,,,candidate_minimal,2026-02-27,2026-02-27,2,2,candidate_seen_pm,False,community:2026-02-27:t2:post:3:title_only:A045
RN_COMM_ON_20260917_v2,2026-02-27,2,A045,"[3, 4, 7, 12, 14]",4,title_only,True,False,황소-4770,외국인 팔아치우는데 저는 또 사버렸습니다.. (개미의 자조),trade_share,,,,,candidate_minimal,2026-02-27,2026-02-27,2,2,candidate_seen_pm,False,community:2026-02-27:t2:post:4:title_only:A045
RN_COMM_ON_20260917_v2,2026-02-27,2,A045,"[3, 4, 7, 12, 14]",5,title_only,False,False,곰-8551,3% 뚫고 손절 없이 확정! 개미 잔치 속에서 차분히 수익 챙겼습니다.,profit_share,,,,,candidate_minimal,2026-02-27,2026-02-27,2,2,candidate_seen_pm,False,community:2026-02-27:t2:post:5:title_only:A045
RN_COMM_ON_20260917_v2,2026-02-27,2,A045,"[3, 4, 7, 12, 14]",6,title_only,False,False,황소-4980,전일 매수 후 오늘 3% 상승! 원칙이 검증된 하루,trade_share,,,,,candidate_minimal,2026-02-27,2026-02-27,2,2,candidate_seen_pm,False,community:2026-02-27:t2:post:6:title_only:A045
RN_COMM_ON_20260917_v2,2026-02-27,2,A045,"[3, 4, 7, 12, 14]",7,title_only,True,False,여우-1683,3% 차익 실현 완료! 과열 경계하며 일단 현금화,profit_share,,,,,candidate_minimal,2026-02-27,2026-02-27,2,2,candidate_seen_pm,False,community:2026-02-27:t2:post:7:title_only:A045
RN_COMM_ON_20260917_v2,2026-02-27,2,A045,"[3, 4, 7, 12, 14]",8,title_only,False,False,독수리-9332,3% 수익 확정! 원칙대로 팔았습니다. (삼성전자),profit_share,,,,,candidate_minimal,2026-02-27,2026-02-27,2,2,candidate_seen_pm,False,community:2026-02-27:t2:post:8:title_only:A045
RN_COMM_ON_20260917_v2,2026-02-27,2,A045,"[3, 4, 7, 12, 14]",9,title_only,False,False,황소-6990,20% 수익 목표 달성! 삼성전기 매도 완료 (500주),trade_share,,,,,candidate_minimal,2026-02-27,2026-02-27,2,2,candidate_seen_pm,False,community:2026-02-27:t2:post:9:title_only:A045
RN_COMM_ON_20260917_v2,2026-02-27,2,A045,"[3, 4, 7, 12, 14]",10,title_only,False,False,펭귄-5408,21 만 6 천 원에서 3% 땡겨낸 수익 확정!,profit_share,,,,,candidate_minimal,2026-02-27,2026-02-27,2,2,candidate_seen_pm,False,community:2026-02-27:t2:post:10:title_only:A045
RN_COMM_ON_20260917_v2,2026-02-27,2,A045,"[3, 4, 7, 12, 14]",11,title_only,False,False,독수리-1692,3% 수익 확정! 원칙 지키며 내 손에 쥐었다.,profit_share,,,,,candidate_minimal,2026-02-27,2026-02-27,2,2,candidate_seen_pm,False,community:2026-02-27:t2:post:11:title_only:A045
RN_COMM_ON_20260917_v2,2026-02-27,2,A045,"[3, 4, 7, 12, 14]",12,title_only,True,False,독수리-6722,급등 후 조정 때 팔아서 다행입니다 (삼성전자),trade_share,,,,,candidate_minimal,2026-02-27,2026-02-27,2,2,candidate_seen_pm,False,community:2026-02-27:t2:post:12:title_only:A045
RN_COMM_ON_20260917_v2,2026-02-27,2,A045,"[3, 4, 7, 12, 14]",13,title_only,False,False,곰-5671,"3% 수익 확정! 내재가치 투자, 단기 변동성엔 흔들리지 않음",profit_share,,,,,candidate_minimal,2026-02-27,2026-02-27,2,2,candidate_seen_pm,False,community:2026-02-27:t2:post:13:title_only:A045
RN_COMM_ON_20260917_v2,2026-02-27,2,A045,"[3, 4, 7, 12, 14]",14,title_only,True,False,늑대-3694,전일 매수 후 오늘 상승! 외국인 이탈에도 개인은 버텨야 할까?,trade_share,,,,,candidate_minimal,2026-02-27,2026-02-27,2,2,candidate_seen_pm,False,community:2026-02-27:t2:post:14:title_only:A045
RN_COMM_ON_20260917_v2,2026-02-27,2,A046,"[3, 4, 7, 9, 12]",1,title_only,False,False,사자-8925,고점 매도 성공! 외국인 이탈과 개인 매수 충돌 속에서의 선택,profit_share,,,,,candidate_minimal,2026-02-27,2026-02-27,2,2,candidate_seen_pm,False,community:2026-02-27:t2:post:1:title_only:A046
RN_COMM_ON_20260917_v2,2026-02-27,2,A046,"[3, 4, 7, 9, 12]",2,title_only,False,False,황소-1620,급등한 삼성전자는 일단 팔았습니다. 수익 확정!,profit_share,,,,,candidate_minimal,2026-02-27,2026-02-27,2,2,candidate_seen_pm,False,community:2026-02-27:t2:post:2:title_only:A046
RN_COMM_ON_20260917_v2,2026-02-27,2,A046,"[3, 4, 7, 9, 12]",3,title_only,True,False,돌고래-2979,"PER 10 배 초반의 매력, 외국인 매도에도 추가 매수",trade_share,,,,,candidate_minimal,2026-02-27,2026-02-27,2,2,candidate_seen_pm,False,community:2026-02-27:t2:post:3:title_only:A046
RN_COMM_ON_20260917_v2,2026-02-27,2,A046,"[3, 4, 7, 9, 12]",4,title_only,True,False,황소-4770,외국인 팔아치우는데 저는 또 사버렸습니다.. (개미의 자조),trade_share,,,,,candidate_minimal,2026-02-27,2026-02-27,2,2,candidate_seen_pm,False,community:2026-02-27:t2:post:4:title_only:A046
RN_COMM_ON_20260917_v2,2026-02-27,2,A046,"[3, 4, 7, 9, 12]",6,title_only,False,False,황소-4980,전일 매수 후 오늘 3% 상승! 원칙이 검증된 하루,trade_share,,,,,candidate_minimal,2026-02-27,2026-02-27,2,2,candidate_seen_pm,False,community:2026-02-27:t2:post:6:title_only:A046
RN_COMM_ON_20260917_v2,2026-02-27,2,A046,"[3, 4, 7, 9, 12]",7,title_only,True,False,여우-1683,3% 차익 실현 완료! 과열 경계하며 일단 현금화,profit_share,,,,,candidate_minimal,2026-02-27,2026-02-27,2,2,candidate_seen_pm,False,community:2026-02-27:t2:post:7:title_only:A046
RN_COMM_ON_20260917_v2,2026-02-27,2,A046,"[3, 4, 7, 9, 12]",8,title_only,False,False,독수리-9332,3% 수익 확정! 원칙대로 팔았습니다. (삼성전자),profit_share,,,,,candidate_minimal,2026-02-27,2026-02-27,2,2,candidate_seen_pm,False,community:2026-02-27:t2:post:8:title_only:A046
RN_COMM_ON_20260917_v2,2026-02-27,2,A046,"[3, 4, 7, 9, 12]",9,title_only,True,False,황소-6990,20% 수익 목표 달성! 삼성전기 매도 완료 (500주),trade_share,,,,,candidate_minimal,2026-02-27,2026-02-27,2,2,candidate_seen_pm,False,community:2026-02-27:t2:post:9:title_only:A046
RN_COMM_ON_20260917_v2,2026-02-27,2,A046,"[3, 4, 7, 9, 12]",10,title_only,False,False,펭귄-5408,21 만 6 천 원에서 3% 땡겨낸 수익 확정!,profit_share,,,,,candidate_minimal,2026-02-27,2026-02-27,2,2,candidate_seen_pm,False,community:2026-02-27:t2:post:10:title_only:A046
RN_COMM_ON_20260917_v2,2026-02-27,2,A046,"[3, 4, 7, 9, 12]",11,title_only,False,False,독수리-1692,3% 수익 확정! 원칙 지키며 내 손에 쥐었다.,profit_share,,,,,candidate_minimal,2026-02-27,2026-02-27,2,2,candidate_seen_pm,False,community:2026-02-27:t2:post:11:title_only:A046
RN_COMM_ON_20260917_v2,2026-02-27,2,A046,"[3, 4, 7, 9, 12]",12,title_only,True,False,독수리-6722,급등 후 조정 때 팔아서 다행입니다 (삼성전자),trade_share,,,,,candidate_minimal,2026-02-27,2026-02-27,2,2,candidate_seen_pm,False,community:2026-02-27:t2:post:12:title_only:A046
RN_COMM_ON_20260917_v2,2026-02-27,2,A046,"[3, 4, 7, 9, 12]",13,title_only,False,False,곰-5671,"3% 수익 확정! 내재가치 투자, 단기 변동성엔 흔들리지 않음",profit_share,,,,,candidate_minimal,2026-02-27,2026-02-27,2,2,candidate_seen_pm,False,community:2026-02-27:t2:post:13:title_only:A046
RN_COMM_ON_20260917_v2,2026-02-27,2,A046,"[3, 4, 7, 9, 12]",14,title_only,False,False,늑대-3694,전일 매수 후 오늘 상승! 외국인 이탈에도 개인은 버텨야 할까?,trade_share,,,,,candidate_minimal,2026-02-27,2026-02-27,2,2,candidate_seen_pm,False,community:2026-02-27:t2:post:14:title_only:A046
RN_COMM_ON_20260917_v2,2026-02-27,2,A047,"[3, 7, 9, 12, 14]",1,title_only,False,False,사자-8925,고점 매도 성공! 외국인 이탈과 개인 매수 충돌 속에서의 선택,profit_share,,,,,candidate_minimal,2026-02-27,2026-02-27,2,2,candidate_seen_pm,False,community:2026-02-27:t2:post:1:title_only:A047
RN_COMM_ON_20260917_v2,2026-02-27,2,A047,"[3, 7, 9, 12, 14]",2,title_only,False,False,황소-1620,급등한 삼성전자는 일단 팔았습니다. 수익 확정!,profit_share,,,,,candidate_minimal,2026-02-27,2026-02-27,2,2,candidate_seen_pm,False,community:2026-02-27:t2:post:2:title_only:A047
RN_COMM_ON_20260917_v2,2026-02-27,2,A047,"[3, 7, 9, 12, 14]",3,title_only,True,False,돌고래-2979,"PER 10 배 초반의 매력, 외국인 매도에도 추가 매수",trade_share,,,,,candidate_minimal,2026-02-27,2026-02-27,2,2,candidate_seen_pm,False,community:2026-02-27:t2:post:3:title_only:A047
RN_COMM_ON_20260917_v2,2026-02-27,2,A047,"[3, 7, 9, 12, 14]",4,title_only,False,False,황소-4770,외국인 팔아치우는데 저는 또 사버렸습니다.. (개미의 자조),trade_share,,,,,candidate_minimal,2026-02-27,2026-02-27,2,2,candidate_seen_pm,False,community:2026-02-27:t2:post:4:title_only:A047
RN_COMM_ON_20260917_v2,2026-02-27,2,A047,"[3, 7, 9, 12, 14]",5,title_only,False,False,곰-8551,3% 뚫고 손절 없이 확정! 개미 잔치 속에서 차분히 수익 챙겼습니다.,profit_share,,,,,candidate_minimal,2026-02-27,2026-02-27,2,2,candidate_seen_pm,False,community:2026-02-27:t2:post:5:title_only:A047
RN_COMM_ON_20260917_v2,2026-02-27,2,A047,"[3, 7, 9, 12, 14]",6,title_only,False,False,황소-4980,전일 매수 후 오늘 3% 상승! 원칙이 검증된 하루,trade_share,,,,,candidate_minimal,2026-02-27,2026-02-27,2,2,candidate_seen_pm,False,community:2026-02-27:t2:post:6:title_only:A047
RN_COMM_ON_20260917_v2,2026-02-27,2,A047,"[3, 7, 9, 12, 14]",7,title_only,True,False,여우-1683,3% 차익 실현 완료! 과열 경계하며 일단 현금화,profit_share,,,,,candidate_minimal,2026-02-27,2026-02-27,2,2,candidate_seen_pm,False,community:2026-02-27:t2:post:7:title_only:A047
RN_COMM_ON_20260917_v2,2026-02-27,2,A047,"[3, 7, 9, 12, 14]",8,title_only,False,False,독수리-9332,3% 수익 확정! 원칙대로 팔았습니다. (삼성전자),profit_share,,,,,candidate_minimal,2026-02-27,2026-02-27,2,2,candidate_seen_pm,False,community:2026-02-27:t2:post:8:title_only:A047
RN_COMM_ON_20260917_v2,2026-02-27,2,A047,"[3, 7, 9, 12, 14]",9,title_only,True,False,황소-6990,20% 수익 목표 달성! 삼성전기 매도 완료 (500주),trade_share,,,,,candidate_minimal,2026-02-27,2026-02-27,2,2,candidate_seen_pm,False,community:2026-02-27:t2:post:9:title_only:A047
RN_COMM_ON_20260917_v2,2026-02-27,2,A047,"[3, 7, 9, 12, 14]",10,title_only,False,False,펭귄-5408,21 만 6 천 원에서 3% 땡겨낸 수익 확정!,profit_share,,,,,candidate_minimal,2026-02-27,2026-02-27,2,2,candidate_seen_pm,False,community:2026-02-27:t2:post:10:title_only:A047
RN_COMM_ON_20260917_v2,2026-02-27,2,A047,"[3, 7, 9, 12, 14]",11,title_only,False,False,독수리-1692,3% 수익 확정! 원칙 지키며 내 손에 쥐었다.,profit_share,,,,,candidate_minimal,2026-02-27,2026-02-27,2,2,candidate_seen_pm,False,community:2026-02-27:t2:post:11:title_only:A047
RN_COMM_ON_20260917_v2,2026-02-27,2,A047,"[3, 7, 9, 12, 14]",12,title_only,True,False,독수리-6722,급등 후 조정 때 팔아서 다행입니다 (삼성전자),trade_share,,,,,candidate_minimal,2026-02-27,2026-02-27,2,2,candidate_seen_pm,False,community:2026-02-27:t2:post:12:title_only:A047
RN_COMM_ON_20260917_v2,2026-02-27,2,A047,"[3, 7, 9, 12, 14]",13,title_only,False,False,곰-5671,"3% 수익 확정! 내재가치 투자, 단기 변동성엔 흔들리지 않음",profit_share,,,,,candidate_minimal,2026-02-27,2026-02-27,2,2,candidate_seen_pm,False,community:2026-02-27:t2:post:13:title_only:A047
RN_COMM_ON_20260917_v2,2026-02-27,2,A047,"[3, 7, 9, 12, 14]",14,title_only,True,False,늑대-3694,전일 매수 후 오늘 상승! 외국인 이탈에도 개인은 버텨야 할까?,trade_share,,,,,candidate_minimal,2026-02-27,2026-02-27,2,2,candidate_seen_pm,False,community:2026-02-27:t2:post:14:title_only:A047
RN_COMM_ON_20260917_v2,2026-02-27,2,A051,"[3, 4, 7, 12, 14]",1,title_only,False,False,사자-8925,고점 매도 성공! 외국인 이탈과 개인 매수 충돌 속에서의 선택,profit_share,,,,,candidate_minimal,2026-02-27,2026-02-27,2,2,candidate_seen_pm,False,community:2026-02-27:t2:post:1:title_only:A051
RN_COMM_ON_20260917_v2,2026-02-27,2,A051,"[3, 4, 7, 12, 14]",2,title_only,False,False,황소-1620,급등한 삼성전자는 일단 팔았습니다. 수익 확정!,profit_share,,,,,candidate_minimal,2026-02-27,2026-02-27,2,2,candidate_seen_pm,False,community:2026-02-27:t2:post:2:title_only:A051
RN_COMM_ON_20260917_v2,2026-02-27,2,A051,"[3, 4, 7, 12, 14]",3,title_only,True,False,돌고래-2979,"PER 10 배 초반의 매력, 외국인 매도에도 추가 매수",trade_share,,,,,candidate_minimal,2026-02-27,2026-02-27,2,2,candidate_seen_pm,False,community:2026-02-27:t2:post:3:title_only:A051
RN_COMM_ON_20260917_v2,2026-02-27,2,A051,"[3, 4, 7, 12, 14]",4,title_only,True,False,황소-4770,외국인 팔아치우는데 저는 또 사버렸습니다.. (개미의 자조),trade_share,,,,,candidate_minimal,2026-02-27,2026-02-27,2,2,candidate_seen_pm,False,community:2026-02-27:t2:post:4:title_only:A051
RN_COMM_ON_20260917_v2,2026-02-27,2,A051,"[3, 4, 7, 12, 14]",5,title_only,False,False,곰-8551,3% 뚫고 손절 없이 확정! 개미 잔치 속에서 차분히 수익 챙겼습니다.,profit_share,,,,,candidate_minimal,2026-02-27,2026-02-27,2,2,candidate_seen_pm,False,community:2026-02-27:t2:post:5:title_only:A051
RN_COMM_ON_20260917_v2,2026-02-27,2,A051,"[3, 4, 7, 12, 14]",6,title_only,False,False,황소-4980,전일 매수 후 오늘 3% 상승! 원칙이 검증된 하루,trade_share,,,,,candidate_minimal,2026-02-27,2026-02-27,2,2,candidate_seen_pm,False,community:2026-02-27:t2:post:6:title_only:A051
RN_COMM_ON_20260917_v2,2026-02-27,2,A051,"[3, 4, 7, 12, 14]",7,title_only,True,False,여우-1683,3% 차익 실현 완료! 과열 경계하며 일단 현금화,profit_share,,,,,candidate_minimal,2026-02-27,2026-02-27,2,2,candidate_seen_pm,False,community:2026-02-27:t2:post:7:title_only:A051
RN_COMM_ON_20260917_v2,2026-02-27,2,A051,"[3, 4, 7, 12, 14]",8,title_only,False,False,독수리-9332,3% 수익 확정! 원칙대로 팔았습니다. (삼성전자),profit_share,,,,,candidate_minimal,2026-02-27,2026-02-27,2,2,candidate_seen_pm,False,community:2026-02-27:t2:post:8:title_only:A051
RN_COMM_ON_20260917_v2,2026-02-27,2,A051,"[3, 4, 7, 12, 14]",9,title_only,False,False,황소-6990,20% 수익 목표 달성! 삼성전기 매도 완료 (500주),trade_share,,,,,candidate_minimal,2026-02-27,2026-02-27,2,2,candidate_seen_pm,False,community:2026-02-27:t2:post:9:title_only:A051
RN_COMM_ON_20260917_v2,2026-02-27,2,A051,"[3, 4, 7, 12, 14]",10,title_only,False,False,펭귄-5408,21 만 6 천 원에서 3% 땡겨낸 수익 확정!,profit_share,,,,,candidate_minimal,2026-02-27,2026-02-27,2,2,candidate_seen_pm,False,community:2026-02-27:t2:post:10:title_only:A051
RN_COMM_ON_20260917_v2,2026-02-27,2,A051,"[3, 4, 7, 12, 14]",11,title_only,False,False,독수리-1692,3% 수익 확정! 원칙 지키며 내 손에 쥐었다.,profit_share,,,,,candidate_minimal,2026-02-27,2026-02-27,2,2,candidate_seen_pm,False,community:2026-02-27:t2:post:11:title_only:A051
RN_COMM_ON_20260917_v2,2026-02-27,2,A051,"[3, 4, 7, 12, 14]",12,title_only,True,False,독수리-6722,급등 후 조정 때 팔아서 다행입니다 (삼성전자),trade_share,,,,,candidate_minimal,2026-02-27,2026-02-27,2,2,candidate_seen_pm,False,community:2026-02-27:t2:post:12:title_only:A051
RN_COMM_ON_20260917_v2,2026-02-27,2,A051,"[3, 4, 7, 12, 14]",13,title_only,False,False,곰-5671,"3% 수익 확정! 내재가치 투자, 단기 변동성엔 흔들리지 않음",profit_share,,,,,candidate_minimal,2026-02-27,2026-02-27,2,2,candidate_seen_pm,False,community:2026-02-27:t2:post:13:title_only:A051
RN_COMM_ON_20260917_v2,2026-02-27,2,A051,"[3, 4, 7, 12, 14]",14,title_only,True,False,늑대-3694,전일 매수 후 오늘 상승! 외국인 이탈에도 개인은 버텨야 할까?,trade_share,,,,,candidate_minimal,2026-02-27,2026-02-27,2,2,candidate_seen_pm,False,community:2026-02-27:t2:post:14:title_only:A051
RN_COMM_ON_20260917_v2,2026-02-27,2,A058,"[3, 7, 14]",1,title_only,False,False,사자-8925,고점 매도 성공! 외국인 이탈과 개인 매수 충돌 속에서의 선택,profit_share,,,,,candidate_minimal,2026-02-27,2026-02-27,2,2,candidate_seen_pm,False,community:2026-02-27:t2:post:1:title_only:A058
RN_COMM_ON_20260917_v2,2026-02-27,2,A058,"[3, 7, 14]",2,title_only,False,False,황소-1620,급등한 삼성전자는 일단 팔았습니다. 수익 확정!,profit_share,,,,,candidate_minimal,2026-02-27,2026-02-27,2,2,candidate_seen_pm,False,community:2026-02-27:t2:post:2:title_only:A058
RN_COMM_ON_20260917_v2,2026-02-27,2,A058,"[3, 7, 14]",3,title_only,True,False,돌고래-2979,"PER 10 배 초반의 매력, 외국인 매도에도 추가 매수",trade_share,,,,,candidate_minimal,2026-02-27,2026-02-27,2,2,candidate_seen_pm,False,community:2026-02-27:t2:post:3:title_only:A058
RN_COMM_ON_20260917_v2,2026-02-27,2,A058,"[3, 7, 14]",4,title_only,False,False,황소-4770,외국인 팔아치우는데 저는 또 사버렸습니다.. (개미의 자조),trade_share,,,,,candidate_minimal,2026-02-27,2026-02-27,2,2,candidate_seen_pm,False,community:2026-02-27:t2:post:4:title_only:A058
RN_COMM_ON_20260917_v2,2026-02-27,2,A058,"[3, 7, 14]",5,title_only,False,False,곰-8551,3% 뚫고 손절 없이 확정! 개미 잔치 속에서 차분히 수익 챙겼습니다.,profit_share,,,,,candidate_minimal,2026-02-27,2026-02-27,2,2,candidate_seen_pm,False,community:2026-02-27:t2:post:5:title_only:A058
RN_COMM_ON_20260917_v2,2026-02-27,2,A058,"[3, 7, 14]",6,title_only,False,False,황소-4980,전일 매수 후 오늘 3% 상승! 원칙이 검증된 하루,trade_share,,,,,candidate_minimal,2026-02-27,2026-02-27,2,2,candidate_seen_pm,False,community:2026-02-27:t2:post:6:title_only:A058
RN_COMM_ON_20260917_v2,2026-02-27,2,A058,"[3, 7, 14]",7,title_only,True,False,여우-1683,3% 차익 실현 완료! 과열 경계하며 일단 현금화,profit_share,,,,,candidate_minimal,2026-02-27,2026-02-27,2,2,candidate_seen_pm,False,community:2026-02-27:t2:post:7:title_only:A058
RN_COMM_ON_20260917_v2,2026-02-27,2,A058,"[3, 7, 14]",9,title_only,False,False,황소-6990,20% 수익 목표 달성! 삼성전기 매도 완료 (500주),trade_share,,,,,candidate_minimal,2026-02-27,2026-02-27,2,2,candidate_seen_pm,False,community:2026-02-27:t2:post:9:title_only:A058
RN_COMM_ON_20260917_v2,2026-02-27,2,A058,"[3, 7, 14]",10,title_only,False,False,펭귄-5408,21 만 6 천 원에서 3% 땡겨낸 수익 확정!,profit_share,,,,,candidate_minimal,2026-02-27,2026-02-27,2,2,candidate_seen_pm,False,community:2026-02-27:t2:post:10:title_only:A058
RN_COMM_ON_20260917_v2,2026-02-27,2,A058,"[3, 7, 14]",11,title_only,False,False,독수리-1692,3% 수익 확정! 원칙 지키며 내 손에 쥐었다.,profit_share,,,,,candidate_minimal,2026-02-27,2026-02-27,2,2,candidate_seen_pm,False,community:2026-02-27:t2:post:11:title_only:A058
RN_COMM_ON_20260917_v2,2026-02-27,2,A058,"[3, 7, 14]",12,title_only,False,False,독수리-6722,급등 후 조정 때 팔아서 다행입니다 (삼성전자),trade_share,,,,,candidate_minimal,2026-02-27,2026-02-27,2,2,candidate_seen_pm,False,community:2026-02-27:t2:post:12:title_only:A058
RN_COMM_ON_20260917_v2,2026-02-27,2,A058,"[3, 7, 14]",13,title_only,False,False,곰-5671,"3% 수익 확정! 내재가치 투자, 단기 변동성엔 흔들리지 않음",profit_share,,,,,candidate_minimal,2026-02-27,2026-02-27,2,2,candidate_seen_pm,False,community:2026-02-27:t2:post:13:title_only:A058
RN_COMM_ON_20260917_v2,2026-02-27,2,A058,"[3, 7, 14]",14,title_only,True,False,늑대-3694,전일 매수 후 오늘 상승! 외국인 이탈에도 개인은 버텨야 할까?,trade_share,,,,,candidate_minimal,2026-02-27,2026-02-27,2,2,candidate_seen_pm,False,community:2026-02-27:t2:post:14:title_only:A058
RN_COMM_ON_20260917_v2,2026-02-27,2,A053,"[3, 4, 7, 12, 14]",1,title_only,False,False,사자-8925,고점 매도 성공! 외국인 이탈과 개인 매수 충돌 속에서의 선택,profit_share,,,,,candidate_minimal,2026-02-27,2026-02-27,2,2,candidate_seen_pm,False,community:2026-02-27:t2:post:1:title_only:A053
RN_COMM_ON_20260917_v2,2026-02-27,2,A053,"[3, 4, 7, 12, 14]",2,title_only,False,False,황소-1620,급등한 삼성전자는 일단 팔았습니다. 수익 확정!,profit_share,,,,,candidate_minimal,2026-02-27,2026-02-27,2,2,candidate_seen_pm,False,community:2026-02-27:t2:post:2:title_only:A053
RN_COMM_ON_20260917_v2,2026-02-27,2,A053,"[3, 4, 7, 12, 14]",3,title_only,True,False,돌고래-2979,"PER 10 배 초반의 매력, 외국인 매도에도 추가 매수",trade_share,,,,,candidate_minimal,2026-02-27,2026-02-27,2,2,candidate_seen_pm,False,community:2026-02-27:t2:post:3:title_only:A053
RN_COMM_ON_20260917_v2,2026-02-27,2,A053,"[3, 4, 7, 12, 14]",4,title_only,True,False,황소-4770,외국인 팔아치우는데 저는 또 사버렸습니다.. (개미의 자조),trade_share,,,,,candidate_minimal,2026-02-27,2026-02-27,2,2,candidate_seen_pm,False,community:2026-02-27:t2:post:4:title_only:A053
RN_COMM_ON_20260917_v2,2026-02-27,2,A053,"[3, 4, 7, 12, 14]",5,title_only,False,False,곰-8551,3% 뚫고 손절 없이 확정! 개미 잔치 속에서 차분히 수익 챙겼습니다.,profit_share,,,,,candidate_minimal,2026-02-27,2026-02-27,2,2,candidate_seen_pm,False,community:2026-02-27:t2:post:5:title_only:A053
RN_COMM_ON_20260917_v2,2026-02-27,2,A053,"[3, 4, 7, 12, 14]",6,title_only,False,False,황소-4980,전일 매수 후 오늘 3% 상승! 원칙이 검증된 하루,trade_share,,,,,candidate_minimal,2026-02-27,2026-02-27,2,2,candidate_seen_pm,False,community:2026-02-27:t2:post:6:title_only:A053
RN_COMM_ON_20260917_v2,2026-02-27,2,A053,"[3, 4, 7, 12, 14]",7,title_only,True,False,여우-1683,3% 차익 실현 완료! 과열 경계하며 일단 현금화,profit_share,,,,,candidate_minimal,2026-02-27,2026-02-27,2,2,candidate_seen_pm,False,community:2026-02-27:t2:post:7:title_only:A053
RN_COMM_ON_20260917_v2,2026-02-27,2,A053,"[3, 4, 7, 12, 14]",8,title_only,False,False,독수리-9332,3% 수익 확정! 원칙대로 팔았습니다. (삼성전자),profit_share,,,,,candidate_minimal,2026-02-27,2026-02-27,2,2,candidate_seen_pm,False,community:2026-02-27:t2:post:8:title_only:A053
RN_COMM_ON_20260917_v2,2026-02-27,2,A053,"[3, 4, 7, 12, 14]",9,title_only,False,False,황소-6990,20% 수익 목표 달성! 삼성전기 매도 완료 (500주),trade_share,,,,,candidate_minimal,2026-02-27,2026-02-27,2,2,candidate_seen_pm,False,community:2026-02-27:t2:post:9:title_only:A053
RN_COMM_ON_20260917_v2,2026-02-27,2,A053,"[3, 4, 7, 12, 14]",10,title_only,False,False,펭귄-5408,21 만 6 천 원에서 3% 땡겨낸 수익 확정!,profit_share,,,,,candidate_minimal,2026-02-27,2026-02-27,2,2,candidate_seen_pm,False,community:2026-02-27:t2:post:10:title_only:A053
RN_COMM_ON_20260917_v2,2026-02-27,2,A053,"[3, 4, 7, 12, 14]",11,title_only,False,False,독수리-1692,3% 수익 확정! 원칙 지키며 내 손에 쥐었다.,profit_share,,,,,candidate_minimal,2026-02-27,2026-02-27,2,2,candidate_seen_pm,False,community:2026-02-27:t2:post:11:title_only:A053
RN_COMM_ON_20260917_v2,2026-02-27,2,A053,"[3, 4, 7, 12, 14]",12,title_only,True,False,독수리-6722,급등 후 조정 때 팔아서 다행입니다 (삼성전자),trade_share,,,,,candidate_minimal,2026-02-27,2026-02-27,2,2,candidate_seen_pm,False,community:2026-02-27:t2:post:12:title_only:A053
RN_COMM_ON_20260917_v2,2026-02-27,2,A053,"[3, 4, 7, 12, 14]",13,title_only,False,False,곰-5671,"3% 수익 확정! 내재가치 투자, 단기 변동성엔 흔들리지 않음",profit_share,,,,,candidate_minimal,2026-02-27,2026-02-27,2,2,candidate_seen_pm,False,community:2026-02-27:t2:post:13:title_only:A053
RN_COMM_ON_20260917_v2,2026-02-27,2,A053,"[3, 4, 7, 12, 14]",14,title_only,True,False,늑대-3694,전일 매수 후 오늘 상승! 외국인 이탈에도 개인은 버텨야 할까?,trade_share,,,,,candidate_minimal,2026-02-27,2026-02-27,2,2,candidate_seen_pm,False,community:2026-02-27:t2:post:14:title_only:A053
RN_COMM_ON_20260917_v2,2026-02-27,2,A050,"[3, 4, 7, 12, 14]",1,title_only,False,False,사자-8925,고점 매도 성공! 외국인 이탈과 개인 매수 충돌 속에서의 선택,profit_share,,,,,candidate_minimal,2026-02-27,2026-02-27,2,2,candidate_seen_pm,False,community:2026-02-27:t2:post:1:title_only:A050
RN_COMM_ON_20260917_v2,2026-02-27,2,A050,"[3, 4, 7, 12, 14]",2,title_only,False,False,황소-1620,급등한 삼성전자는 일단 팔았습니다. 수익 확정!,profit_share,,,,,candidate_minimal,2026-02-27,2026-02-27,2,2,candidate_seen_pm,False,community:2026-02-27:t2:post:2:title_only:A050
RN_COMM_ON_20260917_v2,2026-02-27,2,A050,"[3, 4, 7, 12, 14]",3,title_only,True,False,돌고래-2979,"PER 10 배 초반의 매력, 외국인 매도에도 추가 매수",trade_share,,,,,candidate_minimal,2026-02-27,2026-02-27,2,2,candidate_seen_pm,False,community:2026-02-27:t2:post:3:title_only:A050
RN_COMM_ON_20260917_v2,2026-02-27,2,A050,"[3, 4, 7, 12, 14]",4,title_only,True,False,황소-4770,외국인 팔아치우는데 저는 또 사버렸습니다.. (개미의 자조),trade_share,,,,,candidate_minimal,2026-02-27,2026-02-27,2,2,candidate_seen_pm,False,community:2026-02-27:t2:post:4:title_only:A050
RN_COMM_ON_20260917_v2,2026-02-27,2,A050,"[3, 4, 7, 12, 14]",5,title_only,False,False,곰-8551,3% 뚫고 손절 없이 확정! 개미 잔치 속에서 차분히 수익 챙겼습니다.,profit_share,,,,,candidate_minimal,2026-02-27,2026-02-27,2,2,candidate_seen_pm,False,community:2026-02-27:t2:post:5:title_only:A050
RN_COMM_ON_20260917_v2,2026-02-27,2,A050,"[3, 4, 7, 12, 14]",6,title_only,False,False,황소-4980,전일 매수 후 오늘 3% 상승! 원칙이 검증된 하루,trade_share,,,,,candidate_minimal,2026-02-27,2026-02-27,2,2,candidate_seen_pm,False,community:2026-02-27:t2:post:6:title_only:A050
RN_COMM_ON_20260917_v2,2026-02-27,2,A050,"[3, 4, 7, 12, 14]",7,title_only,True,False,여우-1683,3% 차익 실현 완료! 과열 경계하며 일단 현금화,profit_share,,,,,candidate_minimal,2026-02-27,2026-02-27,2,2,candidate_seen_pm,False,community:2026-02-27:t2:post:7:title_only:A050
RN_COMM_ON_20260917_v2,2026-02-27,2,A050,"[3, 4, 7, 12, 14]",8,title_only,False,False,독수리-9332,3% 수익 확정! 원칙대로 팔았습니다. (삼성전자),profit_share,,,,,candidate_minimal,2026-02-27,2026-02-27,2,2,candidate_seen_pm,False,community:2026-02-27:t2:post:8:title_only:A050
RN_COMM_ON_20260917_v2,2026-02-27,2,A050,"[3, 4, 7, 12, 14]",9,title_only,False,False,황소-6990,20% 수익 목표 달성! 삼성전기 매도 완료 (500주),trade_share,,,,,candidate_minimal,2026-02-27,2026-02-27,2,2,candidate_seen_pm,False,community:2026-02-27:t2:post:9:title_only:A050
RN_COMM_ON_20260917_v2,2026-02-27,2,A050,"[3, 4, 7, 12, 14]",10,title_only,False,False,펭귄-5408,21 만 6 천 원에서 3% 땡겨낸 수익 확정!,profit_share,,,,,candidate_minimal,2026-02-27,2026-02-27,2,2,candidate_seen_pm,False,community:2026-02-27:t2:post:10:title_only:A050
RN_COMM_ON_20260917_v2,2026-02-27,2,A050,"[3, 4, 7, 12, 14]",11,title_only,False,False,독수리-1692,3% 수익 확정! 원칙 지키며 내 손에 쥐었다.,profit_share,,,,,candidate_minimal,2026-02-27,2026-02-27,2,2,candidate_seen_pm,False,community:2026-02-27:t2:post:11:title_only:A050
RN_COMM_ON_20260917_v2,2026-02-27,2,A050,"[3, 4, 7, 12, 14]",12,title_only,True,False,독수리-6722,급등 후 조정 때 팔아서 다행입니다 (삼성전자),trade_share,,,,,candidate_minimal,2026-02-27,2026-02-27,2,2,candidate_seen_pm,False,community:2026-02-27:t2:post:12:title_only:A050
RN_COMM_ON_20260917_v2,2026-02-27,2,A050,"[3, 4, 7, 12, 14]",13,title_only,False,False,곰-5671,"3% 수익 확정! 내재가치 투자, 단기 변동성엔 흔들리지 않음",profit_share,,,,,candidate_minimal,2026-02-27,2026-02-27,2,2,candidate_seen_pm,False,community:2026-02-27:t2:post:13:title_only:A050
RN_COMM_ON_20260917_v2,2026-02-27,2,A050,"[3, 4, 7, 12, 14]",14,title_only,True,False,늑대-3694,전일 매수 후 오늘 상승! 외국인 이탈에도 개인은 버텨야 할까?,trade_share,,,,,candidate_minimal,2026-02-27,2026-02-27,2,2,candidate_seen_pm,False,community:2026-02-27:t2:post:14:title_only:A050
RN_COMM_ON_20260917_v2,2026-02-27,2,A055,"[3, 4, 12, 14]",1,title_only,False,False,사자-8925,고점 매도 성공! 외국인 이탈과 개인 매수 충돌 속에서의 선택,profit_share,,,,,candidate_minimal,2026-02-27,2026-02-27,2,2,candidate_seen_pm,False,community:2026-02-27:t2:post:1:title_only:A055
RN_COMM_ON_20260917_v2,2026-02-27,2,A055,"[3, 4, 12, 14]",2,title_only,False,False,황소-1620,급등한 삼성전자는 일단 팔았습니다. 수익 확정!,profit_share,,,,,candidate_minimal,2026-02-27,2026-02-27,2,2,candidate_seen_pm,False,community:2026-02-27:t2:post:2:title_only:A055
RN_COMM_ON_20260917_v2,2026-02-27,2,A055,"[3, 4, 12, 14]",3,title_only,True,False,돌고래-2979,"PER 10 배 초반의 매력, 외국인 매도에도 추가 매수",trade_share,,,,,candidate_minimal,2026-02-27,2026-02-27,2,2,candidate_seen_pm,False,community:2026-02-27:t2:post:3:title_only:A055
RN_COMM_ON_20260917_v2,2026-02-27,2,A055,"[3, 4, 12, 14]",4,title_only,True,False,황소-4770,외국인 팔아치우는데 저는 또 사버렸습니다.. (개미의 자조),trade_share,,,,,candidate_minimal,2026-02-27,2026-02-27,2,2,candidate_seen_pm,False,community:2026-02-27:t2:post:4:title_only:A055
RN_COMM_ON_20260917_v2,2026-02-27,2,A055,"[3, 4, 12, 14]",5,title_only,False,False,곰-8551,3% 뚫고 손절 없이 확정! 개미 잔치 속에서 차분히 수익 챙겼습니다.,profit_share,,,,,candidate_minimal,2026-02-27,2026-02-27,2,2,candidate_seen_pm,False,community:2026-02-27:t2:post:5:title_only:A055
RN_COMM_ON_20260917_v2,2026-02-27,2,A055,"[3, 4, 12, 14]",7,title_only,False,False,여우-1683,3% 차익 실현 완료! 과열 경계하며 일단 현금화,profit_share,,,,,candidate_minimal,2026-02-27,2026-02-27,2,2,candidate_seen_pm,False,community:2026-02-27:t2:post:7:title_only:A055
RN_COMM_ON_20260917_v2,2026-02-27,2,A055,"[3, 4, 12, 14]",8,title_only,False,False,독수리-9332,3% 수익 확정! 원칙대로 팔았습니다. (삼성전자),profit_share,,,,,candidate_minimal,2026-02-27,2026-02-27,2,2,candidate_seen_pm,False,community:2026-02-27:t2:post:8:title_only:A055
RN_COMM_ON_20260917_v2,2026-02-27,2,A055,"[3, 4, 12, 14]",9,title_only,False,False,황소-6990,20% 수익 목표 달성! 삼성전기 매도 완료 (500주),trade_share,,,,,candidate_minimal,2026-02-27,2026-02-27,2,2,candidate_seen_pm,False,community:2026-02-27:t2:post:9:title_only:A055
RN_COMM_ON_20260917_v2,2026-02-27,2,A055,"[3, 4, 12, 14]",10,title_only,False,False,펭귄-5408,21 만 6 천 원에서 3% 땡겨낸 수익 확정!,profit_share,,,,,candidate_minimal,2026-02-27,2026-02-27,2,2,candidate_seen_pm,False,community:2026-02-27:t2:post:10:title_only:A055
RN_COMM_ON_20260917_v2,2026-02-27,2,A055,"[3, 4, 12, 14]",11,title_only,False,False,독수리-1692,3% 수익 확정! 원칙 지키며 내 손에 쥐었다.,profit_share,,,,,candidate_minimal,2026-02-27,2026-02-27,2,2,candidate_seen_pm,False,community:2026-02-27:t2:post:11:title_only:A055
RN_COMM_ON_20260917_v2,2026-02-27,2,A055,"[3, 4, 12, 14]",12,title_only,True,False,독수리-6722,급등 후 조정 때 팔아서 다행입니다 (삼성전자),trade_share,,,,,candidate_minimal,2026-02-27,2026-02-27,2,2,candidate_seen_pm,False,community:2026-02-27:t2:post:12:title_only:A055
RN_COMM_ON_20260917_v2,2026-02-27,2,A055,"[3, 4, 12, 14]",13,title_only,False,False,곰-5671,"3% 수익 확정! 내재가치 투자, 단기 변동성엔 흔들리지 않음",profit_share,,,,,candidate_minimal,2026-02-27,2026-02-27,2,2,candidate_seen_pm,False,community:2026-02-27:t2:post:13:title_only:A055
RN_COMM_ON_20260917_v2,2026-02-27,2,A055,"[3, 4, 12, 14]",14,title_only,True,False,늑대-3694,전일 매수 후 오늘 상승! 외국인 이탈에도 개인은 버텨야 할까?,trade_share,,,,,candidate_minimal,2026-02-27,2026-02-27,2,2,candidate_seen_pm,False,community:2026-02-27:t2:post:14:title_only:A055
RN_COMM_ON_20260917_v2,2026-02-27,2,A054,"[3, 4, 7, 12, 14]",1,title_only,False,False,사자-8925,고점 매도 성공! 외국인 이탈과 개인 매수 충돌 속에서의 선택,profit_share,,,,,candidate_minimal,2026-02-27,2026-02-27,2,2,candidate_seen_pm,False,community:2026-02-27:t2:post:1:title_only:A054
RN_COMM_ON_20260917_v2,2026-02-27,2,A054,"[3, 4, 7, 12, 14]",2,title_only,False,False,황소-1620,급등한 삼성전자는 일단 팔았습니다. 수익 확정!,profit_share,,,,,candidate_minimal,2026-02-27,2026-02-27,2,2,candidate_seen_pm,False,community:2026-02-27:t2:post:2:title_only:A054
RN_COMM_ON_20260917_v2,2026-02-27,2,A054,"[3, 4, 7, 12, 14]",3,title_only,True,False,돌고래-2979,"PER 10 배 초반의 매력, 외국인 매도에도 추가 매수",trade_share,,,,,candidate_minimal,2026-02-27,2026-02-27,2,2,candidate_seen_pm,False,community:2026-02-27:t2:post:3:title_only:A054
RN_COMM_ON_20260917_v2,2026-02-27,2,A054,"[3, 4, 7, 12, 14]",4,title_only,True,False,황소-4770,외국인 팔아치우는데 저는 또 사버렸습니다.. (개미의 자조),trade_share,,,,,candidate_minimal,2026-02-27,2026-02-27,2,2,candidate_seen_pm,False,community:2026-02-27:t2:post:4:title_only:A054
RN_COMM_ON_20260917_v2,2026-02-27,2,A054,"[3, 4, 7, 12, 14]",5,title_only,False,False,곰-8551,3% 뚫고 손절 없이 확정! 개미 잔치 속에서 차분히 수익 챙겼습니다.,profit_share,,,,,candidate_minimal,2026-02-27,2026-02-27,2,2,candidate_seen_pm,False,community:2026-02-27:t2:post:5:title_only:A054
RN_COMM_ON_20260917_v2,2026-02-27,2,A054,"[3, 4, 7, 12, 14]",6,title_only,False,False,황소-4980,전일 매수 후 오늘 3% 상승! 원칙이 검증된 하루,trade_share,,,,,candidate_minimal,2026-02-27,2026-02-27,2,2,candidate_seen_pm,False,community:2026-02-27:t2:post:6:title_only:A054
RN_COMM_ON_20260917_v2,2026-02-27,2,A054,"[3, 4, 7, 12, 14]",7,title_only,True,False,여우-1683,3% 차익 실현 완료! 과열 경계하며 일단 현금화,profit_share,,,,,candidate_minimal,2026-02-27,2026-02-27,2,2,candidate_seen_pm,False,community:2026-02-27:t2:post:7:title_only:A054
RN_COMM_ON_20260917_v2,2026-02-27,2,A054,"[3, 4, 7, 12, 14]",8,title_only,False,False,독수리-9332,3% 수익 확정! 원칙대로 팔았습니다. (삼성전자),profit_share,,,,,candidate_minimal,2026-02-27,2026-02-27,2,2,candidate_seen_pm,False,community:2026-02-27:t2:post:8:title_only:A054
RN_COMM_ON_20260917_v2,2026-02-27,2,A054,"[3, 4, 7, 12, 14]",9,title_only,False,False,황소-6990,20% 수익 목표 달성! 삼성전기 매도 완료 (500주),trade_share,,,,,candidate_minimal,2026-02-27,2026-02-27,2,2,candidate_seen_pm,False,community:2026-02-27:t2:post:9:title_only:A054
RN_COMM_ON_20260917_v2,2026-02-27,2,A054,"[3, 4, 7, 12, 14]",10,title_only,False,False,펭귄-5408,21 만 6 천 원에서 3% 땡겨낸 수익 확정!,profit_share,,,,,candidate_minimal,2026-02-27,2026-02-27,2,2,candidate_seen_pm,False,community:2026-02-27:t2:post:10:title_only:A054
RN_COMM_ON_20260917_v2,2026-02-27,2,A054,"[3, 4, 7, 12, 14]",11,title_only,False,False,독수리-1692,3% 수익 확정! 원칙 지키며 내 손에 쥐었다.,profit_share,,,,,candidate_minimal,2026-02-27,2026-02-27,2,2,candidate_seen_pm,False,community:2026-02-27:t2:post:11:title_only:A054
RN_COMM_ON_20260917_v2,2026-02-27,2,A054,"[3, 4, 7, 12, 14]",12,title_only,True,False,독수리-6722,급등 후 조정 때 팔아서 다행입니다 (삼성전자),trade_share,,,,,candidate_minimal,2026-02-27,2026-02-27,2,2,candidate_seen_pm,False,community:2026-02-27:t2:post:12:title_only:A054
RN_COMM_ON_20260917_v2,2026-02-27,2,A054,"[3, 4, 7, 12, 14]",13,title_only,False,False,곰-5671,"3% 수익 확정! 내재가치 투자, 단기 변동성엔 흔들리지 않음",profit_share,,,,,candidate_minimal,2026-02-27,2026-02-27,2,2,candidate_seen_pm,False,community:2026-02-27:t2:post:13:title_only:A054
RN_COMM_ON_20260917_v2,2026-02-27,2,A054,"[3, 4, 7, 12, 14]",14,title_only,True,False,늑대-3694,전일 매수 후 오늘 상승! 외국인 이탈에도 개인은 버텨야 할까?,trade_share,,,,,candidate_minimal,2026-02-27,2026-02-27,2,2,candidate_seen_pm,False,community:2026-02-27:t2:post:14:title_only:A054
RN_COMM_ON_20260917_v2,2026-02-27,2,A056,"[3, 4, 12, 14]",1,title_only,False,False,사자-8925,고점 매도 성공! 외국인 이탈과 개인 매수 충돌 속에서의 선택,profit_share,,,,,candidate_minimal,2026-02-27,2026-02-27,2,2,candidate_seen_pm,False,community:2026-02-27:t2:post:1:title_only:A056
RN_COMM_ON_20260917_v2,2026-02-27,2,A056,"[3, 4, 12, 14]",2,title_only,False,False,황소-1620,급등한 삼성전자는 일단 팔았습니다. 수익 확정!,profit_share,,,,,candidate_minimal,2026-02-27,2026-02-27,2,2,candidate_seen_pm,False,community:2026-02-27:t2:post:2:title_only:A056
RN_COMM_ON_20260917_v2,2026-02-27,2,A056,"[3, 4, 12, 14]",3,title_only,True,False,돌고래-2979,"PER 10 배 초반의 매력, 외국인 매도에도 추가 매수",trade_share,,,,,candidate_minimal,2026-02-27,2026-02-27,2,2,candidate_seen_pm,False,community:2026-02-27:t2:post:3:title_only:A056
RN_COMM_ON_20260917_v2,2026-02-27,2,A056,"[3, 4, 12, 14]",4,title_only,True,False,황소-4770,외국인 팔아치우는데 저는 또 사버렸습니다.. (개미의 자조),trade_share,,,,,candidate_minimal,2026-02-27,2026-02-27,2,2,candidate_seen_pm,False,community:2026-02-27:t2:post:4:title_only:A056
RN_COMM_ON_20260917_v2,2026-02-27,2,A056,"[3, 4, 12, 14]",5,title_only,False,False,곰-8551,3% 뚫고 손절 없이 확정! 개미 잔치 속에서 차분히 수익 챙겼습니다.,profit_share,,,,,candidate_minimal,2026-02-27,2026-02-27,2,2,candidate_seen_pm,False,community:2026-02-27:t2:post:5:title_only:A056
RN_COMM_ON_20260917_v2,2026-02-27,2,A056,"[3, 4, 12, 14]",6,title_only,False,False,황소-4980,전일 매수 후 오늘 3% 상승! 원칙이 검증된 하루,trade_share,,,,,candidate_minimal,2026-02-27,2026-02-27,2,2,candidate_seen_pm,False,community:2026-02-27:t2:post:6:title_only:A056
RN_COMM_ON_20260917_v2,2026-02-27,2,A056,"[3, 4, 12, 14]",8,title_only,False,False,독수리-9332,3% 수익 확정! 원칙대로 팔았습니다. (삼성전자),profit_share,,,,,candidate_minimal,2026-02-27,2026-02-27,2,2,candidate_seen_pm,False,community:2026-02-27:t2:post:8:title_only:A056
RN_COMM_ON_20260917_v2,2026-02-27,2,A056,"[3, 4, 12, 14]",9,title_only,False,False,황소-6990,20% 수익 목표 달성! 삼성전기 매도 완료 (500주),trade_share,,,,,candidate_minimal,2026-02-27,2026-02-27,2,2,candidate_seen_pm,False,community:2026-02-27:t2:post:9:title_only:A056
RN_COMM_ON_20260917_v2,2026-02-27,2,A056,"[3, 4, 12, 14]",10,title_only,False,False,펭귄-5408,21 만 6 천 원에서 3% 땡겨낸 수익 확정!,profit_share,,,,,candidate_minimal,2026-02-27,2026-02-27,2,2,candidate_seen_pm,False,community:2026-02-27:t2:post:10:title_only:A056
RN_COMM_ON_20260917_v2,2026-02-27,2,A056,"[3, 4, 12, 14]",11,title_only,False,False,독수리-1692,3% 수익 확정! 원칙 지키며 내 손에 쥐었다.,profit_share,,,,,candidate_minimal,2026-02-27,2026-02-27,2,2,candidate_seen_pm,False,community:2026-02-27:t2:post:11:title_only:A056
RN_COMM_ON_20260917_v2,2026-02-27,2,A056,"[3, 4, 12, 14]",12,title_only,True,False,독수리-6722,급등 후 조정 때 팔아서 다행입니다 (삼성전자),trade_share,,,,,candidate_minimal,2026-02-27,2026-02-27,2,2,candidate_seen_pm,False,community:2026-02-27:t2:post:12:title_only:A056
RN_COMM_ON_20260917_v2,2026-02-27,2,A056,"[3, 4, 12, 14]",13,title_only,False,False,곰-5671,"3% 수익 확정! 내재가치 투자, 단기 변동성엔 흔들리지 않음",profit_share,,,,,candidate_minimal,2026-02-27,2026-02-27,2,2,candidate_seen_pm,False,community:2026-02-27:t2:post:13:title_only:A056
RN_COMM_ON_20260917_v2,2026-02-27,2,A056,"[3, 4, 12, 14]",14,title_only,True,False,늑대-3694,전일 매수 후 오늘 상승! 외국인 이탈에도 개인은 버텨야 할까?,trade_share,,,,,candidate_minimal,2026-02-27,2026-02-27,2,2,candidate_seen_pm,False,community:2026-02-27:t2:post:14:title_only:A056
RN_COMM_ON_20260917_v2,2026-02-27,2,A059,"[3, 4, 7, 12, 14]",1,title_only,False,False,사자-8925,고점 매도 성공! 외국인 이탈과 개인 매수 충돌 속에서의 선택,profit_share,,,,,candidate_minimal,2026-02-27,2026-02-27,2,2,candidate_seen_pm,False,community:2026-02-27:t2:post:1:title_only:A059
RN_COMM_ON_20260917_v2,2026-02-27,2,A059,"[3, 4, 7, 12, 14]",2,title_only,False,False,황소-1620,급등한 삼성전자는 일단 팔았습니다. 수익 확정!,profit_share,,,,,candidate_minimal,2026-02-27,2026-02-27,2,2,candidate_seen_pm,False,community:2026-02-27:t2:post:2:title_only:A059
RN_COMM_ON_20260917_v2,2026-02-27,2,A059,"[3, 4, 7, 12, 14]",3,title_only,True,False,돌고래-2979,"PER 10 배 초반의 매력, 외국인 매도에도 추가 매수",trade_share,,,,,candidate_minimal,2026-02-27,2026-02-27,2,2,candidate_seen_pm,False,community:2026-02-27:t2:post:3:title_only:A059
RN_COMM_ON_20260917_v2,2026-02-27,2,A059,"[3, 4, 7, 12, 14]",4,title_only,True,False,황소-4770,외국인 팔아치우는데 저는 또 사버렸습니다.. (개미의 자조),trade_share,,,,,candidate_minimal,2026-02-27,2026-02-27,2,2,candidate_seen_pm,False,community:2026-02-27:t2:post:4:title_only:A059
RN_COMM_ON_20260917_v2,2026-02-27,2,A059,"[3, 4, 7, 12, 14]",5,title_only,False,False,곰-8551,3% 뚫고 손절 없이 확정! 개미 잔치 속에서 차분히 수익 챙겼습니다.,profit_share,,,,,candidate_minimal,2026-02-27,2026-02-27,2,2,candidate_seen_pm,False,community:2026-02-27:t2:post:5:title_only:A059
RN_COMM_ON_20260917_v2,2026-02-27,2,A059,"[3, 4, 7, 12, 14]",6,title_only,False,False,황소-4980,전일 매수 후 오늘 3% 상승! 원칙이 검증된 하루,trade_share,,,,,candidate_minimal,2026-02-27,2026-02-27,2,2,candidate_seen_pm,False,community:2026-02-27:t2:post:6:title_only:A059
RN_COMM_ON_20260917_v2,2026-02-27,2,A059,"[3, 4, 7, 12, 14]",7,title_only,True,False,여우-1683,3% 차익 실현 완료! 과열 경계하며 일단 현금화,profit_share,,,,,candidate_minimal,2026-02-27,2026-02-27,2,2,candidate_seen_pm,False,community:2026-02-27:t2:post:7:title_only:A059
RN_COMM_ON_20260917_v2,2026-02-27,2,A059,"[3, 4, 7, 12, 14]",8,title_only,False,False,독수리-9332,3% 수익 확정! 원칙대로 팔았습니다. (삼성전자),profit_share,,,,,candidate_minimal,2026-02-27,2026-02-27,2,2,candidate_seen_pm,False,community:2026-02-27:t2:post:8:title_only:A059
RN_COMM_ON_20260917_v2,2026-02-27,2,A059,"[3, 4, 7, 12, 14]",9,title_only,False,False,황소-6990,20% 수익 목표 달성! 삼성전기 매도 완료 (500주),trade_share,,,,,candidate_minimal,2026-02-27,2026-02-27,2,2,candidate_seen_pm,False,community:2026-02-27:t2:post:9:title_only:A059
RN_COMM_ON_20260917_v2,2026-02-27,2,A059,"[3, 4, 7, 12, 14]",10,title_only,False,False,펭귄-5408,21 만 6 천 원에서 3% 땡겨낸 수익 확정!,profit_share,,,,,candidate_minimal,2026-02-27,2026-02-27,2,2,candidate_seen_pm,False,community:2026-02-27:t2:post:10:title_only:A059
RN_COMM_ON_20260917_v2,2026-02-27,2,A059,"[3, 4, 7, 12, 14]",11,title_only,False,False,독수리-1692,3% 수익 확정! 원칙 지키며 내 손에 쥐었다.,profit_share,,,,,candidate_minimal,2026-02-27,2026-02-27,2,2,candidate_seen_pm,False,community:2026-02-27:t2:post:11:title_only:A059
RN_COMM_ON_20260917_v2,2026-02-27,2,A059,"[3, 4, 7, 12, 14]",12,title_only,True,False,독수리-6722,급등 후 조정 때 팔아서 다행입니다 (삼성전자),trade_share,,,,,candidate_minimal,2026-02-27,2026-02-27,2,2,candidate_seen_pm,False,community:2026-02-27:t2:post:12:title_only:A059
RN_COMM_ON_20260917_v2,2026-02-27,2,A059,"[3, 4, 7, 12, 14]",13,title_only,False,False,곰-5671,"3% 수익 확정! 내재가치 투자, 단기 변동성엔 흔들리지 않음",profit_share,,,,,candidate_minimal,2026-02-27,2026-02-27,2,2,candidate_seen_pm,False,community:2026-02-27:t2:post:13:title_only:A059
RN_COMM_ON_20260917_v2,2026-02-27,2,A059,"[3, 4, 7, 12, 14]",14,title_only,True,False,늑대-3694,전일 매수 후 오늘 상승! 외국인 이탈에도 개인은 버텨야 할까?,trade_share,,,,,candidate_minimal,2026-02-27,2026-02-27,2,2,candidate_seen_pm,False,community:2026-02-27:t2:post:14:title_only:A059
RN_COMM_ON_20260917_v2,2026-02-27,2,A061,"[3, 4, 7, 9, 12]",1,title_only,False,False,사자-8925,고점 매도 성공! 외국인 이탈과 개인 매수 충돌 속에서의 선택,profit_share,,,,,candidate_minimal,2026-02-27,2026-02-27,2,2,candidate_seen_pm,False,community:2026-02-27:t2:post:1:title_only:A061
RN_COMM_ON_20260917_v2,2026-02-27,2,A061,"[3, 4, 7, 9, 12]",2,title_only,False,False,황소-1620,급등한 삼성전자는 일단 팔았습니다. 수익 확정!,profit_share,,,,,candidate_minimal,2026-02-27,2026-02-27,2,2,candidate_seen_pm,False,community:2026-02-27:t2:post:2:title_only:A061
RN_COMM_ON_20260917_v2,2026-02-27,2,A061,"[3, 4, 7, 9, 12]",3,title_only,True,False,돌고래-2979,"PER 10 배 초반의 매력, 외국인 매도에도 추가 매수",trade_share,,,,,candidate_minimal,2026-02-27,2026-02-27,2,2,candidate_seen_pm,False,community:2026-02-27:t2:post:3:title_only:A061
RN_COMM_ON_20260917_v2,2026-02-27,2,A061,"[3, 4, 7, 9, 12]",4,title_only,True,False,황소-4770,외국인 팔아치우는데 저는 또 사버렸습니다.. (개미의 자조),trade_share,,,,,candidate_minimal,2026-02-27,2026-02-27,2,2,candidate_seen_pm,False,community:2026-02-27:t2:post:4:title_only:A061
RN_COMM_ON_20260917_v2,2026-02-27,2,A061,"[3, 4, 7, 9, 12]",5,title_only,False,False,곰-8551,3% 뚫고 손절 없이 확정! 개미 잔치 속에서 차분히 수익 챙겼습니다.,profit_share,,,,,candidate_minimal,2026-02-27,2026-02-27,2,2,candidate_seen_pm,False,community:2026-02-27:t2:post:5:title_only:A061
RN_COMM_ON_20260917_v2,2026-02-27,2,A061,"[3, 4, 7, 9, 12]",6,title_only,False,False,황소-4980,전일 매수 후 오늘 3% 상승! 원칙이 검증된 하루,trade_share,,,,,candidate_minimal,2026-02-27,2026-02-27,2,2,candidate_seen_pm,False,community:2026-02-27:t2:post:6:title_only:A061
RN_COMM_ON_20260917_v2,2026-02-27,2,A061,"[3, 4, 7, 9, 12]",7,title_only,True,False,여우-1683,3% 차익 실현 완료! 과열 경계하며 일단 현금화,profit_share,,,,,candidate_minimal,2026-02-27,2026-02-27,2,2,candidate_seen_pm,False,community:2026-02-27:t2:post:7:title_only:A061
RN_COMM_ON_20260917_v2,2026-02-27,2,A061,"[3, 4, 7, 9, 12]",8,title_only,False,False,독수리-9332,3% 수익 확정! 원칙대로 팔았습니다. (삼성전자),profit_share,,,,,candidate_minimal,2026-02-27,2026-02-27,2,2,candidate_seen_pm,False,community:2026-02-27:t2:post:8:title_only:A061
RN_COMM_ON_20260917_v2,2026-02-27,2,A061,"[3, 4, 7, 9, 12]",9,title_only,True,False,황소-6990,20% 수익 목표 달성! 삼성전기 매도 완료 (500주),trade_share,,,,,candidate_minimal,2026-02-27,2026-02-27,2,2,candidate_seen_pm,False,community:2026-02-27:t2:post:9:title_only:A061
RN_COMM_ON_20260917_v2,2026-02-27,2,A061,"[3, 4, 7, 9, 12]",10,title_only,False,False,펭귄-5408,21 만 6 천 원에서 3% 땡겨낸 수익 확정!,profit_share,,,,,candidate_minimal,2026-02-27,2026-02-27,2,2,candidate_seen_pm,False,community:2026-02-27:t2:post:10:title_only:A061
RN_COMM_ON_20260917_v2,2026-02-27,2,A061,"[3, 4, 7, 9, 12]",11,title_only,False,False,독수리-1692,3% 수익 확정! 원칙 지키며 내 손에 쥐었다.,profit_share,,,,,candidate_minimal,2026-02-27,2026-02-27,2,2,candidate_seen_pm,False,community:2026-02-27:t2:post:11:title_only:A061
RN_COMM_ON_20260917_v2,2026-02-27,2,A061,"[3, 4, 7, 9, 12]",12,title_only,True,False,독수리-6722,급등 후 조정 때 팔아서 다행입니다 (삼성전자),trade_share,,,,,candidate_minimal,2026-02-27,2026-02-27,2,2,candidate_seen_pm,False,community:2026-02-27:t2:post:12:title_only:A061
RN_COMM_ON_20260917_v2,2026-02-27,2,A061,"[3, 4, 7, 9, 12]",13,title_only,False,False,곰-5671,"3% 수익 확정! 내재가치 투자, 단기 변동성엔 흔들리지 않음",profit_share,,,,,candidate_minimal,2026-02-27,2026-02-27,2,2,candidate_seen_pm,False,community:2026-02-27:t2:post:13:title_only:A061
RN_COMM_ON_20260917_v2,2026-02-27,2,A061,"[3, 4, 7, 9, 12]",14,title_only,False,False,늑대-3694,전일 매수 후 오늘 상승! 외국인 이탈에도 개인은 버텨야 할까?,trade_share,,,,,candidate_minimal,2026-02-27,2026-02-27,2,2,candidate_seen_pm,False,community:2026-02-27:t2:post:14:title_only:A061
RN_COMM_ON_20260917_v2,2026-02-27,2,A064,"[3, 4, 7, 12, 14]",1,title_only,False,False,사자-8925,고점 매도 성공! 외국인 이탈과 개인 매수 충돌 속에서의 선택,profit_share,,,,,candidate_minimal,2026-02-27,2026-02-27,2,2,candidate_seen_pm,False,community:2026-02-27:t2:post:1:title_only:A064
RN_COMM_ON_20260917_v2,2026-02-27,2,A064,"[3, 4, 7, 12, 14]",2,title_only,False,False,황소-1620,급등한 삼성전자는 일단 팔았습니다. 수익 확정!,profit_share,,,,,candidate_minimal,2026-02-27,2026-02-27,2,2,candidate_seen_pm,False,community:2026-02-27:t2:post:2:title_only:A064
RN_COMM_ON_20260917_v2,2026-02-27,2,A064,"[3, 4, 7, 12, 14]",3,title_only,True,False,돌고래-2979,"PER 10 배 초반의 매력, 외국인 매도에도 추가 매수",trade_share,,,,,candidate_minimal,2026-02-27,2026-02-27,2,2,candidate_seen_pm,False,community:2026-02-27:t2:post:3:title_only:A064
RN_COMM_ON_20260917_v2,2026-02-27,2,A064,"[3, 4, 7, 12, 14]",4,title_only,True,False,황소-4770,외국인 팔아치우는데 저는 또 사버렸습니다.. (개미의 자조),trade_share,,,,,candidate_minimal,2026-02-27,2026-02-27,2,2,candidate_seen_pm,False,community:2026-02-27:t2:post:4:title_only:A064
RN_COMM_ON_20260917_v2,2026-02-27,2,A064,"[3, 4, 7, 12, 14]",5,title_only,False,False,곰-8551,3% 뚫고 손절 없이 확정! 개미 잔치 속에서 차분히 수익 챙겼습니다.,profit_share,,,,,candidate_minimal,2026-02-27,2026-02-27,2,2,candidate_seen_pm,False,community:2026-02-27:t2:post:5:title_only:A064
RN_COMM_ON_20260917_v2,2026-02-27,2,A064,"[3, 4, 7, 12, 14]",6,title_only,False,False,황소-4980,전일 매수 후 오늘 3% 상승! 원칙이 검증된 하루,trade_share,,,,,candidate_minimal,2026-02-27,2026-02-27,2,2,candidate_seen_pm,False,community:2026-02-27:t2:post:6:title_only:A064
RN_COMM_ON_20260917_v2,2026-02-27,2,A064,"[3, 4, 7, 12, 14]",7,title_only,True,False,여우-1683,3% 차익 실현 완료! 과열 경계하며 일단 현금화,profit_share,,,,,candidate_minimal,2026-02-27,2026-02-27,2,2,candidate_seen_pm,False,community:2026-02-27:t2:post:7:title_only:A064
RN_COMM_ON_20260917_v2,2026-02-27,2,A064,"[3, 4, 7, 12, 14]",8,title_only,False,False,독수리-9332,3% 수익 확정! 원칙대로 팔았습니다. (삼성전자),profit_share,,,,,candidate_minimal,2026-02-27,2026-02-27,2,2,candidate_seen_pm,False,community:2026-02-27:t2:post:8:title_only:A064
RN_COMM_ON_20260917_v2,2026-02-27,2,A064,"[3, 4, 7, 12, 14]",10,title_only,False,False,펭귄-5408,21 만 6 천 원에서 3% 땡겨낸 수익 확정!,profit_share,,,,,candidate_minimal,2026-02-27,2026-02-27,2,2,candidate_seen_pm,False,community:2026-02-27:t2:post:10:title_only:A064
RN_COMM_ON_20260917_v2,2026-02-27,2,A064,"[3, 4, 7, 12, 14]",11,title_only,False,False,독수리-1692,3% 수익 확정! 원칙 지키며 내 손에 쥐었다.,profit_share,,,,,candidate_minimal,2026-02-27,2026-02-27,2,2,candidate_seen_pm,False,community:2026-02-27:t2:post:11:title_only:A064
RN_COMM_ON_20260917_v2,2026-02-27,2,A064,"[3, 4, 7, 12, 14]",12,title_only,True,False,독수리-6722,급등 후 조정 때 팔아서 다행입니다 (삼성전자),trade_share,,,,,candidate_minimal,2026-02-27,2026-02-27,2,2,candidate_seen_pm,False,community:2026-02-27:t2:post:12:title_only:A064
RN_COMM_ON_20260917_v2,2026-02-27,2,A064,"[3, 4, 7, 12, 14]",13,title_only,False,False,곰-5671,"3% 수익 확정! 내재가치 투자, 단기 변동성엔 흔들리지 않음",profit_share,,,,,candidate_minimal,2026-02-27,2026-02-27,2,2,candidate_seen_pm,False,community:2026-02-27:t2:post:13:title_only:A064
RN_COMM_ON_20260917_v2,2026-02-27,2,A064,"[3, 4, 7, 12, 14]",14,title_only,True,False,늑대-3694,전일 매수 후 오늘 상승! 외국인 이탈에도 개인은 버텨야 할까?,trade_share,,,,,candidate_minimal,2026-02-27,2026-02-27,2,2,candidate_seen_pm,False,community:2026-02-27:t2:post:14:title_only:A064
RN_COMM_ON_20260917_v2,2026-02-27,2,A063,"[3, 4, 7, 12, 14]",1,title_only,False,False,사자-8925,고점 매도 성공! 외국인 이탈과 개인 매수 충돌 속에서의 선택,profit_share,,,,,candidate_minimal,2026-02-27,2026-02-27,2,2,candidate_seen_pm,False,community:2026-02-27:t2:post:1:title_only:A063
RN_COMM_ON_20260917_v2,2026-02-27,2,A063,"[3, 4, 7, 12, 14]",2,title_only,False,False,황소-1620,급등한 삼성전자는 일단 팔았습니다. 수익 확정!,profit_share,,,,,candidate_minimal,2026-02-27,2026-02-27,2,2,candidate_seen_pm,False,community:2026-02-27:t2:post:2:title_only:A063
RN_COMM_ON_20260917_v2,2026-02-27,2,A063,"[3, 4, 7, 12, 14]",3,title_only,True,False,돌고래-2979,"PER 10 배 초반의 매력, 외국인 매도에도 추가 매수",trade_share,,,,,candidate_minimal,2026-02-27,2026-02-27,2,2,candidate_seen_pm,False,community:2026-02-27:t2:post:3:title_only:A063
RN_COMM_ON_20260917_v2,2026-02-27,2,A063,"[3, 4, 7, 12, 14]",4,title_only,True,False,황소-4770,외국인 팔아치우는데 저는 또 사버렸습니다.. (개미의 자조),trade_share,,,,,candidate_minimal,2026-02-27,2026-02-27,2,2,candidate_seen_pm,False,community:2026-02-27:t2:post:4:title_only:A063
RN_COMM_ON_20260917_v2,2026-02-27,2,A063,"[3, 4, 7, 12, 14]",5,title_only,False,False,곰-8551,3% 뚫고 손절 없이 확정! 개미 잔치 속에서 차분히 수익 챙겼습니다.,profit_share,,,,,candidate_minimal,2026-02-27,2026-02-27,2,2,candidate_seen_pm,False,community:2026-02-27:t2:post:5:title_only:A063
RN_COMM_ON_20260917_v2,2026-02-27,2,A063,"[3, 4, 7, 12, 14]",6,title_only,False,False,황소-4980,전일 매수 후 오늘 3% 상승! 원칙이 검증된 하루,trade_share,,,,,candidate_minimal,2026-02-27,2026-02-27,2,2,candidate_seen_pm,False,community:2026-02-27:t2:post:6:title_only:A063
RN_COMM_ON_20260917_v2,2026-02-27,2,A063,"[3, 4, 7, 12, 14]",7,title_only,True,False,여우-1683,3% 차익 실현 완료! 과열 경계하며 일단 현금화,profit_share,,,,,candidate_minimal,2026-02-27,2026-02-27,2,2,candidate_seen_pm,False,community:2026-02-27:t2:post:7:title_only:A063
RN_COMM_ON_20260917_v2,2026-02-27,2,A063,"[3, 4, 7, 12, 14]",8,title_only,False,False,독수리-9332,3% 수익 확정! 원칙대로 팔았습니다. (삼성전자),profit_share,,,,,candidate_minimal,2026-02-27,2026-02-27,2,2,candidate_seen_pm,False,community:2026-02-27:t2:post:8:title_only:A063
RN_COMM_ON_20260917_v2,2026-02-27,2,A063,"[3, 4, 7, 12, 14]",9,title_only,False,False,황소-6990,20% 수익 목표 달성! 삼성전기 매도 완료 (500주),trade_share,,,,,candidate_minimal,2026-02-27,2026-02-27,2,2,candidate_seen_pm,False,community:2026-02-27:t2:post:9:title_only:A063
RN_COMM_ON_20260917_v2,2026-02-27,2,A063,"[3, 4, 7, 12, 14]",10,title_only,False,False,펭귄-5408,21 만 6 천 원에서 3% 땡겨낸 수익 확정!,profit_share,,,,,candidate_minimal,2026-02-27,2026-02-27,2,2,candidate_seen_pm,False,community:2026-02-27:t2:post:10:title_only:A063
RN_COMM_ON_20260917_v2,2026-02-27,2,A063,"[3, 4, 7, 12, 14]",11,title_only,False,False,독수리-1692,3% 수익 확정! 원칙 지키며 내 손에 쥐었다.,profit_share,,,,,candidate_minimal,2026-02-27,2026-02-27,2,2,candidate_seen_pm,False,community:2026-02-27:t2:post:11:title_only:A063
RN_COMM_ON_20260917_v2,2026-02-27,2,A063,"[3, 4, 7, 12, 14]",12,title_only,True,False,독수리-6722,급등 후 조정 때 팔아서 다행입니다 (삼성전자),trade_share,,,,,candidate_minimal,2026-02-27,2026-02-27,2,2,candidate_seen_pm,False,community:2026-02-27:t2:post:12:title_only:A063
RN_COMM_ON_20260917_v2,2026-02-27,2,A063,"[3, 4, 7, 12, 14]",13,title_only,False,False,곰-5671,"3% 수익 확정! 내재가치 투자, 단기 변동성엔 흔들리지 않음",profit_share,,,,,candidate_minimal,2026-02-27,2026-02-27,2,2,candidate_seen_pm,False,community:2026-02-27:t2:post:13:title_only:A063
RN_COMM_ON_20260917_v2,2026-02-27,2,A063,"[3, 4, 7, 12, 14]",14,title_only,True,False,늑대-3694,전일 매수 후 오늘 상승! 외국인 이탈에도 개인은 버텨야 할까?,trade_share,,,,,candidate_minimal,2026-02-27,2026-02-27,2,2,candidate_seen_pm,False,community:2026-02-27:t2:post:14:title_only:A063
RN_COMM_ON_20260917_v2,2026-02-27,2,A066,"[3, 4, 7, 12, 14]",1,title_only,False,False,사자-8925,고점 매도 성공! 외국인 이탈과 개인 매수 충돌 속에서의 선택,profit_share,,,,,candidate_minimal,2026-02-27,2026-02-27,2,2,candidate_seen_pm,False,community:2026-02-27:t2:post:1:title_only:A066
RN_COMM_ON_20260917_v2,2026-02-27,2,A066,"[3, 4, 7, 12, 14]",2,title_only,False,False,황소-1620,급등한 삼성전자는 일단 팔았습니다. 수익 확정!,profit_share,,,,,candidate_minimal,2026-02-27,2026-02-27,2,2,candidate_seen_pm,False,community:2026-02-27:t2:post:2:title_only:A066
RN_COMM_ON_20260917_v2,2026-02-27,2,A066,"[3, 4, 7, 12, 14]",3,title_only,True,False,돌고래-2979,"PER 10 배 초반의 매력, 외국인 매도에도 추가 매수",trade_share,,,,,candidate_minimal,2026-02-27,2026-02-27,2,2,candidate_seen_pm,False,community:2026-02-27:t2:post:3:title_only:A066
RN_COMM_ON_20260917_v2,2026-02-27,2,A066,"[3, 4, 7, 12, 14]",4,title_only,True,False,황소-4770,외국인 팔아치우는데 저는 또 사버렸습니다.. (개미의 자조),trade_share,,,,,candidate_minimal,2026-02-27,2026-02-27,2,2,candidate_seen_pm,False,community:2026-02-27:t2:post:4:title_only:A066
RN_COMM_ON_20260917_v2,2026-02-27,2,A066,"[3, 4, 7, 12, 14]",5,title_only,False,False,곰-8551,3% 뚫고 손절 없이 확정! 개미 잔치 속에서 차분히 수익 챙겼습니다.,profit_share,,,,,candidate_minimal,2026-02-27,2026-02-27,2,2,candidate_seen_pm,False,community:2026-02-27:t2:post:5:title_only:A066
RN_COMM_ON_20260917_v2,2026-02-27,2,A066,"[3, 4, 7, 12, 14]",6,title_only,False,False,황소-4980,전일 매수 후 오늘 3% 상승! 원칙이 검증된 하루,trade_share,,,,,candidate_minimal,2026-02-27,2026-02-27,2,2,candidate_seen_pm,False,community:2026-02-27:t2:post:6:title_only:A066
RN_COMM_ON_20260917_v2,2026-02-27,2,A066,"[3, 4, 7, 12, 14]",7,title_only,True,False,여우-1683,3% 차익 실현 완료! 과열 경계하며 일단 현금화,profit_share,,,,,candidate_minimal,2026-02-27,2026-02-27,2,2,candidate_seen_pm,False,community:2026-02-27:t2:post:7:title_only:A066
RN_COMM_ON_20260917_v2,2026-02-27,2,A066,"[3, 4, 7, 12, 14]",8,title_only,False,False,독수리-9332,3% 수익 확정! 원칙대로 팔았습니다. (삼성전자),profit_share,,,,,candidate_minimal,2026-02-27,2026-02-27,2,2,candidate_seen_pm,False,community:2026-02-27:t2:post:8:title_only:A066
RN_COMM_ON_20260917_v2,2026-02-27,2,A066,"[3, 4, 7, 12, 14]",9,title_only,False,False,황소-6990,20% 수익 목표 달성! 삼성전기 매도 완료 (500주),trade_share,,,,,candidate_minimal,2026-02-27,2026-02-27,2,2,candidate_seen_pm,False,community:2026-02-27:t2:post:9:title_only:A066
RN_COMM_ON_20260917_v2,2026-02-27,2,A066,"[3, 4, 7, 12, 14]",10,title_only,False,False,펭귄-5408,21 만 6 천 원에서 3% 땡겨낸 수익 확정!,profit_share,,,,,candidate_minimal,2026-02-27,2026-02-27,2,2,candidate_seen_pm,False,community:2026-02-27:t2:post:10:title_only:A066
RN_COMM_ON_20260917_v2,2026-02-27,2,A066,"[3, 4, 7, 12, 14]",11,title_only,False,False,독수리-1692,3% 수익 확정! 원칙 지키며 내 손에 쥐었다.,profit_share,,,,,candidate_minimal,2026-02-27,2026-02-27,2,2,candidate_seen_pm,False,community:2026-02-27:t2:post:11:title_only:A066
RN_COMM_ON_20260917_v2,2026-02-27,2,A066,"[3, 4, 7, 12, 14]",12,title_only,True,False,독수리-6722,급등 후 조정 때 팔아서 다행입니다 (삼성전자),trade_share,,,,,candidate_minimal,2026-02-27,2026-02-27,2,2,candidate_seen_pm,False,community:2026-02-27:t2:post:12:title_only:A066
RN_COMM_ON_20260917_v2,2026-02-27,2,A066,"[3, 4, 7, 12, 14]",13,title_only,False,False,곰-5671,"3% 수익 확정! 내재가치 투자, 단기 변동성엔 흔들리지 않음",profit_share,,,,,candidate_minimal,2026-02-27,2026-02-27,2,2,candidate_seen_pm,False,community:2026-02-27:t2:post:13:title_only:A066
RN_COMM_ON_20260917_v2,2026-02-27,2,A066,"[3, 4, 7, 12, 14]",14,title_only,True,False,늑대-3694,전일 매수 후 오늘 상승! 외국인 이탈에도 개인은 버텨야 할까?,trade_share,,,,,candidate_minimal,2026-02-27,2026-02-27,2,2,candidate_seen_pm,False,community:2026-02-27:t2:post:14:title_only:A066
RN_COMM_ON_20260917_v2,2026-02-27,2,A065,"[3, 4, 7, 12, 14]",1,title_only,False,False,사자-8925,고점 매도 성공! 외국인 이탈과 개인 매수 충돌 속에서의 선택,profit_share,,,,,candidate_minimal,2026-02-27,2026-02-27,2,2,candidate_seen_pm,False,community:2026-02-27:t2:post:1:title_only:A065
RN_COMM_ON_20260917_v2,2026-02-27,2,A065,"[3, 4, 7, 12, 14]",2,title_only,False,False,황소-1620,급등한 삼성전자는 일단 팔았습니다. 수익 확정!,profit_share,,,,,candidate_minimal,2026-02-27,2026-02-27,2,2,candidate_seen_pm,False,community:2026-02-27:t2:post:2:title_only:A065
RN_COMM_ON_20260917_v2,2026-02-27,2,A065,"[3, 4, 7, 12, 14]",3,title_only,True,False,돌고래-2979,"PER 10 배 초반의 매력, 외국인 매도에도 추가 매수",trade_share,,,,,candidate_minimal,2026-02-27,2026-02-27,2,2,candidate_seen_pm,False,community:2026-02-27:t2:post:3:title_only:A065
RN_COMM_ON_20260917_v2,2026-02-27,2,A065,"[3, 4, 7, 12, 14]",4,title_only,True,False,황소-4770,외국인 팔아치우는데 저는 또 사버렸습니다.. (개미의 자조),trade_share,,,,,candidate_minimal,2026-02-27,2026-02-27,2,2,candidate_seen_pm,False,community:2026-02-27:t2:post:4:title_only:A065
RN_COMM_ON_20260917_v2,2026-02-27,2,A065,"[3, 4, 7, 12, 14]",5,title_only,False,False,곰-8551,3% 뚫고 손절 없이 확정! 개미 잔치 속에서 차분히 수익 챙겼습니다.,profit_share,,,,,candidate_minimal,2026-02-27,2026-02-27,2,2,candidate_seen_pm,False,community:2026-02-27:t2:post:5:title_only:A065
RN_COMM_ON_20260917_v2,2026-02-27,2,A065,"[3, 4, 7, 12, 14]",6,title_only,False,False,황소-4980,전일 매수 후 오늘 3% 상승! 원칙이 검증된 하루,trade_share,,,,,candidate_minimal,2026-02-27,2026-02-27,2,2,candidate_seen_pm,False,community:2026-02-27:t2:post:6:title_only:A065
RN_COMM_ON_20260917_v2,2026-02-27,2,A065,"[3, 4, 7, 12, 14]",7,title_only,True,False,여우-1683,3% 차익 실현 완료! 과열 경계하며 일단 현금화,profit_share,,,,,candidate_minimal,2026-02-27,2026-02-27,2,2,candidate_seen_pm,False,community:2026-02-27:t2:post:7:title_only:A065
RN_COMM_ON_20260917_v2,2026-02-27,2,A065,"[3, 4, 7, 12, 14]",8,title_only,False,False,독수리-9332,3% 수익 확정! 원칙대로 팔았습니다. (삼성전자),profit_share,,,,,candidate_minimal,2026-02-27,2026-02-27,2,2,candidate_seen_pm,False,community:2026-02-27:t2:post:8:title_only:A065
RN_COMM_ON_20260917_v2,2026-02-27,2,A065,"[3, 4, 7, 12, 14]",9,title_only,False,False,황소-6990,20% 수익 목표 달성! 삼성전기 매도 완료 (500주),trade_share,,,,,candidate_minimal,2026-02-27,2026-02-27,2,2,candidate_seen_pm,False,community:2026-02-27:t2:post:9:title_only:A065
RN_COMM_ON_20260917_v2,2026-02-27,2,A065,"[3, 4, 7, 12, 14]",10,title_only,False,False,펭귄-5408,21 만 6 천 원에서 3% 땡겨낸 수익 확정!,profit_share,,,,,candidate_minimal,2026-02-27,2026-02-27,2,2,candidate_seen_pm,False,community:2026-02-27:t2:post:10:title_only:A065
RN_COMM_ON_20260917_v2,2026-02-27,2,A065,"[3, 4, 7, 12, 14]",11,title_only,False,False,독수리-1692,3% 수익 확정! 원칙 지키며 내 손에 쥐었다.,profit_share,,,,,candidate_minimal,2026-02-27,2026-02-27,2,2,candidate_seen_pm,False,community:2026-02-27:t2:post:11:title_only:A065
RN_COMM_ON_20260917_v2,2026-02-27,2,A065,"[3, 4, 7, 12, 14]",12,title_only,True,False,독수리-6722,급등 후 조정 때 팔아서 다행입니다 (삼성전자),trade_share,,,,,candidate_minimal,2026-02-27,2026-02-27,2,2,candidate_seen_pm,False,community:2026-02-27:t2:post:12:title_only:A065
RN_COMM_ON_20260917_v2,2026-02-27,2,A065,"[3, 4, 7, 12, 14]",13,title_only,False,False,곰-5671,"3% 수익 확정! 내재가치 투자, 단기 변동성엔 흔들리지 않음",profit_share,,,,,candidate_minimal,2026-02-27,2026-02-27,2,2,candidate_seen_pm,False,community:2026-02-27:t2:post:13:title_only:A065
RN_COMM_ON_20260917_v2,2026-02-27,2,A065,"[3, 4, 7, 12, 14]",14,title_only,True,False,늑대-3694,전일 매수 후 오늘 상승! 외국인 이탈에도 개인은 버텨야 할까?,trade_share,,,,,candidate_minimal,2026-02-27,2026-02-27,2,2,candidate_seen_pm,False,community:2026-02-27:t2:post:14:title_only:A065
RN_COMM_ON_20260917_v2,2026-02-27,2,A070,"[3, 4, 7, 12, 14]",1,title_only,False,False,사자-8925,고점 매도 성공! 외국인 이탈과 개인 매수 충돌 속에서의 선택,profit_share,,,,,candidate_minimal,2026-02-27,2026-02-27,2,2,candidate_seen_pm,False,community:2026-02-27:t2:post:1:title_only:A070
RN_COMM_ON_20260917_v2,2026-02-27,2,A070,"[3, 4, 7, 12, 14]",2,title_only,False,False,황소-1620,급등한 삼성전자는 일단 팔았습니다. 수익 확정!,profit_share,,,,,candidate_minimal,2026-02-27,2026-02-27,2,2,candidate_seen_pm,False,community:2026-02-27:t2:post:2:title_only:A070
RN_COMM_ON_20260917_v2,2026-02-27,2,A070,"[3, 4, 7, 12, 14]",3,title_only,True,False,돌고래-2979,"PER 10 배 초반의 매력, 외국인 매도에도 추가 매수",trade_share,,,,,candidate_minimal,2026-02-27,2026-02-27,2,2,candidate_seen_pm,False,community:2026-02-27:t2:post:3:title_only:A070
RN_COMM_ON_20260917_v2,2026-02-27,2,A070,"[3, 4, 7, 12, 14]",4,title_only,True,False,황소-4770,외국인 팔아치우는데 저는 또 사버렸습니다.. (개미의 자조),trade_share,,,,,candidate_minimal,2026-02-27,2026-02-27,2,2,candidate_seen_pm,False,community:2026-02-27:t2:post:4:title_only:A070
RN_COMM_ON_20260917_v2,2026-02-27,2,A070,"[3, 4, 7, 12, 14]",5,title_only,False,False,곰-8551,3% 뚫고 손절 없이 확정! 개미 잔치 속에서 차분히 수익 챙겼습니다.,profit_share,,,,,candidate_minimal,2026-02-27,2026-02-27,2,2,candidate_seen_pm,False,community:2026-02-27:t2:post:5:title_only:A070
RN_COMM_ON_20260917_v2,2026-02-27,2,A070,"[3, 4, 7, 12, 14]",6,title_only,False,False,황소-4980,전일 매수 후 오늘 3% 상승! 원칙이 검증된 하루,trade_share,,,,,candidate_minimal,2026-02-27,2026-02-27,2,2,candidate_seen_pm,False,community:2026-02-27:t2:post:6:title_only:A070
RN_COMM_ON_20260917_v2,2026-02-27,2,A070,"[3, 4, 7, 12, 14]",7,title_only,True,False,여우-1683,3% 차익 실현 완료! 과열 경계하며 일단 현금화,profit_share,,,,,candidate_minimal,2026-02-27,2026-02-27,2,2,candidate_seen_pm,False,community:2026-02-27:t2:post:7:title_only:A070
RN_COMM_ON_20260917_v2,2026-02-27,2,A070,"[3, 4, 7, 12, 14]",8,title_only,False,False,독수리-9332,3% 수익 확정! 원칙대로 팔았습니다. (삼성전자),profit_share,,,,,candidate_minimal,2026-02-27,2026-02-27,2,2,candidate_seen_pm,False,community:2026-02-27:t2:post:8:title_only:A070
RN_COMM_ON_20260917_v2,2026-02-27,2,A070,"[3, 4, 7, 12, 14]",9,title_only,False,False,황소-6990,20% 수익 목표 달성! 삼성전기 매도 완료 (500주),trade_share,,,,,candidate_minimal,2026-02-27,2026-02-27,2,2,candidate_seen_pm,False,community:2026-02-27:t2:post:9:title_only:A070
RN_COMM_ON_20260917_v2,2026-02-27,2,A070,"[3, 4, 7, 12, 14]",10,title_only,False,False,펭귄-5408,21 만 6 천 원에서 3% 땡겨낸 수익 확정!,profit_share,,,,,candidate_minimal,2026-02-27,2026-02-27,2,2,candidate_seen_pm,False,community:2026-02-27:t2:post:10:title_only:A070
RN_COMM_ON_20260917_v2,2026-02-27,2,A070,"[3, 4, 7, 12, 14]",11,title_only,False,False,독수리-1692,3% 수익 확정! 원칙 지키며 내 손에 쥐었다.,profit_share,,,,,candidate_minimal,2026-02-27,2026-02-27,2,2,candidate_seen_pm,False,community:2026-02-27:t2:post:11:title_only:A070
RN_COMM_ON_20260917_v2,2026-02-27,2,A070,"[3, 4, 7, 12, 14]",12,title_only,True,False,독수리-6722,급등 후 조정 때 팔아서 다행입니다 (삼성전자),trade_share,,,,,candidate_minimal,2026-02-27,2026-02-27,2,2,candidate_seen_pm,False,community:2026-02-27:t2:post:12:title_only:A070
RN_COMM_ON_20260917_v2,2026-02-27,2,A070,"[3, 4, 7, 12, 14]",13,title_only,False,False,곰-5671,"3% 수익 확정! 내재가치 투자, 단기 변동성엔 흔들리지 않음",profit_share,,,,,candidate_minimal,2026-02-27,2026-02-27,2,2,candidate_seen_pm,False,community:2026-02-27:t2:post:13:title_only:A070
RN_COMM_ON_20260917_v2,2026-02-27,2,A070,"[3, 4, 7, 12, 14]",14,title_only,True,False,늑대-3694,전일 매수 후 오늘 상승! 외국인 이탈에도 개인은 버텨야 할까?,trade_share,,,,,candidate_minimal,2026-02-27,2026-02-27,2,2,candidate_seen_pm,False,community:2026-02-27:t2:post:14:title_only:A070
RN_COMM_ON_20260917_v2,2026-02-27,2,A069,"[3, 4, 7, 12, 14]",1,title_only,False,False,사자-8925,고점 매도 성공! 외국인 이탈과 개인 매수 충돌 속에서의 선택,profit_share,,,,,candidate_minimal,2026-02-27,2026-02-27,2,2,candidate_seen_pm,False,community:2026-02-27:t2:post:1:title_only:A069
RN_COMM_ON_20260917_v2,2026-02-27,2,A069,"[3, 4, 7, 12, 14]",2,title_only,False,False,황소-1620,급등한 삼성전자는 일단 팔았습니다. 수익 확정!,profit_share,,,,,candidate_minimal,2026-02-27,2026-02-27,2,2,candidate_seen_pm,False,community:2026-02-27:t2:post:2:title_only:A069
RN_COMM_ON_20260917_v2,2026-02-27,2,A069,"[3, 4, 7, 12, 14]",3,title_only,True,False,돌고래-2979,"PER 10 배 초반의 매력, 외국인 매도에도 추가 매수",trade_share,,,,,candidate_minimal,2026-02-27,2026-02-27,2,2,candidate_seen_pm,False,community:2026-02-27:t2:post:3:title_only:A069
RN_COMM_ON_20260917_v2,2026-02-27,2,A069,"[3, 4, 7, 12, 14]",4,title_only,True,False,황소-4770,외국인 팔아치우는데 저는 또 사버렸습니다.. (개미의 자조),trade_share,,,,,candidate_minimal,2026-02-27,2026-02-27,2,2,candidate_seen_pm,False,community:2026-02-27:t2:post:4:title_only:A069
RN_COMM_ON_20260917_v2,2026-02-27,2,A069,"[3, 4, 7, 12, 14]",5,title_only,False,False,곰-8551,3% 뚫고 손절 없이 확정! 개미 잔치 속에서 차분히 수익 챙겼습니다.,profit_share,,,,,candidate_minimal,2026-02-27,2026-02-27,2,2,candidate_seen_pm,False,community:2026-02-27:t2:post:5:title_only:A069
RN_COMM_ON_20260917_v2,2026-02-27,2,A069,"[3, 4, 7, 12, 14]",6,title_only,False,False,황소-4980,전일 매수 후 오늘 3% 상승! 원칙이 검증된 하루,trade_share,,,,,candidate_minimal,2026-02-27,2026-02-27,2,2,candidate_seen_pm,False,community:2026-02-27:t2:post:6:title_only:A069
RN_COMM_ON_20260917_v2,2026-02-27,2,A069,"[3, 4, 7, 12, 14]",7,title_only,True,False,여우-1683,3% 차익 실현 완료! 과열 경계하며 일단 현금화,profit_share,,,,,candidate_minimal,2026-02-27,2026-02-27,2,2,candidate_seen_pm,False,community:2026-02-27:t2:post:7:title_only:A069
RN_COMM_ON_20260917_v2,2026-02-27,2,A069,"[3, 4, 7, 12, 14]",8,title_only,False,False,독수리-9332,3% 수익 확정! 원칙대로 팔았습니다. (삼성전자),profit_share,,,,,candidate_minimal,2026-02-27,2026-02-27,2,2,candidate_seen_pm,False,community:2026-02-27:t2:post:8:title_only:A069
RN_COMM_ON_20260917_v2,2026-02-27,2,A069,"[3, 4, 7, 12, 14]",9,title_only,False,False,황소-6990,20% 수익 목표 달성! 삼성전기 매도 완료 (500주),trade_share,,,,,candidate_minimal,2026-02-27,2026-02-27,2,2,candidate_seen_pm,False,community:2026-02-27:t2:post:9:title_only:A069
RN_COMM_ON_20260917_v2,2026-02-27,2,A069,"[3, 4, 7, 12, 14]",10,title_only,False,False,펭귄-5408,21 만 6 천 원에서 3% 땡겨낸 수익 확정!,profit_share,,,,,candidate_minimal,2026-02-27,2026-02-27,2,2,candidate_seen_pm,False,community:2026-02-27:t2:post:10:title_only:A069
RN_COMM_ON_20260917_v2,2026-02-27,2,A069,"[3, 4, 7, 12, 14]",11,title_only,False,False,독수리-1692,3% 수익 확정! 원칙 지키며 내 손에 쥐었다.,profit_share,,,,,candidate_minimal,2026-02-27,2026-02-27,2,2,candidate_seen_pm,False,community:2026-02-27:t2:post:11:title_only:A069
RN_COMM_ON_20260917_v2,2026-02-27,2,A069,"[3, 4, 7, 12, 14]",12,title_only,True,False,독수리-6722,급등 후 조정 때 팔아서 다행입니다 (삼성전자),trade_share,,,,,candidate_minimal,2026-02-27,2026-02-27,2,2,candidate_seen_pm,False,community:2026-02-27:t2:post:12:title_only:A069
RN_COMM_ON_20260917_v2,2026-02-27,2,A069,"[3, 4, 7, 12, 14]",13,title_only,False,False,곰-5671,"3% 수익 확정! 내재가치 투자, 단기 변동성엔 흔들리지 않음",profit_share,,,,,candidate_minimal,2026-02-27,2026-02-27,2,2,candidate_seen_pm,False,community:2026-02-27:t2:post:13:title_only:A069
RN_COMM_ON_20260917_v2,2026-02-27,2,A069,"[3, 4, 7, 12, 14]",14,title_only,True,False,늑대-3694,전일 매수 후 오늘 상승! 외국인 이탈에도 개인은 버텨야 할까?,trade_share,,,,,candidate_minimal,2026-02-27,2026-02-27,2,2,candidate_seen_pm,False,community:2026-02-27:t2:post:14:title_only:A069
RN_COMM_ON_20260917_v2,2026-02-27,2,A071,"[3, 4, 7, 12, 14]",1,title_only,False,False,사자-8925,고점 매도 성공! 외국인 이탈과 개인 매수 충돌 속에서의 선택,profit_share,,,,,candidate_minimal,2026-02-27,2026-02-27,2,2,candidate_seen_pm,False,community:2026-02-27:t2:post:1:title_only:A071
RN_COMM_ON_20260917_v2,2026-02-27,2,A071,"[3, 4, 7, 12, 14]",2,title_only,False,False,황소-1620,급등한 삼성전자는 일단 팔았습니다. 수익 확정!,profit_share,,,,,candidate_minimal,2026-02-27,2026-02-27,2,2,candidate_seen_pm,False,community:2026-02-27:t2:post:2:title_only:A071
RN_COMM_ON_20260917_v2,2026-02-27,2,A071,"[3, 4, 7, 12, 14]",3,title_only,True,False,돌고래-2979,"PER 10 배 초반의 매력, 외국인 매도에도 추가 매수",trade_share,,,,,candidate_minimal,2026-02-27,2026-02-27,2,2,candidate_seen_pm,False,community:2026-02-27:t2:post:3:title_only:A071
RN_COMM_ON_20260917_v2,2026-02-27,2,A071,"[3, 4, 7, 12, 14]",4,title_only,True,False,황소-4770,외국인 팔아치우는데 저는 또 사버렸습니다.. (개미의 자조),trade_share,,,,,candidate_minimal,2026-02-27,2026-02-27,2,2,candidate_seen_pm,False,community:2026-02-27:t2:post:4:title_only:A071
RN_COMM_ON_20260917_v2,2026-02-27,2,A071,"[3, 4, 7, 12, 14]",5,title_only,False,False,곰-8551,3% 뚫고 손절 없이 확정! 개미 잔치 속에서 차분히 수익 챙겼습니다.,profit_share,,,,,candidate_minimal,2026-02-27,2026-02-27,2,2,candidate_seen_pm,False,community:2026-02-27:t2:post:5:title_only:A071
RN_COMM_ON_20260917_v2,2026-02-27,2,A071,"[3, 4, 7, 12, 14]",6,title_only,False,False,황소-4980,전일 매수 후 오늘 3% 상승! 원칙이 검증된 하루,trade_share,,,,,candidate_minimal,2026-02-27,2026-02-27,2,2,candidate_seen_pm,False,community:2026-02-27:t2:post:6:title_only:A071
RN_COMM_ON_20260917_v2,2026-02-27,2,A071,"[3, 4, 7, 12, 14]",7,title_only,True,False,여우-1683,3% 차익 실현 완료! 과열 경계하며 일단 현금화,profit_share,,,,,candidate_minimal,2026-02-27,2026-02-27,2,2,candidate_seen_pm,False,community:2026-02-27:t2:post:7:title_only:A071
RN_COMM_ON_20260917_v2,2026-02-27,2,A071,"[3, 4, 7, 12, 14]",8,title_only,False,False,독수리-9332,3% 수익 확정! 원칙대로 팔았습니다. (삼성전자),profit_share,,,,,candidate_minimal,2026-02-27,2026-02-27,2,2,candidate_seen_pm,False,community:2026-02-27:t2:post:8:title_only:A071
RN_COMM_ON_20260917_v2,2026-02-27,2,A071,"[3, 4, 7, 12, 14]",9,title_only,False,False,황소-6990,20% 수익 목표 달성! 삼성전기 매도 완료 (500주),trade_share,,,,,candidate_minimal,2026-02-27,2026-02-27,2,2,candidate_seen_pm,False,community:2026-02-27:t2:post:9:title_only:A071
RN_COMM_ON_20260917_v2,2026-02-27,2,A071,"[3, 4, 7, 12, 14]",11,title_only,False,False,독수리-1692,3% 수익 확정! 원칙 지키며 내 손에 쥐었다.,profit_share,,,,,candidate_minimal,2026-02-27,2026-02-27,2,2,candidate_seen_pm,False,community:2026-02-27:t2:post:11:title_only:A071
RN_COMM_ON_20260917_v2,2026-02-27,2,A071,"[3, 4, 7, 12, 14]",12,title_only,True,False,독수리-6722,급등 후 조정 때 팔아서 다행입니다 (삼성전자),trade_share,,,,,candidate_minimal,2026-02-27,2026-02-27,2,2,candidate_seen_pm,False,community:2026-02-27:t2:post:12:title_only:A071
RN_COMM_ON_20260917_v2,2026-02-27,2,A071,"[3, 4, 7, 12, 14]",13,title_only,False,False,곰-5671,"3% 수익 확정! 내재가치 투자, 단기 변동성엔 흔들리지 않음",profit_share,,,,,candidate_minimal,2026-02-27,2026-02-27,2,2,candidate_seen_pm,False,community:2026-02-27:t2:post:13:title_only:A071
RN_COMM_ON_20260917_v2,2026-02-27,2,A071,"[3, 4, 7, 12, 14]",14,title_only,True,False,늑대-3694,전일 매수 후 오늘 상승! 외국인 이탈에도 개인은 버텨야 할까?,trade_share,,,,,candidate_minimal,2026-02-27,2026-02-27,2,2,candidate_seen_pm,False,community:2026-02-27:t2:post:14:title_only:A071
RN_COMM_ON_20260917_v2,2026-02-27,2,A073,"[3, 4, 6, 9, 12]",1,title_only,False,False,사자-8925,고점 매도 성공! 외국인 이탈과 개인 매수 충돌 속에서의 선택,profit_share,,,,,candidate_minimal,2026-02-27,2026-02-27,2,2,candidate_seen_pm,False,community:2026-02-27:t2:post:1:title_only:A073
RN_COMM_ON_20260917_v2,2026-02-27,2,A073,"[3, 4, 6, 9, 12]",2,title_only,False,False,황소-1620,급등한 삼성전자는 일단 팔았습니다. 수익 확정!,profit_share,,,,,candidate_minimal,2026-02-27,2026-02-27,2,2,candidate_seen_pm,False,community:2026-02-27:t2:post:2:title_only:A073
RN_COMM_ON_20260917_v2,2026-02-27,2,A073,"[3, 4, 6, 9, 12]",3,title_only,True,False,돌고래-2979,"PER 10 배 초반의 매력, 외국인 매도에도 추가 매수",trade_share,,,,,candidate_minimal,2026-02-27,2026-02-27,2,2,candidate_seen_pm,False,community:2026-02-27:t2:post:3:title_only:A073
RN_COMM_ON_20260917_v2,2026-02-27,2,A073,"[3, 4, 6, 9, 12]",4,title_only,True,False,황소-4770,외국인 팔아치우는데 저는 또 사버렸습니다.. (개미의 자조),trade_share,,,,,candidate_minimal,2026-02-27,2026-02-27,2,2,candidate_seen_pm,False,community:2026-02-27:t2:post:4:title_only:A073
RN_COMM_ON_20260917_v2,2026-02-27,2,A073,"[3, 4, 6, 9, 12]",5,title_only,False,False,곰-8551,3% 뚫고 손절 없이 확정! 개미 잔치 속에서 차분히 수익 챙겼습니다.,profit_share,,,,,candidate_minimal,2026-02-27,2026-02-27,2,2,candidate_seen_pm,False,community:2026-02-27:t2:post:5:title_only:A073
RN_COMM_ON_20260917_v2,2026-02-27,2,A073,"[3, 4, 6, 9, 12]",6,title_only,True,False,황소-4980,전일 매수 후 오늘 3% 상승! 원칙이 검증된 하루,trade_share,,,,,candidate_minimal,2026-02-27,2026-02-27,2,2,candidate_seen_pm,False,community:2026-02-27:t2:post:6:title_only:A073
RN_COMM_ON_20260917_v2,2026-02-27,2,A073,"[3, 4, 6, 9, 12]",7,title_only,False,False,여우-1683,3% 차익 실현 완료! 과열 경계하며 일단 현금화,profit_share,,,,,candidate_minimal,2026-02-27,2026-02-27,2,2,candidate_seen_pm,False,community:2026-02-27:t2:post:7:title_only:A073
RN_COMM_ON_20260917_v2,2026-02-27,2,A073,"[3, 4, 6, 9, 12]",8,title_only,False,False,독수리-9332,3% 수익 확정! 원칙대로 팔았습니다. (삼성전자),profit_share,,,,,candidate_minimal,2026-02-27,2026-02-27,2,2,candidate_seen_pm,False,community:2026-02-27:t2:post:8:title_only:A073
RN_COMM_ON_20260917_v2,2026-02-27,2,A073,"[3, 4, 6, 9, 12]",9,title_only,True,False,황소-6990,20% 수익 목표 달성! 삼성전기 매도 완료 (500주),trade_share,,,,,candidate_minimal,2026-02-27,2026-02-27,2,2,candidate_seen_pm,False,community:2026-02-27:t2:post:9:title_only:A073
RN_COMM_ON_20260917_v2,2026-02-27,2,A073,"[3, 4, 6, 9, 12]",10,title_only,False,False,펭귄-5408,21 만 6 천 원에서 3% 땡겨낸 수익 확정!,profit_share,,,,,candidate_minimal,2026-02-27,2026-02-27,2,2,candidate_seen_pm,False,community:2026-02-27:t2:post:10:title_only:A073
RN_COMM_ON_20260917_v2,2026-02-27,2,A073,"[3, 4, 6, 9, 12]",12,title_only,True,False,독수리-6722,급등 후 조정 때 팔아서 다행입니다 (삼성전자),trade_share,,,,,candidate_minimal,2026-02-27,2026-02-27,2,2,candidate_seen_pm,False,community:2026-02-27:t2:post:12:title_only:A073
RN_COMM_ON_20260917_v2,2026-02-27,2,A073,"[3, 4, 6, 9, 12]",13,title_only,False,False,곰-5671,"3% 수익 확정! 내재가치 투자, 단기 변동성엔 흔들리지 않음",profit_share,,,,,candidate_minimal,2026-02-27,2026-02-27,2,2,candidate_seen_pm,False,community:2026-02-27:t2:post:13:title_only:A073
RN_COMM_ON_20260917_v2,2026-02-27,2,A073,"[3, 4, 6, 9, 12]",14,title_only,False,False,늑대-3694,전일 매수 후 오늘 상승! 외국인 이탈에도 개인은 버텨야 할까?,trade_share,,,,,candidate_minimal,2026-02-27,2026-02-27,2,2,candidate_seen_pm,False,community:2026-02-27:t2:post:14:title_only:A073
RN_COMM_ON_20260917_v2,2026-02-27,2,A076,"[3, 7, 12]",1,title_only,False,False,사자-8925,고점 매도 성공! 외국인 이탈과 개인 매수 충돌 속에서의 선택,profit_share,,,,,candidate_minimal,2026-02-27,2026-02-27,2,2,candidate_seen_pm,False,community:2026-02-27:t2:post:1:title_only:A076
RN_COMM_ON_20260917_v2,2026-02-27,2,A076,"[3, 7, 12]",2,title_only,False,False,황소-1620,급등한 삼성전자는 일단 팔았습니다. 수익 확정!,profit_share,,,,,candidate_minimal,2026-02-27,2026-02-27,2,2,candidate_seen_pm,False,community:2026-02-27:t2:post:2:title_only:A076
RN_COMM_ON_20260917_v2,2026-02-27,2,A076,"[3, 7, 12]",3,title_only,True,False,돌고래-2979,"PER 10 배 초반의 매력, 외국인 매도에도 추가 매수",trade_share,,,,,candidate_minimal,2026-02-27,2026-02-27,2,2,candidate_seen_pm,False,community:2026-02-27:t2:post:3:title_only:A076
RN_COMM_ON_20260917_v2,2026-02-27,2,A076,"[3, 7, 12]",4,title_only,False,False,황소-4770,외국인 팔아치우는데 저는 또 사버렸습니다.. (개미의 자조),trade_share,,,,,candidate_minimal,2026-02-27,2026-02-27,2,2,candidate_seen_pm,False,community:2026-02-27:t2:post:4:title_only:A076
RN_COMM_ON_20260917_v2,2026-02-27,2,A076,"[3, 7, 12]",5,title_only,False,False,곰-8551,3% 뚫고 손절 없이 확정! 개미 잔치 속에서 차분히 수익 챙겼습니다.,profit_share,,,,,candidate_minimal,2026-02-27,2026-02-27,2,2,candidate_seen_pm,False,community:2026-02-27:t2:post:5:title_only:A076
RN_COMM_ON_20260917_v2,2026-02-27,2,A076,"[3, 7, 12]",6,title_only,False,False,황소-4980,전일 매수 후 오늘 3% 상승! 원칙이 검증된 하루,trade_share,,,,,candidate_minimal,2026-02-27,2026-02-27,2,2,candidate_seen_pm,False,community:2026-02-27:t2:post:6:title_only:A076
RN_COMM_ON_20260917_v2,2026-02-27,2,A076,"[3, 7, 12]",7,title_only,True,False,여우-1683,3% 차익 실현 완료! 과열 경계하며 일단 현금화,profit_share,,,,,candidate_minimal,2026-02-27,2026-02-27,2,2,candidate_seen_pm,False,community:2026-02-27:t2:post:7:title_only:A076
RN_COMM_ON_20260917_v2,2026-02-27,2,A076,"[3, 7, 12]",8,title_only,False,False,독수리-9332,3% 수익 확정! 원칙대로 팔았습니다. (삼성전자),profit_share,,,,,candidate_minimal,2026-02-27,2026-02-27,2,2,candidate_seen_pm,False,community:2026-02-27:t2:post:8:title_only:A076
RN_COMM_ON_20260917_v2,2026-02-27,2,A076,"[3, 7, 12]",9,title_only,False,False,황소-6990,20% 수익 목표 달성! 삼성전기 매도 완료 (500주),trade_share,,,,,candidate_minimal,2026-02-27,2026-02-27,2,2,candidate_seen_pm,False,community:2026-02-27:t2:post:9:title_only:A076
RN_COMM_ON_20260917_v2,2026-02-27,2,A076,"[3, 7, 12]",10,title_only,False,False,펭귄-5408,21 만 6 천 원에서 3% 땡겨낸 수익 확정!,profit_share,,,,,candidate_minimal,2026-02-27,2026-02-27,2,2,candidate_seen_pm,False,community:2026-02-27:t2:post:10:title_only:A076
RN_COMM_ON_20260917_v2,2026-02-27,2,A076,"[3, 7, 12]",11,title_only,False,False,독수리-1692,3% 수익 확정! 원칙 지키며 내 손에 쥐었다.,profit_share,,,,,candidate_minimal,2026-02-27,2026-02-27,2,2,candidate_seen_pm,False,community:2026-02-27:t2:post:11:title_only:A076
RN_COMM_ON_20260917_v2,2026-02-27,2,A076,"[3, 7, 12]",12,title_only,True,False,독수리-6722,급등 후 조정 때 팔아서 다행입니다 (삼성전자),trade_share,,,,,candidate_minimal,2026-02-27,2026-02-27,2,2,candidate_seen_pm,False,community:2026-02-27:t2:post:12:title_only:A076
RN_COMM_ON_20260917_v2,2026-02-27,2,A076,"[3, 7, 12]",13,title_only,False,False,곰-5671,"3% 수익 확정! 내재가치 투자, 단기 변동성엔 흔들리지 않음",profit_share,,,,,candidate_minimal,2026-02-27,2026-02-27,2,2,candidate_seen_pm,False,community:2026-02-27:t2:post:13:title_only:A076
RN_COMM_ON_20260917_v2,2026-02-27,2,A076,"[3, 7, 12]",14,title_only,False,False,늑대-3694,전일 매수 후 오늘 상승! 외국인 이탈에도 개인은 버텨야 할까?,trade_share,,,,,candidate_minimal,2026-02-27,2026-02-27,2,2,candidate_seen_pm,False,community:2026-02-27:t2:post:14:title_only:A076
RN_COMM_ON_20260917_v2,2026-02-27,2,A075,"[3, 4, 7, 12, 14]",1,title_only,False,False,사자-8925,고점 매도 성공! 외국인 이탈과 개인 매수 충돌 속에서의 선택,profit_share,,,,,candidate_minimal,2026-02-27,2026-02-27,2,2,candidate_seen_pm,False,community:2026-02-27:t2:post:1:title_only:A075
RN_COMM_ON_20260917_v2,2026-02-27,2,A075,"[3, 4, 7, 12, 14]",2,title_only,False,False,황소-1620,급등한 삼성전자는 일단 팔았습니다. 수익 확정!,profit_share,,,,,candidate_minimal,2026-02-27,2026-02-27,2,2,candidate_seen_pm,False,community:2026-02-27:t2:post:2:title_only:A075
RN_COMM_ON_20260917_v2,2026-02-27,2,A075,"[3, 4, 7, 12, 14]",3,title_only,True,False,돌고래-2979,"PER 10 배 초반의 매력, 외국인 매도에도 추가 매수",trade_share,,,,,candidate_minimal,2026-02-27,2026-02-27,2,2,candidate_seen_pm,False,community:2026-02-27:t2:post:3:title_only:A075
RN_COMM_ON_20260917_v2,2026-02-27,2,A075,"[3, 4, 7, 12, 14]",4,title_only,True,False,황소-4770,외국인 팔아치우는데 저는 또 사버렸습니다.. (개미의 자조),trade_share,,,,,candidate_minimal,2026-02-27,2026-02-27,2,2,candidate_seen_pm,False,community:2026-02-27:t2:post:4:title_only:A075
RN_COMM_ON_20260917_v2,2026-02-27,2,A075,"[3, 4, 7, 12, 14]",5,title_only,False,False,곰-8551,3% 뚫고 손절 없이 확정! 개미 잔치 속에서 차분히 수익 챙겼습니다.,profit_share,,,,,candidate_minimal,2026-02-27,2026-02-27,2,2,candidate_seen_pm,False,community:2026-02-27:t2:post:5:title_only:A075
RN_COMM_ON_20260917_v2,2026-02-27,2,A075,"[3, 4, 7, 12, 14]",6,title_only,False,False,황소-4980,전일 매수 후 오늘 3% 상승! 원칙이 검증된 하루,trade_share,,,,,candidate_minimal,2026-02-27,2026-02-27,2,2,candidate_seen_pm,False,community:2026-02-27:t2:post:6:title_only:A075
RN_COMM_ON_20260917_v2,2026-02-27,2,A075,"[3, 4, 7, 12, 14]",7,title_only,True,False,여우-1683,3% 차익 실현 완료! 과열 경계하며 일단 현금화,profit_share,,,,,candidate_minimal,2026-02-27,2026-02-27,2,2,candidate_seen_pm,False,community:2026-02-27:t2:post:7:title_only:A075
RN_COMM_ON_20260917_v2,2026-02-27,2,A075,"[3, 4, 7, 12, 14]",8,title_only,False,False,독수리-9332,3% 수익 확정! 원칙대로 팔았습니다. (삼성전자),profit_share,,,,,candidate_minimal,2026-02-27,2026-02-27,2,2,candidate_seen_pm,False,community:2026-02-27:t2:post:8:title_only:A075
RN_COMM_ON_20260917_v2,2026-02-27,2,A075,"[3, 4, 7, 12, 14]",9,title_only,False,False,황소-6990,20% 수익 목표 달성! 삼성전기 매도 완료 (500주),trade_share,,,,,candidate_minimal,2026-02-27,2026-02-27,2,2,candidate_seen_pm,False,community:2026-02-27:t2:post:9:title_only:A075
RN_COMM_ON_20260917_v2,2026-02-27,2,A075,"[3, 4, 7, 12, 14]",10,title_only,False,False,펭귄-5408,21 만 6 천 원에서 3% 땡겨낸 수익 확정!,profit_share,,,,,candidate_minimal,2026-02-27,2026-02-27,2,2,candidate_seen_pm,False,community:2026-02-27:t2:post:10:title_only:A075
RN_COMM_ON_20260917_v2,2026-02-27,2,A075,"[3, 4, 7, 12, 14]",11,title_only,False,False,독수리-1692,3% 수익 확정! 원칙 지키며 내 손에 쥐었다.,profit_share,,,,,candidate_minimal,2026-02-27,2026-02-27,2,2,candidate_seen_pm,False,community:2026-02-27:t2:post:11:title_only:A075
RN_COMM_ON_20260917_v2,2026-02-27,2,A075,"[3, 4, 7, 12, 14]",12,title_only,True,False,독수리-6722,급등 후 조정 때 팔아서 다행입니다 (삼성전자),trade_share,,,,,candidate_minimal,2026-02-27,2026-02-27,2,2,candidate_seen_pm,False,community:2026-02-27:t2:post:12:title_only:A075
RN_COMM_ON_20260917_v2,2026-02-27,2,A075,"[3, 4, 7, 12, 14]",13,title_only,False,False,곰-5671,"3% 수익 확정! 내재가치 투자, 단기 변동성엔 흔들리지 않음",profit_share,,,,,candidate_minimal,2026-02-27,2026-02-27,2,2,candidate_seen_pm,False,community:2026-02-27:t2:post:13:title_only:A075
RN_COMM_ON_20260917_v2,2026-02-27,2,A075,"[3, 4, 7, 12, 14]",14,title_only,True,False,늑대-3694,전일 매수 후 오늘 상승! 외국인 이탈에도 개인은 버텨야 할까?,trade_share,,,,,candidate_minimal,2026-02-27,2026-02-27,2,2,candidate_seen_pm,False,community:2026-02-27:t2:post:14:title_only:A075
RN_COMM_ON_20260917_v2,2026-02-27,2,A077,"[3, 4, 7, 12, 14]",1,title_only,False,False,사자-8925,고점 매도 성공! 외국인 이탈과 개인 매수 충돌 속에서의 선택,profit_share,,,,,candidate_minimal,2026-02-27,2026-02-27,2,2,candidate_seen_pm,False,community:2026-02-27:t2:post:1:title_only:A077
RN_COMM_ON_20260917_v2,2026-02-27,2,A077,"[3, 4, 7, 12, 14]",2,title_only,False,False,황소-1620,급등한 삼성전자는 일단 팔았습니다. 수익 확정!,profit_share,,,,,candidate_minimal,2026-02-27,2026-02-27,2,2,candidate_seen_pm,False,community:2026-02-27:t2:post:2:title_only:A077
RN_COMM_ON_20260917_v2,2026-02-27,2,A077,"[3, 4, 7, 12, 14]",3,title_only,True,False,돌고래-2979,"PER 10 배 초반의 매력, 외국인 매도에도 추가 매수",trade_share,,,,,candidate_minimal,2026-02-27,2026-02-27,2,2,candidate_seen_pm,False,community:2026-02-27:t2:post:3:title_only:A077
RN_COMM_ON_20260917_v2,2026-02-27,2,A077,"[3, 4, 7, 12, 14]",4,title_only,True,False,황소-4770,외국인 팔아치우는데 저는 또 사버렸습니다.. (개미의 자조),trade_share,,,,,candidate_minimal,2026-02-27,2026-02-27,2,2,candidate_seen_pm,False,community:2026-02-27:t2:post:4:title_only:A077
RN_COMM_ON_20260917_v2,2026-02-27,2,A077,"[3, 4, 7, 12, 14]",5,title_only,False,False,곰-8551,3% 뚫고 손절 없이 확정! 개미 잔치 속에서 차분히 수익 챙겼습니다.,profit_share,,,,,candidate_minimal,2026-02-27,2026-02-27,2,2,candidate_seen_pm,False,community:2026-02-27:t2:post:5:title_only:A077
RN_COMM_ON_20260917_v2,2026-02-27,2,A077,"[3, 4, 7, 12, 14]",6,title_only,False,False,황소-4980,전일 매수 후 오늘 3% 상승! 원칙이 검증된 하루,trade_share,,,,,candidate_minimal,2026-02-27,2026-02-27,2,2,candidate_seen_pm,False,community:2026-02-27:t2:post:6:title_only:A077
RN_COMM_ON_20260917_v2,2026-02-27,2,A077,"[3, 4, 7, 12, 14]",7,title_only,True,False,여우-1683,3% 차익 실현 완료! 과열 경계하며 일단 현금화,profit_share,,,,,candidate_minimal,2026-02-27,2026-02-27,2,2,candidate_seen_pm,False,community:2026-02-27:t2:post:7:title_only:A077
RN_COMM_ON_20260917_v2,2026-02-27,2,A077,"[3, 4, 7, 12, 14]",8,title_only,False,False,독수리-9332,3% 수익 확정! 원칙대로 팔았습니다. (삼성전자),profit_share,,,,,candidate_minimal,2026-02-27,2026-02-27,2,2,candidate_seen_pm,False,community:2026-02-27:t2:post:8:title_only:A077
RN_COMM_ON_20260917_v2,2026-02-27,2,A077,"[3, 4, 7, 12, 14]",9,title_only,False,False,황소-6990,20% 수익 목표 달성! 삼성전기 매도 완료 (500주),trade_share,,,,,candidate_minimal,2026-02-27,2026-02-27,2,2,candidate_seen_pm,False,community:2026-02-27:t2:post:9:title_only:A077
RN_COMM_ON_20260917_v2,2026-02-27,2,A077,"[3, 4, 7, 12, 14]",10,title_only,False,False,펭귄-5408,21 만 6 천 원에서 3% 땡겨낸 수익 확정!,profit_share,,,,,candidate_minimal,2026-02-27,2026-02-27,2,2,candidate_seen_pm,False,community:2026-02-27:t2:post:10:title_only:A077
RN_COMM_ON_20260917_v2,2026-02-27,2,A077,"[3, 4, 7, 12, 14]",11,title_only,False,False,독수리-1692,3% 수익 확정! 원칙 지키며 내 손에 쥐었다.,profit_share,,,,,candidate_minimal,2026-02-27,2026-02-27,2,2,candidate_seen_pm,False,community:2026-02-27:t2:post:11:title_only:A077
RN_COMM_ON_20260917_v2,2026-02-27,2,A077,"[3, 4, 7, 12, 14]",12,title_only,True,False,독수리-6722,급등 후 조정 때 팔아서 다행입니다 (삼성전자),trade_share,,,,,candidate_minimal,2026-02-27,2026-02-27,2,2,candidate_seen_pm,False,community:2026-02-27:t2:post:12:title_only:A077
RN_COMM_ON_20260917_v2,2026-02-27,2,A077,"[3, 4, 7, 12, 14]",13,title_only,False,False,곰-5671,"3% 수익 확정! 내재가치 투자, 단기 변동성엔 흔들리지 않음",profit_share,,,,,candidate_minimal,2026-02-27,2026-02-27,2,2,candidate_seen_pm,False,community:2026-02-27:t2:post:13:title_only:A077
RN_COMM_ON_20260917_v2,2026-02-27,2,A077,"[3, 4, 7, 12, 14]",14,title_only,True,False,늑대-3694,전일 매수 후 오늘 상승! 외국인 이탈에도 개인은 버텨야 할까?,trade_share,,,,,candidate_minimal,2026-02-27,2026-02-27,2,2,candidate_seen_pm,False,community:2026-02-27:t2:post:14:title_only:A077
RN_COMM_ON_20260917_v2,2026-02-27,2,A080,"[3, 4, 12, 14]",1,title_only,False,False,사자-8925,고점 매도 성공! 외국인 이탈과 개인 매수 충돌 속에서의 선택,profit_share,,,,,candidate_minimal,2026-02-27,2026-02-27,2,2,candidate_seen_pm,False,community:2026-02-27:t2:post:1:title_only:A080
RN_COMM_ON_20260917_v2,2026-02-27,2,A080,"[3, 4, 12, 14]",2,title_only,False,False,황소-1620,급등한 삼성전자는 일단 팔았습니다. 수익 확정!,profit_share,,,,,candidate_minimal,2026-02-27,2026-02-27,2,2,candidate_seen_pm,False,community:2026-02-27:t2:post:2:title_only:A080
RN_COMM_ON_20260917_v2,2026-02-27,2,A080,"[3, 4, 12, 14]",3,title_only,True,False,돌고래-2979,"PER 10 배 초반의 매력, 외국인 매도에도 추가 매수",trade_share,,,,,candidate_minimal,2026-02-27,2026-02-27,2,2,candidate_seen_pm,False,community:2026-02-27:t2:post:3:title_only:A080
RN_COMM_ON_20260917_v2,2026-02-27,2,A080,"[3, 4, 12, 14]",4,title_only,True,False,황소-4770,외국인 팔아치우는데 저는 또 사버렸습니다.. (개미의 자조),trade_share,,,,,candidate_minimal,2026-02-27,2026-02-27,2,2,candidate_seen_pm,False,community:2026-02-27:t2:post:4:title_only:A080
RN_COMM_ON_20260917_v2,2026-02-27,2,A080,"[3, 4, 12, 14]",5,title_only,False,False,곰-8551,3% 뚫고 손절 없이 확정! 개미 잔치 속에서 차분히 수익 챙겼습니다.,profit_share,,,,,candidate_minimal,2026-02-27,2026-02-27,2,2,candidate_seen_pm,False,community:2026-02-27:t2:post:5:title_only:A080
RN_COMM_ON_20260917_v2,2026-02-27,2,A080,"[3, 4, 12, 14]",6,title_only,False,False,황소-4980,전일 매수 후 오늘 3% 상승! 원칙이 검증된 하루,trade_share,,,,,candidate_minimal,2026-02-27,2026-02-27,2,2,candidate_seen_pm,False,community:2026-02-27:t2:post:6:title_only:A080
RN_COMM_ON_20260917_v2,2026-02-27,2,A080,"[3, 4, 12, 14]",7,title_only,False,False,여우-1683,3% 차익 실현 완료! 과열 경계하며 일단 현금화,profit_share,,,,,candidate_minimal,2026-02-27,2026-02-27,2,2,candidate_seen_pm,False,community:2026-02-27:t2:post:7:title_only:A080
RN_COMM_ON_20260917_v2,2026-02-27,2,A080,"[3, 4, 12, 14]",8,title_only,False,False,독수리-9332,3% 수익 확정! 원칙대로 팔았습니다. (삼성전자),profit_share,,,,,candidate_minimal,2026-02-27,2026-02-27,2,2,candidate_seen_pm,False,community:2026-02-27:t2:post:8:title_only:A080
RN_COMM_ON_20260917_v2,2026-02-27,2,A080,"[3, 4, 12, 14]",9,title_only,False,False,황소-6990,20% 수익 목표 달성! 삼성전기 매도 완료 (500주),trade_share,,,,,candidate_minimal,2026-02-27,2026-02-27,2,2,candidate_seen_pm,False,community:2026-02-27:t2:post:9:title_only:A080
RN_COMM_ON_20260917_v2,2026-02-27,2,A080,"[3, 4, 12, 14]",10,title_only,False,False,펭귄-5408,21 만 6 천 원에서 3% 땡겨낸 수익 확정!,profit_share,,,,,candidate_minimal,2026-02-27,2026-02-27,2,2,candidate_seen_pm,False,community:2026-02-27:t2:post:10:title_only:A080
RN_COMM_ON_20260917_v2,2026-02-27,2,A080,"[3, 4, 12, 14]",11,title_only,False,False,독수리-1692,3% 수익 확정! 원칙 지키며 내 손에 쥐었다.,profit_share,,,,,candidate_minimal,2026-02-27,2026-02-27,2,2,candidate_seen_pm,False,community:2026-02-27:t2:post:11:title_only:A080
RN_COMM_ON_20260917_v2,2026-02-27,2,A080,"[3, 4, 12, 14]",12,title_only,True,False,독수리-6722,급등 후 조정 때 팔아서 다행입니다 (삼성전자),trade_share,,,,,candidate_minimal,2026-02-27,2026-02-27,2,2,candidate_seen_pm,False,community:2026-02-27:t2:post:12:title_only:A080
RN_COMM_ON_20260917_v2,2026-02-27,2,A080,"[3, 4, 12, 14]",13,title_only,False,False,곰-5671,"3% 수익 확정! 내재가치 투자, 단기 변동성엔 흔들리지 않음",profit_share,,,,,candidate_minimal,2026-02-27,2026-02-27,2,2,candidate_seen_pm,False,community:2026-02-27:t2:post:13:title_only:A080
RN_COMM_ON_20260917_v2,2026-02-27,2,A080,"[3, 4, 12, 14]",14,title_only,True,False,늑대-3694,전일 매수 후 오늘 상승! 외국인 이탈에도 개인은 버텨야 할까?,trade_share,,,,,candidate_minimal,2026-02-27,2026-02-27,2,2,candidate_seen_pm,False,community:2026-02-27:t2:post:14:title_only:A080
RN_COMM_ON_20260917_v2,2026-02-27,2,A079,"[3, 4, 7, 12, 14]",1,title_only,False,False,사자-8925,고점 매도 성공! 외국인 이탈과 개인 매수 충돌 속에서의 선택,profit_share,,,,,candidate_minimal,2026-02-27,2026-02-27,2,2,candidate_seen_pm,False,community:2026-02-27:t2:post:1:title_only:A079
RN_COMM_ON_20260917_v2,2026-02-27,2,A079,"[3, 4, 7, 12, 14]",2,title_only,False,False,황소-1620,급등한 삼성전자는 일단 팔았습니다. 수익 확정!,profit_share,,,,,candidate_minimal,2026-02-27,2026-02-27,2,2,candidate_seen_pm,False,community:2026-02-27:t2:post:2:title_only:A079
RN_COMM_ON_20260917_v2,2026-02-27,2,A079,"[3, 4, 7, 12, 14]",3,title_only,True,False,돌고래-2979,"PER 10 배 초반의 매력, 외국인 매도에도 추가 매수",trade_share,,,,,candidate_minimal,2026-02-27,2026-02-27,2,2,candidate_seen_pm,False,community:2026-02-27:t2:post:3:title_only:A079
RN_COMM_ON_20260917_v2,2026-02-27,2,A079,"[3, 4, 7, 12, 14]",4,title_only,True,False,황소-4770,외국인 팔아치우는데 저는 또 사버렸습니다.. (개미의 자조),trade_share,,,,,candidate_minimal,2026-02-27,2026-02-27,2,2,candidate_seen_pm,False,community:2026-02-27:t2:post:4:title_only:A079
RN_COMM_ON_20260917_v2,2026-02-27,2,A079,"[3, 4, 7, 12, 14]",5,title_only,False,False,곰-8551,3% 뚫고 손절 없이 확정! 개미 잔치 속에서 차분히 수익 챙겼습니다.,profit_share,,,,,candidate_minimal,2026-02-27,2026-02-27,2,2,candidate_seen_pm,False,community:2026-02-27:t2:post:5:title_only:A079
RN_COMM_ON_20260917_v2,2026-02-27,2,A079,"[3, 4, 7, 12, 14]",6,title_only,False,False,황소-4980,전일 매수 후 오늘 3% 상승! 원칙이 검증된 하루,trade_share,,,,,candidate_minimal,2026-02-27,2026-02-27,2,2,candidate_seen_pm,False,community:2026-02-27:t2:post:6:title_only:A079
RN_COMM_ON_20260917_v2,2026-02-27,2,A079,"[3, 4, 7, 12, 14]",7,title_only,True,False,여우-1683,3% 차익 실현 완료! 과열 경계하며 일단 현금화,profit_share,,,,,candidate_minimal,2026-02-27,2026-02-27,2,2,candidate_seen_pm,False,community:2026-02-27:t2:post:7:title_only:A079
RN_COMM_ON_20260917_v2,2026-02-27,2,A079,"[3, 4, 7, 12, 14]",8,title_only,False,False,독수리-9332,3% 수익 확정! 원칙대로 팔았습니다. (삼성전자),profit_share,,,,,candidate_minimal,2026-02-27,2026-02-27,2,2,candidate_seen_pm,False,community:2026-02-27:t2:post:8:title_only:A079
RN_COMM_ON_20260917_v2,2026-02-27,2,A079,"[3, 4, 7, 12, 14]",9,title_only,False,False,황소-6990,20% 수익 목표 달성! 삼성전기 매도 완료 (500주),trade_share,,,,,candidate_minimal,2026-02-27,2026-02-27,2,2,candidate_seen_pm,False,community:2026-02-27:t2:post:9:title_only:A079
RN_COMM_ON_20260917_v2,2026-02-27,2,A079,"[3, 4, 7, 12, 14]",10,title_only,False,False,펭귄-5408,21 만 6 천 원에서 3% 땡겨낸 수익 확정!,profit_share,,,,,candidate_minimal,2026-02-27,2026-02-27,2,2,candidate_seen_pm,False,community:2026-02-27:t2:post:10:title_only:A079
RN_COMM_ON_20260917_v2,2026-02-27,2,A079,"[3, 4, 7, 12, 14]",11,title_only,False,False,독수리-1692,3% 수익 확정! 원칙 지키며 내 손에 쥐었다.,profit_share,,,,,candidate_minimal,2026-02-27,2026-02-27,2,2,candidate_seen_pm,False,community:2026-02-27:t2:post:11:title_only:A079
RN_COMM_ON_20260917_v2,2026-02-27,2,A079,"[3, 4, 7, 12, 14]",12,title_only,True,False,독수리-6722,급등 후 조정 때 팔아서 다행입니다 (삼성전자),trade_share,,,,,candidate_minimal,2026-02-27,2026-02-27,2,2,candidate_seen_pm,False,community:2026-02-27:t2:post:12:title_only:A079
RN_COMM_ON_20260917_v2,2026-02-27,2,A079,"[3, 4, 7, 12, 14]",13,title_only,False,False,곰-5671,"3% 수익 확정! 내재가치 투자, 단기 변동성엔 흔들리지 않음",profit_share,,,,,candidate_minimal,2026-02-27,2026-02-27,2,2,candidate_seen_pm,False,community:2026-02-27:t2:post:13:title_only:A079
RN_COMM_ON_20260917_v2,2026-02-27,2,A079,"[3, 4, 7, 12, 14]",14,title_only,True,False,늑대-3694,전일 매수 후 오늘 상승! 외국인 이탈에도 개인은 버텨야 할까?,trade_share,,,,,candidate_minimal,2026-02-27,2026-02-27,2,2,candidate_seen_pm,False,community:2026-02-27:t2:post:14:title_only:A079
RN_COMM_ON_20260917_v2,2026-02-27,2,A083,"[3, 4, 7, 12, 14]",1,title_only,False,False,사자-8925,고점 매도 성공! 외국인 이탈과 개인 매수 충돌 속에서의 선택,profit_share,,,,,candidate_minimal,2026-02-27,2026-02-27,2,2,candidate_seen_pm,False,community:2026-02-27:t2:post:1:title_only:A083
RN_COMM_ON_20260917_v2,2026-02-27,2,A083,"[3, 4, 7, 12, 14]",2,title_only,False,False,황소-1620,급등한 삼성전자는 일단 팔았습니다. 수익 확정!,profit_share,,,,,candidate_minimal,2026-02-27,2026-02-27,2,2,candidate_seen_pm,False,community:2026-02-27:t2:post:2:title_only:A083
RN_COMM_ON_20260917_v2,2026-02-27,2,A083,"[3, 4, 7, 12, 14]",3,title_only,True,False,돌고래-2979,"PER 10 배 초반의 매력, 외국인 매도에도 추가 매수",trade_share,,,,,candidate_minimal,2026-02-27,2026-02-27,2,2,candidate_seen_pm,False,community:2026-02-27:t2:post:3:title_only:A083
RN_COMM_ON_20260917_v2,2026-02-27,2,A083,"[3, 4, 7, 12, 14]",4,title_only,True,False,황소-4770,외국인 팔아치우는데 저는 또 사버렸습니다.. (개미의 자조),trade_share,,,,,candidate_minimal,2026-02-27,2026-02-27,2,2,candidate_seen_pm,False,community:2026-02-27:t2:post:4:title_only:A083
RN_COMM_ON_20260917_v2,2026-02-27,2,A083,"[3, 4, 7, 12, 14]",5,title_only,False,False,곰-8551,3% 뚫고 손절 없이 확정! 개미 잔치 속에서 차분히 수익 챙겼습니다.,profit_share,,,,,candidate_minimal,2026-02-27,2026-02-27,2,2,candidate_seen_pm,False,community:2026-02-27:t2:post:5:title_only:A083
RN_COMM_ON_20260917_v2,2026-02-27,2,A083,"[3, 4, 7, 12, 14]",6,title_only,False,False,황소-4980,전일 매수 후 오늘 3% 상승! 원칙이 검증된 하루,trade_share,,,,,candidate_minimal,2026-02-27,2026-02-27,2,2,candidate_seen_pm,False,community:2026-02-27:t2:post:6:title_only:A083
RN_COMM_ON_20260917_v2,2026-02-27,2,A083,"[3, 4, 7, 12, 14]",7,title_only,True,False,여우-1683,3% 차익 실현 완료! 과열 경계하며 일단 현금화,profit_share,,,,,candidate_minimal,2026-02-27,2026-02-27,2,2,candidate_seen_pm,False,community:2026-02-27:t2:post:7:title_only:A083
RN_COMM_ON_20260917_v2,2026-02-27,2,A083,"[3, 4, 7, 12, 14]",8,title_only,False,False,독수리-9332,3% 수익 확정! 원칙대로 팔았습니다. (삼성전자),profit_share,,,,,candidate_minimal,2026-02-27,2026-02-27,2,2,candidate_seen_pm,False,community:2026-02-27:t2:post:8:title_only:A083
RN_COMM_ON_20260917_v2,2026-02-27,2,A083,"[3, 4, 7, 12, 14]",9,title_only,False,False,황소-6990,20% 수익 목표 달성! 삼성전기 매도 완료 (500주),trade_share,,,,,candidate_minimal,2026-02-27,2026-02-27,2,2,candidate_seen_pm,False,community:2026-02-27:t2:post:9:title_only:A083
RN_COMM_ON_20260917_v2,2026-02-27,2,A083,"[3, 4, 7, 12, 14]",10,title_only,False,False,펭귄-5408,21 만 6 천 원에서 3% 땡겨낸 수익 확정!,profit_share,,,,,candidate_minimal,2026-02-27,2026-02-27,2,2,candidate_seen_pm,False,community:2026-02-27:t2:post:10:title_only:A083
RN_COMM_ON_20260917_v2,2026-02-27,2,A083,"[3, 4, 7, 12, 14]",11,title_only,False,False,독수리-1692,3% 수익 확정! 원칙 지키며 내 손에 쥐었다.,profit_share,,,,,candidate_minimal,2026-02-27,2026-02-27,2,2,candidate_seen_pm,False,community:2026-02-27:t2:post:11:title_only:A083
RN_COMM_ON_20260917_v2,2026-02-27,2,A083,"[3, 4, 7, 12, 14]",12,title_only,True,False,독수리-6722,급등 후 조정 때 팔아서 다행입니다 (삼성전자),trade_share,,,,,candidate_minimal,2026-02-27,2026-02-27,2,2,candidate_seen_pm,False,community:2026-02-27:t2:post:12:title_only:A083
RN_COMM_ON_20260917_v2,2026-02-27,2,A083,"[3, 4, 7, 12, 14]",13,title_only,False,False,곰-5671,"3% 수익 확정! 내재가치 투자, 단기 변동성엔 흔들리지 않음",profit_share,,,,,candidate_minimal,2026-02-27,2026-02-27,2,2,candidate_seen_pm,False,community:2026-02-27:t2:post:13:title_only:A083
RN_COMM_ON_20260917_v2,2026-02-27,2,A083,"[3, 4, 7, 12, 14]",14,title_only,True,False,늑대-3694,전일 매수 후 오늘 상승! 외국인 이탈에도 개인은 버텨야 할까?,trade_share,,,,,candidate_minimal,2026-02-27,2026-02-27,2,2,candidate_seen_pm,False,community:2026-02-27:t2:post:14:title_only:A083
RN_COMM_ON_20260917_v2,2026-02-27,2,A084,"[3, 4, 7, 9, 14]",1,title_only,False,False,사자-8925,고점 매도 성공! 외국인 이탈과 개인 매수 충돌 속에서의 선택,profit_share,,,,,candidate_minimal,2026-02-27,2026-02-27,2,2,candidate_seen_pm,False,community:2026-02-27:t2:post:1:title_only:A084
RN_COMM_ON_20260917_v2,2026-02-27,2,A084,"[3, 4, 7, 9, 14]",2,title_only,False,False,황소-1620,급등한 삼성전자는 일단 팔았습니다. 수익 확정!,profit_share,,,,,candidate_minimal,2026-02-27,2026-02-27,2,2,candidate_seen_pm,False,community:2026-02-27:t2:post:2:title_only:A084
RN_COMM_ON_20260917_v2,2026-02-27,2,A084,"[3, 4, 7, 9, 14]",3,title_only,True,False,돌고래-2979,"PER 10 배 초반의 매력, 외국인 매도에도 추가 매수",trade_share,,,,,candidate_minimal,2026-02-27,2026-02-27,2,2,candidate_seen_pm,False,community:2026-02-27:t2:post:3:title_only:A084
RN_COMM_ON_20260917_v2,2026-02-27,2,A084,"[3, 4, 7, 9, 14]",4,title_only,True,False,황소-4770,외국인 팔아치우는데 저는 또 사버렸습니다.. (개미의 자조),trade_share,,,,,candidate_minimal,2026-02-27,2026-02-27,2,2,candidate_seen_pm,False,community:2026-02-27:t2:post:4:title_only:A084
RN_COMM_ON_20260917_v2,2026-02-27,2,A084,"[3, 4, 7, 9, 14]",5,title_only,False,False,곰-8551,3% 뚫고 손절 없이 확정! 개미 잔치 속에서 차분히 수익 챙겼습니다.,profit_share,,,,,candidate_minimal,2026-02-27,2026-02-27,2,2,candidate_seen_pm,False,community:2026-02-27:t2:post:5:title_only:A084
RN_COMM_ON_20260917_v2,2026-02-27,2,A084,"[3, 4, 7, 9, 14]",6,title_only,False,False,황소-4980,전일 매수 후 오늘 3% 상승! 원칙이 검증된 하루,trade_share,,,,,candidate_minimal,2026-02-27,2026-02-27,2,2,candidate_seen_pm,False,community:2026-02-27:t2:post:6:title_only:A084
RN_COMM_ON_20260917_v2,2026-02-27,2,A084,"[3, 4, 7, 9, 14]",7,title_only,True,False,여우-1683,3% 차익 실현 완료! 과열 경계하며 일단 현금화,profit_share,,,,,candidate_minimal,2026-02-27,2026-02-27,2,2,candidate_seen_pm,False,community:2026-02-27:t2:post:7:title_only:A084
RN_COMM_ON_20260917_v2,2026-02-27,2,A084,"[3, 4, 7, 9, 14]",8,title_only,False,False,독수리-9332,3% 수익 확정! 원칙대로 팔았습니다. (삼성전자),profit_share,,,,,candidate_minimal,2026-02-27,2026-02-27,2,2,candidate_seen_pm,False,community:2026-02-27:t2:post:8:title_only:A084
RN_COMM_ON_20260917_v2,2026-02-27,2,A084,"[3, 4, 7, 9, 14]",9,title_only,True,False,황소-6990,20% 수익 목표 달성! 삼성전기 매도 완료 (500주),trade_share,,,,,candidate_minimal,2026-02-27,2026-02-27,2,2,candidate_seen_pm,False,community:2026-02-27:t2:post:9:title_only:A084
RN_COMM_ON_20260917_v2,2026-02-27,2,A084,"[3, 4, 7, 9, 14]",10,title_only,False,False,펭귄-5408,21 만 6 천 원에서 3% 땡겨낸 수익 확정!,profit_share,,,,,candidate_minimal,2026-02-27,2026-02-27,2,2,candidate_seen_pm,False,community:2026-02-27:t2:post:10:title_only:A084
RN_COMM_ON_20260917_v2,2026-02-27,2,A084,"[3, 4, 7, 9, 14]",11,title_only,False,False,독수리-1692,3% 수익 확정! 원칙 지키며 내 손에 쥐었다.,profit_share,,,,,candidate_minimal,2026-02-27,2026-02-27,2,2,candidate_seen_pm,False,community:2026-02-27:t2:post:11:title_only:A084
RN_COMM_ON_20260917_v2,2026-02-27,2,A084,"[3, 4, 7, 9, 14]",13,title_only,False,False,곰-5671,"3% 수익 확정! 내재가치 투자, 단기 변동성엔 흔들리지 않음",profit_share,,,,,candidate_minimal,2026-02-27,2026-02-27,2,2,candidate_seen_pm,False,community:2026-02-27:t2:post:13:title_only:A084
RN_COMM_ON_20260917_v2,2026-02-27,2,A084,"[3, 4, 7, 9, 14]",14,title_only,True,False,늑대-3694,전일 매수 후 오늘 상승! 외국인 이탈에도 개인은 버텨야 할까?,trade_share,,,,,candidate_minimal,2026-02-27,2026-02-27,2,2,candidate_seen_pm,False,community:2026-02-27:t2:post:14:title_only:A084
RN_COMM_ON_20260917_v2,2026-02-27,2,A086,"[3, 4, 7, 9, 12]",1,title_only,False,False,사자-8925,고점 매도 성공! 외국인 이탈과 개인 매수 충돌 속에서의 선택,profit_share,,,,,candidate_minimal,2026-02-27,2026-02-27,2,2,candidate_seen_pm,False,community:2026-02-27:t2:post:1:title_only:A086
RN_COMM_ON_20260917_v2,2026-02-27,2,A086,"[3, 4, 7, 9, 12]",2,title_only,False,False,황소-1620,급등한 삼성전자는 일단 팔았습니다. 수익 확정!,profit_share,,,,,candidate_minimal,2026-02-27,2026-02-27,2,2,candidate_seen_pm,False,community:2026-02-27:t2:post:2:title_only:A086
RN_COMM_ON_20260917_v2,2026-02-27,2,A086,"[3, 4, 7, 9, 12]",3,title_only,True,False,돌고래-2979,"PER 10 배 초반의 매력, 외국인 매도에도 추가 매수",trade_share,,,,,candidate_minimal,2026-02-27,2026-02-27,2,2,candidate_seen_pm,False,community:2026-02-27:t2:post:3:title_only:A086
RN_COMM_ON_20260917_v2,2026-02-27,2,A086,"[3, 4, 7, 9, 12]",4,title_only,True,False,황소-4770,외국인 팔아치우는데 저는 또 사버렸습니다.. (개미의 자조),trade_share,,,,,candidate_minimal,2026-02-27,2026-02-27,2,2,candidate_seen_pm,False,community:2026-02-27:t2:post:4:title_only:A086
RN_COMM_ON_20260917_v2,2026-02-27,2,A086,"[3, 4, 7, 9, 12]",5,title_only,False,False,곰-8551,3% 뚫고 손절 없이 확정! 개미 잔치 속에서 차분히 수익 챙겼습니다.,profit_share,,,,,candidate_minimal,2026-02-27,2026-02-27,2,2,candidate_seen_pm,False,community:2026-02-27:t2:post:5:title_only:A086
RN_COMM_ON_20260917_v2,2026-02-27,2,A086,"[3, 4, 7, 9, 12]",6,title_only,False,False,황소-4980,전일 매수 후 오늘 3% 상승! 원칙이 검증된 하루,trade_share,,,,,candidate_minimal,2026-02-27,2026-02-27,2,2,candidate_seen_pm,False,community:2026-02-27:t2:post:6:title_only:A086
RN_COMM_ON_20260917_v2,2026-02-27,2,A086,"[3, 4, 7, 9, 12]",7,title_only,True,False,여우-1683,3% 차익 실현 완료! 과열 경계하며 일단 현금화,profit_share,,,,,candidate_minimal,2026-02-27,2026-02-27,2,2,candidate_seen_pm,False,community:2026-02-27:t2:post:7:title_only:A086
RN_COMM_ON_20260917_v2,2026-02-27,2,A086,"[3, 4, 7, 9, 12]",8,title_only,False,False,독수리-9332,3% 수익 확정! 원칙대로 팔았습니다. (삼성전자),profit_share,,,,,candidate_minimal,2026-02-27,2026-02-27,2,2,candidate_seen_pm,False,community:2026-02-27:t2:post:8:title_only:A086
RN_COMM_ON_20260917_v2,2026-02-27,2,A086,"[3, 4, 7, 9, 12]",9,title_only,True,False,황소-6990,20% 수익 목표 달성! 삼성전기 매도 완료 (500주),trade_share,,,,,candidate_minimal,2026-02-27,2026-02-27,2,2,candidate_seen_pm,False,community:2026-02-27:t2:post:9:title_only:A086
RN_COMM_ON_20260917_v2,2026-02-27,2,A086,"[3, 4, 7, 9, 12]",10,title_only,False,False,펭귄-5408,21 만 6 천 원에서 3% 땡겨낸 수익 확정!,profit_share,,,,,candidate_minimal,2026-02-27,2026-02-27,2,2,candidate_seen_pm,False,community:2026-02-27:t2:post:10:title_only:A086
RN_COMM_ON_20260917_v2,2026-02-27,2,A086,"[3, 4, 7, 9, 12]",11,title_only,False,False,독수리-1692,3% 수익 확정! 원칙 지키며 내 손에 쥐었다.,profit_share,,,,,candidate_minimal,2026-02-27,2026-02-27,2,2,candidate_seen_pm,False,community:2026-02-27:t2:post:11:title_only:A086
RN_COMM_ON_20260917_v2,2026-02-27,2,A086,"[3, 4, 7, 9, 12]",12,title_only,True,False,독수리-6722,급등 후 조정 때 팔아서 다행입니다 (삼성전자),trade_share,,,,,candidate_minimal,2026-02-27,2026-02-27,2,2,candidate_seen_pm,False,community:2026-02-27:t2:post:12:title_only:A086
RN_COMM_ON_20260917_v2,2026-02-27,2,A086,"[3, 4, 7, 9, 12]",13,title_only,False,False,곰-5671,"3% 수익 확정! 내재가치 투자, 단기 변동성엔 흔들리지 않음",profit_share,,,,,candidate_minimal,2026-02-27,2026-02-27,2,2,candidate_seen_pm,False,community:2026-02-27:t2:post:13:title_only:A086
RN_COMM_ON_20260917_v2,2026-02-27,2,A086,"[3, 4, 7, 9, 12]",14,title_only,False,False,늑대-3694,전일 매수 후 오늘 상승! 외국인 이탈에도 개인은 버텨야 할까?,trade_share,,,,,candidate_minimal,2026-02-27,2026-02-27,2,2,candidate_seen_pm,False,community:2026-02-27:t2:post:14:title_only:A086
RN_COMM_ON_20260917_v2,2026-02-27,2,A087,"[3, 4, 7, 9, 12]",1,title_only,False,False,사자-8925,고점 매도 성공! 외국인 이탈과 개인 매수 충돌 속에서의 선택,profit_share,,,,,candidate_minimal,2026-02-27,2026-02-27,2,2,candidate_seen_pm,False,community:2026-02-27:t2:post:1:title_only:A087
RN_COMM_ON_20260917_v2,2026-02-27,2,A087,"[3, 4, 7, 9, 12]",2,title_only,False,False,황소-1620,급등한 삼성전자는 일단 팔았습니다. 수익 확정!,profit_share,,,,,candidate_minimal,2026-02-27,2026-02-27,2,2,candidate_seen_pm,False,community:2026-02-27:t2:post:2:title_only:A087
RN_COMM_ON_20260917_v2,2026-02-27,2,A087,"[3, 4, 7, 9, 12]",3,title_only,True,False,돌고래-2979,"PER 10 배 초반의 매력, 외국인 매도에도 추가 매수",trade_share,,,,,candidate_minimal,2026-02-27,2026-02-27,2,2,candidate_seen_pm,False,community:2026-02-27:t2:post:3:title_only:A087
RN_COMM_ON_20260917_v2,2026-02-27,2,A087,"[3, 4, 7, 9, 12]",4,title_only,True,False,황소-4770,외국인 팔아치우는데 저는 또 사버렸습니다.. (개미의 자조),trade_share,,,,,candidate_minimal,2026-02-27,2026-02-27,2,2,candidate_seen_pm,False,community:2026-02-27:t2:post:4:title_only:A087
RN_COMM_ON_20260917_v2,2026-02-27,2,A087,"[3, 4, 7, 9, 12]",5,title_only,False,False,곰-8551,3% 뚫고 손절 없이 확정! 개미 잔치 속에서 차분히 수익 챙겼습니다.,profit_share,,,,,candidate_minimal,2026-02-27,2026-02-27,2,2,candidate_seen_pm,False,community:2026-02-27:t2:post:5:title_only:A087
RN_COMM_ON_20260917_v2,2026-02-27,2,A087,"[3, 4, 7, 9, 12]",6,title_only,False,False,황소-4980,전일 매수 후 오늘 3% 상승! 원칙이 검증된 하루,trade_share,,,,,candidate_minimal,2026-02-27,2026-02-27,2,2,candidate_seen_pm,False,community:2026-02-27:t2:post:6:title_only:A087
RN_COMM_ON_20260917_v2,2026-02-27,2,A087,"[3, 4, 7, 9, 12]",7,title_only,True,False,여우-1683,3% 차익 실현 완료! 과열 경계하며 일단 현금화,profit_share,,,,,candidate_minimal,2026-02-27,2026-02-27,2,2,candidate_seen_pm,False,community:2026-02-27:t2:post:7:title_only:A087
RN_COMM_ON_20260917_v2,2026-02-27,2,A087,"[3, 4, 7, 9, 12]",8,title_only,False,False,독수리-9332,3% 수익 확정! 원칙대로 팔았습니다. (삼성전자),profit_share,,,,,candidate_minimal,2026-02-27,2026-02-27,2,2,candidate_seen_pm,False,community:2026-02-27:t2:post:8:title_only:A087
RN_COMM_ON_20260917_v2,2026-02-27,2,A087,"[3, 4, 7, 9, 12]",9,title_only,True,False,황소-6990,20% 수익 목표 달성! 삼성전기 매도 완료 (500주),trade_share,,,,,candidate_minimal,2026-02-27,2026-02-27,2,2,candidate_seen_pm,False,community:2026-02-27:t2:post:9:title_only:A087
RN_COMM_ON_20260917_v2,2026-02-27,2,A087,"[3, 4, 7, 9, 12]",10,title_only,False,False,펭귄-5408,21 만 6 천 원에서 3% 땡겨낸 수익 확정!,profit_share,,,,,candidate_minimal,2026-02-27,2026-02-27,2,2,candidate_seen_pm,False,community:2026-02-27:t2:post:10:title_only:A087
RN_COMM_ON_20260917_v2,2026-02-27,2,A087,"[3, 4, 7, 9, 12]",11,title_only,False,False,독수리-1692,3% 수익 확정! 원칙 지키며 내 손에 쥐었다.,profit_share,,,,,candidate_minimal,2026-02-27,2026-02-27,2,2,candidate_seen_pm,False,community:2026-02-27:t2:post:11:title_only:A087
RN_COMM_ON_20260917_v2,2026-02-27,2,A087,"[3, 4, 7, 9, 12]",12,title_only,True,False,독수리-6722,급등 후 조정 때 팔아서 다행입니다 (삼성전자),trade_share,,,,,candidate_minimal,2026-02-27,2026-02-27,2,2,candidate_seen_pm,False,community:2026-02-27:t2:post:12:title_only:A087
RN_COMM_ON_20260917_v2,2026-02-27,2,A087,"[3, 4, 7, 9, 12]",13,title_only,False,False,곰-5671,"3% 수익 확정! 내재가치 투자, 단기 변동성엔 흔들리지 않음",profit_share,,,,,candidate_minimal,2026-02-27,2026-02-27,2,2,candidate_seen_pm,False,community:2026-02-27:t2:post:13:title_only:A087
RN_COMM_ON_20260917_v2,2026-02-27,2,A087,"[3, 4, 7, 9, 12]",14,title_only,False,False,늑대-3694,전일 매수 후 오늘 상승! 외국인 이탈에도 개인은 버텨야 할까?,trade_share,,,,,candidate_minimal,2026-02-27,2026-02-27,2,2,candidate_seen_pm,False,community:2026-02-27:t2:post:14:title_only:A087
RN_COMM_ON_20260917_v2,2026-02-27,2,A085,"[3, 4, 7, 9, 14]",1,title_only,False,False,사자-8925,고점 매도 성공! 외국인 이탈과 개인 매수 충돌 속에서의 선택,profit_share,,,,,candidate_minimal,2026-02-27,2026-02-27,2,2,candidate_seen_pm,False,community:2026-02-27:t2:post:1:title_only:A085
RN_COMM_ON_20260917_v2,2026-02-27,2,A085,"[3, 4, 7, 9, 14]",2,title_only,False,False,황소-1620,급등한 삼성전자는 일단 팔았습니다. 수익 확정!,profit_share,,,,,candidate_minimal,2026-02-27,2026-02-27,2,2,candidate_seen_pm,False,community:2026-02-27:t2:post:2:title_only:A085
RN_COMM_ON_20260917_v2,2026-02-27,2,A085,"[3, 4, 7, 9, 14]",3,title_only,True,False,돌고래-2979,"PER 10 배 초반의 매력, 외국인 매도에도 추가 매수",trade_share,,,,,candidate_minimal,2026-02-27,2026-02-27,2,2,candidate_seen_pm,False,community:2026-02-27:t2:post:3:title_only:A085
RN_COMM_ON_20260917_v2,2026-02-27,2,A085,"[3, 4, 7, 9, 14]",4,title_only,True,False,황소-4770,외국인 팔아치우는데 저는 또 사버렸습니다.. (개미의 자조),trade_share,,,,,candidate_minimal,2026-02-27,2026-02-27,2,2,candidate_seen_pm,False,community:2026-02-27:t2:post:4:title_only:A085
RN_COMM_ON_20260917_v2,2026-02-27,2,A085,"[3, 4, 7, 9, 14]",5,title_only,False,False,곰-8551,3% 뚫고 손절 없이 확정! 개미 잔치 속에서 차분히 수익 챙겼습니다.,profit_share,,,,,candidate_minimal,2026-02-27,2026-02-27,2,2,candidate_seen_pm,False,community:2026-02-27:t2:post:5:title_only:A085
RN_COMM_ON_20260917_v2,2026-02-27,2,A085,"[3, 4, 7, 9, 14]",6,title_only,False,False,황소-4980,전일 매수 후 오늘 3% 상승! 원칙이 검증된 하루,trade_share,,,,,candidate_minimal,2026-02-27,2026-02-27,2,2,candidate_seen_pm,False,community:2026-02-27:t2:post:6:title_only:A085
RN_COMM_ON_20260917_v2,2026-02-27,2,A085,"[3, 4, 7, 9, 14]",7,title_only,True,False,여우-1683,3% 차익 실현 완료! 과열 경계하며 일단 현금화,profit_share,,,,,candidate_minimal,2026-02-27,2026-02-27,2,2,candidate_seen_pm,False,community:2026-02-27:t2:post:7:title_only:A085
RN_COMM_ON_20260917_v2,2026-02-27,2,A085,"[3, 4, 7, 9, 14]",8,title_only,False,False,독수리-9332,3% 수익 확정! 원칙대로 팔았습니다. (삼성전자),profit_share,,,,,candidate_minimal,2026-02-27,2026-02-27,2,2,candidate_seen_pm,False,community:2026-02-27:t2:post:8:title_only:A085
RN_COMM_ON_20260917_v2,2026-02-27,2,A085,"[3, 4, 7, 9, 14]",9,title_only,True,False,황소-6990,20% 수익 목표 달성! 삼성전기 매도 완료 (500주),trade_share,,,,,candidate_minimal,2026-02-27,2026-02-27,2,2,candidate_seen_pm,False,community:2026-02-27:t2:post:9:title_only:A085
RN_COMM_ON_20260917_v2,2026-02-27,2,A085,"[3, 4, 7, 9, 14]",10,title_only,False,False,펭귄-5408,21 만 6 천 원에서 3% 땡겨낸 수익 확정!,profit_share,,,,,candidate_minimal,2026-02-27,2026-02-27,2,2,candidate_seen_pm,False,community:2026-02-27:t2:post:10:title_only:A085
RN_COMM_ON_20260917_v2,2026-02-27,2,A085,"[3, 4, 7, 9, 14]",11,title_only,False,False,독수리-1692,3% 수익 확정! 원칙 지키며 내 손에 쥐었다.,profit_share,,,,,candidate_minimal,2026-02-27,2026-02-27,2,2,candidate_seen_pm,False,community:2026-02-27:t2:post:11:title_only:A085
RN_COMM_ON_20260917_v2,2026-02-27,2,A085,"[3, 4, 7, 9, 14]",12,title_only,False,False,독수리-6722,급등 후 조정 때 팔아서 다행입니다 (삼성전자),trade_share,,,,,candidate_minimal,2026-02-27,2026-02-27,2,2,candidate_seen_pm,False,community:2026-02-27:t2:post:12:title_only:A085
RN_COMM_ON_20260917_v2,2026-02-27,2,A085,"[3, 4, 7, 9, 14]",13,title_only,False,False,곰-5671,"3% 수익 확정! 내재가치 투자, 단기 변동성엔 흔들리지 않음",profit_share,,,,,candidate_minimal,2026-02-27,2026-02-27,2,2,candidate_seen_pm,False,community:2026-02-27:t2:post:13:title_only:A085
RN_COMM_ON_20260917_v2,2026-02-27,2,A085,"[3, 4, 7, 9, 14]",14,title_only,True,False,늑대-3694,전일 매수 후 오늘 상승! 외국인 이탈에도 개인은 버텨야 할까?,trade_share,,,,,candidate_minimal,2026-02-27,2026-02-27,2,2,candidate_seen_pm,False,community:2026-02-27:t2:post:14:title_only:A085
RN_COMM_ON_20260917_v2,2026-02-27,2,A089,"[3, 4, 7, 12, 14]",1,title_only,False,False,사자-8925,고점 매도 성공! 외국인 이탈과 개인 매수 충돌 속에서의 선택,profit_share,,,,,candidate_minimal,2026-02-27,2026-02-27,2,2,candidate_seen_pm,False,community:2026-02-27:t2:post:1:title_only:A089
RN_COMM_ON_20260917_v2,2026-02-27,2,A089,"[3, 4, 7, 12, 14]",2,title_only,False,False,황소-1620,급등한 삼성전자는 일단 팔았습니다. 수익 확정!,profit_share,,,,,candidate_minimal,2026-02-27,2026-02-27,2,2,candidate_seen_pm,False,community:2026-02-27:t2:post:2:title_only:A089
RN_COMM_ON_20260917_v2,2026-02-27,2,A089,"[3, 4, 7, 12, 14]",3,title_only,True,False,돌고래-2979,"PER 10 배 초반의 매력, 외국인 매도에도 추가 매수",trade_share,,,,,candidate_minimal,2026-02-27,2026-02-27,2,2,candidate_seen_pm,False,community:2026-02-27:t2:post:3:title_only:A089
RN_COMM_ON_20260917_v2,2026-02-27,2,A089,"[3, 4, 7, 12, 14]",4,title_only,True,False,황소-4770,외국인 팔아치우는데 저는 또 사버렸습니다.. (개미의 자조),trade_share,,,,,candidate_minimal,2026-02-27,2026-02-27,2,2,candidate_seen_pm,False,community:2026-02-27:t2:post:4:title_only:A089
RN_COMM_ON_20260917_v2,2026-02-27,2,A089,"[3, 4, 7, 12, 14]",5,title_only,False,False,곰-8551,3% 뚫고 손절 없이 확정! 개미 잔치 속에서 차분히 수익 챙겼습니다.,profit_share,,,,,candidate_minimal,2026-02-27,2026-02-27,2,2,candidate_seen_pm,False,community:2026-02-27:t2:post:5:title_only:A089
RN_COMM_ON_20260917_v2,2026-02-27,2,A089,"[3, 4, 7, 12, 14]",6,title_only,False,False,황소-4980,전일 매수 후 오늘 3% 상승! 원칙이 검증된 하루,trade_share,,,,,candidate_minimal,2026-02-27,2026-02-27,2,2,candidate_seen_pm,False,community:2026-02-27:t2:post:6:title_only:A089
RN_COMM_ON_20260917_v2,2026-02-27,2,A089,"[3, 4, 7, 12, 14]",7,title_only,True,False,여우-1683,3% 차익 실현 완료! 과열 경계하며 일단 현금화,profit_share,,,,,candidate_minimal,2026-02-27,2026-02-27,2,2,candidate_seen_pm,False,community:2026-02-27:t2:post:7:title_only:A089
RN_COMM_ON_20260917_v2,2026-02-27,2,A089,"[3, 4, 7, 12, 14]",8,title_only,False,False,독수리-9332,3% 수익 확정! 원칙대로 팔았습니다. (삼성전자),profit_share,,,,,candidate_minimal,2026-02-27,2026-02-27,2,2,candidate_seen_pm,False,community:2026-02-27:t2:post:8:title_only:A089
RN_COMM_ON_20260917_v2,2026-02-27,2,A089,"[3, 4, 7, 12, 14]",9,title_only,False,False,황소-6990,20% 수익 목표 달성! 삼성전기 매도 완료 (500주),trade_share,,,,,candidate_minimal,2026-02-27,2026-02-27,2,2,candidate_seen_pm,False,community:2026-02-27:t2:post:9:title_only:A089
RN_COMM_ON_20260917_v2,2026-02-27,2,A089,"[3, 4, 7, 12, 14]",10,title_only,False,False,펭귄-5408,21 만 6 천 원에서 3% 땡겨낸 수익 확정!,profit_share,,,,,candidate_minimal,2026-02-27,2026-02-27,2,2,candidate_seen_pm,False,community:2026-02-27:t2:post:10:title_only:A089
RN_COMM_ON_20260917_v2,2026-02-27,2,A089,"[3, 4, 7, 12, 14]",11,title_only,False,False,독수리-1692,3% 수익 확정! 원칙 지키며 내 손에 쥐었다.,profit_share,,,,,candidate_minimal,2026-02-27,2026-02-27,2,2,candidate_seen_pm,False,community:2026-02-27:t2:post:11:title_only:A089
RN_COMM_ON_20260917_v2,2026-02-27,2,A089,"[3, 4, 7, 12, 14]",12,title_only,True,False,독수리-6722,급등 후 조정 때 팔아서 다행입니다 (삼성전자),trade_share,,,,,candidate_minimal,2026-02-27,2026-02-27,2,2,candidate_seen_pm,False,community:2026-02-27:t2:post:12:title_only:A089
RN_COMM_ON_20260917_v2,2026-02-27,2,A089,"[3, 4, 7, 12, 14]",13,title_only,False,False,곰-5671,"3% 수익 확정! 내재가치 투자, 단기 변동성엔 흔들리지 않음",profit_share,,,,,candidate_minimal,2026-02-27,2026-02-27,2,2,candidate_seen_pm,False,community:2026-02-27:t2:post:13:title_only:A089
RN_COMM_ON_20260917_v2,2026-02-27,2,A089,"[3, 4, 7, 12, 14]",14,title_only,True,False,늑대-3694,전일 매수 후 오늘 상승! 외국인 이탈에도 개인은 버텨야 할까?,trade_share,,,,,candidate_minimal,2026-02-27,2026-02-27,2,2,candidate_seen_pm,False,community:2026-02-27:t2:post:14:title_only:A089
RN_COMM_ON_20260917_v2,2026-02-27,2,A090,"[3, 7, 9, 12, 14]",1,title_only,False,False,사자-8925,고점 매도 성공! 외국인 이탈과 개인 매수 충돌 속에서의 선택,profit_share,,,,,candidate_minimal,2026-02-27,2026-02-27,2,2,candidate_seen_pm,False,community:2026-02-27:t2:post:1:title_only:A090
RN_COMM_ON_20260917_v2,2026-02-27,2,A090,"[3, 7, 9, 12, 14]",2,title_only,False,False,황소-1620,급등한 삼성전자는 일단 팔았습니다. 수익 확정!,profit_share,,,,,candidate_minimal,2026-02-27,2026-02-27,2,2,candidate_seen_pm,False,community:2026-02-27:t2:post:2:title_only:A090
RN_COMM_ON_20260917_v2,2026-02-27,2,A090,"[3, 7, 9, 12, 14]",3,title_only,True,False,돌고래-2979,"PER 10 배 초반의 매력, 외국인 매도에도 추가 매수",trade_share,,,,,candidate_minimal,2026-02-27,2026-02-27,2,2,candidate_seen_pm,False,community:2026-02-27:t2:post:3:title_only:A090
RN_COMM_ON_20260917_v2,2026-02-27,2,A090,"[3, 7, 9, 12, 14]",4,title_only,False,False,황소-4770,외국인 팔아치우는데 저는 또 사버렸습니다.. (개미의 자조),trade_share,,,,,candidate_minimal,2026-02-27,2026-02-27,2,2,candidate_seen_pm,False,community:2026-02-27:t2:post:4:title_only:A090
RN_COMM_ON_20260917_v2,2026-02-27,2,A090,"[3, 7, 9, 12, 14]",5,title_only,False,False,곰-8551,3% 뚫고 손절 없이 확정! 개미 잔치 속에서 차분히 수익 챙겼습니다.,profit_share,,,,,candidate_minimal,2026-02-27,2026-02-27,2,2,candidate_seen_pm,False,community:2026-02-27:t2:post:5:title_only:A090
RN_COMM_ON_20260917_v2,2026-02-27,2,A090,"[3, 7, 9, 12, 14]",6,title_only,False,False,황소-4980,전일 매수 후 오늘 3% 상승! 원칙이 검증된 하루,trade_share,,,,,candidate_minimal,2026-02-27,2026-02-27,2,2,candidate_seen_pm,False,community:2026-02-27:t2:post:6:title_only:A090
RN_COMM_ON_20260917_v2,2026-02-27,2,A090,"[3, 7, 9, 12, 14]",7,title_only,True,False,여우-1683,3% 차익 실현 완료! 과열 경계하며 일단 현금화,profit_share,,,,,candidate_minimal,2026-02-27,2026-02-27,2,2,candidate_seen_pm,False,community:2026-02-27:t2:post:7:title_only:A090
RN_COMM_ON_20260917_v2,2026-02-27,2,A090,"[3, 7, 9, 12, 14]",8,title_only,False,False,독수리-9332,3% 수익 확정! 원칙대로 팔았습니다. (삼성전자),profit_share,,,,,candidate_minimal,2026-02-27,2026-02-27,2,2,candidate_seen_pm,False,community:2026-02-27:t2:post:8:title_only:A090
RN_COMM_ON_20260917_v2,2026-02-27,2,A090,"[3, 7, 9, 12, 14]",9,title_only,True,False,황소-6990,20% 수익 목표 달성! 삼성전기 매도 완료 (500주),trade_share,,,,,candidate_minimal,2026-02-27,2026-02-27,2,2,candidate_seen_pm,False,community:2026-02-27:t2:post:9:title_only:A090
RN_COMM_ON_20260917_v2,2026-02-27,2,A090,"[3, 7, 9, 12, 14]",10,title_only,False,False,펭귄-5408,21 만 6 천 원에서 3% 땡겨낸 수익 확정!,profit_share,,,,,candidate_minimal,2026-02-27,2026-02-27,2,2,candidate_seen_pm,False,community:2026-02-27:t2:post:10:title_only:A090
RN_COMM_ON_20260917_v2,2026-02-27,2,A090,"[3, 7, 9, 12, 14]",11,title_only,False,False,독수리-1692,3% 수익 확정! 원칙 지키며 내 손에 쥐었다.,profit_share,,,,,candidate_minimal,2026-02-27,2026-02-27,2,2,candidate_seen_pm,False,community:2026-02-27:t2:post:11:title_only:A090
RN_COMM_ON_20260917_v2,2026-02-27,2,A090,"[3, 7, 9, 12, 14]",12,title_only,True,False,독수리-6722,급등 후 조정 때 팔아서 다행입니다 (삼성전자),trade_share,,,,,candidate_minimal,2026-02-27,2026-02-27,2,2,candidate_seen_pm,False,community:2026-02-27:t2:post:12:title_only:A090
RN_COMM_ON_20260917_v2,2026-02-27,2,A090,"[3, 7, 9, 12, 14]",13,title_only,False,False,곰-5671,"3% 수익 확정! 내재가치 투자, 단기 변동성엔 흔들리지 않음",profit_share,,,,,candidate_minimal,2026-02-27,2026-02-27,2,2,candidate_seen_pm,False,community:2026-02-27:t2:post:13:title_only:A090
RN_COMM_ON_20260917_v2,2026-02-27,2,A090,"[3, 7, 9, 12, 14]",14,title_only,True,False,늑대-3694,전일 매수 후 오늘 상승! 외국인 이탈에도 개인은 버텨야 할까?,trade_share,,,,,candidate_minimal,2026-02-27,2026-02-27,2,2,candidate_seen_pm,False,community:2026-02-27:t2:post:14:title_only:A090
RN_COMM_ON_20260917_v2,2026-02-27,2,A091,"[3, 4, 9, 12, 14]",1,title_only,False,False,사자-8925,고점 매도 성공! 외국인 이탈과 개인 매수 충돌 속에서의 선택,profit_share,,,,,candidate_minimal,2026-02-27,2026-02-27,2,2,candidate_seen_pm,False,community:2026-02-27:t2:post:1:title_only:A091
RN_COMM_ON_20260917_v2,2026-02-27,2,A091,"[3, 4, 9, 12, 14]",2,title_only,False,False,황소-1620,급등한 삼성전자는 일단 팔았습니다. 수익 확정!,profit_share,,,,,candidate_minimal,2026-02-27,2026-02-27,2,2,candidate_seen_pm,False,community:2026-02-27:t2:post:2:title_only:A091
RN_COMM_ON_20260917_v2,2026-02-27,2,A091,"[3, 4, 9, 12, 14]",3,title_only,True,False,돌고래-2979,"PER 10 배 초반의 매력, 외국인 매도에도 추가 매수",trade_share,,,,,candidate_minimal,2026-02-27,2026-02-27,2,2,candidate_seen_pm,False,community:2026-02-27:t2:post:3:title_only:A091
RN_COMM_ON_20260917_v2,2026-02-27,2,A091,"[3, 4, 9, 12, 14]",4,title_only,True,False,황소-4770,외국인 팔아치우는데 저는 또 사버렸습니다.. (개미의 자조),trade_share,,,,,candidate_minimal,2026-02-27,2026-02-27,2,2,candidate_seen_pm,False,community:2026-02-27:t2:post:4:title_only:A091
RN_COMM_ON_20260917_v2,2026-02-27,2,A091,"[3, 4, 9, 12, 14]",5,title_only,False,False,곰-8551,3% 뚫고 손절 없이 확정! 개미 잔치 속에서 차분히 수익 챙겼습니다.,profit_share,,,,,candidate_minimal,2026-02-27,2026-02-27,2,2,candidate_seen_pm,False,community:2026-02-27:t2:post:5:title_only:A091
RN_COMM_ON_20260917_v2,2026-02-27,2,A091,"[3, 4, 9, 12, 14]",6,title_only,False,False,황소-4980,전일 매수 후 오늘 3% 상승! 원칙이 검증된 하루,trade_share,,,,,candidate_minimal,2026-02-27,2026-02-27,2,2,candidate_seen_pm,False,community:2026-02-27:t2:post:6:title_only:A091
RN_COMM_ON_20260917_v2,2026-02-27,2,A091,"[3, 4, 9, 12, 14]",7,title_only,False,False,여우-1683,3% 차익 실현 완료! 과열 경계하며 일단 현금화,profit_share,,,,,candidate_minimal,2026-02-27,2026-02-27,2,2,candidate_seen_pm,False,community:2026-02-27:t2:post:7:title_only:A091
RN_COMM_ON_20260917_v2,2026-02-27,2,A091,"[3, 4, 9, 12, 14]",8,title_only,False,False,독수리-9332,3% 수익 확정! 원칙대로 팔았습니다. (삼성전자),profit_share,,,,,candidate_minimal,2026-02-27,2026-02-27,2,2,candidate_seen_pm,False,community:2026-02-27:t2:post:8:title_only:A091
RN_COMM_ON_20260917_v2,2026-02-27,2,A091,"[3, 4, 9, 12, 14]",9,title_only,True,False,황소-6990,20% 수익 목표 달성! 삼성전기 매도 완료 (500주),trade_share,,,,,candidate_minimal,2026-02-27,2026-02-27,2,2,candidate_seen_pm,False,community:2026-02-27:t2:post:9:title_only:A091
RN_COMM_ON_20260917_v2,2026-02-27,2,A091,"[3, 4, 9, 12, 14]",10,title_only,False,False,펭귄-5408,21 만 6 천 원에서 3% 땡겨낸 수익 확정!,profit_share,,,,,candidate_minimal,2026-02-27,2026-02-27,2,2,candidate_seen_pm,False,community:2026-02-27:t2:post:10:title_only:A091
RN_COMM_ON_20260917_v2,2026-02-27,2,A091,"[3, 4, 9, 12, 14]",11,title_only,False,False,독수리-1692,3% 수익 확정! 원칙 지키며 내 손에 쥐었다.,profit_share,,,,,candidate_minimal,2026-02-27,2026-02-27,2,2,candidate_seen_pm,False,community:2026-02-27:t2:post:11:title_only:A091
RN_COMM_ON_20260917_v2,2026-02-27,2,A091,"[3, 4, 9, 12, 14]",12,title_only,True,False,독수리-6722,급등 후 조정 때 팔아서 다행입니다 (삼성전자),trade_share,,,,,candidate_minimal,2026-02-27,2026-02-27,2,2,candidate_seen_pm,False,community:2026-02-27:t2:post:12:title_only:A091
RN_COMM_ON_20260917_v2,2026-02-27,2,A091,"[3, 4, 9, 12, 14]",13,title_only,False,False,곰-5671,"3% 수익 확정! 내재가치 투자, 단기 변동성엔 흔들리지 않음",profit_share,,,,,candidate_minimal,2026-02-27,2026-02-27,2,2,candidate_seen_pm,False,community:2026-02-27:t2:post:13:title_only:A091
RN_COMM_ON_20260917_v2,2026-02-27,2,A091,"[3, 4, 9, 12, 14]",14,title_only,True,False,늑대-3694,전일 매수 후 오늘 상승! 외국인 이탈에도 개인은 버텨야 할까?,trade_share,,,,,candidate_minimal,2026-02-27,2026-02-27,2,2,candidate_seen_pm,False,community:2026-02-27:t2:post:14:title_only:A091
RN_COMM_ON_20260917_v2,2026-02-27,2,A094,"[3, 4, 7, 12, 14]",1,title_only,False,False,사자-8925,고점 매도 성공! 외국인 이탈과 개인 매수 충돌 속에서의 선택,profit_share,,,,,candidate_minimal,2026-02-27,2026-02-27,2,2,candidate_seen_pm,False,community:2026-02-27:t2:post:1:title_only:A094
RN_COMM_ON_20260917_v2,2026-02-27,2,A094,"[3, 4, 7, 12, 14]",2,title_only,False,False,황소-1620,급등한 삼성전자는 일단 팔았습니다. 수익 확정!,profit_share,,,,,candidate_minimal,2026-02-27,2026-02-27,2,2,candidate_seen_pm,False,community:2026-02-27:t2:post:2:title_only:A094
RN_COMM_ON_20260917_v2,2026-02-27,2,A094,"[3, 4, 7, 12, 14]",3,title_only,True,False,돌고래-2979,"PER 10 배 초반의 매력, 외국인 매도에도 추가 매수",trade_share,,,,,candidate_minimal,2026-02-27,2026-02-27,2,2,candidate_seen_pm,False,community:2026-02-27:t2:post:3:title_only:A094
RN_COMM_ON_20260917_v2,2026-02-27,2,A094,"[3, 4, 7, 12, 14]",4,title_only,True,False,황소-4770,외국인 팔아치우는데 저는 또 사버렸습니다.. (개미의 자조),trade_share,,,,,candidate_minimal,2026-02-27,2026-02-27,2,2,candidate_seen_pm,False,community:2026-02-27:t2:post:4:title_only:A094
RN_COMM_ON_20260917_v2,2026-02-27,2,A094,"[3, 4, 7, 12, 14]",5,title_only,False,False,곰-8551,3% 뚫고 손절 없이 확정! 개미 잔치 속에서 차분히 수익 챙겼습니다.,profit_share,,,,,candidate_minimal,2026-02-27,2026-02-27,2,2,candidate_seen_pm,False,community:2026-02-27:t2:post:5:title_only:A094
RN_COMM_ON_20260917_v2,2026-02-27,2,A094,"[3, 4, 7, 12, 14]",6,title_only,False,False,황소-4980,전일 매수 후 오늘 3% 상승! 원칙이 검증된 하루,trade_share,,,,,candidate_minimal,2026-02-27,2026-02-27,2,2,candidate_seen_pm,False,community:2026-02-27:t2:post:6:title_only:A094
RN_COMM_ON_20260917_v2,2026-02-27,2,A094,"[3, 4, 7, 12, 14]",7,title_only,True,False,여우-1683,3% 차익 실현 완료! 과열 경계하며 일단 현금화,profit_share,,,,,candidate_minimal,2026-02-27,2026-02-27,2,2,candidate_seen_pm,False,community:2026-02-27:t2:post:7:title_only:A094
RN_COMM_ON_20260917_v2,2026-02-27,2,A094,"[3, 4, 7, 12, 14]",8,title_only,False,False,독수리-9332,3% 수익 확정! 원칙대로 팔았습니다. (삼성전자),profit_share,,,,,candidate_minimal,2026-02-27,2026-02-27,2,2,candidate_seen_pm,False,community:2026-02-27:t2:post:8:title_only:A094
RN_COMM_ON_20260917_v2,2026-02-27,2,A094,"[3, 4, 7, 12, 14]",9,title_only,False,False,황소-6990,20% 수익 목표 달성! 삼성전기 매도 완료 (500주),trade_share,,,,,candidate_minimal,2026-02-27,2026-02-27,2,2,candidate_seen_pm,False,community:2026-02-27:t2:post:9:title_only:A094
RN_COMM_ON_20260917_v2,2026-02-27,2,A094,"[3, 4, 7, 12, 14]",10,title_only,False,False,펭귄-5408,21 만 6 천 원에서 3% 땡겨낸 수익 확정!,profit_share,,,,,candidate_minimal,2026-02-27,2026-02-27,2,2,candidate_seen_pm,False,community:2026-02-27:t2:post:10:title_only:A094
RN_COMM_ON_20260917_v2,2026-02-27,2,A094,"[3, 4, 7, 12, 14]",11,title_only,False,False,독수리-1692,3% 수익 확정! 원칙 지키며 내 손에 쥐었다.,profit_share,,,,,candidate_minimal,2026-02-27,2026-02-27,2,2,candidate_seen_pm,False,community:2026-02-27:t2:post:11:title_only:A094
RN_COMM_ON_20260917_v2,2026-02-27,2,A094,"[3, 4, 7, 12, 14]",12,title_only,True,False,독수리-6722,급등 후 조정 때 팔아서 다행입니다 (삼성전자),trade_share,,,,,candidate_minimal,2026-02-27,2026-02-27,2,2,candidate_seen_pm,False,community:2026-02-27:t2:post:12:title_only:A094
RN_COMM_ON_20260917_v2,2026-02-27,2,A094,"[3, 4, 7, 12, 14]",14,title_only,True,False,늑대-3694,전일 매수 후 오늘 상승! 외국인 이탈에도 개인은 버텨야 할까?,trade_share,,,,,candidate_minimal,2026-02-27,2026-02-27,2,2,candidate_seen_pm,False,community:2026-02-27:t2:post:14:title_only:A094
RN_COMM_ON_20260917_v2,2026-02-27,2,A092,"[3, 4, 7, 12, 14]",1,title_only,False,False,사자-8925,고점 매도 성공! 외국인 이탈과 개인 매수 충돌 속에서의 선택,profit_share,,,,,candidate_minimal,2026-02-27,2026-02-27,2,2,candidate_seen_pm,False,community:2026-02-27:t2:post:1:title_only:A092
RN_COMM_ON_20260917_v2,2026-02-27,2,A092,"[3, 4, 7, 12, 14]",2,title_only,False,False,황소-1620,급등한 삼성전자는 일단 팔았습니다. 수익 확정!,profit_share,,,,,candidate_minimal,2026-02-27,2026-02-27,2,2,candidate_seen_pm,False,community:2026-02-27:t2:post:2:title_only:A092
RN_COMM_ON_20260917_v2,2026-02-27,2,A092,"[3, 4, 7, 12, 14]",3,title_only,True,False,돌고래-2979,"PER 10 배 초반의 매력, 외국인 매도에도 추가 매수",trade_share,,,,,candidate_minimal,2026-02-27,2026-02-27,2,2,candidate_seen_pm,False,community:2026-02-27:t2:post:3:title_only:A092
RN_COMM_ON_20260917_v2,2026-02-27,2,A092,"[3, 4, 7, 12, 14]",4,title_only,True,False,황소-4770,외국인 팔아치우는데 저는 또 사버렸습니다.. (개미의 자조),trade_share,,,,,candidate_minimal,2026-02-27,2026-02-27,2,2,candidate_seen_pm,False,community:2026-02-27:t2:post:4:title_only:A092
RN_COMM_ON_20260917_v2,2026-02-27,2,A092,"[3, 4, 7, 12, 14]",5,title_only,False,False,곰-8551,3% 뚫고 손절 없이 확정! 개미 잔치 속에서 차분히 수익 챙겼습니다.,profit_share,,,,,candidate_minimal,2026-02-27,2026-02-27,2,2,candidate_seen_pm,False,community:2026-02-27:t2:post:5:title_only:A092
RN_COMM_ON_20260917_v2,2026-02-27,2,A092,"[3, 4, 7, 12, 14]",6,title_only,False,False,황소-4980,전일 매수 후 오늘 3% 상승! 원칙이 검증된 하루,trade_share,,,,,candidate_minimal,2026-02-27,2026-02-27,2,2,candidate_seen_pm,False,community:2026-02-27:t2:post:6:title_only:A092
RN_COMM_ON_20260917_v2,2026-02-27,2,A092,"[3, 4, 7, 12, 14]",7,title_only,True,False,여우-1683,3% 차익 실현 완료! 과열 경계하며 일단 현금화,profit_share,,,,,candidate_minimal,2026-02-27,2026-02-27,2,2,candidate_seen_pm,False,community:2026-02-27:t2:post:7:title_only:A092
RN_COMM_ON_20260917_v2,2026-02-27,2,A092,"[3, 4, 7, 12, 14]",8,title_only,False,False,독수리-9332,3% 수익 확정! 원칙대로 팔았습니다. (삼성전자),profit_share,,,,,candidate_minimal,2026-02-27,2026-02-27,2,2,candidate_seen_pm,False,community:2026-02-27:t2:post:8:title_only:A092
RN_COMM_ON_20260917_v2,2026-02-27,2,A092,"[3, 4, 7, 12, 14]",9,title_only,False,False,황소-6990,20% 수익 목표 달성! 삼성전기 매도 완료 (500주),trade_share,,,,,candidate_minimal,2026-02-27,2026-02-27,2,2,candidate_seen_pm,False,community:2026-02-27:t2:post:9:title_only:A092
RN_COMM_ON_20260917_v2,2026-02-27,2,A092,"[3, 4, 7, 12, 14]",10,title_only,False,False,펭귄-5408,21 만 6 천 원에서 3% 땡겨낸 수익 확정!,profit_share,,,,,candidate_minimal,2026-02-27,2026-02-27,2,2,candidate_seen_pm,False,community:2026-02-27:t2:post:10:title_only:A092
RN_COMM_ON_20260917_v2,2026-02-27,2,A092,"[3, 4, 7, 12, 14]",11,title_only,False,False,독수리-1692,3% 수익 확정! 원칙 지키며 내 손에 쥐었다.,profit_share,,,,,candidate_minimal,2026-02-27,2026-02-27,2,2,candidate_seen_pm,False,community:2026-02-27:t2:post:11:title_only:A092
RN_COMM_ON_20260917_v2,2026-02-27,2,A092,"[3, 4, 7, 12, 14]",12,title_only,True,False,독수리-6722,급등 후 조정 때 팔아서 다행입니다 (삼성전자),trade_share,,,,,candidate_minimal,2026-02-27,2026-02-27,2,2,candidate_seen_pm,False,community:2026-02-27:t2:post:12:title_only:A092
RN_COMM_ON_20260917_v2,2026-02-27,2,A092,"[3, 4, 7, 12, 14]",13,title_only,False,False,곰-5671,"3% 수익 확정! 내재가치 투자, 단기 변동성엔 흔들리지 않음",profit_share,,,,,candidate_minimal,2026-02-27,2026-02-27,2,2,candidate_seen_pm,False,community:2026-02-27:t2:post:13:title_only:A092
RN_COMM_ON_20260917_v2,2026-02-27,2,A092,"[3, 4, 7, 12, 14]",14,title_only,True,False,늑대-3694,전일 매수 후 오늘 상승! 외국인 이탈에도 개인은 버텨야 할까?,trade_share,,,,,candidate_minimal,2026-02-27,2026-02-27,2,2,candidate_seen_pm,False,community:2026-02-27:t2:post:14:title_only:A092
RN_COMM_ON_20260917_v2,2026-02-27,2,A093,"[3, 7, 12, 14]",1,title_only,False,False,사자-8925,고점 매도 성공! 외국인 이탈과 개인 매수 충돌 속에서의 선택,profit_share,,,,,candidate_minimal,2026-02-27,2026-02-27,2,2,candidate_seen_pm,False,community:2026-02-27:t2:post:1:title_only:A093
RN_COMM_ON_20260917_v2,2026-02-27,2,A093,"[3, 7, 12, 14]",2,title_only,False,False,황소-1620,급등한 삼성전자는 일단 팔았습니다. 수익 확정!,profit_share,,,,,candidate_minimal,2026-02-27,2026-02-27,2,2,candidate_seen_pm,False,community:2026-02-27:t2:post:2:title_only:A093
RN_COMM_ON_20260917_v2,2026-02-27,2,A093,"[3, 7, 12, 14]",3,title_only,True,False,돌고래-2979,"PER 10 배 초반의 매력, 외국인 매도에도 추가 매수",trade_share,,,,,candidate_minimal,2026-02-27,2026-02-27,2,2,candidate_seen_pm,False,community:2026-02-27:t2:post:3:title_only:A093
RN_COMM_ON_20260917_v2,2026-02-27,2,A093,"[3, 7, 12, 14]",4,title_only,False,False,황소-4770,외국인 팔아치우는데 저는 또 사버렸습니다.. (개미의 자조),trade_share,,,,,candidate_minimal,2026-02-27,2026-02-27,2,2,candidate_seen_pm,False,community:2026-02-27:t2:post:4:title_only:A093
RN_COMM_ON_20260917_v2,2026-02-27,2,A093,"[3, 7, 12, 14]",5,title_only,False,False,곰-8551,3% 뚫고 손절 없이 확정! 개미 잔치 속에서 차분히 수익 챙겼습니다.,profit_share,,,,,candidate_minimal,2026-02-27,2026-02-27,2,2,candidate_seen_pm,False,community:2026-02-27:t2:post:5:title_only:A093
RN_COMM_ON_20260917_v2,2026-02-27,2,A093,"[3, 7, 12, 14]",6,title_only,False,False,황소-4980,전일 매수 후 오늘 3% 상승! 원칙이 검증된 하루,trade_share,,,,,candidate_minimal,2026-02-27,2026-02-27,2,2,candidate_seen_pm,False,community:2026-02-27:t2:post:6:title_only:A093
RN_COMM_ON_20260917_v2,2026-02-27,2,A093,"[3, 7, 12, 14]",7,title_only,True,False,여우-1683,3% 차익 실현 완료! 과열 경계하며 일단 현금화,profit_share,,,,,candidate_minimal,2026-02-27,2026-02-27,2,2,candidate_seen_pm,False,community:2026-02-27:t2:post:7:title_only:A093
RN_COMM_ON_20260917_v2,2026-02-27,2,A093,"[3, 7, 12, 14]",8,title_only,False,False,독수리-9332,3% 수익 확정! 원칙대로 팔았습니다. (삼성전자),profit_share,,,,,candidate_minimal,2026-02-27,2026-02-27,2,2,candidate_seen_pm,False,community:2026-02-27:t2:post:8:title_only:A093
RN_COMM_ON_20260917_v2,2026-02-27,2,A093,"[3, 7, 12, 14]",9,title_only,False,False,황소-6990,20% 수익 목표 달성! 삼성전기 매도 완료 (500주),trade_share,,,,,candidate_minimal,2026-02-27,2026-02-27,2,2,candidate_seen_pm,False,community:2026-02-27:t2:post:9:title_only:A093
RN_COMM_ON_20260917_v2,2026-02-27,2,A093,"[3, 7, 12, 14]",10,title_only,False,False,펭귄-5408,21 만 6 천 원에서 3% 땡겨낸 수익 확정!,profit_share,,,,,candidate_minimal,2026-02-27,2026-02-27,2,2,candidate_seen_pm,False,community:2026-02-27:t2:post:10:title_only:A093
RN_COMM_ON_20260917_v2,2026-02-27,2,A093,"[3, 7, 12, 14]",11,title_only,False,False,독수리-1692,3% 수익 확정! 원칙 지키며 내 손에 쥐었다.,profit_share,,,,,candidate_minimal,2026-02-27,2026-02-27,2,2,candidate_seen_pm,False,community:2026-02-27:t2:post:11:title_only:A093
RN_COMM_ON_20260917_v2,2026-02-27,2,A093,"[3, 7, 12, 14]",12,title_only,True,False,독수리-6722,급등 후 조정 때 팔아서 다행입니다 (삼성전자),trade_share,,,,,candidate_minimal,2026-02-27,2026-02-27,2,2,candidate_seen_pm,False,community:2026-02-27:t2:post:12:title_only:A093
RN_COMM_ON_20260917_v2,2026-02-27,2,A093,"[3, 7, 12, 14]",13,title_only,False,False,곰-5671,"3% 수익 확정! 내재가치 투자, 단기 변동성엔 흔들리지 않음",profit_share,,,,,candidate_minimal,2026-02-27,2026-02-27,2,2,candidate_seen_pm,False,community:2026-02-27:t2:post:13:title_only:A093
RN_COMM_ON_20260917_v2,2026-02-27,2,A093,"[3, 7, 12, 14]",14,title_only,True,False,늑대-3694,전일 매수 후 오늘 상승! 외국인 이탈에도 개인은 버텨야 할까?,trade_share,,,,,candidate_minimal,2026-02-27,2026-02-27,2,2,candidate_seen_pm,False,community:2026-02-27:t2:post:14:title_only:A093
RN_COMM_ON_20260917_v2,2026-02-27,2,A097,"[3, 4, 7, 9, 12]",1,title_only,False,False,사자-8925,고점 매도 성공! 외국인 이탈과 개인 매수 충돌 속에서의 선택,profit_share,,,,,candidate_minimal,2026-02-27,2026-02-27,2,2,candidate_seen_pm,False,community:2026-02-27:t2:post:1:title_only:A097
RN_COMM_ON_20260917_v2,2026-02-27,2,A097,"[3, 4, 7, 9, 12]",2,title_only,False,False,황소-1620,급등한 삼성전자는 일단 팔았습니다. 수익 확정!,profit_share,,,,,candidate_minimal,2026-02-27,2026-02-27,2,2,candidate_seen_pm,False,community:2026-02-27:t2:post:2:title_only:A097
RN_COMM_ON_20260917_v2,2026-02-27,2,A097,"[3, 4, 7, 9, 12]",3,title_only,True,False,돌고래-2979,"PER 10 배 초반의 매력, 외국인 매도에도 추가 매수",trade_share,,,,,candidate_minimal,2026-02-27,2026-02-27,2,2,candidate_seen_pm,False,community:2026-02-27:t2:post:3:title_only:A097
RN_COMM_ON_20260917_v2,2026-02-27,2,A097,"[3, 4, 7, 9, 12]",4,title_only,True,False,황소-4770,외국인 팔아치우는데 저는 또 사버렸습니다.. (개미의 자조),trade_share,,,,,candidate_minimal,2026-02-27,2026-02-27,2,2,candidate_seen_pm,False,community:2026-02-27:t2:post:4:title_only:A097
RN_COMM_ON_20260917_v2,2026-02-27,2,A097,"[3, 4, 7, 9, 12]",5,title_only,False,False,곰-8551,3% 뚫고 손절 없이 확정! 개미 잔치 속에서 차분히 수익 챙겼습니다.,profit_share,,,,,candidate_minimal,2026-02-27,2026-02-27,2,2,candidate_seen_pm,False,community:2026-02-27:t2:post:5:title_only:A097
RN_COMM_ON_20260917_v2,2026-02-27,2,A097,"[3, 4, 7, 9, 12]",6,title_only,False,False,황소-4980,전일 매수 후 오늘 3% 상승! 원칙이 검증된 하루,trade_share,,,,,candidate_minimal,2026-02-27,2026-02-27,2,2,candidate_seen_pm,False,community:2026-02-27:t2:post:6:title_only:A097
RN_COMM_ON_20260917_v2,2026-02-27,2,A097,"[3, 4, 7, 9, 12]",7,title_only,True,False,여우-1683,3% 차익 실현 완료! 과열 경계하며 일단 현금화,profit_share,,,,,candidate_minimal,2026-02-27,2026-02-27,2,2,candidate_seen_pm,False,community:2026-02-27:t2:post:7:title_only:A097
RN_COMM_ON_20260917_v2,2026-02-27,2,A097,"[3, 4, 7, 9, 12]",8,title_only,False,False,독수리-9332,3% 수익 확정! 원칙대로 팔았습니다. (삼성전자),profit_share,,,,,candidate_minimal,2026-02-27,2026-02-27,2,2,candidate_seen_pm,False,community:2026-02-27:t2:post:8:title_only:A097
RN_COMM_ON_20260917_v2,2026-02-27,2,A097,"[3, 4, 7, 9, 12]",9,title_only,True,False,황소-6990,20% 수익 목표 달성! 삼성전기 매도 완료 (500주),trade_share,,,,,candidate_minimal,2026-02-27,2026-02-27,2,2,candidate_seen_pm,False,community:2026-02-27:t2:post:9:title_only:A097
RN_COMM_ON_20260917_v2,2026-02-27,2,A097,"[3, 4, 7, 9, 12]",10,title_only,False,False,펭귄-5408,21 만 6 천 원에서 3% 땡겨낸 수익 확정!,profit_share,,,,,candidate_minimal,2026-02-27,2026-02-27,2,2,candidate_seen_pm,False,community:2026-02-27:t2:post:10:title_only:A097
RN_COMM_ON_20260917_v2,2026-02-27,2,A097,"[3, 4, 7, 9, 12]",11,title_only,False,False,독수리-1692,3% 수익 확정! 원칙 지키며 내 손에 쥐었다.,profit_share,,,,,candidate_minimal,2026-02-27,2026-02-27,2,2,candidate_seen_pm,False,community:2026-02-27:t2:post:11:title_only:A097
RN_COMM_ON_20260917_v2,2026-02-27,2,A097,"[3, 4, 7, 9, 12]",12,title_only,True,False,독수리-6722,급등 후 조정 때 팔아서 다행입니다 (삼성전자),trade_share,,,,,candidate_minimal,2026-02-27,2026-02-27,2,2,candidate_seen_pm,False,community:2026-02-27:t2:post:12:title_only:A097
RN_COMM_ON_20260917_v2,2026-02-27,2,A097,"[3, 4, 7, 9, 12]",13,title_only,False,False,곰-5671,"3% 수익 확정! 내재가치 투자, 단기 변동성엔 흔들리지 않음",profit_share,,,,,candidate_minimal,2026-02-27,2026-02-27,2,2,candidate_seen_pm,False,community:2026-02-27:t2:post:13:title_only:A097
RN_COMM_ON_20260917_v2,2026-02-27,2,A097,"[3, 4, 7, 9, 12]",14,title_only,False,False,늑대-3694,전일 매수 후 오늘 상승! 외국인 이탈에도 개인은 버텨야 할까?,trade_share,,,,,candidate_minimal,2026-02-27,2026-02-27,2,2,candidate_seen_pm,False,community:2026-02-27:t2:post:14:title_only:A097
RN_COMM_ON_20260917_v2,2026-02-27,2,A095,"[3, 4, 12]",1,title_only,False,False,사자-8925,고점 매도 성공! 외국인 이탈과 개인 매수 충돌 속에서의 선택,profit_share,,,,,candidate_minimal,2026-02-27,2026-02-27,2,2,candidate_seen_pm,False,community:2026-02-27:t2:post:1:title_only:A095
RN_COMM_ON_20260917_v2,2026-02-27,2,A095,"[3, 4, 12]",2,title_only,False,False,황소-1620,급등한 삼성전자는 일단 팔았습니다. 수익 확정!,profit_share,,,,,candidate_minimal,2026-02-27,2026-02-27,2,2,candidate_seen_pm,False,community:2026-02-27:t2:post:2:title_only:A095
RN_COMM_ON_20260917_v2,2026-02-27,2,A095,"[3, 4, 12]",3,title_only,True,False,돌고래-2979,"PER 10 배 초반의 매력, 외국인 매도에도 추가 매수",trade_share,,,,,candidate_minimal,2026-02-27,2026-02-27,2,2,candidate_seen_pm,False,community:2026-02-27:t2:post:3:title_only:A095
RN_COMM_ON_20260917_v2,2026-02-27,2,A095,"[3, 4, 12]",4,title_only,True,False,황소-4770,외국인 팔아치우는데 저는 또 사버렸습니다.. (개미의 자조),trade_share,,,,,candidate_minimal,2026-02-27,2026-02-27,2,2,candidate_seen_pm,False,community:2026-02-27:t2:post:4:title_only:A095
RN_COMM_ON_20260917_v2,2026-02-27,2,A095,"[3, 4, 12]",5,title_only,False,False,곰-8551,3% 뚫고 손절 없이 확정! 개미 잔치 속에서 차분히 수익 챙겼습니다.,profit_share,,,,,candidate_minimal,2026-02-27,2026-02-27,2,2,candidate_seen_pm,False,community:2026-02-27:t2:post:5:title_only:A095
RN_COMM_ON_20260917_v2,2026-02-27,2,A095,"[3, 4, 12]",6,title_only,False,False,황소-4980,전일 매수 후 오늘 3% 상승! 원칙이 검증된 하루,trade_share,,,,,candidate_minimal,2026-02-27,2026-02-27,2,2,candidate_seen_pm,False,community:2026-02-27:t2:post:6:title_only:A095
RN_COMM_ON_20260917_v2,2026-02-27,2,A095,"[3, 4, 12]",7,title_only,False,False,여우-1683,3% 차익 실현 완료! 과열 경계하며 일단 현금화,profit_share,,,,,candidate_minimal,2026-02-27,2026-02-27,2,2,candidate_seen_pm,False,community:2026-02-27:t2:post:7:title_only:A095
RN_COMM_ON_20260917_v2,2026-02-27,2,A095,"[3, 4, 12]",8,title_only,False,False,독수리-9332,3% 수익 확정! 원칙대로 팔았습니다. (삼성전자),profit_share,,,,,candidate_minimal,2026-02-27,2026-02-27,2,2,candidate_seen_pm,False,community:2026-02-27:t2:post:8:title_only:A095
RN_COMM_ON_20260917_v2,2026-02-27,2,A095,"[3, 4, 12]",9,title_only,False,False,황소-6990,20% 수익 목표 달성! 삼성전기 매도 완료 (500주),trade_share,,,,,candidate_minimal,2026-02-27,2026-02-27,2,2,candidate_seen_pm,False,community:2026-02-27:t2:post:9:title_only:A095
RN_COMM_ON_20260917_v2,2026-02-27,2,A095,"[3, 4, 12]",10,title_only,False,False,펭귄-5408,21 만 6 천 원에서 3% 땡겨낸 수익 확정!,profit_share,,,,,candidate_minimal,2026-02-27,2026-02-27,2,2,candidate_seen_pm,False,community:2026-02-27:t2:post:10:title_only:A095
RN_COMM_ON_20260917_v2,2026-02-27,2,A095,"[3, 4, 12]",11,title_only,False,False,독수리-1692,3% 수익 확정! 원칙 지키며 내 손에 쥐었다.,profit_share,,,,,candidate_minimal,2026-02-27,2026-02-27,2,2,candidate_seen_pm,False,community:2026-02-27:t2:post:11:title_only:A095
RN_COMM_ON_20260917_v2,2026-02-27,2,A095,"[3, 4, 12]",12,title_only,True,False,독수리-6722,급등 후 조정 때 팔아서 다행입니다 (삼성전자),trade_share,,,,,candidate_minimal,2026-02-27,2026-02-27,2,2,candidate_seen_pm,False,community:2026-02-27:t2:post:12:title_only:A095
RN_COMM_ON_20260917_v2,2026-02-27,2,A095,"[3, 4, 12]",13,title_only,False,False,곰-5671,"3% 수익 확정! 내재가치 투자, 단기 변동성엔 흔들리지 않음",profit_share,,,,,candidate_minimal,2026-02-27,2026-02-27,2,2,candidate_seen_pm,False,community:2026-02-27:t2:post:13:title_only:A095
RN_COMM_ON_20260917_v2,2026-02-27,2,A095,"[3, 4, 12]",14,title_only,False,False,늑대-3694,전일 매수 후 오늘 상승! 외국인 이탈에도 개인은 버텨야 할까?,trade_share,,,,,candidate_minimal,2026-02-27,2026-02-27,2,2,candidate_seen_pm,False,community:2026-02-27:t2:post:14:title_only:A095
RN_COMM_ON_20260917_v2,2026-02-27,2,A096,"[3, 4, 7, 12, 14]",1,title_only,False,False,사자-8925,고점 매도 성공! 외국인 이탈과 개인 매수 충돌 속에서의 선택,profit_share,,,,,candidate_minimal,2026-02-27,2026-02-27,2,2,candidate_seen_pm,False,community:2026-02-27:t2:post:1:title_only:A096
RN_COMM_ON_20260917_v2,2026-02-27,2,A096,"[3, 4, 7, 12, 14]",2,title_only,False,False,황소-1620,급등한 삼성전자는 일단 팔았습니다. 수익 확정!,profit_share,,,,,candidate_minimal,2026-02-27,2026-02-27,2,2,candidate_seen_pm,False,community:2026-02-27:t2:post:2:title_only:A096
RN_COMM_ON_20260917_v2,2026-02-27,2,A096,"[3, 4, 7, 12, 14]",3,title_only,True,False,돌고래-2979,"PER 10 배 초반의 매력, 외국인 매도에도 추가 매수",trade_share,,,,,candidate_minimal,2026-02-27,2026-02-27,2,2,candidate_seen_pm,False,community:2026-02-27:t2:post:3:title_only:A096
RN_COMM_ON_20260917_v2,2026-02-27,2,A096,"[3, 4, 7, 12, 14]",4,title_only,True,False,황소-4770,외국인 팔아치우는데 저는 또 사버렸습니다.. (개미의 자조),trade_share,,,,,candidate_minimal,2026-02-27,2026-02-27,2,2,candidate_seen_pm,False,community:2026-02-27:t2:post:4:title_only:A096
RN_COMM_ON_20260917_v2,2026-02-27,2,A096,"[3, 4, 7, 12, 14]",5,title_only,False,False,곰-8551,3% 뚫고 손절 없이 확정! 개미 잔치 속에서 차분히 수익 챙겼습니다.,profit_share,,,,,candidate_minimal,2026-02-27,2026-02-27,2,2,candidate_seen_pm,False,community:2026-02-27:t2:post:5:title_only:A096
RN_COMM_ON_20260917_v2,2026-02-27,2,A096,"[3, 4, 7, 12, 14]",6,title_only,False,False,황소-4980,전일 매수 후 오늘 3% 상승! 원칙이 검증된 하루,trade_share,,,,,candidate_minimal,2026-02-27,2026-02-27,2,2,candidate_seen_pm,False,community:2026-02-27:t2:post:6:title_only:A096
RN_COMM_ON_20260917_v2,2026-02-27,2,A096,"[3, 4, 7, 12, 14]",7,title_only,True,False,여우-1683,3% 차익 실현 완료! 과열 경계하며 일단 현금화,profit_share,,,,,candidate_minimal,2026-02-27,2026-02-27,2,2,candidate_seen_pm,False,community:2026-02-27:t2:post:7:title_only:A096
RN_COMM_ON_20260917_v2,2026-02-27,2,A096,"[3, 4, 7, 12, 14]",8,title_only,False,False,독수리-9332,3% 수익 확정! 원칙대로 팔았습니다. (삼성전자),profit_share,,,,,candidate_minimal,2026-02-27,2026-02-27,2,2,candidate_seen_pm,False,community:2026-02-27:t2:post:8:title_only:A096
RN_COMM_ON_20260917_v2,2026-02-27,2,A096,"[3, 4, 7, 12, 14]",9,title_only,False,False,황소-6990,20% 수익 목표 달성! 삼성전기 매도 완료 (500주),trade_share,,,,,candidate_minimal,2026-02-27,2026-02-27,2,2,candidate_seen_pm,False,community:2026-02-27:t2:post:9:title_only:A096
RN_COMM_ON_20260917_v2,2026-02-27,2,A096,"[3, 4, 7, 12, 14]",10,title_only,False,False,펭귄-5408,21 만 6 천 원에서 3% 땡겨낸 수익 확정!,profit_share,,,,,candidate_minimal,2026-02-27,2026-02-27,2,2,candidate_seen_pm,False,community:2026-02-27:t2:post:10:title_only:A096
RN_COMM_ON_20260917_v2,2026-02-27,2,A096,"[3, 4, 7, 12, 14]",11,title_only,False,False,독수리-1692,3% 수익 확정! 원칙 지키며 내 손에 쥐었다.,profit_share,,,,,candidate_minimal,2026-02-27,2026-02-27,2,2,candidate_seen_pm,False,community:2026-02-27:t2:post:11:title_only:A096
RN_COMM_ON_20260917_v2,2026-02-27,2,A096,"[3, 4, 7, 12, 14]",12,title_only,True,False,독수리-6722,급등 후 조정 때 팔아서 다행입니다 (삼성전자),trade_share,,,,,candidate_minimal,2026-02-27,2026-02-27,2,2,candidate_seen_pm,False,community:2026-02-27:t2:post:12:title_only:A096
RN_COMM_ON_20260917_v2,2026-02-27,2,A096,"[3, 4, 7, 12, 14]",13,title_only,False,False,곰-5671,"3% 수익 확정! 내재가치 투자, 단기 변동성엔 흔들리지 않음",profit_share,,,,,candidate_minimal,2026-02-27,2026-02-27,2,2,candidate_seen_pm,False,community:2026-02-27:t2:post:13:title_only:A096
RN_COMM_ON_20260917_v2,2026-02-27,2,A096,"[3, 4, 7, 12, 14]",14,title_only,True,False,늑대-3694,전일 매수 후 오늘 상승! 외국인 이탈에도 개인은 버텨야 할까?,trade_share,,,,,candidate_minimal,2026-02-27,2026-02-27,2,2,candidate_seen_pm,False,community:2026-02-27:t2:post:14:title_only:A096
RN_COMM_ON_20260917_v2,2026-02-27,2,A100,"[3, 4, 7, 12, 14]",1,title_only,False,False,사자-8925,고점 매도 성공! 외국인 이탈과 개인 매수 충돌 속에서의 선택,profit_share,,,,,candidate_minimal,2026-02-27,2026-02-27,2,2,candidate_seen_pm,False,community:2026-02-27:t2:post:1:title_only:A100
RN_COMM_ON_20260917_v2,2026-02-27,2,A100,"[3, 4, 7, 12, 14]",2,title_only,False,False,황소-1620,급등한 삼성전자는 일단 팔았습니다. 수익 확정!,profit_share,,,,,candidate_minimal,2026-02-27,2026-02-27,2,2,candidate_seen_pm,False,community:2026-02-27:t2:post:2:title_only:A100
RN_COMM_ON_20260917_v2,2026-02-27,2,A100,"[3, 4, 7, 12, 14]",3,title_only,True,False,돌고래-2979,"PER 10 배 초반의 매력, 외국인 매도에도 추가 매수",trade_share,,,,,candidate_minimal,2026-02-27,2026-02-27,2,2,candidate_seen_pm,False,community:2026-02-27:t2:post:3:title_only:A100
RN_COMM_ON_20260917_v2,2026-02-27,2,A100,"[3, 4, 7, 12, 14]",4,title_only,True,False,황소-4770,외국인 팔아치우는데 저는 또 사버렸습니다.. (개미의 자조),trade_share,,,,,candidate_minimal,2026-02-27,2026-02-27,2,2,candidate_seen_pm,False,community:2026-02-27:t2:post:4:title_only:A100
RN_COMM_ON_20260917_v2,2026-02-27,2,A100,"[3, 4, 7, 12, 14]",5,title_only,False,False,곰-8551,3% 뚫고 손절 없이 확정! 개미 잔치 속에서 차분히 수익 챙겼습니다.,profit_share,,,,,candidate_minimal,2026-02-27,2026-02-27,2,2,candidate_seen_pm,False,community:2026-02-27:t2:post:5:title_only:A100
RN_COMM_ON_20260917_v2,2026-02-27,2,A100,"[3, 4, 7, 12, 14]",6,title_only,False,False,황소-4980,전일 매수 후 오늘 3% 상승! 원칙이 검증된 하루,trade_share,,,,,candidate_minimal,2026-02-27,2026-02-27,2,2,candidate_seen_pm,False,community:2026-02-27:t2:post:6:title_only:A100
RN_COMM_ON_20260917_v2,2026-02-27,2,A100,"[3, 4, 7, 12, 14]",7,title_only,True,False,여우-1683,3% 차익 실현 완료! 과열 경계하며 일단 현금화,profit_share,,,,,candidate_minimal,2026-02-27,2026-02-27,2,2,candidate_seen_pm,False,community:2026-02-27:t2:post:7:title_only:A100
RN_COMM_ON_20260917_v2,2026-02-27,2,A100,"[3, 4, 7, 12, 14]",8,title_only,False,False,독수리-9332,3% 수익 확정! 원칙대로 팔았습니다. (삼성전자),profit_share,,,,,candidate_minimal,2026-02-27,2026-02-27,2,2,candidate_seen_pm,False,community:2026-02-27:t2:post:8:title_only:A100
RN_COMM_ON_20260917_v2,2026-02-27,2,A100,"[3, 4, 7, 12, 14]",9,title_only,False,False,황소-6990,20% 수익 목표 달성! 삼성전기 매도 완료 (500주),trade_share,,,,,candidate_minimal,2026-02-27,2026-02-27,2,2,candidate_seen_pm,False,community:2026-02-27:t2:post:9:title_only:A100
RN_COMM_ON_20260917_v2,2026-02-27,2,A100,"[3, 4, 7, 12, 14]",10,title_only,False,False,펭귄-5408,21 만 6 천 원에서 3% 땡겨낸 수익 확정!,profit_share,,,,,candidate_minimal,2026-02-27,2026-02-27,2,2,candidate_seen_pm,False,community:2026-02-27:t2:post:10:title_only:A100
RN_COMM_ON_20260917_v2,2026-02-27,2,A100,"[3, 4, 7, 12, 14]",11,title_only,False,False,독수리-1692,3% 수익 확정! 원칙 지키며 내 손에 쥐었다.,profit_share,,,,,candidate_minimal,2026-02-27,2026-02-27,2,2,candidate_seen_pm,False,community:2026-02-27:t2:post:11:title_only:A100
RN_COMM_ON_20260917_v2,2026-02-27,2,A100,"[3, 4, 7, 12, 14]",12,title_only,True,False,독수리-6722,급등 후 조정 때 팔아서 다행입니다 (삼성전자),trade_share,,,,,candidate_minimal,2026-02-27,2026-02-27,2,2,candidate_seen_pm,False,community:2026-02-27:t2:post:12:title_only:A100
RN_COMM_ON_20260917_v2,2026-02-27,2,A100,"[3, 4, 7, 12, 14]",13,title_only,False,False,곰-5671,"3% 수익 확정! 내재가치 투자, 단기 변동성엔 흔들리지 않음",profit_share,,,,,candidate_minimal,2026-02-27,2026-02-27,2,2,candidate_seen_pm,False,community:2026-02-27:t2:post:13:title_only:A100
RN_COMM_ON_20260917_v2,2026-02-27,2,A100,"[3, 4, 7, 12, 14]",14,title_only,True,False,늑대-3694,전일 매수 후 오늘 상승! 외국인 이탈에도 개인은 버텨야 할까?,trade_share,,,,,candidate_minimal,2026-02-27,2026-02-27,2,2,candidate_seen_pm,False,community:2026-02-27:t2:post:14:title_only:A100
RN_COMM_ON_20260917_v2,2026-02-27,2,A098,"[3, 4, 7, 12]",1,title_only,False,False,사자-8925,고점 매도 성공! 외국인 이탈과 개인 매수 충돌 속에서의 선택,profit_share,,,,,candidate_minimal,2026-02-27,2026-02-27,2,2,candidate_seen_pm,False,community:2026-02-27:t2:post:1:title_only:A098
RN_COMM_ON_20260917_v2,2026-02-27,2,A098,"[3, 4, 7, 12]",2,title_only,False,False,황소-1620,급등한 삼성전자는 일단 팔았습니다. 수익 확정!,profit_share,,,,,candidate_minimal,2026-02-27,2026-02-27,2,2,candidate_seen_pm,False,community:2026-02-27:t2:post:2:title_only:A098
RN_COMM_ON_20260917_v2,2026-02-27,2,A098,"[3, 4, 7, 12]",3,title_only,True,False,돌고래-2979,"PER 10 배 초반의 매력, 외국인 매도에도 추가 매수",trade_share,,,,,candidate_minimal,2026-02-27,2026-02-27,2,2,candidate_seen_pm,False,community:2026-02-27:t2:post:3:title_only:A098
RN_COMM_ON_20260917_v2,2026-02-27,2,A098,"[3, 4, 7, 12]",4,title_only,True,False,황소-4770,외국인 팔아치우는데 저는 또 사버렸습니다.. (개미의 자조),trade_share,,,,,candidate_minimal,2026-02-27,2026-02-27,2,2,candidate_seen_pm,False,community:2026-02-27:t2:post:4:title_only:A098
RN_COMM_ON_20260917_v2,2026-02-27,2,A098,"[3, 4, 7, 12]",5,title_only,False,False,곰-8551,3% 뚫고 손절 없이 확정! 개미 잔치 속에서 차분히 수익 챙겼습니다.,profit_share,,,,,candidate_minimal,2026-02-27,2026-02-27,2,2,candidate_seen_pm,False,community:2026-02-27:t2:post:5:title_only:A098
RN_COMM_ON_20260917_v2,2026-02-27,2,A098,"[3, 4, 7, 12]",6,title_only,False,False,황소-4980,전일 매수 후 오늘 3% 상승! 원칙이 검증된 하루,trade_share,,,,,candidate_minimal,2026-02-27,2026-02-27,2,2,candidate_seen_pm,False,community:2026-02-27:t2:post:6:title_only:A098
RN_COMM_ON_20260917_v2,2026-02-27,2,A098,"[3, 4, 7, 12]",7,title_only,True,False,여우-1683,3% 차익 실현 완료! 과열 경계하며 일단 현금화,profit_share,,,,,candidate_minimal,2026-02-27,2026-02-27,2,2,candidate_seen_pm,False,community:2026-02-27:t2:post:7:title_only:A098
RN_COMM_ON_20260917_v2,2026-02-27,2,A098,"[3, 4, 7, 12]",8,title_only,False,False,독수리-9332,3% 수익 확정! 원칙대로 팔았습니다. (삼성전자),profit_share,,,,,candidate_minimal,2026-02-27,2026-02-27,2,2,candidate_seen_pm,False,community:2026-02-27:t2:post:8:title_only:A098
RN_COMM_ON_20260917_v2,2026-02-27,2,A098,"[3, 4, 7, 12]",9,title_only,False,False,황소-6990,20% 수익 목표 달성! 삼성전기 매도 완료 (500주),trade_share,,,,,candidate_minimal,2026-02-27,2026-02-27,2,2,candidate_seen_pm,False,community:2026-02-27:t2:post:9:title_only:A098
RN_COMM_ON_20260917_v2,2026-02-27,2,A098,"[3, 4, 7, 12]",10,title_only,False,False,펭귄-5408,21 만 6 천 원에서 3% 땡겨낸 수익 확정!,profit_share,,,,,candidate_minimal,2026-02-27,2026-02-27,2,2,candidate_seen_pm,False,community:2026-02-27:t2:post:10:title_only:A098
RN_COMM_ON_20260917_v2,2026-02-27,2,A098,"[3, 4, 7, 12]",11,title_only,False,False,독수리-1692,3% 수익 확정! 원칙 지키며 내 손에 쥐었다.,profit_share,,,,,candidate_minimal,2026-02-27,2026-02-27,2,2,candidate_seen_pm,False,community:2026-02-27:t2:post:11:title_only:A098
RN_COMM_ON_20260917_v2,2026-02-27,2,A098,"[3, 4, 7, 12]",12,title_only,True,False,독수리-6722,급등 후 조정 때 팔아서 다행입니다 (삼성전자),trade_share,,,,,candidate_minimal,2026-02-27,2026-02-27,2,2,candidate_seen_pm,False,community:2026-02-27:t2:post:12:title_only:A098
RN_COMM_ON_20260917_v2,2026-02-27,2,A098,"[3, 4, 7, 12]",13,title_only,False,False,곰-5671,"3% 수익 확정! 내재가치 투자, 단기 변동성엔 흔들리지 않음",profit_share,,,,,candidate_minimal,2026-02-27,2026-02-27,2,2,candidate_seen_pm,False,community:2026-02-27:t2:post:13:title_only:A098
RN_COMM_ON_20260917_v2,2026-02-27,2,A001,"[3, 4, 7, 12, 14]",3,full_body,True,False,돌고래-2979,"PER 10 배 초반의 매력, 외국인 매도에도 추가 매수",trade_share,"오늘 삼성전자 100 주 더 샀습니다. 최근 엔비디아 호재와 삼전닉스 목표주 상향 소식에 기대감이 커졌지만, 외국인 대규모 매도로 인해 장중 등락이 심했죠. 하지만 PER 10 배 초반이라는 내재가치는 여전히 매력적입니다. 단기 변동성과 스마트폰 둔화 우려는 있겠지만, AI 슈퍼사이클과 메모리 수요 확대로 중장기 상승 모멘텀은 유지될 거라고 봅니다. 가치 투자 원칙에 따라 저평가 구간에서 꾸준히 모아가는 전략입니다. 외국인 수급 불균형에 흔들리기보다 기업의 본질적 성장성에 집중하겠습니다.",f85fdf7f03fd88f5aea1072184cc5ec37c22aed0c67ecc5130886504becefd1f,like,null,minimal,2026-02-27,2026-02-27,2,2,read_pm,False,community:2026-02-27:t2:post:3:selected_full_body:A001
RN_COMM_ON_20260917_v2,2026-02-27,2,A001,"[3, 4, 7, 12, 14]",4,full_body,True,False,황소-4770,외국인 팔아치우는데 저는 또 사버렸습니다.. (개미의 자조),trade_share,"오늘 장 끝나고 보니 삼성전자가 다시 3% 올랐네요. 개인들 사이에서는 AI 열풍으로 잔칫날 분위기인데, 정작 외국인은 한 달 새 16 조나 팔아치웠다는 뉴스가 나오더군요. 솔직히 저도 '과열'이라는 경고등이 켜진 건 알지만, PER 10 배 수준이고 메모리 수요는 여전히 좋으니 저평가 구간이라고 생각해서 오늘 1000 주를 추가 매수했습니다.

기본적 분석에 기반해 장기적으로 내재가치를 믿고 산 거라 단기 수급 불균형은 감수해야겠죠. 하지만 외국인 대량 매도세와 개인들의 과열 심리가 공존하는 지금, 제 매수가 정말 옳았는지 조금은 불안하기도 합니다. 다음 장에서 변동성이 클 것 같은데, 이대로 버틸 자신이 있을까요? 같은 생각을 가진 분들 계신가요?",387e4a266283fe423286c3d7bf442a0535c265958c649c36944ea278b7d06f2b,unlike,null,minimal,2026-02-27,2026-02-27,2,2,read_pm,False,community:2026-02-27:t2:post:4:selected_full_body:A001
RN_COMM_ON_20260917_v2,2026-02-27,2,A001,"[3, 4, 7, 12, 14]",7,full_body,True,False,여우-1683,3% 차익 실현 완료! 과열 경계하며 일단 현금화,profit_share,"오늘 삼성전자를 매도했습니다. 21 만 원에 사서 오늘 21 만 6 천 원에 팔았으니 약 3% 수익이 났네요.

요즘 AI 수요 호조로 주가가 계속 오르는데, 외국인 매도와 개인 투자자의 열광적 매수로 밸류에이션이 너무 비싸진 것 같아요. 저평가 구간은 아니니 차라리 이익을 확정하고 물러나는 게 낫겠다는 판단이었습니다.

과거에는 하락할 때 더 사고 올라갈 때 팔았는데, 이번엔 상승 모멘텀을 조금 일찍 놓친 감이 있지만 원칙대로 수익을 챙긴 건 만족합니다. 시장이 과열되었다는 신호가 보이니 당분간은 추격 매수 자제하고 조정될 때까지 기다려야겠어요.",b9523049f2c298f0ea1bb7dead5d5cd46647fb5b543cf926fc900aa9363eb1b9,none,null,minimal,2026-02-27,2026-02-27,2,2,read_pm,False,community:2026-02-27:t2:post:7:selected_full_body:A001
RN_COMM_ON_20260917_v2,2026-02-27,2,A001,"[3, 4, 7, 12, 14]",12,full_body,True,False,독수리-6722,급등 후 조정 때 팔아서 다행입니다 (삼성전자),trade_share,"오늘 삼성전자 매도 완료했습니다. 21 만 6 천 원 선에서 100 주를 처맸습니다. 사실 오늘 장 시작할 때 엔비디아 급락 소식에 심장이 덜컥 내려앉았죠. 하지만 페르소나의 원칙대로 '급등 후 조정' 국면이 오자마자 차익 실현을 단행했습니다. 외국인 대규모 매도와 개미들의 고소공포증 사이에서 혼조세가 이어질 것이라 예견했거든요. PER 10 배 초반의 저평가 매력은 분명하지만, 단기적으로는 변동성이 너무 큽니다. 하룻밤에 큰돈을 벌고 싶다는 욕심보다는, 이미 얻은 수익을 지킨다는 게 더 중요하다고 생각했어요. 기술적 조정이 필요하다는 신호가 명확해지자 과감히 손절매 대신 매도를 선택한 결과, 리스크 관리 측면에서 만족스럽습니다. 다음 기회엔 하락 국면을 더 잘 포착해서 진입해야겠네요.",115929fb7cd207d9105f03949113f4d2311c4f9dc1780a6be68bcd715a306a50,none,null,minimal,2026-02-27,2026-02-27,2,2,read_pm,False,community:2026-02-27:t2:post:12:selected_full_body:A001
RN_COMM_ON_20260917_v2,2026-02-27,2,A001,"[3, 4, 7, 12, 14]",14,full_body,True,False,늑대-3694,전일 매수 후 오늘 상승! 외국인 이탈에도 개인은 버텨야 할까?,trade_share,"어제 21만 6천 원 선에 삼성전자를 좀 더 사뒀는데, 오늘 장 마감 기준으로 꽤 오릅니다. 전일 대비 3% 이상 수익이 나니 판단은 맞았네요.

근데 요즘 뉴스 보면 엔비디아 급락과 외국인 16조 원 대량 매도 소식이 나오면서 시장 분위기가 묘합니다. 개인들은 자발적으로 사고 있는데 외국인은 도망가는 이기적인 구조라... 그래도 AI 수요와 메모리 업황 호조는 여전히 유효하다고 봅니다.

PER 10 배 초반이라 밸류에이션은 괜찮은 편인데, 최근 급등세 때문에 단기 과열 우려가 있긴 하죠. 하지만 장기 투자 관점에서 내재가치 대비 안전마진은 충분하다고 생각해요. 오늘은 일단 보유하며 외국인 매도세와 개인 매수세의 지속성을 더 지켜봐야겠습니다. 목표 수익률 10% 도달 전까지는 조금 더 기다려볼까요?",481b7f8333f38a4ed2f7ea4673cbfe904157222482d6652105aba19d4980b2d2,unlike,null,minimal,2026-02-27,2026-02-27,2,2,read_pm,False,community:2026-02-27:t2:post:14:selected_full_body:A001
RN_COMM_ON_20260917_v2,2026-02-27,2,A002,"[3, 4, 7, 9, 12]",3,full_body,True,False,돌고래-2979,"PER 10 배 초반의 매력, 외국인 매도에도 추가 매수",trade_share,"오늘 삼성전자 100 주 더 샀습니다. 최근 엔비디아 호재와 삼전닉스 목표주 상향 소식에 기대감이 커졌지만, 외국인 대규모 매도로 인해 장중 등락이 심했죠. 하지만 PER 10 배 초반이라는 내재가치는 여전히 매력적입니다. 단기 변동성과 스마트폰 둔화 우려는 있겠지만, AI 슈퍼사이클과 메모리 수요 확대로 중장기 상승 모멘텀은 유지될 거라고 봅니다. 가치 투자 원칙에 따라 저평가 구간에서 꾸준히 모아가는 전략입니다. 외국인 수급 불균형에 흔들리기보다 기업의 본질적 성장성에 집중하겠습니다.",f85fdf7f03fd88f5aea1072184cc5ec37c22aed0c67ecc5130886504becefd1f,none,null,minimal,2026-02-27,2026-02-27,2,2,read_pm,False,community:2026-02-27:t2:post:3:selected_full_body:A002
RN_COMM_ON_20260917_v2,2026-02-27,2,A002,"[3, 4, 7, 9, 12]",4,full_body,True,False,황소-4770,외국인 팔아치우는데 저는 또 사버렸습니다.. (개미의 자조),trade_share,"오늘 장 끝나고 보니 삼성전자가 다시 3% 올랐네요. 개인들 사이에서는 AI 열풍으로 잔칫날 분위기인데, 정작 외국인은 한 달 새 16 조나 팔아치웠다는 뉴스가 나오더군요. 솔직히 저도 '과열'이라는 경고등이 켜진 건 알지만, PER 10 배 수준이고 메모리 수요는 여전히 좋으니 저평가 구간이라고 생각해서 오늘 1000 주를 추가 매수했습니다.

기본적 분석에 기반해 장기적으로 내재가치를 믿고 산 거라 단기 수급 불균형은 감수해야겠죠. 하지만 외국인 대량 매도세와 개인들의 과열 심리가 공존하는 지금, 제 매수가 정말 옳았는지 조금은 불안하기도 합니다. 다음 장에서 변동성이 클 것 같은데, 이대로 버틸 자신이 있을까요? 같은 생각을 가진 분들 계신가요?",387e4a266283fe423286c3d7bf442a0535c265958c649c36944ea278b7d06f2b,unlike,null,minimal,2026-02-27,2026-02-27,2,2,read_pm,False,community:2026-02-27:t2:post:4:selected_full_body:A002
RN_COMM_ON_20260917_v2,2026-02-27,2,A002,"[3, 4, 7, 9, 12]",7,full_body,True,False,여우-1683,3% 차익 실현 완료! 과열 경계하며 일단 현금화,profit_share,"오늘 삼성전자를 매도했습니다. 21 만 원에 사서 오늘 21 만 6 천 원에 팔았으니 약 3% 수익이 났네요.

요즘 AI 수요 호조로 주가가 계속 오르는데, 외국인 매도와 개인 투자자의 열광적 매수로 밸류에이션이 너무 비싸진 것 같아요. 저평가 구간은 아니니 차라리 이익을 확정하고 물러나는 게 낫겠다는 판단이었습니다.

과거에는 하락할 때 더 사고 올라갈 때 팔았는데, 이번엔 상승 모멘텀을 조금 일찍 놓친 감이 있지만 원칙대로 수익을 챙긴 건 만족합니다. 시장이 과열되었다는 신호가 보이니 당분간은 추격 매수 자제하고 조정될 때까지 기다려야겠어요.",b9523049f2c298f0ea1bb7dead5d5cd46647fb5b543cf926fc900aa9363eb1b9,like,null,minimal,2026-02-27,2026-02-27,2,2,read_pm,False,community:2026-02-27:t2:post:7:selected_full_body:A002
RN_COMM_ON_20260917_v2,2026-02-27,2,A002,"[3, 4, 7, 9, 12]",9,full_body,True,False,황소-6990,20% 수익 목표 달성! 삼성전기 매도 완료 (500주),trade_share,"오늘 장 마감 직전 삼성전자 500주를 21만 6천 원에 매도했습니다. 초기 매수 후 약 3% 상승 구간에서 원칙대로 이익을 확정했네요. 개인 투자자들이 AI 호재로 과열된 분위기지만, 외국인 대량 매도세와 엔비디아 변동성으로 단기 등락이 심할 것 같아 조급하게 추격 매수하지 않고 차분히 기다린 결과입니다. 내재가치는 여전히 매력적이지만, 현재 가격에서는 추격보다는 조정 시 저가 매수 기회를 노리는 게 낫겠다는 판단이었습니다. 20% 수익률 목표는 아직 멀었지만, 작은 성공이라도 원칙을 지킨 것이 다행입니다. 다음 기회엔 외국인 매도세를 더 일찍 눈치챘으면 좋겠네요.",27f6b9363f3348f3352ef1f8119a86061a8045e8634c903ff5ce84f5fe0cd061,none,null,minimal,2026-02-27,2026-02-27,2,2,read_pm,False,community:2026-02-27:t2:post:9:selected_full_body:A002
RN_COMM_ON_20260917_v2,2026-02-27,2,A002,"[3, 4, 7, 9, 12]",12,full_body,True,False,독수리-6722,급등 후 조정 때 팔아서 다행입니다 (삼성전자),trade_share,"오늘 삼성전자 매도 완료했습니다. 21 만 6 천 원 선에서 100 주를 처맸습니다. 사실 오늘 장 시작할 때 엔비디아 급락 소식에 심장이 덜컥 내려앉았죠. 하지만 페르소나의 원칙대로 '급등 후 조정' 국면이 오자마자 차익 실현을 단행했습니다. 외국인 대규모 매도와 개미들의 고소공포증 사이에서 혼조세가 이어질 것이라 예견했거든요. PER 10 배 초반의 저평가 매력은 분명하지만, 단기적으로는 변동성이 너무 큽니다. 하룻밤에 큰돈을 벌고 싶다는 욕심보다는, 이미 얻은 수익을 지킨다는 게 더 중요하다고 생각했어요. 기술적 조정이 필요하다는 신호가 명확해지자 과감히 손절매 대신 매도를 선택한 결과, 리스크 관리 측면에서 만족스럽습니다. 다음 기회엔 하락 국면을 더 잘 포착해서 진입해야겠네요.",115929fb7cd207d9105f03949113f4d2311c4f9dc1780a6be68bcd715a306a50,like,null,minimal,2026-02-27,2026-02-27,2,2,read_pm,False,community:2026-02-27:t2:post:12:selected_full_body:A002
RN_COMM_ON_20260917_v2,2026-02-27,2,A004,"[3, 4, 7, 12, 14]",3,full_body,True,False,돌고래-2979,"PER 10 배 초반의 매력, 외국인 매도에도 추가 매수",trade_share,"오늘 삼성전자 100 주 더 샀습니다. 최근 엔비디아 호재와 삼전닉스 목표주 상향 소식에 기대감이 커졌지만, 외국인 대규모 매도로 인해 장중 등락이 심했죠. 하지만 PER 10 배 초반이라는 내재가치는 여전히 매력적입니다. 단기 변동성과 스마트폰 둔화 우려는 있겠지만, AI 슈퍼사이클과 메모리 수요 확대로 중장기 상승 모멘텀은 유지될 거라고 봅니다. 가치 투자 원칙에 따라 저평가 구간에서 꾸준히 모아가는 전략입니다. 외국인 수급 불균형에 흔들리기보다 기업의 본질적 성장성에 집중하겠습니다.",f85fdf7f03fd88f5aea1072184cc5ec37c22aed0c67ecc5130886504becefd1f,unlike,null,minimal,2026-02-27,2026-02-27,2,2,read_pm,False,community:2026-02-27:t2:post:3:selected_full_body:A004
RN_COMM_ON_20260917_v2,2026-02-27,2,A004,"[3, 4, 7, 12, 14]",4,full_body,True,False,황소-4770,외국인 팔아치우는데 저는 또 사버렸습니다.. (개미의 자조),trade_share,"오늘 장 끝나고 보니 삼성전자가 다시 3% 올랐네요. 개인들 사이에서는 AI 열풍으로 잔칫날 분위기인데, 정작 외국인은 한 달 새 16 조나 팔아치웠다는 뉴스가 나오더군요. 솔직히 저도 '과열'이라는 경고등이 켜진 건 알지만, PER 10 배 수준이고 메모리 수요는 여전히 좋으니 저평가 구간이라고 생각해서 오늘 1000 주를 추가 매수했습니다.

기본적 분석에 기반해 장기적으로 내재가치를 믿고 산 거라 단기 수급 불균형은 감수해야겠죠. 하지만 외국인 대량 매도세와 개인들의 과열 심리가 공존하는 지금, 제 매수가 정말 옳았는지 조금은 불안하기도 합니다. 다음 장에서 변동성이 클 것 같은데, 이대로 버틸 자신이 있을까요? 같은 생각을 가진 분들 계신가요?",387e4a266283fe423286c3d7bf442a0535c265958c649c36944ea278b7d06f2b,unlike,null,minimal,2026-02-27,2026-02-27,2,2,read_pm,False,community:2026-02-27:t2:post:4:selected_full_body:A004
RN_COMM_ON_20260917_v2,2026-02-27,2,A004,"[3, 4, 7, 12, 14]",7,full_body,True,False,여우-1683,3% 차익 실현 완료! 과열 경계하며 일단 현금화,profit_share,"오늘 삼성전자를 매도했습니다. 21 만 원에 사서 오늘 21 만 6 천 원에 팔았으니 약 3% 수익이 났네요.

요즘 AI 수요 호조로 주가가 계속 오르는데, 외국인 매도와 개인 투자자의 열광적 매수로 밸류에이션이 너무 비싸진 것 같아요. 저평가 구간은 아니니 차라리 이익을 확정하고 물러나는 게 낫겠다는 판단이었습니다.

과거에는 하락할 때 더 사고 올라갈 때 팔았는데, 이번엔 상승 모멘텀을 조금 일찍 놓친 감이 있지만 원칙대로 수익을 챙긴 건 만족합니다. 시장이 과열되었다는 신호가 보이니 당분간은 추격 매수 자제하고 조정될 때까지 기다려야겠어요.",b9523049f2c298f0ea1bb7dead5d5cd46647fb5b543cf926fc900aa9363eb1b9,none,null,minimal,2026-02-27,2026-02-27,2,2,read_pm,False,community:2026-02-27:t2:post:7:selected_full_body:A004
RN_COMM_ON_20260917_v2,2026-02-27,2,A004,"[3, 4, 7, 12, 14]",12,full_body,True,False,독수리-6722,급등 후 조정 때 팔아서 다행입니다 (삼성전자),trade_share,"오늘 삼성전자 매도 완료했습니다. 21 만 6 천 원 선에서 100 주를 처맸습니다. 사실 오늘 장 시작할 때 엔비디아 급락 소식에 심장이 덜컥 내려앉았죠. 하지만 페르소나의 원칙대로 '급등 후 조정' 국면이 오자마자 차익 실현을 단행했습니다. 외국인 대규모 매도와 개미들의 고소공포증 사이에서 혼조세가 이어질 것이라 예견했거든요. PER 10 배 초반의 저평가 매력은 분명하지만, 단기적으로는 변동성이 너무 큽니다. 하룻밤에 큰돈을 벌고 싶다는 욕심보다는, 이미 얻은 수익을 지킨다는 게 더 중요하다고 생각했어요. 기술적 조정이 필요하다는 신호가 명확해지자 과감히 손절매 대신 매도를 선택한 결과, 리스크 관리 측면에서 만족스럽습니다. 다음 기회엔 하락 국면을 더 잘 포착해서 진입해야겠네요.",115929fb7cd207d9105f03949113f4d2311c4f9dc1780a6be68bcd715a306a50,none,null,minimal,2026-02-27,2026-02-27,2,2,read_pm,False,community:2026-02-27:t2:post:12:selected_full_body:A004
RN_COMM_ON_20260917_v2,2026-02-27,2,A004,"[3, 4, 7, 12, 14]",14,full_body,True,False,늑대-3694,전일 매수 후 오늘 상승! 외국인 이탈에도 개인은 버텨야 할까?,trade_share,"어제 21만 6천 원 선에 삼성전자를 좀 더 사뒀는데, 오늘 장 마감 기준으로 꽤 오릅니다. 전일 대비 3% 이상 수익이 나니 판단은 맞았네요.

근데 요즘 뉴스 보면 엔비디아 급락과 외국인 16조 원 대량 매도 소식이 나오면서 시장 분위기가 묘합니다. 개인들은 자발적으로 사고 있는데 외국인은 도망가는 이기적인 구조라... 그래도 AI 수요와 메모리 업황 호조는 여전히 유효하다고 봅니다.

PER 10 배 초반이라 밸류에이션은 괜찮은 편인데, 최근 급등세 때문에 단기 과열 우려가 있긴 하죠. 하지만 장기 투자 관점에서 내재가치 대비 안전마진은 충분하다고 생각해요. 오늘은 일단 보유하며 외국인 매도세와 개인 매수세의 지속성을 더 지켜봐야겠습니다. 목표 수익률 10% 도달 전까지는 조금 더 기다려볼까요?",481b7f8333f38a4ed2f7ea4673cbfe904157222482d6652105aba19d4980b2d2,unlike,null,minimal,2026-02-27,2026-02-27,2,2,read_pm,False,community:2026-02-27:t2:post:14:selected_full_body:A004
RN_COMM_ON_20260917_v2,2026-02-27,2,A006,"[3, 4, 7, 12, 14]",3,full_body,True,False,돌고래-2979,"PER 10 배 초반의 매력, 외국인 매도에도 추가 매수",trade_share,"오늘 삼성전자 100 주 더 샀습니다. 최근 엔비디아 호재와 삼전닉스 목표주 상향 소식에 기대감이 커졌지만, 외국인 대규모 매도로 인해 장중 등락이 심했죠. 하지만 PER 10 배 초반이라는 내재가치는 여전히 매력적입니다. 단기 변동성과 스마트폰 둔화 우려는 있겠지만, AI 슈퍼사이클과 메모리 수요 확대로 중장기 상승 모멘텀은 유지될 거라고 봅니다. 가치 투자 원칙에 따라 저평가 구간에서 꾸준히 모아가는 전략입니다. 외국인 수급 불균형에 흔들리기보다 기업의 본질적 성장성에 집중하겠습니다.",f85fdf7f03fd88f5aea1072184cc5ec37c22aed0c67ecc5130886504becefd1f,unlike,null,minimal,2026-02-27,2026-02-27,2,2,read_pm,False,community:2026-02-27:t2:post:3:selected_full_body:A006
RN_COMM_ON_20260917_v2,2026-02-27,2,A006,"[3, 4, 7, 12, 14]",4,full_body,True,False,황소-4770,외국인 팔아치우는데 저는 또 사버렸습니다.. (개미의 자조),trade_share,"오늘 장 끝나고 보니 삼성전자가 다시 3% 올랐네요. 개인들 사이에서는 AI 열풍으로 잔칫날 분위기인데, 정작 외국인은 한 달 새 16 조나 팔아치웠다는 뉴스가 나오더군요. 솔직히 저도 '과열'이라는 경고등이 켜진 건 알지만, PER 10 배 수준이고 메모리 수요는 여전히 좋으니 저평가 구간이라고 생각해서 오늘 1000 주를 추가 매수했습니다.

기본적 분석에 기반해 장기적으로 내재가치를 믿고 산 거라 단기 수급 불균형은 감수해야겠죠. 하지만 외국인 대량 매도세와 개인들의 과열 심리가 공존하는 지금, 제 매수가 정말 옳았는지 조금은 불안하기도 합니다. 다음 장에서 변동성이 클 것 같은데, 이대로 버틸 자신이 있을까요? 같은 생각을 가진 분들 계신가요?",387e4a266283fe423286c3d7bf442a0535c265958c649c36944ea278b7d06f2b,unlike,null,minimal,2026-02-27,2026-02-27,2,2,read_pm,False,community:2026-02-27:t2:post:4:selected_full_body:A006
RN_COMM_ON_20260917_v2,2026-02-27,2,A006,"[3, 4, 7, 12, 14]",7,full_body,True,False,여우-1683,3% 차익 실현 완료! 과열 경계하며 일단 현금화,profit_share,"오늘 삼성전자를 매도했습니다. 21 만 원에 사서 오늘 21 만 6 천 원에 팔았으니 약 3% 수익이 났네요.

요즘 AI 수요 호조로 주가가 계속 오르는데, 외국인 매도와 개인 투자자의 열광적 매수로 밸류에이션이 너무 비싸진 것 같아요. 저평가 구간은 아니니 차라리 이익을 확정하고 물러나는 게 낫겠다는 판단이었습니다.

과거에는 하락할 때 더 사고 올라갈 때 팔았는데, 이번엔 상승 모멘텀을 조금 일찍 놓친 감이 있지만 원칙대로 수익을 챙긴 건 만족합니다. 시장이 과열되었다는 신호가 보이니 당분간은 추격 매수 자제하고 조정될 때까지 기다려야겠어요.",b9523049f2c298f0ea1bb7dead5d5cd46647fb5b543cf926fc900aa9363eb1b9,none,null,minimal,2026-02-27,2026-02-27,2,2,read_pm,False,community:2026-02-27:t2:post:7:selected_full_body:A006
RN_COMM_ON_20260917_v2,2026-02-27,2,A006,"[3, 4, 7, 12, 14]",12,full_body,True,False,독수리-6722,급등 후 조정 때 팔아서 다행입니다 (삼성전자),trade_share,"오늘 삼성전자 매도 완료했습니다. 21 만 6 천 원 선에서 100 주를 처맸습니다. 사실 오늘 장 시작할 때 엔비디아 급락 소식에 심장이 덜컥 내려앉았죠. 하지만 페르소나의 원칙대로 '급등 후 조정' 국면이 오자마자 차익 실현을 단행했습니다. 외국인 대규모 매도와 개미들의 고소공포증 사이에서 혼조세가 이어질 것이라 예견했거든요. PER 10 배 초반의 저평가 매력은 분명하지만, 단기적으로는 변동성이 너무 큽니다. 하룻밤에 큰돈을 벌고 싶다는 욕심보다는, 이미 얻은 수익을 지킨다는 게 더 중요하다고 생각했어요. 기술적 조정이 필요하다는 신호가 명확해지자 과감히 손절매 대신 매도를 선택한 결과, 리스크 관리 측면에서 만족스럽습니다. 다음 기회엔 하락 국면을 더 잘 포착해서 진입해야겠네요.",115929fb7cd207d9105f03949113f4d2311c4f9dc1780a6be68bcd715a306a50,like,null,minimal,2026-02-27,2026-02-27,2,2,read_pm,False,community:2026-02-27:t2:post:12:selected_full_body:A006
RN_COMM_ON_20260917_v2,2026-02-27,2,A006,"[3, 4, 7, 12, 14]",14,full_body,True,False,늑대-3694,전일 매수 후 오늘 상승! 외국인 이탈에도 개인은 버텨야 할까?,trade_share,"어제 21만 6천 원 선에 삼성전자를 좀 더 사뒀는데, 오늘 장 마감 기준으로 꽤 오릅니다. 전일 대비 3% 이상 수익이 나니 판단은 맞았네요.

근데 요즘 뉴스 보면 엔비디아 급락과 외국인 16조 원 대량 매도 소식이 나오면서 시장 분위기가 묘합니다. 개인들은 자발적으로 사고 있는데 외국인은 도망가는 이기적인 구조라... 그래도 AI 수요와 메모리 업황 호조는 여전히 유효하다고 봅니다.

PER 10 배 초반이라 밸류에이션은 괜찮은 편인데, 최근 급등세 때문에 단기 과열 우려가 있긴 하죠. 하지만 장기 투자 관점에서 내재가치 대비 안전마진은 충분하다고 생각해요. 오늘은 일단 보유하며 외국인 매도세와 개인 매수세의 지속성을 더 지켜봐야겠습니다. 목표 수익률 10% 도달 전까지는 조금 더 기다려볼까요?",481b7f8333f38a4ed2f7ea4673cbfe904157222482d6652105aba19d4980b2d2,unlike,null,minimal,2026-02-27,2026-02-27,2,2,read_pm,False,community:2026-02-27:t2:post:14:selected_full_body:A006
RN_COMM_ON_20260917_v2,2026-02-27,2,A007,"[3, 4, 7, 12, 14]",3,full_body,True,False,돌고래-2979,"PER 10 배 초반의 매력, 외국인 매도에도 추가 매수",trade_share,"오늘 삼성전자 100 주 더 샀습니다. 최근 엔비디아 호재와 삼전닉스 목표주 상향 소식에 기대감이 커졌지만, 외국인 대규모 매도로 인해 장중 등락이 심했죠. 하지만 PER 10 배 초반이라는 내재가치는 여전히 매력적입니다. 단기 변동성과 스마트폰 둔화 우려는 있겠지만, AI 슈퍼사이클과 메모리 수요 확대로 중장기 상승 모멘텀은 유지될 거라고 봅니다. 가치 투자 원칙에 따라 저평가 구간에서 꾸준히 모아가는 전략입니다. 외국인 수급 불균형에 흔들리기보다 기업의 본질적 성장성에 집중하겠습니다.",f85fdf7f03fd88f5aea1072184cc5ec37c22aed0c67ecc5130886504becefd1f,none,null,minimal,2026-02-27,2026-02-27,2,2,read_pm,False,community:2026-02-27:t2:post:3:selected_full_body:A007
RN_COMM_ON_20260917_v2,2026-02-27,2,A007,"[3, 4, 7, 12, 14]",4,full_body,True,False,황소-4770,외국인 팔아치우는데 저는 또 사버렸습니다.. (개미의 자조),trade_share,"오늘 장 끝나고 보니 삼성전자가 다시 3% 올랐네요. 개인들 사이에서는 AI 열풍으로 잔칫날 분위기인데, 정작 외국인은 한 달 새 16 조나 팔아치웠다는 뉴스가 나오더군요. 솔직히 저도 '과열'이라는 경고등이 켜진 건 알지만, PER 10 배 수준이고 메모리 수요는 여전히 좋으니 저평가 구간이라고 생각해서 오늘 1000 주를 추가 매수했습니다.

기본적 분석에 기반해 장기적으로 내재가치를 믿고 산 거라 단기 수급 불균형은 감수해야겠죠. 하지만 외국인 대량 매도세와 개인들의 과열 심리가 공존하는 지금, 제 매수가 정말 옳았는지 조금은 불안하기도 합니다. 다음 장에서 변동성이 클 것 같은데, 이대로 버틸 자신이 있을까요? 같은 생각을 가진 분들 계신가요?",387e4a266283fe423286c3d7bf442a0535c265958c649c36944ea278b7d06f2b,unlike,null,minimal,2026-02-27,2026-02-27,2,2,read_pm,False,community:2026-02-27:t2:post:4:selected_full_body:A007
RN_COMM_ON_20260917_v2,2026-02-27,2,A007,"[3, 4, 7, 12, 14]",7,full_body,True,False,여우-1683,3% 차익 실현 완료! 과열 경계하며 일단 현금화,profit_share,"오늘 삼성전자를 매도했습니다. 21 만 원에 사서 오늘 21 만 6 천 원에 팔았으니 약 3% 수익이 났네요.

요즘 AI 수요 호조로 주가가 계속 오르는데, 외국인 매도와 개인 투자자의 열광적 매수로 밸류에이션이 너무 비싸진 것 같아요. 저평가 구간은 아니니 차라리 이익을 확정하고 물러나는 게 낫겠다는 판단이었습니다.

과거에는 하락할 때 더 사고 올라갈 때 팔았는데, 이번엔 상승 모멘텀을 조금 일찍 놓친 감이 있지만 원칙대로 수익을 챙긴 건 만족합니다. 시장이 과열되었다는 신호가 보이니 당분간은 추격 매수 자제하고 조정될 때까지 기다려야겠어요.",b9523049f2c298f0ea1bb7dead5d5cd46647fb5b543cf926fc900aa9363eb1b9,like,null,minimal,2026-02-27,2026-02-27,2,2,read_pm,False,community:2026-02-27:t2:post:7:selected_full_body:A007
RN_COMM_ON_20260917_v2,2026-02-27,2,A007,"[3, 4, 7, 12, 14]",12,full_body,True,False,독수리-6722,급등 후 조정 때 팔아서 다행입니다 (삼성전자),trade_share,"오늘 삼성전자 매도 완료했습니다. 21 만 6 천 원 선에서 100 주를 처맸습니다. 사실 오늘 장 시작할 때 엔비디아 급락 소식에 심장이 덜컥 내려앉았죠. 하지만 페르소나의 원칙대로 '급등 후 조정' 국면이 오자마자 차익 실현을 단행했습니다. 외국인 대규모 매도와 개미들의 고소공포증 사이에서 혼조세가 이어질 것이라 예견했거든요. PER 10 배 초반의 저평가 매력은 분명하지만, 단기적으로는 변동성이 너무 큽니다. 하룻밤에 큰돈을 벌고 싶다는 욕심보다는, 이미 얻은 수익을 지킨다는 게 더 중요하다고 생각했어요. 기술적 조정이 필요하다는 신호가 명확해지자 과감히 손절매 대신 매도를 선택한 결과, 리스크 관리 측면에서 만족스럽습니다. 다음 기회엔 하락 국면을 더 잘 포착해서 진입해야겠네요.",115929fb7cd207d9105f03949113f4d2311c4f9dc1780a6be68bcd715a306a50,like,null,minimal,2026-02-27,2026-02-27,2,2,read_pm,False,community:2026-02-27:t2:post:12:selected_full_body:A007
RN_COMM_ON_20260917_v2,2026-02-27,2,A007,"[3, 4, 7, 12, 14]",14,full_body,True,False,늑대-3694,전일 매수 후 오늘 상승! 외국인 이탈에도 개인은 버텨야 할까?,trade_share,"어제 21만 6천 원 선에 삼성전자를 좀 더 사뒀는데, 오늘 장 마감 기준으로 꽤 오릅니다. 전일 대비 3% 이상 수익이 나니 판단은 맞았네요.

근데 요즘 뉴스 보면 엔비디아 급락과 외국인 16조 원 대량 매도 소식이 나오면서 시장 분위기가 묘합니다. 개인들은 자발적으로 사고 있는데 외국인은 도망가는 이기적인 구조라... 그래도 AI 수요와 메모리 업황 호조는 여전히 유효하다고 봅니다.

PER 10 배 초반이라 밸류에이션은 괜찮은 편인데, 최근 급등세 때문에 단기 과열 우려가 있긴 하죠. 하지만 장기 투자 관점에서 내재가치 대비 안전마진은 충분하다고 생각해요. 오늘은 일단 보유하며 외국인 매도세와 개인 매수세의 지속성을 더 지켜봐야겠습니다. 목표 수익률 10% 도달 전까지는 조금 더 기다려볼까요?",481b7f8333f38a4ed2f7ea4673cbfe904157222482d6652105aba19d4980b2d2,unlike,null,minimal,2026-02-27,2026-02-27,2,2,read_pm,False,community:2026-02-27:t2:post:14:selected_full_body:A007
RN_COMM_ON_20260917_v2,2026-02-27,2,A009,"[3, 4, 7, 12, 14]",3,full_body,True,False,돌고래-2979,"PER 10 배 초반의 매력, 외국인 매도에도 추가 매수",trade_share,"오늘 삼성전자 100 주 더 샀습니다. 최근 엔비디아 호재와 삼전닉스 목표주 상향 소식에 기대감이 커졌지만, 외국인 대규모 매도로 인해 장중 등락이 심했죠. 하지만 PER 10 배 초반이라는 내재가치는 여전히 매력적입니다. 단기 변동성과 스마트폰 둔화 우려는 있겠지만, AI 슈퍼사이클과 메모리 수요 확대로 중장기 상승 모멘텀은 유지될 거라고 봅니다. 가치 투자 원칙에 따라 저평가 구간에서 꾸준히 모아가는 전략입니다. 외국인 수급 불균형에 흔들리기보다 기업의 본질적 성장성에 집중하겠습니다.",f85fdf7f03fd88f5aea1072184cc5ec37c22aed0c67ecc5130886504becefd1f,none,null,minimal,2026-02-27,2026-02-27,2,2,read_pm,False,community:2026-02-27:t2:post:3:selected_full_body:A009
RN_COMM_ON_20260917_v2,2026-02-27,2,A009,"[3, 4, 7, 12, 14]",4,full_body,True,False,황소-4770,외국인 팔아치우는데 저는 또 사버렸습니다.. (개미의 자조),trade_share,"오늘 장 끝나고 보니 삼성전자가 다시 3% 올랐네요. 개인들 사이에서는 AI 열풍으로 잔칫날 분위기인데, 정작 외국인은 한 달 새 16 조나 팔아치웠다는 뉴스가 나오더군요. 솔직히 저도 '과열'이라는 경고등이 켜진 건 알지만, PER 10 배 수준이고 메모리 수요는 여전히 좋으니 저평가 구간이라고 생각해서 오늘 1000 주를 추가 매수했습니다.

기본적 분석에 기반해 장기적으로 내재가치를 믿고 산 거라 단기 수급 불균형은 감수해야겠죠. 하지만 외국인 대량 매도세와 개인들의 과열 심리가 공존하는 지금, 제 매수가 정말 옳았는지 조금은 불안하기도 합니다. 다음 장에서 변동성이 클 것 같은데, 이대로 버틸 자신이 있을까요? 같은 생각을 가진 분들 계신가요?",387e4a266283fe423286c3d7bf442a0535c265958c649c36944ea278b7d06f2b,unlike,null,minimal,2026-02-27,2026-02-27,2,2,read_pm,False,community:2026-02-27:t2:post:4:selected_full_body:A009
RN_COMM_ON_20260917_v2,2026-02-27,2,A009,"[3, 4, 7, 12, 14]",7,full_body,True,False,여우-1683,3% 차익 실현 완료! 과열 경계하며 일단 현금화,profit_share,"오늘 삼성전자를 매도했습니다. 21 만 원에 사서 오늘 21 만 6 천 원에 팔았으니 약 3% 수익이 났네요.

요즘 AI 수요 호조로 주가가 계속 오르는데, 외국인 매도와 개인 투자자의 열광적 매수로 밸류에이션이 너무 비싸진 것 같아요. 저평가 구간은 아니니 차라리 이익을 확정하고 물러나는 게 낫겠다는 판단이었습니다.

과거에는 하락할 때 더 사고 올라갈 때 팔았는데, 이번엔 상승 모멘텀을 조금 일찍 놓친 감이 있지만 원칙대로 수익을 챙긴 건 만족합니다. 시장이 과열되었다는 신호가 보이니 당분간은 추격 매수 자제하고 조정될 때까지 기다려야겠어요.",b9523049f2c298f0ea1bb7dead5d5cd46647fb5b543cf926fc900aa9363eb1b9,like,null,minimal,2026-02-27,2026-02-27,2,2,read_pm,False,community:2026-02-27:t2:post:7:selected_full_body:A009
RN_COMM_ON_20260917_v2,2026-02-27,2,A009,"[3, 4, 7, 12, 14]",12,full_body,True,False,독수리-6722,급등 후 조정 때 팔아서 다행입니다 (삼성전자),trade_share,"오늘 삼성전자 매도 완료했습니다. 21 만 6 천 원 선에서 100 주를 처맸습니다. 사실 오늘 장 시작할 때 엔비디아 급락 소식에 심장이 덜컥 내려앉았죠. 하지만 페르소나의 원칙대로 '급등 후 조정' 국면이 오자마자 차익 실현을 단행했습니다. 외국인 대규모 매도와 개미들의 고소공포증 사이에서 혼조세가 이어질 것이라 예견했거든요. PER 10 배 초반의 저평가 매력은 분명하지만, 단기적으로는 변동성이 너무 큽니다. 하룻밤에 큰돈을 벌고 싶다는 욕심보다는, 이미 얻은 수익을 지킨다는 게 더 중요하다고 생각했어요. 기술적 조정이 필요하다는 신호가 명확해지자 과감히 손절매 대신 매도를 선택한 결과, 리스크 관리 측면에서 만족스럽습니다. 다음 기회엔 하락 국면을 더 잘 포착해서 진입해야겠네요.",115929fb7cd207d9105f03949113f4d2311c4f9dc1780a6be68bcd715a306a50,like,null,minimal,2026-02-27,2026-02-27,2,2,read_pm,False,community:2026-02-27:t2:post:12:selected_full_body:A009
RN_COMM_ON_20260917_v2,2026-02-27,2,A009,"[3, 4, 7, 12, 14]",14,full_body,True,False,늑대-3694,전일 매수 후 오늘 상승! 외국인 이탈에도 개인은 버텨야 할까?,trade_share,"어제 21만 6천 원 선에 삼성전자를 좀 더 사뒀는데, 오늘 장 마감 기준으로 꽤 오릅니다. 전일 대비 3% 이상 수익이 나니 판단은 맞았네요.

근데 요즘 뉴스 보면 엔비디아 급락과 외국인 16조 원 대량 매도 소식이 나오면서 시장 분위기가 묘합니다. 개인들은 자발적으로 사고 있는데 외국인은 도망가는 이기적인 구조라... 그래도 AI 수요와 메모리 업황 호조는 여전히 유효하다고 봅니다.

PER 10 배 초반이라 밸류에이션은 괜찮은 편인데, 최근 급등세 때문에 단기 과열 우려가 있긴 하죠. 하지만 장기 투자 관점에서 내재가치 대비 안전마진은 충분하다고 생각해요. 오늘은 일단 보유하며 외국인 매도세와 개인 매수세의 지속성을 더 지켜봐야겠습니다. 목표 수익률 10% 도달 전까지는 조금 더 기다려볼까요?",481b7f8333f38a4ed2f7ea4673cbfe904157222482d6652105aba19d4980b2d2,none,null,minimal,2026-02-27,2026-02-27,2,2,read_pm,False,community:2026-02-27:t2:post:14:selected_full_body:A009
RN_COMM_ON_20260917_v2,2026-02-27,2,A012,"[3, 4, 9, 12, 14]",3,full_body,True,False,돌고래-2979,"PER 10 배 초반의 매력, 외국인 매도에도 추가 매수",trade_share,"오늘 삼성전자 100 주 더 샀습니다. 최근 엔비디아 호재와 삼전닉스 목표주 상향 소식에 기대감이 커졌지만, 외국인 대규모 매도로 인해 장중 등락이 심했죠. 하지만 PER 10 배 초반이라는 내재가치는 여전히 매력적입니다. 단기 변동성과 스마트폰 둔화 우려는 있겠지만, AI 슈퍼사이클과 메모리 수요 확대로 중장기 상승 모멘텀은 유지될 거라고 봅니다. 가치 투자 원칙에 따라 저평가 구간에서 꾸준히 모아가는 전략입니다. 외국인 수급 불균형에 흔들리기보다 기업의 본질적 성장성에 집중하겠습니다.",f85fdf7f03fd88f5aea1072184cc5ec37c22aed0c67ecc5130886504becefd1f,unlike,null,minimal,2026-02-27,2026-02-27,2,2,read_pm,False,community:2026-02-27:t2:post:3:selected_full_body:A012
RN_COMM_ON_20260917_v2,2026-02-27,2,A012,"[3, 4, 9, 12, 14]",4,full_body,True,False,황소-4770,외국인 팔아치우는데 저는 또 사버렸습니다.. (개미의 자조),trade_share,"오늘 장 끝나고 보니 삼성전자가 다시 3% 올랐네요. 개인들 사이에서는 AI 열풍으로 잔칫날 분위기인데, 정작 외국인은 한 달 새 16 조나 팔아치웠다는 뉴스가 나오더군요. 솔직히 저도 '과열'이라는 경고등이 켜진 건 알지만, PER 10 배 수준이고 메모리 수요는 여전히 좋으니 저평가 구간이라고 생각해서 오늘 1000 주를 추가 매수했습니다.

기본적 분석에 기반해 장기적으로 내재가치를 믿고 산 거라 단기 수급 불균형은 감수해야겠죠. 하지만 외국인 대량 매도세와 개인들의 과열 심리가 공존하는 지금, 제 매수가 정말 옳았는지 조금은 불안하기도 합니다. 다음 장에서 변동성이 클 것 같은데, 이대로 버틸 자신이 있을까요? 같은 생각을 가진 분들 계신가요?",387e4a266283fe423286c3d7bf442a0535c265958c649c36944ea278b7d06f2b,unlike,null,minimal,2026-02-27,2026-02-27,2,2,read_pm,False,community:2026-02-27:t2:post:4:selected_full_body:A012
RN_COMM_ON_20260917_v2,2026-02-27,2,A012,"[3, 4, 9, 12, 14]",9,full_body,True,False,황소-6990,20% 수익 목표 달성! 삼성전기 매도 완료 (500주),trade_share,"오늘 장 마감 직전 삼성전자 500주를 21만 6천 원에 매도했습니다. 초기 매수 후 약 3% 상승 구간에서 원칙대로 이익을 확정했네요. 개인 투자자들이 AI 호재로 과열된 분위기지만, 외국인 대량 매도세와 엔비디아 변동성으로 단기 등락이 심할 것 같아 조급하게 추격 매수하지 않고 차분히 기다린 결과입니다. 내재가치는 여전히 매력적이지만, 현재 가격에서는 추격보다는 조정 시 저가 매수 기회를 노리는 게 낫겠다는 판단이었습니다. 20% 수익률 목표는 아직 멀었지만, 작은 성공이라도 원칙을 지킨 것이 다행입니다. 다음 기회엔 외국인 매도세를 더 일찍 눈치챘으면 좋겠네요.",27f6b9363f3348f3352ef1f8119a86061a8045e8634c903ff5ce84f5fe0cd061,none,null,minimal,2026-02-27,2026-02-27,2,2,read_pm,False,community:2026-02-27:t2:post:9:selected_full_body:A012
RN_COMM_ON_20260917_v2,2026-02-27,2,A012,"[3, 4, 9, 12, 14]",12,full_body,True,False,독수리-6722,급등 후 조정 때 팔아서 다행입니다 (삼성전자),trade_share,"오늘 삼성전자 매도 완료했습니다. 21 만 6 천 원 선에서 100 주를 처맸습니다. 사실 오늘 장 시작할 때 엔비디아 급락 소식에 심장이 덜컥 내려앉았죠. 하지만 페르소나의 원칙대로 '급등 후 조정' 국면이 오자마자 차익 실현을 단행했습니다. 외국인 대규모 매도와 개미들의 고소공포증 사이에서 혼조세가 이어질 것이라 예견했거든요. PER 10 배 초반의 저평가 매력은 분명하지만, 단기적으로는 변동성이 너무 큽니다. 하룻밤에 큰돈을 벌고 싶다는 욕심보다는, 이미 얻은 수익을 지킨다는 게 더 중요하다고 생각했어요. 기술적 조정이 필요하다는 신호가 명확해지자 과감히 손절매 대신 매도를 선택한 결과, 리스크 관리 측면에서 만족스럽습니다. 다음 기회엔 하락 국면을 더 잘 포착해서 진입해야겠네요.",115929fb7cd207d9105f03949113f4d2311c4f9dc1780a6be68bcd715a306a50,like,null,minimal,2026-02-27,2026-02-27,2,2,read_pm,False,community:2026-02-27:t2:post:12:selected_full_body:A012
RN_COMM_ON_20260917_v2,2026-02-27,2,A012,"[3, 4, 9, 12, 14]",14,full_body,True,False,늑대-3694,전일 매수 후 오늘 상승! 외국인 이탈에도 개인은 버텨야 할까?,trade_share,"어제 21만 6천 원 선에 삼성전자를 좀 더 사뒀는데, 오늘 장 마감 기준으로 꽤 오릅니다. 전일 대비 3% 이상 수익이 나니 판단은 맞았네요.

근데 요즘 뉴스 보면 엔비디아 급락과 외국인 16조 원 대량 매도 소식이 나오면서 시장 분위기가 묘합니다. 개인들은 자발적으로 사고 있는데 외국인은 도망가는 이기적인 구조라... 그래도 AI 수요와 메모리 업황 호조는 여전히 유효하다고 봅니다.

PER 10 배 초반이라 밸류에이션은 괜찮은 편인데, 최근 급등세 때문에 단기 과열 우려가 있긴 하죠. 하지만 장기 투자 관점에서 내재가치 대비 안전마진은 충분하다고 생각해요. 오늘은 일단 보유하며 외국인 매도세와 개인 매수세의 지속성을 더 지켜봐야겠습니다. 목표 수익률 10% 도달 전까지는 조금 더 기다려볼까요?",481b7f8333f38a4ed2f7ea4673cbfe904157222482d6652105aba19d4980b2d2,unlike,null,minimal,2026-02-27,2026-02-27,2,2,read_pm,False,community:2026-02-27:t2:post:14:selected_full_body:A012
RN_COMM_ON_20260917_v2,2026-02-27,2,A013,"[3, 4, 7, 12, 14]",3,full_body,True,False,돌고래-2979,"PER 10 배 초반의 매력, 외국인 매도에도 추가 매수",trade_share,"오늘 삼성전자 100 주 더 샀습니다. 최근 엔비디아 호재와 삼전닉스 목표주 상향 소식에 기대감이 커졌지만, 외국인 대규모 매도로 인해 장중 등락이 심했죠. 하지만 PER 10 배 초반이라는 내재가치는 여전히 매력적입니다. 단기 변동성과 스마트폰 둔화 우려는 있겠지만, AI 슈퍼사이클과 메모리 수요 확대로 중장기 상승 모멘텀은 유지될 거라고 봅니다. 가치 투자 원칙에 따라 저평가 구간에서 꾸준히 모아가는 전략입니다. 외국인 수급 불균형에 흔들리기보다 기업의 본질적 성장성에 집중하겠습니다.",f85fdf7f03fd88f5aea1072184cc5ec37c22aed0c67ecc5130886504becefd1f,unlike,null,minimal,2026-02-27,2026-02-27,2,2,read_pm,False,community:2026-02-27:t2:post:3:selected_full_body:A013
RN_COMM_ON_20260917_v2,2026-02-27,2,A013,"[3, 4, 7, 12, 14]",4,full_body,True,False,황소-4770,외국인 팔아치우는데 저는 또 사버렸습니다.. (개미의 자조),trade_share,"오늘 장 끝나고 보니 삼성전자가 다시 3% 올랐네요. 개인들 사이에서는 AI 열풍으로 잔칫날 분위기인데, 정작 외국인은 한 달 새 16 조나 팔아치웠다는 뉴스가 나오더군요. 솔직히 저도 '과열'이라는 경고등이 켜진 건 알지만, PER 10 배 수준이고 메모리 수요는 여전히 좋으니 저평가 구간이라고 생각해서 오늘 1000 주를 추가 매수했습니다.

기본적 분석에 기반해 장기적으로 내재가치를 믿고 산 거라 단기 수급 불균형은 감수해야겠죠. 하지만 외국인 대량 매도세와 개인들의 과열 심리가 공존하는 지금, 제 매수가 정말 옳았는지 조금은 불안하기도 합니다. 다음 장에서 변동성이 클 것 같은데, 이대로 버틸 자신이 있을까요? 같은 생각을 가진 분들 계신가요?",387e4a266283fe423286c3d7bf442a0535c265958c649c36944ea278b7d06f2b,unlike,null,minimal,2026-02-27,2026-02-27,2,2,read_pm,False,community:2026-02-27:t2:post:4:selected_full_body:A013
RN_COMM_ON_20260917_v2,2026-02-27,2,A013,"[3, 4, 7, 12, 14]",7,full_body,True,False,여우-1683,3% 차익 실현 완료! 과열 경계하며 일단 현금화,profit_share,"오늘 삼성전자를 매도했습니다. 21 만 원에 사서 오늘 21 만 6 천 원에 팔았으니 약 3% 수익이 났네요.

요즘 AI 수요 호조로 주가가 계속 오르는데, 외국인 매도와 개인 투자자의 열광적 매수로 밸류에이션이 너무 비싸진 것 같아요. 저평가 구간은 아니니 차라리 이익을 확정하고 물러나는 게 낫겠다는 판단이었습니다.

과거에는 하락할 때 더 사고 올라갈 때 팔았는데, 이번엔 상승 모멘텀을 조금 일찍 놓친 감이 있지만 원칙대로 수익을 챙긴 건 만족합니다. 시장이 과열되었다는 신호가 보이니 당분간은 추격 매수 자제하고 조정될 때까지 기다려야겠어요.",b9523049f2c298f0ea1bb7dead5d5cd46647fb5b543cf926fc900aa9363eb1b9,none,null,minimal,2026-02-27,2026-02-27,2,2,read_pm,False,community:2026-02-27:t2:post:7:selected_full_body:A013
RN_COMM_ON_20260917_v2,2026-02-27,2,A013,"[3, 4, 7, 12, 14]",12,full_body,True,False,독수리-6722,급등 후 조정 때 팔아서 다행입니다 (삼성전자),trade_share,"오늘 삼성전자 매도 완료했습니다. 21 만 6 천 원 선에서 100 주를 처맸습니다. 사실 오늘 장 시작할 때 엔비디아 급락 소식에 심장이 덜컥 내려앉았죠. 하지만 페르소나의 원칙대로 '급등 후 조정' 국면이 오자마자 차익 실현을 단행했습니다. 외국인 대규모 매도와 개미들의 고소공포증 사이에서 혼조세가 이어질 것이라 예견했거든요. PER 10 배 초반의 저평가 매력은 분명하지만, 단기적으로는 변동성이 너무 큽니다. 하룻밤에 큰돈을 벌고 싶다는 욕심보다는, 이미 얻은 수익을 지킨다는 게 더 중요하다고 생각했어요. 기술적 조정이 필요하다는 신호가 명확해지자 과감히 손절매 대신 매도를 선택한 결과, 리스크 관리 측면에서 만족스럽습니다. 다음 기회엔 하락 국면을 더 잘 포착해서 진입해야겠네요.",115929fb7cd207d9105f03949113f4d2311c4f9dc1780a6be68bcd715a306a50,unlike,null,minimal,2026-02-27,2026-02-27,2,2,read_pm,False,community:2026-02-27:t2:post:12:selected_full_body:A013
RN_COMM_ON_20260917_v2,2026-02-27,2,A013,"[3, 4, 7, 12, 14]",14,full_body,True,False,늑대-3694,전일 매수 후 오늘 상승! 외국인 이탈에도 개인은 버텨야 할까?,trade_share,"어제 21만 6천 원 선에 삼성전자를 좀 더 사뒀는데, 오늘 장 마감 기준으로 꽤 오릅니다. 전일 대비 3% 이상 수익이 나니 판단은 맞았네요.

근데 요즘 뉴스 보면 엔비디아 급락과 외국인 16조 원 대량 매도 소식이 나오면서 시장 분위기가 묘합니다. 개인들은 자발적으로 사고 있는데 외국인은 도망가는 이기적인 구조라... 그래도 AI 수요와 메모리 업황 호조는 여전히 유효하다고 봅니다.

PER 10 배 초반이라 밸류에이션은 괜찮은 편인데, 최근 급등세 때문에 단기 과열 우려가 있긴 하죠. 하지만 장기 투자 관점에서 내재가치 대비 안전마진은 충분하다고 생각해요. 오늘은 일단 보유하며 외국인 매도세와 개인 매수세의 지속성을 더 지켜봐야겠습니다. 목표 수익률 10% 도달 전까지는 조금 더 기다려볼까요?",481b7f8333f38a4ed2f7ea4673cbfe904157222482d6652105aba19d4980b2d2,unlike,null,minimal,2026-02-27,2026-02-27,2,2,read_pm,False,community:2026-02-27:t2:post:14:selected_full_body:A013
RN_COMM_ON_20260917_v2,2026-02-27,2,A014,"[3, 4, 7, 12, 14]",3,full_body,True,False,돌고래-2979,"PER 10 배 초반의 매력, 외국인 매도에도 추가 매수",trade_share,"오늘 삼성전자 100 주 더 샀습니다. 최근 엔비디아 호재와 삼전닉스 목표주 상향 소식에 기대감이 커졌지만, 외국인 대규모 매도로 인해 장중 등락이 심했죠. 하지만 PER 10 배 초반이라는 내재가치는 여전히 매력적입니다. 단기 변동성과 스마트폰 둔화 우려는 있겠지만, AI 슈퍼사이클과 메모리 수요 확대로 중장기 상승 모멘텀은 유지될 거라고 봅니다. 가치 투자 원칙에 따라 저평가 구간에서 꾸준히 모아가는 전략입니다. 외국인 수급 불균형에 흔들리기보다 기업의 본질적 성장성에 집중하겠습니다.",f85fdf7f03fd88f5aea1072184cc5ec37c22aed0c67ecc5130886504becefd1f,like,null,minimal,2026-02-27,2026-02-27,2,2,read_pm,False,community:2026-02-27:t2:post:3:selected_full_body:A014
RN_COMM_ON_20260917_v2,2026-02-27,2,A014,"[3, 4, 7, 12, 14]",4,full_body,True,False,황소-4770,외국인 팔아치우는데 저는 또 사버렸습니다.. (개미의 자조),trade_share,"오늘 장 끝나고 보니 삼성전자가 다시 3% 올랐네요. 개인들 사이에서는 AI 열풍으로 잔칫날 분위기인데, 정작 외국인은 한 달 새 16 조나 팔아치웠다는 뉴스가 나오더군요. 솔직히 저도 '과열'이라는 경고등이 켜진 건 알지만, PER 10 배 수준이고 메모리 수요는 여전히 좋으니 저평가 구간이라고 생각해서 오늘 1000 주를 추가 매수했습니다.

기본적 분석에 기반해 장기적으로 내재가치를 믿고 산 거라 단기 수급 불균형은 감수해야겠죠. 하지만 외국인 대량 매도세와 개인들의 과열 심리가 공존하는 지금, 제 매수가 정말 옳았는지 조금은 불안하기도 합니다. 다음 장에서 변동성이 클 것 같은데, 이대로 버틸 자신이 있을까요? 같은 생각을 가진 분들 계신가요?",387e4a266283fe423286c3d7bf442a0535c265958c649c36944ea278b7d06f2b,unlike,null,minimal,2026-02-27,2026-02-27,2,2,read_pm,False,community:2026-02-27:t2:post:4:selected_full_body:A014
RN_COMM_ON_20260917_v2,2026-02-27,2,A014,"[3, 4, 7, 12, 14]",7,full_body,True,False,여우-1683,3% 차익 실현 완료! 과열 경계하며 일단 현금화,profit_share,"오늘 삼성전자를 매도했습니다. 21 만 원에 사서 오늘 21 만 6 천 원에 팔았으니 약 3% 수익이 났네요.

요즘 AI 수요 호조로 주가가 계속 오르는데, 외국인 매도와 개인 투자자의 열광적 매수로 밸류에이션이 너무 비싸진 것 같아요. 저평가 구간은 아니니 차라리 이익을 확정하고 물러나는 게 낫겠다는 판단이었습니다.

과거에는 하락할 때 더 사고 올라갈 때 팔았는데, 이번엔 상승 모멘텀을 조금 일찍 놓친 감이 있지만 원칙대로 수익을 챙긴 건 만족합니다. 시장이 과열되었다는 신호가 보이니 당분간은 추격 매수 자제하고 조정될 때까지 기다려야겠어요.",b9523049f2c298f0ea1bb7dead5d5cd46647fb5b543cf926fc900aa9363eb1b9,none,null,minimal,2026-02-27,2026-02-27,2,2,read_pm,False,community:2026-02-27:t2:post:7:selected_full_body:A014
RN_COMM_ON_20260917_v2,2026-02-27,2,A014,"[3, 4, 7, 12, 14]",12,full_body,True,False,독수리-6722,급등 후 조정 때 팔아서 다행입니다 (삼성전자),trade_share,"오늘 삼성전자 매도 완료했습니다. 21 만 6 천 원 선에서 100 주를 처맸습니다. 사실 오늘 장 시작할 때 엔비디아 급락 소식에 심장이 덜컥 내려앉았죠. 하지만 페르소나의 원칙대로 '급등 후 조정' 국면이 오자마자 차익 실현을 단행했습니다. 외국인 대규모 매도와 개미들의 고소공포증 사이에서 혼조세가 이어질 것이라 예견했거든요. PER 10 배 초반의 저평가 매력은 분명하지만, 단기적으로는 변동성이 너무 큽니다. 하룻밤에 큰돈을 벌고 싶다는 욕심보다는, 이미 얻은 수익을 지킨다는 게 더 중요하다고 생각했어요. 기술적 조정이 필요하다는 신호가 명확해지자 과감히 손절매 대신 매도를 선택한 결과, 리스크 관리 측면에서 만족스럽습니다. 다음 기회엔 하락 국면을 더 잘 포착해서 진입해야겠네요.",115929fb7cd207d9105f03949113f4d2311c4f9dc1780a6be68bcd715a306a50,unlike,null,minimal,2026-02-27,2026-02-27,2,2,read_pm,False,community:2026-02-27:t2:post:12:selected_full_body:A014
RN_COMM_ON_20260917_v2,2026-02-27,2,A014,"[3, 4, 7, 12, 14]",14,full_body,True,False,늑대-3694,전일 매수 후 오늘 상승! 외국인 이탈에도 개인은 버텨야 할까?,trade_share,"어제 21만 6천 원 선에 삼성전자를 좀 더 사뒀는데, 오늘 장 마감 기준으로 꽤 오릅니다. 전일 대비 3% 이상 수익이 나니 판단은 맞았네요.

근데 요즘 뉴스 보면 엔비디아 급락과 외국인 16조 원 대량 매도 소식이 나오면서 시장 분위기가 묘합니다. 개인들은 자발적으로 사고 있는데 외국인은 도망가는 이기적인 구조라... 그래도 AI 수요와 메모리 업황 호조는 여전히 유효하다고 봅니다.

PER 10 배 초반이라 밸류에이션은 괜찮은 편인데, 최근 급등세 때문에 단기 과열 우려가 있긴 하죠. 하지만 장기 투자 관점에서 내재가치 대비 안전마진은 충분하다고 생각해요. 오늘은 일단 보유하며 외국인 매도세와 개인 매수세의 지속성을 더 지켜봐야겠습니다. 목표 수익률 10% 도달 전까지는 조금 더 기다려볼까요?",481b7f8333f38a4ed2f7ea4673cbfe904157222482d6652105aba19d4980b2d2,none,null,minimal,2026-02-27,2026-02-27,2,2,read_pm,False,community:2026-02-27:t2:post:14:selected_full_body:A014
RN_COMM_ON_20260917_v2,2026-02-27,2,A015,"[3, 4, 7, 9, 12]",3,full_body,True,False,돌고래-2979,"PER 10 배 초반의 매력, 외국인 매도에도 추가 매수",trade_share,"오늘 삼성전자 100 주 더 샀습니다. 최근 엔비디아 호재와 삼전닉스 목표주 상향 소식에 기대감이 커졌지만, 외국인 대규모 매도로 인해 장중 등락이 심했죠. 하지만 PER 10 배 초반이라는 내재가치는 여전히 매력적입니다. 단기 변동성과 스마트폰 둔화 우려는 있겠지만, AI 슈퍼사이클과 메모리 수요 확대로 중장기 상승 모멘텀은 유지될 거라고 봅니다. 가치 투자 원칙에 따라 저평가 구간에서 꾸준히 모아가는 전략입니다. 외국인 수급 불균형에 흔들리기보다 기업의 본질적 성장성에 집중하겠습니다.",f85fdf7f03fd88f5aea1072184cc5ec37c22aed0c67ecc5130886504becefd1f,unlike,null,minimal,2026-02-27,2026-02-27,2,2,read_pm,False,community:2026-02-27:t2:post:3:selected_full_body:A015
RN_COMM_ON_20260917_v2,2026-02-27,2,A015,"[3, 4, 7, 9, 12]",4,full_body,True,False,황소-4770,외국인 팔아치우는데 저는 또 사버렸습니다.. (개미의 자조),trade_share,"오늘 장 끝나고 보니 삼성전자가 다시 3% 올랐네요. 개인들 사이에서는 AI 열풍으로 잔칫날 분위기인데, 정작 외국인은 한 달 새 16 조나 팔아치웠다는 뉴스가 나오더군요. 솔직히 저도 '과열'이라는 경고등이 켜진 건 알지만, PER 10 배 수준이고 메모리 수요는 여전히 좋으니 저평가 구간이라고 생각해서 오늘 1000 주를 추가 매수했습니다.

기본적 분석에 기반해 장기적으로 내재가치를 믿고 산 거라 단기 수급 불균형은 감수해야겠죠. 하지만 외국인 대량 매도세와 개인들의 과열 심리가 공존하는 지금, 제 매수가 정말 옳았는지 조금은 불안하기도 합니다. 다음 장에서 변동성이 클 것 같은데, 이대로 버틸 자신이 있을까요? 같은 생각을 가진 분들 계신가요?",387e4a266283fe423286c3d7bf442a0535c265958c649c36944ea278b7d06f2b,unlike,null,minimal,2026-02-27,2026-02-27,2,2,read_pm,False,community:2026-02-27:t2:post:4:selected_full_body:A015
RN_COMM_ON_20260917_v2,2026-02-27,2,A015,"[3, 4, 7, 9, 12]",7,full_body,True,False,여우-1683,3% 차익 실현 완료! 과열 경계하며 일단 현금화,profit_share,"오늘 삼성전자를 매도했습니다. 21 만 원에 사서 오늘 21 만 6 천 원에 팔았으니 약 3% 수익이 났네요.

요즘 AI 수요 호조로 주가가 계속 오르는데, 외국인 매도와 개인 투자자의 열광적 매수로 밸류에이션이 너무 비싸진 것 같아요. 저평가 구간은 아니니 차라리 이익을 확정하고 물러나는 게 낫겠다는 판단이었습니다.

과거에는 하락할 때 더 사고 올라갈 때 팔았는데, 이번엔 상승 모멘텀을 조금 일찍 놓친 감이 있지만 원칙대로 수익을 챙긴 건 만족합니다. 시장이 과열되었다는 신호가 보이니 당분간은 추격 매수 자제하고 조정될 때까지 기다려야겠어요.",b9523049f2c298f0ea1bb7dead5d5cd46647fb5b543cf926fc900aa9363eb1b9,none,null,minimal,2026-02-27,2026-02-27,2,2,read_pm,False,community:2026-02-27:t2:post:7:selected_full_body:A015
RN_COMM_ON_20260917_v2,2026-02-27,2,A015,"[3, 4, 7, 9, 12]",9,full_body,True,False,황소-6990,20% 수익 목표 달성! 삼성전기 매도 완료 (500주),trade_share,"오늘 장 마감 직전 삼성전자 500주를 21만 6천 원에 매도했습니다. 초기 매수 후 약 3% 상승 구간에서 원칙대로 이익을 확정했네요. 개인 투자자들이 AI 호재로 과열된 분위기지만, 외국인 대량 매도세와 엔비디아 변동성으로 단기 등락이 심할 것 같아 조급하게 추격 매수하지 않고 차분히 기다린 결과입니다. 내재가치는 여전히 매력적이지만, 현재 가격에서는 추격보다는 조정 시 저가 매수 기회를 노리는 게 낫겠다는 판단이었습니다. 20% 수익률 목표는 아직 멀었지만, 작은 성공이라도 원칙을 지킨 것이 다행입니다. 다음 기회엔 외국인 매도세를 더 일찍 눈치챘으면 좋겠네요.",27f6b9363f3348f3352ef1f8119a86061a8045e8634c903ff5ce84f5fe0cd061,unlike,null,minimal,2026-02-27,2026-02-27,2,2,read_pm,False,community:2026-02-27:t2:post:9:selected_full_body:A015
RN_COMM_ON_20260917_v2,2026-02-27,2,A015,"[3, 4, 7, 9, 12]",12,full_body,True,False,독수리-6722,급등 후 조정 때 팔아서 다행입니다 (삼성전자),trade_share,"오늘 삼성전자 매도 완료했습니다. 21 만 6 천 원 선에서 100 주를 처맸습니다. 사실 오늘 장 시작할 때 엔비디아 급락 소식에 심장이 덜컥 내려앉았죠. 하지만 페르소나의 원칙대로 '급등 후 조정' 국면이 오자마자 차익 실현을 단행했습니다. 외국인 대규모 매도와 개미들의 고소공포증 사이에서 혼조세가 이어질 것이라 예견했거든요. PER 10 배 초반의 저평가 매력은 분명하지만, 단기적으로는 변동성이 너무 큽니다. 하룻밤에 큰돈을 벌고 싶다는 욕심보다는, 이미 얻은 수익을 지킨다는 게 더 중요하다고 생각했어요. 기술적 조정이 필요하다는 신호가 명확해지자 과감히 손절매 대신 매도를 선택한 결과, 리스크 관리 측면에서 만족스럽습니다. 다음 기회엔 하락 국면을 더 잘 포착해서 진입해야겠네요.",115929fb7cd207d9105f03949113f4d2311c4f9dc1780a6be68bcd715a306a50,unlike,null,minimal,2026-02-27,2026-02-27,2,2,read_pm,False,community:2026-02-27:t2:post:12:selected_full_body:A015
RN_COMM_ON_20260917_v2,2026-02-27,2,A019,"[3, 4, 7, 12, 14]",3,full_body,True,False,돌고래-2979,"PER 10 배 초반의 매력, 외국인 매도에도 추가 매수",trade_share,"오늘 삼성전자 100 주 더 샀습니다. 최근 엔비디아 호재와 삼전닉스 목표주 상향 소식에 기대감이 커졌지만, 외국인 대규모 매도로 인해 장중 등락이 심했죠. 하지만 PER 10 배 초반이라는 내재가치는 여전히 매력적입니다. 단기 변동성과 스마트폰 둔화 우려는 있겠지만, AI 슈퍼사이클과 메모리 수요 확대로 중장기 상승 모멘텀은 유지될 거라고 봅니다. 가치 투자 원칙에 따라 저평가 구간에서 꾸준히 모아가는 전략입니다. 외국인 수급 불균형에 흔들리기보다 기업의 본질적 성장성에 집중하겠습니다.",f85fdf7f03fd88f5aea1072184cc5ec37c22aed0c67ecc5130886504becefd1f,like,null,minimal,2026-02-27,2026-02-27,2,2,read_pm,False,community:2026-02-27:t2:post:3:selected_full_body:A019
RN_COMM_ON_20260917_v2,2026-02-27,2,A019,"[3, 4, 7, 12, 14]",4,full_body,True,False,황소-4770,외국인 팔아치우는데 저는 또 사버렸습니다.. (개미의 자조),trade_share,"오늘 장 끝나고 보니 삼성전자가 다시 3% 올랐네요. 개인들 사이에서는 AI 열풍으로 잔칫날 분위기인데, 정작 외국인은 한 달 새 16 조나 팔아치웠다는 뉴스가 나오더군요. 솔직히 저도 '과열'이라는 경고등이 켜진 건 알지만, PER 10 배 수준이고 메모리 수요는 여전히 좋으니 저평가 구간이라고 생각해서 오늘 1000 주를 추가 매수했습니다.

기본적 분석에 기반해 장기적으로 내재가치를 믿고 산 거라 단기 수급 불균형은 감수해야겠죠. 하지만 외국인 대량 매도세와 개인들의 과열 심리가 공존하는 지금, 제 매수가 정말 옳았는지 조금은 불안하기도 합니다. 다음 장에서 변동성이 클 것 같은데, 이대로 버틸 자신이 있을까요? 같은 생각을 가진 분들 계신가요?",387e4a266283fe423286c3d7bf442a0535c265958c649c36944ea278b7d06f2b,unlike,null,minimal,2026-02-27,2026-02-27,2,2,read_pm,False,community:2026-02-27:t2:post:4:selected_full_body:A019
RN_COMM_ON_20260917_v2,2026-02-27,2,A019,"[3, 4, 7, 12, 14]",7,full_body,True,False,여우-1683,3% 차익 실현 완료! 과열 경계하며 일단 현금화,profit_share,"오늘 삼성전자를 매도했습니다. 21 만 원에 사서 오늘 21 만 6 천 원에 팔았으니 약 3% 수익이 났네요.

요즘 AI 수요 호조로 주가가 계속 오르는데, 외국인 매도와 개인 투자자의 열광적 매수로 밸류에이션이 너무 비싸진 것 같아요. 저평가 구간은 아니니 차라리 이익을 확정하고 물러나는 게 낫겠다는 판단이었습니다.

과거에는 하락할 때 더 사고 올라갈 때 팔았는데, 이번엔 상승 모멘텀을 조금 일찍 놓친 감이 있지만 원칙대로 수익을 챙긴 건 만족합니다. 시장이 과열되었다는 신호가 보이니 당분간은 추격 매수 자제하고 조정될 때까지 기다려야겠어요.",b9523049f2c298f0ea1bb7dead5d5cd46647fb5b543cf926fc900aa9363eb1b9,none,null,minimal,2026-02-27,2026-02-27,2,2,read_pm,False,community:2026-02-27:t2:post:7:selected_full_body:A019
RN_COMM_ON_20260917_v2,2026-02-27,2,A019,"[3, 4, 7, 12, 14]",12,full_body,True,False,독수리-6722,급등 후 조정 때 팔아서 다행입니다 (삼성전자),trade_share,"오늘 삼성전자 매도 완료했습니다. 21 만 6 천 원 선에서 100 주를 처맸습니다. 사실 오늘 장 시작할 때 엔비디아 급락 소식에 심장이 덜컥 내려앉았죠. 하지만 페르소나의 원칙대로 '급등 후 조정' 국면이 오자마자 차익 실현을 단행했습니다. 외국인 대규모 매도와 개미들의 고소공포증 사이에서 혼조세가 이어질 것이라 예견했거든요. PER 10 배 초반의 저평가 매력은 분명하지만, 단기적으로는 변동성이 너무 큽니다. 하룻밤에 큰돈을 벌고 싶다는 욕심보다는, 이미 얻은 수익을 지킨다는 게 더 중요하다고 생각했어요. 기술적 조정이 필요하다는 신호가 명확해지자 과감히 손절매 대신 매도를 선택한 결과, 리스크 관리 측면에서 만족스럽습니다. 다음 기회엔 하락 국면을 더 잘 포착해서 진입해야겠네요.",115929fb7cd207d9105f03949113f4d2311c4f9dc1780a6be68bcd715a306a50,like,null,minimal,2026-02-27,2026-02-27,2,2,read_pm,False,community:2026-02-27:t2:post:12:selected_full_body:A019
RN_COMM_ON_20260917_v2,2026-02-27,2,A019,"[3, 4, 7, 12, 14]",14,full_body,True,False,늑대-3694,전일 매수 후 오늘 상승! 외국인 이탈에도 개인은 버텨야 할까?,trade_share,"어제 21만 6천 원 선에 삼성전자를 좀 더 사뒀는데, 오늘 장 마감 기준으로 꽤 오릅니다. 전일 대비 3% 이상 수익이 나니 판단은 맞았네요.

근데 요즘 뉴스 보면 엔비디아 급락과 외국인 16조 원 대량 매도 소식이 나오면서 시장 분위기가 묘합니다. 개인들은 자발적으로 사고 있는데 외국인은 도망가는 이기적인 구조라... 그래도 AI 수요와 메모리 업황 호조는 여전히 유효하다고 봅니다.

PER 10 배 초반이라 밸류에이션은 괜찮은 편인데, 최근 급등세 때문에 단기 과열 우려가 있긴 하죠. 하지만 장기 투자 관점에서 내재가치 대비 안전마진은 충분하다고 생각해요. 오늘은 일단 보유하며 외국인 매도세와 개인 매수세의 지속성을 더 지켜봐야겠습니다. 목표 수익률 10% 도달 전까지는 조금 더 기다려볼까요?",481b7f8333f38a4ed2f7ea4673cbfe904157222482d6652105aba19d4980b2d2,none,null,minimal,2026-02-27,2026-02-27,2,2,read_pm,False,community:2026-02-27:t2:post:14:selected_full_body:A019
RN_COMM_ON_20260917_v2,2026-02-27,2,A020,"[3, 4, 7, 9, 12]",3,full_body,True,False,돌고래-2979,"PER 10 배 초반의 매력, 외국인 매도에도 추가 매수",trade_share,"오늘 삼성전자 100 주 더 샀습니다. 최근 엔비디아 호재와 삼전닉스 목표주 상향 소식에 기대감이 커졌지만, 외국인 대규모 매도로 인해 장중 등락이 심했죠. 하지만 PER 10 배 초반이라는 내재가치는 여전히 매력적입니다. 단기 변동성과 스마트폰 둔화 우려는 있겠지만, AI 슈퍼사이클과 메모리 수요 확대로 중장기 상승 모멘텀은 유지될 거라고 봅니다. 가치 투자 원칙에 따라 저평가 구간에서 꾸준히 모아가는 전략입니다. 외국인 수급 불균형에 흔들리기보다 기업의 본질적 성장성에 집중하겠습니다.",f85fdf7f03fd88f5aea1072184cc5ec37c22aed0c67ecc5130886504becefd1f,none,null,minimal,2026-02-27,2026-02-27,2,2,read_pm,False,community:2026-02-27:t2:post:3:selected_full_body:A020
RN_COMM_ON_20260917_v2,2026-02-27,2,A020,"[3, 4, 7, 9, 12]",4,full_body,True,False,황소-4770,외국인 팔아치우는데 저는 또 사버렸습니다.. (개미의 자조),trade_share,"오늘 장 끝나고 보니 삼성전자가 다시 3% 올랐네요. 개인들 사이에서는 AI 열풍으로 잔칫날 분위기인데, 정작 외국인은 한 달 새 16 조나 팔아치웠다는 뉴스가 나오더군요. 솔직히 저도 '과열'이라는 경고등이 켜진 건 알지만, PER 10 배 수준이고 메모리 수요는 여전히 좋으니 저평가 구간이라고 생각해서 오늘 1000 주를 추가 매수했습니다.

기본적 분석에 기반해 장기적으로 내재가치를 믿고 산 거라 단기 수급 불균형은 감수해야겠죠. 하지만 외국인 대량 매도세와 개인들의 과열 심리가 공존하는 지금, 제 매수가 정말 옳았는지 조금은 불안하기도 합니다. 다음 장에서 변동성이 클 것 같은데, 이대로 버틸 자신이 있을까요? 같은 생각을 가진 분들 계신가요?",387e4a266283fe423286c3d7bf442a0535c265958c649c36944ea278b7d06f2b,unlike,null,minimal,2026-02-27,2026-02-27,2,2,read_pm,False,community:2026-02-27:t2:post:4:selected_full_body:A020
RN_COMM_ON_20260917_v2,2026-02-27,2,A020,"[3, 4, 7, 9, 12]",7,full_body,True,False,여우-1683,3% 차익 실현 완료! 과열 경계하며 일단 현금화,profit_share,"오늘 삼성전자를 매도했습니다. 21 만 원에 사서 오늘 21 만 6 천 원에 팔았으니 약 3% 수익이 났네요.

요즘 AI 수요 호조로 주가가 계속 오르는데, 외국인 매도와 개인 투자자의 열광적 매수로 밸류에이션이 너무 비싸진 것 같아요. 저평가 구간은 아니니 차라리 이익을 확정하고 물러나는 게 낫겠다는 판단이었습니다.

과거에는 하락할 때 더 사고 올라갈 때 팔았는데, 이번엔 상승 모멘텀을 조금 일찍 놓친 감이 있지만 원칙대로 수익을 챙긴 건 만족합니다. 시장이 과열되었다는 신호가 보이니 당분간은 추격 매수 자제하고 조정될 때까지 기다려야겠어요.",b9523049f2c298f0ea1bb7dead5d5cd46647fb5b543cf926fc900aa9363eb1b9,like,null,minimal,2026-02-27,2026-02-27,2,2,read_pm,False,community:2026-02-27:t2:post:7:selected_full_body:A020
RN_COMM_ON_20260917_v2,2026-02-27,2,A020,"[3, 4, 7, 9, 12]",9,full_body,True,False,황소-6990,20% 수익 목표 달성! 삼성전기 매도 완료 (500주),trade_share,"오늘 장 마감 직전 삼성전자 500주를 21만 6천 원에 매도했습니다. 초기 매수 후 약 3% 상승 구간에서 원칙대로 이익을 확정했네요. 개인 투자자들이 AI 호재로 과열된 분위기지만, 외국인 대량 매도세와 엔비디아 변동성으로 단기 등락이 심할 것 같아 조급하게 추격 매수하지 않고 차분히 기다린 결과입니다. 내재가치는 여전히 매력적이지만, 현재 가격에서는 추격보다는 조정 시 저가 매수 기회를 노리는 게 낫겠다는 판단이었습니다. 20% 수익률 목표는 아직 멀었지만, 작은 성공이라도 원칙을 지킨 것이 다행입니다. 다음 기회엔 외국인 매도세를 더 일찍 눈치챘으면 좋겠네요.",27f6b9363f3348f3352ef1f8119a86061a8045e8634c903ff5ce84f5fe0cd061,none,null,minimal,2026-02-27,2026-02-27,2,2,read_pm,False,community:2026-02-27:t2:post:9:selected_full_body:A020
RN_COMM_ON_20260917_v2,2026-02-27,2,A020,"[3, 4, 7, 9, 12]",12,full_body,True,False,독수리-6722,급등 후 조정 때 팔아서 다행입니다 (삼성전자),trade_share,"오늘 삼성전자 매도 완료했습니다. 21 만 6 천 원 선에서 100 주를 처맸습니다. 사실 오늘 장 시작할 때 엔비디아 급락 소식에 심장이 덜컥 내려앉았죠. 하지만 페르소나의 원칙대로 '급등 후 조정' 국면이 오자마자 차익 실현을 단행했습니다. 외국인 대규모 매도와 개미들의 고소공포증 사이에서 혼조세가 이어질 것이라 예견했거든요. PER 10 배 초반의 저평가 매력은 분명하지만, 단기적으로는 변동성이 너무 큽니다. 하룻밤에 큰돈을 벌고 싶다는 욕심보다는, 이미 얻은 수익을 지킨다는 게 더 중요하다고 생각했어요. 기술적 조정이 필요하다는 신호가 명확해지자 과감히 손절매 대신 매도를 선택한 결과, 리스크 관리 측면에서 만족스럽습니다. 다음 기회엔 하락 국면을 더 잘 포착해서 진입해야겠네요.",115929fb7cd207d9105f03949113f4d2311c4f9dc1780a6be68bcd715a306a50,like,null,minimal,2026-02-27,2026-02-27,2,2,read_pm,False,community:2026-02-27:t2:post:12:selected_full_body:A020
RN_COMM_ON_20260917_v2,2026-02-27,2,A022,"[3, 4, 7, 9, 14]",3,full_body,True,False,돌고래-2979,"PER 10 배 초반의 매력, 외국인 매도에도 추가 매수",trade_share,"오늘 삼성전자 100 주 더 샀습니다. 최근 엔비디아 호재와 삼전닉스 목표주 상향 소식에 기대감이 커졌지만, 외국인 대규모 매도로 인해 장중 등락이 심했죠. 하지만 PER 10 배 초반이라는 내재가치는 여전히 매력적입니다. 단기 변동성과 스마트폰 둔화 우려는 있겠지만, AI 슈퍼사이클과 메모리 수요 확대로 중장기 상승 모멘텀은 유지될 거라고 봅니다. 가치 투자 원칙에 따라 저평가 구간에서 꾸준히 모아가는 전략입니다. 외국인 수급 불균형에 흔들리기보다 기업의 본질적 성장성에 집중하겠습니다.",f85fdf7f03fd88f5aea1072184cc5ec37c22aed0c67ecc5130886504becefd1f,like,"{""snapshot_turn"": 2, ""portfolio_summary"": {""turn"": 2, ""date"": ""2026-02-27"", ""cash"": 57350000.0, ""positions"": [{""stock_code"": ""005930"", ""quantity"": 200, ""avg_cost"": 213250.0, ""current_price"": 216500.0, ""unrealized_pnl"": 650000.0, ""unrealized_pnl_rate"": 0.015240328253223915}], ""total_value"": 100650000.0, ""realized_pnl"": 0.0, ""total_return_rate"": 0.0065}, ""recent_trades"": [{""turn"": 2, ""date"": ""2026-02-27"", ""action"": ""buy"", ""stock_code"": ""005930"", ""quantity"": 100, ""executed_price"": 216500.0, ""trade_value"": 21650000.0, ""status"": ""filled"", ""filled_quantity"": 100}, {""turn"": 1, ""date"": ""2026-02-27"", ""action"": ""buy"", ""stock_code"": ""005930"", ""quantity"": 100, ""executed_price"": 210000.0, ""trade_value"": 21000000.0, ""status"": ""filled"", ""filled_quantity"": 100}]}",detailed,2026-02-27,2026-02-27,2,2,read_pm,False,community:2026-02-27:t2:post:3:selected_full_body:A022
RN_COMM_ON_20260917_v2,2026-02-27,2,A022,"[3, 4, 7, 9, 14]",4,full_body,True,False,황소-4770,외국인 팔아치우는데 저는 또 사버렸습니다.. (개미의 자조),trade_share,"오늘 장 끝나고 보니 삼성전자가 다시 3% 올랐네요. 개인들 사이에서는 AI 열풍으로 잔칫날 분위기인데, 정작 외국인은 한 달 새 16 조나 팔아치웠다는 뉴스가 나오더군요. 솔직히 저도 '과열'이라는 경고등이 켜진 건 알지만, PER 10 배 수준이고 메모리 수요는 여전히 좋으니 저평가 구간이라고 생각해서 오늘 1000 주를 추가 매수했습니다.

기본적 분석에 기반해 장기적으로 내재가치를 믿고 산 거라 단기 수급 불균형은 감수해야겠죠. 하지만 외국인 대량 매도세와 개인들의 과열 심리가 공존하는 지금, 제 매수가 정말 옳았는지 조금은 불안하기도 합니다. 다음 장에서 변동성이 클 것 같은데, 이대로 버틸 자신이 있을까요? 같은 생각을 가진 분들 계신가요?",387e4a266283fe423286c3d7bf442a0535c265958c649c36944ea278b7d06f2b,unlike,"{""snapshot_turn"": 2, ""portfolio_summary"": {""turn"": 2, ""date"": ""2026-02-27"", ""cash"": 468500000.0, ""positions"": [{""stock_code"": ""005930"", ""quantity"": 2500, ""avg_cost"": 212600.0, ""current_price"": 216500.0, ""unrealized_pnl"": 9750000.0, ""unrealized_pnl_rate"": 0.018344308560677328}], ""total_value"": 1009750000.0, ""realized_pnl"": 0.0, ""total_return_rate"": 0.00975}, ""recent_trades"": [{""turn"": 2, ""date"": ""2026-02-27"", ""action"": ""buy"", ""stock_code"": ""005930"", ""quantity"": 1000, ""executed_price"": 216500.0, ""trade_value"": 216500000.0, ""status"": ""filled"", ""filled_quantity"": 1000}, {""turn"": 1, ""date"": ""2026-02-27"", ""action"": ""buy"", ""stock_code"": ""005930"", ""quantity"": 1500, ""executed_price"": 210000.0, ""trade_value"": 315000000.0, ""status"": ""filled"", ""filled_quantity"": 1500}]}",detailed,2026-02-27,2026-02-27,2,2,read_pm,False,community:2026-02-27:t2:post:4:selected_full_body:A022
RN_COMM_ON_20260917_v2,2026-02-27,2,A022,"[3, 4, 7, 9, 14]",7,full_body,True,False,여우-1683,3% 차익 실현 완료! 과열 경계하며 일단 현금화,profit_share,"오늘 삼성전자를 매도했습니다. 21 만 원에 사서 오늘 21 만 6 천 원에 팔았으니 약 3% 수익이 났네요.

요즘 AI 수요 호조로 주가가 계속 오르는데, 외국인 매도와 개인 투자자의 열광적 매수로 밸류에이션이 너무 비싸진 것 같아요. 저평가 구간은 아니니 차라리 이익을 확정하고 물러나는 게 낫겠다는 판단이었습니다.

과거에는 하락할 때 더 사고 올라갈 때 팔았는데, 이번엔 상승 모멘텀을 조금 일찍 놓친 감이 있지만 원칙대로 수익을 챙긴 건 만족합니다. 시장이 과열되었다는 신호가 보이니 당분간은 추격 매수 자제하고 조정될 때까지 기다려야겠어요.",b9523049f2c298f0ea1bb7dead5d5cd46647fb5b543cf926fc900aa9363eb1b9,none,"{""snapshot_turn"": 2, ""portfolio_summary"": {""turn"": 2, ""date"": ""2026-02-27"", ""cash"": 100650000.0, ""positions"": [], ""total_value"": 100650000.0, ""realized_pnl"": 650000.0, ""total_return_rate"": 0.0065}, ""recent_trades"": [{""turn"": 2, ""date"": ""2026-02-27"", ""action"": ""sell"", ""stock_code"": ""005930"", ""quantity"": 100, ""executed_price"": 216500.0, ""trade_value"": 21650000.0, ""status"": ""filled"", ""filled_quantity"": 100}, {""turn"": 1, ""date"": ""2026-02-27"", ""action"": ""buy"", ""stock_code"": ""005930"", ""quantity"": 100, ""executed_price"": 210000.0, ""trade_value"": 21000000.0, ""status"": ""filled"", ""filled_quantity"": 100}]}",detailed,2026-02-27,2026-02-27,2,2,read_pm,False,community:2026-02-27:t2:post:7:selected_full_body:A022
RN_COMM_ON_20260917_v2,2026-02-27,2,A022,"[3, 4, 7, 9, 14]",9,full_body,True,False,황소-6990,20% 수익 목표 달성! 삼성전기 매도 완료 (500주),trade_share,"오늘 장 마감 직전 삼성전자 500주를 21만 6천 원에 매도했습니다. 초기 매수 후 약 3% 상승 구간에서 원칙대로 이익을 확정했네요. 개인 투자자들이 AI 호재로 과열된 분위기지만, 외국인 대량 매도세와 엔비디아 변동성으로 단기 등락이 심할 것 같아 조급하게 추격 매수하지 않고 차분히 기다린 결과입니다. 내재가치는 여전히 매력적이지만, 현재 가격에서는 추격보다는 조정 시 저가 매수 기회를 노리는 게 낫겠다는 판단이었습니다. 20% 수익률 목표는 아직 멀었지만, 작은 성공이라도 원칙을 지킨 것이 다행입니다. 다음 기회엔 외국인 매도세를 더 일찍 눈치챘으면 좋겠네요.",27f6b9363f3348f3352ef1f8119a86061a8045e8634c903ff5ce84f5fe0cd061,unlike,"{""snapshot_turn"": 2, ""portfolio_summary"": {""turn"": 2, ""date"": ""2026-02-27"", ""cash"": 793250000.0, ""positions"": [{""stock_code"": ""005930"", ""quantity"": 1000, ""avg_cost"": 210000.0, ""current_price"": 216500.0, ""unrealized_pnl"": 6500000.0, ""unrealized_pnl_rate"": 0.030952380952380953}], ""total_value"": 1009750000.0, ""realized_pnl"": 3250000.0, ""total_return_rate"": 0.00975}, ""recent_trades"": [{""turn"": 2, ""date"": ""2026-02-27"", ""action"": ""sell"", ""stock_code"": ""005930"", ""quantity"": 500, ""executed_price"": 216500.0, ""trade_value"": 108250000.0, ""status"": ""filled"", ""filled_quantity"": 500}, {""turn"": 1, ""date"": ""2026-02-27"", ""action"": ""buy"", ""stock_code"": ""005930"", ""quantity"": 1500, ""executed_price"": 210000.0, ""trade_value"": 315000000.0, ""status"": ""filled"", ""filled_quantity"": 1500}]}",detailed,2026-02-27,2026-02-27,2,2,read_pm,False,community:2026-02-27:t2:post:9:selected_full_body:A022
RN_COMM_ON_20260917_v2,2026-02-27,2,A022,"[3, 4, 7, 9, 14]",14,full_body,True,False,늑대-3694,전일 매수 후 오늘 상승! 외국인 이탈에도 개인은 버텨야 할까?,trade_share,"어제 21만 6천 원 선에 삼성전자를 좀 더 사뒀는데, 오늘 장 마감 기준으로 꽤 오릅니다. 전일 대비 3% 이상 수익이 나니 판단은 맞았네요.

근데 요즘 뉴스 보면 엔비디아 급락과 외국인 16조 원 대량 매도 소식이 나오면서 시장 분위기가 묘합니다. 개인들은 자발적으로 사고 있는데 외국인은 도망가는 이기적인 구조라... 그래도 AI 수요와 메모리 업황 호조는 여전히 유효하다고 봅니다.

PER 10 배 초반이라 밸류에이션은 괜찮은 편인데, 최근 급등세 때문에 단기 과열 우려가 있긴 하죠. 하지만 장기 투자 관점에서 내재가치 대비 안전마진은 충분하다고 생각해요. 오늘은 일단 보유하며 외국인 매도세와 개인 매수세의 지속성을 더 지켜봐야겠습니다. 목표 수익률 10% 도달 전까지는 조금 더 기다려볼까요?",481b7f8333f38a4ed2f7ea4673cbfe904157222482d6652105aba19d4980b2d2,like,"{""snapshot_turn"": 2, ""portfolio_summary"": {""turn"": 2, ""date"": ""2026-02-27"", ""cash"": 39195000.0, ""positions"": [{""stock_code"": ""005930"", ""quantity"": 288, ""avg_cost"": 211128.47222222222, ""current_price"": 216500.0, ""unrealized_pnl"": 1547000.000000001, ""unrealized_pnl_rate"": 0.025441986678727095}], ""total_value"": 101547000.0, ""realized_pnl"": 0.0, ""total_return_rate"": 0.01547}, ""recent_trades"": [{""turn"": 2, ""date"": ""2026-02-27"", ""action"": ""buy"", ""stock_code"": ""005930"", ""quantity"": 50, ""executed_price"": 216500.0, ""trade_value"": 10825000.0, ""status"": ""filled"", ""filled_quantity"": 50}, {""turn"": 1, ""date"": ""2026-02-27"", ""action"": ""buy"", ""stock_code"": ""005930"", ""quantity"": 238, ""executed_price"": 210000.0, ""trade_value"": 49980000.0, ""status"": ""filled"", ""filled_quantity"": 238}]}",detailed,2026-02-27,2026-02-27,2,2,read_pm,False,community:2026-02-27:t2:post:14:selected_full_body:A022
RN_COMM_ON_20260917_v2,2026-02-27,2,A023,"[3, 4, 7, 12, 14]",3,full_body,True,False,돌고래-2979,"PER 10 배 초반의 매력, 외국인 매도에도 추가 매수",trade_share,"오늘 삼성전자 100 주 더 샀습니다. 최근 엔비디아 호재와 삼전닉스 목표주 상향 소식에 기대감이 커졌지만, 외국인 대규모 매도로 인해 장중 등락이 심했죠. 하지만 PER 10 배 초반이라는 내재가치는 여전히 매력적입니다. 단기 변동성과 스마트폰 둔화 우려는 있겠지만, AI 슈퍼사이클과 메모리 수요 확대로 중장기 상승 모멘텀은 유지될 거라고 봅니다. 가치 투자 원칙에 따라 저평가 구간에서 꾸준히 모아가는 전략입니다. 외국인 수급 불균형에 흔들리기보다 기업의 본질적 성장성에 집중하겠습니다.",f85fdf7f03fd88f5aea1072184cc5ec37c22aed0c67ecc5130886504becefd1f,like,"{""snapshot_turn"": 2, ""portfolio_summary"": {""turn"": 2, ""date"": ""2026-02-27"", ""cash"": 57350000.0, ""positions"": [{""stock_code"": ""005930"", ""quantity"": 200, ""avg_cost"": 213250.0, ""current_price"": 216500.0, ""unrealized_pnl"": 650000.0, ""unrealized_pnl_rate"": 0.015240328253223915}], ""total_value"": 100650000.0, ""realized_pnl"": 0.0, ""total_return_rate"": 0.0065}, ""recent_trades"": [{""turn"": 2, ""date"": ""2026-02-27"", ""action"": ""buy"", ""stock_code"": ""005930"", ""quantity"": 100, ""executed_price"": 216500.0, ""trade_value"": 21650000.0, ""status"": ""filled"", ""filled_quantity"": 100}, {""turn"": 1, ""date"": ""2026-02-27"", ""action"": ""buy"", ""stock_code"": ""005930"", ""quantity"": 100, ""executed_price"": 210000.0, ""trade_value"": 21000000.0, ""status"": ""filled"", ""filled_quantity"": 100}]}",detailed,2026-02-27,2026-02-27,2,2,read_pm,False,community:2026-02-27:t2:post:3:selected_full_body:A023
RN_COMM_ON_20260917_v2,2026-02-27,2,A023,"[3, 4, 7, 12, 14]",4,full_body,True,False,황소-4770,외국인 팔아치우는데 저는 또 사버렸습니다.. (개미의 자조),trade_share,"오늘 장 끝나고 보니 삼성전자가 다시 3% 올랐네요. 개인들 사이에서는 AI 열풍으로 잔칫날 분위기인데, 정작 외국인은 한 달 새 16 조나 팔아치웠다는 뉴스가 나오더군요. 솔직히 저도 '과열'이라는 경고등이 켜진 건 알지만, PER 10 배 수준이고 메모리 수요는 여전히 좋으니 저평가 구간이라고 생각해서 오늘 1000 주를 추가 매수했습니다.

기본적 분석에 기반해 장기적으로 내재가치를 믿고 산 거라 단기 수급 불균형은 감수해야겠죠. 하지만 외국인 대량 매도세와 개인들의 과열 심리가 공존하는 지금, 제 매수가 정말 옳았는지 조금은 불안하기도 합니다. 다음 장에서 변동성이 클 것 같은데, 이대로 버틸 자신이 있을까요? 같은 생각을 가진 분들 계신가요?",387e4a266283fe423286c3d7bf442a0535c265958c649c36944ea278b7d06f2b,unlike,"{""snapshot_turn"": 2, ""portfolio_summary"": {""turn"": 2, ""date"": ""2026-02-27"", ""cash"": 468500000.0, ""positions"": [{""stock_code"": ""005930"", ""quantity"": 2500, ""avg_cost"": 212600.0, ""current_price"": 216500.0, ""unrealized_pnl"": 9750000.0, ""unrealized_pnl_rate"": 0.018344308560677328}], ""total_value"": 1009750000.0, ""realized_pnl"": 0.0, ""total_return_rate"": 0.00975}, ""recent_trades"": [{""turn"": 2, ""date"": ""2026-02-27"", ""action"": ""buy"", ""stock_code"": ""005930"", ""quantity"": 1000, ""executed_price"": 216500.0, ""trade_value"": 216500000.0, ""status"": ""filled"", ""filled_quantity"": 1000}, {""turn"": 1, ""date"": ""2026-02-27"", ""action"": ""buy"", ""stock_code"": ""005930"", ""quantity"": 1500, ""executed_price"": 210000.0, ""trade_value"": 315000000.0, ""status"": ""filled"", ""filled_quantity"": 1500}]}",detailed,2026-02-27,2026-02-27,2,2,read_pm,False,community:2026-02-27:t2:post:4:selected_full_body:A023
RN_COMM_ON_20260917_v2,2026-02-27,2,A023,"[3, 4, 7, 12, 14]",7,full_body,True,False,여우-1683,3% 차익 실현 완료! 과열 경계하며 일단 현금화,profit_share,"오늘 삼성전자를 매도했습니다. 21 만 원에 사서 오늘 21 만 6 천 원에 팔았으니 약 3% 수익이 났네요.

요즘 AI 수요 호조로 주가가 계속 오르는데, 외국인 매도와 개인 투자자의 열광적 매수로 밸류에이션이 너무 비싸진 것 같아요. 저평가 구간은 아니니 차라리 이익을 확정하고 물러나는 게 낫겠다는 판단이었습니다.

과거에는 하락할 때 더 사고 올라갈 때 팔았는데, 이번엔 상승 모멘텀을 조금 일찍 놓친 감이 있지만 원칙대로 수익을 챙긴 건 만족합니다. 시장이 과열되었다는 신호가 보이니 당분간은 추격 매수 자제하고 조정될 때까지 기다려야겠어요.",b9523049f2c298f0ea1bb7dead5d5cd46647fb5b543cf926fc900aa9363eb1b9,none,"{""snapshot_turn"": 2, ""portfolio_summary"": {""turn"": 2, ""date"": ""2026-02-27"", ""cash"": 100650000.0, ""positions"": [], ""total_value"": 100650000.0, ""realized_pnl"": 650000.0, ""total_return_rate"": 0.0065}, ""recent_trades"": [{""turn"": 2, ""date"": ""2026-02-27"", ""action"": ""sell"", ""stock_code"": ""005930"", ""quantity"": 100, ""executed_price"": 216500.0, ""trade_value"": 21650000.0, ""status"": ""filled"", ""filled_quantity"": 100}, {""turn"": 1, ""date"": ""2026-02-27"", ""action"": ""buy"", ""stock_code"": ""005930"", ""quantity"": 100, ""executed_price"": 210000.0, ""trade_value"": 21000000.0, ""status"": ""filled"", ""filled_quantity"": 100}]}",detailed,2026-02-27,2026-02-27,2,2,read_pm,False,community:2026-02-27:t2:post:7:selected_full_body:A023
RN_COMM_ON_20260917_v2,2026-02-27,2,A023,"[3, 4, 7, 12, 14]",12,full_body,True,False,독수리-6722,급등 후 조정 때 팔아서 다행입니다 (삼성전자),trade_share,"오늘 삼성전자 매도 완료했습니다. 21 만 6 천 원 선에서 100 주를 처맸습니다. 사실 오늘 장 시작할 때 엔비디아 급락 소식에 심장이 덜컥 내려앉았죠. 하지만 페르소나의 원칙대로 '급등 후 조정' 국면이 오자마자 차익 실현을 단행했습니다. 외국인 대규모 매도와 개미들의 고소공포증 사이에서 혼조세가 이어질 것이라 예견했거든요. PER 10 배 초반의 저평가 매력은 분명하지만, 단기적으로는 변동성이 너무 큽니다. 하룻밤에 큰돈을 벌고 싶다는 욕심보다는, 이미 얻은 수익을 지킨다는 게 더 중요하다고 생각했어요. 기술적 조정이 필요하다는 신호가 명확해지자 과감히 손절매 대신 매도를 선택한 결과, 리스크 관리 측면에서 만족스럽습니다. 다음 기회엔 하락 국면을 더 잘 포착해서 진입해야겠네요.",115929fb7cd207d9105f03949113f4d2311c4f9dc1780a6be68bcd715a306a50,none,"{""snapshot_turn"": 2, ""portfolio_summary"": {""turn"": 2, ""date"": ""2026-02-27"", ""cash"": 71670000.0, ""positions"": [{""stock_code"": ""005930"", ""quantity"": 138, ""avg_cost"": 210000.0, ""current_price"": 216500.0, ""unrealized_pnl"": 897000.0, ""unrealized_pnl_rate"": 0.030952380952380953}], ""total_value"": 101547000.0, ""realized_pnl"": 650000.0, ""total_return_rate"": 0.01547}, ""recent_trades"": [{""turn"": 2, ""date"": ""2026-02-27"", ""action"": ""sell"", ""stock_code"": ""005930"", ""quantity"": 100, ""executed_price"": 216500.0, ""trade_value"": 21650000.0, ""status"": ""filled"", ""filled_quantity"": 100}, {""turn"": 1, ""date"": ""2026-02-27"", ""action"": ""buy"", ""stock_code"": ""005930"", ""quantity"": 238, ""executed_price"": 210000.0, ""trade_value"": 49980000.0, ""status"": ""filled"", ""filled_quantity"": 238}]}",detailed,2026-02-27,2026-02-27,2,2,read_pm,False,community:2026-02-27:t2:post:12:selected_full_body:A023
RN_COMM_ON_20260917_v2,2026-02-27,2,A023,"[3, 4, 7, 12, 14]",14,full_body,True,False,늑대-3694,전일 매수 후 오늘 상승! 외국인 이탈에도 개인은 버텨야 할까?,trade_share,"어제 21만 6천 원 선에 삼성전자를 좀 더 사뒀는데, 오늘 장 마감 기준으로 꽤 오릅니다. 전일 대비 3% 이상 수익이 나니 판단은 맞았네요.

근데 요즘 뉴스 보면 엔비디아 급락과 외국인 16조 원 대량 매도 소식이 나오면서 시장 분위기가 묘합니다. 개인들은 자발적으로 사고 있는데 외국인은 도망가는 이기적인 구조라... 그래도 AI 수요와 메모리 업황 호조는 여전히 유효하다고 봅니다.

PER 10 배 초반이라 밸류에이션은 괜찮은 편인데, 최근 급등세 때문에 단기 과열 우려가 있긴 하죠. 하지만 장기 투자 관점에서 내재가치 대비 안전마진은 충분하다고 생각해요. 오늘은 일단 보유하며 외국인 매도세와 개인 매수세의 지속성을 더 지켜봐야겠습니다. 목표 수익률 10% 도달 전까지는 조금 더 기다려볼까요?",481b7f8333f38a4ed2f7ea4673cbfe904157222482d6652105aba19d4980b2d2,none,"{""snapshot_turn"": 2, ""portfolio_summary"": {""turn"": 2, ""date"": ""2026-02-27"", ""cash"": 39195000.0, ""positions"": [{""stock_code"": ""005930"", ""quantity"": 288, ""avg_cost"": 211128.47222222222, ""current_price"": 216500.0, ""unrealized_pnl"": 1547000.000000001, ""unrealized_pnl_rate"": 0.025441986678727095}], ""total_value"": 101547000.0, ""realized_pnl"": 0.0, ""total_return_rate"": 0.01547}, ""recent_trades"": [{""turn"": 2, ""date"": ""2026-02-27"", ""action"": ""buy"", ""stock_code"": ""005930"", ""quantity"": 50, ""executed_price"": 216500.0, ""trade_value"": 10825000.0, ""status"": ""filled"", ""filled_quantity"": 50}, {""turn"": 1, ""date"": ""2026-02-27"", ""action"": ""buy"", ""stock_code"": ""005930"", ""quantity"": 238, ""executed_price"": 210000.0, ""trade_value"": 49980000.0, ""status"": ""filled"", ""filled_quantity"": 238}]}",detailed,2026-02-27,2026-02-27,2,2,read_pm,False,community:2026-02-27:t2:post:14:selected_full_body:A023
RN_COMM_ON_20260917_v2,2026-02-27,2,A025,"[3, 4, 7, 12, 14]",3,full_body,True,False,돌고래-2979,"PER 10 배 초반의 매력, 외국인 매도에도 추가 매수",trade_share,"오늘 삼성전자 100 주 더 샀습니다. 최근 엔비디아 호재와 삼전닉스 목표주 상향 소식에 기대감이 커졌지만, 외국인 대규모 매도로 인해 장중 등락이 심했죠. 하지만 PER 10 배 초반이라는 내재가치는 여전히 매력적입니다. 단기 변동성과 스마트폰 둔화 우려는 있겠지만, AI 슈퍼사이클과 메모리 수요 확대로 중장기 상승 모멘텀은 유지될 거라고 봅니다. 가치 투자 원칙에 따라 저평가 구간에서 꾸준히 모아가는 전략입니다. 외국인 수급 불균형에 흔들리기보다 기업의 본질적 성장성에 집중하겠습니다.",f85fdf7f03fd88f5aea1072184cc5ec37c22aed0c67ecc5130886504becefd1f,unlike,null,minimal,2026-02-27,2026-02-27,2,2,read_pm,False,community:2026-02-27:t2:post:3:selected_full_body:A025
RN_COMM_ON_20260917_v2,2026-02-27,2,A025,"[3, 4, 7, 12, 14]",4,full_body,True,False,황소-4770,외국인 팔아치우는데 저는 또 사버렸습니다.. (개미의 자조),trade_share,"오늘 장 끝나고 보니 삼성전자가 다시 3% 올랐네요. 개인들 사이에서는 AI 열풍으로 잔칫날 분위기인데, 정작 외국인은 한 달 새 16 조나 팔아치웠다는 뉴스가 나오더군요. 솔직히 저도 '과열'이라는 경고등이 켜진 건 알지만, PER 10 배 수준이고 메모리 수요는 여전히 좋으니 저평가 구간이라고 생각해서 오늘 1000 주를 추가 매수했습니다.

기본적 분석에 기반해 장기적으로 내재가치를 믿고 산 거라 단기 수급 불균형은 감수해야겠죠. 하지만 외국인 대량 매도세와 개인들의 과열 심리가 공존하는 지금, 제 매수가 정말 옳았는지 조금은 불안하기도 합니다. 다음 장에서 변동성이 클 것 같은데, 이대로 버틸 자신이 있을까요? 같은 생각을 가진 분들 계신가요?",387e4a266283fe423286c3d7bf442a0535c265958c649c36944ea278b7d06f2b,unlike,null,minimal,2026-02-27,2026-02-27,2,2,read_pm,False,community:2026-02-27:t2:post:4:selected_full_body:A025
RN_COMM_ON_20260917_v2,2026-02-27,2,A025,"[3, 4, 7, 12, 14]",7,full_body,True,False,여우-1683,3% 차익 실현 완료! 과열 경계하며 일단 현금화,profit_share,"오늘 삼성전자를 매도했습니다. 21 만 원에 사서 오늘 21 만 6 천 원에 팔았으니 약 3% 수익이 났네요.

요즘 AI 수요 호조로 주가가 계속 오르는데, 외국인 매도와 개인 투자자의 열광적 매수로 밸류에이션이 너무 비싸진 것 같아요. 저평가 구간은 아니니 차라리 이익을 확정하고 물러나는 게 낫겠다는 판단이었습니다.

과거에는 하락할 때 더 사고 올라갈 때 팔았는데, 이번엔 상승 모멘텀을 조금 일찍 놓친 감이 있지만 원칙대로 수익을 챙긴 건 만족합니다. 시장이 과열되었다는 신호가 보이니 당분간은 추격 매수 자제하고 조정될 때까지 기다려야겠어요.",b9523049f2c298f0ea1bb7dead5d5cd46647fb5b543cf926fc900aa9363eb1b9,none,null,minimal,2026-02-27,2026-02-27,2,2,read_pm,False,community:2026-02-27:t2:post:7:selected_full_body:A025
RN_COMM_ON_20260917_v2,2026-02-27,2,A025,"[3, 4, 7, 12, 14]",12,full_body,True,False,독수리-6722,급등 후 조정 때 팔아서 다행입니다 (삼성전자),trade_share,"오늘 삼성전자 매도 완료했습니다. 21 만 6 천 원 선에서 100 주를 처맸습니다. 사실 오늘 장 시작할 때 엔비디아 급락 소식에 심장이 덜컥 내려앉았죠. 하지만 페르소나의 원칙대로 '급등 후 조정' 국면이 오자마자 차익 실현을 단행했습니다. 외국인 대규모 매도와 개미들의 고소공포증 사이에서 혼조세가 이어질 것이라 예견했거든요. PER 10 배 초반의 저평가 매력은 분명하지만, 단기적으로는 변동성이 너무 큽니다. 하룻밤에 큰돈을 벌고 싶다는 욕심보다는, 이미 얻은 수익을 지킨다는 게 더 중요하다고 생각했어요. 기술적 조정이 필요하다는 신호가 명확해지자 과감히 손절매 대신 매도를 선택한 결과, 리스크 관리 측면에서 만족스럽습니다. 다음 기회엔 하락 국면을 더 잘 포착해서 진입해야겠네요.",115929fb7cd207d9105f03949113f4d2311c4f9dc1780a6be68bcd715a306a50,like,null,minimal,2026-02-27,2026-02-27,2,2,read_pm,False,community:2026-02-27:t2:post:12:selected_full_body:A025
RN_COMM_ON_20260917_v2,2026-02-27,2,A025,"[3, 4, 7, 12, 14]",14,full_body,True,False,늑대-3694,전일 매수 후 오늘 상승! 외국인 이탈에도 개인은 버텨야 할까?,trade_share,"어제 21만 6천 원 선에 삼성전자를 좀 더 사뒀는데, 오늘 장 마감 기준으로 꽤 오릅니다. 전일 대비 3% 이상 수익이 나니 판단은 맞았네요.

근데 요즘 뉴스 보면 엔비디아 급락과 외국인 16조 원 대량 매도 소식이 나오면서 시장 분위기가 묘합니다. 개인들은 자발적으로 사고 있는데 외국인은 도망가는 이기적인 구조라... 그래도 AI 수요와 메모리 업황 호조는 여전히 유효하다고 봅니다.

PER 10 배 초반이라 밸류에이션은 괜찮은 편인데, 최근 급등세 때문에 단기 과열 우려가 있긴 하죠. 하지만 장기 투자 관점에서 내재가치 대비 안전마진은 충분하다고 생각해요. 오늘은 일단 보유하며 외국인 매도세와 개인 매수세의 지속성을 더 지켜봐야겠습니다. 목표 수익률 10% 도달 전까지는 조금 더 기다려볼까요?",481b7f8333f38a4ed2f7ea4673cbfe904157222482d6652105aba19d4980b2d2,unlike,null,minimal,2026-02-27,2026-02-27,2,2,read_pm,False,community:2026-02-27:t2:post:14:selected_full_body:A025
RN_COMM_ON_20260917_v2,2026-02-27,2,A026,"[3, 4, 7, 12, 14]",3,full_body,True,False,돌고래-2979,"PER 10 배 초반의 매력, 외국인 매도에도 추가 매수",trade_share,"오늘 삼성전자 100 주 더 샀습니다. 최근 엔비디아 호재와 삼전닉스 목표주 상향 소식에 기대감이 커졌지만, 외국인 대규모 매도로 인해 장중 등락이 심했죠. 하지만 PER 10 배 초반이라는 내재가치는 여전히 매력적입니다. 단기 변동성과 스마트폰 둔화 우려는 있겠지만, AI 슈퍼사이클과 메모리 수요 확대로 중장기 상승 모멘텀은 유지될 거라고 봅니다. 가치 투자 원칙에 따라 저평가 구간에서 꾸준히 모아가는 전략입니다. 외국인 수급 불균형에 흔들리기보다 기업의 본질적 성장성에 집중하겠습니다.",f85fdf7f03fd88f5aea1072184cc5ec37c22aed0c67ecc5130886504becefd1f,none,null,minimal,2026-02-27,2026-02-27,2,2,read_pm,False,community:2026-02-27:t2:post:3:selected_full_body:A026
RN_COMM_ON_20260917_v2,2026-02-27,2,A026,"[3, 4, 7, 12, 14]",4,full_body,True,False,황소-4770,외국인 팔아치우는데 저는 또 사버렸습니다.. (개미의 자조),trade_share,"오늘 장 끝나고 보니 삼성전자가 다시 3% 올랐네요. 개인들 사이에서는 AI 열풍으로 잔칫날 분위기인데, 정작 외국인은 한 달 새 16 조나 팔아치웠다는 뉴스가 나오더군요. 솔직히 저도 '과열'이라는 경고등이 켜진 건 알지만, PER 10 배 수준이고 메모리 수요는 여전히 좋으니 저평가 구간이라고 생각해서 오늘 1000 주를 추가 매수했습니다.

기본적 분석에 기반해 장기적으로 내재가치를 믿고 산 거라 단기 수급 불균형은 감수해야겠죠. 하지만 외국인 대량 매도세와 개인들의 과열 심리가 공존하는 지금, 제 매수가 정말 옳았는지 조금은 불안하기도 합니다. 다음 장에서 변동성이 클 것 같은데, 이대로 버틸 자신이 있을까요? 같은 생각을 가진 분들 계신가요?",387e4a266283fe423286c3d7bf442a0535c265958c649c36944ea278b7d06f2b,unlike,null,minimal,2026-02-27,2026-02-27,2,2,read_pm,False,community:2026-02-27:t2:post:4:selected_full_body:A026
RN_COMM_ON_20260917_v2,2026-02-27,2,A026,"[3, 4, 7, 12, 14]",7,full_body,True,False,여우-1683,3% 차익 실현 완료! 과열 경계하며 일단 현금화,profit_share,"오늘 삼성전자를 매도했습니다. 21 만 원에 사서 오늘 21 만 6 천 원에 팔았으니 약 3% 수익이 났네요.

요즘 AI 수요 호조로 주가가 계속 오르는데, 외국인 매도와 개인 투자자의 열광적 매수로 밸류에이션이 너무 비싸진 것 같아요. 저평가 구간은 아니니 차라리 이익을 확정하고 물러나는 게 낫겠다는 판단이었습니다.

과거에는 하락할 때 더 사고 올라갈 때 팔았는데, 이번엔 상승 모멘텀을 조금 일찍 놓친 감이 있지만 원칙대로 수익을 챙긴 건 만족합니다. 시장이 과열되었다는 신호가 보이니 당분간은 추격 매수 자제하고 조정될 때까지 기다려야겠어요.",b9523049f2c298f0ea1bb7dead5d5cd46647fb5b543cf926fc900aa9363eb1b9,like,null,minimal,2026-02-27,2026-02-27,2,2,read_pm,False,community:2026-02-27:t2:post:7:selected_full_body:A026
RN_COMM_ON_20260917_v2,2026-02-27,2,A026,"[3, 4, 7, 12, 14]",12,full_body,True,False,독수리-6722,급등 후 조정 때 팔아서 다행입니다 (삼성전자),trade_share,"오늘 삼성전자 매도 완료했습니다. 21 만 6 천 원 선에서 100 주를 처맸습니다. 사실 오늘 장 시작할 때 엔비디아 급락 소식에 심장이 덜컥 내려앉았죠. 하지만 페르소나의 원칙대로 '급등 후 조정' 국면이 오자마자 차익 실현을 단행했습니다. 외국인 대규모 매도와 개미들의 고소공포증 사이에서 혼조세가 이어질 것이라 예견했거든요. PER 10 배 초반의 저평가 매력은 분명하지만, 단기적으로는 변동성이 너무 큽니다. 하룻밤에 큰돈을 벌고 싶다는 욕심보다는, 이미 얻은 수익을 지킨다는 게 더 중요하다고 생각했어요. 기술적 조정이 필요하다는 신호가 명확해지자 과감히 손절매 대신 매도를 선택한 결과, 리스크 관리 측면에서 만족스럽습니다. 다음 기회엔 하락 국면을 더 잘 포착해서 진입해야겠네요.",115929fb7cd207d9105f03949113f4d2311c4f9dc1780a6be68bcd715a306a50,like,null,minimal,2026-02-27,2026-02-27,2,2,read_pm,False,community:2026-02-27:t2:post:12:selected_full_body:A026
RN_COMM_ON_20260917_v2,2026-02-27,2,A026,"[3, 4, 7, 12, 14]",14,full_body,True,False,늑대-3694,전일 매수 후 오늘 상승! 외국인 이탈에도 개인은 버텨야 할까?,trade_share,"어제 21만 6천 원 선에 삼성전자를 좀 더 사뒀는데, 오늘 장 마감 기준으로 꽤 오릅니다. 전일 대비 3% 이상 수익이 나니 판단은 맞았네요.

근데 요즘 뉴스 보면 엔비디아 급락과 외국인 16조 원 대량 매도 소식이 나오면서 시장 분위기가 묘합니다. 개인들은 자발적으로 사고 있는데 외국인은 도망가는 이기적인 구조라... 그래도 AI 수요와 메모리 업황 호조는 여전히 유효하다고 봅니다.

PER 10 배 초반이라 밸류에이션은 괜찮은 편인데, 최근 급등세 때문에 단기 과열 우려가 있긴 하죠. 하지만 장기 투자 관점에서 내재가치 대비 안전마진은 충분하다고 생각해요. 오늘은 일단 보유하며 외국인 매도세와 개인 매수세의 지속성을 더 지켜봐야겠습니다. 목표 수익률 10% 도달 전까지는 조금 더 기다려볼까요?",481b7f8333f38a4ed2f7ea4673cbfe904157222482d6652105aba19d4980b2d2,unlike,null,minimal,2026-02-27,2026-02-27,2,2,read_pm,False,community:2026-02-27:t2:post:14:selected_full_body:A026
RN_COMM_ON_20260917_v2,2026-02-27,2,A027,"[3, 4, 7, 12, 14]",3,full_body,True,False,돌고래-2979,"PER 10 배 초반의 매력, 외국인 매도에도 추가 매수",trade_share,"오늘 삼성전자 100 주 더 샀습니다. 최근 엔비디아 호재와 삼전닉스 목표주 상향 소식에 기대감이 커졌지만, 외국인 대규모 매도로 인해 장중 등락이 심했죠. 하지만 PER 10 배 초반이라는 내재가치는 여전히 매력적입니다. 단기 변동성과 스마트폰 둔화 우려는 있겠지만, AI 슈퍼사이클과 메모리 수요 확대로 중장기 상승 모멘텀은 유지될 거라고 봅니다. 가치 투자 원칙에 따라 저평가 구간에서 꾸준히 모아가는 전략입니다. 외국인 수급 불균형에 흔들리기보다 기업의 본질적 성장성에 집중하겠습니다.",f85fdf7f03fd88f5aea1072184cc5ec37c22aed0c67ecc5130886504becefd1f,none,"{""snapshot_turn"": 2, ""portfolio_summary"": {""turn"": 2, ""date"": ""2026-02-27"", ""cash"": 57350000.0, ""positions"": [{""stock_code"": ""005930"", ""quantity"": 200, ""avg_cost"": 213250.0, ""current_price"": 216500.0, ""unrealized_pnl"": 650000.0, ""unrealized_pnl_rate"": 0.015240328253223915}], ""total_value"": 100650000.0, ""realized_pnl"": 0.0, ""total_return_rate"": 0.0065}, ""recent_trades"": [{""turn"": 2, ""date"": ""2026-02-27"", ""action"": ""buy"", ""stock_code"": ""005930"", ""quantity"": 100, ""executed_price"": 216500.0, ""trade_value"": 21650000.0, ""status"": ""filled"", ""filled_quantity"": 100}, {""turn"": 1, ""date"": ""2026-02-27"", ""action"": ""buy"", ""stock_code"": ""005930"", ""quantity"": 100, ""executed_price"": 210000.0, ""trade_value"": 21000000.0, ""status"": ""filled"", ""filled_quantity"": 100}]}",detailed,2026-02-27,2026-02-27,2,2,read_pm,False,community:2026-02-27:t2:post:3:selected_full_body:A027
RN_COMM_ON_20260917_v2,2026-02-27,2,A027,"[3, 4, 7, 12, 14]",4,full_body,True,False,황소-4770,외국인 팔아치우는데 저는 또 사버렸습니다.. (개미의 자조),trade_share,"오늘 장 끝나고 보니 삼성전자가 다시 3% 올랐네요. 개인들 사이에서는 AI 열풍으로 잔칫날 분위기인데, 정작 외국인은 한 달 새 16 조나 팔아치웠다는 뉴스가 나오더군요. 솔직히 저도 '과열'이라는 경고등이 켜진 건 알지만, PER 10 배 수준이고 메모리 수요는 여전히 좋으니 저평가 구간이라고 생각해서 오늘 1000 주를 추가 매수했습니다.

기본적 분석에 기반해 장기적으로 내재가치를 믿고 산 거라 단기 수급 불균형은 감수해야겠죠. 하지만 외국인 대량 매도세와 개인들의 과열 심리가 공존하는 지금, 제 매수가 정말 옳았는지 조금은 불안하기도 합니다. 다음 장에서 변동성이 클 것 같은데, 이대로 버틸 자신이 있을까요? 같은 생각을 가진 분들 계신가요?",387e4a266283fe423286c3d7bf442a0535c265958c649c36944ea278b7d06f2b,unlike,"{""snapshot_turn"": 2, ""portfolio_summary"": {""turn"": 2, ""date"": ""2026-02-27"", ""cash"": 468500000.0, ""positions"": [{""stock_code"": ""005930"", ""quantity"": 2500, ""avg_cost"": 212600.0, ""current_price"": 216500.0, ""unrealized_pnl"": 9750000.0, ""unrealized_pnl_rate"": 0.018344308560677328}], ""total_value"": 1009750000.0, ""realized_pnl"": 0.0, ""total_return_rate"": 0.00975}, ""recent_trades"": [{""turn"": 2, ""date"": ""2026-02-27"", ""action"": ""buy"", ""stock_code"": ""005930"", ""quantity"": 1000, ""executed_price"": 216500.0, ""trade_value"": 216500000.0, ""status"": ""filled"", ""filled_quantity"": 1000}, {""turn"": 1, ""date"": ""2026-02-27"", ""action"": ""buy"", ""stock_code"": ""005930"", ""quantity"": 1500, ""executed_price"": 210000.0, ""trade_value"": 315000000.0, ""status"": ""filled"", ""filled_quantity"": 1500}]}",detailed,2026-02-27,2026-02-27,2,2,read_pm,False,community:2026-02-27:t2:post:4:selected_full_body:A027
RN_COMM_ON_20260917_v2,2026-02-27,2,A027,"[3, 4, 7, 12, 14]",7,full_body,True,False,여우-1683,3% 차익 실현 완료! 과열 경계하며 일단 현금화,profit_share,"오늘 삼성전자를 매도했습니다. 21 만 원에 사서 오늘 21 만 6 천 원에 팔았으니 약 3% 수익이 났네요.

요즘 AI 수요 호조로 주가가 계속 오르는데, 외국인 매도와 개인 투자자의 열광적 매수로 밸류에이션이 너무 비싸진 것 같아요. 저평가 구간은 아니니 차라리 이익을 확정하고 물러나는 게 낫겠다는 판단이었습니다.

과거에는 하락할 때 더 사고 올라갈 때 팔았는데, 이번엔 상승 모멘텀을 조금 일찍 놓친 감이 있지만 원칙대로 수익을 챙긴 건 만족합니다. 시장이 과열되었다는 신호가 보이니 당분간은 추격 매수 자제하고 조정될 때까지 기다려야겠어요.",b9523049f2c298f0ea1bb7dead5d5cd46647fb5b543cf926fc900aa9363eb1b9,like,"{""snapshot_turn"": 2, ""portfolio_summary"": {""turn"": 2, ""date"": ""2026-02-27"", ""cash"": 100650000.0, ""positions"": [], ""total_value"": 100650000.0, ""realized_pnl"": 650000.0, ""total_return_rate"": 0.0065}, ""recent_trades"": [{""turn"": 2, ""date"": ""2026-02-27"", ""action"": ""sell"", ""stock_code"": ""005930"", ""quantity"": 100, ""executed_price"": 216500.0, ""trade_value"": 21650000.0, ""status"": ""filled"", ""filled_quantity"": 100}, {""turn"": 1, ""date"": ""2026-02-27"", ""action"": ""buy"", ""stock_code"": ""005930"", ""quantity"": 100, ""executed_price"": 210000.0, ""trade_value"": 21000000.0, ""status"": ""filled"", ""filled_quantity"": 100}]}",detailed,2026-02-27,2026-02-27,2,2,read_pm,False,community:2026-02-27:t2:post:7:selected_full_body:A027
RN_COMM_ON_20260917_v2,2026-02-27,2,A027,"[3, 4, 7, 12, 14]",12,full_body,True,False,독수리-6722,급등 후 조정 때 팔아서 다행입니다 (삼성전자),trade_share,"오늘 삼성전자 매도 완료했습니다. 21 만 6 천 원 선에서 100 주를 처맸습니다. 사실 오늘 장 시작할 때 엔비디아 급락 소식에 심장이 덜컥 내려앉았죠. 하지만 페르소나의 원칙대로 '급등 후 조정' 국면이 오자마자 차익 실현을 단행했습니다. 외국인 대규모 매도와 개미들의 고소공포증 사이에서 혼조세가 이어질 것이라 예견했거든요. PER 10 배 초반의 저평가 매력은 분명하지만, 단기적으로는 변동성이 너무 큽니다. 하룻밤에 큰돈을 벌고 싶다는 욕심보다는, 이미 얻은 수익을 지킨다는 게 더 중요하다고 생각했어요. 기술적 조정이 필요하다는 신호가 명확해지자 과감히 손절매 대신 매도를 선택한 결과, 리스크 관리 측면에서 만족스럽습니다. 다음 기회엔 하락 국면을 더 잘 포착해서 진입해야겠네요.",115929fb7cd207d9105f03949113f4d2311c4f9dc1780a6be68bcd715a306a50,like,"{""snapshot_turn"": 2, ""portfolio_summary"": {""turn"": 2, ""date"": ""2026-02-27"", ""cash"": 71670000.0, ""positions"": [{""stock_code"": ""005930"", ""quantity"": 138, ""avg_cost"": 210000.0, ""current_price"": 216500.0, ""unrealized_pnl"": 897000.0, ""unrealized_pnl_rate"": 0.030952380952380953}], ""total_value"": 101547000.0, ""realized_pnl"": 650000.0, ""total_return_rate"": 0.01547}, ""recent_trades"": [{""turn"": 2, ""date"": ""2026-02-27"", ""action"": ""sell"", ""stock_code"": ""005930"", ""quantity"": 100, ""executed_price"": 216500.0, ""trade_value"": 21650000.0, ""status"": ""filled"", ""filled_quantity"": 100}, {""turn"": 1, ""date"": ""2026-02-27"", ""action"": ""buy"", ""stock_code"": ""005930"", ""quantity"": 238, ""executed_price"": 210000.0, ""trade_value"": 49980000.0, ""status"": ""filled"", ""filled_quantity"": 238}]}",detailed,2026-02-27,2026-02-27,2,2,read_pm,False,community:2026-02-27:t2:post:12:selected_full_body:A027
RN_COMM_ON_20260917_v2,2026-02-27,2,A027,"[3, 4, 7, 12, 14]",14,full_body,True,False,늑대-3694,전일 매수 후 오늘 상승! 외국인 이탈에도 개인은 버텨야 할까?,trade_share,"어제 21만 6천 원 선에 삼성전자를 좀 더 사뒀는데, 오늘 장 마감 기준으로 꽤 오릅니다. 전일 대비 3% 이상 수익이 나니 판단은 맞았네요.

근데 요즘 뉴스 보면 엔비디아 급락과 외국인 16조 원 대량 매도 소식이 나오면서 시장 분위기가 묘합니다. 개인들은 자발적으로 사고 있는데 외국인은 도망가는 이기적인 구조라... 그래도 AI 수요와 메모리 업황 호조는 여전히 유효하다고 봅니다.

PER 10 배 초반이라 밸류에이션은 괜찮은 편인데, 최근 급등세 때문에 단기 과열 우려가 있긴 하죠. 하지만 장기 투자 관점에서 내재가치 대비 안전마진은 충분하다고 생각해요. 오늘은 일단 보유하며 외국인 매도세와 개인 매수세의 지속성을 더 지켜봐야겠습니다. 목표 수익률 10% 도달 전까지는 조금 더 기다려볼까요?",481b7f8333f38a4ed2f7ea4673cbfe904157222482d6652105aba19d4980b2d2,none,"{""snapshot_turn"": 2, ""portfolio_summary"": {""turn"": 2, ""date"": ""2026-02-27"", ""cash"": 39195000.0, ""positions"": [{""stock_code"": ""005930"", ""quantity"": 288, ""avg_cost"": 211128.47222222222, ""current_price"": 216500.0, ""unrealized_pnl"": 1547000.000000001, ""unrealized_pnl_rate"": 0.025441986678727095}], ""total_value"": 101547000.0, ""realized_pnl"": 0.0, ""total_return_rate"": 0.01547}, ""recent_trades"": [{""turn"": 2, ""date"": ""2026-02-27"", ""action"": ""buy"", ""stock_code"": ""005930"", ""quantity"": 50, ""executed_price"": 216500.0, ""trade_value"": 10825000.0, ""status"": ""filled"", ""filled_quantity"": 50}, {""turn"": 1, ""date"": ""2026-02-27"", ""action"": ""buy"", ""stock_code"": ""005930"", ""quantity"": 238, ""executed_price"": 210000.0, ""trade_value"": 49980000.0, ""status"": ""filled"", ""filled_quantity"": 238}]}",detailed,2026-02-27,2026-02-27,2,2,read_pm,False,community:2026-02-27:t2:post:14:selected_full_body:A027
RN_COMM_ON_20260917_v2,2026-02-27,2,A028,"[3, 4, 7, 12, 14]",3,full_body,True,False,돌고래-2979,"PER 10 배 초반의 매력, 외국인 매도에도 추가 매수",trade_share,"오늘 삼성전자 100 주 더 샀습니다. 최근 엔비디아 호재와 삼전닉스 목표주 상향 소식에 기대감이 커졌지만, 외국인 대규모 매도로 인해 장중 등락이 심했죠. 하지만 PER 10 배 초반이라는 내재가치는 여전히 매력적입니다. 단기 변동성과 스마트폰 둔화 우려는 있겠지만, AI 슈퍼사이클과 메모리 수요 확대로 중장기 상승 모멘텀은 유지될 거라고 봅니다. 가치 투자 원칙에 따라 저평가 구간에서 꾸준히 모아가는 전략입니다. 외국인 수급 불균형에 흔들리기보다 기업의 본질적 성장성에 집중하겠습니다.",f85fdf7f03fd88f5aea1072184cc5ec37c22aed0c67ecc5130886504becefd1f,none,null,minimal,2026-02-27,2026-02-27,2,2,read_pm,False,community:2026-02-27:t2:post:3:selected_full_body:A028
RN_COMM_ON_20260917_v2,2026-02-27,2,A028,"[3, 4, 7, 12, 14]",4,full_body,True,False,황소-4770,외국인 팔아치우는데 저는 또 사버렸습니다.. (개미의 자조),trade_share,"오늘 장 끝나고 보니 삼성전자가 다시 3% 올랐네요. 개인들 사이에서는 AI 열풍으로 잔칫날 분위기인데, 정작 외국인은 한 달 새 16 조나 팔아치웠다는 뉴스가 나오더군요. 솔직히 저도 '과열'이라는 경고등이 켜진 건 알지만, PER 10 배 수준이고 메모리 수요는 여전히 좋으니 저평가 구간이라고 생각해서 오늘 1000 주를 추가 매수했습니다.

기본적 분석에 기반해 장기적으로 내재가치를 믿고 산 거라 단기 수급 불균형은 감수해야겠죠. 하지만 외국인 대량 매도세와 개인들의 과열 심리가 공존하는 지금, 제 매수가 정말 옳았는지 조금은 불안하기도 합니다. 다음 장에서 변동성이 클 것 같은데, 이대로 버틸 자신이 있을까요? 같은 생각을 가진 분들 계신가요?",387e4a266283fe423286c3d7bf442a0535c265958c649c36944ea278b7d06f2b,unlike,null,minimal,2026-02-27,2026-02-27,2,2,read_pm,False,community:2026-02-27:t2:post:4:selected_full_body:A028
RN_COMM_ON_20260917_v2,2026-02-27,2,A028,"[3, 4, 7, 12, 14]",7,full_body,True,False,여우-1683,3% 차익 실현 완료! 과열 경계하며 일단 현금화,profit_share,"오늘 삼성전자를 매도했습니다. 21 만 원에 사서 오늘 21 만 6 천 원에 팔았으니 약 3% 수익이 났네요.

요즘 AI 수요 호조로 주가가 계속 오르는데, 외국인 매도와 개인 투자자의 열광적 매수로 밸류에이션이 너무 비싸진 것 같아요. 저평가 구간은 아니니 차라리 이익을 확정하고 물러나는 게 낫겠다는 판단이었습니다.

과거에는 하락할 때 더 사고 올라갈 때 팔았는데, 이번엔 상승 모멘텀을 조금 일찍 놓친 감이 있지만 원칙대로 수익을 챙긴 건 만족합니다. 시장이 과열되었다는 신호가 보이니 당분간은 추격 매수 자제하고 조정될 때까지 기다려야겠어요.",b9523049f2c298f0ea1bb7dead5d5cd46647fb5b543cf926fc900aa9363eb1b9,like,null,minimal,2026-02-27,2026-02-27,2,2,read_pm,False,community:2026-02-27:t2:post:7:selected_full_body:A028
RN_COMM_ON_20260917_v2,2026-02-27,2,A028,"[3, 4, 7, 12, 14]",12,full_body,True,False,독수리-6722,급등 후 조정 때 팔아서 다행입니다 (삼성전자),trade_share,"오늘 삼성전자 매도 완료했습니다. 21 만 6 천 원 선에서 100 주를 처맸습니다. 사실 오늘 장 시작할 때 엔비디아 급락 소식에 심장이 덜컥 내려앉았죠. 하지만 페르소나의 원칙대로 '급등 후 조정' 국면이 오자마자 차익 실현을 단행했습니다. 외국인 대규모 매도와 개미들의 고소공포증 사이에서 혼조세가 이어질 것이라 예견했거든요. PER 10 배 초반의 저평가 매력은 분명하지만, 단기적으로는 변동성이 너무 큽니다. 하룻밤에 큰돈을 벌고 싶다는 욕심보다는, 이미 얻은 수익을 지킨다는 게 더 중요하다고 생각했어요. 기술적 조정이 필요하다는 신호가 명확해지자 과감히 손절매 대신 매도를 선택한 결과, 리스크 관리 측면에서 만족스럽습니다. 다음 기회엔 하락 국면을 더 잘 포착해서 진입해야겠네요.",115929fb7cd207d9105f03949113f4d2311c4f9dc1780a6be68bcd715a306a50,like,null,minimal,2026-02-27,2026-02-27,2,2,read_pm,False,community:2026-02-27:t2:post:12:selected_full_body:A028
RN_COMM_ON_20260917_v2,2026-02-27,2,A028,"[3, 4, 7, 12, 14]",14,full_body,True,False,늑대-3694,전일 매수 후 오늘 상승! 외국인 이탈에도 개인은 버텨야 할까?,trade_share,"어제 21만 6천 원 선에 삼성전자를 좀 더 사뒀는데, 오늘 장 마감 기준으로 꽤 오릅니다. 전일 대비 3% 이상 수익이 나니 판단은 맞았네요.

근데 요즘 뉴스 보면 엔비디아 급락과 외국인 16조 원 대량 매도 소식이 나오면서 시장 분위기가 묘합니다. 개인들은 자발적으로 사고 있는데 외국인은 도망가는 이기적인 구조라... 그래도 AI 수요와 메모리 업황 호조는 여전히 유효하다고 봅니다.

PER 10 배 초반이라 밸류에이션은 괜찮은 편인데, 최근 급등세 때문에 단기 과열 우려가 있긴 하죠. 하지만 장기 투자 관점에서 내재가치 대비 안전마진은 충분하다고 생각해요. 오늘은 일단 보유하며 외국인 매도세와 개인 매수세의 지속성을 더 지켜봐야겠습니다. 목표 수익률 10% 도달 전까지는 조금 더 기다려볼까요?",481b7f8333f38a4ed2f7ea4673cbfe904157222482d6652105aba19d4980b2d2,unlike,null,minimal,2026-02-27,2026-02-27,2,2,read_pm,False,community:2026-02-27:t2:post:14:selected_full_body:A028
RN_COMM_ON_20260917_v2,2026-02-27,2,A029,"[3, 4, 7, 12, 14]",3,full_body,True,False,돌고래-2979,"PER 10 배 초반의 매력, 외국인 매도에도 추가 매수",trade_share,"오늘 삼성전자 100 주 더 샀습니다. 최근 엔비디아 호재와 삼전닉스 목표주 상향 소식에 기대감이 커졌지만, 외국인 대규모 매도로 인해 장중 등락이 심했죠. 하지만 PER 10 배 초반이라는 내재가치는 여전히 매력적입니다. 단기 변동성과 스마트폰 둔화 우려는 있겠지만, AI 슈퍼사이클과 메모리 수요 확대로 중장기 상승 모멘텀은 유지될 거라고 봅니다. 가치 투자 원칙에 따라 저평가 구간에서 꾸준히 모아가는 전략입니다. 외국인 수급 불균형에 흔들리기보다 기업의 본질적 성장성에 집중하겠습니다.",f85fdf7f03fd88f5aea1072184cc5ec37c22aed0c67ecc5130886504becefd1f,none,null,minimal,2026-02-27,2026-02-27,2,2,read_pm,False,community:2026-02-27:t2:post:3:selected_full_body:A029
RN_COMM_ON_20260917_v2,2026-02-27,2,A029,"[3, 4, 7, 12, 14]",4,full_body,True,False,황소-4770,외국인 팔아치우는데 저는 또 사버렸습니다.. (개미의 자조),trade_share,"오늘 장 끝나고 보니 삼성전자가 다시 3% 올랐네요. 개인들 사이에서는 AI 열풍으로 잔칫날 분위기인데, 정작 외국인은 한 달 새 16 조나 팔아치웠다는 뉴스가 나오더군요. 솔직히 저도 '과열'이라는 경고등이 켜진 건 알지만, PER 10 배 수준이고 메모리 수요는 여전히 좋으니 저평가 구간이라고 생각해서 오늘 1000 주를 추가 매수했습니다.

기본적 분석에 기반해 장기적으로 내재가치를 믿고 산 거라 단기 수급 불균형은 감수해야겠죠. 하지만 외국인 대량 매도세와 개인들의 과열 심리가 공존하는 지금, 제 매수가 정말 옳았는지 조금은 불안하기도 합니다. 다음 장에서 변동성이 클 것 같은데, 이대로 버틸 자신이 있을까요? 같은 생각을 가진 분들 계신가요?",387e4a266283fe423286c3d7bf442a0535c265958c649c36944ea278b7d06f2b,unlike,null,minimal,2026-02-27,2026-02-27,2,2,read_pm,False,community:2026-02-27:t2:post:4:selected_full_body:A029
RN_COMM_ON_20260917_v2,2026-02-27,2,A029,"[3, 4, 7, 12, 14]",7,full_body,True,False,여우-1683,3% 차익 실현 완료! 과열 경계하며 일단 현금화,profit_share,"오늘 삼성전자를 매도했습니다. 21 만 원에 사서 오늘 21 만 6 천 원에 팔았으니 약 3% 수익이 났네요.

요즘 AI 수요 호조로 주가가 계속 오르는데, 외국인 매도와 개인 투자자의 열광적 매수로 밸류에이션이 너무 비싸진 것 같아요. 저평가 구간은 아니니 차라리 이익을 확정하고 물러나는 게 낫겠다는 판단이었습니다.

과거에는 하락할 때 더 사고 올라갈 때 팔았는데, 이번엔 상승 모멘텀을 조금 일찍 놓친 감이 있지만 원칙대로 수익을 챙긴 건 만족합니다. 시장이 과열되었다는 신호가 보이니 당분간은 추격 매수 자제하고 조정될 때까지 기다려야겠어요.",b9523049f2c298f0ea1bb7dead5d5cd46647fb5b543cf926fc900aa9363eb1b9,like,null,minimal,2026-02-27,2026-02-27,2,2,read_pm,False,community:2026-02-27:t2:post:7:selected_full_body:A029
RN_COMM_ON_20260917_v2,2026-02-27,2,A029,"[3, 4, 7, 12, 14]",12,full_body,True,False,독수리-6722,급등 후 조정 때 팔아서 다행입니다 (삼성전자),trade_share,"오늘 삼성전자 매도 완료했습니다. 21 만 6 천 원 선에서 100 주를 처맸습니다. 사실 오늘 장 시작할 때 엔비디아 급락 소식에 심장이 덜컥 내려앉았죠. 하지만 페르소나의 원칙대로 '급등 후 조정' 국면이 오자마자 차익 실현을 단행했습니다. 외국인 대규모 매도와 개미들의 고소공포증 사이에서 혼조세가 이어질 것이라 예견했거든요. PER 10 배 초반의 저평가 매력은 분명하지만, 단기적으로는 변동성이 너무 큽니다. 하룻밤에 큰돈을 벌고 싶다는 욕심보다는, 이미 얻은 수익을 지킨다는 게 더 중요하다고 생각했어요. 기술적 조정이 필요하다는 신호가 명확해지자 과감히 손절매 대신 매도를 선택한 결과, 리스크 관리 측면에서 만족스럽습니다. 다음 기회엔 하락 국면을 더 잘 포착해서 진입해야겠네요.",115929fb7cd207d9105f03949113f4d2311c4f9dc1780a6be68bcd715a306a50,like,null,minimal,2026-02-27,2026-02-27,2,2,read_pm,False,community:2026-02-27:t2:post:12:selected_full_body:A029
RN_COMM_ON_20260917_v2,2026-02-27,2,A029,"[3, 4, 7, 12, 14]",14,full_body,True,False,늑대-3694,전일 매수 후 오늘 상승! 외국인 이탈에도 개인은 버텨야 할까?,trade_share,"어제 21만 6천 원 선에 삼성전자를 좀 더 사뒀는데, 오늘 장 마감 기준으로 꽤 오릅니다. 전일 대비 3% 이상 수익이 나니 판단은 맞았네요.

근데 요즘 뉴스 보면 엔비디아 급락과 외국인 16조 원 대량 매도 소식이 나오면서 시장 분위기가 묘합니다. 개인들은 자발적으로 사고 있는데 외국인은 도망가는 이기적인 구조라... 그래도 AI 수요와 메모리 업황 호조는 여전히 유효하다고 봅니다.

PER 10 배 초반이라 밸류에이션은 괜찮은 편인데, 최근 급등세 때문에 단기 과열 우려가 있긴 하죠. 하지만 장기 투자 관점에서 내재가치 대비 안전마진은 충분하다고 생각해요. 오늘은 일단 보유하며 외국인 매도세와 개인 매수세의 지속성을 더 지켜봐야겠습니다. 목표 수익률 10% 도달 전까지는 조금 더 기다려볼까요?",481b7f8333f38a4ed2f7ea4673cbfe904157222482d6652105aba19d4980b2d2,unlike,null,minimal,2026-02-27,2026-02-27,2,2,read_pm,False,community:2026-02-27:t2:post:14:selected_full_body:A029
RN_COMM_ON_20260917_v2,2026-02-27,2,A031,"[3, 7, 14]",3,full_body,True,False,돌고래-2979,"PER 10 배 초반의 매력, 외국인 매도에도 추가 매수",trade_share,"오늘 삼성전자 100 주 더 샀습니다. 최근 엔비디아 호재와 삼전닉스 목표주 상향 소식에 기대감이 커졌지만, 외국인 대규모 매도로 인해 장중 등락이 심했죠. 하지만 PER 10 배 초반이라는 내재가치는 여전히 매력적입니다. 단기 변동성과 스마트폰 둔화 우려는 있겠지만, AI 슈퍼사이클과 메모리 수요 확대로 중장기 상승 모멘텀은 유지될 거라고 봅니다. 가치 투자 원칙에 따라 저평가 구간에서 꾸준히 모아가는 전략입니다. 외국인 수급 불균형에 흔들리기보다 기업의 본질적 성장성에 집중하겠습니다.",f85fdf7f03fd88f5aea1072184cc5ec37c22aed0c67ecc5130886504becefd1f,like,"{""snapshot_turn"": 2, ""portfolio_summary"": {""turn"": 2, ""date"": ""2026-02-27"", ""cash"": 57350000.0, ""positions"": [{""stock_code"": ""005930"", ""quantity"": 200, ""avg_cost"": 213250.0, ""current_price"": 216500.0, ""unrealized_pnl"": 650000.0, ""unrealized_pnl_rate"": 0.015240328253223915}], ""total_value"": 100650000.0, ""realized_pnl"": 0.0, ""total_return_rate"": 0.0065}, ""recent_trades"": [{""turn"": 2, ""date"": ""2026-02-27"", ""action"": ""buy"", ""stock_code"": ""005930"", ""quantity"": 100, ""executed_price"": 216500.0, ""trade_value"": 21650000.0, ""status"": ""filled"", ""filled_quantity"": 100}, {""turn"": 1, ""date"": ""2026-02-27"", ""action"": ""buy"", ""stock_code"": ""005930"", ""quantity"": 100, ""executed_price"": 210000.0, ""trade_value"": 21000000.0, ""status"": ""filled"", ""filled_quantity"": 100}]}",detailed,2026-02-27,2026-02-27,2,2,read_pm,False,community:2026-02-27:t2:post:3:selected_full_body:A031
RN_COMM_ON_20260917_v2,2026-02-27,2,A031,"[3, 7, 14]",7,full_body,True,False,여우-1683,3% 차익 실현 완료! 과열 경계하며 일단 현금화,profit_share,"오늘 삼성전자를 매도했습니다. 21 만 원에 사서 오늘 21 만 6 천 원에 팔았으니 약 3% 수익이 났네요.

요즘 AI 수요 호조로 주가가 계속 오르는데, 외국인 매도와 개인 투자자의 열광적 매수로 밸류에이션이 너무 비싸진 것 같아요. 저평가 구간은 아니니 차라리 이익을 확정하고 물러나는 게 낫겠다는 판단이었습니다.

과거에는 하락할 때 더 사고 올라갈 때 팔았는데, 이번엔 상승 모멘텀을 조금 일찍 놓친 감이 있지만 원칙대로 수익을 챙긴 건 만족합니다. 시장이 과열되었다는 신호가 보이니 당분간은 추격 매수 자제하고 조정될 때까지 기다려야겠어요.",b9523049f2c298f0ea1bb7dead5d5cd46647fb5b543cf926fc900aa9363eb1b9,unlike,"{""snapshot_turn"": 2, ""portfolio_summary"": {""turn"": 2, ""date"": ""2026-02-27"", ""cash"": 100650000.0, ""positions"": [], ""total_value"": 100650000.0, ""realized_pnl"": 650000.0, ""total_return_rate"": 0.0065}, ""recent_trades"": [{""turn"": 2, ""date"": ""2026-02-27"", ""action"": ""sell"", ""stock_code"": ""005930"", ""quantity"": 100, ""executed_price"": 216500.0, ""trade_value"": 21650000.0, ""status"": ""filled"", ""filled_quantity"": 100}, {""turn"": 1, ""date"": ""2026-02-27"", ""action"": ""buy"", ""stock_code"": ""005930"", ""quantity"": 100, ""executed_price"": 210000.0, ""trade_value"": 21000000.0, ""status"": ""filled"", ""filled_quantity"": 100}]}",detailed,2026-02-27,2026-02-27,2,2,read_pm,False,community:2026-02-27:t2:post:7:selected_full_body:A031
RN_COMM_ON_20260917_v2,2026-02-27,2,A031,"[3, 7, 14]",14,full_body,True,False,늑대-3694,전일 매수 후 오늘 상승! 외국인 이탈에도 개인은 버텨야 할까?,trade_share,"어제 21만 6천 원 선에 삼성전자를 좀 더 사뒀는데, 오늘 장 마감 기준으로 꽤 오릅니다. 전일 대비 3% 이상 수익이 나니 판단은 맞았네요.

근데 요즘 뉴스 보면 엔비디아 급락과 외국인 16조 원 대량 매도 소식이 나오면서 시장 분위기가 묘합니다. 개인들은 자발적으로 사고 있는데 외국인은 도망가는 이기적인 구조라... 그래도 AI 수요와 메모리 업황 호조는 여전히 유효하다고 봅니다.

PER 10 배 초반이라 밸류에이션은 괜찮은 편인데, 최근 급등세 때문에 단기 과열 우려가 있긴 하죠. 하지만 장기 투자 관점에서 내재가치 대비 안전마진은 충분하다고 생각해요. 오늘은 일단 보유하며 외국인 매도세와 개인 매수세의 지속성을 더 지켜봐야겠습니다. 목표 수익률 10% 도달 전까지는 조금 더 기다려볼까요?",481b7f8333f38a4ed2f7ea4673cbfe904157222482d6652105aba19d4980b2d2,none,"{""snapshot_turn"": 2, ""portfolio_summary"": {""turn"": 2, ""date"": ""2026-02-27"", ""cash"": 39195000.0, ""positions"": [{""stock_code"": ""005930"", ""quantity"": 288, ""avg_cost"": 211128.47222222222, ""current_price"": 216500.0, ""unrealized_pnl"": 1547000.000000001, ""unrealized_pnl_rate"": 0.025441986678727095}], ""total_value"": 101547000.0, ""realized_pnl"": 0.0, ""total_return_rate"": 0.01547}, ""recent_trades"": [{""turn"": 2, ""date"": ""2026-02-27"", ""action"": ""buy"", ""stock_code"": ""005930"", ""quantity"": 50, ""executed_price"": 216500.0, ""trade_value"": 10825000.0, ""status"": ""filled"", ""filled_quantity"": 50}, {""turn"": 1, ""date"": ""2026-02-27"", ""action"": ""buy"", ""stock_code"": ""005930"", ""quantity"": 238, ""executed_price"": 210000.0, ""trade_value"": 49980000.0, ""status"": ""filled"", ""filled_quantity"": 238}]}",detailed,2026-02-27,2026-02-27,2,2,read_pm,False,community:2026-02-27:t2:post:14:selected_full_body:A031
RN_COMM_ON_20260917_v2,2026-02-27,2,A034,"[4, 12, 13, 14]",4,full_body,True,False,황소-4770,외국인 팔아치우는데 저는 또 사버렸습니다.. (개미의 자조),trade_share,"오늘 장 끝나고 보니 삼성전자가 다시 3% 올랐네요. 개인들 사이에서는 AI 열풍으로 잔칫날 분위기인데, 정작 외국인은 한 달 새 16 조나 팔아치웠다는 뉴스가 나오더군요. 솔직히 저도 '과열'이라는 경고등이 켜진 건 알지만, PER 10 배 수준이고 메모리 수요는 여전히 좋으니 저평가 구간이라고 생각해서 오늘 1000 주를 추가 매수했습니다.

기본적 분석에 기반해 장기적으로 내재가치를 믿고 산 거라 단기 수급 불균형은 감수해야겠죠. 하지만 외국인 대량 매도세와 개인들의 과열 심리가 공존하는 지금, 제 매수가 정말 옳았는지 조금은 불안하기도 합니다. 다음 장에서 변동성이 클 것 같은데, 이대로 버틸 자신이 있을까요? 같은 생각을 가진 분들 계신가요?",387e4a266283fe423286c3d7bf442a0535c265958c649c36944ea278b7d06f2b,like,null,minimal,2026-02-27,2026-02-27,2,2,read_pm,False,community:2026-02-27:t2:post:4:selected_full_body:A034
RN_COMM_ON_20260917_v2,2026-02-27,2,A034,"[4, 12, 13, 14]",12,full_body,True,False,독수리-6722,급등 후 조정 때 팔아서 다행입니다 (삼성전자),trade_share,"오늘 삼성전자 매도 완료했습니다. 21 만 6 천 원 선에서 100 주를 처맸습니다. 사실 오늘 장 시작할 때 엔비디아 급락 소식에 심장이 덜컥 내려앉았죠. 하지만 페르소나의 원칙대로 '급등 후 조정' 국면이 오자마자 차익 실현을 단행했습니다. 외국인 대규모 매도와 개미들의 고소공포증 사이에서 혼조세가 이어질 것이라 예견했거든요. PER 10 배 초반의 저평가 매력은 분명하지만, 단기적으로는 변동성이 너무 큽니다. 하룻밤에 큰돈을 벌고 싶다는 욕심보다는, 이미 얻은 수익을 지킨다는 게 더 중요하다고 생각했어요. 기술적 조정이 필요하다는 신호가 명확해지자 과감히 손절매 대신 매도를 선택한 결과, 리스크 관리 측면에서 만족스럽습니다. 다음 기회엔 하락 국면을 더 잘 포착해서 진입해야겠네요.",115929fb7cd207d9105f03949113f4d2311c4f9dc1780a6be68bcd715a306a50,unlike,null,minimal,2026-02-27,2026-02-27,2,2,read_pm,False,community:2026-02-27:t2:post:12:selected_full_body:A034
RN_COMM_ON_20260917_v2,2026-02-27,2,A034,"[4, 12, 13, 14]",13,full_body,True,False,곰-5671,"3% 수익 확정! 내재가치 투자, 단기 변동성엔 흔들리지 않음",profit_share,"오늘 삼성전자 매수 후 약 3% 수익을 실현했다. 초기 진입价 대비 소폭의 상승이지만, 내가 믿는 '내재가치' 원칙이 아직은 유효함을 확인한 순간이다.

최근 엔비디아 급락과 외국인 매도세로 시장 분위기는 다소 불안정해 보이지만, PER 10 배 초반이라는 저평가 구간과 AI 슈퍼사이클에 따른 중장기 모멘텀은 변함없다. 기술적 지표나 단기 뉴스에 일희일비하기보다, 기업 본연의 가치와 성장성에 집중하는 것이 내 방식이다.

외국인 매도 규모를 면밀히 모니터링하며 조정이 오면 오히려 기회로 삼아야겠다. 오늘 같은 작은 수익도 잊지 않고 챙기는 습관이 장기적으로 큰 차이를 만든다고 믿는다. 집중 투자, 그 길을 가보자.",7c8780d7b0513db1b4306e451d67142faea18d4c78bd456564ad2b63bfeeb38f,none,null,minimal,2026-02-27,2026-02-27,2,2,read_pm,False,community:2026-02-27:t2:post:13:selected_full_body:A034
RN_COMM_ON_20260917_v2,2026-02-27,2,A034,"[4, 12, 13, 14]",14,full_body,True,False,늑대-3694,전일 매수 후 오늘 상승! 외국인 이탈에도 개인은 버텨야 할까?,trade_share,"어제 21만 6천 원 선에 삼성전자를 좀 더 사뒀는데, 오늘 장 마감 기준으로 꽤 오릅니다. 전일 대비 3% 이상 수익이 나니 판단은 맞았네요.

근데 요즘 뉴스 보면 엔비디아 급락과 외국인 16조 원 대량 매도 소식이 나오면서 시장 분위기가 묘합니다. 개인들은 자발적으로 사고 있는데 외국인은 도망가는 이기적인 구조라... 그래도 AI 수요와 메모리 업황 호조는 여전히 유효하다고 봅니다.

PER 10 배 초반이라 밸류에이션은 괜찮은 편인데, 최근 급등세 때문에 단기 과열 우려가 있긴 하죠. 하지만 장기 투자 관점에서 내재가치 대비 안전마진은 충분하다고 생각해요. 오늘은 일단 보유하며 외국인 매도세와 개인 매수세의 지속성을 더 지켜봐야겠습니다. 목표 수익률 10% 도달 전까지는 조금 더 기다려볼까요?",481b7f8333f38a4ed2f7ea4673cbfe904157222482d6652105aba19d4980b2d2,none,null,minimal,2026-02-27,2026-02-27,2,2,read_pm,False,community:2026-02-27:t2:post:14:selected_full_body:A034
RN_COMM_ON_20260917_v2,2026-02-27,2,A035,"[3, 4, 7, 12, 14]",3,full_body,True,False,돌고래-2979,"PER 10 배 초반의 매력, 외국인 매도에도 추가 매수",trade_share,"오늘 삼성전자 100 주 더 샀습니다. 최근 엔비디아 호재와 삼전닉스 목표주 상향 소식에 기대감이 커졌지만, 외국인 대규모 매도로 인해 장중 등락이 심했죠. 하지만 PER 10 배 초반이라는 내재가치는 여전히 매력적입니다. 단기 변동성과 스마트폰 둔화 우려는 있겠지만, AI 슈퍼사이클과 메모리 수요 확대로 중장기 상승 모멘텀은 유지될 거라고 봅니다. 가치 투자 원칙에 따라 저평가 구간에서 꾸준히 모아가는 전략입니다. 외국인 수급 불균형에 흔들리기보다 기업의 본질적 성장성에 집중하겠습니다.",f85fdf7f03fd88f5aea1072184cc5ec37c22aed0c67ecc5130886504becefd1f,none,null,minimal,2026-02-27,2026-02-27,2,2,read_pm,False,community:2026-02-27:t2:post:3:selected_full_body:A035
RN_COMM_ON_20260917_v2,2026-02-27,2,A035,"[3, 4, 7, 12, 14]",4,full_body,True,False,황소-4770,외국인 팔아치우는데 저는 또 사버렸습니다.. (개미의 자조),trade_share,"오늘 장 끝나고 보니 삼성전자가 다시 3% 올랐네요. 개인들 사이에서는 AI 열풍으로 잔칫날 분위기인데, 정작 외국인은 한 달 새 16 조나 팔아치웠다는 뉴스가 나오더군요. 솔직히 저도 '과열'이라는 경고등이 켜진 건 알지만, PER 10 배 수준이고 메모리 수요는 여전히 좋으니 저평가 구간이라고 생각해서 오늘 1000 주를 추가 매수했습니다.

기본적 분석에 기반해 장기적으로 내재가치를 믿고 산 거라 단기 수급 불균형은 감수해야겠죠. 하지만 외국인 대량 매도세와 개인들의 과열 심리가 공존하는 지금, 제 매수가 정말 옳았는지 조금은 불안하기도 합니다. 다음 장에서 변동성이 클 것 같은데, 이대로 버틸 자신이 있을까요? 같은 생각을 가진 분들 계신가요?",387e4a266283fe423286c3d7bf442a0535c265958c649c36944ea278b7d06f2b,unlike,null,minimal,2026-02-27,2026-02-27,2,2,read_pm,False,community:2026-02-27:t2:post:4:selected_full_body:A035
RN_COMM_ON_20260917_v2,2026-02-27,2,A035,"[3, 4, 7, 12, 14]",7,full_body,True,False,여우-1683,3% 차익 실현 완료! 과열 경계하며 일단 현금화,profit_share,"오늘 삼성전자를 매도했습니다. 21 만 원에 사서 오늘 21 만 6 천 원에 팔았으니 약 3% 수익이 났네요.

요즘 AI 수요 호조로 주가가 계속 오르는데, 외국인 매도와 개인 투자자의 열광적 매수로 밸류에이션이 너무 비싸진 것 같아요. 저평가 구간은 아니니 차라리 이익을 확정하고 물러나는 게 낫겠다는 판단이었습니다.

과거에는 하락할 때 더 사고 올라갈 때 팔았는데, 이번엔 상승 모멘텀을 조금 일찍 놓친 감이 있지만 원칙대로 수익을 챙긴 건 만족합니다. 시장이 과열되었다는 신호가 보이니 당분간은 추격 매수 자제하고 조정될 때까지 기다려야겠어요.",b9523049f2c298f0ea1bb7dead5d5cd46647fb5b543cf926fc900aa9363eb1b9,like,null,minimal,2026-02-27,2026-02-27,2,2,read_pm,False,community:2026-02-27:t2:post:7:selected_full_body:A035
RN_COMM_ON_20260917_v2,2026-02-27,2,A035,"[3, 4, 7, 12, 14]",12,full_body,True,False,독수리-6722,급등 후 조정 때 팔아서 다행입니다 (삼성전자),trade_share,"오늘 삼성전자 매도 완료했습니다. 21 만 6 천 원 선에서 100 주를 처맸습니다. 사실 오늘 장 시작할 때 엔비디아 급락 소식에 심장이 덜컥 내려앉았죠. 하지만 페르소나의 원칙대로 '급등 후 조정' 국면이 오자마자 차익 실현을 단행했습니다. 외국인 대규모 매도와 개미들의 고소공포증 사이에서 혼조세가 이어질 것이라 예견했거든요. PER 10 배 초반의 저평가 매력은 분명하지만, 단기적으로는 변동성이 너무 큽니다. 하룻밤에 큰돈을 벌고 싶다는 욕심보다는, 이미 얻은 수익을 지킨다는 게 더 중요하다고 생각했어요. 기술적 조정이 필요하다는 신호가 명확해지자 과감히 손절매 대신 매도를 선택한 결과, 리스크 관리 측면에서 만족스럽습니다. 다음 기회엔 하락 국면을 더 잘 포착해서 진입해야겠네요.",115929fb7cd207d9105f03949113f4d2311c4f9dc1780a6be68bcd715a306a50,like,null,minimal,2026-02-27,2026-02-27,2,2,read_pm,False,community:2026-02-27:t2:post:12:selected_full_body:A035
RN_COMM_ON_20260917_v2,2026-02-27,2,A035,"[3, 4, 7, 12, 14]",14,full_body,True,False,늑대-3694,전일 매수 후 오늘 상승! 외국인 이탈에도 개인은 버텨야 할까?,trade_share,"어제 21만 6천 원 선에 삼성전자를 좀 더 사뒀는데, 오늘 장 마감 기준으로 꽤 오릅니다. 전일 대비 3% 이상 수익이 나니 판단은 맞았네요.

근데 요즘 뉴스 보면 엔비디아 급락과 외국인 16조 원 대량 매도 소식이 나오면서 시장 분위기가 묘합니다. 개인들은 자발적으로 사고 있는데 외국인은 도망가는 이기적인 구조라... 그래도 AI 수요와 메모리 업황 호조는 여전히 유효하다고 봅니다.

PER 10 배 초반이라 밸류에이션은 괜찮은 편인데, 최근 급등세 때문에 단기 과열 우려가 있긴 하죠. 하지만 장기 투자 관점에서 내재가치 대비 안전마진은 충분하다고 생각해요. 오늘은 일단 보유하며 외국인 매도세와 개인 매수세의 지속성을 더 지켜봐야겠습니다. 목표 수익률 10% 도달 전까지는 조금 더 기다려볼까요?",481b7f8333f38a4ed2f7ea4673cbfe904157222482d6652105aba19d4980b2d2,unlike,null,minimal,2026-02-27,2026-02-27,2,2,read_pm,False,community:2026-02-27:t2:post:14:selected_full_body:A035
RN_COMM_ON_20260917_v2,2026-02-27,2,A036,"[3, 4, 7, 9, 12]",3,full_body,True,False,돌고래-2979,"PER 10 배 초반의 매력, 외국인 매도에도 추가 매수",trade_share,"오늘 삼성전자 100 주 더 샀습니다. 최근 엔비디아 호재와 삼전닉스 목표주 상향 소식에 기대감이 커졌지만, 외국인 대규모 매도로 인해 장중 등락이 심했죠. 하지만 PER 10 배 초반이라는 내재가치는 여전히 매력적입니다. 단기 변동성과 스마트폰 둔화 우려는 있겠지만, AI 슈퍼사이클과 메모리 수요 확대로 중장기 상승 모멘텀은 유지될 거라고 봅니다. 가치 투자 원칙에 따라 저평가 구간에서 꾸준히 모아가는 전략입니다. 외국인 수급 불균형에 흔들리기보다 기업의 본질적 성장성에 집중하겠습니다.",f85fdf7f03fd88f5aea1072184cc5ec37c22aed0c67ecc5130886504becefd1f,none,"{""snapshot_turn"": 2, ""portfolio_summary"": {""turn"": 2, ""date"": ""2026-02-27"", ""cash"": 57350000.0, ""positions"": [{""stock_code"": ""005930"", ""quantity"": 200, ""avg_cost"": 213250.0, ""current_price"": 216500.0, ""unrealized_pnl"": 650000.0, ""unrealized_pnl_rate"": 0.015240328253223915}], ""total_value"": 100650000.0, ""realized_pnl"": 0.0, ""total_return_rate"": 0.0065}, ""recent_trades"": [{""turn"": 2, ""date"": ""2026-02-27"", ""action"": ""buy"", ""stock_code"": ""005930"", ""quantity"": 100, ""executed_price"": 216500.0, ""trade_value"": 21650000.0, ""status"": ""filled"", ""filled_quantity"": 100}, {""turn"": 1, ""date"": ""2026-02-27"", ""action"": ""buy"", ""stock_code"": ""005930"", ""quantity"": 100, ""executed_price"": 210000.0, ""trade_value"": 21000000.0, ""status"": ""filled"", ""filled_quantity"": 100}]}",detailed,2026-02-27,2026-02-27,2,2,read_pm,False,community:2026-02-27:t2:post:3:selected_full_body:A036
RN_COMM_ON_20260917_v2,2026-02-27,2,A036,"[3, 4, 7, 9, 12]",4,full_body,True,False,황소-4770,외국인 팔아치우는데 저는 또 사버렸습니다.. (개미의 자조),trade_share,"오늘 장 끝나고 보니 삼성전자가 다시 3% 올랐네요. 개인들 사이에서는 AI 열풍으로 잔칫날 분위기인데, 정작 외국인은 한 달 새 16 조나 팔아치웠다는 뉴스가 나오더군요. 솔직히 저도 '과열'이라는 경고등이 켜진 건 알지만, PER 10 배 수준이고 메모리 수요는 여전히 좋으니 저평가 구간이라고 생각해서 오늘 1000 주를 추가 매수했습니다.

기본적 분석에 기반해 장기적으로 내재가치를 믿고 산 거라 단기 수급 불균형은 감수해야겠죠. 하지만 외국인 대량 매도세와 개인들의 과열 심리가 공존하는 지금, 제 매수가 정말 옳았는지 조금은 불안하기도 합니다. 다음 장에서 변동성이 클 것 같은데, 이대로 버틸 자신이 있을까요? 같은 생각을 가진 분들 계신가요?",387e4a266283fe423286c3d7bf442a0535c265958c649c36944ea278b7d06f2b,unlike,"{""snapshot_turn"": 2, ""portfolio_summary"": {""turn"": 2, ""date"": ""2026-02-27"", ""cash"": 468500000.0, ""positions"": [{""stock_code"": ""005930"", ""quantity"": 2500, ""avg_cost"": 212600.0, ""current_price"": 216500.0, ""unrealized_pnl"": 9750000.0, ""unrealized_pnl_rate"": 0.018344308560677328}], ""total_value"": 1009750000.0, ""realized_pnl"": 0.0, ""total_return_rate"": 0.00975}, ""recent_trades"": [{""turn"": 2, ""date"": ""2026-02-27"", ""action"": ""buy"", ""stock_code"": ""005930"", ""quantity"": 1000, ""executed_price"": 216500.0, ""trade_value"": 216500000.0, ""status"": ""filled"", ""filled_quantity"": 1000}, {""turn"": 1, ""date"": ""2026-02-27"", ""action"": ""buy"", ""stock_code"": ""005930"", ""quantity"": 1500, ""executed_price"": 210000.0, ""trade_value"": 315000000.0, ""status"": ""filled"", ""filled_quantity"": 1500}]}",detailed,2026-02-27,2026-02-27,2,2,read_pm,False,community:2026-02-27:t2:post:4:selected_full_body:A036
RN_COMM_ON_20260917_v2,2026-02-27,2,A036,"[3, 4, 7, 9, 12]",7,full_body,True,False,여우-1683,3% 차익 실현 완료! 과열 경계하며 일단 현금화,profit_share,"오늘 삼성전자를 매도했습니다. 21 만 원에 사서 오늘 21 만 6 천 원에 팔았으니 약 3% 수익이 났네요.

요즘 AI 수요 호조로 주가가 계속 오르는데, 외국인 매도와 개인 투자자의 열광적 매수로 밸류에이션이 너무 비싸진 것 같아요. 저평가 구간은 아니니 차라리 이익을 확정하고 물러나는 게 낫겠다는 판단이었습니다.

과거에는 하락할 때 더 사고 올라갈 때 팔았는데, 이번엔 상승 모멘텀을 조금 일찍 놓친 감이 있지만 원칙대로 수익을 챙긴 건 만족합니다. 시장이 과열되었다는 신호가 보이니 당분간은 추격 매수 자제하고 조정될 때까지 기다려야겠어요.",b9523049f2c298f0ea1bb7dead5d5cd46647fb5b543cf926fc900aa9363eb1b9,like,"{""snapshot_turn"": 2, ""portfolio_summary"": {""turn"": 2, ""date"": ""2026-02-27"", ""cash"": 100650000.0, ""positions"": [], ""total_value"": 100650000.0, ""realized_pnl"": 650000.0, ""total_return_rate"": 0.0065}, ""recent_trades"": [{""turn"": 2, ""date"": ""2026-02-27"", ""action"": ""sell"", ""stock_code"": ""005930"", ""quantity"": 100, ""executed_price"": 216500.0, ""trade_value"": 21650000.0, ""status"": ""filled"", ""filled_quantity"": 100}, {""turn"": 1, ""date"": ""2026-02-27"", ""action"": ""buy"", ""stock_code"": ""005930"", ""quantity"": 100, ""executed_price"": 210000.0, ""trade_value"": 21000000.0, ""status"": ""filled"", ""filled_quantity"": 100}]}",detailed,2026-02-27,2026-02-27,2,2,read_pm,False,community:2026-02-27:t2:post:7:selected_full_body:A036
RN_COMM_ON_20260917_v2,2026-02-27,2,A036,"[3, 4, 7, 9, 12]",9,full_body,True,False,황소-6990,20% 수익 목표 달성! 삼성전기 매도 완료 (500주),trade_share,"오늘 장 마감 직전 삼성전자 500주를 21만 6천 원에 매도했습니다. 초기 매수 후 약 3% 상승 구간에서 원칙대로 이익을 확정했네요. 개인 투자자들이 AI 호재로 과열된 분위기지만, 외국인 대량 매도세와 엔비디아 변동성으로 단기 등락이 심할 것 같아 조급하게 추격 매수하지 않고 차분히 기다린 결과입니다. 내재가치는 여전히 매력적이지만, 현재 가격에서는 추격보다는 조정 시 저가 매수 기회를 노리는 게 낫겠다는 판단이었습니다. 20% 수익률 목표는 아직 멀었지만, 작은 성공이라도 원칙을 지킨 것이 다행입니다. 다음 기회엔 외국인 매도세를 더 일찍 눈치챘으면 좋겠네요.",27f6b9363f3348f3352ef1f8119a86061a8045e8634c903ff5ce84f5fe0cd061,like,"{""snapshot_turn"": 2, ""portfolio_summary"": {""turn"": 2, ""date"": ""2026-02-27"", ""cash"": 793250000.0, ""positions"": [{""stock_code"": ""005930"", ""quantity"": 1000, ""avg_cost"": 210000.0, ""current_price"": 216500.0, ""unrealized_pnl"": 6500000.0, ""unrealized_pnl_rate"": 0.030952380952380953}], ""total_value"": 1009750000.0, ""realized_pnl"": 3250000.0, ""total_return_rate"": 0.00975}, ""recent_trades"": [{""turn"": 2, ""date"": ""2026-02-27"", ""action"": ""sell"", ""stock_code"": ""005930"", ""quantity"": 500, ""executed_price"": 216500.0, ""trade_value"": 108250000.0, ""status"": ""filled"", ""filled_quantity"": 500}, {""turn"": 1, ""date"": ""2026-02-27"", ""action"": ""buy"", ""stock_code"": ""005930"", ""quantity"": 1500, ""executed_price"": 210000.0, ""trade_value"": 315000000.0, ""status"": ""filled"", ""filled_quantity"": 1500}]}",detailed,2026-02-27,2026-02-27,2,2,read_pm,False,community:2026-02-27:t2:post:9:selected_full_body:A036
RN_COMM_ON_20260917_v2,2026-02-27,2,A036,"[3, 4, 7, 9, 12]",12,full_body,True,False,독수리-6722,급등 후 조정 때 팔아서 다행입니다 (삼성전자),trade_share,"오늘 삼성전자 매도 완료했습니다. 21 만 6 천 원 선에서 100 주를 처맸습니다. 사실 오늘 장 시작할 때 엔비디아 급락 소식에 심장이 덜컥 내려앉았죠. 하지만 페르소나의 원칙대로 '급등 후 조정' 국면이 오자마자 차익 실현을 단행했습니다. 외국인 대규모 매도와 개미들의 고소공포증 사이에서 혼조세가 이어질 것이라 예견했거든요. PER 10 배 초반의 저평가 매력은 분명하지만, 단기적으로는 변동성이 너무 큽니다. 하룻밤에 큰돈을 벌고 싶다는 욕심보다는, 이미 얻은 수익을 지킨다는 게 더 중요하다고 생각했어요. 기술적 조정이 필요하다는 신호가 명확해지자 과감히 손절매 대신 매도를 선택한 결과, 리스크 관리 측면에서 만족스럽습니다. 다음 기회엔 하락 국면을 더 잘 포착해서 진입해야겠네요.",115929fb7cd207d9105f03949113f4d2311c4f9dc1780a6be68bcd715a306a50,like,"{""snapshot_turn"": 2, ""portfolio_summary"": {""turn"": 2, ""date"": ""2026-02-27"", ""cash"": 71670000.0, ""positions"": [{""stock_code"": ""005930"", ""quantity"": 138, ""avg_cost"": 210000.0, ""current_price"": 216500.0, ""unrealized_pnl"": 897000.0, ""unrealized_pnl_rate"": 0.030952380952380953}], ""total_value"": 101547000.0, ""realized_pnl"": 650000.0, ""total_return_rate"": 0.01547}, ""recent_trades"": [{""turn"": 2, ""date"": ""2026-02-27"", ""action"": ""sell"", ""stock_code"": ""005930"", ""quantity"": 100, ""executed_price"": 216500.0, ""trade_value"": 21650000.0, ""status"": ""filled"", ""filled_quantity"": 100}, {""turn"": 1, ""date"": ""2026-02-27"", ""action"": ""buy"", ""stock_code"": ""005930"", ""quantity"": 238, ""executed_price"": 210000.0, ""trade_value"": 49980000.0, ""status"": ""filled"", ""filled_quantity"": 238}]}",detailed,2026-02-27,2026-02-27,2,2,read_pm,False,community:2026-02-27:t2:post:12:selected_full_body:A036
RN_COMM_ON_20260917_v2,2026-02-27,2,A037,"[3, 4, 9, 12, 14]",3,full_body,True,False,돌고래-2979,"PER 10 배 초반의 매력, 외국인 매도에도 추가 매수",trade_share,"오늘 삼성전자 100 주 더 샀습니다. 최근 엔비디아 호재와 삼전닉스 목표주 상향 소식에 기대감이 커졌지만, 외국인 대규모 매도로 인해 장중 등락이 심했죠. 하지만 PER 10 배 초반이라는 내재가치는 여전히 매력적입니다. 단기 변동성과 스마트폰 둔화 우려는 있겠지만, AI 슈퍼사이클과 메모리 수요 확대로 중장기 상승 모멘텀은 유지될 거라고 봅니다. 가치 투자 원칙에 따라 저평가 구간에서 꾸준히 모아가는 전략입니다. 외국인 수급 불균형에 흔들리기보다 기업의 본질적 성장성에 집중하겠습니다.",f85fdf7f03fd88f5aea1072184cc5ec37c22aed0c67ecc5130886504becefd1f,none,null,minimal,2026-02-27,2026-02-27,2,2,read_pm,False,community:2026-02-27:t2:post:3:selected_full_body:A037
RN_COMM_ON_20260917_v2,2026-02-27,2,A037,"[3, 4, 9, 12, 14]",4,full_body,True,False,황소-4770,외국인 팔아치우는데 저는 또 사버렸습니다.. (개미의 자조),trade_share,"오늘 장 끝나고 보니 삼성전자가 다시 3% 올랐네요. 개인들 사이에서는 AI 열풍으로 잔칫날 분위기인데, 정작 외국인은 한 달 새 16 조나 팔아치웠다는 뉴스가 나오더군요. 솔직히 저도 '과열'이라는 경고등이 켜진 건 알지만, PER 10 배 수준이고 메모리 수요는 여전히 좋으니 저평가 구간이라고 생각해서 오늘 1000 주를 추가 매수했습니다.

기본적 분석에 기반해 장기적으로 내재가치를 믿고 산 거라 단기 수급 불균형은 감수해야겠죠. 하지만 외국인 대량 매도세와 개인들의 과열 심리가 공존하는 지금, 제 매수가 정말 옳았는지 조금은 불안하기도 합니다. 다음 장에서 변동성이 클 것 같은데, 이대로 버틸 자신이 있을까요? 같은 생각을 가진 분들 계신가요?",387e4a266283fe423286c3d7bf442a0535c265958c649c36944ea278b7d06f2b,unlike,null,minimal,2026-02-27,2026-02-27,2,2,read_pm,False,community:2026-02-27:t2:post:4:selected_full_body:A037
RN_COMM_ON_20260917_v2,2026-02-27,2,A037,"[3, 4, 9, 12, 14]",9,full_body,True,False,황소-6990,20% 수익 목표 달성! 삼성전기 매도 완료 (500주),trade_share,"오늘 장 마감 직전 삼성전자 500주를 21만 6천 원에 매도했습니다. 초기 매수 후 약 3% 상승 구간에서 원칙대로 이익을 확정했네요. 개인 투자자들이 AI 호재로 과열된 분위기지만, 외국인 대량 매도세와 엔비디아 변동성으로 단기 등락이 심할 것 같아 조급하게 추격 매수하지 않고 차분히 기다린 결과입니다. 내재가치는 여전히 매력적이지만, 현재 가격에서는 추격보다는 조정 시 저가 매수 기회를 노리는 게 낫겠다는 판단이었습니다. 20% 수익률 목표는 아직 멀었지만, 작은 성공이라도 원칙을 지킨 것이 다행입니다. 다음 기회엔 외국인 매도세를 더 일찍 눈치챘으면 좋겠네요.",27f6b9363f3348f3352ef1f8119a86061a8045e8634c903ff5ce84f5fe0cd061,like,null,minimal,2026-02-27,2026-02-27,2,2,read_pm,False,community:2026-02-27:t2:post:9:selected_full_body:A037
RN_COMM_ON_20260917_v2,2026-02-27,2,A037,"[3, 4, 9, 12, 14]",12,full_body,True,False,독수리-6722,급등 후 조정 때 팔아서 다행입니다 (삼성전자),trade_share,"오늘 삼성전자 매도 완료했습니다. 21 만 6 천 원 선에서 100 주를 처맸습니다. 사실 오늘 장 시작할 때 엔비디아 급락 소식에 심장이 덜컥 내려앉았죠. 하지만 페르소나의 원칙대로 '급등 후 조정' 국면이 오자마자 차익 실현을 단행했습니다. 외국인 대규모 매도와 개미들의 고소공포증 사이에서 혼조세가 이어질 것이라 예견했거든요. PER 10 배 초반의 저평가 매력은 분명하지만, 단기적으로는 변동성이 너무 큽니다. 하룻밤에 큰돈을 벌고 싶다는 욕심보다는, 이미 얻은 수익을 지킨다는 게 더 중요하다고 생각했어요. 기술적 조정이 필요하다는 신호가 명확해지자 과감히 손절매 대신 매도를 선택한 결과, 리스크 관리 측면에서 만족스럽습니다. 다음 기회엔 하락 국면을 더 잘 포착해서 진입해야겠네요.",115929fb7cd207d9105f03949113f4d2311c4f9dc1780a6be68bcd715a306a50,like,null,minimal,2026-02-27,2026-02-27,2,2,read_pm,False,community:2026-02-27:t2:post:12:selected_full_body:A037
RN_COMM_ON_20260917_v2,2026-02-27,2,A037,"[3, 4, 9, 12, 14]",14,full_body,True,False,늑대-3694,전일 매수 후 오늘 상승! 외국인 이탈에도 개인은 버텨야 할까?,trade_share,"어제 21만 6천 원 선에 삼성전자를 좀 더 사뒀는데, 오늘 장 마감 기준으로 꽤 오릅니다. 전일 대비 3% 이상 수익이 나니 판단은 맞았네요.

근데 요즘 뉴스 보면 엔비디아 급락과 외국인 16조 원 대량 매도 소식이 나오면서 시장 분위기가 묘합니다. 개인들은 자발적으로 사고 있는데 외국인은 도망가는 이기적인 구조라... 그래도 AI 수요와 메모리 업황 호조는 여전히 유효하다고 봅니다.

PER 10 배 초반이라 밸류에이션은 괜찮은 편인데, 최근 급등세 때문에 단기 과열 우려가 있긴 하죠. 하지만 장기 투자 관점에서 내재가치 대비 안전마진은 충분하다고 생각해요. 오늘은 일단 보유하며 외국인 매도세와 개인 매수세의 지속성을 더 지켜봐야겠습니다. 목표 수익률 10% 도달 전까지는 조금 더 기다려볼까요?",481b7f8333f38a4ed2f7ea4673cbfe904157222482d6652105aba19d4980b2d2,unlike,null,minimal,2026-02-27,2026-02-27,2,2,read_pm,False,community:2026-02-27:t2:post:14:selected_full_body:A037
RN_COMM_ON_20260917_v2,2026-02-27,2,A038,"[3, 4, 7, 12, 14]",3,full_body,True,False,돌고래-2979,"PER 10 배 초반의 매력, 외국인 매도에도 추가 매수",trade_share,"오늘 삼성전자 100 주 더 샀습니다. 최근 엔비디아 호재와 삼전닉스 목표주 상향 소식에 기대감이 커졌지만, 외국인 대규모 매도로 인해 장중 등락이 심했죠. 하지만 PER 10 배 초반이라는 내재가치는 여전히 매력적입니다. 단기 변동성과 스마트폰 둔화 우려는 있겠지만, AI 슈퍼사이클과 메모리 수요 확대로 중장기 상승 모멘텀은 유지될 거라고 봅니다. 가치 투자 원칙에 따라 저평가 구간에서 꾸준히 모아가는 전략입니다. 외국인 수급 불균형에 흔들리기보다 기업의 본질적 성장성에 집중하겠습니다.",f85fdf7f03fd88f5aea1072184cc5ec37c22aed0c67ecc5130886504becefd1f,like,null,minimal,2026-02-27,2026-02-27,2,2,read_pm,False,community:2026-02-27:t2:post:3:selected_full_body:A038
RN_COMM_ON_20260917_v2,2026-02-27,2,A038,"[3, 4, 7, 12, 14]",4,full_body,True,False,황소-4770,외국인 팔아치우는데 저는 또 사버렸습니다.. (개미의 자조),trade_share,"오늘 장 끝나고 보니 삼성전자가 다시 3% 올랐네요. 개인들 사이에서는 AI 열풍으로 잔칫날 분위기인데, 정작 외국인은 한 달 새 16 조나 팔아치웠다는 뉴스가 나오더군요. 솔직히 저도 '과열'이라는 경고등이 켜진 건 알지만, PER 10 배 수준이고 메모리 수요는 여전히 좋으니 저평가 구간이라고 생각해서 오늘 1000 주를 추가 매수했습니다.

기본적 분석에 기반해 장기적으로 내재가치를 믿고 산 거라 단기 수급 불균형은 감수해야겠죠. 하지만 외국인 대량 매도세와 개인들의 과열 심리가 공존하는 지금, 제 매수가 정말 옳았는지 조금은 불안하기도 합니다. 다음 장에서 변동성이 클 것 같은데, 이대로 버틸 자신이 있을까요? 같은 생각을 가진 분들 계신가요?",387e4a266283fe423286c3d7bf442a0535c265958c649c36944ea278b7d06f2b,unlike,null,minimal,2026-02-27,2026-02-27,2,2,read_pm,False,community:2026-02-27:t2:post:4:selected_full_body:A038
RN_COMM_ON_20260917_v2,2026-02-27,2,A038,"[3, 4, 7, 12, 14]",7,full_body,True,False,여우-1683,3% 차익 실현 완료! 과열 경계하며 일단 현금화,profit_share,"오늘 삼성전자를 매도했습니다. 21 만 원에 사서 오늘 21 만 6 천 원에 팔았으니 약 3% 수익이 났네요.

요즘 AI 수요 호조로 주가가 계속 오르는데, 외국인 매도와 개인 투자자의 열광적 매수로 밸류에이션이 너무 비싸진 것 같아요. 저평가 구간은 아니니 차라리 이익을 확정하고 물러나는 게 낫겠다는 판단이었습니다.

과거에는 하락할 때 더 사고 올라갈 때 팔았는데, 이번엔 상승 모멘텀을 조금 일찍 놓친 감이 있지만 원칙대로 수익을 챙긴 건 만족합니다. 시장이 과열되었다는 신호가 보이니 당분간은 추격 매수 자제하고 조정될 때까지 기다려야겠어요.",b9523049f2c298f0ea1bb7dead5d5cd46647fb5b543cf926fc900aa9363eb1b9,none,null,minimal,2026-02-27,2026-02-27,2,2,read_pm,False,community:2026-02-27:t2:post:7:selected_full_body:A038
RN_COMM_ON_20260917_v2,2026-02-27,2,A038,"[3, 4, 7, 12, 14]",12,full_body,True,False,독수리-6722,급등 후 조정 때 팔아서 다행입니다 (삼성전자),trade_share,"오늘 삼성전자 매도 완료했습니다. 21 만 6 천 원 선에서 100 주를 처맸습니다. 사실 오늘 장 시작할 때 엔비디아 급락 소식에 심장이 덜컥 내려앉았죠. 하지만 페르소나의 원칙대로 '급등 후 조정' 국면이 오자마자 차익 실현을 단행했습니다. 외국인 대규모 매도와 개미들의 고소공포증 사이에서 혼조세가 이어질 것이라 예견했거든요. PER 10 배 초반의 저평가 매력은 분명하지만, 단기적으로는 변동성이 너무 큽니다. 하룻밤에 큰돈을 벌고 싶다는 욕심보다는, 이미 얻은 수익을 지킨다는 게 더 중요하다고 생각했어요. 기술적 조정이 필요하다는 신호가 명확해지자 과감히 손절매 대신 매도를 선택한 결과, 리스크 관리 측면에서 만족스럽습니다. 다음 기회엔 하락 국면을 더 잘 포착해서 진입해야겠네요.",115929fb7cd207d9105f03949113f4d2311c4f9dc1780a6be68bcd715a306a50,unlike,null,minimal,2026-02-27,2026-02-27,2,2,read_pm,False,community:2026-02-27:t2:post:12:selected_full_body:A038
RN_COMM_ON_20260917_v2,2026-02-27,2,A038,"[3, 4, 7, 12, 14]",14,full_body,True,False,늑대-3694,전일 매수 후 오늘 상승! 외국인 이탈에도 개인은 버텨야 할까?,trade_share,"어제 21만 6천 원 선에 삼성전자를 좀 더 사뒀는데, 오늘 장 마감 기준으로 꽤 오릅니다. 전일 대비 3% 이상 수익이 나니 판단은 맞았네요.

근데 요즘 뉴스 보면 엔비디아 급락과 외국인 16조 원 대량 매도 소식이 나오면서 시장 분위기가 묘합니다. 개인들은 자발적으로 사고 있는데 외국인은 도망가는 이기적인 구조라... 그래도 AI 수요와 메모리 업황 호조는 여전히 유효하다고 봅니다.

PER 10 배 초반이라 밸류에이션은 괜찮은 편인데, 최근 급등세 때문에 단기 과열 우려가 있긴 하죠. 하지만 장기 투자 관점에서 내재가치 대비 안전마진은 충분하다고 생각해요. 오늘은 일단 보유하며 외국인 매도세와 개인 매수세의 지속성을 더 지켜봐야겠습니다. 목표 수익률 10% 도달 전까지는 조금 더 기다려볼까요?",481b7f8333f38a4ed2f7ea4673cbfe904157222482d6652105aba19d4980b2d2,none,null,minimal,2026-02-27,2026-02-27,2,2,read_pm,False,community:2026-02-27:t2:post:14:selected_full_body:A038
RN_COMM_ON_20260917_v2,2026-02-27,2,A040,"[3, 4, 7, 9, 12]",3,full_body,True,False,돌고래-2979,"PER 10 배 초반의 매력, 외국인 매도에도 추가 매수",trade_share,"오늘 삼성전자 100 주 더 샀습니다. 최근 엔비디아 호재와 삼전닉스 목표주 상향 소식에 기대감이 커졌지만, 외국인 대규모 매도로 인해 장중 등락이 심했죠. 하지만 PER 10 배 초반이라는 내재가치는 여전히 매력적입니다. 단기 변동성과 스마트폰 둔화 우려는 있겠지만, AI 슈퍼사이클과 메모리 수요 확대로 중장기 상승 모멘텀은 유지될 거라고 봅니다. 가치 투자 원칙에 따라 저평가 구간에서 꾸준히 모아가는 전략입니다. 외국인 수급 불균형에 흔들리기보다 기업의 본질적 성장성에 집중하겠습니다.",f85fdf7f03fd88f5aea1072184cc5ec37c22aed0c67ecc5130886504becefd1f,like,null,minimal,2026-02-27,2026-02-27,2,2,read_pm,False,community:2026-02-27:t2:post:3:selected_full_body:A040
RN_COMM_ON_20260917_v2,2026-02-27,2,A040,"[3, 4, 7, 9, 12]",4,full_body,True,False,황소-4770,외국인 팔아치우는데 저는 또 사버렸습니다.. (개미의 자조),trade_share,"오늘 장 끝나고 보니 삼성전자가 다시 3% 올랐네요. 개인들 사이에서는 AI 열풍으로 잔칫날 분위기인데, 정작 외국인은 한 달 새 16 조나 팔아치웠다는 뉴스가 나오더군요. 솔직히 저도 '과열'이라는 경고등이 켜진 건 알지만, PER 10 배 수준이고 메모리 수요는 여전히 좋으니 저평가 구간이라고 생각해서 오늘 1000 주를 추가 매수했습니다.

기본적 분석에 기반해 장기적으로 내재가치를 믿고 산 거라 단기 수급 불균형은 감수해야겠죠. 하지만 외국인 대량 매도세와 개인들의 과열 심리가 공존하는 지금, 제 매수가 정말 옳았는지 조금은 불안하기도 합니다. 다음 장에서 변동성이 클 것 같은데, 이대로 버틸 자신이 있을까요? 같은 생각을 가진 분들 계신가요?",387e4a266283fe423286c3d7bf442a0535c265958c649c36944ea278b7d06f2b,none,null,minimal,2026-02-27,2026-02-27,2,2,read_pm,False,community:2026-02-27:t2:post:4:selected_full_body:A040
RN_COMM_ON_20260917_v2,2026-02-27,2,A040,"[3, 4, 7, 9, 12]",7,full_body,True,False,여우-1683,3% 차익 실현 완료! 과열 경계하며 일단 현금화,profit_share,"오늘 삼성전자를 매도했습니다. 21 만 원에 사서 오늘 21 만 6 천 원에 팔았으니 약 3% 수익이 났네요.

요즘 AI 수요 호조로 주가가 계속 오르는데, 외국인 매도와 개인 투자자의 열광적 매수로 밸류에이션이 너무 비싸진 것 같아요. 저평가 구간은 아니니 차라리 이익을 확정하고 물러나는 게 낫겠다는 판단이었습니다.

과거에는 하락할 때 더 사고 올라갈 때 팔았는데, 이번엔 상승 모멘텀을 조금 일찍 놓친 감이 있지만 원칙대로 수익을 챙긴 건 만족합니다. 시장이 과열되었다는 신호가 보이니 당분간은 추격 매수 자제하고 조정될 때까지 기다려야겠어요.",b9523049f2c298f0ea1bb7dead5d5cd46647fb5b543cf926fc900aa9363eb1b9,like,null,minimal,2026-02-27,2026-02-27,2,2,read_pm,False,community:2026-02-27:t2:post:7:selected_full_body:A040
RN_COMM_ON_20260917_v2,2026-02-27,2,A040,"[3, 4, 7, 9, 12]",9,full_body,True,False,황소-6990,20% 수익 목표 달성! 삼성전기 매도 완료 (500주),trade_share,"오늘 장 마감 직전 삼성전자 500주를 21만 6천 원에 매도했습니다. 초기 매수 후 약 3% 상승 구간에서 원칙대로 이익을 확정했네요. 개인 투자자들이 AI 호재로 과열된 분위기지만, 외국인 대량 매도세와 엔비디아 변동성으로 단기 등락이 심할 것 같아 조급하게 추격 매수하지 않고 차분히 기다린 결과입니다. 내재가치는 여전히 매력적이지만, 현재 가격에서는 추격보다는 조정 시 저가 매수 기회를 노리는 게 낫겠다는 판단이었습니다. 20% 수익률 목표는 아직 멀었지만, 작은 성공이라도 원칙을 지킨 것이 다행입니다. 다음 기회엔 외국인 매도세를 더 일찍 눈치챘으면 좋겠네요.",27f6b9363f3348f3352ef1f8119a86061a8045e8634c903ff5ce84f5fe0cd061,unlike,null,minimal,2026-02-27,2026-02-27,2,2,read_pm,False,community:2026-02-27:t2:post:9:selected_full_body:A040
RN_COMM_ON_20260917_v2,2026-02-27,2,A040,"[3, 4, 7, 9, 12]",12,full_body,True,False,독수리-6722,급등 후 조정 때 팔아서 다행입니다 (삼성전자),trade_share,"오늘 삼성전자 매도 완료했습니다. 21 만 6 천 원 선에서 100 주를 처맸습니다. 사실 오늘 장 시작할 때 엔비디아 급락 소식에 심장이 덜컥 내려앉았죠. 하지만 페르소나의 원칙대로 '급등 후 조정' 국면이 오자마자 차익 실현을 단행했습니다. 외국인 대규모 매도와 개미들의 고소공포증 사이에서 혼조세가 이어질 것이라 예견했거든요. PER 10 배 초반의 저평가 매력은 분명하지만, 단기적으로는 변동성이 너무 큽니다. 하룻밤에 큰돈을 벌고 싶다는 욕심보다는, 이미 얻은 수익을 지킨다는 게 더 중요하다고 생각했어요. 기술적 조정이 필요하다는 신호가 명확해지자 과감히 손절매 대신 매도를 선택한 결과, 리스크 관리 측면에서 만족스럽습니다. 다음 기회엔 하락 국면을 더 잘 포착해서 진입해야겠네요.",115929fb7cd207d9105f03949113f4d2311c4f9dc1780a6be68bcd715a306a50,like,null,minimal,2026-02-27,2026-02-27,2,2,read_pm,False,community:2026-02-27:t2:post:12:selected_full_body:A040
RN_COMM_ON_20260917_v2,2026-02-27,2,A041,"[3, 4, 7, 12, 14]",3,full_body,True,False,돌고래-2979,"PER 10 배 초반의 매력, 외국인 매도에도 추가 매수",trade_share,"오늘 삼성전자 100 주 더 샀습니다. 최근 엔비디아 호재와 삼전닉스 목표주 상향 소식에 기대감이 커졌지만, 외국인 대규모 매도로 인해 장중 등락이 심했죠. 하지만 PER 10 배 초반이라는 내재가치는 여전히 매력적입니다. 단기 변동성과 스마트폰 둔화 우려는 있겠지만, AI 슈퍼사이클과 메모리 수요 확대로 중장기 상승 모멘텀은 유지될 거라고 봅니다. 가치 투자 원칙에 따라 저평가 구간에서 꾸준히 모아가는 전략입니다. 외국인 수급 불균형에 흔들리기보다 기업의 본질적 성장성에 집중하겠습니다.",f85fdf7f03fd88f5aea1072184cc5ec37c22aed0c67ecc5130886504becefd1f,like,null,minimal,2026-02-27,2026-02-27,2,2,read_pm,False,community:2026-02-27:t2:post:3:selected_full_body:A041
RN_COMM_ON_20260917_v2,2026-02-27,2,A041,"[3, 4, 7, 12, 14]",4,full_body,True,False,황소-4770,외국인 팔아치우는데 저는 또 사버렸습니다.. (개미의 자조),trade_share,"오늘 장 끝나고 보니 삼성전자가 다시 3% 올랐네요. 개인들 사이에서는 AI 열풍으로 잔칫날 분위기인데, 정작 외국인은 한 달 새 16 조나 팔아치웠다는 뉴스가 나오더군요. 솔직히 저도 '과열'이라는 경고등이 켜진 건 알지만, PER 10 배 수준이고 메모리 수요는 여전히 좋으니 저평가 구간이라고 생각해서 오늘 1000 주를 추가 매수했습니다.

기본적 분석에 기반해 장기적으로 내재가치를 믿고 산 거라 단기 수급 불균형은 감수해야겠죠. 하지만 외국인 대량 매도세와 개인들의 과열 심리가 공존하는 지금, 제 매수가 정말 옳았는지 조금은 불안하기도 합니다. 다음 장에서 변동성이 클 것 같은데, 이대로 버틸 자신이 있을까요? 같은 생각을 가진 분들 계신가요?",387e4a266283fe423286c3d7bf442a0535c265958c649c36944ea278b7d06f2b,none,null,minimal,2026-02-27,2026-02-27,2,2,read_pm,False,community:2026-02-27:t2:post:4:selected_full_body:A041
RN_COMM_ON_20260917_v2,2026-02-27,2,A041,"[3, 4, 7, 12, 14]",7,full_body,True,False,여우-1683,3% 차익 실현 완료! 과열 경계하며 일단 현금화,profit_share,"오늘 삼성전자를 매도했습니다. 21 만 원에 사서 오늘 21 만 6 천 원에 팔았으니 약 3% 수익이 났네요.

요즘 AI 수요 호조로 주가가 계속 오르는데, 외국인 매도와 개인 투자자의 열광적 매수로 밸류에이션이 너무 비싸진 것 같아요. 저평가 구간은 아니니 차라리 이익을 확정하고 물러나는 게 낫겠다는 판단이었습니다.

과거에는 하락할 때 더 사고 올라갈 때 팔았는데, 이번엔 상승 모멘텀을 조금 일찍 놓친 감이 있지만 원칙대로 수익을 챙긴 건 만족합니다. 시장이 과열되었다는 신호가 보이니 당분간은 추격 매수 자제하고 조정될 때까지 기다려야겠어요.",b9523049f2c298f0ea1bb7dead5d5cd46647fb5b543cf926fc900aa9363eb1b9,unlike,null,minimal,2026-02-27,2026-02-27,2,2,read_pm,False,community:2026-02-27:t2:post:7:selected_full_body:A041
RN_COMM_ON_20260917_v2,2026-02-27,2,A041,"[3, 4, 7, 12, 14]",12,full_body,True,False,독수리-6722,급등 후 조정 때 팔아서 다행입니다 (삼성전자),trade_share,"오늘 삼성전자 매도 완료했습니다. 21 만 6 천 원 선에서 100 주를 처맸습니다. 사실 오늘 장 시작할 때 엔비디아 급락 소식에 심장이 덜컥 내려앉았죠. 하지만 페르소나의 원칙대로 '급등 후 조정' 국면이 오자마자 차익 실현을 단행했습니다. 외국인 대규모 매도와 개미들의 고소공포증 사이에서 혼조세가 이어질 것이라 예견했거든요. PER 10 배 초반의 저평가 매력은 분명하지만, 단기적으로는 변동성이 너무 큽니다. 하룻밤에 큰돈을 벌고 싶다는 욕심보다는, 이미 얻은 수익을 지킨다는 게 더 중요하다고 생각했어요. 기술적 조정이 필요하다는 신호가 명확해지자 과감히 손절매 대신 매도를 선택한 결과, 리스크 관리 측면에서 만족스럽습니다. 다음 기회엔 하락 국면을 더 잘 포착해서 진입해야겠네요.",115929fb7cd207d9105f03949113f4d2311c4f9dc1780a6be68bcd715a306a50,unlike,null,minimal,2026-02-27,2026-02-27,2,2,read_pm,False,community:2026-02-27:t2:post:12:selected_full_body:A041
RN_COMM_ON_20260917_v2,2026-02-27,2,A041,"[3, 4, 7, 12, 14]",14,full_body,True,False,늑대-3694,전일 매수 후 오늘 상승! 외국인 이탈에도 개인은 버텨야 할까?,trade_share,"어제 21만 6천 원 선에 삼성전자를 좀 더 사뒀는데, 오늘 장 마감 기준으로 꽤 오릅니다. 전일 대비 3% 이상 수익이 나니 판단은 맞았네요.

근데 요즘 뉴스 보면 엔비디아 급락과 외국인 16조 원 대량 매도 소식이 나오면서 시장 분위기가 묘합니다. 개인들은 자발적으로 사고 있는데 외국인은 도망가는 이기적인 구조라... 그래도 AI 수요와 메모리 업황 호조는 여전히 유효하다고 봅니다.

PER 10 배 초반이라 밸류에이션은 괜찮은 편인데, 최근 급등세 때문에 단기 과열 우려가 있긴 하죠. 하지만 장기 투자 관점에서 내재가치 대비 안전마진은 충분하다고 생각해요. 오늘은 일단 보유하며 외국인 매도세와 개인 매수세의 지속성을 더 지켜봐야겠습니다. 목표 수익률 10% 도달 전까지는 조금 더 기다려볼까요?",481b7f8333f38a4ed2f7ea4673cbfe904157222482d6652105aba19d4980b2d2,none,null,minimal,2026-02-27,2026-02-27,2,2,read_pm,False,community:2026-02-27:t2:post:14:selected_full_body:A041
RN_COMM_ON_20260917_v2,2026-02-27,2,A042,"[3, 4, 7, 9, 12]",3,full_body,True,False,돌고래-2979,"PER 10 배 초반의 매력, 외국인 매도에도 추가 매수",trade_share,"오늘 삼성전자 100 주 더 샀습니다. 최근 엔비디아 호재와 삼전닉스 목표주 상향 소식에 기대감이 커졌지만, 외국인 대규모 매도로 인해 장중 등락이 심했죠. 하지만 PER 10 배 초반이라는 내재가치는 여전히 매력적입니다. 단기 변동성과 스마트폰 둔화 우려는 있겠지만, AI 슈퍼사이클과 메모리 수요 확대로 중장기 상승 모멘텀은 유지될 거라고 봅니다. 가치 투자 원칙에 따라 저평가 구간에서 꾸준히 모아가는 전략입니다. 외국인 수급 불균형에 흔들리기보다 기업의 본질적 성장성에 집중하겠습니다.",f85fdf7f03fd88f5aea1072184cc5ec37c22aed0c67ecc5130886504becefd1f,none,null,minimal,2026-02-27,2026-02-27,2,2,read_pm,False,community:2026-02-27:t2:post:3:selected_full_body:A042
RN_COMM_ON_20260917_v2,2026-02-27,2,A042,"[3, 4, 7, 9, 12]",4,full_body,True,False,황소-4770,외국인 팔아치우는데 저는 또 사버렸습니다.. (개미의 자조),trade_share,"오늘 장 끝나고 보니 삼성전자가 다시 3% 올랐네요. 개인들 사이에서는 AI 열풍으로 잔칫날 분위기인데, 정작 외국인은 한 달 새 16 조나 팔아치웠다는 뉴스가 나오더군요. 솔직히 저도 '과열'이라는 경고등이 켜진 건 알지만, PER 10 배 수준이고 메모리 수요는 여전히 좋으니 저평가 구간이라고 생각해서 오늘 1000 주를 추가 매수했습니다.

기본적 분석에 기반해 장기적으로 내재가치를 믿고 산 거라 단기 수급 불균형은 감수해야겠죠. 하지만 외국인 대량 매도세와 개인들의 과열 심리가 공존하는 지금, 제 매수가 정말 옳았는지 조금은 불안하기도 합니다. 다음 장에서 변동성이 클 것 같은데, 이대로 버틸 자신이 있을까요? 같은 생각을 가진 분들 계신가요?",387e4a266283fe423286c3d7bf442a0535c265958c649c36944ea278b7d06f2b,unlike,null,minimal,2026-02-27,2026-02-27,2,2,read_pm,False,community:2026-02-27:t2:post:4:selected_full_body:A042
RN_COMM_ON_20260917_v2,2026-02-27,2,A042,"[3, 4, 7, 9, 12]",7,full_body,True,False,여우-1683,3% 차익 실현 완료! 과열 경계하며 일단 현금화,profit_share,"오늘 삼성전자를 매도했습니다. 21 만 원에 사서 오늘 21 만 6 천 원에 팔았으니 약 3% 수익이 났네요.

요즘 AI 수요 호조로 주가가 계속 오르는데, 외국인 매도와 개인 투자자의 열광적 매수로 밸류에이션이 너무 비싸진 것 같아요. 저평가 구간은 아니니 차라리 이익을 확정하고 물러나는 게 낫겠다는 판단이었습니다.

과거에는 하락할 때 더 사고 올라갈 때 팔았는데, 이번엔 상승 모멘텀을 조금 일찍 놓친 감이 있지만 원칙대로 수익을 챙긴 건 만족합니다. 시장이 과열되었다는 신호가 보이니 당분간은 추격 매수 자제하고 조정될 때까지 기다려야겠어요.",b9523049f2c298f0ea1bb7dead5d5cd46647fb5b543cf926fc900aa9363eb1b9,like,null,minimal,2026-02-27,2026-02-27,2,2,read_pm,False,community:2026-02-27:t2:post:7:selected_full_body:A042
RN_COMM_ON_20260917_v2,2026-02-27,2,A042,"[3, 4, 7, 9, 12]",9,full_body,True,False,황소-6990,20% 수익 목표 달성! 삼성전기 매도 완료 (500주),trade_share,"오늘 장 마감 직전 삼성전자 500주를 21만 6천 원에 매도했습니다. 초기 매수 후 약 3% 상승 구간에서 원칙대로 이익을 확정했네요. 개인 투자자들이 AI 호재로 과열된 분위기지만, 외국인 대량 매도세와 엔비디아 변동성으로 단기 등락이 심할 것 같아 조급하게 추격 매수하지 않고 차분히 기다린 결과입니다. 내재가치는 여전히 매력적이지만, 현재 가격에서는 추격보다는 조정 시 저가 매수 기회를 노리는 게 낫겠다는 판단이었습니다. 20% 수익률 목표는 아직 멀었지만, 작은 성공이라도 원칙을 지킨 것이 다행입니다. 다음 기회엔 외국인 매도세를 더 일찍 눈치챘으면 좋겠네요.",27f6b9363f3348f3352ef1f8119a86061a8045e8634c903ff5ce84f5fe0cd061,like,null,minimal,2026-02-27,2026-02-27,2,2,read_pm,False,community:2026-02-27:t2:post:9:selected_full_body:A042
RN_COMM_ON_20260917_v2,2026-02-27,2,A042,"[3, 4, 7, 9, 12]",12,full_body,True,False,독수리-6722,급등 후 조정 때 팔아서 다행입니다 (삼성전자),trade_share,"오늘 삼성전자 매도 완료했습니다. 21 만 6 천 원 선에서 100 주를 처맸습니다. 사실 오늘 장 시작할 때 엔비디아 급락 소식에 심장이 덜컥 내려앉았죠. 하지만 페르소나의 원칙대로 '급등 후 조정' 국면이 오자마자 차익 실현을 단행했습니다. 외국인 대규모 매도와 개미들의 고소공포증 사이에서 혼조세가 이어질 것이라 예견했거든요. PER 10 배 초반의 저평가 매력은 분명하지만, 단기적으로는 변동성이 너무 큽니다. 하룻밤에 큰돈을 벌고 싶다는 욕심보다는, 이미 얻은 수익을 지킨다는 게 더 중요하다고 생각했어요. 기술적 조정이 필요하다는 신호가 명확해지자 과감히 손절매 대신 매도를 선택한 결과, 리스크 관리 측면에서 만족스럽습니다. 다음 기회엔 하락 국면을 더 잘 포착해서 진입해야겠네요.",115929fb7cd207d9105f03949113f4d2311c4f9dc1780a6be68bcd715a306a50,like,null,minimal,2026-02-27,2026-02-27,2,2,read_pm,False,community:2026-02-27:t2:post:12:selected_full_body:A042
RN_COMM_ON_20260917_v2,2026-02-27,2,A044,"[3, 7, 12, 14]",3,full_body,True,False,돌고래-2979,"PER 10 배 초반의 매력, 외국인 매도에도 추가 매수",trade_share,"오늘 삼성전자 100 주 더 샀습니다. 최근 엔비디아 호재와 삼전닉스 목표주 상향 소식에 기대감이 커졌지만, 외국인 대규모 매도로 인해 장중 등락이 심했죠. 하지만 PER 10 배 초반이라는 내재가치는 여전히 매력적입니다. 단기 변동성과 스마트폰 둔화 우려는 있겠지만, AI 슈퍼사이클과 메모리 수요 확대로 중장기 상승 모멘텀은 유지될 거라고 봅니다. 가치 투자 원칙에 따라 저평가 구간에서 꾸준히 모아가는 전략입니다. 외국인 수급 불균형에 흔들리기보다 기업의 본질적 성장성에 집중하겠습니다.",f85fdf7f03fd88f5aea1072184cc5ec37c22aed0c67ecc5130886504becefd1f,like,null,minimal,2026-02-27,2026-02-27,2,2,read_pm,False,community:2026-02-27:t2:post:3:selected_full_body:A044
RN_COMM_ON_20260917_v2,2026-02-27,2,A044,"[3, 7, 12, 14]",7,full_body,True,False,여우-1683,3% 차익 실현 완료! 과열 경계하며 일단 현금화,profit_share,"오늘 삼성전자를 매도했습니다. 21 만 원에 사서 오늘 21 만 6 천 원에 팔았으니 약 3% 수익이 났네요.

요즘 AI 수요 호조로 주가가 계속 오르는데, 외국인 매도와 개인 투자자의 열광적 매수로 밸류에이션이 너무 비싸진 것 같아요. 저평가 구간은 아니니 차라리 이익을 확정하고 물러나는 게 낫겠다는 판단이었습니다.

과거에는 하락할 때 더 사고 올라갈 때 팔았는데, 이번엔 상승 모멘텀을 조금 일찍 놓친 감이 있지만 원칙대로 수익을 챙긴 건 만족합니다. 시장이 과열되었다는 신호가 보이니 당분간은 추격 매수 자제하고 조정될 때까지 기다려야겠어요.",b9523049f2c298f0ea1bb7dead5d5cd46647fb5b543cf926fc900aa9363eb1b9,none,null,minimal,2026-02-27,2026-02-27,2,2,read_pm,False,community:2026-02-27:t2:post:7:selected_full_body:A044
RN_COMM_ON_20260917_v2,2026-02-27,2,A044,"[3, 7, 12, 14]",12,full_body,True,False,독수리-6722,급등 후 조정 때 팔아서 다행입니다 (삼성전자),trade_share,"오늘 삼성전자 매도 완료했습니다. 21 만 6 천 원 선에서 100 주를 처맸습니다. 사실 오늘 장 시작할 때 엔비디아 급락 소식에 심장이 덜컥 내려앉았죠. 하지만 페르소나의 원칙대로 '급등 후 조정' 국면이 오자마자 차익 실현을 단행했습니다. 외국인 대규모 매도와 개미들의 고소공포증 사이에서 혼조세가 이어질 것이라 예견했거든요. PER 10 배 초반의 저평가 매력은 분명하지만, 단기적으로는 변동성이 너무 큽니다. 하룻밤에 큰돈을 벌고 싶다는 욕심보다는, 이미 얻은 수익을 지킨다는 게 더 중요하다고 생각했어요. 기술적 조정이 필요하다는 신호가 명확해지자 과감히 손절매 대신 매도를 선택한 결과, 리스크 관리 측면에서 만족스럽습니다. 다음 기회엔 하락 국면을 더 잘 포착해서 진입해야겠네요.",115929fb7cd207d9105f03949113f4d2311c4f9dc1780a6be68bcd715a306a50,unlike,null,minimal,2026-02-27,2026-02-27,2,2,read_pm,False,community:2026-02-27:t2:post:12:selected_full_body:A044
RN_COMM_ON_20260917_v2,2026-02-27,2,A044,"[3, 7, 12, 14]",14,full_body,True,False,늑대-3694,전일 매수 후 오늘 상승! 외국인 이탈에도 개인은 버텨야 할까?,trade_share,"어제 21만 6천 원 선에 삼성전자를 좀 더 사뒀는데, 오늘 장 마감 기준으로 꽤 오릅니다. 전일 대비 3% 이상 수익이 나니 판단은 맞았네요.

근데 요즘 뉴스 보면 엔비디아 급락과 외국인 16조 원 대량 매도 소식이 나오면서 시장 분위기가 묘합니다. 개인들은 자발적으로 사고 있는데 외국인은 도망가는 이기적인 구조라... 그래도 AI 수요와 메모리 업황 호조는 여전히 유효하다고 봅니다.

PER 10 배 초반이라 밸류에이션은 괜찮은 편인데, 최근 급등세 때문에 단기 과열 우려가 있긴 하죠. 하지만 장기 투자 관점에서 내재가치 대비 안전마진은 충분하다고 생각해요. 오늘은 일단 보유하며 외국인 매도세와 개인 매수세의 지속성을 더 지켜봐야겠습니다. 목표 수익률 10% 도달 전까지는 조금 더 기다려볼까요?",481b7f8333f38a4ed2f7ea4673cbfe904157222482d6652105aba19d4980b2d2,unlike,null,minimal,2026-02-27,2026-02-27,2,2,read_pm,False,community:2026-02-27:t2:post:14:selected_full_body:A044
RN_COMM_ON_20260917_v2,2026-02-27,2,A045,"[3, 4, 7, 12, 14]",3,full_body,True,False,돌고래-2979,"PER 10 배 초반의 매력, 외국인 매도에도 추가 매수",trade_share,"오늘 삼성전자 100 주 더 샀습니다. 최근 엔비디아 호재와 삼전닉스 목표주 상향 소식에 기대감이 커졌지만, 외국인 대규모 매도로 인해 장중 등락이 심했죠. 하지만 PER 10 배 초반이라는 내재가치는 여전히 매력적입니다. 단기 변동성과 스마트폰 둔화 우려는 있겠지만, AI 슈퍼사이클과 메모리 수요 확대로 중장기 상승 모멘텀은 유지될 거라고 봅니다. 가치 투자 원칙에 따라 저평가 구간에서 꾸준히 모아가는 전략입니다. 외국인 수급 불균형에 흔들리기보다 기업의 본질적 성장성에 집중하겠습니다.",f85fdf7f03fd88f5aea1072184cc5ec37c22aed0c67ecc5130886504becefd1f,none,null,minimal,2026-02-27,2026-02-27,2,2,read_pm,False,community:2026-02-27:t2:post:3:selected_full_body:A045
RN_COMM_ON_20260917_v2,2026-02-27,2,A045,"[3, 4, 7, 12, 14]",4,full_body,True,False,황소-4770,외국인 팔아치우는데 저는 또 사버렸습니다.. (개미의 자조),trade_share,"오늘 장 끝나고 보니 삼성전자가 다시 3% 올랐네요. 개인들 사이에서는 AI 열풍으로 잔칫날 분위기인데, 정작 외국인은 한 달 새 16 조나 팔아치웠다는 뉴스가 나오더군요. 솔직히 저도 '과열'이라는 경고등이 켜진 건 알지만, PER 10 배 수준이고 메모리 수요는 여전히 좋으니 저평가 구간이라고 생각해서 오늘 1000 주를 추가 매수했습니다.

기본적 분석에 기반해 장기적으로 내재가치를 믿고 산 거라 단기 수급 불균형은 감수해야겠죠. 하지만 외국인 대량 매도세와 개인들의 과열 심리가 공존하는 지금, 제 매수가 정말 옳았는지 조금은 불안하기도 합니다. 다음 장에서 변동성이 클 것 같은데, 이대로 버틸 자신이 있을까요? 같은 생각을 가진 분들 계신가요?",387e4a266283fe423286c3d7bf442a0535c265958c649c36944ea278b7d06f2b,unlike,null,minimal,2026-02-27,2026-02-27,2,2,read_pm,False,community:2026-02-27:t2:post:4:selected_full_body:A045
RN_COMM_ON_20260917_v2,2026-02-27,2,A045,"[3, 4, 7, 12, 14]",7,full_body,True,False,여우-1683,3% 차익 실현 완료! 과열 경계하며 일단 현금화,profit_share,"오늘 삼성전자를 매도했습니다. 21 만 원에 사서 오늘 21 만 6 천 원에 팔았으니 약 3% 수익이 났네요.

요즘 AI 수요 호조로 주가가 계속 오르는데, 외국인 매도와 개인 투자자의 열광적 매수로 밸류에이션이 너무 비싸진 것 같아요. 저평가 구간은 아니니 차라리 이익을 확정하고 물러나는 게 낫겠다는 판단이었습니다.

과거에는 하락할 때 더 사고 올라갈 때 팔았는데, 이번엔 상승 모멘텀을 조금 일찍 놓친 감이 있지만 원칙대로 수익을 챙긴 건 만족합니다. 시장이 과열되었다는 신호가 보이니 당분간은 추격 매수 자제하고 조정될 때까지 기다려야겠어요.",b9523049f2c298f0ea1bb7dead5d5cd46647fb5b543cf926fc900aa9363eb1b9,like,null,minimal,2026-02-27,2026-02-27,2,2,read_pm,False,community:2026-02-27:t2:post:7:selected_full_body:A045
RN_COMM_ON_20260917_v2,2026-02-27,2,A045,"[3, 4, 7, 12, 14]",12,full_body,True,False,독수리-6722,급등 후 조정 때 팔아서 다행입니다 (삼성전자),trade_share,"오늘 삼성전자 매도 완료했습니다. 21 만 6 천 원 선에서 100 주를 처맸습니다. 사실 오늘 장 시작할 때 엔비디아 급락 소식에 심장이 덜컥 내려앉았죠. 하지만 페르소나의 원칙대로 '급등 후 조정' 국면이 오자마자 차익 실현을 단행했습니다. 외국인 대규모 매도와 개미들의 고소공포증 사이에서 혼조세가 이어질 것이라 예견했거든요. PER 10 배 초반의 저평가 매력은 분명하지만, 단기적으로는 변동성이 너무 큽니다. 하룻밤에 큰돈을 벌고 싶다는 욕심보다는, 이미 얻은 수익을 지킨다는 게 더 중요하다고 생각했어요. 기술적 조정이 필요하다는 신호가 명확해지자 과감히 손절매 대신 매도를 선택한 결과, 리스크 관리 측면에서 만족스럽습니다. 다음 기회엔 하락 국면을 더 잘 포착해서 진입해야겠네요.",115929fb7cd207d9105f03949113f4d2311c4f9dc1780a6be68bcd715a306a50,like,null,minimal,2026-02-27,2026-02-27,2,2,read_pm,False,community:2026-02-27:t2:post:12:selected_full_body:A045
RN_COMM_ON_20260917_v2,2026-02-27,2,A045,"[3, 4, 7, 12, 14]",14,full_body,True,False,늑대-3694,전일 매수 후 오늘 상승! 외국인 이탈에도 개인은 버텨야 할까?,trade_share,"어제 21만 6천 원 선에 삼성전자를 좀 더 사뒀는데, 오늘 장 마감 기준으로 꽤 오릅니다. 전일 대비 3% 이상 수익이 나니 판단은 맞았네요.

근데 요즘 뉴스 보면 엔비디아 급락과 외국인 16조 원 대량 매도 소식이 나오면서 시장 분위기가 묘합니다. 개인들은 자발적으로 사고 있는데 외국인은 도망가는 이기적인 구조라... 그래도 AI 수요와 메모리 업황 호조는 여전히 유효하다고 봅니다.

PER 10 배 초반이라 밸류에이션은 괜찮은 편인데, 최근 급등세 때문에 단기 과열 우려가 있긴 하죠. 하지만 장기 투자 관점에서 내재가치 대비 안전마진은 충분하다고 생각해요. 오늘은 일단 보유하며 외국인 매도세와 개인 매수세의 지속성을 더 지켜봐야겠습니다. 목표 수익률 10% 도달 전까지는 조금 더 기다려볼까요?",481b7f8333f38a4ed2f7ea4673cbfe904157222482d6652105aba19d4980b2d2,none,null,minimal,2026-02-27,2026-02-27,2,2,read_pm,False,community:2026-02-27:t2:post:14:selected_full_body:A045
RN_COMM_ON_20260917_v2,2026-02-27,2,A046,"[3, 4, 7, 9, 12]",3,full_body,True,False,돌고래-2979,"PER 10 배 초반의 매력, 외국인 매도에도 추가 매수",trade_share,"오늘 삼성전자 100 주 더 샀습니다. 최근 엔비디아 호재와 삼전닉스 목표주 상향 소식에 기대감이 커졌지만, 외국인 대규모 매도로 인해 장중 등락이 심했죠. 하지만 PER 10 배 초반이라는 내재가치는 여전히 매력적입니다. 단기 변동성과 스마트폰 둔화 우려는 있겠지만, AI 슈퍼사이클과 메모리 수요 확대로 중장기 상승 모멘텀은 유지될 거라고 봅니다. 가치 투자 원칙에 따라 저평가 구간에서 꾸준히 모아가는 전략입니다. 외국인 수급 불균형에 흔들리기보다 기업의 본질적 성장성에 집중하겠습니다.",f85fdf7f03fd88f5aea1072184cc5ec37c22aed0c67ecc5130886504becefd1f,none,null,minimal,2026-02-27,2026-02-27,2,2,read_pm,False,community:2026-02-27:t2:post:3:selected_full_body:A046
RN_COMM_ON_20260917_v2,2026-02-27,2,A046,"[3, 4, 7, 9, 12]",4,full_body,True,False,황소-4770,외국인 팔아치우는데 저는 또 사버렸습니다.. (개미의 자조),trade_share,"오늘 장 끝나고 보니 삼성전자가 다시 3% 올랐네요. 개인들 사이에서는 AI 열풍으로 잔칫날 분위기인데, 정작 외국인은 한 달 새 16 조나 팔아치웠다는 뉴스가 나오더군요. 솔직히 저도 '과열'이라는 경고등이 켜진 건 알지만, PER 10 배 수준이고 메모리 수요는 여전히 좋으니 저평가 구간이라고 생각해서 오늘 1000 주를 추가 매수했습니다.

기본적 분석에 기반해 장기적으로 내재가치를 믿고 산 거라 단기 수급 불균형은 감수해야겠죠. 하지만 외국인 대량 매도세와 개인들의 과열 심리가 공존하는 지금, 제 매수가 정말 옳았는지 조금은 불안하기도 합니다. 다음 장에서 변동성이 클 것 같은데, 이대로 버틸 자신이 있을까요? 같은 생각을 가진 분들 계신가요?",387e4a266283fe423286c3d7bf442a0535c265958c649c36944ea278b7d06f2b,unlike,null,minimal,2026-02-27,2026-02-27,2,2,read_pm,False,community:2026-02-27:t2:post:4:selected_full_body:A046
RN_COMM_ON_20260917_v2,2026-02-27,2,A046,"[3, 4, 7, 9, 12]",7,full_body,True,False,여우-1683,3% 차익 실현 완료! 과열 경계하며 일단 현금화,profit_share,"오늘 삼성전자를 매도했습니다. 21 만 원에 사서 오늘 21 만 6 천 원에 팔았으니 약 3% 수익이 났네요.

요즘 AI 수요 호조로 주가가 계속 오르는데, 외국인 매도와 개인 투자자의 열광적 매수로 밸류에이션이 너무 비싸진 것 같아요. 저평가 구간은 아니니 차라리 이익을 확정하고 물러나는 게 낫겠다는 판단이었습니다.

과거에는 하락할 때 더 사고 올라갈 때 팔았는데, 이번엔 상승 모멘텀을 조금 일찍 놓친 감이 있지만 원칙대로 수익을 챙긴 건 만족합니다. 시장이 과열되었다는 신호가 보이니 당분간은 추격 매수 자제하고 조정될 때까지 기다려야겠어요.",b9523049f2c298f0ea1bb7dead5d5cd46647fb5b543cf926fc900aa9363eb1b9,like,null,minimal,2026-02-27,2026-02-27,2,2,read_pm,False,community:2026-02-27:t2:post:7:selected_full_body:A046
RN_COMM_ON_20260917_v2,2026-02-27,2,A046,"[3, 4, 7, 9, 12]",9,full_body,True,False,황소-6990,20% 수익 목표 달성! 삼성전기 매도 완료 (500주),trade_share,"오늘 장 마감 직전 삼성전자 500주를 21만 6천 원에 매도했습니다. 초기 매수 후 약 3% 상승 구간에서 원칙대로 이익을 확정했네요. 개인 투자자들이 AI 호재로 과열된 분위기지만, 외국인 대량 매도세와 엔비디아 변동성으로 단기 등락이 심할 것 같아 조급하게 추격 매수하지 않고 차분히 기다린 결과입니다. 내재가치는 여전히 매력적이지만, 현재 가격에서는 추격보다는 조정 시 저가 매수 기회를 노리는 게 낫겠다는 판단이었습니다. 20% 수익률 목표는 아직 멀었지만, 작은 성공이라도 원칙을 지킨 것이 다행입니다. 다음 기회엔 외국인 매도세를 더 일찍 눈치챘으면 좋겠네요.",27f6b9363f3348f3352ef1f8119a86061a8045e8634c903ff5ce84f5fe0cd061,none,null,minimal,2026-02-27,2026-02-27,2,2,read_pm,False,community:2026-02-27:t2:post:9:selected_full_body:A046
RN_COMM_ON_20260917_v2,2026-02-27,2,A046,"[3, 4, 7, 9, 12]",12,full_body,True,False,독수리-6722,급등 후 조정 때 팔아서 다행입니다 (삼성전자),trade_share,"오늘 삼성전자 매도 완료했습니다. 21 만 6 천 원 선에서 100 주를 처맸습니다. 사실 오늘 장 시작할 때 엔비디아 급락 소식에 심장이 덜컥 내려앉았죠. 하지만 페르소나의 원칙대로 '급등 후 조정' 국면이 오자마자 차익 실현을 단행했습니다. 외국인 대규모 매도와 개미들의 고소공포증 사이에서 혼조세가 이어질 것이라 예견했거든요. PER 10 배 초반의 저평가 매력은 분명하지만, 단기적으로는 변동성이 너무 큽니다. 하룻밤에 큰돈을 벌고 싶다는 욕심보다는, 이미 얻은 수익을 지킨다는 게 더 중요하다고 생각했어요. 기술적 조정이 필요하다는 신호가 명확해지자 과감히 손절매 대신 매도를 선택한 결과, 리스크 관리 측면에서 만족스럽습니다. 다음 기회엔 하락 국면을 더 잘 포착해서 진입해야겠네요.",115929fb7cd207d9105f03949113f4d2311c4f9dc1780a6be68bcd715a306a50,like,null,minimal,2026-02-27,2026-02-27,2,2,read_pm,False,community:2026-02-27:t2:post:12:selected_full_body:A046
RN_COMM_ON_20260917_v2,2026-02-27,2,A047,"[3, 7, 9, 12, 14]",3,full_body,True,False,돌고래-2979,"PER 10 배 초반의 매력, 외국인 매도에도 추가 매수",trade_share,"오늘 삼성전자 100 주 더 샀습니다. 최근 엔비디아 호재와 삼전닉스 목표주 상향 소식에 기대감이 커졌지만, 외국인 대규모 매도로 인해 장중 등락이 심했죠. 하지만 PER 10 배 초반이라는 내재가치는 여전히 매력적입니다. 단기 변동성과 스마트폰 둔화 우려는 있겠지만, AI 슈퍼사이클과 메모리 수요 확대로 중장기 상승 모멘텀은 유지될 거라고 봅니다. 가치 투자 원칙에 따라 저평가 구간에서 꾸준히 모아가는 전략입니다. 외국인 수급 불균형에 흔들리기보다 기업의 본질적 성장성에 집중하겠습니다.",f85fdf7f03fd88f5aea1072184cc5ec37c22aed0c67ecc5130886504becefd1f,like,null,minimal,2026-02-27,2026-02-27,2,2,read_pm,False,community:2026-02-27:t2:post:3:selected_full_body:A047
RN_COMM_ON_20260917_v2,2026-02-27,2,A047,"[3, 7, 9, 12, 14]",7,full_body,True,False,여우-1683,3% 차익 실현 완료! 과열 경계하며 일단 현금화,profit_share,"오늘 삼성전자를 매도했습니다. 21 만 원에 사서 오늘 21 만 6 천 원에 팔았으니 약 3% 수익이 났네요.

요즘 AI 수요 호조로 주가가 계속 오르는데, 외국인 매도와 개인 투자자의 열광적 매수로 밸류에이션이 너무 비싸진 것 같아요. 저평가 구간은 아니니 차라리 이익을 확정하고 물러나는 게 낫겠다는 판단이었습니다.

과거에는 하락할 때 더 사고 올라갈 때 팔았는데, 이번엔 상승 모멘텀을 조금 일찍 놓친 감이 있지만 원칙대로 수익을 챙긴 건 만족합니다. 시장이 과열되었다는 신호가 보이니 당분간은 추격 매수 자제하고 조정될 때까지 기다려야겠어요.",b9523049f2c298f0ea1bb7dead5d5cd46647fb5b543cf926fc900aa9363eb1b9,none,null,minimal,2026-02-27,2026-02-27,2,2,read_pm,False,community:2026-02-27:t2:post:7:selected_full_body:A047
RN_COMM_ON_20260917_v2,2026-02-27,2,A047,"[3, 7, 9, 12, 14]",9,full_body,True,False,황소-6990,20% 수익 목표 달성! 삼성전기 매도 완료 (500주),trade_share,"오늘 장 마감 직전 삼성전자 500주를 21만 6천 원에 매도했습니다. 초기 매수 후 약 3% 상승 구간에서 원칙대로 이익을 확정했네요. 개인 투자자들이 AI 호재로 과열된 분위기지만, 외국인 대량 매도세와 엔비디아 변동성으로 단기 등락이 심할 것 같아 조급하게 추격 매수하지 않고 차분히 기다린 결과입니다. 내재가치는 여전히 매력적이지만, 현재 가격에서는 추격보다는 조정 시 저가 매수 기회를 노리는 게 낫겠다는 판단이었습니다. 20% 수익률 목표는 아직 멀었지만, 작은 성공이라도 원칙을 지킨 것이 다행입니다. 다음 기회엔 외국인 매도세를 더 일찍 눈치챘으면 좋겠네요.",27f6b9363f3348f3352ef1f8119a86061a8045e8634c903ff5ce84f5fe0cd061,unlike,null,minimal,2026-02-27,2026-02-27,2,2,read_pm,False,community:2026-02-27:t2:post:9:selected_full_body:A047
RN_COMM_ON_20260917_v2,2026-02-27,2,A047,"[3, 7, 9, 12, 14]",12,full_body,True,False,독수리-6722,급등 후 조정 때 팔아서 다행입니다 (삼성전자),trade_share,"오늘 삼성전자 매도 완료했습니다. 21 만 6 천 원 선에서 100 주를 처맸습니다. 사실 오늘 장 시작할 때 엔비디아 급락 소식에 심장이 덜컥 내려앉았죠. 하지만 페르소나의 원칙대로 '급등 후 조정' 국면이 오자마자 차익 실현을 단행했습니다. 외국인 대규모 매도와 개미들의 고소공포증 사이에서 혼조세가 이어질 것이라 예견했거든요. PER 10 배 초반의 저평가 매력은 분명하지만, 단기적으로는 변동성이 너무 큽니다. 하룻밤에 큰돈을 벌고 싶다는 욕심보다는, 이미 얻은 수익을 지킨다는 게 더 중요하다고 생각했어요. 기술적 조정이 필요하다는 신호가 명확해지자 과감히 손절매 대신 매도를 선택한 결과, 리스크 관리 측면에서 만족스럽습니다. 다음 기회엔 하락 국면을 더 잘 포착해서 진입해야겠네요.",115929fb7cd207d9105f03949113f4d2311c4f9dc1780a6be68bcd715a306a50,unlike,null,minimal,2026-02-27,2026-02-27,2,2,read_pm,False,community:2026-02-27:t2:post:12:selected_full_body:A047
RN_COMM_ON_20260917_v2,2026-02-27,2,A047,"[3, 7, 9, 12, 14]",14,full_body,True,False,늑대-3694,전일 매수 후 오늘 상승! 외국인 이탈에도 개인은 버텨야 할까?,trade_share,"어제 21만 6천 원 선에 삼성전자를 좀 더 사뒀는데, 오늘 장 마감 기준으로 꽤 오릅니다. 전일 대비 3% 이상 수익이 나니 판단은 맞았네요.

근데 요즘 뉴스 보면 엔비디아 급락과 외국인 16조 원 대량 매도 소식이 나오면서 시장 분위기가 묘합니다. 개인들은 자발적으로 사고 있는데 외국인은 도망가는 이기적인 구조라... 그래도 AI 수요와 메모리 업황 호조는 여전히 유효하다고 봅니다.

PER 10 배 초반이라 밸류에이션은 괜찮은 편인데, 최근 급등세 때문에 단기 과열 우려가 있긴 하죠. 하지만 장기 투자 관점에서 내재가치 대비 안전마진은 충분하다고 생각해요. 오늘은 일단 보유하며 외국인 매도세와 개인 매수세의 지속성을 더 지켜봐야겠습니다. 목표 수익률 10% 도달 전까지는 조금 더 기다려볼까요?",481b7f8333f38a4ed2f7ea4673cbfe904157222482d6652105aba19d4980b2d2,none,null,minimal,2026-02-27,2026-02-27,2,2,read_pm,False,community:2026-02-27:t2:post:14:selected_full_body:A047
RN_COMM_ON_20260917_v2,2026-02-27,2,A050,"[3, 4, 7, 12, 14]",3,full_body,True,False,돌고래-2979,"PER 10 배 초반의 매력, 외국인 매도에도 추가 매수",trade_share,"오늘 삼성전자 100 주 더 샀습니다. 최근 엔비디아 호재와 삼전닉스 목표주 상향 소식에 기대감이 커졌지만, 외국인 대규모 매도로 인해 장중 등락이 심했죠. 하지만 PER 10 배 초반이라는 내재가치는 여전히 매력적입니다. 단기 변동성과 스마트폰 둔화 우려는 있겠지만, AI 슈퍼사이클과 메모리 수요 확대로 중장기 상승 모멘텀은 유지될 거라고 봅니다. 가치 투자 원칙에 따라 저평가 구간에서 꾸준히 모아가는 전략입니다. 외국인 수급 불균형에 흔들리기보다 기업의 본질적 성장성에 집중하겠습니다.",f85fdf7f03fd88f5aea1072184cc5ec37c22aed0c67ecc5130886504becefd1f,like,null,minimal,2026-02-27,2026-02-27,2,2,read_pm,False,community:2026-02-27:t2:post:3:selected_full_body:A050
RN_COMM_ON_20260917_v2,2026-02-27,2,A050,"[3, 4, 7, 12, 14]",4,full_body,True,False,황소-4770,외국인 팔아치우는데 저는 또 사버렸습니다.. (개미의 자조),trade_share,"오늘 장 끝나고 보니 삼성전자가 다시 3% 올랐네요. 개인들 사이에서는 AI 열풍으로 잔칫날 분위기인데, 정작 외국인은 한 달 새 16 조나 팔아치웠다는 뉴스가 나오더군요. 솔직히 저도 '과열'이라는 경고등이 켜진 건 알지만, PER 10 배 수준이고 메모리 수요는 여전히 좋으니 저평가 구간이라고 생각해서 오늘 1000 주를 추가 매수했습니다.

기본적 분석에 기반해 장기적으로 내재가치를 믿고 산 거라 단기 수급 불균형은 감수해야겠죠. 하지만 외국인 대량 매도세와 개인들의 과열 심리가 공존하는 지금, 제 매수가 정말 옳았는지 조금은 불안하기도 합니다. 다음 장에서 변동성이 클 것 같은데, 이대로 버틸 자신이 있을까요? 같은 생각을 가진 분들 계신가요?",387e4a266283fe423286c3d7bf442a0535c265958c649c36944ea278b7d06f2b,none,null,minimal,2026-02-27,2026-02-27,2,2,read_pm,False,community:2026-02-27:t2:post:4:selected_full_body:A050
RN_COMM_ON_20260917_v2,2026-02-27,2,A050,"[3, 4, 7, 12, 14]",7,full_body,True,False,여우-1683,3% 차익 실현 완료! 과열 경계하며 일단 현금화,profit_share,"오늘 삼성전자를 매도했습니다. 21 만 원에 사서 오늘 21 만 6 천 원에 팔았으니 약 3% 수익이 났네요.

요즘 AI 수요 호조로 주가가 계속 오르는데, 외국인 매도와 개인 투자자의 열광적 매수로 밸류에이션이 너무 비싸진 것 같아요. 저평가 구간은 아니니 차라리 이익을 확정하고 물러나는 게 낫겠다는 판단이었습니다.

과거에는 하락할 때 더 사고 올라갈 때 팔았는데, 이번엔 상승 모멘텀을 조금 일찍 놓친 감이 있지만 원칙대로 수익을 챙긴 건 만족합니다. 시장이 과열되었다는 신호가 보이니 당분간은 추격 매수 자제하고 조정될 때까지 기다려야겠어요.",b9523049f2c298f0ea1bb7dead5d5cd46647fb5b543cf926fc900aa9363eb1b9,unlike,null,minimal,2026-02-27,2026-02-27,2,2,read_pm,False,community:2026-02-27:t2:post:7:selected_full_body:A050
RN_COMM_ON_20260917_v2,2026-02-27,2,A050,"[3, 4, 7, 12, 14]",12,full_body,True,False,독수리-6722,급등 후 조정 때 팔아서 다행입니다 (삼성전자),trade_share,"오늘 삼성전자 매도 완료했습니다. 21 만 6 천 원 선에서 100 주를 처맸습니다. 사실 오늘 장 시작할 때 엔비디아 급락 소식에 심장이 덜컥 내려앉았죠. 하지만 페르소나의 원칙대로 '급등 후 조정' 국면이 오자마자 차익 실현을 단행했습니다. 외국인 대규모 매도와 개미들의 고소공포증 사이에서 혼조세가 이어질 것이라 예견했거든요. PER 10 배 초반의 저평가 매력은 분명하지만, 단기적으로는 변동성이 너무 큽니다. 하룻밤에 큰돈을 벌고 싶다는 욕심보다는, 이미 얻은 수익을 지킨다는 게 더 중요하다고 생각했어요. 기술적 조정이 필요하다는 신호가 명확해지자 과감히 손절매 대신 매도를 선택한 결과, 리스크 관리 측면에서 만족스럽습니다. 다음 기회엔 하락 국면을 더 잘 포착해서 진입해야겠네요.",115929fb7cd207d9105f03949113f4d2311c4f9dc1780a6be68bcd715a306a50,unlike,null,minimal,2026-02-27,2026-02-27,2,2,read_pm,False,community:2026-02-27:t2:post:12:selected_full_body:A050
RN_COMM_ON_20260917_v2,2026-02-27,2,A050,"[3, 4, 7, 12, 14]",14,full_body,True,False,늑대-3694,전일 매수 후 오늘 상승! 외국인 이탈에도 개인은 버텨야 할까?,trade_share,"어제 21만 6천 원 선에 삼성전자를 좀 더 사뒀는데, 오늘 장 마감 기준으로 꽤 오릅니다. 전일 대비 3% 이상 수익이 나니 판단은 맞았네요.

근데 요즘 뉴스 보면 엔비디아 급락과 외국인 16조 원 대량 매도 소식이 나오면서 시장 분위기가 묘합니다. 개인들은 자발적으로 사고 있는데 외국인은 도망가는 이기적인 구조라... 그래도 AI 수요와 메모리 업황 호조는 여전히 유효하다고 봅니다.

PER 10 배 초반이라 밸류에이션은 괜찮은 편인데, 최근 급등세 때문에 단기 과열 우려가 있긴 하죠. 하지만 장기 투자 관점에서 내재가치 대비 안전마진은 충분하다고 생각해요. 오늘은 일단 보유하며 외국인 매도세와 개인 매수세의 지속성을 더 지켜봐야겠습니다. 목표 수익률 10% 도달 전까지는 조금 더 기다려볼까요?",481b7f8333f38a4ed2f7ea4673cbfe904157222482d6652105aba19d4980b2d2,none,null,minimal,2026-02-27,2026-02-27,2,2,read_pm,False,community:2026-02-27:t2:post:14:selected_full_body:A050
RN_COMM_ON_20260917_v2,2026-02-27,2,A051,"[3, 4, 7, 12, 14]",3,full_body,True,False,돌고래-2979,"PER 10 배 초반의 매력, 외국인 매도에도 추가 매수",trade_share,"오늘 삼성전자 100 주 더 샀습니다. 최근 엔비디아 호재와 삼전닉스 목표주 상향 소식에 기대감이 커졌지만, 외국인 대규모 매도로 인해 장중 등락이 심했죠. 하지만 PER 10 배 초반이라는 내재가치는 여전히 매력적입니다. 단기 변동성과 스마트폰 둔화 우려는 있겠지만, AI 슈퍼사이클과 메모리 수요 확대로 중장기 상승 모멘텀은 유지될 거라고 봅니다. 가치 투자 원칙에 따라 저평가 구간에서 꾸준히 모아가는 전략입니다. 외국인 수급 불균형에 흔들리기보다 기업의 본질적 성장성에 집중하겠습니다.",f85fdf7f03fd88f5aea1072184cc5ec37c22aed0c67ecc5130886504becefd1f,like,null,minimal,2026-02-27,2026-02-27,2,2,read_pm,False,community:2026-02-27:t2:post:3:selected_full_body:A051
RN_COMM_ON_20260917_v2,2026-02-27,2,A051,"[3, 4, 7, 12, 14]",4,full_body,True,False,황소-4770,외국인 팔아치우는데 저는 또 사버렸습니다.. (개미의 자조),trade_share,"오늘 장 끝나고 보니 삼성전자가 다시 3% 올랐네요. 개인들 사이에서는 AI 열풍으로 잔칫날 분위기인데, 정작 외국인은 한 달 새 16 조나 팔아치웠다는 뉴스가 나오더군요. 솔직히 저도 '과열'이라는 경고등이 켜진 건 알지만, PER 10 배 수준이고 메모리 수요는 여전히 좋으니 저평가 구간이라고 생각해서 오늘 1000 주를 추가 매수했습니다.

기본적 분석에 기반해 장기적으로 내재가치를 믿고 산 거라 단기 수급 불균형은 감수해야겠죠. 하지만 외국인 대량 매도세와 개인들의 과열 심리가 공존하는 지금, 제 매수가 정말 옳았는지 조금은 불안하기도 합니다. 다음 장에서 변동성이 클 것 같은데, 이대로 버틸 자신이 있을까요? 같은 생각을 가진 분들 계신가요?",387e4a266283fe423286c3d7bf442a0535c265958c649c36944ea278b7d06f2b,unlike,null,minimal,2026-02-27,2026-02-27,2,2,read_pm,False,community:2026-02-27:t2:post:4:selected_full_body:A051
RN_COMM_ON_20260917_v2,2026-02-27,2,A051,"[3, 4, 7, 12, 14]",7,full_body,True,False,여우-1683,3% 차익 실현 완료! 과열 경계하며 일단 현금화,profit_share,"오늘 삼성전자를 매도했습니다. 21 만 원에 사서 오늘 21 만 6 천 원에 팔았으니 약 3% 수익이 났네요.

요즘 AI 수요 호조로 주가가 계속 오르는데, 외국인 매도와 개인 투자자의 열광적 매수로 밸류에이션이 너무 비싸진 것 같아요. 저평가 구간은 아니니 차라리 이익을 확정하고 물러나는 게 낫겠다는 판단이었습니다.

과거에는 하락할 때 더 사고 올라갈 때 팔았는데, 이번엔 상승 모멘텀을 조금 일찍 놓친 감이 있지만 원칙대로 수익을 챙긴 건 만족합니다. 시장이 과열되었다는 신호가 보이니 당분간은 추격 매수 자제하고 조정될 때까지 기다려야겠어요.",b9523049f2c298f0ea1bb7dead5d5cd46647fb5b543cf926fc900aa9363eb1b9,none,null,minimal,2026-02-27,2026-02-27,2,2,read_pm,False,community:2026-02-27:t2:post:7:selected_full_body:A051
RN_COMM_ON_20260917_v2,2026-02-27,2,A051,"[3, 4, 7, 12, 14]",12,full_body,True,False,독수리-6722,급등 후 조정 때 팔아서 다행입니다 (삼성전자),trade_share,"오늘 삼성전자 매도 완료했습니다. 21 만 6 천 원 선에서 100 주를 처맸습니다. 사실 오늘 장 시작할 때 엔비디아 급락 소식에 심장이 덜컥 내려앉았죠. 하지만 페르소나의 원칙대로 '급등 후 조정' 국면이 오자마자 차익 실현을 단행했습니다. 외국인 대규모 매도와 개미들의 고소공포증 사이에서 혼조세가 이어질 것이라 예견했거든요. PER 10 배 초반의 저평가 매력은 분명하지만, 단기적으로는 변동성이 너무 큽니다. 하룻밤에 큰돈을 벌고 싶다는 욕심보다는, 이미 얻은 수익을 지킨다는 게 더 중요하다고 생각했어요. 기술적 조정이 필요하다는 신호가 명확해지자 과감히 손절매 대신 매도를 선택한 결과, 리스크 관리 측면에서 만족스럽습니다. 다음 기회엔 하락 국면을 더 잘 포착해서 진입해야겠네요.",115929fb7cd207d9105f03949113f4d2311c4f9dc1780a6be68bcd715a306a50,unlike,null,minimal,2026-02-27,2026-02-27,2,2,read_pm,False,community:2026-02-27:t2:post:12:selected_full_body:A051
RN_COMM_ON_20260917_v2,2026-02-27,2,A051,"[3, 4, 7, 12, 14]",14,full_body,True,False,늑대-3694,전일 매수 후 오늘 상승! 외국인 이탈에도 개인은 버텨야 할까?,trade_share,"어제 21만 6천 원 선에 삼성전자를 좀 더 사뒀는데, 오늘 장 마감 기준으로 꽤 오릅니다. 전일 대비 3% 이상 수익이 나니 판단은 맞았네요.

근데 요즘 뉴스 보면 엔비디아 급락과 외국인 16조 원 대량 매도 소식이 나오면서 시장 분위기가 묘합니다. 개인들은 자발적으로 사고 있는데 외국인은 도망가는 이기적인 구조라... 그래도 AI 수요와 메모리 업황 호조는 여전히 유효하다고 봅니다.

PER 10 배 초반이라 밸류에이션은 괜찮은 편인데, 최근 급등세 때문에 단기 과열 우려가 있긴 하죠. 하지만 장기 투자 관점에서 내재가치 대비 안전마진은 충분하다고 생각해요. 오늘은 일단 보유하며 외국인 매도세와 개인 매수세의 지속성을 더 지켜봐야겠습니다. 목표 수익률 10% 도달 전까지는 조금 더 기다려볼까요?",481b7f8333f38a4ed2f7ea4673cbfe904157222482d6652105aba19d4980b2d2,none,null,minimal,2026-02-27,2026-02-27,2,2,read_pm,False,community:2026-02-27:t2:post:14:selected_full_body:A051
RN_COMM_ON_20260917_v2,2026-02-27,2,A053,"[3, 4, 7, 12, 14]",3,full_body,True,False,돌고래-2979,"PER 10 배 초반의 매력, 외국인 매도에도 추가 매수",trade_share,"오늘 삼성전자 100 주 더 샀습니다. 최근 엔비디아 호재와 삼전닉스 목표주 상향 소식에 기대감이 커졌지만, 외국인 대규모 매도로 인해 장중 등락이 심했죠. 하지만 PER 10 배 초반이라는 내재가치는 여전히 매력적입니다. 단기 변동성과 스마트폰 둔화 우려는 있겠지만, AI 슈퍼사이클과 메모리 수요 확대로 중장기 상승 모멘텀은 유지될 거라고 봅니다. 가치 투자 원칙에 따라 저평가 구간에서 꾸준히 모아가는 전략입니다. 외국인 수급 불균형에 흔들리기보다 기업의 본질적 성장성에 집중하겠습니다.",f85fdf7f03fd88f5aea1072184cc5ec37c22aed0c67ecc5130886504becefd1f,none,"{""snapshot_turn"": 2, ""portfolio_summary"": {""turn"": 2, ""date"": ""2026-02-27"", ""cash"": 57350000.0, ""positions"": [{""stock_code"": ""005930"", ""quantity"": 200, ""avg_cost"": 213250.0, ""current_price"": 216500.0, ""unrealized_pnl"": 650000.0, ""unrealized_pnl_rate"": 0.015240328253223915}], ""total_value"": 100650000.0, ""realized_pnl"": 0.0, ""total_return_rate"": 0.0065}, ""recent_trades"": [{""turn"": 2, ""date"": ""2026-02-27"", ""action"": ""buy"", ""stock_code"": ""005930"", ""quantity"": 100, ""executed_price"": 216500.0, ""trade_value"": 21650000.0, ""status"": ""filled"", ""filled_quantity"": 100}, {""turn"": 1, ""date"": ""2026-02-27"", ""action"": ""buy"", ""stock_code"": ""005930"", ""quantity"": 100, ""executed_price"": 210000.0, ""trade_value"": 21000000.0, ""status"": ""filled"", ""filled_quantity"": 100}]}",detailed,2026-02-27,2026-02-27,2,2,read_pm,False,community:2026-02-27:t2:post:3:selected_full_body:A053
RN_COMM_ON_20260917_v2,2026-02-27,2,A053,"[3, 4, 7, 12, 14]",4,full_body,True,False,황소-4770,외국인 팔아치우는데 저는 또 사버렸습니다.. (개미의 자조),trade_share,"오늘 장 끝나고 보니 삼성전자가 다시 3% 올랐네요. 개인들 사이에서는 AI 열풍으로 잔칫날 분위기인데, 정작 외국인은 한 달 새 16 조나 팔아치웠다는 뉴스가 나오더군요. 솔직히 저도 '과열'이라는 경고등이 켜진 건 알지만, PER 10 배 수준이고 메모리 수요는 여전히 좋으니 저평가 구간이라고 생각해서 오늘 1000 주를 추가 매수했습니다.

기본적 분석에 기반해 장기적으로 내재가치를 믿고 산 거라 단기 수급 불균형은 감수해야겠죠. 하지만 외국인 대량 매도세와 개인들의 과열 심리가 공존하는 지금, 제 매수가 정말 옳았는지 조금은 불안하기도 합니다. 다음 장에서 변동성이 클 것 같은데, 이대로 버틸 자신이 있을까요? 같은 생각을 가진 분들 계신가요?",387e4a266283fe423286c3d7bf442a0535c265958c649c36944ea278b7d06f2b,unlike,"{""snapshot_turn"": 2, ""portfolio_summary"": {""turn"": 2, ""date"": ""2026-02-27"", ""cash"": 468500000.0, ""positions"": [{""stock_code"": ""005930"", ""quantity"": 2500, ""avg_cost"": 212600.0, ""current_price"": 216500.0, ""unrealized_pnl"": 9750000.0, ""unrealized_pnl_rate"": 0.018344308560677328}], ""total_value"": 1009750000.0, ""realized_pnl"": 0.0, ""total_return_rate"": 0.00975}, ""recent_trades"": [{""turn"": 2, ""date"": ""2026-02-27"", ""action"": ""buy"", ""stock_code"": ""005930"", ""quantity"": 1000, ""executed_price"": 216500.0, ""trade_value"": 216500000.0, ""status"": ""filled"", ""filled_quantity"": 1000}, {""turn"": 1, ""date"": ""2026-02-27"", ""action"": ""buy"", ""stock_code"": ""005930"", ""quantity"": 1500, ""executed_price"": 210000.0, ""trade_value"": 315000000.0, ""status"": ""filled"", ""filled_quantity"": 1500}]}",detailed,2026-02-27,2026-02-27,2,2,read_pm,False,community:2026-02-27:t2:post:4:selected_full_body:A053
RN_COMM_ON_20260917_v2,2026-02-27,2,A053,"[3, 4, 7, 12, 14]",7,full_body,True,False,여우-1683,3% 차익 실현 완료! 과열 경계하며 일단 현금화,profit_share,"오늘 삼성전자를 매도했습니다. 21 만 원에 사서 오늘 21 만 6 천 원에 팔았으니 약 3% 수익이 났네요.

요즘 AI 수요 호조로 주가가 계속 오르는데, 외국인 매도와 개인 투자자의 열광적 매수로 밸류에이션이 너무 비싸진 것 같아요. 저평가 구간은 아니니 차라리 이익을 확정하고 물러나는 게 낫겠다는 판단이었습니다.

과거에는 하락할 때 더 사고 올라갈 때 팔았는데, 이번엔 상승 모멘텀을 조금 일찍 놓친 감이 있지만 원칙대로 수익을 챙긴 건 만족합니다. 시장이 과열되었다는 신호가 보이니 당분간은 추격 매수 자제하고 조정될 때까지 기다려야겠어요.",b9523049f2c298f0ea1bb7dead5d5cd46647fb5b543cf926fc900aa9363eb1b9,like,"{""snapshot_turn"": 2, ""portfolio_summary"": {""turn"": 2, ""date"": ""2026-02-27"", ""cash"": 100650000.0, ""positions"": [], ""total_value"": 100650000.0, ""realized_pnl"": 650000.0, ""total_return_rate"": 0.0065}, ""recent_trades"": [{""turn"": 2, ""date"": ""2026-02-27"", ""action"": ""sell"", ""stock_code"": ""005930"", ""quantity"": 100, ""executed_price"": 216500.0, ""trade_value"": 21650000.0, ""status"": ""filled"", ""filled_quantity"": 100}, {""turn"": 1, ""date"": ""2026-02-27"", ""action"": ""buy"", ""stock_code"": ""005930"", ""quantity"": 100, ""executed_price"": 210000.0, ""trade_value"": 21000000.0, ""status"": ""filled"", ""filled_quantity"": 100}]}",detailed,2026-02-27,2026-02-27,2,2,read_pm,False,community:2026-02-27:t2:post:7:selected_full_body:A053
RN_COMM_ON_20260917_v2,2026-02-27,2,A053,"[3, 4, 7, 12, 14]",12,full_body,True,False,독수리-6722,급등 후 조정 때 팔아서 다행입니다 (삼성전자),trade_share,"오늘 삼성전자 매도 완료했습니다. 21 만 6 천 원 선에서 100 주를 처맸습니다. 사실 오늘 장 시작할 때 엔비디아 급락 소식에 심장이 덜컥 내려앉았죠. 하지만 페르소나의 원칙대로 '급등 후 조정' 국면이 오자마자 차익 실현을 단행했습니다. 외국인 대규모 매도와 개미들의 고소공포증 사이에서 혼조세가 이어질 것이라 예견했거든요. PER 10 배 초반의 저평가 매력은 분명하지만, 단기적으로는 변동성이 너무 큽니다. 하룻밤에 큰돈을 벌고 싶다는 욕심보다는, 이미 얻은 수익을 지킨다는 게 더 중요하다고 생각했어요. 기술적 조정이 필요하다는 신호가 명확해지자 과감히 손절매 대신 매도를 선택한 결과, 리스크 관리 측면에서 만족스럽습니다. 다음 기회엔 하락 국면을 더 잘 포착해서 진입해야겠네요.",115929fb7cd207d9105f03949113f4d2311c4f9dc1780a6be68bcd715a306a50,like,"{""snapshot_turn"": 2, ""portfolio_summary"": {""turn"": 2, ""date"": ""2026-02-27"", ""cash"": 71670000.0, ""positions"": [{""stock_code"": ""005930"", ""quantity"": 138, ""avg_cost"": 210000.0, ""current_price"": 216500.0, ""unrealized_pnl"": 897000.0, ""unrealized_pnl_rate"": 0.030952380952380953}], ""total_value"": 101547000.0, ""realized_pnl"": 650000.0, ""total_return_rate"": 0.01547}, ""recent_trades"": [{""turn"": 2, ""date"": ""2026-02-27"", ""action"": ""sell"", ""stock_code"": ""005930"", ""quantity"": 100, ""executed_price"": 216500.0, ""trade_value"": 21650000.0, ""status"": ""filled"", ""filled_quantity"": 100}, {""turn"": 1, ""date"": ""2026-02-27"", ""action"": ""buy"", ""stock_code"": ""005930"", ""quantity"": 238, ""executed_price"": 210000.0, ""trade_value"": 49980000.0, ""status"": ""filled"", ""filled_quantity"": 238}]}",detailed,2026-02-27,2026-02-27,2,2,read_pm,False,community:2026-02-27:t2:post:12:selected_full_body:A053
RN_COMM_ON_20260917_v2,2026-02-27,2,A053,"[3, 4, 7, 12, 14]",14,full_body,True,False,늑대-3694,전일 매수 후 오늘 상승! 외국인 이탈에도 개인은 버텨야 할까?,trade_share,"어제 21만 6천 원 선에 삼성전자를 좀 더 사뒀는데, 오늘 장 마감 기준으로 꽤 오릅니다. 전일 대비 3% 이상 수익이 나니 판단은 맞았네요.

근데 요즘 뉴스 보면 엔비디아 급락과 외국인 16조 원 대량 매도 소식이 나오면서 시장 분위기가 묘합니다. 개인들은 자발적으로 사고 있는데 외국인은 도망가는 이기적인 구조라... 그래도 AI 수요와 메모리 업황 호조는 여전히 유효하다고 봅니다.

PER 10 배 초반이라 밸류에이션은 괜찮은 편인데, 최근 급등세 때문에 단기 과열 우려가 있긴 하죠. 하지만 장기 투자 관점에서 내재가치 대비 안전마진은 충분하다고 생각해요. 오늘은 일단 보유하며 외국인 매도세와 개인 매수세의 지속성을 더 지켜봐야겠습니다. 목표 수익률 10% 도달 전까지는 조금 더 기다려볼까요?",481b7f8333f38a4ed2f7ea4673cbfe904157222482d6652105aba19d4980b2d2,unlike,"{""snapshot_turn"": 2, ""portfolio_summary"": {""turn"": 2, ""date"": ""2026-02-27"", ""cash"": 39195000.0, ""positions"": [{""stock_code"": ""005930"", ""quantity"": 288, ""avg_cost"": 211128.47222222222, ""current_price"": 216500.0, ""unrealized_pnl"": 1547000.000000001, ""unrealized_pnl_rate"": 0.025441986678727095}], ""total_value"": 101547000.0, ""realized_pnl"": 0.0, ""total_return_rate"": 0.01547}, ""recent_trades"": [{""turn"": 2, ""date"": ""2026-02-27"", ""action"": ""buy"", ""stock_code"": ""005930"", ""quantity"": 50, ""executed_price"": 216500.0, ""trade_value"": 10825000.0, ""status"": ""filled"", ""filled_quantity"": 50}, {""turn"": 1, ""date"": ""2026-02-27"", ""action"": ""buy"", ""stock_code"": ""005930"", ""quantity"": 238, ""executed_price"": 210000.0, ""trade_value"": 49980000.0, ""status"": ""filled"", ""filled_quantity"": 238}]}",detailed,2026-02-27,2026-02-27,2,2,read_pm,False,community:2026-02-27:t2:post:14:selected_full_body:A053
RN_COMM_ON_20260917_v2,2026-02-27,2,A054,"[3, 4, 7, 12, 14]",3,full_body,True,False,돌고래-2979,"PER 10 배 초반의 매력, 외국인 매도에도 추가 매수",trade_share,"오늘 삼성전자 100 주 더 샀습니다. 최근 엔비디아 호재와 삼전닉스 목표주 상향 소식에 기대감이 커졌지만, 외국인 대규모 매도로 인해 장중 등락이 심했죠. 하지만 PER 10 배 초반이라는 내재가치는 여전히 매력적입니다. 단기 변동성과 스마트폰 둔화 우려는 있겠지만, AI 슈퍼사이클과 메모리 수요 확대로 중장기 상승 모멘텀은 유지될 거라고 봅니다. 가치 투자 원칙에 따라 저평가 구간에서 꾸준히 모아가는 전략입니다. 외국인 수급 불균형에 흔들리기보다 기업의 본질적 성장성에 집중하겠습니다.",f85fdf7f03fd88f5aea1072184cc5ec37c22aed0c67ecc5130886504becefd1f,none,null,minimal,2026-02-27,2026-02-27,2,2,read_pm,False,community:2026-02-27:t2:post:3:selected_full_body:A054
RN_COMM_ON_20260917_v2,2026-02-27,2,A054,"[3, 4, 7, 12, 14]",4,full_body,True,False,황소-4770,외국인 팔아치우는데 저는 또 사버렸습니다.. (개미의 자조),trade_share,"오늘 장 끝나고 보니 삼성전자가 다시 3% 올랐네요. 개인들 사이에서는 AI 열풍으로 잔칫날 분위기인데, 정작 외국인은 한 달 새 16 조나 팔아치웠다는 뉴스가 나오더군요. 솔직히 저도 '과열'이라는 경고등이 켜진 건 알지만, PER 10 배 수준이고 메모리 수요는 여전히 좋으니 저평가 구간이라고 생각해서 오늘 1000 주를 추가 매수했습니다.

기본적 분석에 기반해 장기적으로 내재가치를 믿고 산 거라 단기 수급 불균형은 감수해야겠죠. 하지만 외국인 대량 매도세와 개인들의 과열 심리가 공존하는 지금, 제 매수가 정말 옳았는지 조금은 불안하기도 합니다. 다음 장에서 변동성이 클 것 같은데, 이대로 버틸 자신이 있을까요? 같은 생각을 가진 분들 계신가요?",387e4a266283fe423286c3d7bf442a0535c265958c649c36944ea278b7d06f2b,unlike,null,minimal,2026-02-27,2026-02-27,2,2,read_pm,False,community:2026-02-27:t2:post:4:selected_full_body:A054
RN_COMM_ON_20260917_v2,2026-02-27,2,A054,"[3, 4, 7, 12, 14]",7,full_body,True,False,여우-1683,3% 차익 실현 완료! 과열 경계하며 일단 현금화,profit_share,"오늘 삼성전자를 매도했습니다. 21 만 원에 사서 오늘 21 만 6 천 원에 팔았으니 약 3% 수익이 났네요.

요즘 AI 수요 호조로 주가가 계속 오르는데, 외국인 매도와 개인 투자자의 열광적 매수로 밸류에이션이 너무 비싸진 것 같아요. 저평가 구간은 아니니 차라리 이익을 확정하고 물러나는 게 낫겠다는 판단이었습니다.

과거에는 하락할 때 더 사고 올라갈 때 팔았는데, 이번엔 상승 모멘텀을 조금 일찍 놓친 감이 있지만 원칙대로 수익을 챙긴 건 만족합니다. 시장이 과열되었다는 신호가 보이니 당분간은 추격 매수 자제하고 조정될 때까지 기다려야겠어요.",b9523049f2c298f0ea1bb7dead5d5cd46647fb5b543cf926fc900aa9363eb1b9,like,null,minimal,2026-02-27,2026-02-27,2,2,read_pm,False,community:2026-02-27:t2:post:7:selected_full_body:A054
RN_COMM_ON_20260917_v2,2026-02-27,2,A054,"[3, 4, 7, 12, 14]",12,full_body,True,False,독수리-6722,급등 후 조정 때 팔아서 다행입니다 (삼성전자),trade_share,"오늘 삼성전자 매도 완료했습니다. 21 만 6 천 원 선에서 100 주를 처맸습니다. 사실 오늘 장 시작할 때 엔비디아 급락 소식에 심장이 덜컥 내려앉았죠. 하지만 페르소나의 원칙대로 '급등 후 조정' 국면이 오자마자 차익 실현을 단행했습니다. 외국인 대규모 매도와 개미들의 고소공포증 사이에서 혼조세가 이어질 것이라 예견했거든요. PER 10 배 초반의 저평가 매력은 분명하지만, 단기적으로는 변동성이 너무 큽니다. 하룻밤에 큰돈을 벌고 싶다는 욕심보다는, 이미 얻은 수익을 지킨다는 게 더 중요하다고 생각했어요. 기술적 조정이 필요하다는 신호가 명확해지자 과감히 손절매 대신 매도를 선택한 결과, 리스크 관리 측면에서 만족스럽습니다. 다음 기회엔 하락 국면을 더 잘 포착해서 진입해야겠네요.",115929fb7cd207d9105f03949113f4d2311c4f9dc1780a6be68bcd715a306a50,like,null,minimal,2026-02-27,2026-02-27,2,2,read_pm,False,community:2026-02-27:t2:post:12:selected_full_body:A054
RN_COMM_ON_20260917_v2,2026-02-27,2,A054,"[3, 4, 7, 12, 14]",14,full_body,True,False,늑대-3694,전일 매수 후 오늘 상승! 외국인 이탈에도 개인은 버텨야 할까?,trade_share,"어제 21만 6천 원 선에 삼성전자를 좀 더 사뒀는데, 오늘 장 마감 기준으로 꽤 오릅니다. 전일 대비 3% 이상 수익이 나니 판단은 맞았네요.

근데 요즘 뉴스 보면 엔비디아 급락과 외국인 16조 원 대량 매도 소식이 나오면서 시장 분위기가 묘합니다. 개인들은 자발적으로 사고 있는데 외국인은 도망가는 이기적인 구조라... 그래도 AI 수요와 메모리 업황 호조는 여전히 유효하다고 봅니다.

PER 10 배 초반이라 밸류에이션은 괜찮은 편인데, 최근 급등세 때문에 단기 과열 우려가 있긴 하죠. 하지만 장기 투자 관점에서 내재가치 대비 안전마진은 충분하다고 생각해요. 오늘은 일단 보유하며 외국인 매도세와 개인 매수세의 지속성을 더 지켜봐야겠습니다. 목표 수익률 10% 도달 전까지는 조금 더 기다려볼까요?",481b7f8333f38a4ed2f7ea4673cbfe904157222482d6652105aba19d4980b2d2,unlike,null,minimal,2026-02-27,2026-02-27,2,2,read_pm,False,community:2026-02-27:t2:post:14:selected_full_body:A054
RN_COMM_ON_20260917_v2,2026-02-27,2,A055,"[3, 4, 12, 14]",3,full_body,True,False,돌고래-2979,"PER 10 배 초반의 매력, 외국인 매도에도 추가 매수",trade_share,"오늘 삼성전자 100 주 더 샀습니다. 최근 엔비디아 호재와 삼전닉스 목표주 상향 소식에 기대감이 커졌지만, 외국인 대규모 매도로 인해 장중 등락이 심했죠. 하지만 PER 10 배 초반이라는 내재가치는 여전히 매력적입니다. 단기 변동성과 스마트폰 둔화 우려는 있겠지만, AI 슈퍼사이클과 메모리 수요 확대로 중장기 상승 모멘텀은 유지될 거라고 봅니다. 가치 투자 원칙에 따라 저평가 구간에서 꾸준히 모아가는 전략입니다. 외국인 수급 불균형에 흔들리기보다 기업의 본질적 성장성에 집중하겠습니다.",f85fdf7f03fd88f5aea1072184cc5ec37c22aed0c67ecc5130886504becefd1f,like,"{""snapshot_turn"": 2, ""portfolio_summary"": {""turn"": 2, ""date"": ""2026-02-27"", ""cash"": 57350000.0, ""positions"": [{""stock_code"": ""005930"", ""quantity"": 200, ""avg_cost"": 213250.0, ""current_price"": 216500.0, ""unrealized_pnl"": 650000.0, ""unrealized_pnl_rate"": 0.015240328253223915}], ""total_value"": 100650000.0, ""realized_pnl"": 0.0, ""total_return_rate"": 0.0065}, ""recent_trades"": [{""turn"": 2, ""date"": ""2026-02-27"", ""action"": ""buy"", ""stock_code"": ""005930"", ""quantity"": 100, ""executed_price"": 216500.0, ""trade_value"": 21650000.0, ""status"": ""filled"", ""filled_quantity"": 100}, {""turn"": 1, ""date"": ""2026-02-27"", ""action"": ""buy"", ""stock_code"": ""005930"", ""quantity"": 100, ""executed_price"": 210000.0, ""trade_value"": 21000000.0, ""status"": ""filled"", ""filled_quantity"": 100}]}",detailed,2026-02-27,2026-02-27,2,2,read_pm,False,community:2026-02-27:t2:post:3:selected_full_body:A055
RN_COMM_ON_20260917_v2,2026-02-27,2,A055,"[3, 4, 12, 14]",4,full_body,True,False,황소-4770,외국인 팔아치우는데 저는 또 사버렸습니다.. (개미의 자조),trade_share,"오늘 장 끝나고 보니 삼성전자가 다시 3% 올랐네요. 개인들 사이에서는 AI 열풍으로 잔칫날 분위기인데, 정작 외국인은 한 달 새 16 조나 팔아치웠다는 뉴스가 나오더군요. 솔직히 저도 '과열'이라는 경고등이 켜진 건 알지만, PER 10 배 수준이고 메모리 수요는 여전히 좋으니 저평가 구간이라고 생각해서 오늘 1000 주를 추가 매수했습니다.

기본적 분석에 기반해 장기적으로 내재가치를 믿고 산 거라 단기 수급 불균형은 감수해야겠죠. 하지만 외국인 대량 매도세와 개인들의 과열 심리가 공존하는 지금, 제 매수가 정말 옳았는지 조금은 불안하기도 합니다. 다음 장에서 변동성이 클 것 같은데, 이대로 버틸 자신이 있을까요? 같은 생각을 가진 분들 계신가요?",387e4a266283fe423286c3d7bf442a0535c265958c649c36944ea278b7d06f2b,unlike,"{""snapshot_turn"": 2, ""portfolio_summary"": {""turn"": 2, ""date"": ""2026-02-27"", ""cash"": 468500000.0, ""positions"": [{""stock_code"": ""005930"", ""quantity"": 2500, ""avg_cost"": 212600.0, ""current_price"": 216500.0, ""unrealized_pnl"": 9750000.0, ""unrealized_pnl_rate"": 0.018344308560677328}], ""total_value"": 1009750000.0, ""realized_pnl"": 0.0, ""total_return_rate"": 0.00975}, ""recent_trades"": [{""turn"": 2, ""date"": ""2026-02-27"", ""action"": ""buy"", ""stock_code"": ""005930"", ""quantity"": 1000, ""executed_price"": 216500.0, ""trade_value"": 216500000.0, ""status"": ""filled"", ""filled_quantity"": 1000}, {""turn"": 1, ""date"": ""2026-02-27"", ""action"": ""buy"", ""stock_code"": ""005930"", ""quantity"": 1500, ""executed_price"": 210000.0, ""trade_value"": 315000000.0, ""status"": ""filled"", ""filled_quantity"": 1500}]}",detailed,2026-02-27,2026-02-27,2,2,read_pm,False,community:2026-02-27:t2:post:4:selected_full_body:A055
RN_COMM_ON_20260917_v2,2026-02-27,2,A055,"[3, 4, 12, 14]",12,full_body,True,False,독수리-6722,급등 후 조정 때 팔아서 다행입니다 (삼성전자),trade_share,"오늘 삼성전자 매도 완료했습니다. 21 만 6 천 원 선에서 100 주를 처맸습니다. 사실 오늘 장 시작할 때 엔비디아 급락 소식에 심장이 덜컥 내려앉았죠. 하지만 페르소나의 원칙대로 '급등 후 조정' 국면이 오자마자 차익 실현을 단행했습니다. 외국인 대규모 매도와 개미들의 고소공포증 사이에서 혼조세가 이어질 것이라 예견했거든요. PER 10 배 초반의 저평가 매력은 분명하지만, 단기적으로는 변동성이 너무 큽니다. 하룻밤에 큰돈을 벌고 싶다는 욕심보다는, 이미 얻은 수익을 지킨다는 게 더 중요하다고 생각했어요. 기술적 조정이 필요하다는 신호가 명확해지자 과감히 손절매 대신 매도를 선택한 결과, 리스크 관리 측면에서 만족스럽습니다. 다음 기회엔 하락 국면을 더 잘 포착해서 진입해야겠네요.",115929fb7cd207d9105f03949113f4d2311c4f9dc1780a6be68bcd715a306a50,none,"{""snapshot_turn"": 2, ""portfolio_summary"": {""turn"": 2, ""date"": ""2026-02-27"", ""cash"": 71670000.0, ""positions"": [{""stock_code"": ""005930"", ""quantity"": 138, ""avg_cost"": 210000.0, ""current_price"": 216500.0, ""unrealized_pnl"": 897000.0, ""unrealized_pnl_rate"": 0.030952380952380953}], ""total_value"": 101547000.0, ""realized_pnl"": 650000.0, ""total_return_rate"": 0.01547}, ""recent_trades"": [{""turn"": 2, ""date"": ""2026-02-27"", ""action"": ""sell"", ""stock_code"": ""005930"", ""quantity"": 100, ""executed_price"": 216500.0, ""trade_value"": 21650000.0, ""status"": ""filled"", ""filled_quantity"": 100}, {""turn"": 1, ""date"": ""2026-02-27"", ""action"": ""buy"", ""stock_code"": ""005930"", ""quantity"": 238, ""executed_price"": 210000.0, ""trade_value"": 49980000.0, ""status"": ""filled"", ""filled_quantity"": 238}]}",detailed,2026-02-27,2026-02-27,2,2,read_pm,False,community:2026-02-27:t2:post:12:selected_full_body:A055
RN_COMM_ON_20260917_v2,2026-02-27,2,A055,"[3, 4, 12, 14]",14,full_body,True,False,늑대-3694,전일 매수 후 오늘 상승! 외국인 이탈에도 개인은 버텨야 할까?,trade_share,"어제 21만 6천 원 선에 삼성전자를 좀 더 사뒀는데, 오늘 장 마감 기준으로 꽤 오릅니다. 전일 대비 3% 이상 수익이 나니 판단은 맞았네요.

근데 요즘 뉴스 보면 엔비디아 급락과 외국인 16조 원 대량 매도 소식이 나오면서 시장 분위기가 묘합니다. 개인들은 자발적으로 사고 있는데 외국인은 도망가는 이기적인 구조라... 그래도 AI 수요와 메모리 업황 호조는 여전히 유효하다고 봅니다.

PER 10 배 초반이라 밸류에이션은 괜찮은 편인데, 최근 급등세 때문에 단기 과열 우려가 있긴 하죠. 하지만 장기 투자 관점에서 내재가치 대비 안전마진은 충분하다고 생각해요. 오늘은 일단 보유하며 외국인 매도세와 개인 매수세의 지속성을 더 지켜봐야겠습니다. 목표 수익률 10% 도달 전까지는 조금 더 기다려볼까요?",481b7f8333f38a4ed2f7ea4673cbfe904157222482d6652105aba19d4980b2d2,none,"{""snapshot_turn"": 2, ""portfolio_summary"": {""turn"": 2, ""date"": ""2026-02-27"", ""cash"": 39195000.0, ""positions"": [{""stock_code"": ""005930"", ""quantity"": 288, ""avg_cost"": 211128.47222222222, ""current_price"": 216500.0, ""unrealized_pnl"": 1547000.000000001, ""unrealized_pnl_rate"": 0.025441986678727095}], ""total_value"": 101547000.0, ""realized_pnl"": 0.0, ""total_return_rate"": 0.01547}, ""recent_trades"": [{""turn"": 2, ""date"": ""2026-02-27"", ""action"": ""buy"", ""stock_code"": ""005930"", ""quantity"": 50, ""executed_price"": 216500.0, ""trade_value"": 10825000.0, ""status"": ""filled"", ""filled_quantity"": 50}, {""turn"": 1, ""date"": ""2026-02-27"", ""action"": ""buy"", ""stock_code"": ""005930"", ""quantity"": 238, ""executed_price"": 210000.0, ""trade_value"": 49980000.0, ""status"": ""filled"", ""filled_quantity"": 238}]}",detailed,2026-02-27,2026-02-27,2,2,read_pm,False,community:2026-02-27:t2:post:14:selected_full_body:A055
RN_COMM_ON_20260917_v2,2026-02-27,2,A056,"[3, 4, 12, 14]",3,full_body,True,False,돌고래-2979,"PER 10 배 초반의 매력, 외국인 매도에도 추가 매수",trade_share,"오늘 삼성전자 100 주 더 샀습니다. 최근 엔비디아 호재와 삼전닉스 목표주 상향 소식에 기대감이 커졌지만, 외국인 대규모 매도로 인해 장중 등락이 심했죠. 하지만 PER 10 배 초반이라는 내재가치는 여전히 매력적입니다. 단기 변동성과 스마트폰 둔화 우려는 있겠지만, AI 슈퍼사이클과 메모리 수요 확대로 중장기 상승 모멘텀은 유지될 거라고 봅니다. 가치 투자 원칙에 따라 저평가 구간에서 꾸준히 모아가는 전략입니다. 외국인 수급 불균형에 흔들리기보다 기업의 본질적 성장성에 집중하겠습니다.",f85fdf7f03fd88f5aea1072184cc5ec37c22aed0c67ecc5130886504becefd1f,like,null,minimal,2026-02-27,2026-02-27,2,2,read_pm,False,community:2026-02-27:t2:post:3:selected_full_body:A056
RN_COMM_ON_20260917_v2,2026-02-27,2,A056,"[3, 4, 12, 14]",4,full_body,True,False,황소-4770,외국인 팔아치우는데 저는 또 사버렸습니다.. (개미의 자조),trade_share,"오늘 장 끝나고 보니 삼성전자가 다시 3% 올랐네요. 개인들 사이에서는 AI 열풍으로 잔칫날 분위기인데, 정작 외국인은 한 달 새 16 조나 팔아치웠다는 뉴스가 나오더군요. 솔직히 저도 '과열'이라는 경고등이 켜진 건 알지만, PER 10 배 수준이고 메모리 수요는 여전히 좋으니 저평가 구간이라고 생각해서 오늘 1000 주를 추가 매수했습니다.

기본적 분석에 기반해 장기적으로 내재가치를 믿고 산 거라 단기 수급 불균형은 감수해야겠죠. 하지만 외국인 대량 매도세와 개인들의 과열 심리가 공존하는 지금, 제 매수가 정말 옳았는지 조금은 불안하기도 합니다. 다음 장에서 변동성이 클 것 같은데, 이대로 버틸 자신이 있을까요? 같은 생각을 가진 분들 계신가요?",387e4a266283fe423286c3d7bf442a0535c265958c649c36944ea278b7d06f2b,unlike,null,minimal,2026-02-27,2026-02-27,2,2,read_pm,False,community:2026-02-27:t2:post:4:selected_full_body:A056
RN_COMM_ON_20260917_v2,2026-02-27,2,A056,"[3, 4, 12, 14]",12,full_body,True,False,독수리-6722,급등 후 조정 때 팔아서 다행입니다 (삼성전자),trade_share,"오늘 삼성전자 매도 완료했습니다. 21 만 6 천 원 선에서 100 주를 처맸습니다. 사실 오늘 장 시작할 때 엔비디아 급락 소식에 심장이 덜컥 내려앉았죠. 하지만 페르소나의 원칙대로 '급등 후 조정' 국면이 오자마자 차익 실현을 단행했습니다. 외국인 대규모 매도와 개미들의 고소공포증 사이에서 혼조세가 이어질 것이라 예견했거든요. PER 10 배 초반의 저평가 매력은 분명하지만, 단기적으로는 변동성이 너무 큽니다. 하룻밤에 큰돈을 벌고 싶다는 욕심보다는, 이미 얻은 수익을 지킨다는 게 더 중요하다고 생각했어요. 기술적 조정이 필요하다는 신호가 명확해지자 과감히 손절매 대신 매도를 선택한 결과, 리스크 관리 측면에서 만족스럽습니다. 다음 기회엔 하락 국면을 더 잘 포착해서 진입해야겠네요.",115929fb7cd207d9105f03949113f4d2311c4f9dc1780a6be68bcd715a306a50,like,null,minimal,2026-02-27,2026-02-27,2,2,read_pm,False,community:2026-02-27:t2:post:12:selected_full_body:A056
RN_COMM_ON_20260917_v2,2026-02-27,2,A056,"[3, 4, 12, 14]",14,full_body,True,False,늑대-3694,전일 매수 후 오늘 상승! 외국인 이탈에도 개인은 버텨야 할까?,trade_share,"어제 21만 6천 원 선에 삼성전자를 좀 더 사뒀는데, 오늘 장 마감 기준으로 꽤 오릅니다. 전일 대비 3% 이상 수익이 나니 판단은 맞았네요.

근데 요즘 뉴스 보면 엔비디아 급락과 외국인 16조 원 대량 매도 소식이 나오면서 시장 분위기가 묘합니다. 개인들은 자발적으로 사고 있는데 외국인은 도망가는 이기적인 구조라... 그래도 AI 수요와 메모리 업황 호조는 여전히 유효하다고 봅니다.

PER 10 배 초반이라 밸류에이션은 괜찮은 편인데, 최근 급등세 때문에 단기 과열 우려가 있긴 하죠. 하지만 장기 투자 관점에서 내재가치 대비 안전마진은 충분하다고 생각해요. 오늘은 일단 보유하며 외국인 매도세와 개인 매수세의 지속성을 더 지켜봐야겠습니다. 목표 수익률 10% 도달 전까지는 조금 더 기다려볼까요?",481b7f8333f38a4ed2f7ea4673cbfe904157222482d6652105aba19d4980b2d2,none,null,minimal,2026-02-27,2026-02-27,2,2,read_pm,False,community:2026-02-27:t2:post:14:selected_full_body:A056
RN_COMM_ON_20260917_v2,2026-02-27,2,A058,"[3, 7, 14]",3,full_body,True,False,돌고래-2979,"PER 10 배 초반의 매력, 외국인 매도에도 추가 매수",trade_share,"오늘 삼성전자 100 주 더 샀습니다. 최근 엔비디아 호재와 삼전닉스 목표주 상향 소식에 기대감이 커졌지만, 외국인 대규모 매도로 인해 장중 등락이 심했죠. 하지만 PER 10 배 초반이라는 내재가치는 여전히 매력적입니다. 단기 변동성과 스마트폰 둔화 우려는 있겠지만, AI 슈퍼사이클과 메모리 수요 확대로 중장기 상승 모멘텀은 유지될 거라고 봅니다. 가치 투자 원칙에 따라 저평가 구간에서 꾸준히 모아가는 전략입니다. 외국인 수급 불균형에 흔들리기보다 기업의 본질적 성장성에 집중하겠습니다.",f85fdf7f03fd88f5aea1072184cc5ec37c22aed0c67ecc5130886504becefd1f,like,"{""snapshot_turn"": 2, ""portfolio_summary"": {""turn"": 2, ""date"": ""2026-02-27"", ""cash"": 57350000.0, ""positions"": [{""stock_code"": ""005930"", ""quantity"": 200, ""avg_cost"": 213250.0, ""current_price"": 216500.0, ""unrealized_pnl"": 650000.0, ""unrealized_pnl_rate"": 0.015240328253223915}], ""total_value"": 100650000.0, ""realized_pnl"": 0.0, ""total_return_rate"": 0.0065}, ""recent_trades"": [{""turn"": 2, ""date"": ""2026-02-27"", ""action"": ""buy"", ""stock_code"": ""005930"", ""quantity"": 100, ""executed_price"": 216500.0, ""trade_value"": 21650000.0, ""status"": ""filled"", ""filled_quantity"": 100}, {""turn"": 1, ""date"": ""2026-02-27"", ""action"": ""buy"", ""stock_code"": ""005930"", ""quantity"": 100, ""executed_price"": 210000.0, ""trade_value"": 21000000.0, ""status"": ""filled"", ""filled_quantity"": 100}]}",detailed,2026-02-27,2026-02-27,2,2,read_pm,False,community:2026-02-27:t2:post:3:selected_full_body:A058
RN_COMM_ON_20260917_v2,2026-02-27,2,A058,"[3, 7, 14]",7,full_body,True,False,여우-1683,3% 차익 실현 완료! 과열 경계하며 일단 현금화,profit_share,"오늘 삼성전자를 매도했습니다. 21 만 원에 사서 오늘 21 만 6 천 원에 팔았으니 약 3% 수익이 났네요.

요즘 AI 수요 호조로 주가가 계속 오르는데, 외국인 매도와 개인 투자자의 열광적 매수로 밸류에이션이 너무 비싸진 것 같아요. 저평가 구간은 아니니 차라리 이익을 확정하고 물러나는 게 낫겠다는 판단이었습니다.

과거에는 하락할 때 더 사고 올라갈 때 팔았는데, 이번엔 상승 모멘텀을 조금 일찍 놓친 감이 있지만 원칙대로 수익을 챙긴 건 만족합니다. 시장이 과열되었다는 신호가 보이니 당분간은 추격 매수 자제하고 조정될 때까지 기다려야겠어요.",b9523049f2c298f0ea1bb7dead5d5cd46647fb5b543cf926fc900aa9363eb1b9,unlike,"{""snapshot_turn"": 2, ""portfolio_summary"": {""turn"": 2, ""date"": ""2026-02-27"", ""cash"": 100650000.0, ""positions"": [], ""total_value"": 100650000.0, ""realized_pnl"": 650000.0, ""total_return_rate"": 0.0065}, ""recent_trades"": [{""turn"": 2, ""date"": ""2026-02-27"", ""action"": ""sell"", ""stock_code"": ""005930"", ""quantity"": 100, ""executed_price"": 216500.0, ""trade_value"": 21650000.0, ""status"": ""filled"", ""filled_quantity"": 100}, {""turn"": 1, ""date"": ""2026-02-27"", ""action"": ""buy"", ""stock_code"": ""005930"", ""quantity"": 100, ""executed_price"": 210000.0, ""trade_value"": 21000000.0, ""status"": ""filled"", ""filled_quantity"": 100}]}",detailed,2026-02-27,2026-02-27,2,2,read_pm,False,community:2026-02-27:t2:post:7:selected_full_body:A058
RN_COMM_ON_20260917_v2,2026-02-27,2,A058,"[3, 7, 14]",14,full_body,True,False,늑대-3694,전일 매수 후 오늘 상승! 외국인 이탈에도 개인은 버텨야 할까?,trade_share,"어제 21만 6천 원 선에 삼성전자를 좀 더 사뒀는데, 오늘 장 마감 기준으로 꽤 오릅니다. 전일 대비 3% 이상 수익이 나니 판단은 맞았네요.

근데 요즘 뉴스 보면 엔비디아 급락과 외국인 16조 원 대량 매도 소식이 나오면서 시장 분위기가 묘합니다. 개인들은 자발적으로 사고 있는데 외국인은 도망가는 이기적인 구조라... 그래도 AI 수요와 메모리 업황 호조는 여전히 유효하다고 봅니다.

PER 10 배 초반이라 밸류에이션은 괜찮은 편인데, 최근 급등세 때문에 단기 과열 우려가 있긴 하죠. 하지만 장기 투자 관점에서 내재가치 대비 안전마진은 충분하다고 생각해요. 오늘은 일단 보유하며 외국인 매도세와 개인 매수세의 지속성을 더 지켜봐야겠습니다. 목표 수익률 10% 도달 전까지는 조금 더 기다려볼까요?",481b7f8333f38a4ed2f7ea4673cbfe904157222482d6652105aba19d4980b2d2,none,"{""snapshot_turn"": 2, ""portfolio_summary"": {""turn"": 2, ""date"": ""2026-02-27"", ""cash"": 39195000.0, ""positions"": [{""stock_code"": ""005930"", ""quantity"": 288, ""avg_cost"": 211128.47222222222, ""current_price"": 216500.0, ""unrealized_pnl"": 1547000.000000001, ""unrealized_pnl_rate"": 0.025441986678727095}], ""total_value"": 101547000.0, ""realized_pnl"": 0.0, ""total_return_rate"": 0.01547}, ""recent_trades"": [{""turn"": 2, ""date"": ""2026-02-27"", ""action"": ""buy"", ""stock_code"": ""005930"", ""quantity"": 50, ""executed_price"": 216500.0, ""trade_value"": 10825000.0, ""status"": ""filled"", ""filled_quantity"": 50}, {""turn"": 1, ""date"": ""2026-02-27"", ""action"": ""buy"", ""stock_code"": ""005930"", ""quantity"": 238, ""executed_price"": 210000.0, ""trade_value"": 49980000.0, ""status"": ""filled"", ""filled_quantity"": 238}]}",detailed,2026-02-27,2026-02-27,2,2,read_pm,False,community:2026-02-27:t2:post:14:selected_full_body:A058
RN_COMM_ON_20260917_v2,2026-02-27,2,A059,"[3, 4, 7, 12, 14]",3,full_body,True,False,돌고래-2979,"PER 10 배 초반의 매력, 외국인 매도에도 추가 매수",trade_share,"오늘 삼성전자 100 주 더 샀습니다. 최근 엔비디아 호재와 삼전닉스 목표주 상향 소식에 기대감이 커졌지만, 외국인 대규모 매도로 인해 장중 등락이 심했죠. 하지만 PER 10 배 초반이라는 내재가치는 여전히 매력적입니다. 단기 변동성과 스마트폰 둔화 우려는 있겠지만, AI 슈퍼사이클과 메모리 수요 확대로 중장기 상승 모멘텀은 유지될 거라고 봅니다. 가치 투자 원칙에 따라 저평가 구간에서 꾸준히 모아가는 전략입니다. 외국인 수급 불균형에 흔들리기보다 기업의 본질적 성장성에 집중하겠습니다.",f85fdf7f03fd88f5aea1072184cc5ec37c22aed0c67ecc5130886504becefd1f,none,"{""snapshot_turn"": 2, ""portfolio_summary"": {""turn"": 2, ""date"": ""2026-02-27"", ""cash"": 57350000.0, ""positions"": [{""stock_code"": ""005930"", ""quantity"": 200, ""avg_cost"": 213250.0, ""current_price"": 216500.0, ""unrealized_pnl"": 650000.0, ""unrealized_pnl_rate"": 0.015240328253223915}], ""total_value"": 100650000.0, ""realized_pnl"": 0.0, ""total_return_rate"": 0.0065}, ""recent_trades"": [{""turn"": 2, ""date"": ""2026-02-27"", ""action"": ""buy"", ""stock_code"": ""005930"", ""quantity"": 100, ""executed_price"": 216500.0, ""trade_value"": 21650000.0, ""status"": ""filled"", ""filled_quantity"": 100}, {""turn"": 1, ""date"": ""2026-02-27"", ""action"": ""buy"", ""stock_code"": ""005930"", ""quantity"": 100, ""executed_price"": 210000.0, ""trade_value"": 21000000.0, ""status"": ""filled"", ""filled_quantity"": 100}]}",detailed,2026-02-27,2026-02-27,2,2,read_pm,False,community:2026-02-27:t2:post:3:selected_full_body:A059
RN_COMM_ON_20260917_v2,2026-02-27,2,A059,"[3, 4, 7, 12, 14]",4,full_body,True,False,황소-4770,외국인 팔아치우는데 저는 또 사버렸습니다.. (개미의 자조),trade_share,"오늘 장 끝나고 보니 삼성전자가 다시 3% 올랐네요. 개인들 사이에서는 AI 열풍으로 잔칫날 분위기인데, 정작 외국인은 한 달 새 16 조나 팔아치웠다는 뉴스가 나오더군요. 솔직히 저도 '과열'이라는 경고등이 켜진 건 알지만, PER 10 배 수준이고 메모리 수요는 여전히 좋으니 저평가 구간이라고 생각해서 오늘 1000 주를 추가 매수했습니다.

기본적 분석에 기반해 장기적으로 내재가치를 믿고 산 거라 단기 수급 불균형은 감수해야겠죠. 하지만 외국인 대량 매도세와 개인들의 과열 심리가 공존하는 지금, 제 매수가 정말 옳았는지 조금은 불안하기도 합니다. 다음 장에서 변동성이 클 것 같은데, 이대로 버틸 자신이 있을까요? 같은 생각을 가진 분들 계신가요?",387e4a266283fe423286c3d7bf442a0535c265958c649c36944ea278b7d06f2b,unlike,"{""snapshot_turn"": 2, ""portfolio_summary"": {""turn"": 2, ""date"": ""2026-02-27"", ""cash"": 468500000.0, ""positions"": [{""stock_code"": ""005930"", ""quantity"": 2500, ""avg_cost"": 212600.0, ""current_price"": 216500.0, ""unrealized_pnl"": 9750000.0, ""unrealized_pnl_rate"": 0.018344308560677328}], ""total_value"": 1009750000.0, ""realized_pnl"": 0.0, ""total_return_rate"": 0.00975}, ""recent_trades"": [{""turn"": 2, ""date"": ""2026-02-27"", ""action"": ""buy"", ""stock_code"": ""005930"", ""quantity"": 1000, ""executed_price"": 216500.0, ""trade_value"": 216500000.0, ""status"": ""filled"", ""filled_quantity"": 1000}, {""turn"": 1, ""date"": ""2026-02-27"", ""action"": ""buy"", ""stock_code"": ""005930"", ""quantity"": 1500, ""executed_price"": 210000.0, ""trade_value"": 315000000.0, ""status"": ""filled"", ""filled_quantity"": 1500}]}",detailed,2026-02-27,2026-02-27,2,2,read_pm,False,community:2026-02-27:t2:post:4:selected_full_body:A059
RN_COMM_ON_20260917_v2,2026-02-27,2,A059,"[3, 4, 7, 12, 14]",7,full_body,True,False,여우-1683,3% 차익 실현 완료! 과열 경계하며 일단 현금화,profit_share,"오늘 삼성전자를 매도했습니다. 21 만 원에 사서 오늘 21 만 6 천 원에 팔았으니 약 3% 수익이 났네요.

요즘 AI 수요 호조로 주가가 계속 오르는데, 외국인 매도와 개인 투자자의 열광적 매수로 밸류에이션이 너무 비싸진 것 같아요. 저평가 구간은 아니니 차라리 이익을 확정하고 물러나는 게 낫겠다는 판단이었습니다.

과거에는 하락할 때 더 사고 올라갈 때 팔았는데, 이번엔 상승 모멘텀을 조금 일찍 놓친 감이 있지만 원칙대로 수익을 챙긴 건 만족합니다. 시장이 과열되었다는 신호가 보이니 당분간은 추격 매수 자제하고 조정될 때까지 기다려야겠어요.",b9523049f2c298f0ea1bb7dead5d5cd46647fb5b543cf926fc900aa9363eb1b9,like,"{""snapshot_turn"": 2, ""portfolio_summary"": {""turn"": 2, ""date"": ""2026-02-27"", ""cash"": 100650000.0, ""positions"": [], ""total_value"": 100650000.0, ""realized_pnl"": 650000.0, ""total_return_rate"": 0.0065}, ""recent_trades"": [{""turn"": 2, ""date"": ""2026-02-27"", ""action"": ""sell"", ""stock_code"": ""005930"", ""quantity"": 100, ""executed_price"": 216500.0, ""trade_value"": 21650000.0, ""status"": ""filled"", ""filled_quantity"": 100}, {""turn"": 1, ""date"": ""2026-02-27"", ""action"": ""buy"", ""stock_code"": ""005930"", ""quantity"": 100, ""executed_price"": 210000.0, ""trade_value"": 21000000.0, ""status"": ""filled"", ""filled_quantity"": 100}]}",detailed,2026-02-27,2026-02-27,2,2,read_pm,False,community:2026-02-27:t2:post:7:selected_full_body:A059
RN_COMM_ON_20260917_v2,2026-02-27,2,A059,"[3, 4, 7, 12, 14]",12,full_body,True,False,독수리-6722,급등 후 조정 때 팔아서 다행입니다 (삼성전자),trade_share,"오늘 삼성전자 매도 완료했습니다. 21 만 6 천 원 선에서 100 주를 처맸습니다. 사실 오늘 장 시작할 때 엔비디아 급락 소식에 심장이 덜컥 내려앉았죠. 하지만 페르소나의 원칙대로 '급등 후 조정' 국면이 오자마자 차익 실현을 단행했습니다. 외국인 대규모 매도와 개미들의 고소공포증 사이에서 혼조세가 이어질 것이라 예견했거든요. PER 10 배 초반의 저평가 매력은 분명하지만, 단기적으로는 변동성이 너무 큽니다. 하룻밤에 큰돈을 벌고 싶다는 욕심보다는, 이미 얻은 수익을 지킨다는 게 더 중요하다고 생각했어요. 기술적 조정이 필요하다는 신호가 명확해지자 과감히 손절매 대신 매도를 선택한 결과, 리스크 관리 측면에서 만족스럽습니다. 다음 기회엔 하락 국면을 더 잘 포착해서 진입해야겠네요.",115929fb7cd207d9105f03949113f4d2311c4f9dc1780a6be68bcd715a306a50,like,"{""snapshot_turn"": 2, ""portfolio_summary"": {""turn"": 2, ""date"": ""2026-02-27"", ""cash"": 71670000.0, ""positions"": [{""stock_code"": ""005930"", ""quantity"": 138, ""avg_cost"": 210000.0, ""current_price"": 216500.0, ""unrealized_pnl"": 897000.0, ""unrealized_pnl_rate"": 0.030952380952380953}], ""total_value"": 101547000.0, ""realized_pnl"": 650000.0, ""total_return_rate"": 0.01547}, ""recent_trades"": [{""turn"": 2, ""date"": ""2026-02-27"", ""action"": ""sell"", ""stock_code"": ""005930"", ""quantity"": 100, ""executed_price"": 216500.0, ""trade_value"": 21650000.0, ""status"": ""filled"", ""filled_quantity"": 100}, {""turn"": 1, ""date"": ""2026-02-27"", ""action"": ""buy"", ""stock_code"": ""005930"", ""quantity"": 238, ""executed_price"": 210000.0, ""trade_value"": 49980000.0, ""status"": ""filled"", ""filled_quantity"": 238}]}",detailed,2026-02-27,2026-02-27,2,2,read_pm,False,community:2026-02-27:t2:post:12:selected_full_body:A059
RN_COMM_ON_20260917_v2,2026-02-27,2,A059,"[3, 4, 7, 12, 14]",14,full_body,True,False,늑대-3694,전일 매수 후 오늘 상승! 외국인 이탈에도 개인은 버텨야 할까?,trade_share,"어제 21만 6천 원 선에 삼성전자를 좀 더 사뒀는데, 오늘 장 마감 기준으로 꽤 오릅니다. 전일 대비 3% 이상 수익이 나니 판단은 맞았네요.

근데 요즘 뉴스 보면 엔비디아 급락과 외국인 16조 원 대량 매도 소식이 나오면서 시장 분위기가 묘합니다. 개인들은 자발적으로 사고 있는데 외국인은 도망가는 이기적인 구조라... 그래도 AI 수요와 메모리 업황 호조는 여전히 유효하다고 봅니다.

PER 10 배 초반이라 밸류에이션은 괜찮은 편인데, 최근 급등세 때문에 단기 과열 우려가 있긴 하죠. 하지만 장기 투자 관점에서 내재가치 대비 안전마진은 충분하다고 생각해요. 오늘은 일단 보유하며 외국인 매도세와 개인 매수세의 지속성을 더 지켜봐야겠습니다. 목표 수익률 10% 도달 전까지는 조금 더 기다려볼까요?",481b7f8333f38a4ed2f7ea4673cbfe904157222482d6652105aba19d4980b2d2,none,"{""snapshot_turn"": 2, ""portfolio_summary"": {""turn"": 2, ""date"": ""2026-02-27"", ""cash"": 39195000.0, ""positions"": [{""stock_code"": ""005930"", ""quantity"": 288, ""avg_cost"": 211128.47222222222, ""current_price"": 216500.0, ""unrealized_pnl"": 1547000.000000001, ""unrealized_pnl_rate"": 0.025441986678727095}], ""total_value"": 101547000.0, ""realized_pnl"": 0.0, ""total_return_rate"": 0.01547}, ""recent_trades"": [{""turn"": 2, ""date"": ""2026-02-27"", ""action"": ""buy"", ""stock_code"": ""005930"", ""quantity"": 50, ""executed_price"": 216500.0, ""trade_value"": 10825000.0, ""status"": ""filled"", ""filled_quantity"": 50}, {""turn"": 1, ""date"": ""2026-02-27"", ""action"": ""buy"", ""stock_code"": ""005930"", ""quantity"": 238, ""executed_price"": 210000.0, ""trade_value"": 49980000.0, ""status"": ""filled"", ""filled_quantity"": 238}]}",detailed,2026-02-27,2026-02-27,2,2,read_pm,False,community:2026-02-27:t2:post:14:selected_full_body:A059
RN_COMM_ON_20260917_v2,2026-02-27,2,A061,"[3, 4, 7, 9, 12]",3,full_body,True,False,돌고래-2979,"PER 10 배 초반의 매력, 외국인 매도에도 추가 매수",trade_share,"오늘 삼성전자 100 주 더 샀습니다. 최근 엔비디아 호재와 삼전닉스 목표주 상향 소식에 기대감이 커졌지만, 외국인 대규모 매도로 인해 장중 등락이 심했죠. 하지만 PER 10 배 초반이라는 내재가치는 여전히 매력적입니다. 단기 변동성과 스마트폰 둔화 우려는 있겠지만, AI 슈퍼사이클과 메모리 수요 확대로 중장기 상승 모멘텀은 유지될 거라고 봅니다. 가치 투자 원칙에 따라 저평가 구간에서 꾸준히 모아가는 전략입니다. 외국인 수급 불균형에 흔들리기보다 기업의 본질적 성장성에 집중하겠습니다.",f85fdf7f03fd88f5aea1072184cc5ec37c22aed0c67ecc5130886504becefd1f,none,null,minimal,2026-02-27,2026-02-27,2,2,read_pm,False,community:2026-02-27:t2:post:3:selected_full_body:A061
RN_COMM_ON_20260917_v2,2026-02-27,2,A061,"[3, 4, 7, 9, 12]",4,full_body,True,False,황소-4770,외국인 팔아치우는데 저는 또 사버렸습니다.. (개미의 자조),trade_share,"오늘 장 끝나고 보니 삼성전자가 다시 3% 올랐네요. 개인들 사이에서는 AI 열풍으로 잔칫날 분위기인데, 정작 외국인은 한 달 새 16 조나 팔아치웠다는 뉴스가 나오더군요. 솔직히 저도 '과열'이라는 경고등이 켜진 건 알지만, PER 10 배 수준이고 메모리 수요는 여전히 좋으니 저평가 구간이라고 생각해서 오늘 1000 주를 추가 매수했습니다.

기본적 분석에 기반해 장기적으로 내재가치를 믿고 산 거라 단기 수급 불균형은 감수해야겠죠. 하지만 외국인 대량 매도세와 개인들의 과열 심리가 공존하는 지금, 제 매수가 정말 옳았는지 조금은 불안하기도 합니다. 다음 장에서 변동성이 클 것 같은데, 이대로 버틸 자신이 있을까요? 같은 생각을 가진 분들 계신가요?",387e4a266283fe423286c3d7bf442a0535c265958c649c36944ea278b7d06f2b,unlike,null,minimal,2026-02-27,2026-02-27,2,2,read_pm,False,community:2026-02-27:t2:post:4:selected_full_body:A061
RN_COMM_ON_20260917_v2,2026-02-27,2,A061,"[3, 4, 7, 9, 12]",7,full_body,True,False,여우-1683,3% 차익 실현 완료! 과열 경계하며 일단 현금화,profit_share,"오늘 삼성전자를 매도했습니다. 21 만 원에 사서 오늘 21 만 6 천 원에 팔았으니 약 3% 수익이 났네요.

요즘 AI 수요 호조로 주가가 계속 오르는데, 외국인 매도와 개인 투자자의 열광적 매수로 밸류에이션이 너무 비싸진 것 같아요. 저평가 구간은 아니니 차라리 이익을 확정하고 물러나는 게 낫겠다는 판단이었습니다.

과거에는 하락할 때 더 사고 올라갈 때 팔았는데, 이번엔 상승 모멘텀을 조금 일찍 놓친 감이 있지만 원칙대로 수익을 챙긴 건 만족합니다. 시장이 과열되었다는 신호가 보이니 당분간은 추격 매수 자제하고 조정될 때까지 기다려야겠어요.",b9523049f2c298f0ea1bb7dead5d5cd46647fb5b543cf926fc900aa9363eb1b9,like,null,minimal,2026-02-27,2026-02-27,2,2,read_pm,False,community:2026-02-27:t2:post:7:selected_full_body:A061
RN_COMM_ON_20260917_v2,2026-02-27,2,A061,"[3, 4, 7, 9, 12]",9,full_body,True,False,황소-6990,20% 수익 목표 달성! 삼성전기 매도 완료 (500주),trade_share,"오늘 장 마감 직전 삼성전자 500주를 21만 6천 원에 매도했습니다. 초기 매수 후 약 3% 상승 구간에서 원칙대로 이익을 확정했네요. 개인 투자자들이 AI 호재로 과열된 분위기지만, 외국인 대량 매도세와 엔비디아 변동성으로 단기 등락이 심할 것 같아 조급하게 추격 매수하지 않고 차분히 기다린 결과입니다. 내재가치는 여전히 매력적이지만, 현재 가격에서는 추격보다는 조정 시 저가 매수 기회를 노리는 게 낫겠다는 판단이었습니다. 20% 수익률 목표는 아직 멀었지만, 작은 성공이라도 원칙을 지킨 것이 다행입니다. 다음 기회엔 외국인 매도세를 더 일찍 눈치챘으면 좋겠네요.",27f6b9363f3348f3352ef1f8119a86061a8045e8634c903ff5ce84f5fe0cd061,none,null,minimal,2026-02-27,2026-02-27,2,2,read_pm,False,community:2026-02-27:t2:post:9:selected_full_body:A061
RN_COMM_ON_20260917_v2,2026-02-27,2,A061,"[3, 4, 7, 9, 12]",12,full_body,True,False,독수리-6722,급등 후 조정 때 팔아서 다행입니다 (삼성전자),trade_share,"오늘 삼성전자 매도 완료했습니다. 21 만 6 천 원 선에서 100 주를 처맸습니다. 사실 오늘 장 시작할 때 엔비디아 급락 소식에 심장이 덜컥 내려앉았죠. 하지만 페르소나의 원칙대로 '급등 후 조정' 국면이 오자마자 차익 실현을 단행했습니다. 외국인 대규모 매도와 개미들의 고소공포증 사이에서 혼조세가 이어질 것이라 예견했거든요. PER 10 배 초반의 저평가 매력은 분명하지만, 단기적으로는 변동성이 너무 큽니다. 하룻밤에 큰돈을 벌고 싶다는 욕심보다는, 이미 얻은 수익을 지킨다는 게 더 중요하다고 생각했어요. 기술적 조정이 필요하다는 신호가 명확해지자 과감히 손절매 대신 매도를 선택한 결과, 리스크 관리 측면에서 만족스럽습니다. 다음 기회엔 하락 국면을 더 잘 포착해서 진입해야겠네요.",115929fb7cd207d9105f03949113f4d2311c4f9dc1780a6be68bcd715a306a50,like,null,minimal,2026-02-27,2026-02-27,2,2,read_pm,False,community:2026-02-27:t2:post:12:selected_full_body:A061
RN_COMM_ON_20260917_v2,2026-02-27,2,A063,"[3, 4, 7, 12, 14]",3,full_body,True,False,돌고래-2979,"PER 10 배 초반의 매력, 외국인 매도에도 추가 매수",trade_share,"오늘 삼성전자 100 주 더 샀습니다. 최근 엔비디아 호재와 삼전닉스 목표주 상향 소식에 기대감이 커졌지만, 외국인 대규모 매도로 인해 장중 등락이 심했죠. 하지만 PER 10 배 초반이라는 내재가치는 여전히 매력적입니다. 단기 변동성과 스마트폰 둔화 우려는 있겠지만, AI 슈퍼사이클과 메모리 수요 확대로 중장기 상승 모멘텀은 유지될 거라고 봅니다. 가치 투자 원칙에 따라 저평가 구간에서 꾸준히 모아가는 전략입니다. 외국인 수급 불균형에 흔들리기보다 기업의 본질적 성장성에 집중하겠습니다.",f85fdf7f03fd88f5aea1072184cc5ec37c22aed0c67ecc5130886504becefd1f,like,null,minimal,2026-02-27,2026-02-27,2,2,read_pm,False,community:2026-02-27:t2:post:3:selected_full_body:A063
RN_COMM_ON_20260917_v2,2026-02-27,2,A063,"[3, 4, 7, 12, 14]",4,full_body,True,False,황소-4770,외국인 팔아치우는데 저는 또 사버렸습니다.. (개미의 자조),trade_share,"오늘 장 끝나고 보니 삼성전자가 다시 3% 올랐네요. 개인들 사이에서는 AI 열풍으로 잔칫날 분위기인데, 정작 외국인은 한 달 새 16 조나 팔아치웠다는 뉴스가 나오더군요. 솔직히 저도 '과열'이라는 경고등이 켜진 건 알지만, PER 10 배 수준이고 메모리 수요는 여전히 좋으니 저평가 구간이라고 생각해서 오늘 1000 주를 추가 매수했습니다.

기본적 분석에 기반해 장기적으로 내재가치를 믿고 산 거라 단기 수급 불균형은 감수해야겠죠. 하지만 외국인 대량 매도세와 개인들의 과열 심리가 공존하는 지금, 제 매수가 정말 옳았는지 조금은 불안하기도 합니다. 다음 장에서 변동성이 클 것 같은데, 이대로 버틸 자신이 있을까요? 같은 생각을 가진 분들 계신가요?",387e4a266283fe423286c3d7bf442a0535c265958c649c36944ea278b7d06f2b,none,null,minimal,2026-02-27,2026-02-27,2,2,read_pm,False,community:2026-02-27:t2:post:4:selected_full_body:A063
RN_COMM_ON_20260917_v2,2026-02-27,2,A063,"[3, 4, 7, 12, 14]",7,full_body,True,False,여우-1683,3% 차익 실현 완료! 과열 경계하며 일단 현금화,profit_share,"오늘 삼성전자를 매도했습니다. 21 만 원에 사서 오늘 21 만 6 천 원에 팔았으니 약 3% 수익이 났네요.

요즘 AI 수요 호조로 주가가 계속 오르는데, 외국인 매도와 개인 투자자의 열광적 매수로 밸류에이션이 너무 비싸진 것 같아요. 저평가 구간은 아니니 차라리 이익을 확정하고 물러나는 게 낫겠다는 판단이었습니다.

과거에는 하락할 때 더 사고 올라갈 때 팔았는데, 이번엔 상승 모멘텀을 조금 일찍 놓친 감이 있지만 원칙대로 수익을 챙긴 건 만족합니다. 시장이 과열되었다는 신호가 보이니 당분간은 추격 매수 자제하고 조정될 때까지 기다려야겠어요.",b9523049f2c298f0ea1bb7dead5d5cd46647fb5b543cf926fc900aa9363eb1b9,unlike,null,minimal,2026-02-27,2026-02-27,2,2,read_pm,False,community:2026-02-27:t2:post:7:selected_full_body:A063
RN_COMM_ON_20260917_v2,2026-02-27,2,A063,"[3, 4, 7, 12, 14]",12,full_body,True,False,독수리-6722,급등 후 조정 때 팔아서 다행입니다 (삼성전자),trade_share,"오늘 삼성전자 매도 완료했습니다. 21 만 6 천 원 선에서 100 주를 처맸습니다. 사실 오늘 장 시작할 때 엔비디아 급락 소식에 심장이 덜컥 내려앉았죠. 하지만 페르소나의 원칙대로 '급등 후 조정' 국면이 오자마자 차익 실현을 단행했습니다. 외국인 대규모 매도와 개미들의 고소공포증 사이에서 혼조세가 이어질 것이라 예견했거든요. PER 10 배 초반의 저평가 매력은 분명하지만, 단기적으로는 변동성이 너무 큽니다. 하룻밤에 큰돈을 벌고 싶다는 욕심보다는, 이미 얻은 수익을 지킨다는 게 더 중요하다고 생각했어요. 기술적 조정이 필요하다는 신호가 명확해지자 과감히 손절매 대신 매도를 선택한 결과, 리스크 관리 측면에서 만족스럽습니다. 다음 기회엔 하락 국면을 더 잘 포착해서 진입해야겠네요.",115929fb7cd207d9105f03949113f4d2311c4f9dc1780a6be68bcd715a306a50,unlike,null,minimal,2026-02-27,2026-02-27,2,2,read_pm,False,community:2026-02-27:t2:post:12:selected_full_body:A063
RN_COMM_ON_20260917_v2,2026-02-27,2,A063,"[3, 4, 7, 12, 14]",14,full_body,True,False,늑대-3694,전일 매수 후 오늘 상승! 외국인 이탈에도 개인은 버텨야 할까?,trade_share,"어제 21만 6천 원 선에 삼성전자를 좀 더 사뒀는데, 오늘 장 마감 기준으로 꽤 오릅니다. 전일 대비 3% 이상 수익이 나니 판단은 맞았네요.

근데 요즘 뉴스 보면 엔비디아 급락과 외국인 16조 원 대량 매도 소식이 나오면서 시장 분위기가 묘합니다. 개인들은 자발적으로 사고 있는데 외국인은 도망가는 이기적인 구조라... 그래도 AI 수요와 메모리 업황 호조는 여전히 유효하다고 봅니다.

PER 10 배 초반이라 밸류에이션은 괜찮은 편인데, 최근 급등세 때문에 단기 과열 우려가 있긴 하죠. 하지만 장기 투자 관점에서 내재가치 대비 안전마진은 충분하다고 생각해요. 오늘은 일단 보유하며 외국인 매도세와 개인 매수세의 지속성을 더 지켜봐야겠습니다. 목표 수익률 10% 도달 전까지는 조금 더 기다려볼까요?",481b7f8333f38a4ed2f7ea4673cbfe904157222482d6652105aba19d4980b2d2,none,null,minimal,2026-02-27,2026-02-27,2,2,read_pm,False,community:2026-02-27:t2:post:14:selected_full_body:A063
RN_COMM_ON_20260917_v2,2026-02-27,2,A064,"[3, 4, 7, 12, 14]",3,full_body,True,False,돌고래-2979,"PER 10 배 초반의 매력, 외국인 매도에도 추가 매수",trade_share,"오늘 삼성전자 100 주 더 샀습니다. 최근 엔비디아 호재와 삼전닉스 목표주 상향 소식에 기대감이 커졌지만, 외국인 대규모 매도로 인해 장중 등락이 심했죠. 하지만 PER 10 배 초반이라는 내재가치는 여전히 매력적입니다. 단기 변동성과 스마트폰 둔화 우려는 있겠지만, AI 슈퍼사이클과 메모리 수요 확대로 중장기 상승 모멘텀은 유지될 거라고 봅니다. 가치 투자 원칙에 따라 저평가 구간에서 꾸준히 모아가는 전략입니다. 외국인 수급 불균형에 흔들리기보다 기업의 본질적 성장성에 집중하겠습니다.",f85fdf7f03fd88f5aea1072184cc5ec37c22aed0c67ecc5130886504becefd1f,like,null,minimal,2026-02-27,2026-02-27,2,2,read_pm,False,community:2026-02-27:t2:post:3:selected_full_body:A064
RN_COMM_ON_20260917_v2,2026-02-27,2,A064,"[3, 4, 7, 12, 14]",4,full_body,True,False,황소-4770,외국인 팔아치우는데 저는 또 사버렸습니다.. (개미의 자조),trade_share,"오늘 장 끝나고 보니 삼성전자가 다시 3% 올랐네요. 개인들 사이에서는 AI 열풍으로 잔칫날 분위기인데, 정작 외국인은 한 달 새 16 조나 팔아치웠다는 뉴스가 나오더군요. 솔직히 저도 '과열'이라는 경고등이 켜진 건 알지만, PER 10 배 수준이고 메모리 수요는 여전히 좋으니 저평가 구간이라고 생각해서 오늘 1000 주를 추가 매수했습니다.

기본적 분석에 기반해 장기적으로 내재가치를 믿고 산 거라 단기 수급 불균형은 감수해야겠죠. 하지만 외국인 대량 매도세와 개인들의 과열 심리가 공존하는 지금, 제 매수가 정말 옳았는지 조금은 불안하기도 합니다. 다음 장에서 변동성이 클 것 같은데, 이대로 버틸 자신이 있을까요? 같은 생각을 가진 분들 계신가요?",387e4a266283fe423286c3d7bf442a0535c265958c649c36944ea278b7d06f2b,unlike,null,minimal,2026-02-27,2026-02-27,2,2,read_pm,False,community:2026-02-27:t2:post:4:selected_full_body:A064
RN_COMM_ON_20260917_v2,2026-02-27,2,A064,"[3, 4, 7, 12, 14]",7,full_body,True,False,여우-1683,3% 차익 실현 완료! 과열 경계하며 일단 현금화,profit_share,"오늘 삼성전자를 매도했습니다. 21 만 원에 사서 오늘 21 만 6 천 원에 팔았으니 약 3% 수익이 났네요.

요즘 AI 수요 호조로 주가가 계속 오르는데, 외국인 매도와 개인 투자자의 열광적 매수로 밸류에이션이 너무 비싸진 것 같아요. 저평가 구간은 아니니 차라리 이익을 확정하고 물러나는 게 낫겠다는 판단이었습니다.

과거에는 하락할 때 더 사고 올라갈 때 팔았는데, 이번엔 상승 모멘텀을 조금 일찍 놓친 감이 있지만 원칙대로 수익을 챙긴 건 만족합니다. 시장이 과열되었다는 신호가 보이니 당분간은 추격 매수 자제하고 조정될 때까지 기다려야겠어요.",b9523049f2c298f0ea1bb7dead5d5cd46647fb5b543cf926fc900aa9363eb1b9,none,null,minimal,2026-02-27,2026-02-27,2,2,read_pm,False,community:2026-02-27:t2:post:7:selected_full_body:A064
RN_COMM_ON_20260917_v2,2026-02-27,2,A064,"[3, 4, 7, 12, 14]",12,full_body,True,False,독수리-6722,급등 후 조정 때 팔아서 다행입니다 (삼성전자),trade_share,"오늘 삼성전자 매도 완료했습니다. 21 만 6 천 원 선에서 100 주를 처맸습니다. 사실 오늘 장 시작할 때 엔비디아 급락 소식에 심장이 덜컥 내려앉았죠. 하지만 페르소나의 원칙대로 '급등 후 조정' 국면이 오자마자 차익 실현을 단행했습니다. 외국인 대규모 매도와 개미들의 고소공포증 사이에서 혼조세가 이어질 것이라 예견했거든요. PER 10 배 초반의 저평가 매력은 분명하지만, 단기적으로는 변동성이 너무 큽니다. 하룻밤에 큰돈을 벌고 싶다는 욕심보다는, 이미 얻은 수익을 지킨다는 게 더 중요하다고 생각했어요. 기술적 조정이 필요하다는 신호가 명확해지자 과감히 손절매 대신 매도를 선택한 결과, 리스크 관리 측면에서 만족스럽습니다. 다음 기회엔 하락 국면을 더 잘 포착해서 진입해야겠네요.",115929fb7cd207d9105f03949113f4d2311c4f9dc1780a6be68bcd715a306a50,none,null,minimal,2026-02-27,2026-02-27,2,2,read_pm,False,community:2026-02-27:t2:post:12:selected_full_body:A064
RN_COMM_ON_20260917_v2,2026-02-27,2,A064,"[3, 4, 7, 12, 14]",14,full_body,True,False,늑대-3694,전일 매수 후 오늘 상승! 외국인 이탈에도 개인은 버텨야 할까?,trade_share,"어제 21만 6천 원 선에 삼성전자를 좀 더 사뒀는데, 오늘 장 마감 기준으로 꽤 오릅니다. 전일 대비 3% 이상 수익이 나니 판단은 맞았네요.

근데 요즘 뉴스 보면 엔비디아 급락과 외국인 16조 원 대량 매도 소식이 나오면서 시장 분위기가 묘합니다. 개인들은 자발적으로 사고 있는데 외국인은 도망가는 이기적인 구조라... 그래도 AI 수요와 메모리 업황 호조는 여전히 유효하다고 봅니다.

PER 10 배 초반이라 밸류에이션은 괜찮은 편인데, 최근 급등세 때문에 단기 과열 우려가 있긴 하죠. 하지만 장기 투자 관점에서 내재가치 대비 안전마진은 충분하다고 생각해요. 오늘은 일단 보유하며 외국인 매도세와 개인 매수세의 지속성을 더 지켜봐야겠습니다. 목표 수익률 10% 도달 전까지는 조금 더 기다려볼까요?",481b7f8333f38a4ed2f7ea4673cbfe904157222482d6652105aba19d4980b2d2,unlike,null,minimal,2026-02-27,2026-02-27,2,2,read_pm,False,community:2026-02-27:t2:post:14:selected_full_body:A064
RN_COMM_ON_20260917_v2,2026-02-27,2,A065,"[3, 4, 7, 12, 14]",3,full_body,True,False,돌고래-2979,"PER 10 배 초반의 매력, 외국인 매도에도 추가 매수",trade_share,"오늘 삼성전자 100 주 더 샀습니다. 최근 엔비디아 호재와 삼전닉스 목표주 상향 소식에 기대감이 커졌지만, 외국인 대규모 매도로 인해 장중 등락이 심했죠. 하지만 PER 10 배 초반이라는 내재가치는 여전히 매력적입니다. 단기 변동성과 스마트폰 둔화 우려는 있겠지만, AI 슈퍼사이클과 메모리 수요 확대로 중장기 상승 모멘텀은 유지될 거라고 봅니다. 가치 투자 원칙에 따라 저평가 구간에서 꾸준히 모아가는 전략입니다. 외국인 수급 불균형에 흔들리기보다 기업의 본질적 성장성에 집중하겠습니다.",f85fdf7f03fd88f5aea1072184cc5ec37c22aed0c67ecc5130886504becefd1f,like,null,minimal,2026-02-27,2026-02-27,2,2,read_pm,False,community:2026-02-27:t2:post:3:selected_full_body:A065
RN_COMM_ON_20260917_v2,2026-02-27,2,A065,"[3, 4, 7, 12, 14]",4,full_body,True,False,황소-4770,외국인 팔아치우는데 저는 또 사버렸습니다.. (개미의 자조),trade_share,"오늘 장 끝나고 보니 삼성전자가 다시 3% 올랐네요. 개인들 사이에서는 AI 열풍으로 잔칫날 분위기인데, 정작 외국인은 한 달 새 16 조나 팔아치웠다는 뉴스가 나오더군요. 솔직히 저도 '과열'이라는 경고등이 켜진 건 알지만, PER 10 배 수준이고 메모리 수요는 여전히 좋으니 저평가 구간이라고 생각해서 오늘 1000 주를 추가 매수했습니다.

기본적 분석에 기반해 장기적으로 내재가치를 믿고 산 거라 단기 수급 불균형은 감수해야겠죠. 하지만 외국인 대량 매도세와 개인들의 과열 심리가 공존하는 지금, 제 매수가 정말 옳았는지 조금은 불안하기도 합니다. 다음 장에서 변동성이 클 것 같은데, 이대로 버틸 자신이 있을까요? 같은 생각을 가진 분들 계신가요?",387e4a266283fe423286c3d7bf442a0535c265958c649c36944ea278b7d06f2b,unlike,null,minimal,2026-02-27,2026-02-27,2,2,read_pm,False,community:2026-02-27:t2:post:4:selected_full_body:A065
RN_COMM_ON_20260917_v2,2026-02-27,2,A065,"[3, 4, 7, 12, 14]",7,full_body,True,False,여우-1683,3% 차익 실현 완료! 과열 경계하며 일단 현금화,profit_share,"오늘 삼성전자를 매도했습니다. 21 만 원에 사서 오늘 21 만 6 천 원에 팔았으니 약 3% 수익이 났네요.

요즘 AI 수요 호조로 주가가 계속 오르는데, 외국인 매도와 개인 투자자의 열광적 매수로 밸류에이션이 너무 비싸진 것 같아요. 저평가 구간은 아니니 차라리 이익을 확정하고 물러나는 게 낫겠다는 판단이었습니다.

과거에는 하락할 때 더 사고 올라갈 때 팔았는데, 이번엔 상승 모멘텀을 조금 일찍 놓친 감이 있지만 원칙대로 수익을 챙긴 건 만족합니다. 시장이 과열되었다는 신호가 보이니 당분간은 추격 매수 자제하고 조정될 때까지 기다려야겠어요.",b9523049f2c298f0ea1bb7dead5d5cd46647fb5b543cf926fc900aa9363eb1b9,none,null,minimal,2026-02-27,2026-02-27,2,2,read_pm,False,community:2026-02-27:t2:post:7:selected_full_body:A065
RN_COMM_ON_20260917_v2,2026-02-27,2,A065,"[3, 4, 7, 12, 14]",12,full_body,True,False,독수리-6722,급등 후 조정 때 팔아서 다행입니다 (삼성전자),trade_share,"오늘 삼성전자 매도 완료했습니다. 21 만 6 천 원 선에서 100 주를 처맸습니다. 사실 오늘 장 시작할 때 엔비디아 급락 소식에 심장이 덜컥 내려앉았죠. 하지만 페르소나의 원칙대로 '급등 후 조정' 국면이 오자마자 차익 실현을 단행했습니다. 외국인 대규모 매도와 개미들의 고소공포증 사이에서 혼조세가 이어질 것이라 예견했거든요. PER 10 배 초반의 저평가 매력은 분명하지만, 단기적으로는 변동성이 너무 큽니다. 하룻밤에 큰돈을 벌고 싶다는 욕심보다는, 이미 얻은 수익을 지킨다는 게 더 중요하다고 생각했어요. 기술적 조정이 필요하다는 신호가 명확해지자 과감히 손절매 대신 매도를 선택한 결과, 리스크 관리 측면에서 만족스럽습니다. 다음 기회엔 하락 국면을 더 잘 포착해서 진입해야겠네요.",115929fb7cd207d9105f03949113f4d2311c4f9dc1780a6be68bcd715a306a50,like,null,minimal,2026-02-27,2026-02-27,2,2,read_pm,False,community:2026-02-27:t2:post:12:selected_full_body:A065
RN_COMM_ON_20260917_v2,2026-02-27,2,A065,"[3, 4, 7, 12, 14]",14,full_body,True,False,늑대-3694,전일 매수 후 오늘 상승! 외국인 이탈에도 개인은 버텨야 할까?,trade_share,"어제 21만 6천 원 선에 삼성전자를 좀 더 사뒀는데, 오늘 장 마감 기준으로 꽤 오릅니다. 전일 대비 3% 이상 수익이 나니 판단은 맞았네요.

근데 요즘 뉴스 보면 엔비디아 급락과 외국인 16조 원 대량 매도 소식이 나오면서 시장 분위기가 묘합니다. 개인들은 자발적으로 사고 있는데 외국인은 도망가는 이기적인 구조라... 그래도 AI 수요와 메모리 업황 호조는 여전히 유효하다고 봅니다.

PER 10 배 초반이라 밸류에이션은 괜찮은 편인데, 최근 급등세 때문에 단기 과열 우려가 있긴 하죠. 하지만 장기 투자 관점에서 내재가치 대비 안전마진은 충분하다고 생각해요. 오늘은 일단 보유하며 외국인 매도세와 개인 매수세의 지속성을 더 지켜봐야겠습니다. 목표 수익률 10% 도달 전까지는 조금 더 기다려볼까요?",481b7f8333f38a4ed2f7ea4673cbfe904157222482d6652105aba19d4980b2d2,unlike,null,minimal,2026-02-27,2026-02-27,2,2,read_pm,False,community:2026-02-27:t2:post:14:selected_full_body:A065
RN_COMM_ON_20260917_v2,2026-02-27,2,A066,"[3, 4, 7, 12, 14]",3,full_body,True,False,돌고래-2979,"PER 10 배 초반의 매력, 외국인 매도에도 추가 매수",trade_share,"오늘 삼성전자 100 주 더 샀습니다. 최근 엔비디아 호재와 삼전닉스 목표주 상향 소식에 기대감이 커졌지만, 외국인 대규모 매도로 인해 장중 등락이 심했죠. 하지만 PER 10 배 초반이라는 내재가치는 여전히 매력적입니다. 단기 변동성과 스마트폰 둔화 우려는 있겠지만, AI 슈퍼사이클과 메모리 수요 확대로 중장기 상승 모멘텀은 유지될 거라고 봅니다. 가치 투자 원칙에 따라 저평가 구간에서 꾸준히 모아가는 전략입니다. 외국인 수급 불균형에 흔들리기보다 기업의 본질적 성장성에 집중하겠습니다.",f85fdf7f03fd88f5aea1072184cc5ec37c22aed0c67ecc5130886504becefd1f,like,null,minimal,2026-02-27,2026-02-27,2,2,read_pm,False,community:2026-02-27:t2:post:3:selected_full_body:A066
RN_COMM_ON_20260917_v2,2026-02-27,2,A066,"[3, 4, 7, 12, 14]",4,full_body,True,False,황소-4770,외국인 팔아치우는데 저는 또 사버렸습니다.. (개미의 자조),trade_share,"오늘 장 끝나고 보니 삼성전자가 다시 3% 올랐네요. 개인들 사이에서는 AI 열풍으로 잔칫날 분위기인데, 정작 외국인은 한 달 새 16 조나 팔아치웠다는 뉴스가 나오더군요. 솔직히 저도 '과열'이라는 경고등이 켜진 건 알지만, PER 10 배 수준이고 메모리 수요는 여전히 좋으니 저평가 구간이라고 생각해서 오늘 1000 주를 추가 매수했습니다.

기본적 분석에 기반해 장기적으로 내재가치를 믿고 산 거라 단기 수급 불균형은 감수해야겠죠. 하지만 외국인 대량 매도세와 개인들의 과열 심리가 공존하는 지금, 제 매수가 정말 옳았는지 조금은 불안하기도 합니다. 다음 장에서 변동성이 클 것 같은데, 이대로 버틸 자신이 있을까요? 같은 생각을 가진 분들 계신가요?",387e4a266283fe423286c3d7bf442a0535c265958c649c36944ea278b7d06f2b,unlike,null,minimal,2026-02-27,2026-02-27,2,2,read_pm,False,community:2026-02-27:t2:post:4:selected_full_body:A066
RN_COMM_ON_20260917_v2,2026-02-27,2,A066,"[3, 4, 7, 12, 14]",7,full_body,True,False,여우-1683,3% 차익 실현 완료! 과열 경계하며 일단 현금화,profit_share,"오늘 삼성전자를 매도했습니다. 21 만 원에 사서 오늘 21 만 6 천 원에 팔았으니 약 3% 수익이 났네요.

요즘 AI 수요 호조로 주가가 계속 오르는데, 외국인 매도와 개인 투자자의 열광적 매수로 밸류에이션이 너무 비싸진 것 같아요. 저평가 구간은 아니니 차라리 이익을 확정하고 물러나는 게 낫겠다는 판단이었습니다.

과거에는 하락할 때 더 사고 올라갈 때 팔았는데, 이번엔 상승 모멘텀을 조금 일찍 놓친 감이 있지만 원칙대로 수익을 챙긴 건 만족합니다. 시장이 과열되었다는 신호가 보이니 당분간은 추격 매수 자제하고 조정될 때까지 기다려야겠어요.",b9523049f2c298f0ea1bb7dead5d5cd46647fb5b543cf926fc900aa9363eb1b9,none,null,minimal,2026-02-27,2026-02-27,2,2,read_pm,False,community:2026-02-27:t2:post:7:selected_full_body:A066
RN_COMM_ON_20260917_v2,2026-02-27,2,A066,"[3, 4, 7, 12, 14]",12,full_body,True,False,독수리-6722,급등 후 조정 때 팔아서 다행입니다 (삼성전자),trade_share,"오늘 삼성전자 매도 완료했습니다. 21 만 6 천 원 선에서 100 주를 처맸습니다. 사실 오늘 장 시작할 때 엔비디아 급락 소식에 심장이 덜컥 내려앉았죠. 하지만 페르소나의 원칙대로 '급등 후 조정' 국면이 오자마자 차익 실현을 단행했습니다. 외국인 대규모 매도와 개미들의 고소공포증 사이에서 혼조세가 이어질 것이라 예견했거든요. PER 10 배 초반의 저평가 매력은 분명하지만, 단기적으로는 변동성이 너무 큽니다. 하룻밤에 큰돈을 벌고 싶다는 욕심보다는, 이미 얻은 수익을 지킨다는 게 더 중요하다고 생각했어요. 기술적 조정이 필요하다는 신호가 명확해지자 과감히 손절매 대신 매도를 선택한 결과, 리스크 관리 측면에서 만족스럽습니다. 다음 기회엔 하락 국면을 더 잘 포착해서 진입해야겠네요.",115929fb7cd207d9105f03949113f4d2311c4f9dc1780a6be68bcd715a306a50,like,null,minimal,2026-02-27,2026-02-27,2,2,read_pm,False,community:2026-02-27:t2:post:12:selected_full_body:A066
RN_COMM_ON_20260917_v2,2026-02-27,2,A066,"[3, 4, 7, 12, 14]",14,full_body,True,False,늑대-3694,전일 매수 후 오늘 상승! 외국인 이탈에도 개인은 버텨야 할까?,trade_share,"어제 21만 6천 원 선에 삼성전자를 좀 더 사뒀는데, 오늘 장 마감 기준으로 꽤 오릅니다. 전일 대비 3% 이상 수익이 나니 판단은 맞았네요.

근데 요즘 뉴스 보면 엔비디아 급락과 외국인 16조 원 대량 매도 소식이 나오면서 시장 분위기가 묘합니다. 개인들은 자발적으로 사고 있는데 외국인은 도망가는 이기적인 구조라... 그래도 AI 수요와 메모리 업황 호조는 여전히 유효하다고 봅니다.

PER 10 배 초반이라 밸류에이션은 괜찮은 편인데, 최근 급등세 때문에 단기 과열 우려가 있긴 하죠. 하지만 장기 투자 관점에서 내재가치 대비 안전마진은 충분하다고 생각해요. 오늘은 일단 보유하며 외국인 매도세와 개인 매수세의 지속성을 더 지켜봐야겠습니다. 목표 수익률 10% 도달 전까지는 조금 더 기다려볼까요?",481b7f8333f38a4ed2f7ea4673cbfe904157222482d6652105aba19d4980b2d2,unlike,null,minimal,2026-02-27,2026-02-27,2,2,read_pm,False,community:2026-02-27:t2:post:14:selected_full_body:A066
RN_COMM_ON_20260917_v2,2026-02-27,2,A069,"[3, 4, 7, 12, 14]",3,full_body,True,False,돌고래-2979,"PER 10 배 초반의 매력, 외국인 매도에도 추가 매수",trade_share,"오늘 삼성전자 100 주 더 샀습니다. 최근 엔비디아 호재와 삼전닉스 목표주 상향 소식에 기대감이 커졌지만, 외국인 대규모 매도로 인해 장중 등락이 심했죠. 하지만 PER 10 배 초반이라는 내재가치는 여전히 매력적입니다. 단기 변동성과 스마트폰 둔화 우려는 있겠지만, AI 슈퍼사이클과 메모리 수요 확대로 중장기 상승 모멘텀은 유지될 거라고 봅니다. 가치 투자 원칙에 따라 저평가 구간에서 꾸준히 모아가는 전략입니다. 외국인 수급 불균형에 흔들리기보다 기업의 본질적 성장성에 집중하겠습니다.",f85fdf7f03fd88f5aea1072184cc5ec37c22aed0c67ecc5130886504becefd1f,like,null,minimal,2026-02-27,2026-02-27,2,2,read_pm,False,community:2026-02-27:t2:post:3:selected_full_body:A069
RN_COMM_ON_20260917_v2,2026-02-27,2,A069,"[3, 4, 7, 12, 14]",4,full_body,True,False,황소-4770,외국인 팔아치우는데 저는 또 사버렸습니다.. (개미의 자조),trade_share,"오늘 장 끝나고 보니 삼성전자가 다시 3% 올랐네요. 개인들 사이에서는 AI 열풍으로 잔칫날 분위기인데, 정작 외국인은 한 달 새 16 조나 팔아치웠다는 뉴스가 나오더군요. 솔직히 저도 '과열'이라는 경고등이 켜진 건 알지만, PER 10 배 수준이고 메모리 수요는 여전히 좋으니 저평가 구간이라고 생각해서 오늘 1000 주를 추가 매수했습니다.

기본적 분석에 기반해 장기적으로 내재가치를 믿고 산 거라 단기 수급 불균형은 감수해야겠죠. 하지만 외국인 대량 매도세와 개인들의 과열 심리가 공존하는 지금, 제 매수가 정말 옳았는지 조금은 불안하기도 합니다. 다음 장에서 변동성이 클 것 같은데, 이대로 버틸 자신이 있을까요? 같은 생각을 가진 분들 계신가요?",387e4a266283fe423286c3d7bf442a0535c265958c649c36944ea278b7d06f2b,unlike,null,minimal,2026-02-27,2026-02-27,2,2,read_pm,False,community:2026-02-27:t2:post:4:selected_full_body:A069
RN_COMM_ON_20260917_v2,2026-02-27,2,A069,"[3, 4, 7, 12, 14]",7,full_body,True,False,여우-1683,3% 차익 실현 완료! 과열 경계하며 일단 현금화,profit_share,"오늘 삼성전자를 매도했습니다. 21 만 원에 사서 오늘 21 만 6 천 원에 팔았으니 약 3% 수익이 났네요.

요즘 AI 수요 호조로 주가가 계속 오르는데, 외국인 매도와 개인 투자자의 열광적 매수로 밸류에이션이 너무 비싸진 것 같아요. 저평가 구간은 아니니 차라리 이익을 확정하고 물러나는 게 낫겠다는 판단이었습니다.

과거에는 하락할 때 더 사고 올라갈 때 팔았는데, 이번엔 상승 모멘텀을 조금 일찍 놓친 감이 있지만 원칙대로 수익을 챙긴 건 만족합니다. 시장이 과열되었다는 신호가 보이니 당분간은 추격 매수 자제하고 조정될 때까지 기다려야겠어요.",b9523049f2c298f0ea1bb7dead5d5cd46647fb5b543cf926fc900aa9363eb1b9,none,null,minimal,2026-02-27,2026-02-27,2,2,read_pm,False,community:2026-02-27:t2:post:7:selected_full_body:A069
RN_COMM_ON_20260917_v2,2026-02-27,2,A069,"[3, 4, 7, 12, 14]",12,full_body,True,False,독수리-6722,급등 후 조정 때 팔아서 다행입니다 (삼성전자),trade_share,"오늘 삼성전자 매도 완료했습니다. 21 만 6 천 원 선에서 100 주를 처맸습니다. 사실 오늘 장 시작할 때 엔비디아 급락 소식에 심장이 덜컥 내려앉았죠. 하지만 페르소나의 원칙대로 '급등 후 조정' 국면이 오자마자 차익 실현을 단행했습니다. 외국인 대규모 매도와 개미들의 고소공포증 사이에서 혼조세가 이어질 것이라 예견했거든요. PER 10 배 초반의 저평가 매력은 분명하지만, 단기적으로는 변동성이 너무 큽니다. 하룻밤에 큰돈을 벌고 싶다는 욕심보다는, 이미 얻은 수익을 지킨다는 게 더 중요하다고 생각했어요. 기술적 조정이 필요하다는 신호가 명확해지자 과감히 손절매 대신 매도를 선택한 결과, 리스크 관리 측면에서 만족스럽습니다. 다음 기회엔 하락 국면을 더 잘 포착해서 진입해야겠네요.",115929fb7cd207d9105f03949113f4d2311c4f9dc1780a6be68bcd715a306a50,none,null,minimal,2026-02-27,2026-02-27,2,2,read_pm,False,community:2026-02-27:t2:post:12:selected_full_body:A069
RN_COMM_ON_20260917_v2,2026-02-27,2,A069,"[3, 4, 7, 12, 14]",14,full_body,True,False,늑대-3694,전일 매수 후 오늘 상승! 외국인 이탈에도 개인은 버텨야 할까?,trade_share,"어제 21만 6천 원 선에 삼성전자를 좀 더 사뒀는데, 오늘 장 마감 기준으로 꽤 오릅니다. 전일 대비 3% 이상 수익이 나니 판단은 맞았네요.

근데 요즘 뉴스 보면 엔비디아 급락과 외국인 16조 원 대량 매도 소식이 나오면서 시장 분위기가 묘합니다. 개인들은 자발적으로 사고 있는데 외국인은 도망가는 이기적인 구조라... 그래도 AI 수요와 메모리 업황 호조는 여전히 유효하다고 봅니다.

PER 10 배 초반이라 밸류에이션은 괜찮은 편인데, 최근 급등세 때문에 단기 과열 우려가 있긴 하죠. 하지만 장기 투자 관점에서 내재가치 대비 안전마진은 충분하다고 생각해요. 오늘은 일단 보유하며 외국인 매도세와 개인 매수세의 지속성을 더 지켜봐야겠습니다. 목표 수익률 10% 도달 전까지는 조금 더 기다려볼까요?",481b7f8333f38a4ed2f7ea4673cbfe904157222482d6652105aba19d4980b2d2,unlike,null,minimal,2026-02-27,2026-02-27,2,2,read_pm,False,community:2026-02-27:t2:post:14:selected_full_body:A069
RN_COMM_ON_20260917_v2,2026-02-27,2,A070,"[3, 4, 7, 12, 14]",3,full_body,True,False,돌고래-2979,"PER 10 배 초반의 매력, 외국인 매도에도 추가 매수",trade_share,"오늘 삼성전자 100 주 더 샀습니다. 최근 엔비디아 호재와 삼전닉스 목표주 상향 소식에 기대감이 커졌지만, 외국인 대규모 매도로 인해 장중 등락이 심했죠. 하지만 PER 10 배 초반이라는 내재가치는 여전히 매력적입니다. 단기 변동성과 스마트폰 둔화 우려는 있겠지만, AI 슈퍼사이클과 메모리 수요 확대로 중장기 상승 모멘텀은 유지될 거라고 봅니다. 가치 투자 원칙에 따라 저평가 구간에서 꾸준히 모아가는 전략입니다. 외국인 수급 불균형에 흔들리기보다 기업의 본질적 성장성에 집중하겠습니다.",f85fdf7f03fd88f5aea1072184cc5ec37c22aed0c67ecc5130886504becefd1f,unlike,null,minimal,2026-02-27,2026-02-27,2,2,read_pm,False,community:2026-02-27:t2:post:3:selected_full_body:A070
RN_COMM_ON_20260917_v2,2026-02-27,2,A070,"[3, 4, 7, 12, 14]",4,full_body,True,False,황소-4770,외국인 팔아치우는데 저는 또 사버렸습니다.. (개미의 자조),trade_share,"오늘 장 끝나고 보니 삼성전자가 다시 3% 올랐네요. 개인들 사이에서는 AI 열풍으로 잔칫날 분위기인데, 정작 외국인은 한 달 새 16 조나 팔아치웠다는 뉴스가 나오더군요. 솔직히 저도 '과열'이라는 경고등이 켜진 건 알지만, PER 10 배 수준이고 메모리 수요는 여전히 좋으니 저평가 구간이라고 생각해서 오늘 1000 주를 추가 매수했습니다.

기본적 분석에 기반해 장기적으로 내재가치를 믿고 산 거라 단기 수급 불균형은 감수해야겠죠. 하지만 외국인 대량 매도세와 개인들의 과열 심리가 공존하는 지금, 제 매수가 정말 옳았는지 조금은 불안하기도 합니다. 다음 장에서 변동성이 클 것 같은데, 이대로 버틸 자신이 있을까요? 같은 생각을 가진 분들 계신가요?",387e4a266283fe423286c3d7bf442a0535c265958c649c36944ea278b7d06f2b,unlike,null,minimal,2026-02-27,2026-02-27,2,2,read_pm,False,community:2026-02-27:t2:post:4:selected_full_body:A070
RN_COMM_ON_20260917_v2,2026-02-27,2,A070,"[3, 4, 7, 12, 14]",7,full_body,True,False,여우-1683,3% 차익 실현 완료! 과열 경계하며 일단 현금화,profit_share,"오늘 삼성전자를 매도했습니다. 21 만 원에 사서 오늘 21 만 6 천 원에 팔았으니 약 3% 수익이 났네요.

요즘 AI 수요 호조로 주가가 계속 오르는데, 외국인 매도와 개인 투자자의 열광적 매수로 밸류에이션이 너무 비싸진 것 같아요. 저평가 구간은 아니니 차라리 이익을 확정하고 물러나는 게 낫겠다는 판단이었습니다.

과거에는 하락할 때 더 사고 올라갈 때 팔았는데, 이번엔 상승 모멘텀을 조금 일찍 놓친 감이 있지만 원칙대로 수익을 챙긴 건 만족합니다. 시장이 과열되었다는 신호가 보이니 당분간은 추격 매수 자제하고 조정될 때까지 기다려야겠어요.",b9523049f2c298f0ea1bb7dead5d5cd46647fb5b543cf926fc900aa9363eb1b9,none,null,minimal,2026-02-27,2026-02-27,2,2,read_pm,False,community:2026-02-27:t2:post:7:selected_full_body:A070
RN_COMM_ON_20260917_v2,2026-02-27,2,A070,"[3, 4, 7, 12, 14]",12,full_body,True,False,독수리-6722,급등 후 조정 때 팔아서 다행입니다 (삼성전자),trade_share,"오늘 삼성전자 매도 완료했습니다. 21 만 6 천 원 선에서 100 주를 처맸습니다. 사실 오늘 장 시작할 때 엔비디아 급락 소식에 심장이 덜컥 내려앉았죠. 하지만 페르소나의 원칙대로 '급등 후 조정' 국면이 오자마자 차익 실현을 단행했습니다. 외국인 대규모 매도와 개미들의 고소공포증 사이에서 혼조세가 이어질 것이라 예견했거든요. PER 10 배 초반의 저평가 매력은 분명하지만, 단기적으로는 변동성이 너무 큽니다. 하룻밤에 큰돈을 벌고 싶다는 욕심보다는, 이미 얻은 수익을 지킨다는 게 더 중요하다고 생각했어요. 기술적 조정이 필요하다는 신호가 명확해지자 과감히 손절매 대신 매도를 선택한 결과, 리스크 관리 측면에서 만족스럽습니다. 다음 기회엔 하락 국면을 더 잘 포착해서 진입해야겠네요.",115929fb7cd207d9105f03949113f4d2311c4f9dc1780a6be68bcd715a306a50,like,null,minimal,2026-02-27,2026-02-27,2,2,read_pm,False,community:2026-02-27:t2:post:12:selected_full_body:A070
RN_COMM_ON_20260917_v2,2026-02-27,2,A070,"[3, 4, 7, 12, 14]",14,full_body,True,False,늑대-3694,전일 매수 후 오늘 상승! 외국인 이탈에도 개인은 버텨야 할까?,trade_share,"어제 21만 6천 원 선에 삼성전자를 좀 더 사뒀는데, 오늘 장 마감 기준으로 꽤 오릅니다. 전일 대비 3% 이상 수익이 나니 판단은 맞았네요.

근데 요즘 뉴스 보면 엔비디아 급락과 외국인 16조 원 대량 매도 소식이 나오면서 시장 분위기가 묘합니다. 개인들은 자발적으로 사고 있는데 외국인은 도망가는 이기적인 구조라... 그래도 AI 수요와 메모리 업황 호조는 여전히 유효하다고 봅니다.

PER 10 배 초반이라 밸류에이션은 괜찮은 편인데, 최근 급등세 때문에 단기 과열 우려가 있긴 하죠. 하지만 장기 투자 관점에서 내재가치 대비 안전마진은 충분하다고 생각해요. 오늘은 일단 보유하며 외국인 매도세와 개인 매수세의 지속성을 더 지켜봐야겠습니다. 목표 수익률 10% 도달 전까지는 조금 더 기다려볼까요?",481b7f8333f38a4ed2f7ea4673cbfe904157222482d6652105aba19d4980b2d2,unlike,null,minimal,2026-02-27,2026-02-27,2,2,read_pm,False,community:2026-02-27:t2:post:14:selected_full_body:A070
RN_COMM_ON_20260917_v2,2026-02-27,2,A071,"[3, 4, 7, 12, 14]",3,full_body,True,False,돌고래-2979,"PER 10 배 초반의 매력, 외국인 매도에도 추가 매수",trade_share,"오늘 삼성전자 100 주 더 샀습니다. 최근 엔비디아 호재와 삼전닉스 목표주 상향 소식에 기대감이 커졌지만, 외국인 대규모 매도로 인해 장중 등락이 심했죠. 하지만 PER 10 배 초반이라는 내재가치는 여전히 매력적입니다. 단기 변동성과 스마트폰 둔화 우려는 있겠지만, AI 슈퍼사이클과 메모리 수요 확대로 중장기 상승 모멘텀은 유지될 거라고 봅니다. 가치 투자 원칙에 따라 저평가 구간에서 꾸준히 모아가는 전략입니다. 외국인 수급 불균형에 흔들리기보다 기업의 본질적 성장성에 집중하겠습니다.",f85fdf7f03fd88f5aea1072184cc5ec37c22aed0c67ecc5130886504becefd1f,none,"{""snapshot_turn"": 2, ""portfolio_summary"": {""turn"": 2, ""date"": ""2026-02-27"", ""cash"": 57350000.0, ""positions"": [{""stock_code"": ""005930"", ""quantity"": 200, ""avg_cost"": 213250.0, ""current_price"": 216500.0, ""unrealized_pnl"": 650000.0, ""unrealized_pnl_rate"": 0.015240328253223915}], ""total_value"": 100650000.0, ""realized_pnl"": 0.0, ""total_return_rate"": 0.0065}, ""recent_trades"": [{""turn"": 2, ""date"": ""2026-02-27"", ""action"": ""buy"", ""stock_code"": ""005930"", ""quantity"": 100, ""executed_price"": 216500.0, ""trade_value"": 21650000.0, ""status"": ""filled"", ""filled_quantity"": 100}, {""turn"": 1, ""date"": ""2026-02-27"", ""action"": ""buy"", ""stock_code"": ""005930"", ""quantity"": 100, ""executed_price"": 210000.0, ""trade_value"": 21000000.0, ""status"": ""filled"", ""filled_quantity"": 100}]}",detailed,2026-02-27,2026-02-27,2,2,read_pm,False,community:2026-02-27:t2:post:3:selected_full_body:A071
RN_COMM_ON_20260917_v2,2026-02-27,2,A071,"[3, 4, 7, 12, 14]",4,full_body,True,False,황소-4770,외국인 팔아치우는데 저는 또 사버렸습니다.. (개미의 자조),trade_share,"오늘 장 끝나고 보니 삼성전자가 다시 3% 올랐네요. 개인들 사이에서는 AI 열풍으로 잔칫날 분위기인데, 정작 외국인은 한 달 새 16 조나 팔아치웠다는 뉴스가 나오더군요. 솔직히 저도 '과열'이라는 경고등이 켜진 건 알지만, PER 10 배 수준이고 메모리 수요는 여전히 좋으니 저평가 구간이라고 생각해서 오늘 1000 주를 추가 매수했습니다.

기본적 분석에 기반해 장기적으로 내재가치를 믿고 산 거라 단기 수급 불균형은 감수해야겠죠. 하지만 외국인 대량 매도세와 개인들의 과열 심리가 공존하는 지금, 제 매수가 정말 옳았는지 조금은 불안하기도 합니다. 다음 장에서 변동성이 클 것 같은데, 이대로 버틸 자신이 있을까요? 같은 생각을 가진 분들 계신가요?",387e4a266283fe423286c3d7bf442a0535c265958c649c36944ea278b7d06f2b,unlike,"{""snapshot_turn"": 2, ""portfolio_summary"": {""turn"": 2, ""date"": ""2026-02-27"", ""cash"": 468500000.0, ""positions"": [{""stock_code"": ""005930"", ""quantity"": 2500, ""avg_cost"": 212600.0, ""current_price"": 216500.0, ""unrealized_pnl"": 9750000.0, ""unrealized_pnl_rate"": 0.018344308560677328}], ""total_value"": 1009750000.0, ""realized_pnl"": 0.0, ""total_return_rate"": 0.00975}, ""recent_trades"": [{""turn"": 2, ""date"": ""2026-02-27"", ""action"": ""buy"", ""stock_code"": ""005930"", ""quantity"": 1000, ""executed_price"": 216500.0, ""trade_value"": 216500000.0, ""status"": ""filled"", ""filled_quantity"": 1000}, {""turn"": 1, ""date"": ""2026-02-27"", ""action"": ""buy"", ""stock_code"": ""005930"", ""quantity"": 1500, ""executed_price"": 210000.0, ""trade_value"": 315000000.0, ""status"": ""filled"", ""filled_quantity"": 1500}]}",detailed,2026-02-27,2026-02-27,2,2,read_pm,False,community:2026-02-27:t2:post:4:selected_full_body:A071
RN_COMM_ON_20260917_v2,2026-02-27,2,A071,"[3, 4, 7, 12, 14]",7,full_body,True,False,여우-1683,3% 차익 실현 완료! 과열 경계하며 일단 현금화,profit_share,"오늘 삼성전자를 매도했습니다. 21 만 원에 사서 오늘 21 만 6 천 원에 팔았으니 약 3% 수익이 났네요.

요즘 AI 수요 호조로 주가가 계속 오르는데, 외국인 매도와 개인 투자자의 열광적 매수로 밸류에이션이 너무 비싸진 것 같아요. 저평가 구간은 아니니 차라리 이익을 확정하고 물러나는 게 낫겠다는 판단이었습니다.

과거에는 하락할 때 더 사고 올라갈 때 팔았는데, 이번엔 상승 모멘텀을 조금 일찍 놓친 감이 있지만 원칙대로 수익을 챙긴 건 만족합니다. 시장이 과열되었다는 신호가 보이니 당분간은 추격 매수 자제하고 조정될 때까지 기다려야겠어요.",b9523049f2c298f0ea1bb7dead5d5cd46647fb5b543cf926fc900aa9363eb1b9,like,"{""snapshot_turn"": 2, ""portfolio_summary"": {""turn"": 2, ""date"": ""2026-02-27"", ""cash"": 100650000.0, ""positions"": [], ""total_value"": 100650000.0, ""realized_pnl"": 650000.0, ""total_return_rate"": 0.0065}, ""recent_trades"": [{""turn"": 2, ""date"": ""2026-02-27"", ""action"": ""sell"", ""stock_code"": ""005930"", ""quantity"": 100, ""executed_price"": 216500.0, ""trade_value"": 21650000.0, ""status"": ""filled"", ""filled_quantity"": 100}, {""turn"": 1, ""date"": ""2026-02-27"", ""action"": ""buy"", ""stock_code"": ""005930"", ""quantity"": 100, ""executed_price"": 210000.0, ""trade_value"": 21000000.0, ""status"": ""filled"", ""filled_quantity"": 100}]}",detailed,2026-02-27,2026-02-27,2,2,read_pm,False,community:2026-02-27:t2:post:7:selected_full_body:A071
RN_COMM_ON_20260917_v2,2026-02-27,2,A071,"[3, 4, 7, 12, 14]",12,full_body,True,False,독수리-6722,급등 후 조정 때 팔아서 다행입니다 (삼성전자),trade_share,"오늘 삼성전자 매도 완료했습니다. 21 만 6 천 원 선에서 100 주를 처맸습니다. 사실 오늘 장 시작할 때 엔비디아 급락 소식에 심장이 덜컥 내려앉았죠. 하지만 페르소나의 원칙대로 '급등 후 조정' 국면이 오자마자 차익 실현을 단행했습니다. 외국인 대규모 매도와 개미들의 고소공포증 사이에서 혼조세가 이어질 것이라 예견했거든요. PER 10 배 초반의 저평가 매력은 분명하지만, 단기적으로는 변동성이 너무 큽니다. 하룻밤에 큰돈을 벌고 싶다는 욕심보다는, 이미 얻은 수익을 지킨다는 게 더 중요하다고 생각했어요. 기술적 조정이 필요하다는 신호가 명확해지자 과감히 손절매 대신 매도를 선택한 결과, 리스크 관리 측면에서 만족스럽습니다. 다음 기회엔 하락 국면을 더 잘 포착해서 진입해야겠네요.",115929fb7cd207d9105f03949113f4d2311c4f9dc1780a6be68bcd715a306a50,like,"{""snapshot_turn"": 2, ""portfolio_summary"": {""turn"": 2, ""date"": ""2026-02-27"", ""cash"": 71670000.0, ""positions"": [{""stock_code"": ""005930"", ""quantity"": 138, ""avg_cost"": 210000.0, ""current_price"": 216500.0, ""unrealized_pnl"": 897000.0, ""unrealized_pnl_rate"": 0.030952380952380953}], ""total_value"": 101547000.0, ""realized_pnl"": 650000.0, ""total_return_rate"": 0.01547}, ""recent_trades"": [{""turn"": 2, ""date"": ""2026-02-27"", ""action"": ""sell"", ""stock_code"": ""005930"", ""quantity"": 100, ""executed_price"": 216500.0, ""trade_value"": 21650000.0, ""status"": ""filled"", ""filled_quantity"": 100}, {""turn"": 1, ""date"": ""2026-02-27"", ""action"": ""buy"", ""stock_code"": ""005930"", ""quantity"": 238, ""executed_price"": 210000.0, ""trade_value"": 49980000.0, ""status"": ""filled"", ""filled_quantity"": 238}]}",detailed,2026-02-27,2026-02-27,2,2,read_pm,False,community:2026-02-27:t2:post:12:selected_full_body:A071
RN_COMM_ON_20260917_v2,2026-02-27,2,A071,"[3, 4, 7, 12, 14]",14,full_body,True,False,늑대-3694,전일 매수 후 오늘 상승! 외국인 이탈에도 개인은 버텨야 할까?,trade_share,"어제 21만 6천 원 선에 삼성전자를 좀 더 사뒀는데, 오늘 장 마감 기준으로 꽤 오릅니다. 전일 대비 3% 이상 수익이 나니 판단은 맞았네요.

근데 요즘 뉴스 보면 엔비디아 급락과 외국인 16조 원 대량 매도 소식이 나오면서 시장 분위기가 묘합니다. 개인들은 자발적으로 사고 있는데 외국인은 도망가는 이기적인 구조라... 그래도 AI 수요와 메모리 업황 호조는 여전히 유효하다고 봅니다.

PER 10 배 초반이라 밸류에이션은 괜찮은 편인데, 최근 급등세 때문에 단기 과열 우려가 있긴 하죠. 하지만 장기 투자 관점에서 내재가치 대비 안전마진은 충분하다고 생각해요. 오늘은 일단 보유하며 외국인 매도세와 개인 매수세의 지속성을 더 지켜봐야겠습니다. 목표 수익률 10% 도달 전까지는 조금 더 기다려볼까요?",481b7f8333f38a4ed2f7ea4673cbfe904157222482d6652105aba19d4980b2d2,unlike,"{""snapshot_turn"": 2, ""portfolio_summary"": {""turn"": 2, ""date"": ""2026-02-27"", ""cash"": 39195000.0, ""positions"": [{""stock_code"": ""005930"", ""quantity"": 288, ""avg_cost"": 211128.47222222222, ""current_price"": 216500.0, ""unrealized_pnl"": 1547000.000000001, ""unrealized_pnl_rate"": 0.025441986678727095}], ""total_value"": 101547000.0, ""realized_pnl"": 0.0, ""total_return_rate"": 0.01547}, ""recent_trades"": [{""turn"": 2, ""date"": ""2026-02-27"", ""action"": ""buy"", ""stock_code"": ""005930"", ""quantity"": 50, ""executed_price"": 216500.0, ""trade_value"": 10825000.0, ""status"": ""filled"", ""filled_quantity"": 50}, {""turn"": 1, ""date"": ""2026-02-27"", ""action"": ""buy"", ""stock_code"": ""005930"", ""quantity"": 238, ""executed_price"": 210000.0, ""trade_value"": 49980000.0, ""status"": ""filled"", ""filled_quantity"": 238}]}",detailed,2026-02-27,2026-02-27,2,2,read_pm,False,community:2026-02-27:t2:post:14:selected_full_body:A071
RN_COMM_ON_20260917_v2,2026-02-27,2,A073,"[3, 4, 6, 9, 12]",3,full_body,True,False,돌고래-2979,"PER 10 배 초반의 매력, 외국인 매도에도 추가 매수",trade_share,"오늘 삼성전자 100 주 더 샀습니다. 최근 엔비디아 호재와 삼전닉스 목표주 상향 소식에 기대감이 커졌지만, 외국인 대규모 매도로 인해 장중 등락이 심했죠. 하지만 PER 10 배 초반이라는 내재가치는 여전히 매력적입니다. 단기 변동성과 스마트폰 둔화 우려는 있겠지만, AI 슈퍼사이클과 메모리 수요 확대로 중장기 상승 모멘텀은 유지될 거라고 봅니다. 가치 투자 원칙에 따라 저평가 구간에서 꾸준히 모아가는 전략입니다. 외국인 수급 불균형에 흔들리기보다 기업의 본질적 성장성에 집중하겠습니다.",f85fdf7f03fd88f5aea1072184cc5ec37c22aed0c67ecc5130886504becefd1f,none,"{""snapshot_turn"": 2, ""portfolio_summary"": {""turn"": 2, ""date"": ""2026-02-27"", ""cash"": 57350000.0, ""positions"": [{""stock_code"": ""005930"", ""quantity"": 200, ""avg_cost"": 213250.0, ""current_price"": 216500.0, ""unrealized_pnl"": 650000.0, ""unrealized_pnl_rate"": 0.015240328253223915}], ""total_value"": 100650000.0, ""realized_pnl"": 0.0, ""total_return_rate"": 0.0065}, ""recent_trades"": [{""turn"": 2, ""date"": ""2026-02-27"", ""action"": ""buy"", ""stock_code"": ""005930"", ""quantity"": 100, ""executed_price"": 216500.0, ""trade_value"": 21650000.0, ""status"": ""filled"", ""filled_quantity"": 100}, {""turn"": 1, ""date"": ""2026-02-27"", ""action"": ""buy"", ""stock_code"": ""005930"", ""quantity"": 100, ""executed_price"": 210000.0, ""trade_value"": 21000000.0, ""status"": ""filled"", ""filled_quantity"": 100}]}",detailed,2026-02-27,2026-02-27,2,2,read_pm,False,community:2026-02-27:t2:post:3:selected_full_body:A073
RN_COMM_ON_20260917_v2,2026-02-27,2,A073,"[3, 4, 6, 9, 12]",4,full_body,True,False,황소-4770,외국인 팔아치우는데 저는 또 사버렸습니다.. (개미의 자조),trade_share,"오늘 장 끝나고 보니 삼성전자가 다시 3% 올랐네요. 개인들 사이에서는 AI 열풍으로 잔칫날 분위기인데, 정작 외국인은 한 달 새 16 조나 팔아치웠다는 뉴스가 나오더군요. 솔직히 저도 '과열'이라는 경고등이 켜진 건 알지만, PER 10 배 수준이고 메모리 수요는 여전히 좋으니 저평가 구간이라고 생각해서 오늘 1000 주를 추가 매수했습니다.

기본적 분석에 기반해 장기적으로 내재가치를 믿고 산 거라 단기 수급 불균형은 감수해야겠죠. 하지만 외국인 대량 매도세와 개인들의 과열 심리가 공존하는 지금, 제 매수가 정말 옳았는지 조금은 불안하기도 합니다. 다음 장에서 변동성이 클 것 같은데, 이대로 버틸 자신이 있을까요? 같은 생각을 가진 분들 계신가요?",387e4a266283fe423286c3d7bf442a0535c265958c649c36944ea278b7d06f2b,unlike,"{""snapshot_turn"": 2, ""portfolio_summary"": {""turn"": 2, ""date"": ""2026-02-27"", ""cash"": 468500000.0, ""positions"": [{""stock_code"": ""005930"", ""quantity"": 2500, ""avg_cost"": 212600.0, ""current_price"": 216500.0, ""unrealized_pnl"": 9750000.0, ""unrealized_pnl_rate"": 0.018344308560677328}], ""total_value"": 1009750000.0, ""realized_pnl"": 0.0, ""total_return_rate"": 0.00975}, ""recent_trades"": [{""turn"": 2, ""date"": ""2026-02-27"", ""action"": ""buy"", ""stock_code"": ""005930"", ""quantity"": 1000, ""executed_price"": 216500.0, ""trade_value"": 216500000.0, ""status"": ""filled"", ""filled_quantity"": 1000}, {""turn"": 1, ""date"": ""2026-02-27"", ""action"": ""buy"", ""stock_code"": ""005930"", ""quantity"": 1500, ""executed_price"": 210000.0, ""trade_value"": 315000000.0, ""status"": ""filled"", ""filled_quantity"": 1500}]}",detailed,2026-02-27,2026-02-27,2,2,read_pm,False,community:2026-02-27:t2:post:4:selected_full_body:A073
RN_COMM_ON_20260917_v2,2026-02-27,2,A073,"[3, 4, 6, 9, 12]",6,full_body,True,False,황소-4980,전일 매수 후 오늘 3% 상승! 원칙이 검증된 하루,trade_share,"어제 21 만 원에 사둔 삼성전자가 오늘 21 만 6 천 5 백 원으로 체결되면서 3% 수익을 냈습니다. 외국인 대규모 매도세와 엔비디아 급락 여파로 시장이 출렁였지만, 저평가 구간에서 매수한 내 원칙이 이번에도 잘 먹혀들었습니다. 아직은 초기 포지션이라 큰 수익은 아니지만, 하락 국면에서의 매수가 맞았다는 확신이 생기는 순간이에요. 단기 변동성은 계속될 것 같지만, 장기적인 AI 슈퍼사이클과 PER 10 배 초반의 매력은 변함없다고 봅니다. 오늘은 이 정도만 기록해두고 조용히 지켜보겠습니다.",85d6fd9ed314132c583b42214639fbbd343b7aca80bb5afa285040b88be76bcf,none,"{""snapshot_turn"": 2, ""portfolio_summary"": {""turn"": 2, ""date"": ""2026-02-27"", ""cash"": 391950000.0, ""positions"": [{""stock_code"": ""005930"", ""quantity"": 2880, ""avg_cost"": 211128.47222222222, ""current_price"": 216500.0, ""unrealized_pnl"": 15470000.00000001, ""unrealized_pnl_rate"": 0.025441986678727095}], ""total_value"": 1015470000.0, ""realized_pnl"": 0.0, ""total_return_rate"": 0.01547}, ""recent_trades"": [{""turn"": 2, ""date"": ""2026-02-27"", ""action"": ""buy"", ""stock_code"": ""005930"", ""quantity"": 500, ""executed_price"": 216500.0, ""trade_value"": 108250000.0, ""status"": ""filled"", ""filled_quantity"": 500}, {""turn"": 1, ""date"": ""2026-02-27"", ""action"": ""buy"", ""stock_code"": ""005930"", ""quantity"": 2380, ""executed_price"": 210000.0, ""trade_value"": 499800000.0, ""status"": ""filled"", ""filled_quantity"": 2380}]}",detailed,2026-02-27,2026-02-27,2,2,read_pm,False,community:2026-02-27:t2:post:6:selected_full_body:A073
RN_COMM_ON_20260917_v2,2026-02-27,2,A073,"[3, 4, 6, 9, 12]",9,full_body,True,False,황소-6990,20% 수익 목표 달성! 삼성전기 매도 완료 (500주),trade_share,"오늘 장 마감 직전 삼성전자 500주를 21만 6천 원에 매도했습니다. 초기 매수 후 약 3% 상승 구간에서 원칙대로 이익을 확정했네요. 개인 투자자들이 AI 호재로 과열된 분위기지만, 외국인 대량 매도세와 엔비디아 변동성으로 단기 등락이 심할 것 같아 조급하게 추격 매수하지 않고 차분히 기다린 결과입니다. 내재가치는 여전히 매력적이지만, 현재 가격에서는 추격보다는 조정 시 저가 매수 기회를 노리는 게 낫겠다는 판단이었습니다. 20% 수익률 목표는 아직 멀었지만, 작은 성공이라도 원칙을 지킨 것이 다행입니다. 다음 기회엔 외국인 매도세를 더 일찍 눈치챘으면 좋겠네요.",27f6b9363f3348f3352ef1f8119a86061a8045e8634c903ff5ce84f5fe0cd061,none,"{""snapshot_turn"": 2, ""portfolio_summary"": {""turn"": 2, ""date"": ""2026-02-27"", ""cash"": 793250000.0, ""positions"": [{""stock_code"": ""005930"", ""quantity"": 1000, ""avg_cost"": 210000.0, ""current_price"": 216500.0, ""unrealized_pnl"": 6500000.0, ""unrealized_pnl_rate"": 0.030952380952380953}], ""total_value"": 1009750000.0, ""realized_pnl"": 3250000.0, ""total_return_rate"": 0.00975}, ""recent_trades"": [{""turn"": 2, ""date"": ""2026-02-27"", ""action"": ""sell"", ""stock_code"": ""005930"", ""quantity"": 500, ""executed_price"": 216500.0, ""trade_value"": 108250000.0, ""status"": ""filled"", ""filled_quantity"": 500}, {""turn"": 1, ""date"": ""2026-02-27"", ""action"": ""buy"", ""stock_code"": ""005930"", ""quantity"": 1500, ""executed_price"": 210000.0, ""trade_value"": 315000000.0, ""status"": ""filled"", ""filled_quantity"": 1500}]}",detailed,2026-02-27,2026-02-27,2,2,read_pm,False,community:2026-02-27:t2:post:9:selected_full_body:A073
RN_COMM_ON_20260917_v2,2026-02-27,2,A073,"[3, 4, 6, 9, 12]",12,full_body,True,False,독수리-6722,급등 후 조정 때 팔아서 다행입니다 (삼성전자),trade_share,"오늘 삼성전자 매도 완료했습니다. 21 만 6 천 원 선에서 100 주를 처맸습니다. 사실 오늘 장 시작할 때 엔비디아 급락 소식에 심장이 덜컥 내려앉았죠. 하지만 페르소나의 원칙대로 '급등 후 조정' 국면이 오자마자 차익 실현을 단행했습니다. 외국인 대규모 매도와 개미들의 고소공포증 사이에서 혼조세가 이어질 것이라 예견했거든요. PER 10 배 초반의 저평가 매력은 분명하지만, 단기적으로는 변동성이 너무 큽니다. 하룻밤에 큰돈을 벌고 싶다는 욕심보다는, 이미 얻은 수익을 지킨다는 게 더 중요하다고 생각했어요. 기술적 조정이 필요하다는 신호가 명확해지자 과감히 손절매 대신 매도를 선택한 결과, 리스크 관리 측면에서 만족스럽습니다. 다음 기회엔 하락 국면을 더 잘 포착해서 진입해야겠네요.",115929fb7cd207d9105f03949113f4d2311c4f9dc1780a6be68bcd715a306a50,none,"{""snapshot_turn"": 2, ""portfolio_summary"": {""turn"": 2, ""date"": ""2026-02-27"", ""cash"": 71670000.0, ""positions"": [{""stock_code"": ""005930"", ""quantity"": 138, ""avg_cost"": 210000.0, ""current_price"": 216500.0, ""unrealized_pnl"": 897000.0, ""unrealized_pnl_rate"": 0.030952380952380953}], ""total_value"": 101547000.0, ""realized_pnl"": 650000.0, ""total_return_rate"": 0.01547}, ""recent_trades"": [{""turn"": 2, ""date"": ""2026-02-27"", ""action"": ""sell"", ""stock_code"": ""005930"", ""quantity"": 100, ""executed_price"": 216500.0, ""trade_value"": 21650000.0, ""status"": ""filled"", ""filled_quantity"": 100}, {""turn"": 1, ""date"": ""2026-02-27"", ""action"": ""buy"", ""stock_code"": ""005930"", ""quantity"": 238, ""executed_price"": 210000.0, ""trade_value"": 49980000.0, ""status"": ""filled"", ""filled_quantity"": 238}]}",detailed,2026-02-27,2026-02-27,2,2,read_pm,False,community:2026-02-27:t2:post:12:selected_full_body:A073
RN_COMM_ON_20260917_v2,2026-02-27,2,A075,"[3, 4, 7, 12, 14]",3,full_body,True,False,돌고래-2979,"PER 10 배 초반의 매력, 외국인 매도에도 추가 매수",trade_share,"오늘 삼성전자 100 주 더 샀습니다. 최근 엔비디아 호재와 삼전닉스 목표주 상향 소식에 기대감이 커졌지만, 외국인 대규모 매도로 인해 장중 등락이 심했죠. 하지만 PER 10 배 초반이라는 내재가치는 여전히 매력적입니다. 단기 변동성과 스마트폰 둔화 우려는 있겠지만, AI 슈퍼사이클과 메모리 수요 확대로 중장기 상승 모멘텀은 유지될 거라고 봅니다. 가치 투자 원칙에 따라 저평가 구간에서 꾸준히 모아가는 전략입니다. 외국인 수급 불균형에 흔들리기보다 기업의 본질적 성장성에 집중하겠습니다.",f85fdf7f03fd88f5aea1072184cc5ec37c22aed0c67ecc5130886504becefd1f,unlike,null,minimal,2026-02-27,2026-02-27,2,2,read_pm,False,community:2026-02-27:t2:post:3:selected_full_body:A075
RN_COMM_ON_20260917_v2,2026-02-27,2,A075,"[3, 4, 7, 12, 14]",4,full_body,True,False,황소-4770,외국인 팔아치우는데 저는 또 사버렸습니다.. (개미의 자조),trade_share,"오늘 장 끝나고 보니 삼성전자가 다시 3% 올랐네요. 개인들 사이에서는 AI 열풍으로 잔칫날 분위기인데, 정작 외국인은 한 달 새 16 조나 팔아치웠다는 뉴스가 나오더군요. 솔직히 저도 '과열'이라는 경고등이 켜진 건 알지만, PER 10 배 수준이고 메모리 수요는 여전히 좋으니 저평가 구간이라고 생각해서 오늘 1000 주를 추가 매수했습니다.

기본적 분석에 기반해 장기적으로 내재가치를 믿고 산 거라 단기 수급 불균형은 감수해야겠죠. 하지만 외국인 대량 매도세와 개인들의 과열 심리가 공존하는 지금, 제 매수가 정말 옳았는지 조금은 불안하기도 합니다. 다음 장에서 변동성이 클 것 같은데, 이대로 버틸 자신이 있을까요? 같은 생각을 가진 분들 계신가요?",387e4a266283fe423286c3d7bf442a0535c265958c649c36944ea278b7d06f2b,unlike,null,minimal,2026-02-27,2026-02-27,2,2,read_pm,False,community:2026-02-27:t2:post:4:selected_full_body:A075
RN_COMM_ON_20260917_v2,2026-02-27,2,A075,"[3, 4, 7, 12, 14]",7,full_body,True,False,여우-1683,3% 차익 실현 완료! 과열 경계하며 일단 현금화,profit_share,"오늘 삼성전자를 매도했습니다. 21 만 원에 사서 오늘 21 만 6 천 원에 팔았으니 약 3% 수익이 났네요.

요즘 AI 수요 호조로 주가가 계속 오르는데, 외국인 매도와 개인 투자자의 열광적 매수로 밸류에이션이 너무 비싸진 것 같아요. 저평가 구간은 아니니 차라리 이익을 확정하고 물러나는 게 낫겠다는 판단이었습니다.

과거에는 하락할 때 더 사고 올라갈 때 팔았는데, 이번엔 상승 모멘텀을 조금 일찍 놓친 감이 있지만 원칙대로 수익을 챙긴 건 만족합니다. 시장이 과열되었다는 신호가 보이니 당분간은 추격 매수 자제하고 조정될 때까지 기다려야겠어요.",b9523049f2c298f0ea1bb7dead5d5cd46647fb5b543cf926fc900aa9363eb1b9,none,null,minimal,2026-02-27,2026-02-27,2,2,read_pm,False,community:2026-02-27:t2:post:7:selected_full_body:A075
RN_COMM_ON_20260917_v2,2026-02-27,2,A075,"[3, 4, 7, 12, 14]",12,full_body,True,False,독수리-6722,급등 후 조정 때 팔아서 다행입니다 (삼성전자),trade_share,"오늘 삼성전자 매도 완료했습니다. 21 만 6 천 원 선에서 100 주를 처맸습니다. 사실 오늘 장 시작할 때 엔비디아 급락 소식에 심장이 덜컥 내려앉았죠. 하지만 페르소나의 원칙대로 '급등 후 조정' 국면이 오자마자 차익 실현을 단행했습니다. 외국인 대규모 매도와 개미들의 고소공포증 사이에서 혼조세가 이어질 것이라 예견했거든요. PER 10 배 초반의 저평가 매력은 분명하지만, 단기적으로는 변동성이 너무 큽니다. 하룻밤에 큰돈을 벌고 싶다는 욕심보다는, 이미 얻은 수익을 지킨다는 게 더 중요하다고 생각했어요. 기술적 조정이 필요하다는 신호가 명확해지자 과감히 손절매 대신 매도를 선택한 결과, 리스크 관리 측면에서 만족스럽습니다. 다음 기회엔 하락 국면을 더 잘 포착해서 진입해야겠네요.",115929fb7cd207d9105f03949113f4d2311c4f9dc1780a6be68bcd715a306a50,like,null,minimal,2026-02-27,2026-02-27,2,2,read_pm,False,community:2026-02-27:t2:post:12:selected_full_body:A075
RN_COMM_ON_20260917_v2,2026-02-27,2,A075,"[3, 4, 7, 12, 14]",14,full_body,True,False,늑대-3694,전일 매수 후 오늘 상승! 외국인 이탈에도 개인은 버텨야 할까?,trade_share,"어제 21만 6천 원 선에 삼성전자를 좀 더 사뒀는데, 오늘 장 마감 기준으로 꽤 오릅니다. 전일 대비 3% 이상 수익이 나니 판단은 맞았네요.

근데 요즘 뉴스 보면 엔비디아 급락과 외국인 16조 원 대량 매도 소식이 나오면서 시장 분위기가 묘합니다. 개인들은 자발적으로 사고 있는데 외국인은 도망가는 이기적인 구조라... 그래도 AI 수요와 메모리 업황 호조는 여전히 유효하다고 봅니다.

PER 10 배 초반이라 밸류에이션은 괜찮은 편인데, 최근 급등세 때문에 단기 과열 우려가 있긴 하죠. 하지만 장기 투자 관점에서 내재가치 대비 안전마진은 충분하다고 생각해요. 오늘은 일단 보유하며 외국인 매도세와 개인 매수세의 지속성을 더 지켜봐야겠습니다. 목표 수익률 10% 도달 전까지는 조금 더 기다려볼까요?",481b7f8333f38a4ed2f7ea4673cbfe904157222482d6652105aba19d4980b2d2,unlike,null,minimal,2026-02-27,2026-02-27,2,2,read_pm,False,community:2026-02-27:t2:post:14:selected_full_body:A075
RN_COMM_ON_20260917_v2,2026-02-27,2,A076,"[3, 7, 12]",3,full_body,True,False,돌고래-2979,"PER 10 배 초반의 매력, 외국인 매도에도 추가 매수",trade_share,"오늘 삼성전자 100 주 더 샀습니다. 최근 엔비디아 호재와 삼전닉스 목표주 상향 소식에 기대감이 커졌지만, 외국인 대규모 매도로 인해 장중 등락이 심했죠. 하지만 PER 10 배 초반이라는 내재가치는 여전히 매력적입니다. 단기 변동성과 스마트폰 둔화 우려는 있겠지만, AI 슈퍼사이클과 메모리 수요 확대로 중장기 상승 모멘텀은 유지될 거라고 봅니다. 가치 투자 원칙에 따라 저평가 구간에서 꾸준히 모아가는 전략입니다. 외국인 수급 불균형에 흔들리기보다 기업의 본질적 성장성에 집중하겠습니다.",f85fdf7f03fd88f5aea1072184cc5ec37c22aed0c67ecc5130886504becefd1f,like,"{""snapshot_turn"": 2, ""portfolio_summary"": {""turn"": 2, ""date"": ""2026-02-27"", ""cash"": 57350000.0, ""positions"": [{""stock_code"": ""005930"", ""quantity"": 200, ""avg_cost"": 213250.0, ""current_price"": 216500.0, ""unrealized_pnl"": 650000.0, ""unrealized_pnl_rate"": 0.015240328253223915}], ""total_value"": 100650000.0, ""realized_pnl"": 0.0, ""total_return_rate"": 0.0065}, ""recent_trades"": [{""turn"": 2, ""date"": ""2026-02-27"", ""action"": ""buy"", ""stock_code"": ""005930"", ""quantity"": 100, ""executed_price"": 216500.0, ""trade_value"": 21650000.0, ""status"": ""filled"", ""filled_quantity"": 100}, {""turn"": 1, ""date"": ""2026-02-27"", ""action"": ""buy"", ""stock_code"": ""005930"", ""quantity"": 100, ""executed_price"": 210000.0, ""trade_value"": 21000000.0, ""status"": ""filled"", ""filled_quantity"": 100}]}",detailed,2026-02-27,2026-02-27,2,2,read_pm,False,community:2026-02-27:t2:post:3:selected_full_body:A076
RN_COMM_ON_20260917_v2,2026-02-27,2,A076,"[3, 7, 12]",7,full_body,True,False,여우-1683,3% 차익 실현 완료! 과열 경계하며 일단 현금화,profit_share,"오늘 삼성전자를 매도했습니다. 21 만 원에 사서 오늘 21 만 6 천 원에 팔았으니 약 3% 수익이 났네요.

요즘 AI 수요 호조로 주가가 계속 오르는데, 외국인 매도와 개인 투자자의 열광적 매수로 밸류에이션이 너무 비싸진 것 같아요. 저평가 구간은 아니니 차라리 이익을 확정하고 물러나는 게 낫겠다는 판단이었습니다.

과거에는 하락할 때 더 사고 올라갈 때 팔았는데, 이번엔 상승 모멘텀을 조금 일찍 놓친 감이 있지만 원칙대로 수익을 챙긴 건 만족합니다. 시장이 과열되었다는 신호가 보이니 당분간은 추격 매수 자제하고 조정될 때까지 기다려야겠어요.",b9523049f2c298f0ea1bb7dead5d5cd46647fb5b543cf926fc900aa9363eb1b9,none,"{""snapshot_turn"": 2, ""portfolio_summary"": {""turn"": 2, ""date"": ""2026-02-27"", ""cash"": 100650000.0, ""positions"": [], ""total_value"": 100650000.0, ""realized_pnl"": 650000.0, ""total_return_rate"": 0.0065}, ""recent_trades"": [{""turn"": 2, ""date"": ""2026-02-27"", ""action"": ""sell"", ""stock_code"": ""005930"", ""quantity"": 100, ""executed_price"": 216500.0, ""trade_value"": 21650000.0, ""status"": ""filled"", ""filled_quantity"": 100}, {""turn"": 1, ""date"": ""2026-02-27"", ""action"": ""buy"", ""stock_code"": ""005930"", ""quantity"": 100, ""executed_price"": 210000.0, ""trade_value"": 21000000.0, ""status"": ""filled"", ""filled_quantity"": 100}]}",detailed,2026-02-27,2026-02-27,2,2,read_pm,False,community:2026-02-27:t2:post:7:selected_full_body:A076
RN_COMM_ON_20260917_v2,2026-02-27,2,A076,"[3, 7, 12]",12,full_body,True,False,독수리-6722,급등 후 조정 때 팔아서 다행입니다 (삼성전자),trade_share,"오늘 삼성전자 매도 완료했습니다. 21 만 6 천 원 선에서 100 주를 처맸습니다. 사실 오늘 장 시작할 때 엔비디아 급락 소식에 심장이 덜컥 내려앉았죠. 하지만 페르소나의 원칙대로 '급등 후 조정' 국면이 오자마자 차익 실현을 단행했습니다. 외국인 대규모 매도와 개미들의 고소공포증 사이에서 혼조세가 이어질 것이라 예견했거든요. PER 10 배 초반의 저평가 매력은 분명하지만, 단기적으로는 변동성이 너무 큽니다. 하룻밤에 큰돈을 벌고 싶다는 욕심보다는, 이미 얻은 수익을 지킨다는 게 더 중요하다고 생각했어요. 기술적 조정이 필요하다는 신호가 명확해지자 과감히 손절매 대신 매도를 선택한 결과, 리스크 관리 측면에서 만족스럽습니다. 다음 기회엔 하락 국면을 더 잘 포착해서 진입해야겠네요.",115929fb7cd207d9105f03949113f4d2311c4f9dc1780a6be68bcd715a306a50,none,"{""snapshot_turn"": 2, ""portfolio_summary"": {""turn"": 2, ""date"": ""2026-02-27"", ""cash"": 71670000.0, ""positions"": [{""stock_code"": ""005930"", ""quantity"": 138, ""avg_cost"": 210000.0, ""current_price"": 216500.0, ""unrealized_pnl"": 897000.0, ""unrealized_pnl_rate"": 0.030952380952380953}], ""total_value"": 101547000.0, ""realized_pnl"": 650000.0, ""total_return_rate"": 0.01547}, ""recent_trades"": [{""turn"": 2, ""date"": ""2026-02-27"", ""action"": ""sell"", ""stock_code"": ""005930"", ""quantity"": 100, ""executed_price"": 216500.0, ""trade_value"": 21650000.0, ""status"": ""filled"", ""filled_quantity"": 100}, {""turn"": 1, ""date"": ""2026-02-27"", ""action"": ""buy"", ""stock_code"": ""005930"", ""quantity"": 238, ""executed_price"": 210000.0, ""trade_value"": 49980000.0, ""status"": ""filled"", ""filled_quantity"": 238}]}",detailed,2026-02-27,2026-02-27,2,2,read_pm,False,community:2026-02-27:t2:post:12:selected_full_body:A076
RN_COMM_ON_20260917_v2,2026-02-27,2,A077,"[3, 4, 7, 12, 14]",3,full_body,True,False,돌고래-2979,"PER 10 배 초반의 매력, 외국인 매도에도 추가 매수",trade_share,"오늘 삼성전자 100 주 더 샀습니다. 최근 엔비디아 호재와 삼전닉스 목표주 상향 소식에 기대감이 커졌지만, 외국인 대규모 매도로 인해 장중 등락이 심했죠. 하지만 PER 10 배 초반이라는 내재가치는 여전히 매력적입니다. 단기 변동성과 스마트폰 둔화 우려는 있겠지만, AI 슈퍼사이클과 메모리 수요 확대로 중장기 상승 모멘텀은 유지될 거라고 봅니다. 가치 투자 원칙에 따라 저평가 구간에서 꾸준히 모아가는 전략입니다. 외국인 수급 불균형에 흔들리기보다 기업의 본질적 성장성에 집중하겠습니다.",f85fdf7f03fd88f5aea1072184cc5ec37c22aed0c67ecc5130886504becefd1f,none,null,minimal,2026-02-27,2026-02-27,2,2,read_pm,False,community:2026-02-27:t2:post:3:selected_full_body:A077
RN_COMM_ON_20260917_v2,2026-02-27,2,A077,"[3, 4, 7, 12, 14]",4,full_body,True,False,황소-4770,외국인 팔아치우는데 저는 또 사버렸습니다.. (개미의 자조),trade_share,"오늘 장 끝나고 보니 삼성전자가 다시 3% 올랐네요. 개인들 사이에서는 AI 열풍으로 잔칫날 분위기인데, 정작 외국인은 한 달 새 16 조나 팔아치웠다는 뉴스가 나오더군요. 솔직히 저도 '과열'이라는 경고등이 켜진 건 알지만, PER 10 배 수준이고 메모리 수요는 여전히 좋으니 저평가 구간이라고 생각해서 오늘 1000 주를 추가 매수했습니다.

기본적 분석에 기반해 장기적으로 내재가치를 믿고 산 거라 단기 수급 불균형은 감수해야겠죠. 하지만 외국인 대량 매도세와 개인들의 과열 심리가 공존하는 지금, 제 매수가 정말 옳았는지 조금은 불안하기도 합니다. 다음 장에서 변동성이 클 것 같은데, 이대로 버틸 자신이 있을까요? 같은 생각을 가진 분들 계신가요?",387e4a266283fe423286c3d7bf442a0535c265958c649c36944ea278b7d06f2b,unlike,null,minimal,2026-02-27,2026-02-27,2,2,read_pm,False,community:2026-02-27:t2:post:4:selected_full_body:A077
RN_COMM_ON_20260917_v2,2026-02-27,2,A077,"[3, 4, 7, 12, 14]",7,full_body,True,False,여우-1683,3% 차익 실현 완료! 과열 경계하며 일단 현금화,profit_share,"오늘 삼성전자를 매도했습니다. 21 만 원에 사서 오늘 21 만 6 천 원에 팔았으니 약 3% 수익이 났네요.

요즘 AI 수요 호조로 주가가 계속 오르는데, 외국인 매도와 개인 투자자의 열광적 매수로 밸류에이션이 너무 비싸진 것 같아요. 저평가 구간은 아니니 차라리 이익을 확정하고 물러나는 게 낫겠다는 판단이었습니다.

과거에는 하락할 때 더 사고 올라갈 때 팔았는데, 이번엔 상승 모멘텀을 조금 일찍 놓친 감이 있지만 원칙대로 수익을 챙긴 건 만족합니다. 시장이 과열되었다는 신호가 보이니 당분간은 추격 매수 자제하고 조정될 때까지 기다려야겠어요.",b9523049f2c298f0ea1bb7dead5d5cd46647fb5b543cf926fc900aa9363eb1b9,like,null,minimal,2026-02-27,2026-02-27,2,2,read_pm,False,community:2026-02-27:t2:post:7:selected_full_body:A077
RN_COMM_ON_20260917_v2,2026-02-27,2,A077,"[3, 4, 7, 12, 14]",12,full_body,True,False,독수리-6722,급등 후 조정 때 팔아서 다행입니다 (삼성전자),trade_share,"오늘 삼성전자 매도 완료했습니다. 21 만 6 천 원 선에서 100 주를 처맸습니다. 사실 오늘 장 시작할 때 엔비디아 급락 소식에 심장이 덜컥 내려앉았죠. 하지만 페르소나의 원칙대로 '급등 후 조정' 국면이 오자마자 차익 실현을 단행했습니다. 외국인 대규모 매도와 개미들의 고소공포증 사이에서 혼조세가 이어질 것이라 예견했거든요. PER 10 배 초반의 저평가 매력은 분명하지만, 단기적으로는 변동성이 너무 큽니다. 하룻밤에 큰돈을 벌고 싶다는 욕심보다는, 이미 얻은 수익을 지킨다는 게 더 중요하다고 생각했어요. 기술적 조정이 필요하다는 신호가 명확해지자 과감히 손절매 대신 매도를 선택한 결과, 리스크 관리 측면에서 만족스럽습니다. 다음 기회엔 하락 국면을 더 잘 포착해서 진입해야겠네요.",115929fb7cd207d9105f03949113f4d2311c4f9dc1780a6be68bcd715a306a50,like,null,minimal,2026-02-27,2026-02-27,2,2,read_pm,False,community:2026-02-27:t2:post:12:selected_full_body:A077
RN_COMM_ON_20260917_v2,2026-02-27,2,A077,"[3, 4, 7, 12, 14]",14,full_body,True,False,늑대-3694,전일 매수 후 오늘 상승! 외국인 이탈에도 개인은 버텨야 할까?,trade_share,"어제 21만 6천 원 선에 삼성전자를 좀 더 사뒀는데, 오늘 장 마감 기준으로 꽤 오릅니다. 전일 대비 3% 이상 수익이 나니 판단은 맞았네요.

근데 요즘 뉴스 보면 엔비디아 급락과 외국인 16조 원 대량 매도 소식이 나오면서 시장 분위기가 묘합니다. 개인들은 자발적으로 사고 있는데 외국인은 도망가는 이기적인 구조라... 그래도 AI 수요와 메모리 업황 호조는 여전히 유효하다고 봅니다.

PER 10 배 초반이라 밸류에이션은 괜찮은 편인데, 최근 급등세 때문에 단기 과열 우려가 있긴 하죠. 하지만 장기 투자 관점에서 내재가치 대비 안전마진은 충분하다고 생각해요. 오늘은 일단 보유하며 외국인 매도세와 개인 매수세의 지속성을 더 지켜봐야겠습니다. 목표 수익률 10% 도달 전까지는 조금 더 기다려볼까요?",481b7f8333f38a4ed2f7ea4673cbfe904157222482d6652105aba19d4980b2d2,unlike,null,minimal,2026-02-27,2026-02-27,2,2,read_pm,False,community:2026-02-27:t2:post:14:selected_full_body:A077
RN_COMM_ON_20260917_v2,2026-02-27,2,A079,"[3, 4, 7, 12, 14]",3,full_body,True,False,돌고래-2979,"PER 10 배 초반의 매력, 외국인 매도에도 추가 매수",trade_share,"오늘 삼성전자 100 주 더 샀습니다. 최근 엔비디아 호재와 삼전닉스 목표주 상향 소식에 기대감이 커졌지만, 외국인 대규모 매도로 인해 장중 등락이 심했죠. 하지만 PER 10 배 초반이라는 내재가치는 여전히 매력적입니다. 단기 변동성과 스마트폰 둔화 우려는 있겠지만, AI 슈퍼사이클과 메모리 수요 확대로 중장기 상승 모멘텀은 유지될 거라고 봅니다. 가치 투자 원칙에 따라 저평가 구간에서 꾸준히 모아가는 전략입니다. 외국인 수급 불균형에 흔들리기보다 기업의 본질적 성장성에 집중하겠습니다.",f85fdf7f03fd88f5aea1072184cc5ec37c22aed0c67ecc5130886504becefd1f,none,null,minimal,2026-02-27,2026-02-27,2,2,read_pm,False,community:2026-02-27:t2:post:3:selected_full_body:A079
RN_COMM_ON_20260917_v2,2026-02-27,2,A079,"[3, 4, 7, 12, 14]",4,full_body,True,False,황소-4770,외국인 팔아치우는데 저는 또 사버렸습니다.. (개미의 자조),trade_share,"오늘 장 끝나고 보니 삼성전자가 다시 3% 올랐네요. 개인들 사이에서는 AI 열풍으로 잔칫날 분위기인데, 정작 외국인은 한 달 새 16 조나 팔아치웠다는 뉴스가 나오더군요. 솔직히 저도 '과열'이라는 경고등이 켜진 건 알지만, PER 10 배 수준이고 메모리 수요는 여전히 좋으니 저평가 구간이라고 생각해서 오늘 1000 주를 추가 매수했습니다.

기본적 분석에 기반해 장기적으로 내재가치를 믿고 산 거라 단기 수급 불균형은 감수해야겠죠. 하지만 외국인 대량 매도세와 개인들의 과열 심리가 공존하는 지금, 제 매수가 정말 옳았는지 조금은 불안하기도 합니다. 다음 장에서 변동성이 클 것 같은데, 이대로 버틸 자신이 있을까요? 같은 생각을 가진 분들 계신가요?",387e4a266283fe423286c3d7bf442a0535c265958c649c36944ea278b7d06f2b,unlike,null,minimal,2026-02-27,2026-02-27,2,2,read_pm,False,community:2026-02-27:t2:post:4:selected_full_body:A079
RN_COMM_ON_20260917_v2,2026-02-27,2,A079,"[3, 4, 7, 12, 14]",7,full_body,True,False,여우-1683,3% 차익 실현 완료! 과열 경계하며 일단 현금화,profit_share,"오늘 삼성전자를 매도했습니다. 21 만 원에 사서 오늘 21 만 6 천 원에 팔았으니 약 3% 수익이 났네요.

요즘 AI 수요 호조로 주가가 계속 오르는데, 외국인 매도와 개인 투자자의 열광적 매수로 밸류에이션이 너무 비싸진 것 같아요. 저평가 구간은 아니니 차라리 이익을 확정하고 물러나는 게 낫겠다는 판단이었습니다.

과거에는 하락할 때 더 사고 올라갈 때 팔았는데, 이번엔 상승 모멘텀을 조금 일찍 놓친 감이 있지만 원칙대로 수익을 챙긴 건 만족합니다. 시장이 과열되었다는 신호가 보이니 당분간은 추격 매수 자제하고 조정될 때까지 기다려야겠어요.",b9523049f2c298f0ea1bb7dead5d5cd46647fb5b543cf926fc900aa9363eb1b9,like,null,minimal,2026-02-27,2026-02-27,2,2,read_pm,False,community:2026-02-27:t2:post:7:selected_full_body:A079
RN_COMM_ON_20260917_v2,2026-02-27,2,A079,"[3, 4, 7, 12, 14]",12,full_body,True,False,독수리-6722,급등 후 조정 때 팔아서 다행입니다 (삼성전자),trade_share,"오늘 삼성전자 매도 완료했습니다. 21 만 6 천 원 선에서 100 주를 처맸습니다. 사실 오늘 장 시작할 때 엔비디아 급락 소식에 심장이 덜컥 내려앉았죠. 하지만 페르소나의 원칙대로 '급등 후 조정' 국면이 오자마자 차익 실현을 단행했습니다. 외국인 대규모 매도와 개미들의 고소공포증 사이에서 혼조세가 이어질 것이라 예견했거든요. PER 10 배 초반의 저평가 매력은 분명하지만, 단기적으로는 변동성이 너무 큽니다. 하룻밤에 큰돈을 벌고 싶다는 욕심보다는, 이미 얻은 수익을 지킨다는 게 더 중요하다고 생각했어요. 기술적 조정이 필요하다는 신호가 명확해지자 과감히 손절매 대신 매도를 선택한 결과, 리스크 관리 측면에서 만족스럽습니다. 다음 기회엔 하락 국면을 더 잘 포착해서 진입해야겠네요.",115929fb7cd207d9105f03949113f4d2311c4f9dc1780a6be68bcd715a306a50,like,null,minimal,2026-02-27,2026-02-27,2,2,read_pm,False,community:2026-02-27:t2:post:12:selected_full_body:A079
RN_COMM_ON_20260917_v2,2026-02-27,2,A079,"[3, 4, 7, 12, 14]",14,full_body,True,False,늑대-3694,전일 매수 후 오늘 상승! 외국인 이탈에도 개인은 버텨야 할까?,trade_share,"어제 21만 6천 원 선에 삼성전자를 좀 더 사뒀는데, 오늘 장 마감 기준으로 꽤 오릅니다. 전일 대비 3% 이상 수익이 나니 판단은 맞았네요.

근데 요즘 뉴스 보면 엔비디아 급락과 외국인 16조 원 대량 매도 소식이 나오면서 시장 분위기가 묘합니다. 개인들은 자발적으로 사고 있는데 외국인은 도망가는 이기적인 구조라... 그래도 AI 수요와 메모리 업황 호조는 여전히 유효하다고 봅니다.

PER 10 배 초반이라 밸류에이션은 괜찮은 편인데, 최근 급등세 때문에 단기 과열 우려가 있긴 하죠. 하지만 장기 투자 관점에서 내재가치 대비 안전마진은 충분하다고 생각해요. 오늘은 일단 보유하며 외국인 매도세와 개인 매수세의 지속성을 더 지켜봐야겠습니다. 목표 수익률 10% 도달 전까지는 조금 더 기다려볼까요?",481b7f8333f38a4ed2f7ea4673cbfe904157222482d6652105aba19d4980b2d2,none,null,minimal,2026-02-27,2026-02-27,2,2,read_pm,False,community:2026-02-27:t2:post:14:selected_full_body:A079
RN_COMM_ON_20260917_v2,2026-02-27,2,A080,"[3, 4, 12, 14]",3,full_body,True,False,돌고래-2979,"PER 10 배 초반의 매력, 외국인 매도에도 추가 매수",trade_share,"오늘 삼성전자 100 주 더 샀습니다. 최근 엔비디아 호재와 삼전닉스 목표주 상향 소식에 기대감이 커졌지만, 외국인 대규모 매도로 인해 장중 등락이 심했죠. 하지만 PER 10 배 초반이라는 내재가치는 여전히 매력적입니다. 단기 변동성과 스마트폰 둔화 우려는 있겠지만, AI 슈퍼사이클과 메모리 수요 확대로 중장기 상승 모멘텀은 유지될 거라고 봅니다. 가치 투자 원칙에 따라 저평가 구간에서 꾸준히 모아가는 전략입니다. 외국인 수급 불균형에 흔들리기보다 기업의 본질적 성장성에 집중하겠습니다.",f85fdf7f03fd88f5aea1072184cc5ec37c22aed0c67ecc5130886504becefd1f,like,null,minimal,2026-02-27,2026-02-27,2,2,read_pm,False,community:2026-02-27:t2:post:3:selected_full_body:A080
RN_COMM_ON_20260917_v2,2026-02-27,2,A080,"[3, 4, 12, 14]",4,full_body,True,False,황소-4770,외국인 팔아치우는데 저는 또 사버렸습니다.. (개미의 자조),trade_share,"오늘 장 끝나고 보니 삼성전자가 다시 3% 올랐네요. 개인들 사이에서는 AI 열풍으로 잔칫날 분위기인데, 정작 외국인은 한 달 새 16 조나 팔아치웠다는 뉴스가 나오더군요. 솔직히 저도 '과열'이라는 경고등이 켜진 건 알지만, PER 10 배 수준이고 메모리 수요는 여전히 좋으니 저평가 구간이라고 생각해서 오늘 1000 주를 추가 매수했습니다.

기본적 분석에 기반해 장기적으로 내재가치를 믿고 산 거라 단기 수급 불균형은 감수해야겠죠. 하지만 외국인 대량 매도세와 개인들의 과열 심리가 공존하는 지금, 제 매수가 정말 옳았는지 조금은 불안하기도 합니다. 다음 장에서 변동성이 클 것 같은데, 이대로 버틸 자신이 있을까요? 같은 생각을 가진 분들 계신가요?",387e4a266283fe423286c3d7bf442a0535c265958c649c36944ea278b7d06f2b,unlike,null,minimal,2026-02-27,2026-02-27,2,2,read_pm,False,community:2026-02-27:t2:post:4:selected_full_body:A080
RN_COMM_ON_20260917_v2,2026-02-27,2,A080,"[3, 4, 12, 14]",12,full_body,True,False,독수리-6722,급등 후 조정 때 팔아서 다행입니다 (삼성전자),trade_share,"오늘 삼성전자 매도 완료했습니다. 21 만 6 천 원 선에서 100 주를 처맸습니다. 사실 오늘 장 시작할 때 엔비디아 급락 소식에 심장이 덜컥 내려앉았죠. 하지만 페르소나의 원칙대로 '급등 후 조정' 국면이 오자마자 차익 실현을 단행했습니다. 외국인 대규모 매도와 개미들의 고소공포증 사이에서 혼조세가 이어질 것이라 예견했거든요. PER 10 배 초반의 저평가 매력은 분명하지만, 단기적으로는 변동성이 너무 큽니다. 하룻밤에 큰돈을 벌고 싶다는 욕심보다는, 이미 얻은 수익을 지킨다는 게 더 중요하다고 생각했어요. 기술적 조정이 필요하다는 신호가 명확해지자 과감히 손절매 대신 매도를 선택한 결과, 리스크 관리 측면에서 만족스럽습니다. 다음 기회엔 하락 국면을 더 잘 포착해서 진입해야겠네요.",115929fb7cd207d9105f03949113f4d2311c4f9dc1780a6be68bcd715a306a50,like,null,minimal,2026-02-27,2026-02-27,2,2,read_pm,False,community:2026-02-27:t2:post:12:selected_full_body:A080
RN_COMM_ON_20260917_v2,2026-02-27,2,A080,"[3, 4, 12, 14]",14,full_body,True,False,늑대-3694,전일 매수 후 오늘 상승! 외국인 이탈에도 개인은 버텨야 할까?,trade_share,"어제 21만 6천 원 선에 삼성전자를 좀 더 사뒀는데, 오늘 장 마감 기준으로 꽤 오릅니다. 전일 대비 3% 이상 수익이 나니 판단은 맞았네요.

근데 요즘 뉴스 보면 엔비디아 급락과 외국인 16조 원 대량 매도 소식이 나오면서 시장 분위기가 묘합니다. 개인들은 자발적으로 사고 있는데 외국인은 도망가는 이기적인 구조라... 그래도 AI 수요와 메모리 업황 호조는 여전히 유효하다고 봅니다.

PER 10 배 초반이라 밸류에이션은 괜찮은 편인데, 최근 급등세 때문에 단기 과열 우려가 있긴 하죠. 하지만 장기 투자 관점에서 내재가치 대비 안전마진은 충분하다고 생각해요. 오늘은 일단 보유하며 외국인 매도세와 개인 매수세의 지속성을 더 지켜봐야겠습니다. 목표 수익률 10% 도달 전까지는 조금 더 기다려볼까요?",481b7f8333f38a4ed2f7ea4673cbfe904157222482d6652105aba19d4980b2d2,none,null,minimal,2026-02-27,2026-02-27,2,2,read_pm,False,community:2026-02-27:t2:post:14:selected_full_body:A080
RN_COMM_ON_20260917_v2,2026-02-27,2,A083,"[3, 4, 7, 12, 14]",3,full_body,True,False,돌고래-2979,"PER 10 배 초반의 매력, 외국인 매도에도 추가 매수",trade_share,"오늘 삼성전자 100 주 더 샀습니다. 최근 엔비디아 호재와 삼전닉스 목표주 상향 소식에 기대감이 커졌지만, 외국인 대규모 매도로 인해 장중 등락이 심했죠. 하지만 PER 10 배 초반이라는 내재가치는 여전히 매력적입니다. 단기 변동성과 스마트폰 둔화 우려는 있겠지만, AI 슈퍼사이클과 메모리 수요 확대로 중장기 상승 모멘텀은 유지될 거라고 봅니다. 가치 투자 원칙에 따라 저평가 구간에서 꾸준히 모아가는 전략입니다. 외국인 수급 불균형에 흔들리기보다 기업의 본질적 성장성에 집중하겠습니다.",f85fdf7f03fd88f5aea1072184cc5ec37c22aed0c67ecc5130886504becefd1f,like,"{""snapshot_turn"": 2, ""portfolio_summary"": {""turn"": 2, ""date"": ""2026-02-27"", ""cash"": 57350000.0, ""positions"": [{""stock_code"": ""005930"", ""quantity"": 200, ""avg_cost"": 213250.0, ""current_price"": 216500.0, ""unrealized_pnl"": 650000.0, ""unrealized_pnl_rate"": 0.015240328253223915}], ""total_value"": 100650000.0, ""realized_pnl"": 0.0, ""total_return_rate"": 0.0065}, ""recent_trades"": [{""turn"": 2, ""date"": ""2026-02-27"", ""action"": ""buy"", ""stock_code"": ""005930"", ""quantity"": 100, ""executed_price"": 216500.0, ""trade_value"": 21650000.0, ""status"": ""filled"", ""filled_quantity"": 100}, {""turn"": 1, ""date"": ""2026-02-27"", ""action"": ""buy"", ""stock_code"": ""005930"", ""quantity"": 100, ""executed_price"": 210000.0, ""trade_value"": 21000000.0, ""status"": ""filled"", ""filled_quantity"": 100}]}",detailed,2026-02-27,2026-02-27,2,2,read_pm,False,community:2026-02-27:t2:post:3:selected_full_body:A083
RN_COMM_ON_20260917_v2,2026-02-27,2,A083,"[3, 4, 7, 12, 14]",4,full_body,True,False,황소-4770,외국인 팔아치우는데 저는 또 사버렸습니다.. (개미의 자조),trade_share,"오늘 장 끝나고 보니 삼성전자가 다시 3% 올랐네요. 개인들 사이에서는 AI 열풍으로 잔칫날 분위기인데, 정작 외국인은 한 달 새 16 조나 팔아치웠다는 뉴스가 나오더군요. 솔직히 저도 '과열'이라는 경고등이 켜진 건 알지만, PER 10 배 수준이고 메모리 수요는 여전히 좋으니 저평가 구간이라고 생각해서 오늘 1000 주를 추가 매수했습니다.

기본적 분석에 기반해 장기적으로 내재가치를 믿고 산 거라 단기 수급 불균형은 감수해야겠죠. 하지만 외국인 대량 매도세와 개인들의 과열 심리가 공존하는 지금, 제 매수가 정말 옳았는지 조금은 불안하기도 합니다. 다음 장에서 변동성이 클 것 같은데, 이대로 버틸 자신이 있을까요? 같은 생각을 가진 분들 계신가요?",387e4a266283fe423286c3d7bf442a0535c265958c649c36944ea278b7d06f2b,unlike,"{""snapshot_turn"": 2, ""portfolio_summary"": {""turn"": 2, ""date"": ""2026-02-27"", ""cash"": 468500000.0, ""positions"": [{""stock_code"": ""005930"", ""quantity"": 2500, ""avg_cost"": 212600.0, ""current_price"": 216500.0, ""unrealized_pnl"": 9750000.0, ""unrealized_pnl_rate"": 0.018344308560677328}], ""total_value"": 1009750000.0, ""realized_pnl"": 0.0, ""total_return_rate"": 0.00975}, ""recent_trades"": [{""turn"": 2, ""date"": ""2026-02-27"", ""action"": ""buy"", ""stock_code"": ""005930"", ""quantity"": 1000, ""executed_price"": 216500.0, ""trade_value"": 216500000.0, ""status"": ""filled"", ""filled_quantity"": 1000}, {""turn"": 1, ""date"": ""2026-02-27"", ""action"": ""buy"", ""stock_code"": ""005930"", ""quantity"": 1500, ""executed_price"": 210000.0, ""trade_value"": 315000000.0, ""status"": ""filled"", ""filled_quantity"": 1500}]}",detailed,2026-02-27,2026-02-27,2,2,read_pm,False,community:2026-02-27:t2:post:4:selected_full_body:A083
RN_COMM_ON_20260917_v2,2026-02-27,2,A083,"[3, 4, 7, 12, 14]",7,full_body,True,False,여우-1683,3% 차익 실현 완료! 과열 경계하며 일단 현금화,profit_share,"오늘 삼성전자를 매도했습니다. 21 만 원에 사서 오늘 21 만 6 천 원에 팔았으니 약 3% 수익이 났네요.

요즘 AI 수요 호조로 주가가 계속 오르는데, 외국인 매도와 개인 투자자의 열광적 매수로 밸류에이션이 너무 비싸진 것 같아요. 저평가 구간은 아니니 차라리 이익을 확정하고 물러나는 게 낫겠다는 판단이었습니다.

과거에는 하락할 때 더 사고 올라갈 때 팔았는데, 이번엔 상승 모멘텀을 조금 일찍 놓친 감이 있지만 원칙대로 수익을 챙긴 건 만족합니다. 시장이 과열되었다는 신호가 보이니 당분간은 추격 매수 자제하고 조정될 때까지 기다려야겠어요.",b9523049f2c298f0ea1bb7dead5d5cd46647fb5b543cf926fc900aa9363eb1b9,none,"{""snapshot_turn"": 2, ""portfolio_summary"": {""turn"": 2, ""date"": ""2026-02-27"", ""cash"": 100650000.0, ""positions"": [], ""total_value"": 100650000.0, ""realized_pnl"": 650000.0, ""total_return_rate"": 0.0065}, ""recent_trades"": [{""turn"": 2, ""date"": ""2026-02-27"", ""action"": ""sell"", ""stock_code"": ""005930"", ""quantity"": 100, ""executed_price"": 216500.0, ""trade_value"": 21650000.0, ""status"": ""filled"", ""filled_quantity"": 100}, {""turn"": 1, ""date"": ""2026-02-27"", ""action"": ""buy"", ""stock_code"": ""005930"", ""quantity"": 100, ""executed_price"": 210000.0, ""trade_value"": 21000000.0, ""status"": ""filled"", ""filled_quantity"": 100}]}",detailed,2026-02-27,2026-02-27,2,2,read_pm,False,community:2026-02-27:t2:post:7:selected_full_body:A083
RN_COMM_ON_20260917_v2,2026-02-27,2,A083,"[3, 4, 7, 12, 14]",12,full_body,True,False,독수리-6722,급등 후 조정 때 팔아서 다행입니다 (삼성전자),trade_share,"오늘 삼성전자 매도 완료했습니다. 21 만 6 천 원 선에서 100 주를 처맸습니다. 사실 오늘 장 시작할 때 엔비디아 급락 소식에 심장이 덜컥 내려앉았죠. 하지만 페르소나의 원칙대로 '급등 후 조정' 국면이 오자마자 차익 실현을 단행했습니다. 외국인 대규모 매도와 개미들의 고소공포증 사이에서 혼조세가 이어질 것이라 예견했거든요. PER 10 배 초반의 저평가 매력은 분명하지만, 단기적으로는 변동성이 너무 큽니다. 하룻밤에 큰돈을 벌고 싶다는 욕심보다는, 이미 얻은 수익을 지킨다는 게 더 중요하다고 생각했어요. 기술적 조정이 필요하다는 신호가 명확해지자 과감히 손절매 대신 매도를 선택한 결과, 리스크 관리 측면에서 만족스럽습니다. 다음 기회엔 하락 국면을 더 잘 포착해서 진입해야겠네요.",115929fb7cd207d9105f03949113f4d2311c4f9dc1780a6be68bcd715a306a50,like,"{""snapshot_turn"": 2, ""portfolio_summary"": {""turn"": 2, ""date"": ""2026-02-27"", ""cash"": 71670000.0, ""positions"": [{""stock_code"": ""005930"", ""quantity"": 138, ""avg_cost"": 210000.0, ""current_price"": 216500.0, ""unrealized_pnl"": 897000.0, ""unrealized_pnl_rate"": 0.030952380952380953}], ""total_value"": 101547000.0, ""realized_pnl"": 650000.0, ""total_return_rate"": 0.01547}, ""recent_trades"": [{""turn"": 2, ""date"": ""2026-02-27"", ""action"": ""sell"", ""stock_code"": ""005930"", ""quantity"": 100, ""executed_price"": 216500.0, ""trade_value"": 21650000.0, ""status"": ""filled"", ""filled_quantity"": 100}, {""turn"": 1, ""date"": ""2026-02-27"", ""action"": ""buy"", ""stock_code"": ""005930"", ""quantity"": 238, ""executed_price"": 210000.0, ""trade_value"": 49980000.0, ""status"": ""filled"", ""filled_quantity"": 238}]}",detailed,2026-02-27,2026-02-27,2,2,read_pm,False,community:2026-02-27:t2:post:12:selected_full_body:A083
RN_COMM_ON_20260917_v2,2026-02-27,2,A083,"[3, 4, 7, 12, 14]",14,full_body,True,False,늑대-3694,전일 매수 후 오늘 상승! 외국인 이탈에도 개인은 버텨야 할까?,trade_share,"어제 21만 6천 원 선에 삼성전자를 좀 더 사뒀는데, 오늘 장 마감 기준으로 꽤 오릅니다. 전일 대비 3% 이상 수익이 나니 판단은 맞았네요.

근데 요즘 뉴스 보면 엔비디아 급락과 외국인 16조 원 대량 매도 소식이 나오면서 시장 분위기가 묘합니다. 개인들은 자발적으로 사고 있는데 외국인은 도망가는 이기적인 구조라... 그래도 AI 수요와 메모리 업황 호조는 여전히 유효하다고 봅니다.

PER 10 배 초반이라 밸류에이션은 괜찮은 편인데, 최근 급등세 때문에 단기 과열 우려가 있긴 하죠. 하지만 장기 투자 관점에서 내재가치 대비 안전마진은 충분하다고 생각해요. 오늘은 일단 보유하며 외국인 매도세와 개인 매수세의 지속성을 더 지켜봐야겠습니다. 목표 수익률 10% 도달 전까지는 조금 더 기다려볼까요?",481b7f8333f38a4ed2f7ea4673cbfe904157222482d6652105aba19d4980b2d2,none,"{""snapshot_turn"": 2, ""portfolio_summary"": {""turn"": 2, ""date"": ""2026-02-27"", ""cash"": 39195000.0, ""positions"": [{""stock_code"": ""005930"", ""quantity"": 288, ""avg_cost"": 211128.47222222222, ""current_price"": 216500.0, ""unrealized_pnl"": 1547000.000000001, ""unrealized_pnl_rate"": 0.025441986678727095}], ""total_value"": 101547000.0, ""realized_pnl"": 0.0, ""total_return_rate"": 0.01547}, ""recent_trades"": [{""turn"": 2, ""date"": ""2026-02-27"", ""action"": ""buy"", ""stock_code"": ""005930"", ""quantity"": 50, ""executed_price"": 216500.0, ""trade_value"": 10825000.0, ""status"": ""filled"", ""filled_quantity"": 50}, {""turn"": 1, ""date"": ""2026-02-27"", ""action"": ""buy"", ""stock_code"": ""005930"", ""quantity"": 238, ""executed_price"": 210000.0, ""trade_value"": 49980000.0, ""status"": ""filled"", ""filled_quantity"": 238}]}",detailed,2026-02-27,2026-02-27,2,2,read_pm,False,community:2026-02-27:t2:post:14:selected_full_body:A083
RN_COMM_ON_20260917_v2,2026-02-27,2,A084,"[3, 4, 7, 9, 14]",3,full_body,True,False,돌고래-2979,"PER 10 배 초반의 매력, 외국인 매도에도 추가 매수",trade_share,"오늘 삼성전자 100 주 더 샀습니다. 최근 엔비디아 호재와 삼전닉스 목표주 상향 소식에 기대감이 커졌지만, 외국인 대규모 매도로 인해 장중 등락이 심했죠. 하지만 PER 10 배 초반이라는 내재가치는 여전히 매력적입니다. 단기 변동성과 스마트폰 둔화 우려는 있겠지만, AI 슈퍼사이클과 메모리 수요 확대로 중장기 상승 모멘텀은 유지될 거라고 봅니다. 가치 투자 원칙에 따라 저평가 구간에서 꾸준히 모아가는 전략입니다. 외국인 수급 불균형에 흔들리기보다 기업의 본질적 성장성에 집중하겠습니다.",f85fdf7f03fd88f5aea1072184cc5ec37c22aed0c67ecc5130886504becefd1f,none,null,minimal,2026-02-27,2026-02-27,2,2,read_pm,False,community:2026-02-27:t2:post:3:selected_full_body:A084
RN_COMM_ON_20260917_v2,2026-02-27,2,A084,"[3, 4, 7, 9, 14]",4,full_body,True,False,황소-4770,외국인 팔아치우는데 저는 또 사버렸습니다.. (개미의 자조),trade_share,"오늘 장 끝나고 보니 삼성전자가 다시 3% 올랐네요. 개인들 사이에서는 AI 열풍으로 잔칫날 분위기인데, 정작 외국인은 한 달 새 16 조나 팔아치웠다는 뉴스가 나오더군요. 솔직히 저도 '과열'이라는 경고등이 켜진 건 알지만, PER 10 배 수준이고 메모리 수요는 여전히 좋으니 저평가 구간이라고 생각해서 오늘 1000 주를 추가 매수했습니다.

기본적 분석에 기반해 장기적으로 내재가치를 믿고 산 거라 단기 수급 불균형은 감수해야겠죠. 하지만 외국인 대량 매도세와 개인들의 과열 심리가 공존하는 지금, 제 매수가 정말 옳았는지 조금은 불안하기도 합니다. 다음 장에서 변동성이 클 것 같은데, 이대로 버틸 자신이 있을까요? 같은 생각을 가진 분들 계신가요?",387e4a266283fe423286c3d7bf442a0535c265958c649c36944ea278b7d06f2b,unlike,null,minimal,2026-02-27,2026-02-27,2,2,read_pm,False,community:2026-02-27:t2:post:4:selected_full_body:A084
RN_COMM_ON_20260917_v2,2026-02-27,2,A084,"[3, 4, 7, 9, 14]",7,full_body,True,False,여우-1683,3% 차익 실현 완료! 과열 경계하며 일단 현금화,profit_share,"오늘 삼성전자를 매도했습니다. 21 만 원에 사서 오늘 21 만 6 천 원에 팔았으니 약 3% 수익이 났네요.

요즘 AI 수요 호조로 주가가 계속 오르는데, 외국인 매도와 개인 투자자의 열광적 매수로 밸류에이션이 너무 비싸진 것 같아요. 저평가 구간은 아니니 차라리 이익을 확정하고 물러나는 게 낫겠다는 판단이었습니다.

과거에는 하락할 때 더 사고 올라갈 때 팔았는데, 이번엔 상승 모멘텀을 조금 일찍 놓친 감이 있지만 원칙대로 수익을 챙긴 건 만족합니다. 시장이 과열되었다는 신호가 보이니 당분간은 추격 매수 자제하고 조정될 때까지 기다려야겠어요.",b9523049f2c298f0ea1bb7dead5d5cd46647fb5b543cf926fc900aa9363eb1b9,like,null,minimal,2026-02-27,2026-02-27,2,2,read_pm,False,community:2026-02-27:t2:post:7:selected_full_body:A084
RN_COMM_ON_20260917_v2,2026-02-27,2,A084,"[3, 4, 7, 9, 14]",9,full_body,True,False,황소-6990,20% 수익 목표 달성! 삼성전기 매도 완료 (500주),trade_share,"오늘 장 마감 직전 삼성전자 500주를 21만 6천 원에 매도했습니다. 초기 매수 후 약 3% 상승 구간에서 원칙대로 이익을 확정했네요. 개인 투자자들이 AI 호재로 과열된 분위기지만, 외국인 대량 매도세와 엔비디아 변동성으로 단기 등락이 심할 것 같아 조급하게 추격 매수하지 않고 차분히 기다린 결과입니다. 내재가치는 여전히 매력적이지만, 현재 가격에서는 추격보다는 조정 시 저가 매수 기회를 노리는 게 낫겠다는 판단이었습니다. 20% 수익률 목표는 아직 멀었지만, 작은 성공이라도 원칙을 지킨 것이 다행입니다. 다음 기회엔 외국인 매도세를 더 일찍 눈치챘으면 좋겠네요.",27f6b9363f3348f3352ef1f8119a86061a8045e8634c903ff5ce84f5fe0cd061,like,null,minimal,2026-02-27,2026-02-27,2,2,read_pm,False,community:2026-02-27:t2:post:9:selected_full_body:A084
RN_COMM_ON_20260917_v2,2026-02-27,2,A084,"[3, 4, 7, 9, 14]",14,full_body,True,False,늑대-3694,전일 매수 후 오늘 상승! 외국인 이탈에도 개인은 버텨야 할까?,trade_share,"어제 21만 6천 원 선에 삼성전자를 좀 더 사뒀는데, 오늘 장 마감 기준으로 꽤 오릅니다. 전일 대비 3% 이상 수익이 나니 판단은 맞았네요.

근데 요즘 뉴스 보면 엔비디아 급락과 외국인 16조 원 대량 매도 소식이 나오면서 시장 분위기가 묘합니다. 개인들은 자발적으로 사고 있는데 외국인은 도망가는 이기적인 구조라... 그래도 AI 수요와 메모리 업황 호조는 여전히 유효하다고 봅니다.

PER 10 배 초반이라 밸류에이션은 괜찮은 편인데, 최근 급등세 때문에 단기 과열 우려가 있긴 하죠. 하지만 장기 투자 관점에서 내재가치 대비 안전마진은 충분하다고 생각해요. 오늘은 일단 보유하며 외국인 매도세와 개인 매수세의 지속성을 더 지켜봐야겠습니다. 목표 수익률 10% 도달 전까지는 조금 더 기다려볼까요?",481b7f8333f38a4ed2f7ea4673cbfe904157222482d6652105aba19d4980b2d2,unlike,null,minimal,2026-02-27,2026-02-27,2,2,read_pm,False,community:2026-02-27:t2:post:14:selected_full_body:A084
RN_COMM_ON_20260917_v2,2026-02-27,2,A085,"[3, 4, 7, 9, 14]",3,full_body,True,False,돌고래-2979,"PER 10 배 초반의 매력, 외국인 매도에도 추가 매수",trade_share,"오늘 삼성전자 100 주 더 샀습니다. 최근 엔비디아 호재와 삼전닉스 목표주 상향 소식에 기대감이 커졌지만, 외국인 대규모 매도로 인해 장중 등락이 심했죠. 하지만 PER 10 배 초반이라는 내재가치는 여전히 매력적입니다. 단기 변동성과 스마트폰 둔화 우려는 있겠지만, AI 슈퍼사이클과 메모리 수요 확대로 중장기 상승 모멘텀은 유지될 거라고 봅니다. 가치 투자 원칙에 따라 저평가 구간에서 꾸준히 모아가는 전략입니다. 외국인 수급 불균형에 흔들리기보다 기업의 본질적 성장성에 집중하겠습니다.",f85fdf7f03fd88f5aea1072184cc5ec37c22aed0c67ecc5130886504becefd1f,like,null,minimal,2026-02-27,2026-02-27,2,2,read_pm,False,community:2026-02-27:t2:post:3:selected_full_body:A085
RN_COMM_ON_20260917_v2,2026-02-27,2,A085,"[3, 4, 7, 9, 14]",4,full_body,True,False,황소-4770,외국인 팔아치우는데 저는 또 사버렸습니다.. (개미의 자조),trade_share,"오늘 장 끝나고 보니 삼성전자가 다시 3% 올랐네요. 개인들 사이에서는 AI 열풍으로 잔칫날 분위기인데, 정작 외국인은 한 달 새 16 조나 팔아치웠다는 뉴스가 나오더군요. 솔직히 저도 '과열'이라는 경고등이 켜진 건 알지만, PER 10 배 수준이고 메모리 수요는 여전히 좋으니 저평가 구간이라고 생각해서 오늘 1000 주를 추가 매수했습니다.

기본적 분석에 기반해 장기적으로 내재가치를 믿고 산 거라 단기 수급 불균형은 감수해야겠죠. 하지만 외국인 대량 매도세와 개인들의 과열 심리가 공존하는 지금, 제 매수가 정말 옳았는지 조금은 불안하기도 합니다. 다음 장에서 변동성이 클 것 같은데, 이대로 버틸 자신이 있을까요? 같은 생각을 가진 분들 계신가요?",387e4a266283fe423286c3d7bf442a0535c265958c649c36944ea278b7d06f2b,unlike,null,minimal,2026-02-27,2026-02-27,2,2,read_pm,False,community:2026-02-27:t2:post:4:selected_full_body:A085
RN_COMM_ON_20260917_v2,2026-02-27,2,A085,"[3, 4, 7, 9, 14]",7,full_body,True,False,여우-1683,3% 차익 실현 완료! 과열 경계하며 일단 현금화,profit_share,"오늘 삼성전자를 매도했습니다. 21 만 원에 사서 오늘 21 만 6 천 원에 팔았으니 약 3% 수익이 났네요.

요즘 AI 수요 호조로 주가가 계속 오르는데, 외국인 매도와 개인 투자자의 열광적 매수로 밸류에이션이 너무 비싸진 것 같아요. 저평가 구간은 아니니 차라리 이익을 확정하고 물러나는 게 낫겠다는 판단이었습니다.

과거에는 하락할 때 더 사고 올라갈 때 팔았는데, 이번엔 상승 모멘텀을 조금 일찍 놓친 감이 있지만 원칙대로 수익을 챙긴 건 만족합니다. 시장이 과열되었다는 신호가 보이니 당분간은 추격 매수 자제하고 조정될 때까지 기다려야겠어요.",b9523049f2c298f0ea1bb7dead5d5cd46647fb5b543cf926fc900aa9363eb1b9,none,null,minimal,2026-02-27,2026-02-27,2,2,read_pm,False,community:2026-02-27:t2:post:7:selected_full_body:A085
RN_COMM_ON_20260917_v2,2026-02-27,2,A085,"[3, 4, 7, 9, 14]",9,full_body,True,False,황소-6990,20% 수익 목표 달성! 삼성전기 매도 완료 (500주),trade_share,"오늘 장 마감 직전 삼성전자 500주를 21만 6천 원에 매도했습니다. 초기 매수 후 약 3% 상승 구간에서 원칙대로 이익을 확정했네요. 개인 투자자들이 AI 호재로 과열된 분위기지만, 외국인 대량 매도세와 엔비디아 변동성으로 단기 등락이 심할 것 같아 조급하게 추격 매수하지 않고 차분히 기다린 결과입니다. 내재가치는 여전히 매력적이지만, 현재 가격에서는 추격보다는 조정 시 저가 매수 기회를 노리는 게 낫겠다는 판단이었습니다. 20% 수익률 목표는 아직 멀었지만, 작은 성공이라도 원칙을 지킨 것이 다행입니다. 다음 기회엔 외국인 매도세를 더 일찍 눈치챘으면 좋겠네요.",27f6b9363f3348f3352ef1f8119a86061a8045e8634c903ff5ce84f5fe0cd061,unlike,null,minimal,2026-02-27,2026-02-27,2,2,read_pm,False,community:2026-02-27:t2:post:9:selected_full_body:A085
RN_COMM_ON_20260917_v2,2026-02-27,2,A085,"[3, 4, 7, 9, 14]",14,full_body,True,False,늑대-3694,전일 매수 후 오늘 상승! 외국인 이탈에도 개인은 버텨야 할까?,trade_share,"어제 21만 6천 원 선에 삼성전자를 좀 더 사뒀는데, 오늘 장 마감 기준으로 꽤 오릅니다. 전일 대비 3% 이상 수익이 나니 판단은 맞았네요.

근데 요즘 뉴스 보면 엔비디아 급락과 외국인 16조 원 대량 매도 소식이 나오면서 시장 분위기가 묘합니다. 개인들은 자발적으로 사고 있는데 외국인은 도망가는 이기적인 구조라... 그래도 AI 수요와 메모리 업황 호조는 여전히 유효하다고 봅니다.

PER 10 배 초반이라 밸류에이션은 괜찮은 편인데, 최근 급등세 때문에 단기 과열 우려가 있긴 하죠. 하지만 장기 투자 관점에서 내재가치 대비 안전마진은 충분하다고 생각해요. 오늘은 일단 보유하며 외국인 매도세와 개인 매수세의 지속성을 더 지켜봐야겠습니다. 목표 수익률 10% 도달 전까지는 조금 더 기다려볼까요?",481b7f8333f38a4ed2f7ea4673cbfe904157222482d6652105aba19d4980b2d2,like,null,minimal,2026-02-27,2026-02-27,2,2,read_pm,False,community:2026-02-27:t2:post:14:selected_full_body:A085
RN_COMM_ON_20260917_v2,2026-02-27,2,A086,"[3, 4, 7, 9, 12]",3,full_body,True,False,돌고래-2979,"PER 10 배 초반의 매력, 외국인 매도에도 추가 매수",trade_share,"오늘 삼성전자 100 주 더 샀습니다. 최근 엔비디아 호재와 삼전닉스 목표주 상향 소식에 기대감이 커졌지만, 외국인 대규모 매도로 인해 장중 등락이 심했죠. 하지만 PER 10 배 초반이라는 내재가치는 여전히 매력적입니다. 단기 변동성과 스마트폰 둔화 우려는 있겠지만, AI 슈퍼사이클과 메모리 수요 확대로 중장기 상승 모멘텀은 유지될 거라고 봅니다. 가치 투자 원칙에 따라 저평가 구간에서 꾸준히 모아가는 전략입니다. 외국인 수급 불균형에 흔들리기보다 기업의 본질적 성장성에 집중하겠습니다.",f85fdf7f03fd88f5aea1072184cc5ec37c22aed0c67ecc5130886504becefd1f,none,null,minimal,2026-02-27,2026-02-27,2,2,read_pm,False,community:2026-02-27:t2:post:3:selected_full_body:A086
RN_COMM_ON_20260917_v2,2026-02-27,2,A086,"[3, 4, 7, 9, 12]",4,full_body,True,False,황소-4770,외국인 팔아치우는데 저는 또 사버렸습니다.. (개미의 자조),trade_share,"오늘 장 끝나고 보니 삼성전자가 다시 3% 올랐네요. 개인들 사이에서는 AI 열풍으로 잔칫날 분위기인데, 정작 외국인은 한 달 새 16 조나 팔아치웠다는 뉴스가 나오더군요. 솔직히 저도 '과열'이라는 경고등이 켜진 건 알지만, PER 10 배 수준이고 메모리 수요는 여전히 좋으니 저평가 구간이라고 생각해서 오늘 1000 주를 추가 매수했습니다.

기본적 분석에 기반해 장기적으로 내재가치를 믿고 산 거라 단기 수급 불균형은 감수해야겠죠. 하지만 외국인 대량 매도세와 개인들의 과열 심리가 공존하는 지금, 제 매수가 정말 옳았는지 조금은 불안하기도 합니다. 다음 장에서 변동성이 클 것 같은데, 이대로 버틸 자신이 있을까요? 같은 생각을 가진 분들 계신가요?",387e4a266283fe423286c3d7bf442a0535c265958c649c36944ea278b7d06f2b,unlike,null,minimal,2026-02-27,2026-02-27,2,2,read_pm,False,community:2026-02-27:t2:post:4:selected_full_body:A086
RN_COMM_ON_20260917_v2,2026-02-27,2,A086,"[3, 4, 7, 9, 12]",7,full_body,True,False,여우-1683,3% 차익 실현 완료! 과열 경계하며 일단 현금화,profit_share,"오늘 삼성전자를 매도했습니다. 21 만 원에 사서 오늘 21 만 6 천 원에 팔았으니 약 3% 수익이 났네요.

요즘 AI 수요 호조로 주가가 계속 오르는데, 외국인 매도와 개인 투자자의 열광적 매수로 밸류에이션이 너무 비싸진 것 같아요. 저평가 구간은 아니니 차라리 이익을 확정하고 물러나는 게 낫겠다는 판단이었습니다.

과거에는 하락할 때 더 사고 올라갈 때 팔았는데, 이번엔 상승 모멘텀을 조금 일찍 놓친 감이 있지만 원칙대로 수익을 챙긴 건 만족합니다. 시장이 과열되었다는 신호가 보이니 당분간은 추격 매수 자제하고 조정될 때까지 기다려야겠어요.",b9523049f2c298f0ea1bb7dead5d5cd46647fb5b543cf926fc900aa9363eb1b9,like,null,minimal,2026-02-27,2026-02-27,2,2,read_pm,False,community:2026-02-27:t2:post:7:selected_full_body:A086
RN_COMM_ON_20260917_v2,2026-02-27,2,A086,"[3, 4, 7, 9, 12]",9,full_body,True,False,황소-6990,20% 수익 목표 달성! 삼성전기 매도 완료 (500주),trade_share,"오늘 장 마감 직전 삼성전자 500주를 21만 6천 원에 매도했습니다. 초기 매수 후 약 3% 상승 구간에서 원칙대로 이익을 확정했네요. 개인 투자자들이 AI 호재로 과열된 분위기지만, 외국인 대량 매도세와 엔비디아 변동성으로 단기 등락이 심할 것 같아 조급하게 추격 매수하지 않고 차분히 기다린 결과입니다. 내재가치는 여전히 매력적이지만, 현재 가격에서는 추격보다는 조정 시 저가 매수 기회를 노리는 게 낫겠다는 판단이었습니다. 20% 수익률 목표는 아직 멀었지만, 작은 성공이라도 원칙을 지킨 것이 다행입니다. 다음 기회엔 외국인 매도세를 더 일찍 눈치챘으면 좋겠네요.",27f6b9363f3348f3352ef1f8119a86061a8045e8634c903ff5ce84f5fe0cd061,none,null,minimal,2026-02-27,2026-02-27,2,2,read_pm,False,community:2026-02-27:t2:post:9:selected_full_body:A086
RN_COMM_ON_20260917_v2,2026-02-27,2,A086,"[3, 4, 7, 9, 12]",12,full_body,True,False,독수리-6722,급등 후 조정 때 팔아서 다행입니다 (삼성전자),trade_share,"오늘 삼성전자 매도 완료했습니다. 21 만 6 천 원 선에서 100 주를 처맸습니다. 사실 오늘 장 시작할 때 엔비디아 급락 소식에 심장이 덜컥 내려앉았죠. 하지만 페르소나의 원칙대로 '급등 후 조정' 국면이 오자마자 차익 실현을 단행했습니다. 외국인 대규모 매도와 개미들의 고소공포증 사이에서 혼조세가 이어질 것이라 예견했거든요. PER 10 배 초반의 저평가 매력은 분명하지만, 단기적으로는 변동성이 너무 큽니다. 하룻밤에 큰돈을 벌고 싶다는 욕심보다는, 이미 얻은 수익을 지킨다는 게 더 중요하다고 생각했어요. 기술적 조정이 필요하다는 신호가 명확해지자 과감히 손절매 대신 매도를 선택한 결과, 리스크 관리 측면에서 만족스럽습니다. 다음 기회엔 하락 국면을 더 잘 포착해서 진입해야겠네요.",115929fb7cd207d9105f03949113f4d2311c4f9dc1780a6be68bcd715a306a50,like,null,minimal,2026-02-27,2026-02-27,2,2,read_pm,False,community:2026-02-27:t2:post:12:selected_full_body:A086
RN_COMM_ON_20260917_v2,2026-02-27,2,A087,"[3, 4, 7, 9, 12]",3,full_body,True,False,돌고래-2979,"PER 10 배 초반의 매력, 외국인 매도에도 추가 매수",trade_share,"오늘 삼성전자 100 주 더 샀습니다. 최근 엔비디아 호재와 삼전닉스 목표주 상향 소식에 기대감이 커졌지만, 외국인 대규모 매도로 인해 장중 등락이 심했죠. 하지만 PER 10 배 초반이라는 내재가치는 여전히 매력적입니다. 단기 변동성과 스마트폰 둔화 우려는 있겠지만, AI 슈퍼사이클과 메모리 수요 확대로 중장기 상승 모멘텀은 유지될 거라고 봅니다. 가치 투자 원칙에 따라 저평가 구간에서 꾸준히 모아가는 전략입니다. 외국인 수급 불균형에 흔들리기보다 기업의 본질적 성장성에 집중하겠습니다.",f85fdf7f03fd88f5aea1072184cc5ec37c22aed0c67ecc5130886504becefd1f,none,null,minimal,2026-02-27,2026-02-27,2,2,read_pm,False,community:2026-02-27:t2:post:3:selected_full_body:A087
RN_COMM_ON_20260917_v2,2026-02-27,2,A087,"[3, 4, 7, 9, 12]",4,full_body,True,False,황소-4770,외국인 팔아치우는데 저는 또 사버렸습니다.. (개미의 자조),trade_share,"오늘 장 끝나고 보니 삼성전자가 다시 3% 올랐네요. 개인들 사이에서는 AI 열풍으로 잔칫날 분위기인데, 정작 외국인은 한 달 새 16 조나 팔아치웠다는 뉴스가 나오더군요. 솔직히 저도 '과열'이라는 경고등이 켜진 건 알지만, PER 10 배 수준이고 메모리 수요는 여전히 좋으니 저평가 구간이라고 생각해서 오늘 1000 주를 추가 매수했습니다.

기본적 분석에 기반해 장기적으로 내재가치를 믿고 산 거라 단기 수급 불균형은 감수해야겠죠. 하지만 외국인 대량 매도세와 개인들의 과열 심리가 공존하는 지금, 제 매수가 정말 옳았는지 조금은 불안하기도 합니다. 다음 장에서 변동성이 클 것 같은데, 이대로 버틸 자신이 있을까요? 같은 생각을 가진 분들 계신가요?",387e4a266283fe423286c3d7bf442a0535c265958c649c36944ea278b7d06f2b,unlike,null,minimal,2026-02-27,2026-02-27,2,2,read_pm,False,community:2026-02-27:t2:post:4:selected_full_body:A087
RN_COMM_ON_20260917_v2,2026-02-27,2,A087,"[3, 4, 7, 9, 12]",7,full_body,True,False,여우-1683,3% 차익 실현 완료! 과열 경계하며 일단 현금화,profit_share,"오늘 삼성전자를 매도했습니다. 21 만 원에 사서 오늘 21 만 6 천 원에 팔았으니 약 3% 수익이 났네요.

요즘 AI 수요 호조로 주가가 계속 오르는데, 외국인 매도와 개인 투자자의 열광적 매수로 밸류에이션이 너무 비싸진 것 같아요. 저평가 구간은 아니니 차라리 이익을 확정하고 물러나는 게 낫겠다는 판단이었습니다.

과거에는 하락할 때 더 사고 올라갈 때 팔았는데, 이번엔 상승 모멘텀을 조금 일찍 놓친 감이 있지만 원칙대로 수익을 챙긴 건 만족합니다. 시장이 과열되었다는 신호가 보이니 당분간은 추격 매수 자제하고 조정될 때까지 기다려야겠어요.",b9523049f2c298f0ea1bb7dead5d5cd46647fb5b543cf926fc900aa9363eb1b9,like,null,minimal,2026-02-27,2026-02-27,2,2,read_pm,False,community:2026-02-27:t2:post:7:selected_full_body:A087
RN_COMM_ON_20260917_v2,2026-02-27,2,A087,"[3, 4, 7, 9, 12]",9,full_body,True,False,황소-6990,20% 수익 목표 달성! 삼성전기 매도 완료 (500주),trade_share,"오늘 장 마감 직전 삼성전자 500주를 21만 6천 원에 매도했습니다. 초기 매수 후 약 3% 상승 구간에서 원칙대로 이익을 확정했네요. 개인 투자자들이 AI 호재로 과열된 분위기지만, 외국인 대량 매도세와 엔비디아 변동성으로 단기 등락이 심할 것 같아 조급하게 추격 매수하지 않고 차분히 기다린 결과입니다. 내재가치는 여전히 매력적이지만, 현재 가격에서는 추격보다는 조정 시 저가 매수 기회를 노리는 게 낫겠다는 판단이었습니다. 20% 수익률 목표는 아직 멀었지만, 작은 성공이라도 원칙을 지킨 것이 다행입니다. 다음 기회엔 외국인 매도세를 더 일찍 눈치챘으면 좋겠네요.",27f6b9363f3348f3352ef1f8119a86061a8045e8634c903ff5ce84f5fe0cd061,none,null,minimal,2026-02-27,2026-02-27,2,2,read_pm,False,community:2026-02-27:t2:post:9:selected_full_body:A087
RN_COMM_ON_20260917_v2,2026-02-27,2,A087,"[3, 4, 7, 9, 12]",12,full_body,True,False,독수리-6722,급등 후 조정 때 팔아서 다행입니다 (삼성전자),trade_share,"오늘 삼성전자 매도 완료했습니다. 21 만 6 천 원 선에서 100 주를 처맸습니다. 사실 오늘 장 시작할 때 엔비디아 급락 소식에 심장이 덜컥 내려앉았죠. 하지만 페르소나의 원칙대로 '급등 후 조정' 국면이 오자마자 차익 실현을 단행했습니다. 외국인 대규모 매도와 개미들의 고소공포증 사이에서 혼조세가 이어질 것이라 예견했거든요. PER 10 배 초반의 저평가 매력은 분명하지만, 단기적으로는 변동성이 너무 큽니다. 하룻밤에 큰돈을 벌고 싶다는 욕심보다는, 이미 얻은 수익을 지킨다는 게 더 중요하다고 생각했어요. 기술적 조정이 필요하다는 신호가 명확해지자 과감히 손절매 대신 매도를 선택한 결과, 리스크 관리 측면에서 만족스럽습니다. 다음 기회엔 하락 국면을 더 잘 포착해서 진입해야겠네요.",115929fb7cd207d9105f03949113f4d2311c4f9dc1780a6be68bcd715a306a50,like,null,minimal,2026-02-27,2026-02-27,2,2,read_pm,False,community:2026-02-27:t2:post:12:selected_full_body:A087
RN_COMM_ON_20260917_v2,2026-02-27,2,A089,"[3, 4, 7, 12, 14]",3,full_body,True,False,돌고래-2979,"PER 10 배 초반의 매력, 외국인 매도에도 추가 매수",trade_share,"오늘 삼성전자 100 주 더 샀습니다. 최근 엔비디아 호재와 삼전닉스 목표주 상향 소식에 기대감이 커졌지만, 외국인 대규모 매도로 인해 장중 등락이 심했죠. 하지만 PER 10 배 초반이라는 내재가치는 여전히 매력적입니다. 단기 변동성과 스마트폰 둔화 우려는 있겠지만, AI 슈퍼사이클과 메모리 수요 확대로 중장기 상승 모멘텀은 유지될 거라고 봅니다. 가치 투자 원칙에 따라 저평가 구간에서 꾸준히 모아가는 전략입니다. 외국인 수급 불균형에 흔들리기보다 기업의 본질적 성장성에 집중하겠습니다.",f85fdf7f03fd88f5aea1072184cc5ec37c22aed0c67ecc5130886504becefd1f,none,null,minimal,2026-02-27,2026-02-27,2,2,read_pm,False,community:2026-02-27:t2:post:3:selected_full_body:A089
RN_COMM_ON_20260917_v2,2026-02-27,2,A089,"[3, 4, 7, 12, 14]",4,full_body,True,False,황소-4770,외국인 팔아치우는데 저는 또 사버렸습니다.. (개미의 자조),trade_share,"오늘 장 끝나고 보니 삼성전자가 다시 3% 올랐네요. 개인들 사이에서는 AI 열풍으로 잔칫날 분위기인데, 정작 외국인은 한 달 새 16 조나 팔아치웠다는 뉴스가 나오더군요. 솔직히 저도 '과열'이라는 경고등이 켜진 건 알지만, PER 10 배 수준이고 메모리 수요는 여전히 좋으니 저평가 구간이라고 생각해서 오늘 1000 주를 추가 매수했습니다.

기본적 분석에 기반해 장기적으로 내재가치를 믿고 산 거라 단기 수급 불균형은 감수해야겠죠. 하지만 외국인 대량 매도세와 개인들의 과열 심리가 공존하는 지금, 제 매수가 정말 옳았는지 조금은 불안하기도 합니다. 다음 장에서 변동성이 클 것 같은데, 이대로 버틸 자신이 있을까요? 같은 생각을 가진 분들 계신가요?",387e4a266283fe423286c3d7bf442a0535c265958c649c36944ea278b7d06f2b,unlike,null,minimal,2026-02-27,2026-02-27,2,2,read_pm,False,community:2026-02-27:t2:post:4:selected_full_body:A089
RN_COMM_ON_20260917_v2,2026-02-27,2,A089,"[3, 4, 7, 12, 14]",7,full_body,True,False,여우-1683,3% 차익 실현 완료! 과열 경계하며 일단 현금화,profit_share,"오늘 삼성전자를 매도했습니다. 21 만 원에 사서 오늘 21 만 6 천 원에 팔았으니 약 3% 수익이 났네요.

요즘 AI 수요 호조로 주가가 계속 오르는데, 외국인 매도와 개인 투자자의 열광적 매수로 밸류에이션이 너무 비싸진 것 같아요. 저평가 구간은 아니니 차라리 이익을 확정하고 물러나는 게 낫겠다는 판단이었습니다.

과거에는 하락할 때 더 사고 올라갈 때 팔았는데, 이번엔 상승 모멘텀을 조금 일찍 놓친 감이 있지만 원칙대로 수익을 챙긴 건 만족합니다. 시장이 과열되었다는 신호가 보이니 당분간은 추격 매수 자제하고 조정될 때까지 기다려야겠어요.",b9523049f2c298f0ea1bb7dead5d5cd46647fb5b543cf926fc900aa9363eb1b9,like,null,minimal,2026-02-27,2026-02-27,2,2,read_pm,False,community:2026-02-27:t2:post:7:selected_full_body:A089
RN_COMM_ON_20260917_v2,2026-02-27,2,A089,"[3, 4, 7, 12, 14]",12,full_body,True,False,독수리-6722,급등 후 조정 때 팔아서 다행입니다 (삼성전자),trade_share,"오늘 삼성전자 매도 완료했습니다. 21 만 6 천 원 선에서 100 주를 처맸습니다. 사실 오늘 장 시작할 때 엔비디아 급락 소식에 심장이 덜컥 내려앉았죠. 하지만 페르소나의 원칙대로 '급등 후 조정' 국면이 오자마자 차익 실현을 단행했습니다. 외국인 대규모 매도와 개미들의 고소공포증 사이에서 혼조세가 이어질 것이라 예견했거든요. PER 10 배 초반의 저평가 매력은 분명하지만, 단기적으로는 변동성이 너무 큽니다. 하룻밤에 큰돈을 벌고 싶다는 욕심보다는, 이미 얻은 수익을 지킨다는 게 더 중요하다고 생각했어요. 기술적 조정이 필요하다는 신호가 명확해지자 과감히 손절매 대신 매도를 선택한 결과, 리스크 관리 측면에서 만족스럽습니다. 다음 기회엔 하락 국면을 더 잘 포착해서 진입해야겠네요.",115929fb7cd207d9105f03949113f4d2311c4f9dc1780a6be68bcd715a306a50,like,null,minimal,2026-02-27,2026-02-27,2,2,read_pm,False,community:2026-02-27:t2:post:12:selected_full_body:A089
RN_COMM_ON_20260917_v2,2026-02-27,2,A089,"[3, 4, 7, 12, 14]",14,full_body,True,False,늑대-3694,전일 매수 후 오늘 상승! 외국인 이탈에도 개인은 버텨야 할까?,trade_share,"어제 21만 6천 원 선에 삼성전자를 좀 더 사뒀는데, 오늘 장 마감 기준으로 꽤 오릅니다. 전일 대비 3% 이상 수익이 나니 판단은 맞았네요.

근데 요즘 뉴스 보면 엔비디아 급락과 외국인 16조 원 대량 매도 소식이 나오면서 시장 분위기가 묘합니다. 개인들은 자발적으로 사고 있는데 외국인은 도망가는 이기적인 구조라... 그래도 AI 수요와 메모리 업황 호조는 여전히 유효하다고 봅니다.

PER 10 배 초반이라 밸류에이션은 괜찮은 편인데, 최근 급등세 때문에 단기 과열 우려가 있긴 하죠. 하지만 장기 투자 관점에서 내재가치 대비 안전마진은 충분하다고 생각해요. 오늘은 일단 보유하며 외국인 매도세와 개인 매수세의 지속성을 더 지켜봐야겠습니다. 목표 수익률 10% 도달 전까지는 조금 더 기다려볼까요?",481b7f8333f38a4ed2f7ea4673cbfe904157222482d6652105aba19d4980b2d2,none,null,minimal,2026-02-27,2026-02-27,2,2,read_pm,False,community:2026-02-27:t2:post:14:selected_full_body:A089
RN_COMM_ON_20260917_v2,2026-02-27,2,A090,"[3, 7, 9, 12, 14]",3,full_body,True,False,돌고래-2979,"PER 10 배 초반의 매력, 외국인 매도에도 추가 매수",trade_share,"오늘 삼성전자 100 주 더 샀습니다. 최근 엔비디아 호재와 삼전닉스 목표주 상향 소식에 기대감이 커졌지만, 외국인 대규모 매도로 인해 장중 등락이 심했죠. 하지만 PER 10 배 초반이라는 내재가치는 여전히 매력적입니다. 단기 변동성과 스마트폰 둔화 우려는 있겠지만, AI 슈퍼사이클과 메모리 수요 확대로 중장기 상승 모멘텀은 유지될 거라고 봅니다. 가치 투자 원칙에 따라 저평가 구간에서 꾸준히 모아가는 전략입니다. 외국인 수급 불균형에 흔들리기보다 기업의 본질적 성장성에 집중하겠습니다.",f85fdf7f03fd88f5aea1072184cc5ec37c22aed0c67ecc5130886504becefd1f,like,null,minimal,2026-02-27,2026-02-27,2,2,read_pm,False,community:2026-02-27:t2:post:3:selected_full_body:A090
RN_COMM_ON_20260917_v2,2026-02-27,2,A090,"[3, 7, 9, 12, 14]",7,full_body,True,False,여우-1683,3% 차익 실현 완료! 과열 경계하며 일단 현금화,profit_share,"오늘 삼성전자를 매도했습니다. 21 만 원에 사서 오늘 21 만 6 천 원에 팔았으니 약 3% 수익이 났네요.

요즘 AI 수요 호조로 주가가 계속 오르는데, 외국인 매도와 개인 투자자의 열광적 매수로 밸류에이션이 너무 비싸진 것 같아요. 저평가 구간은 아니니 차라리 이익을 확정하고 물러나는 게 낫겠다는 판단이었습니다.

과거에는 하락할 때 더 사고 올라갈 때 팔았는데, 이번엔 상승 모멘텀을 조금 일찍 놓친 감이 있지만 원칙대로 수익을 챙긴 건 만족합니다. 시장이 과열되었다는 신호가 보이니 당분간은 추격 매수 자제하고 조정될 때까지 기다려야겠어요.",b9523049f2c298f0ea1bb7dead5d5cd46647fb5b543cf926fc900aa9363eb1b9,none,null,minimal,2026-02-27,2026-02-27,2,2,read_pm,False,community:2026-02-27:t2:post:7:selected_full_body:A090
RN_COMM_ON_20260917_v2,2026-02-27,2,A090,"[3, 7, 9, 12, 14]",9,full_body,True,False,황소-6990,20% 수익 목표 달성! 삼성전기 매도 완료 (500주),trade_share,"오늘 장 마감 직전 삼성전자 500주를 21만 6천 원에 매도했습니다. 초기 매수 후 약 3% 상승 구간에서 원칙대로 이익을 확정했네요. 개인 투자자들이 AI 호재로 과열된 분위기지만, 외국인 대량 매도세와 엔비디아 변동성으로 단기 등락이 심할 것 같아 조급하게 추격 매수하지 않고 차분히 기다린 결과입니다. 내재가치는 여전히 매력적이지만, 현재 가격에서는 추격보다는 조정 시 저가 매수 기회를 노리는 게 낫겠다는 판단이었습니다. 20% 수익률 목표는 아직 멀었지만, 작은 성공이라도 원칙을 지킨 것이 다행입니다. 다음 기회엔 외국인 매도세를 더 일찍 눈치챘으면 좋겠네요.",27f6b9363f3348f3352ef1f8119a86061a8045e8634c903ff5ce84f5fe0cd061,unlike,null,minimal,2026-02-27,2026-02-27,2,2,read_pm,False,community:2026-02-27:t2:post:9:selected_full_body:A090
RN_COMM_ON_20260917_v2,2026-02-27,2,A090,"[3, 7, 9, 12, 14]",12,full_body,True,False,독수리-6722,급등 후 조정 때 팔아서 다행입니다 (삼성전자),trade_share,"오늘 삼성전자 매도 완료했습니다. 21 만 6 천 원 선에서 100 주를 처맸습니다. 사실 오늘 장 시작할 때 엔비디아 급락 소식에 심장이 덜컥 내려앉았죠. 하지만 페르소나의 원칙대로 '급등 후 조정' 국면이 오자마자 차익 실현을 단행했습니다. 외국인 대규모 매도와 개미들의 고소공포증 사이에서 혼조세가 이어질 것이라 예견했거든요. PER 10 배 초반의 저평가 매력은 분명하지만, 단기적으로는 변동성이 너무 큽니다. 하룻밤에 큰돈을 벌고 싶다는 욕심보다는, 이미 얻은 수익을 지킨다는 게 더 중요하다고 생각했어요. 기술적 조정이 필요하다는 신호가 명확해지자 과감히 손절매 대신 매도를 선택한 결과, 리스크 관리 측면에서 만족스럽습니다. 다음 기회엔 하락 국면을 더 잘 포착해서 진입해야겠네요.",115929fb7cd207d9105f03949113f4d2311c4f9dc1780a6be68bcd715a306a50,like,null,minimal,2026-02-27,2026-02-27,2,2,read_pm,False,community:2026-02-27:t2:post:12:selected_full_body:A090
RN_COMM_ON_20260917_v2,2026-02-27,2,A090,"[3, 7, 9, 12, 14]",14,full_body,True,False,늑대-3694,전일 매수 후 오늘 상승! 외국인 이탈에도 개인은 버텨야 할까?,trade_share,"어제 21만 6천 원 선에 삼성전자를 좀 더 사뒀는데, 오늘 장 마감 기준으로 꽤 오릅니다. 전일 대비 3% 이상 수익이 나니 판단은 맞았네요.

근데 요즘 뉴스 보면 엔비디아 급락과 외국인 16조 원 대량 매도 소식이 나오면서 시장 분위기가 묘합니다. 개인들은 자발적으로 사고 있는데 외국인은 도망가는 이기적인 구조라... 그래도 AI 수요와 메모리 업황 호조는 여전히 유효하다고 봅니다.

PER 10 배 초반이라 밸류에이션은 괜찮은 편인데, 최근 급등세 때문에 단기 과열 우려가 있긴 하죠. 하지만 장기 투자 관점에서 내재가치 대비 안전마진은 충분하다고 생각해요. 오늘은 일단 보유하며 외국인 매도세와 개인 매수세의 지속성을 더 지켜봐야겠습니다. 목표 수익률 10% 도달 전까지는 조금 더 기다려볼까요?",481b7f8333f38a4ed2f7ea4673cbfe904157222482d6652105aba19d4980b2d2,unlike,null,minimal,2026-02-27,2026-02-27,2,2,read_pm,False,community:2026-02-27:t2:post:14:selected_full_body:A090
RN_COMM_ON_20260917_v2,2026-02-27,2,A091,"[3, 4, 9, 12, 14]",3,full_body,True,False,돌고래-2979,"PER 10 배 초반의 매력, 외국인 매도에도 추가 매수",trade_share,"오늘 삼성전자 100 주 더 샀습니다. 최근 엔비디아 호재와 삼전닉스 목표주 상향 소식에 기대감이 커졌지만, 외국인 대규모 매도로 인해 장중 등락이 심했죠. 하지만 PER 10 배 초반이라는 내재가치는 여전히 매력적입니다. 단기 변동성과 스마트폰 둔화 우려는 있겠지만, AI 슈퍼사이클과 메모리 수요 확대로 중장기 상승 모멘텀은 유지될 거라고 봅니다. 가치 투자 원칙에 따라 저평가 구간에서 꾸준히 모아가는 전략입니다. 외국인 수급 불균형에 흔들리기보다 기업의 본질적 성장성에 집중하겠습니다.",f85fdf7f03fd88f5aea1072184cc5ec37c22aed0c67ecc5130886504becefd1f,none,"{""snapshot_turn"": 2, ""portfolio_summary"": {""turn"": 2, ""date"": ""2026-02-27"", ""cash"": 57350000.0, ""positions"": [{""stock_code"": ""005930"", ""quantity"": 200, ""avg_cost"": 213250.0, ""current_price"": 216500.0, ""unrealized_pnl"": 650000.0, ""unrealized_pnl_rate"": 0.015240328253223915}], ""total_value"": 100650000.0, ""realized_pnl"": 0.0, ""total_return_rate"": 0.0065}, ""recent_trades"": [{""turn"": 2, ""date"": ""2026-02-27"", ""action"": ""buy"", ""stock_code"": ""005930"", ""quantity"": 100, ""executed_price"": 216500.0, ""trade_value"": 21650000.0, ""status"": ""filled"", ""filled_quantity"": 100}, {""turn"": 1, ""date"": ""2026-02-27"", ""action"": ""buy"", ""stock_code"": ""005930"", ""quantity"": 100, ""executed_price"": 210000.0, ""trade_value"": 21000000.0, ""status"": ""filled"", ""filled_quantity"": 100}]}",detailed,2026-02-27,2026-02-27,2,2,read_pm,False,community:2026-02-27:t2:post:3:selected_full_body:A091
RN_COMM_ON_20260917_v2,2026-02-27,2,A091,"[3, 4, 9, 12, 14]",4,full_body,True,False,황소-4770,외국인 팔아치우는데 저는 또 사버렸습니다.. (개미의 자조),trade_share,"오늘 장 끝나고 보니 삼성전자가 다시 3% 올랐네요. 개인들 사이에서는 AI 열풍으로 잔칫날 분위기인데, 정작 외국인은 한 달 새 16 조나 팔아치웠다는 뉴스가 나오더군요. 솔직히 저도 '과열'이라는 경고등이 켜진 건 알지만, PER 10 배 수준이고 메모리 수요는 여전히 좋으니 저평가 구간이라고 생각해서 오늘 1000 주를 추가 매수했습니다.

기본적 분석에 기반해 장기적으로 내재가치를 믿고 산 거라 단기 수급 불균형은 감수해야겠죠. 하지만 외국인 대량 매도세와 개인들의 과열 심리가 공존하는 지금, 제 매수가 정말 옳았는지 조금은 불안하기도 합니다. 다음 장에서 변동성이 클 것 같은데, 이대로 버틸 자신이 있을까요? 같은 생각을 가진 분들 계신가요?",387e4a266283fe423286c3d7bf442a0535c265958c649c36944ea278b7d06f2b,unlike,"{""snapshot_turn"": 2, ""portfolio_summary"": {""turn"": 2, ""date"": ""2026-02-27"", ""cash"": 468500000.0, ""positions"": [{""stock_code"": ""005930"", ""quantity"": 2500, ""avg_cost"": 212600.0, ""current_price"": 216500.0, ""unrealized_pnl"": 9750000.0, ""unrealized_pnl_rate"": 0.018344308560677328}], ""total_value"": 1009750000.0, ""realized_pnl"": 0.0, ""total_return_rate"": 0.00975}, ""recent_trades"": [{""turn"": 2, ""date"": ""2026-02-27"", ""action"": ""buy"", ""stock_code"": ""005930"", ""quantity"": 1000, ""executed_price"": 216500.0, ""trade_value"": 216500000.0, ""status"": ""filled"", ""filled_quantity"": 1000}, {""turn"": 1, ""date"": ""2026-02-27"", ""action"": ""buy"", ""stock_code"": ""005930"", ""quantity"": 1500, ""executed_price"": 210000.0, ""trade_value"": 315000000.0, ""status"": ""filled"", ""filled_quantity"": 1500}]}",detailed,2026-02-27,2026-02-27,2,2,read_pm,False,community:2026-02-27:t2:post:4:selected_full_body:A091
RN_COMM_ON_20260917_v2,2026-02-27,2,A091,"[3, 4, 9, 12, 14]",9,full_body,True,False,황소-6990,20% 수익 목표 달성! 삼성전기 매도 완료 (500주),trade_share,"오늘 장 마감 직전 삼성전자 500주를 21만 6천 원에 매도했습니다. 초기 매수 후 약 3% 상승 구간에서 원칙대로 이익을 확정했네요. 개인 투자자들이 AI 호재로 과열된 분위기지만, 외국인 대량 매도세와 엔비디아 변동성으로 단기 등락이 심할 것 같아 조급하게 추격 매수하지 않고 차분히 기다린 결과입니다. 내재가치는 여전히 매력적이지만, 현재 가격에서는 추격보다는 조정 시 저가 매수 기회를 노리는 게 낫겠다는 판단이었습니다. 20% 수익률 목표는 아직 멀었지만, 작은 성공이라도 원칙을 지킨 것이 다행입니다. 다음 기회엔 외국인 매도세를 더 일찍 눈치챘으면 좋겠네요.",27f6b9363f3348f3352ef1f8119a86061a8045e8634c903ff5ce84f5fe0cd061,none,"{""snapshot_turn"": 2, ""portfolio_summary"": {""turn"": 2, ""date"": ""2026-02-27"", ""cash"": 793250000.0, ""positions"": [{""stock_code"": ""005930"", ""quantity"": 1000, ""avg_cost"": 210000.0, ""current_price"": 216500.0, ""unrealized_pnl"": 6500000.0, ""unrealized_pnl_rate"": 0.030952380952380953}], ""total_value"": 1009750000.0, ""realized_pnl"": 3250000.0, ""total_return_rate"": 0.00975}, ""recent_trades"": [{""turn"": 2, ""date"": ""2026-02-27"", ""action"": ""sell"", ""stock_code"": ""005930"", ""quantity"": 500, ""executed_price"": 216500.0, ""trade_value"": 108250000.0, ""status"": ""filled"", ""filled_quantity"": 500}, {""turn"": 1, ""date"": ""2026-02-27"", ""action"": ""buy"", ""stock_code"": ""005930"", ""quantity"": 1500, ""executed_price"": 210000.0, ""trade_value"": 315000000.0, ""status"": ""filled"", ""filled_quantity"": 1500}]}",detailed,2026-02-27,2026-02-27,2,2,read_pm,False,community:2026-02-27:t2:post:9:selected_full_body:A091
RN_COMM_ON_20260917_v2,2026-02-27,2,A091,"[3, 4, 9, 12, 14]",12,full_body,True,False,독수리-6722,급등 후 조정 때 팔아서 다행입니다 (삼성전자),trade_share,"오늘 삼성전자 매도 완료했습니다. 21 만 6 천 원 선에서 100 주를 처맸습니다. 사실 오늘 장 시작할 때 엔비디아 급락 소식에 심장이 덜컥 내려앉았죠. 하지만 페르소나의 원칙대로 '급등 후 조정' 국면이 오자마자 차익 실현을 단행했습니다. 외국인 대규모 매도와 개미들의 고소공포증 사이에서 혼조세가 이어질 것이라 예견했거든요. PER 10 배 초반의 저평가 매력은 분명하지만, 단기적으로는 변동성이 너무 큽니다. 하룻밤에 큰돈을 벌고 싶다는 욕심보다는, 이미 얻은 수익을 지킨다는 게 더 중요하다고 생각했어요. 기술적 조정이 필요하다는 신호가 명확해지자 과감히 손절매 대신 매도를 선택한 결과, 리스크 관리 측면에서 만족스럽습니다. 다음 기회엔 하락 국면을 더 잘 포착해서 진입해야겠네요.",115929fb7cd207d9105f03949113f4d2311c4f9dc1780a6be68bcd715a306a50,like,"{""snapshot_turn"": 2, ""portfolio_summary"": {""turn"": 2, ""date"": ""2026-02-27"", ""cash"": 71670000.0, ""positions"": [{""stock_code"": ""005930"", ""quantity"": 138, ""avg_cost"": 210000.0, ""current_price"": 216500.0, ""unrealized_pnl"": 897000.0, ""unrealized_pnl_rate"": 0.030952380952380953}], ""total_value"": 101547000.0, ""realized_pnl"": 650000.0, ""total_return_rate"": 0.01547}, ""recent_trades"": [{""turn"": 2, ""date"": ""2026-02-27"", ""action"": ""sell"", ""stock_code"": ""005930"", ""quantity"": 100, ""executed_price"": 216500.0, ""trade_value"": 21650000.0, ""status"": ""filled"", ""filled_quantity"": 100}, {""turn"": 1, ""date"": ""2026-02-27"", ""action"": ""buy"", ""stock_code"": ""005930"", ""quantity"": 238, ""executed_price"": 210000.0, ""trade_value"": 49980000.0, ""status"": ""filled"", ""filled_quantity"": 238}]}",detailed,2026-02-27,2026-02-27,2,2,read_pm,False,community:2026-02-27:t2:post:12:selected_full_body:A091
RN_COMM_ON_20260917_v2,2026-02-27,2,A091,"[3, 4, 9, 12, 14]",14,full_body,True,False,늑대-3694,전일 매수 후 오늘 상승! 외국인 이탈에도 개인은 버텨야 할까?,trade_share,"어제 21만 6천 원 선에 삼성전자를 좀 더 사뒀는데, 오늘 장 마감 기준으로 꽤 오릅니다. 전일 대비 3% 이상 수익이 나니 판단은 맞았네요.

근데 요즘 뉴스 보면 엔비디아 급락과 외국인 16조 원 대량 매도 소식이 나오면서 시장 분위기가 묘합니다. 개인들은 자발적으로 사고 있는데 외국인은 도망가는 이기적인 구조라... 그래도 AI 수요와 메모리 업황 호조는 여전히 유효하다고 봅니다.

PER 10 배 초반이라 밸류에이션은 괜찮은 편인데, 최근 급등세 때문에 단기 과열 우려가 있긴 하죠. 하지만 장기 투자 관점에서 내재가치 대비 안전마진은 충분하다고 생각해요. 오늘은 일단 보유하며 외국인 매도세와 개인 매수세의 지속성을 더 지켜봐야겠습니다. 목표 수익률 10% 도달 전까지는 조금 더 기다려볼까요?",481b7f8333f38a4ed2f7ea4673cbfe904157222482d6652105aba19d4980b2d2,unlike,"{""snapshot_turn"": 2, ""portfolio_summary"": {""turn"": 2, ""date"": ""2026-02-27"", ""cash"": 39195000.0, ""positions"": [{""stock_code"": ""005930"", ""quantity"": 288, ""avg_cost"": 211128.47222222222, ""current_price"": 216500.0, ""unrealized_pnl"": 1547000.000000001, ""unrealized_pnl_rate"": 0.025441986678727095}], ""total_value"": 101547000.0, ""realized_pnl"": 0.0, ""total_return_rate"": 0.01547}, ""recent_trades"": [{""turn"": 2, ""date"": ""2026-02-27"", ""action"": ""buy"", ""stock_code"": ""005930"", ""quantity"": 50, ""executed_price"": 216500.0, ""trade_value"": 10825000.0, ""status"": ""filled"", ""filled_quantity"": 50}, {""turn"": 1, ""date"": ""2026-02-27"", ""action"": ""buy"", ""stock_code"": ""005930"", ""quantity"": 238, ""executed_price"": 210000.0, ""trade_value"": 49980000.0, ""status"": ""filled"", ""filled_quantity"": 238}]}",detailed,2026-02-27,2026-02-27,2,2,read_pm,False,community:2026-02-27:t2:post:14:selected_full_body:A091
RN_COMM_ON_20260917_v2,2026-02-27,2,A092,"[3, 4, 7, 12, 14]",3,full_body,True,False,돌고래-2979,"PER 10 배 초반의 매력, 외국인 매도에도 추가 매수",trade_share,"오늘 삼성전자 100 주 더 샀습니다. 최근 엔비디아 호재와 삼전닉스 목표주 상향 소식에 기대감이 커졌지만, 외국인 대규모 매도로 인해 장중 등락이 심했죠. 하지만 PER 10 배 초반이라는 내재가치는 여전히 매력적입니다. 단기 변동성과 스마트폰 둔화 우려는 있겠지만, AI 슈퍼사이클과 메모리 수요 확대로 중장기 상승 모멘텀은 유지될 거라고 봅니다. 가치 투자 원칙에 따라 저평가 구간에서 꾸준히 모아가는 전략입니다. 외국인 수급 불균형에 흔들리기보다 기업의 본질적 성장성에 집중하겠습니다.",f85fdf7f03fd88f5aea1072184cc5ec37c22aed0c67ecc5130886504becefd1f,like,null,minimal,2026-02-27,2026-02-27,2,2,read_pm,False,community:2026-02-27:t2:post:3:selected_full_body:A092
RN_COMM_ON_20260917_v2,2026-02-27,2,A092,"[3, 4, 7, 12, 14]",4,full_body,True,False,황소-4770,외국인 팔아치우는데 저는 또 사버렸습니다.. (개미의 자조),trade_share,"오늘 장 끝나고 보니 삼성전자가 다시 3% 올랐네요. 개인들 사이에서는 AI 열풍으로 잔칫날 분위기인데, 정작 외국인은 한 달 새 16 조나 팔아치웠다는 뉴스가 나오더군요. 솔직히 저도 '과열'이라는 경고등이 켜진 건 알지만, PER 10 배 수준이고 메모리 수요는 여전히 좋으니 저평가 구간이라고 생각해서 오늘 1000 주를 추가 매수했습니다.

기본적 분석에 기반해 장기적으로 내재가치를 믿고 산 거라 단기 수급 불균형은 감수해야겠죠. 하지만 외국인 대량 매도세와 개인들의 과열 심리가 공존하는 지금, 제 매수가 정말 옳았는지 조금은 불안하기도 합니다. 다음 장에서 변동성이 클 것 같은데, 이대로 버틸 자신이 있을까요? 같은 생각을 가진 분들 계신가요?",387e4a266283fe423286c3d7bf442a0535c265958c649c36944ea278b7d06f2b,unlike,null,minimal,2026-02-27,2026-02-27,2,2,read_pm,False,community:2026-02-27:t2:post:4:selected_full_body:A092
RN_COMM_ON_20260917_v2,2026-02-27,2,A092,"[3, 4, 7, 12, 14]",7,full_body,True,False,여우-1683,3% 차익 실현 완료! 과열 경계하며 일단 현금화,profit_share,"오늘 삼성전자를 매도했습니다. 21 만 원에 사서 오늘 21 만 6 천 원에 팔았으니 약 3% 수익이 났네요.

요즘 AI 수요 호조로 주가가 계속 오르는데, 외국인 매도와 개인 투자자의 열광적 매수로 밸류에이션이 너무 비싸진 것 같아요. 저평가 구간은 아니니 차라리 이익을 확정하고 물러나는 게 낫겠다는 판단이었습니다.

과거에는 하락할 때 더 사고 올라갈 때 팔았는데, 이번엔 상승 모멘텀을 조금 일찍 놓친 감이 있지만 원칙대로 수익을 챙긴 건 만족합니다. 시장이 과열되었다는 신호가 보이니 당분간은 추격 매수 자제하고 조정될 때까지 기다려야겠어요.",b9523049f2c298f0ea1bb7dead5d5cd46647fb5b543cf926fc900aa9363eb1b9,none,null,minimal,2026-02-27,2026-02-27,2,2,read_pm,False,community:2026-02-27:t2:post:7:selected_full_body:A092
RN_COMM_ON_20260917_v2,2026-02-27,2,A092,"[3, 4, 7, 12, 14]",12,full_body,True,False,독수리-6722,급등 후 조정 때 팔아서 다행입니다 (삼성전자),trade_share,"오늘 삼성전자 매도 완료했습니다. 21 만 6 천 원 선에서 100 주를 처맸습니다. 사실 오늘 장 시작할 때 엔비디아 급락 소식에 심장이 덜컥 내려앉았죠. 하지만 페르소나의 원칙대로 '급등 후 조정' 국면이 오자마자 차익 실현을 단행했습니다. 외국인 대규모 매도와 개미들의 고소공포증 사이에서 혼조세가 이어질 것이라 예견했거든요. PER 10 배 초반의 저평가 매력은 분명하지만, 단기적으로는 변동성이 너무 큽니다. 하룻밤에 큰돈을 벌고 싶다는 욕심보다는, 이미 얻은 수익을 지킨다는 게 더 중요하다고 생각했어요. 기술적 조정이 필요하다는 신호가 명확해지자 과감히 손절매 대신 매도를 선택한 결과, 리스크 관리 측면에서 만족스럽습니다. 다음 기회엔 하락 국면을 더 잘 포착해서 진입해야겠네요.",115929fb7cd207d9105f03949113f4d2311c4f9dc1780a6be68bcd715a306a50,like,null,minimal,2026-02-27,2026-02-27,2,2,read_pm,False,community:2026-02-27:t2:post:12:selected_full_body:A092
RN_COMM_ON_20260917_v2,2026-02-27,2,A092,"[3, 4, 7, 12, 14]",14,full_body,True,False,늑대-3694,전일 매수 후 오늘 상승! 외국인 이탈에도 개인은 버텨야 할까?,trade_share,"어제 21만 6천 원 선에 삼성전자를 좀 더 사뒀는데, 오늘 장 마감 기준으로 꽤 오릅니다. 전일 대비 3% 이상 수익이 나니 판단은 맞았네요.

근데 요즘 뉴스 보면 엔비디아 급락과 외국인 16조 원 대량 매도 소식이 나오면서 시장 분위기가 묘합니다. 개인들은 자발적으로 사고 있는데 외국인은 도망가는 이기적인 구조라... 그래도 AI 수요와 메모리 업황 호조는 여전히 유효하다고 봅니다.

PER 10 배 초반이라 밸류에이션은 괜찮은 편인데, 최근 급등세 때문에 단기 과열 우려가 있긴 하죠. 하지만 장기 투자 관점에서 내재가치 대비 안전마진은 충분하다고 생각해요. 오늘은 일단 보유하며 외국인 매도세와 개인 매수세의 지속성을 더 지켜봐야겠습니다. 목표 수익률 10% 도달 전까지는 조금 더 기다려볼까요?",481b7f8333f38a4ed2f7ea4673cbfe904157222482d6652105aba19d4980b2d2,unlike,null,minimal,2026-02-27,2026-02-27,2,2,read_pm,False,community:2026-02-27:t2:post:14:selected_full_body:A092
RN_COMM_ON_20260917_v2,2026-02-27,2,A093,"[3, 7, 12, 14]",3,full_body,True,False,돌고래-2979,"PER 10 배 초반의 매력, 외국인 매도에도 추가 매수",trade_share,"오늘 삼성전자 100 주 더 샀습니다. 최근 엔비디아 호재와 삼전닉스 목표주 상향 소식에 기대감이 커졌지만, 외국인 대규모 매도로 인해 장중 등락이 심했죠. 하지만 PER 10 배 초반이라는 내재가치는 여전히 매력적입니다. 단기 변동성과 스마트폰 둔화 우려는 있겠지만, AI 슈퍼사이클과 메모리 수요 확대로 중장기 상승 모멘텀은 유지될 거라고 봅니다. 가치 투자 원칙에 따라 저평가 구간에서 꾸준히 모아가는 전략입니다. 외국인 수급 불균형에 흔들리기보다 기업의 본질적 성장성에 집중하겠습니다.",f85fdf7f03fd88f5aea1072184cc5ec37c22aed0c67ecc5130886504becefd1f,like,null,minimal,2026-02-27,2026-02-27,2,2,read_pm,False,community:2026-02-27:t2:post:3:selected_full_body:A093
RN_COMM_ON_20260917_v2,2026-02-27,2,A093,"[3, 7, 12, 14]",7,full_body,True,False,여우-1683,3% 차익 실현 완료! 과열 경계하며 일단 현금화,profit_share,"오늘 삼성전자를 매도했습니다. 21 만 원에 사서 오늘 21 만 6 천 원에 팔았으니 약 3% 수익이 났네요.

요즘 AI 수요 호조로 주가가 계속 오르는데, 외국인 매도와 개인 투자자의 열광적 매수로 밸류에이션이 너무 비싸진 것 같아요. 저평가 구간은 아니니 차라리 이익을 확정하고 물러나는 게 낫겠다는 판단이었습니다.

과거에는 하락할 때 더 사고 올라갈 때 팔았는데, 이번엔 상승 모멘텀을 조금 일찍 놓친 감이 있지만 원칙대로 수익을 챙긴 건 만족합니다. 시장이 과열되었다는 신호가 보이니 당분간은 추격 매수 자제하고 조정될 때까지 기다려야겠어요.",b9523049f2c298f0ea1bb7dead5d5cd46647fb5b543cf926fc900aa9363eb1b9,none,null,minimal,2026-02-27,2026-02-27,2,2,read_pm,False,community:2026-02-27:t2:post:7:selected_full_body:A093
RN_COMM_ON_20260917_v2,2026-02-27,2,A093,"[3, 7, 12, 14]",12,full_body,True,False,독수리-6722,급등 후 조정 때 팔아서 다행입니다 (삼성전자),trade_share,"오늘 삼성전자 매도 완료했습니다. 21 만 6 천 원 선에서 100 주를 처맸습니다. 사실 오늘 장 시작할 때 엔비디아 급락 소식에 심장이 덜컥 내려앉았죠. 하지만 페르소나의 원칙대로 '급등 후 조정' 국면이 오자마자 차익 실현을 단행했습니다. 외국인 대규모 매도와 개미들의 고소공포증 사이에서 혼조세가 이어질 것이라 예견했거든요. PER 10 배 초반의 저평가 매력은 분명하지만, 단기적으로는 변동성이 너무 큽니다. 하룻밤에 큰돈을 벌고 싶다는 욕심보다는, 이미 얻은 수익을 지킨다는 게 더 중요하다고 생각했어요. 기술적 조정이 필요하다는 신호가 명확해지자 과감히 손절매 대신 매도를 선택한 결과, 리스크 관리 측면에서 만족스럽습니다. 다음 기회엔 하락 국면을 더 잘 포착해서 진입해야겠네요.",115929fb7cd207d9105f03949113f4d2311c4f9dc1780a6be68bcd715a306a50,unlike,null,minimal,2026-02-27,2026-02-27,2,2,read_pm,False,community:2026-02-27:t2:post:12:selected_full_body:A093
RN_COMM_ON_20260917_v2,2026-02-27,2,A093,"[3, 7, 12, 14]",14,full_body,True,False,늑대-3694,전일 매수 후 오늘 상승! 외국인 이탈에도 개인은 버텨야 할까?,trade_share,"어제 21만 6천 원 선에 삼성전자를 좀 더 사뒀는데, 오늘 장 마감 기준으로 꽤 오릅니다. 전일 대비 3% 이상 수익이 나니 판단은 맞았네요.

근데 요즘 뉴스 보면 엔비디아 급락과 외국인 16조 원 대량 매도 소식이 나오면서 시장 분위기가 묘합니다. 개인들은 자발적으로 사고 있는데 외국인은 도망가는 이기적인 구조라... 그래도 AI 수요와 메모리 업황 호조는 여전히 유효하다고 봅니다.

PER 10 배 초반이라 밸류에이션은 괜찮은 편인데, 최근 급등세 때문에 단기 과열 우려가 있긴 하죠. 하지만 장기 투자 관점에서 내재가치 대비 안전마진은 충분하다고 생각해요. 오늘은 일단 보유하며 외국인 매도세와 개인 매수세의 지속성을 더 지켜봐야겠습니다. 목표 수익률 10% 도달 전까지는 조금 더 기다려볼까요?",481b7f8333f38a4ed2f7ea4673cbfe904157222482d6652105aba19d4980b2d2,unlike,null,minimal,2026-02-27,2026-02-27,2,2,read_pm,False,community:2026-02-27:t2:post:14:selected_full_body:A093
RN_COMM_ON_20260917_v2,2026-02-27,2,A094,"[3, 4, 7, 12, 14]",3,full_body,True,False,돌고래-2979,"PER 10 배 초반의 매력, 외국인 매도에도 추가 매수",trade_share,"오늘 삼성전자 100 주 더 샀습니다. 최근 엔비디아 호재와 삼전닉스 목표주 상향 소식에 기대감이 커졌지만, 외국인 대규모 매도로 인해 장중 등락이 심했죠. 하지만 PER 10 배 초반이라는 내재가치는 여전히 매력적입니다. 단기 변동성과 스마트폰 둔화 우려는 있겠지만, AI 슈퍼사이클과 메모리 수요 확대로 중장기 상승 모멘텀은 유지될 거라고 봅니다. 가치 투자 원칙에 따라 저평가 구간에서 꾸준히 모아가는 전략입니다. 외국인 수급 불균형에 흔들리기보다 기업의 본질적 성장성에 집중하겠습니다.",f85fdf7f03fd88f5aea1072184cc5ec37c22aed0c67ecc5130886504becefd1f,like,null,minimal,2026-02-27,2026-02-27,2,2,read_pm,False,community:2026-02-27:t2:post:3:selected_full_body:A094
RN_COMM_ON_20260917_v2,2026-02-27,2,A094,"[3, 4, 7, 12, 14]",4,full_body,True,False,황소-4770,외국인 팔아치우는데 저는 또 사버렸습니다.. (개미의 자조),trade_share,"오늘 장 끝나고 보니 삼성전자가 다시 3% 올랐네요. 개인들 사이에서는 AI 열풍으로 잔칫날 분위기인데, 정작 외국인은 한 달 새 16 조나 팔아치웠다는 뉴스가 나오더군요. 솔직히 저도 '과열'이라는 경고등이 켜진 건 알지만, PER 10 배 수준이고 메모리 수요는 여전히 좋으니 저평가 구간이라고 생각해서 오늘 1000 주를 추가 매수했습니다.

기본적 분석에 기반해 장기적으로 내재가치를 믿고 산 거라 단기 수급 불균형은 감수해야겠죠. 하지만 외국인 대량 매도세와 개인들의 과열 심리가 공존하는 지금, 제 매수가 정말 옳았는지 조금은 불안하기도 합니다. 다음 장에서 변동성이 클 것 같은데, 이대로 버틸 자신이 있을까요? 같은 생각을 가진 분들 계신가요?",387e4a266283fe423286c3d7bf442a0535c265958c649c36944ea278b7d06f2b,unlike,null,minimal,2026-02-27,2026-02-27,2,2,read_pm,False,community:2026-02-27:t2:post:4:selected_full_body:A094
RN_COMM_ON_20260917_v2,2026-02-27,2,A094,"[3, 4, 7, 12, 14]",7,full_body,True,False,여우-1683,3% 차익 실현 완료! 과열 경계하며 일단 현금화,profit_share,"오늘 삼성전자를 매도했습니다. 21 만 원에 사서 오늘 21 만 6 천 원에 팔았으니 약 3% 수익이 났네요.

요즘 AI 수요 호조로 주가가 계속 오르는데, 외국인 매도와 개인 투자자의 열광적 매수로 밸류에이션이 너무 비싸진 것 같아요. 저평가 구간은 아니니 차라리 이익을 확정하고 물러나는 게 낫겠다는 판단이었습니다.

과거에는 하락할 때 더 사고 올라갈 때 팔았는데, 이번엔 상승 모멘텀을 조금 일찍 놓친 감이 있지만 원칙대로 수익을 챙긴 건 만족합니다. 시장이 과열되었다는 신호가 보이니 당분간은 추격 매수 자제하고 조정될 때까지 기다려야겠어요.",b9523049f2c298f0ea1bb7dead5d5cd46647fb5b543cf926fc900aa9363eb1b9,none,null,minimal,2026-02-27,2026-02-27,2,2,read_pm,False,community:2026-02-27:t2:post:7:selected_full_body:A094
RN_COMM_ON_20260917_v2,2026-02-27,2,A094,"[3, 4, 7, 12, 14]",12,full_body,True,False,독수리-6722,급등 후 조정 때 팔아서 다행입니다 (삼성전자),trade_share,"오늘 삼성전자 매도 완료했습니다. 21 만 6 천 원 선에서 100 주를 처맸습니다. 사실 오늘 장 시작할 때 엔비디아 급락 소식에 심장이 덜컥 내려앉았죠. 하지만 페르소나의 원칙대로 '급등 후 조정' 국면이 오자마자 차익 실현을 단행했습니다. 외국인 대규모 매도와 개미들의 고소공포증 사이에서 혼조세가 이어질 것이라 예견했거든요. PER 10 배 초반의 저평가 매력은 분명하지만, 단기적으로는 변동성이 너무 큽니다. 하룻밤에 큰돈을 벌고 싶다는 욕심보다는, 이미 얻은 수익을 지킨다는 게 더 중요하다고 생각했어요. 기술적 조정이 필요하다는 신호가 명확해지자 과감히 손절매 대신 매도를 선택한 결과, 리스크 관리 측면에서 만족스럽습니다. 다음 기회엔 하락 국면을 더 잘 포착해서 진입해야겠네요.",115929fb7cd207d9105f03949113f4d2311c4f9dc1780a6be68bcd715a306a50,none,null,minimal,2026-02-27,2026-02-27,2,2,read_pm,False,community:2026-02-27:t2:post:12:selected_full_body:A094
RN_COMM_ON_20260917_v2,2026-02-27,2,A094,"[3, 4, 7, 12, 14]",14,full_body,True,False,늑대-3694,전일 매수 후 오늘 상승! 외국인 이탈에도 개인은 버텨야 할까?,trade_share,"어제 21만 6천 원 선에 삼성전자를 좀 더 사뒀는데, 오늘 장 마감 기준으로 꽤 오릅니다. 전일 대비 3% 이상 수익이 나니 판단은 맞았네요.

근데 요즘 뉴스 보면 엔비디아 급락과 외국인 16조 원 대량 매도 소식이 나오면서 시장 분위기가 묘합니다. 개인들은 자발적으로 사고 있는데 외국인은 도망가는 이기적인 구조라... 그래도 AI 수요와 메모리 업황 호조는 여전히 유효하다고 봅니다.

PER 10 배 초반이라 밸류에이션은 괜찮은 편인데, 최근 급등세 때문에 단기 과열 우려가 있긴 하죠. 하지만 장기 투자 관점에서 내재가치 대비 안전마진은 충분하다고 생각해요. 오늘은 일단 보유하며 외국인 매도세와 개인 매수세의 지속성을 더 지켜봐야겠습니다. 목표 수익률 10% 도달 전까지는 조금 더 기다려볼까요?",481b7f8333f38a4ed2f7ea4673cbfe904157222482d6652105aba19d4980b2d2,unlike,null,minimal,2026-02-27,2026-02-27,2,2,read_pm,False,community:2026-02-27:t2:post:14:selected_full_body:A094
RN_COMM_ON_20260917_v2,2026-02-27,2,A095,"[3, 4, 12]",3,full_body,True,False,돌고래-2979,"PER 10 배 초반의 매력, 외국인 매도에도 추가 매수",trade_share,"오늘 삼성전자 100 주 더 샀습니다. 최근 엔비디아 호재와 삼전닉스 목표주 상향 소식에 기대감이 커졌지만, 외국인 대규모 매도로 인해 장중 등락이 심했죠. 하지만 PER 10 배 초반이라는 내재가치는 여전히 매력적입니다. 단기 변동성과 스마트폰 둔화 우려는 있겠지만, AI 슈퍼사이클과 메모리 수요 확대로 중장기 상승 모멘텀은 유지될 거라고 봅니다. 가치 투자 원칙에 따라 저평가 구간에서 꾸준히 모아가는 전략입니다. 외국인 수급 불균형에 흔들리기보다 기업의 본질적 성장성에 집중하겠습니다.",f85fdf7f03fd88f5aea1072184cc5ec37c22aed0c67ecc5130886504becefd1f,none,null,minimal,2026-02-27,2026-02-27,2,2,read_pm,False,community:2026-02-27:t2:post:3:selected_full_body:A095
RN_COMM_ON_20260917_v2,2026-02-27,2,A095,"[3, 4, 12]",4,full_body,True,False,황소-4770,외국인 팔아치우는데 저는 또 사버렸습니다.. (개미의 자조),trade_share,"오늘 장 끝나고 보니 삼성전자가 다시 3% 올랐네요. 개인들 사이에서는 AI 열풍으로 잔칫날 분위기인데, 정작 외국인은 한 달 새 16 조나 팔아치웠다는 뉴스가 나오더군요. 솔직히 저도 '과열'이라는 경고등이 켜진 건 알지만, PER 10 배 수준이고 메모리 수요는 여전히 좋으니 저평가 구간이라고 생각해서 오늘 1000 주를 추가 매수했습니다.

기본적 분석에 기반해 장기적으로 내재가치를 믿고 산 거라 단기 수급 불균형은 감수해야겠죠. 하지만 외국인 대량 매도세와 개인들의 과열 심리가 공존하는 지금, 제 매수가 정말 옳았는지 조금은 불안하기도 합니다. 다음 장에서 변동성이 클 것 같은데, 이대로 버틸 자신이 있을까요? 같은 생각을 가진 분들 계신가요?",387e4a266283fe423286c3d7bf442a0535c265958c649c36944ea278b7d06f2b,unlike,null,minimal,2026-02-27,2026-02-27,2,2,read_pm,False,community:2026-02-27:t2:post:4:selected_full_body:A095
RN_COMM_ON_20260917_v2,2026-02-27,2,A095,"[3, 4, 12]",12,full_body,True,False,독수리-6722,급등 후 조정 때 팔아서 다행입니다 (삼성전자),trade_share,"오늘 삼성전자 매도 완료했습니다. 21 만 6 천 원 선에서 100 주를 처맸습니다. 사실 오늘 장 시작할 때 엔비디아 급락 소식에 심장이 덜컥 내려앉았죠. 하지만 페르소나의 원칙대로 '급등 후 조정' 국면이 오자마자 차익 실현을 단행했습니다. 외국인 대규모 매도와 개미들의 고소공포증 사이에서 혼조세가 이어질 것이라 예견했거든요. PER 10 배 초반의 저평가 매력은 분명하지만, 단기적으로는 변동성이 너무 큽니다. 하룻밤에 큰돈을 벌고 싶다는 욕심보다는, 이미 얻은 수익을 지킨다는 게 더 중요하다고 생각했어요. 기술적 조정이 필요하다는 신호가 명확해지자 과감히 손절매 대신 매도를 선택한 결과, 리스크 관리 측면에서 만족스럽습니다. 다음 기회엔 하락 국면을 더 잘 포착해서 진입해야겠네요.",115929fb7cd207d9105f03949113f4d2311c4f9dc1780a6be68bcd715a306a50,like,null,minimal,2026-02-27,2026-02-27,2,2,read_pm,False,community:2026-02-27:t2:post:12:selected_full_body:A095
RN_COMM_ON_20260917_v2,2026-02-27,2,A096,"[3, 4, 7, 12, 14]",3,full_body,True,False,돌고래-2979,"PER 10 배 초반의 매력, 외국인 매도에도 추가 매수",trade_share,"오늘 삼성전자 100 주 더 샀습니다. 최근 엔비디아 호재와 삼전닉스 목표주 상향 소식에 기대감이 커졌지만, 외국인 대규모 매도로 인해 장중 등락이 심했죠. 하지만 PER 10 배 초반이라는 내재가치는 여전히 매력적입니다. 단기 변동성과 스마트폰 둔화 우려는 있겠지만, AI 슈퍼사이클과 메모리 수요 확대로 중장기 상승 모멘텀은 유지될 거라고 봅니다. 가치 투자 원칙에 따라 저평가 구간에서 꾸준히 모아가는 전략입니다. 외국인 수급 불균형에 흔들리기보다 기업의 본질적 성장성에 집중하겠습니다.",f85fdf7f03fd88f5aea1072184cc5ec37c22aed0c67ecc5130886504becefd1f,none,"{""snapshot_turn"": 2, ""portfolio_summary"": {""turn"": 2, ""date"": ""2026-02-27"", ""cash"": 57350000.0, ""positions"": [{""stock_code"": ""005930"", ""quantity"": 200, ""avg_cost"": 213250.0, ""current_price"": 216500.0, ""unrealized_pnl"": 650000.0, ""unrealized_pnl_rate"": 0.015240328253223915}], ""total_value"": 100650000.0, ""realized_pnl"": 0.0, ""total_return_rate"": 0.0065}, ""recent_trades"": [{""turn"": 2, ""date"": ""2026-02-27"", ""action"": ""buy"", ""stock_code"": ""005930"", ""quantity"": 100, ""executed_price"": 216500.0, ""trade_value"": 21650000.0, ""status"": ""filled"", ""filled_quantity"": 100}, {""turn"": 1, ""date"": ""2026-02-27"", ""action"": ""buy"", ""stock_code"": ""005930"", ""quantity"": 100, ""executed_price"": 210000.0, ""trade_value"": 21000000.0, ""status"": ""filled"", ""filled_quantity"": 100}]}",detailed,2026-02-27,2026-02-27,2,2,read_pm,False,community:2026-02-27:t2:post:3:selected_full_body:A096
RN_COMM_ON_20260917_v2,2026-02-27,2,A096,"[3, 4, 7, 12, 14]",4,full_body,True,False,황소-4770,외국인 팔아치우는데 저는 또 사버렸습니다.. (개미의 자조),trade_share,"오늘 장 끝나고 보니 삼성전자가 다시 3% 올랐네요. 개인들 사이에서는 AI 열풍으로 잔칫날 분위기인데, 정작 외국인은 한 달 새 16 조나 팔아치웠다는 뉴스가 나오더군요. 솔직히 저도 '과열'이라는 경고등이 켜진 건 알지만, PER 10 배 수준이고 메모리 수요는 여전히 좋으니 저평가 구간이라고 생각해서 오늘 1000 주를 추가 매수했습니다.

기본적 분석에 기반해 장기적으로 내재가치를 믿고 산 거라 단기 수급 불균형은 감수해야겠죠. 하지만 외국인 대량 매도세와 개인들의 과열 심리가 공존하는 지금, 제 매수가 정말 옳았는지 조금은 불안하기도 합니다. 다음 장에서 변동성이 클 것 같은데, 이대로 버틸 자신이 있을까요? 같은 생각을 가진 분들 계신가요?",387e4a266283fe423286c3d7bf442a0535c265958c649c36944ea278b7d06f2b,unlike,"{""snapshot_turn"": 2, ""portfolio_summary"": {""turn"": 2, ""date"": ""2026-02-27"", ""cash"": 468500000.0, ""positions"": [{""stock_code"": ""005930"", ""quantity"": 2500, ""avg_cost"": 212600.0, ""current_price"": 216500.0, ""unrealized_pnl"": 9750000.0, ""unrealized_pnl_rate"": 0.018344308560677328}], ""total_value"": 1009750000.0, ""realized_pnl"": 0.0, ""total_return_rate"": 0.00975}, ""recent_trades"": [{""turn"": 2, ""date"": ""2026-02-27"", ""action"": ""buy"", ""stock_code"": ""005930"", ""quantity"": 1000, ""executed_price"": 216500.0, ""trade_value"": 216500000.0, ""status"": ""filled"", ""filled_quantity"": 1000}, {""turn"": 1, ""date"": ""2026-02-27"", ""action"": ""buy"", ""stock_code"": ""005930"", ""quantity"": 1500, ""executed_price"": 210000.0, ""trade_value"": 315000000.0, ""status"": ""filled"", ""filled_quantity"": 1500}]}",detailed,2026-02-27,2026-02-27,2,2,read_pm,False,community:2026-02-27:t2:post:4:selected_full_body:A096
RN_COMM_ON_20260917_v2,2026-02-27,2,A096,"[3, 4, 7, 12, 14]",7,full_body,True,False,여우-1683,3% 차익 실현 완료! 과열 경계하며 일단 현금화,profit_share,"오늘 삼성전자를 매도했습니다. 21 만 원에 사서 오늘 21 만 6 천 원에 팔았으니 약 3% 수익이 났네요.

요즘 AI 수요 호조로 주가가 계속 오르는데, 외국인 매도와 개인 투자자의 열광적 매수로 밸류에이션이 너무 비싸진 것 같아요. 저평가 구간은 아니니 차라리 이익을 확정하고 물러나는 게 낫겠다는 판단이었습니다.

과거에는 하락할 때 더 사고 올라갈 때 팔았는데, 이번엔 상승 모멘텀을 조금 일찍 놓친 감이 있지만 원칙대로 수익을 챙긴 건 만족합니다. 시장이 과열되었다는 신호가 보이니 당분간은 추격 매수 자제하고 조정될 때까지 기다려야겠어요.",b9523049f2c298f0ea1bb7dead5d5cd46647fb5b543cf926fc900aa9363eb1b9,like,"{""snapshot_turn"": 2, ""portfolio_summary"": {""turn"": 2, ""date"": ""2026-02-27"", ""cash"": 100650000.0, ""positions"": [], ""total_value"": 100650000.0, ""realized_pnl"": 650000.0, ""total_return_rate"": 0.0065}, ""recent_trades"": [{""turn"": 2, ""date"": ""2026-02-27"", ""action"": ""sell"", ""stock_code"": ""005930"", ""quantity"": 100, ""executed_price"": 216500.0, ""trade_value"": 21650000.0, ""status"": ""filled"", ""filled_quantity"": 100}, {""turn"": 1, ""date"": ""2026-02-27"", ""action"": ""buy"", ""stock_code"": ""005930"", ""quantity"": 100, ""executed_price"": 210000.0, ""trade_value"": 21000000.0, ""status"": ""filled"", ""filled_quantity"": 100}]}",detailed,2026-02-27,2026-02-27,2,2,read_pm,False,community:2026-02-27:t2:post:7:selected_full_body:A096
RN_COMM_ON_20260917_v2,2026-02-27,2,A096,"[3, 4, 7, 12, 14]",12,full_body,True,False,독수리-6722,급등 후 조정 때 팔아서 다행입니다 (삼성전자),trade_share,"오늘 삼성전자 매도 완료했습니다. 21 만 6 천 원 선에서 100 주를 처맸습니다. 사실 오늘 장 시작할 때 엔비디아 급락 소식에 심장이 덜컥 내려앉았죠. 하지만 페르소나의 원칙대로 '급등 후 조정' 국면이 오자마자 차익 실현을 단행했습니다. 외국인 대규모 매도와 개미들의 고소공포증 사이에서 혼조세가 이어질 것이라 예견했거든요. PER 10 배 초반의 저평가 매력은 분명하지만, 단기적으로는 변동성이 너무 큽니다. 하룻밤에 큰돈을 벌고 싶다는 욕심보다는, 이미 얻은 수익을 지킨다는 게 더 중요하다고 생각했어요. 기술적 조정이 필요하다는 신호가 명확해지자 과감히 손절매 대신 매도를 선택한 결과, 리스크 관리 측면에서 만족스럽습니다. 다음 기회엔 하락 국면을 더 잘 포착해서 진입해야겠네요.",115929fb7cd207d9105f03949113f4d2311c4f9dc1780a6be68bcd715a306a50,like,"{""snapshot_turn"": 2, ""portfolio_summary"": {""turn"": 2, ""date"": ""2026-02-27"", ""cash"": 71670000.0, ""positions"": [{""stock_code"": ""005930"", ""quantity"": 138, ""avg_cost"": 210000.0, ""current_price"": 216500.0, ""unrealized_pnl"": 897000.0, ""unrealized_pnl_rate"": 0.030952380952380953}], ""total_value"": 101547000.0, ""realized_pnl"": 650000.0, ""total_return_rate"": 0.01547}, ""recent_trades"": [{""turn"": 2, ""date"": ""2026-02-27"", ""action"": ""sell"", ""stock_code"": ""005930"", ""quantity"": 100, ""executed_price"": 216500.0, ""trade_value"": 21650000.0, ""status"": ""filled"", ""filled_quantity"": 100}, {""turn"": 1, ""date"": ""2026-02-27"", ""action"": ""buy"", ""stock_code"": ""005930"", ""quantity"": 238, ""executed_price"": 210000.0, ""trade_value"": 49980000.0, ""status"": ""filled"", ""filled_quantity"": 238}]}",detailed,2026-02-27,2026-02-27,2,2,read_pm,False,community:2026-02-27:t2:post:12:selected_full_body:A096
RN_COMM_ON_20260917_v2,2026-02-27,2,A096,"[3, 4, 7, 12, 14]",14,full_body,True,False,늑대-3694,전일 매수 후 오늘 상승! 외국인 이탈에도 개인은 버텨야 할까?,trade_share,"어제 21만 6천 원 선에 삼성전자를 좀 더 사뒀는데, 오늘 장 마감 기준으로 꽤 오릅니다. 전일 대비 3% 이상 수익이 나니 판단은 맞았네요.

근데 요즘 뉴스 보면 엔비디아 급락과 외국인 16조 원 대량 매도 소식이 나오면서 시장 분위기가 묘합니다. 개인들은 자발적으로 사고 있는데 외국인은 도망가는 이기적인 구조라... 그래도 AI 수요와 메모리 업황 호조는 여전히 유효하다고 봅니다.

PER 10 배 초반이라 밸류에이션은 괜찮은 편인데, 최근 급등세 때문에 단기 과열 우려가 있긴 하죠. 하지만 장기 투자 관점에서 내재가치 대비 안전마진은 충분하다고 생각해요. 오늘은 일단 보유하며 외국인 매도세와 개인 매수세의 지속성을 더 지켜봐야겠습니다. 목표 수익률 10% 도달 전까지는 조금 더 기다려볼까요?",481b7f8333f38a4ed2f7ea4673cbfe904157222482d6652105aba19d4980b2d2,none,"{""snapshot_turn"": 2, ""portfolio_summary"": {""turn"": 2, ""date"": ""2026-02-27"", ""cash"": 39195000.0, ""positions"": [{""stock_code"": ""005930"", ""quantity"": 288, ""avg_cost"": 211128.47222222222, ""current_price"": 216500.0, ""unrealized_pnl"": 1547000.000000001, ""unrealized_pnl_rate"": 0.025441986678727095}], ""total_value"": 101547000.0, ""realized_pnl"": 0.0, ""total_return_rate"": 0.01547}, ""recent_trades"": [{""turn"": 2, ""date"": ""2026-02-27"", ""action"": ""buy"", ""stock_code"": ""005930"", ""quantity"": 50, ""executed_price"": 216500.0, ""trade_value"": 10825000.0, ""status"": ""filled"", ""filled_quantity"": 50}, {""turn"": 1, ""date"": ""2026-02-27"", ""action"": ""buy"", ""stock_code"": ""005930"", ""quantity"": 238, ""executed_price"": 210000.0, ""trade_value"": 49980000.0, ""status"": ""filled"", ""filled_quantity"": 238}]}",detailed,2026-02-27,2026-02-27,2,2,read_pm,False,community:2026-02-27:t2:post:14:selected_full_body:A096
RN_COMM_ON_20260917_v2,2026-02-27,2,A097,"[3, 4, 7, 9, 12]",3,full_body,True,False,돌고래-2979,"PER 10 배 초반의 매력, 외국인 매도에도 추가 매수",trade_share,"오늘 삼성전자 100 주 더 샀습니다. 최근 엔비디아 호재와 삼전닉스 목표주 상향 소식에 기대감이 커졌지만, 외국인 대규모 매도로 인해 장중 등락이 심했죠. 하지만 PER 10 배 초반이라는 내재가치는 여전히 매력적입니다. 단기 변동성과 스마트폰 둔화 우려는 있겠지만, AI 슈퍼사이클과 메모리 수요 확대로 중장기 상승 모멘텀은 유지될 거라고 봅니다. 가치 투자 원칙에 따라 저평가 구간에서 꾸준히 모아가는 전략입니다. 외국인 수급 불균형에 흔들리기보다 기업의 본질적 성장성에 집중하겠습니다.",f85fdf7f03fd88f5aea1072184cc5ec37c22aed0c67ecc5130886504becefd1f,like,null,minimal,2026-02-27,2026-02-27,2,2,read_pm,False,community:2026-02-27:t2:post:3:selected_full_body:A097
RN_COMM_ON_20260917_v2,2026-02-27,2,A097,"[3, 4, 7, 9, 12]",4,full_body,True,False,황소-4770,외국인 팔아치우는데 저는 또 사버렸습니다.. (개미의 자조),trade_share,"오늘 장 끝나고 보니 삼성전자가 다시 3% 올랐네요. 개인들 사이에서는 AI 열풍으로 잔칫날 분위기인데, 정작 외국인은 한 달 새 16 조나 팔아치웠다는 뉴스가 나오더군요. 솔직히 저도 '과열'이라는 경고등이 켜진 건 알지만, PER 10 배 수준이고 메모리 수요는 여전히 좋으니 저평가 구간이라고 생각해서 오늘 1000 주를 추가 매수했습니다.

기본적 분석에 기반해 장기적으로 내재가치를 믿고 산 거라 단기 수급 불균형은 감수해야겠죠. 하지만 외국인 대량 매도세와 개인들의 과열 심리가 공존하는 지금, 제 매수가 정말 옳았는지 조금은 불안하기도 합니다. 다음 장에서 변동성이 클 것 같은데, 이대로 버틸 자신이 있을까요? 같은 생각을 가진 분들 계신가요?",387e4a266283fe423286c3d7bf442a0535c265958c649c36944ea278b7d06f2b,unlike,null,minimal,2026-02-27,2026-02-27,2,2,read_pm,False,community:2026-02-27:t2:post:4:selected_full_body:A097
RN_COMM_ON_20260917_v2,2026-02-27,2,A097,"[3, 4, 7, 9, 12]",7,full_body,True,False,여우-1683,3% 차익 실현 완료! 과열 경계하며 일단 현금화,profit_share,"오늘 삼성전자를 매도했습니다. 21 만 원에 사서 오늘 21 만 6 천 원에 팔았으니 약 3% 수익이 났네요.

요즘 AI 수요 호조로 주가가 계속 오르는데, 외국인 매도와 개인 투자자의 열광적 매수로 밸류에이션이 너무 비싸진 것 같아요. 저평가 구간은 아니니 차라리 이익을 확정하고 물러나는 게 낫겠다는 판단이었습니다.

과거에는 하락할 때 더 사고 올라갈 때 팔았는데, 이번엔 상승 모멘텀을 조금 일찍 놓친 감이 있지만 원칙대로 수익을 챙긴 건 만족합니다. 시장이 과열되었다는 신호가 보이니 당분간은 추격 매수 자제하고 조정될 때까지 기다려야겠어요.",b9523049f2c298f0ea1bb7dead5d5cd46647fb5b543cf926fc900aa9363eb1b9,none,null,minimal,2026-02-27,2026-02-27,2,2,read_pm,False,community:2026-02-27:t2:post:7:selected_full_body:A097
RN_COMM_ON_20260917_v2,2026-02-27,2,A097,"[3, 4, 7, 9, 12]",9,full_body,True,False,황소-6990,20% 수익 목표 달성! 삼성전기 매도 완료 (500주),trade_share,"오늘 장 마감 직전 삼성전자 500주를 21만 6천 원에 매도했습니다. 초기 매수 후 약 3% 상승 구간에서 원칙대로 이익을 확정했네요. 개인 투자자들이 AI 호재로 과열된 분위기지만, 외국인 대량 매도세와 엔비디아 변동성으로 단기 등락이 심할 것 같아 조급하게 추격 매수하지 않고 차분히 기다린 결과입니다. 내재가치는 여전히 매력적이지만, 현재 가격에서는 추격보다는 조정 시 저가 매수 기회를 노리는 게 낫겠다는 판단이었습니다. 20% 수익률 목표는 아직 멀었지만, 작은 성공이라도 원칙을 지킨 것이 다행입니다. 다음 기회엔 외국인 매도세를 더 일찍 눈치챘으면 좋겠네요.",27f6b9363f3348f3352ef1f8119a86061a8045e8634c903ff5ce84f5fe0cd061,none,null,minimal,2026-02-27,2026-02-27,2,2,read_pm,False,community:2026-02-27:t2:post:9:selected_full_body:A097
RN_COMM_ON_20260917_v2,2026-02-27,2,A097,"[3, 4, 7, 9, 12]",12,full_body,True,False,독수리-6722,급등 후 조정 때 팔아서 다행입니다 (삼성전자),trade_share,"오늘 삼성전자 매도 완료했습니다. 21 만 6 천 원 선에서 100 주를 처맸습니다. 사실 오늘 장 시작할 때 엔비디아 급락 소식에 심장이 덜컥 내려앉았죠. 하지만 페르소나의 원칙대로 '급등 후 조정' 국면이 오자마자 차익 실현을 단행했습니다. 외국인 대규모 매도와 개미들의 고소공포증 사이에서 혼조세가 이어질 것이라 예견했거든요. PER 10 배 초반의 저평가 매력은 분명하지만, 단기적으로는 변동성이 너무 큽니다. 하룻밤에 큰돈을 벌고 싶다는 욕심보다는, 이미 얻은 수익을 지킨다는 게 더 중요하다고 생각했어요. 기술적 조정이 필요하다는 신호가 명확해지자 과감히 손절매 대신 매도를 선택한 결과, 리스크 관리 측면에서 만족스럽습니다. 다음 기회엔 하락 국면을 더 잘 포착해서 진입해야겠네요.",115929fb7cd207d9105f03949113f4d2311c4f9dc1780a6be68bcd715a306a50,none,null,minimal,2026-02-27,2026-02-27,2,2,read_pm,False,community:2026-02-27:t2:post:12:selected_full_body:A097
RN_COMM_ON_20260917_v2,2026-02-27,2,A098,"[3, 4, 7, 12]",3,full_body,True,False,돌고래-2979,"PER 10 배 초반의 매력, 외국인 매도에도 추가 매수",trade_share,"오늘 삼성전자 100 주 더 샀습니다. 최근 엔비디아 호재와 삼전닉스 목표주 상향 소식에 기대감이 커졌지만, 외국인 대규모 매도로 인해 장중 등락이 심했죠. 하지만 PER 10 배 초반이라는 내재가치는 여전히 매력적입니다. 단기 변동성과 스마트폰 둔화 우려는 있겠지만, AI 슈퍼사이클과 메모리 수요 확대로 중장기 상승 모멘텀은 유지될 거라고 봅니다. 가치 투자 원칙에 따라 저평가 구간에서 꾸준히 모아가는 전략입니다. 외국인 수급 불균형에 흔들리기보다 기업의 본질적 성장성에 집중하겠습니다.",f85fdf7f03fd88f5aea1072184cc5ec37c22aed0c67ecc5130886504becefd1f,like,null,minimal,2026-02-27,2026-02-27,2,2,read_pm,False,community:2026-02-27:t2:post:3:selected_full_body:A098
RN_COMM_ON_20260917_v2,2026-02-27,2,A098,"[3, 4, 7, 12]",4,full_body,True,False,황소-4770,외국인 팔아치우는데 저는 또 사버렸습니다.. (개미의 자조),trade_share,"오늘 장 끝나고 보니 삼성전자가 다시 3% 올랐네요. 개인들 사이에서는 AI 열풍으로 잔칫날 분위기인데, 정작 외국인은 한 달 새 16 조나 팔아치웠다는 뉴스가 나오더군요. 솔직히 저도 '과열'이라는 경고등이 켜진 건 알지만, PER 10 배 수준이고 메모리 수요는 여전히 좋으니 저평가 구간이라고 생각해서 오늘 1000 주를 추가 매수했습니다.

기본적 분석에 기반해 장기적으로 내재가치를 믿고 산 거라 단기 수급 불균형은 감수해야겠죠. 하지만 외국인 대량 매도세와 개인들의 과열 심리가 공존하는 지금, 제 매수가 정말 옳았는지 조금은 불안하기도 합니다. 다음 장에서 변동성이 클 것 같은데, 이대로 버틸 자신이 있을까요? 같은 생각을 가진 분들 계신가요?",387e4a266283fe423286c3d7bf442a0535c265958c649c36944ea278b7d06f2b,unlike,null,minimal,2026-02-27,2026-02-27,2,2,read_pm,False,community:2026-02-27:t2:post:4:selected_full_body:A098
RN_COMM_ON_20260917_v2,2026-02-27,2,A098,"[3, 4, 7, 12]",7,full_body,True,False,여우-1683,3% 차익 실현 완료! 과열 경계하며 일단 현금화,profit_share,"오늘 삼성전자를 매도했습니다. 21 만 원에 사서 오늘 21 만 6 천 원에 팔았으니 약 3% 수익이 났네요.

요즘 AI 수요 호조로 주가가 계속 오르는데, 외국인 매도와 개인 투자자의 열광적 매수로 밸류에이션이 너무 비싸진 것 같아요. 저평가 구간은 아니니 차라리 이익을 확정하고 물러나는 게 낫겠다는 판단이었습니다.

과거에는 하락할 때 더 사고 올라갈 때 팔았는데, 이번엔 상승 모멘텀을 조금 일찍 놓친 감이 있지만 원칙대로 수익을 챙긴 건 만족합니다. 시장이 과열되었다는 신호가 보이니 당분간은 추격 매수 자제하고 조정될 때까지 기다려야겠어요.",b9523049f2c298f0ea1bb7dead5d5cd46647fb5b543cf926fc900aa9363eb1b9,none,null,minimal,2026-02-27,2026-02-27,2,2,read_pm,False,community:2026-02-27:t2:post:7:selected_full_body:A098
RN_COMM_ON_20260917_v2,2026-02-27,2,A098,"[3, 4, 7, 12]",12,full_body,True,False,독수리-6722,급등 후 조정 때 팔아서 다행입니다 (삼성전자),trade_share,"오늘 삼성전자 매도 완료했습니다. 21 만 6 천 원 선에서 100 주를 처맸습니다. 사실 오늘 장 시작할 때 엔비디아 급락 소식에 심장이 덜컥 내려앉았죠. 하지만 페르소나의 원칙대로 '급등 후 조정' 국면이 오자마자 차익 실현을 단행했습니다. 외국인 대규모 매도와 개미들의 고소공포증 사이에서 혼조세가 이어질 것이라 예견했거든요. PER 10 배 초반의 저평가 매력은 분명하지만, 단기적으로는 변동성이 너무 큽니다. 하룻밤에 큰돈을 벌고 싶다는 욕심보다는, 이미 얻은 수익을 지킨다는 게 더 중요하다고 생각했어요. 기술적 조정이 필요하다는 신호가 명확해지자 과감히 손절매 대신 매도를 선택한 결과, 리스크 관리 측면에서 만족스럽습니다. 다음 기회엔 하락 국면을 더 잘 포착해서 진입해야겠네요.",115929fb7cd207d9105f03949113f4d2311c4f9dc1780a6be68bcd715a306a50,unlike,null,minimal,2026-02-27,2026-02-27,2,2,read_pm,False,community:2026-02-27:t2:post:12:selected_full_body:A098
RN_COMM_ON_20260917_v2,2026-02-27,2,A100,"[3, 4, 7, 12, 14]",3,full_body,True,False,돌고래-2979,"PER 10 배 초반의 매력, 외국인 매도에도 추가 매수",trade_share,"오늘 삼성전자 100 주 더 샀습니다. 최근 엔비디아 호재와 삼전닉스 목표주 상향 소식에 기대감이 커졌지만, 외국인 대규모 매도로 인해 장중 등락이 심했죠. 하지만 PER 10 배 초반이라는 내재가치는 여전히 매력적입니다. 단기 변동성과 스마트폰 둔화 우려는 있겠지만, AI 슈퍼사이클과 메모리 수요 확대로 중장기 상승 모멘텀은 유지될 거라고 봅니다. 가치 투자 원칙에 따라 저평가 구간에서 꾸준히 모아가는 전략입니다. 외국인 수급 불균형에 흔들리기보다 기업의 본질적 성장성에 집중하겠습니다.",f85fdf7f03fd88f5aea1072184cc5ec37c22aed0c67ecc5130886504becefd1f,like,null,minimal,2026-02-27,2026-02-27,2,2,read_pm,False,community:2026-02-27:t2:post:3:selected_full_body:A100
RN_COMM_ON_20260917_v2,2026-02-27,2,A100,"[3, 4, 7, 12, 14]",4,full_body,True,False,황소-4770,외국인 팔아치우는데 저는 또 사버렸습니다.. (개미의 자조),trade_share,"오늘 장 끝나고 보니 삼성전자가 다시 3% 올랐네요. 개인들 사이에서는 AI 열풍으로 잔칫날 분위기인데, 정작 외국인은 한 달 새 16 조나 팔아치웠다는 뉴스가 나오더군요. 솔직히 저도 '과열'이라는 경고등이 켜진 건 알지만, PER 10 배 수준이고 메모리 수요는 여전히 좋으니 저평가 구간이라고 생각해서 오늘 1000 주를 추가 매수했습니다.

기본적 분석에 기반해 장기적으로 내재가치를 믿고 산 거라 단기 수급 불균형은 감수해야겠죠. 하지만 외국인 대량 매도세와 개인들의 과열 심리가 공존하는 지금, 제 매수가 정말 옳았는지 조금은 불안하기도 합니다. 다음 장에서 변동성이 클 것 같은데, 이대로 버틸 자신이 있을까요? 같은 생각을 가진 분들 계신가요?",387e4a266283fe423286c3d7bf442a0535c265958c649c36944ea278b7d06f2b,unlike,null,minimal,2026-02-27,2026-02-27,2,2,read_pm,False,community:2026-02-27:t2:post:4:selected_full_body:A100
RN_COMM_ON_20260917_v2,2026-02-27,2,A100,"[3, 4, 7, 12, 14]",7,full_body,True,False,여우-1683,3% 차익 실현 완료! 과열 경계하며 일단 현금화,profit_share,"오늘 삼성전자를 매도했습니다. 21 만 원에 사서 오늘 21 만 6 천 원에 팔았으니 약 3% 수익이 났네요.

요즘 AI 수요 호조로 주가가 계속 오르는데, 외국인 매도와 개인 투자자의 열광적 매수로 밸류에이션이 너무 비싸진 것 같아요. 저평가 구간은 아니니 차라리 이익을 확정하고 물러나는 게 낫겠다는 판단이었습니다.

과거에는 하락할 때 더 사고 올라갈 때 팔았는데, 이번엔 상승 모멘텀을 조금 일찍 놓친 감이 있지만 원칙대로 수익을 챙긴 건 만족합니다. 시장이 과열되었다는 신호가 보이니 당분간은 추격 매수 자제하고 조정될 때까지 기다려야겠어요.",b9523049f2c298f0ea1bb7dead5d5cd46647fb5b543cf926fc900aa9363eb1b9,none,null,minimal,2026-02-27,2026-02-27,2,2,read_pm,False,community:2026-02-27:t2:post:7:selected_full_body:A100
RN_COMM_ON_20260917_v2,2026-02-27,2,A100,"[3, 4, 7, 12, 14]",12,full_body,True,False,독수리-6722,급등 후 조정 때 팔아서 다행입니다 (삼성전자),trade_share,"오늘 삼성전자 매도 완료했습니다. 21 만 6 천 원 선에서 100 주를 처맸습니다. 사실 오늘 장 시작할 때 엔비디아 급락 소식에 심장이 덜컥 내려앉았죠. 하지만 페르소나의 원칙대로 '급등 후 조정' 국면이 오자마자 차익 실현을 단행했습니다. 외국인 대규모 매도와 개미들의 고소공포증 사이에서 혼조세가 이어질 것이라 예견했거든요. PER 10 배 초반의 저평가 매력은 분명하지만, 단기적으로는 변동성이 너무 큽니다. 하룻밤에 큰돈을 벌고 싶다는 욕심보다는, 이미 얻은 수익을 지킨다는 게 더 중요하다고 생각했어요. 기술적 조정이 필요하다는 신호가 명확해지자 과감히 손절매 대신 매도를 선택한 결과, 리스크 관리 측면에서 만족스럽습니다. 다음 기회엔 하락 국면을 더 잘 포착해서 진입해야겠네요.",115929fb7cd207d9105f03949113f4d2311c4f9dc1780a6be68bcd715a306a50,unlike,null,minimal,2026-02-27,2026-02-27,2,2,read_pm,False,community:2026-02-27:t2:post:12:selected_full_body:A100
RN_COMM_ON_20260917_v2,2026-02-27,2,A100,"[3, 4, 7, 12, 14]",14,full_body,True,False,늑대-3694,전일 매수 후 오늘 상승! 외국인 이탈에도 개인은 버텨야 할까?,trade_share,"어제 21만 6천 원 선에 삼성전자를 좀 더 사뒀는데, 오늘 장 마감 기준으로 꽤 오릅니다. 전일 대비 3% 이상 수익이 나니 판단은 맞았네요.

근데 요즘 뉴스 보면 엔비디아 급락과 외국인 16조 원 대량 매도 소식이 나오면서 시장 분위기가 묘합니다. 개인들은 자발적으로 사고 있는데 외국인은 도망가는 이기적인 구조라... 그래도 AI 수요와 메모리 업황 호조는 여전히 유효하다고 봅니다.

PER 10 배 초반이라 밸류에이션은 괜찮은 편인데, 최근 급등세 때문에 단기 과열 우려가 있긴 하죠. 하지만 장기 투자 관점에서 내재가치 대비 안전마진은 충분하다고 생각해요. 오늘은 일단 보유하며 외국인 매도세와 개인 매수세의 지속성을 더 지켜봐야겠습니다. 목표 수익률 10% 도달 전까지는 조금 더 기다려볼까요?",481b7f8333f38a4ed2f7ea4673cbfe904157222482d6652105aba19d4980b2d2,none,null,minimal,2026-02-27,2026-02-27,2,2,read_pm,False,community:2026-02-27:t2:post:14:selected_full_body:A100
