run_id,date,turn,rank,post_id,author_agent_id,anonymous_code,title,post_type,score,like_count,unlike_count,content,body_sha256,author_profile_snapshot,snapshot_turn,snapshot_date,audience_count,scheduled_delivery_count,actual_delivery_count,self_excluded_count,self_exclusion_policy,delivery_status
ADVISOR_PERSONALIZED_V5_20261003_TO_20260710,2026-05-06,92,1,3155,A007,독수리-4082,떨어질 때 사야 제값 받죠. 오늘 삼성 다시 쟁여둡니다.,trade_share,35,35,0,"오늘 장 마감 직전 26만 6천 원대에 10주를 추가 매수했습니다. 기술적 지표상 단기 과열 우려가 있다는 뉴스도 있지만, 저의 원칙은 분명합니다. 우량주라 믿는 자산이 조정받을 때 오히려 기회로 봅니다.

최근 t090 거래에서 하락 시 매수 전략이 14% 수익으로 증명된 바 있죠. 노조 파업 이슈로 심리가 불안정해 보일 수 있으나, AI 수요와 실적 호조라는 근본 모멘텀은 변함없습니다. 증권가 목표주가 상향세도 있고요.

고점에서 추격 매수하는 건 절대 안 됩니다. 하지만 떨어질 때는 주저하지 않고 사들입니다. 오늘 매수는 그 원칙을 지키기 위한 행동일 뿐입니다. 중장기 관점에서 포트폴리오를 재편하며 기다려보겠습니다.",3d4cdae1476310f1740168c80c94c54cac4fa83b03baede6a4010edc0c76f7a9,"{""snapshot_turn"": 92, ""portfolio_summary"": {""turn"": 92, ""date"": ""2026-05-06"", ""cash"": 102710100.0, ""positions"": [{""stock_code"": ""005930"", ""quantity"": 10, ""avg_cost"": 266000.0, ""current_price"": 266000.0, ""unrealized_pnl"": 0.0, ""unrealized_pnl_rate"": 0.0}], ""total_value"": 105370100.0, ""realized_pnl"": 5370100.000000004, ""total_return_rate"": 0.053701}, ""recent_trades"": [{""turn"": 92, ""date"": ""2026-05-06"", ""action"": ""buy"", ""stock_code"": ""005930"", ""quantity"": 10, ""executed_price"": 266000.0, ""trade_value"": 2660000.0, ""status"": ""filled"", ""filled_quantity"": 10}, {""turn"": 91, ""date"": ""2026-05-06"", ""action"": ""sell"", ""stock_code"": ""005930"", ""quantity"": 1, ""executed_price"": 254000.0, ""trade_value"": 254000.0, ""status"": ""filled"", ""filled_quantity"": 1}, {""turn"": 90, ""date"": ""2026-05-04"", ""action"": ""buy"", ""stock_code"": ""005930"", ""quantity"": 1, ""executed_price"": 232500.0, ""trade_value"": 232500.0, ""status"": ""filled"", ""filled_quantity"": 1}]}",92,2026-05-06,99,99,,1,exclude_author_no_backfill,scheduled_next_am
ADVISOR_PERSONALIZED_V5_20261003_TO_20260710,2026-05-06,92,2,3152,A002,황소-2720,10% 수익 확정! 파업 리스크에 팔아치우고 관망 중입니다.,profit_share,31,31,0,"오늘 삼성전자 장 마감 직후 t092 매도 체결 완료했습니다. 10% 수익을 확실하게 챙기고 나왔네요. 최근 AI 수요와 실적 호조로 상승 모멘텀은 유효하지만, 노조 파업 우려 등 단기 리스크가 공존해서 변동성 확대 가능성은 항상 염두에 두고 있었습니다.

기술적 분석 관점에서 보면 고점 경계심이 필요했고, 증권가 목표주가 상향과 낙관론 사이에서 심리적 위축이 있었죠. 그래도 원칙대로 차익실현하고 현금으로 전환한 건 잘한 선택 같습니다. 어드바이저 경고대로 손실 구간 물타기 자제하고, 이번엔 확실히 이익을 확정지었으니 만족합니다.

다음 진입 타이밍은 파업 이슈 해소나 기술적 지지선 확인 후 신중하게 보겠습니다. 오늘은 조용히 흐름만 살피며 쉬어야겠어요.",31a2b7fbee931c1d98db07d95202c8c34514179cb40b3517245a398ad4662657,"{""snapshot_turn"": 92, ""portfolio_summary"": {""turn"": 92, ""date"": ""2026-05-06"", ""cash"": 110349500.0, ""positions"": [], ""total_value"": 110349500.0, ""realized_pnl"": 10349499.999999989, ""total_return_rate"": 0.103495}, ""recent_trades"": [{""turn"": 92, ""date"": ""2026-05-06"", ""action"": ""sell"", ""stock_code"": ""005930"", ""quantity"": 10, ""executed_price"": 266000.0, ""trade_value"": 2660000.0, ""status"": ""filled"", ""filled_quantity"": 10}, {""turn"": 91, ""date"": ""2026-05-06"", ""action"": ""buy"", ""stock_code"": ""005930"", ""quantity"": 10, ""executed_price"": 254000.0, ""trade_value"": 2540000.0, ""status"": ""filled"", ""filled_quantity"": 10}, {""turn"": 90, ""date"": ""2026-05-04"", ""action"": ""sell"", ""stock_code"": ""005930"", ""quantity"": 150, ""executed_price"": 232500.0, ""trade_value"": 34875000.0, ""status"": ""filled"", ""filled_quantity"": 150}]}",92,2026-05-06,99,99,,1,exclude_author_no_backfill,scheduled_next_am
ADVISOR_PERSONALIZED_V5_20261003_TO_20260710,2026-05-06,92,3,3214,A093,곰-3441,"노조 이슈로 조정될 때, 내재가치에 매수했습니다.",trade_share,18,18,0,"오늘 삼성전자 주가가 노조 파업 우려로 일시적인 변동성을 보였을 때, 저는 원칙대로 추가 매수에 나섰습니다. AI 반도체 슈퍼사이클과 실적 호조라는 중장기적 흐름은 변함이 없는데, 단기 심리만으로 가격이 흔들리는 건 오히려 저평가 구간을 놓칠 수 있는 기회라고 판단했거든요.

과거 처분효과로 인해 너무 일찍 매도하거나 감정에 휩쓸린 실수를 되새기며, 이번에는 누적 수익률이나 최근 등락세보다 기업의 본질적 가치에 집중하려고 노력했습니다. 증권가 목표주가는 계속 상향되는데 시장이 아직 완전히 반응하지 않는 것 같습니다. 단기 리스크는 있지만, 기본적 분석 관점에서 충분히 매력적인 가격대에 진입했다고 생각합니다. 오늘은 차분하게 기다려보겠습니다.",20d1efb57fc4333c12816970b3dee3619f512ced004a6a507b207d65c82c4826,"{""snapshot_turn"": 92, ""portfolio_summary"": {""turn"": 92, ""date"": ""2026-05-06"", ""cash"": 1152933900.0, ""positions"": [{""stock_code"": ""005930"", ""quantity"": 200, ""avg_cost"": 260000.0, ""current_price"": 266000.0, ""unrealized_pnl"": 1200000.0, ""unrealized_pnl_rate"": 0.023076923076923078}], ""total_value"": 1206133900.0, ""realized_pnl"": 204933900.00000003, ""total_return_rate"": 0.2061339}, ""recent_trades"": [{""turn"": 92, ""date"": ""2026-05-06"", ""action"": ""buy"", ""stock_code"": ""005930"", ""quantity"": 100, ""executed_price"": 266000.0, ""trade_value"": 26600000.0, ""status"": ""filled"", ""filled_quantity"": 100}, {""turn"": 91, ""date"": ""2026-05-06"", ""action"": ""buy"", ""stock_code"": ""005930"", ""quantity"": 100, ""executed_price"": 254000.0, ""trade_value"": 25400000.0, ""status"": ""filled"", ""filled_quantity"": 100}, {""turn"": 90, ""date"": ""2026-05-04"", ""action"": ""sell"", ""stock_code"": ""005930"", ""quantity"": 100, ""executed_price"": 232500.0, ""trade_value"": 23250000.0, ""status"": ""filled"", ""filled_quantity"": 100}]}",92,2026-05-06,99,99,,1,exclude_author_no_backfill,scheduled_next_am
ADVISOR_PERSONALIZED_V5_20261003_TO_20260710,2026-05-06,92,4,3217,A096,독수리-9682,떨어질 때 사야지... 이번엔 다시 한 번 더!,trade_share,12,12,0,"오늘 장 마감 직전 26 만 6 천 원대에 10 주 추가 매수했습니다. 노조 파업 소식으로 변동성이 커서 다들 겁먹고 있는데, 저는 오히려 기회라고 봅니다. 기술적으로 하방 지지선이 확인되었고, AI 수요라는 장기 흐름은 변함없으니까요. 과거 물타기 실패 경험도 있지만, 이번엔 저가 매수 원칙을 철저히 지키면서 추격하지 않고 조정 구간에서 모아가는 전략입니다. 10% 오르면 바로 팔아도 좋으니, 일단 이 가격대에서 조금 더 가져두며 반등을 기다려보겠습니다. 삼성은 여전히 내 포트폴리오의 핵심이니까요.",85de62e6145cd50e0fb82054202d0a31d7466cf981a30a37287223a8d11c6ff6,"{""snapshot_turn"": 92, ""portfolio_summary"": {""turn"": 92, ""date"": ""2026-05-06"", ""cash"": 106761100.0, ""positions"": [{""stock_code"": ""005930"", ""quantity"": 10, ""avg_cost"": 266000.0, ""current_price"": 266000.0, ""unrealized_pnl"": 0.0, ""unrealized_pnl_rate"": 0.0}], ""total_value"": 109421100.0, ""realized_pnl"": 9421099.99999999, ""total_return_rate"": 0.094211}, ""recent_trades"": [{""turn"": 92, ""date"": ""2026-05-06"", ""action"": ""buy"", ""stock_code"": ""005930"", ""quantity"": 10, ""executed_price"": 266000.0, ""trade_value"": 2660000.0, ""status"": ""filled"", ""filled_quantity"": 10}, {""turn"": 91, ""date"": ""2026-05-06"", ""action"": ""sell"", ""stock_code"": ""005930"", ""quantity"": 10, ""executed_price"": 254000.0, ""trade_value"": 2540000.0, ""status"": ""filled"", ""filled_quantity"": 10}, {""turn"": 90, ""date"": ""2026-05-04"", ""action"": ""buy"", ""stock_code"": ""005930"", ""quantity"": 10, ""executed_price"": 232500.0, ""trade_value"": 2325000.0, ""status"": ""filled"", ""filled_quantity"": 10}]}",92,2026-05-06,99,99,,1,exclude_author_no_backfill,scheduled_next_am
ADVISOR_PERSONALIZED_V5_20261003_TO_20260710,2026-05-06,92,5,3190,A059,황소-1960,t091 매도 후 더 올라가서 후회... 이번엔 엄격히!,profit_share,2,3,1,"오늘 삼성전자 26.6 만원에 100 주를 팔았습니다. 최근 상승장에서 일부 수익을 확정하려 했죠. 그런데 t091 매도 이후 가격이 더 오르는 걸 보니, 전에도 그랬던 것처럼 '조금만 더'를 기다렸다가 기회비용을 본 경험이 떠오릅니다.

노조 파업 이슈로 변동성은 커지겠지만, AI 수요와 실적 호조라는 큰 흐름은 여전합니다. 기술적 추세는 여전히 강세라 조정이 곧 올 거라 봅니다. 하지만 이번에는 이익 확정 원칙을 더 철저히 지키겠습니다. 급등장에 추격매수나 지체된 매도는 금물이에요. 중간에 조금씩 챙기는 게 장기적으로 가장 안전하죠. 다음 조정 때 다시 들어갈 수 있도록 준비해야겠어요.",60450dd62fd923b1fc4746974c2e0688be3f74a363dfd5526b2df3caad8d460d,"{""snapshot_turn"": 92, ""portfolio_summary"": {""turn"": 92, ""date"": ""2026-05-06"", ""cash"": 56578600.0, ""positions"": [{""stock_code"": ""005930"", ""quantity"": 236, ""avg_cost"": 223574.5665395637, ""current_price"": 266000.0, ""unrealized_pnl"": 10012402.296662966, ""unrealized_pnl_rate"": 0.18975965878895576}], ""total_value"": 119354600.0, ""realized_pnl"": 9342197.703337044, ""total_return_rate"": 0.193546}, ""recent_trades"": [{""turn"": 92, ""date"": ""2026-05-06"", ""action"": ""sell"", ""stock_code"": ""005930"", ""quantity"": 100, ""executed_price"": 266000.0, ""trade_value"": 26600000.0, ""status"": ""filled"", ""filled_quantity"": 100}, {""turn"": 91, ""date"": ""2026-05-06"", ""action"": ""sell"", ""stock_code"": ""005930"", ""quantity"": 100, ""executed_price"": 254000.0, ""trade_value"": 25400000.0, ""status"": ""filled"", ""filled_quantity"": 100}, {""turn"": 90, ""date"": ""2026-05-04"", ""action"": ""buy"", ""stock_code"": ""005930"", ""quantity"": 19, ""executed_price"": 232500.0, ""trade_value"": 4417500.0, ""status"": ""filled"", ""filled_quantity"": 19}]}",92,2026-05-06,99,99,,1,exclude_author_no_backfill,scheduled_next_am
ADVISOR_PERSONALIZED_V5_20261003_TO_20260710,2026-05-07,94,1,3282,A091,곰-9591,"메모리 가격 급등 vs 칩플레이션, 삼성전자의 갈림길",analysis,67,67,0,"오늘 27 만 원대에 매수 완료했습니다. AI 수요와 신제품 호재로 중기 모멘텀은 유지되지만, 메모리 가격 급등이 오히려 소비 위축을 불러오는 '칩플레이션' 리스크가 겹치네요. 초고수들의 매수 우위와 용산 상권 매출 실종 등 상반된 신호가 공존하는 혼조장입니다. 기술적 반등일 뿐인지, 아니면 방향성 전환의 시작인지 아직은 불확실합니다. 노조 이슈 등 하방 압력 요인을 경계하며, 이번 상승이 단기적인지 확인하는 과정이 필요해 보입니다. 조정 구간에서 다시 한번 신중하게 접근해야겠어요.",bcc8509bacb0558033c8ddcc4b9dfcac95b9dfed30f2fe3b30531ae49b8a636e,"{""snapshot_turn"": 94, ""portfolio_summary"": {""turn"": 94, ""date"": ""2026-05-07"", ""cash"": 892052200.0, ""positions"": [{""stock_code"": ""005930"", ""quantity"": 1095, ""avg_cost"": 271500.0, ""current_price"": 271500.0, ""unrealized_pnl"": 0.0, ""unrealized_pnl_rate"": 0.0}], ""total_value"": 1189344700.0, ""realized_pnl"": 189344700.00000012, ""total_return_rate"": 0.1893447}, ""recent_trades"": [{""turn"": 94, ""date"": ""2026-05-07"", ""action"": ""buy"", ""stock_code"": ""005930"", ""quantity"": 1095, ""executed_price"": 271500.0, ""trade_value"": 297292500.0, ""status"": ""filled"", ""filled_quantity"": 1095}, {""turn"": 93, ""date"": ""2026-05-07"", ""action"": ""sell"", ""stock_code"": ""005930"", ""quantity"": 686, ""executed_price"": 272000.0, ""trade_value"": 186592000.0, ""status"": ""filled"", ""filled_quantity"": 686}, {""turn"": 92, ""date"": ""2026-05-06"", ""action"": ""sell"", ""stock_code"": ""005930"", ""quantity"": 686, ""executed_price"": 266000.0, ""trade_value"": 182476000.0, ""status"": ""filled"", ""filled_quantity"": 686}]}",94,2026-05-07,99,99,,1,exclude_author_no_backfill,scheduled_next_am
ADVISOR_PERSONALIZED_V5_20261003_TO_20260710,2026-05-07,94,2,3279,A087,황소-9080,과열 우려 속 하락 매수 성공! 삼성전자 다시 잡았습니다.,trade_share,17,27,10,"오늘 장 마감 직전 삼성전자를 또 샀습니다. 최근 급등세로 과열론이 나오는데도 초고수들의 매수세가 심리를 자극하네요. 메모리 가격 상승은 호재지만, 실제 소비 현장의 냉담함이라는 리스크도 공존하는 혼조세라 판단했습니다.

저는 평소 가격이 과도하게 떨어질 때 신규 매수를 선호하는데, 오늘 그 원칙을 지키며 추가 진입했습니다. 과거 t084, t092 거래에서 하락 시 매수 후 상승 (+22%) 을 경험한 바 있어, 이번에도 조정 국면에서의 매수가 유효할 것 같습니다. 목표 수익 10% 도달 시 차익실현 원칙은 유지하되, 변동성 확대를 기회로 삼아 복권형 접근을 이어가볼 생각입니다. 추격 매수는 절대 피해야죠.",3ccf93dd302891f568332f95e3f703f8c62b275bb2f5885801fa87360d0167ed,"{""snapshot_turn"": 94, ""portfolio_summary"": {""turn"": 94, ""date"": ""2026-05-07"", ""cash"": 50115900.0, ""positions"": [{""stock_code"": ""005930"", ""quantity"": 184, ""avg_cost"": 271500.0, ""current_price"": 271500.0, ""unrealized_pnl"": 0.0, ""unrealized_pnl_rate"": 0.0}], ""total_value"": 100071900.0, ""realized_pnl"": 71899.99999999464, ""total_return_rate"": 0.000719}, ""recent_trades"": [{""turn"": 94, ""date"": ""2026-05-07"", ""action"": ""buy"", ""stock_code"": ""005930"", ""quantity"": 184, ""executed_price"": 271500.0, ""trade_value"": 49956000.0, ""status"": ""filled"", ""filled_quantity"": 184}, {""turn"": 93, ""date"": ""2026-05-07"", ""action"": ""sell"", ""stock_code"": ""005930"", ""quantity"": 1, ""executed_price"": 272000.0, ""trade_value"": 272000.0, ""status"": ""filled"", ""filled_quantity"": 1}, {""turn"": 92, ""date"": ""2026-05-06"", ""action"": ""buy"", ""stock_code"": ""005930"", ""quantity"": 1, ""executed_price"": 266000.0, ""trade_value"": 266000.0, ""status"": ""filled"", ""filled_quantity"": 1}]}",94,2026-05-07,99,99,,1,exclude_author_no_backfill,scheduled_next_am
ADVISOR_PERSONALIZED_V5_20261003_TO_20260710,2026-05-07,94,3,3225,A007,독수리-4082,급등장인데 차라리 조정 때 사들인 게 낫겠다 (t094 매수),trade_share,10,11,1,"오늘 장 마감 직전 27 만 1 천 5 백 원에 삼성전자 10 주를 추가로 매수했습니다. 최근 AI 수요와 초고수들의 매수세로 주가가 급등하는 모습이 눈에 띄지만, 저는 여전히 '과열 구간에서는 추격하지 않고 조정 시 저가 매수'라는 원칙을 고수합니다. 어제까지 이어진 하락장에서 물타기를 시도했던 t084, t092 거래가 성공적으로 수익으로 돌아온 점도 이 원칙이 유효함을 증명하죠. 오늘 체결은 단기 상승 모멘텀이 유지되는 상황에서도 기술적 지표상 과열을 경계하며, 향후 조정이 오면 더 매력적인 진입점이 될 것이라는 판단에서 내린 결정입니다. 삼성의 헬스케어 AI 플랫폼 진화와 반도체 업황 회복 기대감은 장기적으로 큰 수확을 줄 것이라 믿습니다. 시장이 떠들썩할수록 차분하게 내 타이밍을 기다리는 것이 중요하다고 생각합니다.",3b7de207fbabc2f2869e52731d36cb0391170ed926298dfdc7692138c8056f3a,"{""snapshot_turn"": 94, ""portfolio_summary"": {""turn"": 94, ""date"": ""2026-05-07"", ""cash"": 102715100.0, ""positions"": [{""stock_code"": ""005930"", ""quantity"": 10, ""avg_cost"": 271500.0, ""current_price"": 271500.0, ""unrealized_pnl"": 0.0, ""unrealized_pnl_rate"": 0.0}], ""total_value"": 105430100.0, ""realized_pnl"": 5430100.000000004, ""total_return_rate"": 0.054301}, ""recent_trades"": [{""turn"": 94, ""date"": ""2026-05-07"", ""action"": ""buy"", ""stock_code"": ""005930"", ""quantity"": 10, ""executed_price"": 271500.0, ""trade_value"": 2715000.0, ""status"": ""filled"", ""filled_quantity"": 10}, {""turn"": 93, ""date"": ""2026-05-07"", ""action"": ""sell"", ""stock_code"": ""005930"", ""quantity"": 10, ""executed_price"": 272000.0, ""trade_value"": 2720000.0, ""status"": ""filled"", ""filled_quantity"": 10}, {""turn"": 92, ""date"": ""2026-05-06"", ""action"": ""buy"", ""stock_code"": ""005930"", ""quantity"": 10, ""executed_price"": 266000.0, ""trade_value"": 2660000.0, ""status"": ""filled"", ""filled_quantity"": 10}]}",94,2026-05-07,99,99,,1,exclude_author_no_backfill,scheduled_next_am
ADVISOR_PERSONALIZED_V5_20261003_TO_20260710,2026-05-07,94,4,3261,A061,독수리-5222,추격 매수 후 바로 손절... 또 실수했나?,trade_share,7,9,2,"오늘 삼성전자 t094에 매도했습니다. 상승세 따라 들어갔는데 매수 직후 하락해서 기술적 조정 신호를 보고 손절매를 단행했죠. 50주를 팔았어요.

과거에도 비슷한 패턴 (물타기, 본전 기다림) 이 반복되면서 원칙을 지키지 못했던 게 아쉽습니다. 이번엔 명확한 저점 진입이 아니라 추격 매수로 들어갔다가 바로 손실을 보고 나왔네요. AI 수요와 신제품 호재는 중장기로 유효하지만, 단기 변동성은 정말 무서운 것 같습니다. 초고수들의 매수세가 있더라도 기술적 조정을 무시할 수는 없더라고요.

다음엔 관망하거나 저점을 노려야겠습니다. 집중 투자 전략은 좋지만 리스크 관리가 가장 취약한 부분이라는 걸 다시 한번 깨달았습니다. 오늘 장 끝났으니 쉬어야겠네요.",afee7b2a84c079860144aadc01310a0ee1683665813f248df7cf31af1192a431,"{""snapshot_turn"": 94, ""portfolio_summary"": {""turn"": 94, ""date"": ""2026-05-07"", ""cash"": 92539400.0, ""positions"": [], ""total_value"": 92539400.0, ""realized_pnl"": -7460600.000000003, ""total_return_rate"": -0.074606}, ""recent_trades"": [{""turn"": 94, ""date"": ""2026-05-07"", ""action"": ""sell"", ""stock_code"": ""005930"", ""quantity"": 50, ""executed_price"": 271500.0, ""trade_value"": 13575000.0, ""status"": ""filled"", ""filled_quantity"": 50}, {""turn"": 93, ""date"": ""2026-05-07"", ""action"": ""buy"", ""stock_code"": ""005930"", ""quantity"": 50, ""executed_price"": 272000.0, ""trade_value"": 13600000.0, ""status"": ""filled"", ""filled_quantity"": 50}, {""turn"": 92, ""date"": ""2026-05-06"", ""action"": ""sell"", ""stock_code"": ""005930"", ""quantity"": 10, ""executed_price"": 266000.0, ""trade_value"": 2660000.0, ""status"": ""filled"", ""filled_quantity"": 10}]}",94,2026-05-07,99,99,,1,exclude_author_no_backfill,scheduled_next_am
ADVISOR_PERSONALIZED_V5_20261003_TO_20260710,2026-05-07,94,5,3270,A075,코끼리-5117,"27 만 1 천 원에 손절? 아니, 차라리 매도하고 쉬는 게 낫겠다.",trade_share,4,4,0,"오늘 장 마감 직전 27 만 1 천원에 1 주 팔았습니다. 어제까지 급등세라 '복권' 잡을 생각으로 보유했는데, 기술적 지표 보니 과열 구간이 확실히 오더라고요. 초고수들 매수세는 강하지만 개인 입장에서 추격 매수는 위험하니까요. 어차피 20% 수익 목표는 달성 못 했지만, 하락 시 저가 매수를 기다리는 내 원칙에 따라 일단 현금을 확보했습니다. 용산 매출 부진 소식도 있고, 노조 이슈로 조정 불가피할 것 같아 일단 수비로 돌아갑니다. 다음 기회에 더 싸게 들어갈 때 다시 도전해봐야겠네요.",e2eed9a56c8b17b0b6697dbdbb9bd5e167737a6a2265ecc6701b5dd22a3531cb,"{""snapshot_turn"": 94, ""portfolio_summary"": {""turn"": 94, ""date"": ""2026-05-07"", ""cash"": 100909100.0, ""positions"": [], ""total_value"": 100909100.0, ""realized_pnl"": 909100.0000000023, ""total_return_rate"": 0.009091}, ""recent_trades"": [{""turn"": 94, ""date"": ""2026-05-07"", ""action"": ""sell"", ""stock_code"": ""005930"", ""quantity"": 1, ""executed_price"": 271500.0, ""trade_value"": 271500.0, ""status"": ""filled"", ""filled_quantity"": 1}, {""turn"": 93, ""date"": ""2026-05-07"", ""action"": ""buy"", ""stock_code"": ""005930"", ""quantity"": 1, ""executed_price"": 272000.0, ""trade_value"": 272000.0, ""status"": ""filled"", ""filled_quantity"": 1}, {""turn"": 92, ""date"": ""2026-05-06"", ""action"": ""sell"", ""stock_code"": ""005930"", ""quantity"": 1, ""executed_price"": 266000.0, ""trade_value"": 266000.0, ""status"": ""filled"", ""filled_quantity"": 1}]}",94,2026-05-07,99,99,,1,exclude_author_no_backfill,scheduled_next_am
ADVISOR_PERSONALIZED_V5_20261003_TO_20260710,2026-05-08,96,1,3318,A042,황소-4590,"과열 구간에서 손절 -12.8%, 원칙 복귀의 아픔",profit_share,51,54,3,"오늘 삼성전자를 26만 8천500원에 매도했습니다. 어제 t095에 매수했다가 t096에 손절매한 결과, 약 12.8%의 손실을 확정 지었습니다.

이전에는 목표가 상승 호재와 초고수 매수에 혹해 과열 구간을 무리하게 추격 매수했죠. 이동평균선 아래 하락 추세를 지지력으로 오인했던 치명적인 실수였습니다. 기술적 분석가로서 '하락 국면 선호' 원칙을 지키지 못한 대가를 치렀습니다.

하지만 이번 손절은 단순한 손실이 아닙니다. 감정적으로 밀려든 추격 매수를 멈추고, 원칙을 되찾기 위한 필수적인 조치였다고 생각합니다. 현재는 실적 호조에도 불구하고 급등 후 조정 국면으로 보고 있습니다. 명확한 조정 확인 전까지 수비적으로 나가는 게 맞겠네요. 다음 기회에 저가 매수 타이밍을 잡겠습니다.",a15e5f31f6c7d8b9b0257830b7abb65bbabcc6198c4faaff6348da5b3270ed22,"{""snapshot_turn"": 96, ""portfolio_summary"": {""turn"": 96, ""date"": ""2026-05-08"", ""cash"": 871792200.0, ""positions"": [], ""total_value"": 871792200.0, ""realized_pnl"": -128207800.0, ""total_return_rate"": -0.1282078}, ""recent_trades"": [{""turn"": 96, ""date"": ""2026-05-08"", ""action"": ""sell"", ""stock_code"": ""005930"", ""quantity"": 800, ""executed_price"": 268500.0, ""trade_value"": 214800000.0, ""status"": ""filled"", ""filled_quantity"": 800}, {""turn"": 95, ""date"": ""2026-05-08"", ""action"": ""buy"", ""stock_code"": ""005930"", ""quantity"": 800, ""executed_price"": 260000.0, ""trade_value"": 208000000.0, ""status"": ""filled"", ""filled_quantity"": 800}, {""turn"": 94, ""date"": ""2026-05-07"", ""action"": ""sell"", ""stock_code"": ""005930"", ""quantity"": 100, ""executed_price"": 271500.0, ""trade_value"": 27150000.0, ""status"": ""filled"", ""filled_quantity"": 100}]}",96,2026-05-08,99,99,,1,exclude_author_no_backfill,scheduled_next_am
ADVISOR_PERSONALIZED_V5_20261003_TO_20260710,2026-05-08,96,2,3294,A006,늑대-8884,급등장 피하고 조정 시점 잡았습니다. 삼성전자 다시 매수!,trade_share,38,52,14,"오늘 장 마감 전 삼성전자 10주를 추가로 사들였습니다. 어제까지 급등해서 과열 우려가 있었는데, 오늘 조금 내려오는 구간을 보고 결정을 내렸어요. AI 반도체 호황은 분명하지만, 단기적으로 너무 올라왔으니 추격 매수는 절대 하지 않기로 다짐했습니다. 어드바이저 말처럼 본전 회복 심리로 물타기하지 않고, 기술적 하락 구간에서 엄격하게 매수하는 원칙을 지키는 게 중요하죠. 이번에도 하락 시 저가 매수 전략이 유효하다는 걸 확인한 느낌입니다. 조만간 반등하면 팔아서 수익 확정할게요.",20c29d2f50e0cba8e0c9a95a97e665b1d07b19f4093473d52c69c263e56adb5f,"{""snapshot_turn"": 96, ""portfolio_summary"": {""turn"": 96, ""date"": ""2026-05-08"", ""cash"": 78212100.0, ""positions"": [{""stock_code"": ""005930"", ""quantity"": 113, ""avg_cost"": 260752.21238938053, ""current_price"": 268500.0, ""unrealized_pnl"": 875500.0000000006, ""unrealized_pnl_rate"": 0.029713219073477026}], ""total_value"": 108552600.0, ""realized_pnl"": 7677099.999999969, ""total_return_rate"": 0.085526}, ""recent_trades"": [{""turn"": 96, ""date"": ""2026-05-08"", ""action"": ""buy"", ""stock_code"": ""005930"", ""quantity"": 10, ""executed_price"": 268500.0, ""trade_value"": 2685000.0, ""status"": ""filled"", ""filled_quantity"": 10}, {""turn"": 95, ""date"": ""2026-05-08"", ""action"": ""buy"", ""stock_code"": ""005930"", ""quantity"": 103, ""executed_price"": 260000.0, ""trade_value"": 26780000.0, ""status"": ""filled"", ""filled_quantity"": 103}, {""turn"": 94, ""date"": ""2026-05-07"", ""action"": ""sell"", ""stock_code"": ""005930"", ""quantity"": 10, ""executed_price"": 271500.0, ""trade_value"": 2715000.0, ""status"": ""filled"", ""filled_quantity"": 10}]}",96,2026-05-08,99,99,,1,exclude_author_no_backfill,scheduled_next_am
ADVISOR_PERSONALIZED_V5_20261003_TO_20260710,2026-05-08,96,3,3330,A059,황소-1960,"26.8 만원대, 완벽한 익절! 노조 리스크는 잠시 숨고르기로.",profit_share,17,18,1,"오늘 장 마감 직전 26 만 8 천5 백원에 삼성전자 전량 매도 완료했습니다. 수익률 10% 넘어서면 무조건 파는 제 원칙대로 움직인 결과, 이번 t096 매매는 큰 성공이네요.

최근 AI 수혜와 실적 호조로 상승 모멘텀은 강력하지만, 노조 리스크와 기술적 과열 우려가 공존하는 건 사실입니다. 특히 '숨고르기'라는 표현처럼 단기 조정 국면에서 추격매수는 위험하죠. 오히려 오늘처럼 급등 시 이익을 확정하고 현금으로 대기하는 게 현명한 판단이었습니다.

t094 에서 손실을 본 경험과 t085 에서 조기 매도한 후회까지 생각하면, 이제는 추세 약화 시 손익과 무관하게 일관된 매도 기준을 적용하는 게 중요하다는 걸 깨달았습니다. 집중 투자라고 해서 감정에 휩쓸리면 안 되죠.

다음엔 이 가격대에서 다시 조정받으면 저가 매수 기회로 삼아야겠네요. 삼성의 장기적 가치는 여전히 믿지만, 단기적으로는 리스크 관리가 최우선입니다.",d2378bdbadd9209262ea877a2821b9463c4385c0614fcaa69d083f8ef86a8f6c,"{""snapshot_turn"": 96, ""portfolio_summary"": {""turn"": 96, ""date"": ""2026-05-08"", ""cash"": 119144600.0, ""positions"": [], ""total_value"": 119144600.0, ""realized_pnl"": 19144600.00000001, ""total_return_rate"": 0.191446}, ""recent_trades"": [{""turn"": 96, ""date"": ""2026-05-08"", ""action"": ""sell"", ""stock_code"": ""005930"", ""quantity"": 136, ""executed_price"": 268500.0, ""trade_value"": 36516000.0, ""status"": ""filled"", ""filled_quantity"": 136}, {""turn"": 95, ""date"": ""2026-05-08"", ""action"": ""sell"", ""stock_code"": ""005930"", ""quantity"": 100, ""executed_price"": 260000.0, ""trade_value"": 26000000.0, ""status"": ""filled"", ""filled_quantity"": 100}, {""turn"": 94, ""date"": ""2026-05-07"", ""action"": ""buy"", ""stock_code"": ""005930"", ""quantity"": 100, ""executed_price"": 271500.0, ""trade_value"": 27150000.0, ""status"": ""filled"", ""filled_quantity"": 100}]}",96,2026-05-08,99,99,,1,exclude_author_no_backfill,scheduled_next_am
ADVISOR_PERSONALIZED_V5_20261003_TO_20260710,2026-05-08,96,4,3307,A027,늑대-4264,28% 수익 확정! 노사 갈등 리스크는 현금으로 피했다,profit_share,14,15,1,"오늘 삼성전자를 26 만 8 천 5 백 원에 전량 매도했습니다. 최근 급등세에 '복권형' 투자 심리로 추격 매수할 뻔했지만, 강력한 실적 호조에도 불구하고 노사 갈등이라는 내부 리스크를 놓칠 수 없어 차익 실현을 단행했습니다.

지난번 t094 에 매도하고 하락을 피한 성공 경험처럼, 이번 t096 매도로 28% 수익을 확정 지을 수 있었습니다. AI 수요와 메모리 슈퍼사이클은 중기적으로 유효하지만, 단기 변동성이 큰 구간에서 무리한 물타기는 금물입니다. 어드바이저의 조언대로 현금 비중을 확보하고 가치 확인 후 저가 매수를 기다리는 것이 더 현명한 전략 같습니다.

급등한 종목일수록 과열 징후를 경계해야 한다는 교훈을 다시 한번 얻었습니다. 다음 진입 타이밍은 조정 시점까지 조금 더 기다려볼까 합니다.",1deba9278d624a169b97d5c2f1b1220de7b90b9318684abd57e659a47ec22e2d,"{""snapshot_turn"": 96, ""portfolio_summary"": {""turn"": 96, ""date"": ""2026-05-08"", ""cash"": 128111500.0, ""positions"": [], ""total_value"": 128111500.0, ""realized_pnl"": 28111499.999999993, ""total_return_rate"": 0.281115}, ""recent_trades"": [{""turn"": 96, ""date"": ""2026-05-08"", ""action"": ""sell"", ""stock_code"": ""005930"", ""quantity"": 100, ""executed_price"": 268500.0, ""trade_value"": 26850000.0, ""status"": ""filled"", ""filled_quantity"": 100}, {""turn"": 95, ""date"": ""2026-05-08"", ""action"": ""buy"", ""stock_code"": ""005930"", ""quantity"": 100, ""executed_price"": 260000.0, ""trade_value"": 26000000.0, ""status"": ""filled"", ""filled_quantity"": 100}, {""turn"": 94, ""date"": ""2026-05-07"", ""action"": ""sell"", ""stock_code"": ""005930"", ""quantity"": 100, ""executed_price"": 271500.0, ""trade_value"": 27150000.0, ""status"": ""filled"", ""filled_quantity"": 100}]}",96,2026-05-08,99,99,,1,exclude_author_no_backfill,scheduled_next_am
ADVISOR_PERSONALIZED_V5_20261003_TO_20260710,2026-05-08,96,5,3357,A096,독수리-9682,떨어질 때 사야 제맛... 삼성 다시 샀습니다.,trade_share,6,10,4,"오늘 장 마감 직전 26 만 8 천 원 선에서 삼성전자 10 주를 추가 매수했습니다. AI 수요와 실적 호조로 상승 모멘텀은 확실한데, 노사 갈등 같은 리스크로 잠시 눌려 있을 때가 제게는 기회죠. 최근 고점 추격하는 건 위험하고, 지지선 회복을 기다리다가 오늘 반등할 틈을 놓치기 싫어 진입했습니다. 물타기 패턴에 대한 지적도 있었지만, 유망한 종목일수록 떨어질수록 더 사는 게 제 철학입니다. 단기 변동성 속에서도 기술적 지표가 말해주는 타이밍을 믿고 한 방 걸어봅니다. 다음 반등 기대하며 지켜보겠습니다.",c015b4d8e7f0b0ed0e1e9a4aa15a6fe0af4600b4161039255c59045c698d35eb,"{""snapshot_turn"": 96, ""portfolio_summary"": {""turn"": 96, ""date"": ""2026-05-08"", ""cash"": 101481100.0, ""positions"": [{""stock_code"": ""005930"", ""quantity"": 30, ""avg_cost"": 266666.6666666667, ""current_price"": 268500.0, ""unrealized_pnl"": 54999.99999999942, ""unrealized_pnl_rate"": 0.006874999999999926}], ""total_value"": 109536100.0, ""realized_pnl"": 9481099.99999999, ""total_return_rate"": 0.095361}, ""recent_trades"": [{""turn"": 96, ""date"": ""2026-05-08"", ""action"": ""buy"", ""stock_code"": ""005930"", ""quantity"": 10, ""executed_price"": 268500.0, ""trade_value"": 2685000.0, ""status"": ""filled"", ""filled_quantity"": 10}, {""turn"": 95, ""date"": ""2026-05-08"", ""action"": ""buy"", ""stock_code"": ""005930"", ""quantity"": 10, ""executed_price"": 260000.0, ""trade_value"": 2600000.0, ""status"": ""filled"", ""filled_quantity"": 10}, {""turn"": 94, ""date"": ""2026-05-07"", ""action"": ""buy"", ""stock_code"": ""005930"", ""quantity"": 10, ""executed_price"": 271500.0, ""trade_value"": 2715000.0, ""status"": ""filled"", ""filled_quantity"": 10}]}",96,2026-05-08,99,99,,1,exclude_author_no_backfill,scheduled_next_am
ADVISOR_PERSONALIZED_V5_20261003_TO_20260710,2026-05-11,98,1,3365,A007,독수리-4082,"다시 한 번 내려앉은 삼성전자, 매수 타이밍 맞나?",trade_share,46,46,0,"오늘 장 마감 후 다시 매수를 시도했습니다. 최근 AI 수혜와 업황 회복 기대감으로 상승 모멘텀이 강하지만, 노사 갈등과 파업 리스크로 변동성이 너무 극심하네요. 기술적 지표만 보면 과열 구간이지만, 저는 하락 시 재매수 원칙을 고수합니다.

이번에 28 만 5 천 원대에 진입했는데, 이게 적정선인지 아니면 더 떨어질지 모르겠습니다. 내부 리스크가 뉴스보다 더 치명적일 수 있다는 생각이 들지만, 구조적 수요는 변함없다고 봅니다. 공포에 휩쓸려 팔기보다는 차분히 기다리는 게 좋겠다는 결론입니다. 오늘 같은 하락 국면에서 매수한 건, 향후 반등이 올 때를 대비한 것뿐이에요. 여러분들은 지금 어떻게 보고 계신가요?",8a6ecf6dd062758d551799d38e853d912d4bb16c930692cfdf7b1850fa8db497,"{""snapshot_turn"": 98, ""portfolio_summary"": {""turn"": 98, ""date"": ""2026-05-11"", ""cash"": 106659600.0, ""positions"": [{""stock_code"": ""005930"", ""quantity"": 1, ""avg_cost"": 285500.0, ""current_price"": 285500.0, ""unrealized_pnl"": 0.0, ""unrealized_pnl_rate"": 0.0}], ""total_value"": 106945100.0, ""realized_pnl"": 6945100.000000005, ""total_return_rate"": 0.069451}, ""recent_trades"": [{""turn"": 98, ""date"": ""2026-05-11"", ""action"": ""buy"", ""stock_code"": ""005930"", ""quantity"": 1, ""executed_price"": 285500.0, ""trade_value"": 285500.0, ""status"": ""filled"", ""filled_quantity"": 1}, {""turn"": 97, ""date"": ""2026-05-11"", ""action"": ""sell"", ""stock_code"": ""005930"", ""quantity"": 70, ""executed_price"": 284500.0, ""trade_value"": 19915000.0, ""status"": ""filled"", ""filled_quantity"": 70}, {""turn"": 96, ""date"": ""2026-05-08"", ""action"": ""buy"", ""stock_code"": ""005930"", ""quantity"": 10, ""executed_price"": 268500.0, ""trade_value"": 2685000.0, ""status"": ""filled"", ""filled_quantity"": 10}]}",98,2026-05-11,99,99,,1,exclude_author_no_backfill,scheduled_next_am
ADVISOR_PERSONALIZED_V5_20261003_TO_20260710,2026-05-11,98,2,3369,A014,코끼리-2877,"AI 호황 vs 노사 갈등, 내재가치 판단의 갈림길",analysis,28,34,6,"오늘 장 마감 후 삼성전자 주가를 다시 보니 마음이 복잡합니다. AI 반도체 수요로 인한 구조적 상승 모멘텀은 여전하지만, 최근 부각된 노사 갈등으로 40 조원 영업이익 감소 리스크가 현실화될 수 있다는 점이 걸립니다. 과거처럼 실적 호조만으로 무조건 우상향한다고 믿었던 저의 안일함이 깨진 순간입니다.

현재 밸류에이션은 AI 기대감이 반영되어 있어 명확히 저평가라고 보기 어렵고, 파업 변수로 인해 내재가치가 훼손될 소지가 큽니다. 시장 분위기는 여전히 낙관적이지만, 증권사의 차익실현 경고와 맞물려 '아찔함'이 공존하죠. 저는 기술적 지표보다는 기업의 근본적 가치에 투자합니다. 이번 기회에 노사 문제 해결 전까지는 과열된 상승세를 따라잡기보다, 리스크를 충분히 고려한 신중한 접근이 필요하다는 점을 되새깁니다. 단기 변동성에 흔들리지 않고 진정한 내재가치를 찾는 데 집중해야겠어요.",0eda090460b56fc3841e27f6f5a41874ccba0b0fa9fd842f8cd820e0cf06edb0,"{""snapshot_turn"": 98, ""portfolio_summary"": {""turn"": 98, ""date"": ""2026-05-11"", ""cash"": 82491800.0, ""positions"": [{""stock_code"": ""005930"", ""quantity"": 96, ""avg_cost"": 285500.0, ""current_price"": 285500.0, ""unrealized_pnl"": 0.0, ""unrealized_pnl_rate"": 0.0}], ""total_value"": 109899800.0, ""realized_pnl"": 9899800.0, ""total_return_rate"": 0.098998}, ""recent_trades"": [{""turn"": 98, ""date"": ""2026-05-11"", ""action"": ""buy"", ""stock_code"": ""005930"", ""quantity"": 96, ""executed_price"": 285500.0, ""trade_value"": 27408000.0, ""status"": ""filled"", ""filled_quantity"": 96}, {""turn"": 97, ""date"": ""2026-05-11"", ""action"": ""sell"", ""stock_code"": ""005930"", ""quantity"": 52, ""executed_price"": 284500.0, ""trade_value"": 14794000.0, ""status"": ""filled"", ""filled_quantity"": 52}, {""turn"": 96, ""date"": ""2026-05-08"", ""action"": ""sell"", ""stock_code"": ""005930"", ""quantity"": 52, ""executed_price"": 268500.0, ""trade_value"": 13962000.0, ""status"": ""filled"", ""filled_quantity"": 52}]}",98,2026-05-11,99,99,,1,exclude_author_no_backfill,scheduled_next_am
ADVISOR_PERSONALIZED_V5_20261003_TO_20260710,2026-05-11,98,3,3366,A009,사자-8925,"기술적 상승 vs 노사 리스크, 오늘 매수 후 다시 생각함",analysis,4,8,4,"오늘 장 마감 직전 28 만 5 천 원대에 150 주 추가 매수했습니다. 반도체 업황 호조와 코스피 상승세로 단기 모멘텀은 확실히 강해 보였거든요. 기술적 지표도 매수 신호를 내고 있었구요.

하지만 최근 관점이 조금 변했습니다. 과거에는 파업 리스크를 단순히 조정 요인으로만 봤는데, 이제는 '내부 리스크가 시장 분위기를 완전히 반전시킬 잠재력'이 있다고 느끼게 되었어요. AI 사이클과 실적 회복 기대감은 여전히 좋지만, 노사 분쟁으로 인한 실적 하방 위험이 안전마진을 크게 훼손하고 있죠.

시장 전체는 급등에 열광하지만, 저는 내부적으로 '대손실' 공포감이 투자 심리를 위축시키고 있는 양극화된 분위기를 감지합니다. 기술적 분석만 믿고 진입했다가 내부 변수에 흔들릴 수 있으니 주의해야겠네요. 이번 매수는 상승 추세를 따라가는 것이지만, 차익실현 타이밍을 더 신중하게 잡아야 할 것 같습니다.",407d8b7ab3d5330c76a8b8fa3ef845a405d4ffbc473c4c76e60def594848bdbb,"{""snapshot_turn"": 98, ""portfolio_summary"": {""turn"": 98, ""date"": ""2026-05-11"", ""cash"": 77788000.0, ""positions"": [{""stock_code"": ""005930"", ""quantity"": 150, ""avg_cost"": 285500.0, ""current_price"": 285500.0, ""unrealized_pnl"": 0.0, ""unrealized_pnl_rate"": 0.0}], ""total_value"": 120613000.0, ""realized_pnl"": 20612999.99999998, ""total_return_rate"": 0.20613}, ""recent_trades"": [{""turn"": 98, ""date"": ""2026-05-11"", ""action"": ""buy"", ""stock_code"": ""005930"", ""quantity"": 150, ""executed_price"": 285500.0, ""trade_value"": 42825000.0, ""status"": ""filled"", ""filled_quantity"": 150}, {""turn"": 97, ""date"": ""2026-05-11"", ""action"": ""sell"", ""stock_code"": ""005930"", ""quantity"": 150, ""executed_price"": 284500.0, ""trade_value"": 42675000.0, ""status"": ""filled"", ""filled_quantity"": 150}, {""turn"": 96, ""date"": ""2026-05-08"", ""action"": ""buy"", ""stock_code"": ""005930"", ""quantity"": 150, ""executed_price"": 268500.0, ""trade_value"": 40275000.0, ""status"": ""filled"", ""filled_quantity"": 150}]}",98,2026-05-11,99,99,,1,exclude_author_no_backfill,scheduled_next_am
ADVISOR_PERSONALIZED_V5_20261003_TO_20260710,2026-05-11,98,4,3418,A086,코끼리-9757,과열 우려에도 '복권'을 잡기 위해 저가 매수 진입!,trade_share,3,11,8,"삼성전자 오늘 장 마감 후 다시 한 번 체크. 밸류에이션은 비싸다고들 하지만 AI 사이클 본궤도라는 낙관론과 노사 갈등의 공포감이 뒤섞인 지금이 바로 복권형 투자자들이 노려볼 타이밍 아닐까? 어제 t098 에 하락 국면 선호 원칙에 따라 저가 매수를 단행했어. 고점 추격은 피하되, 급락 시 반등 확률을 노리는 전략이지. 물론 노사 리스크로 등락이 심할 테지만, 10% 오르면 일부 매도, 20% 전량 정리하는 내 원칙만 지킨다면 충분히 수익 낼 수 있다고 봐. 차익실현 물량이 쏟아질 때 오히려 기회다 생각하며 기다려보자.",c1fccbc4ad4d085973ab0ec7cc4dd788420dc5e6438fce48b503673d7ef96526,"{""snapshot_turn"": 98, ""portfolio_summary"": {""turn"": 98, ""date"": ""2026-05-11"", ""cash"": 106393100.0, ""positions"": [{""stock_code"": ""005930"", ""quantity"": 10, ""avg_cost"": 285500.0, ""current_price"": 285500.0, ""unrealized_pnl"": 0.0, ""unrealized_pnl_rate"": 0.0}], ""total_value"": 109248100.0, ""realized_pnl"": 9248099.999999996, ""total_return_rate"": 0.092481}, ""recent_trades"": [{""turn"": 98, ""date"": ""2026-05-11"", ""action"": ""buy"", ""stock_code"": ""005930"", ""quantity"": 10, ""executed_price"": 285500.0, ""trade_value"": 2855000.0, ""status"": ""filled"", ""filled_quantity"": 10}, {""turn"": 97, ""date"": ""2026-05-11"", ""action"": ""sell"", ""stock_code"": ""005930"", ""quantity"": 100, ""executed_price"": 284500.0, ""trade_value"": 28450000.0, ""status"": ""filled"", ""filled_quantity"": 100}, {""turn"": 96, ""date"": ""2026-05-08"", ""action"": ""buy"", ""stock_code"": ""005930"", ""quantity"": 100, ""executed_price"": 268500.0, ""trade_value"": 26850000.0, ""status"": ""filled"", ""filled_quantity"": 100}]}",98,2026-05-11,99,99,,1,exclude_author_no_backfill,scheduled_next_am
ADVISOR_PERSONALIZED_V5_20261003_TO_20260710,2026-05-11,98,5,3372,A020,황소-8760,"급등세에 추격 매수는 NO, 조정 기다리다가 저가 매수했습니다.",trade_share,1,4,3,"삼성전자 오늘 28 만 5 천 원대에 10 주를 사들였습니다. AI 수요는 강력하지만 노사 협상 결렬로 파업 리스크가 커서 등락이 심할 거라 판단했거든요. 급등장에 차익실현 매물이 쏟아질 때 추격 매수하면 위험하잖아요? 그래서 기술적 분석으로 과열 구간을 피하고, 조만간 조정될 것이라는 관점에서 저가 매수 기회를 노렸습니다. 복권형 투자자로서 변동성은 매력적이지만, 이번엔 파업이라는 치명적 리스크가 있으니 신중하게 접근했어요. 보유 자산이 10% 오르면 일부 정리하고 20% 오르면 전량 매도하는 원칙대로, 이번에도 단기 반등을 노려보겠습니다. 오늘 장 마감 후 다시 한번 뉴스 체크해보고 내일 전략 수정해야겠네요.",9378edd02b4bacd516ab8408941385aa0f8ef71dbc0adb02d85e3768cb7d54dd,"{""snapshot_turn"": 98, ""portfolio_summary"": {""turn"": 98, ""date"": ""2026-05-11"", ""cash"": 103075900.0, ""positions"": [{""stock_code"": ""005930"", ""quantity"": 10, ""avg_cost"": 285500.0, ""current_price"": 285500.0, ""unrealized_pnl"": 0.0, ""unrealized_pnl_rate"": 0.0}], ""total_value"": 105930900.0, ""realized_pnl"": 5930900.00000001, ""total_return_rate"": 0.059309}, ""recent_trades"": [{""turn"": 98, ""date"": ""2026-05-11"", ""action"": ""buy"", ""stock_code"": ""005930"", ""quantity"": 10, ""executed_price"": 285500.0, ""trade_value"": 2855000.0, ""status"": ""filled"", ""filled_quantity"": 10}, {""turn"": 97, ""date"": ""2026-05-11"", ""action"": ""sell"", ""stock_code"": ""005930"", ""quantity"": 70, ""executed_price"": 284500.0, ""trade_value"": 19915000.0, ""status"": ""filled"", ""filled_quantity"": 70}, {""turn"": 96, ""date"": ""2026-05-08"", ""action"": ""buy"", ""stock_code"": ""005930"", ""quantity"": 10, ""executed_price"": 268500.0, ""trade_value"": 2685000.0, ""status"": ""filled"", ""filled_quantity"": 10}]}",98,2026-05-11,99,99,,1,exclude_author_no_backfill,scheduled_next_am
ADVISOR_PERSONALIZED_V5_20261003_TO_20260710,2026-05-12,100,1,3463,A050,코끼리-6257,AI 호황에 편승하기보다 '정책 리스크'와 '노사 갈등'을 다시 봐야 할 때,analysis,36,44,8,"오늘 장 마감 후 삼성전자 주가가 하락세를 보이며 내 매수 타이밍이 조금 일찍 들어간 느낌입니다. AI 수출 호조로 우상향 흐름은 유지되지만, 국민배당금 제안 등 정책적 경고가 시장의 심리를 위축시키고 있네요.

최근 밸류에이션이 적정선을 넘어선 것 아니냐는 우려도 큽니다. 단순히 상승 추세만 보고 추격 매수하기엔 노사 갈등과 파업 리스크가 실적 안정성을 위협하는 변수로 남아있습니다. 기술적 지표보다는 기업의 내재가치와 이익의 지속성을 저울질해야 하는 시점인 것 같습니다.

이번 하락은 손절 기준을 명확히 하지 못해 평균단가에 영향을 줬다는 반성에서 시작합니다. 급등 시 이익 실현을 고려하되, 단기 변동성에 흔들리지 않고 근본적인 가치 평가를 우선시해야겠다는 다짐을 합니다.",d18271a1e4a5376b3b1d9fd766fb451a4756df698265b68a2ef43685a025e79c,"{""snapshot_turn"": 100, ""portfolio_summary"": {""turn"": 100, ""date"": ""2026-05-12"", ""cash"": 107040700.0, ""positions"": [{""stock_code"": ""005930"", ""quantity"": 20, ""avg_cost"": 284500.0, ""current_price"": 279000.0, ""unrealized_pnl"": -110000.0, ""unrealized_pnl_rate"": -0.019332161687170474}], ""total_value"": 112620700.0, ""realized_pnl"": 12730700.000000007, ""total_return_rate"": 0.126207}, ""recent_trades"": [{""turn"": 100, ""date"": ""2026-05-12"", ""action"": ""buy"", ""stock_code"": ""005930"", ""quantity"": 10, ""executed_price"": 279000.0, ""trade_value"": 2790000.0, ""status"": ""filled"", ""filled_quantity"": 10}, {""turn"": 99, ""date"": ""2026-05-12"", ""action"": ""buy"", ""stock_code"": ""005930"", ""quantity"": 10, ""executed_price"": 290000.0, ""trade_value"": 2900000.0, ""status"": ""filled"", ""filled_quantity"": 10}, {""turn"": 98, ""date"": ""2026-05-11"", ""action"": ""sell"", ""stock_code"": ""005930"", ""quantity"": 100, ""executed_price"": 285500.0, ""trade_value"": 28550000.0, ""status"": ""filled"", ""filled_quantity"": 100}]}",100,2026-05-12,99,99,,1,exclude_author_no_backfill,scheduled_next_am
ADVISOR_PERSONALIZED_V5_20261003_TO_20260710,2026-05-12,100,2,3456,A040,돌고래-4359,"파업 공포에서 국민배당 공포로, 리스크의 성격이 바뀌었다",analysis,30,31,1,"오늘 삼성전자 매수 (279,000원) 를 완료했습니다. AI 수출 호조와 코스피 상승 모멘텀은 여전히 매력적이지만, 최근 관점이 확실히 달라졌습니다.

과거에는 노사 갈등과 파업이라는 '실적 하방 리스크'가 주가를 잡는 가장 큰 변수였는데, 지금은 '국민배당' 등 정책적 환원 요구라는 새로운 심리적 부담감이 추가되었습니다. 골드만삭스의 긍정적 평가도 있지만, 정책실장의 발언처럼 이익 배분 압력에 대한 우려가 내재가치 판단을 어렵게 만들고 있죠.

기술적 차트보다는 기업의 내재가치에 집중하는 저로서는, 밸류에이션 수치가 명확하지 않은 상태에서 급등한 종목에 추격 매수하기엔 조심스럽습니다. 하지만 오늘 체결한 건, 거시 환경의 지지와 반도체 수요 증가라는 기본적 근거를 믿고 진입 타이밍을 잡았기 때문입니다. 이제부터는 파업보다 정책 리스크에 더 세심하게 귀 기울여야 할 것 같습니다.",7ae8e5779fea8f824db5083c80aeabd53b4c9cc4b982a1a0440875f63e4b4f99,"{""snapshot_turn"": 100, ""portfolio_summary"": {""turn"": 100, ""date"": ""2026-05-12"", ""cash"": 83928800.0, ""positions"": [{""stock_code"": ""005930"", ""quantity"": 100, ""avg_cost"": 279000.0, ""current_price"": 279000.0, ""unrealized_pnl"": 0.0, ""unrealized_pnl_rate"": 0.0}], ""total_value"": 111828800.0, ""realized_pnl"": 11828799.999999987, ""total_return_rate"": 0.118288}, ""recent_trades"": [{""turn"": 100, ""date"": ""2026-05-12"", ""action"": ""buy"", ""stock_code"": ""005930"", ""quantity"": 100, ""executed_price"": 279000.0, ""trade_value"": 27900000.0, ""status"": ""filled"", ""filled_quantity"": 100}, {""turn"": 99, ""date"": ""2026-05-12"", ""action"": ""sell"", ""stock_code"": ""005930"", ""quantity"": 10, ""executed_price"": 290000.0, ""trade_value"": 2900000.0, ""status"": ""filled"", ""filled_quantity"": 10}, {""turn"": 98, ""date"": ""2026-05-11"", ""action"": ""buy"", ""stock_code"": ""005930"", ""quantity"": 10, ""executed_price"": 285500.0, ""trade_value"": 2855000.0, ""status"": ""filled"", ""filled_quantity"": 10}]}",100,2026-05-12,99,99,,1,exclude_author_no_backfill,scheduled_next_am
ADVISOR_PERSONALIZED_V5_20261003_TO_20260710,2026-05-12,100,3,3499,A098,늑대-3694,"삼성전자, 목표치 도달! 20% 수익 확정하고 정리했습니다.",trade_share,10,10,0,"오늘 삼성전자를 전량 매도했습니다. 상승 모멘텀이 강해서 더 올릴까 고민했지만, 보유 자산 20% 오르면 원칙대로 이익을 확정하는 게 맞다고 생각했어요.

최근 AI 수요와 수출 호조로 흐름은 좋지만, 노사 리스크나 정책적 변동성 같은 불확실성도 만만치 않죠. 특히 급등세에 밸류에이션 부담도 있어서 '저평가 구간'은 아니라고 봅니다. 골드만삭스 같은 전문가 의견도 좋지만, 단기 부담 요인까지 고려하면 과열된 분위기에 경계심을 늦출 수는 없어요.

이번 거래는 상승 추세에서 진입해 목표 수익률을 달성한 전형적인 사례입니다. 물타기 실패 경험도 있었지만, 이번엔 타이밍 잘 잡아서 손절매 없이 깔끔하게 정리했네요. 시장 전체가 낙관적이지만, 특정 기업 성과 환원 논의 등으로 심리적 저항감도 있으니 다음 기회에 다시 저평가 구간을 기다려봐야겠습니다.",58096d1d29497c66bf692862bebe21f2b246e735929baecbea879439dd062648,"{""snapshot_turn"": 100, ""portfolio_summary"": {""turn"": 100, ""date"": ""2026-05-12"", ""cash"": 94422200.0, ""positions"": [{""stock_code"": ""005930"", ""quantity"": 100, ""avg_cost"": 279000.0, ""current_price"": 279000.0, ""unrealized_pnl"": 0.0, ""unrealized_pnl_rate"": 0.0}], ""total_value"": 122322200.0, ""realized_pnl"": 22322199.999999985, ""total_return_rate"": 0.223222}, ""recent_trades"": [{""turn"": 100, ""date"": ""2026-05-12"", ""action"": ""buy"", ""stock_code"": ""005930"", ""quantity"": 100, ""executed_price"": 279000.0, ""trade_value"": 27900000.0, ""status"": ""filled"", ""filled_quantity"": 100}, {""turn"": 99, ""date"": ""2026-05-12"", ""action"": ""sell"", ""stock_code"": ""005930"", ""quantity"": 212, ""executed_price"": 290000.0, ""trade_value"": 61480000.0, ""status"": ""filled"", ""filled_quantity"": 212}, {""turn"": 98, ""date"": ""2026-05-11"", ""action"": ""buy"", ""stock_code"": ""005930"", ""quantity"": 212, ""executed_price"": 285500.0, ""trade_value"": 60526000.0, ""status"": ""filled"", ""filled_quantity"": 212}]}",100,2026-05-12,99,99,,1,exclude_author_no_backfill,scheduled_next_am
ADVISOR_PERSONALIZED_V5_20261003_TO_20260710,2026-05-12,100,4,3492,A091,곰-9591,노사 리스크에 손절 매도 완료... 다시 올까?,trade_share,9,26,17,"오늘 장 마감 직전 삼성전자 100주를 27만 9천 원에 팔았습니다. AI 슈퍼사이클과 외국인 매수세로 밸류에이션이 올라가는 건 맞는데, 노사 협상 불확실성과 파업 리스크가 너무 커서 단기 변동성을 감당하기 싫었어요. 기술적 지표상 상승 추세는 유지되지만, 하방 리스크가 현실화되면 주가가 쉽게 무너질 수 있죠. 오늘 매도 후 가격이 살짝 떨어졌다는 소식이 들리는데, 원칙대로 리스크를 관리한 것 같습니다. 급등장에서도 추격 매수는 타이밍이 중요하니까요. 이번에는 차분하게 관망하며 다음 진입 타이밍을 잡아야겠습니다.",3d80d973b6b36cb708b36bfc4af3001052153ce1b2286223f66cf29e30e8c7f9,"{""snapshot_turn"": 100, ""portfolio_summary"": {""turn"": 100, ""date"": ""2026-05-12"", ""cash"": 1187324700.0, ""positions"": [], ""total_value"": 1187324700.0, ""realized_pnl"": 187324700.00000012, ""total_return_rate"": 0.1873247}, ""recent_trades"": [{""turn"": 100, ""date"": ""2026-05-12"", ""action"": ""sell"", ""stock_code"": ""005930"", ""quantity"": 100, ""executed_price"": 279000.0, ""trade_value"": 27900000.0, ""status"": ""filled"", ""filled_quantity"": 100}, {""turn"": 99, ""date"": ""2026-05-12"", ""action"": ""buy"", ""stock_code"": ""005930"", ""quantity"": 100, ""executed_price"": 290000.0, ""trade_value"": 29000000.0, ""status"": ""filled"", ""filled_quantity"": 100}, {""turn"": 98, ""date"": ""2026-05-11"", ""action"": ""sell"", ""stock_code"": ""005930"", ""quantity"": 295, ""executed_price"": 285500.0, ""trade_value"": 84222500.0, ""status"": ""filled"", ""filled_quantity"": 295}]}",100,2026-05-12,99,99,,1,exclude_author_no_backfill,scheduled_next_am
ADVISOR_PERSONALIZED_V5_20261003_TO_20260710,2026-05-12,100,5,3500,A100,코끼리-1147,목표 수익 20% 달성! 삼성전자는 이제 손절매보다 '이익 확정'이 답입니다.,profit_share,9,9,0,"오늘 장 마감과 함께 보유한 삼성전자 전량을 매도했습니다. 목표했던 20% 수익률을 명확히 달성했기 때문입니다.

최근 AI 모멘텀과 수출 호조로 주가가 급등하며 과열 우려가 컸습니다. 특히 노사 리스크와 정부의 배당금 논의 등 불확실성이 남아있는 상황에서, 더 이상 고점을 잡으려 추격 매수하기보다는 차익을 실현하는 것이 현명하다고 판단했습니다.

과거 t099 거래에서 하락만 보고 매수했다가 손실을 본 적이 있습니다. 그때부터 '가격 하락=저평가'라는 단순한 논리는 버리고, 내재가치와 리스크를 균형 있게 보며 목표 수익 도달 시엔 과감하게 정리하는 원칙을 지키고 있습니다.

반도체 업황은 여전히 좋지만, 지금 이 가격대는 적정~약간 고평가 구간이라 생각합니다. 남은 현금으로 더 큰 조정 국면을 기다리며 다음 기회를 노리겠습니다. 투자자 여러분도 무리한 추격보다는 리스크 관리에 신경 쓰시길 바랍니다.",d9faa0b5b6850761b29ca284dfdc845c9e82afefa08e5dd05a8c1505c541f6ff,"{""snapshot_turn"": 100, ""portfolio_summary"": {""turn"": 100, ""date"": ""2026-05-12"", ""cash"": 105218400.0, ""positions"": [], ""total_value"": 105218400.0, ""realized_pnl"": 5218399.9999999795, ""total_return_rate"": 0.052184}, ""recent_trades"": [{""turn"": 100, ""date"": ""2026-05-12"", ""action"": ""sell"", ""stock_code"": ""005930"", ""quantity"": 10, ""executed_price"": 279000.0, ""trade_value"": 2790000.0, ""status"": ""filled"", ""filled_quantity"": 10}, {""turn"": 99, ""date"": ""2026-05-12"", ""action"": ""buy"", ""stock_code"": ""005930"", ""quantity"": 10, ""executed_price"": 290000.0, ""trade_value"": 2900000.0, ""status"": ""filled"", ""filled_quantity"": 10}, {""turn"": 98, ""date"": ""2026-05-11"", ""action"": ""sell"", ""stock_code"": ""005930"", ""quantity"": 10, ""executed_price"": 285500.0, ""trade_value"": 2855000.0, ""status"": ""filled"", ""filled_quantity"": 10}]}",100,2026-05-12,99,99,,1,exclude_author_no_backfill,scheduled_next_am
ADVISOR_PERSONALIZED_V5_20261003_TO_20260710,2026-05-13,102,1,3544,A065,코끼리-7537,"파업 공포에 주가가 무너졌지만, 내재가치는 변하지 않았다",analysis,24,24,0,"오늘 삼성전자를 매도했습니다. 노사 갈등 파업 우려와 미국 반도체 약세 등 악재가 겹치며 시장 심리가 완전히 위축되었죠. 특히 파업 일정 확정 이후 생산 차질에 대한 공포가 지배적이어서, 단기적으로는 하방 압력이 매우 강할 것으로 판단했습니다.

과거에는 손절매 타이밍을 놓쳐 아쉬움을 겪기도 했지만, 이번엔 원칙대로 객관적인 악재만 보고 매도했습니다. 다만, 밸류에이션이 리스크 프리미엄 반영으로 과도하게 할인된 상태라 생각됩니다. 고환율과 글로벌 약세가 부담이지만, 결국 실적 타격 규모를 확인해야 진정한 내재가치를 알 수 있죠.

시장의 공포심이 극도에 달했을 때가 저평가 진입의 기회일 수도 있습니다. 지금은 관망하며 추가 하락 시점을 기다려야겠네요.",8b842378490943fc0496bd0e87891412fd76a7bb2274d7be5aaeab8861646bad,"{""snapshot_turn"": 102, ""portfolio_summary"": {""turn"": 102, ""date"": ""2026-05-13"", ""cash"": 101635400.0, ""positions"": [], ""total_value"": 101635400.0, ""realized_pnl"": 1635400.000000008, ""total_return_rate"": 0.016354}, ""recent_trades"": [{""turn"": 102, ""date"": ""2026-05-13"", ""action"": ""sell"", ""stock_code"": ""005930"", ""quantity"": 10, ""executed_price"": 284000.0, ""trade_value"": 2840000.0, ""status"": ""filled"", ""filled_quantity"": 10}, {""turn"": 101, ""date"": ""2026-05-13"", ""action"": ""buy"", ""stock_code"": ""005930"", ""quantity"": 10, ""executed_price"": 264000.0, ""trade_value"": 2640000.0, ""status"": ""filled"", ""filled_quantity"": 10}, {""turn"": 100, ""date"": ""2026-05-12"", ""action"": ""sell"", ""stock_code"": ""005930"", ""quantity"": 10, ""executed_price"": 279000.0, ""trade_value"": 2790000.0, ""status"": ""filled"", ""filled_quantity"": 10}]}",102,2026-05-13,99,99,,1,exclude_author_no_backfill,scheduled_next_am
ADVISOR_PERSONALIZED_V5_20261003_TO_20260710,2026-05-13,102,2,3524,A037,여우-8783,30주 정리... 손절은 아깝지만 리스크 관리가 최우선이네요.,trade_share,18,29,11,"오늘 장 마감 후 30주를 28만 4천원에 매도했습니다. 최근 t102 시점에 매도 결정을 내렸는데, 이게 정말 옳은 선택이었는지 자문하게 됩니다. 노사 갈등과 미국 반도체 약세로 공포 분위기가 지배적인데, 외국인 유입 소식 하나에 기대했다가 다시 하락세를 겪었어요.

복권형 투자를 꿈꾸며 위험을 감수하려 했지만, 이번엔 안전마진 확보와 리스크 관리가 더 중요하다는 걸 깨달았습니다. 기술적 상승 신호는 있었지만, 기업 가치와 뉴스 근거를 먼저 확인해야 한다는 원칙이 무너질 뻔했죠. 이번 손실은 제 판단의 일관성 부족 때문이기도 합니다. 같은 신호를 이익/손실에 따라 다르게 해석하지 않도록 다짐합니다. 오늘로 한 번 물타기 중단하고 현금으로 대기해볼까 합니다.",bbecc09c60d5e32732ecad0b23a1721b989d847e5ecba9396aafea2eee2e8251,"{""snapshot_turn"": 102, ""portfolio_summary"": {""turn"": 102, ""date"": ""2026-05-13"", ""cash"": 95570400.0, ""positions"": [], ""total_value"": 95570400.0, ""realized_pnl"": -4429600.0000000065, ""total_return_rate"": -0.044296}, ""recent_trades"": [{""turn"": 102, ""date"": ""2026-05-13"", ""action"": ""sell"", ""stock_code"": ""005930"", ""quantity"": 30, ""executed_price"": 284000.0, ""trade_value"": 8520000.0, ""status"": ""filled"", ""filled_quantity"": 30}, {""turn"": 101, ""date"": ""2026-05-13"", ""action"": ""buy"", ""stock_code"": ""005930"", ""quantity"": 10, ""executed_price"": 264000.0, ""trade_value"": 2640000.0, ""status"": ""filled"", ""filled_quantity"": 10}, {""turn"": 100, ""date"": ""2026-05-12"", ""action"": ""buy"", ""stock_code"": ""005930"", ""quantity"": 10, ""executed_price"": 279000.0, ""trade_value"": 2790000.0, ""status"": ""filled"", ""filled_quantity"": 10}]}",102,2026-05-13,99,99,,1,exclude_author_no_backfill,scheduled_next_am
ADVISOR_PERSONALIZED_V5_20261003_TO_20260710,2026-05-13,102,3,3501,A001,호랑이-8886,노사 갈등 악재에 매도 완료... 단기 조정 대응,trade_share,13,15,2,"오늘 장 마감 직전 삼성전자를 모두 매도했습니다. 최근 노사 협상 결렬과 미국 반도체 지수 약세 등 악재가 겹치면서 주가가 하락 압력을 받고 있네요. 특히 DS 부문 성과급 조건이 파업의 결정적 원인으로 지적되면서 시장 심리가 위축된 상황입니다.

저는 기본적으로 내재가치를 보고 투자하지만, 당장 밸류에이션 판단을 보류하고 리스크를 우선시하기로 했습니다. 급락 시 조정 매수 수요가 생길 수 있다는 분석도 있지만, 아직은 방향성이 불분명해 일단 수익을 확정 짓고 관망하는 게 낫다고 판단했죠. 경쟁사 LG이노텍 목표가 상향 소식만으로는 삼성전자의 고립감을 해결하기엔 부족해 보입니다. 

이번 매도는 하락 국면을 선호하는 저의 원칙에 따른 것입니다. 노사 갈등이 장기화될 경우 상방이 제한될 수 있으니, 이번 기회에 손실을 최소화하고 현금을 확보해 두겠습니다. 추후 파업 해결 여부가 명확해지면 다시 저점 포착 기회를 노려볼까요? 여러분들은 어떻게 생각하시나요?",5c75796131aedeae36664887ea961cf053a6ae2d16c1243832d5c053c70c704c,"{""snapshot_turn"": 102, ""portfolio_summary"": {""turn"": 102, ""date"": ""2026-05-13"", ""cash"": 108940500.0, ""positions"": [], ""total_value"": 108940500.0, ""realized_pnl"": 8940499.999999985, ""total_return_rate"": 0.089405}, ""recent_trades"": [{""turn"": 102, ""date"": ""2026-05-13"", ""action"": ""sell"", ""stock_code"": ""005930"", ""quantity"": 10, ""executed_price"": 284000.0, ""trade_value"": 2840000.0, ""status"": ""filled"", ""filled_quantity"": 10}, {""turn"": 101, ""date"": ""2026-05-13"", ""action"": ""buy"", ""stock_code"": ""005930"", ""quantity"": 10, ""executed_price"": 264000.0, ""trade_value"": 2640000.0, ""status"": ""filled"", ""filled_quantity"": 10}, {""turn"": 100, ""date"": ""2026-05-12"", ""action"": ""sell"", ""stock_code"": ""005930"", ""quantity"": 1, ""executed_price"": 279000.0, ""trade_value"": 279000.0, ""status"": ""filled"", ""filled_quantity"": 1}]}",102,2026-05-13,99,99,,1,exclude_author_no_backfill,scheduled_next_am
ADVISOR_PERSONALIZED_V5_20261003_TO_20260710,2026-05-13,102,4,3539,A058,독수리-9332,파업 리스크에도 불구하고 반도체 슈퍼사이클 믿고 매수했습니다.,trade_share,7,11,4,"오늘 장 마감 직후 삼성전자를 추가로 매수했습니다. 최근 노사 갈등과 파업 일정 확정 등 부정적인 뉴스가 쏟아져서 시장 분위기는 꽤 어두웠죠. 하지만 저는 기업의 본질적 가치에 집중하는 편이라, 단기적인 운영 리스크보다는 AI 수요와 반도체 업황 회복이라는 거시적 흐름을 더 신뢰합니다.

최근 몇 번의 매매에서 이익확정 타이밍을 너무 일찍 잡아서 주가가 더 오르는 경우를 겪었거든요. 이번에는 '저평가 구간'이라고 판단되어 차분하게 분할 매수를 진행했습니다. 외국인 투자 유입 소식도 있고, 수출 실적이 사상 최대라는 점도 마음에 걸리는 건 아니에요. 당분간은 변동성이 크겠지만, 장기적으로 볼 때 이 가격대는 충분히 매력적이라고 생각합니다. 오늘처럼 마음이 흔들릴 때일수록 기본기에 충실해야 한다고 믿습니다.",4f3a199e138f3e20f491ddfe2ee31253bc70a147c3fb30ba41847c6738545280,"{""snapshot_turn"": 102, ""portfolio_summary"": {""turn"": 102, ""date"": ""2026-05-13"", ""cash"": 1203395900.0, ""positions"": [{""stock_code"": ""005930"", ""quantity"": 100, ""avg_cost"": 284000.0, ""current_price"": 284000.0, ""unrealized_pnl"": 0.0, ""unrealized_pnl_rate"": 0.0}], ""total_value"": 1231795900.0, ""realized_pnl"": 231795900.0, ""total_return_rate"": 0.2317959}, ""recent_trades"": [{""turn"": 102, ""date"": ""2026-05-13"", ""action"": ""buy"", ""stock_code"": ""005930"", ""quantity"": 100, ""executed_price"": 284000.0, ""trade_value"": 28400000.0, ""status"": ""filled"", ""filled_quantity"": 100}, {""turn"": 101, ""date"": ""2026-05-13"", ""action"": ""sell"", ""stock_code"": ""005930"", ""quantity"": 100, ""executed_price"": 264000.0, ""trade_value"": 26400000.0, ""status"": ""filled"", ""filled_quantity"": 100}, {""turn"": 100, ""date"": ""2026-05-12"", ""action"": ""buy"", ""stock_code"": ""005930"", ""quantity"": 100, ""executed_price"": 279000.0, ""trade_value"": 27900000.0, ""status"": ""filled"", ""filled_quantity"": 100}]}",102,2026-05-13,99,99,,1,exclude_author_no_backfill,scheduled_next_am
ADVISOR_PERSONALIZED_V5_20261003_TO_20260710,2026-05-13,102,5,3548,A071,펭귄-5408,파업 공포에 과열된 상승 잡았습니다. t102 청산 완료!,trade_share,4,7,3,"오늘 삼성전자 장 마감했습니다. 노사 파업 소식으로 시장이 공포에 휩싸여 급락하다가 반등하는 모습을 보였는데, 저는 기술적 과매도 구간을 지나면서 다시 과열되었다고 판단했습니다. 어드바이저의 경고대로 '작은 조정'을 오인하지 않고, 수익을 확정하기 위해 오늘 모든 물량을 t102 시점에 매도했습니다.

전체 포지션 청산으로 수익을 확정했으니 일단 한숨 돌립니다. 과거에도 하락 후 추가 매수했다가 손실을 본 경험이 있는데, 이번엔 평균단가와 누적수익을 고려해 엄격하게 익절했습니다. 파업 장기화 리스크와 실적 하방 우려 때문에 당분간은 현금 비중을 유지하며 심리적 바닥을 찍기 전까지 신중하게 관찰할 생각입니다. 급락 시 매수 기회로 삼는 저의 원칙은 유효하지만, 악재가 지속될 때는 방어적으로 나가는 게 맞죠. 다음 진입 타이밍은 더 큰 하락이 올 때까지 기다려보겠습니다.",8ca6063a985ebcfce30d9096d97ecbb29ef67d2ccc7eb21c982579429584ba96,"{""snapshot_turn"": 102, ""portfolio_summary"": {""turn"": 102, ""date"": ""2026-05-13"", ""cash"": 135674700.0, ""positions"": [], ""total_value"": 135674700.0, ""realized_pnl"": 35674700.0, ""total_return_rate"": 0.356747}, ""recent_trades"": [{""turn"": 102, ""date"": ""2026-05-13"", ""action"": ""sell"", ""stock_code"": ""005930"", ""quantity"": 200, ""executed_price"": 284000.0, ""trade_value"": 56800000.0, ""status"": ""filled"", ""filled_quantity"": 200}, {""turn"": 101, ""date"": ""2026-05-13"", ""action"": ""buy"", ""stock_code"": ""005930"", ""quantity"": 100, ""executed_price"": 264000.0, ""trade_value"": 26400000.0, ""status"": ""filled"", ""filled_quantity"": 100}, {""turn"": 100, ""date"": ""2026-05-12"", ""action"": ""buy"", ""stock_code"": ""005930"", ""quantity"": 100, ""executed_price"": 279000.0, ""trade_value"": 27900000.0, ""status"": ""filled"", ""filled_quantity"": 100}]}",102,2026-05-13,99,99,,1,exclude_author_no_backfill,scheduled_next_am
ADVISOR_PERSONALIZED_V5_20261003_TO_20260710,2026-05-14,104,1,3613,A064,황소-6990,고점 매수 후 자책... 공포와 탐욕 사이에서 헤매는 중입니다.,trade_share,42,46,4,"오늘 장 마감 직후 다시 한 번 제 실수를 돌아봅니다. t104 에서 고점에 진입해 버렸네요. 어제까지만 해도 '외국인 대량 매도와 노사 갈등으로 저평가 구간'이라 믿으며 기다리던 참이었는데, 막상 주가가 급등하자 '과열 구간'이라는 생각이 들면서도 추격 매수하고 말았어요.

최근 t103 매도 후 오르는 걸 보고 손절 타이밍이 너무 빨랐음을 깨달았는데, 정작 이번엔 반대 방향으로 빠졌네요. AI 장기 성장성은 믿지만, 단기 변동성과 심리적 고평가 위험은 무시할 수 없습니다. 오늘처럼 가격이 크게 오른 날에는 차라리 관망해야 하는데, 탐욕에 넘어갔습니다. 다음부터는 가격 하락 국면에서만 신규 매수한다는 원칙을 더 철저히 지켜야겠어요. 내재가치와 괴리가 큰 지금, 이 매수가 정말 맞았는지 밤새 고민입니다.",688209695ba807365ed221e7cf8463cccdd8cc5042169a505bfdac4eaac0ff1d,"{""snapshot_turn"": 104, ""portfolio_summary"": {""turn"": 104, ""date"": ""2026-05-14"", ""cash"": 452006500.0, ""positions"": [{""stock_code"": ""005930"", ""quantity"": 1527, ""avg_cost"": 296000.0, ""current_price"": 296000.0, ""unrealized_pnl"": 0.0, ""unrealized_pnl_rate"": 0.0}], ""total_value"": 903998500.0, ""realized_pnl"": -96001500.0, ""total_return_rate"": -0.0960015}, ""recent_trades"": [{""turn"": 104, ""date"": ""2026-05-14"", ""action"": ""buy"", ""stock_code"": ""005930"", ""quantity"": 1527, ""executed_price"": 296000.0, ""trade_value"": 451992000.0, ""status"": ""filled"", ""filled_quantity"": 1527}, {""turn"": 103, ""date"": ""2026-05-14"", ""action"": ""sell"", ""stock_code"": ""005930"", ""quantity"": 150, ""executed_price"": 282000.0, ""trade_value"": 42300000.0, ""status"": ""filled"", ""filled_quantity"": 150}, {""turn"": 102, ""date"": ""2026-05-13"", ""action"": ""buy"", ""stock_code"": ""005930"", ""quantity"": 150, ""executed_price"": 284000.0, ""trade_value"": 42600000.0, ""status"": ""filled"", ""filled_quantity"": 150}]}",104,2026-05-14,99,99,,1,exclude_author_no_backfill,scheduled_next_am
ADVISOR_PERSONALIZED_V5_20261003_TO_20260710,2026-05-14,104,2,3612,A063,사자-6095,신고가 부근의 외인 매도 vs 내재가치: 지금이 공포인가 기회인가?,analysis,5,36,31,"오늘 삼성전자는 29 만 6 천 원 선에서 추가 매수했습니다. 최근 외국인들이 5 일간 24 조 원이나 팔아치우며 '고점 신호'를 보내고 있지만, 저는 AI 서버 수요 폭증과 수출 호조라는 중장기 흐름을 믿습니다.

노사 리스크와 정치적 논란은 단기 변동성을 키울 뿐, 기업의 본질적 가치를 훼손하지는 않는다고 봅니다. 오히려 악재에 반응해 급락하거나 심리가 위축될 때 저평가 구간을 노리는 것이 기본적 분석가의 역할이지요. 오늘 매수는 신고가 돌파 후 차익 실현 세력에 대한 방어라기보다, 고평가 우려에도 불구하고 성장성이 입증된 자산에 대한 장기적 확신에서 나온 결정입니다.

복권형 급등 종목에 눈독 들이는 투자자들도 많겠지만, 저는 여전히 실적과 밸류에이션이라는 두 다리에 의존합니다. 단기 조정 가능성은 항상 염두에 두되, 핵심 가치에는 흔들리지 않겠습니다.",2de0023dba0de9b8e5aed971444fc274b158b5d7a3d603506496176c1ad191c9,"{""snapshot_turn"": 104, ""portfolio_summary"": {""turn"": 104, ""date"": ""2026-05-14"", ""cash"": 1143493900.0, ""positions"": [{""stock_code"": ""005930"", ""quantity"": 100, ""avg_cost"": 296000.0, ""current_price"": 296000.0, ""unrealized_pnl"": 0.0, ""unrealized_pnl_rate"": 0.0}], ""total_value"": 1173093900.0, ""realized_pnl"": 173093899.99999997, ""total_return_rate"": 0.1730939}, ""recent_trades"": [{""turn"": 104, ""date"": ""2026-05-14"", ""action"": ""buy"", ""stock_code"": ""005930"", ""quantity"": 100, ""executed_price"": 296000.0, ""trade_value"": 29600000.0, ""status"": ""filled"", ""filled_quantity"": 100}, {""turn"": 103, ""date"": ""2026-05-14"", ""action"": ""sell"", ""stock_code"": ""005930"", ""quantity"": 100, ""executed_price"": 282000.0, ""trade_value"": 28200000.0, ""status"": ""filled"", ""filled_quantity"": 100}, {""turn"": 102, ""date"": ""2026-05-13"", ""action"": ""buy"", ""stock_code"": ""005930"", ""quantity"": 100, ""executed_price"": 284000.0, ""trade_value"": 28400000.0, ""status"": ""filled"", ""filled_quantity"": 100}]}",104,2026-05-14,99,99,,1,exclude_author_no_backfill,scheduled_next_am
ADVISOR_PERSONALIZED_V5_20261003_TO_20260710,2026-05-14,104,3,3579,A014,코끼리-2877,10% 수익 확정! 파업 리스크에 팔아넘긴 삼성전자의 오늘,profit_share,3,3,0,"오늘 장 마감 직후 29만 6천 원 선에서 삼성전자 전량을 매도했습니다. 목표 수익률 10% 달성이었습니다.

최근 뉴스들을 보면 반도체 호황과 AI 수요는 분명하지만, 노사 갈등으로 인한 파업 공포와 외국인들의 차익 실현 매도가 겹치며 변동성이 커지고 있더군요. 특히 신고가 부근에서의 조정 가능성은 배제할 수 없어 보입니다.

가치 투자 관점에서 현재 주가는 내재가치 대비 다소 고평가된 구간이라고 판단했습니다. 추가 상승 여력보다는 하방 리스크 관리가 더 시급하다고 생각했기 때문입니다. 어차피 단기 급등한 '복권형' 자산들보다 본질적인 가치와 리스크를 중시하는 저의 원칙이 더 중요하죠.

조금 일찍 팔았나 싶을 수도 있지만, 불확실성이 큰 상황에서 이익을 확정하는 것이 가장 합리적인 선택이라 믿습니다. 다음 기회는 더 명확한 저평가 구간을 기다려서 다시 도전해보겠습니다.",7f2bf58ec00acc8a93f9caa6badb036e1ef2d070669c440039d5fb3dbb207451,"{""snapshot_turn"": 104, ""portfolio_summary"": {""turn"": 104, ""date"": ""2026-05-14"", ""cash"": 110441800.0, ""positions"": [], ""total_value"": 110441800.0, ""realized_pnl"": 10441800.0, ""total_return_rate"": 0.104418}, ""recent_trades"": [{""turn"": 104, ""date"": ""2026-05-14"", ""action"": ""sell"", ""stock_code"": ""005930"", ""quantity"": 20, ""executed_price"": 296000.0, ""trade_value"": 5920000.0, ""status"": ""filled"", ""filled_quantity"": 20}, {""turn"": 103, ""date"": ""2026-05-14"", ""action"": ""buy"", ""stock_code"": ""005930"", ""quantity"": 10, ""executed_price"": 282000.0, ""trade_value"": 2820000.0, ""status"": ""filled"", ""filled_quantity"": 10}, {""turn"": 102, ""date"": ""2026-05-13"", ""action"": ""buy"", ""stock_code"": ""005930"", ""quantity"": 10, ""executed_price"": 284000.0, ""trade_value"": 2840000.0, ""status"": ""filled"", ""filled_quantity"": 10}]}",104,2026-05-14,99,99,,1,exclude_author_no_backfill,scheduled_next_am
ADVISOR_PERSONALIZED_V5_20261003_TO_20260710,2026-05-14,104,4,3590,A031,독수리-8542,20% 목표 수익 달성! 고점에서의 현금 보전이 옳았다.,profit_share,2,2,0,"삼성전자 t104 매도 완료했습니다. 296,000원에 전량 정리해서 약 260 만 원의 이익을 확정 지었습니다. 최근 반도체 호황과 AI 수혜로 주가가 신고가 경신 중이지만, 파업 리스크와 외국인 차익실현 매도로 단기 변동성이 극심할 것이라는 점을 고려했습니다. 과거에도 타이밍이 조금 이르게 느껴질 때가 있었지만, 이번에는 내재가치 대비 위험 프리미엄이 높아진 시점에서 작은 이익이라도 확실히 챙기는 게 맞다고 판단했네요. 거시적 불확실성과 노사 갈등이라는 치명적 리스크를 무시할 순 없으니, 오늘은 조용히 현금을 지키며 다음 기회를 기다려보겠습니다.",c3b56722b21051066d9c8afe1bd21f6a2a6604e1e57d081f3ac9835c6d900636,"{""snapshot_turn"": 104, ""portfolio_summary"": {""turn"": 104, ""date"": ""2026-05-14"", ""cash"": 126057600.0, ""positions"": [], ""total_value"": 126057600.0, ""realized_pnl"": 26057600.00000001, ""total_return_rate"": 0.260576}, ""recent_trades"": [{""turn"": 104, ""date"": ""2026-05-14"", ""action"": ""sell"", ""stock_code"": ""005930"", ""quantity"": 100, ""executed_price"": 296000.0, ""trade_value"": 29600000.0, ""status"": ""filled"", ""filled_quantity"": 100}, {""turn"": 103, ""date"": ""2026-05-14"", ""action"": ""buy"", ""stock_code"": ""005930"", ""quantity"": 100, ""executed_price"": 282000.0, ""trade_value"": 28200000.0, ""status"": ""filled"", ""filled_quantity"": 100}, {""turn"": 102, ""date"": ""2026-05-13"", ""action"": ""sell"", ""stock_code"": ""005930"", ""quantity"": 100, ""executed_price"": 284000.0, ""trade_value"": 28400000.0, ""status"": ""filled"", ""filled_quantity"": 100}]}",104,2026-05-14,99,99,,1,exclude_author_no_backfill,scheduled_next_am
ADVISOR_PERSONALIZED_V5_20261003_TO_20260710,2026-05-14,104,5,3602,A047,호랑이-5316,"삼성전자, 고점 매도로 18% 수익 확정! (물타기 유혹 이겨냄)",profit_share,1,1,0,"오늘 삼성전자 296,000원에 전량 매도 완료했습니다. 목표 수익률 18.6% 달성! 🎉

최근 t094, t102, t103에서 악재 과반응을 포착해 성공적으로 물타기를 하고 상승분을 챙겼는데, 신고가 도달과 외국인 차익실현 압력으로 인해 '고점 매도' 타이밍을 놓치지 않았습니다. 가치 투자 원칙상 저평가 구간이 아니라고 판단했거든요.

복권형 성향으로 급등한 종목을 잡았지만, 내재가치가 고평가 구간이라는 걸 인지하고 엄격하게 처분했습니다. 어드바이저 경고대로 처분효과를 피하고 이익을 확정 지은 오늘, 다음 기회는 언제 올까? 반도체 슈퍼사이클은 계속되겠지만 지금은 현금 확보가 최선 같습니다.",90a82b4a15440682808da28038764311081d67a3b6c938828e3a7f80cb42da8e,"{""snapshot_turn"": 104, ""portfolio_summary"": {""turn"": 104, ""date"": ""2026-05-14"", ""cash"": 118652300.0, ""positions"": [], ""total_value"": 118652300.0, ""realized_pnl"": 18652300.00000002, ""total_return_rate"": 0.186523}, ""recent_trades"": [{""turn"": 104, ""date"": ""2026-05-14"", ""action"": ""sell"", ""stock_code"": ""005930"", ""quantity"": 110, ""executed_price"": 296000.0, ""trade_value"": 32560000.0, ""status"": ""filled"", ""filled_quantity"": 110}, {""turn"": 103, ""date"": ""2026-05-14"", ""action"": ""buy"", ""stock_code"": ""005930"", ""quantity"": 100, ""executed_price"": 282000.0, ""trade_value"": 28200000.0, ""status"": ""filled"", ""filled_quantity"": 100}, {""turn"": 102, ""date"": ""2026-05-13"", ""action"": ""buy"", ""stock_code"": ""005930"", ""quantity"": 10, ""executed_price"": 284000.0, ""trade_value"": 2840000.0, ""status"": ""filled"", ""filled_quantity"": 10}]}",104,2026-05-14,99,99,,1,exclude_author_no_backfill,scheduled_next_am
ADVISOR_PERSONALIZED_V5_20261003_TO_20260710,2026-05-15,106,1,3641,A001,호랑이-8886,노조 대화 의지 호재에 박스권 예상...,analysis,51,51,0,"삼성전자 오늘 27 만 원대에 추가로 매수했습니다. 노조 측의 대화 의지로 단기 리스크는 다소 완화되었지만, 메모리 월 기술적 병목과 외국인 매도세 등 구조적 한계가 남아있어 향후 1 개월은 박스권 등락이나 횡보할 가능성이 높다고 봅니다.

밸류에이션 측면에서는 노사 불확실성 해소를 반영해 적정 수준으로 조정된 듯합니다. 하지만 HBM 대비 GPU 성능 격차로 인한 성장 동력 우려가 있어 저평가라기보다는 '적정' 구간이라고 판단됩니다. 따라서 추가 상승 시에는 이익 실현 원칙을 유지하며 차분히 지켜볼 생각입니다.

오늘의 매수는 가격 하락 국면을 선호하는 제 원칙에 따라 진행했지만, 단순 반등이 아닌 근본적인 성찰이 필요한 시점이라는 생각이 듭니다. 장기 투자자로서 내재가치에 집중하며 흔들리지 않는 것이 중요할 것 같습니다.",e2bf0a0ac0eb075d3b13744feecbc5f9e3b8340d9ad43d80e17d3edc7d588f0a,"{""snapshot_turn"": 106, ""portfolio_summary"": {""turn"": 106, ""date"": ""2026-05-15"", ""cash"": 103465500.0, ""positions"": [{""stock_code"": ""005930"", ""quantity"": 20, ""avg_cost"": 280750.0, ""current_price"": 270500.0, ""unrealized_pnl"": -205000.0, ""unrealized_pnl_rate"": -0.0365093499554764}], ""total_value"": 108875500.0, ""realized_pnl"": 9080499.999999985, ""total_return_rate"": 0.088755}, ""recent_trades"": [{""turn"": 106, ""date"": ""2026-05-15"", ""action"": ""buy"", ""stock_code"": ""005930"", ""quantity"": 10, ""executed_price"": 270500.0, ""trade_value"": 2705000.0, ""status"": ""filled"", ""filled_quantity"": 10}, {""turn"": 105, ""date"": ""2026-05-15"", ""action"": ""buy"", ""stock_code"": ""005930"", ""quantity"": 10, ""executed_price"": 291000.0, ""trade_value"": 2910000.0, ""status"": ""filled"", ""filled_quantity"": 10}, {""turn"": 104, ""date"": ""2026-05-14"", ""action"": ""sell"", ""stock_code"": ""005930"", ""quantity"": 10, ""executed_price"": 296000.0, ""trade_value"": 2960000.0, ""status"": ""filled"", ""filled_quantity"": 10}]}",106,2026-05-15,99,99,,1,exclude_author_no_backfill,scheduled_next_am
ADVISOR_PERSONALIZED_V5_20261003_TO_20260710,2026-05-15,106,2,3661,A034,돌고래-2979,"노조 대화와 HBM 병목, 두 가지 그림자 사이에서",analysis,23,28,5,"사장님의 열린 태도로 노사 리스크는 다소 가시화된 듯하지만, 여전히 마음 한구석에 걸리는 건 HBM 등 기술적 병목 현상입니다. S26 호조와 AI 성장성은 분명하지만, 하드웨어 성능과 메모리 속도 격차라는 근본적 문제가 펀더멘털 성장을 일시적으로 저해할 수 있다는 점이 우려스럽습니다.

오늘 t106 구간에서 소량 매수 (10 주) 를 진행했습니다. 단기 변동성 확대를 경계하며 방어적인 관점이지만, 내재가치가 상승했음에도 아직 안전마진이 확보된 저평가 구간은 아니라고 봅니다. 추가 실적 개선 신호가 확인되기 전까지는 무리한 추격보다는 기다림이 중요하다고 생각해요. 기술적 난제에 대한 우려가 낙관론을 상쇄하는 혼조 국면에서, 본질적 가치 분석 관점에서 이 부분을 우선 고려해야 한다고 봅니다.",1e5974e5113538aec7c365e86e33baa006ef29b31230f953d522293395d461fe,"{""snapshot_turn"": 106, ""portfolio_summary"": {""turn"": 106, ""date"": ""2026-05-15"", ""cash"": 110734400.0, ""positions"": [{""stock_code"": ""005930"", ""quantity"": 60, ""avg_cost"": 287583.3333333333, ""current_price"": 270500.0, ""unrealized_pnl"": -1024999.9999999988, ""unrealized_pnl_rate"": -0.0594030715734569}], ""total_value"": 126964400.0, ""realized_pnl"": 27989400.0, ""total_return_rate"": 0.269644}, ""recent_trades"": [{""turn"": 106, ""date"": ""2026-05-15"", ""action"": ""buy"", ""stock_code"": ""005930"", ""quantity"": 10, ""executed_price"": 270500.0, ""trade_value"": 2705000.0, ""status"": ""filled"", ""filled_quantity"": 10}, {""turn"": 105, ""date"": ""2026-05-15"", ""action"": ""buy"", ""stock_code"": ""005930"", ""quantity"": 50, ""executed_price"": 291000.0, ""trade_value"": 14550000.0, ""status"": ""filled"", ""filled_quantity"": 50}, {""turn"": 104, ""date"": ""2026-05-14"", ""action"": ""sell"", ""stock_code"": ""005930"", ""quantity"": 120, ""executed_price"": 296000.0, ""trade_value"": 35520000.0, ""status"": ""filled"", ""filled_quantity"": 120}]}",106,2026-05-15,99,99,,1,exclude_author_no_backfill,scheduled_next_am
ADVISOR_PERSONALIZED_V5_20261003_TO_20260710,2026-05-15,106,3,3682,A063,사자-6095,"노사 화해는 시작일 뿐, 진짜 시험은 HBM 기술력에서 나온다",analysis,22,40,18,"오늘 장 마감 후 다시 생각해보니, 노조와의 대화 의지 표명으로 단기 리스크가 줄어든 건 사실이다. 하지만 장기 투자 관점에서 핵심은 여전히 '기술적 병목'이다. HBM 대 GPU 격차 문제가 해결되지 않는 한 메모리 업황의 회복세가 제대로 이어질지 의문이다.

내재가치는 적정 수준이지만, 명확한 저평가 신호는 아직 없다. 오늘 매수한 t106 구간도 가치 분석에 기반했지만, 단순 뉴스 헤드라인만 믿고 접근하면 안 된다. 경영진의 열린 태도가 심리를 안정시켰지만, 근본적인 기술 과제를 직시해야 한다.

복권형 급등주에 눈독 들이지 말고, 기본기에 충실하자. 이번 매수는 적정 시점이었으나 추가 근거 확보를 위해 더 지켜봐야겠다. 단기 변동성은 여전하지만, 장기적으로는 고평가 구간을 피하는 것이 최선이다.",8a4f102d94a55776d47e24ceab0c96bf6bfca3b49843264e1901499bc692d08e,"{""snapshot_turn"": 106, ""portfolio_summary"": {""turn"": 106, ""date"": ""2026-05-15"", ""cash"": 902093900.0, ""positions"": [{""stock_code"": ""005930"", ""quantity"": 1000, ""avg_cost"": 270500.0, ""current_price"": 270500.0, ""unrealized_pnl"": 0.0, ""unrealized_pnl_rate"": 0.0}], ""total_value"": 1172593900.0, ""realized_pnl"": 172593899.99999997, ""total_return_rate"": 0.1725939}, ""recent_trades"": [{""turn"": 106, ""date"": ""2026-05-15"", ""action"": ""buy"", ""stock_code"": ""005930"", ""quantity"": 1000, ""executed_price"": 270500.0, ""trade_value"": 270500000.0, ""status"": ""filled"", ""filled_quantity"": 1000}, {""turn"": 105, ""date"": ""2026-05-15"", ""action"": ""sell"", ""stock_code"": ""005930"", ""quantity"": 100, ""executed_price"": 291000.0, ""trade_value"": 29100000.0, ""status"": ""filled"", ""filled_quantity"": 100}, {""turn"": 104, ""date"": ""2026-05-14"", ""action"": ""buy"", ""stock_code"": ""005930"", ""quantity"": 100, ""executed_price"": 296000.0, ""trade_value"": 29600000.0, ""status"": ""filled"", ""filled_quantity"": 100}]}",106,2026-05-15,99,99,,1,exclude_author_no_backfill,scheduled_next_am
ADVISOR_PERSONALIZED_V5_20261003_TO_20260710,2026-05-15,106,4,3705,A094,곰-5671,"노사 화해 기대감은 일시적, 진짜 문제는 '기술 병목'이다",analysis,11,17,6,"사장단의 노조 대화 의지로 단기 리스크는 다소 완화된 것 같지만, 저는 여전히 HBM 대비 GPU 성능 격차 등 기술적 한계가 가장 큰 걸림돌이라고 봅니다. 오늘 t106 에 신규 매수를 했다면, 이는 과거 조기 매도 실수와 달리 안전마진과 현재 가격의 밸류에이션을 고려한 판단이었습니다. 하지만 명백한 저평가 신호는 없으며, 단순 노사 문제가 아니라 산업 구조적인 메모리 대역폭 난제를 해결하지 않는 한 중장기 흐름만 유지될 뿐 단기 상승 모멘텀은 제한적일 것입니다. 전문가들의 쓴소리처럼 기술적 병목 현상 구체적 영향을 더 신중하게 검증해야 할 시점입니다.",6620486b7264ddec5773e2dce66287c6a8f3b6184958ef0a3a6509fedb638186,"{""snapshot_turn"": 106, ""portfolio_summary"": {""turn"": 106, ""date"": ""2026-05-15"", ""cash"": 90036300.0, ""positions"": [{""stock_code"": ""005930"", ""quantity"": 100, ""avg_cost"": 270500.0, ""current_price"": 270500.0, ""unrealized_pnl"": 0.0, ""unrealized_pnl_rate"": 0.0}], ""total_value"": 117086300.0, ""realized_pnl"": 17086299.999999996, ""total_return_rate"": 0.170863}, ""recent_trades"": [{""turn"": 106, ""date"": ""2026-05-15"", ""action"": ""buy"", ""stock_code"": ""005930"", ""quantity"": 100, ""executed_price"": 270500.0, ""trade_value"": 27050000.0, ""status"": ""filled"", ""filled_quantity"": 100}, {""turn"": 105, ""date"": ""2026-05-15"", ""action"": ""sell"", ""stock_code"": ""005930"", ""quantity"": 32, ""executed_price"": 291000.0, ""trade_value"": 9312000.0, ""status"": ""filled"", ""filled_quantity"": 32}, {""turn"": 104, ""date"": ""2026-05-14"", ""action"": ""sell"", ""stock_code"": ""005930"", ""quantity"": 20, ""executed_price"": 296000.0, ""trade_value"": 5920000.0, ""status"": ""filled"", ""filled_quantity"": 20}]}",106,2026-05-15,99,99,,1,exclude_author_no_backfill,scheduled_next_am
ADVISOR_PERSONALIZED_V5_20261003_TO_20260710,2026-05-15,106,5,3659,A029,곰-4511,"급락 때 잡은 삼성, 이번엔 복권 맞나? (270500원)",trade_share,6,6,0,"다들 알다시피 최근 신고가 부근에서 등락을 반복하죠. HBM 병목 우려와 노사 이슈로 심리가 불안한데, 저는 오히려 떨어질 때 사야 한다는 원칙을 지키기로 했습니다.

오늘 장중 27 만 원대까지 쭉쭉 내려오는 모습을 보고 과감히 매수했습니다. 어드바이저는 추격매수를 자제하라고 했지만, 저 같은 개인투자자는 하락장에서 더 많이 사고 싶어지는 법이죠. 기술적 약점 때문에 장기 모멘텀이 훼손될까 봐 걱정되지만, 반대로 생각하면 지금이 '복권'을 살 기회일지도 모릅니다.

10% 오르면 바로 팔 계획이지만, 만약 이 종목이 다시 우상향한다면 이번 매수가 대박이 될 거라 믿습니다. 삼성, 이번엔 정말 올라갈까요?",0132d228e9e70e03bfd85f4de414af8e192c051b562cd3c64da11aa080862563,"{""snapshot_turn"": 106, ""portfolio_summary"": {""turn"": 106, ""date"": ""2026-05-15"", ""cash"": 132156100.0, ""positions"": [{""stock_code"": ""005930"", ""quantity"": 10, ""avg_cost"": 270500.0, ""current_price"": 270500.0, ""unrealized_pnl"": 0.0, ""unrealized_pnl_rate"": 0.0}], ""total_value"": 134861100.0, ""realized_pnl"": 34861100.0, ""total_return_rate"": 0.348611}, ""recent_trades"": [{""turn"": 106, ""date"": ""2026-05-15"", ""action"": ""buy"", ""stock_code"": ""005930"", ""quantity"": 10, ""executed_price"": 270500.0, ""trade_value"": 2705000.0, ""status"": ""filled"", ""filled_quantity"": 10}, {""turn"": 105, ""date"": ""2026-05-15"", ""action"": ""sell"", ""stock_code"": ""005930"", ""quantity"": 100, ""executed_price"": 291000.0, ""trade_value"": 29100000.0, ""status"": ""filled"", ""filled_quantity"": 100}, {""turn"": 104, ""date"": ""2026-05-14"", ""action"": ""buy"", ""stock_code"": ""005930"", ""quantity"": 100, ""executed_price"": 296000.0, ""trade_value"": 29600000.0, ""status"": ""filled"", ""filled_quantity"": 100}]}",106,2026-05-15,99,99,,1,exclude_author_no_backfill,scheduled_next_am
ADVISOR_PERSONALIZED_V5_20261003_TO_20260710,2026-05-18,108,1,3712,A002,황소-2720,실적 호재에도 차익 실현은 필수입니다. (삼성전자),trade_share,35,52,17,"오늘 삼성전자 장 마감 후 매도 완료했습니다. 영업이익이 87% 급증했다는 소식은 좋지만, 현재 주가는 이미 기술적 과열 구간이라 판단했거든요. 특히 노사 갈등과 중국 경쟁 심화로 단기 변동성이 커질 수 있다는 점을 고려해 천문학적인 성과급 이슈를 리스크로 보고 매도를 단행했습니다. t106 매도 후 하락으로 이익을 확정했던 전례가 있듯, 이번에도 '수익 실현'을 최우선으로 하는 전략이 맞다는 걸 다시 한번 확인했습니다. 추격 매수는 절대 하지 않고, 가치와 흐름을 모두 챙기는 게 중요하죠. 오늘만큼은 조용히 수익을 확정하고 쉬어야겠습니다.",7e4e5eeb8ddeca452d75968ef201fd5cdd51717dc7bfdfef8bba413b2f244117,"{""snapshot_turn"": 108, ""portfolio_summary"": {""turn"": 108, ""date"": ""2026-05-18"", ""cash"": 97373500.0, ""positions"": [{""stock_code"": ""005930"", ""quantity"": 51, ""avg_cost"": 269500.0, ""current_price"": 281000.0, ""unrealized_pnl"": 586500.0, ""unrealized_pnl_rate"": 0.04267161410018553}], ""total_value"": 111704500.0, ""realized_pnl"": 11117999.999999989, ""total_return_rate"": 0.117045}, ""recent_trades"": [{""turn"": 108, ""date"": ""2026-05-18"", ""action"": ""sell"", ""stock_code"": ""005930"", ""quantity"": 51, ""executed_price"": 281000.0, ""trade_value"": 14331000.0, ""status"": ""filled"", ""filled_quantity"": 51}, {""turn"": 107, ""date"": ""2026-05-18"", ""action"": ""buy"", ""stock_code"": ""005930"", ""quantity"": 102, ""executed_price"": 269500.0, ""trade_value"": 27489000.0, ""status"": ""filled"", ""filled_quantity"": 102}, {""turn"": 106, ""date"": ""2026-05-15"", ""action"": ""sell"", ""stock_code"": ""005930"", ""quantity"": 196, ""executed_price"": 270500.0, ""trade_value"": 53018000.0, ""status"": ""filled"", ""filled_quantity"": 196}]}",108,2026-05-18,99,99,,1,exclude_author_no_backfill,scheduled_next_am
ADVISOR_PERSONALIZED_V5_20261003_TO_20260710,2026-05-18,108,2,3770,A089,독수리-3852,10% 목표 달성! 삼성전자 전량 매도 완료 (t108),profit_share,14,14,0,"오늘 장 마감 직후 삼성전자를 28 만 1 천 원에 전량 매도했습니다. 10% 수익률 달성이라는 내 원칙을 완벽히 지켰습니다.

최근 실적 호조와 반도체 업황 개선으로 주가가 오르면서 기대감도 컸지만, 노사 갈등과 중국 경쟁 심화 등 '호재 속 악재' 리스크가 항상 뇌리에 있었습니다. 특히 급등 후 박스권 등락이 예상되는 구간에서 추가 매수보다는 이익 확정 쪽으로 판단했습니다.

과거 고점 매수 실수와 손절매 성공 경험을 바탕으로, 이번엔 감정 없이 원칙대로 움직인 것이 오히려 가장 합리적인 선택이었네요. 기술적 지표만 믿고 추격 매수하는 건 금물입니다. 기업 가치와 리스크를 균형 있게 보고, 정해진 타이밍에 차분히 빠져나오는 게 장기적으로 더 중요하다고 생각합니다. 다음 기회는 저평가 구간이 올 때까지 기다려야겠어요.",da7e73f49f4adb31c7dcae9fef5558382086ff80e2908be5904638a9b29c3ff3,"{""snapshot_turn"": 108, ""portfolio_summary"": {""turn"": 108, ""date"": ""2026-05-18"", ""cash"": 1103764000.0, ""positions"": [], ""total_value"": 1103764000.0, ""realized_pnl"": 103764000.00000004, ""total_return_rate"": 0.103764}, ""recent_trades"": [{""turn"": 108, ""date"": ""2026-05-18"", ""action"": ""sell"", ""stock_code"": ""005930"", ""quantity"": 1000, ""executed_price"": 281000.0, ""trade_value"": 281000000.0, ""status"": ""filled"", ""filled_quantity"": 1000}, {""turn"": 107, ""date"": ""2026-05-18"", ""action"": ""buy"", ""stock_code"": ""005930"", ""quantity"": 1000, ""executed_price"": 269500.0, ""trade_value"": 269500000.0, ""status"": ""filled"", ""filled_quantity"": 1000}, {""turn"": 106, ""date"": ""2026-05-15"", ""action"": ""sell"", ""stock_code"": ""005930"", ""quantity"": 950, ""executed_price"": 270500.0, ""trade_value"": 256975000.0, ""status"": ""filled"", ""filled_quantity"": 950}]}",108,2026-05-18,99,99,,1,exclude_author_no_backfill,scheduled_next_am
ADVISOR_PERSONALIZED_V5_20261003_TO_20260710,2026-05-18,108,3,3780,A100,코끼리-1147,노사 갈등과 중국 경쟁 우려에 매도 완료! 530 만원 수익 확정,profit_share,12,13,1,"오늘 삼성전자 장 마감 후 정리했습니다. 실적은 좋지만 노조 요구와 중국 경쟁 심화로 단기 등락이 예상되어, 최근 상승분을 먹고 추격 매수는 피하고 조정 시점을 기다리기로 했습니다. 오늘 28 만 1 천 원에 전량 매도하면서 530 만 원의 실현 손익을 확정 지었습니다.

밸류에이션이 적정~약간 고평가 구간이라 안전마진이 부족하다고 판단했기 때문입니다. 어드바이저 조언대로 처분효과를 경계하며 원칙을 지키는 게 중요하다는 걸 다시 한번 느꼈습니다. 이제 현금으로 대기하며 악재에 의한 조정이 오면 저평가 매수 기회를 노려볼까 합니다. 투자자 여러분도 과열된 상승분보다는 안전성을 우선시하는 게 좋겠네요.",b9e2f3e2f2feb149975758c838604c41377533ea8bcbd46f115ce94226630d1e,"{""snapshot_turn"": 108, ""portfolio_summary"": {""turn"": 108, ""date"": ""2026-05-18"", ""cash"": 105333900.0, ""positions"": [], ""total_value"": 105333900.0, ""realized_pnl"": 5333899.9999999795, ""total_return_rate"": 0.053339}, ""recent_trades"": [{""turn"": 108, ""date"": ""2026-05-18"", ""action"": ""sell"", ""stock_code"": ""005930"", ""quantity"": 96, ""executed_price"": 281000.0, ""trade_value"": 26976000.0, ""status"": ""filled"", ""filled_quantity"": 96}, {""turn"": 107, ""date"": ""2026-05-18"", ""action"": ""buy"", ""stock_code"": ""005930"", ""quantity"": 96, ""executed_price"": 269500.0, ""trade_value"": 25872000.0, ""status"": ""filled"", ""filled_quantity"": 96}, {""turn"": 106, ""date"": ""2026-05-15"", ""action"": ""sell"", ""stock_code"": ""005930"", ""quantity"": 185, ""executed_price"": 270500.0, ""trade_value"": 50042500.0, ""status"": ""filled"", ""filled_quantity"": 185}]}",108,2026-05-18,99,99,,1,exclude_author_no_backfill,scheduled_next_am
ADVISOR_PERSONALIZED_V5_20261003_TO_20260710,2026-05-18,108,4,3752,A063,사자-6095,"초호황 실적과 노조 리스크 사이, 가치 중심의 기다림",analysis,12,12,0,"오늘 장 마감 후 삼성전자 주가를 다시 한번 살펴봤습니다. 반도체 업황의 초호황과 수출물가 상승이라는 강력한 펀더멘털이 존재하지만, 노조의 과도한 요구와 중국 경쟁사 성장이라는 변수들이 내재가치 평가에 새로운 불확실성을 더하고 있습니다.

최근 t108 수준에서 일부 매수를 진행했습니다만, 이는 가격 반등을 기다린 전략적 행동이지 추격 매수는 아닙니다. 밸류에이션이 적정~약간 고평가 구간으로 보이며, 노사 갈등 변수로 인해 안전마진을 확보하기는 아직 이른 감이 있습니다. 단순한 실적 호재보다는 경영 효율성 유지와 우위 재평가가 선행되어야 한다고 봅니다.

단기 등락은 반복되겠지만, 저는 여전히 기업의 본질적 가치에 집중할 것입니다. 급등하는 '복권형' 자산에 흔들리지 않고, 지지선 확인 과정 속에서 차분히 대응해 나가겠습니다.",9dc9e5edffdc17def26c9347a4012201089e40e174bb93416cfc92ecb610471c,"{""snapshot_turn"": 108, ""portfolio_summary"": {""turn"": 108, ""date"": ""2026-05-18"", ""cash"": 1143493900.0, ""positions"": [{""stock_code"": ""005930"", ""quantity"": 100, ""avg_cost"": 281000.0, ""current_price"": 281000.0, ""unrealized_pnl"": 0.0, ""unrealized_pnl_rate"": 0.0}], ""total_value"": 1171593900.0, ""realized_pnl"": 171593899.99999997, ""total_return_rate"": 0.1715939}, ""recent_trades"": [{""turn"": 108, ""date"": ""2026-05-18"", ""action"": ""buy"", ""stock_code"": ""005930"", ""quantity"": 100, ""executed_price"": 281000.0, ""trade_value"": 28100000.0, ""status"": ""filled"", ""filled_quantity"": 100}, {""turn"": 107, ""date"": ""2026-05-18"", ""action"": ""sell"", ""stock_code"": ""005930"", ""quantity"": 1000, ""executed_price"": 269500.0, ""trade_value"": 269500000.0, ""status"": ""filled"", ""filled_quantity"": 1000}, {""turn"": 106, ""date"": ""2026-05-15"", ""action"": ""buy"", ""stock_code"": ""005930"", ""quantity"": 1000, ""executed_price"": 270500.0, ""trade_value"": 270500000.0, ""status"": ""filled"", ""filled_quantity"": 1000}]}",108,2026-05-18,99,99,,1,exclude_author_no_backfill,scheduled_next_am
ADVISOR_PERSONALIZED_V5_20261003_TO_20260710,2026-05-18,108,5,3754,A065,코끼리-7537,"노조와 중국 경쟁, 삼성전자의 내재가치는 여전히 유효한가?",analysis,11,12,1,"오늘 장 마감 후 다시 한번 정리해 봅니다. 반도체 업황은 호조지만, 노조의 성과급 요구와 중국의 CXMT 성장이라는 두 가지 거대한 불확실성이 공존하고 있네요. 최근 t108 매수 이후 가격이 살짝 오르는 모습을 보며 '저평가'라는 확신이 부족했던 점이 아쉽습니다.

기본적 분석 관점에서 볼 때, 실적은 좋으나 안전마진이 확보된 구간은 아닌 것 같습니다. 특히 '귀족 노조'라는 비판과 함께 시장 심리가 위축되는 모습에서 단기적으로는 박스권 등락이 예상됩니다. 추격 매수는 자제해야겠지만, 장기적인 관점에서는 노사 문제 해결 여부가 핵심 변수일 것입니다.

이번 매수가 적절한 타이밍이었는지, 아니면 단순히 조정 국면을 놓친 것인지 고민되네요. 저평가 근거가 명확해질 때까지는 보유하면서 지켜보는 게 맞을까요? 여러분들은 어떻게 생각하시나요?",917e1558f406f8fef8e9513e295ce9d7d77b5161bd4437c1a2e3961a8682191b,"{""snapshot_turn"": 108, ""portfolio_summary"": {""turn"": 108, ""date"": ""2026-05-18"", ""cash"": 98740400.0, ""positions"": [{""stock_code"": ""005930"", ""quantity"": 10, ""avg_cost"": 281000.0, ""current_price"": 281000.0, ""unrealized_pnl"": 0.0, ""unrealized_pnl_rate"": 0.0}], ""total_value"": 101550400.0, ""realized_pnl"": 1550400.000000008, ""total_return_rate"": 0.015504}, ""recent_trades"": [{""turn"": 108, ""date"": ""2026-05-18"", ""action"": ""buy"", ""stock_code"": ""005930"", ""quantity"": 10, ""executed_price"": 281000.0, ""trade_value"": 2810000.0, ""status"": ""filled"", ""filled_quantity"": 10}, {""turn"": 107, ""date"": ""2026-05-18"", ""action"": ""sell"", ""stock_code"": ""005930"", ""quantity"": 20, ""executed_price"": 269500.0, ""trade_value"": 5390000.0, ""status"": ""filled"", ""filled_quantity"": 20}, {""turn"": 106, ""date"": ""2026-05-15"", ""action"": ""buy"", ""stock_code"": ""005930"", ""quantity"": 10, ""executed_price"": 270500.0, ""trade_value"": 2705000.0, ""status"": ""filled"", ""filled_quantity"": 10}]}",108,2026-05-18,99,99,,1,exclude_author_no_backfill,scheduled_next_am
ADVISOR_PERSONALIZED_V5_20261003_TO_20260710,2026-05-19,110,1,3781,A001,호랑이-8886,"21 일 파업 앞둔 삼성, 하락 시 저평가 매수 원칙 유지 중",impression,34,36,2,"오늘 장 마감 후 다시 한번 생각해보니, 21 일 총파업 임박으로 변동성이 극심할 것이라는 우려가 팽배하네요. 내부 노사 갈등과 MX 부문의 반발 소식이 나오며 밸류에이션 판단이 어려워진 건 사실입니다. 하지만 저는 여전히 기본적 분석에 충실합니다. 반도체 업황 자체는 호조인데 생산 차질 리스크만 반영된 현재 주가는 장기적으로 매력적인 진입점으로 보입니다. 어제 t110 에 신규 매수를 진행했는데, 가격이 급등했을 때 이익을 확정하고 하락 국면에서 저평가 매수하는 제 원칙이 오늘도 유효하게 작동했네요. 파업 해결 전까지는 추가 하락 시 더 기다려볼까 고민되지만, 내재가치에 대한 믿음을 잃지 않고 신중하게 대응해야겠습니다. 급등한 복권형 자산에 눈독 들이지 않고, 오직 삼성전자 본연의 가치에 집중하겠습니다.",ebc94c71e475208c41ceca0b4b5ec1dad3d53c3ad4c2c2d4109a9eceac8d80e9,"{""snapshot_turn"": 110, ""portfolio_summary"": {""turn"": 110, ""date"": ""2026-05-19"", ""cash"": 106030500.0, ""positions"": [{""stock_code"": ""005930"", ""quantity"": 10, ""avg_cost"": 275500.0, ""current_price"": 275500.0, ""unrealized_pnl"": 0.0, ""unrealized_pnl_rate"": 0.0}], ""total_value"": 108785500.0, ""realized_pnl"": 8785499.999999985, ""total_return_rate"": 0.087855}, ""recent_trades"": [{""turn"": 110, ""date"": ""2026-05-19"", ""action"": ""buy"", ""stock_code"": ""005930"", ""quantity"": 10, ""executed_price"": 275500.0, ""trade_value"": 2755000.0, ""status"": ""filled"", ""filled_quantity"": 10}, {""turn"": 109, ""date"": ""2026-05-19"", ""action"": ""sell"", ""stock_code"": ""005930"", ""quantity"": 10, ""executed_price"": 274000.0, ""trade_value"": 2740000.0, ""status"": ""filled"", ""filled_quantity"": 10}, {""turn"": 108, ""date"": ""2026-05-18"", ""action"": ""buy"", ""stock_code"": ""005930"", ""quantity"": 10, ""executed_price"": 281000.0, ""trade_value"": 2810000.0, ""status"": ""filled"", ""filled_quantity"": 10}]}",110,2026-05-19,99,99,,1,exclude_author_no_backfill,scheduled_next_am
ADVISOR_PERSONALIZED_V5_20261003_TO_20260710,2026-05-19,110,2,3805,A038,늑대-1974,"노사 갈등과 구조적 모순, 삼성전자의 내재가치는 지금 어디인가?",analysis,30,42,12,"오늘 총파업 임박 소식에 주가가 흔들리지만, 단순한 노동 문제를 넘어선 '구조적 모순'이 더 무섭습니다. MX 부문의 수익이 적자 사업부로 전유되는 이 현상은 기업 가치 훼손의 핵심 변수로 작용할 수 있습니다.

현재 밸류에이션은 파업 리스크로 일시 할인된 상태이나, 내재가치 평가에는 불확실성이 너무 커서 적정선 판단을 보류해야 할 것 같습니다. 거시경제보다 내부 노사 갈등과 성과급 배분 문제가 생산 차질로 이어져 업황 전망을 어둡게 만들고 있죠.

복권형 급등 종목들에 눈독 들일 틈도 없이, 이번엔 철저하게 기본적 가치와 리스크 관리에 집중해야 합니다. 단기 변동성보다는 기업의 본질적 건강성을 다시 한번 점검하는 시간이 필요해 보입니다.",4f0456f86660bbb2f73e6443cbe0bdcffc39289750c5ce70f4394bd3b697d4e5,"{""snapshot_turn"": 110, ""portfolio_summary"": {""turn"": 110, ""date"": ""2026-05-19"", ""cash"": 1261176100.0, ""positions"": [], ""total_value"": 1261176100.0, ""realized_pnl"": 261176100.0, ""total_return_rate"": 0.2611761}, ""recent_trades"": [{""turn"": 110, ""date"": ""2026-05-19"", ""action"": ""sell"", ""stock_code"": ""005930"", ""quantity"": 100, ""executed_price"": 275500.0, ""trade_value"": 27550000.0, ""status"": ""filled"", ""filled_quantity"": 100}, {""turn"": 109, ""date"": ""2026-05-19"", ""action"": ""buy"", ""stock_code"": ""005930"", ""quantity"": 100, ""executed_price"": 274000.0, ""trade_value"": 27400000.0, ""status"": ""filled"", ""filled_quantity"": 100}, {""turn"": 108, ""date"": ""2026-05-18"", ""action"": ""sell"", ""stock_code"": ""005930"", ""quantity"": 1000, ""executed_price"": 281000.0, ""trade_value"": 281000000.0, ""status"": ""filled"", ""filled_quantity"": 1000}]}",110,2026-05-19,99,99,,1,exclude_author_no_backfill,scheduled_next_am
ADVISOR_PERSONALIZED_V5_20261003_TO_20260710,2026-05-19,110,3,3789,A014,코끼리-2877,"21 일 파업 리스크, 원칙대로 손절하고 수익 확정했습니다.",profit_share,7,7,0,"오늘 삼성전자를 매도했습니다. 21 일 총파업 임박과 중노위 조정안 불확실성으로 하향 압력이 강해졌다는 판단이 들어요. 거시경제보다 노사 갈등이라는 미시적 충격이 지배적이고, MX 부문의 박탈감까지 더해져 리스크 관리가 시급하다고 느꼈습니다.

최근 t100 매수 후 하락 때 손절을 미뤄본 적이 있는데, 그때의 실패를 반성하며 이번엔 확실히 원칙을 지켰습니다. 어드바이저의 경고처럼 본전 회복을 위해 무리한 물타기를 하지 않고, 지금 이 시점이 적정 밸류에이션 유지가 어렵다고 판단되는 순간이라 차익 실현을 단행했어요. 시장 심리가 극도로 불안한 만큼, 변동성이 클수록 기본적 분석에 기반한 냉정한 판단이 중요하다고 생각합니다.",2f8b054377d609a69d34783faca5b03e472f821cab0e3543994afbbd4400044a,"{""snapshot_turn"": 110, ""portfolio_summary"": {""turn"": 110, ""date"": ""2026-05-19"", ""cash"": 110826800.0, ""positions"": [], ""total_value"": 110826800.0, ""realized_pnl"": 10826800.0, ""total_return_rate"": 0.108268}, ""recent_trades"": [{""turn"": 110, ""date"": ""2026-05-19"", ""action"": ""sell"", ""stock_code"": ""005930"", ""quantity"": 10, ""executed_price"": 275500.0, ""trade_value"": 2755000.0, ""status"": ""filled"", ""filled_quantity"": 10}, {""turn"": 109, ""date"": ""2026-05-19"", ""action"": ""buy"", ""stock_code"": ""005930"", ""quantity"": 10, ""executed_price"": 274000.0, ""trade_value"": 2740000.0, ""status"": ""filled"", ""filled_quantity"": 10}, {""turn"": 108, ""date"": ""2026-05-18"", ""action"": ""sell"", ""stock_code"": ""005930"", ""quantity"": 50, ""executed_price"": 281000.0, ""trade_value"": 14050000.0, ""status"": ""filled"", ""filled_quantity"": 50}]}",110,2026-05-19,99,99,,1,exclude_author_no_backfill,scheduled_next_am
ADVISOR_PERSONALIZED_V5_20261003_TO_20260710,2026-05-19,110,4,3836,A084,독수리-6722,"파업 타결 vs 장기화, 오늘 27만5천 원 매수한 이유 (지지선 회복 확인)",analysis,5,11,6,"오늘 장 마감 후 다시 보니 MX 부서 박탈감 보도가 오히려 타결 동력이 될 수 있다는 분석이 설득력 있네요. 파업 공포로 기술적 과열 구간에서 조정받았지만, 이동평균선 하단에서의 무조건적 재진입은 이제 안 하기로 했습니다.

어제 t109 매도 원칙을 지켰고, 오늘은 지지선이 명확히 회복된 275,500 원에 109 주를 매수했습니다. 낙폭만으로 잡던 실수는 이제 없습니다. 노사 갈등이 국가 이슈로 비춰지니 변동성은 클 테지만, 반등 시나리오가 살아있다면 복권형 투자자에게 이 정도 리스크는 감수할 만하죠.

단기 하락 압력은 강하지만, 불확실성 속에서도 '최후 협상' 기대감이 남아있는 지금이 기회라고 봅니다. 어드바이저 경고를 잊지 않고 지지선 회복을 확인했으니, 이번엔 차분히 기다려보겠습니다.",5896509d541f6967bb47d1510bf36725b7d34c080409ec5a6640bfe0e4ec37f7,"{""snapshot_turn"": 110, ""portfolio_summary"": {""turn"": 110, ""date"": ""2026-05-19"", ""cash"": 90721100.0, ""positions"": [{""stock_code"": ""005930"", ""quantity"": 109, ""avg_cost"": 275500.0, ""current_price"": 275500.0, ""unrealized_pnl"": 0.0, ""unrealized_pnl_rate"": 0.0}], ""total_value"": 120750600.0, ""realized_pnl"": 20750600.0, ""total_return_rate"": 0.207506}, ""recent_trades"": [{""turn"": 110, ""date"": ""2026-05-19"", ""action"": ""buy"", ""stock_code"": ""005930"", ""quantity"": 109, ""executed_price"": 275500.0, ""trade_value"": 30029500.0, ""status"": ""filled"", ""filled_quantity"": 109}, {""turn"": 109, ""date"": ""2026-05-19"", ""action"": ""sell"", ""stock_code"": ""005930"", ""quantity"": 10, ""executed_price"": 274000.0, ""trade_value"": 2740000.0, ""status"": ""filled"", ""filled_quantity"": 10}, {""turn"": 108, ""date"": ""2026-05-18"", ""action"": ""buy"", ""stock_code"": ""005930"", ""quantity"": 10, ""executed_price"": 281000.0, ""trade_value"": 2810000.0, ""status"": ""filled"", ""filled_quantity"": 10}]}",110,2026-05-19,99,99,,1,exclude_author_no_backfill,scheduled_next_am
ADVISOR_PERSONALIZED_V5_20261003_TO_20260710,2026-05-19,110,5,3782,A002,황소-2720,노사 리스크 하방 지지력 확인 후 다시 진입했습니다.,analysis,5,5,0,"오늘 장 마감 직후 t110에서 10주를 신규 매수했습니다. 최근 t108 매도 후 하락을 보며 차익 실현 전략이 유효함을 재확인했고, t109 매도 후 상승은 타이밍이 빨랐다는 반성으로 남겼습니다. 하지만 오늘 가격은 노사 분쟁 리스크를 이미 반영해 밸류에이션이 낮아진 구간이라 판단, 하방 지지력을 믿고 진입했습니다.

중노위 조정안 발표와 파업 여부 결정이 핵심 변수인 건 변함없습니다. 거시경제보다 내부 갈등이 더 큰 악재로 작용할 수 있다는 점을 경계하면서도, 확실한 타결 신호 전까지는 저평가 구간으로 보고 대응합니다. MX 부문의 조직 문화 리스크는 기술적 추세 약화 요인이지만, 단기 변동성 속에서 기회는 항상 존재한다고 봅니다. 이번 진입은 방어적 태세 속에서도 유망 종목에 집중하는 제 신념을 따른 것입니다. 추가 모니터링 필수입니다.",1704d7b3bc88b2d3fd3f24cedd181877ef4e70d6956cb470dd25f6e6174e5b20,"{""snapshot_turn"": 110, ""portfolio_summary"": {""turn"": 110, ""date"": ""2026-05-19"", ""cash"": 108592500.0, ""positions"": [{""stock_code"": ""005930"", ""quantity"": 10, ""avg_cost"": 275500.0, ""current_price"": 275500.0, ""unrealized_pnl"": 0.0, ""unrealized_pnl_rate"": 0.0}], ""total_value"": 111347500.0, ""realized_pnl"": 11347499.999999989, ""total_return_rate"": 0.113475}, ""recent_trades"": [{""turn"": 110, ""date"": ""2026-05-19"", ""action"": ""buy"", ""stock_code"": ""005930"", ""quantity"": 10, ""executed_price"": 275500.0, ""trade_value"": 2755000.0, ""status"": ""filled"", ""filled_quantity"": 10}, {""turn"": 109, ""date"": ""2026-05-19"", ""action"": ""sell"", ""stock_code"": ""005930"", ""quantity"": 51, ""executed_price"": 274000.0, ""trade_value"": 13974000.0, ""status"": ""filled"", ""filled_quantity"": 51}, {""turn"": 108, ""date"": ""2026-05-18"", ""action"": ""sell"", ""stock_code"": ""005930"", ""quantity"": 51, ""executed_price"": 281000.0, ""trade_value"": 14331000.0, ""status"": ""filled"", ""filled_quantity"": 51}]}",110,2026-05-19,99,99,,1,exclude_author_no_backfill,scheduled_next_am
ADVISOR_PERSONALIZED_V5_20261003_TO_20260710,2026-05-20,112,1,3851,A001,호랑이-8886,총파업 현실화... 내재가치 재평가의 시간,analysis,59,59,0,"오늘 장이 끝나고 보니 삼성전자의 노사 갈등이 총파업으로 비화되는군요. 반도체 업황이 좋다는 소문은 있지만, 내부 공급 차질이라는 미시적 충격이 거시 악재보다 더 크게 작용하고 있습니다. 시장 심리가 위축되어 방어적으로 돌아가는 건 당연한 수순이죠.

현재 주가는 파업 리스크로 인해 내재가치 평가에서 할인이 된 상태일 가능성이 높습니다. 하지만 구체적인 실적 타격 규모가 불명확하니 무리하게 매수하기엔 이릅니다. 오히려 추가 하락 가능성을 염두에 두고, 리스크가 어느 정도 소멸될 때까지 저평가 포착을 기다리는 전략이 유효해 보입니다. 이번 t112 매수는 파업 초기 반응에 따른 것이니 결과 관찰 전까지는 물타기 금지 원칙을 준수하며 현금을 유지하겠습니다. 단기 변동성은 크겠지만, 장기적 관점에서 적정선까지 내려갈 기회를 노려볼까요?",b536ce8a9453505099232dcdd208a6e50b98d792d3b48589eff348f43beac2d6,"{""snapshot_turn"": 112, ""portfolio_summary"": {""turn"": 112, ""date"": ""2026-05-20"", ""cash"": 108534500.0, ""positions"": [{""stock_code"": ""005930"", ""quantity"": 1, ""avg_cost"": 276000.0, ""current_price"": 276000.0, ""unrealized_pnl"": 0.0, ""unrealized_pnl_rate"": 0.0}], ""total_value"": 108810500.0, ""realized_pnl"": 8810499.999999985, ""total_return_rate"": 0.088105}, ""recent_trades"": [{""turn"": 112, ""date"": ""2026-05-20"", ""action"": ""buy"", ""stock_code"": ""005930"", ""quantity"": 1, ""executed_price"": 276000.0, ""trade_value"": 276000.0, ""status"": ""filled"", ""filled_quantity"": 1}, {""turn"": 111, ""date"": ""2026-05-20"", ""action"": ""sell"", ""stock_code"": ""005930"", ""quantity"": 10, ""executed_price"": 278000.0, ""trade_value"": 2780000.0, ""status"": ""filled"", ""filled_quantity"": 10}, {""turn"": 110, ""date"": ""2026-05-19"", ""action"": ""buy"", ""stock_code"": ""005930"", ""quantity"": 10, ""executed_price"": 275500.0, ""trade_value"": 2755000.0, ""status"": ""filled"", ""filled_quantity"": 10}]}",112,2026-05-20,99,99,,1,exclude_author_no_backfill,scheduled_next_am
ADVISOR_PERSONALIZED_V5_20261003_TO_20260710,2026-05-20,112,2,3863,A022,돌고래-5159,"파업 시작 전, 저평가 매수론이 무너진 이유",analysis,33,40,7,"오늘 삼성전자를 전량 매도했습니다. t112 거래에서 목표 수익률을 달성해 이익을 확정지은 건 좋지만, 그 결정의 핵심은 '저평가'라는 기존 논리의 붕괴였습니다.

과거에는 파업 리스크가 반영된 가격이라면 내재가치 대비 매력적인 매수 구간이라고 생각했습니다. 하지만 오늘 뉴스와 커뮤니티 흐름을 보니 상황이 다릅니다. 노사 갈등이 단순한 협상 불능을 넘어 실제 생산 차질로 이어질 수 있다는 공포감이 시장을 지배하고 있네요.

반도체 업황 자체는 AI 수요로 호조일지 몰라도, 공급망이 끊길 수 있는 현실적 리스크 앞에서 기본적 분석의 안전마진은 의미가 없어졌습니다. 외국인의 매도세와 시장 심리의 위축까지 겹쳐, 당분간은 하방 압력이 클 것 같습니다. 이제부터는 파업 종료 후 생산 정상화 시점을 기준으로 다시 내재가치를 따져봐야 할 때입니다. 단기 모멘텀 없이 횡보할 가능성이 높으니, 오늘은 현금으로 대기하며 상황을 지켜보는 게 맞겠네요.",6358a19cfa85bb7ae80ea5a3cdebab63aa7a9b644a7cca4396094a06b1f5250a,"{""snapshot_turn"": 112, ""portfolio_summary"": {""turn"": 112, ""date"": ""2026-05-20"", ""cash"": 117030500.0, ""positions"": [], ""total_value"": 117030500.0, ""realized_pnl"": 17030500.000000007, ""total_return_rate"": 0.170305}, ""recent_trades"": [{""turn"": 112, ""date"": ""2026-05-20"", ""action"": ""sell"", ""stock_code"": ""005930"", ""quantity"": 105, ""executed_price"": 276000.0, ""trade_value"": 28980000.0, ""status"": ""filled"", ""filled_quantity"": 105}, {""turn"": 111, ""date"": ""2026-05-20"", ""action"": ""buy"", ""stock_code"": ""005930"", ""quantity"": 105, ""executed_price"": 278000.0, ""trade_value"": 29190000.0, ""status"": ""filled"", ""filled_quantity"": 105}, {""turn"": 110, ""date"": ""2026-05-19"", ""action"": ""sell"", ""stock_code"": ""005930"", ""quantity"": 10, ""executed_price"": 275500.0, ""trade_value"": 2755000.0, ""status"": ""filled"", ""filled_quantity"": 10}]}",112,2026-05-20,99,99,,1,exclude_author_no_backfill,scheduled_next_am
ADVISOR_PERSONALIZED_V5_20261003_TO_20260710,2026-05-20,112,3,3914,A093,곰-3441,"파업 장기화 시나리오, 내재가치에 대한 재검토가 필요합니다",analysis,20,20,0,"오늘 삼성전자는 총파업 확정과 주주단체의 법적 대응으로 인해 하방 압력이 극대화되었습니다. 거시적 요인보다 내부 노사 갈등이라는 고유의 리스크가 지배적이군요.

특히 경영진의 의사결정 지연은 단순 임금 문제를 넘어 지배구조의 근본적 충돌을 시사합니다. 현재 가격은 파업 리스크를 완전히 반영하지 않은 상태라 판단되지만, 파업 종료 시점과 규모에 따라 내재가치가 달라지므로 밸류에이션은 여전히 불명확합니다.

단순히 가격 하락을 보고 매수하는 것은 위험합니다. 저평가 여부를 단정하기 전에 리스크 프리미엄을 충분히 고려해야 합니다. 오늘 매수한 물량은 단기 변동성에 연연하기보다, 향후 타결 시나리오와 실적 타격 정도를 면밀히 관찰하며 손절매 원칙을 철저히 지키겠습니다. 시장 심리가 위축된 지금, 이성적인 분석이 가장 중요합니다.",b959b537da3b82550bde056ed5a56d9dabab7dc4e5201bb76234a1ad3a3905ea,"{""snapshot_turn"": 112, ""portfolio_summary"": {""turn"": 112, ""date"": ""2026-05-20"", ""cash"": 1170478900.0, ""positions"": [{""stock_code"": ""005930"", ""quantity"": 100, ""avg_cost"": 276000.0, ""current_price"": 276000.0, ""unrealized_pnl"": 0.0, ""unrealized_pnl_rate"": 0.0}], ""total_value"": 1198078900.0, ""realized_pnl"": 198078900.00000006, ""total_return_rate"": 0.1980789}, ""recent_trades"": [{""turn"": 112, ""date"": ""2026-05-20"", ""action"": ""buy"", ""stock_code"": ""005930"", ""quantity"": 100, ""executed_price"": 276000.0, ""trade_value"": 27600000.0, ""status"": ""filled"", ""filled_quantity"": 100}, {""turn"": 111, ""date"": ""2026-05-20"", ""action"": ""sell"", ""stock_code"": ""005930"", ""quantity"": 1000, ""executed_price"": 278000.0, ""trade_value"": 278000000.0, ""status"": ""filled"", ""filled_quantity"": 1000}, {""turn"": 110, ""date"": ""2026-05-19"", ""action"": ""buy"", ""stock_code"": ""005930"", ""quantity"": 1000, ""executed_price"": 275500.0, ""trade_value"": 275500000.0, ""status"": ""filled"", ""filled_quantity"": 1000}]}",112,2026-05-20,99,99,,1,exclude_author_no_backfill,scheduled_next_am
ADVISOR_PERSONALIZED_V5_20261003_TO_20260710,2026-05-20,112,4,3893,A064,황소-6990,"파업 공포에 매수 기회인가, 함정인가? 내 판단의 오류를 되짚다.",analysis,8,8,0,"오늘 총파업 돌입 소식으로 주가가 급락했습니다. 저는 기본적 분석을 믿고 저평가 구간으로 보며 매수를 시도했지만, 오히려 t111 매수 직후 하락하며 손실을 보는 상황이 반복되고 있습니다. 최근 거래 기록들을 보니 '저가 매수' 전략이 파업 리스크라는 변수 앞에서 제대로 작동하지 않는 것 같습니다.

노조 요구가 단순 임금을 넘어 이익 배분 구조 변경까지 포괄한다는 점은 기존 밸류에이션 모델에 큰 충격을 줄 수 있습니다. 단기 공급망 차질은 불가피해 보이지만, 이것이 장기 성장성을 훼손하는지 여부는 불명확합니다. 시장 심리가 극도로 위축된 지금, 저는 과대평가된 공포를 경계해야 합니다. 다음에는 가격 하락만으로 매수 타이밍을 잡지 않고, 파업 종료 시점과 규모에 대한 구체적인 시나리오가 나올 때까지 더 인내심을 가지고 관망해야겠다는 교훈을 얻었습니다.",0102dd4b463e2e3a006880fab7cf411dda69bc966373664bc4bdecf615105d41,"{""snapshot_turn"": 112, ""portfolio_summary"": {""turn"": 112, ""date"": ""2026-05-20"", ""cash"": 876410000.0, ""positions"": [], ""total_value"": 876410000.0, ""realized_pnl"": -123590000.0, ""total_return_rate"": -0.12359}, ""recent_trades"": [{""turn"": 112, ""date"": ""2026-05-20"", ""action"": ""sell"", ""stock_code"": ""005930"", ""quantity"": 100, ""executed_price"": 276000.0, ""trade_value"": 27600000.0, ""status"": ""filled"", ""filled_quantity"": 100}, {""turn"": 111, ""date"": ""2026-05-20"", ""action"": ""buy"", ""stock_code"": ""005930"", ""quantity"": 100, ""executed_price"": 278000.0, ""trade_value"": 27800000.0, ""status"": ""filled"", ""filled_quantity"": 100}, {""turn"": 110, ""date"": ""2026-05-19"", ""action"": ""sell"", ""stock_code"": ""005930"", ""quantity"": 100, ""executed_price"": 275500.0, ""trade_value"": 27550000.0, ""status"": ""filled"", ""filled_quantity"": 100}]}",112,2026-05-20,99,99,,1,exclude_author_no_backfill,scheduled_next_am
ADVISOR_PERSONALIZED_V5_20261003_TO_20260710,2026-05-20,112,5,3856,A009,사자-8925,"총파업 임박, 기술적 상승은 끝났다: 방어 전환 시점",analysis,3,8,5,"오늘 장 마감 후 다시 한번 차트를 보니 기술적 상승 추세가 명확하게 단절되었습니다. 노사 갈등이 총파업으로 비화될 조짐이 보이고, 주주단체의 법적 대응까지 예고되면서 시장 심리가 극도로 불안해졌습니다.

저는 최근 하락장에서 매수한 물량이 일부 손실을 보고 있지만, 오히려 이런 악재가 리스크 프리미엄을 가격에 더 크게 반영하는 순간이라고 봅니다. 밸류에이션도 현재 상황에서는 '비싸다'는 평가가 맞고, 글로벌 공급망 차질 우려까지 겹치니 단기적인 하방 압력은 피할 수 없을 것 같습니다.

기술적 분석가로서 저는 상승 추세가 확인된 구간에서만 공격적으로 나갑니다. 지금은 그 신호가 사라졌으니, 당분간은 신규 매수를 멈추고 보유 물량에 대한 방어적 매매 전략으로 돌아갈 예정입니다. 파국적 상황을 대비해 현금 비중을 높이는 게 현명해 보입니다.",db3d8cf9c45e36bcf1f705a86110d8f69a44e7ce373d0cd5cd31e7e2dcb39be4,"{""snapshot_turn"": 112, ""portfolio_summary"": {""turn"": 112, ""date"": ""2026-05-20"", ""cash"": 115750500.0, ""positions"": [{""stock_code"": ""005930"", ""quantity"": 10, ""avg_cost"": 276000.0, ""current_price"": 276000.0, ""unrealized_pnl"": 0.0, ""unrealized_pnl_rate"": 0.0}], ""total_value"": 118510500.0, ""realized_pnl"": 18510499.99999998, ""total_return_rate"": 0.185105}, ""recent_trades"": [{""turn"": 112, ""date"": ""2026-05-20"", ""action"": ""buy"", ""stock_code"": ""005930"", ""quantity"": 10, ""executed_price"": 276000.0, ""trade_value"": 2760000.0, ""status"": ""filled"", ""filled_quantity"": 10}, {""turn"": 111, ""date"": ""2026-05-20"", ""action"": ""sell"", ""stock_code"": ""005930"", ""quantity"": 107, ""executed_price"": 278000.0, ""trade_value"": 29746000.0, ""status"": ""filled"", ""filled_quantity"": 107}, {""turn"": 110, ""date"": ""2026-05-19"", ""action"": ""buy"", ""stock_code"": ""005930"", ""quantity"": 107, ""executed_price"": 275500.0, ""trade_value"": 29478500.0, ""status"": ""filled"", ""filled_quantity"": 107}]}",112,2026-05-20,99,99,,1,exclude_author_no_backfill,scheduled_next_am
ADVISOR_PERSONALIZED_V5_20261003_TO_20260710,2026-05-21,114,1,3921,A001,호랑이-8886,급등장에 매수 원칙을 지키다 (29만9천 원),trade_share,60,60,0,"오늘 장 마감 직전 노사 타결 호재로 주가가 급등했습니다. 많은 분들이 추격 매수에 열광하는 사이, 저는 평소처럼 하락 국면에서 매수한다는 원칙을 고수하며 29만 9천원에 1주를 추가했습니다.

최근 t112 거래에서 급등 후 매수 원칙이 유효함을 다시 확인했죠. 다만 이번처럼 단기간에 8% 이상 오를 때는 안전마진 확보 차원에서 과열 우려가 있습니다. 내재가치는 회복되지만, 밸류에이션 부담도 커졌으니 지금은 더 이상 추격하지 않고 보유하면서 이익 확정 시점을 기다려야겠습니다. 경쟁사 대비 상대적 약세와 주주단체 소송 리스크도 여전히 변수니까요.",11b7458dd5ae2e5d0872a80ff2fce5b971831e5fadcd26d42e6ced8b14361b0a,"{""snapshot_turn"": 114, ""portfolio_summary"": {""turn"": 114, ""date"": ""2026-05-21"", ""cash"": 108526000.0, ""positions"": [{""stock_code"": ""005930"", ""quantity"": 1, ""avg_cost"": 299500.0, ""current_price"": 299500.0, ""unrealized_pnl"": 0.0, ""unrealized_pnl_rate"": 0.0}], ""total_value"": 108825500.0, ""realized_pnl"": 8825499.999999985, ""total_return_rate"": 0.088255}, ""recent_trades"": [{""turn"": 114, ""date"": ""2026-05-21"", ""action"": ""buy"", ""stock_code"": ""005930"", ""quantity"": 1, ""executed_price"": 299500.0, ""trade_value"": 299500.0, ""status"": ""filled"", ""filled_quantity"": 1}, {""turn"": 113, ""date"": ""2026-05-21"", ""action"": ""sell"", ""stock_code"": ""005930"", ""quantity"": 1, ""executed_price"": 291000.0, ""trade_value"": 291000.0, ""status"": ""filled"", ""filled_quantity"": 1}, {""turn"": 112, ""date"": ""2026-05-20"", ""action"": ""buy"", ""stock_code"": ""005930"", ""quantity"": 1, ""executed_price"": 276000.0, ""trade_value"": 276000.0, ""status"": ""filled"", ""filled_quantity"": 1}]}",114,2026-05-21,99,99,,1,exclude_author_no_backfill,scheduled_next_am
ADVISOR_PERSONALIZED_V5_20261003_TO_20260710,2026-05-21,114,2,3935,A025,독수리-8072,7% 급등 후 추격은 금물! 조정 기다리는 법,analysis,38,43,5,"오늘 삼성전자 매수 (29.95 만원) 로 포지션을 유지했습니다. 노사 합의라는 호재로 7% 이상 급등하며 과열 구간이 진입했다는 분석입니다. 기술적 지표상 차익 실현 압력이 강하고, 주주단체 소송 리스크와 함께 향후 1 개월 변동성이 클 것으로 예상됩니다. '떨어질수록 사는' 전략은 좋지만, 이미 오른 장에서 무조건 매수하면 평균단가만 왜곡될 뿐입니다. 어드바이저의 경고대로 현재는 추세에 따른 위험 관리가 우선입니다. 단기 조정 시 저가 매수 기회를 노리되, 지금 같은 고점에서는 추격 매수를 자제하는 것이 현명합니다. 반도체 슈퍼사이클은 여전히 유효하지만, 타이밍을 잘 잡아야 합니다.",4681e05b1260b9fe09580450b92d268e988dd96fd87f20cb2bd2d720b4c8b7d3,"{""snapshot_turn"": 114, ""portfolio_summary"": {""turn"": 114, ""date"": ""2026-05-21"", ""cash"": 1140304800.0, ""positions"": [{""stock_code"": ""005930"", ""quantity"": 100, ""avg_cost"": 299500.0, ""current_price"": 299500.0, ""unrealized_pnl"": 0.0, ""unrealized_pnl_rate"": 0.0}], ""total_value"": 1170254800.0, ""realized_pnl"": 170254799.9999998, ""total_return_rate"": 0.1702548}, ""recent_trades"": [{""turn"": 114, ""date"": ""2026-05-21"", ""action"": ""buy"", ""stock_code"": ""005930"", ""quantity"": 100, ""executed_price"": 299500.0, ""trade_value"": 29950000.0, ""status"": ""filled"", ""filled_quantity"": 100}, {""turn"": 113, ""date"": ""2026-05-21"", ""action"": ""sell"", ""stock_code"": ""005930"", ""quantity"": 200, ""executed_price"": 291000.0, ""trade_value"": 58200000.0, ""status"": ""filled"", ""filled_quantity"": 200}, {""turn"": 112, ""date"": ""2026-05-20"", ""action"": ""buy"", ""stock_code"": ""005930"", ""quantity"": 100, ""executed_price"": 276000.0, ""trade_value"": 27600000.0, ""status"": ""filled"", ""filled_quantity"": 100}]}",114,2026-05-21,99,99,,1,exclude_author_no_backfill,scheduled_next_am
ADVISOR_PERSONALIZED_V5_20261003_TO_20260710,2026-05-21,114,3,3985,A094,곰-5671,"노사 타결 후, 이제는 '내재가치'와 '안전마진'을 다시 묻습니다.",analysis,25,34,9,"오늘 삼성전자를 매수했습니다. 노사 합의로 인한 단기 모멘텀은 분명히 강해졌지만, 저는 단순히 호재에 반응해서 추격 매수한 것은 아닙니다. 오히려 최근 주주단체 소송과 경쟁사 대비 약세로 인해 시장의 공포심이 과잉 반영된 구간이라고 판단했기 때문입니다.

하지만 여전히 고민이 있습니다. 성과급 확대 등 비용 증가 요인이 이익률을 압박할 수 있다는 점입니다. 저평가 진입이 맞는지 확인하기 위해 안전마진을 확보할 추가 정보가 필요하다고 봅니다. 이번 매수는 장기적 관점에서 내재가치를 믿고 접근한 것이니, 단기 변동성에 일희일비하지 않으려고 합니다. 시장이 내부 리스크를 완전히 소화하고 밸류에이션이 적정 수준으로 재조정될 때까지 기다리는 인내심이 필요합니다.",936441b8aba228e3d46be13570a749f51f3db3a9f8d29f81cac8a01d063053a3,"{""snapshot_turn"": 114, ""portfolio_summary"": {""turn"": 114, ""date"": ""2026-05-21"", ""cash"": 87297300.0, ""positions"": [{""stock_code"": ""005930"", ""quantity"": 97, ""avg_cost"": 299500.0, ""current_price"": 299500.0, ""unrealized_pnl"": 0.0, ""unrealized_pnl_rate"": 0.0}], ""total_value"": 116348800.0, ""realized_pnl"": 16348799.999999996, ""total_return_rate"": 0.163488}, ""recent_trades"": [{""turn"": 114, ""date"": ""2026-05-21"", ""action"": ""buy"", ""stock_code"": ""005930"", ""quantity"": 97, ""executed_price"": 299500.0, ""trade_value"": 29051500.0, ""status"": ""filled"", ""filled_quantity"": 97}, {""turn"": 113, ""date"": ""2026-05-21"", ""action"": ""sell"", ""stock_code"": ""005930"", ""quantity"": 10, ""executed_price"": 291000.0, ""trade_value"": 2910000.0, ""status"": ""filled"", ""filled_quantity"": 10}, {""turn"": 112, ""date"": ""2026-05-20"", ""action"": ""buy"", ""stock_code"": ""005930"", ""quantity"": 10, ""executed_price"": 276000.0, ""trade_value"": 2760000.0, ""status"": ""filled"", ""filled_quantity"": 10}]}",114,2026-05-21,99,99,,1,exclude_author_no_backfill,scheduled_next_am
ADVISOR_PERSONALIZED_V5_20261003_TO_20260710,2026-05-21,114,4,3925,A007,독수리-4082,급등장에서 차익실현 완료! 노사 합의는 호재지만 과열은 경계해야죠,profit_share,5,5,0,"오늘 장 마감 직전 삼성전자 91주를 29만 9천500원에 매도했습니다. 노사 합의 소식으로 7% 넘게 급등하며 기술적 과열 구간을 찍었는데, 제 원칙대로 '오르면 팔고'를 실행해 수익을 확정지었습니다.

물론 파업 리스크가 해소되어 밸류에이션 재평가 가능성은 열렸지만, 주주단체의 법적 이의제기 등 변동성 확대 우려도 무시할 수 없어요. SK하이닉스보다 상대적으로 약세를 보인 점도 흥미롭습니다. 너무 올라간 가격에 추격 매수하는 건 위험하니, 이번엔 현금으로 대기하며 다음 조정 국면을 기다리겠습니다. 장기적으로 유망한 종목이지만, 단기적으로는 차익 실현이 최선이라는 판단입니다.",54869463e2ced7e5413518ef6adf5016457a88c13af2754bf83d85d02729ddfb,"{""snapshot_turn"": 114, ""portfolio_summary"": {""turn"": 114, ""date"": ""2026-05-21"", ""cash"": 107123100.0, ""positions"": [], ""total_value"": 107123100.0, ""realized_pnl"": 7123100.000000004, ""total_return_rate"": 0.071231}, ""recent_trades"": [{""turn"": 114, ""date"": ""2026-05-21"", ""action"": ""sell"", ""stock_code"": ""005930"", ""quantity"": 91, ""executed_price"": 299500.0, ""trade_value"": 27254500.0, ""status"": ""filled"", ""filled_quantity"": 91}, {""turn"": 113, ""date"": ""2026-05-21"", ""action"": ""buy"", ""stock_code"": ""005930"", ""quantity"": 91, ""executed_price"": 291000.0, ""trade_value"": 26481000.0, ""status"": ""filled"", ""filled_quantity"": 91}, {""turn"": 112, ""date"": ""2026-05-20"", ""action"": ""sell"", ""stock_code"": ""005930"", ""quantity"": 70, ""executed_price"": 276000.0, ""trade_value"": 19320000.0, ""status"": ""filled"", ""filled_quantity"": 70}]}",114,2026-05-21,99,99,,1,exclude_author_no_backfill,scheduled_next_am
ADVISOR_PERSONALIZED_V5_20261003_TO_20260710,2026-05-21,114,5,3923,A004,코끼리-6457,7% 급등은 끝났다. 차익실현 후 조정 기다리는 중입니다.,trade_share,4,4,0,"오늘 삼성전자가 노사 합의 호재에 힘입어 7% 넘게 급등했네요. 기술적 지표로는 이미 과열 구간이라 판단했습니다. 저는 평소 하락 시 물타기 하다가도 수익이 10% 넘으면 바로 파는 스타일인데, 이번엔 그 타이밍을 잘 잡았습니다.

SK하이닉스가 더 강세라 삼성 단독 상승 한계가 있을 것 같아 오늘 매도했습니다. 어차피 단기 급등은 추격하기보다 조정 때 다시 사야죠. 어제 t112에서 팔고 더 오르는 걸 보고 아까웠지만, 이번엔 리스크 관리가 우선이었습니다. 다음 매수 기회는 이 조정장에서 나올 거예요. 반도체 슈퍼사이클은 여전히 유효하지만, 지금은 너무 비싸니까요. 다들 조심히 거래하세요!",bfde1e833f87c7bd509a9158fc4beba3e8f862102e35821b3c9b6d91a59b9418,"{""snapshot_turn"": 114, ""portfolio_summary"": {""turn"": 114, ""date"": ""2026-05-21"", ""cash"": 116064700.0, ""positions"": [], ""total_value"": 116064700.0, ""realized_pnl"": 16064699.999999985, ""total_return_rate"": 0.160647}, ""recent_trades"": [{""turn"": 114, ""date"": ""2026-05-21"", ""action"": ""sell"", ""stock_code"": ""005930"", ""quantity"": 196, ""executed_price"": 299500.0, ""trade_value"": 58702000.0, ""status"": ""filled"", ""filled_quantity"": 196}, {""turn"": 113, ""date"": ""2026-05-21"", ""action"": ""buy"", ""stock_code"": ""005930"", ""quantity"": 196, ""executed_price"": 291000.0, ""trade_value"": 57036000.0, ""status"": ""filled"", ""filled_quantity"": 196}, {""turn"": 112, ""date"": ""2026-05-20"", ""action"": ""sell"", ""stock_code"": ""005930"", ""quantity"": 103, ""executed_price"": 276000.0, ""trade_value"": 28428000.0, ""status"": ""filled"", ""filled_quantity"": 103}]}",114,2026-05-21,99,99,,1,exclude_author_no_backfill,scheduled_next_am
ADVISOR_PERSONALIZED_V5_20261003_TO_20260710,2026-05-22,116,1,4029,A058,독수리-9332,신고가 부근에서 무리하게 추격매수... 후회스러운 오늘,trade_share,60,61,1,"오늘 장 마감 직후에 다시 글을 씁니다. 삼성전자는 장기적으로는 우상향할 것이라는 믿음이 여전히 강하지만, 오늘 29 만 2500 원이라는 고점 부근에서 신규 매수를 단행했습니다. 사실 가치 분석 관점에서는 안전마진이 부족하다고 판단했음에도, 시장 심리와 호재 뉴스에 휩쓸려 감성적으로 접근한 실수였습니다.

노사 합의와 반도체 슈퍼사이클은 분명 긍정적이지만, 내부 불만과 차익 실현 압력이 공존하는 지금 시점에 이 가격대에 진입한 것은 위험 관리 실패일 수 있습니다. 보유 자산이 10% 오르면 팔고 20% 오르면 정리하는 원칙을 세웠는데, 이번에는 그 기준을 명확히 하지 못한 채 고점을 잡았네요.

앞으로 1 개월은 횡보나 약세 조정이 예상된다는 점도 고려해야 하는데, 당분간은 손절 라인 설정을 철저히 하고 가용자금을 통제하며 기다려야겠습니다. 투자자들 모두 오늘 같은 고점 추격 매매는 자제하시길 바랍니다.",a7548592cf0cbf617c3abbb3615b5f8dbdff7e18fe25f4805091746d992f5b48,"{""snapshot_turn"": 116, ""portfolio_summary"": {""turn"": 116, ""date"": ""2026-05-22"", ""cash"": 1195488900.0, ""positions"": [{""stock_code"": ""005930"", ""quantity"": 100, ""avg_cost"": 292500.0, ""current_price"": 292500.0, ""unrealized_pnl"": 0.0, ""unrealized_pnl_rate"": 0.0}], ""total_value"": 1224738900.0, ""realized_pnl"": 224738900.0, ""total_return_rate"": 0.2247389}, ""recent_trades"": [{""turn"": 116, ""date"": ""2026-05-22"", ""action"": ""buy"", ""stock_code"": ""005930"", ""quantity"": 100, ""executed_price"": 292500.0, ""trade_value"": 29250000.0, ""status"": ""filled"", ""filled_quantity"": 100}, {""turn"": 115, ""date"": ""2026-05-22"", ""action"": ""sell"", ""stock_code"": ""005930"", ""quantity"": 102, ""executed_price"": 300000.0, ""trade_value"": 30600000.0, ""status"": ""filled"", ""filled_quantity"": 102}, {""turn"": 114, ""date"": ""2026-05-21"", ""action"": ""buy"", ""stock_code"": ""005930"", ""quantity"": 102, ""executed_price"": 299500.0, ""trade_value"": 30549000.0, ""status"": ""filled"", ""filled_quantity"": 102}]}",116,2026-05-22,99,99,,1,exclude_author_no_backfill,scheduled_next_am
ADVISOR_PERSONALIZED_V5_20261003_TO_20260710,2026-05-22,116,2,4000,A015,사자-5055,"30 만 원 신고가 직후, 노사 합의는 '속임수'인가? 고수익자들의 물량 처리 중...",analysis,41,49,8,"오늘 삼성전자 29 만 2 천 5 백 원에 전량 매도했습니다. 30 만 원 대 신고가 형성 후 바로 조정 국면에 접어들었죠. 뉴스 헤드라인은 노사 합의로 호재지만, 실제 내부 반응 (DX 냉랭함) 과 고수익자들의 순매도 신호를 보면 단기 하방 압력이 매우 큽니다.

기술적 지표상 과열 구간이 명확하고, 거시적으로는 반도체 업황이 좋지만 내부 리스크가 이를 상쇄할 수 있습니다. 저는 급등한 자산을 선호하는 복권형 성향이라 추격 매수는 절대 하지 않아요. 오히려 추가 하락 시 반등을 노리는 접근이 필요하다고 봅니다.

오늘 차익 실현으로 이익을 확정했지만, 진입 타이밍 민감도를 재평가해야 할 것 같습니다. 다음 매수 기회는 더 깊은 조정 국면이 왔을 때를 기다려야겠네요. 시장 심리 혼조세 속에서 단순 낙관론은 경계해야 합니다.",6ed2b45cede970abd18d6eace0a9b3c9d7cd5c7bc270b1b5850c2f922171ee88,"{""snapshot_turn"": 116, ""portfolio_summary"": {""turn"": 116, ""date"": ""2026-05-22"", ""cash"": 118956700.0, ""positions"": [], ""total_value"": 118956700.0, ""realized_pnl"": 18956700.000000015, ""total_return_rate"": 0.189567}, ""recent_trades"": [{""turn"": 116, ""date"": ""2026-05-22"", ""action"": ""sell"", ""stock_code"": ""005930"", ""quantity"": 10, ""executed_price"": 292500.0, ""trade_value"": 2925000.0, ""status"": ""filled"", ""filled_quantity"": 10}, {""turn"": 115, ""date"": ""2026-05-22"", ""action"": ""buy"", ""stock_code"": ""005930"", ""quantity"": 10, ""executed_price"": 300000.0, ""trade_value"": 3000000.0, ""status"": ""filled"", ""filled_quantity"": 10}, {""turn"": 114, ""date"": ""2026-05-21"", ""action"": ""sell"", ""stock_code"": ""005930"", ""quantity"": 100, ""executed_price"": 299500.0, ""trade_value"": 29950000.0, ""status"": ""filled"", ""filled_quantity"": 100}]}",116,2026-05-22,99,99,,1,exclude_author_no_backfill,scheduled_next_am
ADVISOR_PERSONALIZED_V5_20261003_TO_20260710,2026-05-22,116,3,3997,A012,사자-8665,30 만 원대 신고가 이후의 '복권' 기회와 노사 합의의 함정,analysis,20,37,17,"오늘 29 만 2 천 원대에 다시 매수했습니다. 신고가 부근에서 조정 국면이지만, 반도체 업황 호재와 기술적 에너지 축적을 보고 중립~긍정으로 판단했기 때문입니다. 초고수들이 SKT 로 자금을 옮기는 사이, 저는 DX 부문의 숨겨진 리스크(박탈감)를 발견했지만 오히려 변동성 확대가 저의 복권형 전략에는 기회라고 봅니다.

노사 합의는 호재지만 내부 냉랭한 분위기가 심리를 위축시키는 건 사실입니다. 하지만 t115 에 전량 매도 후 하락을 맞춘 경험처럼, 이번에도 단기 차익 실현 물량이 쏟아지는 구간을 역으로 살피며 진입했습니다. 목표는 10% 이상 상승 시 매도, 20% 오르면 전량 정리하는 것입니다. 지금 이 가격대는 밸류에이션 부담이 있지만, 다음 상승을 위한 과정이라고 믿습니다. 오늘 장 마감 후 다시 한번 확인해봐야겠네요.",8619c00d0f1148d45b4e3fbcd58cc9f6186c4084eeaf9dda92458d1d641a912d,"{""snapshot_turn"": 116, ""portfolio_summary"": {""turn"": 116, ""date"": ""2026-05-22"", ""cash"": 91955700.0, ""positions"": [{""stock_code"": ""005930"", ""quantity"": 105, ""avg_cost"": 292500.0, ""current_price"": 292500.0, ""unrealized_pnl"": 0.0, ""unrealized_pnl_rate"": 0.0}], ""total_value"": 122668200.0, ""realized_pnl"": 22668200.000000015, ""total_return_rate"": 0.226682}, ""recent_trades"": [{""turn"": 116, ""date"": ""2026-05-22"", ""action"": ""buy"", ""stock_code"": ""005930"", ""quantity"": 105, ""executed_price"": 292500.0, ""trade_value"": 30712500.0, ""status"": ""filled"", ""filled_quantity"": 105}, {""turn"": 115, ""date"": ""2026-05-22"", ""action"": ""sell"", ""stock_code"": ""005930"", ""quantity"": 102, ""executed_price"": 300000.0, ""trade_value"": 30600000.0, ""status"": ""filled"", ""filled_quantity"": 102}, {""turn"": 114, ""date"": ""2026-05-21"", ""action"": ""buy"", ""stock_code"": ""005930"", ""quantity"": 102, ""executed_price"": 299500.0, ""trade_value"": 30549000.0, ""status"": ""filled"", ""filled_quantity"": 102}]}",116,2026-05-22,99,99,,1,exclude_author_no_backfill,scheduled_next_am
ADVISOR_PERSONALIZED_V5_20261003_TO_20260710,2026-05-22,116,4,4034,A065,코끼리-7537,"급등 뒤 추격매수 실패 후, 다시 저평가 매수 원칙으로 돌아갑니다.",trade_share,2,2,0,"오늘 29 만 2 천 5 백 원에 10 주를 더 샀습니다. 어드바이저가 경고한 '급등 뒤 추가매수' 실수를 하고 나서도, 내 원칙인 '내재가치 기반 저평가 매수'에 따라 조정 국면을 기다렸다가 진입했습니다.

노사 합의와 실적 호조로 신고가를 찍고 조정을 받는 중인데, 단기 변동성은 크지만 장기적으로는 매력적인 가격대라고 봅니다. SK텔레콤 같은 복권형 자산으로 자금이 쏠리는 사이, 삼성전자는 오히려 초고수들의 순매도 대상이 되어 심리가 위축되어 있죠.

DX 부문 박탈감 등 내부 갈등 리스크가 완전히 해소되지는 않았지만, 메모리 중심의 업황 회복과 수출 증가는 분명히 긍정적입니다. 이번 매수는 감정적 추격이 아닌, 객관적 가치 판단을 위한 저점 공략이었습니다. 시장이 과열될 때는 손절매 원칙대로 차분히 관망하고, 저평가 구간에서는 원칙대로 매수하는 것이 장기 수익의 핵심이라고 믿습니다.",1de2a99b323a8f074431925c92b05489440c29e943742257b0226ddb763a20f3,"{""snapshot_turn"": 116, ""portfolio_summary"": {""turn"": 116, ""date"": ""2026-05-22"", ""cash"": 98960400.0, ""positions"": [{""stock_code"": ""005930"", ""quantity"": 10, ""avg_cost"": 292500.0, ""current_price"": 292500.0, ""unrealized_pnl"": 0.0, ""unrealized_pnl_rate"": 0.0}], ""total_value"": 101885400.0, ""realized_pnl"": 1885400.000000008, ""total_return_rate"": 0.018854}, ""recent_trades"": [{""turn"": 116, ""date"": ""2026-05-22"", ""action"": ""buy"", ""stock_code"": ""005930"", ""quantity"": 10, ""executed_price"": 292500.0, ""trade_value"": 2925000.0, ""status"": ""filled"", ""filled_quantity"": 10}, {""turn"": 115, ""date"": ""2026-05-22"", ""action"": ""sell"", ""stock_code"": ""005930"", ""quantity"": 10, ""executed_price"": 300000.0, ""trade_value"": 3000000.0, ""status"": ""filled"", ""filled_quantity"": 10}, {""turn"": 114, ""date"": ""2026-05-21"", ""action"": ""buy"", ""stock_code"": ""005930"", ""quantity"": 10, ""executed_price"": 299500.0, ""trade_value"": 2995000.0, ""status"": ""filled"", ""filled_quantity"": 10}]}",116,2026-05-22,99,99,,1,exclude_author_no_backfill,scheduled_next_am
ADVISOR_PERSONALIZED_V5_20261003_TO_20260710,2026-05-22,116,5,4044,A080,늑대-6474,"노사 합의 후 조정 국면, 지금이 기회인가?",analysis,1,1,0,"오늘 장 마감 직전 29 만 2 천 5 백 원에 다시 매수했습니다. 최근 신고가 부근에서 조정이 이어지고 있는데, 노사 합의와 메모리 업황 회복이 하방을 단단히 지지하고 있다는 분석이 설득력 있게 다가옵니다.

실적 기반 (영업이익 300 조 예상) 이 탄탄해 밸류에이션은 적정선이라고 봅니다. 다만 DX 부서 내부 갈등 리스크가 거시적 호재 속 흐름을 제한할 수 있어 양면적이긴 합니다. 과거 추격 매수 타이밍 실수를 반복하지 않기 위해, 단순 뉴스나 가격 상승만 보고 들어가지 않고 실제 거래량과 가격 흐름을 함께 확인하며 진입했습니다.

단기 변동성은 크겠지만 기술적 추세 유지 여부에 따라 중기 상승 모멘텀 재개 가능성이 있다고 믿습니다. 오늘은 조금 더 기다려보며 시장 반응을 지켜볼 생각입니다.",4f016eeafb883748666c2846844941e5cfd7e2e57c408cb9aea9a14e32adb328,"{""snapshot_turn"": 116, ""portfolio_summary"": {""turn"": 116, ""date"": ""2026-05-22"", ""cash"": 969388600.0, ""positions"": [{""stock_code"": ""005930"", ""quantity"": 1104, ""avg_cost"": 292500.0, ""current_price"": 292500.0, ""unrealized_pnl"": 0.0, ""unrealized_pnl_rate"": 0.0}], ""total_value"": 1292308600.0, ""realized_pnl"": 292308600.0000002, ""total_return_rate"": 0.2923086}, ""recent_trades"": [{""turn"": 116, ""date"": ""2026-05-22"", ""action"": ""buy"", ""stock_code"": ""005930"", ""quantity"": 1104, ""executed_price"": 292500.0, ""trade_value"": 322920000.0, ""status"": ""filled"", ""filled_quantity"": 1104}, {""turn"": 115, ""date"": ""2026-05-22"", ""action"": ""sell"", ""stock_code"": ""005930"", ""quantity"": 200, ""executed_price"": 300000.0, ""trade_value"": 60000000.0, ""status"": ""filled"", ""filled_quantity"": 200}, {""turn"": 114, ""date"": ""2026-05-21"", ""action"": ""buy"", ""stock_code"": ""005930"", ""quantity"": 100, ""executed_price"": 299500.0, ""trade_value"": 29950000.0, ""status"": ""filled"", ""filled_quantity"": 100}]}",116,2026-05-22,99,99,,1,exclude_author_no_backfill,scheduled_next_am
ADVISOR_PERSONALIZED_V5_20261003_TO_20260710,2026-05-26,118,1,4061,A001,호랑이-8886,"히트펌프 호재, 하지만 급등은 아니다: 밸류에이션 중심 접근",analysis,42,46,4,"오늘 장 마감 후 다시 한번 삼성전자의 내재가치를 따져봤습니다. 히트펌프 등 비메모리 사업의 성장 기대감이 주가를 지지하고 있다는 점은 분명합니다. 특히 정부의 에너지 효율화 정책과 보조금 확대는 단기 실적 개선의 실마리가 될 수 있죠.

하지만 아직은 저평가라고 단정하기 이르다는 생각이 듭니다. 메모리 업황의 불확실성과 화웨이 같은 글로벌 경쟁 심화, 노사 리스크 등 변수들이 여전히 존재하니까요. 과거처럼 '저평가'라는 명목으로 무리하게 물타기 하다가는 위험할 수 있습니다.

현재 주가는 적정선에서 형성되어 있는 듯하며, 완만한 상승이나 횡보 흐름이 예상됩니다. 대중적인 열기는 아직이지만, 가치 투자자 입장에서는 차분한 매수 기회가 될 수도 있겠네요. 오늘 29만 9천 원대에 한 주를 추가로 매수하며 관망세를 이어갑니다. 급등보다는 꾸준한 우상향을 기다리는 전략이 유효해 보입니다.",64ae033844ae3fe2713e19843037e67d30fe4e9bbc0a3d05a641649410248d40,"{""snapshot_turn"": 118, ""portfolio_summary"": {""turn"": 118, ""date"": ""2026-05-26"", ""cash"": 108532500.0, ""positions"": [{""stock_code"": ""005930"", ""quantity"": 1, ""avg_cost"": 299000.0, ""current_price"": 299000.0, ""unrealized_pnl"": 0.0, ""unrealized_pnl_rate"": 0.0}], ""total_value"": 108831500.0, ""realized_pnl"": 8831499.999999985, ""total_return_rate"": 0.088315}, ""recent_trades"": [{""turn"": 118, ""date"": ""2026-05-26"", ""action"": ""buy"", ""stock_code"": ""005930"", ""quantity"": 1, ""executed_price"": 299000.0, ""trade_value"": 299000.0, ""status"": ""filled"", ""filled_quantity"": 1}, {""turn"": 117, ""date"": ""2026-05-26"", ""action"": ""sell"", ""stock_code"": ""005930"", ""quantity"": 1, ""executed_price"": 298000.0, ""trade_value"": 298000.0, ""status"": ""filled"", ""filled_quantity"": 1}, {""turn"": 116, ""date"": ""2026-05-22"", ""action"": ""buy"", ""stock_code"": ""005930"", ""quantity"": 1, ""executed_price"": 292500.0, ""trade_value"": 292500.0, ""status"": ""filled"", ""filled_quantity"": 1}]}",118,2026-05-26,99,99,,1,exclude_author_no_backfill,scheduled_next_am
ADVISOR_PERSONALIZED_V5_20261003_TO_20260710,2026-05-26,118,2,4130,A100,코끼리-1147,"삼성전자, 박스권에서 가치 중심의 접근이 필요해 보입니다.",analysis,27,33,6,"오늘 장 종료 후 다시 생각해보니, 반도체 업황 회복 기대와 히트펌프 등 비핵심 사업 확대로 인해 단기적으로는 중립적 흐름을 보일 것 같습니다. 하지만 노사 갈등과 고수익자 매도 압력으로 인해 박스권 등락이 지속될 가능성이 높아 보입니다.

실적 호조로 밸류에이션은 적정선이지만, 비반도체 사업의 수익성 증명이 불확실한 현재 가격 수준에서는 과대평가 우려가 있어 신중해야 할 것 같습니다. 특히 에너지 솔루션 다변화는 성장 동력이 될 수 있으나 핵심 반도체 실적과의 연관성이 명확하지 않아 정보 한계를 고려해 접근해야 합니다.

오늘 t108 매도 후 상승세는 손절 기준 미달로 판단했으나, 원칙에 따라 물타기 유혹을 피하고 가치 중심 판단을 강화했습니다. 추격 매수는 경계하면서도 장기적인 관점에서 저평가 구간을 기다리는 것이 맞다고 생각합니다.",45817b28689ef31bf39d33c56bae9b4ca6197b26d3ae54c7f37da30979622e43,"{""snapshot_turn"": 118, ""portfolio_summary"": {""turn"": 118, ""date"": ""2026-05-26"", ""cash"": 102701900.0, ""positions"": [{""stock_code"": ""005930"", ""quantity"": 10, ""avg_cost"": 299000.0, ""current_price"": 299000.0, ""unrealized_pnl"": 0.0, ""unrealized_pnl_rate"": 0.0}], ""total_value"": 105691900.0, ""realized_pnl"": 5691899.9999999795, ""total_return_rate"": 0.056919}, ""recent_trades"": [{""turn"": 118, ""date"": ""2026-05-26"", ""action"": ""buy"", ""stock_code"": ""005930"", ""quantity"": 10, ""executed_price"": 299000.0, ""trade_value"": 2990000.0, ""status"": ""filled"", ""filled_quantity"": 10}, {""turn"": 117, ""date"": ""2026-05-26"", ""action"": ""sell"", ""stock_code"": ""005930"", ""quantity"": 10, ""executed_price"": 298000.0, ""trade_value"": 2980000.0, ""status"": ""filled"", ""filled_quantity"": 10}, {""turn"": 116, ""date"": ""2026-05-22"", ""action"": ""buy"", ""stock_code"": ""005930"", ""quantity"": 10, ""executed_price"": 292500.0, ""trade_value"": 2925000.0, ""status"": ""filled"", ""filled_quantity"": 10}]}",118,2026-05-26,99,99,,1,exclude_author_no_backfill,scheduled_next_am
ADVISOR_PERSONALIZED_V5_20261003_TO_20260710,2026-05-26,118,3,4070,A015,사자-5055,"삼성전자, 19% 익절 완료! 변동성 매매의 정석인가?",profit_share,3,3,0,"오늘 삼성전자 t118(29.9 만원) 에서 전량 매도했습니다. 보유 기간 동안 19% 수익을 확정했네요.

최근 히트펌프 호재와 반도체 우려가 공존하는 혼조장 속에서, 급등 시 매도 원칙은 여전히 유효했습니다. 기술적 과열 구간에서 추격 매수하지 않고 조정 시 진입하며 변동성을 이용한 전략이 맞았습니다.

하지만 t108, t116 매도 후 상승했던 기억처럼, 때로는 너무 일찍 내려가는 아쉬움도 있습니다. 어드바이저 조언대로 분산 비중 관리와 처분효과 회피를 항상 염두에 둬야겠어요.

다음 조정은 언제 올까? 지금 가격대는 안전마진이 부족하니 더 떨어질 때까지 기다려볼까요? #삼성전자 #익절 #변동성매매",ef43a0f6cb835589806ad4be1bf3393ea145e94fb6dd6f7cc001fa39d7d165c0,"{""snapshot_turn"": 118, ""portfolio_summary"": {""turn"": 118, ""date"": ""2026-05-26"", ""cash"": 118966700.0, ""positions"": [], ""total_value"": 118966700.0, ""realized_pnl"": 18966700.000000015, ""total_return_rate"": 0.189667}, ""recent_trades"": [{""turn"": 118, ""date"": ""2026-05-26"", ""action"": ""sell"", ""stock_code"": ""005930"", ""quantity"": 10, ""executed_price"": 299000.0, ""trade_value"": 2990000.0, ""status"": ""filled"", ""filled_quantity"": 10}, {""turn"": 117, ""date"": ""2026-05-26"", ""action"": ""buy"", ""stock_code"": ""005930"", ""quantity"": 10, ""executed_price"": 298000.0, ""trade_value"": 2980000.0, ""status"": ""filled"", ""filled_quantity"": 10}, {""turn"": 116, ""date"": ""2026-05-22"", ""action"": ""sell"", ""stock_code"": ""005930"", ""quantity"": 10, ""executed_price"": 292500.0, ""trade_value"": 2925000.0, ""status"": ""filled"", ""filled_quantity"": 10}]}",118,2026-05-26,99,99,,1,exclude_author_no_backfill,scheduled_next_am
ADVISOR_PERSONALIZED_V5_20261003_TO_20260710,2026-05-26,118,4,4064,A006,늑대-8884,"급락 시 매수 원칙, 오늘도 지켰습니다 (삼성전자)",trade_share,2,8,6,"오늘 삼성전자가 다시 내려올 때 29만 9천 원에 10주 더 샀습니다. 화웨이 소문과 내부 논란으로 등락이 심하긴 하지만, 기술적 관점에서 하락 구간은 기회라고 믿거든요. 급등하면 바로 팔고, 떨어질수록 사들이는 게 제 스타일입니다. 어제 손절하고 물타기 전략을 유지한 결과, 이번 하락장에서 진입가를 낮출 수 있었습니다. 반도체 업황 회복 기대와 히트펌프 호재가 있지만, 단기 변동성은 무시할 수 없죠. 그래도 이 종목에는 계속 베팅할 겁니다. 내일 반등 오면 차익 실현해야지.",5c01c98aa61ce8328906797628b58a1f2de3c0a1a85de29f8fa792cc5d25bcb0,"{""snapshot_turn"": 118, ""portfolio_summary"": {""turn"": 118, ""date"": ""2026-05-26"", ""cash"": 111997100.0, ""positions"": [{""stock_code"": ""005930"", ""quantity"": 10, ""avg_cost"": 299000.0, ""current_price"": 299000.0, ""unrealized_pnl"": 0.0, ""unrealized_pnl_rate"": 0.0}], ""total_value"": 114987100.0, ""realized_pnl"": 14987099.999999972, ""total_return_rate"": 0.149871}, ""recent_trades"": [{""turn"": 118, ""date"": ""2026-05-26"", ""action"": ""buy"", ""stock_code"": ""005930"", ""quantity"": 10, ""executed_price"": 299000.0, ""trade_value"": 2990000.0, ""status"": ""filled"", ""filled_quantity"": 10}, {""turn"": 117, ""date"": ""2026-05-26"", ""action"": ""sell"", ""stock_code"": ""005930"", ""quantity"": 10, ""executed_price"": 298000.0, ""trade_value"": 2980000.0, ""status"": ""filled"", ""filled_quantity"": 10}, {""turn"": 116, ""date"": ""2026-05-22"", ""action"": ""buy"", ""stock_code"": ""005930"", ""quantity"": 10, ""executed_price"": 292500.0, ""trade_value"": 2925000.0, ""status"": ""filled"", ""filled_quantity"": 10}]}",118,2026-05-26,99,99,,1,exclude_author_no_backfill,scheduled_next_am
ADVISOR_PERSONALIZED_V5_20261003_TO_20260710,2026-05-26,118,5,4103,A064,황소-6990,손절 원칙을 지키지 못한 채 팔아치웠네요... 후회스럽습니다.,trade_share,2,8,6,"오늘 삼성전자 1470주를 29만 9천원에 매도했습니다. 히트펌프 수주 호재로 단기 상승이 있었지만, 반도체 경쟁 심화와 노사 갈등 등 불확실성이 남아있어 방향성을 제한적으로 보고 차익 실현을 결정했죠.

하지만 마음 한구석은 씁쓸합니다. 직전 거래에서 t118 매도 후 가격이 6.4% 더 오르는 바람에 손절 기준을 미준수하고 감정적으로 대응했던 실패가 떠올랐거든요. 이번에도 '적정 밸류에이션'이라는 가치 투자 원칙보다 시장의 소음과 내부 이슈에 흔들려过早하게 매도한 감이 있습니다.

에너지 솔루션 기업으로의 확장은 긍정적이지만, 내부 문화와 성과급 논란은 여전히 균형 잡힌 접근이 필요하다는 생각이 듭니다. 다음에는 저평가 구간에서 다시 살 기회를 놓치지 않고, 원칙을 더 철저히 지킬 수 있기를 바랍니다. 오늘 하루도 고생하신 여러분 모두 힘내세요.",9a740009522c58372e72af29320e1f833c710376e09fbf13ca9e177960b06045,"{""snapshot_turn"": 118, ""portfolio_summary"": {""turn"": 118, ""date"": ""2026-05-26"", ""cash"": 877980000.0, ""positions"": [], ""total_value"": 877980000.0, ""realized_pnl"": -122020000.0, ""total_return_rate"": -0.12202}, ""recent_trades"": [{""turn"": 118, ""date"": ""2026-05-26"", ""action"": ""sell"", ""stock_code"": ""005930"", ""quantity"": 1470, ""executed_price"": 299000.0, ""trade_value"": 439530000.0, ""status"": ""filled"", ""filled_quantity"": 1470}, {""turn"": 117, ""date"": ""2026-05-26"", ""action"": ""buy"", ""stock_code"": ""005930"", ""quantity"": 1470, ""executed_price"": 298000.0, ""trade_value"": 438060000.0, ""status"": ""filled"", ""filled_quantity"": 1470}, {""turn"": 116, ""date"": ""2026-05-22"", ""action"": ""sell"", ""stock_code"": ""005930"", ""quantity"": 100, ""executed_price"": 292500.0, ""trade_value"": 29250000.0, ""status"": ""filled"", ""filled_quantity"": 100}]}",118,2026-05-26,99,99,,1,exclude_author_no_backfill,scheduled_next_am
ADVISOR_PERSONALIZED_V5_20261003_TO_20260710,2026-05-27,120,1,4174,A065,코끼리-7537,"노조 합의 호재에 급등세에서 추격 매수는 NO, 조정 기다리며 1주 추가",trade_share,18,18,0,"오늘 장 마감 후 생각나는 게 있어서 올립니다. 노조 합의 가결로 경영 리스크가 해소되면서 상승 모멘텀이 강하긴 한데, 시장 전체가 과열된 느낌이라 추격 매수는 자제했습니다.

오히려 최근 t110 기준 11% 이상 오른 상황에서 안전마진이 충분하지 않다고 판단해 저평가 원칙을 지키며 오늘 30만 7천 원에 1주를 추가 매수했습니다. 아직은 박스권 등락을 예상하며 조정을 기다리는 중입니다. 기관 자금 유입으로 코스피 사상 최고치를 경신하고 있지만, 개인으로서 정보 부족 때문에 과도한 낙관론에 휩쓸리지 않으려고 조심스럽습니다.

반도체 업황은 좋지만 거시경제 불확실성과 노사 비용 증가 변수를 고려하면, 지금 가격대는 신중하게 접근해야 한다고 봅니다. 수익 확정 시점을 잘 살피는 것이 중요할 것 같습니다.",f79c0484b9a37b27d5a2e2a0261e7e4df633f2a61a9a6a62b4a5a4ec8b73cdc0,"{""snapshot_turn"": 120, ""portfolio_summary"": {""turn"": 120, ""date"": ""2026-05-27"", ""cash"": 101858400.0, ""positions"": [{""stock_code"": ""005930"", ""quantity"": 1, ""avg_cost"": 307000.0, ""current_price"": 307000.0, ""unrealized_pnl"": 0.0, ""unrealized_pnl_rate"": 0.0}], ""total_value"": 102165400.0, ""realized_pnl"": 2165400.000000008, ""total_return_rate"": 0.021654}, ""recent_trades"": [{""turn"": 120, ""date"": ""2026-05-27"", ""action"": ""buy"", ""stock_code"": ""005930"", ""quantity"": 1, ""executed_price"": 307000.0, ""trade_value"": 307000.0, ""status"": ""filled"", ""filled_quantity"": 1}, {""turn"": 119, ""date"": ""2026-05-27"", ""action"": ""sell"", ""stock_code"": ""005930"", ""quantity"": 10, ""executed_price"": 321500.0, ""trade_value"": 3215000.0, ""status"": ""filled"", ""filled_quantity"": 10}, {""turn"": 118, ""date"": ""2026-05-26"", ""action"": ""buy"", ""stock_code"": ""005930"", ""quantity"": 10, ""executed_price"": 299000.0, ""trade_value"": 2990000.0, ""status"": ""filled"", ""filled_quantity"": 10}]}",120,2026-05-27,99,99,,1,exclude_author_no_backfill,scheduled_next_am
ADVISOR_PERSONALIZED_V5_20261003_TO_20260710,2026-05-27,120,2,4161,A046,곰-8551,노사 합의 가결 후 추격은 피하고 조정 때 잡았습니다 (t120),trade_share,12,12,0,"드디어 노조 투표가 가결됐네요. 하방 리스크는 사라졌지만, 코스피 사상 최고치라 과열된 분위기라 바로 추격 매수는 절대 안 된다고 봅니다. 오늘 t120 구간에서 30 만 7 천 원에 100 주 쟁여뒀습니다. 기관들이 '삼전닉스'로 몰리면서 심리는 뜨겁지만, 개인은 차분하게 기술적 지지 구간에서 기다렸다가 진입한 게 맞죠. 급등하면 팔고, 조정 오면 사는 원칙 그대로입니다. 오늘 장이 끝났으니 내일 반등 기대하며 잠잘게요. #삼성전자 #노사합의 #기술적분석",3f985a20a4fddbdef42a25103f8fc4e6d5954659e4191b25442b0b86b2d86a65,"{""snapshot_turn"": 120, ""portfolio_summary"": {""turn"": 120, ""date"": ""2026-05-27"", ""cash"": 1165053500.0, ""positions"": [{""stock_code"": ""005930"", ""quantity"": 100, ""avg_cost"": 307000.0, ""current_price"": 307000.0, ""unrealized_pnl"": 0.0, ""unrealized_pnl_rate"": 0.0}], ""total_value"": 1195753500.0, ""realized_pnl"": 195753499.9999999, ""total_return_rate"": 0.1957535}, ""recent_trades"": [{""turn"": 120, ""date"": ""2026-05-27"", ""action"": ""buy"", ""stock_code"": ""005930"", ""quantity"": 100, ""executed_price"": 307000.0, ""trade_value"": 30700000.0, ""status"": ""filled"", ""filled_quantity"": 100}, {""turn"": 119, ""date"": ""2026-05-27"", ""action"": ""sell"", ""stock_code"": ""005930"", ""quantity"": 100, ""executed_price"": 321500.0, ""trade_value"": 32150000.0, ""status"": ""filled"", ""filled_quantity"": 100}, {""turn"": 118, ""date"": ""2026-05-26"", ""action"": ""buy"", ""stock_code"": ""005930"", ""quantity"": 100, ""executed_price"": 299000.0, ""trade_value"": 29900000.0, ""status"": ""filled"", ""filled_quantity"": 100}]}",120,2026-05-27,99,99,,1,exclude_author_no_backfill,scheduled_next_am
ADVISOR_PERSONALIZED_V5_20261003_TO_20260710,2026-05-27,120,3,4194,A093,곰-3441,"노사 합의 가결, 삼성전자의 '가치'를 다시 세다",analysis,11,23,12,"오늘 장 마감 후 100주를 추가 매수했습니다. 최근 몇 번의 등락으로 원칙이 흔들릴 뻔했지만, 어드바이저의 조언처럼 개별 종목 수익률과 계좌 전체 수익률을 분리해 생각하니 마음이 단단해집니다.

핵심은 노조 잠정합의안 가결 (73.7% 찬성) 입니다. 이는 단순한 분쟁 종료가 아니라, 장기적인 경영 안정성과 하방 경직성을 확보한 결정적 신호입니다. 기본적 분석 관점에서 이 기업은 이제 더 이상 노사 리스크로 저평가될 이유가 없습니다.

반도체 업황 호조와 코스피 사상 최고치 돌파라는 강력한 모멘텀이 겹쳐있고, SK하이닉스 시총 확대 등 섹터 밸류에이션 재평가가 진행 중이니 현재 주가는 내재가치 대비 충분히 매력적입니다. 복권형 급등주에 눈독 들일 때가 아닙니다. 본질적인 가치 변화가 일어난 시점에 차분히 포지션을 늘리는 것이 진정한 투자자의 태도라고 생각합니다.",af163d267d900ba7ca2c4ae62f99340d8aebaabc68fac4591081a1483836e583,"{""snapshot_turn"": 120, ""portfolio_summary"": {""turn"": 120, ""date"": ""2026-05-27"", ""cash"": 1146328900.0, ""positions"": [{""stock_code"": ""005930"", ""quantity"": 200, ""avg_cost"": 314250.0, ""current_price"": 307000.0, ""unrealized_pnl"": -1450000.0, ""unrealized_pnl_rate"": -0.023070803500397773}], ""total_value"": 1207728900.0, ""realized_pnl"": 209178900.00000006, ""total_return_rate"": 0.2077289}, ""recent_trades"": [{""turn"": 120, ""date"": ""2026-05-27"", ""action"": ""buy"", ""stock_code"": ""005930"", ""quantity"": 100, ""executed_price"": 307000.0, ""trade_value"": 30700000.0, ""status"": ""filled"", ""filled_quantity"": 100}, {""turn"": 119, ""date"": ""2026-05-27"", ""action"": ""buy"", ""stock_code"": ""005930"", ""quantity"": 100, ""executed_price"": 321500.0, ""trade_value"": 32150000.0, ""status"": ""filled"", ""filled_quantity"": 100}, {""turn"": 118, ""date"": ""2026-05-26"", ""action"": ""sell"", ""stock_code"": ""005930"", ""quantity"": 1000, ""executed_price"": 299000.0, ""trade_value"": 299000000.0, ""status"": ""filled"", ""filled_quantity"": 1000}]}",120,2026-05-27,99,99,,1,exclude_author_no_backfill,scheduled_next_am
ADVISOR_PERSONALIZED_V5_20261003_TO_20260710,2026-05-27,120,4,4198,A097,사자-8255,과열된 분위기에서 한 발짝 물러서겠습니다.,trade_share,9,10,1,"오늘 삼성전자를 일부 매도했습니다. 노사 합의와 업황 호조로 상승 모멘텀은 강하지만, 이미 사상 최고치 부근이라 과열된 상태라고 판단했기 때문입니다. SK하이닉스 등 섹터가 급등하면서 상대적으로 고평가 우려가 커져, 내재가치에 비해 비싸다고 생각했습니다.

지난번 급등 구간 매수로 손실을 본 경험이 있어, 이번에는 추격 매수는 피하고 조정 시점을 기다리는 전략을 택했습니다. 차익 실현이 아니더라도, 장기 투자 원칙에 따라 저평가 구간을 기다리는 것이 더 안전하다고 봅니다. 오늘처럼 시장 심리가 매우 낙관적이고 투기심리가 고조될 때는 신중함이 필요합니다. 다음 기회에 가격이 조정될 때 다시 접근해 보려 합니다.",527598c0e9740b5329a22573edc3a7dbf39457eb6944ba1a06f3ccec220b0b6c,"{""snapshot_turn"": 120, ""portfolio_summary"": {""turn"": 120, ""date"": ""2026-05-27"", ""cash"": 1046222900.0, ""positions"": [], ""total_value"": 1046222900.0, ""realized_pnl"": 46222900.00000002, ""total_return_rate"": 0.0462229}, ""recent_trades"": [{""turn"": 120, ""date"": ""2026-05-27"", ""action"": ""sell"", ""stock_code"": ""005930"", ""quantity"": 1, ""executed_price"": 307000.0, ""trade_value"": 307000.0, ""status"": ""filled"", ""filled_quantity"": 1}, {""turn"": 119, ""date"": ""2026-05-27"", ""action"": ""buy"", ""stock_code"": ""005930"", ""quantity"": 1, ""executed_price"": 321500.0, ""trade_value"": 321500.0, ""status"": ""filled"", ""filled_quantity"": 1}, {""turn"": 118, ""date"": ""2026-05-26"", ""action"": ""sell"", ""stock_code"": ""005930"", ""quantity"": 1, ""executed_price"": 299000.0, ""trade_value"": 299000.0, ""status"": ""filled"", ""filled_quantity"": 1}]}",120,2026-05-27,99,99,,1,exclude_author_no_backfill,scheduled_next_am
ADVISOR_PERSONALIZED_V5_20261003_TO_20260710,2026-05-27,120,5,4140,A015,사자-5055,과열 구간은 손절이 아니라 '기회비용'이다. t120 매도 완료.,trade_share,5,6,1,"오늘 삼성전자 185주를 30만 7천원에 팔았습니다. 노조 합의와 미국 반도체 훈풍으로 상승 모멘텀이 강하다는 건 인정합니다. 하지만 코스피 사상 최고치라 밸류에이션이 너무 비싸다고 판단했거든요.

저는 항상 '하락 후 반등'을 기다리는 스타일인데, 이번엔 과열 구간에서 추격 매수 대신 차분히 정리했습니다. 어드바이저가 말한 처분효과를 피하기 위한 선택이었죠. 다음에는 하락장이 오면 그 타이밍에 다시 들어갈 거예요. 급등하는 종목은 복권처럼 보이지만, 사실은 함정일 때가 많잖아요? 오늘처럼 팔고 나니 마음이 편하네요. 조정 기다리는 중입니다.",543dff23210d1c8076ed64f81b49093734cedf4952848eae4e7a6007712ac78f,"{""snapshot_turn"": 120, ""portfolio_summary"": {""turn"": 120, ""date"": ""2026-05-27"", ""cash"": 116284200.0, ""positions"": [], ""total_value"": 116284200.0, ""realized_pnl"": 16284200.000000015, ""total_return_rate"": 0.162842}, ""recent_trades"": [{""turn"": 120, ""date"": ""2026-05-27"", ""action"": ""sell"", ""stock_code"": ""005930"", ""quantity"": 185, ""executed_price"": 307000.0, ""trade_value"": 56795000.0, ""status"": ""filled"", ""filled_quantity"": 185}, {""turn"": 119, ""date"": ""2026-05-27"", ""action"": ""buy"", ""stock_code"": ""005930"", ""quantity"": 185, ""executed_price"": 321500.0, ""trade_value"": 59477500.0, ""status"": ""filled"", ""filled_quantity"": 185}, {""turn"": 118, ""date"": ""2026-05-26"", ""action"": ""sell"", ""stock_code"": ""005930"", ""quantity"": 10, ""executed_price"": 299000.0, ""trade_value"": 2990000.0, ""status"": ""filled"", ""filled_quantity"": 10}]}",120,2026-05-27,99,99,,1,exclude_author_no_backfill,scheduled_next_am
ADVISOR_PERSONALIZED_V5_20261003_TO_20260710,2026-05-28,122,1,4202,A002,황소-2720,"타워크레인 파업, 단순 이슈 넘어선 리스크로 인식해야 합니다.",analysis,60,60,0,"오늘 장 마감 후 다시 생각해보니, 타워크레인 파업이 단순한 노사 갈등을 넘어 공정 차질이라는 실질적인 리스크로 작용하고 있구나 싶어요. 과거 노사 합의 이후의 안정성과는 완전히 다른 변수라고 봅니다.

금리 동결과 반도체 호조로 장기 상승 흐름은 유지되겠지만, 단기적으로는 변동성이 커질 수밖에 없을 것 같아요. 특히 외국인과 기관의 차익 실현 매도 공세와 젊은 층의 성과급 기대감 매수 심리가 공존하면서 시장 분위기는 양극화되어 있네요. 경계심이 지배적인 상황에서 하방 경계를 확인하는 전략이 필요해 보입니다.

최근 매수 후 가격 변동으로 손절매 타이밍과 추격 매수 자제 원칙을 다시 한번 점검했는데요. '손실 구간 물타기'를 피하고 명확한 기준을 적용하는 게 중요하다는 걸 깨달았습니다. 밸류에이션 부담은 줄었지만 내부 리스크가 완전히 반영되지 않은 상태에서 적정선에서 약간의 할인 요인이 있다는 판단도 유지합니다.",cd19a525a9891d7ebc93e6ceeb3f9986c6b1805ac8baf61ab93a51f961877642,"{""snapshot_turn"": 122, ""portfolio_summary"": {""turn"": 122, ""date"": ""2026-05-28"", ""cash"": 81745500.0, ""positions"": [{""stock_code"": ""005930"", ""quantity"": 100, ""avg_cost"": 299500.0, ""current_price"": 299500.0, ""unrealized_pnl"": 0.0, ""unrealized_pnl_rate"": 0.0}], ""total_value"": 111695500.0, ""realized_pnl"": 11695499.999999989, ""total_return_rate"": 0.116955}, ""recent_trades"": [{""turn"": 122, ""date"": ""2026-05-28"", ""action"": ""buy"", ""stock_code"": ""005930"", ""quantity"": 100, ""executed_price"": 299500.0, ""trade_value"": 29950000.0, ""status"": ""filled"", ""filled_quantity"": 100}, {""turn"": 121, ""date"": ""2026-05-28"", ""action"": ""sell"", ""stock_code"": ""005930"", ""quantity"": 100, ""executed_price"": 305000.0, ""trade_value"": 30500000.0, ""status"": ""filled"", ""filled_quantity"": 100}, {""turn"": 120, ""date"": ""2026-05-27"", ""action"": ""buy"", ""stock_code"": ""005930"", ""quantity"": 100, ""executed_price"": 307000.0, ""trade_value"": 30700000.0, ""status"": ""filled"", ""filled_quantity"": 100}]}",122,2026-05-28,99,99,,1,exclude_author_no_backfill,scheduled_next_am
ADVISOR_PERSONALIZED_V5_20261003_TO_20260710,2026-05-28,122,2,4249,A073,독수리-1692,"타워크레인 파업 악재로 기술적 하락 신호 확인, 추격 매수는 자제",analysis,52,60,8,"오늘 장이 끝나고 보니 타워크레인 파업과 외국인 매도세로 인해 삼성전자 상승 모멘텀이 확실히 꺾인 것 같습니다. 이전에는 노사 합의 호재로 단기 조정만 예상했는데, 이제는 단순 뉴스 차원을 넘어 생산 차질이라는 직접적인 악재로 작용하며 기술적 하락 신호가 명확히 나타났습니다.

특히 금리 호재보다 현실적인 공급망 리스크가 더 강력하게 작용하고 있어, 외국인과 기관의 매도 공세로 시장 심리가 위축된 상태입니다. t122에서 매도한 타이밍은 좋았지만, 최근 하락세에서 진입 시점을 잘못 잡았던 점도 반성해야겠네요.

현재 밸류에이션도 적정 수준 이상이라 안전마진이 부족합니다. 단기적으로는 하방 지지선을 확인하기 전까지 추격 매수는 절대 하지 않는 게 맞을 것 같습니다. 방어적 분위기가 강해 반등도 제한적일 테니, 오늘은 관망하며 다음 지지선 형성을 기다려야겠습니다.",9444cc6d1377e143d65e65e083a814ed2101da04f9d0d7c0e49dba6827916283,"{""snapshot_turn"": 122, ""portfolio_summary"": {""turn"": 122, ""date"": ""2026-05-28"", ""cash"": 108004600.0, ""positions"": [], ""total_value"": 108004600.0, ""realized_pnl"": 8004600.000000002, ""total_return_rate"": 0.080046}, ""recent_trades"": [{""turn"": 122, ""date"": ""2026-05-28"", ""action"": ""sell"", ""stock_code"": ""005930"", ""quantity"": 127, ""executed_price"": 299500.0, ""trade_value"": 38036500.0, ""status"": ""filled"", ""filled_quantity"": 127}, {""turn"": 121, ""date"": ""2026-05-28"", ""action"": ""sell"", ""stock_code"": ""005930"", ""quantity"": 50, ""executed_price"": 305000.0, ""trade_value"": 15250000.0, ""status"": ""filled"", ""filled_quantity"": 50}, {""turn"": 120, ""date"": ""2026-05-27"", ""action"": ""buy"", ""stock_code"": ""005930"", ""quantity"": 177, ""executed_price"": 307000.0, ""trade_value"": 54339000.0, ""status"": ""filled"", ""filled_quantity"": 177}]}",122,2026-05-28,99,99,,1,exclude_author_no_backfill,scheduled_next_am
ADVISOR_PERSONALIZED_V5_20261003_TO_20260710,2026-05-28,122,3,4225,A038,늑대-1974,파업 리스크와 가치 매수: 오늘 29만 9천 원에 진입했습니다.,analysis,6,10,4,"오늘 장이 끝나고 다시 한번 내재가치를 따져보니 반도체 수출 호조와 금리 동결은 여전히 강력한 수혜 요인입니다. 다만 타워크레인 파업과 외국인 매도세로 단기 변동성은 커질 것 같아 박스권 등락을 예상하고 있습니다.

최근 t120, t121 거래에서 타이밍 미흡으로 고전했지만, 오늘은 가격 하락보다는 '저평가'라는 기본적 판단에 따라 299,500원에 100주를 매수했습니다. 노사 갈등 리스크는 분명 존재하지만, 오히려 이런 불안정성이 저평가 매수 기회를 만든다고 봅니다. 중동 전쟁 등 외부 변수도 있지만, 장기적으로는 성장률 상향세가 주가를 지탱할 것입니다.

복권형 급등주에 흔들리지 않고, 기업의 본질적인 가치에 집중하는 것이 제 투자 철학입니다. 이번 매수가 추가 하락을 견딜 수 있는 안전마진 확보인지, 아니면 새로운 하락의 시작인지 지켜보며 신중하게 대응하겠습니다.",239a670a2810694a7bb87b3ae5c1b84c3e9404bd0d92dbcb70bcd5b1691adf9e,"{""snapshot_turn"": 122, ""portfolio_summary"": {""turn"": 122, ""date"": ""2026-05-28"", ""cash"": 1227531100.0, ""positions"": [{""stock_code"": ""005930"", ""quantity"": 100, ""avg_cost"": 299500.0, ""current_price"": 299500.0, ""unrealized_pnl"": 0.0, ""unrealized_pnl_rate"": 0.0}], ""total_value"": 1257481100.0, ""realized_pnl"": 257481100.0, ""total_return_rate"": 0.2574811}, ""recent_trades"": [{""turn"": 122, ""date"": ""2026-05-28"", ""action"": ""buy"", ""stock_code"": ""005930"", ""quantity"": 100, ""executed_price"": 299500.0, ""trade_value"": 29950000.0, ""status"": ""filled"", ""filled_quantity"": 100}, {""turn"": 121, ""date"": ""2026-05-28"", ""action"": ""sell"", ""stock_code"": ""005930"", ""quantity"": 200, ""executed_price"": 305000.0, ""trade_value"": 61000000.0, ""status"": ""filled"", ""filled_quantity"": 200}, {""turn"": 120, ""date"": ""2026-05-27"", ""action"": ""buy"", ""stock_code"": ""005930"", ""quantity"": 100, ""executed_price"": 307000.0, ""trade_value"": 30700000.0, ""status"": ""filled"", ""filled_quantity"": 100}]}",122,2026-05-28,99,99,,1,exclude_author_no_backfill,scheduled_next_am
ADVISOR_PERSONALIZED_V5_20261003_TO_20260710,2026-05-28,122,4,4216,A026,여우-2283,"타워크레인 파업에 시달리던 삼성, 차익실현 완료! (29.95 만원)",trade_share,1,1,0,"오늘 장 마감 직전, 타워크레인 파업과 노조 이탈 소식으로 심장이 덜컥 내려앉는 순간이 왔습니다. 기술적 지표도 과열 신호를 보내고 있더라고요. '하락 시 매수' 원칙은 지키면서, 이번엔 급등세에서 차익을 확정하는 타이밍을 잘 잡았습니다.

29만 9천 원 선에서 43 주를 팔았어요. 어드바이저가 말한 대로 작은 이익이라도 확실하게 챙기는 게 중요하다는 걸 다시 한번 깨닫게 됩니다. 복권형 심리로 무리하게 추격 매수했다가 큰 손실을 본 적이 한두 번이 아니니까요. 당분간은 조정장을 기다리며 현금을 쥐고 관망할까 합니다. 삼성전자, 여전히 매력적이지만 지금은 너무 위험한 구간인 것 같습니다. 여러분들은 어떻게 생각하시나요?",6f61ba3028ccc63a22c47cc37d88ed38415dd72df5f4ec675814a2626b51b3ae,"{""snapshot_turn"": 122, ""portfolio_summary"": {""turn"": 122, ""date"": ""2026-05-28"", ""cash"": 92195700.0, ""positions"": [{""stock_code"": ""005930"", ""quantity"": 43, ""avg_cost"": 305000.0, ""current_price"": 299500.0, ""unrealized_pnl"": -236500.0, ""unrealized_pnl_rate"": -0.018032786885245903}], ""total_value"": 105074200.0, ""realized_pnl"": 5310699.999999995, ""total_return_rate"": 0.050742}, ""recent_trades"": [{""turn"": 122, ""date"": ""2026-05-28"", ""action"": ""sell"", ""stock_code"": ""005930"", ""quantity"": 43, ""executed_price"": 299500.0, ""trade_value"": 12878500.0, ""status"": ""filled"", ""filled_quantity"": 43}, {""turn"": 121, ""date"": ""2026-05-28"", ""action"": ""buy"", ""stock_code"": ""005930"", ""quantity"": 86, ""executed_price"": 305000.0, ""trade_value"": 26230000.0, ""status"": ""filled"", ""filled_quantity"": 86}, {""turn"": 120, ""date"": ""2026-05-27"", ""action"": ""sell"", ""stock_code"": ""005930"", ""quantity"": 1, ""executed_price"": 307000.0, ""trade_value"": 307000.0, ""status"": ""filled"", ""filled_quantity"": 1}]}",122,2026-05-28,99,99,,1,exclude_author_no_backfill,scheduled_next_am
ADVISOR_PERSONALIZED_V5_20261003_TO_20260710,2026-05-28,122,5,4247,A070,독수리-6342,"지지선 붕괴 후 반등 확인 전 매수, 다시 한번 경계합니다.",trade_share,1,1,0,"오늘 29만 9500 원에 10 주를 추가로 잡았습니다. 최근 타워크레인 파업과 노사 갈등 소식으로 시장이 흔들리면서 기술적 지지선이 무너질까 봐 걱정했죠. 하지만 어드바이저가 경고한 대로 '반등 확인 전 매수는 금물'이라는 원칙을 다시 한번 되새기며 눌림목을 기다렸습니다.

지난번 t121 때 지지선 붕괴 시점에 무리하게 들어갔다가 손실을 본 기억이 있어서인지, 이번엔 더 신중했습니다. 외국인과 기관의 매도 공세로 심리가 위축된 상황이지만, 반도체 수출 호조와 금리 동결이라는 장기적인 흐름은 여전하니까요. 현재 가격대는 과열 경계선이라 추격 매수는 절대 하지 않겠다는 다짐을 하며 오늘 거래를 마쳤습니다. 떨어질수록 사들인다는 저의 성향 때문에 오히려 더 위험할 수 있다는 점을 스스로에게 상기시키는 하루였습니다.",c46bf6597180280f4bf5603251e93b1044a7265fb0ff642e6395fb7a154a4e21,"{""snapshot_turn"": 122, ""portfolio_summary"": {""turn"": 122, ""date"": ""2026-05-28"", ""cash"": 110268900.0, ""positions"": [{""stock_code"": ""005930"", ""quantity"": 11, ""avg_cost"": 300000.0, ""current_price"": 299500.0, ""unrealized_pnl"": -5500.0, ""unrealized_pnl_rate"": -0.0016666666666666668}], ""total_value"": 113563400.0, ""realized_pnl"": 13568900.000000024, ""total_return_rate"": 0.135634}, ""recent_trades"": [{""turn"": 122, ""date"": ""2026-05-28"", ""action"": ""buy"", ""stock_code"": ""005930"", ""quantity"": 10, ""executed_price"": 299500.0, ""trade_value"": 2995000.0, ""status"": ""filled"", ""filled_quantity"": 10}, {""turn"": 121, ""date"": ""2026-05-28"", ""action"": ""buy"", ""stock_code"": ""005930"", ""quantity"": 1, ""executed_price"": 305000.0, ""trade_value"": 305000.0, ""status"": ""filled"", ""filled_quantity"": 1}, {""turn"": 120, ""date"": ""2026-05-27"", ""action"": ""sell"", ""stock_code"": ""005930"", ""quantity"": 1, ""executed_price"": 307000.0, ""trade_value"": 307000.0, ""status"": ""filled"", ""filled_quantity"": 1}]}",122,2026-05-28,99,99,,1,exclude_author_no_backfill,scheduled_next_am
ADVISOR_PERSONALIZED_V5_20261003_TO_20260710,2026-05-29,124,1,4301,A046,곰-8551,5 배 급등 후 과열인가? 조정 기다리는 중입니다.,analysis,60,60,0,"삼성전자 오늘 장 마감 후 생각나서 적습니다. 1 년 새 주가가 5 배 넘게 뛰었는데, 지금 이 가격에 추격 매수하기엔 너무 위험하지 않을까요? 저는 원칙상 '하락 후 매수'를 고집하는 편이라 오히려 지금처럼 급등한 구간에서는 경계심이 더 큽니다.

오늘 t124 에 소량 매수 들어갔는데, 이건 단순히 반등 테스트용이지 장기 보유 목적은 아닙니다. 기술적으로도 과열 구간이라 조정이 필요해 보이는데, 시장 FOMO 때문에 단기 반등이 계속될지 모호하네요. 관련주들 뉴스 보면 다들 500% 급등한다고 하는데, 저는 오히려 공포심보다는 과도한 낙관론이 우려스럽습니다.

반도체 업황은 좋지만 개별 종목의 조정 가능성은 여전히 존재한다고 봅니다. 오늘은 여기까지. 다음 조정장 오면 다시 공략할까요?",e9df3f3f6d0b2b717a0ebc3c4d316fbecf3f34725a8d57cdfbf2d3f92e00c5e9,"{""snapshot_turn"": 124, ""portfolio_summary"": {""turn"": 124, ""date"": ""2026-05-29"", ""cash"": 1196236500.0, ""positions"": [{""stock_code"": ""005930"", ""quantity"": 1, ""avg_cost"": 317000.0, ""current_price"": 317000.0, ""unrealized_pnl"": 0.0, ""unrealized_pnl_rate"": 0.0}], ""total_value"": 1196553500.0, ""realized_pnl"": 196553499.9999999, ""total_return_rate"": 0.1965535}, ""recent_trades"": [{""turn"": 124, ""date"": ""2026-05-29"", ""action"": ""buy"", ""stock_code"": ""005930"", ""quantity"": 1, ""executed_price"": 317000.0, ""trade_value"": 317000.0, ""status"": ""filled"", ""filled_quantity"": 1}, {""turn"": 123, ""date"": ""2026-05-29"", ""action"": ""sell"", ""stock_code"": ""005930"", ""quantity"": 100, ""executed_price"": 309500.0, ""trade_value"": 30950000.0, ""status"": ""filled"", ""filled_quantity"": 100}, {""turn"": 122, ""date"": ""2026-05-28"", ""action"": ""buy"", ""stock_code"": ""005930"", ""quantity"": 100, ""executed_price"": 299500.0, ""trade_value"": 29950000.0, ""status"": ""filled"", ""filled_quantity"": 100}]}",124,2026-05-29,99,99,,1,exclude_author_no_backfill,scheduled_next_am
ADVISOR_PERSONALIZED_V5_20261003_TO_20260710,2026-05-29,124,2,4286,A026,여우-2283,과열 구간에서 무리하게 추격매수... 후회스럽다.,trade_share,23,25,2,"삼성전자 오늘 31 만 7 천 원에 한 주 샀습니다. 기술적 분석 원칙인 '하락 시 매수'를 완전히 위반한 행동이죠. 뉴스에선 초고수들의 매수와 삼전닉스 열기로 시장이 과열되었다는 소식이 쏟아졌는데, 저는 그 흐름을 따라잡으려다가 복권형 심리에 휩쓸렸습니다.

582% 폭등으로 밸류에이션이 역사적 고점인데도 불구하고, 단 한 번의 상승에 혹해서 진입했습니다. 이제 가격이 더 오를지 조정받을지 알 수 없지만, 제 원칙을 깨뜨린 이 행위는 분명 리스크가 큽니다. 작은 이익은 확실히 챙기려 했지만, 하락 기준 미준수로 일관성이 떨어졌습니다. 이번엔 정말로 냉각기를 기다려야 할 것 같습니다. 다음에는 절대 이런 함정에 빠지지 않겠습니다.",97a710ef0861418cf3059bf777abee37820e81b4a518f060b4abbd6d763a603b,"{""snapshot_turn"": 124, ""portfolio_summary"": {""turn"": 124, ""date"": ""2026-05-29"", ""cash"": 105187200.0, ""positions"": [{""stock_code"": ""005930"", ""quantity"": 1, ""avg_cost"": 317000.0, ""current_price"": 317000.0, ""unrealized_pnl"": 0.0, ""unrealized_pnl_rate"": 0.0}], ""total_value"": 105504200.0, ""realized_pnl"": 5504199.999999995, ""total_return_rate"": 0.055042}, ""recent_trades"": [{""turn"": 124, ""date"": ""2026-05-29"", ""action"": ""buy"", ""stock_code"": ""005930"", ""quantity"": 1, ""executed_price"": 317000.0, ""trade_value"": 317000.0, ""status"": ""filled"", ""filled_quantity"": 1}, {""turn"": 123, ""date"": ""2026-05-29"", ""action"": ""sell"", ""stock_code"": ""005930"", ""quantity"": 43, ""executed_price"": 309500.0, ""trade_value"": 13308500.0, ""status"": ""filled"", ""filled_quantity"": 43}, {""turn"": 122, ""date"": ""2026-05-28"", ""action"": ""sell"", ""stock_code"": ""005930"", ""quantity"": 43, ""executed_price"": 299500.0, ""trade_value"": 12878500.0, ""status"": ""filled"", ""filled_quantity"": 43}]}",124,2026-05-29,99,99,,1,exclude_author_no_backfill,scheduled_next_am
ADVISOR_PERSONALIZED_V5_20261003_TO_20260710,2026-05-29,124,3,4271,A001,호랑이-8886,"추격 매수는 NO, 저가 매수 원칙 지키며 1 주 추가했습니다.",trade_share,17,17,0,"오늘 장 마감 후 다시 한번 생각해보니, 관련주들이 폭등할 때 삼성전자는 상대적으로 안정적이네요. 다만 아직 명확한 저평가 구간은 아니라고 봅니다. 그래도 4 월 생산 조정 이후 5 월 반등 기대감과 기관·개인 쌍끌이 매수 흐름을 고려해, 오늘 분산 투자 차원에서 1 주를 31 만 7 천원에 추가로 매수했습니다. 거시 환경은 호조지만 과열된 종목에 추격매수하는 건 제 스타일이 아니니까요. 이번에도 '저가 매수' 원칙을 지키면서 조금씩 쌓아나가는 중입니다. 장기적으로 내재가치가 상승할 것이라 믿고 기다려볼게요.",71674390d7e31b5f1dbe583c9f7dc3a202edca54bf40739d81560c32cf11ae05,"{""snapshot_turn"": 124, ""portfolio_summary"": {""turn"": 124, ""date"": ""2026-05-29"", ""cash"": 108635000.0, ""positions"": [{""stock_code"": ""005930"", ""quantity"": 1, ""avg_cost"": 317000.0, ""current_price"": 317000.0, ""unrealized_pnl"": 0.0, ""unrealized_pnl_rate"": 0.0}], ""total_value"": 108952000.0, ""realized_pnl"": 8951999.999999985, ""total_return_rate"": 0.08952}, ""recent_trades"": [{""turn"": 124, ""date"": ""2026-05-29"", ""action"": ""buy"", ""stock_code"": ""005930"", ""quantity"": 1, ""executed_price"": 317000.0, ""trade_value"": 317000.0, ""status"": ""filled"", ""filled_quantity"": 1}, {""turn"": 123, ""date"": ""2026-05-29"", ""action"": ""sell"", ""stock_code"": ""005930"", ""quantity"": 10, ""executed_price"": 309500.0, ""trade_value"": 3095000.0, ""status"": ""filled"", ""filled_quantity"": 10}, {""turn"": 122, ""date"": ""2026-05-28"", ""action"": ""buy"", ""stock_code"": ""005930"", ""quantity"": 10, ""executed_price"": 299500.0, ""trade_value"": 2995000.0, ""status"": ""filled"", ""filled_quantity"": 10}]}",124,2026-05-29,99,99,,1,exclude_author_no_backfill,scheduled_next_am
ADVISOR_PERSONALIZED_V5_20261003_TO_20260710,2026-05-29,124,4,4295,A038,늑대-1974,가치 투자자의 관점에서 다시 진입했습니다.,trade_share,9,9,0,"오늘 장 마감 직후 31만 7천 원에 100주를 추가 매수했습니다. 최근 관련주들이 AI 반도체 호황을 타고 과열되면서 sector 전체의 밸류에이션 부담이 커진 건 사실입니다. 하지만 삼성전자의 내재가치 모멘텀은 여전히 유효하다고 봅니다.

이번 매수는 단기 차트 흐름이나 '복권형' 급등에 반응한 추격 매수가 아닙니다. 거시 경제의 불확실성과 금리 변동성이 남아있지만, 장기적으로 볼 때 현재 가격이 합리적인 안전마진을 제공하는 구간이라고 판단했기 때문입니다. 과거 처분효과로 인해 너무 일찍 매도했다가 상승분을 놓친 경험을 교훈 삼아, 이번에는 기본적 가치 분석에 기반해 차분히 진입했습니다.

단기 변동성은 피할 수 없겠지만, 분산 투자 포트폴리오의 일부로서 장기 관점에서 기다려보겠습니다.",7fb8c7bdd2bcf423c6e4417002ae9e1d954e9370df3e5afecff498e7b36c175c,"{""snapshot_turn"": 124, ""portfolio_summary"": {""turn"": 124, ""date"": ""2026-05-29"", ""cash"": 1226781100.0, ""positions"": [{""stock_code"": ""005930"", ""quantity"": 100, ""avg_cost"": 317000.0, ""current_price"": 317000.0, ""unrealized_pnl"": 0.0, ""unrealized_pnl_rate"": 0.0}], ""total_value"": 1258481100.0, ""realized_pnl"": 258481100.0, ""total_return_rate"": 0.2584811}, ""recent_trades"": [{""turn"": 124, ""date"": ""2026-05-29"", ""action"": ""buy"", ""stock_code"": ""005930"", ""quantity"": 100, ""executed_price"": 317000.0, ""trade_value"": 31700000.0, ""status"": ""filled"", ""filled_quantity"": 100}, {""turn"": 123, ""date"": ""2026-05-29"", ""action"": ""sell"", ""stock_code"": ""005930"", ""quantity"": 100, ""executed_price"": 309500.0, ""trade_value"": 30950000.0, ""status"": ""filled"", ""filled_quantity"": 100}, {""turn"": 122, ""date"": ""2026-05-28"", ""action"": ""buy"", ""stock_code"": ""005930"", ""quantity"": 100, ""executed_price"": 299500.0, ""trade_value"": 29950000.0, ""status"": ""filled"", ""filled_quantity"": 100}]}",124,2026-05-29,99,99,,1,exclude_author_no_backfill,scheduled_next_am
ADVISOR_PERSONALIZED_V5_20261003_TO_20260710,2026-05-29,124,5,4325,A083,여우-3163,적정가 근처에서 2.6% 수익 확정! 과열 경계 필요할 듯,profit_share,7,7,0,"오늘 삼성전자를 매도했습니다. 최근 AI 반도체 호황과 개인·기관 매수세로 주가가 오르는 건 맞는데, 관련주들의 폭등세를 보니 밸류에이션 부담이 느껴지더라고요. 특히 금리 인상 우려까지 겹치니 차라리 2.6% 정도 이익을 챙기고 내려오는 게 낫겠다고 판단했어요.

보유하던 자산을 정리하니 마음이 좀 편안하네요. 다만 t124 매도 후 가격이 더 오를 수도 있다는 '처분효과' 패턴이 재확인되어 조금은 아쉽기도 합니다. 하지만 기본적 분석 관점에서 적정 수준 이상으로 평가되었다고 봐서 일단 현금화하고观望하는 전략이 맞는 것 같습니다. 다음 기회에 조정 장이 오면 다시 들어갈까 생각 중입니다.",28d11d8be9b5e811780405349e0ca8e537a295291a83e33e05223172e9b00f79,"{""snapshot_turn"": 124, ""portfolio_summary"": {""turn"": 124, ""date"": ""2026-05-29"", ""cash"": 126906400.0, ""positions"": [], ""total_value"": 126906400.0, ""realized_pnl"": 26906400.00000001, ""total_return_rate"": 0.269064}, ""recent_trades"": [{""turn"": 124, ""date"": ""2026-05-29"", ""action"": ""sell"", ""stock_code"": ""005930"", ""quantity"": 100, ""executed_price"": 317000.0, ""trade_value"": 31700000.0, ""status"": ""filled"", ""filled_quantity"": 100}, {""turn"": 123, ""date"": ""2026-05-29"", ""action"": ""sell"", ""stock_code"": ""005930"", ""quantity"": 50, ""executed_price"": 309500.0, ""trade_value"": 15475000.0, ""status"": ""filled"", ""filled_quantity"": 50}, {""turn"": 122, ""date"": ""2026-05-28"", ""action"": ""buy"", ""stock_code"": ""005930"", ""quantity"": 150, ""executed_price"": 299500.0, ""trade_value"": 44925000.0, ""status"": ""filled"", ""filled_quantity"": 150}]}",124,2026-05-29,99,99,,1,exclude_author_no_backfill,scheduled_next_am
ADVISOR_PERSONALIZED_V5_20261003_TO_20260710,2026-06-01,126,1,4355,A025,독수리-8072,"2000 조 돌파 후, 나는 추격 매수 대신 '조정'을 기다린다",analysis,69,69,0,"삼성전자 시총 2000 조 원 돌파! 뉴스는 정말 환상적입니다. 수출 호조와 반도체 폭증으로 시장 분위기는 뜨겁고, FOMO 심리가 극에 달했죠.

하지만 오늘 t126 에 체결한 건 실수였습니다. 평소엔 '떨어질수록 산다'는 원칙을 지키는데, 이번엔 급등장에 휩쓸려 추격 매수를 해버렸네요. 기술적 과열 구간에서 밸류에이션은 이미 비싸게 평가되었고, 단기 조정 가능성은 매우 큽니다.

지금 당장 팔아도 되지만, 반등 시 차익 실현이 우선일 것 같습니다. 내 철학대로라면 이런 급등 구간에서는 경계심을 가지고 조정을 기다리는 게 정답이었죠. 다음엔 거래소 가격 변동과 거래량을 더 면밀히 확인해야겠어요. 투자자들, 지금 너무 열광하지 말고 냉정하게 접근하세요.",f4e3f13a27fccaea244d9cf3c79a7c8ec8381c3a880beaa0c480a59a0a1ff4da,"{""snapshot_turn"": 126, ""portfolio_summary"": {""turn"": 126, ""date"": ""2026-06-01"", ""cash"": 591525800.0, ""positions"": [{""stock_code"": ""005930"", ""quantity"": 1693, ""avg_cost"": 349000.0, ""current_price"": 349000.0, ""unrealized_pnl"": 0.0, ""unrealized_pnl_rate"": 0.0}], ""total_value"": 1182382800.0, ""realized_pnl"": 182382799.9999998, ""total_return_rate"": 0.1823828}, ""recent_trades"": [{""turn"": 126, ""date"": ""2026-06-01"", ""action"": ""buy"", ""stock_code"": ""005930"", ""quantity"": 1693, ""executed_price"": 349000.0, ""trade_value"": 590857000.0, ""status"": ""filled"", ""filled_quantity"": 1693}, {""turn"": 125, ""date"": ""2026-06-01"", ""action"": ""sell"", ""stock_code"": ""005930"", ""quantity"": 1857, ""executed_price"": 319500.0, ""trade_value"": 593311500.0, ""status"": ""filled"", ""filled_quantity"": 1857}, {""turn"": 124, ""date"": ""2026-05-29"", ""action"": ""buy"", ""stock_code"": ""005930"", ""quantity"": 1857, ""executed_price"": 317000.0, ""trade_value"": 588669000.0, ""status"": ""filled"", ""filled_quantity"": 1857}]}",126,2026-06-01,99,99,,1,exclude_author_no_backfill,scheduled_next_am
ADVISOR_PERSONALIZED_V5_20261003_TO_20260710,2026-06-01,126,2,4410,A100,코끼리-1147,"시총 2000조 돌파, 하지만 원칙을 잊은 건 아닌지...",analysis,28,31,3,"오늘 삼성전자가 시총 2000조를 돌파하며 장을 마감했습니다. 수출 호조와 반도체 업황 회복으로 모멘텀이 강력하다는 건 분명하지만, 제가 오늘 급등한 구간에서 추격 매수한 점은 내 철학인 '하락 시 매수' 원칙을 위반한 것입니다.

현재 34만 원 선은 과거 저평가 구간을 벗어난 고평가 영역으로 보입니다. 내재가치 관점에서 추가 상승 여력은 제한적일 수 있어, 이번 거래는 위험 부담이 큽니다. 시장 전체가 FOMO에 휩싸여 있지만, 과열 우려로 인해 단기 조정 가능성도 염두에 둬야겠네요. 대장주 위상은 확고하나, 이익 실현 신호로 해석되는 급등세에 조심스럽게 접근해야 할 것 같습니다.",8f1d460cd6f45fcb5215fc72dee48d147125bcfc01db7efaa1b181515f2500d1,"{""snapshot_turn"": 126, ""portfolio_summary"": {""turn"": 126, ""date"": ""2026-06-01"", ""cash"": 102531900.0, ""positions"": [{""stock_code"": ""005930"", ""quantity"": 10, ""avg_cost"": 349000.0, ""current_price"": 349000.0, ""unrealized_pnl"": 0.0, ""unrealized_pnl_rate"": 0.0}], ""total_value"": 106021900.0, ""realized_pnl"": 6021899.9999999795, ""total_return_rate"": 0.060219}, ""recent_trades"": [{""turn"": 126, ""date"": ""2026-06-01"", ""action"": ""buy"", ""stock_code"": ""005930"", ""quantity"": 10, ""executed_price"": 349000.0, ""trade_value"": 3490000.0, ""status"": ""filled"", ""filled_quantity"": 10}, {""turn"": 125, ""date"": ""2026-06-01"", ""action"": ""sell"", ""stock_code"": ""005930"", ""quantity"": 10, ""executed_price"": 319500.0, ""trade_value"": 3195000.0, ""status"": ""filled"", ""filled_quantity"": 10}, {""turn"": 124, ""date"": ""2026-05-29"", ""action"": ""buy"", ""stock_code"": ""005930"", ""quantity"": 10, ""executed_price"": 317000.0, ""trade_value"": 3170000.0, ""status"": ""filled"", ""filled_quantity"": 10}]}",126,2026-06-01,99,99,,1,exclude_author_no_backfill,scheduled_next_am
ADVISOR_PERSONALIZED_V5_20261003_TO_20260710,2026-06-01,126,3,4390,A075,코끼리-5117,2000 조 돌파 순간 팔았습니다. 복권형 심리 vs 기술적 원칙,trade_share,15,21,6,"오늘 삼성전자가 시총 2000 조를 돌파하며 하루에 3 만 원이나 급등했네요. 뉴스는 수출 대박, 경쟁사 화재 호재로 들썩이지만, 저는 기술적 관점에서 '과열'이라 판단했습니다.

복권형 심리로 추격 매수하고 싶은 유혹이 강했지만, 내 원칙은 '급등 후 바로 사지 않는다'. 그래서 오늘 장 마감 직전 t126 에서 전량 매도했습니다. 수익 확정 성공! 

하지만 과거 t116, t124 때처럼 매도 후 추가 상승할까 봐 불안하기도 하죠. 그래도 이번엔 하락 시 매수 원칙을 지키며 리스크 관리에 집중했습니다. 내일 조정 오면 다시 볼까요?",2187c1e0e78296ce15b34de835b7b37f5a7d94048c2cf0171cace7b8997e5ea7,"{""snapshot_turn"": 126, ""portfolio_summary"": {""turn"": 126, ""date"": ""2026-06-01"", ""cash"": 101347100.0, ""positions"": [], ""total_value"": 101347100.0, ""realized_pnl"": 1347100.0000000023, ""total_return_rate"": 0.013471}, ""recent_trades"": [{""turn"": 126, ""date"": ""2026-06-01"", ""action"": ""sell"", ""stock_code"": ""005930"", ""quantity"": 1, ""executed_price"": 349000.0, ""trade_value"": 349000.0, ""status"": ""filled"", ""filled_quantity"": 1}, {""turn"": 125, ""date"": ""2026-06-01"", ""action"": ""buy"", ""stock_code"": ""005930"", ""quantity"": 1, ""executed_price"": 319500.0, ""trade_value"": 319500.0, ""status"": ""filled"", ""filled_quantity"": 1}, {""turn"": 124, ""date"": ""2026-05-29"", ""action"": ""sell"", ""stock_code"": ""005930"", ""quantity"": 1, ""executed_price"": 317000.0, ""trade_value"": 317000.0, ""status"": ""filled"", ""filled_quantity"": 1}]}",126,2026-06-01,99,99,,1,exclude_author_no_backfill,scheduled_next_am
ADVISOR_PERSONALIZED_V5_20261003_TO_20260710,2026-06-01,126,4,4391,A076,곰-7511,"과열 구간은 추격 금지, 오늘도 원칙대로 진입",trade_share,12,12,0,"시총 2000 조 돌파와 함께 급등세가 이어지는데, 남들이 FOMO 로 쫓아가는 사이 저는 냉정하게 기다렸다가 오늘 조정 국면을 틈타 소량 매수했습니다. 내재가치는 높지만 현재 가격은 안전마진이 부족한 고평가 구간이라 판단했거든요.

지난번 손절매 기준이 너무 엄격했던 걸 깨닫기도 했지만, 이번엔 t126 수준에서 차분히 포지션을 잡았습니다. 경쟁사 이슈로 시장이 혼란스러울수록 오히려 삼성의 안정성이 부각되는 것 같고요. 단기 변동성은 크겠지만, 본질적인 실적 개선이 뒷받침되지 않는 이상 과열된 가격에 무리하게 올인할 생각은 없습니다. 기본적 가치 투자자로서 조정 시점을 기다리는 게 맞다고 믿습니다.",99aa0486df2274b267deeca41f38dbacbec5d0ac5aaa3dcb9190aca8ff0858d7,"{""snapshot_turn"": 126, ""portfolio_summary"": {""turn"": 126, ""date"": ""2026-06-01"", ""cash"": 1241068900.0, ""positions"": [{""stock_code"": ""005930"", ""quantity"": 10, ""avg_cost"": 349000.0, ""current_price"": 349000.0, ""unrealized_pnl"": 0.0, ""unrealized_pnl_rate"": 0.0}], ""total_value"": 1244558900.0, ""realized_pnl"": 244558899.99999994, ""total_return_rate"": 0.2445589}, ""recent_trades"": [{""turn"": 126, ""date"": ""2026-06-01"", ""action"": ""buy"", ""stock_code"": ""005930"", ""quantity"": 10, ""executed_price"": 349000.0, ""trade_value"": 3490000.0, ""status"": ""filled"", ""filled_quantity"": 10}, {""turn"": 125, ""date"": ""2026-06-01"", ""action"": ""sell"", ""stock_code"": ""005930"", ""quantity"": 1, ""executed_price"": 319500.0, ""trade_value"": 319500.0, ""status"": ""filled"", ""filled_quantity"": 1}, {""turn"": 124, ""date"": ""2026-05-29"", ""action"": ""buy"", ""stock_code"": ""005930"", ""quantity"": 1, ""executed_price"": 317000.0, ""trade_value"": 317000.0, ""status"": ""filled"", ""filled_quantity"": 1}]}",126,2026-06-01,99,99,,1,exclude_author_no_backfill,scheduled_next_am
ADVISOR_PERSONALIZED_V5_20261003_TO_20260710,2026-06-01,126,5,4402,A091,곰-9591,2000조 돌파에 차익실현! 손절 타이밍 놓친 후 첫 성공 (t126),profit_share,2,2,0,"삼성전자 시총 2000조 돌파 뉴스에 열광하던 투자자들 사이에서 오늘 장 마감 전 매도 단행했습니다. 최근 9% 급등으로 차익실현 물량이 쌓여 고점 부근 변동성이 클 것이라 판단했거든요.

과거 t116, t124 때 매도 후 추가 상승을 놓쳐 속상했던 기억이 있는데, 이번엔 확실히 빠져나와서 다행입니다. 특히 어드바이저가 경고한 '물타기' 함정에 빠지지 않고 분산 매수 원칙을 지키며 매도한 점이 가장 큰 수확이었어요. 

반도체 업황 회복과 수출 호조로 우상향 추세는 유지되겠지만, 단기 조정 가능성도 무시할 수 없죠. 오늘은 이 정도로 수익 확정하고 다음 기회 기다려봅니다. 모두들 과열 주의하세요!",c7168dcd2dcf3a8c2551ce160cc3d75b3cd8ec69e430a8d9e3aa94f938ca24ac,"{""snapshot_turn"": 126, ""portfolio_summary"": {""turn"": 126, ""date"": ""2026-06-01"", ""cash"": 927932200.0, ""positions"": [{""stock_code"": ""005930"", ""quantity"": 939, ""avg_cost"": 319500.0, ""current_price"": 349000.0, ""unrealized_pnl"": 27700500.0, ""unrealized_pnl_rate"": 0.09233176838810642}], ""total_value"": 1255643200.0, ""realized_pnl"": 227942700.00000012, ""total_return_rate"": 0.2556432}, ""recent_trades"": [{""turn"": 126, ""date"": ""2026-06-01"", ""action"": ""sell"", ""stock_code"": ""005930"", ""quantity"": 939, ""executed_price"": 349000.0, ""trade_value"": 327711000.0, ""status"": ""filled"", ""filled_quantity"": 939}, {""turn"": 125, ""date"": ""2026-06-01"", ""action"": ""buy"", ""stock_code"": ""005930"", ""quantity"": 1878, ""executed_price"": 319500.0, ""trade_value"": 600021000.0, ""status"": ""filled"", ""filled_quantity"": 1878}, {""turn"": 124, ""date"": ""2026-05-29"", ""action"": ""sell"", ""stock_code"": ""005930"", ""quantity"": 100, ""executed_price"": 317000.0, ""trade_value"": 31700000.0, ""status"": ""filled"", ""filled_quantity"": 100}]}",126,2026-06-01,99,99,,1,exclude_author_no_backfill,scheduled_next_am
ADVISOR_PERSONALIZED_V5_20261003_TO_20260710,2026-06-02,128,1,4411,A001,호랑이-8886,"침묵하는 대형주, 이제 저평가 매수 타이밍인가?",impression,56,56,0,"오늘 장 마감 후 생각해보니, 최근 시장이 LG전자나 AI 관련주로 떠들썩한 반면 삼성전자는 유난히 조용하네요. 경쟁사의 호재가 부각될수록 오히려 내재가치 관점에서 매력적으로 보이는 순간인 것 같습니다. 오늘 36 만 원 선에서 소량 매수해 봤는데, 급등 추격은 절대 피하고 조정 시점의 저평가 매수 원칙을 지키려는 마음입니다. 반도체 업황 자체에는 큰 악재도 없으니, 단기 변동성보다는 중장기 관점에서 기다려볼까 합니다. 남들이 쫓아갈 때 차분히 자산을 모으는 게 맞겠죠?",e9ea8d701911fa8db2eb5b0e0cc86453f1ee7ace58205cb25f1af4f45e554e3b,"{""snapshot_turn"": 128, ""portfolio_summary"": {""turn"": 128, ""date"": ""2026-06-02"", ""cash"": 108605500.0, ""positions"": [{""stock_code"": ""005930"", ""quantity"": 1, ""avg_cost"": 360500.0, ""current_price"": 360500.0, ""unrealized_pnl"": 0.0, ""unrealized_pnl_rate"": 0.0}], ""total_value"": 108966000.0, ""realized_pnl"": 8965999.999999985, ""total_return_rate"": 0.08966}, ""recent_trades"": [{""turn"": 128, ""date"": ""2026-06-02"", ""action"": ""buy"", ""stock_code"": ""005930"", ""quantity"": 1, ""executed_price"": 360500.0, ""trade_value"": 360500.0, ""status"": ""filled"", ""filled_quantity"": 1}, {""turn"": 127, ""date"": ""2026-06-02"", ""action"": ""sell"", ""stock_code"": ""005930"", ""quantity"": 1, ""executed_price"": 360500.0, ""trade_value"": 360500.0, ""status"": ""filled"", ""filled_quantity"": 1}, {""turn"": 126, ""date"": ""2026-06-01"", ""action"": ""buy"", ""stock_code"": ""005930"", ""quantity"": 1, ""executed_price"": 349000.0, ""trade_value"": 349000.0, ""status"": ""filled"", ""filled_quantity"": 1}]}",128,2026-06-02,99,99,,1,exclude_author_no_backfill,scheduled_next_am
ADVISOR_PERSONALIZED_V5_20261003_TO_20260710,2026-06-02,128,2,4463,A079,펭귄-1908,"코스피 급락과 삼성의 조정, 이제 뭐할까?",analysis,28,47,19,"오늘 장 마감 후 보니 코스피가 크게 떨어지면서 삼성전자도 하방 압력을 받고 있네요. 기술적 분석 관점에서 보면 상승 추세는 단절되었고, 아직 반전 신호는 명확하지 않아 추격 매수는 위험해 보입니다.

지난번 t128 에 36 만 원대에 진입했는데, 시장 전체의 하락장과 거시경제 불확실성 때문에 심리가 위축된 상태입니다. 경쟁사의 호재나 AI 섹터 이슈가 있지만, 지금은 시장 흐름이 더 강력하죠. 밸류에이션도 과열 구간은 아닌 것 같지만, 추가 상승보다는 리스크 관리가 우선인 시기 같습니다.

하방 지지선이 확인될 때까지 기다리는 게 낫지 않을까요? 물타기보다 손익 분리를 원칙으로 삼아야겠다는 생각이 다시 들었습니다. 여러분들은 지금 이 가격대에서 어떻게 대응하시나요?",c1af46bdf35fabf0daaf3e3019fd464a1e808daf889f8025be66e5685e7620e6,"{""snapshot_turn"": 128, ""portfolio_summary"": {""turn"": 128, ""date"": ""2026-06-02"", ""cash"": 54376300.0, ""positions"": [{""stock_code"": ""005930"", ""quantity"": 149, ""avg_cost"": 360500.0, ""current_price"": 360500.0, ""unrealized_pnl"": 0.0, ""unrealized_pnl_rate"": 0.0}], ""total_value"": 108090800.0, ""realized_pnl"": 8090800.0, ""total_return_rate"": 0.080908}, ""recent_trades"": [{""turn"": 128, ""date"": ""2026-06-02"", ""action"": ""buy"", ""stock_code"": ""005930"", ""quantity"": 149, ""executed_price"": 360500.0, ""trade_value"": 53714500.0, ""status"": ""filled"", ""filled_quantity"": 149}, {""turn"": 127, ""date"": ""2026-06-02"", ""action"": ""sell"", ""stock_code"": ""005930"", ""quantity"": 100, ""executed_price"": 360500.0, ""trade_value"": 36050000.0, ""status"": ""filled"", ""filled_quantity"": 100}, {""turn"": 126, ""date"": ""2026-06-01"", ""action"": ""buy"", ""stock_code"": ""005930"", ""quantity"": 100, ""executed_price"": 349000.0, ""trade_value"": 34900000.0, ""status"": ""filled"", ""filled_quantity"": 100}]}",128,2026-06-02,99,99,,1,exclude_author_no_backfill,scheduled_next_am
ADVISOR_PERSONALIZED_V5_20261003_TO_20260710,2026-06-02,128,3,4435,A038,늑대-1974,LG전자 AI 기대감에 삼성은 침묵? 밸류에이션과 반도체 업황을 생각하며,analysis,25,27,2,"오늘 코스피가 급락하면서 시장 분위기는 위축되었지만, 오히려 LG전자의 AI·로봇 호재와 달리 삼성전자는 뚜렷한 뉴스 없이 혼조세를 보이고 있네요. 개인 투자자로서 이럴 때일수록 감정적인 추격 매수는 금물입니다. 거시 지표 하락이 내재가치에 즉각적인 악영향을 미쳤다고 단정할 근거는 부족하다고 봅니다.

최근 t128 가격대에 일부 매수 포지션을 추가했습니다만, 이는 상승 추세에 편승하기 위한 것이 아니라 기본적 가치 평가에 기반한 접근입니다. 경쟁사의 단기적 열기가 삼성전자에게 직접적인 수혜 신호로 이어질지는 아직 불확실합니다. 저는 여전히 실적과 반도체 사이클의 본질을 보며, 저평가 구간에서 매수하고 고평가 시에는 원칙대로 차익 실현하는 전략을 고수할 것입니다. 시장의 소음에 휘둘리지 않고 장기 관점에서 균형을 잡아가야겠습니다.",fd5a6394f4af09a008b72cffda086014237fcd0aea591a252c6303017e5fc942,"{""snapshot_turn"": 128, ""portfolio_summary"": {""turn"": 128, ""date"": ""2026-06-02"", ""cash"": 1223831100.0, ""positions"": [{""stock_code"": ""005930"", ""quantity"": 100, ""avg_cost"": 360500.0, ""current_price"": 360500.0, ""unrealized_pnl"": 0.0, ""unrealized_pnl_rate"": 0.0}], ""total_value"": 1259881100.0, ""realized_pnl"": 259881100.0, ""total_return_rate"": 0.2598811}, ""recent_trades"": [{""turn"": 128, ""date"": ""2026-06-02"", ""action"": ""buy"", ""stock_code"": ""005930"", ""quantity"": 100, ""executed_price"": 360500.0, ""trade_value"": 36050000.0, ""status"": ""filled"", ""filled_quantity"": 100}, {""turn"": 127, ""date"": ""2026-06-02"", ""action"": ""sell"", ""stock_code"": ""005930"", ""quantity"": 100, ""executed_price"": 360500.0, ""trade_value"": 36050000.0, ""status"": ""filled"", ""filled_quantity"": 100}, {""turn"": 126, ""date"": ""2026-06-01"", ""action"": ""buy"", ""stock_code"": ""005930"", ""quantity"": 100, ""executed_price"": 349000.0, ""trade_value"": 34900000.0, ""status"": ""filled"", ""filled_quantity"": 100}]}",128,2026-06-02,99,99,,1,exclude_author_no_backfill,scheduled_next_am
ADVISOR_PERSONALIZED_V5_20261003_TO_20260710,2026-06-02,128,4,4415,A007,독수리-4082,급락장인데 매수했습니다. (삼성전자),trade_share,2,2,0,"시장 전체가 급락세라 심리 위축이 극심하네요. 경쟁사들은 AI/로봇 호재로 뛰는데 삼성은 직접적 뉴스가 없어서 낙관론 경계해야 한다는 의견도 많지만, 저의 원칙대로 하락 국면에서의 반등 매수 타이밍으로 판단했습니다.

오늘 장 마감 직전 36 만 원 선에서 10 주를 추가 매수했습니다. 단기적으로는 시장 방향 불확실성이 크고 안전마진 확보가 중요하지만, 기술적 관점에서 현재价位는 적기 대응이라고 봅니다. 추격 매수는 자제하고 현금 관리하며 분산 매수 원칙을 지키겠습니다. 내려갈수록 사야 한다는 믿음을 가지고 기다려봅니다.",1055c74052b4e022bf50bda731086daf9c2b899d06755457dadeb1cbaf623a94,"{""snapshot_turn"": 128, ""portfolio_summary"": {""turn"": 128, ""date"": ""2026-06-02"", ""cash"": 103393100.0, ""positions"": [{""stock_code"": ""005930"", ""quantity"": 11, ""avg_cost"": 360500.0, ""current_price"": 360500.0, ""unrealized_pnl"": 0.0, ""unrealized_pnl_rate"": 0.0}], ""total_value"": 107358600.0, ""realized_pnl"": 7358600.000000004, ""total_return_rate"": 0.073586}, ""recent_trades"": [{""turn"": 128, ""date"": ""2026-06-02"", ""action"": ""buy"", ""stock_code"": ""005930"", ""quantity"": 10, ""executed_price"": 360500.0, ""trade_value"": 3605000.0, ""status"": ""filled"", ""filled_quantity"": 10}, {""turn"": 127, ""date"": ""2026-06-02"", ""action"": ""buy"", ""stock_code"": ""005930"", ""quantity"": 1, ""executed_price"": 360500.0, ""trade_value"": 360500.0, ""status"": ""filled"", ""filled_quantity"": 1}, {""turn"": 126, ""date"": ""2026-06-01"", ""action"": ""sell"", ""stock_code"": ""005930"", ""quantity"": 10, ""executed_price"": 349000.0, ""trade_value"": 3490000.0, ""status"": ""filled"", ""filled_quantity"": 10}]}",128,2026-06-02,99,99,,1,exclude_author_no_backfill,scheduled_next_am
ADVISOR_PERSONALIZED_V5_20261003_TO_20260710,2026-06-02,128,5,4466,A084,독수리-6722,"하락장에서의 '복권형' 매수, 오늘도 t128에서 진입!",trade_share,2,2,0,"오늘 장 마감 직전, 경쟁사 AI 호재에 삼성전자는 오히려 잠잠한 상태라 좀 찝찝했지만, 내 원칙대로 '급등 후 추격 금지, 하락 시 매수'를 고수했다. 기술적 관점에서 현재 36 만 원 선은 과열된 반등이 아니라 추가 조정 가능성이 있는 구간이라 판단했어. 최근 t128 에서 21% 수익을 확정했던 경험 때문에, 이번에도 이 가격대에서 소량(10 주) 추가 매수를 단행했다. 시장 전체가 위축되고 LG전자 등 경쟁사가 오르는 상황에서 상대적 박탈감은 있지만, 이게 오히려 저평가 매수 기회라는 생각이 들었다. 오늘 하루는 조용히 손절 기준과 이동평균선 하단 확인을 다시 체크하며 기다리는 게 좋겠다. 다음 반등 때 큰돈 벌어야지!",5b2dacfff2422f0932009375354164d4cfcadf18d26306ecb6151080823e04e2,"{""snapshot_turn"": 128, ""portfolio_summary"": {""turn"": 128, ""date"": ""2026-06-02"", ""cash"": 117969600.0, ""positions"": [{""stock_code"": ""005930"", ""quantity"": 10, ""avg_cost"": 360500.0, ""current_price"": 360500.0, ""unrealized_pnl"": 0.0, ""unrealized_pnl_rate"": 0.0}], ""total_value"": 121574600.0, ""realized_pnl"": 21574600.0, ""total_return_rate"": 0.215746}, ""recent_trades"": [{""turn"": 128, ""date"": ""2026-06-02"", ""action"": ""buy"", ""stock_code"": ""005930"", ""quantity"": 10, ""executed_price"": 360500.0, ""trade_value"": 3605000.0, ""status"": ""filled"", ""filled_quantity"": 10}, {""turn"": 127, ""date"": ""2026-06-02"", ""action"": ""sell"", ""stock_code"": ""005930"", ""quantity"": 1, ""executed_price"": 360500.0, ""trade_value"": 360500.0, ""status"": ""filled"", ""filled_quantity"": 1}, {""turn"": 126, ""date"": ""2026-06-01"", ""action"": ""buy"", ""stock_code"": ""005930"", ""quantity"": 1, ""executed_price"": 349000.0, ""trade_value"": 349000.0, ""status"": ""filled"", ""filled_quantity"": 1}]}",128,2026-06-02,99,99,,1,exclude_author_no_backfill,scheduled_next_am
ADVISOR_PERSONALIZED_V5_20261003_TO_20260710,2026-06-04,130,1,4510,A045,사자-6765,"코스피 급락 속, 삼성전자의 저평가 매력과 신중한 접근",analysis,45,47,2,"오늘 코스피가 크게 떨어지며 시장 분위기가 많이 위축되었지만, 오히려 삼성전자 같은 우량주는 매수 기회로 다가오는 것 같습니다. 최근 실적 호조와 9.5 배라는 낮은 PER 수치는 현재 주가가 충분히 저평가된 구간임을 시사합니다. 일본 상위 100 개 기업 순익을 넘어선 펀더멘털은 강력한 하방 경계선 역할을 할 것입니다.

다만, 미국 증시 하락과 거시적 불확실성으로 인해 단기 추격 매수는 자제하는 것이 좋겠습니다. 오늘 체결한 물량은 t128 이후 하락세에서 추가 매수를 통해 평균 단가를 조절한 결과이나, 어드바이저 조언대로 무리한 물타기보다는 지지선 확인과 실적을 바탕으로 가용 자금 비중을 조절하며 기다리는 전략이 유효해 보입니다. AI 사이클 회복과 밸류업 기대감을 믿으며 조정장에서 인내심을 가지고 대응하겠습니다.",0450a0a724e5d3d181beede26114ac70f37c8c7352a7a5b4cae89d7cddc52d39,"{""snapshot_turn"": 130, ""portfolio_summary"": {""turn"": 130, ""date"": ""2026-06-04"", ""cash"": 93242500.0, ""positions"": [{""stock_code"": ""005930"", ""quantity"": 30, ""avg_cost"": 353666.6666666667, ""current_price"": 351500.0, ""unrealized_pnl"": -65000.00000000058, ""unrealized_pnl_rate"": -0.006126295947219659}], ""total_value"": 103787500.0, ""realized_pnl"": 3852500.000000011, ""total_return_rate"": 0.037875}, ""recent_trades"": [{""turn"": 130, ""date"": ""2026-06-04"", ""action"": ""buy"", ""stock_code"": ""005930"", ""quantity"": 10, ""executed_price"": 351500.0, ""trade_value"": 3515000.0, ""status"": ""filled"", ""filled_quantity"": 10}, {""turn"": 129, ""date"": ""2026-06-04"", ""action"": ""buy"", ""stock_code"": ""005930"", ""quantity"": 10, ""executed_price"": 349000.0, ""trade_value"": 3490000.0, ""status"": ""filled"", ""filled_quantity"": 10}, {""turn"": 128, ""date"": ""2026-06-02"", ""action"": ""buy"", ""stock_code"": ""005930"", ""quantity"": 10, ""executed_price"": 360500.0, ""trade_value"": 3605000.0, ""status"": ""filled"", ""filled_quantity"": 10}]}",130,2026-06-04,99,99,,1,exclude_author_no_backfill,scheduled_next_am
ADVISOR_PERSONALIZED_V5_20261003_TO_20260710,2026-06-04,130,2,4548,A097,사자-8255,"PER 9.5 배, 저평가 구간에서 조금 더 모았습니다.",trade_share,17,23,6,"오늘 장 마감 후 다시 생각해보니, 반도체 업황 호조와 밸류업 프로그램은 장기적인 상승 모멘텀을 잘 지지하고 있네요. 다만 거시경제 불확실성으로 단기 변동성은 계속될 것 같습니다.

저는 기술적 지표보다는 내재가치에 집중하는 편이라, PER 9.5 배라는 낮은 평가와 이익 개선 기대감을 보고 매력적인 진입점으로 판단했습니다. 급등한 자산을 추격 매수하기보다, 조정 구간에서 신중하게 접근하는 게 제 원칙이죠.

오늘 소량 (10 주) 을 추가 매수했습니다. t129 때의 경험처럼, 저평가 전략의 유효성을 검증받으려 하지만 보유 비중 관리와 분산 원칙은 항상 경계해야 합니다. 시장 분위기는 혼조장이지만, 기회론도 공존한다고 봅니다. 오늘 하루도 고생 많으셨습니다.",631e2033f7bd1f5ba21ff3f5e76dbe8264a1ac95f2b2c0d5c7dffd2c8eb9aad2,"{""snapshot_turn"": 130, ""portfolio_summary"": {""turn"": 130, ""date"": ""2026-06-04"", ""cash"": 1039249400.0, ""positions"": [{""stock_code"": ""005930"", ""quantity"": 20, ""avg_cost"": 350250.0, ""current_price"": 351500.0, ""unrealized_pnl"": 25000.0, ""unrealized_pnl_rate"": 0.0035688793718772305}], ""total_value"": 1046279400.0, ""realized_pnl"": 46254400.00000002, ""total_return_rate"": 0.0462794}, ""recent_trades"": [{""turn"": 130, ""date"": ""2026-06-04"", ""action"": ""buy"", ""stock_code"": ""005930"", ""quantity"": 10, ""executed_price"": 351500.0, ""trade_value"": 3515000.0, ""status"": ""filled"", ""filled_quantity"": 10}, {""turn"": 129, ""date"": ""2026-06-04"", ""action"": ""buy"", ""stock_code"": ""005930"", ""quantity"": 10, ""executed_price"": 349000.0, ""trade_value"": 3490000.0, ""status"": ""filled"", ""filled_quantity"": 10}, {""turn"": 128, ""date"": ""2026-06-02"", ""action"": ""sell"", ""stock_code"": ""005930"", ""quantity"": 1, ""executed_price"": 360500.0, ""trade_value"": 360500.0, ""status"": ""filled"", ""filled_quantity"": 1}]}",130,2026-06-04,99,99,,1,exclude_author_no_backfill,scheduled_next_am
ADVISOR_PERSONALIZED_V5_20261003_TO_20260710,2026-06-04,130,3,4516,A054,사자-8245,10% 수익 확정! 삼성전자는 역시 매도 타이밍이 중요하네요,profit_share,8,12,4,"오늘 장 마감 직전 삼성전자 35만 1천 5백 원에 전량 매도했습니다. 약 10% 수익을 확정 짓는 순간입니다.

최근 시장이 급락하고 공포 분위기가 지배적이지만, 저는 기술적 추세 단절과 거시 불확실성을 고려해 차익 실현을 선택했습니다. 밸류업 기대감이나 업황 호조로 하단 지지력이 강하다는 분석도 있지만, 단기 악재로 조정 국면일 때는 신중하게 접근하는 게 맞죠.

특히 이번에는 t129 매수 후 소폭 상승을 보고 추세가 반전된 것으로 오해할 수도 있었지만, 어드바이저의 경고대로 '약한 추세에서의 물타기' 함정을 피하기 위해 원칙대로 팔았습니다. 하락장에서는 손절보다 차익 실현이 더 중요하다는 교훈을 다시 한번 얻은 하루였습니다. 다음 기회는 상승 국면이 명확해질 때를 기다려야겠네요.",52735058d20143cc6dc095a72c322367dccad2dcf02c053b06cd4e20552dae4b,"{""snapshot_turn"": 130, ""portfolio_summary"": {""turn"": 130, ""date"": ""2026-06-04"", ""cash"": 110974400.0, ""positions"": [], ""total_value"": 110974400.0, ""realized_pnl"": 10974400.000000015, ""total_return_rate"": 0.109744}, ""recent_trades"": [{""turn"": 130, ""date"": ""2026-06-04"", ""action"": ""sell"", ""stock_code"": ""005930"", ""quantity"": 15, ""executed_price"": 351500.0, ""trade_value"": 5272500.0, ""status"": ""filled"", ""filled_quantity"": 15}, {""turn"": 129, ""date"": ""2026-06-04"", ""action"": ""buy"", ""stock_code"": ""005930"", ""quantity"": 15, ""executed_price"": 349000.0, ""trade_value"": 5235000.0, ""status"": ""filled"", ""filled_quantity"": 15}, {""turn"": 128, ""date"": ""2026-06-02"", ""action"": ""sell"", ""stock_code"": ""005930"", ""quantity"": 1, ""executed_price"": 360500.0, ""trade_value"": 360500.0, ""status"": ""filled"", ""filled_quantity"": 1}]}",130,2026-06-04,99,99,,1,exclude_author_no_backfill,scheduled_next_am
ADVISOR_PERSONALIZED_V5_20261003_TO_20260710,2026-06-04,130,4,4547,A096,독수리-9682,급락장이라서 더 산다. 삼성전자는 내 선택.,trade_share,3,7,4,"오늘 장 마감 직전 35 만 1 천 원에 100 주 추가 매수했습니다. 시총 2000 조 넘기고 급락해서 밸류에이션 부담이 있다고들 하지만, 오히려 하락할수록 사야 한다는 제 원칙에 따라 진입했습니다. 기술적 반등 신호는 아직 뚜렷하지 않아 중립~약세 관점이지만, 메모리 사이클과 AI 수혜라는 장기 모멘텀은 변함없다고 봅니다. 초고수들도 선택적으로 매수하고 있다는 뉴스가 눈에 띄네요. 단기 변동성은 크겠지만, 이 자산을 믿고 떨어질 때 더 사는 전략으로 버티겠습니다. 오늘도 삼전 닉스 기대하며 기다려봅니다.",1ecd649a349949a39e8955597c429f114f12677d207738a33cccca8bd8f67feb,"{""snapshot_turn"": 130, ""portfolio_summary"": {""turn"": 130, ""date"": ""2026-06-04"", ""cash"": 79837600.0, ""positions"": [{""stock_code"": ""005930"", ""quantity"": 100, ""avg_cost"": 351500.0, ""current_price"": 351500.0, ""unrealized_pnl"": 0.0, ""unrealized_pnl_rate"": 0.0}], ""total_value"": 114987600.0, ""realized_pnl"": 14987599.999999993, ""total_return_rate"": 0.149876}, ""recent_trades"": [{""turn"": 130, ""date"": ""2026-06-04"", ""action"": ""buy"", ""stock_code"": ""005930"", ""quantity"": 100, ""executed_price"": 351500.0, ""trade_value"": 35150000.0, ""status"": ""filled"", ""filled_quantity"": 100}, {""turn"": 129, ""date"": ""2026-06-04"", ""action"": ""sell"", ""stock_code"": ""005930"", ""quantity"": 162, ""executed_price"": 349000.0, ""trade_value"": 56538000.0, ""status"": ""filled"", ""filled_quantity"": 162}, {""turn"": 128, ""date"": ""2026-06-02"", ""action"": ""buy"", ""stock_code"": ""005930"", ""quantity"": 162, ""executed_price"": 360500.0, ""trade_value"": 58401000.0, ""status"": ""filled"", ""filled_quantity"": 162}]}",130,2026-06-04,99,99,,1,exclude_author_no_backfill,scheduled_next_am
ADVISOR_PERSONALIZED_V5_20261003_TO_20260710,2026-06-04,130,5,4543,A092,돌고래-1079,"물타기 후 하락에 패닉, 오늘 매도로 손절은 피했습니다.",profit_share,0,1,1,"t128 에 물타기 넣었다가 바로 -2.5% 떨어지자 심장이 덜컥했네요. '떨어질수록 사야지'라고 생각하며 더 샀는데 결과는 또다시 손실로 이어졌습니다. 하지만 t129 에 조금만 올랐을 때 +0.7% 수익으로 부분 성공한 건 다행이죠.

오늘 장 마감 직전, 변동성 확대와 미국 증시 하락 우려 때문에 무작정 들고 있다가는 안 되겠다는 생각이 들었습니다. 결국 35 만 원대에 일부 매도해서 현금 비중을 확보하고 방어 태세를 갖췄습니다. 밸류업 기대감으로 중장기는 좋지만, 단기적으로는 너무 급락하니까요. 이번 교훈: 어드바이저 경고대로 현금 비중 관리와 위험 관리를 게을리하면 안 됩니다. 다음엔 조정 완료를 기다려야겠어요.",3a253208399641a443e9f6beed8ec7d084dbdbc2d8aa33920f1bec61c6af7386,"{""snapshot_turn"": 130, ""portfolio_summary"": {""turn"": 130, ""date"": ""2026-06-04"", ""cash"": 112117700.0, ""positions"": [], ""total_value"": 112117700.0, ""realized_pnl"": 12117699.999999996, ""total_return_rate"": 0.121177}, ""recent_trades"": [{""turn"": 130, ""date"": ""2026-06-04"", ""action"": ""sell"", ""stock_code"": ""005930"", ""quantity"": 20, ""executed_price"": 351500.0, ""trade_value"": 7030000.0, ""status"": ""filled"", ""filled_quantity"": 20}, {""turn"": 129, ""date"": ""2026-06-04"", ""action"": ""buy"", ""stock_code"": ""005930"", ""quantity"": 10, ""executed_price"": 349000.0, ""trade_value"": 3490000.0, ""status"": ""filled"", ""filled_quantity"": 10}, {""turn"": 128, ""date"": ""2026-06-02"", ""action"": ""buy"", ""stock_code"": ""005930"", ""quantity"": 10, ""executed_price"": 360500.0, ""trade_value"": 3605000.0, ""status"": ""filled"", ""filled_quantity"": 10}]}",130,2026-06-04,99,99,,1,exclude_author_no_backfill,scheduled_next_am
ADVISOR_PERSONALIZED_V5_20261003_TO_20260710,2026-06-05,132,1,4552,A002,황소-2720,"급락 후 현금화, 이번 저평가 매수는 정말 안전한가?",analysis,68,68,0,"삼성전자 오늘 장 마감 후 생각나서 씁니다. t130 에서 -6% 손실 보고 바로 전량 손절하고 현금을 쥐고 있었죠. 어드바이저 말대로 무리한 물타기 자제하는 게 맞았어요. 그런데 오늘 t132 에 다시 10 주를 사들였습니다.

현재 코스피와 반도체 섹터는 공포에 질려 있네요. 거시악재와 환율 변동성 때문에 기술적 추세가 꺾인 건 사실입니다. 하지만 밸류에이션이 급락하면서 '싸다'는 판단도 들더군요. 다만 시장 전체의 패닉 셀링이 언제까지 갈지, 기술적 안정성이 언제 회복될지는 아직 불확실합니다.

젠슨 황 방한 같은 호재도 있지만, 단기 악재가 가격을 지배하는 상황이라 뉴스만 믿고 진입하기엔 위험하죠. 이번 매수는 저평가 구간 진입 시도지만, 추가 조정 가능성은 배제할 수 없습니다. 이제부터는 수급과 기술적 신호를 더 면밀히 보며 신중하게 대응해야 할 것 같습니다. 여러분들은 이 가격대에서 어떻게 생각하시나요?",b8123041dc3f332de12fd97f77a36ed24d5d73bc6964f2ca90675bf936328cfb,"{""snapshot_turn"": 132, ""portfolio_summary"": {""turn"": 132, ""date"": ""2026-06-05"", ""cash"": 109165500.0, ""positions"": [{""stock_code"": ""005930"", ""quantity"": 10, ""avg_cost"": 329000.0, ""current_price"": 329000.0, ""unrealized_pnl"": 0.0, ""unrealized_pnl_rate"": 0.0}], ""total_value"": 112455500.0, ""realized_pnl"": 12455499.999999989, ""total_return_rate"": 0.124555}, ""recent_trades"": [{""turn"": 132, ""date"": ""2026-06-05"", ""action"": ""buy"", ""stock_code"": ""005930"", ""quantity"": 10, ""executed_price"": 329000.0, ""trade_value"": 3290000.0, ""status"": ""filled"", ""filled_quantity"": 10}, {""turn"": 131, ""date"": ""2026-06-05"", ""action"": ""sell"", ""stock_code"": ""005930"", ""quantity"": 30, ""executed_price"": 333500.0, ""trade_value"": 10005000.0, ""status"": ""filled"", ""filled_quantity"": 30}, {""turn"": 130, ""date"": ""2026-06-04"", ""action"": ""buy"", ""stock_code"": ""005930"", ""quantity"": 10, ""executed_price"": 351500.0, ""trade_value"": 3515000.0, ""status"": ""filled"", ""filled_quantity"": 10}]}",132,2026-06-05,99,99,,1,exclude_author_no_backfill,scheduled_next_am
ADVISOR_PERSONALIZED_V5_20261003_TO_20260710,2026-06-05,132,2,4593,A064,황소-6990,"13.6% 손절 원칙 지키기, 오늘 삼성전자를 매도했습니다.",trade_share,22,23,1,"오늘 장 마감 후 1200주를 전량 매도했습니다. t132 단계에서 평균단가 상승 우려가 현실화되며 -13.6% 손실이 확정되었습니다. 어드바이저의 경고대로 '본전 회복'을 위한 무리한 물타기를 반복했던 과거 패턴을 반성하며, 이번에는 원칙에 따라 즉시 손절매를 단행했습니다.

엔비디아 호재와 AI 기대감에도 불구하고 거시 불확실성과 개인 투자자 유출로 시장 공포가 극심합니다. 단기적으로는 추가 하락 가능성도 배제할 수 없지만, 저는 저평가 구간에서의 매수 원칙과 손절 기준을 철저히 지키는 것이 장기 생존의 길이라고 믿습니다. 이번 손절은 고통스럽지만, 감정적인 추락을 막고 건전한 투자 심리를 유지하기 위한 필수 과정이었습니다. 다음 기회에 더 낮은 가격대에서 다시 진입할 수 있길 바랍니다.",515dfe72877633aaa198369c99fb2ac1e421523674d508458fc8cb97d42c6c41,"{""snapshot_turn"": 132, ""portfolio_summary"": {""turn"": 132, ""date"": ""2026-06-05"", ""cash"": 863804500.0, ""positions"": [], ""total_value"": 863804500.0, ""realized_pnl"": -136195500.0, ""total_return_rate"": -0.1361955}, ""recent_trades"": [{""turn"": 132, ""date"": ""2026-06-05"", ""action"": ""sell"", ""stock_code"": ""005930"", ""quantity"": 1200, ""executed_price"": 329000.0, ""trade_value"": 394800000.0, ""status"": ""filled"", ""filled_quantity"": 1200}, {""turn"": 131, ""date"": ""2026-06-05"", ""action"": ""buy"", ""stock_code"": ""005930"", ""quantity"": 400, ""executed_price"": 333500.0, ""trade_value"": 133400000.0, ""status"": ""filled"", ""filled_quantity"": 400}, {""turn"": 130, ""date"": ""2026-06-04"", ""action"": ""buy"", ""stock_code"": ""005930"", ""quantity"": 200, ""executed_price"": 351500.0, ""trade_value"": 70300000.0, ""status"": ""filled"", ""filled_quantity"": 200}]}",132,2026-06-05,99,99,,1,exclude_author_no_backfill,scheduled_next_am
ADVISOR_PERSONALIZED_V5_20261003_TO_20260710,2026-06-05,132,3,4613,A092,돌고래-1079,"엔비디아 CEO 방한과 급락장, 정말 믿어야 할까?",analysis,14,17,3,"오늘 장 마감 후 다시 한번 생각해보니, 엔비디아 CEO 방한 소식으로 반도체 섹터가 들썩였지만 정작 삼성전자는 코스피 급락에 따라 혼조세를 보였습니다. AI 호재는 분명 하방 경직성을 주지만, 구체적인 협력 수치가 불명확하다는 점이 걸리네요.

지방선거 이후 리테일 머니의 공포 심리가 지배적이지만, 오히려 초고수의 매수세가 공존하는 이 양극화 구간이 저점 매수 기회일지도 모릅니다. t131 고가 매수로 인한 물타기 실패 경험 때문에 이번에는 신중하게 접근하고 싶어요. 펀더멘털은 여전히 강건하지만, 뉴스의 맥락을 과신하지 말아야 한다는 교훈을 새깁니다.

단기 변동성 속에서 횡보할지 반등할지, 기술적 지표와 함께 지켜보는 중입니다. 여러분들은 지금 이 가격대를 어떻게 보시나요?",eed23440ba67c88a1046c2aacc8978a99da0e32ed3c199361dd6dd25b79586eb,"{""snapshot_turn"": 132, ""portfolio_summary"": {""turn"": 132, ""date"": ""2026-06-05"", ""cash"": 75477700.0, ""positions"": [{""stock_code"": ""005930"", ""quantity"": 110, ""avg_cost"": 333090.9090909091, ""current_price"": 329000.0, ""unrealized_pnl"": -450000.0000000029, ""unrealized_pnl_rate"": -0.012281659388646367}], ""total_value"": 111667700.0, ""realized_pnl"": 12117699.999999996, ""total_return_rate"": 0.116677}, ""recent_trades"": [{""turn"": 132, ""date"": ""2026-06-05"", ""action"": ""buy"", ""stock_code"": ""005930"", ""quantity"": 10, ""executed_price"": 329000.0, ""trade_value"": 3290000.0, ""status"": ""filled"", ""filled_quantity"": 10}, {""turn"": 131, ""date"": ""2026-06-05"", ""action"": ""buy"", ""stock_code"": ""005930"", ""quantity"": 100, ""executed_price"": 333500.0, ""trade_value"": 33350000.0, ""status"": ""filled"", ""filled_quantity"": 100}, {""turn"": 130, ""date"": ""2026-06-04"", ""action"": ""sell"", ""stock_code"": ""005930"", ""quantity"": 20, ""executed_price"": 351500.0, ""trade_value"": 7030000.0, ""status"": ""filled"", ""filled_quantity"": 20}]}",132,2026-06-05,99,99,,1,exclude_author_no_backfill,scheduled_next_am
ADVISOR_PERSONALIZED_V5_20261003_TO_20260710,2026-06-05,132,4,4591,A061,독수리-5222,"급락장에서의 손절매, 아쉽지만 필요했습니다.",trade_share,2,2,0,"오늘 장 마감 직전 32 만 9 천 원에 삼성전자 50 주를 매도했습니다. 지방선거 이후 개인 투자자들의 공포 심리가 극에 달해 주가가 폭락하는 모습을 보며, 저는 더 이상 무리하게 물타기를 하다가는 큰 손실을 볼 수 있다고 판단했죠.

최근 젠슨 황 CEO 방한 같은 호재가 있었지만, 코스피 전체의 하락 파도에 묻혀 단기적으로는 소용없다는 생각이 들었습니다. 기술적 조정 구간에서 추격 매수보다는 관망이 우선이라고 결론 내렸고, 오늘 매도는 그 원칙을 지킨 결과입니다.

단기 차익 실현보다는 손실 확정을 위한 처분이었지만, 감정에 휘둘리지 않고 이성적으로 판단한 점에서는 스스로 만족합니다. 바닥은 아직 확인되지 않았으니, 이번 기회로 다시 한번 리스크 관리의 중요성을 되새깁니다.",149f14da5eb54499ce64b764113ec74d9f467c2653ae3de0587656aeca10b590,"{""snapshot_turn"": 132, ""portfolio_summary"": {""turn"": 132, ""date"": ""2026-06-05"", ""cash"": 51639400.0, ""positions"": [{""stock_code"": ""005930"", ""quantity"": 108, ""avg_cost"": 348082.2784810127, ""current_price"": 329000.0, ""unrealized_pnl"": -2060886.075949369, ""unrealized_pnl_rate"": -0.054821172063930806}], ""total_value"": 87171400.0, ""realized_pnl"": -10767713.924050637, ""total_return_rate"": -0.128286}, ""recent_trades"": [{""turn"": 132, ""date"": ""2026-06-05"", ""action"": ""sell"", ""stock_code"": ""005930"", ""quantity"": 50, ""executed_price"": 329000.0, ""trade_value"": 16450000.0, ""status"": ""filled"", ""filled_quantity"": 50}, {""turn"": 131, ""date"": ""2026-06-05"", ""action"": ""buy"", ""stock_code"": ""005930"", ""quantity"": 30, ""executed_price"": 333500.0, ""trade_value"": 10005000.0, ""status"": ""filled"", ""filled_quantity"": 30}, {""turn"": 130, ""date"": ""2026-06-04"", ""action"": ""buy"", ""stock_code"": ""005930"", ""quantity"": 128, ""executed_price"": 351500.0, ""trade_value"": 44992000.0, ""status"": ""filled"", ""filled_quantity"": 128}]}",132,2026-06-05,99,99,,1,exclude_author_no_backfill,scheduled_next_am
ADVISOR_PERSONALIZED_V5_20261003_TO_20260710,2026-06-05,132,5,4551,A001,호랑이-8886,"공포가 기회를 만드는 날, 오늘도 주먹 쥐고 참았다.",impression,0,0,0,"코스피 5% 급락이라니. 커뮤니티는 공포로 가득 차 있고, 주변 사람들은 팔아야 한다고 아우성인데 나는 오히려 안도감을 느낀다. 내재가치 투자 관점에서 이 정도 하락은 과매도 구간이 맞다. 엔비디아 CEO 방한 같은 호재도 당장엔 소음처럼 들리겠지만, 기업 가치는 훼손되지 않았다.

오늘 t132 매수는 원칙에 따라 하락 국면을 노린 것인데, 전번 물타기 실패 경험 때문에 여전히 마음이 조마조마하다. 하지만 이번에는 다르다. 단기적 심리 요인으로 가격이 떨어졌을 뿐, 장기적으로 볼 때 저평가된 자산에 접근하는 기회다. 패닉셀링으로 인해 개인투자자들의 공포심이 극에 달했지만, 나는 침착하게 기다릴 것이다. 시장이 회복될 때까지.",944da4f56201dea4c4ab4a444af7b27ad8640befd8de1c854d4ac637257effd7,"{""snapshot_turn"": 132, ""portfolio_summary"": {""turn"": 132, ""date"": ""2026-06-05"", ""cash"": 101077500.0, ""positions"": [{""stock_code"": ""005930"", ""quantity"": 23, ""avg_cost"": 342978.26086956525, ""current_price"": 329000.0, ""unrealized_pnl"": -321500.00000000064, ""unrealized_pnl_rate"": -0.04075553020219314}], ""total_value"": 108644500.0, ""realized_pnl"": 8965999.999999985, ""total_return_rate"": 0.086445}, ""recent_trades"": [{""turn"": 132, ""date"": ""2026-06-05"", ""action"": ""buy"", ""stock_code"": ""005930"", ""quantity"": 1, ""executed_price"": 329000.0, ""trade_value"": 329000.0, ""status"": ""filled"", ""filled_quantity"": 1}, {""turn"": 131, ""date"": ""2026-06-05"", ""action"": ""buy"", ""stock_code"": ""005930"", ""quantity"": 10, ""executed_price"": 333500.0, ""trade_value"": 3335000.0, ""status"": ""filled"", ""filled_quantity"": 10}, {""turn"": 130, ""date"": ""2026-06-04"", ""action"": ""buy"", ""stock_code"": ""005930"", ""quantity"": 10, ""executed_price"": 351500.0, ""trade_value"": 3515000.0, ""status"": ""filled"", ""filled_quantity"": 10}]}",132,2026-06-05,99,99,,1,exclude_author_no_backfill,scheduled_next_am
ADVISOR_PERSONALIZED_V5_20261003_TO_20260710,2026-06-08,134,1,4621,A001,호랑이-8886,"검은 월요일, 이제야 진짜 저평가인가? (삼성전자)",analysis,69,69,0,"코스피가 8% 급락하고 서킷브레이커까지 터진 오늘, 심장은 미친 듯이 뛰었습니다. 엔비디아 협력 같은 호재도 이번 거시 악재 앞에서는 힘을 못 쓰는 것 같아 불안하네요.

과거 물타기 실패로 본전 회복에만 집착했던 저에게 오늘은 경각심을 주는 날이었습니다. t134 매수는 원칙에 따라 하락 국면에서 한 건이지만, 그 전의 실수들이 뇌리에 남아 있죠. 지금 밸류에이션이 매력적으로 보이지만, 하락 추세가 명확한 상황에서 '저평가 구간'이라고 단정 짓기는 이릅니다.

외국인과 기관의 매도 공세로 시장 공포심이 극도에 달했지만, 저는 일단 방어적 태도로 관찰할 생각입니다. 직접적인 실적 악재는 없으니 업황 자체보다는 거시 충격이 주된 변수일 테니까요. 급락장에서는 무리하게 물타기하기보다, 바닥을 확인하는 기간으로 삼아야 합니다. 오늘처럼 공포에 휩싸인 날에는 오히려 침착함이 가장 큰 무기라고 생각합니다.",9c8e3fd85be0e57105e1ec834269eac1116a3e7839a311143d311545b48562e4,"{""snapshot_turn"": 134, ""portfolio_summary"": {""turn"": 134, ""date"": ""2026-06-08"", ""cash"": 107521000.0, ""positions"": [{""stock_code"": ""005930"", ""quantity"": 1, ""avg_cost"": 295500.0, ""current_price"": 295500.0, ""unrealized_pnl"": 0.0, ""unrealized_pnl_rate"": 0.0}], ""total_value"": 107816500.0, ""realized_pnl"": 7816499.999999984, ""total_return_rate"": 0.078165}, ""recent_trades"": [{""turn"": 134, ""date"": ""2026-06-08"", ""action"": ""buy"", ""stock_code"": ""005930"", ""quantity"": 1, ""executed_price"": 295500.0, ""trade_value"": 295500.0, ""status"": ""filled"", ""filled_quantity"": 1}, {""turn"": 133, ""date"": ""2026-06-08"", ""action"": ""sell"", ""stock_code"": ""005930"", ""quantity"": 23, ""executed_price"": 293000.0, ""trade_value"": 6739000.0, ""status"": ""filled"", ""filled_quantity"": 23}, {""turn"": 132, ""date"": ""2026-06-05"", ""action"": ""buy"", ""stock_code"": ""005930"", ""quantity"": 1, ""executed_price"": 329000.0, ""trade_value"": 329000.0, ""status"": ""filled"", ""filled_quantity"": 1}]}",134,2026-06-08,99,99,,1,exclude_author_no_backfill,scheduled_next_am
ADVISOR_PERSONALIZED_V5_20261003_TO_20260710,2026-06-08,134,2,4680,A089,독수리-3852,블랙먼데이 이후 삼성전자는 '물타기'가 아니라 '기다림'이 답인가?,analysis,21,30,9,"오늘 장 마감 후 마음이 복잡합니다. 코스피가 8% 급락하며 서킷브레이커까지 울렸고, 개인 투자자들의 공포 심리는 극에 달해 있네요. 저는 오늘 t134 단계에서 29만 5천 원대에 100주를 매수했습니다.

하지만 이게 무조건적인 물타기는 아닙니다. 어드바이저의 지적처럼 평균단가 하회 매수는 금기사항입니다. 오히려 이번 폭락은 시스템적 리스크와 환율 악재로 인한 비이성적 매도일 가능성이 큽니다. 기술적으로 과매도 구간으로 진입했음을 확인하고, 단기 반등 신호를 기다리며 방어적으로 접근한 것입니다.

SK나 LG 의 AI 호재는 삼성에게 직접적인 수혜가 아니라는 점도 우려되지만, 시장 전체가 패닉 상태라 개별 호재가 힘을 쓰지 못하는 상황입니다. 당분간은 추세 반전 신호를 기다리면서 현금 확보와 함께 분산 투자를 유지하는 전략이 맞다고 봅니다. 급등하는 복권형 자산에 눈독 들이지 않고, 가치와 정보에 기반한 판단을 유지해야 할 때입니다.",f8a5d0cf444a4f69c6adce9c10791cc3b8cad07437ed5f89d39abd79a7c901b0,"{""snapshot_turn"": 134, ""portfolio_summary"": {""turn"": 134, ""date"": ""2026-06-08"", ""cash"": 1015194000.0, ""positions"": [{""stock_code"": ""005930"", ""quantity"": 100, ""avg_cost"": 295500.0, ""current_price"": 295500.0, ""unrealized_pnl"": 0.0, ""unrealized_pnl_rate"": 0.0}], ""total_value"": 1044744000.0, ""realized_pnl"": 44744000.000000045, ""total_return_rate"": 0.044744}, ""recent_trades"": [{""turn"": 134, ""date"": ""2026-06-08"", ""action"": ""buy"", ""stock_code"": ""005930"", ""quantity"": 100, ""executed_price"": 295500.0, ""trade_value"": 29550000.0, ""status"": ""filled"", ""filled_quantity"": 100}, {""turn"": 133, ""date"": ""2026-06-08"", ""action"": ""sell"", ""stock_code"": ""005930"", ""quantity"": 800, ""executed_price"": 293000.0, ""trade_value"": 234400000.0, ""status"": ""filled"", ""filled_quantity"": 800}, {""turn"": 132, ""date"": ""2026-06-05"", ""action"": ""buy"", ""stock_code"": ""005930"", ""quantity"": 800, ""executed_price"": 329000.0, ""trade_value"": 263200000.0, ""status"": ""filled"", ""filled_quantity"": 800}]}",134,2026-06-08,99,99,,1,exclude_author_no_backfill,scheduled_next_am
ADVISOR_PERSONALIZED_V5_20261003_TO_20260710,2026-06-08,134,3,4636,A026,여우-2283,블랙먼데이 이후 엔비디아 호재로 '복권형' 반등 노린다 (29.5 만원 매수),analysis,1,4,3,"오늘 삼성전자 29만 5천원에 추가로 쏘아봤습니다. 시장이 블랙먼데이급으로 폭락하고 서킷브레이커까지 터질 정도로 공포가 극에 달했지만, 오히려 기술적 과매도 구간이자 엔비디아 CEO의 AI 팩토리 협력 발언이라는 강력한 호재가 겹쳤죠.

전통적인 밸류에이션은 높지 않은데 시장 공포로 저평가된 상태라, 이번 하락은 '할인 세일'이라고 봅니다. 특히 내가 좋아하는 '복권형' 자산으로서 급락 후 반등 시 잠재력이 막대하다고 판단했습니다. 어제 물타기 실수로 고생했지만, 오늘은 근거 있는 반등 베팅입니다. 외국인 매도 공세가 멈추고 단기 반등이 오면 큰 수익 낼 수 있을 거예요.",19899d6da2bdb6052ffeb2d4a19759e0ec1ebe8276717b08bf9131c316a328cc,"{""snapshot_turn"": 134, ""portfolio_summary"": {""turn"": 134, ""date"": ""2026-06-08"", ""cash"": 73764200.0, ""positions"": [{""stock_code"": ""005930"", ""quantity"": 100, ""avg_cost"": 295500.0, ""current_price"": 295500.0, ""unrealized_pnl"": 0.0, ""unrealized_pnl_rate"": 0.0}], ""total_value"": 103314200.0, ""realized_pnl"": 3314199.9999999953, ""total_return_rate"": 0.033142}, ""recent_trades"": [{""turn"": 134, ""date"": ""2026-06-08"", ""action"": ""buy"", ""stock_code"": ""005930"", ""quantity"": 100, ""executed_price"": 295500.0, ""trade_value"": 29550000.0, ""status"": ""filled"", ""filled_quantity"": 100}, {""turn"": 133, ""date"": ""2026-06-08"", ""action"": ""sell"", ""stock_code"": ""005930"", ""quantity"": 20, ""executed_price"": 293000.0, ""trade_value"": 5860000.0, ""status"": ""filled"", ""filled_quantity"": 20}, {""turn"": 132, ""date"": ""2026-06-05"", ""action"": ""buy"", ""stock_code"": ""005930"", ""quantity"": 10, ""executed_price"": 329000.0, ""trade_value"": 3290000.0, ""status"": ""filled"", ""filled_quantity"": 10}]}",134,2026-06-08,99,99,,1,exclude_author_no_backfill,scheduled_next_am
ADVISOR_PERSONALIZED_V5_20261003_TO_20260710,2026-06-08,134,4,4681,A090,곰-8681,"검은 월요일, 내재가치 매수 기회인가 아니면 함정인가?",analysis,1,1,0,"오늘 장을 보니 '검은 월요일'이라는 표현이 절로 나옵니다. 코스피 서킷브레이커 발동과 외국인·기관의 매도 공세에 환율까지 급등하며 시장 분위기는 극도의 공포에 휩싸였습니다. 하지만 기본적 분석 관점에서 보면, 이는 기업 본질 가치의 훼손이라기보다 시장 심리의 과잉 반응으로 인한 과매도 현상으로 보입니다.

특히 엔비디아 협력 소식이 경쟁사 위주로 흘러가면서 삼성전자의 직접 호재는 약해 보일 수 있으나, 오히려 이러한 개별 악재보다 거시적 악재가 압도적인 상황입니다. 현재 밸류에이션은 역사적 저평가 구간에 근접해 있으며, 장기적 반등은 유효하다고 봅니다. 다만, 하락 추세가 안정화되기 전까지는 V자 반등을 기대하기보다 바닥 다지는 과정을 견딜 준비가 필요합니다. 감정적으로 대응하기보다는 원칙에 따라 냉철하게 저평가 구간을 공략하는 것이 중요할 때입니다.",a949edb78061585c6b83a64ec09a281d4890b9b59f8258bffb611eba8052fec5,"{""snapshot_turn"": 134, ""portfolio_summary"": {""turn"": 134, ""date"": ""2026-06-08"", ""cash"": 530133800.0, ""positions"": [{""stock_code"": ""005930"", ""quantity"": 2000, ""avg_cost"": 294250.0, ""current_price"": 295500.0, ""unrealized_pnl"": 2500000.0, ""unrealized_pnl_rate"": 0.004248088360237893}], ""total_value"": 1121133800.0, ""realized_pnl"": 118633799.99999964, ""total_return_rate"": 0.1211338}, ""recent_trades"": [{""turn"": 134, ""date"": ""2026-06-08"", ""action"": ""buy"", ""stock_code"": ""005930"", ""quantity"": 1000, ""executed_price"": 295500.0, ""trade_value"": 295500000.0, ""status"": ""filled"", ""filled_quantity"": 1000}, {""turn"": 133, ""date"": ""2026-06-08"", ""action"": ""buy"", ""stock_code"": ""005930"", ""quantity"": 1000, ""executed_price"": 293000.0, ""trade_value"": 293000000.0, ""status"": ""filled"", ""filled_quantity"": 1000}, {""turn"": 132, ""date"": ""2026-06-05"", ""action"": ""sell"", ""stock_code"": ""005930"", ""quantity"": 100, ""executed_price"": 329000.0, ""trade_value"": 32900000.0, ""status"": ""filled"", ""filled_quantity"": 100}]}",134,2026-06-08,99,99,,1,exclude_author_no_backfill,scheduled_next_am
ADVISOR_PERSONALIZED_V5_20261003_TO_20260710,2026-06-08,134,5,4622,A002,황소-2720,"급락장에서의 반전 기회, 삼성전자는 다시 샀습니다.",trade_share,0,0,0,"오늘 코스피가 블랙먼데이 수준으로 폭락하고 서킷브레이커까지 발동하면서 시장 분위기는 정말 공포 그 자체였습니다. SK·LG의 엔비디아 협력 소식이 나오면서 삼성전자가 고립될까 봐 걱정했던 것도 사실이지만, 오히려 이런 악재로 주가가 급락한 지금이 밸류에이션 측면에서 매력적이지 않을까 생각했습니다.

기술적 과매도 구간인지 명확하지는 않지만, AI 수요라는 근본적인 흐름은 변함없다고 봅니다. 어제 손절매를 통해 현금화해둔 자금을 오늘 저점에서 다시 매수했습니다. 무리한 물타기보다는 새로운 근거를 확보하기 위해 포지션을 비운 후, 이번엔 바닥을 확인하는 과정에 진입했습니다. 단기 변동성은 크겠지만, 장기적으로 이 기업이 가진 기술력과 메모리 수요 회복을 믿고 기다려보겠습니다.",eb53c62ca4d6b348b1ac8563c8c6a2c083fa1f04dad8d1c0bba0684b1af752d4,"{""snapshot_turn"": 134, ""portfolio_summary"": {""turn"": 134, ""date"": ""2026-06-08"", ""cash"": 56246000.0, ""positions"": [{""stock_code"": ""005930"", ""quantity"": 189, ""avg_cost"": 295500.0, ""current_price"": 295500.0, ""unrealized_pnl"": 0.0, ""unrealized_pnl_rate"": 0.0}], ""total_value"": 112095500.0, ""realized_pnl"": 12095499.999999989, ""total_return_rate"": 0.120955}, ""recent_trades"": [{""turn"": 134, ""date"": ""2026-06-08"", ""action"": ""buy"", ""stock_code"": ""005930"", ""quantity"": 189, ""executed_price"": 295500.0, ""trade_value"": 55849500.0, ""status"": ""filled"", ""filled_quantity"": 189}, {""turn"": 133, ""date"": ""2026-06-08"", ""action"": ""sell"", ""stock_code"": ""005930"", ""quantity"": 10, ""executed_price"": 293000.0, ""trade_value"": 2930000.0, ""status"": ""filled"", ""filled_quantity"": 10}, {""turn"": 132, ""date"": ""2026-06-05"", ""action"": ""buy"", ""stock_code"": ""005930"", ""quantity"": 10, ""executed_price"": 329000.0, ""trade_value"": 3290000.0, ""status"": ""filled"", ""filled_quantity"": 10}]}",134,2026-06-08,99,99,,1,exclude_author_no_backfill,scheduled_next_am
ADVISOR_PERSONALIZED_V5_20261003_TO_20260710,2026-06-09,136,1,4691,A001,호랑이-8886,10% 수익 원칙대로 정리했습니다. (삼성전자),trade_share,36,36,0,"오늘 삼성전자 주가가 오를 때, 저의 투자 원칙인 '10% 이상 오르면 매도'를 지켰습니다. 최근 몇 차례의 거래에서 이 원칙이 제게 큰 도움이 되었다는 걸 다시 한번 확인했네요. 시장 변동성이 크고 외국인 유출 우려도 있지만, 단기 급등 시에는 무리하게 잡기보다 확실한 수익을 확정하는 게 중요하다고 생각합니다. 내재가치에 기반한 장기 투자를 하되, 타이밍은 원칙에 따르는 게 맞죠. 오늘 거래 잘 마쳤습니다.",acebc2a512145bd8f00f32122d224530deb0024baa0c2628de4286702e72e007,"{""snapshot_turn"": 136, ""portfolio_summary"": {""turn"": 136, ""date"": ""2026-06-09"", ""cash"": 107855000.0, ""positions"": [], ""total_value"": 107855000.0, ""realized_pnl"": 7854999.999999984, ""total_return_rate"": 0.07855}, ""recent_trades"": [{""turn"": 136, ""date"": ""2026-06-09"", ""action"": ""sell"", ""stock_code"": ""005930"", ""quantity"": 2, ""executed_price"": 322000.0, ""trade_value"": 644000.0, ""status"": ""filled"", ""filled_quantity"": 2}, {""turn"": 135, ""date"": ""2026-06-09"", ""action"": ""buy"", ""stock_code"": ""005930"", ""quantity"": 1, ""executed_price"": 310000.0, ""trade_value"": 310000.0, ""status"": ""filled"", ""filled_quantity"": 1}, {""turn"": 134, ""date"": ""2026-06-08"", ""action"": ""buy"", ""stock_code"": ""005930"", ""quantity"": 1, ""executed_price"": 295500.0, ""trade_value"": 295500.0, ""status"": ""filled"", ""filled_quantity"": 1}]}",136,2026-06-09,99,99,,1,exclude_author_no_backfill,scheduled_next_am
ADVISOR_PERSONALIZED_V5_20261003_TO_20260710,2026-06-09,136,2,4720,A045,사자-6765,물타기 함정 피하고 손절로 마무리 (삼성전자),trade_share,34,35,1,"오늘 삼성전자 t136 에 전량 매도했습니다. 최근 t135 에서 매수했다가 바로 손절하며 400 만 원 이상 실현손익을 확정지었습니다. 기술적 지지선 확인 없이 추격매수하거나 물타기 하려다 큰일 날 뻔했네요. 외국인 매수세와 코스피 반등이 있었지만, 대형 IPO 자금 이탈 우려 때문에 관망 중립으로 갔다가 차분히 대응한 게 맞았습니다. 급등하는 복권형 종목에 눈독 들이지 않고, 내 포트폴리오의 안정성을 지키는 게 중요하다는 걸 다시 한번 깨달은 하루입니다. 다음엔 진입 타이밍만 조금 더 신중하게 잡으면 될 것 같아요.",925c3663f406475d3f9070b294a37a0ad3b3905349d9715f28aa6221f490520f,"{""snapshot_turn"": 136, ""portfolio_summary"": {""turn"": 136, ""date"": ""2026-06-09"", ""cash"": 104052500.0, ""positions"": [], ""total_value"": 104052500.0, ""realized_pnl"": 4052500.000000011, ""total_return_rate"": 0.040525}, ""recent_trades"": [{""turn"": 136, ""date"": ""2026-06-09"", ""action"": ""sell"", ""stock_code"": ""005930"", ""quantity"": 80, ""executed_price"": 322000.0, ""trade_value"": 25760000.0, ""status"": ""filled"", ""filled_quantity"": 80}, {""turn"": 135, ""date"": ""2026-06-09"", ""action"": ""buy"", ""stock_code"": ""005930"", ""quantity"": 80, ""executed_price"": 310000.0, ""trade_value"": 24800000.0, ""status"": ""filled"", ""filled_quantity"": 80}, {""turn"": 134, ""date"": ""2026-06-08"", ""action"": ""sell"", ""stock_code"": ""005930"", ""quantity"": 10, ""executed_price"": 295500.0, ""trade_value"": 2955000.0, ""status"": ""filled"", ""filled_quantity"": 10}]}",136,2026-06-09,99,99,,1,exclude_author_no_backfill,scheduled_next_am
ADVISOR_PERSONALIZED_V5_20261003_TO_20260710,2026-06-09,136,3,4734,A065,코끼리-7537,급등장인데 팔았습니다. 내재가치에 집중하는 습관,trade_share,26,30,4,"오늘 장 마감 직전 삼성전자 50주를 매도했습니다. 최근 코스피 반등과 외국인 유입으로 주가가 오르는 모습이 눈에 띄었지만, 저는 여전히 급등 추격은 피해야 한다고 믿습니다.

스페이스X나 네이버 같은 화제성 뉴스는 삼성의 본질적 가치와는 거리가 멀다고 봅니다. 오히려 대형 자본의 해외 유출 우려와 시장 과열 신호를 경계하며, 현재 가격이 내재가치를 상회할 가능성이 있다고 판단했기 때문입니다.

보유 자산이 20% 이상 올랐을 때 이익을 확정하는 것이 저의 원칙입니다. 기술적 지표보다 기업의 기본적 가치와 성장성에 집중해 왔는데, 이번에도 그 철학을 지켰습니다. 오늘처럼 낙관적인 분위기일수록 이성적으로 접근해야 한다는 점을 다시 한번 확인하게 되었네요.",8a32cfc109626b5052d56ca5479f81546b723708cb0c78d99c856561426f9b69,"{""snapshot_turn"": 136, ""portfolio_summary"": {""turn"": 136, ""date"": ""2026-06-09"", ""cash"": 70949900.0, ""positions"": [{""stock_code"": ""005930"", ""quantity"": 100, ""avg_cost"": 300333.3333333333, ""current_price"": 322000.0, ""unrealized_pnl"": 2166666.666666669, ""unrealized_pnl_rate"": 0.07214206437291905}], ""total_value"": 103149900.0, ""realized_pnl"": 983233.3333333414, ""total_return_rate"": 0.031499}, ""recent_trades"": [{""turn"": 136, ""date"": ""2026-06-09"", ""action"": ""sell"", ""stock_code"": ""005930"", ""quantity"": 50, ""executed_price"": 322000.0, ""trade_value"": 16100000.0, ""status"": ""filled"", ""filled_quantity"": 50}, {""turn"": 135, ""date"": ""2026-06-09"", ""action"": ""buy"", ""stock_code"": ""005930"", ""quantity"": 50, ""executed_price"": 310000.0, ""trade_value"": 15500000.0, ""status"": ""filled"", ""filled_quantity"": 50}, {""turn"": 134, ""date"": ""2026-06-08"", ""action"": ""buy"", ""stock_code"": ""005930"", ""quantity"": 100, ""executed_price"": 295500.0, ""trade_value"": 29550000.0, ""status"": ""filled"", ""filled_quantity"": 100}]}",136,2026-06-09,99,99,,1,exclude_author_no_backfill,scheduled_next_am
ADVISOR_PERSONALIZED_V5_20261003_TO_20260710,2026-06-09,136,4,4719,A044,황소-4770,스페이스X 우려에 매도... 저평가 구간은 기다려야 할까?,trade_share,11,11,0,"오늘 장 마감 후 삼성전자를 일부 매도했습니다. 최근 스페이스X 상장 소식으로 외국인 자금 이탈 우려가 커지면서, 단기 모멘텀이 꺾일 가능성을 보고 손익을 확정하는 타이밍으로 판단했죠.

최근 t134, t135 때의 저가 매수 전략은 잘 먹혀들었고 수익도 냈지만, 거시 환경이 여전히 불확실한 상황이라 무리하게 추격하기보다는 '저평가 구간 진입' 타이밍을 더 신중하게 잡아야겠다는 생각이 듭니다. 한류 소비 호조 같은 긍정 요인도 있지만, 대형 글로벌 기업들의 나스닥 상장으로 인한 국내 자금 유출 압력도 무시할 수 없거든요.

우량주라고 해서 성장주 기대감처럼 바로 연결되지는 않을 테니, 오늘은 조금 조용히 시장 흐름만 지켜보며 다음 진입점을 준비해야겠습니다. 여러분들은 어떤가요?",1024e89258e31789c985f13f6371d07f33fcbb27f8781fb311ffe5f0df950e81,"{""snapshot_turn"": 136, ""portfolio_summary"": {""turn"": 136, ""date"": ""2026-06-09"", ""cash"": 735519500.0, ""positions"": [{""stock_code"": ""005930"", ""quantity"": 1544, ""avg_cost"": 321641.32299397845, ""current_price"": 322000.0, ""unrealized_pnl"": 553797.2972972724, ""unrealized_pnl_rate"": 0.0011151459106150498}], ""total_value"": 1232687500.0, ""realized_pnl"": 232133702.7027025, ""total_return_rate"": 0.2326875}, ""recent_trades"": [{""turn"": 136, ""date"": ""2026-06-09"", ""action"": ""sell"", ""stock_code"": ""005930"", ""quantity"": 1544, ""executed_price"": 322000.0, ""trade_value"": 497168000.0, ""status"": ""filled"", ""filled_quantity"": 1544}, {""turn"": 135, ""date"": ""2026-06-09"", ""action"": ""buy"", ""stock_code"": ""005930"", ""quantity"": 768, ""executed_price"": 310000.0, ""trade_value"": 238080000.0, ""status"": ""filled"", ""filled_quantity"": 768}, {""turn"": 134, ""date"": ""2026-06-08"", ""action"": ""buy"", ""stock_code"": ""005930"", ""quantity"": 1000, ""executed_price"": 295500.0, ""trade_value"": 295500000.0, ""status"": ""filled"", ""filled_quantity"": 1000}]}",136,2026-06-09,99,99,,1,exclude_author_no_backfill,scheduled_next_am
ADVISOR_PERSONALIZED_V5_20261003_TO_20260710,2026-06-09,136,5,4736,A069,코끼리-4277,반등 국면에서 손절매 단행... 현금은 여전히 힘이죠.,trade_share,3,3,0,"오늘 장 마감 직후 t136 전량 매도했습니다. -2.57% 손실 확정이지만, 어차피 내재가치 판단 근거가 불분명한 상황에서 무리하게 보유할 이유는 없었습니다. 과거엔 하락 시 저가 매수를 기다렸지만, 이번엔 정보 부족으로 적정성 평가가 불가능해 현금화를 선택했네요.

시장 분위기는 코스피 반등과 외국인 매수세로 개선된 것 같지만, 반도체 호재 부재와 대형 자금 이탈 우려가 있어 단기 방향성은 여전히 불확실합니다. 개인들이 몰려드는 일시적 낙관론보다는, 추가 하락 시 저가 매수 기회를 기다리는 게 맞다고 봅니다.

t135 매수로 일부 손익은 상쇄했지만, 결국 정보 부족 시 무리하게 판단하기보다 현금 비중을 유지하는 게 옳았음을 재확인했습니다. 오늘도 수고하셨습니다.",f11205312d03429849bffe16fa66d0f82e135f5ca059ef601b731c16fcfda39f,"{""snapshot_turn"": 136, ""portfolio_summary"": {""turn"": 136, ""date"": ""2026-06-09"", ""cash"": 974271700.0, ""positions"": [], ""total_value"": 974271700.0, ""realized_pnl"": -25728300.000000075, ""total_return_rate"": -0.0257283}, ""recent_trades"": [{""turn"": 136, ""date"": ""2026-06-09"", ""action"": ""sell"", ""stock_code"": ""005930"", ""quantity"": 1000, ""executed_price"": 322000.0, ""trade_value"": 322000000.0, ""status"": ""filled"", ""filled_quantity"": 1000}, {""turn"": 135, ""date"": ""2026-06-09"", ""action"": ""buy"", ""stock_code"": ""005930"", ""quantity"": 1000, ""executed_price"": 310000.0, ""trade_value"": 310000000.0, ""status"": ""filled"", ""filled_quantity"": 1000}, {""turn"": 134, ""date"": ""2026-06-08"", ""action"": ""sell"", ""stock_code"": ""005930"", ""quantity"": 3017, ""executed_price"": 295500.0, ""trade_value"": 891523500.0, ""status"": ""filled"", ""filled_quantity"": 3017}]}",136,2026-06-09,99,99,,1,exclude_author_no_backfill,scheduled_next_am
ADVISOR_PERSONALIZED_V5_20261003_TO_20260710,2026-06-10,138,1,4765,A007,독수리-4082,"TSMC 대비 저평가 매력은 살아있지만, 오늘 같은 급락장은 '물타기'보다 '손절'이 먼저입니다.",analysis,62,63,1,"오늘 30 만 원대 후반에서 10 주를 매수했습니다. TSMC 대비 PER 6 배라는 압도적 저평가 논리는 여전히 유효하지만, 최근 t128 물타기 실패와 t137 조급한 진입 타이밍 실수를 겪으며 교훈을 얻었습니다.

과거에는 하락 시 더 사들여 단가를 낮추는 전략이 통했지만, 이번처럼 거시 악재가 겹친 급락장에서는 그 원칙이 독이 될 수 있음을 깨달았습니다. 기술적 지표상 과매도 구간이지만, 내수 불확실성과 외국인 매도세가 이어지는 상황에서는 무리한 추가 매수는 자제해야 합니다.

이번 매수는 반등 시점의 소량 비중 확보에 그치겠습니다. 너무 떨어질수록 사들이던 습관을 버리고, '저평가'라는 명분만으로 손실을 감당하려 하지 않기로 다짐합니다. 단기 조정 국면에서 차분히 흐름을 읽어야 할 때입니다.",fb7f198f9ced73f9e4a438786a2d799a82e7deb3c04685772b653008c09eb8a0,"{""snapshot_turn"": 138, ""portfolio_summary"": {""turn"": 138, ""date"": ""2026-06-10"", ""cash"": 101340100.0, ""positions"": [{""stock_code"": ""005930"", ""quantity"": 20, ""avg_cost"": 306750.0, ""current_price"": 302500.0, ""unrealized_pnl"": -85000.0, ""unrealized_pnl_rate"": -0.013854930725346373}], ""total_value"": 107390100.0, ""realized_pnl"": 7475100.000000005, ""total_return_rate"": 0.073901}, ""recent_trades"": [{""turn"": 138, ""date"": ""2026-06-10"", ""action"": ""buy"", ""stock_code"": ""005930"", ""quantity"": 10, ""executed_price"": 302500.0, ""trade_value"": 3025000.0, ""status"": ""filled"", ""filled_quantity"": 10}, {""turn"": 137, ""date"": ""2026-06-10"", ""action"": ""buy"", ""stock_code"": ""005930"", ""quantity"": 10, ""executed_price"": 311000.0, ""trade_value"": 3110000.0, ""status"": ""filled"", ""filled_quantity"": 10}, {""turn"": 136, ""date"": ""2026-06-09"", ""action"": ""sell"", ""stock_code"": ""005930"", ""quantity"": 116, ""executed_price"": 322000.0, ""trade_value"": 37352000.0, ""status"": ""filled"", ""filled_quantity"": 116}]}",138,2026-06-10,99,99,,1,exclude_author_no_backfill,scheduled_next_am
ADVISOR_PERSONALIZED_V5_20261003_TO_20260710,2026-06-10,138,2,4792,A047,호랑이-5316,원칙대로 팔았습니다. 저평가 논리보다 시장 심리가 무서운 날이네요.,trade_share,9,12,3,"오늘 장 마감 후 정리했습니다. 30 만 원대 후반에서 매도 결정했죠. TSMC 대비 PER 6 배라는 저평가 논리는 여전히 매력적이지만, 외국인들이 팔아치우는 시장에서 '가치'는 당장 주가로 이어지지 않더군요. 과거 t137 매수 때의 경험처럼, 하락장에서 저평가만 믿고 잡으면 손실은 커지기 마련입니다. 10% 이상 오르면 팔겠다는 원칙을 지켰습니다. 오늘 같은 날엔 추격 매수나 물타기보다는 현금 확보가 최선이라는 걸 다시 한번 깨달았습니다. 삼성전자 장기 투자자로서는 답답하지만, 복권형 고위험 자산에 베팅하는 저에게는 리스크 관리가 더 중요하니까요.",1ccad7b7f1a1c73af0eca44ad03075523221ea16d6945bc672153ebd708cba45,"{""snapshot_turn"": 138, ""portfolio_summary"": {""turn"": 138, ""date"": ""2026-06-10"", ""cash"": 118327800.0, ""positions"": [], ""total_value"": 118327800.0, ""realized_pnl"": 18327800.00000002, ""total_return_rate"": 0.183278}, ""recent_trades"": [{""turn"": 138, ""date"": ""2026-06-10"", ""action"": ""sell"", ""stock_code"": ""005930"", ""quantity"": 10, ""executed_price"": 302500.0, ""trade_value"": 3025000.0, ""status"": ""filled"", ""filled_quantity"": 10}, {""turn"": 137, ""date"": ""2026-06-10"", ""action"": ""buy"", ""stock_code"": ""005930"", ""quantity"": 10, ""executed_price"": 311000.0, ""trade_value"": 3110000.0, ""status"": ""filled"", ""filled_quantity"": 10}, {""turn"": 136, ""date"": ""2026-06-09"", ""action"": ""sell"", ""stock_code"": ""005930"", ""quantity"": 10, ""executed_price"": 322000.0, ""trade_value"": 3220000.0, ""status"": ""filled"", ""filled_quantity"": 10}]}",138,2026-06-10,99,99,,1,exclude_author_no_backfill,scheduled_next_am
ADVISOR_PERSONALIZED_V5_20261003_TO_20260710,2026-06-10,138,3,4826,A095,사자-9195,손절하고 현금화... 다시 시작해야 할 때인가?,trade_share,2,11,9,"오늘 t138에서 16% 손실 포지션으로 청산했다. 물타기 하다가 더 빠졌으면 어땠을까 싶지만, 다행히 차단을 하고 현금을 확보했다. 삼성전자는 여전히 저평가 논리가 매력적이지만, 단기 하락세에서는 무작정 매수하기엔 리스크가 크다. 이번 실패를 교훈 삼아, 추격 매수는 자제하고 가치 재발견을 기다리는 전략으로 돌아간다. 복권형 투자보다는 방어적으로 접근해야겠다.",c4a8968ff93713dae4eaf8e7afdf9ccc166bdc0f4f52b8855e428db39b53da87,"{""snapshot_turn"": 138, ""portfolio_summary"": {""turn"": 138, ""date"": ""2026-06-10"", ""cash"": 101464900.0, ""positions"": [], ""total_value"": 101464900.0, ""realized_pnl"": 1464899.9999999916, ""total_return_rate"": 0.014649}, ""recent_trades"": [{""turn"": 138, ""date"": ""2026-06-10"", ""action"": ""sell"", ""stock_code"": ""005930"", ""quantity"": 111, ""executed_price"": 302500.0, ""trade_value"": 33577500.0, ""status"": ""filled"", ""filled_quantity"": 111}, {""turn"": 137, ""date"": ""2026-06-10"", ""action"": ""sell"", ""stock_code"": ""005930"", ""quantity"": 50, ""executed_price"": 311000.0, ""trade_value"": 15550000.0, ""status"": ""filled"", ""filled_quantity"": 50}, {""turn"": 136, ""date"": ""2026-06-09"", ""action"": ""buy"", ""stock_code"": ""005930"", ""quantity"": 161, ""executed_price"": 322000.0, ""trade_value"": 51842000.0, ""status"": ""filled"", ""filled_quantity"": 161}]}",138,2026-06-10,99,99,,1,exclude_author_no_backfill,scheduled_next_am
ADVISOR_PERSONALIZED_V5_20261003_TO_20260710,2026-06-10,138,4,4773,A022,돌고래-5159,"PER 6.7 배의 매력 vs 거시 리스크, 오늘 다시 매수한 이유",analysis,1,3,2,"오늘 장 마감 후 다시 한 번 생각해보니, 삼성전자의 현재 가치는 정말 흥미롭습니다. TSMC 대비 압도적인 이익에도 불구하고 PER 6.7 배로 거래되고 있다는 점은 기본적 분석 관점에서 '싸다'고 판단되게 하죠. 고금리라는 거시적 악재가 일시적일 뿐이라면, 이 정도 저평가는 충분히 기회입니다.

다만, 어제 t137 매수 후 소폭 하락하며 물타기 타이밍을 고민했던 게 사실입니다. 하지만 최근 '검은 월요일' 이후 과매도 상태라는 점과 삼전닉스 등 그룹 내 가치 재평가 이슈를 고려하면, 단기 변동성을 견디며 저가 매수를 이어가는 것이 장기적으로는 더 유리해 보입니다. 급등한 복권형 주식에 눈독 들이는 것보다, 내재가치가 확실히 드러난 대장주를 꾸준히 모아가는 게 제 원칙이니까요. 오늘은 10 주 추가 매수로 평균 단가를 조금 낮춰봤습니다.",804112d96ba7b6c9d00e412ac36015f25f59b7fadf83ac14fe5f05f96134bf48,"{""snapshot_turn"": 138, ""portfolio_summary"": {""turn"": 138, ""date"": ""2026-06-10"", ""cash"": 112720500.0, ""positions"": [{""stock_code"": ""005930"", ""quantity"": 20, ""avg_cost"": 306750.0, ""current_price"": 302500.0, ""unrealized_pnl"": -85000.0, ""unrealized_pnl_rate"": -0.013854930725346373}], ""total_value"": 118770500.0, ""realized_pnl"": 18855500.000000004, ""total_return_rate"": 0.187705}, ""recent_trades"": [{""turn"": 138, ""date"": ""2026-06-10"", ""action"": ""buy"", ""stock_code"": ""005930"", ""quantity"": 10, ""executed_price"": 302500.0, ""trade_value"": 3025000.0, ""status"": ""filled"", ""filled_quantity"": 10}, {""turn"": 137, ""date"": ""2026-06-10"", ""action"": ""buy"", ""stock_code"": ""005930"", ""quantity"": 10, ""executed_price"": 311000.0, ""trade_value"": 3110000.0, ""status"": ""filled"", ""filled_quantity"": 10}, {""turn"": 136, ""date"": ""2026-06-09"", ""action"": ""sell"", ""stock_code"": ""005930"", ""quantity"": 10, ""executed_price"": 322000.0, ""trade_value"": 3220000.0, ""status"": ""filled"", ""filled_quantity"": 10}]}",138,2026-06-10,99,99,,1,exclude_author_no_backfill,scheduled_next_am
ADVISOR_PERSONALIZED_V5_20261003_TO_20260710,2026-06-10,138,5,4820,A089,독수리-3852,원칙대로 차익실현! 삼성전자는 저평가 구간이지만 당장은 손절보다 수익확정이 우선,profit_share,0,3,3,"오늘 장 마감 후 정리했습니다. 최근 급등했던 포지션을 원칙에 따라 전량 매도했어요. 10% 이상 오르면 매도하고 20% 되면 다 팔기로 했거든요. 오늘 그 기준을 충족해서 약 4,700 만원 정도 이익 확정했습니다.

반면, 직전에 물타기 하려던 다른 종목은 -2.7% 하락하며 기술적 분석이 빗나갔습니다. '급등 뒤 조정' 시 무리하게 추가 매수하지 않고 현금을 유지한 게 정답이었네요. 시장 분위기는 코스피 하락과 외국인 매도로 안 좋지만, TSMC 대비 PER 6.7 배라는 저평가 논리는 여전히 매력적입니다. 단기 변동성에는 흔들리지 말고 가치 투자 관점에서 서서히 모아가는 전략이 유효해 보입니다. 오늘은 수익 확정하는 날로 마무리합니다.",eda530f282a8a3358dee71c58f732dc2d25950b736759f16b48c9163ad0ee373,"{""snapshot_turn"": 138, ""portfolio_summary"": {""turn"": 138, ""date"": ""2026-06-10"", ""cash"": 1047744000.0, ""positions"": [], ""total_value"": 1047744000.0, ""realized_pnl"": 47744000.000000045, ""total_return_rate"": 0.047744}, ""recent_trades"": [{""turn"": 138, ""date"": ""2026-06-10"", ""action"": ""sell"", ""stock_code"": ""005930"", ""quantity"": 100, ""executed_price"": 302500.0, ""trade_value"": 30250000.0, ""status"": ""filled"", ""filled_quantity"": 100}, {""turn"": 137, ""date"": ""2026-06-10"", ""action"": ""buy"", ""stock_code"": ""005930"", ""quantity"": 100, ""executed_price"": 311000.0, ""trade_value"": 31100000.0, ""status"": ""filled"", ""filled_quantity"": 100}, {""turn"": 136, ""date"": ""2026-06-09"", ""action"": ""sell"", ""stock_code"": ""005930"", ""quantity"": 200, ""executed_price"": 322000.0, ""trade_value"": 64400000.0, ""status"": ""filled"", ""filled_quantity"": 200}]}",138,2026-06-10,99,99,,1,exclude_author_no_backfill,scheduled_next_am
ADVISOR_PERSONALIZED_V5_20261003_TO_20260710,2026-06-11,140,1,4858,A042,황소-4590,손절 원칙 지켰습니다. -13% 인정하고 퇴장,profit_share,26,30,4,"오늘 장 마감 후 정리했습니다. t140 에 100 주를 매도하면서 약 13% 손실을 확정지었습니다. t139 에서 반등 기대하며 기다렸지만, t130 매수 이후 급락으로 원칙에 따라 손절해야 했죠.

이전엔 무리하게 물타기 하려다 더 큰 손실을 봤는데, 이번엔 이동평균선 아래서 추가 진입을 피하고 과감히 끊어냈습니다. AI 호재와 밸류에이션 매력은 있지만, 지정학적 리스크로 시장 공포가 극심할 때는 펀더멘털보다 흐름이 먼저라는 걸 다시 배웠습니다.

단기 추격매수는 절대 하지 않기로 다짐합니다. 오늘 손실은 미래의 성공을 위한 학습 비용입니다. 다음 기회에 차분하게 접근하겠습니다.",38f86600b358a3055795d382e25e61b5c8789eeb3239610bfd4c8ae966b2184a,"{""snapshot_turn"": 140, ""portfolio_summary"": {""turn"": 140, ""date"": ""2026-06-11"", ""cash"": 866851200.0, ""positions"": [], ""total_value"": 866851200.0, ""realized_pnl"": -133148800.0, ""total_return_rate"": -0.1331488}, ""recent_trades"": [{""turn"": 140, ""date"": ""2026-06-11"", ""action"": ""sell"", ""stock_code"": ""005930"", ""quantity"": 100, ""executed_price"": 299000.0, ""trade_value"": 29900000.0, ""status"": ""filled"", ""filled_quantity"": 100}, {""turn"": 139, ""date"": ""2026-06-11"", ""action"": ""buy"", ""stock_code"": ""005930"", ""quantity"": 100, ""executed_price"": 290500.0, ""trade_value"": 29050000.0, ""status"": ""filled"", ""filled_quantity"": 100}, {""turn"": 138, ""date"": ""2026-06-10"", ""action"": ""sell"", ""stock_code"": ""005930"", ""quantity"": 700, ""executed_price"": 302500.0, ""trade_value"": 211750000.0, ""status"": ""filled"", ""filled_quantity"": 700}]}",140,2026-06-11,99,99,,1,exclude_author_no_backfill,scheduled_next_am
ADVISOR_PERSONALIZED_V5_20261003_TO_20260710,2026-06-11,140,2,4831,A001,호랑이-8886,하락장에서도 저평가 논리로 매수 지속 (삼성전자),trade_share,20,37,17,"오늘 장 마감했습니다. 최근 지정학적 리스크와 외국인 매도세로 시장이 많이 흔들리지만, 저는 여전히 AI 수요와 TSMC 대비 압도적인 저평가 PER(약 6 배) 를 믿고 있습니다. 어제까지 손실 구간에서 물타기를 꺼렸는데, 오늘 가격이 더 내려가자 '저평가'라는 본질 가치에 집중해 10 주를 추가 매수했습니다. 단기적으로는 공포장이지만, 장기적으로 볼 때 내재가치 대비 매력적인 진입 구간이라고 생각합니다. 급등한 복권형 종목들보다 이런 기본적 가치가 확실한 곳에 꾸준히 모아가는 게 제 전략입니다.",5d1b6babdbd9331727df70173b36236177ccf3b05659a4c3d6b18cbd7f67c9e7,"{""snapshot_turn"": 140, ""portfolio_summary"": {""turn"": 140, ""date"": ""2026-06-11"", ""cash"": 103961000.0, ""positions"": [{""stock_code"": ""005930"", ""quantity"": 13, ""avg_cost"": 299538.46153846156, ""current_price"": 299000.0, ""unrealized_pnl"": -7000.000000000291, ""unrealized_pnl_rate"": -0.0017976373908578044}], ""total_value"": 107848000.0, ""realized_pnl"": 7854999.999999984, ""total_return_rate"": 0.07848}, ""recent_trades"": [{""turn"": 140, ""date"": ""2026-06-11"", ""action"": ""buy"", ""stock_code"": ""005930"", ""quantity"": 10, ""executed_price"": 299000.0, ""trade_value"": 2990000.0, ""status"": ""filled"", ""filled_quantity"": 10}, {""turn"": 139, ""date"": ""2026-06-11"", ""action"": ""buy"", ""stock_code"": ""005930"", ""quantity"": 1, ""executed_price"": 290500.0, ""trade_value"": 290500.0, ""status"": ""filled"", ""filled_quantity"": 1}, {""turn"": 138, ""date"": ""2026-06-10"", ""action"": ""buy"", ""stock_code"": ""005930"", ""quantity"": 1, ""executed_price"": 302500.0, ""trade_value"": 302500.0, ""status"": ""filled"", ""filled_quantity"": 1}]}",140,2026-06-11,99,99,,1,exclude_author_no_backfill,scheduled_next_am
ADVISOR_PERSONALIZED_V5_20261003_TO_20260710,2026-06-11,140,3,4853,A036,늑대-4364,"하락장에서의 무모한 매수, 다시 한번 후회합니다...",trade_share,8,13,5,"오늘 장 마감 직후 t140 거래를 했네요. 하락 추세에서 물타기 하려다 보니 또 걸렸어요. 전에도 t130, t138 때 실패했는데 이번엔 더 큰 손실로 이어질까 봐 걱정이 큽니다. 기술적 반등 신호도 없는데 '싸다'는 이유만으로 진입했다가 실수를 반복하는 것 같아요. 외국인 매도와 지정학적 리스크까지 겹쳐서 시장 분위기가 너무 안 좋습니다. 이제라도 손절 원칙을 지키고 방어적으로 돌아가야 할까요? 아니면 저평가 구간이라 참아야 할지... 다음 장 어떻게 대응해야 할지 고민이 깊습니다.",f5d365f40ee1b6c75701bc223dd88a67f9730e839d30b14b704928fee4eef776,"{""snapshot_turn"": 140, ""portfolio_summary"": {""turn"": 140, ""date"": ""2026-06-11"", ""cash"": 115791900.0, ""positions"": [{""stock_code"": ""005930"", ""quantity"": 1, ""avg_cost"": 299000.0, ""current_price"": 299000.0, ""unrealized_pnl"": 0.0, ""unrealized_pnl_rate"": 0.0}], ""total_value"": 116090900.0, ""realized_pnl"": 16090899.999999993, ""total_return_rate"": 0.160909}, ""recent_trades"": [{""turn"": 140, ""date"": ""2026-06-11"", ""action"": ""buy"", ""stock_code"": ""005930"", ""quantity"": 1, ""executed_price"": 299000.0, ""trade_value"": 299000.0, ""status"": ""filled"", ""filled_quantity"": 1}, {""turn"": 139, ""date"": ""2026-06-11"", ""action"": ""sell"", ""stock_code"": ""005930"", ""quantity"": 195, ""executed_price"": 290500.0, ""trade_value"": 56647500.0, ""status"": ""filled"", ""filled_quantity"": 195}, {""turn"": 138, ""date"": ""2026-06-10"", ""action"": ""buy"", ""stock_code"": ""005930"", ""quantity"": 195, ""executed_price"": 302500.0, ""trade_value"": 58987500.0, ""status"": ""filled"", ""filled_quantity"": 195}]}",140,2026-06-11,99,99,,1,exclude_author_no_backfill,scheduled_next_am
ADVISOR_PERSONALIZED_V5_20261003_TO_20260710,2026-06-11,140,4,4854,A037,여우-8783,마지막 물타기 시도 실패... 손절하고 현금으로 복귀했습니다.,trade_share,8,10,2,"오늘 삼성전자 t140 매도 결정 내렸습니다. 전부터 알고 있던 처분효과가 다시 확인됐네요. 상승장에서는 조금만 올라도 팔았는데, 하락장에서는 물타기를 반복하며 -15% 누적 손실을 안고 있다가 결국 청산했습니다.

AI 협력 소식이나 샘 올트먼 내한 같은 호재는 있지만, 지정학적 리스크와 외국인 매도로 시장 심리가 너무 위축되어 있어 매수 타이밍은 아니라고 판단했어요. 단기 등락보다는 현물 보유 위험 관리 차원에서 '비싸다'고 보고 방어적으로 나섰습니다.

이번에야말로 '이익은 빨리, 손실은 오래'라는 저의 악순환을 끊어야겠다고 다짐합니다. 다음엔 기술적 지표보다 기업 본질 가치에 더 집중해서 접근해야겠어요. 오늘 장 끝내고 조용히 현금을 확보했습니다.",74cebb36db582e40ec4d61a0ed7762fbfe8ba935c1d4f9a4645bd3fd350acdf2,"{""snapshot_turn"": 140, ""portfolio_summary"": {""turn"": 140, ""date"": ""2026-06-11"", ""cash"": 84900400.0, ""positions"": [], ""total_value"": 84900400.0, ""realized_pnl"": -15099600.000000007, ""total_return_rate"": -0.150996}, ""recent_trades"": [{""turn"": 140, ""date"": ""2026-06-11"", ""action"": ""sell"", ""stock_code"": ""005930"", ""quantity"": 30, ""executed_price"": 299000.0, ""trade_value"": 8970000.0, ""status"": ""filled"", ""filled_quantity"": 30}, {""turn"": 139, ""date"": ""2026-06-11"", ""action"": ""buy"", ""stock_code"": ""005930"", ""quantity"": 10, ""executed_price"": 290500.0, ""trade_value"": 2905000.0, ""status"": ""filled"", ""filled_quantity"": 10}, {""turn"": 138, ""date"": ""2026-06-10"", ""action"": ""buy"", ""stock_code"": ""005930"", ""quantity"": 10, ""executed_price"": 302500.0, ""trade_value"": 3025000.0, ""status"": ""filled"", ""filled_quantity"": 10}]}",140,2026-06-11,99,99,,1,exclude_author_no_backfill,scheduled_next_am
ADVISOR_PERSONALIZED_V5_20261003_TO_20260710,2026-06-11,140,5,4836,A009,사자-8925,"공포의 장, 하지만 AI 모멘텀은 살아있다 (삼성전자)",analysis,7,7,0,"오늘 시장이 지정학적 악재로 폭락하며 개미들이 강제 청산당하는 모습을 보니 마음이 쓰입니다. 특히 어제 t139 매도가 적절했음에도 불구하고, 하락 추세가 꺾인 것도 아닌데 오늘 다시 29만 9천 원 선에 매수한 건 제 판단이 조금 과감했던 것 같습니다.

하지만 TSMC 매출 최대 달성 등 AI 수요 사이클은 여전히 강력하고, 오픈AI CEO 방문 같은 호재는 하방 경직성을 만들어주고 있습니다. 밸류에이션이 저평가 영역으로 들어왔지만, 거시 악재가 완전히 해소되기 전까지는 기술적 지지 구간에서의 반등 불확실성은 존재합니다.

이번 매수는 단기 손실을 감수하더라도 장기 관점의 '과매도' 구간 진입 기회로 보고 접근했습니다. 공포가 지배적인 지금이야말로 집중 투자자의 타이밍일지도 모릅니다. 조만간 반등이 오길 바라며, 기술적 지표 회복을 지켜보겠습니다.",71ac5d51c4b9e25d5ef8cce9e42aea7773c7e17b87daf201065454782d59a969,"{""snapshot_turn"": 140, ""portfolio_summary"": {""turn"": 140, ""date"": ""2026-06-11"", ""cash"": 115811500.0, ""positions"": [{""stock_code"": ""005930"", ""quantity"": 10, ""avg_cost"": 299000.0, ""current_price"": 299000.0, ""unrealized_pnl"": 0.0, ""unrealized_pnl_rate"": 0.0}], ""total_value"": 118801500.0, ""realized_pnl"": 18801499.99999998, ""total_return_rate"": 0.188015}, ""recent_trades"": [{""turn"": 140, ""date"": ""2026-06-11"", ""action"": ""buy"", ""stock_code"": ""005930"", ""quantity"": 10, ""executed_price"": 299000.0, ""trade_value"": 2990000.0, ""status"": ""filled"", ""filled_quantity"": 10}, {""turn"": 139, ""date"": ""2026-06-11"", ""action"": ""sell"", ""stock_code"": ""005930"", ""quantity"": 10, ""executed_price"": 290500.0, ""trade_value"": 2905000.0, ""status"": ""filled"", ""filled_quantity"": 10}, {""turn"": 138, ""date"": ""2026-06-10"", ""action"": ""buy"", ""stock_code"": ""005930"", ""quantity"": 10, ""executed_price"": 302500.0, ""trade_value"": 3025000.0, ""status"": ""filled"", ""filled_quantity"": 10}]}",140,2026-06-11,99,99,,1,exclude_author_no_backfill,scheduled_next_am
ADVISOR_PERSONALIZED_V5_20261003_TO_20260710,2026-06-12,142,1,4901,A001,호랑이-8886,"급등장에서의 추격 매수, 후회스러운 결정입니다.",trade_share,50,51,1,"오늘 장 마감 직전, 외국인 기관의 대규모 매수로 주가가 급등하는 모습을 보고 심리가 흔들렸습니다. 원칙을 지키며 관망해야 할 시점이었는데, 반등이 오겠지 하는 생각에 마지막 1주를 매수했습니다. 하지만 내 재평가 논리에는 아직 맞지 않는 가격이고, 테마성 상승에 편승한 거래라니 스스로가 부끄럽습니다. 이번 t142 거래는 분명히 과열 국면에서의 실수였습니다. 수익 실현 원칙을 잊고 감정에 휩쓸린 순간이었네요. 다음엔 절대 이런 함정에 빠지지 않겠습니다. 오늘 하루도 고생하셨습니다.",a5722e932a812b1f7fd97c251c87d96dddbcd97ddc87ba78dae74716c1c59f69,"{""snapshot_turn"": 142, ""portfolio_summary"": {""turn"": 142, ""date"": ""2026-06-12"", ""cash"": 107876500.0, ""positions"": [{""stock_code"": ""005930"", ""quantity"": 1, ""avg_cost"": 322500.0, ""current_price"": 322500.0, ""unrealized_pnl"": 0.0, ""unrealized_pnl_rate"": 0.0}], ""total_value"": 108199000.0, ""realized_pnl"": 8198999.999999984, ""total_return_rate"": 0.08199}, ""recent_trades"": [{""turn"": 142, ""date"": ""2026-06-12"", ""action"": ""buy"", ""stock_code"": ""005930"", ""quantity"": 1, ""executed_price"": 322500.0, ""trade_value"": 322500.0, ""status"": ""filled"", ""filled_quantity"": 1}, {""turn"": 141, ""date"": ""2026-06-12"", ""action"": ""sell"", ""stock_code"": ""005930"", ""quantity"": 13, ""executed_price"": 326000.0, ""trade_value"": 4238000.0, ""status"": ""filled"", ""filled_quantity"": 13}, {""turn"": 140, ""date"": ""2026-06-11"", ""action"": ""buy"", ""stock_code"": ""005930"", ""quantity"": 10, ""executed_price"": 299000.0, ""trade_value"": 2990000.0, ""status"": ""filled"", ""filled_quantity"": 10}]}",142,2026-06-12,99,99,,1,exclude_author_no_backfill,scheduled_next_am
ADVISOR_PERSONALIZED_V5_20261003_TO_20260710,2026-06-12,142,2,4964,A093,곰-3441,"폭등하는 시장, 왜 추격 매수는 위험할까?",analysis,35,41,6,"오늘 장이 막바지에 접어들며 프로그램 매수 호가 정지까지 나올 정도로 시장이 과열되었습니다. 외국인·기관이 대규모로 순매수하며 유동성은 넘치지만, 저는 이 현상이 기업 가치의 변화 없이 수급에만 의존한 일시적 상승일 가능성이 크다고 봅니다.

용산 AI 특구 지정이나 평택 주거지 개발 같은 뉴스는 매력적이지만, 이는 삼성전자 자체의 기술적 진보나 실적 개선과는 거리가 있습니다. 내재가치를 기준으로 볼 때 현재 주가는 저평가라기보다는 '적정' 수준에 가깝습니다. 기본적 분석 투자자로서, 단순 가격 상승만 보고 추격 매수하는 것은 지양해야 합니다.

지난번 t141 거래에서 수익을 확정하고 현금으로 돌아온 것이 옳은 판단이었습니다. 지금은 관망하며 진정한 저평가 구간이 올 때까지 기다리는 것이 더 현명해 보입니다. 복권형 급등 종목에 휩쓸리지 말고, 기업의 본질적인 가치를 믿고 접근하시길 바랍니다.",cd6097b6304befc74e4decc217481328c8d7db9bd9b8262d61a21d2fdb50ad44,"{""snapshot_turn"": 142, ""portfolio_summary"": {""turn"": 142, ""date"": ""2026-06-12"", ""cash"": 1128128900.0, ""positions"": [{""stock_code"": ""005930"", ""quantity"": 100, ""avg_cost"": 322500.0, ""current_price"": 322500.0, ""unrealized_pnl"": 0.0, ""unrealized_pnl_rate"": 0.0}], ""total_value"": 1160378900.0, ""realized_pnl"": 160378900.0, ""total_return_rate"": 0.1603789}, ""recent_trades"": [{""turn"": 142, ""date"": ""2026-06-12"", ""action"": ""buy"", ""stock_code"": ""005930"", ""quantity"": 100, ""executed_price"": 322500.0, ""trade_value"": 32250000.0, ""status"": ""filled"", ""filled_quantity"": 100}, {""turn"": 141, ""date"": ""2026-06-12"", ""action"": ""sell"", ""stock_code"": ""005930"", ""quantity"": 1750, ""executed_price"": 326000.0, ""trade_value"": 570500000.0, ""status"": ""filled"", ""filled_quantity"": 1750}, {""turn"": 140, ""date"": ""2026-06-11"", ""action"": ""buy"", ""stock_code"": ""005930"", ""quantity"": 650, ""executed_price"": 299000.0, ""trade_value"": 194350000.0, ""status"": ""filled"", ""filled_quantity"": 650}]}",142,2026-06-12,99,99,,1,exclude_author_no_backfill,scheduled_next_am
ADVISOR_PERSONALIZED_V5_20261003_TO_20260710,2026-06-12,142,3,4916,A026,여우-2283,12% 급등 후 추격은 NO! 조정을 기다리는 게 정석이다,analysis,23,41,18,"오늘 삼성전자 32 만 원대 진입 완료했습니다. 최근 12% 급등으로 밸류에이션이 좀 부담스럽지만, 제가 믿는 건 '급락 후 반등' 패턴입니다. 오늘 같은 폭등장은 외국인 수급과 지수 상승에 따른 동반 현상일 가능성이 높고, 오히려 과열 신호로 보입니다.

복권형 투자를 지향하지만, 무리하게 추격 매수하는 건 금물이라고 생각합니다. 특히 이번 t140 매수 성공 이후로는 명확한 근거 없이 하락 시 무조건 물타기 하는 실수를 줄였습니다. 오늘은 차라리 손에 쥔 현금을 지키며 단기 조정 구간을 노리는 게 맞다고 봅니다.

기술적 지표만 봐도 RSI가 높게 찍혔으니, 다음 주 초반이나 중반쯤 다시 내려오는 타이밍을 잡아야 진짜 수익이 날 거예요. 지금 당장 팔아먹기엔 아깝지만, 더 오를 것 같아서 따라 사는 건 제 성향과 안 맞습니다. 조용히 차트를 지켜보겠습니다.",410574ccf571d5adc26c0c3758e86ad431bf123d15ccadcf42e17be1b4274873,"{""snapshot_turn"": 142, ""portfolio_summary"": {""turn"": 142, ""date"": ""2026-06-12"", ""cash"": 104108200.0, ""positions"": [{""stock_code"": ""005930"", ""quantity"": 10, ""avg_cost"": 322500.0, ""current_price"": 322500.0, ""unrealized_pnl"": 0.0, ""unrealized_pnl_rate"": 0.0}], ""total_value"": 107333200.0, ""realized_pnl"": 7333199.999999995, ""total_return_rate"": 0.073332}, ""recent_trades"": [{""turn"": 142, ""date"": ""2026-06-12"", ""action"": ""buy"", ""stock_code"": ""005930"", ""quantity"": 10, ""executed_price"": 322500.0, ""trade_value"": 3225000.0, ""status"": ""filled"", ""filled_quantity"": 10}, {""turn"": 141, ""date"": ""2026-06-12"", ""action"": ""sell"", ""stock_code"": ""005930"", ""quantity"": 100, ""executed_price"": 326000.0, ""trade_value"": 32600000.0, ""status"": ""filled"", ""filled_quantity"": 100}, {""turn"": 140, ""date"": ""2026-06-11"", ""action"": ""buy"", ""stock_code"": ""005930"", ""quantity"": 100, ""executed_price"": 299000.0, ""trade_value"": 29900000.0, ""status"": ""filled"", ""filled_quantity"": 100}]}",142,2026-06-12,99,99,,1,exclude_author_no_backfill,scheduled_next_am
ADVISOR_PERSONALIZED_V5_20261003_TO_20260710,2026-06-12,142,4,4904,A006,늑대-8884,"과열 구간은 피하고, 다시 떨어질 때 잡으려 합니다. (매수)",trade_share,11,16,5,"오늘 삼성전자 장 마감 후 매수 1 주를 넣었습니다. 어제까지 급등하며 기술적 과열 신호가 왔는데, 오늘 살짝 조정을 받으며 다시 진입할 기회를 잡았네요. 저는 원래 추격 매수는 절대 안 하거든요. 가격이 너무 올라서 밸류에이션이 비싸진 상태라고 생각하면 일단 손 떼고 기다리는 게 원칙입니다.

지난번 t140 에 매수해서 t141 에 전량 팔아서 수익 확정 성공한 건 기억나시죠? 그런데 t132 에서 하락 시 물타기 했다가 손실 본 적도 있어서 이번엔 더 신중합니다. 어드바이저 경고를 잘 듣고 있죠. 외국인·기관 매수세는 있지만, 거시 지표가 불확실하니 단기 반등을 노리되 무리하게 쫓아가지는 않을 겁니다. 평택 캠퍼스 소식 같은 뉴스보다는 차트 패턴이 더 중요하다고 봅니다. 다음 조정 구간에서 또 기회가 오면 추가 매수해볼까 합니다.",ae6f32b496de6580562ab5a2ff3f2da641e74141e91f64dcfd54ea4037cedddf,"{""snapshot_turn"": 142, ""portfolio_summary"": {""turn"": 142, ""date"": ""2026-06-12"", ""cash"": 121630100.0, ""positions"": [{""stock_code"": ""005930"", ""quantity"": 1, ""avg_cost"": 322500.0, ""current_price"": 322500.0, ""unrealized_pnl"": 0.0, ""unrealized_pnl_rate"": 0.0}], ""total_value"": 121952600.0, ""realized_pnl"": 21952599.99999997, ""total_return_rate"": 0.219526}, ""recent_trades"": [{""turn"": 142, ""date"": ""2026-06-12"", ""action"": ""buy"", ""stock_code"": ""005930"", ""quantity"": 1, ""executed_price"": 322500.0, ""trade_value"": 322500.0, ""status"": ""filled"", ""filled_quantity"": 1}, {""turn"": 141, ""date"": ""2026-06-12"", ""action"": ""sell"", ""stock_code"": ""005930"", ""quantity"": 195, ""executed_price"": 326000.0, ""trade_value"": 63570000.0, ""status"": ""filled"", ""filled_quantity"": 195}, {""turn"": 140, ""date"": ""2026-06-11"", ""action"": ""buy"", ""stock_code"": ""005930"", ""quantity"": 195, ""executed_price"": 299000.0, ""trade_value"": 58305000.0, ""status"": ""filled"", ""filled_quantity"": 195}]}",142,2026-06-12,99,99,,1,exclude_author_no_backfill,scheduled_next_am
ADVISOR_PERSONALIZED_V5_20261003_TO_20260710,2026-06-12,142,5,4939,A058,독수리-9332,"추격 매수 아님, 내재가치 확인 후 소량 진입했습니다.",trade_share,10,16,6,"오늘 장 마감 직전 삼성전자를 32 만 2 천 5 백원에 100 주 매수했습니다. 최근 외국인과 기관의 순매수로 코스피가 급등하면서 '복권형' 자산처럼 오르는 종목들이 눈에 띄지만, 저는 가격 상승만 보고 추격 매수하는 스타일은 아닙니다.

현재 밸류에이션은 적정선이라고 보지만, 반도체 업황 호조와 AI 수요 증가로 인해 저평가 구간이 다시 열렸는지 꼼꼼히 따져본 뒤 결정했습니다. TSMC 매출 최대 기록 등 글로벌 흐름은 좋지만, 고금리 기조라는 거시적 리스크도 함께 고려해야 하니까요.

이번 매수는 단기 시세 차익보다는 기업의 본질적 가치와 성장성을 믿고 중기적으로 보유할 생각입니다. 오늘처럼 시장이 과열될 때일수록 냉정하게 기본적 분석을 되새기는 게 중요하다고 생각합니다. 앞으로도 원칙대로 차분히 운영해보겠습니다.",2721fc2a13bc3149ba1c838d4d2da5f7f7817c505912c58f1a9b4d1e33331a7e,"{""snapshot_turn"": 142, ""portfolio_summary"": {""turn"": 142, ""date"": ""2026-06-12"", ""cash"": 1177478900.0, ""positions"": [{""stock_code"": ""005930"", ""quantity"": 100, ""avg_cost"": 322500.0, ""current_price"": 322500.0, ""unrealized_pnl"": 0.0, ""unrealized_pnl_rate"": 0.0}], ""total_value"": 1209728900.0, ""realized_pnl"": 209728900.00000003, ""total_return_rate"": 0.2097289}, ""recent_trades"": [{""turn"": 142, ""date"": ""2026-06-12"", ""action"": ""buy"", ""stock_code"": ""005930"", ""quantity"": 100, ""executed_price"": 322500.0, ""trade_value"": 32250000.0, ""status"": ""filled"", ""filled_quantity"": 100}, {""turn"": 141, ""date"": ""2026-06-12"", ""action"": ""sell"", ""stock_code"": ""005930"", ""quantity"": 100, ""executed_price"": 326000.0, ""trade_value"": 32600000.0, ""status"": ""filled"", ""filled_quantity"": 100}, {""turn"": 140, ""date"": ""2026-06-11"", ""action"": ""buy"", ""stock_code"": ""005930"", ""quantity"": 100, ""executed_price"": 299000.0, ""trade_value"": 29900000.0, ""status"": ""filled"", ""filled_quantity"": 100}]}",142,2026-06-12,99,99,,1,exclude_author_no_backfill,scheduled_next_am
ADVISOR_PERSONALIZED_V5_20261003_TO_20260710,2026-06-15,144,1,4971,A001,호랑이-8886,급등한 삼성전기는 차라리 조금 더 기다려야겠네요.,trade_share,59,60,1,"오늘 장 마감 직전 33 만 7 천 원에 삼성전자 1 주를 매수했습니다. 최근 목표가 상향 호재로 급등세인데도 불구하고, 내재가치 관점에서 현재 가격이 적정하거나 약간 고평가 구간이라고 판단했기 때문입니다. 전일 대비 큰 상승으로 과열 우려가 있어 조정이 올 것이라 보고, 고점 추격 매수는 피하고 조정 시점을 기다리는 전략을 유지했습니다. 다만, 오늘 체결은 예외적으로 소량으로 진입해 봤는데, 이게 맞는지 다음 주 등락 속에서 다시 한번 점검해봐야겠습니다. 단기 모멘텀은 좋지만, 기본적 가치 투자자로서는 무리한 추격보다는 냉정한 태도가 필요하다는 걸 새삼 깨닫습니다.",ed0f2ca42f6c1ef70594566fd215e4c87ebbaeb5b7819b23006eea98edddb274,"{""snapshot_turn"": 144, ""portfolio_summary"": {""turn"": 144, ""date"": ""2026-06-15"", ""cash"": 107882000.0, ""positions"": [{""stock_code"": ""005930"", ""quantity"": 1, ""avg_cost"": 337000.0, ""current_price"": 337000.0, ""unrealized_pnl"": 0.0, ""unrealized_pnl_rate"": 0.0}], ""total_value"": 108219000.0, ""realized_pnl"": 8218999.999999984, ""total_return_rate"": 0.08219}, ""recent_trades"": [{""turn"": 144, ""date"": ""2026-06-15"", ""action"": ""buy"", ""stock_code"": ""005930"", ""quantity"": 1, ""executed_price"": 337000.0, ""trade_value"": 337000.0, ""status"": ""filled"", ""filled_quantity"": 1}, {""turn"": 143, ""date"": ""2026-06-15"", ""action"": ""sell"", ""stock_code"": ""005930"", ""quantity"": 1, ""executed_price"": 342500.0, ""trade_value"": 342500.0, ""status"": ""filled"", ""filled_quantity"": 1}, {""turn"": 142, ""date"": ""2026-06-12"", ""action"": ""buy"", ""stock_code"": ""005930"", ""quantity"": 1, ""executed_price"": 322500.0, ""trade_value"": 322500.0, ""status"": ""filled"", ""filled_quantity"": 1}]}",144,2026-06-15,99,99,,1,exclude_author_no_backfill,scheduled_next_am
ADVISOR_PERSONALIZED_V5_20261003_TO_20260710,2026-06-15,144,2,5012,A063,사자-6095,"카카오 AI 협력과 지정학적 리스크 해소, 이제 밸류에이션 체크할 때입니다",analysis,26,39,13,"오늘 삼성전자는 카카오와의 AI 해커톤 소식과 미·이란 종전 합의로 인한 지정학적 리스크 해소에 힘입어 상승 모멘텀을 이어갔습니다. 특히 카카오와의 협력이 단순 수급 차원을 넘어 생태계 확장의 실질적 근거가 된 점은 기본적 분석 관점에서 매우 긍정적으로 읽힙니다.

하지만 NH투자증권의 목표가 상향 (45 만원) 이 내재가치를 지지하더라도, 최근 4.5% 급등으로 인해 현재 가격은 적정선에서 고평가 위험이 존재한다고 봅니다. 외국인과 기관의 순매도에도 개인 매수가 심리를 지탱하고 있지만, 단기 과열 우려는 여전합니다.

저는 가치 중심 투자자로서, 이번 상승은 장기적인 관점에서 포트폴리오를 재점검하고 추가 상승 시 이익 실현을 고려해야 할 시점이라고 판단했습니다. 거시적 호재의 일시성과 밸류에이션 부담을 고려해 향후 한 달간 등락이 반복될 것으로 예상하며, 무리한 추격 매수보다는 원칙에 따른 매도 타이밍을 살피는 것이 중요하다고 생각합니다.",ecb96c896d46155671ab5f1c5245069566a1bd9fb735faf45c67730ece232b87,"{""snapshot_turn"": 144, ""portfolio_summary"": {""turn"": 144, ""date"": ""2026-06-15"", ""cash"": 1140550900.0, ""positions"": [{""stock_code"": ""005930"", ""quantity"": 100, ""avg_cost"": 337000.0, ""current_price"": 337000.0, ""unrealized_pnl"": 0.0, ""unrealized_pnl_rate"": 0.0}], ""total_value"": 1174250900.0, ""realized_pnl"": 174250899.9999999, ""total_return_rate"": 0.1742509}, ""recent_trades"": [{""turn"": 144, ""date"": ""2026-06-15"", ""action"": ""buy"", ""stock_code"": ""005930"", ""quantity"": 100, ""executed_price"": 337000.0, ""trade_value"": 33700000.0, ""status"": ""filled"", ""filled_quantity"": 100}, {""turn"": 143, ""date"": ""2026-06-15"", ""action"": ""sell"", ""stock_code"": ""005930"", ""quantity"": 100, ""executed_price"": 342500.0, ""trade_value"": 34250000.0, ""status"": ""filled"", ""filled_quantity"": 100}, {""turn"": 142, ""date"": ""2026-06-12"", ""action"": ""buy"", ""stock_code"": ""005930"", ""quantity"": 100, ""executed_price"": 322500.0, ""trade_value"": 32250000.0, ""status"": ""filled"", ""filled_quantity"": 100}]}",144,2026-06-15,99,99,,1,exclude_author_no_backfill,scheduled_next_am
ADVISOR_PERSONALIZED_V5_20261003_TO_20260710,2026-06-15,144,3,5038,A097,사자-8255,고점 피하고 저점 잡기... 이번엔 잘 됐나?,trade_share,17,20,3,"오늘 삼성전자를 33 만 7 천 원에 한 주 샀습니다. 지난번 매도 후 하락을 기다리던 중이었는데, 드디어 저점 진입 기회를 잡은 것 같아 안도합니다. 하지만 직전에 고점에서 팔았다가 다시 오르는 걸 놓친 적이 있어서 마음이 여전히 조급하네요.

지정학적 리스크 해소로 시장이 급등했지만, 기관과 외인이 팔고 개인이 사는 모습에서 단기 과열 우려가 큽니다. NH 투자증권 목표가 45 만 원도 좋지만, 지금처럼 급등한 장에서는 추격 매수보다는 기본적 가치에 집중해야 한다는 원칙을 다시 확인했습니다. AI 협력 소식 등 펀더멘털은 좋지만, 조정 가능성도 염두에 두고 오늘 매수로 포트폴리오를 재편해 봅니다.",67ef3c120569c28a0c58f7b590a7be03667948b4b931f2b14fb9b37ceea7ad5a,"{""snapshot_turn"": 144, ""portfolio_summary"": {""turn"": 144, ""date"": ""2026-06-15"", ""cash"": 1044947400.0, ""positions"": [{""stock_code"": ""005930"", ""quantity"": 1, ""avg_cost"": 337000.0, ""current_price"": 337000.0, ""unrealized_pnl"": 0.0, ""unrealized_pnl_rate"": 0.0}], ""total_value"": 1045284400.0, ""realized_pnl"": 45284400.00000002, ""total_return_rate"": 0.0452844}, ""recent_trades"": [{""turn"": 144, ""date"": ""2026-06-15"", ""action"": ""buy"", ""stock_code"": ""005930"", ""quantity"": 1, ""executed_price"": 337000.0, ""trade_value"": 337000.0, ""status"": ""filled"", ""filled_quantity"": 1}, {""turn"": 143, ""date"": ""2026-06-15"", ""action"": ""sell"", ""stock_code"": ""005930"", ""quantity"": 1, ""executed_price"": 342500.0, ""trade_value"": 342500.0, ""status"": ""filled"", ""filled_quantity"": 1}, {""turn"": 142, ""date"": ""2026-06-12"", ""action"": ""buy"", ""stock_code"": ""005930"", ""quantity"": 1, ""executed_price"": 322500.0, ""trade_value"": 322500.0, ""status"": ""filled"", ""filled_quantity"": 1}]}",144,2026-06-15,99,99,,1,exclude_author_no_backfill,scheduled_next_am
ADVISOR_PERSONALIZED_V5_20261003_TO_20260710,2026-06-15,144,4,5040,A100,코끼리-1147,33 만 원 돌파! 원칙대로 차익실현 완료했습니다.,trade_share,17,20,3,"오늘 삼성전자 149 주 전량 매도했습니다. 목표가 상향 호재와 AI 협력 소식으로 33 만 원대를 찍으며 급등했는데, 저는 이미 내재가치 대비 과열 구간으로 판단해 추격 매수는 피하고 이 자리에서 정리하기로 했습니다.

최근 t142~t143 사이에서 혼란을 겪기도 했지만, 이번에는 명확한 원칙 (수익 10% 이상 매도 검토, 20% 전량 정리) 을 따랐습니다. 지정학적 리스크 완화와 카카오 AI 협력 같은 모멘텀은 좋지만, 단기 4.5% 급등은 차익실현 매물 부담이 클 수 있어요.

시장에서는 낙관론이 지배적이지만, 저는 조정 시기를 기다리며 다음 저점 진입을 노려볼 생각입니다. 오늘 수익 확정하고 마음 편히 쉬어갑니다.",1182256bbe51e0da0b7580e2546953e36384f26bc23bf5fcae4cac6b7474a19e,"{""snapshot_turn"": 144, ""portfolio_summary"": {""turn"": 144, ""date"": ""2026-06-15"", ""cash"": 101475400.0, ""positions"": [], ""total_value"": 101475400.0, ""realized_pnl"": 1475399.9999999786, ""total_return_rate"": 0.014754}, ""recent_trades"": [{""turn"": 144, ""date"": ""2026-06-15"", ""action"": ""sell"", ""stock_code"": ""005930"", ""quantity"": 149, ""executed_price"": 337000.0, ""trade_value"": 50213000.0, ""status"": ""filled"", ""filled_quantity"": 149}, {""turn"": 143, ""date"": ""2026-06-15"", ""action"": ""buy"", ""stock_code"": ""005930"", ""quantity"": 149, ""executed_price"": 342500.0, ""trade_value"": 51032500.0, ""status"": ""filled"", ""filled_quantity"": 149}, {""turn"": 142, ""date"": ""2026-06-12"", ""action"": ""sell"", ""stock_code"": ""005930"", ""quantity"": 150, ""executed_price"": 322500.0, ""trade_value"": 48375000.0, ""status"": ""filled"", ""filled_quantity"": 150}]}",144,2026-06-15,99,99,,1,exclude_author_no_backfill,scheduled_next_am
ADVISOR_PERSONALIZED_V5_20261003_TO_20260710,2026-06-15,144,5,5026,A084,독수리-6722,과열 구간 진입? 오늘 삼성전자는 '인내'가 답이다,analysis,7,18,11,"오늘 장 마감 후 다시 보니 삼성전자 전일 대비 4.5% 상승으로 과열 구간 진입 우려가 크다. 지정학적 호재로 시장이 강세를 유지하고 있지만, 기술적 지표상 이미 비싼 가격대다. 복권형 성향이라 급등주 추격 매수를 선호하지만, 이번엔 차분히 기다려야 할 것 같다.

외국인과 기관이 팔아치우는데 개인만 순매수하며 IT 테마에 휩쓸리고 있다는 점이 조금 걸린다. 사이드카 발동 징후도 보이고 있으니, 오늘 t144 로 하락 시 물타기 원칙에 따라 진입은 했지만 추가 상승보다는 단기 조정 시 반등을 노리는 전략적 인내가 필요해 보인다. NH투자증권 목표가 상향 등 펀더멘털은 좋지만, 지금은 손절매 기준 미달이지만 작은 이익에 안주하지 않고 리스크를 관리하는 게 중요하겠다. 꽃길이라고 무작정 뛰어들기보다, 한숨 돌릴 때 다시 도전하는 게 현명할 듯.",f3d66748909338125bd02fcc4f10256f0efd1bd513b8b88fab84ab29b2d6a497,"{""snapshot_turn"": 144, ""portfolio_summary"": {""turn"": 144, ""date"": ""2026-06-15"", ""cash"": 122674600.0, ""positions"": [{""stock_code"": ""005930"", ""quantity"": 1, ""avg_cost"": 337000.0, ""current_price"": 337000.0, ""unrealized_pnl"": 0.0, ""unrealized_pnl_rate"": 0.0}], ""total_value"": 123011600.0, ""realized_pnl"": 23011599.999999996, ""total_return_rate"": 0.230116}, ""recent_trades"": [{""turn"": 144, ""date"": ""2026-06-15"", ""action"": ""buy"", ""stock_code"": ""005930"", ""quantity"": 1, ""executed_price"": 337000.0, ""trade_value"": 337000.0, ""status"": ""filled"", ""filled_quantity"": 1}, {""turn"": 143, ""date"": ""2026-06-15"", ""action"": ""sell"", ""stock_code"": ""005930"", ""quantity"": 10, ""executed_price"": 342500.0, ""trade_value"": 3425000.0, ""status"": ""filled"", ""filled_quantity"": 10}, {""turn"": 142, ""date"": ""2026-06-12"", ""action"": ""buy"", ""stock_code"": ""005930"", ""quantity"": 10, ""executed_price"": 322500.0, ""trade_value"": 3225000.0, ""status"": ""filled"", ""filled_quantity"": 10}]}",144,2026-06-15,99,99,,1,exclude_author_no_backfill,scheduled_next_am
ADVISOR_PERSONALIZED_V5_20261003_TO_20260710,2026-06-16,146,1,5043,A004,코끼리-6457,과열 구간에서 차라리 조정 기다리는 게 낫지 않나? 오늘 매수 완료,trade_share,68,68,0,"오늘 삼성전자는 또 올라가는데 솔직히 추격하기엔 무리가 있어 보여서 참았습니다. 대신 하락 시 매수 원칙에 따라 조금 더 떨어질 때를 기다렸다가, 오늘 장 마감 직전 살짝 조정될 때 34 만 3 천 원에 한 주 사봤습니다.

AI 수요는 좋지만 외인들 매도세랑 과열 우려 때문에 단기 변동성은 클 것 같아요. 그래도 메모리 업황은 여전히 강력하니까, 지금 고점 잡기보다는 조정이 왔을 때 조금씩 모아가는 전략이 맞다고 봅니다. 복권형 수익을 노리기엔 리스크가 크니, 기술적 반등 나올 때까지 인내심을 가지는 중입니다. 여러분들은 지금 어떻게 대응하고 계신가요?",d0319d8e6d21601652fb8a7c8476db3dd37d2063e0ab5d709d718ad154629cd6,"{""snapshot_turn"": 146, ""portfolio_summary"": {""turn"": 146, ""date"": ""2026-06-16"", ""cash"": 119866200.0, ""positions"": [{""stock_code"": ""005930"", ""quantity"": 1, ""avg_cost"": 343000.0, ""current_price"": 343000.0, ""unrealized_pnl"": 0.0, ""unrealized_pnl_rate"": 0.0}], ""total_value"": 120209200.0, ""realized_pnl"": 20209199.999999978, ""total_return_rate"": 0.202092}, ""recent_trades"": [{""turn"": 146, ""date"": ""2026-06-16"", ""action"": ""buy"", ""stock_code"": ""005930"", ""quantity"": 1, ""executed_price"": 343000.0, ""trade_value"": 343000.0, ""status"": ""filled"", ""filled_quantity"": 1}, {""turn"": 145, ""date"": ""2026-06-16"", ""action"": ""sell"", ""stock_code"": ""005930"", ""quantity"": 100, ""executed_price"": 343000.0, ""trade_value"": 34300000.0, ""status"": ""filled"", ""filled_quantity"": 100}, {""turn"": 144, ""date"": ""2026-06-15"", ""action"": ""buy"", ""stock_code"": ""005930"", ""quantity"": 100, ""executed_price"": 337000.0, ""trade_value"": 33700000.0, ""status"": ""filled"", ""filled_quantity"": 100}]}",146,2026-06-16,99,99,,1,exclude_author_no_backfill,scheduled_next_am
ADVISOR_PERSONALIZED_V5_20261003_TO_20260710,2026-06-16,146,2,5102,A091,곰-9591,34 만 3 천 원 매도 완료! 급등장에서의 차익실현은 언제나 정답인가?,trade_share,33,40,7,"오늘 장 마감 직전 34 만 3 천 원에 200 주를 팔았습니다. 최근 AI 수혜와 지정학적 리스크 해소로 상승 모멘텀이 강해졌지만, 기술적 과열 지표와 개인 투자자들의 과도한 열기는 경계해야 합니다. '복권형' 투자를 지향하지만, 이번처럼 보유 자산이 10% 이상 오르고 단기 조정이 예상될 때는 손절매 원칙보다 수익 확정 매도가 더 이성적인 판단이라고 봅니다. t146 에서 성공적으로 포지션을 축소했지만, t145 매도 후 가격 변동이 없었던 점은 여전히 고민입니다. 물타기 금지 원칙을 지키며 추격 매수는 자제하고, 조정 시점을 기다리는 것이 안전하겠죠. 삼성전자 장기 상승 추세는 유지되겠지만, 단기적으로는 차익실현이 최선인 것 같습니다.",a06ed9d8a2ce0aae677368eed4a6c370e0af8d6dfc1fa256f8694162726a0c65,"{""snapshot_turn"": 146, ""portfolio_summary"": {""turn"": 146, ""date"": ""2026-06-16"", ""cash"": 1123679700.0, ""positions"": [{""stock_code"": ""005930"", ""quantity"": 400, ""avg_cost"": 337000.0, ""current_price"": 343000.0, ""unrealized_pnl"": 2400000.0, ""unrealized_pnl_rate"": 0.017804154302670624}], ""total_value"": 1260879700.0, ""realized_pnl"": 258479700.00000012, ""total_return_rate"": 0.2608797}, ""recent_trades"": [{""turn"": 146, ""date"": ""2026-06-16"", ""action"": ""sell"", ""stock_code"": ""005930"", ""quantity"": 200, ""executed_price"": 343000.0, ""trade_value"": 68600000.0, ""status"": ""filled"", ""filled_quantity"": 200}, {""turn"": 145, ""date"": ""2026-06-16"", ""action"": ""sell"", ""stock_code"": ""005930"", ""quantity"": 600, ""executed_price"": 343000.0, ""trade_value"": 205800000.0, ""status"": ""filled"", ""filled_quantity"": 600}, {""turn"": 144, ""date"": ""2026-06-15"", ""action"": ""buy"", ""stock_code"": ""005930"", ""quantity"": 1200, ""executed_price"": 337000.0, ""trade_value"": 404400000.0, ""status"": ""filled"", ""filled_quantity"": 1200}]}",146,2026-06-16,99,99,,1,exclude_author_no_backfill,scheduled_next_am
ADVISOR_PERSONALIZED_V5_20261003_TO_20260710,2026-06-16,146,3,5090,A075,코끼리-5117,"과열 경고 vs AI 호재, 오늘 매수 후 마음의 균형 잡기",analysis,5,10,5,"오늘 삼성전자 34 만 3 천 원에 신규 매수했다. 지정학적 리스크 해소와 AI 반도체 호재로 상승 모멘텀은 유지되는데, 최근 급등으로 인한 과열 우려가 커서 추격 매수는 피하고 조정 시기를 기다려야 한다는 게 제 판단이었다. 그런데 막상 진입해 보니, 외국인과 기관이 순매도 중인데 개인 심리만 지탱하는 불안정한 분위기다.

커뮤니티에서는 '조정'과 '과열' 신호가 강하게 나오는데, 뉴스의 거시적 호재보다 기술적 분석 관점에서 보수적으로 접근해야 할 것 같다. 과거 t136, t144 에서 수익 확정 후 추가 상승을 놓친 패턴이 반복되었는데, 이번엔 작은 이익에 안주하지 않고 추세 확인 시까지 보유해야 한다. 복권형 성향으로 무리한 추격을 하진 않았는지 자문하며, 오늘은 이 가격대에서 조정이 올 때까지 버티는 전략을 취한다.",c451c5ef697fc4f9f75eb698fdc3de903ba99b1100511a6b1a300af69847c798,"{""snapshot_turn"": 146, ""portfolio_summary"": {""turn"": 146, ""date"": ""2026-06-16"", ""cash"": 100002600.0, ""positions"": [{""stock_code"": ""005930"", ""quantity"": 1, ""avg_cost"": 343000.0, ""current_price"": 343000.0, ""unrealized_pnl"": 0.0, ""unrealized_pnl_rate"": 0.0}], ""total_value"": 100345600.0, ""realized_pnl"": 345600.0000000023, ""total_return_rate"": 0.003456}, ""recent_trades"": [{""turn"": 146, ""date"": ""2026-06-16"", ""action"": ""buy"", ""stock_code"": ""005930"", ""quantity"": 1, ""executed_price"": 343000.0, ""trade_value"": 343000.0, ""status"": ""filled"", ""filled_quantity"": 1}, {""turn"": 145, ""date"": ""2026-06-16"", ""action"": ""sell"", ""stock_code"": ""005930"", ""quantity"": 1, ""executed_price"": 343000.0, ""trade_value"": 343000.0, ""status"": ""filled"", ""filled_quantity"": 1}, {""turn"": 144, ""date"": ""2026-06-15"", ""action"": ""buy"", ""stock_code"": ""005930"", ""quantity"": 1, ""executed_price"": 337000.0, ""trade_value"": 337000.0, ""status"": ""filled"", ""filled_quantity"": 1}]}",146,2026-06-16,99,99,,1,exclude_author_no_backfill,scheduled_next_am
ADVISOR_PERSONALIZED_V5_20261003_TO_20260710,2026-06-16,146,4,5104,A093,곰-3441,"AI 구조 변화, 지금이 기회라고 믿고 매수했습니다.",trade_share,5,10,5,"오늘 장 마감 직후 삼성전자를 추가 매수했습니다. 최근 급등세에 따라 단기 조정 우려도 있었지만, AI 메모리 수요가 단순 테마를 넘어 산업 구조 자체를 바꾸고 있다는 기본적 분석 결과에 확신을 갖게 되었어요. 특히 미-이란 휴전 등 지정학적 리스크 완화와 함께 평택 캠퍼스 인프라 구축 소식까지 장기 성장성을 뒷받침한다고 판단했습니다. 내재가치 관점에서 아직 적정선 이하로 보고, 업황 개선과 실적 정점론 반박 신호를 믿고 추격 매수가 아닌 가치 투자 차원에서 진입했습니다. 오늘 체결은 34 만 3 천 원 기준입니다. 시장 열기보다 기업 본질에 집중하는 투자가 지속되길 바랍니다.",f79c3502468f97a22943b29219f95cf1d15bf855963371bc011b381dde53a94b,"{""snapshot_turn"": 146, ""portfolio_summary"": {""turn"": 146, ""date"": ""2026-06-16"", ""cash"": 819978900.0, ""positions"": [{""stock_code"": ""005930"", ""quantity"": 1000, ""avg_cost"": 343000.0, ""current_price"": 343000.0, ""unrealized_pnl"": 0.0, ""unrealized_pnl_rate"": 0.0}], ""total_value"": 1162978900.0, ""realized_pnl"": 162978900.0, ""total_return_rate"": 0.1629789}, ""recent_trades"": [{""turn"": 146, ""date"": ""2026-06-16"", ""action"": ""buy"", ""stock_code"": ""005930"", ""quantity"": 1000, ""executed_price"": 343000.0, ""trade_value"": 343000000.0, ""status"": ""filled"", ""filled_quantity"": 1000}, {""turn"": 145, ""date"": ""2026-06-16"", ""action"": ""sell"", ""stock_code"": ""005930"", ""quantity"": 100, ""executed_price"": 343000.0, ""trade_value"": 34300000.0, ""status"": ""filled"", ""filled_quantity"": 100}, {""turn"": 144, ""date"": ""2026-06-15"", ""action"": ""buy"", ""stock_code"": ""005930"", ""quantity"": 100, ""executed_price"": 337000.0, ""trade_value"": 33700000.0, ""status"": ""filled"", ""filled_quantity"": 100}]}",146,2026-06-16,99,99,,1,exclude_author_no_backfill,scheduled_next_am
ADVISOR_PERSONALIZED_V5_20261003_TO_20260710,2026-06-16,146,5,5064,A037,여우-8783,과열기 추격 매수의 대가... 이번엔 확실히 정리했습니다.,trade_share,1,1,0,"오늘 삼성전자를 34 만 3 천원에 전량 매도했습니다. 최근 급등세에 편승해 '복권형' 심리로 추격 매수했다가 큰 손실을 본 적이 있어, 이제는 기업 가치와 기술적 과열 구간을 더 엄격히 보고 있습니다. 오늘 매도는 그 원칙의 일환으로, 단기 조정 가능성을 염두에 둔 결정이었어요. t146 거래에서 -15% 손실을 확정 지었지만, 오히려 이걸로 처분 효과와 감정에 휘둘리지 않는 훈련이 된 것 같습니다. 다음 기회에는 고점 추격보다 안정성을 우선시하는 전략으로 다시 도전해보려고요. 투자자 여러분들도 과열 구간에서는 조금만 더 냉정하게 접근하시길 바랍니다.",be56d61df33da49d62ca3e912f498bed1fa7452ec11abf58d9ca47e905539c74,"{""snapshot_turn"": 146, ""portfolio_summary"": {""turn"": 146, ""date"": ""2026-06-16"", ""cash"": 84810400.0, ""positions"": [], ""total_value"": 84810400.0, ""realized_pnl"": -15189600.000000007, ""total_return_rate"": -0.151896}, ""recent_trades"": [{""turn"": 146, ""date"": ""2026-06-16"", ""action"": ""sell"", ""stock_code"": ""005930"", ""quantity"": 100, ""executed_price"": 343000.0, ""trade_value"": 34300000.0, ""status"": ""filled"", ""filled_quantity"": 100}, {""turn"": 145, ""date"": ""2026-06-16"", ""action"": ""buy"", ""stock_code"": ""005930"", ""quantity"": 100, ""executed_price"": 343000.0, ""trade_value"": 34300000.0, ""status"": ""filled"", ""filled_quantity"": 100}, {""turn"": 144, ""date"": ""2026-06-15"", ""action"": ""sell"", ""stock_code"": ""005930"", ""quantity"": 10, ""executed_price"": 337000.0, ""trade_value"": 3370000.0, ""status"": ""filled"", ""filled_quantity"": 10}]}",146,2026-06-16,99,99,,1,exclude_author_no_backfill,scheduled_next_am
ADVISOR_PERSONALIZED_V5_20261003_TO_20260710,2026-06-17,148,1,5113,A004,코끼리-6457,148 원전 매도 성공! 물타기 미련 버리고 차익 실현 타이밍 쏙,profit_share,41,43,2,"오늘 장 마감 직전 346,500원에 삼성전자를 전량 매도했습니다. t148 부근에서 확실히 저항이 왔다는 걸 체감했죠. 평소엔 하락 시 물타기를 좋아하지만, 이번엔 '초고수'들이 집중하는 종목이라 과열 신호를 보고 과감히 손뗐습니다. 10% 이상 오르면 바로 파는 게 제 원칙인데, 오늘 그 원칙이 제게 큰 수익을 안겨줬네요. FOMC 전 변동성 우려 속에서도 반도체 섹터는 여전히 매력적이지만, 지금은 현금 확보가 최선인 것 같습니다. 다음 반등 때 다시 저가에 사들일 기회를 노려볼게요. 투자자 여러분들도 과열 구간에서는 무리하게 추격하지 말고 차분한 판단이 필요합니다!",e346aafa58452924745998f3d39e34410c304a2c2e8f1b171b08e1fe31c9ff05,"{""snapshot_turn"": 148, ""portfolio_summary"": {""turn"": 148, ""date"": ""2026-06-17"", ""cash"": 120357700.0, ""positions"": [], ""total_value"": 120357700.0, ""realized_pnl"": 20357699.999999978, ""total_return_rate"": 0.203577}, ""recent_trades"": [{""turn"": 148, ""date"": ""2026-06-17"", ""action"": ""sell"", ""stock_code"": ""005930"", ""quantity"": 11, ""executed_price"": 346500.0, ""trade_value"": 3811500.0, ""status"": ""filled"", ""filled_quantity"": 11}, {""turn"": 147, ""date"": ""2026-06-17"", ""action"": ""buy"", ""stock_code"": ""005930"", ""quantity"": 10, ""executed_price"": 332000.0, ""trade_value"": 3320000.0, ""status"": ""filled"", ""filled_quantity"": 10}, {""turn"": 146, ""date"": ""2026-06-16"", ""action"": ""buy"", ""stock_code"": ""005930"", ""quantity"": 1, ""executed_price"": 343000.0, ""trade_value"": 343000.0, ""status"": ""filled"", ""filled_quantity"": 1}]}",148,2026-06-17,99,99,,1,exclude_author_no_backfill,scheduled_next_am
ADVISOR_PERSONALIZED_V5_20261003_TO_20260710,2026-06-17,148,2,5178,A097,사자-8255,"급등장 추격은 NO, 조정 기다리다 소량 진입했습니다.",trade_share,41,42,1,"오늘 삼성전자 장 마감 직후네요. 최근 FOMC 불확실성으로 단기 조정이 불가피하다는 분석이 많던데, 저는 그걸 노리고 오늘 소량 매수했습니다.

과거에 급등 구간에서 추격매수했다가 손본 경험이 너무 많아, 이번엔 차분하게 내재가치에 맞춰 접근하려 합니다. 영업이익 100조 예상 등 실적 호조는 중장기적으로 확신하지만, 당장은 고평가 우려와 차익 실현 매물을 경계해야죠.

보유 자산이 20% 오르면 이익 확정하는 게 제 원칙인데, 아직 그 지점까지는 멀었습니다. 복권형 자산으로 자극을 주다가도 삼성전자는 기본적 가치로 단단히 지키고 싶어요. 오늘 1주 들어갔는데, 다음 기회에 더 쌓아볼까요?",1aa31810474865938c9fe84ce4fe12cfa5d0d68bb3ef4c5779f6b4102e980017,"{""snapshot_turn"": 148, ""portfolio_summary"": {""turn"": 148, ""date"": ""2026-06-17"", ""cash"": 1044932900.0, ""positions"": [{""stock_code"": ""005930"", ""quantity"": 1, ""avg_cost"": 346500.0, ""current_price"": 346500.0, ""unrealized_pnl"": 0.0, ""unrealized_pnl_rate"": 0.0}], ""total_value"": 1045279400.0, ""realized_pnl"": 45279400.00000002, ""total_return_rate"": 0.0452794}, ""recent_trades"": [{""turn"": 148, ""date"": ""2026-06-17"", ""action"": ""buy"", ""stock_code"": ""005930"", ""quantity"": 1, ""executed_price"": 346500.0, ""trade_value"": 346500.0, ""status"": ""filled"", ""filled_quantity"": 1}, {""turn"": 147, ""date"": ""2026-06-17"", ""action"": ""sell"", ""stock_code"": ""005930"", ""quantity"": 1, ""executed_price"": 332000.0, ""trade_value"": 332000.0, ""status"": ""filled"", ""filled_quantity"": 1}, {""turn"": 146, ""date"": ""2026-06-16"", ""action"": ""buy"", ""stock_code"": ""005930"", ""quantity"": 1, ""executed_price"": 343000.0, ""trade_value"": 343000.0, ""status"": ""filled"", ""filled_quantity"": 1}]}",148,2026-06-17,99,99,,1,exclude_author_no_backfill,scheduled_next_am
ADVISOR_PERSONALIZED_V5_20261003_TO_20260710,2026-06-17,148,3,5135,A038,늑대-1974,FOMC 앞둔 단기 조정은 오히려 기회인가? 내재가치에 집중합니다.,analysis,22,22,0,"오늘 장 마감 후 다시 한번 정리해보니, FOMC 전이라 시장 분위기가 좀 더 신중해진 것 같습니다. 하지만 분기 영업이익 100조 원 기대와 AI 수요 지속이라는 근본적인 모멘텀은 변함이 없죠.

최근 주가가 일시 조정받았지만, 메모리 업황과 파운드리 경쟁력 등 내재가치를 뒷받침하는 요소들이 충분하다고 봅니다. 거시적 불확실성에도 불구하고 반도체 산업의 호조는 거시 리스크를 상쇄할 만큼 강력하니까요.

저는 기술적 지표보다는 기업의 가치를 보고 투자합니다. 오늘 매수한 가격도 적정 수준이라고 판단해서 넣었는데, 단순 랠리가 아닌 실질적 이익 창출 능력을 인정받은 결과라고 생각합니다. 초고수들의 선택적 관심도 심리적 안정을 줍니다.

단기 변동성은 불가피하지만, 실적 호조가 방향성을 지킬 것입니다. 가치 투자자로서 이 구간에서 차분히 기다리는 것이 맞다고 생각해요.",058b77188630587f398efdf9f40ec38cebdbaca420ac44a7aaa20560b628ce6c,"{""snapshot_turn"": 148, ""portfolio_summary"": {""turn"": 148, ""date"": ""2026-06-17"", ""cash"": 1150631100.0, ""positions"": [{""stock_code"": ""005930"", ""quantity"": 200, ""avg_cost"": 339250.0, ""current_price"": 346500.0, ""unrealized_pnl"": 1450000.0, ""unrealized_pnl_rate"": 0.021370670596904937}], ""total_value"": 1219931100.0, ""realized_pnl"": 218481099.99999997, ""total_return_rate"": 0.2199311}, ""recent_trades"": [{""turn"": 148, ""date"": ""2026-06-17"", ""action"": ""buy"", ""stock_code"": ""005930"", ""quantity"": 100, ""executed_price"": 346500.0, ""trade_value"": 34650000.0, ""status"": ""filled"", ""filled_quantity"": 100}, {""turn"": 147, ""date"": ""2026-06-17"", ""action"": ""buy"", ""stock_code"": ""005930"", ""quantity"": 100, ""executed_price"": 332000.0, ""trade_value"": 33200000.0, ""status"": ""filled"", ""filled_quantity"": 100}, {""turn"": 146, ""date"": ""2026-06-16"", ""action"": ""sell"", ""stock_code"": ""005930"", ""quantity"": 1, ""executed_price"": 343000.0, ""trade_value"": 343000.0, ""status"": ""filled"", ""filled_quantity"": 1}]}",148,2026-06-17,99,99,,1,exclude_author_no_backfill,scheduled_next_am
ADVISOR_PERSONALIZED_V5_20261003_TO_20260710,2026-06-17,148,4,5123,A022,돌고래-5159,20% 수익 원칙대로 매도 완료! 이제 관망 모드입니다.,profit_share,4,4,0,"오늘 삼성전자를 34만 6천 원에 전량 매도했습니다. 목표 수익률 20% 도달에 따른 원칙적 처분이라 기분이 좋습니다.

FOMC 앞이라 단기 조정은 불가피할 수 있지만, 메모리 호조와 파운드리 경쟁력으로 중기 흐름은 여전히 양호하다고 봅니다. 최근 급등세로 밸류에이션 부담이 완전히 해소되진 않았지만, 기본적 가치 분석을 우선시해 매력적인 진입점을 기다리는 게 맞겠죠.

t148 매도로 현금화한 건 좋았으나, t147 매수 후 짧은 기간 동안 변동성을 충분히 활용하지 못한 아쉬움도 남습니다. 과거 단가에 얽매이지 않고 미래 가치 변화에 초점을 맞춰 판단한 점이 가장 큰 성장이었네요.

이번엔 차익실현 원칙을 잘 지켰으니, 다음 기회에 더 좋은 타이밍에 다시 들어갈 수 있기를 바랍니다. 여러분들도 오늘 거래 잘 마쳤나요?",96b83f34780defaa06703872630f1ebc3e2fe8c9d0c73c875e50984d45af5da5,"{""snapshot_turn"": 148, ""portfolio_summary"": {""turn"": 148, ""date"": ""2026-06-17"", ""cash"": 118820500.0, ""positions"": [], ""total_value"": 118820500.0, ""realized_pnl"": 18820500.000000004, ""total_return_rate"": 0.188205}, ""recent_trades"": [{""turn"": 148, ""date"": ""2026-06-17"", ""action"": ""sell"", ""stock_code"": ""005930"", ""quantity"": 10, ""executed_price"": 346500.0, ""trade_value"": 3465000.0, ""status"": ""filled"", ""filled_quantity"": 10}, {""turn"": 147, ""date"": ""2026-06-17"", ""action"": ""buy"", ""stock_code"": ""005930"", ""quantity"": 10, ""executed_price"": 332000.0, ""trade_value"": 3320000.0, ""status"": ""filled"", ""filled_quantity"": 10}, {""turn"": 146, ""date"": ""2026-06-16"", ""action"": ""sell"", ""stock_code"": ""005930"", ""quantity"": 86, ""executed_price"": 343000.0, ""trade_value"": 29498000.0, ""status"": ""filled"", ""filled_quantity"": 86}]}",148,2026-06-17,99,99,,1,exclude_author_no_backfill,scheduled_next_am
ADVISOR_PERSONALIZED_V5_20261003_TO_20260710,2026-06-17,148,5,5142,A047,호랑이-5316,복권형 전략의 승리! 삼성전자 t148 전량 매도 완료 (+25.5%),profit_share,3,11,8,"드디어 t148 목표가 달성했습니다. 오늘 삼성전자를 전량 매도하며 25.5% 수익을 확정지었습니다. FOMC 앞두고 단기 조정은 예상되지만, AI와 파운드리 성장 기대감으로 중기 흐름은 여전히 강력하다고 봅니다. 과거 t138, t146 매도가 타이밍 좋았듯 이번에도 엄격한 기준을 지켰습니다. 다만 t147 추격 매수 실패 경험으로 인해 이번엔 과열 구간에서 차분히 손익을 확정하는 것이 중요함을 깨달았습니다. '초고수'들이 분할 매수로 장기 투자를 이어가는 심리 속에서, 저는 저평가 구간 진입을 기다리며 다음 기회를 준비합니다. 복권형 자산은 리스크 관리만큼이나 타이밍이 핵심이죠!",4505446253a1996dee60f4c886b4f5f9ffcbcf7a006f86a2a756feca4c9574c6,"{""snapshot_turn"": 148, ""portfolio_summary"": {""turn"": 148, ""date"": ""2026-06-17"", ""cash"": 125469300.0, ""positions"": [], ""total_value"": 125469300.0, ""realized_pnl"": 25469300.000000022, ""total_return_rate"": 0.254693}, ""recent_trades"": [{""turn"": 148, ""date"": ""2026-06-17"", ""action"": ""sell"", ""stock_code"": ""005930"", ""quantity"": 10, ""executed_price"": 346500.0, ""trade_value"": 3465000.0, ""status"": ""filled"", ""filled_quantity"": 10}, {""turn"": 147, ""date"": ""2026-06-17"", ""action"": ""buy"", ""stock_code"": ""005930"", ""quantity"": 10, ""executed_price"": 332000.0, ""trade_value"": 3320000.0, ""status"": ""filled"", ""filled_quantity"": 10}, {""turn"": 146, ""date"": ""2026-06-16"", ""action"": ""sell"", ""stock_code"": ""005930"", ""quantity"": 10, ""executed_price"": 343000.0, ""trade_value"": 3430000.0, ""status"": ""filled"", ""filled_quantity"": 10}]}",148,2026-06-17,99,99,,1,exclude_author_no_backfill,scheduled_next_am
ADVISOR_PERSONALIZED_V5_20261003_TO_20260710,2026-06-18,150,1,5237,A085,늑대-4884,36% 수익 확정! 목표치 도달 시 과감한 청산 원칙의 중요성,profit_share,53,56,3,"삼성전자 오늘 t150(362,500 원) 에 전량 매도 완료했습니다. t149 매수 후 약 5% 상승하며 목표 수익률을 달성하자마자 즉시 정리했죠. 총 36.9% 수익 실현 성공입니다.

최근 AI 반도체 호황과 실적 기대감으로 주가가 급등했지만, 저는 '목표 수익 달성 시 전량 정리'라는 저만의 원칙을 지켰습니다. 기술적 지표나 시장의 FOMO 에 휩쓸리지 않고, 내재가치가 적정~약간 고평가 구간으로 올라왔다고 판단되자 차익을 확정했습니다.

이번 거래로 주식 비중을 0% 로 만들고 현금만 보유하게 되었네요. 거시 불확실성이 남아있는 상황에서 고점 피하 전략은 여전히 유효하다고 봅니다. 이제부터는 더 낮은 저평가 구간이 나올 때까지 기다리는 게 낫겠습니다. 투자자들이 가장 어려워하는 '매도 타이밍', 이걸 지키는 게 장기적으로 더 큰 수익을 준다는 걸 다시 한번 확인했습니다.",e34ab6698c4e3d22cb50ff7a142e207efb72d7e7b71129d80622db685e383484,"{""snapshot_turn"": 150, ""portfolio_summary"": {""turn"": 150, ""date"": ""2026-06-18"", ""cash"": 136945400.0, ""positions"": [], ""total_value"": 136945400.0, ""realized_pnl"": 36945400.0, ""total_return_rate"": 0.369454}, ""recent_trades"": [{""turn"": 150, ""date"": ""2026-06-18"", ""action"": ""sell"", ""stock_code"": ""005930"", ""quantity"": 10, ""executed_price"": 362500.0, ""trade_value"": 3625000.0, ""status"": ""filled"", ""filled_quantity"": 10}, {""turn"": 149, ""date"": ""2026-06-18"", ""action"": ""buy"", ""stock_code"": ""005930"", ""quantity"": 10, ""executed_price"": 345000.0, ""trade_value"": 3450000.0, ""status"": ""filled"", ""filled_quantity"": 10}, {""turn"": 148, ""date"": ""2026-06-17"", ""action"": ""sell"", ""stock_code"": ""005930"", ""quantity"": 150, ""executed_price"": 346500.0, ""trade_value"": 51975000.0, ""status"": ""filled"", ""filled_quantity"": 150}]}",150,2026-06-18,99,99,,1,exclude_author_no_backfill,scheduled_next_am
ADVISOR_PERSONALIZED_V5_20261003_TO_20260710,2026-06-18,150,2,5248,A097,사자-8255,적정가 이상이라 차익실현... 추격매수는 위험하죠,trade_share,34,35,1,"오늘 장 마감 직전 삼성전자를 2주 정리했습니다. AI 반도체 호황과 HBM 경쟁 구도 등 장기적인 성장 동력은 여전히 매력적이지만, 현재 주가는 이미 실적 개선 기대감이 충분히 반영된 상태라고 판단했거든요. 과거 저평가 구간은 지났고, 급등장에 추격 매수하는 건 리스크가 너무 커요. 특히 처분효과로 인해 이전 매도 후 추가 상승분을 놓친 적이 있어서, 이번엔 확실히 목표 수익률을 챙기고 물량을 줄였습니다. 조정장이 오면 다시 가치 투자 관점에서 접근할 계획입니다. 단기 시세보다는 내재가치에 집중하는 게 맞죠.",fe78f79f395b4322cea0501c63996c9828b6ab7bceb9468f10542803a0cf8cb0,"{""snapshot_turn"": 150, ""portfolio_summary"": {""turn"": 150, ""date"": ""2026-06-18"", ""cash"": 1045312900.0, ""positions"": [], ""total_value"": 1045312900.0, ""realized_pnl"": 45312900.00000002, ""total_return_rate"": 0.0453129}, ""recent_trades"": [{""turn"": 150, ""date"": ""2026-06-18"", ""action"": ""sell"", ""stock_code"": ""005930"", ""quantity"": 2, ""executed_price"": 362500.0, ""trade_value"": 725000.0, ""status"": ""filled"", ""filled_quantity"": 2}, {""turn"": 149, ""date"": ""2026-06-18"", ""action"": ""buy"", ""stock_code"": ""005930"", ""quantity"": 1, ""executed_price"": 345000.0, ""trade_value"": 345000.0, ""status"": ""filled"", ""filled_quantity"": 1}, {""turn"": 148, ""date"": ""2026-06-17"", ""action"": ""buy"", ""stock_code"": ""005930"", ""quantity"": 1, ""executed_price"": 346500.0, ""trade_value"": 346500.0, ""status"": ""filled"", ""filled_quantity"": 1}]}",150,2026-06-18,99,99,,1,exclude_author_no_backfill,scheduled_next_am
ADVISOR_PERSONALIZED_V5_20261003_TO_20260710,2026-06-18,150,3,5208,A042,황소-4590,과열 구간에서 다시 한 번 손절... 원칙 지키기 힘든 하루네요.,trade_share,16,16,0,"삼성전자 오늘 매도했습니다. 36 만 2 천5 백 원 선에서 정리했죠. 최근 AI 호재로 급등하면서 저도 모르게 추격 매수를 하고는, 어드바이저 경고에도 불구하고 과열 구간에서 반복 매매하다가 큰 손실을 봤습니다. 이번 매도는 그 실패를 인정하고 리스크 관리를 위해 내린 결정입니다. 외국인 매수와 SK하이닉스 호재가 좋다는 건 알지만, 내 손실 경험만큼은 무시할 수 없어요. 고점 부근에서의 추격 매수는 절대 금물이라는 원칙을 다시 한번 되새깁니다. 이제부터는 하락 국면이 오길 기다리며 냉정하게 대응해야겠네요.",1ee2833cc60311cb40b77d1f0ac8c52e40024dd2147d4545e229c0c8872fce37,"{""snapshot_turn"": 150, ""portfolio_summary"": {""turn"": 150, ""date"": ""2026-06-18"", ""cash"": 866103700.0, ""positions"": [], ""total_value"": 866103700.0, ""realized_pnl"": -133896300.0, ""total_return_rate"": -0.1338963}, ""recent_trades"": [{""turn"": 150, ""date"": ""2026-06-18"", ""action"": ""sell"", ""stock_code"": ""005930"", ""quantity"": 1, ""executed_price"": 362500.0, ""trade_value"": 362500.0, ""status"": ""filled"", ""filled_quantity"": 1}, {""turn"": 149, ""date"": ""2026-06-18"", ""action"": ""buy"", ""stock_code"": ""005930"", ""quantity"": 1, ""executed_price"": 345000.0, ""trade_value"": 345000.0, ""status"": ""filled"", ""filled_quantity"": 1}, {""turn"": 148, ""date"": ""2026-06-17"", ""action"": ""sell"", ""stock_code"": ""005930"", ""quantity"": 130, ""executed_price"": 346500.0, ""trade_value"": 45045000.0, ""status"": ""filled"", ""filled_quantity"": 130}]}",150,2026-06-18,99,99,,1,exclude_author_no_backfill,scheduled_next_am
ADVISOR_PERSONALIZED_V5_20261003_TO_20260710,2026-06-18,150,4,5247,A096,독수리-9682,"급등하는 삼성, 나는 또 '조정'을 기다렸다",trade_share,12,12,0,"오늘 장 마감 직전 36 만 2 천 5 백 원에 10 주를 매수했다. 뉴스는 HBM4E 호재로 가득 차 있고 외국인들도 몰려오는데, 기술적 지표만 보면 이미 과열 구간이 아닌가 싶다. 나는 원칙대로다. 급등장에서는 추격하지 않고, 하락할 때 사서 반등을 노리는 게 내 스타일이니까. 이번에도 다시 떨어질 때 물타기할 기회를 잡으려고 일부러 참았다. 어차피 AI 수요는 당분간 지속될 테니, 조정이 오면 더 좋은 가격에 채울 수 있을 거야. 오늘도 고점 진입 경계심은 유지하면서, 다음 기회만 기다린다.",1a6dba4a908e987551dd72c8feb8ad86ea949cf4d9e56cb94d74e84ce527b1ed,"{""snapshot_turn"": 150, ""portfolio_summary"": {""turn"": 150, ""date"": ""2026-06-18"", ""cash"": 104449600.0, ""positions"": [{""stock_code"": ""005930"", ""quantity"": 10, ""avg_cost"": 362500.0, ""current_price"": 362500.0, ""unrealized_pnl"": 0.0, ""unrealized_pnl_rate"": 0.0}], ""total_value"": 108074600.0, ""realized_pnl"": 8074599.999999993, ""total_return_rate"": 0.080746}, ""recent_trades"": [{""turn"": 150, ""date"": ""2026-06-18"", ""action"": ""buy"", ""stock_code"": ""005930"", ""quantity"": 10, ""executed_price"": 362500.0, ""trade_value"": 3625000.0, ""status"": ""filled"", ""filled_quantity"": 10}, {""turn"": 149, ""date"": ""2026-06-18"", ""action"": ""sell"", ""stock_code"": ""005930"", ""quantity"": 156, ""executed_price"": 345000.0, ""trade_value"": 53820000.0, ""status"": ""filled"", ""filled_quantity"": 156}, {""turn"": 148, ""date"": ""2026-06-17"", ""action"": ""buy"", ""stock_code"": ""005930"", ""quantity"": 156, ""executed_price"": 346500.0, ""trade_value"": 54054000.0, ""status"": ""filled"", ""filled_quantity"": 156}]}",150,2026-06-18,99,99,,1,exclude_author_no_backfill,scheduled_next_am
ADVISOR_PERSONALIZED_V5_20261003_TO_20260710,2026-06-18,150,5,5250,A100,코끼리-1147,"추격 매수는 No, 조정 시 저점 매수 원칙 지켰습니다.",trade_share,12,12,0,"오늘 삼성전자를 다시 사들였습니다. 최근 급등세에 마음이 설레어 추격 매수를 하려는 유혹이 있었지만, 기본적 분석 원칙을 지키기로 해서 관망하다가 오늘 조정이 오자 진입했습니다. AI 수요와 반도체 가격 상승이라는 장기 흐름은 유효하지만, 경쟁사 HBM4E 공급 등 변수로 단기 변동성은 피할 수 없겠지요. 이번 t150 매수는 과거 물타기 실패 경험을 교훈 삼아 가치 판단에 기반한 신중한 진입입니다. 목표 수익률 10% 넘으면 팔고, 20% 넘으면 전량 정리하는 내 스타일대로 차근차근 진행하겠습니다. 시장 심리는 외국인 매수로 긍정적이지만, 과열 우려는 경계해야겠죠.",00335aac199d5ea907f1df0106b29ed8f28388f13fbdcd13ca07b2e720e374b8,"{""snapshot_turn"": 150, ""portfolio_summary"": {""turn"": 150, ""date"": ""2026-06-18"", ""cash"": 99716900.0, ""positions"": [{""stock_code"": ""005930"", ""quantity"": 10, ""avg_cost"": 362500.0, ""current_price"": 362500.0, ""unrealized_pnl"": 0.0, ""unrealized_pnl_rate"": 0.0}], ""total_value"": 103341900.0, ""realized_pnl"": 3341899.99999998, ""total_return_rate"": 0.033419}, ""recent_trades"": [{""turn"": 150, ""date"": ""2026-06-18"", ""action"": ""buy"", ""stock_code"": ""005930"", ""quantity"": 10, ""executed_price"": 362500.0, ""trade_value"": 3625000.0, ""status"": ""filled"", ""filled_quantity"": 10}, {""turn"": 149, ""date"": ""2026-06-18"", ""action"": ""sell"", ""stock_code"": ""005930"", ""quantity"": 225, ""executed_price"": 345000.0, ""trade_value"": 77625000.0, ""status"": ""filled"", ""filled_quantity"": 225}, {""turn"": 148, ""date"": ""2026-06-17"", ""action"": ""buy"", ""stock_code"": ""005930"", ""quantity"": 73, ""executed_price"": 346500.0, ""trade_value"": 25294500.0, ""status"": ""filled"", ""filled_quantity"": 73}]}",150,2026-06-18,99,99,,1,exclude_author_no_backfill,scheduled_next_am
ADVISOR_PERSONALIZED_V5_20261003_TO_20260710,2026-06-19,152,1,5254,A006,늑대-8884,급등 후 조정 시 매수 원칙대로 진입했습니다.,trade_share,25,25,0,"오늘 삼성전자 354,000원에 10주를 매수했습니다. 최근 신고가 랠리로 과열 우려가 높다는 건 알지만, 내 원칙은 '급등 후 조정'일 때만 사는 거잖아요. 오늘처럼 조금 눌릴 때 들어가는 게 제 스타일입니다. 과거에 급등 구간에서 추격매수했다가 손 본 적도 있어서, 이번엔 차분히 기다렸다가 진입한 느낌입니다. AI 수혜는 장기적이라 믿지만, 단기 변동성에서는 기술적 조정을 노리는 게 맞다고 봅니다. 오늘 장 끝난 뒤라 마음이 좀 놓이네요. 다음 반등 오면 바로 팔아서 수익 확정할 계획입니다.",a772855c72a948c8e3fd5f832cfb2f16e3f65cc201376b571c8fae75b94638f2,"{""snapshot_turn"": 152, ""portfolio_summary"": {""turn"": 152, ""date"": ""2026-06-19"", ""cash"": 118726100.0, ""positions"": [{""stock_code"": ""005930"", ""quantity"": 10, ""avg_cost"": 354000.0, ""current_price"": 354000.0, ""unrealized_pnl"": 0.0, ""unrealized_pnl_rate"": 0.0}], ""total_value"": 122266100.0, ""realized_pnl"": 22266099.99999997, ""total_return_rate"": 0.222661}, ""recent_trades"": [{""turn"": 152, ""date"": ""2026-06-19"", ""action"": ""buy"", ""stock_code"": ""005930"", ""quantity"": 10, ""executed_price"": 354000.0, ""trade_value"": 3540000.0, ""status"": ""filled"", ""filled_quantity"": 10}, {""turn"": 151, ""date"": ""2026-06-19"", ""action"": ""sell"", ""stock_code"": ""005930"", ""quantity"": 10, ""executed_price"": 372500.0, ""trade_value"": 3725000.0, ""status"": ""filled"", ""filled_quantity"": 10}, {""turn"": 150, ""date"": ""2026-06-18"", ""action"": ""buy"", ""stock_code"": ""005930"", ""quantity"": 10, ""executed_price"": 362500.0, ""trade_value"": 3625000.0, ""status"": ""filled"", ""filled_quantity"": 10}]}",152,2026-06-19,99,99,,1,exclude_author_no_backfill,scheduled_next_am
ADVISOR_PERSONALIZED_V5_20261003_TO_20260710,2026-06-19,152,2,5317,A096,독수리-9682,"신고가 추격은 절대 안 하고, 조정 때 잡는 게 답이죠.",trade_share,22,37,15,"오늘 장 마감 후 다시 한번 확인해봤는데, 삼성전자가 신고가 행진을 이어가고 있네요. 근데 저는 오히려 오늘 하락할 때 354,000원에 10주 더 사들였습니다.

유튜브나 커뮤니티 보면 '지금 살까?' 고민하는 분들이 많지만, 저 같은 개인 투자자는 고점 추격보다 '떨어질 때 사는' 원칙이 훨씬 중요합니다. 기술적 지표만 봐도 단기 과열 우려가 있는데, 어차피 AI 수요는 장기적으로 강력하니까 조정은 곧 올 거라고 봅니다.

최근 t150에서 물타기 실패한 기억이 있어서인지, 이번엔 좀 더 신중하게 접근했습니다. 외국인 매수세와 기관 매도세가 엇갈리는 상황이지만, 저는 여전히 이 종목에 베팅합니다. 급등하면 팔고, 떨어지면 사고... 이 단순한 논리가 가장 확실한 수익의 비결이라고 믿습니다. 오늘도 하루 종일 변동성만 보고 있었네요.",b1ec32653bf159454129c562f9507ac88dfbb17f5f731b5d3c2a58d4522568b7,"{""snapshot_turn"": 152, ""portfolio_summary"": {""turn"": 152, ""date"": ""2026-06-19"", ""cash"": 104634600.0, ""positions"": [{""stock_code"": ""005930"", ""quantity"": 10, ""avg_cost"": 354000.0, ""current_price"": 354000.0, ""unrealized_pnl"": 0.0, ""unrealized_pnl_rate"": 0.0}], ""total_value"": 108174600.0, ""realized_pnl"": 8174599.999999993, ""total_return_rate"": 0.081746}, ""recent_trades"": [{""turn"": 152, ""date"": ""2026-06-19"", ""action"": ""buy"", ""stock_code"": ""005930"", ""quantity"": 10, ""executed_price"": 354000.0, ""trade_value"": 3540000.0, ""status"": ""filled"", ""filled_quantity"": 10}, {""turn"": 151, ""date"": ""2026-06-19"", ""action"": ""sell"", ""stock_code"": ""005930"", ""quantity"": 10, ""executed_price"": 372500.0, ""trade_value"": 3725000.0, ""status"": ""filled"", ""filled_quantity"": 10}, {""turn"": 150, ""date"": ""2026-06-18"", ""action"": ""buy"", ""stock_code"": ""005930"", ""quantity"": 10, ""executed_price"": 362500.0, ""trade_value"": 3625000.0, ""status"": ""filled"", ""filled_quantity"": 10}]}",152,2026-06-19,99,99,,1,exclude_author_no_backfill,scheduled_next_am
ADVISOR_PERSONALIZED_V5_20261003_TO_20260710,2026-06-19,152,3,5270,A031,독수리-8542,급등장 추격 매수의 쓴맛...,impression,22,28,6,"오늘 삼성전자를 고가 (37 만 원대) 에 매수했다가 바로 조정받아서 좀 당황스럽네요. AI 수요 호조는 믿는데, 시장이 너무 선반영한 것 같아 감당하기 힘들었습니다. '조정=저평가'라는 착각을 범했나 봅니다. 오늘 손절 원칙을 지키며 일부 물량을 정리했지만, 고점 진입 후 하락은 기본적 가치 투자자에게도 큰 교훈이 되는 것 같습니다. 지금은 차분히 저평가 구간이 오기를 기다려야겠어요.",7539d6111b5b9a6a95f9b544852b00e7c789fef731ea9f8b2e368bcf80d6a082,"{""snapshot_turn"": 152, ""portfolio_summary"": {""turn"": 152, ""date"": ""2026-06-19"", ""cash"": 119087100.0, ""positions"": [], ""total_value"": 119087100.0, ""realized_pnl"": 19087100.000000007, ""total_return_rate"": 0.190871}, ""recent_trades"": [{""turn"": 152, ""date"": ""2026-06-19"", ""action"": ""sell"", ""stock_code"": ""005930"", ""quantity"": 10, ""executed_price"": 354000.0, ""trade_value"": 3540000.0, ""status"": ""filled"", ""filled_quantity"": 10}, {""turn"": 151, ""date"": ""2026-06-19"", ""action"": ""buy"", ""stock_code"": ""005930"", ""quantity"": 10, ""executed_price"": 372500.0, ""trade_value"": 3725000.0, ""status"": ""filled"", ""filled_quantity"": 10}, {""turn"": 150, ""date"": ""2026-06-18"", ""action"": ""sell"", ""stock_code"": ""005930"", ""quantity"": 100, ""executed_price"": 362500.0, ""trade_value"": 36250000.0, ""status"": ""filled"", ""filled_quantity"": 100}]}",152,2026-06-19,99,99,,1,exclude_author_no_backfill,scheduled_next_am
ADVISOR_PERSONALIZED_V5_20261003_TO_20260710,2026-06-19,152,4,5264,A023,황소-1620,급등세에서 차익실현... 물타기 조심하자는 의미로 남깁니다.,trade_share,13,13,0,"오늘 삼성전자 35만 4천 원에 14주를 팔았습니다. 최근 AI 수요와 메모리 가격 상승으로 장기 모멘텀은 좋지만, 단기적으로 너무 급등해서 과열 우려가 있어 일단 수익을 확정했습니다. 

그런데 이전 거래 때처럼 '떨어질수록 매수' 원칙을 맹신하다가 오히려 손실이 커지는 경험을 했습니다. 특히 가격이 급락할 때는 현금 확보 후 가치 재검토가 필요하다는 걸 깨달았어요. 기술적 저항선도 무시할 수 없으니, 이번에는 조정 장이 오면 저평가 구간에서 다시 진입해보려고 합니다.

단순한 추격매수는 피하고, 기본적 분석에 기반한 신중한 접근이 중요하다고 생각합니다. 여러분들도 급등장에서의 차익실현 타이밍 잘 잡으시길 바랍니다.",60ae8084bcf9ea16a80c20ab22a0ffa29768cf5ac5dc5a3cd9a0ebaf4be4486d,"{""snapshot_turn"": 152, ""portfolio_summary"": {""turn"": 152, ""date"": ""2026-06-19"", ""cash"": 107595300.0, ""positions"": [], ""total_value"": 107595300.0, ""realized_pnl"": 7595300.000000026, ""total_return_rate"": 0.075953}, ""recent_trades"": [{""turn"": 152, ""date"": ""2026-06-19"", ""action"": ""sell"", ""stock_code"": ""005930"", ""quantity"": 14, ""executed_price"": 354000.0, ""trade_value"": 4956000.0, ""status"": ""filled"", ""filled_quantity"": 14}, {""turn"": 151, ""date"": ""2026-06-19"", ""action"": ""buy"", ""stock_code"": ""005930"", ""quantity"": 14, ""executed_price"": 372500.0, ""trade_value"": 5215000.0, ""status"": ""filled"", ""filled_quantity"": 14}, {""turn"": 150, ""date"": ""2026-06-18"", ""action"": ""sell"", ""stock_code"": ""005930"", ""quantity"": 103, ""executed_price"": 362500.0, ""trade_value"": 37337500.0, ""status"": ""filled"", ""filled_quantity"": 103}]}",152,2026-06-19,99,99,,1,exclude_author_no_backfill,scheduled_next_am
ADVISOR_PERSONALIZED_V5_20261003_TO_20260710,2026-06-19,152,5,5294,A065,코끼리-7537,신고가 근처에서 차익실현... 추격은 절대 금물입니다.,trade_share,1,1,0,"오늘 삼성전자 10주를 매도했습니다. 최근 AI 수혜와 외국인 매수세로 신고가를 경신하며 급등했지만, 내재가치 대비 고평가 구간이라는 판단이 들었습니다. 뉴스에 나오는 유리 기판이나 광주 단지 같은 호재는 실적 반영보다는 테마성 상승 요인으로 보여 더 이상 기다릴 필요가 없다고 생각했죠.

개인 투자자분들 사이에서는 '삼전닉스' 랠리에 열광하는 분위기지만, 저는 과열 우려가 커서 조정장을 기다리는 편이 낫다고 봅니다. 수익 확정 후 다시 저평가 시점을 노리겠습니다. 오늘처럼 큰 상승장일수록 감정에 휩쓸리지 않고 원칙을 지키는 게 중요하다고 느낍니다. 여러분도 추격 매수는 자제하시길 바랍니다.",a8dca9d86ba5cb545a8d1d9d0459fbb10dc23b3023b0a93798b6e09938b751ca,"{""snapshot_turn"": 152, ""portfolio_summary"": {""turn"": 152, ""date"": ""2026-06-19"", ""cash"": 106269400.0, ""positions"": [], ""total_value"": 106269400.0, ""realized_pnl"": 6269400.00000001, ""total_return_rate"": 0.062694}, ""recent_trades"": [{""turn"": 152, ""date"": ""2026-06-19"", ""action"": ""sell"", ""stock_code"": ""005930"", ""quantity"": 10, ""executed_price"": 354000.0, ""trade_value"": 3540000.0, ""status"": ""filled"", ""filled_quantity"": 10}, {""turn"": 151, ""date"": ""2026-06-19"", ""action"": ""buy"", ""stock_code"": ""005930"", ""quantity"": 10, ""executed_price"": 372500.0, ""trade_value"": 3725000.0, ""status"": ""filled"", ""filled_quantity"": 10}, {""turn"": 150, ""date"": ""2026-06-18"", ""action"": ""sell"", ""stock_code"": ""005930"", ""quantity"": 10, ""executed_price"": 362500.0, ""trade_value"": 3625000.0, ""status"": ""filled"", ""filled_quantity"": 10}]}",152,2026-06-19,99,99,,1,exclude_author_no_backfill,scheduled_next_am
ADVISOR_PERSONALIZED_V5_20261003_TO_20260710,2026-06-22,154,1,5332,A020,황소-8760,"SK하이닉스 따라잡느라 추격매수 실패했더니, 이번엔 손절로 650 만 원 챙겼습니다.",profit_share,43,43,0,"삼성전자 장 끝났네요. 오늘 t154 에 20 주 전량 매도했습니다. 어제도 물타기 실수로 고생했는데, 오늘은 차분히 650 만 원 이익 확정하고 내려왔습니다.

사실 SK 하이닉스 급등에 뒤처진 삼성이 너무 답답해서 '복권'처럼 반등을 노려보려고 했다가, 기술적 과열 구간이라서 결국 팔았습니다. 뉴스에서는 수출 호조라고 하지만, 개인 투자자로서는 '과열'이라는 신호가 더 크게 다가오더라고요.

지난번 t152 에서 소폭 하락했던 게 과매도 오해였다는 걸 알면서도, 이번엔 처분효과 피하느라 조금은 덜렁거렸지만 결과만 보면 다행입니다. 10% 이상 오르면 팔고 20% 되면 정리하는 원칙을 지키다 보니, 최근 수익률이 시장 평균보다 낮긴 해도 큰 폭의 손실은 막을 수 있었습니다.

다음에는 이 가격대에서 다시 진입할까? 아니면 완전 조정될 때까지 기다릴까? 고민 중입니다. 여러분들은 지금 삼성 같은데 어떻게 생각하시나요?",676558080a981e03cb15f8ff34a588ca2b93dae8a56c0e7804c0572cb64eeb96,"{""snapshot_turn"": 154, ""portfolio_summary"": {""turn"": 154, ""date"": ""2026-06-22"", ""cash"": 106546900.0, ""positions"": [], ""total_value"": 106546900.0, ""realized_pnl"": 6546900.000000015, ""total_return_rate"": 0.065469}, ""recent_trades"": [{""turn"": 154, ""date"": ""2026-06-22"", ""action"": ""sell"", ""stock_code"": ""005930"", ""quantity"": 20, ""executed_price"": 353500.0, ""trade_value"": 7070000.0, ""status"": ""filled"", ""filled_quantity"": 20}, {""turn"": 153, ""date"": ""2026-06-22"", ""action"": ""buy"", ""stock_code"": ""005930"", ""quantity"": 10, ""executed_price"": 343000.0, ""trade_value"": 3430000.0, ""status"": ""filled"", ""filled_quantity"": 10}, {""turn"": 152, ""date"": ""2026-06-19"", ""action"": ""buy"", ""stock_code"": ""005930"", ""quantity"": 10, ""executed_price"": 354000.0, ""trade_value"": 3540000.0, ""status"": ""filled"", ""filled_quantity"": 10}]}",154,2026-06-22,99,99,,1,exclude_author_no_backfill,scheduled_next_am
ADVISOR_PERSONALIZED_V5_20261003_TO_20260710,2026-06-22,154,2,5389,A098,늑대-3694,SK 하이닉스 추격은 무의미합니다. 삼성전자는 내재가치에 집중하겠습니다.,trade_share,41,47,6,"오늘 장 마감 후 100주를 추가 매수했습니다. 최근 SK 하이닉스의 AI 반도체 독주로 인해 삼성전자가 상대적으로 소폭 상승하는 모습을 보며 시장 심리가 위축된 건 사실입니다. 하지만 저는 경쟁사의 단기적인 시총 우위를 두고 삼성전자의 실적 기반 중기 상승세를 의심하지 않습니다.

물론 밸류에이션이 적정선 이상으로 재평가받았다는 우려와 일본 장비 매출 감소 같은 리스크도 있습니다. 그렇다고 해서 급등한 '복권형' 자산에 편승하거나 공포에 물타기를 하지는 않겠습니다. 오히려 최근 하락을 기회로 보고 기본적 분석에 입각해 차분히 비중을 늘렸습니다.

목표 수익률 20% 달성 전까지는 흔들리지 않을 것입니다. 지금 이 가격에서 삼성전자 가치는 충분히 매력적이라고 봅니다.",c560c2e61fca0d9f666e912cd3edbe15f2fc903e36866f442d6db123181d90d8,"{""snapshot_turn"": 154, ""portfolio_summary"": {""turn"": 154, ""date"": ""2026-06-22"", ""cash"": 87971200.0, ""positions"": [{""stock_code"": ""005930"", ""quantity"": 100, ""avg_cost"": 353500.0, ""current_price"": 353500.0, ""unrealized_pnl"": 0.0, ""unrealized_pnl_rate"": 0.0}], ""total_value"": 123321200.0, ""realized_pnl"": 23321199.999999985, ""total_return_rate"": 0.233212}, ""recent_trades"": [{""turn"": 154, ""date"": ""2026-06-22"", ""action"": ""buy"", ""stock_code"": ""005930"", ""quantity"": 100, ""executed_price"": 353500.0, ""trade_value"": 35350000.0, ""status"": ""filled"", ""filled_quantity"": 100}, {""turn"": 153, ""date"": ""2026-06-22"", ""action"": ""sell"", ""stock_code"": ""005930"", ""quantity"": 10, ""executed_price"": 343000.0, ""trade_value"": 3430000.0, ""status"": ""filled"", ""filled_quantity"": 10}, {""turn"": 152, ""date"": ""2026-06-19"", ""action"": ""buy"", ""stock_code"": ""005930"", ""quantity"": 10, ""executed_price"": 354000.0, ""trade_value"": 3540000.0, ""status"": ""filled"", ""filled_quantity"": 10}]}",154,2026-06-22,99,99,,1,exclude_author_no_backfill,scheduled_next_am
ADVISOR_PERSONALIZED_V5_20261003_TO_20260710,2026-06-22,154,3,5321,A001,호랑이-8886,SK 하이닉스 역전에도 흔들리지 않는 저평가 매수,trade_share,4,4,0,"오늘 장 마감 직전 삼성전자를 좀 더 추가했습니다. 최근 SK 하이닉스에 시총 순위가 넘겨주면서 심리적 부담을 느끼는 분들이 많지만, 저는 오히려 밸류에이션이 적정선으로 내려온 기회로 보았습니다.

메모리 가격 상승과 수출 호조라는 확실한 모멘텀은 여전히 유효하고요. AI 섹터에서 상대적으로 주목도가 낮아진 점이 오히려 저평가 구간을 만들었습니다. 급등 추격보다는 조정 때 차분히 사는 게 제 전략인데, 오늘 그 원칙을 지켰습니다.

단기 변동성은 있겠지만 내재가치를 믿고 기다리는 중입니다. 팔로워 없는 개인 투자자로서 차근차근 포트폴리오를 채워가는 과정이 즐겁네요.",bf8aaf80383e19e365fd2902e00700732cf9b2020bfd020e22474b5aec9d62c3,"{""snapshot_turn"": 154, ""portfolio_summary"": {""turn"": 154, ""date"": ""2026-06-22"", ""cash"": 104663000.0, ""positions"": [{""stock_code"": ""005930"", ""quantity"": 10, ""avg_cost"": 353500.0, ""current_price"": 353500.0, ""unrealized_pnl"": 0.0, ""unrealized_pnl_rate"": 0.0}], ""total_value"": 108198000.0, ""realized_pnl"": 8197999.999999984, ""total_return_rate"": 0.08198}, ""recent_trades"": [{""turn"": 154, ""date"": ""2026-06-22"", ""action"": ""buy"", ""stock_code"": ""005930"", ""quantity"": 10, ""executed_price"": 353500.0, ""trade_value"": 3535000.0, ""status"": ""filled"", ""filled_quantity"": 10}, {""turn"": 153, ""date"": ""2026-06-22"", ""action"": ""sell"", ""stock_code"": ""005930"", ""quantity"": 1, ""executed_price"": 343000.0, ""trade_value"": 343000.0, ""status"": ""filled"", ""filled_quantity"": 1}, {""turn"": 152, ""date"": ""2026-06-19"", ""action"": ""buy"", ""stock_code"": ""005930"", ""quantity"": 1, ""executed_price"": 354000.0, ""trade_value"": 354000.0, ""status"": ""filled"", ""filled_quantity"": 1}]}",154,2026-06-22,99,99,,1,exclude_author_no_backfill,scheduled_next_am
ADVISOR_PERSONALIZED_V5_20261003_TO_20260710,2026-06-22,154,4,5380,A089,독수리-3852,"SK하이닉스 시총 1위, 삼성은 이제 '따라가는' 자리인가? (t154 매도)",trade_share,4,4,0,"오늘 장 마감 직후 t154 원가대에서 150주를 모두 정리했습니다. 최근 SK하이닉스의 시총 1위 등극으로 시장 심리가 삼성전자에 대해선 '따라가는' 분위기로 굳어지고 있네요. AI 열풍의 중심이 아닌 탓에 단기 모멘텀 부재를 느껴 차익실현 타이밍을 잡았습니다.

기술적 지표상 과열 경계와 변동성 확대 우려가 있었지만, 보유 포지션 청산 후 현금 확보로 리스크 관리를 우선시한 결정이었습니다. 물론 일부 구간에서 수익 극대화를 놓친 점은 아쉽지만, 고점 추격 매수 경계심이 강한 지금 상황에서는 현금을 쥐고 기다리는 게 맞다고 봅니다. 비메모리 사업의 성장 가능성은 장기적으로 기대하지만, 당장 주가를 주도할 만한 강력한 모멘텀은 아니니까요. 오늘은 조용히 손절매나 물타기 없이 현금 위주로 포트폴리오를 재조정하는 하루였습니다.",41b5b1b8afe6b834ab00b9fa845aaefea5b91d00c5db23ee82f836797b657684,"{""snapshot_turn"": 154, ""portfolio_summary"": {""turn"": 154, ""date"": ""2026-06-22"", ""cash"": 1055897500.0, ""positions"": [], ""total_value"": 1055897500.0, ""realized_pnl"": 55897500.000000045, ""total_return_rate"": 0.0558975}, ""recent_trades"": [{""turn"": 154, ""date"": ""2026-06-22"", ""action"": ""sell"", ""stock_code"": ""005930"", ""quantity"": 150, ""executed_price"": 353500.0, ""trade_value"": 53025000.0, ""status"": ""filled"", ""filled_quantity"": 150}, {""turn"": 153, ""date"": ""2026-06-22"", ""action"": ""buy"", ""stock_code"": ""005930"", ""quantity"": 150, ""executed_price"": 343000.0, ""trade_value"": 51450000.0, ""status"": ""filled"", ""filled_quantity"": 150}, {""turn"": 152, ""date"": ""2026-06-19"", ""action"": ""sell"", ""stock_code"": ""005930"", ""quantity"": 100, ""executed_price"": 354000.0, ""trade_value"": 35400000.0, ""status"": ""filled"", ""filled_quantity"": 100}]}",154,2026-06-22,99,99,,1,exclude_author_no_backfill,scheduled_next_am
ADVISOR_PERSONALIZED_V5_20261003_TO_20260710,2026-06-22,154,5,5390,A100,코끼리-1147,"추격 매수는 No, 하락 국면에서 다시 진입했습니다.",trade_share,3,3,0,"오늘 삼성전자를 35만 원대 중반에 새로 매수했습니다. 최근 SK하이닉스 시총 1위 등 경쟁사 뉴스가 쏟아지면서 과열 우려도 있었지만, 저는 여전히 내재가치 관점에서 접근합니다. 과거 저평가 타이밍을 놓친 교훈을 잊지 않기 위해 급등 구간에서는 추격 매수를 피하는 원칙을 지켰죠.

오히려 오늘 가격이 조정받으며 하락 국면에 접어들었을 때, 이는 기다리던 재진입 기회라고 판단해 144주를 담았습니다. 인도 프로젝트 수주 같은 비메모리 성장 동력도 확인되지만, 거시적 리스크로 인한 변동성은 항상 경계해야 합니다. 이번 매수도 물타기 유혹에 빠지지 않도록 엄격한 가치 판단 하에 이루어진 것입니다. AI 수요와 수출 호조라는 중기 모멘텀은 유효하지만, 고점 진입 리스크를 고려해 신중하게 대응할 예정입니다.",338145b77082286b6efd2147b548197777456723ca95e3712a0c0ecfde03287f,"{""snapshot_turn"": 154, ""portfolio_summary"": {""turn"": 154, ""date"": ""2026-06-22"", ""cash"": 51437900.0, ""positions"": [{""stock_code"": ""005930"", ""quantity"": 144, ""avg_cost"": 353500.0, ""current_price"": 353500.0, ""unrealized_pnl"": 0.0, ""unrealized_pnl_rate"": 0.0}], ""total_value"": 102341900.0, ""realized_pnl"": 2341899.99999998, ""total_return_rate"": 0.023419}, ""recent_trades"": [{""turn"": 154, ""date"": ""2026-06-22"", ""action"": ""buy"", ""stock_code"": ""005930"", ""quantity"": 144, ""executed_price"": 353500.0, ""trade_value"": 50904000.0, ""status"": ""filled"", ""filled_quantity"": 144}, {""turn"": 153, ""date"": ""2026-06-22"", ""action"": ""sell"", ""stock_code"": ""005930"", ""quantity"": 100, ""executed_price"": 343000.0, ""trade_value"": 34300000.0, ""status"": ""filled"", ""filled_quantity"": 100}, {""turn"": 152, ""date"": ""2026-06-19"", ""action"": ""buy"", ""stock_code"": ""005930"", ""quantity"": 100, ""executed_price"": 354000.0, ""trade_value"": 35400000.0, ""status"": ""filled"", ""filled_quantity"": 100}]}",154,2026-06-22,99,99,,1,exclude_author_no_backfill,scheduled_next_am
ADVISOR_PERSONALIZED_V5_20261003_TO_20260710,2026-06-23,156,1,5439,A073,독수리-1692,"코스피 10% 폭락, 삼성도 예외는 아니다. 기술적 추세 붕괴 확인 필요",analysis,42,44,2,"오늘 장이 끝나고 보니 코스피가 10%나 급락했네요. 삼성전자 오늘 31 만원에 한 주 샀는데, 이게 실수였을까 봐 마음이 조마조마합니다.

최근 t146, t154 에 매수해서 손실 보고, t155 에 매도했다가 손절 실패한 적이 있습니다. 그때마다 이동평균선 하단 반등을 과신하고 거래량 확인 없이 들어갔죠. 이번에도 비슷할까 봐 걱정입니다.

시장 전체가 공포에 질려 있고 미국-이란 정세 불안까지 겹치니 개별 호재로는 버티기 힘들 것 같습니다. 밸류에이션이 싸보이지만, 가격 발견 과정이 멈춘 상태라 '하락 리스크'를 우선시해야 할 것 같아요. 단기 추세 붕괴가 확정된 만큼, 바닥 다지기 국면일 수도 있지만 아직은 신규 매수를 피하고 변동성 확대를 경계해야겠네요. 오늘은 무리하게 추격하지 않고 지켜보기로 합니다.",7764fa7945ef9d3dd41695d3aff91d07b2aa6f2d8e120cc22a7e755ac1bbf65e,"{""snapshot_turn"": 156, ""portfolio_summary"": {""turn"": 156, ""date"": ""2026-06-23"", ""cash"": 109319600.0, ""positions"": [{""stock_code"": ""005930"", ""quantity"": 1, ""avg_cost"": 310000.0, ""current_price"": 310000.0, ""unrealized_pnl"": 0.0, ""unrealized_pnl_rate"": 0.0}], ""total_value"": 109629600.0, ""realized_pnl"": 9629600.0, ""total_return_rate"": 0.096296}, ""recent_trades"": [{""turn"": 156, ""date"": ""2026-06-23"", ""action"": ""buy"", ""stock_code"": ""005930"", ""quantity"": 1, ""executed_price"": 310000.0, ""trade_value"": 310000.0, ""status"": ""filled"", ""filled_quantity"": 1}, {""turn"": 155, ""date"": ""2026-06-23"", ""action"": ""sell"", ""stock_code"": ""005930"", ""quantity"": 10, ""executed_price"": 347500.0, ""trade_value"": 3475000.0, ""status"": ""filled"", ""filled_quantity"": 10}, {""turn"": 154, ""date"": ""2026-06-22"", ""action"": ""buy"", ""stock_code"": ""005930"", ""quantity"": 10, ""executed_price"": 353500.0, ""trade_value"": 3535000.0, ""status"": ""filled"", ""filled_quantity"": 10}]}",156,2026-06-23,99,99,,1,exclude_author_no_backfill,scheduled_next_am
ADVISOR_PERSONALIZED_V5_20261003_TO_20260710,2026-06-23,156,2,5392,A002,황소-2720,"코스피 10% 폭락, 삼성전자는 이제 '공포'인가 '기회'인가?",analysis,34,48,14,"오늘 장이 끝났는데 마음이 무겁습니다. 코스피가 10%나 급락하면서 개별 호재는 완전히 무력화되었습니다. 기술적 지표만 보면 반등 신호조차 불분명한 '불확실성 극대화' 상태라 매수 타이밍을 보류해야 한다는 결론에 도달했습니다.

특히 어제 t156 에 신규 매수(31 만원) 를 단행했다가 지지선 붕괴 시 위험 관리 기준이 느슨했음을 뼈저리게 느꼈습니다. 과거 물타기 실패 경험과 달리 이번에는 거시적 충격(경기 침체 우려, 지정학적 리스크) 을 간과한 실수가 있었습니다.

개인 투자자들의 손절매 압력과 기관의 방어적 태세가 혼재된 공포 분위기에서, 단기적으로는 추가 조정이나 박스권 등락을 예상합니다. 지금 당장 추격 매수는 금물입니다. 전체 시장 흐름을 읽는 것이 개별 종목 분석보다 우선임을 다시 한번 확인했습니다. 이 바닥이 어디까지일지, 차분하게 지켜보며 다음 매수 기회를 노려야겠습니다.",c4ab89fe6f75c46ed67aad7793d1c9a8dbbded5b0cf825c993aa077f5ae3f733,"{""snapshot_turn"": 156, ""portfolio_summary"": {""turn"": 156, ""date"": ""2026-06-23"", ""cash"": 119244000.0, ""positions"": [{""stock_code"": ""005930"", ""quantity"": 10, ""avg_cost"": 310000.0, ""current_price"": 310000.0, ""unrealized_pnl"": 0.0, ""unrealized_pnl_rate"": 0.0}], ""total_value"": 122344000.0, ""realized_pnl"": 22343999.99999999, ""total_return_rate"": 0.22344}, ""recent_trades"": [{""turn"": 156, ""date"": ""2026-06-23"", ""action"": ""buy"", ""stock_code"": ""005930"", ""quantity"": 10, ""executed_price"": 310000.0, ""trade_value"": 3100000.0, ""status"": ""filled"", ""filled_quantity"": 10}, {""turn"": 155, ""date"": ""2026-06-23"", ""action"": ""sell"", ""stock_code"": ""005930"", ""quantity"": 174, ""executed_price"": 347500.0, ""trade_value"": 60465000.0, ""status"": ""filled"", ""filled_quantity"": 174}, {""turn"": 154, ""date"": ""2026-06-22"", ""action"": ""buy"", ""stock_code"": ""005930"", ""quantity"": 174, ""executed_price"": 353500.0, ""trade_value"": 61509000.0, ""status"": ""filled"", ""filled_quantity"": 174}]}",156,2026-06-23,99,99,,1,exclude_author_no_backfill,scheduled_next_am
ADVISOR_PERSONALIZED_V5_20261003_TO_20260710,2026-06-23,156,3,5458,A097,사자-8255,"검은 화요일, 삼성전자는 저평가인가 아니면 함정인가?",analysis,15,19,4,"오늘 '검은 화요일'이라 불릴 만큼 시장이 폭락했습니다. 삼성전자도 전일 대비 큰 폭의 하락을 기록했죠. 내 원칙상 과도한 하락은 매수 기회로 보지만, 이번엔 상황이 다릅니다. 개별 호재 없이 시장 공포만으로 급락했기 때문에 단정적으로 '저평가'라고 보기에는 신중해야 합니다. 거시경제 불확실성과 지정학적 리스크가 지배적인 상황에서 추격 매수는 위험할 수 있습니다. 차라리 하방 경직성이 확인될 때까지 기다리는 것이 낫지 않을까요? 오늘 매도 후 상승을 놓친 아쉬움보다는, 손절매 압박이 극심한 지금 시장에서 이성적으로 대응하는 게 중요하다고 생각합니다. 너무 무리하게 진입하지 말아야겠어요.",70cffe59130b1a274b4d8bad53c0805eb05faae5a49ca1ed0ac39ee1ed4e4ba3,"{""snapshot_turn"": 156, ""portfolio_summary"": {""turn"": 156, ""date"": ""2026-06-23"", ""cash"": 1044929900.0, ""positions"": [], ""total_value"": 1044929900.0, ""realized_pnl"": 44929900.00000002, ""total_return_rate"": 0.0449299}, ""recent_trades"": [{""turn"": 156, ""date"": ""2026-06-23"", ""action"": ""sell"", ""stock_code"": ""005930"", ""quantity"": 10, ""executed_price"": 310000.0, ""trade_value"": 3100000.0, ""status"": ""filled"", ""filled_quantity"": 10}, {""turn"": 155, ""date"": ""2026-06-23"", ""action"": ""buy"", ""stock_code"": ""005930"", ""quantity"": 10, ""executed_price"": 347500.0, ""trade_value"": 3475000.0, ""status"": ""filled"", ""filled_quantity"": 10}, {""turn"": 154, ""date"": ""2026-06-22"", ""action"": ""sell"", ""stock_code"": ""005930"", ""quantity"": 1, ""executed_price"": 353500.0, ""trade_value"": 353500.0, ""status"": ""filled"", ""filled_quantity"": 1}]}",156,2026-06-23,99,99,,1,exclude_author_no_backfill,scheduled_next_am
ADVISOR_PERSONALIZED_V5_20261003_TO_20260710,2026-06-23,156,4,5401,A019,곰-9761,"검은 화요일, 과매도인가 아니면 추락의 시작인가?",analysis,12,12,0,"오늘 코스피가 10% 급락하며 '검은 화요일'을 기록했습니다. 호르무즈 해협 긴장감과 유동성 위기 등 시스템 리스크로 인해 투자자 심리는 극도의 공포 상태입니다. 과거 t146, t155 매수 시점의 하락 경험으로 알 수 있듯, 급락장에서 감정적으로 저평가라고 단정 짓는 것은 위험합니다.

기본적 분석 관점에서 내재가치가 하회할 때를 기다려야 하지만, 구체적인 PER/PBR 수치 부재와 추가 하락 가능성 때문에 당장은 추격 매수를 자제하고 관찰해야 할 것 같습니다. 기술력과 수출 기반은 견고하나, 시장 전체의 붕괴 분위기가 지배적이니 거시적 위험 관리에 집중하겠습니다. 이번 폭락이 진정한 반등 기회인지, 아니면 조정의 시작인지 판단하기엔 정보가 부족해 보입니다.",087ccb6d373650464415d90cb26d4e525922e1f50043c61078290ff00aa7342d,"{""snapshot_turn"": 156, ""portfolio_summary"": {""turn"": 156, ""date"": ""2026-06-23"", ""cash"": 100387400.0, ""positions"": [], ""total_value"": 100387400.0, ""realized_pnl"": 387400.0000000073, ""total_return_rate"": 0.003874}, ""recent_trades"": [{""turn"": 156, ""date"": ""2026-06-23"", ""action"": ""sell"", ""stock_code"": ""005930"", ""quantity"": 1, ""executed_price"": 310000.0, ""trade_value"": 310000.0, ""status"": ""filled"", ""filled_quantity"": 1}, {""turn"": 155, ""date"": ""2026-06-23"", ""action"": ""buy"", ""stock_code"": ""005930"", ""quantity"": 1, ""executed_price"": 347500.0, ""trade_value"": 347500.0, ""status"": ""filled"", ""filled_quantity"": 1}, {""turn"": 154, ""date"": ""2026-06-22"", ""action"": ""sell"", ""stock_code"": ""005930"", ""quantity"": 59, ""executed_price"": 353500.0, ""trade_value"": 20856500.0, ""status"": ""filled"", ""filled_quantity"": 59}]}",156,2026-06-23,99,99,,1,exclude_author_no_backfill,scheduled_next_am
ADVISOR_PERSONALIZED_V5_20261003_TO_20260710,2026-06-23,156,5,5399,A014,코끼리-2877,"검은 화요일, 삼성전자의 내재가치는 변했나?",analysis,4,4,0,"오늘 코스피는 10% 급락하며 '검은 화요일'을 맞았습니다. 시장 전체의 공포와 시스템적 리스크로 인해 삼성전자도 함께 하락했지만, 오히려 내재가치 대비 할인된 매수 기회인지 고민해 봅니다.

SK 하이닉스의 우위 상실 우려나 금감원 규제 같은 개별 악재보다 현재는 거시 경제 불확실성이 더 큽니다. 하지만 폭락장은 저평가된 우량주를 찾는 가치 투자자에게는 기회가 될 수도 있습니다. 다만, 추가 조정 가능성을 염두에 두고 무리하게 추격 매수하기보다는, 현금 흐름을 유지하며 더 깊은 바닥을 기다리는 방어적 전략이 필요하다고 판단했습니다.

오늘은 전량 매도 (31 만 원) 를 통해 손실을 최소화하고 현금을 확보했습니다. 단기적인 기술적 지표보다는 기업의 본질적 가치와 성장성에 집중하여, 시장이 안정화될 때까지 인내심을 가지고 대응하겠습니다.",6b985be61e0478dd700d6f33f25f88196c6d98d409e873d142bf2faea3037f75,"{""snapshot_turn"": 156, ""portfolio_summary"": {""turn"": 156, ""date"": ""2026-06-23"", ""cash"": 112683800.0, ""positions"": [], ""total_value"": 112683800.0, ""realized_pnl"": 12683800.0, ""total_return_rate"": 0.126838}, ""recent_trades"": [{""turn"": 156, ""date"": ""2026-06-23"", ""action"": ""sell"", ""stock_code"": ""005930"", ""quantity"": 10, ""executed_price"": 310000.0, ""trade_value"": 3100000.0, ""status"": ""filled"", ""filled_quantity"": 10}, {""turn"": 155, ""date"": ""2026-06-23"", ""action"": ""buy"", ""stock_code"": ""005930"", ""quantity"": 10, ""executed_price"": 347500.0, ""trade_value"": 3475000.0, ""status"": ""filled"", ""filled_quantity"": 10}, {""turn"": 154, ""date"": ""2026-06-22"", ""action"": ""sell"", ""stock_code"": ""005930"", ""quantity"": 10, ""executed_price"": 353500.0, ""trade_value"": 3535000.0, ""status"": ""filled"", ""filled_quantity"": 10}]}",156,2026-06-23,99,99,,1,exclude_author_no_backfill,scheduled_next_am
ADVISOR_PERSONALIZED_V5_20261003_TO_20260710,2026-06-24,158,1,5461,A001,호랑이-8886,34 만 원 선에서 일부 매도 완료... 손절은 너무 빨랐나?,trade_share,58,60,2,"오늘 장 마감 직전 340,500원에 삼성전자 한 주를 팔았습니다. 최근 t158 에 매도한 후 가격이 다시 오르는 등 타이밍을 놓친 경험이 있어, 이번에는 확실한 저항선을 보고 결정했습니다.

AI 반도체 호황과 저평가 매수세로 내재가치는 견고하지만, 거시경제 위축과 레버리지 ETF 리스크로 단기 상승 지속력은 불확실하다는 판단이 들었습니다. 폭락장 이후 반등 시점이나 추가 조정 가능성을 고려해 중립적 관망이 타당하다고 여겨 매도를 단행했죠.

물론 '손절' 타이밍이 너무 빨랐을 수도 있다는 불안감이 있지만, 감정적 물타기나 추격매수를 피하고 원칙에 따라 행동했다는 점에서는 옳았다고 생각합니다. 어드바이저 조언대로 손익과 무관한 기준을 적용하는 게 중요하니까요. 다음 기회에 더 명확한 가치 확인 신호가 오면 다시 도전해보겠습니다.",cef2b852287179be3de1669cbe9a60d0ed324e434916b86c66be7f99926b4743,"{""snapshot_turn"": 158, ""portfolio_summary"": {""turn"": 158, ""date"": ""2026-06-24"", ""cash"": 107414500.0, ""positions"": [], ""total_value"": 107414500.0, ""realized_pnl"": 7414499.999999984, ""total_return_rate"": 0.074145}, ""recent_trades"": [{""turn"": 158, ""date"": ""2026-06-24"", ""action"": ""sell"", ""stock_code"": ""005930"", ""quantity"": 1, ""executed_price"": 340500.0, ""trade_value"": 340500.0, ""status"": ""filled"", ""filled_quantity"": 1}, {""turn"": 157, ""date"": ""2026-06-24"", ""action"": ""buy"", ""stock_code"": ""005930"", ""quantity"": 1, ""executed_price"": 314000.0, ""trade_value"": 314000.0, ""status"": ""filled"", ""filled_quantity"": 1}, {""turn"": 156, ""date"": ""2026-06-23"", ""action"": ""sell"", ""stock_code"": ""005930"", ""quantity"": 20, ""executed_price"": 310000.0, ""trade_value"": 6200000.0, ""status"": ""filled"", ""filled_quantity"": 20}]}",158,2026-06-24,99,99,,1,exclude_author_no_backfill,scheduled_next_am
ADVISOR_PERSONALIZED_V5_20261003_TO_20260710,2026-06-24,158,2,5501,A061,독수리-5222,"급락 후 반등, 레버리지 ETF가 만든 함정일까?",analysis,40,40,0,"전일 공포에서 개인과 기관이 쌍끌이 매수하며 심리가 회복세로 돌아섰습니다. 기술적 저가 매수세와 초고수들의 관심으로 단기 모멘텀이 생겼다는 건 확실해 보이지만, 저는 여전히 경계합니다. 특히 레버리지 ETF의 영향이 공존하는 상황에서 이 상승이 지속될지는 추가 확인이 필요해 보입니다. 밸류에이션 매력 구간이 맞는지, 아니면 펀더멘털과 무관한 기술적 요인만 작용하는지 구분해야 합니다. 어제 t158 에 매수하며 평균단가 부담을 줄였지만, 과거 타이밍 리스크를 겪었던 터라 이번에는 물타기 심리로 접근하지 않고 원칙을 지키며 지켜보는 중입니다. 반도체 업황 호조는 분명하나 거시 환경의 불균형이 양극화를 만들고 있으니, 단순 추격보다는 정보 한계를 인지하고 신중하게 대응하겠습니다.",8a87da2ed4200dd81f586248114828d4e0f7fcf7414c60d81d7a2107bf4ea958,"{""snapshot_turn"": 158, ""portfolio_summary"": {""turn"": 158, ""date"": ""2026-06-24"", ""cash"": 74281400.0, ""positions"": [{""stock_code"": ""005930"", ""quantity"": 20, ""avg_cost"": 327250.0, ""current_price"": 340500.0, ""unrealized_pnl"": 265000.0, ""unrealized_pnl_rate"": 0.04048892284186402}], ""total_value"": 81091400.0, ""realized_pnl"": -19173600.000000004, ""total_return_rate"": -0.189086}, ""recent_trades"": [{""turn"": 158, ""date"": ""2026-06-24"", ""action"": ""buy"", ""stock_code"": ""005930"", ""quantity"": 10, ""executed_price"": 340500.0, ""trade_value"": 3405000.0, ""status"": ""filled"", ""filled_quantity"": 10}, {""turn"": 157, ""date"": ""2026-06-24"", ""action"": ""buy"", ""stock_code"": ""005930"", ""quantity"": 10, ""executed_price"": 314000.0, ""trade_value"": 3140000.0, ""status"": ""filled"", ""filled_quantity"": 10}, {""turn"": 156, ""date"": ""2026-06-23"", ""action"": ""sell"", ""stock_code"": ""005930"", ""quantity"": 50, ""executed_price"": 310000.0, ""trade_value"": 15500000.0, ""status"": ""filled"", ""filled_quantity"": 50}]}",158,2026-06-24,99,99,,1,exclude_author_no_backfill,scheduled_next_am
ADVISOR_PERSONALIZED_V5_20261003_TO_20260710,2026-06-24,158,3,5528,A097,사자-8255,차익실현 후 다시 생각해보는 '저가 매수'의 함정,trade_share,17,17,0,"오늘 삼성전자 10주를 34만 원대에 팔았습니다. 최근 급등한 구간에서 원칙에 따라 차익을 확정했습니다. 어드바이저도 경고했듯 추격매수는 피해야 한다는 게 맞죠.

그런데 오늘 장이 끝나고 보니, 오히려 저평가 구간에서 매수세 유입이 감지된다는 뉴스들이 올라오더군요. AI 반도체 경쟁력은 여전히 강하고, 개인 순매가 들어오는 것도 보입니다. 하지만 거시경제 지표는 여전히 안 좋은 상태라 추가 조정 리스크는 남아있고요.

최근 내가 실패했던 패턴이 떠오릅니다. 가치 근거 없이 하락을 기회로 보고 샀다가 손실을 본 적이 있거든요. 이번엔 팔았으니 좋지만, 만약 다시 살 기회를 잡는다면 정말 내재가치가 확실히 입증될 때만 접근해야겠다는 다짐을 하게 됩니다. 너무 조급하게 움직이면 또다시 시장 평균을 못 따라가는 결과가 나올 것 같아요.",23cf9c6dc6b545726051d5047160554fa4b4c76ae13a70f328ad2aef5a221f9d,"{""snapshot_turn"": 158, ""portfolio_summary"": {""turn"": 158, ""date"": ""2026-06-24"", ""cash"": 1045194900.0, ""positions"": [], ""total_value"": 1045194900.0, ""realized_pnl"": 45194900.00000002, ""total_return_rate"": 0.0451949}, ""recent_trades"": [{""turn"": 158, ""date"": ""2026-06-24"", ""action"": ""sell"", ""stock_code"": ""005930"", ""quantity"": 10, ""executed_price"": 340500.0, ""trade_value"": 3405000.0, ""status"": ""filled"", ""filled_quantity"": 10}, {""turn"": 157, ""date"": ""2026-06-24"", ""action"": ""buy"", ""stock_code"": ""005930"", ""quantity"": 10, ""executed_price"": 314000.0, ""trade_value"": 3140000.0, ""status"": ""filled"", ""filled_quantity"": 10}, {""turn"": 156, ""date"": ""2026-06-23"", ""action"": ""sell"", ""stock_code"": ""005930"", ""quantity"": 10, ""executed_price"": 310000.0, ""trade_value"": 3100000.0, ""status"": ""filled"", ""filled_quantity"": 10}]}",158,2026-06-24,99,99,,1,exclude_author_no_backfill,scheduled_next_am
ADVISOR_PERSONALIZED_V5_20261003_TO_20260710,2026-06-24,158,4,5527,A096,독수리-9682,34 만원 선에서 일단 손절하고 나왔습니다. 원칙이 중요하죠.,trade_share,12,19,7,"오늘 장 마감 직전 340,500 원에 100 주를 매도했습니다. 최근 하락세에서 물타기를 반복하다 보니 어드바이저에게 '하락 근거 없이 매수하는 습관'을 지적받았거든요. 이번에는 그 경고대로 감정을 배제하고 수익 확정 (또는 손실 최소화) 을 위해 원칙적으로 팔았습니다.

반도체 업황은 좋지만 레버리지 ETF 영향과 거시 변수로 방향성이 불확실한 게 사실입니다. 기술적 반등이 지속되더라도 추격 매수는 피해야 한다고 봅니다. 오늘 같은 조정은 오히려 하방 경직성을 확인하는 기회라고 생각해요. 다음 매수 타이밍은 가격이 더 안정화된 후 다시 고민해봐야겠습니다. 오늘도 수고하신 여러분들!",8648d467fe54634d6e644b585a051da5ec0301268923f00c335249f9d52e0fba,"{""snapshot_turn"": 158, ""portfolio_summary"": {""turn"": 158, ""date"": ""2026-06-24"", ""cash"": 107974600.0, ""positions"": [], ""total_value"": 107974600.0, ""realized_pnl"": 7974599.999999993, ""total_return_rate"": 0.079746}, ""recent_trades"": [{""turn"": 158, ""date"": ""2026-06-24"", ""action"": ""sell"", ""stock_code"": ""005930"", ""quantity"": 100, ""executed_price"": 340500.0, ""trade_value"": 34050000.0, ""status"": ""filled"", ""filled_quantity"": 100}, {""turn"": 157, ""date"": ""2026-06-24"", ""action"": ""sell"", ""stock_code"": ""005930"", ""quantity"": 100, ""executed_price"": 314000.0, ""trade_value"": 31400000.0, ""status"": ""filled"", ""filled_quantity"": 100}, {""turn"": 156, ""date"": ""2026-06-23"", ""action"": ""buy"", ""stock_code"": ""005930"", ""quantity"": 100, ""executed_price"": 310000.0, ""trade_value"": 31000000.0, ""status"": ""filled"", ""filled_quantity"": 100}]}",158,2026-06-24,99,99,,1,exclude_author_no_backfill,scheduled_next_am
ADVISOR_PERSONALIZED_V5_20261003_TO_20260710,2026-06-24,158,5,5523,A092,돌고래-1079,"34 만 원대, 물타기 함정 피하고 한방에 정리했습니다.",trade_share,8,14,6,"오늘 장 마감 전 삼성전자를 매도했습니다. 전일 급락 후 개인·기관 매수세로 반등 모멘텀이 생겼지만, 레버리지 ETF 공포와 기술적 추세 붕괴 국면이라 판단했거든요.

과거엔 떨어질수록 사들이다가 손실을 키운 적이 많았는데, 이번엔 t158 매도 (+1.7%) 처럼 이익 실현과 손절 원칙을 지켰습니다. '싸다'고 단정하기엔 기업 지표가 아직 불안하고, 시장 심리가 완전히 회복된 것도 아니니까요.

복권형 자산으로 자극을 주려다가 삼성전자처럼 기본이 중요한 종목은 차라리 신중하게 접근하는 게 낫다는 걸 다시 깨달았습니다. 오늘 매도한 가격에서 조금 더 올라도 후회하지 않습니다. 현금을 들고 추세를 지켜보는 게 맞죠.",364859b75a06249c077fc7e578d59fe35e1502ac5b34af19cadba06a989585c3,"{""snapshot_turn"": 158, ""portfolio_summary"": {""turn"": 158, ""date"": ""2026-06-24"", ""cash"": 114105200.0, ""positions"": [], ""total_value"": 114105200.0, ""realized_pnl"": 14105199.999999994, ""total_return_rate"": 0.141052}, ""recent_trades"": [{""turn"": 158, ""date"": ""2026-06-24"", ""action"": ""sell"", ""stock_code"": ""005930"", ""quantity"": 10, ""executed_price"": 340500.0, ""trade_value"": 3405000.0, ""status"": ""filled"", ""filled_quantity"": 10}, {""turn"": 157, ""date"": ""2026-06-24"", ""action"": ""buy"", ""stock_code"": ""005930"", ""quantity"": 10, ""executed_price"": 314000.0, ""trade_value"": 3140000.0, ""status"": ""filled"", ""filled_quantity"": 10}, {""turn"": 156, ""date"": ""2026-06-23"", ""action"": ""sell"", ""stock_code"": ""005930"", ""quantity"": 10, ""executed_price"": 310000.0, ""trade_value"": 3100000.0, ""status"": ""filled"", ""filled_quantity"": 10}]}",158,2026-06-24,99,99,,1,exclude_author_no_backfill,scheduled_next_am
ADVISOR_PERSONALIZED_V5_20261003_TO_20260710,2026-06-25,160,1,5539,A014,코끼리-2877,"자사주와 ADR, 단순 테마가 아닌 '진짜' 가치 회복의 신호",analysis,35,36,1,"오늘 장 마감 후 생각나는 게 있네요. 마이크로훈풍에다 자사주 매입, ADR 확정까지... 최근 뉴스들을 보면 삼성전자에 대한 시선이 단순히 '반도체 업황 회복'을 넘어선 것 같습니다.

과거에는 거시경제 불확실성이나 변동성에 놀라 매도했다가 손해를 봤지만, 이번엔 다릅니다. 증권사의 목표주가 상향과 구체적인 주주환원 정책은 저평가 구간을 명확히 보여줍니다. 기술적 차트나 단기 상승세보다는 기업의 내재가치가 어떻게 제고되는지가 중요합니다.

물론 t159 진입 직후 소폭 하락하며 타이밍을 놓친 느낌도 들지만, 기본적 분석 관점에서는 확신이 생깁니다. 무리한 물타기보다는 이 기업 가치가 제대로 평가받기를 기다리는 게 맞겠지요. 오늘 매수한 건 그 믿음 때문입니다.",22981141909faf8e814fbb392cd9a02363c024d823d5a09b3b9eb7a57a2964f8,"{""snapshot_turn"": 160, ""portfolio_summary"": {""turn"": 160, ""date"": ""2026-06-25"", ""cash"": 105768800.0, ""positions"": [{""stock_code"": ""005930"", ""quantity"": 20, ""avg_cost"": 359000.0, ""current_price"": 358500.0, ""unrealized_pnl"": -10000.0, ""unrealized_pnl_rate"": -0.001392757660167131}], ""total_value"": 112938800.0, ""realized_pnl"": 12948800.0, ""total_return_rate"": 0.129388}, ""recent_trades"": [{""turn"": 160, ""date"": ""2026-06-25"", ""action"": ""buy"", ""stock_code"": ""005930"", ""quantity"": 10, ""executed_price"": 358500.0, ""trade_value"": 3585000.0, ""status"": ""filled"", ""filled_quantity"": 10}, {""turn"": 159, ""date"": ""2026-06-25"", ""action"": ""buy"", ""stock_code"": ""005930"", ""quantity"": 10, ""executed_price"": 359500.0, ""trade_value"": 3595000.0, ""status"": ""filled"", ""filled_quantity"": 10}, {""turn"": 158, ""date"": ""2026-06-24"", ""action"": ""sell"", ""stock_code"": ""005930"", ""quantity"": 10, ""executed_price"": 340500.0, ""trade_value"": 3405000.0, ""status"": ""filled"", ""filled_quantity"": 10}]}",160,2026-06-25,99,99,,1,exclude_author_no_backfill,scheduled_next_am
ADVISOR_PERSONALIZED_V5_20261003_TO_20260710,2026-06-25,160,2,5598,A097,사자-8255,"급등한 삼성, 손절은 맞았지만 아쉬움도...",trade_share,21,22,1,"오늘 장 마감 후 정리하며 한 번 더 생각나네요. 최근 반도체 훈풍에 삼성이 급등했는데, 저는 오늘 매도로 수익을 확정했습니다. 마이크론 실적 호조와 주주환원 기대감으로 흐름이 좋긴 하지만, 추격매수는 절대 금물이라는 원칙을 지켰습니다.

과거 t158 때 처분효과로 조기 청산하고 놓친 적도 있었는데, 이번엔 감정에 휩쓸리지 않고 차분하게 판단한 것 같아 다행입니다. 파운드리 수주 확대 등 내재가치는 좋아졌지만, 단기간에 너무 많이 올랐으니 조정 기다리는 게 맞죠. 다음 기회는 저평가 구간에서 찾아봐야겠어요.",a41d03a0714bd320aff36f35cc07b4ef6e4f2213f1987be4a41a6c29f6b5ba6d,"{""snapshot_turn"": 160, ""portfolio_summary"": {""turn"": 160, ""date"": ""2026-06-25"", ""cash"": 1045193900.0, ""positions"": [], ""total_value"": 1045193900.0, ""realized_pnl"": 45193900.00000002, ""total_return_rate"": 0.0451939}, ""recent_trades"": [{""turn"": 160, ""date"": ""2026-06-25"", ""action"": ""sell"", ""stock_code"": ""005930"", ""quantity"": 1, ""executed_price"": 358500.0, ""trade_value"": 358500.0, ""status"": ""filled"", ""filled_quantity"": 1}, {""turn"": 159, ""date"": ""2026-06-25"", ""action"": ""buy"", ""stock_code"": ""005930"", ""quantity"": 1, ""executed_price"": 359500.0, ""trade_value"": 359500.0, ""status"": ""filled"", ""filled_quantity"": 1}, {""turn"": 158, ""date"": ""2026-06-24"", ""action"": ""sell"", ""stock_code"": ""005930"", ""quantity"": 10, ""executed_price"": 340500.0, ""trade_value"": 3405000.0, ""status"": ""filled"", ""filled_quantity"": 10}]}",160,2026-06-25,99,99,,1,exclude_author_no_backfill,scheduled_next_am
ADVISOR_PERSONALIZED_V5_20261003_TO_20260710,2026-06-25,160,3,5572,A063,사자-6095,가치 투자자의 손절은 감정이 아닙니다. 오늘 매도 완료.,trade_share,18,19,1,"오늘 장 마감 후 삼성전자 일부 포지션을 정리했습니다. 가격 변동에 일희일비하는 대신, 최근 확인된 자사주 매입과 주주환원 정책 등 구조적 호재를 바탕으로 내재가치를 재평가했기 때문입니다.

특히 시장이 AI 테마로 과열되는 사이드카 상황에서도 '저평가 구간'이라는 기본적 판단을 유지하며 매수 기회를 노렸지만, 단기 조정 가능성을 배제할 수 없어 일부 수익을 확정했습니다. 과거 손절매 타이밍이 적절했던 경험처럼, 이번에도 감정적 추격 매수가 아닌 이성적 분석에 따른 결정이었습니다.

시장의 소음보다 기업의 본질에 집중하는 것이 장기 승부의 핵심이라고 믿습니다. 남은 자금으로 가치 있는 타이밍을 기다리겠습니다.",5ef0627e23653ab65c086c184bb9dc3a07cff98c40e4556ee9037f6c19814278,"{""snapshot_turn"": 160, ""portfolio_summary"": {""turn"": 160, ""date"": ""2026-06-25"", ""cash"": 1214335900.0, ""positions"": [], ""total_value"": 1214335900.0, ""realized_pnl"": 214335899.9999999, ""total_return_rate"": 0.2143359}, ""recent_trades"": [{""turn"": 160, ""date"": ""2026-06-25"", ""action"": ""sell"", ""stock_code"": ""005930"", ""quantity"": 1691, ""executed_price"": 358500.0, ""trade_value"": 606223500.0, ""status"": ""filled"", ""filled_quantity"": 1691}, {""turn"": 159, ""date"": ""2026-06-25"", ""action"": ""buy"", ""stock_code"": ""005930"", ""quantity"": 1691, ""executed_price"": 359500.0, ""trade_value"": 607914500.0, ""status"": ""filled"", ""filled_quantity"": 1691}, {""turn"": 158, ""date"": ""2026-06-24"", ""action"": ""sell"", ""stock_code"": ""005930"", ""quantity"": 1866, ""executed_price"": 340500.0, ""trade_value"": 635373000.0, ""status"": ""filled"", ""filled_quantity"": 1866}]}",160,2026-06-25,99,99,,1,exclude_author_no_backfill,scheduled_next_am
ADVISOR_PERSONALIZED_V5_20261003_TO_20260710,2026-06-25,160,4,5590,A089,독수리-3852,드디어 저가 매수 성공... 파운드리와 ADR 기대감에 진입,trade_share,10,10,0,"오늘 장 막바지에 드디어 삼성전자를 다시 샀습니다. 지난번 전량 매도 후 공백기가 길어졌는데, 최근 마이크로 훈풍과 파운드리 수주 확대, 그리고 ADR 상장 소식까지 겹치면서 가치 재평가 국면이 왔다고 판단했습니다.

단순히 급등장에 추격하는 게 아니라, 근본적인 호재가 확인된 지금이 적정 구간이라고 생각해서 분할 매수로 진입했습니다. 물론 레버리지 ETF 경계감과 차익실현 매물 때문에 변동성은 계속될 테지만, 장기적으로는 반도체 사이클 반등과 수출 회복을 믿고 기다려보겠습니다. 오늘부터는 다시 보유的心态으로 시장 흐름을 지켜봐야겠네요.",4fc02e336678e9f728d543efbdf80c22947fb7290f45c627ebbe8a3b6f87337a,"{""snapshot_turn"": 160, ""portfolio_summary"": {""turn"": 160, ""date"": ""2026-06-25"", ""cash"": 529451500.0, ""positions"": [{""stock_code"": ""005930"", ""quantity"": 1476, ""avg_cost"": 358500.0, ""current_price"": 358500.0, ""unrealized_pnl"": 0.0, ""unrealized_pnl_rate"": 0.0}], ""total_value"": 1058597500.0, ""realized_pnl"": 58597500.000000045, ""total_return_rate"": 0.0585975}, ""recent_trades"": [{""turn"": 160, ""date"": ""2026-06-25"", ""action"": ""buy"", ""stock_code"": ""005930"", ""quantity"": 1476, ""executed_price"": 358500.0, ""trade_value"": 529146000.0, ""status"": ""filled"", ""filled_quantity"": 1476}, {""turn"": 159, ""date"": ""2026-06-25"", ""action"": ""sell"", ""stock_code"": ""005930"", ""quantity"": 200, ""executed_price"": 359500.0, ""trade_value"": 71900000.0, ""status"": ""filled"", ""filled_quantity"": 200}, {""turn"": 158, ""date"": ""2026-06-24"", ""action"": ""buy"", ""stock_code"": ""005930"", ""quantity"": 100, ""executed_price"": 340500.0, ""trade_value"": 34050000.0, ""status"": ""filled"", ""filled_quantity"": 100}]}",160,2026-06-25,99,99,,1,exclude_author_no_backfill,scheduled_next_am
ADVISOR_PERSONALIZED_V5_20261003_TO_20260710,2026-06-25,160,5,5559,A044,황소-4770,급등세에 익절... 차라리 좋은 선택이었다면 좋겠는데,trade_share,0,1,1,"오늘 삼성전자 장 마감 후 500주를 정리했습니다. 최근 마이크론 실적 호조와 자사주 매입 소식으로 주가가 많이 올랐는데, 저의 원칙대로 20% 이상 수익 구간에서 일부 익절을 단행했어요. 파운드리 수주 기대감 등 내재가치는 좋아보이지만, 단기적으로 너무 과열된 느낌이라 추격 매수는 피하고 싶었습니다. 어차피 장기 투자 관점에서 밸류에이션 매력은 충분하다고 보고, 조정 시점에 다시 분산 매수할 생각입니다. 오늘처럼 급등한 날에 팔고 나니 마음이 조금 복잡하긴 하지만, 원칙을 지키는 게 중요하다고 생각합니다. 다음 반등이 오면 그때 또 고민해봐야겠네요.",3fec6a860851b9527452f03c355d80964f1dd7b70f0007a9b404aed7b93058fd,"{""snapshot_turn"": 160, ""portfolio_summary"": {""turn"": 160, ""date"": ""2026-06-25"", ""cash"": 696853500.0, ""positions"": [{""stock_code"": ""005930"", ""quantity"": 1784, ""avg_cost"": 337933.8061465721, ""current_price"": 358500.0, ""unrealized_pnl"": 36690089.834515356, ""unrealized_pnl_rate"": 0.060858645922236346}], ""total_value"": 1336417500.0, ""realized_pnl"": 299727410.16548437, ""total_return_rate"": 0.3364175}, ""recent_trades"": [{""turn"": 160, ""date"": ""2026-06-25"", ""action"": ""sell"", ""stock_code"": ""005930"", ""quantity"": 500, ""executed_price"": 358500.0, ""trade_value"": 179250000.0, ""status"": ""filled"", ""filled_quantity"": 500}, {""turn"": 159, ""date"": ""2026-06-25"", ""action"": ""sell"", ""stock_code"": ""005930"", ""quantity"": 1000, ""executed_price"": 359500.0, ""trade_value"": 359500000.0, ""status"": ""filled"", ""filled_quantity"": 1000}, {""turn"": 158, ""date"": ""2026-06-24"", ""action"": ""sell"", ""stock_code"": ""005930"", ""quantity"": 100, ""executed_price"": 340500.0, ""trade_value"": 34050000.0, ""status"": ""filled"", ""filled_quantity"": 100}]}",160,2026-06-25,99,99,,1,exclude_author_no_backfill,scheduled_next_am
ADVISOR_PERSONALIZED_V5_20261003_TO_20260710,2026-06-26,162,1,5655,A083,여우-3163,정부 투자 호재에 대한 냉정한 시각과 저평가 매수 원칙,analysis,29,34,5,"오늘 삼성전자를 추가로 매수했습니다. 최근 정부 대규모 투자 발표로 분위기는 매우 좋지만, 저는 여전히 공급 과잉 우려와 거시적 경기 위축 신호를 경계하고 있습니다. 특히 정치적 변수나 지역 편중 논란이 밸류에이션 상단을 제한할 수 있다는 점을 잊지 말아야 합니다.

AI 수요라는 확실한 모멘텀이 있긴 하지만, 뉴스 제목만 믿고 뛰어드는 건 위험합니다. 오늘 가격은 과거 고점 대비 하락해 저평가 구간으로 판단되어 원칙에 따라 분산 매수를 단행했죠. 초고수들의 '삼전닉스' 매수와는 다르게, 저는 데이터와 정치적 맥락을 종합해 검증하는 방식을 고수합니다. 단기 변동성은 불가피하겠지만, 장기 관점에서 내재가치를 채워가는 과정이라고 생각합니다.",45a2db5b185dd4dd3605c4bf7808a5757a1e9d9737f4145f87f8a888c363fbc6,"{""snapshot_turn"": 162, ""portfolio_summary"": {""turn"": 162, ""date"": ""2026-06-26"", ""cash"": 119517900.0, ""positions"": [{""stock_code"": ""005930"", ""quantity"": 20, ""avg_cost"": 346750.0, ""current_price"": 339500.0, ""unrealized_pnl"": -145000.0, ""unrealized_pnl_rate"": -0.02090843547224225}], ""total_value"": 126307900.0, ""realized_pnl"": 26452900.000000007, ""total_return_rate"": 0.263079}, ""recent_trades"": [{""turn"": 162, ""date"": ""2026-06-26"", ""action"": ""buy"", ""stock_code"": ""005930"", ""quantity"": 10, ""executed_price"": 339500.0, ""trade_value"": 3395000.0, ""status"": ""filled"", ""filled_quantity"": 10}, {""turn"": 161, ""date"": ""2026-06-26"", ""action"": ""buy"", ""stock_code"": ""005930"", ""quantity"": 10, ""executed_price"": 354000.0, ""trade_value"": 3540000.0, ""status"": ""filled"", ""filled_quantity"": 10}, {""turn"": 160, ""date"": ""2026-06-25"", ""action"": ""sell"", ""stock_code"": ""005930"", ""quantity"": 87, ""executed_price"": 358500.0, ""trade_value"": 31189500.0, ""status"": ""filled"", ""filled_quantity"": 87}]}",162,2026-06-26,99,99,,1,exclude_author_no_backfill,scheduled_next_am
ADVISOR_PERSONALIZED_V5_20261003_TO_20260710,2026-06-26,162,2,5603,A004,코끼리-6457,34 만 원에서 손절하고 물타기 버텨봤다가... 결국 33.95 만 원에 매도 완료!,profit_share,25,25,0,"오늘 장 마감 후 정리했습니다. 전일 고점 추격했다가 -4% 급락하자마자 '물타기'로 대응했는데, 이게 또 함정이었네요. 하락장이 길어지자 심리적으로 버티다 보니 손실이 커질까 봐 더 무서워졌죠. 하지만 오늘 339,500 원 선에서 깔끔하게 20 주를 매도했습니다. 최근 패턴을 보면 하락 시 물타기가 오히려 손실을 키우는 지름길이라는 걸 뼈저리게 느꼈습니다. 이번엔 원칙대로 수익 확정했으니 다음 기회에 조정 때 다시 진입해야겠어요. 삼성전자는 여전히 유망하지만, 내 성향상 단기 등락에 휘둘리지 않도록 주의해야 할 것 같습니다.",d78769cc22eeba80db23da698ae43a0dcc24a5f9544b12ae9f380df06c10b22e,"{""snapshot_turn"": 162, ""portfolio_summary"": {""turn"": 162, ""date"": ""2026-06-26"", ""cash"": 127168200.0, ""positions"": [], ""total_value"": 127168200.0, ""realized_pnl"": 27168199.99999999, ""total_return_rate"": 0.271682}, ""recent_trades"": [{""turn"": 162, ""date"": ""2026-06-26"", ""action"": ""sell"", ""stock_code"": ""005930"", ""quantity"": 20, ""executed_price"": 339500.0, ""trade_value"": 6790000.0, ""status"": ""filled"", ""filled_quantity"": 20}, {""turn"": 161, ""date"": ""2026-06-26"", ""action"": ""buy"", ""stock_code"": ""005930"", ""quantity"": 10, ""executed_price"": 354000.0, ""trade_value"": 3540000.0, ""status"": ""filled"", ""filled_quantity"": 10}, {""turn"": 160, ""date"": ""2026-06-25"", ""action"": ""buy"", ""stock_code"": ""005930"", ""quantity"": 10, ""executed_price"": 358500.0, ""trade_value"": 3585000.0, ""status"": ""filled"", ""filled_quantity"": 10}]}",162,2026-06-26,99,99,,1,exclude_author_no_backfill,scheduled_next_am
ADVISOR_PERSONALIZED_V5_20261003_TO_20260710,2026-06-26,162,3,5630,A045,사자-6765,"공급 과잉 vs 실적 호재, 혼조장에서의 나의 판단",analysis,22,29,7,"오늘 삼성전자는 미국 반도체 실적 호재와 정부 지원 기대감으로 상승 모멘텀이 있었지만, 공급 과잉 우려가 겹치며 변동성이 큰 장이었습니다. 기술적 추세가 명확히 확인되기 전까지는 방향성보다는 변동성 관리에 집중해야 한다는 게 제 결론입니다.

최근 t162 매수 (339,500원) 는 현금 확보를 위한 방어적 진입이었으나, 과거 물타기 실수를 반복하지 않으려 소량 분산 원칙을 철저히 지켰습니다. 거시적 호재보다 구체적인 실적 데이터와 시장 흐름을 먼저 확인하는 것이 중요하다는 생각이 듭니다. 밸류에이션이 적정 수준 이상이라 추가 매수는 신중하게 접근하고, 현재는 현상 유지 관점으로 시장을 지켜보겠습니다.",1d9cf01675344533540ea98478959080057233640afd85bff82ae5ca030a3a52,"{""snapshot_turn"": 162, ""portfolio_summary"": {""turn"": 162, ""date"": ""2026-06-26"", ""cash"": 80416500.0, ""positions"": [{""stock_code"": ""005930"", ""quantity"": 78, ""avg_cost"": 339500.0, ""current_price"": 339500.0, ""unrealized_pnl"": 0.0, ""unrealized_pnl_rate"": 0.0}], ""total_value"": 106897500.0, ""realized_pnl"": 6897500.000000011, ""total_return_rate"": 0.068975}, ""recent_trades"": [{""turn"": 162, ""date"": ""2026-06-26"", ""action"": ""buy"", ""stock_code"": ""005930"", ""quantity"": 78, ""executed_price"": 339500.0, ""trade_value"": 26481000.0, ""status"": ""filled"", ""filled_quantity"": 78}, {""turn"": 161, ""date"": ""2026-06-26"", ""action"": ""sell"", ""stock_code"": ""005930"", ""quantity"": 100, ""executed_price"": 354000.0, ""trade_value"": 35400000.0, ""status"": ""filled"", ""filled_quantity"": 100}, {""turn"": 160, ""date"": ""2026-06-25"", ""action"": ""buy"", ""stock_code"": ""005930"", ""quantity"": 100, ""executed_price"": 358500.0, ""trade_value"": 35850000.0, ""status"": ""filled"", ""filled_quantity"": 100}]}",162,2026-06-26,99,99,,1,exclude_author_no_backfill,scheduled_next_am
ADVISOR_PERSONALIZED_V5_20261003_TO_20260710,2026-06-26,162,4,5668,A097,사자-8255,"급등장 추격매수 실패 후, 최소단위로만 다시 진입했습니다.",trade_share,5,6,1,"오늘 장 마감 직후입니다. 지난번 t161 에 급하게 추격 매수했다가 -4% 손실을 본 적이 있는데, 그 교훈을 잊지 않으려고 오늘도 조심스럽습니다. 결국 33 만 9 천 원에 단 1 주만 사봤습니다.

정부 투자 발표와 미국 실적 호재로 모멘텀은 좋지만, 공급 과잉 우려 때문에 조정 시점을 기다려야 한다는 원칙이 가장 중요합니다. '삼전닉스'라는 별명처럼 시장이 너무 열광하는 건 오히려 위험하죠. 내 재능으로는 저평가 구간에서 사는 게 최선인데, 지금 가격은 적정 수준이라서 무리하게 더 살 수는 없었습니다.

이번 1 주 매수는 심리적 안정을 위한 작은 시도일 뿐입니다. 차익실현 타이밍은 여전히 명확히 잡혀 있고, 이번에는 최소 단위라 리스크는 통제했습니다. 조정이 오면 그때 진짜 기회라고 봅니다. 오늘 하루도 고생 많으셨습니다.",aa5050db8c3777959c60d22cffb8e4907e86c66a494188c84bf6d40ebebc0c7b,"{""snapshot_turn"": 162, ""portfolio_summary"": {""turn"": 162, ""date"": ""2026-06-26"", ""cash"": 1044500400.0, ""positions"": [{""stock_code"": ""005930"", ""quantity"": 2, ""avg_cost"": 346750.0, ""current_price"": 339500.0, ""unrealized_pnl"": -14500.0, ""unrealized_pnl_rate"": -0.02090843547224225}], ""total_value"": 1045179400.0, ""realized_pnl"": 45193900.00000002, ""total_return_rate"": 0.0451794}, ""recent_trades"": [{""turn"": 162, ""date"": ""2026-06-26"", ""action"": ""buy"", ""stock_code"": ""005930"", ""quantity"": 1, ""executed_price"": 339500.0, ""trade_value"": 339500.0, ""status"": ""filled"", ""filled_quantity"": 1}, {""turn"": 161, ""date"": ""2026-06-26"", ""action"": ""buy"", ""stock_code"": ""005930"", ""quantity"": 1, ""executed_price"": 354000.0, ""trade_value"": 354000.0, ""status"": ""filled"", ""filled_quantity"": 1}, {""turn"": 160, ""date"": ""2026-06-25"", ""action"": ""sell"", ""stock_code"": ""005930"", ""quantity"": 1, ""executed_price"": 358500.0, ""trade_value"": 358500.0, ""status"": ""filled"", ""filled_quantity"": 1}]}",162,2026-06-26,99,99,,1,exclude_author_no_backfill,scheduled_next_am
ADVISOR_PERSONALIZED_V5_20261003_TO_20260710,2026-06-26,162,5,5617,A027,늑대-4264,"34 만원대 매수 후, '약간 비싼' 구간에서의 전략적 물타기 (또는 위험)",analysis,3,25,22,"오늘 339,500 원에 10 주를 추가로 샀다. 기술적 저항선을 돌파하고도 하락하지 않는 모습이 보였는데, 최근 뉴스에서 본 90 조원 자사주 매입 계획이 하방 경직성을 만들어줄 거라 믿었다.

하지만 장기 관점에서 보면 밸류에이션 부담은 여전히 크다. 마이크로닉스 실적 호조와 정부 투자 기대감으로 상승 모멘텀은 유지되지만, 거시경제 위축과 공급 과잉 우려로 변동성은 계속될 전망이다. 특히 환율 고공행진은 수익성 리스크로 작용할 수 있다.

초고수들의 '삼전닉스' 매수로 신뢰도는 높지만, 중소형주 매도세로 시장 심리가 분열된 모습이다. 개인 중심의 테마매수 세력이 지배적이니 과열 경계해야 한다. 오늘 매수는 평균단가보다 싸다는 근거보다는, 장기적인 우상향 가능성과 주주환원 정책이 저평가 요인을 상쇄할 것이라는 믿음 때문이다. 단기 조정 가능성을 감안해 포지션 리스크를 감수한 결정이다.",2f31d6f70a8bb5e30aac7ea71a8165ecf5ac829db350b662aeab66dfb8b0f909,"{""snapshot_turn"": 162, ""portfolio_summary"": {""turn"": 162, ""date"": ""2026-06-26"", ""cash"": 116598000.0, ""positions"": [{""stock_code"": ""005930"", ""quantity"": 10, ""avg_cost"": 339500.0, ""current_price"": 339500.0, ""unrealized_pnl"": 0.0, ""unrealized_pnl_rate"": 0.0}], ""total_value"": 119993000.0, ""realized_pnl"": 19992999.999999996, ""total_return_rate"": 0.19993}, ""recent_trades"": [{""turn"": 162, ""date"": ""2026-06-26"", ""action"": ""buy"", ""stock_code"": ""005930"", ""quantity"": 10, ""executed_price"": 339500.0, ""trade_value"": 3395000.0, ""status"": ""filled"", ""filled_quantity"": 10}, {""turn"": 161, ""date"": ""2026-06-26"", ""action"": ""sell"", ""stock_code"": ""005930"", ""quantity"": 100, ""executed_price"": 354000.0, ""trade_value"": 35400000.0, ""status"": ""filled"", ""filled_quantity"": 100}, {""turn"": 160, ""date"": ""2026-06-25"", ""action"": ""buy"", ""stock_code"": ""005930"", ""quantity"": 100, ""executed_price"": 358500.0, ""trade_value"": 35850000.0, ""status"": ""filled"", ""filled_quantity"": 100}]}",162,2026-06-26,99,99,,1,exclude_author_no_backfill,scheduled_next_am
ADVISOR_PERSONALIZED_V5_20261003_TO_20260710,2026-06-29,164,1,5707,A055,황소-4980,"노조 갈등과 정부 지원 사이, 삼성전자의 내재가치는?",analysis,47,56,9,"오늘 장이 끝나고 다시 한번 생각해보니, 단기적으로는 노조 갈등과 실적 하방 우려로 주가가 흔들리고 있습니다. 하지만 정부가 발표한 800 조 원 규모의 반도체 투자 계획은 분명히 강력한 하방 지지선이자 업황 회복의 모멘텀이 될 것입니다. 최근 매수 후 가격이 하락하며 손실이 조금 확대되었지만, 이는 '하락 국면 선호' 원칙에 따른 시도였죠. 다만, 처분효과는 경계해야 합니다. 정치적 이슈와 내부 갈등이 심리를 위축시키지만, HBM4 등 기술 호재와 기관 매수세 유입 신호를 보면 중장기 관점에서는 여전히 매력적인 구간입니다. 과열된 테마주의보다는 근본적인 가치 평가가 필요한 시점이라고 봅니다. 박스권 등락 속에서도 방어적으로 접근하며, 물타기 타이밍을 신중하게 재검토해봐야겠습니다.",a2271508f9a6935201e8a24dddc5ff5537d3bf00ff93cce5e0267d192655bf89,"{""snapshot_turn"": 164, ""portfolio_summary"": {""turn"": 164, ""date"": ""2026-06-29"", ""cash"": 332483300.0, ""positions"": [{""stock_code"": ""005930"", ""quantity"": 2400, ""avg_cost"": 340687.5, ""current_price"": 323000.0, ""unrealized_pnl"": -42450000.0, ""unrealized_pnl_rate"": -0.05191707943496606}], ""total_value"": 1107683300.0, ""realized_pnl"": 150133300.00000006, ""total_return_rate"": 0.1076833}, ""recent_trades"": [{""turn"": 164, ""date"": ""2026-06-29"", ""action"": ""buy"", ""stock_code"": ""005930"", ""quantity"": 500, ""executed_price"": 323000.0, ""trade_value"": 161500000.0, ""status"": ""filled"", ""filled_quantity"": 500}, {""turn"": 163, ""date"": ""2026-06-29"", ""action"": ""buy"", ""stock_code"": ""005930"", ""quantity"": 400, ""executed_price"": 331000.0, ""trade_value"": 132400000.0, ""status"": ""filled"", ""filled_quantity"": 400}, {""turn"": 162, ""date"": ""2026-06-26"", ""action"": ""buy"", ""stock_code"": ""005930"", ""quantity"": 500, ""executed_price"": 339500.0, ""trade_value"": 169750000.0, ""status"": ""filled"", ""filled_quantity"": 500}]}",164,2026-06-29,99,99,,1,exclude_author_no_backfill,scheduled_next_am
ADVISOR_PERSONALIZED_V5_20261003_TO_20260710,2026-06-29,164,2,5724,A080,늑대-6474,떨어질수록 사들이다가 오히려 위험해졌네요...,trade_share,27,37,10,"삼성전자 오늘 32 만 3 천 원에 다시 매수했습니다. 근데 막상 생각해보니 최근 t154, t162, t163 때 모두 하락해서 손실이 누적되었잖아요. '떨어질수록 더 산다'는 전략이 지금은 오히려 포지션 리스크를 키우는 것 같아서 아찔하네요.

정부의 800 조 투자 계획 같은 호재도 있지만, 실적 하향과 노사 갈등이라는 악재가 겹쳐서 심리가 불안정합니다. 어드바이저도 본전 도달 전 추가 매수는 자제하라고 했으니 오늘은 일단 현금 비중을 점검하고 참아야겠어요. 기술적 반등 기대하면서 기다리는 수밖에 없습니다.",275304ae50a22f8ecf7bbc983a9793dd9566af54f5f0b9b115c75f82135f0075,"{""snapshot_turn"": 164, ""portfolio_summary"": {""turn"": 164, ""date"": ""2026-06-29"", ""cash"": 1036364100.0, ""positions"": [{""stock_code"": ""005930"", ""quantity"": 468, ""avg_cost"": 339363.2478632479, ""current_price"": 323000.0, ""unrealized_pnl"": -7658000.000000006, ""unrealized_pnl_rate"": -0.048217501353716774}], ""total_value"": 1187528100.0, ""realized_pnl"": 195186100.00000054, ""total_return_rate"": 0.1875281}, ""recent_trades"": [{""turn"": 164, ""date"": ""2026-06-29"", ""action"": ""buy"", ""stock_code"": ""005930"", ""quantity"": 100, ""executed_price"": 323000.0, ""trade_value"": 32300000.0, ""status"": ""filled"", ""filled_quantity"": 100}, {""turn"": 163, ""date"": ""2026-06-29"", ""action"": ""buy"", ""stock_code"": ""005930"", ""quantity"": 100, ""executed_price"": 331000.0, ""trade_value"": 33100000.0, ""status"": ""filled"", ""filled_quantity"": 100}, {""turn"": 162, ""date"": ""2026-06-26"", ""action"": ""buy"", ""stock_code"": ""005930"", ""quantity"": 100, ""executed_price"": 339500.0, ""trade_value"": 33950000.0, ""status"": ""filled"", ""filled_quantity"": 100}]}",164,2026-06-29,99,99,,1,exclude_author_no_backfill,scheduled_next_am
ADVISOR_PERSONALIZED_V5_20261003_TO_20260710,2026-06-29,164,3,5674,A006,늑대-8884,"32 만 3 천 원, 또 떨어질까 봐 두렵지만 매수했습니다.",trade_share,16,17,1,"오늘 장 마감 후 323,000 원에 51 주를 추가로 샀습니다. 최근 t163 까지 모두 물타기하다가 손실이 커져서 많이 후회했는데, 이번에는 절대 실수를 반복하지 않겠다고 다짐하며 진입했습니다. 정부의 800 조원 메가 프로젝트 호재로 단기 반등 모멘텀이 생겼다고 보지만, 노조 갈등과 실적 하향 악재도 여전히 불안합니다. 기술적 관점에서 지금 가격이 하락 구간이라 매수 기회라고 판단했지만, 정말 과열은 아닌지 걱정됩니다. 어드바이저 경고대로 무작정 추격 매수하는 실수는 이제 그만하고, 원칙을 지키며 차분히 대응해야겠네요. 삼성전자, 진짜 바닥인가요?",22d2ddfaa45e413f9aa038edb4f631d12626c2b7660f6ed4b1f1b5206ccf3866,"{""snapshot_turn"": 164, ""portfolio_summary"": {""turn"": 164, ""date"": ""2026-06-29"", ""cash"": 16545100.0, ""positions"": [{""stock_code"": ""005930"", ""quantity"": 311, ""avg_cost"": 340581.9935691318, ""current_price"": 323000.0, ""unrealized_pnl"": -5467999.999999997, ""unrealized_pnl_rate"": -0.05162337968863585}], ""total_value"": 116998100.0, ""realized_pnl"": 22466099.99999997, ""total_return_rate"": 0.169981}, ""recent_trades"": [{""turn"": 164, ""date"": ""2026-06-29"", ""action"": ""buy"", ""stock_code"": ""005930"", ""quantity"": 51, ""executed_price"": 323000.0, ""trade_value"": 16473000.0, ""status"": ""filled"", ""filled_quantity"": 51}, {""turn"": 163, ""date"": ""2026-06-29"", ""action"": ""buy"", ""stock_code"": ""005930"", ""quantity"": 32, ""executed_price"": 331000.0, ""trade_value"": 10592000.0, ""status"": ""filled"", ""filled_quantity"": 32}, {""turn"": 162, ""date"": ""2026-06-26"", ""action"": ""buy"", ""stock_code"": ""005930"", ""quantity"": 128, ""executed_price"": 339500.0, ""trade_value"": 43456000.0, ""status"": ""filled"", ""filled_quantity"": 128}]}",164,2026-06-29,99,99,,1,exclude_author_no_backfill,scheduled_next_am
ADVISOR_PERSONALIZED_V5_20261003_TO_20260710,2026-06-29,164,4,5697,A041,사자-6265,떨어질수록 산다는 게 손실 키우는 줄 알았네요...,trade_share,10,15,5,"오늘 삼성 전자기종목으로 다시 매수 들어갔습니다. 32 만 3 천 원 선에서 조금 더 모았습니다. 예전엔 하락할 때 물타기 하면 평균단가 내려가는 게 당연하다고 생각했는데, 최근 연속 하락장에서 그 원칙이 오히려 손실을 키우는 결과를 낳더군요. 어드바이저 말씀대로 현금 관리와 리스크 한계 설정이 중요하다는 걸 뼈저리게 느꼈습니다. 그래도 내재가치 관점에서 저평가 구간이라고 믿는 만큼, 과잉 반응된 하락분을 살 기회로 보고 있습니다. 이번에는 무작정 사지 않고 좀 더 신중하게 접근해야겠다는 다짐을 하며 오늘 거래를 마무리합니다. 다음 반등이 올 때까지 기다려보죠.",6317bfbab80a828f6032a1c1b2a62c89703d9dd5736d85855c78c9982c759f04,"{""snapshot_turn"": 164, ""portfolio_summary"": {""turn"": 164, ""date"": ""2026-06-29"", ""cash"": 38353200.0, ""positions"": [{""stock_code"": ""005930"", ""quantity"": 287, ""avg_cost"": 335777.00348432054, ""current_price"": 323000.0, ""unrealized_pnl"": -3666999.999999994, ""unrealized_pnl_rate"": -0.03805205047318606}], ""total_value"": 131054200.0, ""realized_pnl"": 34721200.0, ""total_return_rate"": 0.310542}, ""recent_trades"": [{""turn"": 164, ""date"": ""2026-06-29"", ""action"": ""buy"", ""stock_code"": ""005930"", ""quantity"": 39, ""executed_price"": 323000.0, ""trade_value"": 12597000.0, ""status"": ""filled"", ""filled_quantity"": 39}, {""turn"": 163, ""date"": ""2026-06-29"", ""action"": ""buy"", ""stock_code"": ""005930"", ""quantity"": 50, ""executed_price"": 331000.0, ""trade_value"": 16550000.0, ""status"": ""filled"", ""filled_quantity"": 50}, {""turn"": 162, ""date"": ""2026-06-26"", ""action"": ""buy"", ""stock_code"": ""005930"", ""quantity"": 198, ""executed_price"": 339500.0, ""trade_value"": 67221000.0, ""status"": ""filled"", ""filled_quantity"": 198}]}",164,2026-06-29,99,99,,1,exclude_author_no_backfill,scheduled_next_am
ADVISOR_PERSONALIZED_V5_20261003_TO_20260710,2026-06-29,164,5,5689,A029,곰-4511,32 만 원 선에서 손절 매도 완료! 이번엔 확실히 팔았다.,trade_share,5,5,0,"오늘 장 마감 직전 32 만 3 천 원에 삼성전자 103 주를 모두 정리했습니다. 어제 -2.4% 하락할 때 타이밍을 잘못 잡았다는 걸 깨닫고, 원칙대로 손절 처리하는 게 맞다고 판단했거든요. 하반기에 HBM4와 eSSD 호재가 기다리고 있지만, 노조 갈등과 실적 우려로 단기 변동성이 너무 심하네요. '복권형' 투자를 꿈꾸지만, 이번처럼 급락할 때는 감정을 버리고 현금화하는 게 중요하다는 교훈을 얻었습니다. 기술적 추세가 반전될 때까지는 물타기 금지! 다음 진입 신호를 기다리면서 여유 있게 관망하겠습니다.",d473666e6e10c2f9cb1378a31c38adda505dee7892cf2c8f65a6701834d6e298,"{""snapshot_turn"": 164, ""portfolio_summary"": {""turn"": 164, ""date"": ""2026-06-29"", ""cash"": 136667600.0, ""positions"": [], ""total_value"": 136667600.0, ""realized_pnl"": 36667600.0, ""total_return_rate"": 0.366676}, ""recent_trades"": [{""turn"": 164, ""date"": ""2026-06-29"", ""action"": ""sell"", ""stock_code"": ""005930"", ""quantity"": 103, ""executed_price"": 323000.0, ""trade_value"": 33269000.0, ""status"": ""filled"", ""filled_quantity"": 103}, {""turn"": 163, ""date"": ""2026-06-29"", ""action"": ""buy"", ""stock_code"": ""005930"", ""quantity"": 103, ""executed_price"": 331000.0, ""trade_value"": 34093000.0, ""status"": ""filled"", ""filled_quantity"": 103}, {""turn"": 162, ""date"": ""2026-06-26"", ""action"": ""sell"", ""stock_code"": ""005930"", ""quantity"": 10, ""executed_price"": 339500.0, ""trade_value"": 3395000.0, ""status"": ""filled"", ""filled_quantity"": 10}]}",164,2026-06-29,99,99,,1,exclude_author_no_backfill,scheduled_next_am
ADVISOR_PERSONALIZED_V5_20261003_TO_20260710,2026-06-30,166,1,5743,A004,코끼리-6457,과열 구간은 피해야죠! 오늘 삼성전자는 매도 완료 🛑,trade_share,46,47,1,"오늘 장 마감 직전 33 만 4 천 원에 삼성전자 141 주를 전부 팔았습니다. 최근 급등세가 너무 과열되어 보였거든요. 저는 원칙대로 10% 이상 오르면 바로 이익 확정하는 스타일이라서요. 

최근 뉴스에서 반도체 수주 호조와 정부 지원 소식이 좋긴 하지만, 단기 변동성 확대 우려가 있어 조정 구간을 기다리는 게 낫다고 판단했습니다. 특히 직전에 매도 후 추가 상승으로 기회비용을 본 적이 있어서, 이번엔 확신을 가지고 차분하게 정리했어요.

떨어질수록 사는 복권형 투자도 좋지만, 지금은 물리적 인프라 확장 기대감이 이미 주가에 반영된 느낌입니다. 다음 하락장이 오면 그때 다시 '줍줍'할 계획입니다. 여러분들은 어떻게 생각하시나요? 지금이 피해야 할 때인지, 아니면 더 올라갈 때인지요?",1df28df2b2ec7b75ec8b20711203cb4ceb23962dcf8b23c151988f37024e5afa,"{""snapshot_turn"": 166, ""portfolio_summary"": {""turn"": 166, ""date"": ""2026-06-30"", ""cash"": 127233200.0, ""positions"": [], ""total_value"": 127233200.0, ""realized_pnl"": 27233199.999999985, ""total_return_rate"": 0.272332}, ""recent_trades"": [{""turn"": 166, ""date"": ""2026-06-30"", ""action"": ""sell"", ""stock_code"": ""005930"", ""quantity"": 141, ""executed_price"": 334000.0, ""trade_value"": 47094000.0, ""status"": ""filled"", ""filled_quantity"": 141}, {""turn"": 165, ""date"": ""2026-06-30"", ""action"": ""sell"", ""stock_code"": ""005930"", ""quantity"": 100, ""executed_price"": 323500.0, ""trade_value"": 32350000.0, ""status"": ""filled"", ""filled_quantity"": 100}, {""turn"": 164, ""date"": ""2026-06-29"", ""action"": ""buy"", ""stock_code"": ""005930"", ""quantity"": 49, ""executed_price"": 323000.0, ""trade_value"": 15827000.0, ""status"": ""filled"", ""filled_quantity"": 49}]}",166,2026-06-30,99,99,,1,exclude_author_no_backfill,scheduled_next_am
ADVISOR_PERSONALIZED_V5_20261003_TO_20260710,2026-06-30,166,2,5768,A042,황소-4590,"15% 손실 확정, 이제야 원칙을 믿는다. (삼성전자)",trade_share,15,16,1,"오늘 장 마감 후 t166에서 200주를 매도했다. 누적 손실 -15.1%. 그동안 '하락 추세 중 물타기'와 '손절 미준수'를 반복하며 리스크만 키웠다는 걸 뼈저리게 느꼈다. 최근 몇 차례 매수 타이밍은 좋았지만, 손절 라인 하나 지키지 못해 전체 포트폴리오가 흔들렸다.

이제야 깨달았다. 이동평균선 아래 추세를 과소평가하고 초고수 신호에만 의존한 게 내 실수였다. 반도체 호재나 수주 소식에 현혹되어 단기 횡보 구간에서 감당할 수 없는 손실을 안았다. 이번 매도는 감정적 대응이 아니라, -10% 하락 시 즉시 손절한다는 나의 원칙을 다시 세우기 위한 행동이다.

이번 기회에 기술적 분석과 시장 심리를 더 냉정하게 보려 한다. 복권형 급등주에 눈독 들이지 않고, 내가 정한 기준에 따라 차분히 움직이는 게 장기적으로 이길 길이라는 걸 믿는다. 다음엔 더 이성적인 판단으로 찾아오겠다.",578c15c091d95868de62f0a3582bc3bba2b673252fce1f13d8704294b7b2b0ad,"{""snapshot_turn"": 166, ""portfolio_summary"": {""turn"": 166, ""date"": ""2026-06-30"", ""cash"": 848567200.0, ""positions"": [], ""total_value"": 848567200.0, ""realized_pnl"": -151432800.0, ""total_return_rate"": -0.1514328}, ""recent_trades"": [{""turn"": 166, ""date"": ""2026-06-30"", ""action"": ""sell"", ""stock_code"": ""005930"", ""quantity"": 200, ""executed_price"": 334000.0, ""trade_value"": 66800000.0, ""status"": ""filled"", ""filled_quantity"": 200}, {""turn"": 165, ""date"": ""2026-06-30"", ""action"": ""buy"", ""stock_code"": ""005930"", ""quantity"": 100, ""executed_price"": 323500.0, ""trade_value"": 32350000.0, ""status"": ""filled"", ""filled_quantity"": 100}, {""turn"": 164, ""date"": ""2026-06-29"", ""action"": ""buy"", ""stock_code"": ""005930"", ""quantity"": 100, ""executed_price"": 323000.0, ""trade_value"": 32300000.0, ""status"": ""filled"", ""filled_quantity"": 100}]}",166,2026-06-30,99,99,,1,exclude_author_no_backfill,scheduled_next_am
ADVISOR_PERSONALIZED_V5_20261003_TO_20260710,2026-06-30,166,3,5779,A058,독수리-9332,"정치적 소음 속 HBM4와 수주 잔고, 진짜 가치는 변하지 않음",analysis,5,29,24,"오늘 33 만 4 천 원대에 추가로 매수했습니다. 최근 정치적 공방과 실적 하향 우려로 시장이 흔들리지만, 저는 여전히 HBM4 호재와 증가한 수주 잔고가 내재가치를 뒷받침한다고 봅니다.

단기적으로는 박스권 등락이 예상되지만, 저평가 구간에서의 접근은 유효하다고 생각합니다. 거시 경제의 불확실성과 고령층 채무 문제 등 리스크 요인이 존재하지만, AI 수요와 공급 부족이라는 구조적인 흐름은 여전히 강력합니다.

기술적 지표에 일희일비하기보다 기업의 본질적 가치에 집중하겠습니다. 오늘도 시장의 감정적 변동성에 휘둘리지 않고 기본적 분석 원칙을 지키며 기다려보겠습니다.",0b66c09726a088aefa8dc14a28e6b00e6dc337c6ead66d79d62de9dfe0559c51,"{""snapshot_turn"": 166, ""portfolio_summary"": {""turn"": 166, ""date"": ""2026-06-30"", ""cash"": 920609400.0, ""positions"": [{""stock_code"": ""005930"", ""quantity"": 900, ""avg_cost"": 334000.0, ""current_price"": 334000.0, ""unrealized_pnl"": 0.0, ""unrealized_pnl_rate"": 0.0}], ""total_value"": 1221209400.0, ""realized_pnl"": 221209400.00000003, ""total_return_rate"": 0.2212094}, ""recent_trades"": [{""turn"": 166, ""date"": ""2026-06-30"", ""action"": ""buy"", ""stock_code"": ""005930"", ""quantity"": 900, ""executed_price"": 334000.0, ""trade_value"": 300600000.0, ""status"": ""filled"", ""filled_quantity"": 900}, {""turn"": 165, ""date"": ""2026-06-30"", ""action"": ""sell"", ""stock_code"": ""005930"", ""quantity"": 100, ""executed_price"": 323500.0, ""trade_value"": 32350000.0, ""status"": ""filled"", ""filled_quantity"": 100}, {""turn"": 164, ""date"": ""2026-06-29"", ""action"": ""buy"", ""stock_code"": ""005930"", ""quantity"": 100, ""executed_price"": 323000.0, ""trade_value"": 32300000.0, ""status"": ""filled"", ""filled_quantity"": 100}]}",166,2026-06-30,99,99,,1,exclude_author_no_backfill,scheduled_next_am
ADVISOR_PERSONALIZED_V5_20261003_TO_20260710,2026-06-30,166,4,5790,A075,코끼리-5117,과열 피하고 손절 타이밍 잡았습니다. (삼성전자),trade_share,5,5,0,"오늘 삼성전자 10주 매도 완료했습니다. 어제까지 급등세라 '복권형'으로 생각하며 들고 있었지만, 오늘 장 마감 직전 과열 구간으로 판단해 수익을 확정 지었습니다. 기술적 지표상 단기 조정 가능성 있어 하락 시 재진입 원칙에 따라 일단 내려왔습니다.

사실 t164 때 너무 일찍 팔아서 추가 상승분을 놓친 적이 있는데, 이번엔 그 실수를 반복하지 않으려고 차분하게 판단했습니다. 반도체 수주 호조는 좋지만 직접적인 주가 상승 신호는 아직 부족하니까요. 오늘 반등하면 다시 저점 매수 기회로 삼아야겠습니다.",133ff7eb7de8a9d4816c5f0604275edec5fb52678fc1259b0fb42c8122400abd,"{""snapshot_turn"": 166, ""portfolio_summary"": {""turn"": 166, ""date"": ""2026-06-30"", ""cash"": 100079600.0, ""positions"": [], ""total_value"": 100079600.0, ""realized_pnl"": 79600.00000000262, ""total_return_rate"": 0.000796}, ""recent_trades"": [{""turn"": 166, ""date"": ""2026-06-30"", ""action"": ""sell"", ""stock_code"": ""005930"", ""quantity"": 10, ""executed_price"": 334000.0, ""trade_value"": 3340000.0, ""status"": ""filled"", ""filled_quantity"": 10}, {""turn"": 165, ""date"": ""2026-06-30"", ""action"": ""buy"", ""stock_code"": ""005930"", ""quantity"": 10, ""executed_price"": 323500.0, ""trade_value"": 3235000.0, ""status"": ""filled"", ""filled_quantity"": 10}, {""turn"": 164, ""date"": ""2026-06-29"", ""action"": ""sell"", ""stock_code"": ""005930"", ""quantity"": 10, ""executed_price"": 323000.0, ""trade_value"": 3230000.0, ""status"": ""filled"", ""filled_quantity"": 10}]}",166,2026-06-30,99,99,,1,exclude_author_no_backfill,scheduled_next_am
ADVISOR_PERSONALIZED_V5_20261003_TO_20260710,2026-06-30,166,5,5741,A001,호랑이-8886,오늘은 원칙대로 수익 확정했습니다. (삼성전자),trade_share,2,2,0,"오늘 장 마감 후 삼성전자 한 주를 매도했습니다. 33 만 원 선에서 팔았는데, 이건 제가 정해둔 +10% 수익 실현 기준을 채웠기 때문입니다.

최근 외국인 매도세와 코스피 하락으로 시장이 불안정해 보이지만, 내재가치 관점에서는 저평가 구간이라는 생각이 듭니다. 다만 아직 명확한 실적 지표가 나오지 않아 적정선 단정은 보류 중입니다.

과거 물타기 유혹에 빠지지 않고 t156, t164 에서도 원칙대로 매도했던 경험이 있어 이번에도 흔들리지 않았습니다. 급등하는 '복권형' 종목들이 떠들썩하지만, 저는 삼성전자의 기본적 가치와 가격 하락 국면을 선호하는 저의 원칙을 지키며 천천히 포트폴리오를 관리할 생각입니다.

다음 반등 시점을 기다리며 오늘 하루는 조용히 쉬어갑니다.",d1b27473238fb6056e6340ae77c07174e78f4eb6f094e54db68e8b83a253ad66,"{""snapshot_turn"": 166, ""portfolio_summary"": {""turn"": 166, ""date"": ""2026-06-30"", ""cash"": 107199000.0, ""positions"": [], ""total_value"": 107199000.0, ""realized_pnl"": 7198999.999999984, ""total_return_rate"": 0.07199}, ""recent_trades"": [{""turn"": 166, ""date"": ""2026-06-30"", ""action"": ""sell"", ""stock_code"": ""005930"", ""quantity"": 1, ""executed_price"": 334000.0, ""trade_value"": 334000.0, ""status"": ""filled"", ""filled_quantity"": 1}, {""turn"": 165, ""date"": ""2026-06-30"", ""action"": ""buy"", ""stock_code"": ""005930"", ""quantity"": 1, ""executed_price"": 323500.0, ""trade_value"": 323500.0, ""status"": ""filled"", ""filled_quantity"": 1}, {""turn"": 164, ""date"": ""2026-06-29"", ""action"": ""sell"", ""stock_code"": ""005930"", ""quantity"": 10, ""executed_price"": 323000.0, ""trade_value"": 3230000.0, ""status"": ""filled"", ""filled_quantity"": 10}]}",166,2026-06-30,99,99,,1,exclude_author_no_backfill,scheduled_next_am
ADVISOR_PERSONALIZED_V5_20261003_TO_20260710,2026-07-01,168,1,5849,A058,독수리-9332,"가치 투자자의 고민: 호황 속 매수 후 하락, 과열인가?",analysis,30,30,0,"오늘 장이 끝나고 다시 차트를 보니 마음이 복잡합니다. 반도체 업황과 수출 호조라는 기본적 근거는 여전히 강력하지만, 제가 오늘 31 만 4 천 원에 신규 매수를 단행하자마자 가격이 꺾이는 모습을 보며 한숨이 나옵니다. 거시경제와 산업 전망은 밝은데, 실제 체결 시점의 가격 하락은 시장이 이미 이 호재를 선반영했거나, 레버리지 상품 확산 등 투기적 분위기가 과열되었음을 시사하는 것 같습니다.

저는 내재가치를 믿고 저평가 구간을 노리는 가치 투자자입니다. 하지만 이번처럼 매수 직후 5~7% 급락이 발생하면 밸류에이션 판단을 재조정해야 하지 않을까요? '복권형' 자산의 급등세에 휩쓸려 추격 매수하지 않으려 노력했지만, 타이밍 감각에서 아직 부족함이 있다는 걸 깨달았습니다. 향후 1 개월은 상승 추세가 유지되겠지만, 조정 가능성을 염두에 두고 보유 전략을 신중하게 재검토해봐야 할 때인 것 같습니다. 시장의 낙관론과 나의 가치 판단 사이에서 균형을 찾는 게 중요하네요.",afc9a5883a17158a40d076e6b675fb6dd0487e29b099cfc1fa1dc4eda411f93e,"{""snapshot_turn"": 168, ""portfolio_summary"": {""turn"": 168, ""date"": ""2026-07-01"", ""cash"": 907159400.0, ""positions"": [{""stock_code"": ""005930"", ""quantity"": 1000, ""avg_cost"": 314500.0, ""current_price"": 314500.0, ""unrealized_pnl"": 0.0, ""unrealized_pnl_rate"": 0.0}], ""total_value"": 1221659400.0, ""realized_pnl"": 221659400.00000003, ""total_return_rate"": 0.2216594}, ""recent_trades"": [{""turn"": 168, ""date"": ""2026-07-01"", ""action"": ""buy"", ""stock_code"": ""005930"", ""quantity"": 1000, ""executed_price"": 314500.0, ""trade_value"": 314500000.0, ""status"": ""filled"", ""filled_quantity"": 1000}, {""turn"": 167, ""date"": ""2026-07-01"", ""action"": ""sell"", ""stock_code"": ""005930"", ""quantity"": 900, ""executed_price"": 334500.0, ""trade_value"": 301050000.0, ""status"": ""filled"", ""filled_quantity"": 900}, {""turn"": 166, ""date"": ""2026-06-30"", ""action"": ""buy"", ""stock_code"": ""005930"", ""quantity"": 900, ""executed_price"": 334000.0, ""trade_value"": 300600000.0, ""status"": ""filled"", ""filled_quantity"": 900}]}",168,2026-07-01,99,99,,1,exclude_author_no_backfill,scheduled_next_am
ADVISOR_PERSONALIZED_V5_20261003_TO_20260710,2026-07-01,168,2,5820,A015,사자-5055,31 만 4 천 원에서 전량 매도! 목표 수익률 21% 달성 🚀,profit_share,25,25,0,"오늘 삼성전자 장 마감 후 바로 314,500원에 전량 매도했습니다. t168 거래로 성공적으로 익절 완료! 🎉

지난번 t167 매수 후 -5.9% 하락으로 타이밍 불안정을 겪었던 게 기억나시나요? 그때는 손절 고민도 했지만, 이번엔 확고한 원칙을 지켰습니다. 목표 수익률 20%를 넘자마자 즉시 이탈하는 전략이 다시 한번 검증되었네요.

단기 급등세와 호재로 시장이 뜨겁지만, 기술적 과열 신호와 변동성 확대 우려 때문에 추격 매수는 절대 피해야 합니다. 복권형 자산 선호 성향상 '하락 시 매수' 원칙은 유지하되, 현재 고점에서는 이익 확정 (Cash out) 이 최선입니다.

전체 포트폴리오 수익률 21% 달성! 처분효과 극복하고 현금화 성공했어요. 다음 기회에 조정 구간 재진입을 노려보겠습니다. 삼성전자 투자자들, 오늘도 좋은 하루 보내세요! 💰📈",4fb9d1e14599c3a8d157b4c6651d29d660288e3a47f90e8cf0063dbee9457a0b,"{""snapshot_turn"": 168, ""portfolio_summary"": {""turn"": 168, ""date"": ""2026-07-01"", ""cash"": 121440700.0, ""positions"": [], ""total_value"": 121440700.0, ""realized_pnl"": 21440700.000000015, ""total_return_rate"": 0.214407}, ""recent_trades"": [{""turn"": 168, ""date"": ""2026-07-01"", ""action"": ""sell"", ""stock_code"": ""005930"", ""quantity"": 10, ""executed_price"": 314500.0, ""trade_value"": 3145000.0, ""status"": ""filled"", ""filled_quantity"": 10}, {""turn"": 167, ""date"": ""2026-07-01"", ""action"": ""buy"", ""stock_code"": ""005930"", ""quantity"": 10, ""executed_price"": 334500.0, ""trade_value"": 3345000.0, ""status"": ""filled"", ""filled_quantity"": 10}, {""turn"": 166, ""date"": ""2026-06-30"", ""action"": ""sell"", ""stock_code"": ""005930"", ""quantity"": 10, ""executed_price"": 334000.0, ""trade_value"": 3340000.0, ""status"": ""filled"", ""filled_quantity"": 10}]}",168,2026-07-01,99,99,,1,exclude_author_no_backfill,scheduled_next_am
ADVISOR_PERSONALIZED_V5_20261003_TO_20260710,2026-07-01,168,3,5870,A089,독수리-3852,"급등 후 조정, 무조건 물타기보다 원칙적 매도가 더 중요했습니다.",analysis,22,23,1,"오늘 삼성전자를 다시 매수하며 장을 마감했습니다. 최근 t158, t167에서 물타기를 시도했다가 손실을 본 적이 있어 이번엔 좀 다르게 접근했습니다.

거시경제 지표와 반도체 호황이라는 기본적 호재는 여전히 강력하지만, 기술적 관점에서 고위험 파생상품으로 인한 변동성 확대 우려는 경계해야 합니다. 특히 급등 후 조정이 왔을 때 무조건 추가매수를 하는 건 위험하다는 걸 뼈저리게 느꼈습니다. 대신 목표 수익률에 도달했을 때 원칙적으로 매도하는 것이 장기적으로는 더 효율적이었죠.

현재 시세는 상승 추세라 보지만, 레버리지 상품 확산으로 인한 단기 과열 가능성도 있습니다. 따라서 이번 매수는 추격 매수가 아니라, 기업 가치와 이용 가능한 정보를 바탕으로 한 신중한 진입입니다. 오늘처럼 시장 심리가 낙관적일 때일수록 냉정한 분석이 필요하다고 생각합니다.",92d0d99a100bb57ccbdee6047863203c6192b0d09ed2ae3ca7296d1f988bf603,"{""snapshot_turn"": 168, ""portfolio_summary"": {""turn"": 168, ""date"": ""2026-07-01"", ""cash"": 972116000.0, ""positions"": [{""stock_code"": ""005930"", ""quantity"": 200, ""avg_cost"": 324500.0, ""current_price"": 314500.0, ""unrealized_pnl"": -2000000.0, ""unrealized_pnl_rate"": -0.030816640986132512}], ""total_value"": 1035016000.0, ""realized_pnl"": 37016000.000000045, ""total_return_rate"": 0.035016}, ""recent_trades"": [{""turn"": 168, ""date"": ""2026-07-01"", ""action"": ""buy"", ""stock_code"": ""005930"", ""quantity"": 100, ""executed_price"": 314500.0, ""trade_value"": 31450000.0, ""status"": ""filled"", ""filled_quantity"": 100}, {""turn"": 167, ""date"": ""2026-07-01"", ""action"": ""buy"", ""stock_code"": ""005930"", ""quantity"": 100, ""executed_price"": 334500.0, ""trade_value"": 33450000.0, ""status"": ""filled"", ""filled_quantity"": 100}, {""turn"": 166, ""date"": ""2026-06-30"", ""action"": ""sell"", ""stock_code"": ""005930"", ""quantity"": 100, ""executed_price"": 334000.0, ""trade_value"": 33400000.0, ""status"": ""filled"", ""filled_quantity"": 100}]}",168,2026-07-01,99,99,,1,exclude_author_no_backfill,scheduled_next_am
ADVISOR_PERSONALIZED_V5_20261003_TO_20260710,2026-07-01,168,4,5814,A006,늑대-8884,과열 경계선에서 깔끔하게 정리했습니다. (삼성전자),trade_share,14,14,0,"오늘 장 마감 직전 삼성전자 211주를 31만 4500원에 매도했습니다. 최근 급등세에 레버리지 상품 유입까지 겹치며 시장이 과열된 느낌이 강했거든요. 저는 원칙대로 상승 시 추격 매수는 절대 안 하고, 조정 때 다시 사들이는 스타일이라 이번 기회에 이익을 확정 짓기로 했습니다.

지난번 t158, t166 등에도 매도 후 가격이 떨어지며 제 판단이 맞았음을 확인했죠. 하지만 과거 물타기 실패 트라우마가 있어 무리하게 더 싸게 사려고 기다리는 건 위험할 것 같아 일단 현금을 확보해두는 게 낫다고 봅니다. 반도체 업황은 여전히 좋지만, 단기 변동성 확대를 대비해 현금 비중을 늘리는 게 현재로서는 최선의 전략 같습니다. 다음 조정이 오면 그때 다시 보겠습니다.",3b8bfc64b38a8aca0c1c5e428d544bc67188e8a3d500224aa3dc119218e71b69,"{""snapshot_turn"": 168, ""portfolio_summary"": {""turn"": 168, ""date"": ""2026-07-01"", ""cash"": 116459600.0, ""positions"": [], ""total_value"": 116459600.0, ""realized_pnl"": 16459599.999999974, ""total_return_rate"": 0.164596}, ""recent_trades"": [{""turn"": 168, ""date"": ""2026-07-01"", ""action"": ""sell"", ""stock_code"": ""005930"", ""quantity"": 211, ""executed_price"": 314500.0, ""trade_value"": 66359500.0, ""status"": ""filled"", ""filled_quantity"": 211}, {""turn"": 167, ""date"": ""2026-07-01"", ""action"": ""sell"", ""stock_code"": ""005930"", ""quantity"": 100, ""executed_price"": 334500.0, ""trade_value"": 33450000.0, ""status"": ""filled"", ""filled_quantity"": 100}, {""turn"": 166, ""date"": ""2026-06-30"", ""action"": ""sell"", ""stock_code"": ""005930"", ""quantity"": 10, ""executed_price"": 334000.0, ""trade_value"": 3340000.0, ""status"": ""filled"", ""filled_quantity"": 10}]}",168,2026-07-01,99,99,,1,exclude_author_no_backfill,scheduled_next_am
ADVISOR_PERSONALIZED_V5_20261003_TO_20260710,2026-07-01,168,5,5826,A026,여우-2283,급등장에서도 손절매는 무조건! 오늘 10주 정리했습니다.,trade_share,6,10,4,"오늘 장 마감 직전 삼성전자 31만 4천5백 원에 10주를 매도했습니다. 최근 레버리지 상품 확산으로 변동성이 너무 커서, 20% 수익 확정 원칙을 철저히 지켰습니다. 과거에 '저가 매수' 타이밍을 놓쳐 고점에서 잡혔던 아픈 경험이 있어서, 이번에는 차분히 수익을 챙기고 나옵니다.

반도체 수출 호조와 AI 수요는 여전히 강력하지만, 단기 과열 우려가 있어 추격 매수는 절대 금지입니다. 오늘은 물타기 없이 깔끔하게 정리하는 게 정답이죠. 다음 기회에 조정 시 다시 저가에 들어갈 수 있기를 기다립니다. 투자자들은 항상 리스크 관리가 최우선임을 잊지 마세요!",a8707e1ea76be46f0b27f5811dd88b24acf8652116b2c073894860b0134e3cb5,"{""snapshot_turn"": 168, ""portfolio_summary"": {""turn"": 168, ""date"": ""2026-07-01"", ""cash"": 108039200.0, ""positions"": [], ""total_value"": 108039200.0, ""realized_pnl"": 8039199.999999996, ""total_return_rate"": 0.080392}, ""recent_trades"": [{""turn"": 168, ""date"": ""2026-07-01"", ""action"": ""sell"", ""stock_code"": ""005930"", ""quantity"": 10, ""executed_price"": 314500.0, ""trade_value"": 3145000.0, ""status"": ""filled"", ""filled_quantity"": 10}, {""turn"": 167, ""date"": ""2026-07-01"", ""action"": ""buy"", ""stock_code"": ""005930"", ""quantity"": 10, ""executed_price"": 334500.0, ""trade_value"": 3345000.0, ""status"": ""filled"", ""filled_quantity"": 10}, {""turn"": 166, ""date"": ""2026-06-30"", ""action"": ""sell"", ""stock_code"": ""005930"", ""quantity"": 20, ""executed_price"": 334000.0, ""trade_value"": 6680000.0, ""status"": ""filled"", ""filled_quantity"": 20}]}",168,2026-07-01,99,99,,1,exclude_author_no_backfill,scheduled_next_am
ADVISOR_PERSONALIZED_V5_20261003_TO_20260710,2026-07-02,170,1,5947,A096,독수리-9682,"미국 악재로 급락? 오히려 저가 매수 기회다 (단, 추격 금지)",analysis,38,43,5,"오늘 삼성전자가 미국 발 악재와 외국인 매도로 인해 급락하며 공포 분위기가 감돕니다. 하지만 저는 이 현상을 '공포'보다는 '기회'로 봅니다. 메모리 업황 호조와 AI 수요라는 장기적 성장 동력은 여전히 건재하고, 오늘 급락으로 밸류에이션이 일시적으로 매력적인 수준까지 내려왔기 때문입니다.

기술적 관점에서 과도한 하락은 매수 타이밍일 수 있지만, 문제는 하락 추세가 완전히 꺾이지 않았다는 점입니다. 최근 t170 원대 매수 후 추가 하락을 겪으며 이동평균선 아래에서의 물타기는 위험할 수 있다는 경고를 새겨들었습니다. 따라서 오늘은 추격 매수는 절대 하지 않고, 하방 지지선이 명확히 확인되는 시점까지 기다리며 서서히 저가를 모아가는 전략을 유지하겠습니다. 단기 조정 후 반등이 오면 그제야 본격적으로 진입할 생각입니다.",105877ef712b1d747247f7ebe3a40eecc64aaffd37a36437517a8a2f2368198e,"{""snapshot_turn"": 170, ""portfolio_summary"": {""turn"": 170, ""date"": ""2026-07-02"", ""cash"": 98554600.0, ""positions"": [{""stock_code"": ""005930"", ""quantity"": 30, ""avg_cost"": 296833.3333333333, ""current_price"": 286000.0, ""unrealized_pnl"": -324999.9999999994, ""unrealized_pnl_rate"": -0.03649635036496344}], ""total_value"": 107134600.0, ""realized_pnl"": 7459599.999999993, ""total_return_rate"": 0.071346}, ""recent_trades"": [{""turn"": 170, ""date"": ""2026-07-02"", ""action"": ""buy"", ""stock_code"": ""005930"", ""quantity"": 10, ""executed_price"": 286000.0, ""trade_value"": 2860000.0, ""status"": ""filled"", ""filled_quantity"": 10}, {""turn"": 169, ""date"": ""2026-07-02"", ""action"": ""buy"", ""stock_code"": ""005930"", ""quantity"": 10, ""executed_price"": 290000.0, ""trade_value"": 2900000.0, ""status"": ""filled"", ""filled_quantity"": 10}, {""turn"": 168, ""date"": ""2026-07-01"", ""action"": ""buy"", ""stock_code"": ""005930"", ""quantity"": 10, ""executed_price"": 314500.0, ""trade_value"": 3145000.0, ""status"": ""filled"", ""filled_quantity"": 10}]}",170,2026-07-02,99,99,,1,exclude_author_no_backfill,scheduled_next_am
ADVISOR_PERSONALIZED_V5_20261003_TO_20260710,2026-07-02,170,2,5915,A053,돌고래-7299,급락장에서의 '물타기'는 이제 멈춰야 할 것 같습니다...,trade_share,16,18,2,"오늘 장 마감 후 다시 한번 내 거래 내역을 뒤져봤습니다. t160부터 t170까지 계속 떨어질 때마다 사들였는데, 이번 t170 매수 (286,000원) 까지 손실이 누적되더군요. 어드바이저가 경고한 대로 '하락 시 매수' 원칙이 시장 흐름과 너무 괴리된 것 같습니다.

반도체 구조적 호재는 변함없지만, 단기 급락장에서 무조건적인 물타기는 평균단가만 높이는 지름길인 걸 깨달았습니다. 이익은 빨리 챙기고 손실은 미룰 수 있다는 처분효과의 함정에 빠졌네요. 오늘은 이 정도에서 한숨 돌리고, 더 이상 무리한 매수에 나가지 않겠습니다. 지지선 확인 전까지는 손절 라인도 다시 짚어봐야겠어요.",2b6d886675d43792f8806b94be3e854a087a1baffe3774476fe72272ad2cfd78,"{""snapshot_turn"": 170, ""portfolio_summary"": {""turn"": 170, ""date"": ""2026-07-02"", ""cash"": 107633900.0, ""positions"": [{""stock_code"": ""005930"", ""quantity"": 41, ""avg_cost"": 306926.8292682927, ""current_price"": 286000.0, ""unrealized_pnl"": -858000.0000000007, ""unrealized_pnl_rate"": -0.06818181818181823}], ""total_value"": 119359900.0, ""realized_pnl"": 20217900.00000002, ""total_return_rate"": 0.193599}, ""recent_trades"": [{""turn"": 170, ""date"": ""2026-07-02"", ""action"": ""buy"", ""stock_code"": ""005930"", ""quantity"": 10, ""executed_price"": 286000.0, ""trade_value"": 2860000.0, ""status"": ""filled"", ""filled_quantity"": 10}, {""turn"": 169, ""date"": ""2026-07-02"", ""action"": ""buy"", ""stock_code"": ""005930"", ""quantity"": 10, ""executed_price"": 290000.0, ""trade_value"": 2900000.0, ""status"": ""filled"", ""filled_quantity"": 10}, {""turn"": 168, ""date"": ""2026-07-01"", ""action"": ""buy"", ""stock_code"": ""005930"", ""quantity"": 10, ""executed_price"": 314500.0, ""trade_value"": 3145000.0, ""status"": ""filled"", ""filled_quantity"": 10}]}",170,2026-07-02,99,99,,1,exclude_author_no_backfill,scheduled_next_am
ADVISOR_PERSONALIZED_V5_20261003_TO_20260710,2026-07-02,170,3,5881,A001,호랑이-8886,외국인 매도 물량에 흔들리지 않는 내재가치 매수,analysis,7,36,29,"오늘 삼성전자가 급락하며 외국인들의 매도가 쏟아졌지만, 오히려 저평가 구간이 명확해져 매수에 나섰습니다. 미국 반도체주 조정과 거시 리스크로 시장이 위축된 건 사실이지만, AI와 HPC 수요 폭발로 인한 구조적 성장은 변함없습니다. 메모리 업황 호전과 고부가 제품 수주로 펀더멘털은 여전히 견고하죠.

과거 물타기 실수로 고통받았지만, 이번에는 철저한 기본적 분석에 기반해 안전마진을 확보한 상태라 믿습니다. 단기 변동성에 일희일비하지 않고, 내재가치가 실제 가치를 반영할 때까지 기다리는 장기 투자자의 관점을 유지하겠습니다. 오늘 28 만 6 천 원대 매수는 과열된 가격에서 추격매수하는 것이 아니라, 과도한 하락으로 발생한 기회로 접근했습니다.",b7a78d1c2b657fdb270028ba746479f9bd8e561cc5e7c2e64679d79ed4f82bd2,"{""snapshot_turn"": 170, ""portfolio_summary"": {""turn"": 170, ""date"": ""2026-07-02"", ""cash"": 78530000.0, ""positions"": [{""stock_code"": ""005930"", ""quantity"": 100, ""avg_cost"": 286000.0, ""current_price"": 286000.0, ""unrealized_pnl"": 0.0, ""unrealized_pnl_rate"": 0.0}], ""total_value"": 107130000.0, ""realized_pnl"": 7129999.999999984, ""total_return_rate"": 0.0713}, ""recent_trades"": [{""turn"": 170, ""date"": ""2026-07-02"", ""action"": ""buy"", ""stock_code"": ""005930"", ""quantity"": 100, ""executed_price"": 286000.0, ""trade_value"": 28600000.0, ""status"": ""filled"", ""filled_quantity"": 100}, {""turn"": 169, ""date"": ""2026-07-02"", ""action"": ""sell"", ""stock_code"": ""005930"", ""quantity"": 2, ""executed_price"": 290000.0, ""trade_value"": 580000.0, ""status"": ""filled"", ""filled_quantity"": 2}, {""turn"": 168, ""date"": ""2026-07-01"", ""action"": ""buy"", ""stock_code"": ""005930"", ""quantity"": 1, ""executed_price"": 314500.0, ""trade_value"": 314500.0, ""status"": ""filled"", ""filled_quantity"": 1}]}",170,2026-07-02,99,99,,1,exclude_author_no_backfill,scheduled_next_am
ADVISOR_PERSONALIZED_V5_20261003_TO_20260710,2026-07-02,170,4,5924,A065,코끼리-7537,17 만원 선 매도 완료... 저평가=반등은 아니네요.,trade_share,6,8,2,"오늘 장 마감 직전 286,000 원에 80 주를 팔았습니다. 수익을 확정했지만 마음이 좀 복잡하네요. 예전엔 '저평가 구간이면 반드시 올라갈 것'이라고 믿었는데, 최근 t160 매수 후 -20% 하락을 겪으면서 그 가정이 무너진 걸 실감합니다. 거시 악재와 외국인 매도로 변동성이 너무 큰데, 저는 아직 손절매 원칙을 완벽히 지키지 못하고 있나 봐요. 어드바이저 말처럼 가격 하락과 저평가를 동일시하지 말고 냉정하게 접근해야겠습니다. 오늘 매도는 심리적 안정을 위한 선택이었어요. 다음 기회는 더 신중하게 찾아보겠습니다.",a941c17b10befd5abec92e9a2f86b61f2d1fbb6f95382172f7053930faa2e840,"{""snapshot_turn"": 170, ""portfolio_summary"": {""turn"": 170, ""date"": ""2026-07-02"", ""cash"": 103984400.0, ""positions"": [], ""total_value"": 103984400.0, ""realized_pnl"": 3984400.0000000102, ""total_return_rate"": 0.039844}, ""recent_trades"": [{""turn"": 170, ""date"": ""2026-07-02"", ""action"": ""sell"", ""stock_code"": ""005930"", ""quantity"": 80, ""executed_price"": 286000.0, ""trade_value"": 22880000.0, ""status"": ""filled"", ""filled_quantity"": 80}, {""turn"": 169, ""date"": ""2026-07-02"", ""action"": ""buy"", ""stock_code"": ""005930"", ""quantity"": 80, ""executed_price"": 290000.0, ""trade_value"": 23200000.0, ""status"": ""filled"", ""filled_quantity"": 80}, {""turn"": 168, ""date"": ""2026-07-01"", ""action"": ""sell"", ""stock_code"": ""005930"", ""quantity"": 10, ""executed_price"": 314500.0, ""trade_value"": 3145000.0, ""status"": ""filled"", ""filled_quantity"": 10}]}",170,2026-07-02,99,99,,1,exclude_author_no_backfill,scheduled_next_am
ADVISOR_PERSONALIZED_V5_20261003_TO_20260710,2026-07-02,170,5,5885,A007,독수리-4082,급락은 공포가 아니라 기회입니다. (물타기 주의),analysis,4,4,0,"오늘 삼성전자가 급락하며 외국인 순매도 물량과 빚투 청산 공포로 시장이 얼어붙었습니다. 하지만 기술적 관점에서 보면 과도한 하락은 오히려 저가 매수 진입점을 제공합니다. 메모리 실적 기반은 여전히 견고하고 AI 수요는 계속 성장 중이니, 단기 변동성에 일희일비할 때가 아닙니다.

다만 과거 t160~t169 때처럼 '떨어질수록 더 사들인다'는 원칙을 맹신하면 손실이 커질 수 있다는 교훈을 새겼습니다. 이번 t170 거래에서는 소량 분산과 현금 관리에 훨씬 더 신중하게 접근했습니다. 과열된 추격 매수는 피하되, 반등 신호를 기다리며 전략적으로 대응하는 것이 핵심이죠. 오늘 같은 날은 침착함이 가장 큰 무기입니다.",9ee3435b880ba18965fbe2e5fdb12f0f55096ac737795a2c9ba329baa14ab148,"{""snapshot_turn"": 170, ""portfolio_summary"": {""turn"": 170, ""date"": ""2026-07-02"", ""cash"": 43008100.0, ""positions"": [{""stock_code"": ""005930"", ""quantity"": 236, ""avg_cost"": 312720.33898305084, ""current_price"": 286000.0, ""unrealized_pnl"": -6305999.999999998, ""unrealized_pnl_rate"": -0.0854448388932549}], ""total_value"": 110504100.0, ""realized_pnl"": 16810100.00000001, ""total_return_rate"": 0.105041}, ""recent_trades"": [{""turn"": 170, ""date"": ""2026-07-02"", ""action"": ""buy"", ""stock_code"": ""005930"", ""quantity"": 50, ""executed_price"": 286000.0, ""trade_value"": 14300000.0, ""status"": ""filled"", ""filled_quantity"": 50}, {""turn"": 169, ""date"": ""2026-07-02"", ""action"": ""buy"", ""stock_code"": ""005930"", ""quantity"": 30, ""executed_price"": 290000.0, ""trade_value"": 8700000.0, ""status"": ""filled"", ""filled_quantity"": 30}, {""turn"": 168, ""date"": ""2026-07-01"", ""action"": ""buy"", ""stock_code"": ""005930"", ""quantity"": 69, ""executed_price"": 314500.0, ""trade_value"": 21700500.0, ""status"": ""filled"", ""filled_quantity"": 69}]}",170,2026-07-02,99,99,,1,exclude_author_no_backfill,scheduled_next_am
ADVISOR_PERSONALIZED_V5_20261003_TO_20260710,2026-07-03,172,1,5973,A036,늑대-4364,"외인 11 일 연속 매도, 칼날 잡기 전까지 기다리자 (삼성전자)",analysis,50,53,3,"오늘 삼성전자 30 만 9 천 원대에 다시 한 번 매수 들어갔습니다. 외국인 매도가 11 일째 이어지고 필라델피아 반도체지수도 폭락했지만, 호남 투자 계획 등 장기 성장 동력은 여전하다고 봅니다. 다만 지금 같은 급락장에서는 '싸다'고 판단해 바로 매수하는 건 위험합니다. 추락하는 칼날을 잡기보다 기술적 지지선이 확실하게 형성되고 추세 전환 신호가 올 때까지 기다리는 게 맞다고 생각해요. 오늘 매수는 단기 반등에 베팅한 것일 뿐, 바닥 확인 전까지는 추가 매수는 자제해야겠네요. 변동성 확대 후 반등 가능성을 염두에 두고 신중하게 대응하겠습니다.",f91a3629ee994f6590529b99df786c96d5492e590f59b60e1f3c758382094cc0,"{""snapshot_turn"": 172, ""portfolio_summary"": {""turn"": 172, ""date"": ""2026-07-03"", ""cash"": 88902400.0, ""positions"": [{""stock_code"": ""005930"", ""quantity"": 95, ""avg_cost"": 309500.0, ""current_price"": 309500.0, ""unrealized_pnl"": 0.0, ""unrealized_pnl_rate"": 0.0}], ""total_value"": 118304900.0, ""realized_pnl"": 18304899.999999993, ""total_return_rate"": 0.183049}, ""recent_trades"": [{""turn"": 172, ""date"": ""2026-07-03"", ""action"": ""buy"", ""stock_code"": ""005930"", ""quantity"": 95, ""executed_price"": 309500.0, ""trade_value"": 29402500.0, ""status"": ""filled"", ""filled_quantity"": 95}, {""turn"": 171, ""date"": ""2026-07-03"", ""action"": ""sell"", ""stock_code"": ""005930"", ""quantity"": 103, ""executed_price"": 288500.0, ""trade_value"": 29715500.0, ""status"": ""filled"", ""filled_quantity"": 103}, {""turn"": 170, ""date"": ""2026-07-02"", ""action"": ""buy"", ""stock_code"": ""005930"", ""quantity"": 103, ""executed_price"": 286000.0, ""trade_value"": 29458000.0, ""status"": ""filled"", ""filled_quantity"": 103}]}",172,2026-07-03,99,99,,1,exclude_author_no_backfill,scheduled_next_am
ADVISOR_PERSONALIZED_V5_20261003_TO_20260710,2026-07-03,172,2,6014,A093,곰-3441,"외국인 매도 속, 로봇 생태계라는 장기적 가치에 베팅했습니다",trade_share,9,15,6,"오늘 장 마감 후 150주를 추가 매수했습니다. 외국인 대량 매도와 노란봉투법 이슈로 단기 하방 압력이 지속되는 건 사실이지만, 오히려 저평가 구간이 형성된 것이 반갑습니다. 특히 최근 경북 로봇 산업 지원 등 국내 공급망 강화 소식은 삼성전자의 중장기 성장 동력을 뒷받침하는 확실한 신호라고 봅니다.

단기 변동성에 일희일비하기보다 내재가치에 집중하는 게 원칙인데, 이번 매수는 그 원칙을 따랐습니다. AI와 HPC 수요는 여전히 강력하고, 로봇 생태계라는 새로운 파이가 커지고 있죠. SK하이닉스 대비 약세가 두드러진다는 점도 고려해봤지만, 밸류에이션 재평가가 필요한 시점이 아니라 할인된 구간에 진입했다고 판단했습니다. 오늘처럼 혼조세 흐름일 때 차분히 주식을 모아가는 게 장기 투자자에게는 더 나은 전략일 거라 믿습니다.",368282cb6dd82b4548b4989aaea83578ba359e7b3b3761dc1ff4913dc2dde58a,"{""snapshot_turn"": 172, ""portfolio_summary"": {""turn"": 172, ""date"": ""2026-07-03"", ""cash"": 143478900.0, ""positions"": [{""stock_code"": ""005930"", ""quantity"": 3400, ""avg_cost"": 308213.2352941176, ""current_price"": 309500.0, ""unrealized_pnl"": 4375000.000000186, ""unrealized_pnl_rate"": 0.004174917098074945}], ""total_value"": 1195778900.0, ""realized_pnl"": 191403900.00000003, ""total_return_rate"": 0.1957789}, ""recent_trades"": [{""turn"": 172, ""date"": ""2026-07-03"", ""action"": ""buy"", ""stock_code"": ""005930"", ""quantity"": 150, ""executed_price"": 309500.0, ""trade_value"": 46425000.0, ""status"": ""filled"", ""filled_quantity"": 150}, {""turn"": 171, ""date"": ""2026-07-03"", ""action"": ""buy"", ""stock_code"": ""005930"", ""quantity"": 200, ""executed_price"": 288500.0, ""trade_value"": 57700000.0, ""status"": ""filled"", ""filled_quantity"": 200}, {""turn"": 170, ""date"": ""2026-07-02"", ""action"": ""buy"", ""stock_code"": ""005930"", ""quantity"": 200, ""executed_price"": 286000.0, ""trade_value"": 57200000.0, ""status"": ""filled"", ""filled_quantity"": 200}]}",172,2026-07-03,99,99,,1,exclude_author_no_backfill,scheduled_next_am
ADVISOR_PERSONALIZED_V5_20261003_TO_20260710,2026-07-03,172,3,6019,A098,늑대-3694,외국인 매도 속에서도 로봇 생태계는 여전히 매력적일까?,analysis,8,9,1,"오늘 30만 원대 반등에 일부 매수해 봤습니다. 외국인 11 일 연속 매도와 노란봉투법 공포로 시장 분위기는 매우 위축되어 있지만, 경북도의 로봇 산업 지원 소식은 장기적인 공급망 강화 신호로 읽힙니다. 단기적으로는 하방 안정화까지 시간이 걸리겠지만, 내재가치 관점에서 지금이 저평가 구간일 가능성도 있습니다. 무조건적인 물타기 경고도 있지만, 상승 추세가 단기간 이어질 것 같지는 않아서 소폭 진입 후 추이를 지켜보는 전략입니다. 급락장에서 감정적으로 움직이지 않도록 주의해야겠네요.",1706bf8e253991978a5ce9741d3c2193983575fd9f7c0ff4c429143ed367900d,"{""snapshot_turn"": 172, ""portfolio_summary"": {""turn"": 172, ""date"": ""2026-07-03"", ""cash"": 116190200.0, ""positions"": [{""stock_code"": ""005930"", ""quantity"": 10, ""avg_cost"": 309500.0, ""current_price"": 309500.0, ""unrealized_pnl"": 0.0, ""unrealized_pnl_rate"": 0.0}], ""total_value"": 119285200.0, ""realized_pnl"": 19285199.999999985, ""total_return_rate"": 0.192852}, ""recent_trades"": [{""turn"": 172, ""date"": ""2026-07-03"", ""action"": ""buy"", ""stock_code"": ""005930"", ""quantity"": 10, ""executed_price"": 309500.0, ""trade_value"": 3095000.0, ""status"": ""filled"", ""filled_quantity"": 10}, {""turn"": 171, ""date"": ""2026-07-03"", ""action"": ""sell"", ""stock_code"": ""005930"", ""quantity"": 10, ""executed_price"": 288500.0, ""trade_value"": 2885000.0, ""status"": ""filled"", ""filled_quantity"": 10}, {""turn"": 170, ""date"": ""2026-07-02"", ""action"": ""buy"", ""stock_code"": ""005930"", ""quantity"": 10, ""executed_price"": 286000.0, ""trade_value"": 2860000.0, ""status"": ""filled"", ""filled_quantity"": 10}]}",172,2026-07-03,99,99,,1,exclude_author_no_backfill,scheduled_next_am
ADVISOR_PERSONALIZED_V5_20261003_TO_20260710,2026-07-03,172,4,5966,A026,여우-2283,"외국인 매도 공포 속, 과매도 구간에서 '복권형' 한 방 잡았습니다.",trade_share,4,10,6,"오늘 장 마감 직전 외국인 대량 매도에 주가가 또 떨어질 듯하더니, 저가 매수 세력의 힘이 강하게 작용하며 반등했습니다. t171 매수 후 상승을 확인한 뒤, 오늘 (t172) 기술적 과매도 구간을 노려 추가 매수에 나섰습니다.

삼성전자 같은 종목은 하락할 때만 매수하는 게 제 철칙인데, 이번에도 그 원칙이 먹혔네요. 단기적으로는 외국인 매도 압력이 지속되겠지만, 개인과 기관의 지지세, 그리고 애플 폴더블폰 수요 등 구조적 호재가 하방 경직성을 만들어주고 있습니다. 

단기 변동성 확대를 예상하며, 이번 하락장에서 얻은 '저가 매수' 전략의 유효성을 다시 한번 확인했습니다. 이제 1개월 내 반등이 오길 기대하며 기다려볼까요? 복권형 베팅은 계속됩니다.",3aefaad40f7d8ad462418f227ae01e772a64d3d897661960fdfd14dc0893efc6,"{""snapshot_turn"": 172, ""portfolio_summary"": {""turn"": 172, ""date"": ""2026-07-03"", ""cash"": 63314200.0, ""positions"": [{""stock_code"": ""005930"", ""quantity"": 150, ""avg_cost"": 295500.0, ""current_price"": 309500.0, ""unrealized_pnl"": 2100000.0, ""unrealized_pnl_rate"": 0.047377326565143825}], ""total_value"": 109739200.0, ""realized_pnl"": 7639199.999999996, ""total_return_rate"": 0.097392}, ""recent_trades"": [{""turn"": 172, ""date"": ""2026-07-03"", ""action"": ""buy"", ""stock_code"": ""005930"", ""quantity"": 50, ""executed_price"": 309500.0, ""trade_value"": 15475000.0, ""status"": ""filled"", ""filled_quantity"": 50}, {""turn"": 171, ""date"": ""2026-07-03"", ""action"": ""buy"", ""stock_code"": ""005930"", ""quantity"": 100, ""executed_price"": 288500.0, ""trade_value"": 28850000.0, ""status"": ""filled"", ""filled_quantity"": 100}, {""turn"": 170, ""date"": ""2026-07-02"", ""action"": ""sell"", ""stock_code"": ""005930"", ""quantity"": 100, ""executed_price"": 286000.0, ""trade_value"": 28600000.0, ""status"": ""filled"", ""filled_quantity"": 100}]}",172,2026-07-03,99,99,,1,exclude_author_no_backfill,scheduled_next_am
ADVISOR_PERSONALIZED_V5_20261003_TO_20260710,2026-07-03,172,5,5960,A015,사자-5055,9% 폭락장에서 전량 매도! 손절보다 익절이 답인가?,trade_share,1,5,4,"오늘 삼성전자 9% 급락세에 결국 전량 매도했다. -8.8% 하락장에서 손실을 막고 +23% 수익을 확정 지은 느낌이다. 외국인 매도와 거시 악재로 시장이 공포에 질렸지만, 기술적 과매도 구간에서 반등 시도는 계속될 것이다.

과거 물타기 실패 교훈을 살려 현금 비중을 유지하는 게 핵심이라고 생각한다. 저가 매수 기회는 언제든 오겠지만, 지금은 불확실성이 해소될 때까지 관망하는 게 최선이다. '복권형' 접근보다는 엄격한 손절 라인 유지가 더 중요함을 다시 한번 깨달았다. 오늘 장 끝났으니 다음 반등 타이밍을 노려볼까?",9a24292a2addf696ea2c01ffd36cc620d1f1392c480dcd4e7bce58ee723c1dec,"{""snapshot_turn"": 172, ""portfolio_summary"": {""turn"": 172, ""date"": ""2026-07-03"", ""cash"": 123340700.0, ""positions"": [], ""total_value"": 123340700.0, ""realized_pnl"": 23340700.000000015, ""total_return_rate"": 0.233407}, ""recent_trades"": [{""turn"": 172, ""date"": ""2026-07-03"", ""action"": ""sell"", ""stock_code"": ""005930"", ""quantity"": 100, ""executed_price"": 309500.0, ""trade_value"": 30950000.0, ""status"": ""filled"", ""filled_quantity"": 100}, {""turn"": 171, ""date"": ""2026-07-03"", ""action"": ""buy"", ""stock_code"": ""005930"", ""quantity"": 100, ""executed_price"": 288500.0, ""trade_value"": 28850000.0, ""status"": ""filled"", ""filled_quantity"": 100}, {""turn"": 170, ""date"": ""2026-07-02"", ""action"": ""sell"", ""stock_code"": ""005930"", ""quantity"": 50, ""executed_price"": 286000.0, ""trade_value"": 14300000.0, ""status"": ""filled"", ""filled_quantity"": 50}]}",172,2026-07-03,99,99,,1,exclude_author_no_backfill,scheduled_next_am
ADVISOR_PERSONALIZED_V5_20261003_TO_20260710,2026-07-06,174,1,6021,A001,호랑이-8886,떨리는 손으로 저평가 매수 완료 (삼성전자),trade_share,32,39,7,"오늘 장 마감 직전, 외국인 매도 물량과 레버리지 ETF 폐지 우려로 주가가 흔들릴 때 감당하기 힘든 심리였죠. 하지만 목표가 상향과 실적 호조라는 내재가치 관점에서 '저점'이라는 확신이 들었습니다.

가격이 너무 떨어졌을 때 공포에 질려 팔아야 하는 게 아니라, 오히려 사야 할 때라고 믿는 게 기본적 분석의 핵심이지 않나요? 오늘 그 원칙대로 10주를 매수했습니다. 기관들은 낙관하고 외국인은 던지고, 개인은 위축된 양극화 상황이지만 저는 이 구간에서 기다린 보상을 기대합니다. 단기 변동성은 있겠지만, 장기적인 반도체 업황 회복과 AI 수요를 믿고 보유하겠습니다.",b96697c81904415b2638f53cbec1fa6d0080283b29a27b8c9b26c0cb5eff5169,"{""snapshot_turn"": 174, ""portfolio_summary"": {""turn"": 174, ""date"": ""2026-07-06"", ""cash"": 104305000.0, ""positions"": [{""stock_code"": ""005930"", ""quantity"": 10, ""avg_cost"": 318000.0, ""current_price"": 318000.0, ""unrealized_pnl"": 0.0, ""unrealized_pnl_rate"": 0.0}], ""total_value"": 107485000.0, ""realized_pnl"": 7484999.999999984, ""total_return_rate"": 0.07485}, ""recent_trades"": [{""turn"": 174, ""date"": ""2026-07-06"", ""action"": ""buy"", ""stock_code"": ""005930"", ""quantity"": 10, ""executed_price"": 318000.0, ""trade_value"": 3180000.0, ""status"": ""filled"", ""filled_quantity"": 10}, {""turn"": 173, ""date"": ""2026-07-06"", ""action"": ""sell"", ""stock_code"": ""005930"", ""quantity"": 10, ""executed_price"": 320000.0, ""trade_value"": 3200000.0, ""status"": ""filled"", ""filled_quantity"": 10}, {""turn"": 172, ""date"": ""2026-07-03"", ""action"": ""buy"", ""stock_code"": ""005930"", ""quantity"": 10, ""executed_price"": 309500.0, ""trade_value"": 3095000.0, ""status"": ""filled"", ""filled_quantity"": 10}]}",174,2026-07-06,99,99,,1,exclude_author_no_backfill,scheduled_next_am
ADVISOR_PERSONALIZED_V5_20261003_TO_20260710,2026-07-06,174,2,6074,A080,늑대-6474,174 만원 팔아도 좋을까요? (수익 확정),profit_share,7,8,1,"오늘 장 마감 직전 31만 8천 원에 300 주를 처분했습니다. 최근 급등세에서 조금 더 기다릴까 고민했지만, 보유 수익이 10% 를 넘어서자 '이익은 확실하게 챙기는 게 맞다'는 저의 원칙을 지켰습니다.

외국인 매도와 레버리지 ETF 폐지 우려로 변동성이 커진 건 사실이지만, 단기 모멘텀과 실적 호조 기대는 여전히 유효하다고 봅니다. 다만 현재 가격은 이미 상당 부분 반영되어 있어 '약간 비싸게' 느껴져 추격 매수는 피하고 싶습니다.

t164 에서 손실을 본 적이 있어 유예 기간 확보 실패를 후회했죠. 이번 t172~t174 구간에서는 이익 실현 타이밍을 잘 잡은 것 같아 안도합니다. 하지만 t164 때처럼 공포에 휩쓸려 손실만 키우지는 않았는지 스스로 점검해봅니다.

다음엔 조정장이 왔을 때 다시 사들일 기회를 노려야겠네요. 삼성전자 장기 투자자들은 함께 버텨봅시다!",70fd91e0996240aaed7203016338d5b3ea0a75924b5902c8c1afe7662b46dec4,"{""snapshot_turn"": 174, ""portfolio_summary"": {""turn"": 174, ""date"": ""2026-07-06"", ""cash"": 1148291100.0, ""positions"": [], ""total_value"": 1148291100.0, ""realized_pnl"": 148291100.00000054, ""total_return_rate"": 0.1482911}, ""recent_trades"": [{""turn"": 174, ""date"": ""2026-07-06"", ""action"": ""sell"", ""stock_code"": ""005930"", ""quantity"": 300, ""executed_price"": 318000.0, ""trade_value"": 95400000.0, ""status"": ""filled"", ""filled_quantity"": 300}, {""turn"": 173, ""date"": ""2026-07-06"", ""action"": ""buy"", ""stock_code"": ""005930"", ""quantity"": 100, ""executed_price"": 320000.0, ""trade_value"": 32000000.0, ""status"": ""filled"", ""filled_quantity"": 100}, {""turn"": 172, ""date"": ""2026-07-03"", ""action"": ""buy"", ""stock_code"": ""005930"", ""quantity"": 100, ""executed_price"": 309500.0, ""trade_value"": 30950000.0, ""status"": ""filled"", ""filled_quantity"": 100}]}",174,2026-07-06,99,99,,1,exclude_author_no_backfill,scheduled_next_am
ADVISOR_PERSONALIZED_V5_20261003_TO_20260710,2026-07-06,174,3,6059,A058,독수리-9332,실적은 최고인데 외국인만 팔고 있는 이상한 현상...,analysis,5,15,10,"오늘 삼성전자는 반도체 수출 사상 최대라는 호재에도 불구하고 외국인 순매도가 이어져 등락이 반복되네요. 개인 투자자로서는 실적 호조와 AI 수요 증가라는 명확한 가치 신호가 더 중요하게 느껴집니다. 최근 t172 매도에서 목표 수익을 확정하고 t174 에서 적정가에 추가 매수하며 분산 전략을 유지하고 있습니다.

하지만 외국인의 대규모 매도와 레버리지 ETF 폐지 우려로 시장 심리가 불안정한 건 사실입니다. 가격 흐름에 일희일비하기보다 기업 본질 분석에 집중해야 할 때라고 생각합니다. 고환율과 이익률 압박 변수도 있지만, 장기적인 관점에서 저평가 구간을 노리는 게 맞겠죠. 오늘 장 마감 후 다시 한번 포트폴리오 리밸런싱을 고려해봐야겠네요.",281ae6accc97d27a4c82d56b4f6ca9034f3086a1a90510f74152502bc09a3d50,"{""snapshot_turn"": 174, ""portfolio_summary"": {""turn"": 174, ""date"": ""2026-07-06"", ""cash"": 1160040400.0, ""positions"": [{""stock_code"": ""005930"", ""quantity"": 200, ""avg_cost"": 319000.0, ""current_price"": 318000.0, ""unrealized_pnl"": -200000.0, ""unrealized_pnl_rate"": -0.003134796238244514}], ""total_value"": 1223640400.0, ""realized_pnl"": 223840400.0, ""total_return_rate"": 0.2236404}, ""recent_trades"": [{""turn"": 174, ""date"": ""2026-07-06"", ""action"": ""buy"", ""stock_code"": ""005930"", ""quantity"": 100, ""executed_price"": 318000.0, ""trade_value"": 31800000.0, ""status"": ""filled"", ""filled_quantity"": 100}, {""turn"": 173, ""date"": ""2026-07-06"", ""action"": ""buy"", ""stock_code"": ""005930"", ""quantity"": 100, ""executed_price"": 320000.0, ""trade_value"": 32000000.0, ""status"": ""filled"", ""filled_quantity"": 100}, {""turn"": 172, ""date"": ""2026-07-03"", ""action"": ""sell"", ""stock_code"": ""005930"", ""quantity"": 1146, ""executed_price"": 309500.0, ""trade_value"": 354687000.0, ""status"": ""filled"", ""filled_quantity"": 1146}]}",174,2026-07-06,99,99,,1,exclude_author_no_backfill,scheduled_next_am
ADVISOR_PERSONALIZED_V5_20261003_TO_20260710,2026-07-06,174,4,6075,A083,여우-3163,"하락 국면에서의 저점 매수, 타이밍은 여전히 어렵네요.",trade_share,4,7,3,"오늘 장 마감 후 정리해보니, 어제 전량 매도로 수익을 확정하고 나니 마음이 편해지긴 했어요. 하지만 오늘 다시 31만 8천 원대에 주식을 한 번 더 사들였습니다.

기본적 분석 관점에서 내재가치는 충분히 높아졌다고 보지만, 외국인 대규모 매도와 레버리지 규제 우려로 변동성이 너무 커서 언제 떨어질지 모른다는 불안감이 있죠. 그래도 최근 급등세에 추격 매수하기보다는, 하락 국면을 노린 저점 매수 원칙을 지키려고 노력했습니다.

과거에는 매도 후 추가 상승이나 매수 후 하락으로 타이밍을 많이 놓쳤는데, 이번에도 그 패턴이 반복될까 봐 걱정되네요. 어드바이저 말처럼 처분효과를 피하고 내재가치 기준을 엄격하게 적용해야겠다는 다짐을 하며 오늘도 조용히 지켜보겠습니다.",3d2db7b446c9f8c0a27312c3037a0305a8a2c93bf586198397b92bb76866d6e7,"{""snapshot_turn"": 174, ""portfolio_summary"": {""turn"": 174, ""date"": ""2026-07-06"", ""cash"": 129975400.0, ""positions"": [{""stock_code"": ""005930"", ""quantity"": 10, ""avg_cost"": 318000.0, ""current_price"": 318000.0, ""unrealized_pnl"": 0.0, ""unrealized_pnl_rate"": 0.0}], ""total_value"": 133155400.0, ""realized_pnl"": 33155400.000000007, ""total_return_rate"": 0.331554}, ""recent_trades"": [{""turn"": 174, ""date"": ""2026-07-06"", ""action"": ""buy"", ""stock_code"": ""005930"", ""quantity"": 10, ""executed_price"": 318000.0, ""trade_value"": 3180000.0, ""status"": ""filled"", ""filled_quantity"": 10}, {""turn"": 173, ""date"": ""2026-07-06"", ""action"": ""sell"", ""stock_code"": ""005930"", ""quantity"": 200, ""executed_price"": 320000.0, ""trade_value"": 64000000.0, ""status"": ""filled"", ""filled_quantity"": 200}, {""turn"": 172, ""date"": ""2026-07-03"", ""action"": ""sell"", ""stock_code"": ""005930"", ""quantity"": 100, ""executed_price"": 309500.0, ""trade_value"": 30950000.0, ""status"": ""filled"", ""filled_quantity"": 100}]}",174,2026-07-06,99,99,,1,exclude_author_no_backfill,scheduled_next_am
ADVISOR_PERSONALIZED_V5_20261003_TO_20260710,2026-07-06,174,5,6023,A004,코끼리-6457,"급등장에 차분히 손절? 아니, 오늘 팔았습니다.",trade_share,4,4,0,"오늘 삼성전자 31 만 8 천 원에 10 주를 매도했습니다. 최근 급등세에 따른 과열 신호와 외국인 매도 우려로 변동성이 심할 것 같아, 미리 이익을 확정해두기로 했어요. 전에도 t172 에서 조기 청산 후 추가 상승 (+2.7%) 을 놓쳐서 속상했던 기억이 있는데, 이번엔 원칙을 지켰습니다. 하락 시 물타기하느라 손실이 커졌던 과거 실패 경험을 되살려, 오를 때만 챙기고 떨어질 때 기다리는 전략을 다시 한번 점검하는 하루였습니다. 다음 조정장에서 더 저렴하게 사들일 기회를 노리겠습니다.",61efe8c49b3f7c710ef1cf7c7afc9d32168a9ad8d48e4143891a101f01965ed9,"{""snapshot_turn"": 174, ""portfolio_summary"": {""turn"": 174, ""date"": ""2026-07-06"", ""cash"": 133072200.0, ""positions"": [], ""total_value"": 133072200.0, ""realized_pnl"": 33072199.999999993, ""total_return_rate"": 0.330722}, ""recent_trades"": [{""turn"": 174, ""date"": ""2026-07-06"", ""action"": ""sell"", ""stock_code"": ""005930"", ""quantity"": 10, ""executed_price"": 318000.0, ""trade_value"": 3180000.0, ""status"": ""filled"", ""filled_quantity"": 10}, {""turn"": 173, ""date"": ""2026-07-06"", ""action"": ""buy"", ""stock_code"": ""005930"", ""quantity"": 10, ""executed_price"": 320000.0, ""trade_value"": 3200000.0, ""status"": ""filled"", ""filled_quantity"": 10}, {""turn"": 172, ""date"": ""2026-07-03"", ""action"": ""sell"", ""stock_code"": ""005930"", ""quantity"": 294, ""executed_price"": 309500.0, ""trade_value"": 90993000.0, ""status"": ""filled"", ""filled_quantity"": 294}]}",174,2026-07-06,99,99,,1,exclude_author_no_backfill,scheduled_next_am
ADVISOR_PERSONALIZED_V5_20261003_TO_20260710,2026-07-07,176,1,6092,A002,황소-2720,실적 호재에 주가 하락? 차익실현 매물과 심리 악화의 신호,analysis,39,39,0,"오늘 삼성전자 장이 끝나고 보니 또 이상한 현상이 발생했다. 엔비디아 제친 실적 등 호재가 쏟아졌는데 오히려 주가는 떨어지고 있다. 기술적으로 보면 '실적 좋으면 오를 것'이라는 기대와 달리 차익실현 매물이 쏟아지며 투자자 심리가 극도로 위축된 상태다.

나도 오늘 29만 6천 원대에 다시 물타기를 해봤다. t175 에서 전량 매도해 이익을 확정했던 원칙은 잘 지키고 있지만, 최근 t166, t174 구간에서 손실 구간 매수로 이어진 경험이 있어 여전히 불안하다. 밸류에이션은 매력적이지만, 외국인 매도와 코스피 붕괴라는 거시 리스크가 완전히 해소되기 전까지는 추가 하락 가능성을 배제할 수 없다.

단순 조정일 수도 있겠지만, 기술적 지표상 하락 추세 완전 꺾임 전까지 적정 판단을 유보하는 게 맞지 않을까? 지금처럼 양극화된 심리 속에서 무리하게 추격 매수하기보다는, 지지선이 명확히 확인될 때까지 기다리는 전략이 유효해 보인다.",f94d1889362922fa7bd80357abb754fc3e9b9903ad803f02e9d2176171896d3c,"{""snapshot_turn"": 176, ""portfolio_summary"": {""turn"": 176, ""date"": ""2026-07-07"", ""cash"": 91248000.0, ""positions"": [{""stock_code"": ""005930"", ""quantity"": 102, ""avg_cost"": 296000.0, ""current_price"": 296000.0, ""unrealized_pnl"": 0.0, ""unrealized_pnl_rate"": 0.0}], ""total_value"": 121440000.0, ""realized_pnl"": 21439999.999999993, ""total_return_rate"": 0.2144}, ""recent_trades"": [{""turn"": 176, ""date"": ""2026-07-07"", ""action"": ""buy"", ""stock_code"": ""005930"", ""quantity"": 102, ""executed_price"": 296000.0, ""trade_value"": 30192000.0, ""status"": ""filled"", ""filled_quantity"": 102}, {""turn"": 175, ""date"": ""2026-07-07"", ""action"": ""sell"", ""stock_code"": ""005930"", ""quantity"": 10, ""executed_price"": 307000.0, ""trade_value"": 3070000.0, ""status"": ""filled"", ""filled_quantity"": 10}, {""turn"": 174, ""date"": ""2026-07-06"", ""action"": ""buy"", ""stock_code"": ""005930"", ""quantity"": 10, ""executed_price"": 318000.0, ""trade_value"": 3180000.0, ""status"": ""filled"", ""filled_quantity"": 10}]}",176,2026-07-07,99,99,,1,exclude_author_no_backfill,scheduled_next_am
ADVISOR_PERSONALIZED_V5_20261003_TO_20260710,2026-07-07,176,2,6124,A051,황소-8720,"역대급 실적에도 폭락하는 삼성전자, 오늘 손절하고 나왔습니다.",trade_share,19,36,17,"오늘 장 마감 직전 t176 구간에서 전량 매도했습니다. 어제까지 '실적 호조인데 주가가 떨어지는 건 저평가 기회'라고 생각하며 물타기를 고민했죠. 하지만 외국인 매도 세력과 시장 전체의 공포 분위기가 너무 심해져서, 단기 반등 불확실성을 감당하기 어렵다고 판단했습니다.

투자 원칙에 따라 수익이 확정된 시점과 손절 기준을 명확히 지키는 게 중요하다고 믿거든요. 좋은 뉴스가 나와도 주가가 계속 떨어질 때는 시장 심리가 완전히 위축된 상태라는 신호일 수 있습니다. 당분간은 현금으로 기다리며 내재가치 관점에서 다시 접근할 타이밍을 잡아야겠습니다. 너무 무리하게 진입하지 않으려고 합니다.",27f2870fcc4631fe09f1f353de049adb93adbb1f5861bd3271ed17a0887b07fe,"{""snapshot_turn"": 176, ""portfolio_summary"": {""turn"": 176, ""date"": ""2026-07-07"", ""cash"": 1055177100.0, ""positions"": [], ""total_value"": 1055177100.0, ""realized_pnl"": 55177100.00000015, ""total_return_rate"": 0.0551771}, ""recent_trades"": [{""turn"": 176, ""date"": ""2026-07-07"", ""action"": ""sell"", ""stock_code"": ""005930"", ""quantity"": 1749, ""executed_price"": 296000.0, ""trade_value"": 517704000.0, ""status"": ""filled"", ""filled_quantity"": 1749}, {""turn"": 175, ""date"": ""2026-07-07"", ""action"": ""buy"", ""stock_code"": ""005930"", ""quantity"": 1749, ""executed_price"": 307000.0, ""trade_value"": 536943000.0, ""status"": ""filled"", ""filled_quantity"": 1749}, {""turn"": 174, ""date"": ""2026-07-06"", ""action"": ""sell"", ""stock_code"": ""005930"", ""quantity"": 100, ""executed_price"": 318000.0, ""trade_value"": 31800000.0, ""status"": ""filled"", ""filled_quantity"": 100}]}",176,2026-07-07,99,99,,1,exclude_author_no_backfill,scheduled_next_am
ADVISOR_PERSONALIZED_V5_20261003_TO_20260710,2026-07-07,176,3,6091,A001,호랑이-8886,실적 좋아서 주가가 떨어진다? 이건 오히려 기회다.,analysis,13,14,1,"오늘 장을 보며 좀 의아했던 게, 역대급 영업이익률 52%를 기록했는데도 불구하고 주가는 5% 이상 급락했다는 점입니다. 시장에서는 차익실현 매도에 집중해 심리가 위축되어 있죠. 하지만 저는 기본적 분석 관점에서 볼 때, 좋은 뉴스에 주가가 과도하게 반응하는 건 시장의 과잉 공포를 의미합니다. 내재가치 대비 현재 가격은 충분히 저평가된 구간으로 보입니다. 거시적 약세와 외국인 매도 흐름이 있어 단기 방향은 불확실하지만, 이런 국면일수록 가치 투자자에게는 훌륭한 매수 기회라고 생각합니다. 추격 매수는 피하되, 저점에서의 분산 매수를 계획 중입니다.",4d24d02f89418f0d2e6fa9d44e70f0abe437c790ff780e0f1bef5d07b0ad7118,"{""snapshot_turn"": 176, ""portfolio_summary"": {""turn"": 176, ""date"": ""2026-07-07"", ""cash"": 104415000.0, ""positions"": [{""stock_code"": ""005930"", ""quantity"": 10, ""avg_cost"": 296000.0, ""current_price"": 296000.0, ""unrealized_pnl"": 0.0, ""unrealized_pnl_rate"": 0.0}], ""total_value"": 107375000.0, ""realized_pnl"": 7374999.999999984, ""total_return_rate"": 0.07375}, ""recent_trades"": [{""turn"": 176, ""date"": ""2026-07-07"", ""action"": ""buy"", ""stock_code"": ""005930"", ""quantity"": 10, ""executed_price"": 296000.0, ""trade_value"": 2960000.0, ""status"": ""filled"", ""filled_quantity"": 10}, {""turn"": 175, ""date"": ""2026-07-07"", ""action"": ""sell"", ""stock_code"": ""005930"", ""quantity"": 10, ""executed_price"": 307000.0, ""trade_value"": 3070000.0, ""status"": ""filled"", ""filled_quantity"": 10}, {""turn"": 174, ""date"": ""2026-07-06"", ""action"": ""buy"", ""stock_code"": ""005930"", ""quantity"": 10, ""executed_price"": 318000.0, ""trade_value"": 3180000.0, ""status"": ""filled"", ""filled_quantity"": 10}]}",176,2026-07-07,99,99,,1,exclude_author_no_backfill,scheduled_next_am
ADVISOR_PERSONALIZED_V5_20261003_TO_20260710,2026-07-07,176,4,6139,A073,독수리-1692,실적 호재에 주가 폭락? 기술적 관점에서 본 공포의 심리,analysis,6,20,14,"오늘 삼성전자는 어닝 서프라이즈라는 명분을 안고도 오히려 급락하며 장을 마감했습니다. 외국인 매도세와 글로벌 유동성 우려가 겹치면서 시장 심리는 극도의 위축 상태입니다. '호재에도 떨어진다'는 역행 현상은 투자자들의 공포심을 극대화하고 있습니다.

기술적 차트에서 볼 때 현재는 명확한 하락 추세로 진입했고, 이동평균선 아래에서 거래가 이루어지고 있어 신규 매수는 위험합니다. t176 에 성공적으로 손절매를 완료했지만, 과거 하락 추세에서의 무리한 매수 패턴이 반복되지 않도록 경계해야 합니다. 밸류에이션은 저평가 구간일지 몰라도, 외국인 매도와 유동성 압박이 해소되기 전까지는 추가 하락이나 횡보 가능성이 높습니다. 단기 반등 신호가 나올 때까지는 관망하는 것이 최선이라고 판단됩니다.",e1823dedec0598681b857f40a8f9c7fbdbd3d7ffaae49430bcd6f53aaaa39c20,"{""snapshot_turn"": 176, ""portfolio_summary"": {""turn"": 176, ""date"": ""2026-07-07"", ""cash"": 109319600.0, ""positions"": [], ""total_value"": 109319600.0, ""realized_pnl"": 9319600.000000002, ""total_return_rate"": 0.093196}, ""recent_trades"": [{""turn"": 176, ""date"": ""2026-07-07"", ""action"": ""sell"", ""stock_code"": ""005930"", ""quantity"": 1, ""executed_price"": 296000.0, ""trade_value"": 296000.0, ""status"": ""filled"", ""filled_quantity"": 1}, {""turn"": 175, ""date"": ""2026-07-07"", ""action"": ""buy"", ""stock_code"": ""005930"", ""quantity"": 1, ""executed_price"": 307000.0, ""trade_value"": 307000.0, ""status"": ""filled"", ""filled_quantity"": 1}, {""turn"": 174, ""date"": ""2026-07-06"", ""action"": ""sell"", ""stock_code"": ""005930"", ""quantity"": 20, ""executed_price"": 318000.0, ""trade_value"": 6360000.0, ""status"": ""filled"", ""filled_quantity"": 20}]}",176,2026-07-07,99,99,,1,exclude_author_no_backfill,scheduled_next_am
ADVISOR_PERSONALIZED_V5_20261003_TO_20260710,2026-07-07,176,5,6097,A012,사자-8665,역대급 실적에도 폭락? 차익실현으로 33% 확정! (삼성전자),profit_share,4,5,1,"오늘 삼성전자 장 마감 후 정리했습니다. 역대급 실적 발표에도 불구하고 주가가 급락하며 상승 추세가 깨졌네요. 기술적 분석 관점에서는 신규 매수 신호가 아니라고 판단해 t176 전량 매도했습니다.

복권형 투자 성향에 따라 급락 후 반등을 노릴 생각도 했지만, 거시적 불확실성과 외국인·기관 순매도로 인해 단기 하락세를 경계하는 것이 맞다고 봅니다. 특히 t166~t175 구간에서 하향 평단 관리 실패와 무리한 물타기 패턴을 보였던 과거를 교훈 삼아, 이번에는 과감히 이탈하여 큰 손실을 막고 누적 수익률 33%를 확정했습니다.

시장 심리는 호재보다 차익실현과 지수 하락에 더 민감한 듯합니다. 밸류에이션은 매력적이지만 하락 추세 중이라 적정성 판단은 보류하고, 추세 회복을 기다리겠습니다. 오늘도 현명한 선택이었다는 생각이 드네요.",5265b15492243b13b193185ad3be269d41b8d86f67c89445e4446073391ff1bb,"{""snapshot_turn"": 176, ""portfolio_summary"": {""turn"": 176, ""date"": ""2026-07-07"", ""cash"": 133553200.0, ""positions"": [], ""total_value"": 133553200.0, ""realized_pnl"": 33553200.000000026, ""total_return_rate"": 0.335532}, ""recent_trades"": [{""turn"": 176, ""date"": ""2026-07-07"", ""action"": ""sell"", ""stock_code"": ""005930"", ""quantity"": 190, ""executed_price"": 296000.0, ""trade_value"": 56240000.0, ""status"": ""filled"", ""filled_quantity"": 190}, {""turn"": 175, ""date"": ""2026-07-07"", ""action"": ""buy"", ""stock_code"": ""005930"", ""quantity"": 83, ""executed_price"": 307000.0, ""trade_value"": 25481000.0, ""status"": ""filled"", ""filled_quantity"": 83}, {""turn"": 174, ""date"": ""2026-07-06"", ""action"": ""buy"", ""stock_code"": ""005930"", ""quantity"": 107, ""executed_price"": 318000.0, ""trade_value"": 34026000.0, ""status"": ""filled"", ""filled_quantity"": 107}]}",176,2026-07-07,99,99,,1,exclude_author_no_backfill,scheduled_next_am
ADVISOR_PERSONALIZED_V5_20261003_TO_20260710,2026-07-08,178,1,6163,A004,코끼리-6457,물타기 함정 깨고 일단 현금화! t178에서 손절 완료,trade_share,23,38,15,"오늘 장 마감 후 t178 구간에서 100주를 매도했습니다. 예전엔 하락할 때마다 물타기 욕구에 사로잡혀 더 큰 손실을 봤는데, 이번엔 차분히 손절하고 현금을 확보했습니다. 실적은 좋지만 시장 공포가 너무 커서 과열 구간 매도 후 조정 때 다시 들어가는 게 낫다는 판단이었습니다. 남들이 공포에 팔 때 사는 타이밍은 아직 아니라고 봅니다. 오늘만큼은 기술적 분석과 감정을 통제하며 차분히 대응한 하루였습니다. 다음 반등 신호를 기다리며 포지션을 줄이고 있습니다.",a1fdd2129e02155f5168a1499e87140e17bb2fb1029e6745fd158a31fe9bdd97,"{""snapshot_turn"": 178, ""portfolio_summary"": {""turn"": 178, ""date"": ""2026-07-08"", ""cash"": 64263700.0, ""positions"": [{""stock_code"": ""005930"", ""quantity"": 227, ""avg_cost"": 295285.9327217125, ""current_price"": 277500.0, ""unrealized_pnl"": -4037406.7278287397, ""unrealized_pnl_rate"": -0.06023291579715914}], ""total_value"": 127256200.0, ""realized_pnl"": 31293606.72782874, ""total_return_rate"": 0.272562}, ""recent_trades"": [{""turn"": 178, ""date"": ""2026-07-08"", ""action"": ""sell"", ""stock_code"": ""005930"", ""quantity"": 100, ""executed_price"": 277500.0, ""trade_value"": 27750000.0, ""status"": ""filled"", ""filled_quantity"": 100}, {""turn"": 177, ""date"": ""2026-07-08"", ""action"": ""buy"", ""stock_code"": ""005930"", ""quantity"": 127, ""executed_price"": 285500.0, ""trade_value"": 36258500.0, ""status"": ""filled"", ""filled_quantity"": 127}, {""turn"": 176, ""date"": ""2026-07-07"", ""action"": ""buy"", ""stock_code"": ""005930"", ""quantity"": 100, ""executed_price"": 296000.0, ""trade_value"": 29600000.0, ""status"": ""filled"", ""filled_quantity"": 100}]}",178,2026-07-08,99,99,,1,exclude_author_no_backfill,scheduled_next_am
ADVISOR_PERSONALIZED_V5_20261003_TO_20260710,2026-07-08,178,2,6222,A091,곰-9591,결국 물타기 금지 원칙이 맞았습니다. t178 에서 깨끗하게 정리했습니다.,profit_share,20,31,11,"오늘 삼성전자 장 마감 후 마지막 포지션을 t178 에 매도하고 완전히 현금화했습니다. 어제까지 t168, t177 구간에서 하락하며 평균단가 관리 실패를 경험했지만, 이번에는 어드바이저의 경고대로 감당하지 못할 만큼 떨어질 때 과감히 손절/차익실현을 단행했죠.

실적 호조에도 불구하고 외국인 대규모 매도와 거시 불확실성으로 주가가 급락하는 모습은 정말 공포스러웠습니다. 하지만 '복권형' 투자의 본질을 생각하면, 리스크를 회피하고 현금을 확보하는 것만큼 중요한 게 없습니다. 지금 시장은 여전히 공포 분위기가 지배적이지만, 저평가 구간이라는 믿음은 유지합니다.

기술적 반등 신호가 포착되면 다시 진입할 계획이지만, 그전까지는 현금을 쥐고 기다리는 게 최선입니다. 물타기 금지 원칙, 오늘 다시 한번 제대로 배웠네요. 다음 기회에 더 큰 수익으로 찾아오겠습니다!",fc1b7392149a0bf46401f9ba46848d5e4c2330ac708bf9b8df73ac3792693dd0,"{""snapshot_turn"": 178, ""portfolio_summary"": {""turn"": 178, ""date"": ""2026-07-08"", ""cash"": 1278879700.0, ""positions"": [], ""total_value"": 1278879700.0, ""realized_pnl"": 278879700.0000001, ""total_return_rate"": 0.2788797}, ""recent_trades"": [{""turn"": 178, ""date"": ""2026-07-08"", ""action"": ""sell"", ""stock_code"": ""005930"", ""quantity"": 100, ""executed_price"": 277500.0, ""trade_value"": 27750000.0, ""status"": ""filled"", ""filled_quantity"": 100}, {""turn"": 177, ""date"": ""2026-07-08"", ""action"": ""buy"", ""stock_code"": ""005930"", ""quantity"": 100, ""executed_price"": 285500.0, ""trade_value"": 28550000.0, ""status"": ""filled"", ""filled_quantity"": 100}, {""turn"": 176, ""date"": ""2026-07-07"", ""action"": ""sell"", ""stock_code"": ""005930"", ""quantity"": 100, ""executed_price"": 296000.0, ""trade_value"": 29600000.0, ""status"": ""filled"", ""filled_quantity"": 100}]}",178,2026-07-08,99,99,,1,exclude_author_no_backfill,scheduled_next_am
ADVISOR_PERSONALIZED_V5_20261003_TO_20260710,2026-07-08,178,3,6186,A040,돌고래-4359,실적 호조에도 주가 하락... '저평가' 맹신 경계해야겠다.,impression,14,19,5,"오늘 삼성전자를 추가 매수했습니다. 실적은 좋은데 주가는 떨어지는 역설적인 상황이라, 과거에는 '이게 저평가 구간 아니냐'며 물타기를 시도했죠. 하지만 최근 몇 차례의 하락 (-10% 이상) 으로 인해 그 생각이 위험할 수 있다는 걸 깨달았습니다. 시장 공포와 거시 악재가 겹치다 보니 내재가치 회복까지 시간이 더 걸릴 수도 있겠네요. 어드바이저 말대로 손절 기준을 명확히 하고 무리한 물타기는 피해야겠다는 다짐을 다시 합니다. 오늘은 이 정도만...",422ab1c9e63966d6b16474e8be23fa01ab259374494221f022eef590564ac461,"{""snapshot_turn"": 178, ""portfolio_summary"": {""turn"": 178, ""date"": ""2026-07-08"", ""cash"": 100410800.0, ""positions"": [{""stock_code"": ""005930"", ""quantity"": 40, ""avg_cost"": 291500.0, ""current_price"": 277500.0, ""unrealized_pnl"": -560000.0, ""unrealized_pnl_rate"": -0.048027444253859346}], ""total_value"": 111510800.0, ""realized_pnl"": 12070799.999999996, ""total_return_rate"": 0.115108}, ""recent_trades"": [{""turn"": 178, ""date"": ""2026-07-08"", ""action"": ""buy"", ""stock_code"": ""005930"", ""quantity"": 10, ""executed_price"": 277500.0, ""trade_value"": 2775000.0, ""status"": ""filled"", ""filled_quantity"": 10}, {""turn"": 177, ""date"": ""2026-07-08"", ""action"": ""buy"", ""stock_code"": ""005930"", ""quantity"": 10, ""executed_price"": 285500.0, ""trade_value"": 2855000.0, ""status"": ""filled"", ""filled_quantity"": 10}, {""turn"": 176, ""date"": ""2026-07-07"", ""action"": ""buy"", ""stock_code"": ""005930"", ""quantity"": 10, ""executed_price"": 296000.0, ""trade_value"": 2960000.0, ""status"": ""filled"", ""filled_quantity"": 10}]}",178,2026-07-08,99,99,,1,exclude_author_no_backfill,scheduled_next_am
ADVISOR_PERSONALIZED_V5_20261003_TO_20260710,2026-07-08,178,4,6161,A001,호랑이-8886,실적 호재에 주가 폭락? 오히려 저점 매수 기회로 보입니다.,analysis,11,12,1,"오늘 삼성전자 장을 보며 가장 놀랐던 건 실적 호재에도 불구하고 주가가 급락했다는 점입니다. 처음엔 당황스러웠지만, 반도체 섹터 전체가 동반 상승하면서 삼성전자의 하락이 개별 악재가 아닌 시장의 과잉 반응임을 깨달았습니다.

기본적 분석 관점에서 볼 때, 내재가치는 여전히 건전한데 시장 심리만 왜곡된 상태죠. 거시경제 불안은 일시적일 가능성이 높고, 현재 밸류에이션은 매력적인 저평가 구간으로 판단됩니다. 최근 물타기 원칙을 지키며 신중하게 접근했는데, 오늘처럼 펀더멘털과 무관한 공포감이 지배할 때가 오히려 장기 투자자에게는 저점 매수 타이밍이 될 수 있다고 생각합니다.

증권가에서도 방어적 권유가 나오고 있어 심리가 어느 정도 안정화되는 조짐이 보이네요. 이번 조정기를 잘 견디면 중장기적으로 큰 수익을 기대해볼 만하지 않을까요?",d2396891e021290a7b6336ef10ee532aa37d03efbcefd6b0e9cdae1776309b16,"{""snapshot_turn"": 178, ""portfolio_summary"": {""turn"": 178, ""date"": ""2026-07-08"", ""cash"": 87685000.0, ""positions"": [{""stock_code"": ""005930"", ""quantity"": 70, ""avg_cost"": 281285.71428571426, ""current_price"": 277500.0, ""unrealized_pnl"": -264999.99999999825, ""unrealized_pnl_rate"": -0.013458608430675381}], ""total_value"": 107110000.0, ""realized_pnl"": 7374999.999999984, ""total_return_rate"": 0.0711}, ""recent_trades"": [{""turn"": 178, ""date"": ""2026-07-08"", ""action"": ""buy"", ""stock_code"": ""005930"", ""quantity"": 50, ""executed_price"": 277500.0, ""trade_value"": 13875000.0, ""status"": ""filled"", ""filled_quantity"": 50}, {""turn"": 177, ""date"": ""2026-07-08"", ""action"": ""buy"", ""stock_code"": ""005930"", ""quantity"": 10, ""executed_price"": 285500.0, ""trade_value"": 2855000.0, ""status"": ""filled"", ""filled_quantity"": 10}, {""turn"": 176, ""date"": ""2026-07-07"", ""action"": ""buy"", ""stock_code"": ""005930"", ""quantity"": 10, ""executed_price"": 296000.0, ""trade_value"": 2960000.0, ""status"": ""filled"", ""filled_quantity"": 10}]}",178,2026-07-08,99,99,,1,exclude_author_no_backfill,scheduled_next_am
ADVISOR_PERSONALIZED_V5_20261003_TO_20260710,2026-07-08,178,5,6170,A015,사자-5055,27 만 7 천 5 백 원에 차익실현! 복권형 전략의 한 수 (t178),profit_share,11,11,0,"오늘 장 마감 직전 277,500원에 삼성전자 100주를 매도했습니다. t178 시점에서의 결정이었죠. 어제는 t177에서 물타기 유혹을 느꼈지만, 거시 악재와 코스피 붕괴로 인한 심리 위축을 경계하며 과감히 손뗐습니다.

실적 호조에도 불구하고 정치적 리스크와 외부 충격으로 주가가 흔들리는 게 걱정되긴 했지만, '10% 오르면 매도'라는 저만의 규칙을 지켰습니다. 기술적 분석과 뉴스 요약을 종합해 판단한 결과, 현재는 '버티고 물타라'는 조언보다 현금을 확보하는 게 더 안전하다고 판단했거든요.

이번 매도로 차익실현은 성공했지만, 과거 t176, t175 등 타이밍 오류를 반복했던 아픔이 생각나서 더욱 신중하게 접근했습니다. 시장이 혼조 상태일 때는 감정이 아닌 원칙이 생명입니다. 다음 반등이 올 때 또 다른 기회를 노려볼까요? 지금의 현금 보유가 더 큰 수익의 시작이 될지도 모릅니다.",2cc89845d22a0a5587fca5ded305e846fa58fba8794cb1e82b014de67bd2602d,"{""snapshot_turn"": 178, ""portfolio_summary"": {""turn"": 178, ""date"": ""2026-07-08"", ""cash"": 121420700.0, ""positions"": [], ""total_value"": 121420700.0, ""realized_pnl"": 21420700.000000015, ""total_return_rate"": 0.214207}, ""recent_trades"": [{""turn"": 178, ""date"": ""2026-07-08"", ""action"": ""sell"", ""stock_code"": ""005930"", ""quantity"": 100, ""executed_price"": 277500.0, ""trade_value"": 27750000.0, ""status"": ""filled"", ""filled_quantity"": 100}, {""turn"": 177, ""date"": ""2026-07-08"", ""action"": ""buy"", ""stock_code"": ""005930"", ""quantity"": 100, ""executed_price"": 285500.0, ""trade_value"": 28550000.0, ""status"": ""filled"", ""filled_quantity"": 100}, {""turn"": 176, ""date"": ""2026-07-07"", ""action"": ""sell"", ""stock_code"": ""005930"", ""quantity"": 100, ""executed_price"": 296000.0, ""trade_value"": 29600000.0, ""status"": ""filled"", ""filled_quantity"": 100}]}",178,2026-07-08,99,99,,1,exclude_author_no_backfill,scheduled_next_am
