run_id,date,turn,subturn,stock_code,agent_id,source_ltb_id,source_stb_id,analysis_id,decision_id,fill_id,post_fill_ltb_id,action,quantity,executed_price,fee,status
offline_neutral_skip_e2e_20260918,2026-02-27,1,am,005930,A001,ltb_A001_t000,stb_A001_t001,analysis_A001_t001,decision_A001_t001,fill_A001_t001,ltb_A001_t001,buy,10,210000.0,0.0,filled
offline_neutral_skip_e2e_20260918,2026-02-27,1,am,005930,A002,ltb_A002_t000,stb_A002_t001,analysis_A002_t001,decision_A002_t001,fill_A002_t001,ltb_A002_t001,buy,10,210000.0,0.0,filled
offline_neutral_skip_e2e_20260918,2026-02-27,1,am,005930,A003,ltb_A003_t000,stb_A003_t001,analysis_A003_t001,decision_A003_t001,fill_A003_t001,ltb_A003_t001,buy,10,210000.0,0.0,filled
offline_neutral_skip_e2e_20260918,2026-02-27,1,am,005930,A004,ltb_A004_t000,stb_A004_t001,analysis_A004_t001,decision_A004_t001,fill_A004_t001,ltb_A004_t001,buy,10,210000.0,0.0,filled
offline_neutral_skip_e2e_20260918,2026-02-27,1,am,005930,A005,ltb_A005_t000,stb_A005_t001,analysis_A005_t001,decision_A005_t001,fill_A005_t001,ltb_A005_t001,buy,10,210000.0,0.0,filled
offline_neutral_skip_e2e_20260918,2026-02-27,1,am,005930,A006,ltb_A006_t000,stb_A006_t001,analysis_A006_t001,decision_A006_t001,fill_A006_t001,ltb_A006_t001,buy,10,210000.0,0.0,filled
offline_neutral_skip_e2e_20260918,2026-02-27,1,am,005930,A007,ltb_A007_t000,stb_A007_t001,analysis_A007_t001,decision_A007_t001,fill_A007_t001,ltb_A007_t001,buy,10,210000.0,0.0,filled
offline_neutral_skip_e2e_20260918,2026-02-27,2,pm,005930,A001,ltb_A001_t001,stb_A001_t002,analysis_A001_t002,decision_A001_t002,fill_A001_t002,ltb_A001_t002,buy,10,216500.0,0.0,filled
offline_neutral_skip_e2e_20260918,2026-02-27,2,pm,005930,A002,ltb_A002_t001,stb_A002_t002,analysis_A002_t002,decision_A002_t002,fill_A002_t002,ltb_A002_t002,buy,10,216500.0,0.0,filled
offline_neutral_skip_e2e_20260918,2026-02-27,2,pm,005930,A003,ltb_A003_t001,stb_A003_t002,analysis_A003_t002,decision_A003_t002,fill_A003_t002,ltb_A003_t002,buy,10,216500.0,0.0,filled
offline_neutral_skip_e2e_20260918,2026-02-27,2,pm,005930,A004,ltb_A004_t001,stb_A004_t002,analysis_A004_t002,decision_A004_t002,fill_A004_t002,ltb_A004_t002,buy,10,216500.0,0.0,filled
offline_neutral_skip_e2e_20260918,2026-02-27,2,pm,005930,A005,ltb_A005_t001,stb_A005_t002,analysis_A005_t002,decision_A005_t002,fill_A005_t002,ltb_A005_t002,buy,10,216500.0,0.0,filled
offline_neutral_skip_e2e_20260918,2026-02-27,2,pm,005930,A006,ltb_A006_t001,stb_A006_t002,analysis_A006_t002,decision_A006_t002,fill_A006_t002,ltb_A006_t002,buy,10,216500.0,0.0,filled
offline_neutral_skip_e2e_20260918,2026-02-27,2,pm,005930,A007,ltb_A007_t001,stb_A007_t002,analysis_A007_t002,decision_A007_t002,fill_A007_t002,ltb_A007_t002,buy,10,216500.0,0.0,filled
offline_neutral_skip_e2e_20260918,2026-03-03,3,am,005930,A001,ltb_A001_t002,stb_A001_t003,analysis_A001_t003,decision_A001_t003,fill_A001_t003,ltb_A001_t003,buy,10,209500.0,0.0,filled
offline_neutral_skip_e2e_20260918,2026-03-03,3,am,005930,A002,ltb_A002_t002,stb_A002_t003,analysis_A002_t003,decision_A002_t003,fill_A002_t003,ltb_A002_t003,buy,10,209500.0,0.0,filled
offline_neutral_skip_e2e_20260918,2026-03-03,3,am,005930,A003,ltb_A003_t002,stb_A003_t003,analysis_A003_t003,decision_A003_t003,fill_A003_t003,ltb_A003_t003,buy,10,209500.0,0.0,filled
offline_neutral_skip_e2e_20260918,2026-03-03,3,am,005930,A004,ltb_A004_t002,stb_A004_t003,analysis_A004_t003,decision_A004_t003,fill_A004_t003,ltb_A004_t003,buy,10,209500.0,0.0,filled
offline_neutral_skip_e2e_20260918,2026-03-03,3,am,005930,A005,ltb_A005_t002,stb_A005_t003,analysis_A005_t003,decision_A005_t003,fill_A005_t003,ltb_A005_t003,buy,10,209500.0,0.0,filled
offline_neutral_skip_e2e_20260918,2026-03-03,3,am,005930,A006,ltb_A006_t002,stb_A006_t003,analysis_A006_t003,decision_A006_t003,fill_A006_t003,ltb_A006_t003,buy,10,209500.0,0.0,filled
offline_neutral_skip_e2e_20260918,2026-03-03,3,am,005930,A007,ltb_A007_t002,stb_A007_t003,analysis_A007_t003,decision_A007_t003,fill_A007_t003,ltb_A007_t003,buy,10,209500.0,0.0,filled
offline_neutral_skip_e2e_20260918,2026-03-03,4,pm,005930,A001,ltb_A001_t003,stb_A001_t004,analysis_A001_t004,decision_A001_t004,fill_A001_t004,ltb_A001_t004,buy,10,195100.0,0.0,filled
offline_neutral_skip_e2e_20260918,2026-03-03,4,pm,005930,A002,ltb_A002_t003,stb_A002_t004,analysis_A002_t004,decision_A002_t004,fill_A002_t004,ltb_A002_t004,buy,10,195100.0,0.0,filled
offline_neutral_skip_e2e_20260918,2026-03-03,4,pm,005930,A003,ltb_A003_t003,stb_A003_t004,analysis_A003_t004,decision_A003_t004,fill_A003_t004,ltb_A003_t004,buy,10,195100.0,0.0,filled
offline_neutral_skip_e2e_20260918,2026-03-03,4,pm,005930,A004,ltb_A004_t003,stb_A004_t004,analysis_A004_t004,decision_A004_t004,fill_A004_t004,ltb_A004_t004,buy,10,195100.0,0.0,filled
offline_neutral_skip_e2e_20260918,2026-03-03,4,pm,005930,A005,ltb_A005_t003,stb_A005_t004,analysis_A005_t004,decision_A005_t004,fill_A005_t004,ltb_A005_t004,buy,10,195100.0,0.0,filled
offline_neutral_skip_e2e_20260918,2026-03-03,4,pm,005930,A006,ltb_A006_t003,stb_A006_t004,analysis_A006_t004,decision_A006_t004,fill_A006_t004,ltb_A006_t004,buy,10,195100.0,0.0,filled
offline_neutral_skip_e2e_20260918,2026-03-03,4,pm,005930,A007,ltb_A007_t003,stb_A007_t004,analysis_A007_t004,decision_A007_t004,fill_A007_t004,ltb_A007_t004,buy,10,195100.0,0.0,filled
offline_neutral_skip_e2e_20260918,2026-03-04,5,am,005930,A001,ltb_A001_t004,stb_A001_t005,analysis_A001_t005,decision_A001_t005,fill_A001_t005,ltb_A001_t005,buy,10,184200.0,0.0,filled
offline_neutral_skip_e2e_20260918,2026-03-04,5,am,005930,A002,ltb_A002_t004,stb_A002_t005,analysis_A002_t005,decision_A002_t005,fill_A002_t005,ltb_A002_t005,buy,10,184200.0,0.0,filled
offline_neutral_skip_e2e_20260918,2026-03-04,5,am,005930,A003,ltb_A003_t004,stb_A003_t005,analysis_A003_t005,decision_A003_t005,fill_A003_t005,ltb_A003_t005,buy,10,184200.0,0.0,filled
offline_neutral_skip_e2e_20260918,2026-03-04,5,am,005930,A004,ltb_A004_t004,stb_A004_t005,analysis_A004_t005,decision_A004_t005,fill_A004_t005,ltb_A004_t005,buy,10,184200.0,0.0,filled
offline_neutral_skip_e2e_20260918,2026-03-04,5,am,005930,A005,ltb_A005_t004,stb_A005_t005,analysis_A005_t005,decision_A005_t005,fill_A005_t005,ltb_A005_t005,buy,10,184200.0,0.0,filled
offline_neutral_skip_e2e_20260918,2026-03-04,5,am,005930,A006,ltb_A006_t004,stb_A006_t005,analysis_A006_t005,decision_A006_t005,fill_A006_t005,ltb_A006_t005,buy,10,184200.0,0.0,filled
offline_neutral_skip_e2e_20260918,2026-03-04,5,am,005930,A007,ltb_A007_t004,stb_A007_t005,analysis_A007_t005,decision_A007_t005,fill_A007_t005,ltb_A007_t005,buy,10,184200.0,0.0,filled
offline_neutral_skip_e2e_20260918,2026-03-04,6,pm,005930,A001,ltb_A001_t005,stb_A001_t006,analysis_A001_t006,decision_A001_t006,fill_A001_t006,ltb_A001_t006,buy,10,172200.0,0.0,filled
offline_neutral_skip_e2e_20260918,2026-03-04,6,pm,005930,A002,ltb_A002_t005,stb_A002_t006,analysis_A002_t006,decision_A002_t006,fill_A002_t006,ltb_A002_t006,buy,10,172200.0,0.0,filled
offline_neutral_skip_e2e_20260918,2026-03-04,6,pm,005930,A003,ltb_A003_t005,stb_A003_t006,analysis_A003_t006,decision_A003_t006,fill_A003_t006,ltb_A003_t006,buy,10,172200.0,0.0,filled
offline_neutral_skip_e2e_20260918,2026-03-04,6,pm,005930,A004,ltb_A004_t005,stb_A004_t006,analysis_A004_t006,decision_A004_t006,fill_A004_t006,ltb_A004_t006,buy,10,172200.0,0.0,filled
offline_neutral_skip_e2e_20260918,2026-03-04,6,pm,005930,A005,ltb_A005_t005,stb_A005_t006,analysis_A005_t006,decision_A005_t006,fill_A005_t006,ltb_A005_t006,buy,10,172200.0,0.0,filled
offline_neutral_skip_e2e_20260918,2026-03-04,6,pm,005930,A006,ltb_A006_t005,stb_A006_t006,analysis_A006_t006,decision_A006_t006,fill_A006_t006,ltb_A006_t006,buy,10,172200.0,0.0,filled
offline_neutral_skip_e2e_20260918,2026-03-04,6,pm,005930,A007,ltb_A007_t005,stb_A007_t006,analysis_A007_t006,decision_A007_t006,fill_A007_t006,ltb_A007_t006,buy,10,172200.0,0.0,filled
offline_neutral_skip_e2e_20260918,2026-03-05,7,am,005930,A001,ltb_A001_t006,stb_A001_t007,analysis_A001_t007,decision_A001_t007,fill_A001_t007,ltb_A001_t007,buy,10,195000.0,0.0,filled
offline_neutral_skip_e2e_20260918,2026-03-05,7,am,005930,A002,ltb_A002_t006,stb_A002_t007,analysis_A002_t007,decision_A002_t007,fill_A002_t007,ltb_A002_t007,buy,10,195000.0,0.0,filled
offline_neutral_skip_e2e_20260918,2026-03-05,7,am,005930,A003,ltb_A003_t006,stb_A003_t007,analysis_A003_t007,decision_A003_t007,fill_A003_t007,ltb_A003_t007,buy,10,195000.0,0.0,filled
offline_neutral_skip_e2e_20260918,2026-03-05,7,am,005930,A004,ltb_A004_t006,stb_A004_t007,analysis_A004_t007,decision_A004_t007,fill_A004_t007,ltb_A004_t007,buy,10,195000.0,0.0,filled
offline_neutral_skip_e2e_20260918,2026-03-05,7,am,005930,A005,ltb_A005_t006,stb_A005_t007,analysis_A005_t007,decision_A005_t007,fill_A005_t007,ltb_A005_t007,buy,10,195000.0,0.0,filled
offline_neutral_skip_e2e_20260918,2026-03-05,7,am,005930,A006,ltb_A006_t006,stb_A006_t007,analysis_A006_t007,decision_A006_t007,fill_A006_t007,ltb_A006_t007,buy,10,195000.0,0.0,filled
offline_neutral_skip_e2e_20260918,2026-03-05,7,am,005930,A007,ltb_A007_t006,stb_A007_t007,analysis_A007_t007,decision_A007_t007,fill_A007_t007,ltb_A007_t007,buy,10,195000.0,0.0,filled
offline_neutral_skip_e2e_20260918,2026-03-05,8,pm,005930,A001,ltb_A001_t007,stb_A001_t008,analysis_A001_t008,decision_A001_t008,fill_A001_t008,ltb_A001_t008,buy,10,191600.0,0.0,filled
offline_neutral_skip_e2e_20260918,2026-03-05,8,pm,005930,A002,ltb_A002_t007,stb_A002_t008,analysis_A002_t008,decision_A002_t008,fill_A002_t008,ltb_A002_t008,buy,10,191600.0,0.0,filled
offline_neutral_skip_e2e_20260918,2026-03-05,8,pm,005930,A003,ltb_A003_t007,stb_A003_t008,analysis_A003_t008,decision_A003_t008,fill_A003_t008,ltb_A003_t008,buy,10,191600.0,0.0,filled
offline_neutral_skip_e2e_20260918,2026-03-05,8,pm,005930,A004,ltb_A004_t007,stb_A004_t008,analysis_A004_t008,decision_A004_t008,fill_A004_t008,ltb_A004_t008,buy,10,191600.0,0.0,filled
offline_neutral_skip_e2e_20260918,2026-03-05,8,pm,005930,A005,ltb_A005_t007,stb_A005_t008,analysis_A005_t008,decision_A005_t008,fill_A005_t008,ltb_A005_t008,buy,10,191600.0,0.0,filled
offline_neutral_skip_e2e_20260918,2026-03-05,8,pm,005930,A006,ltb_A006_t007,stb_A006_t008,analysis_A006_t008,decision_A006_t008,fill_A006_t008,ltb_A006_t008,buy,10,191600.0,0.0,filled
offline_neutral_skip_e2e_20260918,2026-03-05,8,pm,005930,A007,ltb_A007_t007,stb_A007_t008,analysis_A007_t008,decision_A007_t008,fill_A007_t008,ltb_A007_t008,buy,10,191600.0,0.0,filled
offline_neutral_skip_e2e_20260918,2026-03-06,9,am,005930,A001,ltb_A001_t008,stb_A001_t009,analysis_A001_t009,decision_A001_t009,fill_A001_t009,ltb_A001_t009,buy,10,186100.0,0.0,filled
offline_neutral_skip_e2e_20260918,2026-03-06,9,am,005930,A002,ltb_A002_t008,stb_A002_t009,analysis_A002_t009,decision_A002_t009,fill_A002_t009,ltb_A002_t009,buy,10,186100.0,0.0,filled
offline_neutral_skip_e2e_20260918,2026-03-06,9,am,005930,A003,ltb_A003_t008,stb_A003_t009,analysis_A003_t009,decision_A003_t009,fill_A003_t009,ltb_A003_t009,buy,10,186100.0,0.0,filled
offline_neutral_skip_e2e_20260918,2026-03-06,9,am,005930,A004,ltb_A004_t008,stb_A004_t009,analysis_A004_t009,decision_A004_t009,fill_A004_t009,ltb_A004_t009,buy,10,186100.0,0.0,filled
offline_neutral_skip_e2e_20260918,2026-03-06,9,am,005930,A005,ltb_A005_t008,stb_A005_t009,analysis_A005_t009,decision_A005_t009,fill_A005_t009,ltb_A005_t009,buy,10,186100.0,0.0,filled
offline_neutral_skip_e2e_20260918,2026-03-06,9,am,005930,A006,ltb_A006_t008,stb_A006_t009,analysis_A006_t009,decision_A006_t009,fill_A006_t009,ltb_A006_t009,buy,10,186100.0,0.0,filled
offline_neutral_skip_e2e_20260918,2026-03-06,9,am,005930,A007,ltb_A007_t008,stb_A007_t009,analysis_A007_t009,decision_A007_t009,fill_A007_t009,ltb_A007_t009,buy,10,186100.0,0.0,filled
offline_neutral_skip_e2e_20260918,2026-03-06,10,pm,005930,A001,ltb_A001_t009,stb_A001_t010,analysis_A001_t010,decision_A001_t010,fill_A001_t010,ltb_A001_t010,buy,10,188200.0,0.0,filled
offline_neutral_skip_e2e_20260918,2026-03-06,10,pm,005930,A002,ltb_A002_t009,stb_A002_t010,analysis_A002_t010,decision_A002_t010,fill_A002_t010,ltb_A002_t010,buy,10,188200.0,0.0,filled
offline_neutral_skip_e2e_20260918,2026-03-06,10,pm,005930,A003,ltb_A003_t009,stb_A003_t010,analysis_A003_t010,decision_A003_t010,fill_A003_t010,ltb_A003_t010,buy,10,188200.0,0.0,filled
offline_neutral_skip_e2e_20260918,2026-03-06,10,pm,005930,A004,ltb_A004_t009,stb_A004_t010,analysis_A004_t010,decision_A004_t010,fill_A004_t010,ltb_A004_t010,buy,10,188200.0,0.0,filled
offline_neutral_skip_e2e_20260918,2026-03-06,10,pm,005930,A005,ltb_A005_t009,stb_A005_t010,analysis_A005_t010,decision_A005_t010,fill_A005_t010,ltb_A005_t010,buy,10,188200.0,0.0,filled
offline_neutral_skip_e2e_20260918,2026-03-06,10,pm,005930,A006,ltb_A006_t009,stb_A006_t010,analysis_A006_t010,decision_A006_t010,fill_A006_t010,ltb_A006_t010,buy,10,188200.0,0.0,filled
offline_neutral_skip_e2e_20260918,2026-03-06,10,pm,005930,A007,ltb_A007_t009,stb_A007_t010,analysis_A007_t010,decision_A007_t010,fill_A007_t010,ltb_A007_t010,buy,10,188200.0,0.0,filled
offline_neutral_skip_e2e_20260918,2026-03-09,11,am,005930,A001,ltb_A001_t010,stb_A001_t011,analysis_A001_t011,decision_A001_t011,fill_A001_t011,ltb_A001_t011,buy,10,173500.0,0.0,filled
offline_neutral_skip_e2e_20260918,2026-03-09,11,am,005930,A002,ltb_A002_t010,stb_A002_t011,analysis_A002_t011,decision_A002_t011,fill_A002_t011,ltb_A002_t011,buy,10,173500.0,0.0,filled
offline_neutral_skip_e2e_20260918,2026-03-09,11,am,005930,A003,ltb_A003_t010,stb_A003_t011,analysis_A003_t011,decision_A003_t011,fill_A003_t011,ltb_A003_t011,buy,10,173500.0,0.0,filled
offline_neutral_skip_e2e_20260918,2026-03-09,11,am,005930,A004,ltb_A004_t010,stb_A004_t011,analysis_A004_t011,decision_A004_t011,fill_A004_t011,ltb_A004_t011,buy,10,173500.0,0.0,filled
offline_neutral_skip_e2e_20260918,2026-03-09,11,am,005930,A005,ltb_A005_t010,stb_A005_t011,analysis_A005_t011,decision_A005_t011,fill_A005_t011,ltb_A005_t011,buy,10,173500.0,0.0,filled
offline_neutral_skip_e2e_20260918,2026-03-09,11,am,005930,A006,ltb_A006_t010,stb_A006_t011,analysis_A006_t011,decision_A006_t011,fill_A006_t011,ltb_A006_t011,buy,10,173500.0,0.0,filled
offline_neutral_skip_e2e_20260918,2026-03-09,11,am,005930,A007,ltb_A007_t010,stb_A007_t011,analysis_A007_t011,decision_A007_t011,fill_A007_t011,ltb_A007_t011,buy,10,173500.0,0.0,filled
offline_neutral_skip_e2e_20260918,2026-03-09,12,pm,005930,A001,ltb_A001_t011,stb_A001_t012,analysis_A001_t012,decision_A001_t012,fill_A001_t012,ltb_A001_t012,buy,10,173500.0,0.0,filled
offline_neutral_skip_e2e_20260918,2026-03-09,12,pm,005930,A002,ltb_A002_t011,stb_A002_t012,analysis_A002_t012,decision_A002_t012,fill_A002_t012,ltb_A002_t012,buy,10,173500.0,0.0,filled
offline_neutral_skip_e2e_20260918,2026-03-09,12,pm,005930,A003,ltb_A003_t011,stb_A003_t012,analysis_A003_t012,decision_A003_t012,fill_A003_t012,ltb_A003_t012,buy,10,173500.0,0.0,filled
offline_neutral_skip_e2e_20260918,2026-03-09,12,pm,005930,A004,ltb_A004_t011,stb_A004_t012,analysis_A004_t012,decision_A004_t012,fill_A004_t012,ltb_A004_t012,buy,10,173500.0,0.0,filled
offline_neutral_skip_e2e_20260918,2026-03-09,12,pm,005930,A005,ltb_A005_t011,stb_A005_t012,analysis_A005_t012,decision_A005_t012,fill_A005_t012,ltb_A005_t012,buy,10,173500.0,0.0,filled
offline_neutral_skip_e2e_20260918,2026-03-09,12,pm,005930,A006,ltb_A006_t011,stb_A006_t012,analysis_A006_t012,decision_A006_t012,fill_A006_t012,ltb_A006_t012,buy,10,173500.0,0.0,filled
offline_neutral_skip_e2e_20260918,2026-03-09,12,pm,005930,A007,ltb_A007_t011,stb_A007_t012,analysis_A007_t012,decision_A007_t012,fill_A007_t012,ltb_A007_t012,buy,10,173500.0,0.0,filled
offline_neutral_skip_e2e_20260918,2026-03-10,13,am,005930,A001,ltb_A001_t012,stb_A001_t013,analysis_A001_t013,decision_A001_t013,fill_A001_t013,ltb_A001_t013,buy,10,187600.0,0.0,filled
offline_neutral_skip_e2e_20260918,2026-03-10,13,am,005930,A002,ltb_A002_t012,stb_A002_t013,analysis_A002_t013,decision_A002_t013,fill_A002_t013,ltb_A002_t013,buy,10,187600.0,0.0,filled
offline_neutral_skip_e2e_20260918,2026-03-10,13,am,005930,A003,ltb_A003_t012,stb_A003_t013,analysis_A003_t013,decision_A003_t013,fill_A003_t013,ltb_A003_t013,buy,10,187600.0,0.0,filled
offline_neutral_skip_e2e_20260918,2026-03-10,13,am,005930,A004,ltb_A004_t012,stb_A004_t013,analysis_A004_t013,decision_A004_t013,fill_A004_t013,ltb_A004_t013,buy,10,187600.0,0.0,filled
offline_neutral_skip_e2e_20260918,2026-03-10,13,am,005930,A005,ltb_A005_t012,stb_A005_t013,analysis_A005_t013,decision_A005_t013,fill_A005_t013,ltb_A005_t013,buy,10,187600.0,0.0,filled
offline_neutral_skip_e2e_20260918,2026-03-10,13,am,005930,A006,ltb_A006_t012,stb_A006_t013,analysis_A006_t013,decision_A006_t013,fill_A006_t013,ltb_A006_t013,buy,10,187600.0,0.0,filled
offline_neutral_skip_e2e_20260918,2026-03-10,13,am,005930,A007,ltb_A007_t012,stb_A007_t013,analysis_A007_t013,decision_A007_t013,fill_A007_t013,ltb_A007_t013,buy,10,187600.0,0.0,filled
offline_neutral_skip_e2e_20260918,2026-03-10,14,pm,005930,A001,ltb_A001_t013,stb_A001_t014,analysis_A001_t014,decision_A001_t014,fill_A001_t014,ltb_A001_t014,buy,10,187900.0,0.0,filled
offline_neutral_skip_e2e_20260918,2026-03-10,14,pm,005930,A002,ltb_A002_t013,stb_A002_t014,analysis_A002_t014,decision_A002_t014,fill_A002_t014,ltb_A002_t014,buy,10,187900.0,0.0,filled
offline_neutral_skip_e2e_20260918,2026-03-10,14,pm,005930,A003,ltb_A003_t013,stb_A003_t014,analysis_A003_t014,decision_A003_t014,fill_A003_t014,ltb_A003_t014,buy,10,187900.0,0.0,filled
offline_neutral_skip_e2e_20260918,2026-03-10,14,pm,005930,A004,ltb_A004_t013,stb_A004_t014,analysis_A004_t014,decision_A004_t014,fill_A004_t014,ltb_A004_t014,buy,10,187900.0,0.0,filled
offline_neutral_skip_e2e_20260918,2026-03-10,14,pm,005930,A005,ltb_A005_t013,stb_A005_t014,analysis_A005_t014,decision_A005_t014,fill_A005_t014,ltb_A005_t014,buy,10,187900.0,0.0,filled
offline_neutral_skip_e2e_20260918,2026-03-10,14,pm,005930,A006,ltb_A006_t013,stb_A006_t014,analysis_A006_t014,decision_A006_t014,fill_A006_t014,ltb_A006_t014,buy,10,187900.0,0.0,filled
offline_neutral_skip_e2e_20260918,2026-03-10,14,pm,005930,A007,ltb_A007_t013,stb_A007_t014,analysis_A007_t014,decision_A007_t014,fill_A007_t014,ltb_A007_t014,buy,10,187900.0,0.0,filled
offline_neutral_skip_e2e_20260918,2026-03-11,15,am,005930,A001,ltb_A001_t014,stb_A001_t015,analysis_A001_t015,decision_A001_t015,fill_A001_t015,ltb_A001_t015,buy,10,193000.0,0.0,filled
offline_neutral_skip_e2e_20260918,2026-03-11,15,am,005930,A002,ltb_A002_t014,stb_A002_t015,analysis_A002_t015,decision_A002_t015,fill_A002_t015,ltb_A002_t015,buy,10,193000.0,0.0,filled
offline_neutral_skip_e2e_20260918,2026-03-11,15,am,005930,A003,ltb_A003_t014,stb_A003_t015,analysis_A003_t015,decision_A003_t015,fill_A003_t015,ltb_A003_t015,buy,10,193000.0,0.0,filled
offline_neutral_skip_e2e_20260918,2026-03-11,15,am,005930,A004,ltb_A004_t014,stb_A004_t015,analysis_A004_t015,decision_A004_t015,fill_A004_t015,ltb_A004_t015,buy,10,193000.0,0.0,filled
offline_neutral_skip_e2e_20260918,2026-03-11,15,am,005930,A005,ltb_A005_t014,stb_A005_t015,analysis_A005_t015,decision_A005_t015,fill_A005_t015,ltb_A005_t015,buy,10,193000.0,0.0,filled
offline_neutral_skip_e2e_20260918,2026-03-11,15,am,005930,A006,ltb_A006_t014,stb_A006_t015,analysis_A006_t015,decision_A006_t015,fill_A006_t015,ltb_A006_t015,buy,10,193000.0,0.0,filled
offline_neutral_skip_e2e_20260918,2026-03-11,15,am,005930,A007,ltb_A007_t014,stb_A007_t015,analysis_A007_t015,decision_A007_t015,fill_A007_t015,ltb_A007_t015,buy,10,193000.0,0.0,filled
offline_neutral_skip_e2e_20260918,2026-03-11,16,pm,005930,A001,ltb_A001_t015,stb_A001_t016,analysis_A001_t016,decision_A001_t016,fill_A001_t016,ltb_A001_t016,buy,10,190000.0,0.0,filled
offline_neutral_skip_e2e_20260918,2026-03-11,16,pm,005930,A002,ltb_A002_t015,stb_A002_t016,analysis_A002_t016,decision_A002_t016,fill_A002_t016,ltb_A002_t016,buy,10,190000.0,0.0,filled
offline_neutral_skip_e2e_20260918,2026-03-11,16,pm,005930,A003,ltb_A003_t015,stb_A003_t016,analysis_A003_t016,decision_A003_t016,fill_A003_t016,ltb_A003_t016,buy,10,190000.0,0.0,filled
offline_neutral_skip_e2e_20260918,2026-03-11,16,pm,005930,A004,ltb_A004_t015,stb_A004_t016,analysis_A004_t016,decision_A004_t016,fill_A004_t016,ltb_A004_t016,buy,10,190000.0,0.0,filled
offline_neutral_skip_e2e_20260918,2026-03-11,16,pm,005930,A005,ltb_A005_t015,stb_A005_t016,analysis_A005_t016,decision_A005_t016,fill_A005_t016,ltb_A005_t016,buy,10,190000.0,0.0,filled
offline_neutral_skip_e2e_20260918,2026-03-11,16,pm,005930,A006,ltb_A006_t015,stb_A006_t016,analysis_A006_t016,decision_A006_t016,fill_A006_t016,ltb_A006_t016,buy,10,190000.0,0.0,filled
offline_neutral_skip_e2e_20260918,2026-03-11,16,pm,005930,A007,ltb_A007_t015,stb_A007_t016,analysis_A007_t016,decision_A007_t016,fill_A007_t016,ltb_A007_t016,buy,10,190000.0,0.0,filled
offline_neutral_skip_e2e_20260918,2026-03-12,17,am,005930,A001,ltb_A001_t016,stb_A001_t017,analysis_A001_t017,decision_A001_t017,fill_A001_t017,ltb_A001_t017,buy,10,186600.0,0.0,filled
offline_neutral_skip_e2e_20260918,2026-03-12,17,am,005930,A002,ltb_A002_t016,stb_A002_t017,analysis_A002_t017,decision_A002_t017,fill_A002_t017,ltb_A002_t017,buy,10,186600.0,0.0,filled
offline_neutral_skip_e2e_20260918,2026-03-12,17,am,005930,A003,ltb_A003_t016,stb_A003_t017,analysis_A003_t017,decision_A003_t017,fill_A003_t017,ltb_A003_t017,buy,10,186600.0,0.0,filled
offline_neutral_skip_e2e_20260918,2026-03-12,17,am,005930,A004,ltb_A004_t016,stb_A004_t017,analysis_A004_t017,decision_A004_t017,fill_A004_t017,ltb_A004_t017,buy,10,186600.0,0.0,filled
offline_neutral_skip_e2e_20260918,2026-03-12,17,am,005930,A005,ltb_A005_t016,stb_A005_t017,analysis_A005_t017,decision_A005_t017,fill_A005_t017,ltb_A005_t017,buy,10,186600.0,0.0,filled
offline_neutral_skip_e2e_20260918,2026-03-12,17,am,005930,A006,ltb_A006_t016,stb_A006_t017,analysis_A006_t017,decision_A006_t017,fill_A006_t017,ltb_A006_t017,buy,10,186600.0,0.0,filled
offline_neutral_skip_e2e_20260918,2026-03-12,17,am,005930,A007,ltb_A007_t016,stb_A007_t017,analysis_A007_t017,decision_A007_t017,fill_A007_t017,ltb_A007_t017,buy,10,186600.0,0.0,filled
offline_neutral_skip_e2e_20260918,2026-03-12,18,pm,005930,A001,ltb_A001_t017,stb_A001_t018,analysis_A001_t018,decision_A001_t018,fill_A001_t018,ltb_A001_t018,buy,10,187900.0,0.0,filled
offline_neutral_skip_e2e_20260918,2026-03-12,18,pm,005930,A002,ltb_A002_t017,stb_A002_t018,analysis_A002_t018,decision_A002_t018,fill_A002_t018,ltb_A002_t018,buy,10,187900.0,0.0,filled
offline_neutral_skip_e2e_20260918,2026-03-12,18,pm,005930,A003,ltb_A003_t017,stb_A003_t018,analysis_A003_t018,decision_A003_t018,fill_A003_t018,ltb_A003_t018,buy,10,187900.0,0.0,filled
offline_neutral_skip_e2e_20260918,2026-03-12,18,pm,005930,A004,ltb_A004_t017,stb_A004_t018,analysis_A004_t018,decision_A004_t018,fill_A004_t018,ltb_A004_t018,buy,10,187900.0,0.0,filled
offline_neutral_skip_e2e_20260918,2026-03-12,18,pm,005930,A005,ltb_A005_t017,stb_A005_t018,analysis_A005_t018,decision_A005_t018,fill_A005_t018,ltb_A005_t018,buy,10,187900.0,0.0,filled
offline_neutral_skip_e2e_20260918,2026-03-12,18,pm,005930,A006,ltb_A006_t017,stb_A006_t018,analysis_A006_t018,decision_A006_t018,fill_A006_t018,ltb_A006_t018,buy,10,187900.0,0.0,filled
offline_neutral_skip_e2e_20260918,2026-03-12,18,pm,005930,A007,ltb_A007_t017,stb_A007_t018,analysis_A007_t018,decision_A007_t018,fill_A007_t018,ltb_A007_t018,buy,10,187900.0,0.0,filled
offline_neutral_skip_e2e_20260918,2026-03-13,19,am,005930,A001,ltb_A001_t018,stb_A001_t019,analysis_A001_t019,decision_A001_t019,fill_A001_t019,ltb_A001_t019,buy,10,180000.0,0.0,filled
offline_neutral_skip_e2e_20260918,2026-03-13,19,am,005930,A002,ltb_A002_t018,stb_A002_t019,analysis_A002_t019,decision_A002_t019,fill_A002_t019,ltb_A002_t019,buy,10,180000.0,0.0,filled
offline_neutral_skip_e2e_20260918,2026-03-13,19,am,005930,A003,ltb_A003_t018,stb_A003_t019,analysis_A003_t019,decision_A003_t019,fill_A003_t019,ltb_A003_t019,buy,10,180000.0,0.0,filled
offline_neutral_skip_e2e_20260918,2026-03-13,19,am,005930,A004,ltb_A004_t018,stb_A004_t019,analysis_A004_t019,decision_A004_t019,fill_A004_t019,ltb_A004_t019,buy,10,180000.0,0.0,filled
offline_neutral_skip_e2e_20260918,2026-03-13,19,am,005930,A005,ltb_A005_t018,stb_A005_t019,analysis_A005_t019,decision_A005_t019,fill_A005_t019,ltb_A005_t019,buy,10,180000.0,0.0,filled
offline_neutral_skip_e2e_20260918,2026-03-13,19,am,005930,A006,ltb_A006_t018,stb_A006_t019,analysis_A006_t019,decision_A006_t019,fill_A006_t019,ltb_A006_t019,buy,10,180000.0,0.0,filled
offline_neutral_skip_e2e_20260918,2026-03-13,19,am,005930,A007,ltb_A007_t018,stb_A007_t019,analysis_A007_t019,decision_A007_t019,fill_A007_t019,ltb_A007_t019,buy,10,180000.0,0.0,filled
offline_neutral_skip_e2e_20260918,2026-03-13,20,pm,005930,A001,ltb_A001_t019,stb_A001_t020,analysis_A001_t020,decision_A001_t020,fill_A001_t020,ltb_A001_t020,buy,10,183500.0,0.0,filled
offline_neutral_skip_e2e_20260918,2026-03-13,20,pm,005930,A002,ltb_A002_t019,stb_A002_t020,analysis_A002_t020,decision_A002_t020,fill_A002_t020,ltb_A002_t020,buy,10,183500.0,0.0,filled
offline_neutral_skip_e2e_20260918,2026-03-13,20,pm,005930,A003,ltb_A003_t019,stb_A003_t020,analysis_A003_t020,decision_A003_t020,fill_A003_t020,ltb_A003_t020,buy,10,183500.0,0.0,filled
offline_neutral_skip_e2e_20260918,2026-03-13,20,pm,005930,A004,ltb_A004_t019,stb_A004_t020,analysis_A004_t020,decision_A004_t020,fill_A004_t020,ltb_A004_t020,buy,10,183500.0,0.0,filled
offline_neutral_skip_e2e_20260918,2026-03-13,20,pm,005930,A005,ltb_A005_t019,stb_A005_t020,analysis_A005_t020,decision_A005_t020,fill_A005_t020,ltb_A005_t020,buy,10,183500.0,0.0,filled
offline_neutral_skip_e2e_20260918,2026-03-13,20,pm,005930,A006,ltb_A006_t019,stb_A006_t020,analysis_A006_t020,decision_A006_t020,fill_A006_t020,ltb_A006_t020,buy,10,183500.0,0.0,filled
offline_neutral_skip_e2e_20260918,2026-03-13,20,pm,005930,A007,ltb_A007_t019,stb_A007_t020,analysis_A007_t020,decision_A007_t020,fill_A007_t020,ltb_A007_t020,buy,10,183500.0,0.0,filled
offline_neutral_skip_e2e_20260918,2026-03-16,21,am,005930,A001,ltb_A001_t020,stb_A001_t021,analysis_A001_t021,decision_A001_t021,fill_A001_t021,ltb_A001_t021,buy,10,184600.0,0.0,filled
offline_neutral_skip_e2e_20260918,2026-03-16,21,am,005930,A002,ltb_A002_t020,stb_A002_t021,analysis_A002_t021,decision_A002_t021,fill_A002_t021,ltb_A002_t021,buy,10,184600.0,0.0,filled
offline_neutral_skip_e2e_20260918,2026-03-16,21,am,005930,A003,ltb_A003_t020,stb_A003_t021,analysis_A003_t021,decision_A003_t021,fill_A003_t021,ltb_A003_t021,buy,10,184600.0,0.0,filled
offline_neutral_skip_e2e_20260918,2026-03-16,21,am,005930,A004,ltb_A004_t020,stb_A004_t021,analysis_A004_t021,decision_A004_t021,fill_A004_t021,ltb_A004_t021,buy,10,184600.0,0.0,filled
offline_neutral_skip_e2e_20260918,2026-03-16,21,am,005930,A005,ltb_A005_t020,stb_A005_t021,analysis_A005_t021,decision_A005_t021,fill_A005_t021,ltb_A005_t021,buy,10,184600.0,0.0,filled
offline_neutral_skip_e2e_20260918,2026-03-16,21,am,005930,A006,ltb_A006_t020,stb_A006_t021,analysis_A006_t021,decision_A006_t021,fill_A006_t021,ltb_A006_t021,buy,10,184600.0,0.0,filled
offline_neutral_skip_e2e_20260918,2026-03-16,21,am,005930,A007,ltb_A007_t020,stb_A007_t021,analysis_A007_t021,decision_A007_t021,fill_A007_t021,ltb_A007_t021,buy,10,184600.0,0.0,filled
offline_neutral_skip_e2e_20260918,2026-03-16,22,pm,005930,A001,ltb_A001_t021,stb_A001_t022,analysis_A001_t022,decision_A001_t022,fill_A001_t022,ltb_A001_t022,buy,10,188700.0,0.0,filled
offline_neutral_skip_e2e_20260918,2026-03-16,22,pm,005930,A002,ltb_A002_t021,stb_A002_t022,analysis_A002_t022,decision_A002_t022,fill_A002_t022,ltb_A002_t022,buy,10,188700.0,0.0,filled
offline_neutral_skip_e2e_20260918,2026-03-16,22,pm,005930,A003,ltb_A003_t021,stb_A003_t022,analysis_A003_t022,decision_A003_t022,fill_A003_t022,ltb_A003_t022,buy,10,188700.0,0.0,filled
offline_neutral_skip_e2e_20260918,2026-03-16,22,pm,005930,A004,ltb_A004_t021,stb_A004_t022,analysis_A004_t022,decision_A004_t022,fill_A004_t022,ltb_A004_t022,buy,10,188700.0,0.0,filled
offline_neutral_skip_e2e_20260918,2026-03-16,22,pm,005930,A005,ltb_A005_t021,stb_A005_t022,analysis_A005_t022,decision_A005_t022,fill_A005_t022,ltb_A005_t022,buy,10,188700.0,0.0,filled
offline_neutral_skip_e2e_20260918,2026-03-16,22,pm,005930,A006,ltb_A006_t021,stb_A006_t022,analysis_A006_t022,decision_A006_t022,fill_A006_t022,ltb_A006_t022,buy,10,188700.0,0.0,filled
offline_neutral_skip_e2e_20260918,2026-03-16,22,pm,005930,A007,ltb_A007_t021,stb_A007_t022,analysis_A007_t022,decision_A007_t022,fill_A007_t022,ltb_A007_t022,buy,10,188700.0,0.0,filled
offline_neutral_skip_e2e_20260918,2026-03-17,23,am,005930,A001,ltb_A001_t022,stb_A001_t023,analysis_A001_t023,decision_A001_t023,fill_A001_t023,ltb_A001_t023,buy,10,198000.0,0.0,filled
offline_neutral_skip_e2e_20260918,2026-03-17,23,am,005930,A002,ltb_A002_t022,stb_A002_t023,analysis_A002_t023,decision_A002_t023,fill_A002_t023,ltb_A002_t023,buy,10,198000.0,0.0,filled
offline_neutral_skip_e2e_20260918,2026-03-17,23,am,005930,A003,ltb_A003_t022,stb_A003_t023,analysis_A003_t023,decision_A003_t023,fill_A003_t023,ltb_A003_t023,buy,10,198000.0,0.0,filled
offline_neutral_skip_e2e_20260918,2026-03-17,23,am,005930,A004,ltb_A004_t022,stb_A004_t023,analysis_A004_t023,decision_A004_t023,fill_A004_t023,ltb_A004_t023,buy,10,198000.0,0.0,filled
offline_neutral_skip_e2e_20260918,2026-03-17,23,am,005930,A005,ltb_A005_t022,stb_A005_t023,analysis_A005_t023,decision_A005_t023,fill_A005_t023,ltb_A005_t023,buy,10,198000.0,0.0,filled
offline_neutral_skip_e2e_20260918,2026-03-17,23,am,005930,A006,ltb_A006_t022,stb_A006_t023,analysis_A006_t023,decision_A006_t023,fill_A006_t023,ltb_A006_t023,buy,10,198000.0,0.0,filled
offline_neutral_skip_e2e_20260918,2026-03-17,23,am,005930,A007,ltb_A007_t022,stb_A007_t023,analysis_A007_t023,decision_A007_t023,fill_A007_t023,ltb_A007_t023,buy,10,198000.0,0.0,filled
offline_neutral_skip_e2e_20260918,2026-03-17,24,pm,005930,A001,ltb_A001_t023,stb_A001_t024,analysis_A001_t024,decision_A001_t024,fill_A001_t024,ltb_A001_t024,buy,10,193900.0,0.0,filled
offline_neutral_skip_e2e_20260918,2026-03-17,24,pm,005930,A002,ltb_A002_t023,stb_A002_t024,analysis_A002_t024,decision_A002_t024,fill_A002_t024,ltb_A002_t024,buy,10,193900.0,0.0,filled
offline_neutral_skip_e2e_20260918,2026-03-17,24,pm,005930,A003,ltb_A003_t023,stb_A003_t024,analysis_A003_t024,decision_A003_t024,fill_A003_t024,ltb_A003_t024,buy,10,193900.0,0.0,filled
offline_neutral_skip_e2e_20260918,2026-03-17,24,pm,005930,A004,ltb_A004_t023,stb_A004_t024,analysis_A004_t024,decision_A004_t024,fill_A004_t024,ltb_A004_t024,buy,10,193900.0,0.0,filled
offline_neutral_skip_e2e_20260918,2026-03-17,24,pm,005930,A005,ltb_A005_t023,stb_A005_t024,analysis_A005_t024,decision_A005_t024,fill_A005_t024,ltb_A005_t024,buy,10,193900.0,0.0,filled
offline_neutral_skip_e2e_20260918,2026-03-17,24,pm,005930,A006,ltb_A006_t023,stb_A006_t024,analysis_A006_t024,decision_A006_t024,fill_A006_t024,ltb_A006_t024,buy,10,193900.0,0.0,filled
offline_neutral_skip_e2e_20260918,2026-03-17,24,pm,005930,A007,ltb_A007_t023,stb_A007_t024,analysis_A007_t024,decision_A007_t024,fill_A007_t024,ltb_A007_t024,buy,10,193900.0,0.0,filled
offline_neutral_skip_e2e_20260918,2026-03-18,25,am,005930,A001,ltb_A001_t024,stb_A001_t025,analysis_A001_t025,decision_A001_t025,fill_A001_t025,ltb_A001_t025,buy,10,200500.0,0.0,filled
offline_neutral_skip_e2e_20260918,2026-03-18,25,am,005930,A002,ltb_A002_t024,stb_A002_t025,analysis_A002_t025,decision_A002_t025,fill_A002_t025,ltb_A002_t025,buy,10,200500.0,0.0,filled
offline_neutral_skip_e2e_20260918,2026-03-18,25,am,005930,A003,ltb_A003_t024,stb_A003_t025,analysis_A003_t025,decision_A003_t025,fill_A003_t025,ltb_A003_t025,buy,10,200500.0,0.0,filled
offline_neutral_skip_e2e_20260918,2026-03-18,25,am,005930,A004,ltb_A004_t024,stb_A004_t025,analysis_A004_t025,decision_A004_t025,fill_A004_t025,ltb_A004_t025,buy,10,200500.0,0.0,filled
offline_neutral_skip_e2e_20260918,2026-03-18,25,am,005930,A005,ltb_A005_t024,stb_A005_t025,analysis_A005_t025,decision_A005_t025,fill_A005_t025,ltb_A005_t025,buy,10,200500.0,0.0,filled
offline_neutral_skip_e2e_20260918,2026-03-18,25,am,005930,A006,ltb_A006_t024,stb_A006_t025,analysis_A006_t025,decision_A006_t025,fill_A006_t025,ltb_A006_t025,buy,10,200500.0,0.0,filled
offline_neutral_skip_e2e_20260918,2026-03-18,25,am,005930,A007,ltb_A007_t024,stb_A007_t025,analysis_A007_t025,decision_A007_t025,fill_A007_t025,ltb_A007_t025,buy,10,200500.0,0.0,filled
offline_neutral_skip_e2e_20260918,2026-03-18,26,pm,005930,A001,ltb_A001_t025,stb_A001_t026,analysis_A001_t026,decision_A001_t026,fill_A001_t026,ltb_A001_t026,buy,10,208500.0,0.0,filled
offline_neutral_skip_e2e_20260918,2026-03-18,26,pm,005930,A002,ltb_A002_t025,stb_A002_t026,analysis_A002_t026,decision_A002_t026,fill_A002_t026,ltb_A002_t026,buy,10,208500.0,0.0,filled
offline_neutral_skip_e2e_20260918,2026-03-18,26,pm,005930,A003,ltb_A003_t025,stb_A003_t026,analysis_A003_t026,decision_A003_t026,fill_A003_t026,ltb_A003_t026,buy,10,208500.0,0.0,filled
offline_neutral_skip_e2e_20260918,2026-03-18,26,pm,005930,A004,ltb_A004_t025,stb_A004_t026,analysis_A004_t026,decision_A004_t026,fill_A004_t026,ltb_A004_t026,buy,10,208500.0,0.0,filled
offline_neutral_skip_e2e_20260918,2026-03-18,26,pm,005930,A005,ltb_A005_t025,stb_A005_t026,analysis_A005_t026,decision_A005_t026,fill_A005_t026,ltb_A005_t026,buy,10,208500.0,0.0,filled
offline_neutral_skip_e2e_20260918,2026-03-18,26,pm,005930,A006,ltb_A006_t025,stb_A006_t026,analysis_A006_t026,decision_A006_t026,fill_A006_t026,ltb_A006_t026,buy,10,208500.0,0.0,filled
offline_neutral_skip_e2e_20260918,2026-03-18,26,pm,005930,A007,ltb_A007_t025,stb_A007_t026,analysis_A007_t026,decision_A007_t026,fill_A007_t026,ltb_A007_t026,buy,10,208500.0,0.0,filled
offline_neutral_skip_e2e_20260918,2026-03-19,27,am,005930,A001,ltb_A001_t026,stb_A001_t027,analysis_A001_t027,decision_A001_t027,fill_A001_t027,ltb_A001_t027,buy,10,199900.0,0.0,filled
offline_neutral_skip_e2e_20260918,2026-03-19,27,am,005930,A002,ltb_A002_t026,stb_A002_t027,analysis_A002_t027,decision_A002_t027,fill_A002_t027,ltb_A002_t027,buy,10,199900.0,0.0,filled
offline_neutral_skip_e2e_20260918,2026-03-19,27,am,005930,A003,ltb_A003_t026,stb_A003_t027,analysis_A003_t027,decision_A003_t027,fill_A003_t027,ltb_A003_t027,buy,10,199900.0,0.0,filled
offline_neutral_skip_e2e_20260918,2026-03-19,27,am,005930,A004,ltb_A004_t026,stb_A004_t027,analysis_A004_t027,decision_A004_t027,fill_A004_t027,ltb_A004_t027,buy,10,199900.0,0.0,filled
offline_neutral_skip_e2e_20260918,2026-03-19,27,am,005930,A005,ltb_A005_t026,stb_A005_t027,analysis_A005_t027,decision_A005_t027,fill_A005_t027,ltb_A005_t027,buy,10,199900.0,0.0,filled
offline_neutral_skip_e2e_20260918,2026-03-19,27,am,005930,A006,ltb_A006_t026,stb_A006_t027,analysis_A006_t027,decision_A006_t027,fill_A006_t027,ltb_A006_t027,buy,10,199900.0,0.0,filled
offline_neutral_skip_e2e_20260918,2026-03-19,27,am,005930,A007,ltb_A007_t026,stb_A007_t027,analysis_A007_t027,decision_A007_t027,fill_A007_t027,ltb_A007_t027,buy,10,199900.0,0.0,filled
offline_neutral_skip_e2e_20260918,2026-03-19,28,pm,005930,A001,ltb_A001_t027,stb_A001_t028,analysis_A001_t028,decision_A001_t028,fill_A001_t028,ltb_A001_t028,buy,10,200500.0,0.0,filled
offline_neutral_skip_e2e_20260918,2026-03-19,28,pm,005930,A002,ltb_A002_t027,stb_A002_t028,analysis_A002_t028,decision_A002_t028,fill_A002_t028,ltb_A002_t028,buy,10,200500.0,0.0,filled
offline_neutral_skip_e2e_20260918,2026-03-19,28,pm,005930,A003,ltb_A003_t027,stb_A003_t028,analysis_A003_t028,decision_A003_t028,fill_A003_t028,ltb_A003_t028,buy,10,200500.0,0.0,filled
offline_neutral_skip_e2e_20260918,2026-03-19,28,pm,005930,A004,ltb_A004_t027,stb_A004_t028,analysis_A004_t028,decision_A004_t028,fill_A004_t028,ltb_A004_t028,buy,10,200500.0,0.0,filled
offline_neutral_skip_e2e_20260918,2026-03-19,28,pm,005930,A005,ltb_A005_t027,stb_A005_t028,analysis_A005_t028,decision_A005_t028,fill_A005_t028,ltb_A005_t028,buy,10,200500.0,0.0,filled
offline_neutral_skip_e2e_20260918,2026-03-19,28,pm,005930,A006,ltb_A006_t027,stb_A006_t028,analysis_A006_t028,decision_A006_t028,fill_A006_t028,ltb_A006_t028,buy,10,200500.0,0.0,filled
offline_neutral_skip_e2e_20260918,2026-03-19,28,pm,005930,A007,ltb_A007_t027,stb_A007_t028,analysis_A007_t028,decision_A007_t028,fill_A007_t028,ltb_A007_t028,buy,10,200500.0,0.0,filled
offline_neutral_skip_e2e_20260918,2026-03-20,29,am,005930,A001,ltb_A001_t028,stb_A001_t029,analysis_A001_t029,decision_A001_t029,fill_A001_t029,ltb_A001_t029,buy,10,202000.0,0.0,filled
offline_neutral_skip_e2e_20260918,2026-03-20,29,am,005930,A002,ltb_A002_t028,stb_A002_t029,analysis_A002_t029,decision_A002_t029,fill_A002_t029,ltb_A002_t029,buy,10,202000.0,0.0,filled
offline_neutral_skip_e2e_20260918,2026-03-20,29,am,005930,A003,ltb_A003_t028,stb_A003_t029,analysis_A003_t029,decision_A003_t029,fill_A003_t029,ltb_A003_t029,buy,10,202000.0,0.0,filled
offline_neutral_skip_e2e_20260918,2026-03-20,29,am,005930,A004,ltb_A004_t028,stb_A004_t029,analysis_A004_t029,decision_A004_t029,fill_A004_t029,ltb_A004_t029,buy,10,202000.0,0.0,filled
offline_neutral_skip_e2e_20260918,2026-03-20,29,am,005930,A005,ltb_A005_t028,stb_A005_t029,analysis_A005_t029,decision_A005_t029,fill_A005_t029,ltb_A005_t029,buy,10,202000.0,0.0,filled
offline_neutral_skip_e2e_20260918,2026-03-20,29,am,005930,A006,ltb_A006_t028,stb_A006_t029,analysis_A006_t029,decision_A006_t029,fill_A006_t029,ltb_A006_t029,buy,10,202000.0,0.0,filled
offline_neutral_skip_e2e_20260918,2026-03-20,29,am,005930,A007,ltb_A007_t028,stb_A007_t029,analysis_A007_t029,decision_A007_t029,fill_A007_t029,ltb_A007_t029,buy,10,202000.0,0.0,filled
offline_neutral_skip_e2e_20260918,2026-03-20,30,pm,005930,A001,ltb_A001_t029,stb_A001_t030,analysis_A001_t030,decision_A001_t030,fill_A001_t030,ltb_A001_t030,buy,10,199400.0,0.0,filled
offline_neutral_skip_e2e_20260918,2026-03-20,30,pm,005930,A002,ltb_A002_t029,stb_A002_t030,analysis_A002_t030,decision_A002_t030,fill_A002_t030,ltb_A002_t030,buy,10,199400.0,0.0,filled
offline_neutral_skip_e2e_20260918,2026-03-20,30,pm,005930,A003,ltb_A003_t029,stb_A003_t030,analysis_A003_t030,decision_A003_t030,fill_A003_t030,ltb_A003_t030,buy,10,199400.0,0.0,filled
offline_neutral_skip_e2e_20260918,2026-03-20,30,pm,005930,A004,ltb_A004_t029,stb_A004_t030,analysis_A004_t030,decision_A004_t030,fill_A004_t030,ltb_A004_t030,buy,10,199400.0,0.0,filled
offline_neutral_skip_e2e_20260918,2026-03-20,30,pm,005930,A005,ltb_A005_t029,stb_A005_t030,analysis_A005_t030,decision_A005_t030,fill_A005_t030,ltb_A005_t030,buy,10,199400.0,0.0,filled
offline_neutral_skip_e2e_20260918,2026-03-20,30,pm,005930,A006,ltb_A006_t029,stb_A006_t030,analysis_A006_t030,decision_A006_t030,fill_A006_t030,ltb_A006_t030,buy,10,199400.0,0.0,filled
offline_neutral_skip_e2e_20260918,2026-03-20,30,pm,005930,A007,ltb_A007_t029,stb_A007_t030,analysis_A007_t030,decision_A007_t030,fill_A007_t030,ltb_A007_t030,buy,10,199400.0,0.0,filled
offline_neutral_skip_e2e_20260918,2026-03-23,31,am,005930,A001,ltb_A001_t030,stb_A001_t031,analysis_A001_t031,decision_A001_t031,fill_A001_t031,ltb_A001_t031,buy,10,190500.0,0.0,filled
offline_neutral_skip_e2e_20260918,2026-03-23,31,am,005930,A002,ltb_A002_t030,stb_A002_t031,analysis_A002_t031,decision_A002_t031,fill_A002_t031,ltb_A002_t031,buy,10,190500.0,0.0,filled
offline_neutral_skip_e2e_20260918,2026-03-23,31,am,005930,A003,ltb_A003_t030,stb_A003_t031,analysis_A003_t031,decision_A003_t031,fill_A003_t031,ltb_A003_t031,buy,10,190500.0,0.0,filled
offline_neutral_skip_e2e_20260918,2026-03-23,31,am,005930,A004,ltb_A004_t030,stb_A004_t031,analysis_A004_t031,decision_A004_t031,fill_A004_t031,ltb_A004_t031,buy,10,190500.0,0.0,filled
offline_neutral_skip_e2e_20260918,2026-03-23,31,am,005930,A005,ltb_A005_t030,stb_A005_t031,analysis_A005_t031,decision_A005_t031,fill_A005_t031,ltb_A005_t031,buy,10,190500.0,0.0,filled
offline_neutral_skip_e2e_20260918,2026-03-23,31,am,005930,A006,ltb_A006_t030,stb_A006_t031,analysis_A006_t031,decision_A006_t031,fill_A006_t031,ltb_A006_t031,buy,10,190500.0,0.0,filled
offline_neutral_skip_e2e_20260918,2026-03-23,31,am,005930,A007,ltb_A007_t030,stb_A007_t031,analysis_A007_t031,decision_A007_t031,fill_A007_t031,ltb_A007_t031,buy,10,190500.0,0.0,filled
offline_neutral_skip_e2e_20260918,2026-03-23,32,pm,005930,A001,ltb_A001_t031,stb_A001_t032,analysis_A001_t032,decision_A001_t032,fill_A001_t032,ltb_A001_t032,buy,10,186300.0,0.0,filled
offline_neutral_skip_e2e_20260918,2026-03-23,32,pm,005930,A002,ltb_A002_t031,stb_A002_t032,analysis_A002_t032,decision_A002_t032,fill_A002_t032,ltb_A002_t032,buy,10,186300.0,0.0,filled
offline_neutral_skip_e2e_20260918,2026-03-23,32,pm,005930,A003,ltb_A003_t031,stb_A003_t032,analysis_A003_t032,decision_A003_t032,fill_A003_t032,ltb_A003_t032,buy,10,186300.0,0.0,filled
offline_neutral_skip_e2e_20260918,2026-03-23,32,pm,005930,A004,ltb_A004_t031,stb_A004_t032,analysis_A004_t032,decision_A004_t032,fill_A004_t032,ltb_A004_t032,buy,10,186300.0,0.0,filled
offline_neutral_skip_e2e_20260918,2026-03-23,32,pm,005930,A005,ltb_A005_t031,stb_A005_t032,analysis_A005_t032,decision_A005_t032,fill_A005_t032,ltb_A005_t032,buy,10,186300.0,0.0,filled
offline_neutral_skip_e2e_20260918,2026-03-23,32,pm,005930,A006,ltb_A006_t031,stb_A006_t032,analysis_A006_t032,decision_A006_t032,fill_A006_t032,ltb_A006_t032,buy,10,186300.0,0.0,filled
offline_neutral_skip_e2e_20260918,2026-03-23,32,pm,005930,A007,ltb_A007_t031,stb_A007_t032,analysis_A007_t032,decision_A007_t032,fill_A007_t032,ltb_A007_t032,buy,10,186300.0,0.0,filled
offline_neutral_skip_e2e_20260918,2026-03-24,33,am,005930,A001,ltb_A001_t032,stb_A001_t033,analysis_A001_t033,decision_A001_t033,fill_A001_t033,ltb_A001_t033,buy,10,195500.0,0.0,filled
offline_neutral_skip_e2e_20260918,2026-03-24,33,am,005930,A002,ltb_A002_t032,stb_A002_t033,analysis_A002_t033,decision_A002_t033,fill_A002_t033,ltb_A002_t033,buy,10,195500.0,0.0,filled
offline_neutral_skip_e2e_20260918,2026-03-24,33,am,005930,A003,ltb_A003_t032,stb_A003_t033,analysis_A003_t033,decision_A003_t033,fill_A003_t033,ltb_A003_t033,buy,10,195500.0,0.0,filled
offline_neutral_skip_e2e_20260918,2026-03-24,33,am,005930,A004,ltb_A004_t032,stb_A004_t033,analysis_A004_t033,decision_A004_t033,fill_A004_t033,ltb_A004_t033,buy,10,195500.0,0.0,filled
offline_neutral_skip_e2e_20260918,2026-03-24,33,am,005930,A005,ltb_A005_t032,stb_A005_t033,analysis_A005_t033,decision_A005_t033,fill_A005_t033,ltb_A005_t033,buy,10,195500.0,0.0,filled
offline_neutral_skip_e2e_20260918,2026-03-24,33,am,005930,A006,ltb_A006_t032,stb_A006_t033,analysis_A006_t033,decision_A006_t033,fill_A006_t033,ltb_A006_t033,buy,10,195500.0,0.0,filled
offline_neutral_skip_e2e_20260918,2026-03-24,33,am,005930,A007,ltb_A007_t032,stb_A007_t033,analysis_A007_t033,decision_A007_t033,fill_A007_t033,ltb_A007_t033,buy,10,195500.0,0.0,filled
offline_neutral_skip_e2e_20260918,2026-03-24,34,pm,005930,A001,ltb_A001_t033,stb_A001_t034,analysis_A001_t034,decision_A001_t034,fill_A001_t034,ltb_A001_t034,buy,10,189700.0,0.0,filled
offline_neutral_skip_e2e_20260918,2026-03-24,34,pm,005930,A002,ltb_A002_t033,stb_A002_t034,analysis_A002_t034,decision_A002_t034,fill_A002_t034,ltb_A002_t034,buy,10,189700.0,0.0,filled
offline_neutral_skip_e2e_20260918,2026-03-24,34,pm,005930,A003,ltb_A003_t033,stb_A003_t034,analysis_A003_t034,decision_A003_t034,fill_A003_t034,ltb_A003_t034,buy,10,189700.0,0.0,filled
offline_neutral_skip_e2e_20260918,2026-03-24,34,pm,005930,A004,ltb_A004_t033,stb_A004_t034,analysis_A004_t034,decision_A004_t034,fill_A004_t034,ltb_A004_t034,buy,10,189700.0,0.0,filled
offline_neutral_skip_e2e_20260918,2026-03-24,34,pm,005930,A005,ltb_A005_t033,stb_A005_t034,analysis_A005_t034,decision_A005_t034,fill_A005_t034,ltb_A005_t034,buy,10,189700.0,0.0,filled
offline_neutral_skip_e2e_20260918,2026-03-24,34,pm,005930,A006,ltb_A006_t033,stb_A006_t034,analysis_A006_t034,decision_A006_t034,fill_A006_t034,ltb_A006_t034,buy,10,189700.0,0.0,filled
offline_neutral_skip_e2e_20260918,2026-03-24,34,pm,005930,A007,ltb_A007_t033,stb_A007_t034,analysis_A007_t034,decision_A007_t034,fill_A007_t034,ltb_A007_t034,buy,10,189700.0,0.0,filled
offline_neutral_skip_e2e_20260918,2026-03-25,35,am,005930,A001,ltb_A001_t034,stb_A001_t035,analysis_A001_t035,decision_A001_t035,fill_A001_t035,ltb_A001_t035,buy,10,193700.0,0.0,filled
offline_neutral_skip_e2e_20260918,2026-03-25,35,am,005930,A002,ltb_A002_t034,stb_A002_t035,analysis_A002_t035,decision_A002_t035,fill_A002_t035,ltb_A002_t035,buy,10,193700.0,0.0,filled
offline_neutral_skip_e2e_20260918,2026-03-25,35,am,005930,A003,ltb_A003_t034,stb_A003_t035,analysis_A003_t035,decision_A003_t035,fill_A003_t035,ltb_A003_t035,buy,10,193700.0,0.0,filled
offline_neutral_skip_e2e_20260918,2026-03-25,35,am,005930,A004,ltb_A004_t034,stb_A004_t035,analysis_A004_t035,decision_A004_t035,fill_A004_t035,ltb_A004_t035,buy,10,193700.0,0.0,filled
offline_neutral_skip_e2e_20260918,2026-03-25,35,am,005930,A005,ltb_A005_t034,stb_A005_t035,analysis_A005_t035,decision_A005_t035,fill_A005_t035,ltb_A005_t035,buy,10,193700.0,0.0,filled
offline_neutral_skip_e2e_20260918,2026-03-25,35,am,005930,A006,ltb_A006_t034,stb_A006_t035,analysis_A006_t035,decision_A006_t035,fill_A006_t035,ltb_A006_t035,buy,10,193700.0,0.0,filled
offline_neutral_skip_e2e_20260918,2026-03-25,35,am,005930,A007,ltb_A007_t034,stb_A007_t035,analysis_A007_t035,decision_A007_t035,fill_A007_t035,ltb_A007_t035,buy,10,193700.0,0.0,filled
offline_neutral_skip_e2e_20260918,2026-03-25,36,pm,005930,A001,ltb_A001_t035,stb_A001_t036,analysis_A001_t036,decision_A001_t036,fill_A001_t036,ltb_A001_t036,buy,10,189000.0,0.0,filled
offline_neutral_skip_e2e_20260918,2026-03-25,36,pm,005930,A002,ltb_A002_t035,stb_A002_t036,analysis_A002_t036,decision_A002_t036,fill_A002_t036,ltb_A002_t036,buy,10,189000.0,0.0,filled
offline_neutral_skip_e2e_20260918,2026-03-25,36,pm,005930,A003,ltb_A003_t035,stb_A003_t036,analysis_A003_t036,decision_A003_t036,fill_A003_t036,ltb_A003_t036,buy,10,189000.0,0.0,filled
offline_neutral_skip_e2e_20260918,2026-03-25,36,pm,005930,A004,ltb_A004_t035,stb_A004_t036,analysis_A004_t036,decision_A004_t036,fill_A004_t036,ltb_A004_t036,buy,10,189000.0,0.0,filled
offline_neutral_skip_e2e_20260918,2026-03-25,36,pm,005930,A005,ltb_A005_t035,stb_A005_t036,analysis_A005_t036,decision_A005_t036,fill_A005_t036,ltb_A005_t036,buy,10,189000.0,0.0,filled
offline_neutral_skip_e2e_20260918,2026-03-25,36,pm,005930,A006,ltb_A006_t035,stb_A006_t036,analysis_A006_t036,decision_A006_t036,fill_A006_t036,ltb_A006_t036,buy,10,189000.0,0.0,filled
offline_neutral_skip_e2e_20260918,2026-03-25,36,pm,005930,A007,ltb_A007_t035,stb_A007_t036,analysis_A007_t036,decision_A007_t036,fill_A007_t036,ltb_A007_t036,buy,10,189000.0,0.0,filled
offline_neutral_skip_e2e_20260918,2026-03-26,37,am,005930,A001,ltb_A001_t036,stb_A001_t037,analysis_A001_t037,decision_A001_t037,fill_A001_t037,ltb_A001_t037,buy,10,185500.0,0.0,filled
offline_neutral_skip_e2e_20260918,2026-03-26,37,am,005930,A002,ltb_A002_t036,stb_A002_t037,analysis_A002_t037,decision_A002_t037,fill_A002_t037,ltb_A002_t037,buy,10,185500.0,0.0,filled
offline_neutral_skip_e2e_20260918,2026-03-26,37,am,005930,A003,ltb_A003_t036,stb_A003_t037,analysis_A003_t037,decision_A003_t037,fill_A003_t037,ltb_A003_t037,buy,10,185500.0,0.0,filled
offline_neutral_skip_e2e_20260918,2026-03-26,37,am,005930,A004,ltb_A004_t036,stb_A004_t037,analysis_A004_t037,decision_A004_t037,fill_A004_t037,ltb_A004_t037,buy,10,185500.0,0.0,filled
offline_neutral_skip_e2e_20260918,2026-03-26,37,am,005930,A005,ltb_A005_t036,stb_A005_t037,analysis_A005_t037,decision_A005_t037,fill_A005_t037,ltb_A005_t037,buy,10,185500.0,0.0,filled
offline_neutral_skip_e2e_20260918,2026-03-26,37,am,005930,A006,ltb_A006_t036,stb_A006_t037,analysis_A006_t037,decision_A006_t037,fill_A006_t037,ltb_A006_t037,buy,10,185500.0,0.0,filled
offline_neutral_skip_e2e_20260918,2026-03-26,37,am,005930,A007,ltb_A007_t036,stb_A007_t037,analysis_A007_t037,decision_A007_t037,fill_A007_t037,ltb_A007_t037,buy,10,185500.0,0.0,filled
offline_neutral_skip_e2e_20260918,2026-03-26,38,pm,005930,A001,ltb_A001_t037,stb_A001_t038,analysis_A001_t038,decision_A001_t038,fill_A001_t038,ltb_A001_t038,buy,10,180100.0,0.0,filled
offline_neutral_skip_e2e_20260918,2026-03-26,38,pm,005930,A002,ltb_A002_t037,stb_A002_t038,analysis_A002_t038,decision_A002_t038,fill_A002_t038,ltb_A002_t038,buy,10,180100.0,0.0,filled
offline_neutral_skip_e2e_20260918,2026-03-26,38,pm,005930,A003,ltb_A003_t037,stb_A003_t038,analysis_A003_t038,decision_A003_t038,fill_A003_t038,ltb_A003_t038,buy,10,180100.0,0.0,filled
offline_neutral_skip_e2e_20260918,2026-03-26,38,pm,005930,A004,ltb_A004_t037,stb_A004_t038,analysis_A004_t038,decision_A004_t038,fill_A004_t038,ltb_A004_t038,buy,10,180100.0,0.0,filled
offline_neutral_skip_e2e_20260918,2026-03-26,38,pm,005930,A005,ltb_A005_t037,stb_A005_t038,analysis_A005_t038,decision_A005_t038,fill_A005_t038,ltb_A005_t038,buy,10,180100.0,0.0,filled
offline_neutral_skip_e2e_20260918,2026-03-26,38,pm,005930,A006,ltb_A006_t037,stb_A006_t038,analysis_A006_t038,decision_A006_t038,fill_A006_t038,ltb_A006_t038,buy,10,180100.0,0.0,filled
offline_neutral_skip_e2e_20260918,2026-03-26,38,pm,005930,A007,ltb_A007_t037,stb_A007_t038,analysis_A007_t038,decision_A007_t038,fill_A007_t038,ltb_A007_t038,buy,10,180100.0,0.0,filled
offline_neutral_skip_e2e_20260918,2026-03-27,39,am,005930,A001,ltb_A001_t038,stb_A001_t039,analysis_A001_t039,decision_A001_t039,fill_A001_t039,ltb_A001_t039,buy,10,172100.0,0.0,filled
offline_neutral_skip_e2e_20260918,2026-03-27,39,am,005930,A002,ltb_A002_t038,stb_A002_t039,analysis_A002_t039,decision_A002_t039,fill_A002_t039,ltb_A002_t039,buy,10,172100.0,0.0,filled
offline_neutral_skip_e2e_20260918,2026-03-27,39,am,005930,A003,ltb_A003_t038,stb_A003_t039,analysis_A003_t039,decision_A003_t039,fill_A003_t039,ltb_A003_t039,buy,10,172100.0,0.0,filled
offline_neutral_skip_e2e_20260918,2026-03-27,39,am,005930,A004,ltb_A004_t038,stb_A004_t039,analysis_A004_t039,decision_A004_t039,fill_A004_t039,ltb_A004_t039,buy,10,172100.0,0.0,filled
offline_neutral_skip_e2e_20260918,2026-03-27,39,am,005930,A005,ltb_A005_t038,stb_A005_t039,analysis_A005_t039,decision_A005_t039,fill_A005_t039,ltb_A005_t039,buy,10,172100.0,0.0,filled
offline_neutral_skip_e2e_20260918,2026-03-27,39,am,005930,A006,ltb_A006_t038,stb_A006_t039,analysis_A006_t039,decision_A006_t039,fill_A006_t039,ltb_A006_t039,buy,10,172100.0,0.0,filled
offline_neutral_skip_e2e_20260918,2026-03-27,39,am,005930,A007,ltb_A007_t038,stb_A007_t039,analysis_A007_t039,decision_A007_t039,fill_A007_t039,ltb_A007_t039,buy,10,172100.0,0.0,filled
offline_neutral_skip_e2e_20260918,2026-03-27,40,pm,005930,A001,ltb_A001_t039,stb_A001_t040,analysis_A001_t040,decision_A001_t040,fill_A001_t040,ltb_A001_t040,buy,10,179700.0,0.0,filled
offline_neutral_skip_e2e_20260918,2026-03-27,40,pm,005930,A002,ltb_A002_t039,stb_A002_t040,analysis_A002_t040,decision_A002_t040,fill_A002_t040,ltb_A002_t040,buy,10,179700.0,0.0,filled
offline_neutral_skip_e2e_20260918,2026-03-27,40,pm,005930,A003,ltb_A003_t039,stb_A003_t040,analysis_A003_t040,decision_A003_t040,fill_A003_t040,ltb_A003_t040,buy,10,179700.0,0.0,filled
offline_neutral_skip_e2e_20260918,2026-03-27,40,pm,005930,A004,ltb_A004_t039,stb_A004_t040,analysis_A004_t040,decision_A004_t040,fill_A004_t040,ltb_A004_t040,buy,10,179700.0,0.0,filled
offline_neutral_skip_e2e_20260918,2026-03-27,40,pm,005930,A005,ltb_A005_t039,stb_A005_t040,analysis_A005_t040,decision_A005_t040,fill_A005_t040,ltb_A005_t040,buy,10,179700.0,0.0,filled
offline_neutral_skip_e2e_20260918,2026-03-27,40,pm,005930,A006,ltb_A006_t039,stb_A006_t040,analysis_A006_t040,decision_A006_t040,fill_A006_t040,ltb_A006_t040,buy,10,179700.0,0.0,filled
offline_neutral_skip_e2e_20260918,2026-03-27,40,pm,005930,A007,ltb_A007_t039,stb_A007_t040,analysis_A007_t040,decision_A007_t040,fill_A007_t040,ltb_A007_t040,buy,10,179700.0,0.0,filled
offline_neutral_skip_e2e_20260918,2026-03-30,41,am,005930,A001,ltb_A001_t040,stb_A001_t041,analysis_A001_t041,decision_A001_t041,fill_A001_t041,ltb_A001_t041,buy,10,171000.0,0.0,filled
offline_neutral_skip_e2e_20260918,2026-03-30,41,am,005930,A002,ltb_A002_t040,stb_A002_t041,analysis_A002_t041,decision_A002_t041,fill_A002_t041,ltb_A002_t041,buy,10,171000.0,0.0,filled
offline_neutral_skip_e2e_20260918,2026-03-30,41,am,005930,A003,ltb_A003_t040,stb_A003_t041,analysis_A003_t041,decision_A003_t041,fill_A003_t041,ltb_A003_t041,buy,10,171000.0,0.0,filled
offline_neutral_skip_e2e_20260918,2026-03-30,41,am,005930,A004,ltb_A004_t040,stb_A004_t041,analysis_A004_t041,decision_A004_t041,fill_A004_t041,ltb_A004_t041,buy,10,171000.0,0.0,filled
offline_neutral_skip_e2e_20260918,2026-03-30,41,am,005930,A005,ltb_A005_t040,stb_A005_t041,analysis_A005_t041,decision_A005_t041,fill_A005_t041,ltb_A005_t041,buy,10,171000.0,0.0,filled
offline_neutral_skip_e2e_20260918,2026-03-30,41,am,005930,A006,ltb_A006_t040,stb_A006_t041,analysis_A006_t041,decision_A006_t041,fill_A006_t041,ltb_A006_t041,buy,10,171000.0,0.0,filled
offline_neutral_skip_e2e_20260918,2026-03-30,41,am,005930,A007,ltb_A007_t040,stb_A007_t041,analysis_A007_t041,decision_A007_t041,fill_A007_t041,ltb_A007_t041,buy,10,171000.0,0.0,filled
offline_neutral_skip_e2e_20260918,2026-03-30,42,pm,005930,A001,ltb_A001_t041,stb_A001_t042,analysis_A001_t042,decision_A001_t042,fill_A001_t042,ltb_A001_t042,buy,10,176300.0,0.0,filled
offline_neutral_skip_e2e_20260918,2026-03-30,42,pm,005930,A002,ltb_A002_t041,stb_A002_t042,analysis_A002_t042,decision_A002_t042,fill_A002_t042,ltb_A002_t042,buy,10,176300.0,0.0,filled
offline_neutral_skip_e2e_20260918,2026-03-30,42,pm,005930,A003,ltb_A003_t041,stb_A003_t042,analysis_A003_t042,decision_A003_t042,fill_A003_t042,ltb_A003_t042,buy,10,176300.0,0.0,filled
offline_neutral_skip_e2e_20260918,2026-03-30,42,pm,005930,A004,ltb_A004_t041,stb_A004_t042,analysis_A004_t042,decision_A004_t042,fill_A004_t042,ltb_A004_t042,buy,10,176300.0,0.0,filled
offline_neutral_skip_e2e_20260918,2026-03-30,42,pm,005930,A005,ltb_A005_t041,stb_A005_t042,analysis_A005_t042,decision_A005_t042,fill_A005_t042,ltb_A005_t042,buy,10,176300.0,0.0,filled
offline_neutral_skip_e2e_20260918,2026-03-30,42,pm,005930,A006,ltb_A006_t041,stb_A006_t042,analysis_A006_t042,decision_A006_t042,fill_A006_t042,ltb_A006_t042,buy,10,176300.0,0.0,filled
offline_neutral_skip_e2e_20260918,2026-03-30,42,pm,005930,A007,ltb_A007_t041,stb_A007_t042,analysis_A007_t042,decision_A007_t042,fill_A007_t042,ltb_A007_t042,buy,10,176300.0,0.0,filled
offline_neutral_skip_e2e_20260918,2026-03-31,43,am,005930,A001,ltb_A001_t042,stb_A001_t043,analysis_A001_t043,decision_A001_t043,fill_A001_t043,ltb_A001_t043,buy,10,170000.0,0.0,filled
offline_neutral_skip_e2e_20260918,2026-03-31,43,am,005930,A002,ltb_A002_t042,stb_A002_t043,analysis_A002_t043,decision_A002_t043,fill_A002_t043,ltb_A002_t043,buy,10,170000.0,0.0,filled
offline_neutral_skip_e2e_20260918,2026-03-31,43,am,005930,A003,ltb_A003_t042,stb_A003_t043,analysis_A003_t043,decision_A003_t043,fill_A003_t043,ltb_A003_t043,buy,10,170000.0,0.0,filled
offline_neutral_skip_e2e_20260918,2026-03-31,43,am,005930,A004,ltb_A004_t042,stb_A004_t043,analysis_A004_t043,decision_A004_t043,fill_A004_t043,ltb_A004_t043,buy,10,170000.0,0.0,filled
offline_neutral_skip_e2e_20260918,2026-03-31,43,am,005930,A005,ltb_A005_t042,stb_A005_t043,analysis_A005_t043,decision_A005_t043,fill_A005_t043,ltb_A005_t043,buy,10,170000.0,0.0,filled
offline_neutral_skip_e2e_20260918,2026-03-31,43,am,005930,A006,ltb_A006_t042,stb_A006_t043,analysis_A006_t043,decision_A006_t043,fill_A006_t043,ltb_A006_t043,buy,10,170000.0,0.0,filled
offline_neutral_skip_e2e_20260918,2026-03-31,43,am,005930,A007,ltb_A007_t042,stb_A007_t043,analysis_A007_t043,decision_A007_t043,fill_A007_t043,ltb_A007_t043,buy,10,170000.0,0.0,filled
offline_neutral_skip_e2e_20260918,2026-03-31,44,pm,005930,A001,ltb_A001_t043,stb_A001_t044,analysis_A001_t044,decision_A001_t044,fill_A001_t044,ltb_A001_t044,buy,10,167200.0,0.0,filled
offline_neutral_skip_e2e_20260918,2026-03-31,44,pm,005930,A002,ltb_A002_t043,stb_A002_t044,analysis_A002_t044,decision_A002_t044,fill_A002_t044,ltb_A002_t044,buy,10,167200.0,0.0,filled
offline_neutral_skip_e2e_20260918,2026-03-31,44,pm,005930,A003,ltb_A003_t043,stb_A003_t044,analysis_A003_t044,decision_A003_t044,fill_A003_t044,ltb_A003_t044,buy,10,167200.0,0.0,filled
offline_neutral_skip_e2e_20260918,2026-03-31,44,pm,005930,A004,ltb_A004_t043,stb_A004_t044,analysis_A004_t044,decision_A004_t044,fill_A004_t044,ltb_A004_t044,buy,10,167200.0,0.0,filled
offline_neutral_skip_e2e_20260918,2026-03-31,44,pm,005930,A005,ltb_A005_t043,stb_A005_t044,analysis_A005_t044,decision_A005_t044,fill_A005_t044,ltb_A005_t044,buy,10,167200.0,0.0,filled
offline_neutral_skip_e2e_20260918,2026-03-31,44,pm,005930,A006,ltb_A006_t043,stb_A006_t044,analysis_A006_t044,decision_A006_t044,fill_A006_t044,ltb_A006_t044,buy,10,167200.0,0.0,filled
offline_neutral_skip_e2e_20260918,2026-03-31,44,pm,005930,A007,ltb_A007_t043,stb_A007_t044,analysis_A007_t044,decision_A007_t044,fill_A007_t044,ltb_A007_t044,buy,10,167200.0,0.0,filled
offline_neutral_skip_e2e_20260918,2026-04-01,45,am,005930,A001,ltb_A001_t044,stb_A001_t045,analysis_A001_t045,decision_A001_t045,fill_A001_t045,ltb_A001_t045,buy,10,179000.0,0.0,filled
offline_neutral_skip_e2e_20260918,2026-04-01,45,am,005930,A002,ltb_A002_t044,stb_A002_t045,analysis_A002_t045,decision_A002_t045,fill_A002_t045,ltb_A002_t045,buy,10,179000.0,0.0,filled
offline_neutral_skip_e2e_20260918,2026-04-01,45,am,005930,A003,ltb_A003_t044,stb_A003_t045,analysis_A003_t045,decision_A003_t045,fill_A003_t045,ltb_A003_t045,buy,10,179000.0,0.0,filled
offline_neutral_skip_e2e_20260918,2026-04-01,45,am,005930,A004,ltb_A004_t044,stb_A004_t045,analysis_A004_t045,decision_A004_t045,fill_A004_t045,ltb_A004_t045,buy,10,179000.0,0.0,filled
offline_neutral_skip_e2e_20260918,2026-04-01,45,am,005930,A005,ltb_A005_t044,stb_A005_t045,analysis_A005_t045,decision_A005_t045,fill_A005_t045,ltb_A005_t045,buy,10,179000.0,0.0,filled
offline_neutral_skip_e2e_20260918,2026-04-01,45,am,005930,A006,ltb_A006_t044,stb_A006_t045,analysis_A006_t045,decision_A006_t045,fill_A006_t045,ltb_A006_t045,buy,10,179000.0,0.0,filled
offline_neutral_skip_e2e_20260918,2026-04-01,45,am,005930,A007,ltb_A007_t044,stb_A007_t045,analysis_A007_t045,decision_A007_t045,fill_A007_t045,ltb_A007_t045,buy,10,179000.0,0.0,filled
offline_neutral_skip_e2e_20260918,2026-04-01,46,pm,005930,A001,ltb_A001_t045,stb_A001_t046,analysis_A001_t046,decision_A001_t046,fill_A001_t046,ltb_A001_t046,buy,10,189600.0,0.0,filled
offline_neutral_skip_e2e_20260918,2026-04-01,46,pm,005930,A002,ltb_A002_t045,stb_A002_t046,analysis_A002_t046,decision_A002_t046,fill_A002_t046,ltb_A002_t046,buy,10,189600.0,0.0,filled
offline_neutral_skip_e2e_20260918,2026-04-01,46,pm,005930,A003,ltb_A003_t045,stb_A003_t046,analysis_A003_t046,decision_A003_t046,fill_A003_t046,ltb_A003_t046,buy,10,189600.0,0.0,filled
offline_neutral_skip_e2e_20260918,2026-04-01,46,pm,005930,A004,ltb_A004_t045,stb_A004_t046,analysis_A004_t046,decision_A004_t046,fill_A004_t046,ltb_A004_t046,buy,10,189600.0,0.0,filled
offline_neutral_skip_e2e_20260918,2026-04-01,46,pm,005930,A005,ltb_A005_t045,stb_A005_t046,analysis_A005_t046,decision_A005_t046,fill_A005_t046,ltb_A005_t046,buy,10,189600.0,0.0,filled
offline_neutral_skip_e2e_20260918,2026-04-01,46,pm,005930,A006,ltb_A006_t045,stb_A006_t046,analysis_A006_t046,decision_A006_t046,fill_A006_t046,ltb_A006_t046,buy,10,189600.0,0.0,filled
offline_neutral_skip_e2e_20260918,2026-04-01,46,pm,005930,A007,ltb_A007_t045,stb_A007_t046,analysis_A007_t046,decision_A007_t046,fill_A007_t046,ltb_A007_t046,buy,10,189600.0,0.0,filled
offline_neutral_skip_e2e_20260918,2026-04-02,47,am,005930,A001,ltb_A001_t046,stb_A001_t047,analysis_A001_t047,decision_A001_t047,fill_A001_t047,ltb_A001_t047,buy,10,192600.0,0.0,filled
offline_neutral_skip_e2e_20260918,2026-04-02,47,am,005930,A002,ltb_A002_t046,stb_A002_t047,analysis_A002_t047,decision_A002_t047,fill_A002_t047,ltb_A002_t047,buy,10,192600.0,0.0,filled
offline_neutral_skip_e2e_20260918,2026-04-02,47,am,005930,A003,ltb_A003_t046,stb_A003_t047,analysis_A003_t047,decision_A003_t047,fill_A003_t047,ltb_A003_t047,buy,10,192600.0,0.0,filled
offline_neutral_skip_e2e_20260918,2026-04-02,47,am,005930,A004,ltb_A004_t046,stb_A004_t047,analysis_A004_t047,decision_A004_t047,fill_A004_t047,ltb_A004_t047,buy,10,192600.0,0.0,filled
offline_neutral_skip_e2e_20260918,2026-04-02,47,am,005930,A005,ltb_A005_t046,stb_A005_t047,analysis_A005_t047,decision_A005_t047,fill_A005_t047,ltb_A005_t047,buy,10,192600.0,0.0,filled
offline_neutral_skip_e2e_20260918,2026-04-02,47,am,005930,A006,ltb_A006_t046,stb_A006_t047,analysis_A006_t047,decision_A006_t047,fill_A006_t047,ltb_A006_t047,buy,10,192600.0,0.0,filled
offline_neutral_skip_e2e_20260918,2026-04-02,47,am,005930,A007,ltb_A007_t046,stb_A007_t047,analysis_A007_t047,decision_A007_t047,fill_A007_t047,ltb_A007_t047,buy,10,192600.0,0.0,filled
offline_neutral_skip_e2e_20260918,2026-04-02,48,pm,005930,A001,ltb_A001_t047,stb_A001_t048,analysis_A001_t048,decision_A001_t048,fill_A001_t048,ltb_A001_t048,buy,10,178400.0,0.0,filled
offline_neutral_skip_e2e_20260918,2026-04-02,48,pm,005930,A002,ltb_A002_t047,stb_A002_t048,analysis_A002_t048,decision_A002_t048,fill_A002_t048,ltb_A002_t048,buy,10,178400.0,0.0,filled
offline_neutral_skip_e2e_20260918,2026-04-02,48,pm,005930,A003,ltb_A003_t047,stb_A003_t048,analysis_A003_t048,decision_A003_t048,fill_A003_t048,ltb_A003_t048,buy,10,178400.0,0.0,filled
offline_neutral_skip_e2e_20260918,2026-04-02,48,pm,005930,A004,ltb_A004_t047,stb_A004_t048,analysis_A004_t048,decision_A004_t048,fill_A004_t048,ltb_A004_t048,buy,10,178400.0,0.0,filled
offline_neutral_skip_e2e_20260918,2026-04-02,48,pm,005930,A005,ltb_A005_t047,stb_A005_t048,analysis_A005_t048,decision_A005_t048,fill_A005_t048,ltb_A005_t048,buy,10,178400.0,0.0,filled
offline_neutral_skip_e2e_20260918,2026-04-02,48,pm,005930,A006,ltb_A006_t047,stb_A006_t048,analysis_A006_t048,decision_A006_t048,fill_A006_t048,ltb_A006_t048,buy,10,178400.0,0.0,filled
offline_neutral_skip_e2e_20260918,2026-04-02,48,pm,005930,A007,ltb_A007_t047,stb_A007_t048,analysis_A007_t048,decision_A007_t048,fill_A007_t048,ltb_A007_t048,buy,10,178400.0,0.0,filled
offline_neutral_skip_e2e_20260918,2026-04-03,49,am,005930,A001,ltb_A001_t048,stb_A001_t049,analysis_A001_t049,decision_A001_t049,fill_A001_t049,ltb_A001_t049,buy,10,184200.0,0.0,filled
offline_neutral_skip_e2e_20260918,2026-04-03,49,am,005930,A002,ltb_A002_t048,stb_A002_t049,analysis_A002_t049,decision_A002_t049,fill_A002_t049,ltb_A002_t049,buy,10,184200.0,0.0,filled
offline_neutral_skip_e2e_20260918,2026-04-03,49,am,005930,A003,ltb_A003_t048,stb_A003_t049,analysis_A003_t049,decision_A003_t049,fill_A003_t049,ltb_A003_t049,buy,10,184200.0,0.0,filled
offline_neutral_skip_e2e_20260918,2026-04-03,49,am,005930,A004,ltb_A004_t048,stb_A004_t049,analysis_A004_t049,decision_A004_t049,fill_A004_t049,ltb_A004_t049,buy,10,184200.0,0.0,filled
offline_neutral_skip_e2e_20260918,2026-04-03,49,am,005930,A005,ltb_A005_t048,stb_A005_t049,analysis_A005_t049,decision_A005_t049,fill_A005_t049,ltb_A005_t049,buy,10,184200.0,0.0,filled
offline_neutral_skip_e2e_20260918,2026-04-03,49,am,005930,A006,ltb_A006_t048,stb_A006_t049,analysis_A006_t049,decision_A006_t049,fill_A006_t049,ltb_A006_t049,buy,10,184200.0,0.0,filled
offline_neutral_skip_e2e_20260918,2026-04-03,49,am,005930,A007,ltb_A007_t048,stb_A007_t049,analysis_A007_t049,decision_A007_t049,fill_A007_t049,ltb_A007_t049,buy,10,184200.0,0.0,filled
offline_neutral_skip_e2e_20260918,2026-04-03,50,pm,005930,A001,ltb_A001_t049,stb_A001_t050,analysis_A001_t050,decision_A001_t050,fill_A001_t050,ltb_A001_t050,buy,10,186200.0,0.0,filled
offline_neutral_skip_e2e_20260918,2026-04-03,50,pm,005930,A002,ltb_A002_t049,stb_A002_t050,analysis_A002_t050,decision_A002_t050,fill_A002_t050,ltb_A002_t050,buy,10,186200.0,0.0,filled
offline_neutral_skip_e2e_20260918,2026-04-03,50,pm,005930,A003,ltb_A003_t049,stb_A003_t050,analysis_A003_t050,decision_A003_t050,fill_A003_t050,ltb_A003_t050,buy,10,186200.0,0.0,filled
offline_neutral_skip_e2e_20260918,2026-04-03,50,pm,005930,A004,ltb_A004_t049,stb_A004_t050,analysis_A004_t050,decision_A004_t050,fill_A004_t050,ltb_A004_t050,buy,10,186200.0,0.0,filled
offline_neutral_skip_e2e_20260918,2026-04-03,50,pm,005930,A005,ltb_A005_t049,stb_A005_t050,analysis_A005_t050,decision_A005_t050,fill_A005_t050,ltb_A005_t050,buy,10,186200.0,0.0,filled
offline_neutral_skip_e2e_20260918,2026-04-03,50,pm,005930,A006,ltb_A006_t049,stb_A006_t050,analysis_A006_t050,decision_A006_t050,fill_A006_t050,ltb_A006_t050,buy,10,186200.0,0.0,filled
offline_neutral_skip_e2e_20260918,2026-04-03,50,pm,005930,A007,ltb_A007_t049,stb_A007_t050,analysis_A007_t050,decision_A007_t050,fill_A007_t050,ltb_A007_t050,buy,10,186200.0,0.0,filled
offline_neutral_skip_e2e_20260918,2026-04-06,51,am,005930,A001,ltb_A001_t050,stb_A001_t051,analysis_A001_t051,decision_A001_t051,fill_A001_t051,ltb_A001_t051,buy,10,190900.0,0.0,filled
offline_neutral_skip_e2e_20260918,2026-04-06,51,am,005930,A002,ltb_A002_t050,stb_A002_t051,analysis_A002_t051,decision_A002_t051,fill_A002_t051,ltb_A002_t051,buy,10,190900.0,0.0,filled
offline_neutral_skip_e2e_20260918,2026-04-06,51,am,005930,A003,ltb_A003_t050,stb_A003_t051,analysis_A003_t051,decision_A003_t051,fill_A003_t051,ltb_A003_t051,buy,10,190900.0,0.0,filled
offline_neutral_skip_e2e_20260918,2026-04-06,51,am,005930,A004,ltb_A004_t050,stb_A004_t051,analysis_A004_t051,decision_A004_t051,fill_A004_t051,ltb_A004_t051,buy,10,190900.0,0.0,filled
offline_neutral_skip_e2e_20260918,2026-04-06,51,am,005930,A005,ltb_A005_t050,stb_A005_t051,analysis_A005_t051,decision_A005_t051,fill_A005_t051,ltb_A005_t051,buy,10,190900.0,0.0,filled
offline_neutral_skip_e2e_20260918,2026-04-06,51,am,005930,A006,ltb_A006_t050,stb_A006_t051,analysis_A006_t051,decision_A006_t051,fill_A006_t051,ltb_A006_t051,buy,10,190900.0,0.0,filled
offline_neutral_skip_e2e_20260918,2026-04-06,51,am,005930,A007,ltb_A007_t050,stb_A007_t051,analysis_A007_t051,decision_A007_t051,fill_A007_t051,ltb_A007_t051,buy,10,190900.0,0.0,filled
offline_neutral_skip_e2e_20260918,2026-04-06,52,pm,005930,A001,ltb_A001_t051,stb_A001_t052,analysis_A001_t052,decision_A001_t052,fill_A001_t052,ltb_A001_t052,buy,9,193100.0,0.0,filled
offline_neutral_skip_e2e_20260918,2026-04-06,52,pm,005930,A002,ltb_A002_t051,stb_A002_t052,analysis_A002_t052,decision_A002_t052,fill_A002_t052,ltb_A002_t052,buy,9,193100.0,0.0,filled
offline_neutral_skip_e2e_20260918,2026-04-06,52,pm,005930,A003,ltb_A003_t051,stb_A003_t052,analysis_A003_t052,decision_A003_t052,fill_A003_t052,ltb_A003_t052,buy,9,193100.0,0.0,filled
offline_neutral_skip_e2e_20260918,2026-04-06,52,pm,005930,A004,ltb_A004_t051,stb_A004_t052,analysis_A004_t052,decision_A004_t052,fill_A004_t052,ltb_A004_t052,buy,9,193100.0,0.0,filled
offline_neutral_skip_e2e_20260918,2026-04-06,52,pm,005930,A005,ltb_A005_t051,stb_A005_t052,analysis_A005_t052,decision_A005_t052,fill_A005_t052,ltb_A005_t052,buy,9,193100.0,0.0,filled
offline_neutral_skip_e2e_20260918,2026-04-06,52,pm,005930,A006,ltb_A006_t051,stb_A006_t052,analysis_A006_t052,decision_A006_t052,fill_A006_t052,ltb_A006_t052,buy,9,193100.0,0.0,filled
offline_neutral_skip_e2e_20260918,2026-04-06,52,pm,005930,A007,ltb_A007_t051,stb_A007_t052,analysis_A007_t052,decision_A007_t052,fill_A007_t052,ltb_A007_t052,buy,9,193100.0,0.0,filled
offline_neutral_skip_e2e_20260918,2026-04-07,53,am,005930,A001,ltb_A001_t052,stb_A001_t053,analysis_A001_t053,decision_A001_t053,fill_A001_t053,ltb_A001_t053,buy,5,202000.0,0.0,filled
offline_neutral_skip_e2e_20260918,2026-04-07,53,am,005930,A002,ltb_A002_t052,stb_A002_t053,analysis_A002_t053,decision_A002_t053,fill_A002_t053,ltb_A002_t053,buy,5,202000.0,0.0,filled
offline_neutral_skip_e2e_20260918,2026-04-07,53,am,005930,A003,ltb_A003_t052,stb_A003_t053,analysis_A003_t053,decision_A003_t053,fill_A003_t053,ltb_A003_t053,buy,5,202000.0,0.0,filled
offline_neutral_skip_e2e_20260918,2026-04-07,53,am,005930,A004,ltb_A004_t052,stb_A004_t053,analysis_A004_t053,decision_A004_t053,fill_A004_t053,ltb_A004_t053,buy,5,202000.0,0.0,filled
offline_neutral_skip_e2e_20260918,2026-04-07,53,am,005930,A005,ltb_A005_t052,stb_A005_t053,analysis_A005_t053,decision_A005_t053,fill_A005_t053,ltb_A005_t053,buy,5,202000.0,0.0,filled
offline_neutral_skip_e2e_20260918,2026-04-07,53,am,005930,A006,ltb_A006_t052,stb_A006_t053,analysis_A006_t053,decision_A006_t053,fill_A006_t053,ltb_A006_t053,buy,5,202000.0,0.0,filled
offline_neutral_skip_e2e_20260918,2026-04-07,53,am,005930,A007,ltb_A007_t052,stb_A007_t053,analysis_A007_t053,decision_A007_t053,fill_A007_t053,ltb_A007_t053,buy,5,202000.0,0.0,filled
offline_neutral_skip_e2e_20260918,2026-04-07,54,pm,005930,A001,ltb_A001_t053,stb_A001_t054,analysis_A001_t054,decision_A001_t054,fill_A001_t054,ltb_A001_t054,buy,2,196500.0,0.0,filled
offline_neutral_skip_e2e_20260918,2026-04-07,54,pm,005930,A002,ltb_A002_t053,stb_A002_t054,analysis_A002_t054,decision_A002_t054,fill_A002_t054,ltb_A002_t054,buy,2,196500.0,0.0,filled
offline_neutral_skip_e2e_20260918,2026-04-07,54,pm,005930,A003,ltb_A003_t053,stb_A003_t054,analysis_A003_t054,decision_A003_t054,fill_A003_t054,ltb_A003_t054,buy,2,196500.0,0.0,filled
offline_neutral_skip_e2e_20260918,2026-04-07,54,pm,005930,A004,ltb_A004_t053,stb_A004_t054,analysis_A004_t054,decision_A004_t054,fill_A004_t054,ltb_A004_t054,buy,2,196500.0,0.0,filled
offline_neutral_skip_e2e_20260918,2026-04-07,54,pm,005930,A005,ltb_A005_t053,stb_A005_t054,analysis_A005_t054,decision_A005_t054,fill_A005_t054,ltb_A005_t054,buy,2,196500.0,0.0,filled
offline_neutral_skip_e2e_20260918,2026-04-07,54,pm,005930,A006,ltb_A006_t053,stb_A006_t054,analysis_A006_t054,decision_A006_t054,fill_A006_t054,ltb_A006_t054,buy,2,196500.0,0.0,filled
offline_neutral_skip_e2e_20260918,2026-04-07,54,pm,005930,A007,ltb_A007_t053,stb_A007_t054,analysis_A007_t054,decision_A007_t054,fill_A007_t054,ltb_A007_t054,buy,2,196500.0,0.0,filled
offline_neutral_skip_e2e_20260918,2026-04-08,55,am,005930,A001,ltb_A001_t054,stb_A001_t055,analysis_A001_t055,decision_A001_t055,fill_A001_t055,ltb_A001_t055,buy,1,214000.0,0.0,filled
offline_neutral_skip_e2e_20260918,2026-04-08,55,am,005930,A002,ltb_A002_t054,stb_A002_t055,analysis_A002_t055,decision_A002_t055,fill_A002_t055,ltb_A002_t055,buy,1,214000.0,0.0,filled
offline_neutral_skip_e2e_20260918,2026-04-08,55,am,005930,A003,ltb_A003_t054,stb_A003_t055,analysis_A003_t055,decision_A003_t055,fill_A003_t055,ltb_A003_t055,buy,1,214000.0,0.0,filled
offline_neutral_skip_e2e_20260918,2026-04-08,55,am,005930,A004,ltb_A004_t054,stb_A004_t055,analysis_A004_t055,decision_A004_t055,fill_A004_t055,ltb_A004_t055,buy,1,214000.0,0.0,filled
offline_neutral_skip_e2e_20260918,2026-04-08,55,am,005930,A005,ltb_A005_t054,stb_A005_t055,analysis_A005_t055,decision_A005_t055,fill_A005_t055,ltb_A005_t055,buy,1,214000.0,0.0,filled
offline_neutral_skip_e2e_20260918,2026-04-08,55,am,005930,A006,ltb_A006_t054,stb_A006_t055,analysis_A006_t055,decision_A006_t055,fill_A006_t055,ltb_A006_t055,buy,1,214000.0,0.0,filled
offline_neutral_skip_e2e_20260918,2026-04-08,55,am,005930,A007,ltb_A007_t054,stb_A007_t055,analysis_A007_t055,decision_A007_t055,fill_A007_t055,ltb_A007_t055,buy,1,214000.0,0.0,filled
offline_neutral_skip_e2e_20260918,2026-04-08,56,pm,005930,A001,ltb_A001_t055,stb_A001_t056,analysis_A001_t056,decision_A001_t056,fill_A001_t056,ltb_A001_t056,buy,1,210500.0,0.0,filled
offline_neutral_skip_e2e_20260918,2026-04-08,56,pm,005930,A002,ltb_A002_t055,stb_A002_t056,analysis_A002_t056,decision_A002_t056,fill_A002_t056,ltb_A002_t056,buy,1,210500.0,0.0,filled
offline_neutral_skip_e2e_20260918,2026-04-08,56,pm,005930,A003,ltb_A003_t055,stb_A003_t056,analysis_A003_t056,decision_A003_t056,fill_A003_t056,ltb_A003_t056,buy,1,210500.0,0.0,filled
offline_neutral_skip_e2e_20260918,2026-04-08,56,pm,005930,A004,ltb_A004_t055,stb_A004_t056,analysis_A004_t056,decision_A004_t056,fill_A004_t056,ltb_A004_t056,buy,1,210500.0,0.0,filled
offline_neutral_skip_e2e_20260918,2026-04-08,56,pm,005930,A005,ltb_A005_t055,stb_A005_t056,analysis_A005_t056,decision_A005_t056,fill_A005_t056,ltb_A005_t056,buy,1,210500.0,0.0,filled
offline_neutral_skip_e2e_20260918,2026-04-08,56,pm,005930,A006,ltb_A006_t055,stb_A006_t056,analysis_A006_t056,decision_A006_t056,fill_A006_t056,ltb_A006_t056,buy,1,210500.0,0.0,filled
offline_neutral_skip_e2e_20260918,2026-04-08,56,pm,005930,A007,ltb_A007_t055,stb_A007_t056,analysis_A007_t056,decision_A007_t056,fill_A007_t056,ltb_A007_t056,buy,1,210500.0,0.0,filled
offline_neutral_skip_e2e_20260918,2026-04-09,57,am,005930,A001,ltb_A001_t056,stb_A001_t057,analysis_A001_t057,decision_A001_t057,fill_A001_t057,ltb_A001_t057,sell,10,207000.0,0.0,filled
offline_neutral_skip_e2e_20260918,2026-04-09,57,am,005930,A002,ltb_A002_t056,stb_A002_t057,analysis_A002_t057,decision_A002_t057,fill_A002_t057,ltb_A002_t057,sell,10,207000.0,0.0,filled
offline_neutral_skip_e2e_20260918,2026-04-09,57,am,005930,A003,ltb_A003_t056,stb_A003_t057,analysis_A003_t057,decision_A003_t057,fill_A003_t057,ltb_A003_t057,sell,10,207000.0,0.0,filled
offline_neutral_skip_e2e_20260918,2026-04-09,57,am,005930,A004,ltb_A004_t056,stb_A004_t057,analysis_A004_t057,decision_A004_t057,fill_A004_t057,ltb_A004_t057,sell,10,207000.0,0.0,filled
offline_neutral_skip_e2e_20260918,2026-04-09,57,am,005930,A005,ltb_A005_t056,stb_A005_t057,analysis_A005_t057,decision_A005_t057,fill_A005_t057,ltb_A005_t057,sell,10,207000.0,0.0,filled
offline_neutral_skip_e2e_20260918,2026-04-09,57,am,005930,A006,ltb_A006_t056,stb_A006_t057,analysis_A006_t057,decision_A006_t057,fill_A006_t057,ltb_A006_t057,sell,10,207000.0,0.0,filled
offline_neutral_skip_e2e_20260918,2026-04-09,57,am,005930,A007,ltb_A007_t056,stb_A007_t057,analysis_A007_t057,decision_A007_t057,fill_A007_t057,ltb_A007_t057,sell,10,207000.0,0.0,filled
offline_neutral_skip_e2e_20260918,2026-04-09,58,pm,005930,A001,ltb_A001_t057,stb_A001_t058,analysis_A001_t058,decision_A001_t058,fill_A001_t058,ltb_A001_t058,buy,5,204000.0,0.0,filled
offline_neutral_skip_e2e_20260918,2026-04-09,58,pm,005930,A002,ltb_A002_t057,stb_A002_t058,analysis_A002_t058,decision_A002_t058,fill_A002_t058,ltb_A002_t058,buy,5,204000.0,0.0,filled
offline_neutral_skip_e2e_20260918,2026-04-09,58,pm,005930,A003,ltb_A003_t057,stb_A003_t058,analysis_A003_t058,decision_A003_t058,fill_A003_t058,ltb_A003_t058,buy,5,204000.0,0.0,filled
offline_neutral_skip_e2e_20260918,2026-04-09,58,pm,005930,A004,ltb_A004_t057,stb_A004_t058,analysis_A004_t058,decision_A004_t058,fill_A004_t058,ltb_A004_t058,buy,5,204000.0,0.0,filled
offline_neutral_skip_e2e_20260918,2026-04-09,58,pm,005930,A005,ltb_A005_t057,stb_A005_t058,analysis_A005_t058,decision_A005_t058,fill_A005_t058,ltb_A005_t058,buy,5,204000.0,0.0,filled
offline_neutral_skip_e2e_20260918,2026-04-09,58,pm,005930,A006,ltb_A006_t057,stb_A006_t058,analysis_A006_t058,decision_A006_t058,fill_A006_t058,ltb_A006_t058,buy,5,204000.0,0.0,filled
offline_neutral_skip_e2e_20260918,2026-04-09,58,pm,005930,A007,ltb_A007_t057,stb_A007_t058,analysis_A007_t058,decision_A007_t058,fill_A007_t058,ltb_A007_t058,buy,5,204000.0,0.0,filled
offline_neutral_skip_e2e_20260918,2026-04-10,59,am,005930,A001,ltb_A001_t058,stb_A001_t059,analysis_A001_t059,decision_A001_t059,fill_A001_t059,ltb_A001_t059,buy,3,208500.0,0.0,filled
offline_neutral_skip_e2e_20260918,2026-04-10,59,am,005930,A002,ltb_A002_t058,stb_A002_t059,analysis_A002_t059,decision_A002_t059,fill_A002_t059,ltb_A002_t059,buy,3,208500.0,0.0,filled
offline_neutral_skip_e2e_20260918,2026-04-10,59,am,005930,A003,ltb_A003_t058,stb_A003_t059,analysis_A003_t059,decision_A003_t059,fill_A003_t059,ltb_A003_t059,buy,3,208500.0,0.0,filled
offline_neutral_skip_e2e_20260918,2026-04-10,59,am,005930,A004,ltb_A004_t058,stb_A004_t059,analysis_A004_t059,decision_A004_t059,fill_A004_t059,ltb_A004_t059,buy,3,208500.0,0.0,filled
offline_neutral_skip_e2e_20260918,2026-04-10,59,am,005930,A005,ltb_A005_t058,stb_A005_t059,analysis_A005_t059,decision_A005_t059,fill_A005_t059,ltb_A005_t059,buy,3,208500.0,0.0,filled
offline_neutral_skip_e2e_20260918,2026-04-10,59,am,005930,A006,ltb_A006_t058,stb_A006_t059,analysis_A006_t059,decision_A006_t059,fill_A006_t059,ltb_A006_t059,buy,3,208500.0,0.0,filled
offline_neutral_skip_e2e_20260918,2026-04-10,59,am,005930,A007,ltb_A007_t058,stb_A007_t059,analysis_A007_t059,decision_A007_t059,fill_A007_t059,ltb_A007_t059,buy,3,208500.0,0.0,filled
offline_neutral_skip_e2e_20260918,2026-04-10,60,pm,005930,A001,ltb_A001_t059,stb_A001_t060,analysis_A001_t060,decision_A001_t060,fill_A001_t060,ltb_A001_t060,buy,1,206000.0,0.0,filled
offline_neutral_skip_e2e_20260918,2026-04-10,60,pm,005930,A002,ltb_A002_t059,stb_A002_t060,analysis_A002_t060,decision_A002_t060,fill_A002_t060,ltb_A002_t060,buy,1,206000.0,0.0,filled
offline_neutral_skip_e2e_20260918,2026-04-10,60,pm,005930,A003,ltb_A003_t059,stb_A003_t060,analysis_A003_t060,decision_A003_t060,fill_A003_t060,ltb_A003_t060,buy,1,206000.0,0.0,filled
offline_neutral_skip_e2e_20260918,2026-04-10,60,pm,005930,A004,ltb_A004_t059,stb_A004_t060,analysis_A004_t060,decision_A004_t060,fill_A004_t060,ltb_A004_t060,buy,1,206000.0,0.0,filled
offline_neutral_skip_e2e_20260918,2026-04-10,60,pm,005930,A005,ltb_A005_t059,stb_A005_t060,analysis_A005_t060,decision_A005_t060,fill_A005_t060,ltb_A005_t060,buy,1,206000.0,0.0,filled
offline_neutral_skip_e2e_20260918,2026-04-10,60,pm,005930,A006,ltb_A006_t059,stb_A006_t060,analysis_A006_t060,decision_A006_t060,fill_A006_t060,ltb_A006_t060,buy,1,206000.0,0.0,filled
offline_neutral_skip_e2e_20260918,2026-04-10,60,pm,005930,A007,ltb_A007_t059,stb_A007_t060,analysis_A007_t060,decision_A007_t060,fill_A007_t060,ltb_A007_t060,buy,1,206000.0,0.0,filled
offline_neutral_skip_e2e_20260918,2026-04-13,61,am,005930,A001,ltb_A001_t060,stb_A001_t061,analysis_A001_t061,decision_A001_t061,fill_A001_t061,ltb_A001_t061,buy,1,198200.0,0.0,filled
offline_neutral_skip_e2e_20260918,2026-04-13,61,am,005930,A002,ltb_A002_t060,stb_A002_t061,analysis_A002_t061,decision_A002_t061,fill_A002_t061,ltb_A002_t061,buy,1,198200.0,0.0,filled
offline_neutral_skip_e2e_20260918,2026-04-13,61,am,005930,A003,ltb_A003_t060,stb_A003_t061,analysis_A003_t061,decision_A003_t061,fill_A003_t061,ltb_A003_t061,buy,1,198200.0,0.0,filled
offline_neutral_skip_e2e_20260918,2026-04-13,61,am,005930,A004,ltb_A004_t060,stb_A004_t061,analysis_A004_t061,decision_A004_t061,fill_A004_t061,ltb_A004_t061,buy,1,198200.0,0.0,filled
offline_neutral_skip_e2e_20260918,2026-04-13,61,am,005930,A005,ltb_A005_t060,stb_A005_t061,analysis_A005_t061,decision_A005_t061,fill_A005_t061,ltb_A005_t061,buy,1,198200.0,0.0,filled
offline_neutral_skip_e2e_20260918,2026-04-13,61,am,005930,A006,ltb_A006_t060,stb_A006_t061,analysis_A006_t061,decision_A006_t061,fill_A006_t061,ltb_A006_t061,buy,1,198200.0,0.0,filled
offline_neutral_skip_e2e_20260918,2026-04-13,61,am,005930,A007,ltb_A007_t060,stb_A007_t061,analysis_A007_t061,decision_A007_t061,fill_A007_t061,ltb_A007_t061,buy,1,198200.0,0.0,filled
offline_neutral_skip_e2e_20260918,2026-04-13,62,pm,005930,A001,ltb_A001_t061,stb_A001_t062,analysis_A001_t062,decision_A001_t062,fill_A001_t062,ltb_A001_t062,sell,10,201000.0,0.0,filled
offline_neutral_skip_e2e_20260918,2026-04-13,62,pm,005930,A002,ltb_A002_t061,stb_A002_t062,analysis_A002_t062,decision_A002_t062,fill_A002_t062,ltb_A002_t062,sell,10,201000.0,0.0,filled
offline_neutral_skip_e2e_20260918,2026-04-13,62,pm,005930,A003,ltb_A003_t061,stb_A003_t062,analysis_A003_t062,decision_A003_t062,fill_A003_t062,ltb_A003_t062,sell,10,201000.0,0.0,filled
offline_neutral_skip_e2e_20260918,2026-04-13,62,pm,005930,A004,ltb_A004_t061,stb_A004_t062,analysis_A004_t062,decision_A004_t062,fill_A004_t062,ltb_A004_t062,sell,10,201000.0,0.0,filled
offline_neutral_skip_e2e_20260918,2026-04-13,62,pm,005930,A005,ltb_A005_t061,stb_A005_t062,analysis_A005_t062,decision_A005_t062,fill_A005_t062,ltb_A005_t062,sell,10,201000.0,0.0,filled
offline_neutral_skip_e2e_20260918,2026-04-13,62,pm,005930,A006,ltb_A006_t061,stb_A006_t062,analysis_A006_t062,decision_A006_t062,fill_A006_t062,ltb_A006_t062,sell,10,201000.0,0.0,filled
offline_neutral_skip_e2e_20260918,2026-04-13,62,pm,005930,A007,ltb_A007_t061,stb_A007_t062,analysis_A007_t062,decision_A007_t062,fill_A007_t062,ltb_A007_t062,sell,10,201000.0,0.0,filled
offline_neutral_skip_e2e_20260918,2026-04-14,63,am,005930,A001,ltb_A001_t062,stb_A001_t063,analysis_A001_t063,decision_A001_t063,fill_A001_t063,ltb_A001_t063,buy,5,208000.0,0.0,filled
offline_neutral_skip_e2e_20260918,2026-04-14,63,am,005930,A002,ltb_A002_t062,stb_A002_t063,analysis_A002_t063,decision_A002_t063,fill_A002_t063,ltb_A002_t063,buy,5,208000.0,0.0,filled
offline_neutral_skip_e2e_20260918,2026-04-14,63,am,005930,A003,ltb_A003_t062,stb_A003_t063,analysis_A003_t063,decision_A003_t063,fill_A003_t063,ltb_A003_t063,buy,5,208000.0,0.0,filled
offline_neutral_skip_e2e_20260918,2026-04-14,63,am,005930,A004,ltb_A004_t062,stb_A004_t063,analysis_A004_t063,decision_A004_t063,fill_A004_t063,ltb_A004_t063,buy,5,208000.0,0.0,filled
offline_neutral_skip_e2e_20260918,2026-04-14,63,am,005930,A005,ltb_A005_t062,stb_A005_t063,analysis_A005_t063,decision_A005_t063,fill_A005_t063,ltb_A005_t063,buy,5,208000.0,0.0,filled
offline_neutral_skip_e2e_20260918,2026-04-14,63,am,005930,A006,ltb_A006_t062,stb_A006_t063,analysis_A006_t063,decision_A006_t063,fill_A006_t063,ltb_A006_t063,buy,5,208000.0,0.0,filled
offline_neutral_skip_e2e_20260918,2026-04-14,63,am,005930,A007,ltb_A007_t062,stb_A007_t063,analysis_A007_t063,decision_A007_t063,fill_A007_t063,ltb_A007_t063,buy,5,208000.0,0.0,filled
offline_neutral_skip_e2e_20260918,2026-04-14,64,pm,005930,A001,ltb_A001_t063,stb_A001_t064,analysis_A001_t064,decision_A001_t064,fill_A001_t064,ltb_A001_t064,buy,3,206500.0,0.0,filled
offline_neutral_skip_e2e_20260918,2026-04-14,64,pm,005930,A002,ltb_A002_t063,stb_A002_t064,analysis_A002_t064,decision_A002_t064,fill_A002_t064,ltb_A002_t064,buy,3,206500.0,0.0,filled
offline_neutral_skip_e2e_20260918,2026-04-14,64,pm,005930,A003,ltb_A003_t063,stb_A003_t064,analysis_A003_t064,decision_A003_t064,fill_A003_t064,ltb_A003_t064,buy,3,206500.0,0.0,filled
offline_neutral_skip_e2e_20260918,2026-04-14,64,pm,005930,A004,ltb_A004_t063,stb_A004_t064,analysis_A004_t064,decision_A004_t064,fill_A004_t064,ltb_A004_t064,buy,3,206500.0,0.0,filled
offline_neutral_skip_e2e_20260918,2026-04-14,64,pm,005930,A005,ltb_A005_t063,stb_A005_t064,analysis_A005_t064,decision_A005_t064,fill_A005_t064,ltb_A005_t064,buy,3,206500.0,0.0,filled
offline_neutral_skip_e2e_20260918,2026-04-14,64,pm,005930,A006,ltb_A006_t063,stb_A006_t064,analysis_A006_t064,decision_A006_t064,fill_A006_t064,ltb_A006_t064,buy,3,206500.0,0.0,filled
offline_neutral_skip_e2e_20260918,2026-04-14,64,pm,005930,A007,ltb_A007_t063,stb_A007_t064,analysis_A007_t064,decision_A007_t064,fill_A007_t064,ltb_A007_t064,buy,3,206500.0,0.0,filled
offline_neutral_skip_e2e_20260918,2026-04-15,65,am,005930,A001,ltb_A001_t064,stb_A001_t065,analysis_A001_t065,decision_A001_t065,fill_A001_t065,ltb_A001_t065,buy,1,215000.0,0.0,filled
offline_neutral_skip_e2e_20260918,2026-04-15,65,am,005930,A002,ltb_A002_t064,stb_A002_t065,analysis_A002_t065,decision_A002_t065,fill_A002_t065,ltb_A002_t065,buy,1,215000.0,0.0,filled
offline_neutral_skip_e2e_20260918,2026-04-15,65,am,005930,A003,ltb_A003_t064,stb_A003_t065,analysis_A003_t065,decision_A003_t065,fill_A003_t065,ltb_A003_t065,buy,1,215000.0,0.0,filled
offline_neutral_skip_e2e_20260918,2026-04-15,65,am,005930,A004,ltb_A004_t064,stb_A004_t065,analysis_A004_t065,decision_A004_t065,fill_A004_t065,ltb_A004_t065,buy,1,215000.0,0.0,filled
offline_neutral_skip_e2e_20260918,2026-04-15,65,am,005930,A005,ltb_A005_t064,stb_A005_t065,analysis_A005_t065,decision_A005_t065,fill_A005_t065,ltb_A005_t065,buy,1,215000.0,0.0,filled
offline_neutral_skip_e2e_20260918,2026-04-15,65,am,005930,A006,ltb_A006_t064,stb_A006_t065,analysis_A006_t065,decision_A006_t065,fill_A006_t065,ltb_A006_t065,buy,1,215000.0,0.0,filled
offline_neutral_skip_e2e_20260918,2026-04-15,65,am,005930,A007,ltb_A007_t064,stb_A007_t065,analysis_A007_t065,decision_A007_t065,fill_A007_t065,ltb_A007_t065,buy,1,215000.0,0.0,filled
offline_neutral_skip_e2e_20260918,2026-04-15,66,pm,005930,A001,ltb_A001_t065,stb_A001_t066,analysis_A001_t066,decision_A001_t066,fill_A001_t066,ltb_A001_t066,buy,1,211000.0,0.0,filled
offline_neutral_skip_e2e_20260918,2026-04-15,66,pm,005930,A002,ltb_A002_t065,stb_A002_t066,analysis_A002_t066,decision_A002_t066,fill_A002_t066,ltb_A002_t066,buy,1,211000.0,0.0,filled
offline_neutral_skip_e2e_20260918,2026-04-15,66,pm,005930,A003,ltb_A003_t065,stb_A003_t066,analysis_A003_t066,decision_A003_t066,fill_A003_t066,ltb_A003_t066,buy,1,211000.0,0.0,filled
offline_neutral_skip_e2e_20260918,2026-04-15,66,pm,005930,A004,ltb_A004_t065,stb_A004_t066,analysis_A004_t066,decision_A004_t066,fill_A004_t066,ltb_A004_t066,buy,1,211000.0,0.0,filled
offline_neutral_skip_e2e_20260918,2026-04-15,66,pm,005930,A005,ltb_A005_t065,stb_A005_t066,analysis_A005_t066,decision_A005_t066,fill_A005_t066,ltb_A005_t066,buy,1,211000.0,0.0,filled
offline_neutral_skip_e2e_20260918,2026-04-15,66,pm,005930,A006,ltb_A006_t065,stb_A006_t066,analysis_A006_t066,decision_A006_t066,fill_A006_t066,ltb_A006_t066,buy,1,211000.0,0.0,filled
offline_neutral_skip_e2e_20260918,2026-04-15,66,pm,005930,A007,ltb_A007_t065,stb_A007_t066,analysis_A007_t066,decision_A007_t066,fill_A007_t066,ltb_A007_t066,buy,1,211000.0,0.0,filled
offline_neutral_skip_e2e_20260918,2026-04-16,67,am,005930,A001,ltb_A001_t066,stb_A001_t067,analysis_A001_t067,decision_A001_t067,fill_A001_t067,ltb_A001_t067,sell,10,212000.0,0.0,filled
offline_neutral_skip_e2e_20260918,2026-04-16,67,am,005930,A002,ltb_A002_t066,stb_A002_t067,analysis_A002_t067,decision_A002_t067,fill_A002_t067,ltb_A002_t067,sell,10,212000.0,0.0,filled
offline_neutral_skip_e2e_20260918,2026-04-16,67,am,005930,A003,ltb_A003_t066,stb_A003_t067,analysis_A003_t067,decision_A003_t067,fill_A003_t067,ltb_A003_t067,sell,10,212000.0,0.0,filled
offline_neutral_skip_e2e_20260918,2026-04-16,67,am,005930,A004,ltb_A004_t066,stb_A004_t067,analysis_A004_t067,decision_A004_t067,fill_A004_t067,ltb_A004_t067,sell,10,212000.0,0.0,filled
offline_neutral_skip_e2e_20260918,2026-04-16,67,am,005930,A005,ltb_A005_t066,stb_A005_t067,analysis_A005_t067,decision_A005_t067,fill_A005_t067,ltb_A005_t067,sell,10,212000.0,0.0,filled
offline_neutral_skip_e2e_20260918,2026-04-16,67,am,005930,A006,ltb_A006_t066,stb_A006_t067,analysis_A006_t067,decision_A006_t067,fill_A006_t067,ltb_A006_t067,sell,10,212000.0,0.0,filled
offline_neutral_skip_e2e_20260918,2026-04-16,67,am,005930,A007,ltb_A007_t066,stb_A007_t067,analysis_A007_t067,decision_A007_t067,fill_A007_t067,ltb_A007_t067,sell,10,212000.0,0.0,filled
offline_neutral_skip_e2e_20260918,2026-04-16,68,pm,005930,A001,ltb_A001_t067,stb_A001_t068,analysis_A001_t068,decision_A001_t068,fill_A001_t068,ltb_A001_t068,buy,5,217500.0,0.0,filled
offline_neutral_skip_e2e_20260918,2026-04-16,68,pm,005930,A002,ltb_A002_t067,stb_A002_t068,analysis_A002_t068,decision_A002_t068,fill_A002_t068,ltb_A002_t068,buy,5,217500.0,0.0,filled
offline_neutral_skip_e2e_20260918,2026-04-16,68,pm,005930,A003,ltb_A003_t067,stb_A003_t068,analysis_A003_t068,decision_A003_t068,fill_A003_t068,ltb_A003_t068,buy,5,217500.0,0.0,filled
offline_neutral_skip_e2e_20260918,2026-04-16,68,pm,005930,A004,ltb_A004_t067,stb_A004_t068,analysis_A004_t068,decision_A004_t068,fill_A004_t068,ltb_A004_t068,buy,5,217500.0,0.0,filled
offline_neutral_skip_e2e_20260918,2026-04-16,68,pm,005930,A005,ltb_A005_t067,stb_A005_t068,analysis_A005_t068,decision_A005_t068,fill_A005_t068,ltb_A005_t068,buy,5,217500.0,0.0,filled
offline_neutral_skip_e2e_20260918,2026-04-16,68,pm,005930,A006,ltb_A006_t067,stb_A006_t068,analysis_A006_t068,decision_A006_t068,fill_A006_t068,ltb_A006_t068,buy,5,217500.0,0.0,filled
offline_neutral_skip_e2e_20260918,2026-04-16,68,pm,005930,A007,ltb_A007_t067,stb_A007_t068,analysis_A007_t068,decision_A007_t068,fill_A007_t068,ltb_A007_t068,buy,5,217500.0,0.0,filled
offline_neutral_skip_e2e_20260918,2026-04-17,69,am,005930,A001,ltb_A001_t068,stb_A001_t069,analysis_A001_t069,decision_A001_t069,fill_A001_t069,ltb_A001_t069,buy,2,217000.0,0.0,filled
offline_neutral_skip_e2e_20260918,2026-04-17,69,am,005930,A002,ltb_A002_t068,stb_A002_t069,analysis_A002_t069,decision_A002_t069,fill_A002_t069,ltb_A002_t069,buy,2,217000.0,0.0,filled
offline_neutral_skip_e2e_20260918,2026-04-17,69,am,005930,A003,ltb_A003_t068,stb_A003_t069,analysis_A003_t069,decision_A003_t069,fill_A003_t069,ltb_A003_t069,buy,2,217000.0,0.0,filled
offline_neutral_skip_e2e_20260918,2026-04-17,69,am,005930,A004,ltb_A004_t068,stb_A004_t069,analysis_A004_t069,decision_A004_t069,fill_A004_t069,ltb_A004_t069,buy,2,217000.0,0.0,filled
offline_neutral_skip_e2e_20260918,2026-04-17,69,am,005930,A005,ltb_A005_t068,stb_A005_t069,analysis_A005_t069,decision_A005_t069,fill_A005_t069,ltb_A005_t069,buy,2,217000.0,0.0,filled
offline_neutral_skip_e2e_20260918,2026-04-17,69,am,005930,A006,ltb_A006_t068,stb_A006_t069,analysis_A006_t069,decision_A006_t069,fill_A006_t069,ltb_A006_t069,buy,2,217000.0,0.0,filled
offline_neutral_skip_e2e_20260918,2026-04-17,69,am,005930,A007,ltb_A007_t068,stb_A007_t069,analysis_A007_t069,decision_A007_t069,fill_A007_t069,ltb_A007_t069,buy,2,217000.0,0.0,filled
offline_neutral_skip_e2e_20260918,2026-04-17,70,pm,005930,A001,ltb_A001_t069,stb_A001_t070,analysis_A001_t070,decision_A001_t070,fill_A001_t070,ltb_A001_t070,buy,1,216000.0,0.0,filled
offline_neutral_skip_e2e_20260918,2026-04-17,70,pm,005930,A002,ltb_A002_t069,stb_A002_t070,analysis_A002_t070,decision_A002_t070,fill_A002_t070,ltb_A002_t070,buy,1,216000.0,0.0,filled
offline_neutral_skip_e2e_20260918,2026-04-17,70,pm,005930,A003,ltb_A003_t069,stb_A003_t070,analysis_A003_t070,decision_A003_t070,fill_A003_t070,ltb_A003_t070,buy,1,216000.0,0.0,filled
offline_neutral_skip_e2e_20260918,2026-04-17,70,pm,005930,A004,ltb_A004_t069,stb_A004_t070,analysis_A004_t070,decision_A004_t070,fill_A004_t070,ltb_A004_t070,buy,1,216000.0,0.0,filled
offline_neutral_skip_e2e_20260918,2026-04-17,70,pm,005930,A005,ltb_A005_t069,stb_A005_t070,analysis_A005_t070,decision_A005_t070,fill_A005_t070,ltb_A005_t070,buy,1,216000.0,0.0,filled
offline_neutral_skip_e2e_20260918,2026-04-17,70,pm,005930,A006,ltb_A006_t069,stb_A006_t070,analysis_A006_t070,decision_A006_t070,fill_A006_t070,ltb_A006_t070,buy,1,216000.0,0.0,filled
offline_neutral_skip_e2e_20260918,2026-04-17,70,pm,005930,A007,ltb_A007_t069,stb_A007_t070,analysis_A007_t070,decision_A007_t070,fill_A007_t070,ltb_A007_t070,buy,1,216000.0,0.0,filled
offline_neutral_skip_e2e_20260918,2026-04-20,71,am,005930,A001,ltb_A001_t070,stb_A001_t071,analysis_A001_t071,decision_A001_t071,fill_A001_t071,ltb_A001_t071,buy,1,214500.0,0.0,filled
offline_neutral_skip_e2e_20260918,2026-04-20,71,am,005930,A002,ltb_A002_t070,stb_A002_t071,analysis_A002_t071,decision_A002_t071,fill_A002_t071,ltb_A002_t071,buy,1,214500.0,0.0,filled
offline_neutral_skip_e2e_20260918,2026-04-20,71,am,005930,A003,ltb_A003_t070,stb_A003_t071,analysis_A003_t071,decision_A003_t071,fill_A003_t071,ltb_A003_t071,buy,1,214500.0,0.0,filled
offline_neutral_skip_e2e_20260918,2026-04-20,71,am,005930,A004,ltb_A004_t070,stb_A004_t071,analysis_A004_t071,decision_A004_t071,fill_A004_t071,ltb_A004_t071,buy,1,214500.0,0.0,filled
offline_neutral_skip_e2e_20260918,2026-04-20,71,am,005930,A005,ltb_A005_t070,stb_A005_t071,analysis_A005_t071,decision_A005_t071,fill_A005_t071,ltb_A005_t071,buy,1,214500.0,0.0,filled
offline_neutral_skip_e2e_20260918,2026-04-20,71,am,005930,A006,ltb_A006_t070,stb_A006_t071,analysis_A006_t071,decision_A006_t071,fill_A006_t071,ltb_A006_t071,buy,1,214500.0,0.0,filled
offline_neutral_skip_e2e_20260918,2026-04-20,71,am,005930,A007,ltb_A007_t070,stb_A007_t071,analysis_A007_t071,decision_A007_t071,fill_A007_t071,ltb_A007_t071,buy,1,214500.0,0.0,filled
offline_neutral_skip_e2e_20260918,2026-04-20,72,pm,005930,A001,ltb_A001_t071,stb_A001_t072,analysis_A001_t072,decision_A001_t072,fill_A001_t072,ltb_A001_t072,sell,10,214500.0,0.0,filled
offline_neutral_skip_e2e_20260918,2026-04-20,72,pm,005930,A002,ltb_A002_t071,stb_A002_t072,analysis_A002_t072,decision_A002_t072,fill_A002_t072,ltb_A002_t072,sell,10,214500.0,0.0,filled
offline_neutral_skip_e2e_20260918,2026-04-20,72,pm,005930,A003,ltb_A003_t071,stb_A003_t072,analysis_A003_t072,decision_A003_t072,fill_A003_t072,ltb_A003_t072,sell,10,214500.0,0.0,filled
offline_neutral_skip_e2e_20260918,2026-04-20,72,pm,005930,A004,ltb_A004_t071,stb_A004_t072,analysis_A004_t072,decision_A004_t072,fill_A004_t072,ltb_A004_t072,sell,10,214500.0,0.0,filled
offline_neutral_skip_e2e_20260918,2026-04-20,72,pm,005930,A005,ltb_A005_t071,stb_A005_t072,analysis_A005_t072,decision_A005_t072,fill_A005_t072,ltb_A005_t072,sell,10,214500.0,0.0,filled
offline_neutral_skip_e2e_20260918,2026-04-20,72,pm,005930,A006,ltb_A006_t071,stb_A006_t072,analysis_A006_t072,decision_A006_t072,fill_A006_t072,ltb_A006_t072,sell,10,214500.0,0.0,filled
offline_neutral_skip_e2e_20260918,2026-04-20,72,pm,005930,A007,ltb_A007_t071,stb_A007_t072,analysis_A007_t072,decision_A007_t072,fill_A007_t072,ltb_A007_t072,sell,10,214500.0,0.0,filled
offline_neutral_skip_e2e_20260918,2026-04-21,73,am,005930,A001,ltb_A001_t072,stb_A001_t073,analysis_A001_t073,decision_A001_t073,fill_A001_t073,ltb_A001_t073,buy,5,218000.0,0.0,filled
offline_neutral_skip_e2e_20260918,2026-04-21,73,am,005930,A002,ltb_A002_t072,stb_A002_t073,analysis_A002_t073,decision_A002_t073,fill_A002_t073,ltb_A002_t073,buy,5,218000.0,0.0,filled
offline_neutral_skip_e2e_20260918,2026-04-21,73,am,005930,A003,ltb_A003_t072,stb_A003_t073,analysis_A003_t073,decision_A003_t073,fill_A003_t073,ltb_A003_t073,buy,5,218000.0,0.0,filled
offline_neutral_skip_e2e_20260918,2026-04-21,73,am,005930,A004,ltb_A004_t072,stb_A004_t073,analysis_A004_t073,decision_A004_t073,fill_A004_t073,ltb_A004_t073,buy,5,218000.0,0.0,filled
offline_neutral_skip_e2e_20260918,2026-04-21,73,am,005930,A005,ltb_A005_t072,stb_A005_t073,analysis_A005_t073,decision_A005_t073,fill_A005_t073,ltb_A005_t073,buy,5,218000.0,0.0,filled
offline_neutral_skip_e2e_20260918,2026-04-21,73,am,005930,A006,ltb_A006_t072,stb_A006_t073,analysis_A006_t073,decision_A006_t073,fill_A006_t073,ltb_A006_t073,buy,5,218000.0,0.0,filled
offline_neutral_skip_e2e_20260918,2026-04-21,73,am,005930,A007,ltb_A007_t072,stb_A007_t073,analysis_A007_t073,decision_A007_t073,fill_A007_t073,ltb_A007_t073,buy,5,218000.0,0.0,filled
offline_neutral_skip_e2e_20260918,2026-04-21,74,pm,005930,A001,ltb_A001_t073,stb_A001_t074,analysis_A001_t074,decision_A001_t074,fill_A001_t074,ltb_A001_t074,buy,3,219000.0,0.0,filled
offline_neutral_skip_e2e_20260918,2026-04-21,74,pm,005930,A002,ltb_A002_t073,stb_A002_t074,analysis_A002_t074,decision_A002_t074,fill_A002_t074,ltb_A002_t074,buy,3,219000.0,0.0,filled
offline_neutral_skip_e2e_20260918,2026-04-21,74,pm,005930,A003,ltb_A003_t073,stb_A003_t074,analysis_A003_t074,decision_A003_t074,fill_A003_t074,ltb_A003_t074,buy,3,219000.0,0.0,filled
offline_neutral_skip_e2e_20260918,2026-04-21,74,pm,005930,A004,ltb_A004_t073,stb_A004_t074,analysis_A004_t074,decision_A004_t074,fill_A004_t074,ltb_A004_t074,buy,3,219000.0,0.0,filled
offline_neutral_skip_e2e_20260918,2026-04-21,74,pm,005930,A005,ltb_A005_t073,stb_A005_t074,analysis_A005_t074,decision_A005_t074,fill_A005_t074,ltb_A005_t074,buy,3,219000.0,0.0,filled
offline_neutral_skip_e2e_20260918,2026-04-21,74,pm,005930,A006,ltb_A006_t073,stb_A006_t074,analysis_A006_t074,decision_A006_t074,fill_A006_t074,ltb_A006_t074,buy,3,219000.0,0.0,filled
offline_neutral_skip_e2e_20260918,2026-04-21,74,pm,005930,A007,ltb_A007_t073,stb_A007_t074,analysis_A007_t074,decision_A007_t074,fill_A007_t074,ltb_A007_t074,buy,3,219000.0,0.0,filled
offline_neutral_skip_e2e_20260918,2026-04-22,75,am,005930,A001,ltb_A001_t074,stb_A001_t075,analysis_A001_t075,decision_A001_t075,fill_A001_t075,ltb_A001_t075,buy,1,218500.0,0.0,filled
offline_neutral_skip_e2e_20260918,2026-04-22,75,am,005930,A002,ltb_A002_t074,stb_A002_t075,analysis_A002_t075,decision_A002_t075,fill_A002_t075,ltb_A002_t075,buy,1,218500.0,0.0,filled
offline_neutral_skip_e2e_20260918,2026-04-22,75,am,005930,A003,ltb_A003_t074,stb_A003_t075,analysis_A003_t075,decision_A003_t075,fill_A003_t075,ltb_A003_t075,buy,1,218500.0,0.0,filled
offline_neutral_skip_e2e_20260918,2026-04-22,75,am,005930,A004,ltb_A004_t074,stb_A004_t075,analysis_A004_t075,decision_A004_t075,fill_A004_t075,ltb_A004_t075,buy,1,218500.0,0.0,filled
offline_neutral_skip_e2e_20260918,2026-04-22,75,am,005930,A005,ltb_A005_t074,stb_A005_t075,analysis_A005_t075,decision_A005_t075,fill_A005_t075,ltb_A005_t075,buy,1,218500.0,0.0,filled
offline_neutral_skip_e2e_20260918,2026-04-22,75,am,005930,A006,ltb_A006_t074,stb_A006_t075,analysis_A006_t075,decision_A006_t075,fill_A006_t075,ltb_A006_t075,buy,1,218500.0,0.0,filled
offline_neutral_skip_e2e_20260918,2026-04-22,75,am,005930,A007,ltb_A007_t074,stb_A007_t075,analysis_A007_t075,decision_A007_t075,fill_A007_t075,ltb_A007_t075,buy,1,218500.0,0.0,filled
offline_neutral_skip_e2e_20260918,2026-04-22,76,pm,005930,A001,ltb_A001_t075,stb_A001_t076,analysis_A001_t076,decision_A001_t076,fill_A001_t076,ltb_A001_t076,buy,1,217500.0,0.0,filled
offline_neutral_skip_e2e_20260918,2026-04-22,76,pm,005930,A002,ltb_A002_t075,stb_A002_t076,analysis_A002_t076,decision_A002_t076,fill_A002_t076,ltb_A002_t076,buy,1,217500.0,0.0,filled
offline_neutral_skip_e2e_20260918,2026-04-22,76,pm,005930,A003,ltb_A003_t075,stb_A003_t076,analysis_A003_t076,decision_A003_t076,fill_A003_t076,ltb_A003_t076,buy,1,217500.0,0.0,filled
offline_neutral_skip_e2e_20260918,2026-04-22,76,pm,005930,A004,ltb_A004_t075,stb_A004_t076,analysis_A004_t076,decision_A004_t076,fill_A004_t076,ltb_A004_t076,buy,1,217500.0,0.0,filled
offline_neutral_skip_e2e_20260918,2026-04-22,76,pm,005930,A005,ltb_A005_t075,stb_A005_t076,analysis_A005_t076,decision_A005_t076,fill_A005_t076,ltb_A005_t076,buy,1,217500.0,0.0,filled
offline_neutral_skip_e2e_20260918,2026-04-22,76,pm,005930,A006,ltb_A006_t075,stb_A006_t076,analysis_A006_t076,decision_A006_t076,fill_A006_t076,ltb_A006_t076,buy,1,217500.0,0.0,filled
offline_neutral_skip_e2e_20260918,2026-04-22,76,pm,005930,A007,ltb_A007_t075,stb_A007_t076,analysis_A007_t076,decision_A007_t076,fill_A007_t076,ltb_A007_t076,buy,1,217500.0,0.0,filled
offline_neutral_skip_e2e_20260918,2026-04-23,77,am,005930,A001,ltb_A001_t076,stb_A001_t077,analysis_A001_t077,decision_A001_t077,fill_A001_t077,ltb_A001_t077,sell,10,223000.0,0.0,filled
offline_neutral_skip_e2e_20260918,2026-04-23,77,am,005930,A002,ltb_A002_t076,stb_A002_t077,analysis_A002_t077,decision_A002_t077,fill_A002_t077,ltb_A002_t077,sell,10,223000.0,0.0,filled
offline_neutral_skip_e2e_20260918,2026-04-23,77,am,005930,A003,ltb_A003_t076,stb_A003_t077,analysis_A003_t077,decision_A003_t077,fill_A003_t077,ltb_A003_t077,sell,10,223000.0,0.0,filled
offline_neutral_skip_e2e_20260918,2026-04-23,77,am,005930,A004,ltb_A004_t076,stb_A004_t077,analysis_A004_t077,decision_A004_t077,fill_A004_t077,ltb_A004_t077,sell,10,223000.0,0.0,filled
offline_neutral_skip_e2e_20260918,2026-04-23,77,am,005930,A005,ltb_A005_t076,stb_A005_t077,analysis_A005_t077,decision_A005_t077,fill_A005_t077,ltb_A005_t077,sell,10,223000.0,0.0,filled
offline_neutral_skip_e2e_20260918,2026-04-23,77,am,005930,A006,ltb_A006_t076,stb_A006_t077,analysis_A006_t077,decision_A006_t077,fill_A006_t077,ltb_A006_t077,sell,10,223000.0,0.0,filled
offline_neutral_skip_e2e_20260918,2026-04-23,77,am,005930,A007,ltb_A007_t076,stb_A007_t077,analysis_A007_t077,decision_A007_t077,fill_A007_t077,ltb_A007_t077,sell,10,223000.0,0.0,filled
offline_neutral_skip_e2e_20260918,2026-04-23,78,pm,005930,A001,ltb_A001_t077,stb_A001_t078,analysis_A001_t078,decision_A001_t078,fill_A001_t078,ltb_A001_t078,buy,5,224500.0,0.0,filled
offline_neutral_skip_e2e_20260918,2026-04-23,78,pm,005930,A002,ltb_A002_t077,stb_A002_t078,analysis_A002_t078,decision_A002_t078,fill_A002_t078,ltb_A002_t078,buy,5,224500.0,0.0,filled
offline_neutral_skip_e2e_20260918,2026-04-23,78,pm,005930,A003,ltb_A003_t077,stb_A003_t078,analysis_A003_t078,decision_A003_t078,fill_A003_t078,ltb_A003_t078,buy,5,224500.0,0.0,filled
offline_neutral_skip_e2e_20260918,2026-04-23,78,pm,005930,A004,ltb_A004_t077,stb_A004_t078,analysis_A004_t078,decision_A004_t078,fill_A004_t078,ltb_A004_t078,buy,5,224500.0,0.0,filled
offline_neutral_skip_e2e_20260918,2026-04-23,78,pm,005930,A005,ltb_A005_t077,stb_A005_t078,analysis_A005_t078,decision_A005_t078,fill_A005_t078,ltb_A005_t078,buy,5,224500.0,0.0,filled
offline_neutral_skip_e2e_20260918,2026-04-23,78,pm,005930,A006,ltb_A006_t077,stb_A006_t078,analysis_A006_t078,decision_A006_t078,fill_A006_t078,ltb_A006_t078,buy,5,224500.0,0.0,filled
offline_neutral_skip_e2e_20260918,2026-04-23,78,pm,005930,A007,ltb_A007_t077,stb_A007_t078,analysis_A007_t078,decision_A007_t078,fill_A007_t078,ltb_A007_t078,buy,5,224500.0,0.0,filled
offline_neutral_skip_e2e_20260918,2026-04-24,79,am,005930,A001,ltb_A001_t078,stb_A001_t079,analysis_A001_t079,decision_A001_t079,fill_A001_t079,ltb_A001_t079,buy,3,224000.0,0.0,filled
offline_neutral_skip_e2e_20260918,2026-04-24,79,am,005930,A002,ltb_A002_t078,stb_A002_t079,analysis_A002_t079,decision_A002_t079,fill_A002_t079,ltb_A002_t079,buy,3,224000.0,0.0,filled
offline_neutral_skip_e2e_20260918,2026-04-24,79,am,005930,A003,ltb_A003_t078,stb_A003_t079,analysis_A003_t079,decision_A003_t079,fill_A003_t079,ltb_A003_t079,buy,3,224000.0,0.0,filled
offline_neutral_skip_e2e_20260918,2026-04-24,79,am,005930,A004,ltb_A004_t078,stb_A004_t079,analysis_A004_t079,decision_A004_t079,fill_A004_t079,ltb_A004_t079,buy,3,224000.0,0.0,filled
offline_neutral_skip_e2e_20260918,2026-04-24,79,am,005930,A005,ltb_A005_t078,stb_A005_t079,analysis_A005_t079,decision_A005_t079,fill_A005_t079,ltb_A005_t079,buy,3,224000.0,0.0,filled
offline_neutral_skip_e2e_20260918,2026-04-24,79,am,005930,A006,ltb_A006_t078,stb_A006_t079,analysis_A006_t079,decision_A006_t079,fill_A006_t079,ltb_A006_t079,buy,3,224000.0,0.0,filled
offline_neutral_skip_e2e_20260918,2026-04-24,79,am,005930,A007,ltb_A007_t078,stb_A007_t079,analysis_A007_t079,decision_A007_t079,fill_A007_t079,ltb_A007_t079,buy,3,224000.0,0.0,filled
offline_neutral_skip_e2e_20260918,2026-04-24,80,pm,005930,A001,ltb_A001_t079,stb_A001_t080,analysis_A001_t080,decision_A001_t080,fill_A001_t080,ltb_A001_t080,buy,1,219500.0,0.0,filled
offline_neutral_skip_e2e_20260918,2026-04-24,80,pm,005930,A002,ltb_A002_t079,stb_A002_t080,analysis_A002_t080,decision_A002_t080,fill_A002_t080,ltb_A002_t080,buy,1,219500.0,0.0,filled
offline_neutral_skip_e2e_20260918,2026-04-24,80,pm,005930,A003,ltb_A003_t079,stb_A003_t080,analysis_A003_t080,decision_A003_t080,fill_A003_t080,ltb_A003_t080,buy,1,219500.0,0.0,filled
offline_neutral_skip_e2e_20260918,2026-04-24,80,pm,005930,A004,ltb_A004_t079,stb_A004_t080,analysis_A004_t080,decision_A004_t080,fill_A004_t080,ltb_A004_t080,buy,1,219500.0,0.0,filled
offline_neutral_skip_e2e_20260918,2026-04-24,80,pm,005930,A005,ltb_A005_t079,stb_A005_t080,analysis_A005_t080,decision_A005_t080,fill_A005_t080,ltb_A005_t080,buy,1,219500.0,0.0,filled
offline_neutral_skip_e2e_20260918,2026-04-24,80,pm,005930,A006,ltb_A006_t079,stb_A006_t080,analysis_A006_t080,decision_A006_t080,fill_A006_t080,ltb_A006_t080,buy,1,219500.0,0.0,filled
offline_neutral_skip_e2e_20260918,2026-04-24,80,pm,005930,A007,ltb_A007_t079,stb_A007_t080,analysis_A007_t080,decision_A007_t080,fill_A007_t080,ltb_A007_t080,buy,1,219500.0,0.0,filled
offline_neutral_skip_e2e_20260918,2026-04-27,81,am,005930,A001,ltb_A001_t080,stb_A001_t081,analysis_A001_t081,decision_A001_t081,fill_A001_t081,ltb_A001_t081,buy,1,220000.0,0.0,filled
offline_neutral_skip_e2e_20260918,2026-04-27,81,am,005930,A002,ltb_A002_t080,stb_A002_t081,analysis_A002_t081,decision_A002_t081,fill_A002_t081,ltb_A002_t081,buy,1,220000.0,0.0,filled
offline_neutral_skip_e2e_20260918,2026-04-27,81,am,005930,A003,ltb_A003_t080,stb_A003_t081,analysis_A003_t081,decision_A003_t081,fill_A003_t081,ltb_A003_t081,buy,1,220000.0,0.0,filled
offline_neutral_skip_e2e_20260918,2026-04-27,81,am,005930,A004,ltb_A004_t080,stb_A004_t081,analysis_A004_t081,decision_A004_t081,fill_A004_t081,ltb_A004_t081,buy,1,220000.0,0.0,filled
offline_neutral_skip_e2e_20260918,2026-04-27,81,am,005930,A005,ltb_A005_t080,stb_A005_t081,analysis_A005_t081,decision_A005_t081,fill_A005_t081,ltb_A005_t081,buy,1,220000.0,0.0,filled
offline_neutral_skip_e2e_20260918,2026-04-27,81,am,005930,A006,ltb_A006_t080,stb_A006_t081,analysis_A006_t081,decision_A006_t081,fill_A006_t081,ltb_A006_t081,buy,1,220000.0,0.0,filled
offline_neutral_skip_e2e_20260918,2026-04-27,81,am,005930,A007,ltb_A007_t080,stb_A007_t081,analysis_A007_t081,decision_A007_t081,fill_A007_t081,ltb_A007_t081,buy,1,220000.0,0.0,filled
offline_neutral_skip_e2e_20260918,2026-04-27,82,pm,005930,A001,ltb_A001_t081,stb_A001_t082,analysis_A001_t082,decision_A001_t082,fill_A001_t082,ltb_A001_t082,sell,10,224500.0,0.0,filled
offline_neutral_skip_e2e_20260918,2026-04-27,82,pm,005930,A002,ltb_A002_t081,stb_A002_t082,analysis_A002_t082,decision_A002_t082,fill_A002_t082,ltb_A002_t082,sell,10,224500.0,0.0,filled
offline_neutral_skip_e2e_20260918,2026-04-27,82,pm,005930,A003,ltb_A003_t081,stb_A003_t082,analysis_A003_t082,decision_A003_t082,fill_A003_t082,ltb_A003_t082,sell,10,224500.0,0.0,filled
offline_neutral_skip_e2e_20260918,2026-04-27,82,pm,005930,A004,ltb_A004_t081,stb_A004_t082,analysis_A004_t082,decision_A004_t082,fill_A004_t082,ltb_A004_t082,sell,10,224500.0,0.0,filled
offline_neutral_skip_e2e_20260918,2026-04-27,82,pm,005930,A005,ltb_A005_t081,stb_A005_t082,analysis_A005_t082,decision_A005_t082,fill_A005_t082,ltb_A005_t082,sell,10,224500.0,0.0,filled
offline_neutral_skip_e2e_20260918,2026-04-27,82,pm,005930,A006,ltb_A006_t081,stb_A006_t082,analysis_A006_t082,decision_A006_t082,fill_A006_t082,ltb_A006_t082,sell,10,224500.0,0.0,filled
offline_neutral_skip_e2e_20260918,2026-04-27,82,pm,005930,A007,ltb_A007_t081,stb_A007_t082,analysis_A007_t082,decision_A007_t082,fill_A007_t082,ltb_A007_t082,sell,10,224500.0,0.0,filled
offline_neutral_skip_e2e_20260918,2026-04-28,83,am,005930,A001,ltb_A001_t082,stb_A001_t083,analysis_A001_t083,decision_A001_t083,fill_A001_t083,ltb_A001_t083,buy,5,224000.0,0.0,filled
offline_neutral_skip_e2e_20260918,2026-04-28,83,am,005930,A002,ltb_A002_t082,stb_A002_t083,analysis_A002_t083,decision_A002_t083,fill_A002_t083,ltb_A002_t083,buy,5,224000.0,0.0,filled
offline_neutral_skip_e2e_20260918,2026-04-28,83,am,005930,A003,ltb_A003_t082,stb_A003_t083,analysis_A003_t083,decision_A003_t083,fill_A003_t083,ltb_A003_t083,buy,5,224000.0,0.0,filled
offline_neutral_skip_e2e_20260918,2026-04-28,83,am,005930,A004,ltb_A004_t082,stb_A004_t083,analysis_A004_t083,decision_A004_t083,fill_A004_t083,ltb_A004_t083,buy,5,224000.0,0.0,filled
offline_neutral_skip_e2e_20260918,2026-04-28,83,am,005930,A005,ltb_A005_t082,stb_A005_t083,analysis_A005_t083,decision_A005_t083,fill_A005_t083,ltb_A005_t083,buy,5,224000.0,0.0,filled
offline_neutral_skip_e2e_20260918,2026-04-28,83,am,005930,A006,ltb_A006_t082,stb_A006_t083,analysis_A006_t083,decision_A006_t083,fill_A006_t083,ltb_A006_t083,buy,5,224000.0,0.0,filled
offline_neutral_skip_e2e_20260918,2026-04-28,83,am,005930,A007,ltb_A007_t082,stb_A007_t083,analysis_A007_t083,decision_A007_t083,fill_A007_t083,ltb_A007_t083,buy,5,224000.0,0.0,filled
offline_neutral_skip_e2e_20260918,2026-04-28,84,pm,005930,A001,ltb_A001_t083,stb_A001_t084,analysis_A001_t084,decision_A001_t084,fill_A001_t084,ltb_A001_t084,buy,3,222000.0,0.0,filled
offline_neutral_skip_e2e_20260918,2026-04-28,84,pm,005930,A002,ltb_A002_t083,stb_A002_t084,analysis_A002_t084,decision_A002_t084,fill_A002_t084,ltb_A002_t084,buy,3,222000.0,0.0,filled
offline_neutral_skip_e2e_20260918,2026-04-28,84,pm,005930,A003,ltb_A003_t083,stb_A003_t084,analysis_A003_t084,decision_A003_t084,fill_A003_t084,ltb_A003_t084,buy,3,222000.0,0.0,filled
offline_neutral_skip_e2e_20260918,2026-04-28,84,pm,005930,A004,ltb_A004_t083,stb_A004_t084,analysis_A004_t084,decision_A004_t084,fill_A004_t084,ltb_A004_t084,buy,3,222000.0,0.0,filled
offline_neutral_skip_e2e_20260918,2026-04-28,84,pm,005930,A005,ltb_A005_t083,stb_A005_t084,analysis_A005_t084,decision_A005_t084,fill_A005_t084,ltb_A005_t084,buy,3,222000.0,0.0,filled
offline_neutral_skip_e2e_20260918,2026-04-28,84,pm,005930,A006,ltb_A006_t083,stb_A006_t084,analysis_A006_t084,decision_A006_t084,fill_A006_t084,ltb_A006_t084,buy,3,222000.0,0.0,filled
offline_neutral_skip_e2e_20260918,2026-04-28,84,pm,005930,A007,ltb_A007_t083,stb_A007_t084,analysis_A007_t084,decision_A007_t084,fill_A007_t084,ltb_A007_t084,buy,3,222000.0,0.0,filled
offline_neutral_skip_e2e_20260918,2026-04-29,85,am,005930,A001,ltb_A001_t084,stb_A001_t085,analysis_A001_t085,decision_A001_t085,fill_A001_t085,ltb_A001_t085,buy,1,219500.0,0.0,filled
offline_neutral_skip_e2e_20260918,2026-04-29,85,am,005930,A002,ltb_A002_t084,stb_A002_t085,analysis_A002_t085,decision_A002_t085,fill_A002_t085,ltb_A002_t085,buy,1,219500.0,0.0,filled
offline_neutral_skip_e2e_20260918,2026-04-29,85,am,005930,A003,ltb_A003_t084,stb_A003_t085,analysis_A003_t085,decision_A003_t085,fill_A003_t085,ltb_A003_t085,buy,1,219500.0,0.0,filled
offline_neutral_skip_e2e_20260918,2026-04-29,85,am,005930,A004,ltb_A004_t084,stb_A004_t085,analysis_A004_t085,decision_A004_t085,fill_A004_t085,ltb_A004_t085,buy,1,219500.0,0.0,filled
offline_neutral_skip_e2e_20260918,2026-04-29,85,am,005930,A005,ltb_A005_t084,stb_A005_t085,analysis_A005_t085,decision_A005_t085,fill_A005_t085,ltb_A005_t085,buy,1,219500.0,0.0,filled
offline_neutral_skip_e2e_20260918,2026-04-29,85,am,005930,A006,ltb_A006_t084,stb_A006_t085,analysis_A006_t085,decision_A006_t085,fill_A006_t085,ltb_A006_t085,buy,1,219500.0,0.0,filled
offline_neutral_skip_e2e_20260918,2026-04-29,85,am,005930,A007,ltb_A007_t084,stb_A007_t085,analysis_A007_t085,decision_A007_t085,fill_A007_t085,ltb_A007_t085,buy,1,219500.0,0.0,filled
offline_neutral_skip_e2e_20260918,2026-04-29,86,pm,005930,A001,ltb_A001_t085,stb_A001_t086,analysis_A001_t086,decision_A001_t086,fill_A001_t086,ltb_A001_t086,buy,1,226000.0,0.0,filled
offline_neutral_skip_e2e_20260918,2026-04-29,86,pm,005930,A002,ltb_A002_t085,stb_A002_t086,analysis_A002_t086,decision_A002_t086,fill_A002_t086,ltb_A002_t086,buy,1,226000.0,0.0,filled
offline_neutral_skip_e2e_20260918,2026-04-29,86,pm,005930,A003,ltb_A003_t085,stb_A003_t086,analysis_A003_t086,decision_A003_t086,fill_A003_t086,ltb_A003_t086,buy,1,226000.0,0.0,filled
offline_neutral_skip_e2e_20260918,2026-04-29,86,pm,005930,A004,ltb_A004_t085,stb_A004_t086,analysis_A004_t086,decision_A004_t086,fill_A004_t086,ltb_A004_t086,buy,1,226000.0,0.0,filled
offline_neutral_skip_e2e_20260918,2026-04-29,86,pm,005930,A005,ltb_A005_t085,stb_A005_t086,analysis_A005_t086,decision_A005_t086,fill_A005_t086,ltb_A005_t086,buy,1,226000.0,0.0,filled
offline_neutral_skip_e2e_20260918,2026-04-29,86,pm,005930,A006,ltb_A006_t085,stb_A006_t086,analysis_A006_t086,decision_A006_t086,fill_A006_t086,ltb_A006_t086,buy,1,226000.0,0.0,filled
offline_neutral_skip_e2e_20260918,2026-04-29,86,pm,005930,A007,ltb_A007_t085,stb_A007_t086,analysis_A007_t086,decision_A007_t086,fill_A007_t086,ltb_A007_t086,buy,1,226000.0,0.0,filled
offline_neutral_skip_e2e_20260918,2026-04-30,87,am,005930,A001,ltb_A001_t086,stb_A001_t087,analysis_A001_t087,decision_A001_t087,fill_A001_t087,ltb_A001_t087,sell,10,229000.0,0.0,filled
offline_neutral_skip_e2e_20260918,2026-04-30,87,am,005930,A002,ltb_A002_t086,stb_A002_t087,analysis_A002_t087,decision_A002_t087,fill_A002_t087,ltb_A002_t087,sell,10,229000.0,0.0,filled
offline_neutral_skip_e2e_20260918,2026-04-30,87,am,005930,A003,ltb_A003_t086,stb_A003_t087,analysis_A003_t087,decision_A003_t087,fill_A003_t087,ltb_A003_t087,sell,10,229000.0,0.0,filled
offline_neutral_skip_e2e_20260918,2026-04-30,87,am,005930,A004,ltb_A004_t086,stb_A004_t087,analysis_A004_t087,decision_A004_t087,fill_A004_t087,ltb_A004_t087,sell,10,229000.0,0.0,filled
offline_neutral_skip_e2e_20260918,2026-04-30,87,am,005930,A005,ltb_A005_t086,stb_A005_t087,analysis_A005_t087,decision_A005_t087,fill_A005_t087,ltb_A005_t087,sell,10,229000.0,0.0,filled
offline_neutral_skip_e2e_20260918,2026-04-30,87,am,005930,A006,ltb_A006_t086,stb_A006_t087,analysis_A006_t087,decision_A006_t087,fill_A006_t087,ltb_A006_t087,sell,10,229000.0,0.0,filled
offline_neutral_skip_e2e_20260918,2026-04-30,87,am,005930,A007,ltb_A007_t086,stb_A007_t087,analysis_A007_t087,decision_A007_t087,fill_A007_t087,ltb_A007_t087,sell,10,229000.0,0.0,filled
offline_neutral_skip_e2e_20260918,2026-04-30,88,pm,005930,A001,ltb_A001_t087,stb_A001_t088,analysis_A001_t088,decision_A001_t088,fill_A001_t088,ltb_A001_t088,buy,6,220500.0,0.0,filled
offline_neutral_skip_e2e_20260918,2026-04-30,88,pm,005930,A002,ltb_A002_t087,stb_A002_t088,analysis_A002_t088,decision_A002_t088,fill_A002_t088,ltb_A002_t088,buy,6,220500.0,0.0,filled
offline_neutral_skip_e2e_20260918,2026-04-30,88,pm,005930,A003,ltb_A003_t087,stb_A003_t088,analysis_A003_t088,decision_A003_t088,fill_A003_t088,ltb_A003_t088,buy,6,220500.0,0.0,filled
offline_neutral_skip_e2e_20260918,2026-04-30,88,pm,005930,A004,ltb_A004_t087,stb_A004_t088,analysis_A004_t088,decision_A004_t088,fill_A004_t088,ltb_A004_t088,buy,6,220500.0,0.0,filled
offline_neutral_skip_e2e_20260918,2026-04-30,88,pm,005930,A005,ltb_A005_t087,stb_A005_t088,analysis_A005_t088,decision_A005_t088,fill_A005_t088,ltb_A005_t088,buy,6,220500.0,0.0,filled
offline_neutral_skip_e2e_20260918,2026-04-30,88,pm,005930,A006,ltb_A006_t087,stb_A006_t088,analysis_A006_t088,decision_A006_t088,fill_A006_t088,ltb_A006_t088,buy,6,220500.0,0.0,filled
offline_neutral_skip_e2e_20260918,2026-04-30,88,pm,005930,A007,ltb_A007_t087,stb_A007_t088,analysis_A007_t088,decision_A007_t088,fill_A007_t088,ltb_A007_t088,buy,6,220500.0,0.0,filled
offline_neutral_skip_e2e_20260918,2026-05-04,89,am,005930,A001,ltb_A001_t088,stb_A001_t089,analysis_A001_t089,decision_A001_t089,fill_A001_t089,ltb_A001_t089,buy,2,228000.0,0.0,filled
offline_neutral_skip_e2e_20260918,2026-05-04,89,am,005930,A002,ltb_A002_t088,stb_A002_t089,analysis_A002_t089,decision_A002_t089,fill_A002_t089,ltb_A002_t089,buy,2,228000.0,0.0,filled
offline_neutral_skip_e2e_20260918,2026-05-04,89,am,005930,A003,ltb_A003_t088,stb_A003_t089,analysis_A003_t089,decision_A003_t089,fill_A003_t089,ltb_A003_t089,buy,2,228000.0,0.0,filled
offline_neutral_skip_e2e_20260918,2026-05-04,89,am,005930,A004,ltb_A004_t088,stb_A004_t089,analysis_A004_t089,decision_A004_t089,fill_A004_t089,ltb_A004_t089,buy,2,228000.0,0.0,filled
offline_neutral_skip_e2e_20260918,2026-05-04,89,am,005930,A005,ltb_A005_t088,stb_A005_t089,analysis_A005_t089,decision_A005_t089,fill_A005_t089,ltb_A005_t089,buy,2,228000.0,0.0,filled
offline_neutral_skip_e2e_20260918,2026-05-04,89,am,005930,A006,ltb_A006_t088,stb_A006_t089,analysis_A006_t089,decision_A006_t089,fill_A006_t089,ltb_A006_t089,buy,2,228000.0,0.0,filled
offline_neutral_skip_e2e_20260918,2026-05-04,89,am,005930,A007,ltb_A007_t088,stb_A007_t089,analysis_A007_t089,decision_A007_t089,fill_A007_t089,ltb_A007_t089,buy,2,228000.0,0.0,filled
offline_neutral_skip_e2e_20260918,2026-05-04,90,pm,005930,A001,ltb_A001_t089,stb_A001_t090,analysis_A001_t090,decision_A001_t090,fill_A001_t090,ltb_A001_t090,buy,1,232500.0,0.0,filled
offline_neutral_skip_e2e_20260918,2026-05-04,90,pm,005930,A002,ltb_A002_t089,stb_A002_t090,analysis_A002_t090,decision_A002_t090,fill_A002_t090,ltb_A002_t090,buy,1,232500.0,0.0,filled
offline_neutral_skip_e2e_20260918,2026-05-04,90,pm,005930,A003,ltb_A003_t089,stb_A003_t090,analysis_A003_t090,decision_A003_t090,fill_A003_t090,ltb_A003_t090,buy,1,232500.0,0.0,filled
offline_neutral_skip_e2e_20260918,2026-05-04,90,pm,005930,A004,ltb_A004_t089,stb_A004_t090,analysis_A004_t090,decision_A004_t090,fill_A004_t090,ltb_A004_t090,buy,1,232500.0,0.0,filled
offline_neutral_skip_e2e_20260918,2026-05-04,90,pm,005930,A005,ltb_A005_t089,stb_A005_t090,analysis_A005_t090,decision_A005_t090,fill_A005_t090,ltb_A005_t090,buy,1,232500.0,0.0,filled
offline_neutral_skip_e2e_20260918,2026-05-04,90,pm,005930,A006,ltb_A006_t089,stb_A006_t090,analysis_A006_t090,decision_A006_t090,fill_A006_t090,ltb_A006_t090,buy,1,232500.0,0.0,filled
offline_neutral_skip_e2e_20260918,2026-05-04,90,pm,005930,A007,ltb_A007_t089,stb_A007_t090,analysis_A007_t090,decision_A007_t090,fill_A007_t090,ltb_A007_t090,buy,1,232500.0,0.0,filled
